<?xml version="1.0" encoding="UTF-8"?>
<COLLADA xmlns="http://www.collada.org/2005/11/COLLADASchema" version="1.4.1">
<asset><contributor><authoring_tool>Summit Estate procedural mesh exporter</authoring_tool></contributor><created>2026-09-11T00:00:00Z</created><modified>2026-09-11T00:00:00Z</modified><unit name="meter" meter="1"/><up_axis>Z_UP</up_axis></asset>
<library_geometries><geometry id="geometry" name="geometry"><mesh>
<source id="positions"><float_array id="positions-array" count="22110">-119.29436 -24.41930 49.84146 -117.29102 -26.39418 49.84146 -114.57906 -25.64669 49.84146 -113.87042 -22.92431 49.84146 -115.87376 -20.94942 49.84146 -118.58573 -21.69692 49.84146 -116.58239 -23.67180 61.60437 -116.58239 -23.67180 49.84146 -116.28239 -23.67180 47.00703 -116.43239 -23.41200 47.00703 -116.73239 -23.41200 47.00703 -116.88239 -23.67180 47.00703 -116.73239 -23.93161 47.00703 -116.43239 -23.93161 47.00703 -116.28239 -23.67180 52.39245 -116.43239 -23.41200 52.39245 -116.73239 -23.41200 52.39245 -116.88239 -23.67180 52.39245 -116.73239 -23.93161 52.39245 -116.43239 -23.93161 52.39245 -116.58239 -23.67180 47.00703 -116.58239 -23.67180 52.39245 -87.89681 -112.39428 45.83366 -85.45365 -109.41413 45.83366 -86.81296 -105.80821 45.83366 -90.61543 -105.18244 45.83366 -93.05859 -108.16260 45.83366 -91.69928 -111.76851 45.83366 -89.25612 -108.78836 60.76171 -89.25612 -108.78836 45.83366 -88.95612 -108.78836 42.23654 -89.10612 -108.52855 42.23654 -89.40612 -108.52855 42.23654 -89.55612 -108.78836 42.23654 -89.40612 -109.04817 42.23654 -89.10612 -109.04817 42.23654 -88.95612 -108.78836 49.07107 -89.10612 -108.52855 49.07107 -89.40612 -108.52855 49.07107 -89.55612 -108.78836 49.07107 -89.40612 -109.04817 49.07107 -89.10612 -109.04817 49.07107 -89.25612 -108.78836 42.23654 -89.25612 -108.78836 49.07107 -164.24213 -100.28943 43.54870 -161.11633 -96.73034 43.54870 -162.63570 -92.24377 43.54870 -167.28087 -91.31629 43.54870 -170.40667 -94.87539 43.54870 -168.88730 -99.36196 43.54870 -165.76150 -95.80286 60.89423 -165.76150 -95.80286 43.54870 -165.46150 -95.80286 39.36905 -165.61150 -95.54306 39.36905 -165.91150 -95.54306 39.36905 -166.06150 -95.80286 39.36905 -165.91150 -96.06267 39.36905 -165.61150 -96.06267 39.36905 -165.46150 -95.80286 47.31038 -165.61150 -95.54306 47.31038 -165.91150 -95.54306 47.31038 -166.06150 -95.80286 47.31038 -165.91150 -96.06267 47.31038 -165.61150 -96.06267 47.31038 -165.76150 -95.80286 39.36905 -165.76150 -95.80286 47.31038 -114.73227 -198.04382 49.26519 -112.65614 -200.22397 49.26519 -109.73002 -199.51607 49.26519 -108.88001 -196.62802 49.26519 -110.95614 -194.44787 49.26519 -113.88227 -195.15577 49.26519 -111.80614 -197.33592 66.24241 -111.80614 -197.33592 49.26519 -111.50614 -197.33592 45.17429 -111.65614 -197.07611 45.17429 -111.95614 -197.07611 45.17429 -112.10614 -197.33592 45.17429 -111.95614 -197.59573 45.17429 -111.65614 -197.59573 45.17429 -111.50614 -197.33592 52.94700 -111.65614 -197.07611 52.94700 -111.95614 -197.07611 52.94700 -112.10614 -197.33592 52.94700 -111.95614 -197.59573 52.94700 -111.65614 -197.59573 52.94700 -111.80614 -197.33592 45.17429 -111.80614 -197.33592 52.94700 -182.23823 -35.92850 42.02329 -182.96056 -32.15927 42.02329 -186.58598 -30.90021 42.02329 -189.48906 -33.41038 42.02329 -188.76673 -37.17961 42.02329 -185.14131 -38.43867 42.02329 -185.86365 -34.66944 55.74333 -185.86365 -34.66944 42.02329 -185.56365 -34.66944 38.71726 -185.71365 -34.40963 38.71726 -186.01365 -34.40963 38.71726 -186.16365 -34.66944 38.71726 -186.01365 -34.92925 38.71726 -185.71365 -34.92925 38.71726 -185.56365 -34.66944 44.99872 -185.71365 -34.40963 44.99872 -186.01365 -34.40963 44.99872 -186.16365 -34.66944 44.99872 -186.01365 -34.92925 44.99872 -185.71365 -34.92925 44.99872 -185.86365 -34.66944 38.71726 -185.86365 -34.66944 44.99872 -163.77256 -164.84982 48.71627 -163.47566 -169.04309 48.71627 -159.69573 -170.88261 48.71627 -156.21269 -168.52885 48.71627 -156.50959 -164.33558 48.71627 -160.28952 -162.49606 48.71627 -159.99262 -166.68934 59.47016 -159.99262 -166.68934 48.71627 -159.69262 -166.68934 46.12498 -159.84262 -166.42953 46.12498 -160.14262 -166.42953 46.12498 -160.29262 -166.68934 46.12498 -160.14262 -166.94914 46.12498 -159.84262 -166.94914 46.12498 -159.69262 -166.68934 51.04844 -159.84262 -166.42953 51.04844 -160.14262 -166.42953 51.04844 -160.29262 -166.68934 51.04844 -160.14262 -166.94914 51.04844 -159.84262 -166.94914 51.04844 -159.99262 -166.68934 46.12498 -159.99262 -166.68934 51.04844 -137.27913 -42.57199 45.70473 -133.72515 -45.75440 45.70473 -129.19211 -44.26777 45.70473 -128.21305 -39.59873 45.70473 -131.76703 -36.41632 45.70473 -136.30007 -37.90295 45.70473 -132.74609 -41.08536 59.23750 -132.74609 -41.08536 45.70473 -132.44609 -41.08536 42.44383 -132.59609 -40.82555 42.44383 -132.89609 -40.82555 42.44383 -133.04609 -41.08536 42.44383 -132.89609 -41.34517 42.44383 -132.59609 -41.34517 42.44383 -132.44609 -41.08536 48.63955 -132.59609 -40.82555 48.63955 -132.89609 -40.82555 48.63955 -133.04609 -41.08536 48.63955 -132.89609 -41.34517 48.63955 -132.59609 -41.34517 48.63955 -132.74609 -41.08536 42.44383 -132.74609 -41.08536 48.63955 -108.38762 -159.03122 43.90811 -105.20171 -158.71213 43.90811 -103.88509 -155.79351 43.90811 -105.75439 -153.19398 43.90811 -108.94030 -153.51307 43.90811 -110.25691 -156.43169 43.90811 -107.07100 -156.11260 60.11621 -107.07100 -156.11260 43.90811 -106.77100 -156.11260 40.00255 -106.92100 -155.85279 40.00255 -107.22100 -155.85279 40.00255 -107.37100 -156.11260 40.00255 -107.22100 -156.37241 40.00255 -106.92100 -156.37241 40.00255 -106.77100 -156.11260 47.42312 -106.92100 -155.85279 47.42312 -107.22100 -155.85279 47.42312 -107.37100 -156.11260 47.42312 -107.22100 -156.37241 47.42312 -106.92100 -156.37241 47.42312 -107.07100 -156.11260 40.00255 -107.07100 -156.11260 47.42312 -9.67722 -218.56121 40.13773 -11.64243 -221.07636 40.13773 -10.44685 -224.03584 40.13773 -7.28607 -224.48019 40.13773 -5.32086 -221.96504 40.13773 -6.51644 -219.00555 40.13773 -8.48165 -221.52070 54.24249 -8.48165 -221.52070 40.13773 -8.18165 -221.52070 36.73900 -8.33165 -221.26089 36.73900 -8.63165 -221.26089 36.73900 -8.78165 -221.52070 36.73900 -8.63165 -221.78051 36.73900 -8.33165 -221.78051 36.73900 -8.18165 -221.52070 43.19659 -8.33165 -221.26089 43.19659 -8.63165 -221.26089 43.19659 -8.78165 -221.52070 43.19659 -8.63165 -221.78051 43.19659 -8.33165 -221.78051 43.19659 -8.48165 -221.52070 36.73900 -8.48165 -221.52070 43.19659 -129.92642 -201.15960 49.17820 -131.28302 -197.22422 49.17820 -135.36946 -196.43139 49.17820 -138.09929 -199.57393 49.17820 -136.74269 -203.50930 49.17820 -132.65625 -204.30214 49.17820 -134.01285 -200.36676 58.84393 -134.01285 -200.36676 49.17820 -133.71285 -200.36676 46.84911 -133.86285 -200.10696 46.84911 -134.16285 -200.10696 46.84911 -134.31285 -200.36676 46.84911 -134.16285 -200.62657 46.84911 -133.86285 -200.62657 46.84911 -133.71285 -200.36676 51.27438 -133.86285 -200.10696 51.27438 -134.16285 -200.10696 51.27438 -134.31285 -200.36676 51.27438 -134.16285 -200.62657 51.27438 -133.86285 -200.62657 51.27438 -134.01285 -200.36676 46.84911 -134.01285 -200.36676 51.27438 -95.46712 -42.98501 56.36551 -97.09116 -45.06642 56.36551 -96.10063 -47.51358 56.36551 -93.48606 -47.87933 56.36551 -91.86202 -45.79792 56.36551 -92.85255 -43.35076 56.36551 -94.47659 -45.43217 70.58781 -94.47659 -45.43217 56.36551 -94.17659 -45.43217 52.93845 -94.32659 -45.17236 52.93845 -94.62659 -45.17236 52.93845 -94.77659 -45.43217 52.93845 -94.62659 -45.69198 52.93845 -94.32659 -45.69198 52.93845 -94.17659 -45.43217 59.44987 -94.32659 -45.17236 59.44987 -94.62659 -45.17236 59.44987 -94.77659 -45.43217 59.44987 -94.62659 -45.69198 59.44987 -94.32659 -45.69198 59.44987 -94.47659 -45.43217 52.93845 -94.47659 -45.43217 59.44987 -237.72541 -128.75319 44.72359 -236.82802 -124.98673 44.72359 -239.64118 -122.32633 44.72359 -243.35173 -123.43240 44.72359 -244.24912 -127.19887 44.72359 -241.43596 -129.85926 44.72359 -240.53857 -126.09280 53.16001 -240.53857 -126.09280 44.72359 -240.23857 -126.09280 42.69072 -240.38857 -125.83299 42.69072 -240.68857 -125.83299 42.69072 -240.83857 -126.09280 42.69072 -240.68857 -126.35261 42.69072 -240.38857 -126.35261 42.69072 -240.23857 -126.09280 46.55318 -240.38857 -125.83299 46.55318 -240.68857 -125.83299 46.55318 -240.83857 -126.09280 46.55318 -240.68857 -126.35261 46.55318 -240.38857 -126.35261 46.55318 -240.53857 -126.09280 42.69072 -240.53857 -126.09280 46.55318 -109.95358 -64.86766 44.46997 -114.62046 -66.18688 44.46997 -115.81142 -70.88812 44.46997 -112.33550 -74.27015 44.46997 -107.66862 -72.95093 44.46997 -106.47766 -68.24969 44.46997 -111.14454 -69.56891 53.96132 -111.14454 -69.56891 44.46997 -110.84454 -69.56891 42.18290 -110.99454 -69.30910 42.18290 -111.29454 -69.30910 42.18290 -111.44454 -69.56891 42.18290 -111.29454 -69.82871 42.18290 -110.99454 -69.82871 42.18290 -110.84454 -69.56891 46.52833 -110.99454 -69.30910 46.52833 -111.29454 -69.30910 46.52833 -111.44454 -69.56891 46.52833 -111.29454 -69.82871 46.52833 -110.99454 -69.82871 46.52833 -111.14454 -69.56891 42.18290 -111.14454 -69.56891 46.52833 -46.05834 -107.79179 51.03643 -47.33852 -111.90200 51.03643 -44.41906 -115.06578 51.03643 -40.21942 -114.11934 51.03643 -38.93925 -110.00912 51.03643 -41.85871 -106.84535 51.03643 -43.13888 -110.95556 61.78937 -43.13888 -110.95556 51.03643 -42.83888 -110.95556 48.44536 -42.98888 -110.69576 48.44536 -43.28888 -110.69576 48.44536 -43.43888 -110.95556 48.44536 -43.28888 -111.21537 48.44536 -42.98888 -111.21537 48.44536 -42.83888 -110.95556 53.36839 -42.98888 -110.69576 53.36839 -43.28888 -110.69576 53.36839 -43.43888 -110.95556 53.36839 -43.28888 -111.21537 53.36839 -42.98888 -111.21537 53.36839 -43.13888 -110.95556 48.44536 -43.13888 -110.95556 53.36839 -241.87170 -52.92032 51.44887 -243.51071 -56.18624 51.44887 -241.50184 -59.23863 51.44887 -237.85396 -59.02509 51.44887 -236.21496 -55.75916 51.44887 -238.22383 -52.70678 51.44887 -239.86283 -55.97270 65.24295 -239.86283 -55.97270 51.44887 -239.56283 -55.97270 48.12499 -239.71283 -55.71289 48.12499 -240.01283 -55.71289 48.12499 -240.16283 -55.97270 48.12499 -240.01283 -56.23251 48.12499 -239.71283 -56.23251 48.12499 -239.56283 -55.97270 54.44035 -239.71283 -55.71289 54.44035 -240.01283 -55.71289 54.44035 -240.16283 -55.97270 54.44035 -240.01283 -56.23251 54.44035 -239.71283 -56.23251 54.44035 -239.86283 -55.97270 48.12499 -239.86283 -55.97270 54.44035 -146.11741 -207.66456 49.36712 -147.30355 -204.14313 49.36712 -150.94626 -203.40965 49.36712 -153.40284 -206.19759 49.36712 -152.21670 -209.71902 49.36712 -148.57398 -210.45250 49.36712 -149.76012 -206.93108 64.16871 -149.76012 -206.93108 49.36712 -149.46012 -206.93108 45.80047 -149.61012 -206.67127 45.80047 -149.91012 -206.67127 45.80047 -150.06012 -206.93108 45.80047 -149.91012 -207.19088 45.80047 -149.61012 -207.19088 45.80047 -149.46012 -206.93108 52.57710 -149.61012 -206.67127 52.57710 -149.91012 -206.67127 52.57710 -150.06012 -206.93108 52.57710 -149.91012 -207.19088 52.57710 -149.61012 -207.19088 52.57710 -149.76012 -206.93108 45.80047 -149.76012 -206.93108 52.57710 -207.11251 -78.23406 47.18090 -208.54903 -74.60213 47.18090 -212.41263 -74.03023 47.18090 -214.83971 -77.09025 47.18090 -213.40319 -80.72218 47.18090 -209.53959 -81.29408 47.18090 -210.97611 -77.66216 57.88058 -210.97611 -77.66216 47.18090 -210.67611 -77.66216 44.60266 -210.82611 -77.40235 44.60266 -211.12611 -77.40235 44.60266 -211.27611 -77.66216 44.60266 -211.12611 -77.92196 44.60266 -210.82611 -77.92196 44.60266 -210.67611 -77.66216 49.50131 -210.82611 -77.40235 49.50131 -211.12611 -77.40235 49.50131 -211.27611 -77.66216 49.50131 -211.12611 -77.92196 49.50131 -210.82611 -77.92196 49.50131 -210.97611 -77.66216 44.60266 -210.97611 -77.66216 49.50131 -67.51347 -27.99248 78.56906 -63.13197 -28.62659 78.56906 -60.39206 -25.14915 78.56906 -62.03367 -21.03760 78.56906 -66.41517 -20.40350 78.56906 -69.15507 -23.88094 78.56906 -64.77357 -24.51504 95.78676 -64.77357 -24.51504 78.56906 -64.47357 -24.51504 74.42022 -64.62357 -24.25523 74.42022 -64.92357 -24.25523 74.42022 -65.07357 -24.51504 74.42022 -64.92357 -24.77485 74.42022 -64.62357 -24.77485 74.42022 -64.47357 -24.51504 82.30302 -64.62357 -24.25523 82.30302 -64.92357 -24.25523 82.30302 -65.07357 -24.51504 82.30302 -64.92357 -24.77485 82.30302 -64.62357 -24.77485 82.30302 -64.77357 -24.51504 74.42022 -64.77357 -24.51504 82.30302 -187.44501 -193.89651 45.42582 -189.03048 -196.57744 45.42582 -187.50147 -199.29096 45.42582 -184.38698 -199.32356 45.42582 -182.80150 -196.64263 45.42582 -184.33052 -193.92911 45.42582 -185.91599 -196.61003 60.57593 -185.91599 -196.61003 45.42582 -185.61599 -196.61003 41.77519 -185.76599 -196.35023 41.77519 -186.06599 -196.35023 41.77519 -186.21599 -196.61003 41.77519 -186.06599 -196.86984 41.77519 -185.76599 -196.86984 41.77519 -185.61599 -196.61003 48.71139 -185.76599 -196.35023 48.71139 -186.06599 -196.35023 48.71139 -186.21599 -196.61003 48.71139 -186.06599 -196.86984 48.71139 -185.76599 -196.86984 48.71139 -185.91599 -196.61003 41.77519 -185.91599 -196.61003 48.71139 -251.23161 -70.66413 51.37150 -250.19356 -73.60917 51.37150 -247.12407 -74.18271 51.37150 -245.09261 -71.81122 51.37150 -246.13066 -68.86619 51.37150 -249.20015 -68.29264 51.37150 -248.16211 -71.23768 62.20068 -248.16211 -71.23768 51.37150 -247.86211 -71.23768 48.76206 -248.01211 -70.97787 48.76206 -248.31211 -70.97787 48.76206 -248.46211 -71.23768 48.76206 -248.31211 -71.49748 48.76206 -248.01211 -71.49748 48.76206 -247.86211 -71.23768 53.72000 -248.01211 -70.97787 53.72000 -248.31211 -70.97787 53.72000 -248.46211 -71.23768 53.72000 -248.31211 -71.49748 53.72000 -248.01211 -71.49748 53.72000 -248.16211 -71.23768 48.76206 -248.16211 -71.23768 53.72000 -207.56029 -134.70881 47.88306 -210.95876 -135.03143 47.88306 -212.37859 -138.13590 47.88306 -210.39996 -140.91775 47.88306 -207.00149 -140.59513 47.88306 -205.58166 -137.49066 47.88306 -208.98012 -137.81328 62.50006 -208.98012 -137.81328 47.88306 -208.68012 -137.81328 44.36089 -208.83012 -137.55347 44.36089 -209.13012 -137.55347 44.36089 -209.28012 -137.81328 44.36089 -209.13012 -138.07309 44.36089 -208.83012 -138.07309 44.36089 -208.68012 -137.81328 51.05301 -208.83012 -137.55347 51.05301 -209.13012 -137.55347 51.05301 -209.28012 -137.81328 51.05301 -209.13012 -138.07309 51.05301 -208.83012 -138.07309 51.05301 -208.98012 -137.81328 44.36089 -208.98012 -137.81328 51.05301 -225.49981 -228.66223 45.44840 -227.93166 -231.18331 45.44840 -226.96426 -234.54989 45.44840 -223.56502 -235.39539 45.44840 -221.13317 -232.87431 45.44840 -222.10057 -229.50773 45.44840 -224.53241 -232.02881 61.79791 -224.53241 -232.02881 45.44840 -224.23241 -232.02881 41.50875 -224.38241 -231.76901 41.50875 -224.68241 -231.76901 41.50875 -224.83241 -232.02881 41.50875 -224.68241 -232.28862 41.50875 -224.38241 -232.28862 41.50875 -224.23241 -232.02881 48.99407 -224.38241 -231.76901 48.99407 -224.68241 -231.76901 48.99407 -224.83241 -232.02881 48.99407 -224.68241 -232.28862 48.99407 -224.38241 -232.28862 48.99407 -224.53241 -232.02881 41.50875 -224.53241 -232.02881 48.99407 -45.66873 -137.38649 48.70028 -41.10791 -138.57216 48.70028 -37.80068 -135.21520 48.70028 -39.05427 -130.67258 48.70028 -43.61509 -129.48691 48.70028 -46.92232 -132.84387 48.70028 -42.36150 -134.02953 60.47612 -42.36150 -134.02953 48.70028 -42.06150 -134.02953 45.86273 -42.21150 -133.76973 45.86273 -42.51150 -133.76973 45.86273 -42.66150 -134.02953 45.86273 -42.51150 -134.28934 45.86273 -42.21150 -134.28934 45.86273 -42.06150 -134.02953 51.25407 -42.21150 -133.76973 51.25407 -42.51150 -133.76973 51.25407 -42.66150 -134.02953 51.25407 -42.51150 -134.28934 51.25407 -42.21150 -134.28934 51.25407 -42.36150 -134.02953 45.86273 -42.36150 -134.02953 51.25407 -152.36472 -99.77240 40.97716 -154.43446 -101.53139 40.97716 -153.94601 -104.20334 40.97716 -151.38780 -105.11630 40.97716 -149.31806 -103.35731 40.97716 -149.80651 -100.68536 40.97716 -151.87626 -102.44435 51.79928 -151.87626 -102.44435 40.97716 -151.57626 -102.44435 38.36942 -151.72626 -102.18454 38.36942 -152.02626 -102.18454 38.36942 -152.17626 -102.44435 38.36942 -152.02626 -102.70416 38.36942 -151.72626 -102.70416 38.36942 -151.57626 -102.44435 43.32413 -151.72626 -102.18454 43.32413 -152.02626 -102.18454 43.32413 -152.17626 -102.44435 43.32413 -152.02626 -102.70416 43.32413 -151.72626 -102.70416 43.32413 -151.87626 -102.44435 38.36942 -151.87626 -102.44435 43.32413 -107.51768 -98.75166 43.65382 -104.32472 -99.82551 43.65382 -101.79826 -97.59725 43.65382 -102.46476 -94.29514 43.65382 -105.65771 -93.22129 43.65382 -108.18418 -95.44955 43.65382 -104.99122 -96.52340 59.53978 -104.99122 -96.52340 43.65382 -104.69122 -96.52340 39.82588 -104.84122 -96.26359 39.82588 -105.14122 -96.26359 39.82588 -105.29122 -96.52340 39.82588 -105.14122 -96.78321 39.82588 -104.84122 -96.78321 39.82588 -104.69122 -96.52340 47.09897 -104.84122 -96.26359 47.09897 -105.14122 -96.26359 47.09897 -105.29122 -96.52340 47.09897 -105.14122 -96.78321 47.09897 -104.84122 -96.78321 47.09897 -104.99122 -96.52340 39.82588 -104.99122 -96.52340 47.09897 -223.54506 -139.39590 45.43891 -223.13258 -142.28131 45.43891 -220.42749 -143.36680 45.43891 -218.13488 -141.56687 45.43891 -218.54737 -138.68145 45.43891 -221.25246 -137.59596 45.43891 -220.83997 -140.48138 56.26504 -220.83997 -140.48138 45.43891 -220.53997 -140.48138 42.83020 -220.68997 -140.22157 42.83020 -220.98997 -140.22157 42.83020 -221.13997 -140.48138 42.83020 -220.98997 -140.74119 42.83020 -220.68997 -140.74119 42.83020 -220.53997 -140.48138 47.78674 -220.68997 -140.22157 47.78674 -220.98997 -140.22157 47.78674 -221.13997 -140.48138 47.78674 -220.98997 -140.74119 47.78674 -220.68997 -140.74119 47.78674 -220.83997 -140.48138 42.83020 -220.83997 -140.48138 47.78674 -190.67237 -96.19393 45.62311 -193.78585 -99.20767 45.62311 -192.73261 -103.41089 45.62311 -188.56589 -104.60037 45.62311 -185.45241 -101.58663 45.62311 -186.50565 -97.38341 45.62311 -189.61913 -100.39715 54.32134 -189.61913 -100.39715 45.62311 -189.31913 -100.39715 43.52715 -189.46913 -100.13734 43.52715 -189.76913 -100.13734 43.52715 -189.91913 -100.39715 43.52715 -189.76913 -100.65696 43.52715 -189.46913 -100.65696 43.52715 -189.31913 -100.39715 47.50947 -189.46913 -100.13734 47.50947 -189.76913 -100.13734 47.50947 -189.91913 -100.39715 47.50947 -189.76913 -100.65696 47.50947 -189.46913 -100.65696 47.50947 -189.61913 -100.39715 43.52715 -189.61913 -100.39715 47.50947 -142.14543 -159.97468 48.08827 -144.97108 -158.94963 48.08827 -147.27163 -160.88418 48.08827 -146.74653 -163.84380 48.08827 -143.92088 -164.86885 48.08827 -141.62033 -162.93429 48.08827 -144.44598 -161.90924 61.03551 -144.44598 -161.90924 48.08827 -144.14598 -161.90924 44.96845 -144.29598 -161.64943 44.96845 -144.59598 -161.64943 44.96845 -144.74598 -161.90924 44.96845 -144.59598 -162.16905 44.96845 -144.29598 -162.16905 44.96845 -144.14598 -161.90924 50.89611 -144.29598 -161.64943 50.89611 -144.59598 -161.64943 50.89611 -144.74598 -161.90924 50.89611 -144.59598 -162.16905 50.89611 -144.29598 -162.16905 50.89611 -144.44598 -161.90924 44.96845 -144.44598 -161.90924 50.89611 -105.61516 -254.46975 50.04172 -100.88159 -253.57271 50.04172 -99.29167 -249.02479 50.04172 -102.43532 -245.37391 50.04172 -107.16889 -246.27096 50.04172 -108.75882 -250.81888 50.04172 -104.02524 -249.92183 66.03465 -104.02524 -249.92183 50.04172 -103.72524 -249.92183 46.18800 -103.87524 -249.66203 46.18800 -104.17524 -249.66203 46.18800 -104.32524 -249.92183 46.18800 -104.17524 -250.18164 46.18800 -103.87524 -250.18164 46.18800 -103.72524 -249.92183 53.51007 -103.87524 -249.66203 53.51007 -104.17524 -249.66203 53.51007 -104.32524 -249.92183 53.51007 -104.17524 -250.18164 53.51007 -103.87524 -250.18164 53.51007 -104.02524 -249.92183 46.18800 -104.02524 -249.92183 53.51007 -59.02503 -53.77420 74.59905 -56.28222 -49.87206 74.59905 -58.29016 -45.54565 74.59905 -63.04092 -45.12137 74.59905 -65.78373 -49.02351 74.59905 -63.77578 -53.34992 74.59905 -61.03297 -49.44779 83.04758 -61.03297 -49.44779 74.59905 -60.73297 -49.44779 72.56326 -60.88297 -49.18798 72.56326 -61.18297 -49.18798 72.56326 -61.33297 -49.44779 72.56326 -61.18297 -49.70759 72.56326 -60.88297 -49.70759 72.56326 -60.73297 -49.44779 76.43126 -60.88297 -49.18798 76.43126 -61.18297 -49.18798 76.43126 -61.33297 -49.44779 76.43126 -61.18297 -49.70759 76.43126 -60.88297 -49.70759 76.43126 -61.03297 -49.44779 72.56326 -61.03297 -49.44779 76.43126 -15.85267 -93.71910 52.69439 -12.85506 -90.71956 52.69439 -13.95394 -86.62378 52.69439 -18.05043 -85.52754 52.69439 -21.04804 -88.52709 52.69439 -19.94916 -92.62287 52.69439 -16.95155 -89.62332 67.13157 -16.95155 -89.62332 52.69439 -16.65155 -89.62332 49.21555 -16.80155 -89.36351 49.21555 -17.10155 -89.36351 49.21555 -17.25155 -89.62332 49.21555 -17.10155 -89.88313 49.21555 -16.80155 -89.88313 49.21555 -16.65155 -89.62332 55.82534 -16.80155 -89.36351 55.82534 -17.10155 -89.36351 55.82534 -17.25155 -89.62332 55.82534 -17.10155 -89.88313 55.82534 -16.80155 -89.88313 55.82534 -16.95155 -89.62332 49.21555 -16.95155 -89.62332 55.82534 -8.28160 -172.82438 47.66187 -9.31071 -176.64191 47.66187 -6.51918 -179.44191 47.66187 -2.69855 -178.42437 47.66187 -1.66944 -174.60684 47.66187 -4.46097 -171.80685 47.66187 -5.49007 -175.62438 59.34162 -5.49007 -175.62438 47.66187 -5.19007 -175.62438 44.84748 -5.34007 -175.36457 44.84748 -5.64007 -175.36457 44.84748 -5.79007 -175.62438 44.84748 -5.64007 -175.88419 44.84748 -5.34007 -175.88419 44.84748 -5.19007 -175.62438 50.19483 -5.34007 -175.36457 50.19483 -5.64007 -175.36457 50.19483 -5.79007 -175.62438 50.19483 -5.64007 -175.88419 50.19483 -5.34007 -175.88419 50.19483 -5.49007 -175.62438 44.84748 -5.49007 -175.62438 50.19483 -139.22434 -85.02461 40.77187 -137.80802 -89.66567 40.77187 -133.08059 -90.75963 40.77187 -129.76948 -87.21254 40.77187 -131.18579 -82.57148 40.77187 -135.91323 -81.47752 40.77187 -134.49691 -86.11858 55.38231 -134.49691 -86.11858 40.77187 -134.19691 -86.11858 37.25128 -134.34691 -85.85877 37.25128 -134.64691 -85.85877 37.25128 -134.79691 -86.11858 37.25128 -134.64691 -86.37838 37.25128 -134.34691 -86.37838 37.25128 -134.19691 -86.11858 43.94040 -134.34691 -85.85877 43.94040 -134.64691 -85.85877 43.94040 -134.79691 -86.11858 43.94040 -134.64691 -86.37838 43.94040 -134.34691 -86.37838 43.94040 -134.49691 -86.11858 37.25128 -134.49691 -86.11858 43.94040 -32.48523 -106.28254 51.36163 -30.86464 -101.93702 51.36163 -33.81768 -98.36079 51.36163 -38.39130 -99.13008 51.36163 -40.01189 -103.47560 51.36163 -37.05885 -107.05183 51.36163 -35.43826 -102.70631 61.67875 -35.43826 -102.70631 51.36163 -35.13826 -102.70631 48.87557 -35.28826 -102.44650 48.87557 -35.58826 -102.44650 48.87557 -35.73826 -102.70631 48.87557 -35.58826 -102.96612 48.87557 -35.28826 -102.96612 48.87557 -35.13826 -102.70631 53.59907 -35.28826 -102.44650 53.59907 -35.58826 -102.44650 53.59907 -35.73826 -102.70631 53.59907 -35.58826 -102.96612 53.59907 -35.28826 -102.96612 53.59907 -35.43826 -102.70631 48.87557 -35.43826 -102.70631 53.59907 -157.70112 -54.43459 39.54535 -158.34280 -51.19233 39.54535 -161.47152 -50.12691 39.54535 -163.95856 -52.30375 39.54535 -163.31688 -55.54601 39.54535 -160.18816 -56.61143 39.54535 -160.82984 -53.36917 48.56884 -160.82984 -53.36917 39.54535 -160.52984 -53.36917 37.37102 -160.67984 -53.10936 37.37102 -160.97984 -53.10936 37.37102 -161.12984 -53.36917 37.37102 -160.97984 -53.62898 37.37102 -160.67984 -53.62898 37.37102 -160.52984 -53.36917 41.50225 -160.67984 -53.10936 41.50225 -160.97984 -53.10936 41.50225 -161.12984 -53.36917 41.50225 -160.97984 -53.62898 41.50225 -160.67984 -53.62898 41.50225 -160.82984 -53.36917 37.37102 -160.82984 -53.36917 41.50225 -222.85225 -42.59586 45.86345 -221.31342 -44.65160 45.86345 -218.76368 -44.34680 45.86345 -217.75278 -41.98627 45.86345 -219.29160 -39.93053 45.86345 -221.84134 -40.23532 45.86345 -220.30251 -42.29106 56.51999 -220.30251 -42.29106 45.86345 -220.00251 -42.29106 43.29561 -220.15251 -42.03126 43.29561 -220.45251 -42.03126 43.29561 -220.60251 -42.29106 43.29561 -220.45251 -42.55087 43.29561 -220.15251 -42.55087 43.29561 -220.00251 -42.29106 48.17451 -220.15251 -42.03126 48.17451 -220.45251 -42.03126 48.17451 -220.60251 -42.29106 48.17451 -220.45251 -42.55087 48.17451 -220.15251 -42.55087 48.17451 -220.30251 -42.29106 43.29561 -220.30251 -42.29106 48.17451 -21.24428 -103.86006 52.34441 -23.75018 -101.59873 52.34441 -26.96150 -102.63824 52.34441 -27.66691 -105.93908 52.34441 -25.16101 -108.20040 52.34441 -21.94970 -107.16089 52.34441 -24.45560 -104.89957 67.95452 -24.45560 -104.89957 52.34441 -24.15560 -104.89957 48.58294 -24.30560 -104.63976 48.58294 -24.60560 -104.63976 48.58294 -24.75560 -104.89957 48.58294 -24.60560 -105.15937 48.58294 -24.30560 -105.15937 48.58294 -24.15560 -104.89957 55.72974 -24.30560 -104.63976 55.72974 -24.60560 -104.63976 55.72974 -24.75560 -104.89957 55.72974 -24.60560 -105.15937 55.72974 -24.30560 -105.15937 55.72974 -24.45560 -104.89957 48.58294 -24.45560 -104.89957 55.72974 -238.90691 -181.48112 43.30038 -241.63288 -179.61206 43.30038 -244.61452 -181.03829 43.30038 -244.87018 -184.33357 43.30038 -242.14422 -186.20263 43.30038 -239.16258 -184.77640 43.30038 -241.88855 -182.90735 59.85925 -241.88855 -182.90735 43.30038 -241.58855 -182.90735 39.31030 -241.73855 -182.64754 39.31030 -242.03855 -182.64754 39.31030 -242.18855 -182.90735 39.31030 -242.03855 -183.16715 39.31030 -241.73855 -183.16715 39.31030 -241.58855 -182.90735 46.89147 -241.73855 -182.64754 46.89147 -242.03855 -182.64754 46.89147 -242.18855 -182.90735 46.89147 -242.03855 -183.16715 46.89147 -241.73855 -183.16715 46.89147 -241.88855 -182.90735 39.31030 -241.88855 -182.90735 46.89147 -172.99250 -215.21560 44.55279 -175.16024 -211.95431 44.55279 -179.06848 -212.20098 44.55279 -180.80897 -215.70894 44.55279 -178.64123 -218.97024 44.55279 -174.73300 -218.72357 44.55279 -176.90074 -215.46227 58.03153 -176.90074 -215.46227 44.55279 -176.60074 -215.46227 41.30490 -176.75074 -215.20246 41.30490 -177.05074 -215.20246 41.30490 -177.20074 -215.46227 41.30490 -177.05074 -215.72208 41.30490 -176.75074 -215.72208 41.30490 -176.60074 -215.46227 47.47589 -176.75074 -215.20246 47.47589 -177.05074 -215.20246 47.47589 -177.20074 -215.46227 47.47589 -177.05074 -215.72208 47.47589 -176.75074 -215.72208 47.47589 -176.90074 -215.46227 41.30490 -176.90074 -215.46227 47.47589 -248.64322 -42.90571 52.95889 -246.80401 -44.60088 52.95889 -244.41635 -43.85565 52.95889 -243.86790 -41.41526 52.95889 -245.70711 -39.72010 52.95889 -248.09477 -40.46533 52.95889 -246.25556 -42.16049 69.62670 -246.25556 -42.16049 52.95889 -245.95556 -42.16049 48.94255 -246.10556 -41.90068 48.94255 -246.40556 -41.90068 48.94255 -246.55556 -42.16049 48.94255 -246.40556 -42.42030 48.94255 -246.10556 -42.42030 48.94255 -245.95556 -42.16049 56.57359 -246.10556 -41.90068 56.57359 -246.40556 -41.90068 56.57359 -246.55556 -42.16049 56.57359 -246.40556 -42.42030 56.57359 -246.10556 -42.42030 56.57359 -246.25556 -42.16049 48.94255 -246.25556 -42.16049 56.57359 -23.20205 -233.09822 38.08970 -25.23782 -230.72421 38.08970 -28.31165 -231.30022 38.08970 -29.34973 -234.25025 38.08970 -27.31397 -236.62426 38.08970 -24.24013 -236.04825 38.08970 -26.27589 -233.67423 48.03636 -26.27589 -233.67423 38.08970 -25.97589 -233.67423 35.69291 -26.12589 -233.41443 35.69291 -26.42589 -233.41443 35.69291 -26.57589 -233.67423 35.69291 -26.42589 -233.93404 35.69291 -26.12589 -233.93404 35.69291 -25.97589 -233.67423 40.24680 -26.12589 -233.41443 40.24680 -26.42589 -233.41443 40.24680 -26.57589 -233.67423 40.24680 -26.42589 -233.93404 40.24680 -26.12589 -233.93404 40.24680 -26.27589 -233.67423 35.69291 -26.27589 -233.67423 40.24680 -199.60464 -31.87265 44.45180 -199.50929 -27.21971 44.45180 -203.49118 -24.81066 44.45180 -207.56842 -27.05455 44.45180 -207.66377 -31.70749 44.45180 -203.68188 -34.11654 44.45180 -203.58653 -29.46360 56.66280 -203.58653 -29.46360 44.45180 -203.28653 -29.46360 41.50939 -203.43653 -29.20379 41.50939 -203.73653 -29.20379 41.50939 -203.88653 -29.46360 41.50939 -203.73653 -29.72341 41.50939 -203.43653 -29.72341 41.50939 -203.28653 -29.46360 47.09997 -203.43653 -29.20379 47.09997 -203.73653 -29.20379 47.09997 -203.88653 -29.46360 47.09997 -203.73653 -29.72341 47.09997 -203.43653 -29.72341 47.09997 -203.58653 -29.46360 41.50939 -203.58653 -29.46360 47.09997 -24.47613 -202.79171 41.15443 -23.56971 -199.98243 41.15443 -25.54941 -197.79282 41.15443 -28.43552 -198.41247 41.15443 -29.34194 -201.22175 41.15443 -27.36224 -203.41137 41.15443 -26.45583 -200.60209 53.06579 -26.45583 -200.60209 41.15443 -26.15583 -200.60209 38.28423 -26.30583 -200.34228 38.28423 -26.60583 -200.34228 38.28423 -26.75583 -200.60209 38.28423 -26.60583 -200.86190 38.28423 -26.30583 -200.86190 38.28423 -26.15583 -200.60209 43.73762 -26.30583 -200.34228 43.73762 -26.60583 -200.34228 43.73762 -26.75583 -200.60209 43.73762 -26.60583 -200.86190 43.73762 -26.30583 -200.86190 43.73762 -26.45583 -200.60209 38.28423 -26.45583 -200.60209 43.73762 -98.52401 -27.77762 52.24550 -99.14627 -24.08289 52.24550 -102.65713 -22.77442 52.24550 -105.54573 -25.16068 52.24550 -104.92347 -28.85541 52.24550 -101.41261 -30.16388 52.24550 -102.03487 -26.46915 60.85091 -102.03487 -26.46915 52.24550 -101.73487 -26.46915 50.17190 -101.88487 -26.20934 50.17190 -102.18487 -26.20934 50.17190 -102.33487 -26.46915 50.17190 -102.18487 -26.72896 50.17190 -101.88487 -26.72896 50.17190 -101.73487 -26.46915 54.11173 -101.88487 -26.20934 54.11173 -102.18487 -26.20934 54.11173 -102.33487 -26.46915 54.11173 -102.18487 -26.72896 54.11173 -101.88487 -26.72896 54.11173 -102.03487 -26.46915 50.17190 -102.03487 -26.46915 54.11173 -174.20178 -235.03650 42.61594 -169.94755 -233.25406 42.61594 -169.36406 -228.67857 42.61594 -173.03482 -225.88551 42.61594 -177.28905 -227.66795 42.61594 -177.87253 -232.24344 42.61594 -173.61830 -230.46101 51.23998 -173.61830 -230.46101 42.61594 -173.31830 -230.46101 40.53785 -173.46830 -230.20120 40.53785 -173.76830 -230.20120 40.53785 -173.91830 -230.46101 40.53785 -173.76830 -230.72081 40.53785 -173.46830 -230.72081 40.53785 -173.31830 -230.46101 44.48621 -173.46830 -230.20120 44.48621 -173.76830 -230.20120 44.48621 -173.91830 -230.46101 44.48621 -173.76830 -230.72081 44.48621 -173.46830 -230.72081 44.48621 -173.61830 -230.46101 40.53785 -173.61830 -230.46101 44.48621 -118.38175 -63.99399 45.16224 -115.56170 -63.17075 45.16224 -114.86463 -60.31690 45.16224 -116.98760 -58.28629 45.16224 -119.80764 -59.10953 45.16224 -120.50472 -61.96338 45.16224 -117.68467 -61.14014 57.59860 -117.68467 -61.14014 45.16224 -117.38467 -61.14014 42.16553 -117.53467 -60.88033 42.16553 -117.83467 -60.88033 42.16553 -117.98467 -61.14014 42.16553 -117.83467 -61.39995 42.16553 -117.53467 -61.39995 42.16553 -117.38467 -61.14014 47.85928 -117.53467 -60.88033 47.85928 -117.83467 -60.88033 47.85928 -117.98467 -61.14014 47.85928 -117.83467 -61.39995 47.85928 -117.53467 -61.39995 47.85928 -117.68467 -61.14014 42.16553 -117.68467 -61.14014 47.85928 -43.31176 -223.65066 40.36581 -42.13808 -221.23287 40.36581 -43.64511 -219.00754 40.36581 -46.32582 -219.20000 40.36581 -47.49949 -221.61779 40.36581 -45.99246 -223.84312 40.36581 -44.81879 -221.42533 52.67678 -44.81879 -221.42533 40.36581 -44.51879 -221.42533 37.39931 -44.66879 -221.16552 37.39931 -44.96879 -221.16552 37.39931 -45.11879 -221.42533 37.39931 -44.96879 -221.68513 37.39931 -44.66879 -221.68513 37.39931 -44.51879 -221.42533 43.03566 -44.66879 -221.16552 43.03566 -44.96879 -221.16552 43.03566 -45.11879 -221.42533 43.03566 -44.96879 -221.68513 43.03566 -44.66879 -221.68513 43.03566 -44.81879 -221.42533 37.39931 -44.81879 -221.42533 43.03566 1.26349 -76.18510 58.15565 -1.81707 -75.46565 58.15565 -3.98041 -77.77376 58.15565 -3.06320 -80.80133 58.15565 0.01736 -81.52078 58.15565 2.18070 -79.21267 58.15565 -0.89986 -78.49322 76.38800 -0.89986 -78.49322 58.15565 -0.59986 -78.49322 53.76232 -0.74986 -78.23341 53.76232 -1.04986 -78.23341 53.76232 -1.19986 -78.49322 53.76232 -1.04986 -78.75302 53.76232 -0.74986 -78.75302 53.76232 -0.59986 -78.49322 62.10966 -0.74986 -78.23341 62.10966 -1.04986 -78.23341 62.10966 -1.19986 -78.49322 62.10966 -1.04986 -78.75302 62.10966 -0.74986 -78.75302 62.10966 -0.89986 -78.49322 53.76232 -0.89986 -78.49322 62.10966 -175.90090 -27.94514 46.19485 -172.90635 -31.78063 46.19485 -168.08745 -31.10502 46.19485 -166.26309 -26.59392 46.19485 -169.25763 -22.75843 46.19485 -174.07653 -23.43404 46.19485 -171.08199 -27.26953 55.26305 -171.08199 -27.26953 46.19485 -170.78199 -27.26953 44.00974 -170.93199 -27.00972 44.00974 -171.23199 -27.00972 44.00974 -171.38199 -27.26953 44.00974 -171.23199 -27.52934 44.00974 -170.93199 -27.52934 44.00974 -170.78199 -27.26953 48.16145 -170.93199 -27.00972 48.16145 -171.23199 -27.00972 48.16145 -171.38199 -27.26953 48.16145 -171.23199 -27.52934 48.16145 -170.93199 -27.52934 48.16145 -171.08199 -27.26953 44.00974 -171.08199 -27.26953 48.16145 -190.58925 -204.02629 42.91332 -192.16393 -205.98765 42.91332 -191.25268 -208.33205 42.91332 -188.76675 -208.71508 42.91332 -187.19206 -206.75372 42.91332 -188.10331 -204.40932 42.91332 -189.67800 -206.37069 53.17303 -189.67800 -206.37069 42.91332 -189.37800 -206.37069 40.44110 -189.52800 -206.11088 40.44110 -189.82800 -206.11088 40.44110 -189.97800 -206.37069 40.44110 -189.82800 -206.63049 40.44110 -189.52800 -206.63049 40.44110 -189.37800 -206.37069 45.13831 -189.52800 -206.11088 45.13831 -189.82800 -206.11088 45.13831 -189.97800 -206.37069 45.13831 -189.82800 -206.63049 45.13831 -189.52800 -206.63049 45.13831 -189.67800 -206.37069 40.44110 -189.67800 -206.37069 45.13831 -177.97857 -183.38990 46.52601 -178.45633 -178.68894 46.52601 -182.76636 -176.75222 46.52601 -186.59863 -179.51645 46.52601 -186.12087 -184.21741 46.52601 -181.81084 -186.15413 46.52601 -182.28860 -181.45318 57.96629 -182.28860 -181.45318 46.52601 -181.98860 -181.45318 43.76932 -182.13860 -181.19337 43.76932 -182.43860 -181.19337 43.76932 -182.58860 -181.45318 43.76932 -182.43860 -181.71298 43.76932 -182.13860 -181.71298 43.76932 -181.98860 -181.45318 49.00704 -182.13860 -181.19337 49.00704 -182.43860 -181.19337 49.00704 -182.58860 -181.45318 49.00704 -182.43860 -181.71298 49.00704 -182.13860 -181.71298 49.00704 -182.28860 -181.45318 43.76932 -182.28860 -181.45318 49.00704 -2.19612 -184.20987 46.30854 -2.02218 -181.64145 46.30854 -4.15954 -180.20660 46.30854 -6.47083 -181.34018 46.30854 -6.64476 -183.90861 46.30854 -4.50741 -185.34345 46.30854 -4.33347 -182.77503 56.45892 -4.33347 -182.77503 46.30854 -4.03347 -182.77503 43.86266 -4.18347 -182.51522 43.86266 -4.48347 -182.51522 43.86266 -4.63347 -182.77503 43.86266 -4.48347 -183.03483 43.86266 -4.18347 -183.03483 43.86266 -4.03347 -182.77503 48.50983 -4.18347 -182.51522 48.50983 -4.48347 -182.51522 48.50983 -4.63347 -182.77503 48.50983 -4.48347 -183.03483 48.50983 -4.18347 -183.03483 48.50983 -4.33347 -182.77503 43.86266 -4.33347 -182.77503 48.50983 -160.44561 -182.24703 50.38778 -159.15235 -184.34348 50.38778 -156.69014 -184.27171 50.38778 -155.52119 -182.10349 50.38778 -156.81445 -180.00704 50.38778 -159.27666 -180.07881 50.38778 -157.98340 -182.17526 67.60083 -157.98340 -182.17526 50.38778 -157.68340 -182.17526 46.24006 -157.83340 -181.91545 46.24006 -158.13340 -181.91545 46.24006 -158.28340 -182.17526 46.24006 -158.13340 -182.43507 46.24006 -157.83340 -182.43507 46.24006 -157.68340 -182.17526 54.12073 -157.83340 -181.91545 54.12073 -158.13340 -181.91545 54.12073 -158.28340 -182.17526 54.12073 -158.13340 -182.43507 54.12073 -157.83340 -182.43507 54.12073 -157.98340 -182.17526 46.24006 -157.98340 -182.17526 54.12073 -109.76737 -167.25302 44.62617 -107.77059 -165.70742 44.62617 -108.11074 -163.20535 44.62617 -110.44766 -162.24889 44.62617 -112.44444 -163.79450 44.62617 -112.10430 -166.29657 44.62617 -110.10752 -164.75096 60.62332 -110.10752 -164.75096 44.62617 -109.80752 -164.75096 40.77143 -109.95752 -164.49115 40.77143 -110.25752 -164.49115 40.77143 -110.40752 -164.75096 40.77143 -110.25752 -165.01077 40.77143 -109.95752 -165.01077 40.77143 -109.80752 -164.75096 48.09543 -109.95752 -164.49115 48.09543 -110.25752 -164.49115 48.09543 -110.40752 -164.75096 48.09543 -110.25752 -165.01077 48.09543 -109.95752 -165.01077 48.09543 -110.10752 -164.75096 40.77143 -110.10752 -164.75096 48.09543 -42.44727 -141.19420 47.93629 -44.49787 -142.50139 47.93629 -44.39111 -144.93085 47.93629 -42.23375 -146.05312 47.93629 -40.18316 -144.74593 47.93629 -40.28992 -142.31647 47.93629 -42.34051 -143.62366 61.96547 -42.34051 -143.62366 47.93629 -42.04051 -143.62366 44.55577 -42.19051 -143.36385 44.55577 -42.49051 -143.36385 44.55577 -42.64051 -143.62366 44.55577 -42.49051 -143.88347 44.55577 -42.19051 -143.88347 44.55577 -42.04051 -143.62366 50.97876 -42.19051 -143.36385 50.97876 -42.49051 -143.36385 50.97876 -42.64051 -143.62366 50.97876 -42.49051 -143.88347 50.97876 -42.19051 -143.88347 50.97876 -42.34051 -143.62366 44.55577 -42.34051 -143.62366 50.97876 -221.47353 -197.33227 42.38741 -224.85780 -193.99383 42.38741 -229.44110 -195.25547 42.38741 -230.64014 -199.85555 42.38741 -227.25588 -203.19399 42.38741 -222.67257 -201.93235 42.38741 -226.05684 -198.59391 56.55321 -226.05684 -198.59391 42.38741 -225.75684 -198.59391 38.97397 -225.90684 -198.33410 38.97397 -226.20684 -198.33410 38.97397 -226.35684 -198.59391 38.97397 -226.20684 -198.85372 38.97397 -225.90684 -198.85372 38.97397 -225.75684 -198.59391 45.45951 -225.90684 -198.33410 45.45951 -226.20684 -198.33410 45.45951 -226.35684 -198.59391 45.45951 -226.20684 -198.85372 45.45951 -225.90684 -198.85372 45.45951 -226.05684 -198.59391 38.97397 -226.05684 -198.59391 45.45951 -137.60575 -20.71143 53.10746 -133.52884 -18.23465 53.10746 -133.63534 -13.46555 53.10746 -137.81875 -11.17322 53.10746 -141.89566 -13.65000 53.10746 -141.78916 -18.41911 53.10746 -137.71225 -15.94233 69.19083 -137.71225 -15.94233 53.10746 -137.41225 -15.94233 49.23194 -137.56225 -15.68252 49.23194 -137.86225 -15.68252 49.23194 -138.01225 -15.94233 49.23194 -137.86225 -16.20213 49.23194 -137.56225 -16.20213 49.23194 -137.41225 -15.94233 56.59542 -137.56225 -15.68252 56.59542 -137.86225 -15.68252 56.59542 -138.01225 -15.94233 56.59542 -137.86225 -16.20213 56.59542 -137.56225 -16.20213 56.59542 -137.71225 -15.94233 49.23194 -137.71225 -15.94233 56.59542 -247.23888 -201.99837 43.41473 -244.38147 -201.50834 43.41473 -243.37716 -198.78874 43.41473 -245.23024 -196.55917 43.41473 -248.08765 -197.04921 43.41473 -249.09196 -199.76881 43.41473 -246.23456 -199.27877 53.84299 -246.23456 -199.27877 43.41473 -245.93456 -199.27877 40.90190 -246.08456 -199.01896 40.90190 -246.38456 -199.01896 40.90190 -246.53456 -199.27877 40.90190 -246.38456 -199.53858 40.90190 -246.08456 -199.53858 40.90190 -245.93456 -199.27877 45.67628 -246.08456 -199.01896 45.67628 -246.38456 -199.01896 45.67628 -246.53456 -199.27877 45.67628 -246.38456 -199.53858 45.67628 -246.08456 -199.53858 45.67628 -246.23456 -199.27877 40.90190 -246.23456 -199.27877 45.67628 -10.24343 -124.87729 51.02863 -9.62864 -120.87860 51.02863 -12.78421 -118.34684 51.02863 -16.55456 -119.81376 51.02863 -17.16935 -123.81244 51.02863 -14.01379 -126.34421 51.02863 -13.39900 -122.34552 61.61489 -13.39900 -122.34552 51.02863 -13.09900 -122.34552 48.47773 -13.24900 -122.08572 48.47773 -13.54900 -122.08572 48.47773 -13.69900 -122.34552 48.47773 -13.54900 -122.60533 48.47773 -13.24900 -122.60533 48.47773 -13.09900 -122.34552 53.32445 -13.24900 -122.08572 53.32445 -13.54900 -122.08572 53.32445 -13.69900 -122.34552 53.32445 -13.54900 -122.60533 53.32445 -13.24900 -122.60533 53.32445 -13.39900 -122.34552 48.47773 -13.39900 -122.34552 53.32445 -194.00609 -232.40393 41.50554 -194.35313 -227.99687 41.50554 -198.34329 -226.09389 41.50554 -201.98639 -228.59797 41.50554 -201.63935 -233.00504 41.50554 -197.64919 -234.90802 41.50554 -197.99624 -230.50095 50.25979 -197.99624 -230.50095 41.50554 -197.69624 -230.50095 39.39609 -197.84624 -230.24114 39.39609 -198.14624 -230.24114 39.39609 -198.29624 -230.50095 39.39609 -198.14624 -230.76076 39.39609 -197.84624 -230.76076 39.39609 -197.69624 -230.50095 43.40405 -197.84624 -230.24114 43.40405 -198.14624 -230.24114 43.40405 -198.29624 -230.50095 43.40405 -198.14624 -230.76076 43.40405 -197.84624 -230.76076 43.40405 -197.99624 -230.50095 39.39609 -197.99624 -230.50095 43.40405 -43.47871 -236.82398 40.72663 -42.93111 -232.95044 40.72663 -46.01190 -230.53943 40.72663 -49.64028 -232.00196 40.72663 -50.18788 -235.87551 40.72663 -47.10710 -238.28651 40.72663 -46.55950 -234.41297 50.81975 -46.55950 -234.41297 40.72663 -46.25950 -234.41297 38.29455 -46.40950 -234.15316 38.29455 -46.70950 -234.15316 38.29455 -46.85950 -234.41297 38.29455 -46.70950 -234.67278 38.29455 -46.40950 -234.67278 38.29455 -46.25950 -234.41297 42.91550 -46.40950 -234.15316 42.91550 -46.70950 -234.15316 42.91550 -46.85950 -234.41297 42.91550 -46.70950 -234.67278 42.91550 -46.40950 -234.67278 42.91550 -46.55950 -234.41297 38.29455 -46.55950 -234.41297 42.91550 -224.41886 -195.00022 41.03425 -222.01298 -198.88282 41.03425 -217.44762 -198.74056 41.03425 -215.28814 -194.71572 41.03425 -217.69401 -190.83313 41.03425 -222.25937 -190.97538 41.03425 -219.85350 -194.85797 50.20680 -219.85350 -194.85797 41.03425 -219.55350 -194.85797 38.82400 -219.70350 -194.59816 38.82400 -220.00350 -194.59816 38.82400 -220.15350 -194.85797 38.82400 -220.00350 -195.11778 38.82400 -219.70350 -195.11778 38.82400 -219.55350 -194.85797 43.02348 -219.70350 -194.59816 43.02348 -220.00350 -194.59816 43.02348 -220.15350 -194.85797 43.02348 -220.00350 -195.11778 43.02348 -219.70350 -195.11778 43.02348 -219.85350 -194.85797 38.82400 -219.85350 -194.85797 43.02348 -78.71502 -26.56963 65.82335 -83.38994 -26.08343 65.82335 -86.14846 -29.88893 65.82335 -84.23206 -34.18063 65.82335 -79.55714 -34.66683 65.82335 -76.79862 -30.86133 65.82335 -81.47354 -30.37513 77.13730 -81.47354 -30.37513 65.82335 -81.17354 -30.37513 63.09710 -81.32354 -30.11532 63.09710 -81.62354 -30.11532 63.09710 -81.77354 -30.37513 63.09710 -81.62354 -30.63494 63.09710 -81.32354 -30.63494 63.09710 -81.17354 -30.37513 68.27698 -81.32354 -30.11532 68.27698 -81.62354 -30.11532 68.27698 -81.77354 -30.37513 68.27698 -81.62354 -30.63494 68.27698 -81.32354 -30.63494 68.27698 -81.47354 -30.37513 63.09710 -81.47354 -30.37513 68.27698 -152.18695 -200.36679 47.99976 -153.16858 -198.16399 47.99976 -155.56708 -197.91270 47.99976 -156.98395 -199.86422 47.99976 -156.00232 -202.06703 47.99976 -153.60382 -202.31831 47.99976 -154.58545 -200.11551 57.33395 -154.58545 -200.11551 47.99976 -154.28545 -200.11551 45.75056 -154.43545 -199.85570 45.75056 -154.73545 -199.85570 45.75056 -154.88545 -200.11551 45.75056 -154.73545 -200.37531 45.75056 -154.43545 -200.37531 45.75056 -154.28545 -200.11551 50.02404 -154.43545 -199.85570 50.02404 -154.73545 -199.85570 50.02404 -154.88545 -200.11551 50.02404 -154.73545 -200.37531 50.02404 -154.43545 -200.37531 50.02404 -154.58545 -200.11551 45.75056 -154.58545 -200.11551 50.02404 -138.97434 -95.95291 41.52159 -142.60472 -95.91762 41.52159 -144.45046 -99.04398 41.52159 -142.66583 -102.20561 41.52159 -139.03546 -102.24090 41.52159 -137.18972 -99.11455 41.52159 -140.82009 -99.07926 59.12032 -140.82009 -99.07926 41.52159 -140.52009 -99.07926 37.28093 -140.67009 -98.81945 37.28093 -140.97009 -98.81945 37.28093 -141.12009 -99.07926 37.28093 -140.97009 -99.33907 37.28093 -140.67009 -99.33907 37.28093 -140.52009 -99.07926 45.33818 -140.67009 -98.81945 45.33818 -140.97009 -98.81945 45.33818 -141.12009 -99.07926 45.33818 -140.97009 -99.33907 45.33818 -140.67009 -99.33907 45.33818 -140.82009 -99.07926 37.28093 -140.82009 -99.07926 45.33818 -182.68468 -111.55668 47.17531 -182.02483 -107.91893 47.17531 -184.84530 -105.52861 47.17531 -188.32561 -106.77604 47.17531 -188.98545 -110.41380 47.17531 -186.16499 -112.80412 47.17531 -185.50514 -109.16636 60.90749 -185.50514 -109.16636 47.17531 -185.20514 -109.16636 43.86636 -185.35514 -108.90655 43.86636 -185.65514 -108.90655 43.86636 -185.80514 -109.16636 43.86636 -185.65514 -109.42617 43.86636 -185.35514 -109.42617 43.86636 -185.20514 -109.16636 50.15338 -185.35514 -108.90655 50.15338 -185.65514 -108.90655 50.15338 -185.80514 -109.16636 50.15338 -185.65514 -109.42617 50.15338 -185.35514 -109.42617 50.15338 -185.50514 -109.16636 43.86636 -185.50514 -109.16636 50.15338 -166.12988 -150.63422 49.05547 -169.07918 -150.83023 49.05547 -170.38408 -153.48241 49.05547 -168.73968 -155.93857 49.05547 -165.79038 -155.74256 49.05547 -164.48548 -153.09038 49.05547 -167.43478 -153.28639 62.75970 -167.43478 -153.28639 49.05547 -167.13478 -153.28639 45.75324 -167.28478 -153.02659 45.75324 -167.58478 -153.02659 45.75324 -167.73478 -153.28639 45.75324 -167.58478 -153.54620 45.75324 -167.28478 -153.54620 45.75324 -167.13478 -153.28639 52.02747 -167.28478 -153.02659 52.02747 -167.58478 -153.02659 52.02747 -167.73478 -153.28639 52.02747 -167.58478 -153.54620 52.02747 -167.28478 -153.54620 52.02747 -167.43478 -153.28639 45.75324 -167.43478 -153.28639 52.02747 -238.36938 -120.81292 46.49366 -236.97802 -124.57120 46.49366 -233.02758 -125.24538 46.49366 -230.46850 -122.16129 46.49366 -231.85986 -118.40302 46.49366 -235.81030 -117.72883 46.49366 -234.41894 -121.48711 57.86097 -234.41894 -121.48711 46.49366 -234.11894 -121.48711 43.75455 -234.26894 -121.22730 43.75455 -234.56894 -121.22730 43.75455 -234.71894 -121.48711 43.75455 -234.56894 -121.74691 43.75455 -234.26894 -121.74691 43.75455 -234.11894 -121.48711 48.95886 -234.26894 -121.22730 48.95886 -234.56894 -121.22730 48.95886 -234.71894 -121.48711 48.95886 -234.56894 -121.74691 48.95886 -234.26894 -121.74691 48.95886 -234.41894 -121.48711 43.75455 -234.41894 -121.48711 48.95886 -105.48470 -173.87097 44.64727 -105.71738 -170.56096 44.64727 -108.70027 -169.10746 44.64727 -111.45048 -170.96397 44.64727 -111.21780 -174.27398 44.64727 -108.23492 -175.72748 44.64727 -108.46759 -172.41747 57.55188 -108.46759 -172.41747 44.64727 -108.16759 -172.41747 41.53772 -108.31759 -172.15766 41.53772 -108.61759 -172.15766 41.53772 -108.76759 -172.41747 41.53772 -108.61759 -172.67728 41.53772 -108.31759 -172.67728 41.53772 -108.16759 -172.41747 47.44586 -108.31759 -172.15766 47.44586 -108.61759 -172.15766 47.44586 -108.76759 -172.41747 47.44586 -108.61759 -172.67728 47.44586 -108.31759 -172.67728 47.44586 -108.46759 -172.41747 41.53772 -108.46759 -172.41747 47.44586 -224.95366 -66.11017 50.04109 -223.16021 -64.16676 50.04109 -223.94653 -61.64188 50.04109 -226.52629 -61.06042 50.04109 -228.31974 -63.00383 50.04109 -227.53342 -65.52870 50.04109 -225.73998 -63.58529 66.57210 -225.73998 -63.58529 50.04109 -225.43998 -63.58529 46.05771 -225.58998 -63.32549 46.05771 -225.88998 -63.32549 46.05771 -226.03998 -63.58529 46.05771 -225.88998 -63.84510 46.05771 -225.58998 -63.84510 46.05771 -225.43998 -63.58529 53.62612 -225.58998 -63.32549 53.62612 -225.88998 -63.32549 53.62612 -226.03998 -63.58529 53.62612 -225.88998 -63.84510 53.62612 -225.58998 -63.84510 53.62612 -225.73998 -63.58529 46.05771 -225.73998 -63.58529 53.62612 -116.05183 -94.09761 42.16420 -118.63959 -94.15580 42.16420 -119.88308 -96.42595 42.16420 -118.53881 -98.63793 42.16420 -115.95105 -98.57974 42.16420 -114.70756 -96.30959 42.16420 -117.29532 -96.36777 58.78796 -117.29532 -96.36777 42.16420 -116.99532 -96.36777 38.15847 -117.14532 -96.10796 38.15847 -117.44532 -96.10796 38.15847 -117.59532 -96.36777 38.15847 -117.44532 -96.62758 38.15847 -117.14532 -96.62758 38.15847 -116.99532 -96.36777 45.76935 -117.14532 -96.10796 45.76935 -117.44532 -96.10796 45.76935 -117.59532 -96.36777 45.76935 -117.44532 -96.62758 45.76935 -117.14532 -96.62758 45.76935 -117.29532 -96.36777 38.15847 -117.29532 -96.36777 45.76935 -119.83736 -16.75249 50.71574 -116.40234 -16.29363 50.71574 -115.08221 -13.08939 50.71574 -117.19711 -10.34400 50.71574 -120.63213 -10.80286 50.71574 -121.95225 -14.00711 50.71574 -118.51723 -13.54825 61.33719 -118.51723 -13.54825 50.71574 -118.21723 -13.54825 48.15635 -118.36723 -13.28844 48.15635 -118.66723 -13.28844 48.15635 -118.81723 -13.54825 48.15635 -118.66723 -13.80805 48.15635 -118.36723 -13.80805 48.15635 -118.21723 -13.54825 53.01918 -118.36723 -13.28844 53.01918 -118.66723 -13.28844 53.01918 -118.81723 -13.54825 53.01918 -118.66723 -13.80805 53.01918 -118.36723 -13.80805 53.01918 -118.51723 -13.54825 48.15635 -118.51723 -13.54825 53.01918 -109.96865 -43.83796 50.30798 -107.15531 -44.24593 50.30798 -105.39533 -42.01350 50.30798 -106.44869 -39.37309 50.30798 -109.26202 -38.96512 50.30798 -111.02200 -41.19756 50.30798 -108.20867 -41.60553 65.48339 -108.20867 -41.60553 50.30798 -107.90867 -41.60553 46.65126 -108.05867 -41.34572 46.65126 -108.35867 -41.34572 46.65126 -108.50867 -41.60553 46.65126 -108.35867 -41.86534 46.65126 -108.05867 -41.86534 46.65126 -107.90867 -41.60553 53.59904 -108.05867 -41.34572 53.59904 -108.35867 -41.34572 53.59904 -108.50867 -41.60553 53.59904 -108.35867 -41.86534 53.59904 -108.05867 -41.86534 53.59904 -108.20867 -41.60553 46.65126 -108.20867 -41.60553 53.59904 -135.81544 -147.59579 44.73620 -132.94139 -147.76470 44.73620 -131.35808 -145.36017 44.73620 -132.64882 -142.78671 44.73620 -135.52286 -142.61779 44.73620 -137.10617 -145.02233 44.73620 -134.23213 -145.19125 58.27052 -134.23213 -145.19125 44.73620 -133.93213 -145.19125 41.47491 -134.08213 -144.93144 41.47491 -134.38213 -144.93144 41.47491 -134.53213 -145.19125 41.47491 -134.38213 -145.45106 41.47491 -134.08213 -145.45106 41.47491 -133.93213 -145.19125 47.67135 -134.08213 -144.93144 47.67135 -134.38213 -144.93144 47.67135 -134.53213 -145.19125 47.67135 -134.38213 -145.45106 47.67135 -134.08213 -145.45106 47.67135 -134.23213 -145.19125 41.47491 -134.23213 -145.19125 47.67135 -122.52189 -89.83035 41.35811 -122.52595 -86.26521 41.35811 -125.61549 -84.48616 41.35811 -128.70096 -86.27225 41.35811 -128.69690 -89.83739 41.35811 -125.60736 -91.61645 41.35811 -125.61143 -88.05130 55.90039 -125.61143 -88.05130 41.35811 -125.31143 -88.05130 37.85395 -125.46143 -87.79149 37.85395 -125.76143 -87.79149 37.85395 -125.91143 -88.05130 37.85395 -125.76143 -88.31111 37.85395 -125.46143 -88.31111 37.85395 -125.31143 -88.05130 44.51186 -125.46143 -87.79149 44.51186 -125.76143 -87.79149 44.51186 -125.91143 -88.05130 44.51186 -125.76143 -88.31111 44.51186 -125.46143 -88.31111 44.51186 -125.61143 -88.05130 37.85395 -125.61143 -88.05130 44.51186 -6.75500 -89.85094 53.62702 -3.39256 -87.96373 53.62702 -3.34571 -84.10817 53.62702 -6.66131 -82.13982 53.62702 -10.02374 -84.02703 53.62702 -10.07059 -87.88259 53.62702 -6.70815 -85.99538 69.39018 -6.70815 -85.99538 53.62702 -6.40815 -85.99538 49.82867 -6.55815 -85.73557 49.82867 -6.85815 -85.73557 49.82867 -7.00815 -85.99538 49.82867 -6.85815 -86.25519 49.82867 -6.55815 -86.25519 49.82867 -6.40815 -85.99538 57.04554 -6.55815 -85.73557 57.04554 -6.85815 -85.73557 57.04554 -7.00815 -85.99538 57.04554 -6.85815 -86.25519 57.04554 -6.55815 -86.25519 57.04554 -6.70815 -85.99538 49.82867 -6.70815 -85.99538 57.04554 -32.95296 -230.87755 39.36679 -30.44014 -233.42763 39.36679 -26.97530 -232.52651 39.36679 -26.02328 -229.07531 39.36679 -28.53609 -226.52523 39.36679 -32.00094 -227.42635 39.36679 -29.48812 -229.97643 53.28101 -29.48812 -229.97643 39.36679 -29.18812 -229.97643 36.01397 -29.33812 -229.71662 36.01397 -29.63812 -229.71662 36.01397 -29.78812 -229.97643 36.01397 -29.63812 -230.23624 36.01397 -29.33812 -230.23624 36.01397 -29.18812 -229.97643 42.38433 -29.33812 -229.71662 42.38433 -29.63812 -229.71662 42.38433 -29.78812 -229.97643 42.38433 -29.63812 -230.23624 42.38433 -29.33812 -230.23624 42.38433 -29.48812 -229.97643 36.01397 -29.48812 -229.97643 42.38433 -27.91834 -101.42214 51.03271 -25.63866 -97.61190 51.03271 -27.79858 -93.73253 51.03271 -32.23818 -93.66339 51.03271 -34.51786 -97.47362 51.03271 -32.35794 -101.35300 51.03271 -30.07826 -97.54276 60.96539 -30.07826 -97.54276 51.03271 -29.77826 -97.54276 48.63930 -29.92826 -97.28295 48.63930 -30.22826 -97.28295 48.63930 -30.37826 -97.54276 48.63930 -30.22826 -97.80257 48.63930 -29.92826 -97.80257 48.63930 -29.77826 -97.54276 53.18679 -29.92826 -97.28295 53.18679 -30.22826 -97.28295 53.18679 -30.37826 -97.54276 53.18679 -30.22826 -97.80257 53.18679 -29.92826 -97.80257 53.18679 -30.07826 -97.54276 48.63930 -30.07826 -97.54276 53.18679 -1.52517 -110.11046 50.18537 0.47063 -106.86056 50.18537 -1.34596 -103.50720 50.18537 -5.15835 -103.40374 50.18537 -7.15415 -106.65363 50.18537 -5.33756 -110.00699 50.18537 -3.34176 -106.75710 62.39544 -3.34176 -106.75710 50.18537 -3.04176 -106.75710 47.24318 -3.19176 -106.49729 47.24318 -3.49176 -106.49729 47.24318 -3.64176 -106.75710 47.24318 -3.49176 -107.01690 47.24318 -3.19176 -107.01690 47.24318 -3.04176 -106.75710 52.83333 -3.19176 -106.49729 52.83333 -3.49176 -106.49729 52.83333 -3.64176 -106.75710 52.83333 -3.49176 -107.01690 52.83333 -3.19176 -107.01690 52.83333 -3.34176 -106.75710 47.24318 -3.34176 -106.75710 52.83333 -149.22023 -14.18148 53.33111 -148.36835 -17.10891 53.33111 -145.40718 -17.83486 53.33111 -143.29790 -15.63339 53.33111 -144.14979 -12.70597 53.33111 -147.11095 -11.98001 53.33111 -146.25907 -14.90744 65.54045 -146.25907 -14.90744 53.33111 -145.95907 -14.90744 50.38910 -146.10907 -14.64763 50.38910 -146.40907 -14.64763 50.38910 -146.55907 -14.90744 50.38910 -146.40907 -15.16725 50.38910 -146.10907 -15.16725 50.38910 -145.95907 -14.90744 55.97892 -146.10907 -14.64763 55.97892 -146.40907 -14.64763 55.97892 -146.55907 -14.90744 55.97892 -146.40907 -15.16725 55.97892 -146.10907 -15.16725 55.97892 -146.25907 -14.90744 50.38910 -146.25907 -14.90744 55.97892 -232.03292 -69.69720 51.41326 -233.05074 -66.60595 51.41326 -236.23675 -65.94178 51.41326 -238.40494 -68.36887 51.41326 -237.38712 -71.46011 51.41326 -234.20111 -72.12428 51.41326 -235.21893 -69.03303 67.22197 -235.21893 -69.03303 51.41326 -234.91893 -69.03303 47.60394 -235.06893 -68.77323 47.60394 -235.36893 -68.77323 47.60394 -235.51893 -69.03303 47.60394 -235.36893 -69.29284 47.60394 -235.06893 -69.29284 47.60394 -234.91893 -69.03303 54.84166 -235.06893 -68.77323 54.84166 -235.36893 -68.77323 54.84166 -235.51893 -69.03303 54.84166 -235.36893 -69.29284 54.84166 -235.06893 -69.29284 54.84166 -235.21893 -69.03303 47.60394 -235.21893 -69.03303 54.84166 -196.52713 -108.72319 47.31372 -196.36808 -111.59157 47.31372 -193.80447 -112.88802 47.31372 -191.39990 -111.31609 47.31372 -191.55895 -108.44770 47.31372 -194.12257 -107.15125 47.31372 -193.96352 -110.01964 57.58194 -193.96352 -110.01964 47.31372 -193.66352 -110.01964 44.83946 -193.81352 -109.75983 44.83946 -194.11352 -109.75983 44.83946 -194.26352 -110.01964 44.83946 -194.11352 -110.27945 44.83946 -193.81352 -110.27945 44.83946 -193.66352 -110.01964 49.54057 -193.81352 -109.75983 49.54057 -194.11352 -109.75983 49.54057 -194.26352 -110.01964 49.54057 -194.11352 -110.27945 49.54057 -193.81352 -110.27945 49.54057 -193.96352 -110.01964 44.83946 -193.96352 -110.01964 49.54057 -53.47016 -149.48961 46.10206 -49.44955 -147.53501 46.10206 -49.13198 -143.07575 46.10206 -52.83503 -140.57110 46.10206 -56.85564 -142.52570 46.10206 -57.17321 -146.98496 46.10206 -53.15260 -145.03036 60.87773 -53.15260 -145.03036 46.10206 -52.85260 -145.03036 42.54165 -53.00260 -144.77055 42.54165 -53.30260 -144.77055 42.54165 -53.45260 -145.03036 42.54165 -53.30260 -145.29016 42.54165 -53.00260 -145.29016 42.54165 -52.85260 -145.03036 49.30642 -53.00260 -144.77055 49.30642 -53.30260 -144.77055 49.30642 -53.45260 -145.03036 49.30642 -53.30260 -145.29016 49.30642 -53.00260 -145.29016 49.30642 -53.15260 -145.03036 42.54165 -53.15260 -145.03036 49.30642 -76.89140 -1.71378 66.73701 -80.12144 0.13119 66.73701 -83.33424 -1.74362 66.73701 -83.31701 -5.46340 66.73701 -80.08697 -7.30836 66.73701 -76.87417 -5.43355 66.73701 -80.10421 -3.58859 80.75503 -80.10421 -3.58859 66.73701 -79.80421 -3.58859 63.35917 -79.95421 -3.32878 63.35917 -80.25421 -3.32878 63.35917 -80.40421 -3.58859 63.35917 -80.25421 -3.84839 63.35917 -79.95421 -3.84839 63.35917 -79.80421 -3.58859 69.77706 -79.95421 -3.32878 69.77706 -80.25421 -3.32878 69.77706 -80.40421 -3.58859 69.77706 -80.25421 -3.84839 69.77706 -79.95421 -3.84839 69.77706 -80.10421 -3.58859 63.35917 -80.10421 -3.58859 69.77706 -213.27787 -90.43666 49.66045 -211.55048 -93.74151 49.66045 -207.82470 -93.89797 49.66045 -205.82631 -90.74958 49.66045 -207.55370 -87.44473 49.66045 -211.27948 -87.28827 49.66045 -209.55209 -90.59312 67.91640 -209.55209 -90.59312 49.66045 -209.25209 -90.59312 45.26143 -209.40209 -90.33331 45.26143 -209.70209 -90.33331 45.26143 -209.85209 -90.59312 45.26143 -209.70209 -90.85292 45.26143 -209.40209 -90.85292 45.26143 -209.25209 -90.59312 53.61958 -209.40209 -90.33331 53.61958 -209.70209 -90.33331 53.61958 -209.85209 -90.59312 53.61958 -209.70209 -90.85292 53.61958 -209.40209 -90.85292 53.61958 -209.55209 -90.59312 45.26143 -209.55209 -90.59312 53.61958 -216.02566 -219.75547 43.12222 -212.15307 -219.39927 43.12222 -210.52525 -215.86741 43.12222 -212.77003 -212.69175 43.12222 -216.64261 -213.04795 43.12222 -218.27043 -216.57981 43.12222 -214.39784 -216.22361 59.12496 -214.39784 -216.22361 43.12222 -214.09784 -216.22361 39.26614 -214.24784 -215.96380 39.26614 -214.54784 -215.96380 39.26614 -214.69784 -216.22361 39.26614 -214.54784 -216.48342 39.26614 -214.24784 -216.48342 39.26614 -214.09784 -216.22361 46.59270 -214.24784 -215.96380 46.59270 -214.54784 -215.96380 46.59270 -214.69784 -216.22361 46.59270 -214.54784 -216.48342 46.59270 -214.24784 -216.48342 46.59270 -214.39784 -216.22361 39.26614 -214.39784 -216.22361 46.59270 -174.63251 -69.03605 40.29949 -169.77085 -69.40793 40.29949 -167.01796 -65.38356 40.29949 -169.12673 -60.98729 40.29949 -173.98839 -60.61541 40.29949 -176.74128 -64.63979 40.29949 -171.87962 -65.01167 51.96915 -171.87962 -65.01167 40.29949 -171.57962 -65.01167 37.48753 -171.72962 -64.75186 37.48753 -172.02962 -64.75186 37.48753 -172.17962 -65.01167 37.48753 -172.02962 -65.27148 37.48753 -171.72962 -65.27148 37.48753 -171.57962 -65.01167 42.83026 -171.72962 -64.75186 42.83026 -172.02962 -64.75186 42.83026 -172.17962 -65.01167 42.83026 -172.02962 -65.27148 42.83026 -171.72962 -65.27148 42.83026 -171.87962 -65.01167 37.48753 -171.87962 -65.01167 42.83026 -146.22822 -64.61223 40.68696 -144.51529 -62.58037 40.68696 -145.41847 -60.08101 40.68696 -148.03457 -59.61350 40.68696 -149.74749 -61.64535 40.68696 -148.84432 -64.14472 40.68696 -147.13139 -62.11286 53.16526 -147.13139 -62.11286 40.68696 -146.83139 -62.11286 37.68014 -146.98139 -61.85305 37.68014 -147.28139 -61.85305 37.68014 -147.43139 -62.11286 37.68014 -147.28139 -62.37267 37.68014 -146.98139 -62.37267 37.68014 -146.83139 -62.11286 43.39310 -146.98139 -61.85305 43.39310 -147.28139 -61.85305 43.39310 -147.43139 -62.11286 43.39310 -147.28139 -62.37267 43.39310 -146.98139 -62.37267 43.39310 -147.13139 -62.11286 37.68014 -147.13139 -62.11286 43.39310 -202.48917 -77.67769 46.74366 -199.85922 -79.11522 46.74366 -197.29930 -77.55639 46.74366 -197.36933 -74.56002 46.74366 -199.99928 -73.12248 46.74366 -202.55920 -74.68131 46.74366 -199.92925 -76.11885 63.93491 -199.92925 -76.11885 46.74366 -199.62925 -76.11885 42.60119 -199.77925 -75.85904 42.60119 -200.07925 -75.85904 42.60119 -200.22925 -76.11885 42.60119 -200.07925 -76.37866 42.60119 -199.77925 -76.37866 42.60119 -199.62925 -76.11885 50.47189 -199.77925 -75.85904 50.47189 -200.07925 -75.85904 50.47189 -200.22925 -76.11885 50.47189 -200.07925 -76.37866 50.47189 -199.77925 -76.37866 50.47189 -199.92925 -76.11885 42.60119 -199.92925 -76.11885 50.47189 -77.12261 -21.78475 70.25633 -80.21449 -25.45647 70.25633 -78.58062 -29.96998 70.25633 -73.85487 -30.81176 70.25633 -70.76299 -27.14003 70.25633 -72.39686 -22.62652 70.25633 -75.48874 -26.29825 82.36375 -75.48874 -26.29825 70.25633 -75.18874 -26.29825 67.33888 -75.33874 -26.03844 67.33888 -75.63874 -26.03844 67.33888 -75.78874 -26.29825 67.33888 -75.63874 -26.55806 67.33888 -75.33874 -26.55806 67.33888 -75.18874 -26.29825 72.88204 -75.33874 -26.03844 72.88204 -75.63874 -26.03844 72.88204 -75.78874 -26.29825 72.88204 -75.63874 -26.55806 72.88204 -75.33874 -26.55806 72.88204 -75.48874 -26.29825 67.33888 -75.48874 -26.29825 72.88204 -197.31846 -77.27089 45.18699 -195.51126 -80.18451 45.18699 -192.08439 -80.07624 45.18699 -190.46472 -77.05435 45.18699 -192.27192 -74.14072 45.18699 -195.69879 -74.24900 45.18699 -193.89159 -77.16262 59.84664 -193.89159 -77.16262 45.18699 -193.59159 -77.16262 41.65455 -193.74159 -76.90281 41.65455 -194.04159 -76.90281 41.65455 -194.19159 -77.16262 41.65455 -194.04159 -77.42243 41.65455 -193.74159 -77.42243 41.65455 -193.59159 -77.16262 48.36619 -193.74159 -76.90281 48.36619 -194.04159 -76.90281 48.36619 -194.19159 -77.16262 48.36619 -194.04159 -77.42243 48.36619 -193.74159 -77.42243 48.36619 -193.89159 -77.16262 41.65455 -193.89159 -77.16262 48.36619 -245.84341 -124.90540 45.66935 -242.59783 -128.23916 45.66935 -238.08791 -127.09529 45.66935 -236.82358 -122.61765 45.66935 -240.06916 -119.28389 45.66935 -244.57908 -120.42776 45.66935 -241.33349 -123.76153 57.01905 -241.33349 -123.76153 45.66935 -241.03349 -123.76153 42.93448 -241.18349 -123.50172 42.93448 -241.48349 -123.50172 42.93448 -241.63349 -123.76153 42.93448 -241.48349 -124.02133 42.93448 -241.18349 -124.02133 42.93448 -241.03349 -123.76153 48.13073 -241.18349 -123.50172 48.13073 -241.48349 -123.50172 48.13073 -241.63349 -123.76153 48.13073 -241.48349 -124.02133 48.13073 -241.18349 -124.02133 48.13073 -241.33349 -123.76153 42.93448 -241.33349 -123.76153 48.13073 -122.32660 -10.05237 52.39308 -120.33563 -11.61748 52.39308 -117.98472 -10.67580 52.39308 -117.62479 -8.16902 52.39308 -119.61576 -6.60392 52.39308 -121.96666 -7.54559 52.39308 -119.97569 -9.11070 63.90571 -119.97569 -9.11070 52.39308 -119.67569 -9.11070 49.61895 -119.82569 -8.85089 49.61895 -120.12569 -8.85089 49.61895 -120.27569 -9.11070 49.61895 -120.12569 -9.37050 49.61895 -119.82569 -9.37050 49.61895 -119.67569 -9.11070 54.88979 -119.82569 -8.85089 54.88979 -120.12569 -8.85089 54.88979 -120.27569 -9.11070 54.88979 -120.12569 -9.37050 54.88979 -119.82569 -9.37050 54.88979 -119.97569 -9.11070 49.61895 -119.97569 -9.11070 54.88979 -20.09619 -188.22907 43.94620 -17.63915 -185.20147 43.94620 -19.03261 -181.55981 43.94620 -22.88311 -180.94576 43.94620 -25.34015 -183.97336 43.94620 -23.94669 -187.61502 43.94620 -21.48965 -184.58742 54.94835 -21.48965 -184.58742 43.94620 -21.18965 -184.58742 41.29507 -21.33965 -184.32761 41.29507 -21.63965 -184.32761 41.29507 -21.78965 -184.58742 41.29507 -21.63965 -184.84722 41.29507 -21.33965 -184.84722 41.29507 -21.18965 -184.58742 46.33221 -21.33965 -184.32761 46.33221 -21.63965 -184.32761 46.33221 -21.78965 -184.58742 46.33221 -21.63965 -184.84722 46.33221 -21.33965 -184.84722 46.33221 -21.48965 -184.58742 41.29507 -21.48965 -184.58742 46.33221 -174.96226 -62.64724 41.49407 -176.26983 -59.03325 41.49407 -180.05343 -58.35865 41.49407 -182.52945 -61.29804 41.49407 -181.22187 -64.91203 41.49407 -177.43827 -65.58663 41.49407 -178.74585 -61.97264 56.18097 -178.74585 -61.97264 41.49407 -178.44585 -61.97264 37.95506 -178.59585 -61.71283 37.95506 -178.89585 -61.71283 37.95506 -179.04585 -61.97264 37.95506 -178.89585 -62.23245 37.95506 -178.59585 -62.23245 37.95506 -178.44585 -61.97264 44.67918 -178.59585 -61.71283 44.67918 -178.89585 -61.71283 44.67918 -179.04585 -61.97264 44.67918 -178.89585 -62.23245 44.67918 -178.59585 -62.23245 44.67918 -178.74585 -61.97264 37.95506 -178.74585 -61.97264 44.67918 -165.02741 -54.39173 40.00792 -161.56709 -54.66013 40.00792 -159.60449 -51.79761 40.00792 -161.10221 -48.66668 40.00792 -164.56253 -48.39828 40.00792 -166.52513 -51.26080 40.00792 -163.06481 -51.52920 50.90045 -163.06481 -51.52920 40.00792 -162.76481 -51.52920 37.38321 -162.91481 -51.26940 37.38321 -163.21481 -51.26940 37.38321 -163.36481 -51.52920 37.38321 -163.21481 -51.78901 37.38321 -162.91481 -51.78901 37.38321 -162.76481 -51.52920 42.37015 -162.91481 -51.26940 42.37015 -163.21481 -51.26940 42.37015 -163.36481 -51.52920 42.37015 -163.21481 -51.78901 42.37015 -162.91481 -51.78901 42.37015 -163.06481 -51.52920 37.38321 -163.06481 -51.52920 42.37015 -150.75155 -61.51757 41.66567 -152.16421 -59.29890 41.66567 -154.79196 -59.41296 41.66567 -156.00706 -61.74569 41.66567 -154.59440 -63.96436 41.66567 -151.96665 -63.85030 41.66567 -153.37931 -61.63163 59.88874 -153.37931 -61.63163 41.66567 -153.07931 -61.63163 37.27457 -153.22931 -61.37182 37.27457 -153.52931 -61.37182 37.27457 -153.67931 -61.63163 37.27457 -153.52931 -61.89144 37.27457 -153.22931 -61.89144 37.27457 -153.07931 -61.63163 45.61766 -153.22931 -61.37182 45.61766 -153.52931 -61.37182 45.61766 -153.67931 -61.63163 45.61766 -153.52931 -61.89144 45.61766 -153.22931 -61.89144 45.61766 -153.37931 -61.63163 37.27457 -153.37931 -61.63163 45.61766 -131.48708 -162.70767 46.58901 -128.57276 -164.62500 46.58901 -125.45515 -163.05979 46.58901 -125.25186 -159.57725 46.58901 -128.16618 -157.65992 46.58901 -131.28379 -159.22513 46.58901 -128.36947 -161.14246 61.98521 -128.36947 -161.14246 46.58901 -128.06947 -161.14246 42.87908 -128.21947 -160.88265 42.87908 -128.51947 -160.88265 42.87908 -128.66947 -161.14246 42.87908 -128.51947 -161.40227 42.87908 -128.21947 -161.40227 42.87908 -128.06947 -161.14246 49.92794 -128.21947 -160.88265 49.92794 -128.51947 -160.88265 49.92794 -128.66947 -161.14246 49.92794 -128.51947 -161.40227 49.92794 -128.21947 -161.40227 49.92794 -128.36947 -161.14246 42.87908 -128.36947 -161.14246 49.92794 -201.07757 -155.67524 47.77378 -197.01371 -153.86309 47.77378 -196.55115 -149.43760 47.77378 -200.15245 -146.82427 47.77378 -204.21632 -148.63642 47.77378 -204.67888 -153.06191 47.77378 -200.61501 -151.24975 63.07716 -200.61501 -151.24975 47.77378 -200.31501 -151.24975 44.08622 -200.46501 -150.98995 44.08622 -200.76501 -150.98995 44.08622 -200.91501 -151.24975 44.08622 -200.76501 -151.50956 44.08622 -200.46501 -151.50956 44.08622 -200.31501 -151.24975 51.09259 -200.46501 -150.98995 51.09259 -200.76501 -150.98995 51.09259 -200.91501 -151.24975 51.09259 -200.76501 -151.50956 51.09259 -200.46501 -151.50956 51.09259 -200.61501 -151.24975 44.08622 -200.61501 -151.24975 51.09259 -246.92885 -73.95589 52.75132 -243.71015 -70.82228 52.75132 -244.81458 -66.46800 52.75132 -249.13771 -65.24733 52.75132 -252.35641 -68.38093 52.75132 -251.25198 -72.73521 52.75132 -248.03328 -69.60161 68.91204 -248.03328 -69.60161 52.75132 -247.73328 -69.60161 48.85717 -247.88328 -69.34180 48.85717 -248.18328 -69.34180 48.85717 -248.33328 -69.60161 48.85717 -248.18328 -69.86142 48.85717 -247.88328 -69.86142 48.85717 -247.73328 -69.60161 56.25605 -247.88328 -69.34180 56.25605 -248.18328 -69.34180 56.25605 -248.33328 -69.60161 56.25605 -248.18328 -69.86142 56.25605 -247.88328 -69.86142 56.25605 -248.03328 -69.60161 48.85717 -248.03328 -69.60161 56.25605 -202.78735 -242.72505 42.72421 -199.24372 -243.14725 42.72421 -197.10627 -240.28948 42.72421 -198.51244 -237.00950 42.72421 -202.05607 -236.58730 42.72421 -204.19353 -239.44507 42.72421 -200.64990 -239.86728 54.13647 -200.64990 -239.86728 42.72421 -200.34990 -239.86728 39.97427 -200.49990 -239.60747 39.97427 -200.79990 -239.60747 39.97427 -200.94990 -239.86728 39.97427 -200.79990 -240.12708 39.97427 -200.49990 -240.12708 39.97427 -200.34990 -239.86728 45.19916 -200.49990 -239.60747 45.19916 -200.79990 -239.60747 45.19916 -200.94990 -239.86728 45.19916 -200.79990 -240.12708 45.19916 -200.49990 -240.12708 45.19916 -200.64990 -239.86728 39.97427 -200.64990 -239.86728 45.19916 -51.36076 -143.43234 46.03619 -53.86689 -143.34782 46.03619 -55.19315 -145.47594 46.03619 -54.01328 -147.68858 46.03619 -51.50714 -147.77309 46.03619 -50.18088 -145.64497 46.03619 -52.68702 -145.56046 60.52854 -52.68702 -145.56046 46.03619 -52.38702 -145.56046 42.54406 -52.53702 -145.30065 42.54406 -52.83702 -145.30065 42.54406 -52.98702 -145.56046 42.54406 -52.83702 -145.82026 42.54406 -52.53702 -145.82026 42.54406 -52.38702 -145.56046 49.17911 -52.53702 -145.30065 49.17911 -52.83702 -145.30065 49.17911 -52.98702 -145.56046 49.17911 -52.83702 -145.82026 49.17911 -52.53702 -145.82026 49.17911 -52.68702 -145.56046 42.54406 -52.68702 -145.56046 49.17911 4.13112 -94.16892 49.27945 0.83422 -90.78374 49.27945 -3.74588 -91.94636 49.27945 -5.02907 -96.49415 49.27945 -1.73217 -99.87932 49.27945 2.84793 -98.71670 49.27945 -0.44898 -95.33153 60.19356 -0.44898 -95.33153 49.27945 -0.14898 -95.33153 46.64955 -0.29898 -95.07172 46.64955 -0.59898 -95.07172 46.64955 -0.74898 -95.33153 46.64955 -0.59898 -95.59134 46.64955 -0.29898 -95.59134 46.64955 -0.14898 -95.33153 51.64637 -0.29898 -95.07172 51.64637 -0.59898 -95.07172 51.64637 -0.74898 -95.33153 51.64637 -0.59898 -95.59134 51.64637 -0.29898 -95.59134 51.64637 -0.44898 -95.33153 46.64955 -0.44898 -95.33153 51.64637 -226.76269 -113.10108 48.80703 -228.87131 -116.05565 48.80703 -227.36688 -119.35905 48.80703 -223.75384 -119.70788 48.80703 -221.64522 -116.75331 48.80703 -223.14965 -113.44991 48.80703 -225.25826 -116.40448 64.64924 -225.25826 -116.40448 48.80703 -224.95826 -116.40448 44.98963 -225.10826 -116.14467 44.98963 -225.40826 -116.14467 44.98963 -225.55826 -116.40448 44.98963 -225.40826 -116.66429 44.98963 -225.10826 -116.66429 44.98963 -224.95826 -116.40448 52.24269 -225.10826 -116.14467 52.24269 -225.40826 -116.14467 52.24269 -225.55826 -116.40448 52.24269 -225.40826 -116.66429 52.24269 -225.10826 -116.66429 52.24269 -225.25826 -116.40448 44.98963 -225.25826 -116.40448 52.24269 -223.41050 -241.84618 45.82165 -221.45149 -243.66174 45.82165 -218.89967 -242.87297 45.82165 -218.30685 -240.26864 45.82165 -220.26585 -238.45308 45.82165 -222.81768 -239.24185 45.82165 -220.85867 -241.05741 61.33150 -220.85867 -241.05741 45.82165 -220.55867 -241.05741 42.08434 -220.70867 -240.79761 42.08434 -221.00867 -240.79761 42.08434 -221.15867 -241.05741 42.08434 -221.00867 -241.31722 42.08434 -220.70867 -241.31722 42.08434 -220.55867 -241.05741 49.18523 -220.70867 -240.79761 49.18523 -221.00867 -240.79761 49.18523 -221.15867 -241.05741 49.18523 -221.00867 -241.31722 49.18523 -220.70867 -241.31722 49.18523 -220.85867 -241.05741 42.08434 -220.85867 -241.05741 49.18523 -160.32775 -107.08240 42.45437 -156.33620 -106.87573 42.45437 -154.51940 -103.31561 42.45437 -156.69416 -99.96216 42.45437 -160.68571 -100.16883 42.45437 -162.50251 -103.72895 42.45437 -158.51096 -103.52228 55.57779 -158.51096 -103.52228 42.45437 -158.21096 -103.52228 39.29210 -158.36096 -103.26247 39.29210 -158.66096 -103.26247 39.29210 -158.81096 -103.52228 39.29210 -158.66096 -103.78209 39.29210 -158.36096 -103.78209 39.29210 -158.21096 -103.52228 45.30041 -158.36096 -103.26247 45.30041 -158.66096 -103.26247 45.30041 -158.81096 -103.52228 45.30041 -158.66096 -103.78209 45.30041 -158.36096 -103.78209 45.30041 -158.51096 -103.52228 39.29210 -158.51096 -103.52228 45.30041 -65.03252 -62.22685 63.04598 -69.07286 -61.74293 63.04598 -71.51211 -65.00001 63.04598 -69.91102 -68.74101 63.04598 -65.87068 -69.22492 63.04598 -63.43143 -65.96784 63.04598 -67.47177 -65.48393 72.40139 -67.47177 -65.48393 63.04598 -67.17177 -65.48393 60.79166 -67.32177 -65.22412 60.79166 -67.62177 -65.22412 60.79166 -67.77177 -65.48393 60.79166 -67.62177 -65.74374 60.79166 -67.32177 -65.74374 60.79166 -67.17177 -65.48393 65.07486 -67.32177 -65.22412 65.07486 -67.62177 -65.22412 65.07486 -67.77177 -65.48393 65.07486 -67.62177 -65.74374 65.07486 -67.32177 -65.74374 65.07486 -67.47177 -65.48393 60.79166 -67.47177 -65.48393 65.07486 -167.18924 -203.54049 47.15045 -170.60558 -203.34964 47.15045 -172.47903 -206.21286 47.15045 -170.93613 -209.26691 47.15045 -167.51980 -209.45776 47.15045 -165.64635 -206.59455 47.15045 -169.06269 -206.40370 63.10692 -169.06269 -206.40370 47.15045 -168.76269 -206.40370 43.30551 -168.91269 -206.14389 43.30551 -169.21269 -206.14389 43.30551 -169.36269 -206.40370 43.30551 -169.21269 -206.66351 43.30551 -168.91269 -206.66351 43.30551 -168.76269 -206.40370 50.61088 -168.91269 -206.14389 50.61088 -169.21269 -206.14389 50.61088 -169.36269 -206.40370 50.61088 -169.21269 -206.66351 50.61088 -168.91269 -206.66351 50.61088 -169.06269 -206.40370 43.30551 -169.06269 -206.40370 50.61088 -201.21560 -219.34757 43.22395 -205.86281 -219.54218 43.22395 -208.01788 -223.66409 43.22395 -205.52574 -227.59139 43.22395 -200.87853 -227.39678 43.22395 -198.72346 -223.27487 43.22395 -203.37067 -223.46948 59.69169 -203.37067 -223.46948 43.22395 -203.07067 -223.46948 39.25582 -203.22067 -223.20967 39.25582 -203.52067 -223.20967 39.25582 -203.67067 -223.46948 39.25582 -203.52067 -223.72928 39.25582 -203.22067 -223.72928 39.25582 -203.07067 -223.46948 46.79527 -203.22067 -223.20967 46.79527 -203.52067 -223.20967 46.79527 -203.67067 -223.46948 46.79527 -203.52067 -223.72928 46.79527 -203.22067 -223.72928 46.79527 -203.37067 -223.46948 39.25582 -203.37067 -223.46948 46.79527 -231.99976 -24.21629 49.20237 -231.49817 -19.60089 49.20237 -235.24443 -16.85881 49.20237 -239.49227 -18.73212 49.20237 -239.99386 -23.34752 49.20237 -236.24760 -26.08960 49.20237 -235.74602 -21.47420 61.43850 -235.74602 -21.47420 49.20237 -235.44602 -21.47420 46.25391 -235.59602 -21.21440 46.25391 -235.89602 -21.21440 46.25391 -236.04602 -21.47420 46.25391 -235.89602 -21.73401 46.25391 -235.59602 -21.73401 46.25391 -235.44602 -21.47420 51.85599 -235.59602 -21.21440 51.85599 -235.89602 -21.21440 51.85599 -236.04602 -21.47420 51.85599 -235.89602 -21.73401 51.85599 -235.59602 -21.73401 51.85599 -235.74602 -21.47420 46.25391 -235.74602 -21.47420 51.85599 -104.24828 -84.88141 44.95859 -101.80474 -85.15387 44.95859 -100.34701 -83.17393 44.95859 -101.33283 -80.92153 44.95859 -103.77637 -80.64907 44.95859 -105.23409 -82.62901 44.95859 -102.79055 -82.90147 57.58462 -102.79055 -82.90147 44.95859 -102.49055 -82.90147 41.91617 -102.64055 -82.64166 41.91617 -102.94055 -82.64166 41.91617 -103.09055 -82.90147 41.91617 -102.94055 -83.16128 41.91617 -102.64055 -83.16128 41.91617 -102.49055 -82.90147 47.69676 -102.64055 -82.64166 47.69676 -102.94055 -82.64166 47.69676 -103.09055 -82.90147 47.69676 -102.94055 -83.16128 47.69676 -102.64055 -83.16128 47.69676 -102.79055 -82.90147 41.91617 -102.79055 -82.90147 47.69676 -57.74458 -148.80214 43.57632 -60.79118 -149.00514 43.57632 -62.13867 -151.74507 43.57632 -60.43957 -154.28200 43.57632 -57.39297 -154.07900 43.57632 -56.04548 -151.33907 43.57632 -59.09207 -151.54207 55.44487 -59.09207 -151.54207 43.57632 -58.79207 -151.54207 40.71644 -58.94207 -151.28227 40.71644 -59.24207 -151.28227 40.71644 -59.39207 -151.54207 40.71644 -59.24207 -151.80188 40.71644 -58.94207 -151.80188 40.71644 -58.79207 -151.54207 46.15023 -58.94207 -151.28227 46.15023 -59.24207 -151.28227 46.15023 -59.39207 -151.54207 46.15023 -59.24207 -151.80188 46.15023 -58.94207 -151.80188 46.15023 -59.09207 -151.54207 40.71644 -59.09207 -151.54207 46.15023 -170.88835 -82.65060 41.04794 -168.92939 -79.55197 41.04794 -170.63340 -76.30614 41.04794 -174.29637 -76.15895 41.04794 -176.25534 -79.25758 41.04794 -174.55132 -82.50340 41.04794 -172.59236 -79.40477 51.40135 -172.59236 -79.40477 41.04794 -172.29236 -79.40477 38.55315 -172.44236 -79.14497 38.55315 -172.74236 -79.14497 38.55315 -172.89236 -79.40477 38.55315 -172.74236 -79.66458 38.55315 -172.44236 -79.66458 38.55315 -172.29236 -79.40477 43.29326 -172.44236 -79.14497 43.29326 -172.74236 -79.14497 43.29326 -172.89236 -79.40477 43.29326 -172.74236 -79.66458 43.29326 -172.44236 -79.66458 43.29326 -172.59236 -79.40477 38.55315 -172.59236 -79.40477 43.29326 -195.05805 -77.43302 44.50979 -191.82388 -76.76645 44.50979 -190.78406 -73.63229 44.50979 -192.97842 -71.16470 44.50979 -196.21259 -71.83128 44.50979 -197.25241 -74.96544 44.50979 -194.01824 -74.29886 57.59290 -194.01824 -74.29886 44.50979 -193.71824 -74.29886 41.35724 -193.86824 -74.03906 41.35724 -194.16824 -74.03906 41.35724 -194.31824 -74.29886 41.35724 -194.16824 -74.55867 41.35724 -193.86824 -74.55867 41.35724 -193.71824 -74.29886 47.34709 -193.86824 -74.03906 47.34709 -194.16824 -74.03906 47.34709 -194.31824 -74.29886 47.34709 -194.16824 -74.55867 47.34709 -193.86824 -74.55867 47.34709 -194.01824 -74.29886 41.35724 -194.01824 -74.29886 47.34709 -14.92650 -135.27365 52.24067 -13.71167 -139.73514 52.24067 -9.24048 -140.91381 52.24067 -5.98413 -137.63098 52.24067 -7.19897 -133.16949 52.24067 -11.67015 -131.99082 52.24067 -10.45532 -136.45231 68.86004 -10.45532 -136.45231 52.24067 -10.15532 -136.45231 48.23601 -10.30532 -136.19251 48.23601 -10.60532 -136.19251 48.23601 -10.75532 -136.45231 48.23601 -10.60532 -136.71212 48.23601 -10.30532 -136.71212 48.23601 -10.15532 -136.45231 55.84487 -10.30532 -136.19251 55.84487 -10.60532 -136.19251 55.84487 -10.75532 -136.45231 55.84487 -10.60532 -136.71212 55.84487 -10.30532 -136.71212 55.84487 -10.45532 -136.45231 48.23601 -10.45532 -136.45231 55.84487 -72.50057 -44.30807 70.42760 -70.56454 -41.84050 70.42760 -71.73350 -38.93006 70.42760 -74.83849 -38.48719 70.42760 -76.77453 -40.95476 70.42760 -75.60557 -43.86520 70.42760 -73.66953 -41.39763 79.88029 -73.66953 -41.39763 70.42760 -73.36953 -41.39763 68.14985 -73.51953 -41.13783 68.14985 -73.81953 -41.13783 68.14985 -73.96953 -41.39763 68.14985 -73.81953 -41.65744 68.14985 -73.51953 -41.65744 68.14985 -73.36953 -41.39763 72.47758 -73.51953 -41.13783 72.47758 -73.81953 -41.13783 72.47758 -73.96953 -41.39763 72.47758 -73.81953 -41.65744 72.47758 -73.51953 -41.65744 72.47758 -73.66953 -41.39763 68.14985 -73.66953 -41.39763 72.47758 -118.42111 -77.12605 43.47693 -119.06213 -73.71481 43.47693 -122.33687 -72.56433 43.47693 -124.97058 -74.82509 43.47693 -124.32956 -78.23634 43.47693 -121.05482 -79.38682 43.47693 -121.69585 -75.97557 60.02106 -121.69585 -75.97557 43.47693 -121.39585 -75.97557 39.49039 -121.54585 -75.71577 39.49039 -121.84585 -75.71577 39.49039 -121.99585 -75.97557 39.49039 -121.84585 -76.23538 39.49039 -121.54585 -76.23538 39.49039 -121.39585 -75.97557 47.06481 -121.54585 -75.71577 47.06481 -121.84585 -75.71577 47.06481 -121.99585 -75.97557 47.06481 -121.84585 -76.23538 47.06481 -121.54585 -76.23538 47.06481 -121.69585 -75.97557 39.49039 -121.69585 -75.97557 47.06481 -229.91874 -47.51152 48.47648 -225.77217 -48.49440 48.47648 -222.84770 -45.39480 48.47648 -224.06979 -41.31232 48.47648 -228.21636 -40.32945 48.47648 -231.14084 -43.42905 48.47648 -226.99427 -44.41192 63.17155 -226.99427 -44.41192 48.47648 -226.69427 -44.41192 44.93550 -226.84427 -44.15212 44.93550 -227.14427 -44.15212 44.93550 -227.29427 -44.41192 44.93550 -227.14427 -44.67173 44.93550 -226.84427 -44.67173 44.93550 -226.69427 -44.41192 51.66337 -226.84427 -44.15212 51.66337 -227.14427 -44.15212 51.66337 -227.29427 -44.41192 51.66337 -227.14427 -44.67173 51.66337 -226.84427 -44.67173 51.66337 -226.99427 -44.41192 44.93550 -226.99427 -44.41192 51.66337 -180.96683 -53.10682 41.64440 -177.56029 -53.88177 41.64440 -175.18589 -51.31910 41.64440 -176.21803 -47.98147 41.64440 -179.62457 -47.20652 41.64440 -181.99897 -49.76919 41.64440 -178.59243 -50.54415 58.59777 -178.59243 -50.54415 41.64440 -178.29243 -50.54415 37.55925 -178.44243 -50.28434 37.55925 -178.74243 -50.28434 37.55925 -178.89243 -50.54415 37.55925 -178.74243 -50.80395 37.55925 -178.44243 -50.80395 37.55925 -178.29243 -50.54415 45.32104 -178.44243 -50.28434 45.32104 -178.74243 -50.28434 45.32104 -178.89243 -50.54415 45.32104 -178.74243 -50.80395 45.32104 -178.44243 -50.80395 45.32104 -178.59243 -50.54415 37.55925 -178.59243 -50.54415 45.32104 -109.24258 -153.67730 44.07291 -114.11027 -153.31253 44.07291 -116.86002 -157.34568 44.07291 -114.74208 -161.74361 44.07291 -109.87439 -162.10838 44.07291 -107.12464 -158.07523 44.07291 -111.99233 -157.71046 60.38144 -111.99233 -157.71046 44.07291 -111.69233 -157.71046 40.14315 -111.84233 -157.45065 40.14315 -112.14233 -157.45065 40.14315 -112.29233 -157.71046 40.14315 -112.14233 -157.97026 40.14315 -111.84233 -157.97026 40.14315 -111.69233 -157.71046 47.60970 -111.84233 -157.45065 47.60970 -112.14233 -157.45065 47.60970 -112.29233 -157.71046 47.60970 -112.14233 -157.97026 47.60970 -111.84233 -157.97026 47.60970 -111.99233 -157.71046 40.14315 -111.99233 -157.71046 47.60970 -62.41757 -64.87117 67.04661 -60.22243 -63.32019 67.04661 -60.46805 -60.64365 67.04661 -62.90881 -59.51809 67.04661 -65.10395 -61.06908 67.04661 -64.85833 -63.74561 67.04661 -62.66319 -62.19463 77.06294 -62.66319 -62.19463 67.04661 -62.36319 -62.19463 64.63304 -62.51319 -61.93482 64.63304 -62.81319 -61.93482 64.63304 -62.96319 -62.19463 64.63304 -62.81319 -62.45444 64.63304 -62.51319 -62.45444 64.63304 -62.36319 -62.19463 69.21883 -62.51319 -61.93482 69.21883 -62.81319 -61.93482 69.21883 -62.96319 -62.19463 69.21883 -62.81319 -62.45444 69.21883 -62.51319 -62.45444 69.21883 -62.66319 -62.19463 64.63304 -62.66319 -62.19463 69.21883 -205.47168 -95.32718 49.01819 -208.19678 -93.45544 49.01819 -211.18030 -94.87958 49.01819 -211.43871 -98.17545 49.01819 -208.71362 -100.04718 49.01819 -205.73010 -98.62304 49.01819 -208.45520 -96.75131 63.89095 -208.45520 -96.75131 49.01819 -208.15520 -96.75131 45.43440 -208.30520 -96.49151 45.43440 -208.60520 -96.49151 45.43440 -208.75520 -96.75131 45.43440 -208.60520 -97.01112 45.43440 -208.30520 -97.01112 45.43440 -208.15520 -96.75131 52.24361 -208.30520 -96.49151 52.24361 -208.60520 -96.49151 52.24361 -208.75520 -96.75131 52.24361 -208.60520 -97.01112 52.24361 -208.30520 -97.01112 52.24361 -208.45520 -96.75131 45.43440 -208.45520 -96.75131 52.24361 -51.18722 -140.89328 48.15288 -48.84476 -141.75114 48.15288 -46.93060 -140.15145 48.15288 -47.35890 -137.69389 48.15288 -49.70136 -136.83603 48.15288 -51.61552 -138.43573 48.15288 -49.27306 -139.29359 65.26208 -49.27306 -139.29359 48.15288 -48.97306 -139.29359 44.03018 -49.12306 -139.03378 44.03018 -49.42306 -139.03378 44.03018 -49.57306 -139.29359 44.03018 -49.42306 -139.55339 44.03018 -49.12306 -139.55339 44.03018 -48.97306 -139.29359 51.86330 -49.12306 -139.03378 51.86330 -49.42306 -139.03378 51.86330 -49.57306 -139.29359 51.86330 -49.42306 -139.55339 51.86330 -49.12306 -139.55339 51.86330 -49.27306 -139.29359 44.03018 -49.27306 -139.29359 51.86330 -103.36035 -27.35497 55.22647 -101.21596 -29.99694 55.22647 -97.85576 -29.46083 55.22647 -96.63995 -26.28275 55.22647 -98.78433 -23.64079 55.22647 -102.14453 -24.17690 55.22647 -100.00015 -26.81886 72.24128 -100.00015 -26.81886 55.22647 -99.70015 -26.81886 51.12652 -99.85015 -26.55906 51.12652 -100.15015 -26.55906 51.12652 -100.30015 -26.81886 51.12652 -100.15015 -27.07867 51.12652 -99.85015 -27.07867 51.12652 -99.70015 -26.81886 58.91643 -99.85015 -26.55906 58.91643 -100.15015 -26.55906 58.91643 -100.30015 -26.81886 58.91643 -100.15015 -27.07867 58.91643 -99.85015 -27.07867 58.91643 -100.00015 -26.81886 51.12652 -100.00015 -26.81886 58.91643 -61.35278 -22.66478 82.11709 -58.47379 -26.59005 82.11709 -53.63492 -26.05941 82.11709 -51.67503 -21.60350 82.11709 -54.55401 -17.67823 82.11709 -59.39288 -18.20887 82.11709 -56.51390 -22.13414 97.61627 -56.51390 -22.13414 82.11709 -56.21390 -22.13414 78.38235 -56.36390 -21.87433 78.38235 -56.66390 -21.87433 78.38235 -56.81390 -22.13414 78.38235 -56.66390 -22.39395 78.38235 -56.36390 -22.39395 78.38235 -56.21390 -22.13414 85.47836 -56.36390 -21.87433 85.47836 -56.66390 -21.87433 85.47836 -56.81390 -22.13414 85.47836 -56.66390 -22.39395 85.47836 -56.36390 -22.39395 85.47836 -56.51390 -22.13414 78.38235 -56.51390 -22.13414 85.47836 -188.62214 -16.01027 52.96196 -192.12040 -16.26258 52.96196 -193.65102 -19.41833 52.96196 -191.68338 -22.32175 52.96196 -188.18511 -22.06944 52.96196 -186.65450 -18.91369 52.96196 -190.15276 -19.16601 67.90792 -190.15276 -19.16601 52.96196 -189.85276 -19.16601 49.36052 -190.00276 -18.90620 49.36052 -190.30276 -18.90620 49.36052 -190.45276 -19.16601 49.36052 -190.30276 -19.42582 49.36052 -190.00276 -19.42582 49.36052 -189.85276 -19.16601 56.20325 -190.00276 -18.90620 56.20325 -190.30276 -18.90620 56.20325 -190.45276 -19.16601 56.20325 -190.30276 -19.42582 56.20325 -190.00276 -19.42582 56.20325 -190.15276 -19.16601 49.36052 -190.15276 -19.16601 56.20325 -128.96724 -14.13966 51.56862 -131.02506 -10.95471 51.56862 -134.81222 -11.14437 51.56862 -136.54155 -14.51897 51.56862 -134.48373 -17.70392 51.56862 -130.69657 -17.51427 51.56862 -132.75440 -14.32932 60.50761 -132.75440 -14.32932 51.56862 -132.45440 -14.32932 49.41465 -132.60440 -14.06951 49.41465 -132.90440 -14.06951 49.41465 -133.05440 -14.32932 49.41465 -132.90440 -14.58913 49.41465 -132.60440 -14.58913 49.41465 -132.45440 -14.32932 53.50720 -132.60440 -14.06951 53.50720 -132.90440 -14.06951 53.50720 -133.05440 -14.32932 53.50720 -132.90440 -14.58913 53.50720 -132.60440 -14.58913 53.50720 -132.75440 -14.32932 49.41465 -132.75440 -14.32932 53.50720 -124.67840 -87.57515 41.95436 -127.13412 -89.18394 41.95436 -126.96873 -92.11506 41.95436 -124.34761 -93.43739 41.95436 -121.89188 -91.82859 41.95436 -122.05727 -88.89747 41.95436 -124.51300 -90.50627 59.17575 -124.51300 -90.50627 41.95436 -124.21300 -90.50627 37.80462 -124.36300 -90.24646 37.80462 -124.66300 -90.24646 37.80462 -124.81300 -90.50627 37.80462 -124.66300 -90.76608 37.80462 -124.36300 -90.76608 37.80462 -124.21300 -90.50627 45.68912 -124.36300 -90.24646 45.68912 -124.66300 -90.24646 45.68912 -124.81300 -90.50627 45.68912 -124.66300 -90.76608 45.68912 -124.36300 -90.76608 45.68912 -124.51300 -90.50627 37.80462 -124.51300 -90.50627 45.68912 -78.62345 -36.77853 65.46914 -78.80114 -32.78575 65.46914 -82.34783 -30.94325 65.46914 -85.71683 -33.09352 65.46914 -85.53913 -37.08630 65.46914 -81.99244 -38.92880 65.46914 -82.17014 -34.93603 77.14551 -82.17014 -34.93603 65.46914 -81.87014 -34.93603 62.65555 -82.02014 -34.67622 62.65555 -82.32014 -34.67622 62.65555 -82.47014 -34.93603 62.65555 -82.32014 -35.19583 62.65555 -82.02014 -35.19583 62.65555 -81.87014 -34.93603 68.00136 -82.02014 -34.67622 68.00136 -82.32014 -34.67622 68.00136 -82.47014 -34.93603 68.00136 -82.32014 -35.19583 68.00136 -82.02014 -35.19583 68.00136 -82.17014 -34.93603 62.65555 -82.17014 -34.93603 68.00136 -68.49205 -63.64162 64.48717 -68.20470 -59.30089 64.48717 -71.82020 -56.88168 64.48717 -75.72306 -58.80319 64.48717 -76.01041 -63.14392 64.48717 -72.39490 -65.56313 64.48717 -72.10755 -61.22241 78.12397 -72.10755 -61.22241 64.48717 -71.80755 -61.22241 61.20119 -71.95755 -60.96260 61.20119 -72.25755 -60.96260 61.20119 -72.40755 -61.22241 61.20119 -72.25755 -61.48221 61.20119 -71.95755 -61.48221 61.20119 -71.80755 -61.22241 67.44455 -71.95755 -60.96260 67.44455 -72.25755 -60.96260 67.44455 -72.40755 -61.22241 67.44455 -72.25755 -61.48221 67.44455 -71.95755 -61.48221 67.44455 -72.10755 -61.22241 61.20119 -72.10755 -61.22241 67.44455 -225.92290 -72.68952 49.24999 -227.25089 -75.18003 49.24999 -225.75803 -77.57537 49.24999 -222.93719 -77.48018 49.24999 -221.60920 -74.98967 49.24999 -223.10205 -72.59434 49.24999 -224.43004 -75.08485 61.18138 -224.43004 -75.08485 49.24999 -224.13004 -75.08485 46.37495 -224.28004 -74.82504 46.37495 -224.58004 -74.82504 46.37495 -224.73004 -75.08485 46.37495 -224.58004 -75.34466 46.37495 -224.28004 -75.34466 46.37495 -224.13004 -75.08485 51.83752 -224.28004 -74.82504 51.83752 -224.58004 -74.82504 51.83752 -224.73004 -75.08485 51.83752 -224.58004 -75.34466 51.83752 -224.28004 -75.34466 51.83752 -224.43004 -75.08485 46.37495 -224.43004 -75.08485 51.83752 -179.12503 -177.68478 48.42256 -177.41342 -179.79177 48.42256 -174.73291 -179.36297 48.42256 -173.76401 -176.82718 48.42256 -175.47561 -174.72019 48.42256 -178.15612 -175.14899 48.42256 -176.44452 -177.25598 63.17772 -176.44452 -177.25598 48.42256 -176.14452 -177.25598 44.86710 -176.29452 -176.99617 44.86710 -176.59452 -176.99617 44.86710 -176.74452 -177.25598 44.86710 -176.59452 -177.51579 44.86710 -176.29452 -177.51579 44.86710 -176.14452 -177.25598 51.62247 -176.29452 -176.99617 51.62247 -176.59452 -176.99617 51.62247 -176.74452 -177.25598 51.62247 -176.59452 -177.51579 51.62247 -176.29452 -177.51579 51.62247 -176.44452 -177.25598 44.86710 -176.44452 -177.25598 51.62247 -106.69544 -135.90003 40.82578 -108.02548 -133.53160 40.82578 -110.74163 -133.49924 40.82578 -112.12772 -135.83531 40.82578 -110.79768 -138.20374 40.82578 -108.08154 -138.23610 40.82578 -109.41158 -135.86767 52.45799 -109.41158 -135.86767 40.82578 -109.11158 -135.86767 38.02284 -109.26158 -135.60786 38.02284 -109.56158 -135.60786 38.02284 -109.71158 -135.86767 38.02284 -109.56158 -136.12748 38.02284 -109.26158 -136.12748 38.02284 -109.11158 -135.86767 43.34843 -109.26158 -135.60786 43.34843 -109.56158 -135.60786 43.34843 -109.71158 -135.86767 43.34843 -109.56158 -136.12748 43.34843 -109.26158 -136.12748 43.34843 -109.41158 -135.86767 38.02284 -109.41158 -135.86767 43.34843 -16.37074 -191.70091 43.83575 -15.97629 -194.42995 43.83575 -13.41564 -195.45287 43.83575 -11.24944 -193.74675 43.83575 -11.64389 -191.01770 43.83575 -14.20454 -189.99478 43.83575 -13.81009 -192.72383 55.87019 -13.81009 -192.72383 43.83575 -13.51009 -192.72383 40.93589 -13.66009 -192.46402 40.93589 -13.96009 -192.46402 40.93589 -14.11009 -192.72383 40.93589 -13.96009 -192.98363 40.93589 -13.66009 -192.98363 40.93589 -13.51009 -192.72383 46.44563 -13.66009 -192.46402 46.44563 -13.96009 -192.46402 46.44563 -14.11009 -192.72383 46.44563 -13.96009 -192.98363 46.44563 -13.66009 -192.98363 46.44563 -13.81009 -192.72383 40.93589 -13.81009 -192.72383 46.44563 -232.78516 -111.18367 48.45474 -233.64755 -108.16303 48.45474 -236.69469 -107.39957 48.45474 -238.87945 -109.65674 48.45474 -238.01705 -112.67737 48.45474 -234.96991 -113.44084 48.45474 -235.83230 -110.42020 62.83470 -235.83230 -110.42020 48.45474 -235.53230 -110.42020 44.98969 -235.68230 -110.16040 44.98969 -235.98230 -110.16040 44.98969 -236.13230 -110.42020 44.98969 -235.98230 -110.68001 44.98969 -235.68230 -110.68001 44.98969 -235.53230 -110.42020 51.57329 -235.68230 -110.16040 51.57329 -235.98230 -110.16040 51.57329 -236.13230 -110.42020 51.57329 -235.98230 -110.68001 51.57329 -235.68230 -110.68001 51.57329 -235.83230 -110.42020 44.98969 -235.83230 -110.42020 51.57329 -208.67571 -69.06692 47.31286 -208.81827 -73.60846 47.31286 -204.95646 -76.00269 47.31286 -200.95209 -73.85537 47.31286 -200.80954 -69.31384 47.31286 -204.67135 -66.91961 47.31286 -204.81390 -71.46115 65.25380 -204.81390 -71.46115 47.31286 -204.51390 -71.46115 42.98974 -204.66390 -71.20134 42.98974 -204.96390 -71.20134 42.98974 -205.11390 -71.46115 42.98974 -204.96390 -71.72096 42.98974 -204.66390 -71.72096 42.98974 -204.51390 -71.46115 51.20366 -204.66390 -71.20134 51.20366 -204.96390 -71.20134 51.20366 -205.11390 -71.46115 51.20366 -204.96390 -71.72096 51.20366 -204.66390 -71.72096 51.20366 -204.81390 -71.46115 42.98974 -204.81390 -71.46115 51.20366 -215.56183 -62.80883 47.31704 -214.34090 -60.43813 47.31704 -215.78352 -58.19542 47.31704 -218.44708 -58.32341 47.31704 -219.66801 -60.69411 47.31704 -218.22539 -62.93683 47.31704 -217.00446 -60.56612 60.08619 -217.00446 -60.56612 47.31704 -216.70446 -60.56612 44.24013 -216.85446 -60.30631 44.24013 -217.15446 -60.30631 44.24013 -217.30446 -60.56612 44.24013 -217.15446 -60.82593 44.24013 -216.85446 -60.82593 44.24013 -216.70446 -60.56612 50.08625 -216.85446 -60.30631 50.08625 -217.15446 -60.30631 50.08625 -217.30446 -60.56612 50.08625 -217.15446 -60.82593 50.08625 -216.85446 -60.82593 50.08625 -217.00446 -60.56612 44.24013 -217.00446 -60.56612 50.08625 -223.86810 -79.45233 51.10190 -226.46982 -76.75557 51.10190 -230.10614 -77.66035 51.10190 -231.14075 -81.26188 51.10190 -228.53903 -83.95865 51.10190 -224.90270 -83.05387 51.10190 -227.50442 -80.35711 68.95009 -227.50442 -80.35711 51.10190 -227.20442 -80.35711 46.80114 -227.35442 -80.09730 46.80114 -227.65442 -80.09730 46.80114 -227.80442 -80.35711 46.80114 -227.65442 -80.61692 46.80114 -227.35442 -80.61692 46.80114 -227.20442 -80.35711 54.97260 -227.35442 -80.09730 54.97260 -227.65442 -80.09730 54.97260 -227.80442 -80.35711 54.97260 -227.65442 -80.61692 54.97260 -227.35442 -80.61692 54.97260 -227.50442 -80.35711 46.80114 -227.50442 -80.35711 54.97260 -179.41554 -126.08960 48.52233 -176.31375 -129.28841 48.52233 -171.99260 -128.20159 48.52233 -170.77324 -123.91596 48.52233 -173.87503 -120.71714 48.52233 -178.19618 -121.80396 48.52233 -175.09439 -125.00278 66.32907 -175.09439 -125.00278 48.52233 -174.79439 -125.00278 44.23155 -174.94439 -124.74297 44.23155 -175.24439 -124.74297 44.23155 -175.39439 -125.00278 44.23155 -175.24439 -125.26258 44.23155 -174.94439 -125.26258 44.23155 -174.79439 -125.00278 52.38403 -174.94439 -124.74297 52.38403 -175.24439 -124.74297 52.38403 -175.39439 -125.00278 52.38403 -175.24439 -125.26258 52.38403 -174.94439 -125.26258 52.38403 -175.09439 -125.00278 44.23155 -175.09439 -125.00278 52.38403 -228.91127 -50.48750 48.57110 -232.41408 -53.40057 48.57110 -231.64268 -57.89063 48.57110 -227.36848 -59.46762 48.57110 -223.86567 -56.55454 48.57110 -224.63707 -52.06448 48.57110 -228.13988 -54.97756 59.38281 -228.13988 -54.97756 48.57110 -227.83988 -54.97756 45.96587 -227.98988 -54.71775 45.96587 -228.28988 -54.71775 45.96587 -228.43988 -54.97756 45.96587 -228.28988 -55.23736 45.96587 -227.98988 -55.23736 45.96587 -227.83988 -54.97756 50.91581 -227.98988 -54.71775 50.91581 -228.28988 -54.71775 50.91581 -228.43988 -54.97756 50.91581 -228.28988 -55.23736 50.91581 -227.98988 -55.23736 50.91581 -228.13988 -54.97756 45.96587 -228.13988 -54.97756 50.91581 -78.51126 -33.54680 69.37328 -75.58668 -32.00705 69.37328 -75.45785 -28.70442 69.37328 -78.25360 -26.94153 69.37328 -81.17818 -28.48127 69.37328 -81.30701 -31.78391 69.37328 -78.38243 -30.24416 86.11306 -78.38243 -30.24416 69.37328 -78.08243 -30.24416 65.33960 -78.23243 -29.98436 65.33960 -78.53243 -29.98436 65.33960 -78.68243 -30.24416 65.33960 -78.53243 -30.50397 65.33960 -78.23243 -30.50397 65.33960 -78.08243 -30.24416 73.00360 -78.23243 -29.98436 73.00360 -78.53243 -29.98436 73.00360 -78.68243 -30.24416 73.00360 -78.53243 -30.50397 73.00360 -78.23243 -30.50397 73.00360 -78.38243 -30.24416 65.33960 -78.38243 -30.24416 73.00360 -215.24376 -240.26453 43.86275 -215.83496 -243.86976 43.86275 -213.00833 -246.18437 43.86275 -209.59051 -244.89375 43.86275 -208.99931 -241.28852 43.86275 -211.82593 -238.97390 43.86275 -212.41713 -242.57914 54.63796 -212.41713 -242.57914 43.86275 -212.11713 -242.57914 41.26632 -212.26713 -242.31933 41.26632 -212.56713 -242.31933 41.26632 -212.71713 -242.57914 41.26632 -212.56713 -242.83895 41.26632 -212.26713 -242.83895 41.26632 -212.11713 -242.57914 46.19955 -212.26713 -242.31933 46.19955 -212.56713 -242.31933 46.19955 -212.71713 -242.57914 46.19955 -212.56713 -242.83895 46.19955 -212.26713 -242.83895 46.19955 -212.41713 -242.57914 41.26632 -212.41713 -242.57914 46.19955 -220.92396 -237.80069 46.25259 -222.93597 -233.46896 46.25259 -227.69336 -233.04555 46.25259 -230.43874 -236.95386 46.25259 -228.42674 -241.28559 46.25259 -223.66934 -241.70901 46.25259 -225.68135 -237.37728 62.82960 -225.68135 -237.37728 46.25259 -225.38135 -237.37728 42.25813 -225.53135 -237.11747 42.25813 -225.83135 -237.11747 42.25813 -225.98135 -237.37728 42.25813 -225.83135 -237.63709 42.25813 -225.53135 -237.63709 42.25813 -225.38135 -237.37728 49.84761 -225.53135 -237.11747 49.84761 -225.83135 -237.11747 49.84761 -225.98135 -237.37728 49.84761 -225.83135 -237.63709 49.84761 -225.53135 -237.63709 49.84761 -225.68135 -237.37728 42.25813 -225.68135 -237.37728 49.84761 -137.33567 -200.44313 50.27157 -141.20062 -198.80531 50.27157 -144.55148 -201.33355 50.27157 -144.03739 -205.49960 50.27157 -140.17245 -207.13741 50.27157 -136.82158 -204.60917 50.27157 -140.68653 -202.97136 65.16453 -140.68653 -202.97136 50.27157 -140.38653 -202.97136 46.68291 -140.53653 -202.71155 46.68291 -140.83653 -202.71155 46.68291 -140.98653 -202.97136 46.68291 -140.83653 -203.23117 46.68291 -140.53653 -203.23117 46.68291 -140.38653 -202.97136 53.50137 -140.53653 -202.71155 53.50137 -140.83653 -202.71155 53.50137 -140.98653 -202.97136 53.50137 -140.83653 -203.23117 53.50137 -140.53653 -203.23117 53.50137 -140.68653 -202.97136 46.68291 -140.68653 -202.97136 53.50137 -14.01249 -163.02175 47.99346 -16.79854 -165.04908 47.99346 -16.43585 -168.47553 47.99346 -13.28712 -169.87466 47.99346 -10.50107 -167.84733 47.99346 -10.86375 -164.42088 47.99346 -13.64980 -166.44821 59.23422 -13.64980 -166.44821 47.99346 -13.34980 -166.44821 45.28484 -13.49980 -166.18840 45.28484 -13.79980 -166.18840 45.28484 -13.94980 -166.44821 45.28484 -13.79980 -166.70801 45.28484 -13.49980 -166.70801 45.28484 -13.34980 -166.44821 50.43122 -13.49980 -166.18840 50.43122 -13.79980 -166.18840 50.43122 -13.94980 -166.44821 50.43122 -13.79980 -166.70801 50.43122 -13.49980 -166.70801 50.43122 -13.64980 -166.44821 45.28484 -13.64980 -166.44821 50.43122 -142.97250 -218.70868 48.45738 -139.38065 -220.71657 48.45738 -135.84584 -218.60989 48.45738 -135.90288 -214.49530 48.45738 -139.49473 -212.48741 48.45738 -143.02954 -214.59410 48.45738 -139.43769 -216.60199 57.98356 -139.43769 -216.60199 48.45738 -139.13769 -216.60199 46.16191 -139.28769 -216.34219 46.16191 -139.58769 -216.34219 46.16191 -139.73769 -216.60199 46.16191 -139.58769 -216.86180 46.16191 -139.28769 -216.86180 46.16191 -139.13769 -216.60199 50.52330 -139.28769 -216.34219 50.52330 -139.58769 -216.34219 50.52330 -139.73769 -216.60199 50.52330 -139.58769 -216.86180 50.52330 -139.28769 -216.86180 50.52330 -139.43769 -216.60199 46.16191 -139.43769 -216.60199 50.52330 -124.33583 -100.10175 39.90375 -123.62139 -102.59719 39.90375 -121.10305 -103.22619 39.90375 -119.29916 -101.35974 39.90375 -120.01360 -98.86430 39.90375 -122.53194 -98.23530 39.90375 -121.81750 -100.73074 49.73207 -121.81750 -100.73074 39.90375 -121.51750 -100.73074 37.53548 -121.66750 -100.47093 37.53548 -121.96750 -100.47093 37.53548 -122.11750 -100.73074 37.53548 -121.96750 -100.99055 37.53548 -121.66750 -100.99055 37.53548 -121.51750 -100.73074 42.03519 -121.66750 -100.47093 42.03519 -121.96750 -100.47093 42.03519 -122.11750 -100.73074 42.03519 -121.96750 -100.99055 42.03519 -121.66750 -100.99055 42.03519 -121.81750 -100.73074 37.53548 -121.81750 -100.73074 42.03519 -172.27263 -216.22650 44.85603 -171.88258 -212.45369 44.85603 -174.95490 -210.22950 44.85603 -178.41727 -211.77811 44.85603 -178.80732 -215.55091 44.85603 -175.73500 -217.77511 44.85603 -175.34495 -214.00230 58.17714 -175.34495 -214.00230 44.85603 -175.04495 -214.00230 41.64612 -175.19495 -213.74250 41.64612 -175.49495 -213.74250 41.64612 -175.64495 -214.00230 41.64612 -175.49495 -214.26211 41.64612 -175.19495 -214.26211 41.64612 -175.04495 -214.00230 47.74495 -175.19495 -213.74250 47.74495 -175.49495 -213.74250 47.74495 -175.64495 -214.00230 47.74495 -175.49495 -214.26211 47.74495 -175.19495 -214.26211 47.74495 -175.34495 -214.00230 41.64612 -175.34495 -214.00230 47.74495 -240.51119 -25.71598 48.65039 -237.73815 -28.28093 48.65039 -234.13032 -27.16188 48.65039 -233.29553 -23.47788 48.65039 -236.06857 -20.91293 48.65039 -239.67640 -22.03198 48.65039 -236.90336 -24.59693 60.26858 -236.90336 -24.59693 48.65039 -236.60336 -24.59693 45.85083 -236.75336 -24.33712 45.85083 -237.05336 -24.33712 45.85083 -237.20336 -24.59693 45.85083 -237.05336 -24.85674 45.85083 -236.75336 -24.85674 45.85083 -236.60336 -24.59693 51.17000 -236.75336 -24.33712 51.17000 -237.05336 -24.33712 51.17000 -237.20336 -24.59693 51.17000 -237.05336 -24.85674 51.17000 -236.75336 -24.85674 51.17000 -236.90336 -24.59693 45.85083 -236.90336 -24.59693 51.17000 -164.80739 -39.13276 40.80257 -161.27058 -41.10103 40.80257 -157.79761 -39.02221 40.80257 -157.86144 -34.97511 40.80257 -161.39824 -33.00684 40.80257 -164.87122 -35.08567 40.80257 -161.33441 -37.05394 49.22485 -161.33441 -37.05394 40.80257 -161.03441 -37.05394 38.77310 -161.18441 -36.79413 38.77310 -161.48441 -36.79413 38.77310 -161.63441 -37.05394 38.77310 -161.48441 -37.31374 38.77310 -161.18441 -37.31374 38.77310 -161.03441 -37.05394 42.62909 -161.18441 -36.79413 42.62909 -161.48441 -36.79413 42.62909 -161.63441 -37.05394 42.62909 -161.48441 -37.31374 42.62909 -161.18441 -37.31374 42.62909 -161.33441 -37.05394 38.77310 -161.33441 -37.05394 42.62909 -237.49651 -109.19195 48.29939 -239.25278 -110.98817 48.29939 -238.57534 -113.40724 48.29939 -236.14164 -114.03010 48.29939 -234.38538 -112.23388 48.29939 -235.06281 -109.81481 48.29939 -236.81908 -111.61103 62.85475 -236.81908 -111.61103 48.29939 -236.51908 -111.61103 44.79207 -236.66908 -111.35122 44.79207 -236.96908 -111.35122 44.79207 -237.11908 -111.61103 44.79207 -236.96908 -111.87083 44.79207 -236.66908 -111.87083 44.79207 -236.51908 -111.61103 51.45597 -236.66908 -111.35122 51.45597 -236.96908 -111.35122 51.45597 -237.11908 -111.61103 51.45597 -236.96908 -111.87083 51.45597 -236.66908 -111.87083 51.45597 -236.81908 -111.61103 44.79207 -236.81908 -111.61103 51.45597 -143.66333 -110.75745 40.62173 -143.53795 -113.23502 40.62173 -141.32962 -114.36522 40.62173 -139.24667 -113.01785 40.62173 -139.37205 -110.54028 40.62173 -141.58038 -109.41008 40.62173 -141.45500 -111.88765 50.46092 -141.45500 -111.88765 40.62173 -141.15500 -111.88765 38.25084 -141.30500 -111.62784 38.25084 -141.60500 -111.62784 38.25084 -141.75500 -111.88765 38.25084 -141.60500 -112.14746 38.25084 -141.30500 -112.14746 38.25084 -141.15500 -111.88765 42.75553 -141.30500 -111.62784 42.75553 -141.60500 -111.62784 42.75553 -141.75500 -111.88765 42.75553 -141.60500 -112.14746 42.75553 -141.30500 -112.14746 42.75553 -141.45500 -111.88765 38.25084 -141.45500 -111.88765 42.75553 -108.48446 -135.62833 40.43345 -106.50998 -132.35697 40.43345 -108.35582 -129.01133 40.43345 -112.17615 -128.93707 40.43345 -114.15063 -132.20843 40.43345 -112.30479 -135.55406 40.43345 -110.33030 -132.28270 50.97181 -110.33030 -132.28270 40.43345 -110.03030 -132.28270 37.89408 -110.18030 -132.02289 37.89408 -110.48030 -132.02289 37.89408 -110.63030 -132.28270 37.89408 -110.48030 -132.54250 37.89408 -110.18030 -132.54250 37.89408 -110.03030 -132.28270 42.71888 -110.18030 -132.02289 42.71888 -110.48030 -132.02289 42.71888 -110.63030 -132.28270 42.71888 -110.48030 -132.54250 42.71888 -110.18030 -132.54250 42.71888 -110.33030 -132.28270 37.89408 -110.33030 -132.28270 42.71888 -36.75623 -141.14711 50.38585 -33.64793 -138.21796 50.38585 -34.63050 -134.06151 50.38585 -38.72137 -132.83422 50.38585 -41.82967 -135.76337 50.38585 -40.84710 -139.91982 50.38585 -37.73880 -136.99066 67.95999 -37.73880 -136.99066 50.38585 -37.43880 -136.99066 46.15112 -37.58880 -136.73086 46.15112 -37.88880 -136.73086 46.15112 -38.03880 -136.99066 46.15112 -37.88880 -137.25047 46.15112 -37.58880 -137.25047 46.15112 -37.43880 -136.99066 54.19711 -37.58880 -136.73086 54.19711 -37.88880 -136.73086 54.19711 -38.03880 -136.99066 54.19711 -37.88880 -137.25047 54.19711 -37.58880 -137.25047 54.19711 -37.73880 -136.99066 46.15112 -37.73880 -136.99066 54.19711 -168.26956 -168.07526 48.55217 -172.81575 -168.87856 48.55217 -174.39317 -173.21733 48.55217 -171.42439 -176.75279 48.55217 -166.87821 -175.94949 48.55217 -165.30079 -171.61072 48.55217 -169.84698 -172.41403 60.16226 -169.84698 -172.41403 48.55217 -169.54698 -172.41403 45.75456 -169.69698 -172.15422 45.75456 -169.99698 -172.15422 45.75456 -170.14698 -172.41403 45.75456 -169.99698 -172.67383 45.75456 -169.69698 -172.67383 45.75456 -169.54698 -172.41403 51.07002 -169.69698 -172.15422 51.07002 -169.99698 -172.15422 51.07002 -170.14698 -172.41403 51.07002 -169.99698 -172.67383 51.07002 -169.69698 -172.67383 51.07002 -169.84698 -172.41403 45.75456 -169.84698 -172.41403 51.07002 -230.97494 -98.93929 48.87700 -234.32722 -96.95636 48.87700 -237.72063 -98.86806 48.87700 -237.76176 -102.76268 48.87700 -234.40947 -104.74561 48.87700 -231.01607 -102.83391 48.87700 -234.36835 -100.85098 60.60124 -234.36835 -100.85098 48.87700 -234.06835 -100.85098 46.05188 -234.21835 -100.59118 46.05188 -234.51835 -100.59118 46.05188 -234.66835 -100.85098 46.05188 -234.51835 -101.11079 46.05188 -234.21835 -101.11079 46.05188 -234.06835 -100.85098 51.41961 -234.21835 -100.59118 51.41961 -234.51835 -100.59118 51.41961 -234.66835 -100.85098 51.41961 -234.51835 -101.11079 51.41961 -234.21835 -101.11079 51.41961 -234.36835 -100.85098 46.05188 -234.36835 -100.85098 51.41961 -163.03666 -183.97771 48.02267 -166.53292 -184.75417 48.02267 -167.60861 -188.17026 48.02267 -165.18804 -190.80987 48.02267 -161.69178 -190.03340 48.02267 -160.61609 -186.61732 48.02267 -164.11235 -187.39379 58.26978 -164.11235 -187.39379 48.02267 -163.81235 -187.39379 45.55348 -163.96235 -187.13398 45.55348 -164.26235 -187.13398 45.55348 -164.41235 -187.39379 45.55348 -164.26235 -187.65360 45.55348 -163.96235 -187.65360 45.55348 -163.81235 -187.39379 50.24493 -163.96235 -187.13398 50.24493 -164.26235 -187.13398 50.24493 -164.41235 -187.39379 50.24493 -164.26235 -187.65360 50.24493 -163.96235 -187.65360 50.24493 -164.11235 -187.39379 45.55348 -164.11235 -187.39379 50.24493 -214.71039 -157.45753 44.33636 -213.91494 -155.18164 44.33636 -215.48819 -153.35481 44.33636 -217.85690 -153.80388 44.33636 -218.65235 -156.07977 44.33636 -217.07909 -157.90659 44.33636 -216.28364 -155.63070 55.32055 -216.28364 -155.63070 44.33636 -215.98364 -155.63070 41.68956 -216.13364 -155.37090 41.68956 -216.43364 -155.37090 41.68956 -216.58364 -155.63070 41.68956 -216.43364 -155.89051 41.68956 -216.13364 -155.89051 41.68956 -215.98364 -155.63070 46.71847 -216.13364 -155.37090 46.71847 -216.43364 -155.37090 46.71847 -216.58364 -155.63070 46.71847 -216.43364 -155.89051 46.71847 -216.13364 -155.89051 46.71847 -216.28364 -155.63070 41.68956 -216.28364 -155.63070 46.71847 -190.54831 -19.46640 52.09409 -189.91604 -21.90559 52.09409 -187.48750 -22.57762 52.09409 -185.69123 -20.81046 52.09409 -186.32351 -18.37127 52.09409 -188.75205 -17.69924 52.09409 -188.11977 -20.13843 65.36452 -188.11977 -20.13843 52.09409 -187.81977 -20.13843 48.89639 -187.96977 -19.87862 48.89639 -188.26977 -19.87862 48.89639 -188.41977 -20.13843 48.89639 -188.26977 -20.39824 48.89639 -187.96977 -20.39824 48.89639 -187.81977 -20.13843 54.97201 -187.96977 -19.87862 54.97201 -188.26977 -19.87862 54.97201 -188.41977 -20.13843 54.97201 -188.26977 -20.39824 54.97201 -187.96977 -20.39824 54.97201 -188.11977 -20.13843 48.89639 -188.11977 -20.13843 54.97201 -233.91365 -103.91242 49.26630 -237.81464 -105.38814 49.26630 -238.48713 -109.50435 49.26630 -235.25862 -112.14485 49.26630 -231.35763 -110.66913 49.26630 -230.68515 -106.55292 49.26630 -234.58614 -108.02863 65.63114 -234.58614 -108.02863 49.26630 -234.28614 -108.02863 45.32296 -234.43614 -107.76883 45.32296 -234.73614 -107.76883 45.32296 -234.88614 -108.02863 45.32296 -234.73614 -108.28844 45.32296 -234.43614 -108.28844 45.32296 -234.28614 -108.02863 52.81530 -234.43614 -107.76883 52.81530 -234.73614 -107.76883 52.81530 -234.88614 -108.02863 52.81530 -234.73614 -108.28844 52.81530 -234.43614 -108.28844 52.81530 -234.58614 -108.02863 45.32296 -234.58614 -108.02863 52.81530 -222.65843 -42.58946 47.66287 -221.48104 -38.95417 47.66287 -224.04060 -36.11688 47.66287 -227.77754 -36.91488 47.66287 -228.95493 -40.55016 47.66287 -226.39538 -43.38745 47.66287 -225.21799 -39.75217 62.22582 -225.21799 -39.75217 47.66287 -224.91799 -39.75217 44.15372 -225.06799 -39.49236 44.15372 -225.36799 -39.49236 44.15372 -225.51799 -39.75217 44.15372 -225.36799 -40.01197 44.15372 -225.06799 -40.01197 44.15372 -224.91799 -39.75217 50.82110 -225.06799 -39.49236 50.82110 -225.36799 -39.49236 50.82110 -225.51799 -39.75217 50.82110 -225.36799 -40.01197 50.82110 -225.06799 -40.01197 50.82110 -225.21799 -39.75217 44.15372 -225.21799 -39.75217 50.82110 -127.18800 -179.28846 47.98613 -123.29495 -180.88390 47.98613 -119.96673 -178.31014 47.98613 -120.53156 -174.14095 47.98613 -124.42461 -172.54550 47.98613 -127.75282 -175.11926 47.98613 -123.85978 -176.71470 63.18399 -123.85978 -176.71470 47.98613 -123.55978 -176.71470 44.32400 -123.70978 -176.45489 44.32400 -124.00978 -176.45489 44.32400 -124.15978 -176.71470 44.32400 -124.00978 -176.97451 44.32400 -123.70978 -176.97451 44.32400 -123.55978 -176.71470 51.28206 -123.70978 -176.45489 51.28206 -124.00978 -176.45489 51.28206 -124.15978 -176.71470 51.28206 -124.00978 -176.97451 51.28206 -123.70978 -176.97451 51.28206 -123.85978 -176.71470 44.32400 -123.85978 -176.71470 51.28206 -247.24910 -13.63885 51.64579 -251.21849 -15.94233 51.64579 -251.20832 -20.53167 51.64579 -247.22874 -22.81753 51.64579 -243.25934 -20.51404 51.64579 -243.26952 -15.92470 51.64579 -247.23892 -18.22819 64.41716 -247.23892 -18.22819 51.64579 -246.93892 -18.22819 48.56835 -247.08892 -17.96838 48.56835 -247.38892 -17.96838 48.56835 -247.53892 -18.22819 48.56835 -247.38892 -18.48800 48.56835 -247.08892 -18.48800 48.56835 -246.93892 -18.22819 54.41548 -247.08892 -17.96838 54.41548 -247.38892 -17.96838 54.41548 -247.53892 -18.22819 54.41548 -247.38892 -18.48800 54.41548 -247.08892 -18.48800 54.41548 -247.23892 -18.22819 48.56835 -247.23892 -18.22819 54.41548 -231.30812 -178.54817 42.93005 -226.67880 -178.16928 42.93005 -224.69227 -173.97074 42.93005 -227.33506 -170.15108 42.93005 -231.96437 -170.52996 42.93005 -233.95090 -174.72851 42.93005 -229.32159 -174.34962 59.14930 -229.32159 -174.34962 42.93005 -229.02159 -174.34962 39.02180 -229.17159 -174.08982 39.02180 -229.47159 -174.08982 39.02180 -229.62159 -174.34962 39.02180 -229.47159 -174.60943 39.02180 -229.17159 -174.60943 39.02180 -229.02159 -174.34962 46.44748 -229.17159 -174.08982 46.44748 -229.47159 -174.08982 46.44748 -229.62159 -174.34962 46.44748 -229.47159 -174.60943 46.44748 -229.17159 -174.60943 46.44748 -229.32159 -174.34962 39.02180 -229.32159 -174.34962 46.44748 -83.05693 -58.59221 59.39601 -84.44998 -63.07169 59.39601 -81.26715 -66.51784 59.39601 -76.69129 -65.48451 59.39601 -75.29824 -61.00503 59.39601 -78.48107 -57.55888 59.39601 -79.87411 -62.03836 71.00388 -79.87411 -62.03836 59.39601 -79.57411 -62.03836 56.59893 -79.72411 -61.77855 56.59893 -80.02411 -61.77855 56.59893 -80.17411 -62.03836 56.59893 -80.02411 -62.29817 56.59893 -79.72411 -62.29817 56.59893 -79.57411 -62.03836 61.91338 -79.72411 -61.77855 61.91338 -80.02411 -61.77855 61.91338 -80.17411 -62.03836 61.91338 -80.02411 -62.29817 61.91338 -79.72411 -62.29817 61.91338 -79.87411 -62.03836 56.59893 -79.87411 -62.03836 61.91338 -161.44357 -186.11746 49.56210 -159.64965 -189.28578 49.56210 -156.00885 -189.31636 49.56210 -154.16196 -186.17863 49.56210 -155.95587 -183.01031 49.56210 -159.59668 -182.97972 49.56210 -157.80276 -186.14804 63.72719 -157.80276 -186.14804 49.56210 -157.50276 -186.14804 46.14882 -157.65276 -185.88824 46.14882 -157.95276 -185.88824 46.14882 -158.10276 -186.14804 46.14882 -157.95276 -186.40785 46.14882 -157.65276 -186.40785 46.14882 -157.50276 -186.14804 52.63405 -157.65276 -185.88824 52.63405 -157.95276 -185.88824 52.63405 -158.10276 -186.14804 52.63405 -157.95276 -186.40785 52.63405 -157.65276 -186.40785 52.63405 -157.80276 -186.14804 46.14882 -157.80276 -186.14804 52.63405 -205.79727 -126.65511 48.03723 -205.91736 -129.17973 48.03723 -203.79102 -130.54603 48.03723 -201.54459 -129.38772 48.03723 -201.42451 -126.86311 48.03723 -203.55085 -125.49680 48.03723 -203.67093 -128.02142 59.26134 -203.67093 -128.02142 48.03723 -203.37093 -128.02142 45.33262 -203.52093 -127.76161 45.33262 -203.82093 -127.76161 45.33262 -203.97093 -128.02142 45.33262 -203.82093 -128.28123 45.33262 -203.52093 -128.28123 45.33262 -203.37093 -128.02142 50.47137 -203.52093 -127.76161 50.47137 -203.82093 -127.76161 50.47137 -203.97093 -128.02142 50.47137 -203.82093 -128.28123 50.47137 -203.52093 -128.28123 50.47137 -203.67093 -128.02142 45.33262 -203.67093 -128.02142 50.47137 -191.96268 -34.49845 40.96441 -193.76413 -36.33077 40.96441 -193.07801 -38.80703 40.96441 -190.59046 -39.45097 40.96441 -188.78901 -37.61865 40.96441 -189.47512 -35.14239 40.96441 -191.27657 -36.97471 51.88723 -191.27657 -36.97471 40.96441 -190.97657 -36.97471 38.33240 -191.12657 -36.71490 38.33240 -191.42657 -36.71490 38.33240 -191.57657 -36.97471 38.33240 -191.42657 -37.23451 38.33240 -191.12657 -37.23451 38.33240 -190.97657 -36.97471 43.33321 -191.12657 -36.71490 43.33321 -191.42657 -36.71490 43.33321 -191.57657 -36.97471 43.33321 -191.42657 -37.23451 43.33321 -191.12657 -37.23451 43.33321 -191.27657 -36.97471 38.33240 -191.27657 -36.97471 43.33321 -136.90571 -77.40186 40.20509 -139.84030 -77.87400 40.20509 -140.89871 -80.65150 40.20509 -139.02253 -82.95686 40.20509 -136.08794 -82.48472 40.20509 -135.02953 -79.70722 40.20509 -137.96412 -80.17936 52.36127 -137.96412 -80.17936 40.20509 -137.66412 -80.17936 37.27589 -137.81412 -79.91955 37.27589 -138.11412 -79.91955 37.27589 -138.26412 -80.17936 37.27589 -138.11412 -80.43917 37.27589 -137.81412 -80.43917 37.27589 -137.66412 -80.17936 42.84137 -137.81412 -79.91955 42.84137 -138.11412 -79.91955 42.84137 -138.26412 -80.17936 42.84137 -138.11412 -80.43917 42.84137 -137.81412 -80.43917 42.84137 -137.96412 -80.17936 37.27589 -137.96412 -80.17936 42.84137 -196.70693 -161.48924 46.97225 -197.42970 -156.65943 46.97225 -201.97383 -154.87046 46.97225 -205.79518 -157.91130 46.97225 -205.07241 -162.74112 46.97225 -200.52828 -164.53008 46.97225 -201.25106 -159.70027 62.51177 -201.25106 -159.70027 46.97225 -200.95106 -159.70027 43.22779 -201.10106 -159.44046 43.22779 -201.40106 -159.44046 43.22779 -201.55106 -159.70027 43.22779 -201.40106 -159.96008 43.22779 -201.10106 -159.96008 43.22779 -200.95106 -159.70027 50.34226 -201.10106 -159.44046 50.34226 -201.40106 -159.44046 50.34226 -201.55106 -159.70027 50.34226 -201.40106 -159.96008 50.34226 -201.10106 -159.96008 50.34226 -201.25106 -159.70027 43.22779 -201.25106 -159.70027 50.34226 -195.68905 -129.50025 48.72836 -198.03488 -128.72243 48.72836 -199.88141 -130.36508 48.72836 -199.38210 -132.78554 48.72836 -197.03627 -133.56336 48.72836 -195.18974 -131.92071 48.72836 -197.53558 -131.14290 62.40855 -197.53558 -131.14290 48.72836 -197.23558 -131.14290 45.43193 -197.38558 -130.88309 45.43193 -197.68558 -130.88309 45.43193 -197.83558 -131.14290 45.43193 -197.68558 -131.40270 45.43193 -197.38558 -131.40270 45.43193 -197.23558 -131.14290 51.69515 -197.38558 -130.88309 51.69515 -197.68558 -130.88309 51.69515 -197.83558 -131.14290 51.69515 -197.68558 -131.40270 51.69515 -197.38558 -131.40270 51.69515 -197.53558 -131.14290 45.43193 -197.53558 -131.14290 51.69515 -248.79870 -192.54942 43.98325 -248.31545 -196.63979 43.98325 -244.53147 -198.26647 43.98325 -241.23072 -195.80279 43.98325 -241.71397 -191.71242 43.98325 -245.49795 -190.08573 43.98325 -245.01471 -194.17610 59.26285 -245.01471 -194.17610 43.98325 -244.71471 -194.17610 40.30142 -244.86471 -193.91629 40.30142 -245.16471 -193.91629 40.30142 -245.31471 -194.17610 40.30142 -245.16471 -194.43591 40.30142 -244.86471 -194.43591 40.30142 -244.71471 -194.17610 47.29690 -244.86471 -193.91629 47.29690 -245.16471 -193.91629 47.29690 -245.31471 -194.17610 47.29690 -245.16471 -194.43591 47.29690 -244.86471 -194.43591 47.29690 -245.01471 -194.17610 40.30142 -245.01471 -194.17610 47.29690 -242.73579 -16.34292 52.53463 -245.57982 -14.69628 52.53463 -248.42787 -16.33596 52.53463 -248.43189 -19.62229 52.53463 -245.58785 -21.26893 52.53463 -242.73980 -19.62924 52.53463 -245.58384 -17.98260 69.85656 -245.58384 -17.98260 52.53463 -245.28384 -17.98260 48.36067 -245.43384 -17.72279 48.36067 -245.73384 -17.72279 48.36067 -245.88384 -17.98260 48.36067 -245.73384 -18.24241 48.36067 -245.43384 -18.24241 48.36067 -245.28384 -17.98260 56.29119 -245.43384 -17.72279 56.29119 -245.73384 -17.72279 56.29119 -245.88384 -17.98260 56.29119 -245.73384 -18.24241 56.29119 -245.43384 -18.24241 56.29119 -245.58384 -17.98260 48.36067 -245.58384 -17.98260 56.29119 -2.44445 -136.92181 52.40411 -5.86429 -139.09661 52.40411 -5.69077 -143.14567 52.40411 -2.09742 -145.01994 52.40411 1.32241 -142.84514 52.40411 1.14890 -138.79607 52.40411 -2.27094 -140.97087 70.58239 -2.27094 -140.97087 52.40411 -1.97094 -140.97087 48.02380 -2.12094 -140.71107 48.02380 -2.42094 -140.71107 48.02380 -2.57094 -140.97087 48.02380 -2.42094 -141.23068 48.02380 -2.12094 -141.23068 48.02380 -1.97094 -140.97087 56.34639 -2.12094 -140.71107 56.34639 -2.42094 -140.71107 56.34639 -2.57094 -140.97087 56.34639 -2.42094 -141.23068 56.34639 -2.12094 -141.23068 56.34639 -2.27094 -140.97087 48.02380 -2.27094 -140.97087 56.34639 -198.95802 -134.75506 48.37317 -202.24066 -135.62198 48.37317 -203.13121 -138.89828 48.37317 -200.73912 -141.30767 48.37317 -197.45648 -140.44076 48.37317 -196.56593 -137.16445 48.37317 -199.84857 -138.03137 62.05403 -199.84857 -138.03137 48.37317 -199.54857 -138.03137 45.07657 -199.69857 -137.77156 45.07657 -199.99857 -137.77156 45.07657 -200.14857 -138.03137 45.07657 -199.99857 -138.29118 45.07657 -199.69857 -138.29118 45.07657 -199.54857 -138.03137 51.34010 -199.69857 -137.77156 51.34010 -199.99857 -137.77156 51.34010 -200.14857 -138.03137 51.34010 -199.99857 -138.29118 51.34010 -199.69857 -138.29118 51.34010 -199.84857 -138.03137 45.07657 -199.84857 -138.03137 51.34010 -153.36471 -217.83460 47.21662 -150.24216 -214.12983 47.21662 -151.88930 -209.57324 47.21662 -156.65900 -208.72141 47.21662 -159.78155 -212.42617 47.21662 -158.13441 -216.98277 47.21662 -155.01185 -213.27800 57.89897 -155.01185 -213.27800 47.21662 -154.71185 -213.27800 44.64256 -154.86185 -213.01819 44.64256 -155.16185 -213.01819 44.64256 -155.31185 -213.27800 44.64256 -155.16185 -213.53781 44.64256 -154.86185 -213.53781 44.64256 -154.71185 -213.27800 49.53328 -154.86185 -213.01819 49.53328 -155.16185 -213.01819 49.53328 -155.31185 -213.27800 49.53328 -155.16185 -213.53781 49.53328 -154.86185 -213.53781 49.53328 -155.01185 -213.27800 44.64256 -155.01185 -213.27800 49.53328 -222.38005 -139.43403 46.22665 -220.18123 -136.10383 46.22665 -221.96586 -132.53449 46.22665 -225.94931 -132.29536 46.22665 -228.14813 -135.62556 46.22665 -226.36350 -139.19489 46.22665 -224.16468 -135.86469 59.63968 -224.16468 -135.86469 46.22665 -223.86468 -135.86469 42.99460 -224.01468 -135.60489 42.99460 -224.31468 -135.60489 42.99460 -224.46468 -135.86469 42.99460 -224.31468 -136.12450 42.99460 -224.01468 -136.12450 42.99460 -223.86468 -135.86469 49.13550 -224.01468 -135.60489 49.13550 -224.31468 -135.60489 49.13550 -224.46468 -135.86469 49.13550 -224.31468 -136.12450 49.13550 -224.01468 -136.12450 49.13550 -224.16468 -135.86469 42.99460 -224.16468 -135.86469 49.13550 -132.89035 -184.84805 49.54700 -131.93256 -182.60616 49.54700 -133.39520 -180.65574 49.54700 -135.81562 -180.94722 49.54700 -136.77341 -183.18910 49.54700 -135.31078 -185.13952 49.54700 -134.35299 -182.89763 64.07476 -134.35299 -182.89763 49.54700 -134.05299 -182.89763 46.04634 -134.20299 -182.63782 46.04634 -134.50299 -182.63782 46.04634 -134.65299 -182.89763 46.04634 -134.50299 -183.15744 46.04634 -134.20299 -183.15744 46.04634 -134.05299 -182.89763 52.69760 -134.20299 -182.63782 52.69760 -134.50299 -182.63782 52.69760 -134.65299 -182.89763 52.69760 -134.50299 -183.15744 52.69760 -134.20299 -183.15744 52.69760 -134.35299 -182.89763 46.04634 -134.35299 -182.89763 52.69760 -142.57242 -122.52777 42.51340 -143.70659 -117.87488 42.51340 -148.30321 -116.53065 42.51340 -151.76564 -119.83932 42.51340 -150.63147 -124.49222 42.51340 -146.03486 -125.83644 42.51340 -147.16903 -121.18355 53.00123 -147.16903 -121.18355 42.51340 -146.86903 -121.18355 39.98622 -147.01903 -120.92374 39.98622 -147.31903 -120.92374 39.98622 -147.46903 -121.18355 39.98622 -147.31903 -121.44335 39.98622 -147.01903 -121.44335 39.98622 -146.86903 -121.18355 44.78787 -147.01903 -120.92374 44.78787 -147.31903 -120.92374 44.78787 -147.46903 -121.18355 44.78787 -147.31903 -121.44335 44.78787 -147.01903 -121.44335 44.78787 -147.16903 -121.18355 39.98622 -147.16903 -121.18355 44.78787 -158.92182 -167.56481 49.50048 -157.67699 -169.78134 49.50048 -155.13501 -169.81155 49.50048 -153.83785 -167.62523 49.50048 -155.08268 -165.40870 49.50048 -157.62467 -165.37849 49.50048 -156.37984 -167.59502 63.54648 -156.37984 -167.59502 49.50048 -156.07984 -167.59502 46.11590 -156.22984 -167.33521 46.11590 -156.52984 -167.33521 46.11590 -156.67984 -167.59502 46.11590 -156.52984 -167.85483 46.11590 -156.22984 -167.85483 46.11590 -156.07984 -167.59502 52.54660 -156.22984 -167.33521 52.54660 -156.52984 -167.33521 52.54660 -156.67984 -167.59502 52.54660 -156.52984 -167.85483 52.54660 -156.22984 -167.85483 52.54660 -156.37984 -167.59502 46.11590 -156.37984 -167.59502 52.54660 -188.75547 -141.84546 49.53880 -191.60326 -144.22905 49.53880 -190.96290 -147.88711 49.53880 -187.47475 -149.16157 49.53880 -184.62696 -146.77798 49.53880 -185.26732 -143.11992 49.53880 -188.11511 -145.50352 66.53869 -188.11511 -145.50352 49.53880 -187.81511 -145.50352 45.44245 -187.96511 -145.24371 45.44245 -188.26511 -145.24371 45.44245 -188.41511 -145.50352 45.44245 -188.26511 -145.76332 45.44245 -187.96511 -145.76332 45.44245 -187.81511 -145.50352 53.22553 -187.96511 -145.24371 53.22553 -188.26511 -145.24371 53.22553 -188.41511 -145.50352 53.22553 -188.26511 -145.76332 53.22553 -187.96511 -145.76332 53.22553 -188.11511 -145.50352 45.44245 -188.11511 -145.50352 53.22553 -143.90333 -116.23604 41.60902 -142.94530 -113.00151 41.60902 -145.26746 -110.55457 41.60902 -148.54766 -111.34215 41.60902 -149.50569 -114.57668 41.60902 -147.18353 -117.02362 41.60902 -146.22550 -113.78909 52.62116 -146.22550 -113.78909 41.60902 -145.92550 -113.78909 38.95549 -146.07550 -113.52929 38.95549 -146.37550 -113.52929 38.95549 -146.52550 -113.78909 38.95549 -146.37550 -114.04890 38.95549 -146.07550 -114.04890 38.95549 -145.92550 -113.78909 43.99720 -146.07550 -113.52929 43.99720 -146.37550 -113.52929 43.99720 -146.52550 -113.78909 43.99720 -146.37550 -114.04890 43.99720 -146.07550 -114.04890 43.99720 -146.22550 -113.78909 38.95549 -146.22550 -113.78909 43.99720 -18.19301 -209.80817 41.40780 -15.30267 -207.40565 41.40780 -15.93813 -203.70128 41.40780 -19.46395 -202.39943 41.40780 -22.35429 -204.80195 41.40780 -21.71882 -208.50632 41.40780 -18.82848 -206.10380 54.78819 -18.82848 -206.10380 41.40780 -18.52848 -206.10380 38.18361 -18.67848 -205.84399 38.18361 -18.97848 -205.84399 38.18361 -19.12848 -206.10380 38.18361 -18.97848 -206.36361 38.18361 -18.67848 -206.36361 38.18361 -18.52848 -206.10380 44.30957 -18.67848 -205.84399 44.30957 -18.97848 -205.84399 44.30957 -19.12848 -206.10380 44.30957 -18.97848 -206.36361 44.30957 -18.67848 -206.36361 44.30957 -18.82848 -206.10380 38.18361 -18.82848 -206.10380 44.30957 -148.34870 -64.42075 39.41012 -149.35150 -61.18246 39.41012 -152.65734 -60.43177 39.41012 -154.96038 -62.91936 39.41012 -153.95758 -66.15765 39.41012 -150.65174 -66.90834 39.41012 -151.65454 -63.67006 48.33862 -151.65454 -63.67006 39.41012 -151.35454 -63.67006 37.25867 -151.50454 -63.41025 37.25867 -151.80454 -63.41025 37.25867 -151.95454 -63.67006 37.25867 -151.80454 -63.92986 37.25867 -151.50454 -63.92986 37.25867 -151.35454 -63.67006 41.34642 -151.50454 -63.41025 41.34642 -151.80454 -63.41025 41.34642 -151.95454 -63.67006 41.34642 -151.80454 -63.92986 41.34642 -151.50454 -63.92986 41.34642 -151.65454 -63.67006 37.25867 -151.65454 -63.67006 41.34642 -177.90118 -220.93564 43.24892 -174.92300 -217.94223 43.24892 -176.02629 -213.86635 43.24892 -180.10775 -212.78388 43.24892 -183.08592 -215.77730 43.24892 -181.98264 -219.85318 43.24892 -179.00446 -216.85976 52.91599 -179.00446 -216.85976 43.24892 -178.70446 -216.85976 40.91951 -178.85446 -216.59995 40.91951 -179.15446 -216.59995 40.91951 -179.30446 -216.85976 40.91951 -179.15446 -217.11957 40.91951 -178.85446 -217.11957 40.91951 -178.70446 -216.85976 45.34539 -178.85446 -216.59995 45.34539 -179.15446 -216.59995 45.34539 -179.30446 -216.85976 45.34539 -179.15446 -217.11957 45.34539 -178.85446 -217.11957 45.34539 -179.00446 -216.85976 40.91951 -179.00446 -216.85976 45.34539 -31.72336 -104.07212 53.23242 -30.08656 -100.23363 53.23242 -32.59239 -96.89688 53.23242 -36.73501 -97.39861 53.23242 -38.37181 -101.23710 53.23242 -35.86599 -104.57385 53.23242 -34.22919 -100.73536 70.66726 -34.22919 -100.73536 53.23242 -33.92919 -100.73536 49.03125 -34.07919 -100.47556 49.03125 -34.37919 -100.47556 49.03125 -34.52919 -100.73536 49.03125 -34.37919 -100.99517 49.03125 -34.07919 -100.99517 49.03125 -33.92919 -100.73536 57.01347 -34.07919 -100.47556 57.01347 -34.37919 -100.47556 57.01347 -34.52919 -100.73536 57.01347 -34.37919 -100.99517 57.01347 -34.07919 -100.99517 57.01347 -34.22919 -100.73536 49.03125 -34.22919 -100.73536 57.01347 -224.22467 -185.89672 41.74384 -221.83196 -186.16069 41.74384 -220.40699 -184.22053 41.74384 -221.37474 -182.01639 41.74384 -223.76745 -181.75242 41.74384 -225.19242 -183.69258 41.74384 -222.79970 -183.95655 53.45861 -222.79970 -183.95655 41.74384 -222.49970 -183.95655 38.92100 -222.64970 -183.69675 38.92100 -222.94970 -183.69675 38.92100 -223.09970 -183.95655 38.92100 -222.94970 -184.21636 38.92100 -222.64970 -184.21636 38.92100 -222.49970 -183.95655 44.28439 -222.64970 -183.69675 44.28439 -222.94970 -183.69675 44.28439 -223.09970 -183.95655 44.28439 -222.94970 -184.21636 44.28439 -222.64970 -184.21636 44.28439 -222.79970 -183.95655 38.92100 -222.79970 -183.95655 44.28439 -145.06329 -140.55838 44.88823 -143.87143 -144.01701 44.88823 -140.28024 -144.71415 44.88823 -137.88090 -141.95265 44.88823 -139.07276 -138.49402 44.88823 -142.66395 -137.79688 44.88823 -141.47210 -141.25551 57.09135 -141.47210 -141.25551 44.88823 -141.17210 -141.25551 41.94771 -141.32210 -140.99570 41.94771 -141.62210 -140.99570 41.94771 -141.77210 -141.25551 41.94771 -141.62210 -141.51532 41.94771 -141.32210 -141.51532 41.94771 -141.17210 -141.25551 47.53469 -141.32210 -140.99570 47.53469 -141.62210 -140.99570 47.53469 -141.77210 -141.25551 47.53469 -141.62210 -141.51532 47.53469 -141.32210 -141.51532 47.53469 -141.47210 -141.25551 41.94771 -141.47210 -141.25551 47.53469 -165.13214 -116.10416 45.37111 -167.98721 -117.89193 45.37111 -167.86648 -121.25837 45.37111 -164.89069 -122.83704 45.37111 -162.03563 -121.04927 45.37111 -162.15636 -117.68283 45.37111 -165.01142 -119.47060 58.07373 -165.01142 -119.47060 45.37111 -164.71142 -119.47060 42.31023 -164.86142 -119.21079 42.31023 -165.16142 -119.21079 42.31023 -165.31142 -119.47060 42.31023 -165.16142 -119.73041 42.31023 -164.86142 -119.73041 42.31023 -164.71142 -119.47060 48.12589 -164.86142 -119.21079 48.12589 -165.16142 -119.21079 48.12589 -165.31142 -119.47060 48.12589 -165.16142 -119.73041 48.12589 -164.86142 -119.73041 48.12589 -165.01142 -119.47060 42.31023 -165.01142 -119.47060 48.12589 -225.33588 -28.27661 45.60454 -222.20674 -29.74839 45.60454 -219.36758 -27.77436 45.60454 -219.65755 -24.32856 45.60454 -222.78670 -22.85678 45.60454 -225.62586 -24.83081 45.60454 -222.49672 -26.30258 54.16381 -222.49672 -26.30258 45.60454 -222.19672 -26.30258 43.54206 -222.34672 -26.04278 43.54206 -222.64672 -26.04278 43.54206 -222.79672 -26.30258 43.54206 -222.64672 -26.56239 43.54206 -222.34672 -26.56239 43.54206 -222.19672 -26.30258 47.46076 -222.34672 -26.04278 47.46076 -222.64672 -26.04278 47.46076 -222.79672 -26.30258 47.46076 -222.64672 -26.56239 47.46076 -222.34672 -26.56239 47.46076 -222.49672 -26.30258 43.54206 -222.49672 -26.30258 47.46076 -199.88278 -211.70366 43.22950 -203.73288 -210.82762 43.22950 -206.41661 -213.72388 43.22950 -205.25024 -217.49619 43.22950 -201.40014 -218.37223 43.22950 -198.71641 -215.47597 43.22950 -202.56651 -214.59993 60.19383 -202.56651 -214.59993 43.22950 -202.26651 -214.59993 39.14171 -202.41651 -214.34012 39.14171 -202.71651 -214.34012 39.14171 -202.86651 -214.59993 39.14171 -202.71651 -214.85973 39.14171 -202.41651 -214.85973 39.14171 -202.26651 -214.59993 46.90851 -202.41651 -214.34012 46.90851 -202.71651 -214.34012 46.90851 -202.86651 -214.59993 46.90851 -202.71651 -214.85973 46.90851 -202.41651 -214.85973 46.90851 -202.56651 -214.59993 39.14171 -202.56651 -214.59993 46.90851 -185.15043 -114.72487 45.81686 -181.41107 -116.93571 45.81686 -177.62675 -114.80275 45.81686 -177.58178 -110.45895 45.81686 -181.32114 -108.24811 45.81686 -185.10547 -110.38107 45.81686 -181.36611 -112.59191 54.60119 -181.36611 -112.59191 45.81686 -181.06611 -112.59191 43.70016 -181.21611 -112.33210 43.70016 -181.51611 -112.33210 43.70016 -181.66611 -112.59191 43.70016 -181.51611 -112.85172 43.70016 -181.21611 -112.85172 43.70016 -181.06611 -112.59191 47.72190 -181.21611 -112.33210 47.72190 -181.51611 -112.33210 47.72190 -181.66611 -112.59191 47.72190 -181.51611 -112.85172 47.72190 -181.21611 -112.85172 47.72190 -181.36611 -112.59191 43.70016 -181.36611 -112.59191 47.72190 -29.13639 -164.91336 45.24207 -32.61401 -163.67049 45.24207 -35.42917 -166.06076 45.24207 -34.76672 -169.69389 45.24207 -31.28911 -170.93677 45.24207 -28.47395 -168.54650 45.24207 -31.95156 -167.30363 56.22373 -31.95156 -167.30363 45.24207 -31.65156 -167.30363 42.59588 -31.80156 -167.04382 42.59588 -32.10156 -167.04382 42.59588 -32.25156 -167.30363 42.59588 -32.10156 -167.56344 42.59588 -31.80156 -167.56344 42.59588 -31.65156 -167.30363 47.62363 -31.80156 -167.04382 47.62363 -32.10156 -167.04382 47.62363 -32.25156 -167.30363 47.62363 -32.10156 -167.56344 47.62363 -31.80156 -167.56344 47.62363 -31.95156 -167.30363 42.59588 -31.95156 -167.30363 47.62363 -111.63062 -9.84651 50.14928 -115.10188 -12.27429 50.14928 -114.73499 -16.49438 50.14928 -110.89684 -18.28669 50.14928 -107.42558 -15.85891 50.14928 -107.79247 -11.63882 50.14928 -111.26373 -14.06660 59.26521 -111.26373 -14.06660 50.14928 -110.96373 -14.06660 47.95267 -111.11373 -13.80679 47.95267 -111.41373 -13.80679 47.95267 -111.56373 -14.06660 47.95267 -111.41373 -14.32641 47.95267 -111.11373 -14.32641 47.95267 -110.96373 -14.06660 52.12623 -111.11373 -13.80679 52.12623 -111.41373 -13.80679 52.12623 -111.56373 -14.06660 52.12623 -111.41373 -14.32641 52.12623 -111.11373 -14.32641 52.12623 -111.26373 -14.06660 47.95267 -111.26373 -14.06660 52.12623 -82.95368 -12.00395 69.24125 -81.21846 -16.38590 69.24125 -76.55597 -17.07414 69.24125 -73.62870 -13.38042 69.24125 -75.36391 -8.99847 69.24125 -80.02640 -8.31023 69.24125 -78.29119 -12.69219 87.01739 -78.29119 -12.69219 69.24125 -77.99119 -12.69219 64.95784 -78.14119 -12.43238 64.95784 -78.44119 -12.43238 64.95784 -78.59119 -12.69219 64.95784 -78.44119 -12.95199 64.95784 -78.14119 -12.95199 64.95784 -77.99119 -12.69219 73.09631 -78.14119 -12.43238 73.09631 -78.44119 -12.43238 73.09631 -78.59119 -12.69219 73.09631 -78.44119 -12.95199 73.09631 -78.14119 -12.95199 73.09631 -78.29119 -12.69219 64.95784 -78.29119 -12.69219 73.09631 -35.60335 -42.95182 79.79712 -38.14616 -45.01344 79.79712 -37.63215 -48.24639 79.79712 -34.57532 -49.41771 79.79712 -32.03252 -47.35609 79.79712 -32.54653 -44.12314 79.79712 -35.08934 -46.18477 92.05142 -35.08934 -46.18477 79.79712 -34.78934 -46.18477 76.84427 -34.93934 -45.92496 76.84427 -35.23934 -45.92496 76.84427 -35.38934 -46.18477 76.84427 -35.23934 -46.44457 76.84427 -34.93934 -46.44457 76.84427 -34.78934 -46.18477 82.45468 -34.93934 -45.92496 82.45468 -35.23934 -45.92496 82.45468 -35.38934 -46.18477 82.45468 -35.23934 -46.44457 82.45468 -34.93934 -46.44457 82.45468 -35.08934 -46.18477 76.84427 -35.08934 -46.18477 82.45468 -226.83681 -19.30330 47.54157 -230.99043 -21.33740 47.54157 -231.30566 -25.95159 47.54157 -227.46727 -28.53168 47.54157 -223.31365 -26.49759 47.54157 -222.99842 -21.88340 47.54157 -227.15204 -23.91749 59.30523 -227.15204 -23.91749 47.54157 -226.85204 -23.91749 44.70695 -227.00204 -23.65769 44.70695 -227.30204 -23.65769 44.70695 -227.45204 -23.91749 44.70695 -227.30204 -24.17730 44.70695 -227.00204 -24.17730 44.70695 -226.85204 -23.91749 50.09272 -227.00204 -23.65769 50.09272 -227.30204 -23.65769 50.09272 -227.45204 -23.91749 50.09272 -227.30204 -24.17730 50.09272 -227.00204 -24.17730 50.09272 -227.15204 -23.91749 44.70695 -227.15204 -23.91749 50.09272 -218.48324 -37.11573 45.01682 -220.87094 -37.93584 45.01682 -221.35455 -40.41371 45.01682 -219.45046 -42.07146 45.01682 -217.06276 -41.25134 45.01682 -216.57915 -38.77348 45.01682 -218.96685 -39.59359 54.30969 -218.96685 -39.59359 45.01682 -218.66685 -39.59359 42.77757 -218.81685 -39.33379 42.77757 -219.11685 -39.33379 42.77757 -219.26685 -39.59359 42.77757 -219.11685 -39.85340 42.77757 -218.81685 -39.85340 42.77757 -218.66685 -39.59359 47.03214 -218.81685 -39.33379 47.03214 -219.11685 -39.33379 47.03214 -219.26685 -39.59359 47.03214 -219.11685 -39.85340 47.03214 -218.81685 -39.85340 47.03214 -218.96685 -39.59359 42.77757 -218.96685 -39.59359 47.03214 -202.17314 -238.01989 43.76798 -203.14387 -240.71987 43.76798 -201.29098 -242.91053 43.76798 -198.46737 -242.40122 43.76798 -197.49664 -239.70124 43.76798 -199.34953 -237.51057 43.76798 -200.32026 -240.21055 59.50017 -200.32026 -240.21055 43.76798 -200.02026 -240.21055 39.97709 -200.17026 -239.95074 39.97709 -200.47026 -239.95074 39.97709 -200.62026 -240.21055 39.97709 -200.47026 -240.47036 39.97709 -200.17026 -240.47036 39.97709 -200.02026 -240.21055 47.17978 -200.17026 -239.95074 47.17978 -200.47026 -239.95074 47.17978 -200.62026 -240.21055 47.17978 -200.47026 -240.47036 47.17978 -200.17026 -240.47036 47.17978 -200.32026 -240.21055 39.97709 -200.32026 -240.21055 47.17978 -111.91204 -106.68495 41.06813 -109.92289 -109.23478 41.06813 -106.72010 -108.78704 41.06813 -105.50645 -105.78947 41.06813 -107.49560 -103.23964 41.06813 -110.69840 -103.68738 41.06813 -108.70925 -106.23721 52.05148 -108.70925 -106.23721 41.06813 -108.40925 -106.23721 38.42154 -108.55925 -105.97740 38.42154 -108.85925 -105.97740 38.42154 -109.00925 -106.23721 38.42154 -108.85925 -106.49702 38.42154 -108.55925 -106.49702 38.42154 -108.40925 -106.23721 43.45006 -108.55925 -105.97740 43.45006 -108.85925 -105.97740 43.45006 -109.00925 -106.23721 43.45006 -108.85925 -106.49702 43.45006 -108.55925 -106.49702 43.45006 -108.70925 -106.23721 38.42154 -108.70925 -106.23721 43.45006 -61.37586 -65.15420 65.08334 -61.01671 -69.53706 65.08334 -57.04146 -71.41746 65.08334 -53.42537 -68.91499 65.08334 -53.78452 -64.53213 65.08334 -57.75977 -62.65173 65.08334 -57.40062 -67.03459 74.60125 -57.40062 -67.03459 65.08334 -57.10062 -67.03459 62.78986 -57.25062 -66.77479 62.78986 -57.55062 -66.77479 62.78986 -57.70062 -67.03459 62.78986 -57.55062 -67.29440 62.78986 -57.25062 -67.29440 62.78986 -57.10062 -67.03459 67.14746 -57.25062 -66.77479 67.14746 -57.55062 -66.77479 67.14746 -57.70062 -67.03459 67.14746 -57.55062 -67.29440 67.14746 -57.25062 -67.29440 67.14746 -57.40062 -67.03459 62.78986 -57.40062 -67.03459 67.14746 -66.05959 -48.41430 75.66621 -63.23366 -48.45494 75.66621 -61.78550 -46.02794 75.66621 -63.16327 -43.56029 75.66621 -65.98919 -43.51965 75.66621 -67.43735 -45.94665 75.66621 -64.61143 -45.98729 89.28815 -64.61143 -45.98729 75.66621 -64.31143 -45.98729 72.38381 -64.46143 -45.72749 72.38381 -64.76143 -45.72749 72.38381 -64.91143 -45.98729 72.38381 -64.76143 -46.24710 72.38381 -64.46143 -46.24710 72.38381 -64.31143 -45.98729 78.62036 -64.46143 -45.72749 78.62036 -64.76143 -45.72749 78.62036 -64.91143 -45.98729 78.62036 -64.76143 -46.24710 78.62036 -64.46143 -46.24710 78.62036 -64.61143 -45.98729 72.38381 -64.61143 -45.98729 78.62036 -248.18285 -220.53639 46.08328 -245.39503 -217.00319 46.08328 -247.06096 -212.82227 46.08328 -251.51471 -212.17455 46.08328 -254.30253 -215.70775 46.08328 -252.63660 -219.88867 46.08328 -249.84878 -216.35547 58.13176 -249.84878 -216.35547 46.08328 -249.54878 -216.35547 43.18004 -249.69878 -216.09566 43.18004 -249.99878 -216.09566 43.18004 -250.14878 -216.35547 43.18004 -249.99878 -216.61528 43.18004 -249.69878 -216.61528 43.18004 -249.54878 -216.35547 48.69621 -249.69878 -216.09566 48.69621 -249.99878 -216.09566 48.69621 -250.14878 -216.35547 48.69621 -249.99878 -216.61528 48.69621 -249.69878 -216.61528 48.69621 -249.84878 -216.35547 43.18004 -249.84878 -216.35547 48.69621 -184.75874 -221.46182 44.79688 -180.74183 -222.63643 44.79688 -177.71614 -219.74499 44.79688 -178.70735 -215.67894 44.79688 -182.72425 -214.50433 44.79688 -185.74995 -217.39577 44.79688 -181.73304 -218.57038 62.73443 -181.73304 -218.57038 44.79688 -181.43304 -218.57038 40.47458 -181.58304 -218.31057 40.47458 -181.88304 -218.31057 40.47458 -182.03304 -218.57038 40.47458 -181.88304 -218.83019 40.47458 -181.58304 -218.83019 40.47458 -181.43304 -218.57038 48.68695 -181.58304 -218.31057 48.68695 -181.88304 -218.31057 48.68695 -182.03304 -218.57038 48.68695 -181.88304 -218.83019 48.68695 -181.58304 -218.83019 48.68695 -181.73304 -218.57038 40.47458 -181.73304 -218.57038 48.68695 -177.58984 -92.09776 45.47780 -181.23045 -88.98641 45.47780 -185.74526 -90.58359 45.47780 -186.61946 -95.29213 45.47780 -182.97886 -98.40347 45.47780 -178.46404 -96.80629 45.47780 -182.10465 -93.69494 61.48969 -182.10465 -93.69494 45.47780 -181.80465 -93.69494 41.61951 -181.95465 -93.43513 41.61951 -182.25465 -93.43513 41.61951 -182.40465 -93.69494 41.61951 -182.25465 -93.95475 41.61951 -181.95465 -93.95475 41.61951 -181.80465 -93.69494 48.95026 -181.95465 -93.43513 48.95026 -182.25465 -93.43513 48.95026 -182.40465 -93.69494 48.95026 -182.25465 -93.95475 48.95026 -181.95465 -93.95475 48.95026 -182.10465 -93.69494 41.61951 -182.10465 -93.69494 48.95026 -243.44394 -35.97365 50.95985 -240.16300 -39.33495 50.95985 -235.61157 -38.17423 50.95985 -234.34106 -33.65221 50.95985 -237.62199 -30.29091 50.95985 -242.17343 -31.45163 50.95985 -238.89250 -34.81293 67.74638 -238.89250 -34.81293 50.95985 -238.59250 -34.81293 46.91490 -238.74250 -34.55312 46.91490 -239.04250 -34.55312 46.91490 -239.19250 -34.81293 46.91490 -239.04250 -35.07274 46.91490 -238.74250 -35.07274 46.91490 -238.59250 -34.81293 54.60030 -238.74250 -34.55312 54.60030 -239.04250 -34.55312 54.60030 -239.19250 -34.81293 54.60030 -239.04250 -35.07274 54.60030 -238.74250 -35.07274 54.60030 -238.89250 -34.81293 46.91490 -238.89250 -34.81293 54.60030 -201.94926 -108.97716 49.31411 -197.74743 -108.79261 49.31411 -195.80633 -105.06144 49.31411 -198.06707 -101.51481 49.31411 -202.26891 -101.69936 49.31411 -204.21001 -105.43053 49.31411 -200.00817 -105.24599 66.84547 -200.00817 -105.24599 49.31411 -199.70817 -105.24599 45.08969 -199.85817 -104.98618 45.08969 -200.15817 -104.98618 45.08969 -200.30817 -105.24599 45.08969 -200.15817 -105.50579 45.08969 -199.85817 -105.50579 45.08969 -199.70817 -105.24599 53.11609 -199.85817 -104.98618 53.11609 -200.15817 -104.98618 53.11609 -200.30817 -105.24599 53.11609 -200.15817 -105.50579 53.11609 -199.85817 -105.50579 53.11609 -200.00817 -105.24599 45.08969 -200.00817 -105.24599 53.11609 -220.99658 -87.37563 49.97576 -223.84369 -87.95074 49.97576 -224.76919 -90.70398 49.97576 -222.84758 -92.88210 49.97576 -220.00046 -92.30699 49.97576 -219.07496 -89.55376 49.97576 -221.92208 -90.12887 65.02047 -221.92208 -90.12887 49.97576 -221.62208 -90.12887 46.35053 -221.77208 -89.86906 46.35053 -222.07208 -89.86906 46.35053 -222.22208 -90.12887 46.35053 -222.07208 -90.38867 46.35053 -221.77208 -90.38867 46.35053 -221.62208 -90.12887 53.23847 -221.77208 -89.86906 53.23847 -222.07208 -89.86906 53.23847 -222.22208 -90.12887 53.23847 -222.07208 -90.38867 53.23847 -221.77208 -90.38867 53.23847 -221.92208 -90.12887 46.35053 -221.92208 -90.12887 53.23847 -99.26883 -95.02501 42.95323 -102.84682 -97.44869 42.95323 -102.53685 -101.75915 42.95323 -98.64889 -103.64594 42.95323 -95.07090 -101.22227 42.95323 -95.38087 -96.91180 42.95323 -98.95886 -99.33548 53.11151 -98.95886 -99.33548 42.95323 -98.65886 -99.33548 40.50545 -98.80886 -99.07567 40.50545 -99.10886 -99.07567 40.50545 -99.25886 -99.33548 40.50545 -99.10886 -99.59529 40.50545 -98.80886 -99.59529 40.50545 -98.65886 -99.33548 45.15623 -98.80886 -99.07567 45.15623 -99.10886 -99.07567 45.15623 -99.25886 -99.33548 45.15623 -99.10886 -99.59529 45.15623 -98.80886 -99.59529 45.15623 -98.95886 -99.33548 40.50545 -98.95886 -99.33548 45.15623 -241.37313 -18.09241 53.52089 -237.99451 -15.06063 53.52089 -238.93079 -10.61878 53.52089 -243.24570 -9.20869 53.52089 -246.62432 -12.24047 53.52089 -245.68803 -16.68233 53.52089 -242.30941 -13.65055 71.30448 -242.30941 -13.65055 53.52089 -242.00941 -13.65055 49.23569 -242.15941 -13.39074 49.23569 -242.45941 -13.39074 49.23569 -242.60941 -13.65055 49.23569 -242.45941 -13.91036 49.23569 -242.15941 -13.91036 49.23569 -242.00941 -13.65055 57.37757 -242.15941 -13.39074 57.37757 -242.45941 -13.39074 57.37757 -242.60941 -13.65055 57.37757 -242.45941 -13.91036 57.37757 -242.15941 -13.91036 57.37757 -242.30941 -13.65055 49.23569 -242.30941 -13.65055 57.37757 -202.17039 -160.53772 45.86848 -200.09011 -158.46638 45.86848 -200.84380 -155.62913 45.86848 -203.67778 -154.86323 45.86848 -205.75806 -156.93456 45.86848 -205.00437 -159.77181 45.86848 -202.92409 -157.70047 56.91760 -202.92409 -157.70047 45.86848 -202.62409 -157.70047 43.20604 -202.77409 -157.44066 43.20604 -203.07409 -157.44066 43.20604 -203.22409 -157.70047 43.20604 -203.07409 -157.96028 43.20604 -202.77409 -157.96028 43.20604 -202.62409 -157.70047 48.26467 -202.77409 -157.44066 48.26467 -203.07409 -157.44066 48.26467 -203.22409 -157.70047 48.26467 -203.07409 -157.96028 48.26467 -202.77409 -157.96028 48.26467 -202.92409 -157.70047 43.20604 -202.92409 -157.70047 48.26467 -159.86988 -152.08895 49.46096 -161.60224 -148.22047 49.46096 -165.81863 -147.78649 49.46096 -168.30265 -151.22100 49.46096 -166.57029 -155.08948 49.46096 -162.35391 -155.52346 49.46096 -164.08627 -151.65497 65.70398 -164.08627 -151.65497 49.46096 -163.78627 -151.65497 45.54698 -163.93627 -151.39517 45.54698 -164.23627 -151.39517 45.54698 -164.38627 -151.65497 45.54698 -164.23627 -151.91478 45.54698 -163.93627 -151.91478 45.54698 -163.78627 -151.65497 52.98354 -163.93627 -151.39517 52.98354 -164.23627 -151.39517 52.98354 -164.38627 -151.65497 52.98354 -164.23627 -151.91478 52.98354 -163.93627 -151.91478 52.98354 -164.08627 -151.65497 45.54698 -164.08627 -151.65497 52.98354 -65.89203 -139.44351 44.85026 -67.70310 -141.24545 44.85026 -67.04811 -143.71485 44.85026 -64.58205 -144.38231 44.85026 -62.77098 -142.58037 44.85026 -63.42597 -140.11097 44.85026 -65.23704 -141.91291 59.55935 -65.23704 -141.91291 44.85026 -64.93704 -141.91291 41.30590 -65.08704 -141.65310 41.30590 -65.38704 -141.65310 41.30590 -65.53704 -141.91291 41.30590 -65.38704 -142.17272 41.30590 -65.08704 -142.17272 41.30590 -64.93704 -141.91291 48.04019 -65.08704 -141.65310 48.04019 -65.38704 -141.65310 48.04019 -65.53704 -141.91291 48.04019 -65.38704 -142.17272 48.04019 -65.08704 -142.17272 48.04019 -65.23704 -141.91291 41.30590 -65.23704 -141.91291 48.04019 -88.72234 -77.40297 49.60732 -88.64760 -80.95317 49.60732 -85.53568 -82.66354 49.60732 -82.49848 -80.82372 49.60732 -82.57322 -77.27352 49.60732 -85.68515 -75.56315 49.60732 -85.61041 -79.11335 62.90263 -85.61041 -79.11335 49.60732 -85.31041 -79.11335 46.40363 -85.46041 -78.85354 46.40363 -85.76041 -78.85354 46.40363 -85.91041 -79.11335 46.40363 -85.76041 -79.37315 46.40363 -85.46041 -79.37315 46.40363 -85.31041 -79.11335 52.49064 -85.46041 -78.85354 52.49064 -85.76041 -78.85354 52.49064 -85.91041 -79.11335 52.49064 -85.76041 -79.37315 52.49064 -85.46041 -79.37315 52.49064 -85.61041 -79.11335 46.40363 -85.61041 -79.11335 52.49064 -160.04670 -19.86391 52.35080 -161.05367 -16.59066 52.35080 -164.39187 -15.82609 52.35080 -166.72310 -18.33478 52.35080 -165.71613 -21.60803 52.35080 -162.37793 -22.37259 52.35080 -163.38490 -19.09934 64.05266 -163.38490 -19.09934 52.35080 -163.08490 -19.09934 49.53107 -163.23490 -18.83953 49.53107 -163.53490 -18.83953 49.53107 -163.68490 -19.09934 49.53107 -163.53490 -19.35915 49.53107 -163.23490 -19.35915 49.53107 -163.08490 -19.09934 54.88855 -163.23490 -18.83953 54.88855 -163.53490 -18.83953 54.88855 -163.68490 -19.09934 54.88855 -163.53490 -19.35915 54.88855 -163.23490 -19.35915 54.88855 -163.38490 -19.09934 49.53107 -163.38490 -19.09934 54.88855 -213.97861 -122.79647 49.04665 -212.39456 -125.59311 49.04665 -209.18058 -125.61960 49.04665 -207.55065 -122.84946 49.04665 -209.13469 -120.05282 49.04665 -212.34867 -120.02633 49.04665 -210.76463 -122.82296 64.65410 -210.76463 -122.82296 49.04665 -210.46463 -122.82296 45.28582 -210.61463 -122.56316 45.28582 -210.91463 -122.56316 45.28582 -211.06463 -122.82296 45.28582 -210.91463 -123.08277 45.28582 -210.61463 -123.08277 45.28582 -210.46463 -122.82296 52.43140 -210.61463 -122.56316 52.43140 -210.91463 -122.56316 52.43140 -211.06463 -122.82296 52.43140 -210.91463 -123.08277 52.43140 -210.61463 -123.08277 52.43140 -210.76463 -122.82296 45.28582 -210.76463 -122.82296 52.43140 -119.90165 -143.12029 42.26811 -122.63491 -139.84724 42.26811 -126.83608 -140.57779 42.26811 -128.30400 -144.58139 42.26811 -125.57073 -147.85444 42.26811 -121.36956 -147.12389 42.26811 -124.10282 -143.85084 51.94524 -124.10282 -143.85084 42.26811 -123.80282 -143.85084 39.93627 -123.95282 -143.59104 39.93627 -124.25282 -143.59104 39.93627 -124.40282 -143.85084 39.93627 -124.25282 -144.11065 39.93627 -123.95282 -144.11065 39.93627 -123.80282 -143.85084 44.36676 -123.95282 -143.59104 44.36676 -124.25282 -143.59104 44.36676 -124.40282 -143.85084 44.36676 -124.25282 -144.11065 44.36676 -123.95282 -144.11065 44.36676 -124.10282 -143.85084 39.93627 -124.10282 -143.85084 44.36676 -174.77195 -226.95051 45.18082 -172.96538 -229.81896 45.18082 -169.57795 -229.68865 45.18082 -167.99709 -226.68989 45.18082 -169.80366 -223.82144 45.18082 -173.19109 -223.95175 45.18082 -171.38452 -226.82020 62.35652 -171.38452 -226.82020 45.18082 -171.08452 -226.82020 41.04209 -171.23452 -226.56039 41.04209 -171.53452 -226.56039 41.04209 -171.68452 -226.82020 41.04209 -171.53452 -227.08001 41.04209 -171.23452 -227.08001 41.04209 -171.08452 -226.82020 48.90567 -171.23452 -226.56039 48.90567 -171.53452 -226.56039 48.90567 -171.68452 -226.82020 48.90567 -171.53452 -227.08001 48.90567 -171.23452 -227.08001 48.90567 -171.38452 -226.82020 41.04209 -171.38452 -226.82020 48.90567 0.43576 -205.07325 42.12793 -3.12193 -204.39323 42.12793 -5.48969 -207.13427 42.12793 -4.29976 -210.55533 42.12793 -0.74207 -211.23535 42.12793 1.62569 -208.49431 42.12793 -1.93200 -207.81429 52.17476 -1.93200 -207.81429 42.12793 -1.63200 -207.81429 39.70700 -1.78200 -207.55448 39.70700 -2.08200 -207.55448 39.70700 -2.23200 -207.81429 39.70700 -2.08200 -208.07410 39.70700 -1.78200 -208.07410 39.70700 -1.63200 -207.81429 44.30676 -1.78200 -207.55448 44.30676 -2.08200 -207.55448 44.30676 -2.23200 -207.81429 44.30676 -2.08200 -208.07410 44.30676 -1.78200 -208.07410 44.30676 -1.93200 -207.81429 39.70700 -1.93200 -207.81429 44.30676 -88.91384 -196.79351 44.88581 -91.28460 -193.11359 44.88581 -95.65689 -193.32677 44.88581 -97.65841 -197.21987 44.88581 -95.28765 -200.89979 44.88581 -90.91537 -200.68661 44.88581 -93.28613 -197.00669 55.24220 -93.28613 -197.00669 44.88581 -92.98613 -197.00669 42.39030 -93.13613 -196.74688 42.39030 -93.43613 -196.74688 42.39030 -93.58613 -197.00669 42.39030 -93.43613 -197.26650 42.39030 -93.13613 -197.26650 42.39030 -92.98613 -197.00669 47.13178 -93.13613 -196.74688 47.13178 -93.43613 -196.74688 47.13178 -93.58613 -197.00669 47.13178 -93.43613 -197.26650 47.13178 -93.13613 -197.26650 47.13178 -93.28613 -197.00669 42.39030 -93.28613 -197.00669 47.13178 -41.31825 -49.91826 80.93739 -38.16663 -47.09783 80.93739 -39.03339 -42.95822 80.93739 -43.05177 -41.63906 80.93739 -46.20339 -44.45949 80.93739 -45.33663 -48.59910 80.93739 -42.18501 -45.77866 96.98186 -42.18501 -45.77866 80.93739 -41.88501 -45.77866 77.07125 -42.03501 -45.51885 77.07125 -42.33501 -45.51885 77.07125 -42.48501 -45.77866 77.07125 -42.33501 -46.03847 77.07125 -42.03501 -46.03847 77.07125 -41.88501 -45.77866 84.41691 -42.03501 -45.51885 84.41691 -42.33501 -45.51885 84.41691 -42.48501 -45.77866 84.41691 -42.33501 -46.03847 84.41691 -42.03501 -46.03847 84.41691 -42.18501 -45.77866 77.07125 -42.18501 -45.77866 84.41691 -61.77846 -17.13411 78.99511 -64.41938 -18.01835 78.99511 -64.97406 -20.74758 78.99511 -62.88782 -22.59256 78.99511 -60.24690 -21.70831 78.99511 -59.69222 -18.97909 78.99511 -62.33314 -19.86333 92.48979 -62.33314 -19.86333 78.99511 -62.03314 -19.86333 75.74337 -62.18314 -19.60353 75.74337 -62.48314 -19.60353 75.74337 -62.63314 -19.86333 75.74337 -62.48314 -20.12314 75.74337 -62.18314 -20.12314 75.74337 -62.03314 -19.86333 81.92166 -62.18314 -19.60353 81.92166 -62.48314 -19.60353 81.92166 -62.63314 -19.86333 81.92166 -62.48314 -20.12314 81.92166 -62.18314 -20.12314 81.92166 -62.33314 -19.86333 75.74337 -62.33314 -19.86333 81.92166 -57.04486 -46.61373 79.32765 -55.87957 -50.59983 79.32765 -51.84486 -51.58372 79.32765 -48.97543 -48.58149 79.32765 -50.14072 -44.59538 79.32765 -54.17544 -43.61150 79.32765 -53.01015 -47.59761 93.89159 -53.01015 -47.59761 79.32765 -52.71015 -47.59761 75.81826 -52.86015 -47.33780 75.81826 -53.16015 -47.33780 75.81826 -53.31015 -47.59761 75.81826 -53.16015 -47.85742 75.81826 -52.86015 -47.85742 75.81826 -52.71015 -47.59761 82.48609 -52.86015 -47.33780 82.48609 -53.16015 -47.33780 82.48609 -53.31015 -47.59761 82.48609 -53.16015 -47.85742 82.48609 -52.86015 -47.85742 82.48609 -53.01015 -47.59761 75.81826 -53.01015 -47.59761 82.48609 -103.65419 -25.20609 53.04236 -100.84560 -23.44018 53.04236 -100.97063 -20.12492 53.04236 -103.90424 -18.57557 53.04236 -106.71283 -20.34148 53.04236 -106.58780 -23.65674 53.04236 -103.77922 -21.89083 67.45720 -103.77922 -21.89083 53.04236 -103.47922 -21.89083 49.56891 -103.62922 -21.63102 49.56891 -103.92922 -21.63102 49.56891 -104.07922 -21.89083 49.56891 -103.92922 -22.15064 49.56891 -103.62922 -22.15064 49.56891 -103.47922 -21.89083 56.16847 -103.62922 -21.63102 56.16847 -103.92922 -21.63102 56.16847 -104.07922 -21.89083 56.16847 -103.92922 -22.15064 56.16847 -103.62922 -22.15064 56.16847 -103.77922 -21.89083 49.56891 -103.77922 -21.89083 56.16847 -192.99305 -85.47223 43.91457 -189.69311 -87.31551 43.91457 -186.44680 -85.37931 43.91457 -186.50045 -81.59983 43.91457 -189.80040 -79.75655 43.91457 -193.04670 -81.69275 43.91457 -189.74675 -83.53603 53.23370 -189.74675 -83.53603 43.91457 -189.44675 -83.53603 41.66899 -189.59675 -83.27622 41.66899 -189.89675 -83.27622 41.66899 -190.04675 -83.53603 41.66899 -189.89675 -83.79584 41.66899 -189.59675 -83.79584 41.66899 -189.44675 -83.53603 45.93558 -189.59675 -83.27622 45.93558 -189.89675 -83.27622 45.93558 -190.04675 -83.53603 45.93558 -189.89675 -83.79584 45.93558 -189.59675 -83.79584 45.93558 -189.74675 -83.53603 41.66899 -189.74675 -83.53603 45.93558 -98.32691 -98.96072 43.24215 -98.70089 -102.03368 43.24215 -96.22662 -103.89403 43.24215 -93.37838 -102.68143 43.24215 -93.00440 -99.60848 43.24215 -95.47866 -97.74812 43.24215 -95.85264 -100.82108 53.10568 -95.85264 -100.82108 43.24215 -95.55264 -100.82108 40.86540 -95.70264 -100.56127 40.86540 -96.00264 -100.56127 40.86540 -96.15264 -100.82108 40.86540 -96.00264 -101.08088 40.86540 -95.70264 -101.08088 40.86540 -95.55264 -100.82108 45.38123 -95.70264 -100.56127 45.38123 -96.00264 -100.56127 45.38123 -96.15264 -100.82108 45.38123 -96.00264 -101.08088 45.38123 -95.70264 -101.08088 45.38123 -95.85264 -100.82108 40.86540 -95.85264 -100.82108 45.38123 -114.45959 -64.07617 45.73095 -114.27543 -67.01373 45.73095 -111.63933 -68.32302 45.73095 -109.18741 -66.69474 45.73095 -109.37158 -63.75718 45.73095 -112.00767 -62.44789 45.73095 -111.82350 -65.38545 58.55047 -111.82350 -65.38545 45.73095 -111.52350 -65.38545 42.64190 -111.67350 -65.12565 42.64190 -111.97350 -65.12565 42.64190 -112.12350 -65.38545 42.64190 -111.97350 -65.64526 42.64190 -111.67350 -65.64526 42.64190 -111.52350 -65.38545 48.51108 -111.67350 -65.12565 48.51108 -111.97350 -65.12565 48.51108 -112.12350 -65.38545 48.51108 -111.97350 -65.64526 48.51108 -111.67350 -65.64526 48.51108 -111.82350 -65.38545 42.64190 -111.82350 -65.38545 48.51108 -92.25287 -77.72390 49.20786 -92.99656 -81.67311 49.20786 -89.94828 -84.29177 49.20786 -86.15632 -82.96121 49.20786 -85.41263 -79.01199 49.20786 -88.46091 -76.39334 49.20786 -89.20459 -80.34255 66.78273 -89.20459 -80.34255 49.20786 -88.90459 -80.34255 44.97296 -89.05459 -80.08274 44.97296 -89.35459 -80.08274 44.97296 -89.50459 -80.34255 44.97296 -89.35459 -80.60236 44.97296 -89.05459 -80.60236 44.97296 -88.90459 -80.34255 53.01928 -89.05459 -80.08274 53.01928 -89.35459 -80.08274 53.01928 -89.50459 -80.34255 53.01928 -89.35459 -80.60236 53.01928 -89.05459 -80.60236 53.01928 -89.20459 -80.34255 44.97296 -89.20459 -80.34255 53.01928 -129.85139 -12.68686 53.14614 -130.29638 -9.57856 53.14614 -133.21074 -8.40977 53.14614 -135.68013 -10.34929 53.14614 -135.23514 -13.45760 53.14614 -132.32077 -14.62639 53.14614 -132.76576 -11.51808 64.31568 -132.76576 -11.51808 53.14614 -132.46576 -11.51808 50.45469 -132.61576 -11.25827 50.45469 -132.91576 -11.25827 50.45469 -133.06576 -11.51808 50.45469 -132.91576 -11.77789 50.45469 -132.61576 -11.77789 50.45469 -132.46576 -11.51808 55.56845 -132.61576 -11.25827 55.56845 -132.91576 -11.25827 55.56845 -133.06576 -11.51808 55.56845 -132.91576 -11.77789 55.56845 -132.61576 -11.77789 55.56845 -132.76576 -11.51808 50.45469 -132.76576 -11.51808 55.56845 -135.86128 -36.60146 44.95017 -139.53888 -33.89708 44.95017 -143.71975 -35.72978 44.95017 -144.22302 -40.26686 44.95017 -140.54542 -42.97125 44.95017 -136.36455 -41.13855 44.95017 -140.04215 -38.43416 58.83582 -140.04215 -38.43416 44.95017 -139.74215 -38.43416 41.60423 -139.89215 -38.17436 41.60423 -140.19215 -38.17436 41.60423 -140.34215 -38.43416 41.60423 -140.19215 -38.69397 41.60423 -139.89215 -38.69397 41.60423 -139.74215 -38.43416 47.96152 -139.89215 -38.17436 47.96152 -140.19215 -38.17436 47.96152 -140.34215 -38.43416 47.96152 -140.19215 -38.69397 47.96152 -139.89215 -38.69397 47.96152 -140.04215 -38.43416 41.60423 -140.04215 -38.43416 47.96152 -43.94830 -137.04746 47.67377 -45.90447 -139.96703 47.67377 -44.35412 -143.12091 47.67377 -40.84761 -143.35521 47.67377 -38.89145 -140.43564 47.67377 -40.44179 -137.28176 47.67377 -42.39796 -140.20133 58.63984 -42.39796 -140.20133 47.67377 -42.09796 -140.20133 45.03135 -42.24796 -139.94153 45.03135 -42.54796 -139.94153 45.03135 -42.69796 -140.20133 45.03135 -42.54796 -140.46114 45.03135 -42.24796 -140.46114 45.03135 -42.09796 -140.20133 50.05196 -42.24796 -139.94153 50.05196 -42.54796 -139.94153 50.05196 -42.69796 -140.20133 50.05196 -42.54796 -140.46114 50.05196 -42.24796 -140.46114 50.05196 -42.39796 -140.20133 45.03135 -42.39796 -140.20133 50.05196 -189.15601 -44.76844 42.45605 -186.88312 -41.97241 42.45605 -188.16811 -38.60602 42.45605 -191.72598 -38.03566 42.45605 -193.99887 -40.83168 42.45605 -192.71388 -44.19807 42.45605 -190.44099 -41.40205 59.69668 -190.44099 -41.40205 42.45605 -190.14099 -41.40205 38.30168 -190.29099 -41.14224 38.30168 -190.59099 -41.14224 38.30168 -190.74099 -41.40205 38.30168 -190.59099 -41.66186 38.30168 -190.29099 -41.66186 38.30168 -190.14099 -41.40205 46.19498 -190.29099 -41.14224 46.19498 -190.59099 -41.14224 46.19498 -190.74099 -41.40205 46.19498 -190.59099 -41.66186 46.19498 -190.29099 -41.66186 46.19498 -190.44099 -41.40205 38.30168 -190.44099 -41.40205 46.19498 -142.22958 -74.19686 39.90869 -145.25357 -73.31999 39.90869 -147.52496 -75.50040 39.90869 -146.77236 -78.55769 39.90869 -143.74837 -79.43456 39.90869 -141.47698 -77.25415 39.90869 -144.50097 -76.37728 51.67043 -144.50097 -76.37728 39.90869 -144.20097 -76.37728 37.07454 -144.35097 -76.11747 37.07454 -144.65097 -76.11747 37.07454 -144.80097 -76.37728 37.07454 -144.65097 -76.63708 37.07454 -144.35097 -76.63708 37.07454 -144.20097 -76.37728 42.45943 -144.35097 -76.11747 42.45943 -144.65097 -76.11747 42.45943 -144.80097 -76.37728 42.45943 -144.65097 -76.63708 42.45943 -144.35097 -76.63708 42.45943 -144.50097 -76.37728 37.07454 -144.50097 -76.37728 42.45943 -142.46738 -189.06818 49.85725 -145.52511 -189.88324 49.85725 -146.34811 -192.93884 49.85725 -144.11338 -195.17938 49.85725 -141.05566 -194.36432 49.85725 -140.23266 -191.30872 49.85725 -143.29038 -192.12378 62.99318 -143.29038 -192.12378 49.85725 -142.99038 -192.12378 46.69197 -143.14038 -191.86397 46.69197 -143.44038 -191.86397 46.69197 -143.59038 -192.12378 46.69197 -143.44038 -192.38359 46.69197 -143.14038 -192.38359 46.69197 -142.99038 -192.12378 52.70601 -143.14038 -191.86397 52.70601 -143.44038 -191.86397 52.70601 -143.59038 -192.12378 52.70601 -143.44038 -192.38359 52.70601 -143.14038 -192.38359 52.70601 -143.29038 -192.12378 46.69197 -143.29038 -192.12378 52.70601 -87.05421 -198.86684 44.78338 -89.43036 -199.37028 44.78338 -90.18245 -201.67980 44.78338 -88.55839 -203.48590 44.78338 -86.18224 -202.98247 44.78338 -85.43014 -200.67294 44.78338 -87.80630 -201.17637 53.51909 -87.80630 -201.17637 44.78338 -87.50630 -201.17637 42.67839 -87.65630 -200.91656 42.67839 -87.95630 -200.91656 42.67839 -88.10630 -201.17637 42.67839 -87.95630 -201.43618 42.67839 -87.65630 -201.43618 42.67839 -87.50630 -201.17637 46.67787 -87.65630 -200.91656 46.67787 -87.95630 -200.91656 46.67787 -88.10630 -201.17637 46.67787 -87.95630 -201.43618 46.67787 -87.65630 -201.43618 46.67787 -87.80630 -201.17637 42.67839 -87.80630 -201.17637 46.67787 -137.10632 -218.45024 49.26785 -140.16859 -217.90188 49.26785 -142.17461 -220.27971 49.26785 -141.11836 -223.20589 49.26785 -138.05610 -223.75424 49.26785 -136.05007 -221.37641 49.26785 -139.11234 -220.82806 64.22572 -139.11234 -220.82806 49.26785 -138.81234 -220.82806 45.66354 -138.96234 -220.56825 45.66354 -139.26234 -220.56825 45.66354 -139.41234 -220.82806 45.66354 -139.26234 -221.08787 45.66354 -138.96234 -221.08787 45.66354 -138.81234 -220.82806 52.51172 -138.96234 -220.56825 52.51172 -139.26234 -220.56825 52.51172 -139.41234 -220.82806 52.51172 -139.26234 -221.08787 52.51172 -138.96234 -221.08787 52.51172 -139.11234 -220.82806 45.66354 -139.11234 -220.82806 52.51172 -241.58860 -109.48259 49.36428 -238.59941 -109.33454 49.36428 -237.23304 -106.67179 49.36428 -238.85585 -104.15711 49.36428 -241.84504 -104.30517 49.36428 -243.21141 -106.96791 49.36428 -240.22223 -106.81985 66.69891 -240.22223 -106.81985 49.36428 -239.92223 -106.81985 45.18727 -240.07223 -106.56004 45.18727 -240.37223 -106.56004 45.18727 -240.52223 -106.81985 45.18727 -240.37223 -107.07966 45.18727 -240.07223 -107.07966 45.18727 -239.92223 -106.81985 53.12360 -240.07223 -106.56004 53.12360 -240.37223 -106.56004 53.12360 -240.52223 -106.81985 53.12360 -240.37223 -107.07966 53.12360 -240.07223 -107.07966 53.12360 -240.22223 -106.81985 45.18727 -240.22223 -106.81985 53.12360 -155.37133 -185.63684 50.36371 -157.12443 -183.10463 50.36371 -160.19393 -183.35676 50.36371 -161.51034 -186.14109 50.36371 -159.75724 -188.67329 50.36371 -156.68774 -188.42117 50.36371 -158.44083 -185.88896 68.00380 -158.44083 -185.88896 50.36371 -158.14083 -185.88896 46.11309 -158.29083 -185.62916 46.11309 -158.59083 -185.62916 46.11309 -158.74083 -185.88896 46.11309 -158.59083 -186.14877 46.11309 -158.29083 -186.14877 46.11309 -158.14083 -185.88896 54.18927 -158.29083 -185.62916 54.18927 -158.59083 -185.62916 54.18927 -158.74083 -185.88896 54.18927 -158.59083 -186.14877 54.18927 -158.29083 -186.14877 54.18927 -158.44083 -185.88896 46.11309 -158.44083 -185.88896 54.18927 -133.75180 -18.22681 52.73614 -132.21122 -14.27428 52.73614 -134.86392 -10.96383 52.73614 -139.05720 -11.60591 52.73614 -140.59779 -15.55844 52.73614 -137.94508 -18.86889 52.73614 -136.40450 -14.91636 65.96911 -136.40450 -14.91636 52.73614 -136.10450 -14.91636 49.54747 -136.25450 -14.65655 49.54747 -136.55450 -14.65655 49.54747 -136.70450 -14.91636 49.54747 -136.55450 -15.17617 49.54747 -136.25450 -15.17617 49.54747 -136.10450 -14.91636 55.60594 -136.25450 -14.65655 55.60594 -136.55450 -14.65655 55.60594 -136.70450 -14.91636 55.60594 -136.55450 -15.17617 55.60594 -136.25450 -15.17617 55.60594 -136.40450 -14.91636 49.54747 -136.40450 -14.91636 55.60594 -27.27774 -153.50756 49.59401 -28.43999 -156.66902 49.59401 -26.28321 -159.25629 49.59401 -22.96418 -158.68210 49.59401 -21.80193 -155.52064 49.59401 -23.95871 -152.93337 49.59401 -25.12096 -156.09483 67.29667 -25.12096 -156.09483 49.59401 -24.82096 -156.09483 45.32831 -24.97096 -155.83502 45.32831 -25.27096 -155.83502 45.32831 -25.42096 -156.09483 45.32831 -25.27096 -156.35463 45.32831 -24.97096 -156.35463 45.32831 -24.82096 -156.09483 53.43314 -24.97096 -155.83502 53.43314 -25.27096 -155.83502 53.43314 -25.42096 -156.09483 53.43314 -25.27096 -156.35463 53.43314 -24.97096 -156.35463 53.43314 -25.12096 -156.09483 45.32831 -25.12096 -156.09483 53.43314 -142.78113 -45.38962 42.15820 -144.23597 -42.12912 42.15820 -147.78706 -41.75879 42.15820 -149.88332 -44.64896 42.15820 -148.42848 -47.90946 42.15820 -144.87739 -48.27979 42.15820 -146.33222 -45.01929 52.63524 -146.33222 -45.01929 42.15820 -146.03222 -45.01929 39.63361 -146.18222 -44.75948 39.63361 -146.48222 -44.75948 39.63361 -146.63222 -45.01929 39.63361 -146.48222 -45.27910 39.63361 -146.18222 -45.27910 39.63361 -146.03222 -45.01929 44.43033 -146.18222 -44.75948 44.43033 -146.48222 -44.75948 44.43033 -146.63222 -45.01929 44.43033 -146.48222 -45.27910 44.43033 -146.18222 -45.27910 44.43033 -146.33222 -45.01929 39.63361 -146.33222 -45.01929 44.43033 -61.12726 -243.42591 44.93192 -58.37777 -240.85267 44.93192 -59.23152 -237.18492 44.93192 -62.83475 -236.09042 44.93192 -65.58424 -238.66366 44.93192 -64.73049 -242.33140 44.93192 -61.98101 -239.75816 58.58451 -61.98101 -239.75816 44.93192 -61.68101 -239.75816 41.64214 -61.83101 -239.49836 41.64214 -62.13101 -239.49836 41.64214 -62.28101 -239.75816 41.64214 -62.13101 -240.01797 41.64214 -61.83101 -240.01797 41.64214 -61.68101 -239.75816 47.89272 -61.83101 -239.49836 47.89272 -62.13101 -239.49836 47.89272 -62.28101 -239.75816 47.89272 -62.13101 -240.01797 47.89272 -61.83101 -240.01797 47.89272 -61.98101 -239.75816 41.64214 -61.98101 -239.75816 47.89272 -192.67555 -112.67497 47.94425 -195.77345 -115.34604 47.94425 -195.00920 -119.36443 47.94425 -191.14704 -120.71176 47.94425 -188.04913 -118.04070 47.94425 -188.81339 -114.02231 47.94425 -191.91129 -116.69337 59.88281 -191.91129 -116.69337 47.94425 -191.61129 -116.69337 45.06749 -191.76129 -116.43356 45.06749 -192.06129 -116.43356 45.06749 -192.21129 -116.69337 45.06749 -192.06129 -116.95318 45.06749 -191.76129 -116.95318 45.06749 -191.61129 -116.69337 50.53334 -191.76129 -116.43356 50.53334 -192.06129 -116.43356 50.53334 -192.21129 -116.69337 50.53334 -192.06129 -116.95318 50.53334 -191.76129 -116.95318 50.53334 -191.91129 -116.69337 45.06749 -191.91129 -116.69337 50.53334 -228.03193 -175.82119 42.28196 -228.62003 -179.86815 42.28196 -225.40931 -182.40093 42.28196 -221.61049 -180.88676 42.28196 -221.02239 -176.83980 42.28196 -224.23311 -174.30701 42.28196 -224.82121 -178.35397 55.75920 -224.82121 -178.35397 42.28196 -224.52121 -178.35397 39.03443 -224.67121 -178.09417 39.03443 -224.97121 -178.09417 39.03443 -225.12121 -178.35397 39.03443 -224.97121 -178.61378 39.03443 -224.67121 -178.61378 39.03443 -224.52121 -178.35397 45.20474 -224.67121 -178.09417 45.20474 -224.97121 -178.09417 45.20474 -225.12121 -178.35397 45.20474 -224.97121 -178.61378 45.20474 -224.67121 -178.61378 45.20474 -224.82121 -178.35397 39.03443 -224.82121 -178.35397 45.20474 -240.46019 -244.24538 48.58422 -244.22112 -246.13838 48.58422 -244.46219 -250.34193 48.58422 -240.94234 -252.65249 48.58422 -237.18142 -250.75949 48.58422 -236.94034 -246.55593 48.58422 -240.70127 -248.44893 63.16107 -240.70127 -248.44893 48.58422 -240.40127 -248.44893 45.07172 -240.55127 -248.18913 45.07172 -240.85127 -248.18913 45.07172 -241.00127 -248.44893 45.07172 -240.85127 -248.70874 45.07172 -240.55127 -248.70874 45.07172 -240.40127 -248.44893 51.74546 -240.55127 -248.18913 51.74546 -240.85127 -248.18913 51.74546 -241.00127 -248.44893 51.74546 -240.85127 -248.70874 51.74546 -240.55127 -248.70874 51.74546 -240.70127 -248.44893 45.07172 -240.70127 -248.44893 51.74546 -145.74288 -161.39041 48.13788 -148.18043 -164.89424 48.13788 -146.36480 -168.75714 48.13788 -142.11162 -169.11621 48.13788 -139.67406 -165.61238 48.13788 -141.48969 -161.74948 48.13788 -143.92725 -165.25331 60.08221 -143.92725 -165.25331 48.13788 -143.62725 -165.25331 45.25973 -143.77725 -164.99350 45.25973 -144.07725 -164.99350 45.25973 -144.22725 -165.25331 45.25973 -144.07725 -165.51311 45.25973 -143.77725 -165.51311 45.25973 -143.62725 -165.25331 50.72822 -143.77725 -164.99350 50.72822 -144.07725 -164.99350 50.72822 -144.22725 -165.25331 50.72822 -144.07725 -165.51311 50.72822 -143.77725 -165.51311 50.72822 -143.92725 -165.25331 45.25973 -143.92725 -165.25331 50.72822 -150.43143 -101.85445 40.84621 -150.50828 -105.94400 40.84621 -147.00505 -108.05533 40.84621 -143.42497 -106.07711 40.84621 -143.34812 -101.98756 40.84621 -146.85135 -99.87623 40.84621 -146.92820 -103.96578 52.56403 -146.92820 -103.96578 40.84621 -146.62820 -103.96578 38.02264 -146.77820 -103.70597 38.02264 -147.07820 -103.70597 38.02264 -147.22820 -103.96578 38.02264 -147.07820 -104.22559 38.02264 -146.77820 -104.22559 38.02264 -146.62820 -103.96578 43.38742 -146.77820 -103.70597 43.38742 -147.07820 -103.70597 43.38742 -147.22820 -103.96578 43.38742 -147.07820 -104.22559 43.38742 -146.77820 -104.22559 43.38742 -146.92820 -103.96578 38.02264 -146.92820 -103.96578 43.38742 -19.01680 -99.76028 50.39853 -16.14074 -101.43420 50.39853 -13.25305 -99.78041 50.39853 -13.24142 -96.45271 50.39853 -16.11748 -94.77879 50.39853 -19.00518 -96.43257 50.39853 -16.12911 -98.10649 61.00348 -16.12911 -98.10649 50.39853 -15.82911 -98.10649 47.84312 -15.97911 -97.84668 47.84312 -16.27911 -97.84668 47.84312 -16.42911 -98.10649 47.84312 -16.27911 -98.36630 47.84312 -15.97911 -98.36630 47.84312 -15.82911 -98.10649 52.69840 -15.97911 -97.84668 52.69840 -16.27911 -97.84668 52.69840 -16.42911 -98.10649 52.69840 -16.27911 -98.36630 52.69840 -15.97911 -98.36630 52.69840 -16.12911 -98.10649 47.84312 -16.12911 -98.10649 52.69840 -9.19300 -179.17457 45.59148 -13.16244 -176.46838 45.59148 -17.49079 -178.55292 45.59148 -17.84970 -183.34366 45.59148 -13.88026 -186.04985 45.59148 -9.55190 -183.96531 45.59148 -13.52135 -181.25912 56.51379 -13.52135 -181.25912 45.59148 -13.22135 -181.25912 42.95960 -13.37135 -180.99931 42.95960 -13.67135 -180.99931 42.95960 -13.82135 -181.25912 42.95960 -13.67135 -181.51892 42.95960 -13.37135 -181.51892 42.95960 -13.22135 -181.25912 47.96017 -13.37135 -180.99931 47.96017 -13.67135 -180.99931 47.96017 -13.82135 -181.25912 47.96017 -13.67135 -181.51892 47.96017 -13.37135 -181.51892 47.96017 -13.52135 -181.25912 42.95960 -13.52135 -181.25912 47.96017 -87.62910 -87.79053 47.60278 -88.07650 -91.27059 47.60278 -85.28638 -93.39809 47.60278 -82.04885 -92.04552 47.60278 -81.60145 -88.56545 47.60278 -84.39157 -86.43796 47.60278 -84.83897 -89.91802 61.19561 -84.83897 -89.91802 47.60278 -84.53897 -89.91802 44.32739 -84.68897 -89.65822 44.32739 -84.98897 -89.65822 44.32739 -85.13897 -89.91802 44.32739 -84.98897 -90.17783 44.32739 -84.68897 -90.17783 44.32739 -84.53897 -89.91802 50.55062 -84.68897 -89.65822 50.55062 -84.98897 -89.65822 50.55062 -85.13897 -89.91802 50.55062 -84.98897 -90.17783 50.55062 -84.68897 -90.17783 50.55062 -84.83897 -89.91802 44.32739 -84.83897 -89.91802 50.55062 -191.01272 -86.05052 45.87133 -193.99885 -86.95618 45.87133 -194.70760 -89.99507 45.87133 -192.43022 -92.12831 45.87133 -189.44408 -91.22266 45.87133 -188.73533 -88.18376 45.87133 -191.72147 -89.08942 59.32121 -191.72147 -89.08942 45.87133 -191.42147 -89.08942 42.63040 -191.57147 -88.82961 42.63040 -191.87147 -88.82961 42.63040 -192.02147 -89.08942 42.63040 -191.87147 -89.34923 42.63040 -191.57147 -89.34923 42.63040 -191.42147 -89.08942 48.78817 -191.57147 -88.82961 48.78817 -191.87147 -88.82961 48.78817 -192.02147 -89.08942 48.78817 -191.87147 -89.34923 48.78817 -191.57147 -89.34923 48.78817 -191.72147 -89.08942 42.63040 -191.72147 -89.08942 48.78817 -124.06016 -199.82387 50.63825 -128.54232 -200.04290 50.63825 -130.59371 -204.03409 50.63825 -128.16294 -207.80624 50.63825 -123.68078 -207.58721 50.63825 -121.62938 -203.59602 50.63825 -126.11155 -203.81506 66.54894 -126.11155 -203.81506 50.63825 -125.81155 -203.81506 46.80435 -125.96155 -203.55525 46.80435 -126.26155 -203.55525 46.80435 -126.41155 -203.81506 46.80435 -126.26155 -204.07486 46.80435 -125.96155 -204.07486 46.80435 -125.81155 -203.81506 54.08876 -125.96155 -203.55525 54.08876 -126.26155 -203.55525 54.08876 -126.41155 -203.81506 54.08876 -126.26155 -204.07486 54.08876 -125.96155 -204.07486 54.08876 -126.11155 -203.81506 46.80435 -126.11155 -203.81506 54.08876 -85.80364 -30.73742 66.38687 -83.00765 -34.69847 66.38687 -78.17928 -34.25760 66.38687 -76.14691 -29.85567 66.38687 -78.94290 -25.89462 66.38687 -83.77127 -26.33550 66.38687 -80.97527 -30.29655 78.54408 -80.97527 -30.29655 66.38687 -80.67527 -30.29655 63.45742 -80.82527 -30.03674 63.45742 -81.12527 -30.03674 63.45742 -81.27527 -30.29655 63.45742 -81.12527 -30.55635 63.45742 -80.82527 -30.55635 63.45742 -80.67527 -30.29655 69.02337 -80.82527 -30.03674 69.02337 -81.12527 -30.03674 69.02337 -81.27527 -30.29655 69.02337 -81.12527 -30.55635 69.02337 -80.82527 -30.55635 69.02337 -80.97527 -30.29655 63.45742 -80.97527 -30.29655 69.02337 -104.96870 -101.67785 40.67822 -109.14010 -99.59795 40.67822 -113.02704 -102.17054 40.67822 -112.74259 -106.82303 40.67822 -108.57119 -108.90293 40.67822 -104.68424 -106.33034 40.67822 -108.85564 -104.25044 49.51156 -108.85564 -104.25044 40.67822 -108.55564 -104.25044 38.54970 -108.70564 -103.99063 38.54970 -109.00564 -103.99063 38.54970 -109.15564 -104.25044 38.54970 -109.00564 -104.51025 38.54970 -108.70564 -104.51025 38.54970 -108.55564 -104.25044 42.59388 -108.70564 -103.99063 42.59388 -109.00564 -103.99063 42.59388 -109.15564 -104.25044 42.59388 -109.00564 -104.51025 42.59388 -108.70564 -104.51025 42.59388 -108.85564 -104.25044 38.54970 -108.85564 -104.25044 42.59388 -121.35828 -68.30323 43.67037 -123.20682 -70.38568 43.67037 -122.32762 -73.02779 43.67037 -119.59990 -73.58744 43.67037 -117.75137 -71.50498 43.67037 -118.63056 -68.86288 43.67037 -120.47909 -70.94533 57.60335 -120.47909 -70.94533 43.67037 -120.17909 -70.94533 40.31302 -120.32909 -70.68552 40.31302 -120.62909 -70.68552 40.31302 -120.77909 -70.94533 40.31302 -120.62909 -71.20514 40.31302 -120.32909 -71.20514 40.31302 -120.17909 -70.94533 46.69198 -120.32909 -70.68552 46.69198 -120.62909 -70.68552 46.69198 -120.77909 -70.94533 46.69198 -120.62909 -71.20514 46.69198 -120.32909 -71.20514 46.69198 -120.47909 -70.94533 40.31302 -120.47909 -70.94533 46.69198 -244.74869 -220.74330 46.17021 -241.27574 -217.97814 46.17021 -241.93396 -213.58789 46.17021 -246.06514 -211.96281 46.17021 -249.53809 -214.72797 46.17021 -248.87986 -219.11821 46.17021 -245.40691 -216.35305 61.28651 -245.40691 -216.35305 46.17021 -245.10691 -216.35305 42.52772 -245.25691 -216.09325 42.52772 -245.55691 -216.09325 42.52772 -245.70691 -216.35305 42.52772 -245.55691 -216.61286 42.52772 -245.25691 -216.61286 42.52772 -245.10691 -216.35305 49.44844 -245.25691 -216.09325 49.44844 -245.55691 -216.09325 49.44844 -245.70691 -216.35305 49.44844 -245.55691 -216.61286 49.44844 -245.25691 -216.61286 49.44844 -245.40691 -216.35305 42.52772 -245.40691 -216.35305 49.44844 -245.83069 -72.45021 52.43709 -245.89235 -69.91136 52.43709 -248.12189 -68.69534 52.43709 -250.28977 -70.01816 52.43709 -250.22811 -72.55701 52.43709 -247.99857 -73.77304 52.43709 -248.06023 -71.23419 67.71826 -248.06023 -71.23419 52.43709 -247.76023 -71.23419 48.75488 -247.91023 -70.97438 48.75488 -248.21023 -70.97438 48.75488 -248.36023 -71.23419 48.75488 -248.21023 -71.49400 48.75488 -247.91023 -71.49400 48.75488 -247.76023 -71.23419 55.75108 -247.91023 -70.97438 55.75108 -248.21023 -70.97438 55.75108 -248.36023 -71.23419 55.75108 -248.21023 -71.49400 55.75108 -247.91023 -71.49400 55.75108 -248.06023 -71.23419 48.75488 -248.06023 -71.23419 55.75108 -107.30958 -112.98850 40.91518 -103.68351 -113.05781 40.91518 -101.81044 -109.95220 40.91518 -103.56345 -106.77727 40.91518 -107.18952 -106.70796 40.91518 -109.06259 -109.81357 40.91518 -105.43652 -109.88288 50.79482 -105.43652 -109.88288 40.91518 -105.13652 -109.88288 38.53455 -105.28652 -109.62308 38.53455 -105.58652 -109.62308 38.53455 -105.73652 -109.88288 38.53455 -105.58652 -110.14269 38.53455 -105.28652 -110.14269 38.53455 -105.13652 -109.88288 43.05776 -105.28652 -109.62308 43.05776 -105.58652 -109.62308 43.05776 -105.73652 -109.88288 43.05776 -105.58652 -110.14269 43.05776 -105.28652 -110.14269 43.05776 -105.43652 -109.88288 38.53455 -105.43652 -109.88288 43.05776 -197.84595 -101.36337 47.12480 -194.56759 -99.29721 47.12480 -194.71775 -95.42498 47.12480 -198.14628 -93.61891 47.12480 -201.42465 -95.68507 47.12480 -201.27448 -99.55730 47.12480 -197.99612 -97.49114 58.59205 -197.99612 -97.49114 47.12480 -197.69612 -97.49114 44.36160 -197.84612 -97.23133 44.36160 -198.14612 -97.23133 44.36160 -198.29612 -97.49114 44.36160 -198.14612 -97.75095 44.36160 -197.84612 -97.75095 44.36160 -197.69612 -97.49114 49.61167 -197.84612 -97.23133 49.61167 -198.14612 -97.23133 49.61167 -198.29612 -97.49114 49.61167 -198.14612 -97.75095 49.61167 -197.84612 -97.75095 49.61167 -197.99612 -97.49114 44.36160 -197.99612 -97.49114 49.61167 -227.39490 -63.01505 49.87061 -224.61783 -64.47482 49.87061 -221.96509 -62.79969 49.87061 -222.08943 -59.66479 49.87061 -224.86650 -58.20501 49.87061 -227.51924 -59.88014 49.87061 -224.74216 -61.33992 66.98308 -224.74216 -61.33992 49.87061 -224.44216 -61.33992 45.74713 -224.59216 -61.08011 45.74713 -224.89216 -61.08011 45.74713 -225.04216 -61.33992 45.74713 -224.89216 -61.59972 45.74713 -224.59216 -61.59972 45.74713 -224.44216 -61.33992 53.58175 -224.59216 -61.08011 53.58175 -224.89216 -61.08011 53.58175 -225.04216 -61.33992 53.58175 -224.89216 -61.59972 53.58175 -224.59216 -61.59972 53.58175 -224.74216 -61.33992 45.74713 -224.74216 -61.33992 53.58175 -162.71052 -138.38451 47.41571 -158.90306 -141.10063 47.41571 -154.64710 -139.16133 47.41571 -154.19860 -134.50591 47.41571 -158.00607 -131.78979 47.41571 -162.26203 -133.72909 47.41571 -158.45456 -136.44521 63.26423 -158.45456 -136.44521 47.41571 -158.15456 -136.44521 43.59679 -158.30456 -136.18540 43.59679 -158.60456 -136.18540 43.59679 -158.75456 -136.44521 43.59679 -158.60456 -136.70502 43.59679 -158.30456 -136.70502 43.59679 -158.15456 -136.44521 50.85274 -158.30456 -136.18540 50.85274 -158.60456 -136.18540 50.85274 -158.75456 -136.44521 50.85274 -158.60456 -136.70502 50.85274 -158.30456 -136.70502 50.85274 -158.45456 -136.44521 43.59679 -158.45456 -136.44521 50.85274 -238.37180 -181.20869 42.21059 -241.35345 -177.69645 42.21059 -245.88597 -178.52251 42.21059 -247.43684 -182.86082 42.21059 -244.45519 -186.37306 42.21059 -239.92267 -185.54700 42.21059 -242.90432 -182.03475 54.04360 -242.90432 -182.03475 42.21059 -242.60432 -182.03475 39.35926 -242.75432 -181.77495 39.35926 -243.05432 -181.77495 39.35926 -243.20432 -182.03475 39.35926 -243.05432 -182.29456 39.35926 -242.75432 -182.29456 39.35926 -242.60432 -182.03475 44.77678 -242.75432 -181.77495 44.77678 -243.05432 -181.77495 44.77678 -243.20432 -182.03475 44.77678 -243.05432 -182.29456 44.77678 -242.75432 -182.29456 44.77678 -242.90432 -182.03475 39.35926 -242.90432 -182.03475 44.77678 -233.88275 -49.50902 50.48197 -232.20577 -45.69967 50.48197 -234.66626 -42.34269 50.48197 -238.80375 -42.79505 50.48197 -240.48073 -46.60440 50.48197 -238.02023 -49.96138 50.48197 -236.34325 -46.15204 64.64435 -236.34325 -46.15204 50.48197 -236.04325 -46.15204 47.06935 -236.19325 -45.89223 47.06935 -236.49325 -45.89223 47.06935 -236.64325 -46.15204 47.06935 -236.49325 -46.41184 47.06935 -236.19325 -46.41184 47.06935 -236.04325 -46.15204 53.55333 -236.19325 -45.89223 53.55333 -236.49325 -45.89223 53.55333 -236.64325 -46.15204 53.55333 -236.49325 -46.41184 53.55333 -236.19325 -46.41184 53.55333 -236.34325 -46.15204 47.06935 -236.34325 -46.15204 53.55333 -164.80687 -88.12693 41.11512 -160.57387 -86.02054 41.11512 -160.28156 -81.30145 41.11512 -164.22225 -78.68876 41.11512 -168.45526 -80.79515 41.11512 -168.74757 -85.51424 41.11512 -164.51456 -83.40785 54.18688 -164.51456 -83.40785 41.11512 -164.21456 -83.40785 37.96530 -164.36456 -83.14804 37.96530 -164.66456 -83.14804 37.96530 -164.81456 -83.40785 37.96530 -164.66456 -83.66765 37.96530 -164.36456 -83.66765 37.96530 -164.21456 -83.40785 43.94996 -164.36456 -83.14804 43.94996 -164.66456 -83.14804 43.94996 -164.81456 -83.40785 43.94996 -164.66456 -83.66765 43.94996 -164.36456 -83.66765 43.94996 -164.51456 -83.40785 37.96530 -164.51456 -83.40785 43.94996 -162.66406 -211.74778 46.09976 -164.42997 -209.19319 46.09976 -167.52526 -209.44522 46.09976 -168.85464 -212.25183 46.09976 -167.08873 -214.80642 46.09976 -163.99344 -214.55439 46.09976 -165.75935 -211.99980 57.99830 -165.75935 -211.99980 46.09976 -165.45935 -211.99980 43.23264 -165.60935 -211.73999 43.23264 -165.90935 -211.73999 43.23264 -166.05935 -211.99980 43.23264 -165.90935 -212.25961 43.23264 -165.60935 -212.25961 43.23264 -165.45935 -211.99980 48.68016 -165.60935 -211.73999 48.68016 -165.90935 -211.73999 48.68016 -166.05935 -211.99980 48.68016 -165.90935 -212.25961 48.68016 -165.60935 -212.25961 48.68016 -165.75935 -211.99980 43.23264 -165.75935 -211.99980 48.68016 -51.98370 -179.81984 40.34076 -55.35465 -181.12279 40.34076 -55.91173 -184.69359 40.34076 -53.09787 -186.96144 40.34076 -49.72693 -185.65849 40.34076 -49.16984 -182.08769 40.34076 -52.54079 -183.39064 48.87271 -52.54079 -183.39064 40.34076 -52.24079 -183.39064 38.28487 -52.39079 -183.13084 38.28487 -52.69079 -183.13084 38.28487 -52.84079 -183.39064 38.28487 -52.69079 -183.65045 38.28487 -52.39079 -183.65045 38.28487 -52.24079 -183.39064 42.19106 -52.39079 -183.13084 42.19106 -52.69079 -183.13084 42.19106 -52.84079 -183.39064 42.19106 -52.69079 -183.65045 42.19106 -52.39079 -183.65045 42.19106 -52.54079 -183.39064 38.28487 -52.54079 -183.39064 42.19106 -165.67840 -194.27422 48.71773 -164.49529 -196.95857 48.71773 -161.57902 -197.27614 48.71773 -159.84586 -194.90935 48.71773 -161.02898 -192.22501 48.71773 -163.94525 -191.90744 48.71773 -162.76213 -194.59179 63.20920 -162.76213 -194.59179 48.71773 -162.46213 -194.59179 45.22581 -162.61213 -194.33198 45.22581 -162.91213 -194.33198 45.22581 -163.06213 -194.59179 45.22581 -162.91213 -194.85160 45.22581 -162.61213 -194.85160 45.22581 -162.46213 -194.59179 51.86046 -162.61213 -194.33198 51.86046 -162.91213 -194.33198 51.86046 -163.06213 -194.59179 51.86046 -162.91213 -194.85160 51.86046 -162.61213 -194.85160 51.86046 -162.76213 -194.59179 45.22581 -162.76213 -194.59179 51.86046 -157.88781 -196.98736 49.57846 -155.19610 -195.79241 49.57846 -154.88510 -192.86383 49.57846 -157.26582 -191.13022 49.57846 -159.95754 -192.32517 49.57846 -160.26854 -195.25375 49.57846 -157.57682 -194.05879 65.19167 -157.57682 -194.05879 49.57846 -157.27682 -194.05879 45.81624 -157.42682 -193.79898 45.81624 -157.72682 -193.79898 45.81624 -157.87682 -194.05879 45.81624 -157.72682 -194.31860 45.81624 -157.42682 -194.31860 45.81624 -157.27682 -194.05879 52.96446 -157.42682 -193.79898 52.96446 -157.72682 -193.79898 52.96446 -157.87682 -194.05879 52.96446 -157.72682 -194.31860 52.96446 -157.42682 -194.31860 52.96446 -157.57682 -194.05879 45.81624 -157.57682 -194.05879 52.96446 -37.13004 -216.95100 41.03286 -34.22572 -217.66328 41.03286 -32.15671 -215.50421 41.03286 -32.99201 -212.63286 41.03286 -35.89632 -211.92058 41.03286 -37.96534 -214.07965 41.03286 -35.06102 -214.79193 58.74785 -35.06102 -214.79193 41.03286 -34.76102 -214.79193 36.76418 -34.91102 -214.53212 36.76418 -35.21102 -214.53212 36.76418 -35.36102 -214.79193 36.76418 -35.21102 -215.05174 36.76418 -34.91102 -215.05174 36.76418 -34.76102 -214.79193 44.87466 -34.91102 -214.53212 44.87466 -35.21102 -214.53212 44.87466 -35.36102 -214.79193 44.87466 -35.21102 -215.05174 44.87466 -34.91102 -215.05174 44.87466 -35.06102 -214.79193 36.76418 -35.06102 -214.79193 44.87466 -213.65494 -108.23858 48.84925 -210.32869 -108.90983 48.84925 -208.08425 -106.36484 48.84925 -209.16605 -103.14860 48.84925 -212.49230 -102.47735 48.84925 -214.73675 -105.02234 48.84925 -211.41050 -105.69359 61.58453 -211.41050 -105.69359 48.84925 -211.11050 -105.69359 45.78051 -211.26050 -105.43378 45.78051 -211.56050 -105.43378 45.78051 -211.71050 -105.69359 45.78051 -211.56050 -105.95340 45.78051 -211.26050 -105.95340 45.78051 -211.11050 -105.69359 51.61112 -211.26050 -105.43378 51.61112 -211.56050 -105.43378 51.61112 -211.71050 -105.69359 51.61112 -211.56050 -105.95340 51.61112 -211.26050 -105.95340 51.61112 -211.41050 -105.69359 45.78051 -211.41050 -105.69359 51.61112 -221.18339 -174.19654 42.50050 -217.44862 -171.43536 42.50050 -217.97249 -166.82036 42.50050 -222.23113 -164.96655 42.50050 -225.96590 -167.72773 42.50050 -225.44203 -172.34273 42.50050 -221.70726 -169.58155 53.86934 -221.70726 -169.58155 42.50050 -221.40726 -169.58155 39.76102 -221.55726 -169.32174 39.76102 -221.85726 -169.32174 39.76102 -222.00726 -169.58155 39.76102 -221.85726 -169.84135 39.76102 -221.55726 -169.84135 39.76102 -221.40726 -169.58155 44.96603 -221.55726 -169.32174 44.96603 -221.85726 -169.32174 44.96603 -222.00726 -169.58155 44.96603 -221.85726 -169.84135 44.96603 -221.55726 -169.84135 44.96603 -221.70726 -169.58155 39.76102 -221.70726 -169.58155 44.96603 -27.56296 -177.93391 45.09118 -31.16865 -176.43431 45.09118 -34.27019 -178.80713 45.09118 -33.76604 -182.67955 45.09118 -30.16035 -184.17915 45.09118 -27.05881 -181.80634 45.09118 -30.66450 -180.30673 63.18089 -30.66450 -180.30673 45.09118 -30.36450 -180.30673 40.73221 -30.51450 -180.04692 40.73221 -30.81450 -180.04692 40.73221 -30.96450 -180.30673 40.73221 -30.81450 -180.56654 40.73221 -30.51450 -180.56654 40.73221 -30.36450 -180.30673 49.01425 -30.51450 -180.04692 49.01425 -30.81450 -180.04692 49.01425 -30.96450 -180.30673 49.01425 -30.81450 -180.56654 49.01425 -30.51450 -180.56654 49.01425 -30.66450 -180.30673 40.73221 -30.66450 -180.30673 49.01425 -68.70207 -151.20765 43.45357 -71.08125 -152.03905 43.45357 -71.55083 -154.51517 43.45357 -69.64124 -156.15990 43.45357 -67.26206 -155.32850 43.45357 -66.79248 -152.85238 43.45357 -69.17165 -153.68378 58.33361 -69.17165 -153.68378 43.45357 -68.87165 -153.68378 39.86802 -69.02165 -153.42397 39.86802 -69.32165 -153.42397 39.86802 -69.47165 -153.68378 39.86802 -69.32165 -153.94358 39.86802 -69.02165 -153.94358 39.86802 -68.87165 -153.68378 46.68057 -69.02165 -153.42397 46.68057 -69.32165 -153.42397 46.68057 -69.47165 -153.68378 46.68057 -69.32165 -153.94358 46.68057 -69.02165 -153.94358 46.68057 -69.17165 -153.68378 39.86802 -69.17165 -153.68378 46.68057 -245.28021 -228.23544 46.14550 -241.58041 -231.01860 46.14550 -237.32021 -229.20606 46.14550 -236.75983 -224.61035 46.14550 -240.45963 -221.82719 46.14550 -244.71982 -223.63973 46.14550 -241.02002 -226.42289 59.15385 -241.02002 -226.42289 46.14550 -240.72002 -226.42289 43.01096 -240.87002 -226.16309 43.01096 -241.17002 -226.16309 43.01096 -241.32002 -226.42289 43.01096 -241.17002 -226.68270 43.01096 -240.87002 -226.68270 43.01096 -240.72002 -226.42289 48.96659 -240.87002 -226.16309 48.96659 -241.17002 -226.16309 48.96659 -241.32002 -226.42289 48.96659 -241.17002 -226.68270 48.96659 -240.87002 -226.68270 48.96659 -241.02002 -226.42289 43.01096 -241.02002 -226.42289 48.96659 -94.14376 -107.96475 43.98473 -94.56709 -104.82993 43.98473 -97.49359 -103.62914 43.98473 -99.99676 -105.56316 43.98473 -99.57343 -108.69798 43.98473 -96.64693 -109.89878 43.98473 -97.07026 -106.76396 60.64497 -97.07026 -106.76396 43.98473 -96.77026 -106.76396 39.97021 -96.92026 -106.50415 39.97021 -97.22026 -106.50415 39.97021 -97.37026 -106.76396 39.97021 -97.22026 -107.02377 39.97021 -96.92026 -107.02377 39.97021 -96.77026 -106.76396 47.59779 -96.92026 -106.50415 47.59779 -97.22026 -106.50415 47.59779 -97.37026 -106.76396 47.59779 -97.22026 -107.02377 47.59779 -96.92026 -107.02377 47.59779 -97.07026 -106.76396 39.97021 -97.07026 -106.76396 47.59779 -96.79514 -38.60420 56.78459 -92.73737 -37.61627 56.78459 -91.56407 -33.60818 56.78459 -94.44852 -30.58802 56.78459 -98.50629 -31.57595 56.78459 -99.67959 -35.58404 56.78459 -95.62183 -34.59611 70.83651 -95.62183 -34.59611 56.78459 -95.32183 -34.59611 53.39859 -95.47183 -34.33630 53.39859 -95.77183 -34.33630 53.39859 -95.92183 -34.59611 53.39859 -95.77183 -34.85592 53.39859 -95.47183 -34.85592 53.39859 -95.32183 -34.59611 59.83199 -95.47183 -34.33630 59.83199 -95.77183 -34.33630 59.83199 -95.92183 -34.59611 59.83199 -95.77183 -34.85592 59.83199 -95.47183 -34.85592 59.83199 -95.62183 -34.59611 53.39859 -95.62183 -34.59611 59.83199 -175.64548 -144.14038 48.39766 -177.98608 -143.15725 48.39766 -180.00779 -144.69270 48.39766 -179.68890 -147.21129 48.39766 -177.34830 -148.19441 48.39766 -175.32659 -146.65896 48.39766 -177.66719 -145.67583 59.77762 -177.66719 -145.67583 48.39766 -177.36719 -145.67583 45.65550 -177.51719 -145.41602 45.65550 -177.81719 -145.41602 45.65550 -177.96719 -145.67583 45.65550 -177.81719 -145.93564 45.65550 -177.51719 -145.93564 45.65550 -177.36719 -145.67583 50.86560 -177.51719 -145.41602 50.86560 -177.81719 -145.41602 50.86560 -177.96719 -145.67583 50.86560 -177.81719 -145.93564 50.86560 -177.51719 -145.93564 50.86560 -177.66719 -145.67583 45.65550 -177.66719 -145.67583 50.86560 -156.23642 -199.20475 47.97546 -157.54548 -194.90926 47.97546 -161.92002 -193.89520 47.97546 -164.98549 -197.17664 47.97546 -163.67642 -201.47213 47.97546 -159.30189 -202.48619 47.97546 -160.61095 -198.19070 59.44015 -160.61095 -198.19070 47.97546 -160.31095 -198.19070 45.21289 -160.46095 -197.93089 45.21289 -160.76095 -197.93089 45.21289 -160.91095 -198.19070 45.21289 -160.76095 -198.45050 45.21289 -160.46095 -198.45050 45.21289 -160.31095 -198.19070 50.46178 -160.46095 -197.93089 50.46178 -160.76095 -197.93089 50.46178 -160.91095 -198.19070 50.46178 -160.76095 -198.45050 50.46178 -160.46095 -198.45050 50.46178 -160.61095 -198.19070 45.21289 -160.61095 -198.19070 50.46178 -180.21153 -116.06423 47.34887 -176.58167 -117.23234 47.34887 -173.75512 -114.67284 47.34887 -174.55844 -110.94523 47.34887 -178.18830 -109.77712 47.34887 -181.01485 -112.33662 47.34887 -177.38498 -113.50473 64.20218 -177.38498 -113.50473 47.34887 -177.08498 -113.50473 43.28783 -177.23498 -113.24492 43.28783 -177.53498 -113.24492 43.28783 -177.68498 -113.50473 43.28783 -177.53498 -113.76454 43.28783 -177.23498 -113.76454 43.28783 -177.08498 -113.50473 51.00380 -177.23498 -113.24492 51.00380 -177.53498 -113.24492 51.00380 -177.68498 -113.50473 51.00380 -177.53498 -113.76454 51.00380 -177.23498 -113.76454 51.00380 -177.38498 -113.50473 43.28783 -177.38498 -113.50473 51.00380 -60.73116 -47.50175 79.00944 -58.23003 -48.08758 79.00944 -56.47212 -46.21446 79.00944 -57.21533 -43.75550 79.00944 -59.71646 -43.16967 79.00944 -61.47438 -45.04279 79.00944 -58.97325 -45.62862 95.48538 -58.97325 -45.62862 79.00944 -58.67325 -45.62862 75.03934 -58.82325 -45.36882 75.03934 -59.12325 -45.36882 75.03934 -59.27325 -45.62862 75.03934 -59.12325 -45.88843 75.03934 -58.82325 -45.88843 75.03934 -58.67325 -45.62862 82.58254 -58.82325 -45.36882 82.58254 -59.12325 -45.36882 82.58254 -59.27325 -45.62862 82.58254 -59.12325 -45.88843 82.58254 -58.82325 -45.88843 82.58254 -58.97325 -45.62862 75.03934 -58.97325 -45.62862 82.58254 -146.55822 -92.74222 39.69132 -150.72620 -91.65667 39.69132 -153.75030 -94.72348 39.69132 -152.60642 -98.87582 39.69132 -148.43844 -99.96137 39.69132 -145.41434 -96.89456 39.69132 -149.58232 -95.80902 48.42600 -149.58232 -95.80902 39.69132 -149.28232 -95.80902 37.58658 -149.43232 -95.54921 37.58658 -149.73232 -95.54921 37.58658 -149.88232 -95.80902 37.58658 -149.73232 -96.06883 37.58658 -149.43232 -96.06883 37.58658 -149.28232 -95.80902 41.58559 -149.43232 -95.54921 41.58559 -149.73232 -95.54921 41.58559 -149.88232 -95.80902 41.58559 -149.73232 -96.06883 41.58559 -149.43232 -96.06883 41.58559 -149.58232 -95.80902 37.58658 -149.58232 -95.80902 41.58559 -200.70754 -73.60627 46.70498 -198.59639 -69.70162 46.70498 -200.92234 -65.92099 46.70498 -205.35944 -66.04501 46.70498 -207.47059 -69.94966 46.70498 -205.14463 -73.73029 46.70498 -203.03349 -69.82564 64.16664 -203.03349 -69.82564 46.70498 -202.73349 -69.82564 42.49735 -202.88349 -69.56583 42.49735 -203.18349 -69.56583 42.49735 -203.33349 -69.82564 42.49735 -203.18349 -70.08545 42.49735 -202.88349 -70.08545 42.49735 -202.73349 -69.82564 50.49185 -202.88349 -69.56583 50.49185 -203.18349 -69.56583 50.49185 -203.33349 -69.82564 50.49185 -203.18349 -70.08545 50.49185 -202.88349 -70.08545 50.49185 -203.03349 -69.82564 42.49735 -203.03349 -69.82564 50.49185 -169.52239 -184.67030 48.68210 -169.76185 -181.04101 48.68210 -173.02463 -179.43374 48.68210 -176.04796 -181.45575 48.68210 -175.80851 -185.08505 48.68210 -172.54573 -186.69232 48.68210 -172.78518 -183.06303 64.46650 -172.78518 -183.06303 48.68210 -172.48518 -183.06303 44.87863 -172.63518 -182.80322 44.87863 -172.93518 -182.80322 44.87863 -173.08518 -183.06303 44.87863 -172.93518 -183.32284 44.87863 -172.63518 -183.32284 44.87863 -172.48518 -183.06303 52.10523 -172.63518 -182.80322 52.10523 -172.93518 -182.80322 52.10523 -173.08518 -183.06303 52.10523 -172.93518 -183.32284 52.10523 -172.63518 -183.32284 52.10523 -172.78518 -183.06303 44.87863 -172.78518 -183.06303 52.10523 -158.16121 -104.33392 41.40558 -154.96746 -104.84745 41.40558 -152.92585 -102.33834 41.40558 -154.07801 -99.31571 41.40558 -157.27176 -98.80218 41.40558 -159.31336 -101.31129 41.40558 -156.11961 -101.82481 52.25356 -156.11961 -101.82481 41.40558 -155.81961 -101.82481 38.79161 -155.96961 -101.56501 38.79161 -156.26961 -101.56501 38.79161 -156.41961 -101.82481 38.79161 -156.26961 -102.08462 38.79161 -155.96961 -102.08462 38.79161 -155.81961 -101.82481 43.75815 -155.96961 -101.56501 43.75815 -156.26961 -101.56501 43.75815 -156.41961 -101.82481 43.75815 -156.26961 -102.08462 43.75815 -155.96961 -102.08462 43.75815 -156.11961 -101.82481 38.79161 -156.11961 -101.82481 43.75815 -171.93490 -79.53172 41.15326 -167.67187 -79.79075 41.15326 -165.31603 -76.22837 41.15326 -167.22322 -72.40697 41.15326 -171.48625 -72.14794 41.15326 -173.84209 -75.71032 41.15326 -169.57906 -75.96935 54.59174 -169.57906 -75.96935 41.15326 -169.27906 -75.96935 37.91507 -169.42906 -75.70954 37.91507 -169.72906 -75.70954 37.91507 -169.87906 -75.96935 37.91507 -169.72906 -76.22915 37.91507 -169.42906 -76.22915 37.91507 -169.27906 -75.96935 44.06763 -169.42906 -75.70954 44.06763 -169.72906 -75.70954 44.06763 -169.87906 -75.96935 44.06763 -169.72906 -76.22915 44.06763 -169.42906 -76.22915 44.06763 -169.57906 -75.96935 37.91507 -169.57906 -75.96935 44.06763 -235.15550 -70.67852 50.45645 -235.71545 -73.05848 50.45645 -233.93432 -74.73338 50.45645 -231.59325 -74.02834 50.45645 -231.03330 -71.64838 50.45645 -232.81443 -69.97348 50.45645 -233.37437 -72.35343 63.17266 -233.37437 -72.35343 50.45645 -233.07437 -72.35343 47.39230 -233.22437 -72.09362 47.39230 -233.52437 -72.09362 47.39230 -233.67437 -72.35343 47.39230 -233.52437 -72.61324 47.39230 -233.22437 -72.61324 47.39230 -233.07437 -72.35343 53.21418 -233.22437 -72.09362 53.21418 -233.52437 -72.09362 53.21418 -233.67437 -72.35343 53.21418 -233.52437 -72.61324 53.21418 -233.22437 -72.61324 53.21418 -233.37437 -72.35343 47.39230 -233.37437 -72.35343 53.21418 -87.82293 -204.87613 46.32998 -85.43097 -204.26930 46.32998 -84.76053 -201.89439 46.32998 -86.48204 -200.12631 46.32998 -88.87400 -200.73314 46.32998 -89.54444 -203.10806 46.32998 -87.15248 -202.50122 60.89410 -87.15248 -202.50122 46.32998 -86.85248 -202.50122 42.82055 -87.00248 -202.24141 42.82055 -87.30248 -202.24141 42.82055 -87.45248 -202.50122 42.82055 -87.30248 -202.76103 42.82055 -87.00248 -202.76103 42.82055 -86.85248 -202.50122 49.48846 -87.00248 -202.24141 49.48846 -87.30248 -202.24141 49.48846 -87.45248 -202.50122 49.48846 -87.30248 -202.76103 49.48846 -87.00248 -202.76103 49.48846 -87.15248 -202.50122 42.82055 -87.15248 -202.50122 49.48846 -199.12570 -114.32782 47.60076 -201.82974 -114.87992 47.60076 -202.70363 -117.49775 47.60076 -200.87348 -119.56347 47.60076 -198.16943 -119.01137 47.60076 -197.29554 -116.39354 47.60076 -199.99959 -116.94565 56.39503 -199.99959 -116.94565 47.60076 -199.69959 -116.94565 45.48166 -199.84959 -116.68584 45.48166 -200.14959 -116.68584 45.48166 -200.29959 -116.94565 45.48166 -200.14959 -117.20545 45.48166 -199.84959 -117.20545 45.48166 -199.69959 -116.94565 49.50795 -199.84959 -116.68584 49.50795 -200.14959 -116.68584 49.50795 -200.29959 -116.94565 49.50795 -200.14959 -117.20545 49.50795 -199.84959 -117.20545 49.50795 -199.99959 -116.94565 45.48166 -199.99959 -116.94565 49.50795 -174.63912 -104.08904 44.23981 -170.90580 -103.02227 44.23981 -169.96299 -99.25574 44.23981 -172.75350 -96.55597 44.23981 -176.48682 -97.62274 44.23981 -177.42963 -101.38927 44.23981 -173.69631 -100.32251 57.19170 -173.69631 -100.32251 44.23981 -173.39631 -100.32251 41.11887 -173.54631 -100.06270 41.11887 -173.84631 -100.06270 41.11887 -173.99631 -100.32251 41.11887 -173.84631 -100.58231 41.11887 -173.54631 -100.58231 41.11887 -173.39631 -100.32251 47.04865 -173.54631 -100.06270 47.04865 -173.84631 -100.06270 47.04865 -173.99631 -100.32251 47.04865 -173.84631 -100.58231 47.04865 -173.54631 -100.58231 47.04865 -173.69631 -100.32251 41.11887 -173.69631 -100.32251 47.04865 -49.74608 -61.38030 72.00839 -46.51649 -64.47124 72.00839 -42.22487 -63.21981 72.00839 -41.16282 -58.87744 72.00839 -44.39241 -55.78650 72.00839 -48.68403 -57.03793 72.00839 -45.45445 -60.12887 88.92554 -45.45445 -60.12887 72.00839 -45.15445 -60.12887 67.93197 -45.30445 -59.86906 67.93197 -45.60445 -59.86906 67.93197 -45.75445 -60.12887 67.93197 -45.60445 -60.38868 67.93197 -45.30445 -60.38868 67.93197 -45.15445 -60.12887 75.67717 -45.30445 -59.86906 75.67717 -45.60445 -59.86906 75.67717 -45.75445 -60.12887 75.67717 -45.60445 -60.38868 75.67717 -45.30445 -60.38868 75.67717 -45.45445 -60.12887 67.93197 -45.45445 -60.12887 75.67717 -13.85838 -167.77479 49.14131 -11.95609 -170.28190 49.14131 -8.83372 -169.88802 49.14131 -7.61365 -166.98702 49.14131 -9.51594 -164.47991 49.14131 -12.63831 -164.87380 49.14131 -10.73601 -167.38091 64.34976 -10.73601 -167.38091 49.14131 -10.43601 -167.38091 45.47662 -10.58601 -167.12110 45.47662 -10.88601 -167.12110 45.47662 -11.03601 -167.38091 45.47662 -10.88601 -167.64071 45.47662 -10.58601 -167.64071 45.47662 -10.43601 -167.38091 52.43953 -10.58601 -167.12110 52.43953 -10.88601 -167.12110 52.43953 -11.03601 -167.38091 52.43953 -10.88601 -167.64071 52.43953 -10.58601 -167.64071 52.43953 -10.73601 -167.38091 45.47662 -10.73601 -167.38091 52.43953 -225.00587 -14.12388 51.02794 -225.42008 -17.59291 51.02794 -222.62291 -19.68614 51.02794 -219.41154 -18.31034 51.02794 -218.99733 -14.84131 51.02794 -221.79450 -12.74808 51.02794 -222.20870 -16.21711 61.70289 -222.20870 -16.21711 51.02794 -221.90870 -16.21711 48.45566 -222.05870 -15.95730 48.45566 -222.35870 -15.95730 48.45566 -222.50870 -16.21711 48.45566 -222.35870 -16.47692 48.45566 -222.05870 -16.47692 48.45566 -221.90870 -16.21711 53.34299 -222.05870 -15.95730 53.34299 -222.35870 -15.95730 53.34299 -222.50870 -16.21711 53.34299 -222.35870 -16.47692 53.34299 -222.05870 -16.47692 53.34299 -222.20870 -16.21711 48.45566 -222.20870 -16.21711 53.34299 -69.27527 -60.22240 68.12375 -66.98862 -63.78714 68.12375 -62.75813 -63.58920 68.12375 -60.81430 -59.82653 68.12375 -63.10096 -56.26179 68.12375 -67.33144 -56.45972 68.12375 -65.04479 -60.02446 80.63760 -65.04479 -60.02446 68.12375 -64.74479 -60.02446 65.10837 -64.89479 -59.76466 65.10837 -65.19479 -59.76466 65.10837 -65.34479 -60.02446 65.10837 -65.19479 -60.28427 65.10837 -64.89479 -60.28427 65.10837 -64.74479 -60.02446 70.83760 -64.89479 -59.76466 70.83760 -65.19479 -59.76466 70.83760 -65.34479 -60.02446 70.83760 -65.19479 -60.28427 70.83760 -64.89479 -60.28427 70.83760 -65.04479 -60.02446 65.10837 -65.04479 -60.02446 70.83760 -218.71226 -84.70314 49.17186 -220.62639 -82.68227 49.17186 -223.33358 -83.32952 49.17186 -224.12664 -85.99763 49.17186 -222.21251 -88.01850 49.17186 -219.50533 -87.37126 49.17186 -221.41945 -85.35039 61.15456 -221.41945 -85.35039 49.17186 -221.11945 -85.35039 46.28446 -221.26945 -85.09058 46.28446 -221.56945 -85.09058 46.28446 -221.71945 -85.35039 46.28446 -221.56945 -85.61020 46.28446 -221.26945 -85.61020 46.28446 -221.11945 -85.35039 51.77052 -221.26945 -85.09058 51.77052 -221.56945 -85.09058 51.77052 -221.71945 -85.35039 51.77052 -221.56945 -85.61020 51.77052 -221.26945 -85.61020 51.77052 -221.41945 -85.35039 46.28446 -221.41945 -85.35039 51.77052 -99.55139 -31.53169 52.53917 -100.54114 -29.32637 52.53917 -102.94587 -29.08086 52.53917 -104.36086 -31.04066 52.53917 -103.37111 -33.24598 52.53917 -100.96638 -33.49150 52.53917 -101.95613 -31.28618 62.92156 -101.95613 -31.28618 52.53917 -101.65613 -31.28618 50.03739 -101.80613 -31.02637 50.03739 -102.10613 -31.02637 50.03739 -102.25613 -31.28618 50.03739 -102.10613 -31.54598 50.03739 -101.80613 -31.54598 50.03739 -101.65613 -31.28618 54.79077 -101.80613 -31.02637 54.79077 -102.10613 -31.02637 54.79077 -102.25613 -31.28618 54.79077 -102.10613 -31.54598 54.79077 -101.80613 -31.54598 54.79077 -101.95613 -31.28618 50.03739 -101.95613 -31.28618 54.79077 -40.22651 -139.01082 47.32480 -43.25173 -138.94070 47.32480 -44.82507 -141.52556 47.32480 -43.37319 -144.18053 47.32480 -40.34797 -144.25066 47.32480 -38.77463 -141.66580 47.32480 -41.79985 -141.59568 57.25961 -41.79985 -141.59568 47.32480 -41.49985 -141.59568 44.93087 -41.64985 -141.33587 44.93087 -41.94985 -141.33587 44.93087 -42.09985 -141.59568 44.93087 -41.94985 -141.85548 44.93087 -41.64985 -141.85548 44.93087 -41.49985 -141.59568 49.47934 -41.64985 -141.33587 49.47934 -41.94985 -141.33587 49.47934 -42.09985 -141.59568 49.47934 -41.94985 -141.85548 49.47934 -41.64985 -141.85548 49.47934 -41.79985 -141.59568 44.93087 -41.79985 -141.59568 49.47934 -165.76797 -154.07781 50.14502 -169.50538 -155.53750 50.14502 -170.10995 -159.50403 50.14502 -166.97712 -162.01088 50.14502 -163.23972 -160.55119 50.14502 -162.63514 -156.58465 50.14502 -166.37255 -158.04434 67.72428 -166.37255 -158.04434 50.14502 -166.07255 -158.04434 45.90905 -166.22255 -157.78454 45.90905 -166.52255 -157.78454 45.90905 -166.67255 -158.04434 45.90905 -166.52255 -158.30415 45.90905 -166.22255 -158.30415 45.90905 -166.07255 -158.04434 53.95739 -166.22255 -157.78454 53.95739 -166.52255 -157.78454 53.95739 -166.67255 -158.04434 53.95739 -166.52255 -158.30415 53.95739 -166.22255 -158.30415 53.95739 -166.37255 -158.04434 45.90905 -166.37255 -158.04434 53.95739 -248.11075 -228.37355 47.93572 -248.19169 -232.93660 47.93572 -244.28044 -235.28822 47.93572 -240.28825 -233.07679 47.93572 -240.20731 -228.51374 47.93572 -244.11856 -226.16212 47.93572 -244.19950 -230.72517 64.76822 -244.19950 -230.72517 47.93572 -243.89950 -230.72517 43.87970 -244.04950 -230.46536 43.87970 -244.34950 -230.46536 43.87970 -244.49950 -230.72517 43.87970 -244.34950 -230.98498 43.87970 -244.04950 -230.98498 43.87970 -243.89950 -230.72517 51.58614 -244.04950 -230.46536 51.58614 -244.34950 -230.46536 51.58614 -244.49950 -230.72517 51.58614 -244.34950 -230.98498 51.58614 -244.04950 -230.98498 51.58614 -244.19950 -230.72517 43.87970 -244.19950 -230.72517 51.58614 -83.40345 -81.11062 49.79643 -80.88830 -81.24310 49.79643 -79.51599 -79.13116 49.79643 -80.65883 -76.88673 49.79643 -83.17399 -76.75425 49.79643 -84.54630 -78.86620 49.79643 -82.03114 -78.99868 58.54226 -82.03114 -78.99868 49.79643 -81.73114 -78.99868 47.68899 -81.88114 -78.73887 47.68899 -82.18114 -78.73887 47.68899 -82.33114 -78.99868 47.68899 -82.18114 -79.25849 47.68899 -81.88114 -79.25849 47.68899 -81.73114 -78.99868 51.69311 -81.88114 -78.73887 51.69311 -82.18114 -78.73887 51.69311 -82.33114 -78.99868 51.69311 -82.18114 -79.25849 51.69311 -81.88114 -79.25849 51.69311 -82.03114 -78.99868 47.68899 -82.03114 -78.99868 51.69311 -94.84198 -72.47186 48.72105 -94.10014 -69.38116 48.72105 -96.40584 -67.19337 48.72105 -99.45338 -68.09627 48.72105 -100.19521 -71.18696 48.72105 -97.88951 -73.37476 48.72105 -97.14768 -70.28406 64.17335 -97.14768 -70.28406 48.72105 -96.84768 -70.28406 44.99760 -96.99768 -70.02426 44.99760 -97.29768 -70.02426 44.99760 -97.44768 -70.28406 44.99760 -97.29768 -70.54387 44.99760 -96.99768 -70.54387 44.99760 -96.84768 -70.28406 52.07215 -96.99768 -70.02426 52.07215 -97.29768 -70.02426 52.07215 -97.44768 -70.28406 52.07215 -97.29768 -70.54387 52.07215 -96.99768 -70.54387 52.07215 -97.14768 -70.28406 44.99760 -97.14768 -70.28406 52.07215 -121.03805 -145.20548 44.50068 -123.25674 -142.69107 44.50068 -126.54362 -143.35531 44.50068 -127.61182 -146.53396 44.50068 -125.39313 -149.04836 44.50068 -122.10624 -148.38413 44.50068 -124.32493 -145.86972 62.26858 -124.32493 -145.86972 44.50068 -124.02493 -145.86972 40.21925 -124.17493 -145.60991 40.21925 -124.47493 -145.60991 40.21925 -124.62493 -145.86972 40.21925 -124.47493 -146.12953 40.21925 -124.17493 -146.12953 40.21925 -124.02493 -145.86972 48.35396 -124.17493 -145.60991 48.35396 -124.47493 -145.60991 48.35396 -124.62493 -145.86972 48.35396 -124.47493 -146.12953 48.35396 -124.17493 -146.12953 48.35396 -124.32493 -145.86972 40.21925 -124.32493 -145.86972 48.35396 -216.23403 -63.14633 47.43720 -213.16825 -64.63514 47.43720 -210.34602 -62.72450 47.43720 -210.58956 -59.32505 47.43720 -213.65534 -57.83625 47.43720 -216.47757 -59.74689 47.43720 -213.41179 -61.23569 63.33788 -213.41179 -61.23569 47.43720 -213.11179 -61.23569 43.60571 -213.26179 -60.97588 43.60571 -213.56179 -60.97588 43.60571 -213.71179 -61.23569 43.60571 -213.56179 -61.49550 43.60571 -213.26179 -61.49550 43.60571 -213.11179 -61.23569 50.88554 -213.26179 -60.97588 50.88554 -213.56179 -60.97588 50.88554 -213.71179 -61.23569 50.88554 -213.56179 -61.49550 50.88554 -213.26179 -61.49550 50.88554 -213.41179 -61.23569 43.60571 -213.41179 -61.23569 50.88554 -116.78797 -18.58329 50.42857 -112.22742 -19.39686 50.42857 -109.24257 -15.85410 50.42857 -110.81827 -11.49777 50.42857 -115.37882 -10.68419 50.42857 -118.36367 -14.22695 50.42857 -113.80312 -15.04053 61.46739 -113.80312 -15.04053 50.42857 -113.50312 -15.04053 47.76861 -113.65312 -14.78072 47.76861 -113.95312 -14.78072 47.76861 -114.10312 -15.04053 47.76861 -113.95312 -15.30034 47.76861 -113.65312 -15.30034 47.76861 -113.50312 -15.04053 52.82253 -113.65312 -14.78072 52.82253 -113.95312 -14.78072 52.82253 -114.10312 -15.04053 52.82253 -113.95312 -15.30034 52.82253 -113.65312 -15.30034 52.82253 -113.80312 -15.04053 47.76861 -113.80312 -15.04053 52.82253 -36.10939 -202.22949 42.14079 -33.19578 -199.13834 42.14079 -34.41599 -195.06950 42.14079 -38.54981 -194.09181 42.14079 -41.46343 -197.18296 42.14079 -40.24322 -201.25181 42.14079 -37.32960 -198.16065 59.97738 -37.32960 -198.16065 42.14079 -37.02960 -198.16065 37.84282 -37.17960 -197.90084 37.84282 -37.47960 -197.90084 37.84282 -37.62960 -198.16065 37.84282 -37.47960 -198.42046 37.84282 -37.17960 -198.42046 37.84282 -37.02960 -198.16065 46.00897 -37.17960 -197.90084 46.00897 -37.47960 -197.90084 46.00897 -37.62960 -198.16065 46.00897 -37.47960 -198.42046 46.00897 -37.17960 -198.42046 46.00897 -37.32960 -198.16065 37.84282 -37.32960 -198.16065 46.00897 -224.22172 -14.18303 50.49486 -229.00248 -13.98767 50.49486 -231.56204 -18.03026 50.49486 -229.34084 -22.26820 50.49486 -224.56008 -22.46355 50.49486 -222.00052 -18.42096 50.49486 -226.78128 -18.22561 64.11683 -226.78128 -18.22561 50.49486 -226.48128 -18.22561 47.21245 -226.63128 -17.96580 47.21245 -226.93128 -17.96580 47.21245 -227.08128 -18.22561 47.21245 -226.93128 -18.48542 47.21245 -226.63128 -18.48542 47.21245 -226.48128 -18.22561 53.44902 -226.63128 -17.96580 53.44902 -226.93128 -17.96580 53.44902 -227.08128 -18.22561 53.44902 -226.93128 -18.48542 53.44902 -226.63128 -18.48542 53.44902 -226.78128 -18.22561 47.21245 -226.78128 -18.22561 53.44902 -204.29817 -27.07259 47.03881 -200.77796 -28.36678 47.03881 -197.89705 -25.96528 47.03881 -198.53635 -22.26959 47.03881 -202.05656 -20.97540 47.03881 -204.93747 -23.37690 47.03881 -201.41726 -24.67109 56.34931 -201.41726 -24.67109 47.03881 -201.11726 -24.67109 44.79532 -201.26726 -24.41128 44.79532 -201.56726 -24.41128 44.79532 -201.71726 -24.67109 44.79532 -201.56726 -24.93090 44.79532 -201.26726 -24.93090 44.79532 -201.11726 -24.67109 49.05795 -201.26726 -24.41128 49.05795 -201.56726 -24.41128 49.05795 -201.71726 -24.67109 49.05795 -201.56726 -24.93090 49.05795 -201.26726 -24.93090 49.05795 -201.41726 -24.67109 44.79532 -201.41726 -24.67109 49.05795 -100.15957 -50.74023 50.29779 -104.04935 -51.97323 50.29779 -104.92643 -55.95838 50.29779 -101.91373 -58.71053 50.29779 -98.02395 -57.47753 50.29779 -97.14687 -53.49238 50.29779 -101.03665 -54.72538 62.86792 -101.03665 -54.72538 50.29779 -100.73665 -54.72538 47.26884 -100.88665 -54.46557 47.26884 -101.18665 -54.46557 47.26884 -101.33665 -54.72538 47.26884 -101.18665 -54.98519 47.26884 -100.88665 -54.98519 47.26884 -100.73665 -54.72538 53.02384 -100.88665 -54.46557 53.02384 -101.18665 -54.46557 53.02384 -101.33665 -54.72538 53.02384 -101.18665 -54.98519 53.02384 -100.88665 -54.98519 53.02384 -101.03665 -54.72538 47.26884 -101.03665 -54.72538 53.02384 -182.11267 -121.45728 48.20820 -185.33382 -118.17447 48.20820 -189.78739 -119.32266 48.20820 -191.01981 -123.75367 48.20820 -187.79866 -127.03648 48.20820 -183.34509 -125.88828 48.20820 -186.56624 -122.60547 61.38180 -186.56624 -122.60547 48.20820 -186.26624 -122.60547 45.03384 -186.41624 -122.34567 45.03384 -186.71624 -122.34567 45.03384 -186.86624 -122.60547 45.03384 -186.71624 -122.86528 45.03384 -186.41624 -122.86528 45.03384 -186.26624 -122.60547 51.06512 -186.41624 -122.34567 51.06512 -186.71624 -122.34567 51.06512 -186.86624 -122.60547 51.06512 -186.71624 -122.86528 51.06512 -186.41624 -122.86528 51.06512 -186.56624 -122.60547 45.03384 -186.56624 -122.60547 51.06512 -45.82534 -59.15284 70.23151 -49.52656 -57.95351 70.23151 -52.41582 -60.55920 70.23151 -51.60385 -64.36422 70.23151 -47.90263 -65.56354 70.23151 -45.01337 -62.95786 70.23151 -48.71460 -61.75853 83.11051 -48.71460 -61.75853 70.23151 -48.41460 -61.75853 67.12813 -48.56460 -61.49872 67.12813 -48.86460 -61.49872 67.12813 -49.01460 -61.75853 67.12813 -48.86460 -62.01834 67.12813 -48.56460 -62.01834 67.12813 -48.41460 -61.75853 73.02455 -48.56460 -61.49872 73.02455 -48.86460 -61.49872 73.02455 -49.01460 -61.75853 73.02455 -48.86460 -62.01834 73.02455 -48.56460 -62.01834 73.02455 -48.71460 -61.75853 67.12813 -48.71460 -61.75853 73.02455 -126.55881 -139.64278 41.75265 -124.12969 -140.37487 41.75265 -122.28112 -138.63723 41.75265 -122.86168 -136.16751 41.75265 -125.29080 -135.43542 41.75265 -127.13936 -137.17306 41.75265 -124.71024 -137.90514 51.93475 -124.71024 -137.90514 41.75265 -124.41024 -137.90514 39.29913 -124.56024 -137.64533 39.29913 -124.86024 -137.64533 39.29913 -125.01024 -137.90514 39.29913 -124.86024 -138.16495 39.29913 -124.56024 -138.16495 39.29913 -124.41024 -137.90514 43.96081 -124.56024 -137.64533 43.96081 -124.86024 -137.64533 43.96081 -125.01024 -137.90514 43.96081 -124.86024 -138.16495 43.96081 -124.56024 -138.16495 43.96081 -124.71024 -137.90514 39.29913 -124.71024 -137.90514 43.96081 -153.77628 -209.84769 48.87963 -150.01658 -211.96554 48.87963 -146.30261 -209.76846 48.87963 -146.34835 -205.45353 48.87963 -150.10806 -203.33568 48.87963 -153.82202 -205.53276 48.87963 -150.06232 -207.65061 61.99843 -150.06232 -207.65061 48.87963 -149.76232 -207.65061 45.71847 -149.91232 -207.39080 45.71847 -150.21232 -207.39080 45.71847 -150.36232 -207.65061 45.71847 -150.21232 -207.91042 45.71847 -149.91232 -207.91042 45.71847 -149.76232 -207.65061 51.72467 -149.91232 -207.39080 51.72467 -150.21232 -207.39080 51.72467 -150.36232 -207.65061 51.72467 -150.21232 -207.91042 51.72467 -149.91232 -207.91042 51.72467 -150.06232 -207.65061 45.71847 -150.06232 -207.65061 51.72467 -211.44355 -187.32102 41.88115 -212.74357 -182.98812 41.88115 -217.14598 -181.94752 41.88115 -220.24837 -185.23983 41.88115 -218.94835 -189.57273 41.88115 -214.54594 -190.61333 41.88115 -215.84596 -186.28043 53.06042 -215.84596 -186.28043 41.88115 -215.54596 -186.28043 39.18735 -215.69596 -186.02062 39.18735 -215.99596 -186.02062 39.18735 -216.14596 -186.28043 39.18735 -215.99596 -186.54023 39.18735 -215.69596 -186.54023 39.18735 -215.54596 -186.28043 44.30557 -215.69596 -186.02062 44.30557 -215.99596 -186.02062 44.30557 -216.14596 -186.28043 44.30557 -215.99596 -186.54023 44.30557 -215.69596 -186.54023 44.30557 -215.84596 -186.28043 39.18735 -215.84596 -186.28043 44.30557 -127.73454 -201.38538 50.28253 -124.64110 -198.59529 50.28253 -125.51067 -194.52125 50.28253 -129.47368 -193.23730 50.28253 -132.56711 -196.02739 50.28253 -131.69755 -200.10143 50.28253 -128.60411 -197.31134 65.44700 -128.60411 -197.31134 50.28253 -128.30411 -197.31134 46.62844 -128.45411 -197.05153 46.62844 -128.75411 -197.05153 46.62844 -128.90411 -197.31134 46.62844 -128.75411 -197.57115 46.62844 -128.45411 -197.57115 46.62844 -128.30411 -197.31134 53.57121 -128.45411 -197.05153 53.57121 -128.75411 -197.05153 53.57121 -128.90411 -197.31134 53.57121 -128.75411 -197.57115 53.57121 -128.45411 -197.57115 53.57121 -128.60411 -197.31134 46.62844 -128.60411 -197.31134 53.57121 -144.06086 -82.41860 39.74649 -143.93816 -78.24057 39.74649 -147.49508 -76.04530 39.74649 -151.17471 -78.02805 39.74649 -151.29741 -82.20607 39.74649 -147.74048 -84.40135 39.74649 -147.61778 -80.22332 51.37480 -147.61778 -80.22332 39.74649 -147.31778 -80.22332 36.94449 -147.46778 -79.96352 36.94449 -147.76778 -79.96352 36.94449 -147.91778 -80.22332 36.94449 -147.76778 -80.48313 36.94449 -147.46778 -80.48313 36.94449 -147.31778 -80.22332 42.26829 -147.46778 -79.96352 42.26829 -147.76778 -79.96352 42.26829 -147.91778 -80.22332 42.26829 -147.76778 -80.48313 42.26829 -147.46778 -80.48313 42.26829 -147.61778 -80.22332 36.94449 -147.61778 -80.22332 42.26829 -140.97498 -110.24845 40.93523 -143.72472 -110.55956 40.93523 -144.83016 -113.09647 40.93523 -143.18586 -115.32226 40.93523 -140.43611 -115.01115 40.93523 -139.33067 -112.47424 40.93523 -142.08042 -112.78535 51.46288 -142.08042 -112.78535 40.93523 -141.78042 -112.78535 38.39844 -141.93042 -112.52555 38.39844 -142.23042 -112.52555 38.39844 -142.38042 -112.78535 38.39844 -142.23042 -113.04516 38.39844 -141.93042 -113.04516 38.39844 -141.78042 -112.78535 43.21833 -141.93042 -112.52555 43.21833 -142.23042 -112.52555 43.21833 -142.38042 -112.78535 43.21833 -142.23042 -113.04516 43.21833 -141.93042 -113.04516 43.21833 -142.08042 -112.78535 38.39844 -142.08042 -112.78535 43.21833 -181.50088 -24.95942 46.08332 -185.34887 -22.77547 46.08332 -189.16423 -25.01595 46.08332 -189.13159 -29.44038 46.08332 -185.28360 -31.62434 46.08332 -181.46824 -29.38385 46.08332 -185.31624 -27.19990 55.59107 -185.31624 -27.19990 46.08332 -185.01624 -27.19990 43.79230 -185.16624 -26.94009 43.79230 -185.46624 -26.94009 43.79230 -185.61624 -27.19990 43.79230 -185.46624 -27.45971 43.79230 -185.16624 -27.45971 43.79230 -185.01624 -27.19990 48.14524 -185.16624 -26.94009 48.14524 -185.46624 -26.94009 48.14524 -185.61624 -27.19990 48.14524 -185.46624 -27.45971 48.14524 -185.16624 -27.45971 48.14524 -185.31624 -27.19990 43.79230 -185.31624 -27.19990 48.14524 -160.99552 -32.85100 43.89714 -157.66525 -34.25432 43.89714 -154.78480 -32.07189 43.89714 -155.23462 -28.48614 43.89714 -158.56489 -27.08281 43.89714 -161.44533 -29.26524 43.89714 -158.11507 -30.66857 54.03517 -158.11507 -30.66857 43.89714 -157.81507 -30.66857 41.45424 -157.96507 -30.40876 41.45424 -158.26507 -30.40876 41.45424 -158.41507 -30.66857 41.45424 -158.26507 -30.92837 41.45424 -157.96507 -30.92837 41.45424 -157.81507 -30.66857 46.09575 -157.96507 -30.40876 46.09575 -158.26507 -30.40876 46.09575 -158.41507 -30.66857 46.09575 -158.26507 -30.92837 46.09575 -157.96507 -30.92837 46.09575 -158.11507 -30.66857 41.45424 -158.11507 -30.66857 46.09575 -133.77277 -8.85588 54.68607 -135.87885 -10.19365 54.68607 -135.77335 -12.68646 54.68607 -133.56176 -13.84149 54.68607 -131.45568 -12.50372 54.68607 -131.56119 -10.01091 54.68607 -133.66727 -11.34869 71.65564 -133.66727 -11.34869 54.68607 -133.36727 -11.34869 50.59702 -133.51727 -11.08888 50.59702 -133.81727 -11.08888 50.59702 -133.96727 -11.34869 50.59702 -133.81727 -11.60849 50.59702 -133.51727 -11.60849 50.59702 -133.36727 -11.34869 58.36622 -133.51727 -11.08888 58.36622 -133.81727 -11.08888 58.36622 -133.96727 -11.34869 58.36622 -133.81727 -11.60849 58.36622 -133.51727 -11.60849 58.36622 -133.66727 -11.34869 50.59702 -133.66727 -11.34869 58.36622 -208.57698 -132.37324 48.25350 -210.85086 -130.13805 48.25350 -213.92353 -130.98968 48.25350 -214.72233 -134.07652 48.25350 -212.44845 -136.31171 48.25350 -209.37578 -135.46007 48.25350 -211.64965 -133.22488 63.80377 -211.64965 -133.22488 48.25350 -211.34965 -133.22488 44.50645 -211.49965 -132.96507 44.50645 -211.79965 -132.96507 44.50645 -211.94965 -133.22488 44.50645 -211.79965 -133.48469 44.50645 -211.49965 -133.48469 44.50645 -211.34965 -133.22488 51.62585 -211.49965 -132.96507 51.62585 -211.79965 -132.96507 51.62585 -211.94965 -133.22488 51.62585 -211.79965 -133.48469 51.62585 -211.49965 -133.48469 51.62585 -211.64965 -133.22488 44.50645 -211.64965 -133.22488 51.62585 -126.66539 -12.74714 50.87152 -129.27680 -15.41579 50.87152 -128.27139 -19.01165 50.87152 -124.65457 -19.93888 50.87152 -122.04316 -17.27023 50.87152 -123.04857 -13.67436 50.87152 -125.65998 -16.34301 63.18866 -125.65998 -16.34301 50.87152 -125.35998 -16.34301 47.90353 -125.50998 -16.08320 47.90353 -125.80998 -16.08320 47.90353 -125.95998 -16.34301 47.90353 -125.80998 -16.60282 47.90353 -125.50998 -16.60282 47.90353 -125.35998 -16.34301 53.54271 -125.50998 -16.08320 53.54271 -125.80998 -16.08320 53.54271 -125.95998 -16.34301 53.54271 -125.80998 -16.60282 53.54271 -125.50998 -16.60282 53.54271 -125.65998 -16.34301 47.90353 -125.65998 -16.34301 53.54271 -120.67127 -42.05243 47.77940 -120.73625 -45.54531 47.77940 -117.74381 -47.34803 47.77940 -114.68639 -45.65786 47.77940 -114.62141 -42.16498 47.77940 -117.61385 -40.36226 47.77940 -117.67883 -43.85515 60.98058 -117.67883 -43.85515 47.77940 -117.37883 -43.85515 44.59839 -117.52883 -43.59534 44.59839 -117.82883 -43.59534 44.59839 -117.97883 -43.85515 44.59839 -117.82883 -44.11495 44.59839 -117.52883 -44.11495 44.59839 -117.37883 -43.85515 50.64230 -117.52883 -43.59534 50.64230 -117.82883 -43.59534 50.64230 -117.97883 -43.85515 50.64230 -117.82883 -44.11495 50.64230 -117.52883 -44.11495 50.64230 -117.67883 -43.85515 44.59839 -117.67883 -43.85515 50.64230 -25.02845 -186.27246 43.39785 -21.05145 -186.85407 43.39785 -18.55926 -183.70068 43.39785 -20.04408 -179.96569 43.39785 -24.02108 -179.38408 43.39785 -26.51327 -182.53747 43.39785 -22.53627 -183.11908 51.70774 -22.53627 -183.11908 43.39785 -22.23627 -183.11908 41.39547 -22.38627 -182.85927 41.39547 -22.68627 -182.85927 41.39547 -22.83627 -183.11908 41.39547 -22.68627 -183.37888 41.39547 -22.38627 -183.37888 41.39547 -22.23627 -183.11908 45.20000 -22.38627 -182.85927 45.20000 -22.68627 -182.85927 45.20000 -22.83627 -183.11908 45.20000 -22.68627 -183.37888 45.20000 -22.38627 -183.37888 45.20000 -22.53627 -183.11908 41.39547 -22.53627 -183.11908 45.20000 -126.92234 -56.88190 43.81104 -129.52350 -58.60782 43.81104 -129.32939 -61.72345 43.81104 -126.53413 -63.11316 43.81104 -123.93296 -61.38725 43.81104 -124.12707 -58.27162 43.81104 -126.72823 -59.99753 56.68980 -126.72823 -59.99753 43.81104 -126.42823 -59.99753 40.70773 -126.57823 -59.73773 40.70773 -126.87823 -59.73773 40.70773 -127.02823 -59.99753 40.70773 -126.87823 -60.25734 40.70773 -126.57823 -60.25734 40.70773 -126.42823 -59.99753 46.60403 -126.57823 -59.73773 46.60403 -126.87823 -59.73773 46.60403 -127.02823 -59.99753 46.60403 -126.87823 -60.25734 46.60403 -126.57823 -60.25734 46.60403 -126.72823 -59.99753 40.70773 -126.72823 -59.99753 46.60403 -35.56355 -205.66742 40.21093 -36.64099 -203.15197 40.21093 -39.35815 -202.82734 40.21093 -40.99787 -205.01816 40.21093 -39.92043 -207.53360 40.21093 -37.20327 -207.85823 40.21093 -38.28071 -205.34279 52.35936 -38.28071 -205.34279 40.21093 -37.98071 -205.34279 37.28359 -38.13071 -205.08298 37.28359 -38.43071 -205.08298 37.28359 -38.58071 -205.34279 37.28359 -38.43071 -205.60259 37.28359 -38.13071 -205.60259 37.28359 -37.98071 -205.34279 42.84553 -38.13071 -205.08298 42.84553 -38.43071 -205.08298 42.84553 -38.58071 -205.34279 42.84553 -38.43071 -205.60259 42.84553 -38.13071 -205.60259 42.84553 -38.28071 -205.34279 37.28359 -38.28071 -205.34279 42.84553 -63.10266 -239.33900 45.33689 -63.44416 -242.10611 45.33689 -61.21852 -243.78542 45.33689 -58.65138 -242.69761 45.33689 -58.30988 -239.93050 45.33689 -60.53552 -238.25119 45.33689 -60.87702 -241.01831 61.04970 -60.87702 -241.01831 45.33689 -60.57702 -241.01831 41.55067 -60.72702 -240.75850 41.55067 -61.02702 -240.75850 41.55067 -61.17702 -241.01831 41.55067 -61.02702 -241.27811 41.55067 -60.72702 -241.27811 41.55067 -60.57702 -241.01831 48.74448 -60.72702 -240.75850 48.74448 -61.02702 -240.75850 48.74448 -61.17702 -241.01831 48.74448 -61.02702 -241.27811 48.74448 -60.72702 -241.27811 48.74448 -60.87702 -241.01831 41.55067 -60.87702 -241.01831 48.74448 -242.11605 -175.77932 41.84013 -241.61868 -179.62391 41.84013 -238.04048 -181.11548 41.84013 -234.95966 -178.76245 41.84013 -235.45703 -174.91786 41.84013 -239.03522 -173.42630 41.84013 -238.53785 -177.27089 53.64707 -238.53785 -177.27089 41.84013 -238.23785 -177.27089 38.99508 -238.38785 -177.01108 38.99508 -238.68785 -177.01108 38.99508 -238.83785 -177.27089 38.99508 -238.68785 -177.53069 38.99508 -238.38785 -177.53069 38.99508 -238.23785 -177.27089 44.40067 -238.38785 -177.01108 44.40067 -238.68785 -177.01108 44.40067 -238.83785 -177.27089 44.40067 -238.68785 -177.53069 44.40067 -238.38785 -177.53069 44.40067 -238.53785 -177.27089 38.99508 -238.53785 -177.27089 44.40067 -27.40206 -205.57839 41.16043 -26.22419 -208.81301 41.16043 -22.83399 -209.41027 41.16043 -20.62165 -206.77289 41.16043 -21.79952 -203.53826 41.16043 -25.18972 -202.94101 41.16043 -24.01186 -206.17564 55.26893 -24.01186 -206.17564 41.16043 -23.71186 -206.17564 37.76079 -23.86186 -205.91583 37.76079 -24.16186 -205.91583 37.76079 -24.31186 -206.17564 37.76079 -24.16186 -206.43545 37.76079 -23.86186 -206.43545 37.76079 -23.71186 -206.17564 44.22010 -23.86186 -205.91583 44.22010 -24.16186 -205.91583 44.22010 -24.31186 -206.17564 44.22010 -24.16186 -206.43545 44.22010 -23.86186 -206.43545 44.22010 -24.01186 -206.17564 37.76079 -24.01186 -206.17564 44.22010 -164.68934 -54.17079 41.20005 -167.06964 -55.55809 41.20005 -167.05836 -58.31314 41.20005 -164.66678 -59.68089 41.20005 -162.28648 -58.29359 41.20005 -162.29776 -55.53855 41.20005 -164.67806 -56.92584 58.04950 -164.67806 -56.92584 41.20005 -164.37806 -56.92584 37.13994 -164.52806 -56.66603 37.13994 -164.82806 -56.66603 37.13994 -164.97806 -56.92584 37.13994 -164.82806 -57.18565 37.13994 -164.52806 -57.18565 37.13994 -164.37806 -56.92584 44.85415 -164.52806 -56.66603 44.85415 -164.82806 -56.66603 44.85415 -164.97806 -56.92584 44.85415 -164.82806 -57.18565 44.85415 -164.52806 -57.18565 44.85415 -164.67806 -56.92584 37.13994 -164.67806 -56.92584 44.85415 -224.23704 -115.00590 47.80984 -224.03635 -117.57534 47.80984 -221.71081 -118.68625 47.80984 -219.58596 -117.22773 47.80984 -219.78665 -114.65830 47.80984 -222.11219 -113.54738 47.80984 -221.91150 -116.11682 58.62489 -221.91150 -116.11682 47.80984 -221.61150 -116.11682 45.20380 -221.76150 -115.85701 45.20380 -222.06150 -115.85701 45.20380 -222.21150 -116.11682 45.20380 -222.06150 -116.37663 45.20380 -221.76150 -116.37663 45.20380 -221.61150 -116.11682 50.15527 -221.76150 -115.85701 50.15527 -222.06150 -115.85701 50.15527 -222.21150 -116.11682 50.15527 -222.06150 -116.37663 50.15527 -221.76150 -116.37663 50.15527 -221.91150 -116.11682 45.20380 -221.91150 -116.11682 50.15527 -153.61383 -160.92746 47.73763 -151.08953 -156.83734 47.73763 -153.36953 -152.60617 47.73763 -158.17383 -152.46513 47.73763 -160.69813 -156.55525 47.73763 -158.41813 -160.78641 47.73763 -155.89383 -156.69629 57.29513 -155.89383 -156.69629 47.73763 -155.59383 -156.69629 45.43462 -155.74383 -156.43648 45.43462 -156.04383 -156.43648 45.43462 -156.19383 -156.69629 45.43462 -156.04383 -156.95610 45.43462 -155.74383 -156.95610 45.43462 -155.59383 -156.69629 49.81034 -155.74383 -156.43648 49.81034 -156.04383 -156.43648 49.81034 -156.19383 -156.69629 49.81034 -156.04383 -156.95610 49.81034 -155.74383 -156.95610 49.81034 -155.89383 -156.69629 45.43462 -155.89383 -156.69629 49.81034 -210.50158 -55.77125 45.27519 -207.21647 -55.82893 45.27519 -205.52397 -53.01278 45.27519 -207.11657 -50.13896 45.27519 -210.40168 -50.08128 45.27519 -212.09418 -52.89743 45.27519 -208.80908 -52.95511 59.25923 -208.80908 -52.95511 45.27519 -208.50908 -52.95511 41.90554 -208.65908 -52.69530 41.90554 -208.95908 -52.69530 41.90554 -209.10908 -52.95511 41.90554 -208.95908 -53.21491 41.90554 -208.65908 -53.21491 41.90554 -208.50908 -52.95511 48.30787 -208.65908 -52.69530 48.30787 -208.95908 -52.69530 48.30787 -209.10908 -52.95511 48.30787 -208.95908 -53.21491 48.30787 -208.65908 -53.21491 48.30787 -208.80908 -52.95511 41.90554 -208.80908 -52.95511 48.30787 -17.77817 -240.08910 38.87200 -15.07645 -241.69514 38.87200 -12.33471 -240.15840 38.87200 -12.29470 -237.01561 38.87200 -14.99642 -235.40957 38.87200 -17.73816 -236.94631 38.87200 -15.03643 -238.55235 55.74293 -15.03643 -238.55235 38.87200 -14.73643 -238.55235 34.80671 -14.88643 -238.29255 34.80671 -15.18643 -238.29255 34.80671 -15.33643 -238.55235 34.80671 -15.18643 -238.81216 34.80671 -14.88643 -238.81216 34.80671 -14.73643 -238.55235 42.53075 -14.88643 -238.29255 42.53075 -15.18643 -238.29255 42.53075 -15.33643 -238.55235 42.53075 -15.18643 -238.81216 42.53075 -14.88643 -238.81216 42.53075 -15.03643 -238.55235 34.80671 -15.03643 -238.55235 42.53075 -214.98014 -45.98145 45.22154 -213.10968 -44.36511 45.22154 -213.57424 -41.93707 45.22154 -215.90926 -41.12538 45.22154 -217.77972 -42.74172 45.22154 -217.31516 -45.16975 45.22154 -215.44470 -43.55341 57.00441 -215.44470 -43.55341 45.22154 -215.14470 -43.55341 42.38229 -215.29470 -43.29361 42.38229 -215.59470 -43.29361 42.38229 -215.74470 -43.55341 42.38229 -215.59470 -43.81322 42.38229 -215.29470 -43.81322 42.38229 -215.14470 -43.55341 47.77686 -215.29470 -43.29361 47.77686 -215.59470 -43.29361 47.77686 -215.74470 -43.55341 47.77686 -215.59470 -43.81322 47.77686 -215.29470 -43.81322 47.77686 -215.44470 -43.55341 42.38229 -215.44470 -43.55341 47.77686 -228.75562 -59.90003 47.97704 -226.28207 -61.16194 47.97704 -223.95246 -59.65074 47.97704 -224.09639 -56.87763 47.97704 -226.56994 -55.61573 47.97704 -228.89955 -57.12693 47.97704 -226.42601 -58.38883 56.74679 -226.42601 -58.38883 47.97704 -226.12601 -58.38883 45.86385 -226.27601 -58.12902 45.86385 -226.57601 -58.12902 45.86385 -226.72601 -58.38883 45.86385 -226.57601 -58.64864 45.86385 -226.27601 -58.64864 45.86385 -226.12601 -58.38883 49.87891 -226.27601 -58.12902 49.87891 -226.57601 -58.12902 49.87891 -226.72601 -58.38883 49.87891 -226.57601 -58.64864 49.87891 -226.27601 -58.64864 49.87891 -226.42601 -58.38883 45.86385 -226.42601 -58.38883 49.87891 -88.45301 -23.27929 62.77056 -84.06901 -23.14163 62.77056 -81.99623 -19.27615 62.77056 -84.30745 -15.54833 62.77056 -88.69144 -15.68599 62.77056 -90.76422 -19.55147 62.77056 -86.38023 -19.41381 76.98742 -86.38023 -19.41381 62.77056 -86.08023 -19.41381 59.34481 -86.23023 -19.15401 59.34481 -86.53023 -19.15401 59.34481 -86.68023 -19.41381 59.34481 -86.53023 -19.67362 59.34481 -86.23023 -19.67362 59.34481 -86.08023 -19.41381 65.85374 -86.23023 -19.15401 65.85374 -86.53023 -19.15401 65.85374 -86.68023 -19.41381 65.85374 -86.53023 -19.67362 65.85374 -86.23023 -19.67362 65.85374 -86.38023 -19.41381 59.34481 -86.38023 -19.41381 65.85374</float_array><technique_common><accessor source="#positions-array" count="7370" stride="3"><param name="X" type="float"/><param name="Y" type="float"/><param name="Z" type="float"/></accessor></technique_common></source>
<source id="normals"><float_array id="normals-array" count="36180">-0.68744 -0.69735 0.20281 0.00000 0.00000 -1.00000 0.26020 -0.94402 0.20281 0.00000 -0.00000 -1.00000 0.94764 -0.24667 0.20281 0.00000 0.00000 -1.00000 0.68744 0.69735 0.20281 0.00000 0.00000 -1.00000 -0.26020 0.94402 0.20281 0.00000 0.00000 -1.00000 -0.94764 0.24667 0.20281 -0.00000 0.00000 -1.00000 0.86603 0.50000 0.00000 0.86603 0.50000 -0.00000 0.00000 0.00000 -1.00000 0.00000 0.00000 1.00000 0.00000 1.00000 0.00000 0.00000 1.00000 -0.00000 0.00000 0.00000 -1.00000 0.00000 -0.00000 1.00000 -0.86603 0.50000 0.00000 -0.86603 0.50000 0.00000 0.00000 0.00000 -1.00000 0.00000 0.00000 1.00000 -0.86603 -0.50000 0.00000 -0.86603 -0.50000 0.00000 -0.00000 0.00000 -1.00000 0.00000 0.00000 1.00000 0.00000 -1.00000 0.00000 0.00000 -1.00000 0.00000 0.00000 -0.00000 -1.00000 0.00000 0.00000 1.00000 0.86603 -0.50000 0.00000 0.86603 -0.50000 0.00000 0.00000 0.00000 -1.00000 -0.00000 0.00000 1.00000 0.75471 -0.61872 0.21818 0.00000 0.00000 -1.00000 0.91318 0.34424 0.21818 0.00000 0.00000 -1.00000 0.15847 0.96296 0.21818 0.00000 0.00000 -1.00000 -0.75471 0.61872 0.21818 0.00000 0.00000 -1.00000 -0.91318 -0.34424 0.21818 -0.00000 0.00000 -1.00000 -0.15847 -0.96296 0.21818 0.00000 -0.00000 -1.00000 0.86603 0.50000 0.00000 0.86603 0.50000 -0.00000 0.00000 0.00000 -1.00000 0.00000 0.00000 1.00000 0.00000 1.00000 0.00000 0.00000 1.00000 -0.00000 0.00000 0.00000 -1.00000 0.00000 -0.00000 1.00000 -0.86603 0.50000 0.00000 -0.86603 0.50000 0.00000 0.00000 0.00000 -1.00000 0.00000 0.00000 1.00000 -0.86603 -0.50000 0.00000 -0.86603 -0.50000 0.00000 -0.00000 0.00000 -1.00000 0.00000 0.00000 1.00000 0.00000 -1.00000 0.00000 0.00000 -1.00000 0.00000 0.00000 -0.00000 -1.00000 0.00000 0.00000 1.00000 0.86603 -0.50000 0.00000 0.86603 -0.50000 0.00000 0.00000 0.00000 -1.00000 -0.00000 0.00000 1.00000 0.73119 -0.64217 0.23015 0.00000 0.00000 -1.00000 0.92174 0.31214 0.23015 0.00000 0.00000 -1.00000 0.19054 0.95432 0.23015 0.00000 0.00000 -1.00000 -0.73119 0.64217 0.23015 0.00000 0.00000 -1.00000 -0.92174 -0.31214 0.23015 -0.00000 0.00000 -1.00000 -0.19054 -0.95432 0.23015 0.00000 -0.00000 -1.00000 0.86603 0.50000 0.00000 0.86603 0.50000 -0.00000 0.00000 0.00000 -1.00000 0.00000 0.00000 1.00000 0.00000 1.00000 0.00000 0.00000 1.00000 -0.00000 0.00000 0.00000 -1.00000 0.00000 -0.00000 1.00000 -0.86603 0.50000 0.00000 -0.86603 0.50000 0.00000 0.00000 0.00000 -1.00000 0.00000 0.00000 1.00000 -0.86603 -0.50000 0.00000 -0.86603 -0.50000 0.00000 -0.00000 0.00000 -1.00000 0.00000 0.00000 1.00000 0.00000 -1.00000 0.00000 0.00000 -1.00000 0.00000 0.00000 -0.00000 -1.00000 0.00000 0.00000 1.00000 0.86603 -0.50000 0.00000 0.86603 -0.50000 0.00000 0.00000 0.00000 -1.00000 -0.00000 0.00000 1.00000 -0.71578 -0.68163 0.15179 0.00000 0.00000 -1.00000 0.23242 -0.96070 0.15179 0.00000 -0.00000 -1.00000 0.94820 -0.27907 0.15179 0.00000 0.00000 -1.00000 0.71578 0.68163 0.15179 0.00000 0.00000 -1.00000 -0.23242 0.96070 0.15179 0.00000 0.00000 -1.00000 -0.94820 0.27907 0.15179 -0.00000 0.00000 -1.00000 0.86603 0.50000 0.00000 0.86603 0.50000 -0.00000 0.00000 0.00000 -1.00000 0.00000 0.00000 1.00000 0.00000 1.00000 0.00000 0.00000 1.00000 -0.00000 0.00000 0.00000 -1.00000 0.00000 -0.00000 1.00000 -0.86603 0.50000 0.00000 -0.86603 0.50000 0.00000 0.00000 0.00000 -1.00000 0.00000 0.00000 1.00000 -0.86603 -0.50000 0.00000 -0.86603 -0.50000 0.00000 -0.00000 0.00000 -1.00000 0.00000 0.00000 1.00000 0.00000 -1.00000 0.00000 0.00000 -1.00000 0.00000 0.00000 -0.00000 -1.00000 0.00000 0.00000 1.00000 0.86603 -0.50000 0.00000 0.86603 -0.50000 0.00000 0.00000 0.00000 -1.00000 -0.00000 0.00000 1.00000 0.95452 0.18292 0.23544 0.00000 0.00000 -1.00000 0.31884 0.91810 0.23544 0.00000 0.00000 -1.00000 -0.63568 0.73518 0.23544 0.00000 0.00000 -1.00000 -0.95452 -0.18292 0.23544 -0.00000 0.00000 -1.00000 -0.31884 -0.91810 0.23544 0.00000 -0.00000 -1.00000 0.63568 -0.73518 0.23544 0.00000 0.00000 -1.00000 0.86603 0.50000 0.00000 0.86603 0.50000 -0.00000 0.00000 0.00000 -1.00000 0.00000 0.00000 1.00000 0.00000 1.00000 0.00000 0.00000 1.00000 -0.00000 0.00000 0.00000 -1.00000 0.00000 -0.00000 1.00000 -0.86603 0.50000 0.00000 -0.86603 0.50000 0.00000 0.00000 0.00000 -1.00000 0.00000 0.00000 1.00000 -0.86603 -0.50000 0.00000 -0.86603 -0.50000 0.00000 -0.00000 0.00000 -1.00000 0.00000 0.00000 1.00000 0.00000 -1.00000 0.00000 0.00000 -1.00000 0.00000 0.00000 -0.00000 -1.00000 0.00000 0.00000 1.00000 0.86603 -0.50000 0.00000 0.86603 -0.50000 0.00000 0.00000 0.00000 -1.00000 -0.00000 0.00000 1.00000 -0.94483 -0.06690 0.32066 -0.00000 0.00000 -1.00000 -0.41448 -0.85169 0.32066 0.00000 -0.00000 -1.00000 0.53035 -0.78480 0.32066 0.00000 0.00000 -1.00000 0.94483 0.06690 0.32066 0.00000 0.00000 -1.00000 0.41448 0.85169 0.32066 0.00000 0.00000 -1.00000 -0.53035 0.78480 0.32066 0.00000 0.00000 -1.00000 0.86603 0.50000 0.00000 0.86603 0.50000 -0.00000 0.00000 0.00000 -1.00000 0.00000 0.00000 1.00000 0.00000 1.00000 0.00000 0.00000 1.00000 -0.00000 0.00000 0.00000 -1.00000 0.00000 -0.00000 1.00000 -0.86603 0.50000 0.00000 -0.86603 0.50000 0.00000 0.00000 0.00000 -1.00000 0.00000 0.00000 1.00000 -0.86603 -0.50000 0.00000 -0.86603 -0.50000 0.00000 -0.00000 0.00000 -1.00000 0.00000 0.00000 1.00000 0.00000 -1.00000 0.00000 0.00000 -1.00000 0.00000 0.00000 -0.00000 -1.00000 0.00000 0.00000 1.00000 0.86603 -0.50000 0.00000 0.86603 -0.50000 0.00000 0.00000 0.00000 -1.00000 -0.00000 0.00000 1.00000 -0.63802 -0.71251 0.29199 0.00000 0.00000 -1.00000 0.29804 -0.90880 0.29199 0.00000 -0.00000 -1.00000 0.93606 -0.19628 0.29199 0.00000 0.00000 -1.00000 0.63802 0.71251 0.29199 0.00000 0.00000 -1.00000 -0.29804 0.90880 0.29199 0.00000 0.00000 -1.00000 -0.93606 0.19628 0.29199 -0.00000 0.00000 -1.00000 0.86603 0.50000 0.00000 0.86603 0.50000 -0.00000 0.00000 0.00000 -1.00000 0.00000 0.00000 1.00000 0.00000 1.00000 0.00000 0.00000 1.00000 -0.00000 0.00000 0.00000 -1.00000 0.00000 -0.00000 1.00000 -0.86603 0.50000 0.00000 -0.86603 0.50000 0.00000 0.00000 0.00000 -1.00000 0.00000 0.00000 1.00000 -0.86603 -0.50000 0.00000 -0.86603 -0.50000 0.00000 -0.00000 0.00000 -1.00000 0.00000 0.00000 1.00000 0.00000 -1.00000 0.00000 0.00000 -1.00000 0.00000 0.00000 -0.00000 -1.00000 0.00000 0.00000 1.00000 0.86603 -0.50000 0.00000 0.86603 -0.50000 0.00000 0.00000 0.00000 -1.00000 -0.00000 0.00000 1.00000 0.09823 -0.98077 0.16863 0.00000 -0.00000 -1.00000 0.89849 -0.40532 0.16863 0.00000 0.00000 -1.00000 0.80026 0.57546 0.16863 0.00000 0.00000 -1.00000 -0.09823 0.98077 0.16863 0.00000 0.00000 -1.00000 -0.89849 0.40532 0.16863 -0.00000 0.00000 -1.00000 -0.80026 -0.57546 0.16863 0.00000 0.00000 -1.00000 0.86603 0.50000 0.00000 0.86603 0.50000 -0.00000 0.00000 0.00000 -1.00000 0.00000 0.00000 1.00000 0.00000 1.00000 0.00000 0.00000 1.00000 -0.00000 0.00000 0.00000 -1.00000 0.00000 -0.00000 1.00000 -0.86603 0.50000 0.00000 -0.86603 0.50000 0.00000 0.00000 0.00000 -1.00000 0.00000 0.00000 1.00000 -0.86603 -0.50000 0.00000 -0.86603 -0.50000 0.00000 -0.00000 0.00000 -1.00000 0.00000 0.00000 1.00000 0.00000 -1.00000 0.00000 0.00000 -1.00000 0.00000 0.00000 -0.00000 -1.00000 0.00000 0.00000 1.00000 0.86603 -0.50000 0.00000 0.86603 -0.50000 0.00000 0.00000 0.00000 -1.00000 -0.00000 0.00000 1.00000 -0.77328 0.60420 0.19232 0.00000 0.00000 -1.00000 -0.90989 -0.36758 0.19232 -0.00000 0.00000 -1.00000 -0.13661 -0.97178 0.19232 0.00000 -0.00000 -1.00000 0.77328 -0.60420 0.19232 0.00000 0.00000 -1.00000 0.90989 0.36758 0.19232 0.00000 0.00000 -1.00000 0.13661 0.97178 0.19232 0.00000 0.00000 -1.00000 0.86603 0.50000 0.00000 0.86603 0.50000 -0.00000 0.00000 0.00000 -1.00000 0.00000 0.00000 1.00000 0.00000 1.00000 0.00000 0.00000 1.00000 -0.00000 0.00000 0.00000 -1.00000 0.00000 -0.00000 1.00000 -0.86603 0.50000 0.00000 -0.86603 0.50000 0.00000 0.00000 0.00000 -1.00000 0.00000 0.00000 1.00000 -0.86603 -0.50000 0.00000 -0.86603 -0.50000 0.00000 -0.00000 0.00000 -1.00000 0.00000 0.00000 1.00000 0.00000 -1.00000 0.00000 0.00000 -1.00000 0.00000 0.00000 -0.00000 -1.00000 0.00000 0.00000 1.00000 0.86603 -0.50000 0.00000 0.86603 -0.50000 0.00000 0.00000 0.00000 -1.00000 -0.00000 0.00000 1.00000 0.88580 0.30535 0.34945 0.00000 0.00000 -1.00000 0.17846 0.91980 0.34945 0.00000 0.00000 -1.00000 -0.70734 0.61445 0.34945 0.00000 0.00000 -1.00000 -0.88580 -0.30535 0.34945 -0.00000 0.00000 -1.00000 -0.17846 -0.91980 0.34945 0.00000 -0.00000 -1.00000 0.70734 -0.61445 0.34945 0.00000 0.00000 -1.00000 0.86603 0.50000 0.00000 0.86603 0.50000 -0.00000 0.00000 0.00000 -1.00000 0.00000 0.00000 1.00000 0.00000 1.00000 0.00000 0.00000 1.00000 -0.00000 0.00000 0.00000 -1.00000 0.00000 -0.00000 1.00000 -0.86603 0.50000 0.00000 -0.86603 0.50000 0.00000 0.00000 0.00000 -1.00000 0.00000 0.00000 1.00000 -0.86603 -0.50000 0.00000 -0.86603 -0.50000 0.00000 -0.00000 0.00000 -1.00000 0.00000 0.00000 1.00000 0.00000 -1.00000 0.00000 0.00000 -1.00000 0.00000 0.00000 -0.00000 -1.00000 0.00000 0.00000 1.00000 0.86603 -0.50000 0.00000 0.86603 -0.50000 0.00000 0.00000 0.00000 -1.00000 -0.00000 0.00000 1.00000 -0.77841 0.60736 0.15872 0.00000 0.00000 -1.00000 -0.91519 -0.37044 0.15872 -0.00000 0.00000 -1.00000 -0.13679 -0.97780 0.15872 0.00000 -0.00000 -1.00000 0.77841 -0.60736 0.15872 0.00000 0.00000 -1.00000 0.91519 0.37044 0.15872 0.00000 0.00000 -1.00000 0.13679 0.97780 0.15872 0.00000 0.00000 -1.00000 0.86603 0.50000 0.00000 0.86603 0.50000 -0.00000 0.00000 0.00000 -1.00000 0.00000 0.00000 1.00000 0.00000 1.00000 0.00000 0.00000 1.00000 -0.00000 0.00000 0.00000 -1.00000 0.00000 -0.00000 1.00000 -0.86603 0.50000 0.00000 -0.86603 0.50000 0.00000 0.00000 0.00000 -1.00000 0.00000 0.00000 1.00000 -0.86603 -0.50000 0.00000 -0.86603 -0.50000 0.00000 -0.00000 0.00000 -1.00000 0.00000 0.00000 1.00000 0.00000 -1.00000 0.00000 0.00000 -1.00000 0.00000 0.00000 -0.00000 -1.00000 0.00000 0.00000 1.00000 0.86603 -0.50000 0.00000 0.86603 -0.50000 0.00000 0.00000 0.00000 -1.00000 -0.00000 0.00000 1.00000 0.90398 -0.21538 0.36936 0.00000 0.00000 -1.00000 0.63852 0.67518 0.36936 0.00000 0.00000 -1.00000 -0.26547 0.89056 0.36936 0.00000 0.00000 -1.00000 -0.90398 0.21538 0.36936 -0.00000 0.00000 -1.00000 -0.63852 -0.67518 0.36936 0.00000 0.00000 -1.00000 0.26547 -0.89056 0.36936 0.00000 -0.00000 -1.00000 0.86603 0.50000 0.00000 0.86603 0.50000 -0.00000 0.00000 0.00000 -1.00000 0.00000 0.00000 1.00000 0.00000 1.00000 0.00000 0.00000 1.00000 -0.00000 0.00000 0.00000 -1.00000 0.00000 -0.00000 1.00000 -0.86603 0.50000 0.00000 -0.86603 0.50000 0.00000 0.00000 0.00000 -1.00000 0.00000 0.00000 1.00000 -0.86603 -0.50000 0.00000 -0.86603 -0.50000 0.00000 -0.00000 0.00000 -1.00000 0.00000 0.00000 1.00000 0.00000 -1.00000 0.00000 0.00000 -1.00000 0.00000 0.00000 -0.00000 -1.00000 0.00000 0.00000 1.00000 0.86603 -0.50000 0.00000 0.86603 -0.50000 0.00000 0.00000 0.00000 -1.00000 -0.00000 0.00000 1.00000 -0.24875 0.87998 0.40466 0.00000 0.00000 -1.00000 -0.88646 0.22457 0.40466 -0.00000 0.00000 -1.00000 -0.63771 -0.65542 0.40466 0.00000 0.00000 -1.00000 0.24875 -0.87998 0.40466 0.00000 -0.00000 -1.00000 0.88646 -0.22457 0.40466 0.00000 0.00000 -1.00000 0.63771 0.65542 0.40466 0.00000 0.00000 -1.00000 0.86603 0.50000 0.00000 0.86603 0.50000 -0.00000 0.00000 0.00000 -1.00000 0.00000 0.00000 1.00000 0.00000 1.00000 0.00000 0.00000 1.00000 -0.00000 0.00000 0.00000 -1.00000 0.00000 -0.00000 1.00000 -0.86603 0.50000 0.00000 -0.86603 0.50000 0.00000 0.00000 0.00000 -1.00000 0.00000 0.00000 1.00000 -0.86603 -0.50000 0.00000 -0.86603 -0.50000 0.00000 -0.00000 0.00000 -1.00000 0.00000 0.00000 1.00000 0.00000 -1.00000 0.00000 0.00000 -1.00000 0.00000 0.00000 -0.00000 -1.00000 0.00000 0.00000 1.00000 0.86603 -0.50000 0.00000 0.86603 -0.50000 0.00000 0.00000 0.00000 -1.00000 -0.00000 0.00000 1.00000 -0.90208 0.28096 0.32758 -0.00000 0.00000 -1.00000 -0.69436 -0.64074 0.32758 0.00000 0.00000 -1.00000 0.20772 -0.92171 0.32758 0.00000 -0.00000 -1.00000 0.90208 -0.28096 0.32758 0.00000 0.00000 -1.00000 0.69436 0.64074 0.32758 0.00000 0.00000 -1.00000 -0.20772 0.92171 0.32758 0.00000 0.00000 -1.00000 0.86603 0.50000 0.00000 0.86603 0.50000 -0.00000 0.00000 0.00000 -1.00000 0.00000 0.00000 1.00000 0.00000 1.00000 0.00000 0.00000 1.00000 -0.00000 0.00000 0.00000 -1.00000 0.00000 -0.00000 1.00000 -0.86603 0.50000 0.00000 -0.86603 0.50000 0.00000 0.00000 0.00000 -1.00000 0.00000 0.00000 1.00000 -0.86603 -0.50000 0.00000 -0.86603 -0.50000 0.00000 -0.00000 0.00000 -1.00000 0.00000 0.00000 1.00000 0.00000 -1.00000 0.00000 0.00000 -1.00000 0.00000 0.00000 -0.00000 -1.00000 0.00000 0.00000 1.00000 0.86603 -0.50000 0.00000 0.86603 -0.50000 0.00000 0.00000 0.00000 -1.00000 -0.00000 0.00000 1.00000 -0.87113 0.43718 0.22361 -0.00000 0.00000 -1.00000 -0.81418 -0.53583 0.22361 0.00000 0.00000 -1.00000 0.05696 -0.97301 0.22361 0.00000 -0.00000 -1.00000 0.87113 -0.43718 0.22361 0.00000 0.00000 -1.00000 0.81418 0.53583 0.22361 0.00000 0.00000 -1.00000 -0.05696 0.97301 0.22361 0.00000 0.00000 -1.00000 0.86603 0.50000 0.00000 0.86603 0.50000 -0.00000 0.00000 0.00000 -1.00000 0.00000 0.00000 1.00000 0.00000 1.00000 0.00000 0.00000 1.00000 -0.00000 0.00000 0.00000 -1.00000 0.00000 -0.00000 1.00000 -0.86603 0.50000 0.00000 -0.86603 0.50000 0.00000 0.00000 0.00000 -1.00000 0.00000 0.00000 1.00000 -0.86603 -0.50000 0.00000 -0.86603 -0.50000 0.00000 -0.00000 0.00000 -1.00000 0.00000 0.00000 1.00000 0.00000 -1.00000 0.00000 0.00000 -1.00000 0.00000 0.00000 -0.00000 -1.00000 0.00000 0.00000 1.00000 0.86603 -0.50000 0.00000 0.86603 -0.50000 0.00000 0.00000 0.00000 -1.00000 -0.00000 0.00000 1.00000 0.92605 0.31193 0.21245 0.00000 0.00000 -1.00000 0.19289 0.95795 0.21245 0.00000 0.00000 -1.00000 -0.73316 0.64602 0.21245 0.00000 0.00000 -1.00000 -0.92605 -0.31193 0.21245 -0.00000 0.00000 -1.00000 -0.19289 -0.95795 0.21245 0.00000 -0.00000 -1.00000 0.73316 -0.64602 0.21245 0.00000 0.00000 -1.00000 0.86603 0.50000 0.00000 0.86603 0.50000 -0.00000 0.00000 0.00000 -1.00000 0.00000 0.00000 1.00000 0.00000 1.00000 0.00000 0.00000 1.00000 -0.00000 0.00000 0.00000 -1.00000 0.00000 -0.00000 1.00000 -0.86603 0.50000 0.00000 -0.86603 0.50000 0.00000 0.00000 0.00000 -1.00000 0.00000 0.00000 1.00000 -0.86603 -0.50000 0.00000 -0.86603 -0.50000 0.00000 -0.00000 0.00000 -1.00000 0.00000 0.00000 1.00000 0.00000 -1.00000 0.00000 0.00000 -1.00000 0.00000 0.00000 -0.00000 -1.00000 0.00000 0.00000 1.00000 0.86603 -0.50000 0.00000 0.86603 -0.50000 0.00000 0.00000 0.00000 -1.00000 -0.00000 0.00000 1.00000 0.88666 0.35069 0.30142 0.00000 0.00000 -1.00000 0.13962 0.94321 0.30142 0.00000 0.00000 -1.00000 -0.74704 0.59252 0.30142 0.00000 0.00000 -1.00000 -0.88666 -0.35069 0.30142 -0.00000 0.00000 -1.00000 -0.13962 -0.94321 0.30142 0.00000 -0.00000 -1.00000 0.74704 -0.59252 0.30142 0.00000 0.00000 -1.00000 0.86603 0.50000 0.00000 0.86603 0.50000 -0.00000 0.00000 0.00000 -1.00000 0.00000 0.00000 1.00000 0.00000 1.00000 0.00000 0.00000 1.00000 -0.00000 0.00000 0.00000 -1.00000 0.00000 -0.00000 1.00000 -0.86603 0.50000 0.00000 -0.86603 0.50000 0.00000 0.00000 0.00000 -1.00000 0.00000 0.00000 1.00000 -0.86603 -0.50000 0.00000 -0.86603 -0.50000 0.00000 -0.00000 0.00000 -1.00000 0.00000 0.00000 1.00000 0.00000 -1.00000 0.00000 0.00000 -1.00000 0.00000 0.00000 -0.00000 -1.00000 0.00000 0.00000 1.00000 0.86603 -0.50000 0.00000 0.86603 -0.50000 0.00000 0.00000 0.00000 -1.00000 -0.00000 0.00000 1.00000 -0.13981 -0.96603 0.21736 0.00000 -0.00000 -1.00000 0.76670 -0.60409 0.21736 0.00000 0.00000 -1.00000 0.90651 0.36194 0.21736 0.00000 0.00000 -1.00000 0.13981 0.96603 0.21736 0.00000 0.00000 -1.00000 -0.76670 0.60409 0.21736 0.00000 0.00000 -1.00000 -0.90651 -0.36194 0.21736 -0.00000 0.00000 -1.00000 0.86603 0.50000 0.00000 0.86603 0.50000 -0.00000 0.00000 0.00000 -1.00000 0.00000 0.00000 1.00000 0.00000 1.00000 0.00000 0.00000 1.00000 -0.00000 0.00000 0.00000 -1.00000 0.00000 -0.00000 1.00000 -0.86603 0.50000 0.00000 -0.86603 0.50000 0.00000 0.00000 0.00000 -1.00000 0.00000 0.00000 1.00000 -0.86603 -0.50000 0.00000 -0.86603 -0.50000 0.00000 -0.00000 0.00000 -1.00000 0.00000 0.00000 1.00000 0.00000 -1.00000 0.00000 0.00000 -1.00000 0.00000 0.00000 -0.00000 -1.00000 0.00000 0.00000 1.00000 0.86603 -0.50000 0.00000 0.86603 -0.50000 0.00000 0.00000 0.00000 -1.00000 -0.00000 0.00000 1.00000 -0.84742 0.50116 0.17529 0.00000 0.00000 -1.00000 -0.85772 -0.48331 0.17529 -0.00000 0.00000 -1.00000 -0.01030 -0.98446 0.17529 0.00000 -0.00000 -1.00000 0.84742 -0.50116 0.17529 0.00000 0.00000 -1.00000 0.85772 0.48331 0.17529 0.00000 0.00000 -1.00000 0.01030 0.98446 0.17529 0.00000 0.00000 -1.00000 0.86603 0.50000 0.00000 0.86603 0.50000 -0.00000 0.00000 0.00000 -1.00000 0.00000 0.00000 1.00000 0.00000 1.00000 0.00000 0.00000 1.00000 -0.00000 0.00000 0.00000 -1.00000 0.00000 -0.00000 1.00000 -0.86603 0.50000 0.00000 -0.86603 0.50000 0.00000 0.00000 0.00000 -1.00000 0.00000 0.00000 1.00000 -0.86603 -0.50000 0.00000 -0.86603 -0.50000 0.00000 -0.00000 0.00000 -1.00000 0.00000 0.00000 1.00000 0.00000 -1.00000 0.00000 0.00000 -1.00000 0.00000 0.00000 -0.00000 -1.00000 0.00000 0.00000 1.00000 0.86603 -0.50000 0.00000 0.86603 -0.50000 0.00000 0.00000 0.00000 -1.00000 -0.00000 0.00000 1.00000 -0.91503 -0.32252 0.24228 -0.00000 0.00000 -1.00000 -0.17820 -0.95370 0.24228 0.00000 -0.00000 -1.00000 0.73683 -0.63118 0.24228 0.00000 0.00000 -1.00000 0.91503 0.32252 0.24228 0.00000 0.00000 -1.00000 0.17820 0.95370 0.24228 0.00000 0.00000 -1.00000 -0.73683 0.63118 0.24228 0.00000 0.00000 -1.00000 0.86603 0.50000 0.00000 0.86603 0.50000 -0.00000 0.00000 0.00000 -1.00000 0.00000 0.00000 1.00000 0.00000 1.00000 0.00000 0.00000 1.00000 -0.00000 0.00000 0.00000 -1.00000 0.00000 -0.00000 1.00000 -0.86603 0.50000 0.00000 -0.86603 0.50000 0.00000 0.00000 0.00000 -1.00000 0.00000 0.00000 1.00000 -0.86603 -0.50000 0.00000 -0.86603 -0.50000 0.00000 -0.00000 0.00000 -1.00000 0.00000 0.00000 1.00000 0.00000 -1.00000 0.00000 0.00000 -1.00000 0.00000 0.00000 -0.00000 -1.00000 0.00000 0.00000 1.00000 0.86603 -0.50000 0.00000 0.86603 -0.50000 0.00000 0.00000 0.00000 -1.00000 -0.00000 0.00000 1.00000 -0.09263 0.97577 0.19824 0.00000 0.00000 -1.00000 -0.89135 0.40766 0.19824 -0.00000 0.00000 -1.00000 -0.79872 -0.56810 0.19824 0.00000 0.00000 -1.00000 0.09263 -0.97577 0.19824 0.00000 -0.00000 -1.00000 0.89135 -0.40766 0.19824 0.00000 0.00000 -1.00000 0.79872 0.56810 0.19824 0.00000 0.00000 -1.00000 0.86603 0.50000 0.00000 0.86603 0.50000 -0.00000 0.00000 0.00000 -1.00000 0.00000 0.00000 1.00000 0.00000 1.00000 0.00000 0.00000 1.00000 -0.00000 0.00000 0.00000 -1.00000 0.00000 -0.00000 1.00000 -0.86603 0.50000 0.00000 -0.86603 0.50000 0.00000 0.00000 0.00000 -1.00000 0.00000 0.00000 1.00000 -0.86603 -0.50000 0.00000 -0.86603 -0.50000 0.00000 -0.00000 0.00000 -1.00000 0.00000 0.00000 1.00000 0.00000 -1.00000 0.00000 0.00000 -1.00000 0.00000 0.00000 -0.00000 -1.00000 0.00000 0.00000 1.00000 0.86603 -0.50000 0.00000 0.86603 -0.50000 0.00000 0.00000 0.00000 -1.00000 -0.00000 0.00000 1.00000 -0.70765 0.68260 0.18243 0.00000 0.00000 -1.00000 -0.94498 -0.27154 0.18243 -0.00000 0.00000 -1.00000 -0.23733 -0.95415 0.18243 0.00000 -0.00000 -1.00000 0.70765 -0.68260 0.18243 0.00000 0.00000 -1.00000 0.94498 0.27154 0.18243 0.00000 0.00000 -1.00000 0.23733 0.95415 0.18243 0.00000 0.00000 -1.00000 0.86603 0.50000 0.00000 0.86603 0.50000 -0.00000 0.00000 0.00000 -1.00000 0.00000 0.00000 1.00000 0.00000 1.00000 0.00000 0.00000 1.00000 -0.00000 0.00000 0.00000 -1.00000 0.00000 -0.00000 1.00000 -0.86603 0.50000 0.00000 -0.86603 0.50000 0.00000 0.00000 0.00000 -1.00000 0.00000 0.00000 1.00000 -0.86603 -0.50000 0.00000 -0.86603 -0.50000 0.00000 -0.00000 0.00000 -1.00000 0.00000 0.00000 1.00000 0.00000 -1.00000 0.00000 0.00000 -1.00000 0.00000 0.00000 -0.00000 -1.00000 0.00000 0.00000 1.00000 0.86603 -0.50000 0.00000 0.86603 -0.50000 0.00000 0.00000 0.00000 -1.00000 -0.00000 0.00000 1.00000 -0.23773 -0.91447 0.32746 0.00000 -0.00000 -1.00000 0.67309 -0.66312 0.32746 0.00000 0.00000 -1.00000 0.91082 0.25135 0.32746 0.00000 0.00000 -1.00000 0.23773 0.91447 0.32746 0.00000 0.00000 -1.00000 -0.67309 0.66312 0.32746 0.00000 0.00000 -1.00000 -0.91082 -0.25135 0.32746 -0.00000 0.00000 -1.00000 0.86603 0.50000 0.00000 0.86603 0.50000 -0.00000 0.00000 0.00000 -1.00000 0.00000 0.00000 1.00000 0.00000 1.00000 0.00000 0.00000 1.00000 -0.00000 0.00000 0.00000 -1.00000 0.00000 -0.00000 1.00000 -0.86603 0.50000 0.00000 -0.86603 0.50000 0.00000 0.00000 0.00000 -1.00000 0.00000 0.00000 1.00000 -0.86603 -0.50000 0.00000 -0.86603 -0.50000 0.00000 -0.00000 0.00000 -1.00000 0.00000 0.00000 1.00000 0.00000 -1.00000 0.00000 0.00000 -1.00000 0.00000 0.00000 -0.00000 -1.00000 0.00000 0.00000 1.00000 0.86603 -0.50000 0.00000 0.86603 -0.50000 0.00000 0.00000 0.00000 -1.00000 -0.00000 0.00000 1.00000 -0.63281 0.74461 0.21240 0.00000 0.00000 -1.00000 -0.96125 -0.17573 0.21240 -0.00000 0.00000 -1.00000 -0.32844 -0.92033 0.21240 0.00000 -0.00000 -1.00000 0.63281 -0.74461 0.21240 0.00000 0.00000 -1.00000 0.96125 0.17573 0.21240 0.00000 0.00000 -1.00000 0.32844 0.92033 0.21240 0.00000 0.00000 -1.00000 0.86603 0.50000 0.00000 0.86603 0.50000 -0.00000 0.00000 0.00000 -1.00000 0.00000 0.00000 1.00000 0.00000 1.00000 0.00000 0.00000 1.00000 -0.00000 0.00000 0.00000 -1.00000 0.00000 -0.00000 1.00000 -0.86603 0.50000 0.00000 -0.86603 0.50000 0.00000 0.00000 0.00000 -1.00000 0.00000 0.00000 1.00000 -0.86603 -0.50000 0.00000 -0.86603 -0.50000 0.00000 -0.00000 0.00000 -1.00000 0.00000 0.00000 1.00000 0.00000 -1.00000 0.00000 0.00000 -1.00000 0.00000 0.00000 -0.00000 -1.00000 0.00000 0.00000 1.00000 0.86603 -0.50000 0.00000 0.86603 -0.50000 0.00000 0.00000 0.00000 -1.00000 -0.00000 0.00000 1.00000 -0.31353 -0.93224 0.18062 0.00000 -0.00000 -1.00000 0.65058 -0.73765 0.18062 0.00000 0.00000 -1.00000 0.96411 0.19460 0.18062 0.00000 0.00000 -1.00000 0.31353 0.93224 0.18062 0.00000 0.00000 -1.00000 -0.65058 0.73765 0.18062 0.00000 0.00000 -1.00000 -0.96411 -0.19460 0.18062 -0.00000 0.00000 -1.00000 0.86603 0.50000 0.00000 0.86603 0.50000 -0.00000 0.00000 0.00000 -1.00000 0.00000 0.00000 1.00000 0.00000 1.00000 0.00000 0.00000 1.00000 -0.00000 0.00000 0.00000 -1.00000 0.00000 -0.00000 1.00000 -0.86603 0.50000 0.00000 -0.86603 0.50000 0.00000 0.00000 0.00000 -1.00000 0.00000 0.00000 1.00000 -0.86603 -0.50000 0.00000 -0.86603 -0.50000 0.00000 -0.00000 0.00000 -1.00000 0.00000 0.00000 1.00000 0.00000 -1.00000 0.00000 0.00000 -1.00000 0.00000 0.00000 -0.00000 -1.00000 0.00000 0.00000 1.00000 0.86603 -0.50000 0.00000 0.86603 -0.50000 0.00000 0.00000 0.00000 -1.00000 -0.00000 0.00000 1.00000 -0.96408 -0.13782 0.22707 -0.00000 0.00000 -1.00000 -0.36268 -0.90382 0.22707 0.00000 -0.00000 -1.00000 0.60139 -0.76601 0.22707 0.00000 0.00000 -1.00000 0.96408 0.13782 0.22707 0.00000 0.00000 -1.00000 0.36268 0.90382 0.22707 0.00000 0.00000 -1.00000 -0.60139 0.76601 0.22707 0.00000 0.00000 -1.00000 0.86603 0.50000 0.00000 0.86603 0.50000 -0.00000 0.00000 0.00000 -1.00000 0.00000 0.00000 1.00000 0.00000 1.00000 0.00000 0.00000 1.00000 -0.00000 0.00000 0.00000 -1.00000 0.00000 -0.00000 1.00000 -0.86603 0.50000 0.00000 -0.86603 0.50000 0.00000 0.00000 0.00000 -1.00000 0.00000 0.00000 1.00000 -0.86603 -0.50000 0.00000 -0.86603 -0.50000 0.00000 -0.00000 0.00000 -1.00000 0.00000 0.00000 1.00000 0.00000 -1.00000 0.00000 0.00000 -1.00000 0.00000 0.00000 -0.00000 -1.00000 0.00000 0.00000 1.00000 0.86603 -0.50000 0.00000 0.86603 -0.50000 0.00000 0.00000 0.00000 -1.00000 -0.00000 0.00000 1.00000 -0.63861 0.65974 0.39613 0.00000 0.00000 -1.00000 -0.89066 -0.22318 0.39613 -0.00000 0.00000 -1.00000 -0.25205 -0.88292 0.39613 0.00000 -0.00000 -1.00000 0.63861 -0.65974 0.39613 0.00000 0.00000 -1.00000 0.89066 0.22318 0.39613 0.00000 0.00000 -1.00000 0.25205 0.88292 0.39613 0.00000 0.00000 -1.00000 0.86603 0.50000 0.00000 0.86603 0.50000 -0.00000 0.00000 0.00000 -1.00000 0.00000 0.00000 1.00000 0.00000 1.00000 0.00000 0.00000 1.00000 -0.00000 0.00000 0.00000 -1.00000 0.00000 -0.00000 1.00000 -0.86603 0.50000 0.00000 -0.86603 0.50000 0.00000 0.00000 0.00000 -1.00000 0.00000 0.00000 1.00000 -0.86603 -0.50000 0.00000 -0.86603 -0.50000 0.00000 -0.00000 0.00000 -1.00000 0.00000 0.00000 1.00000 0.00000 -1.00000 0.00000 0.00000 -1.00000 0.00000 0.00000 -0.00000 -1.00000 0.00000 0.00000 1.00000 0.86603 -0.50000 0.00000 0.86603 -0.50000 0.00000 0.00000 0.00000 -1.00000 -0.00000 0.00000 1.00000 0.33433 0.92161 0.19711 0.00000 0.00000 -1.00000 -0.63097 0.75035 0.19711 0.00000 0.00000 -1.00000 -0.96531 -0.17127 0.19711 -0.00000 0.00000 -1.00000 -0.33433 -0.92161 0.19711 0.00000 -0.00000 -1.00000 0.63097 -0.75035 0.19711 0.00000 0.00000 -1.00000 0.96531 0.17127 0.19711 0.00000 0.00000 -1.00000 0.86603 0.50000 0.00000 0.86603 0.50000 -0.00000 0.00000 0.00000 -1.00000 0.00000 0.00000 1.00000 0.00000 1.00000 0.00000 0.00000 1.00000 -0.00000 0.00000 0.00000 -1.00000 0.00000 -0.00000 1.00000 -0.86603 0.50000 0.00000 -0.86603 0.50000 0.00000 0.00000 0.00000 -1.00000 0.00000 0.00000 1.00000 -0.86603 -0.50000 0.00000 -0.86603 -0.50000 0.00000 -0.00000 0.00000 -1.00000 0.00000 0.00000 1.00000 0.00000 -1.00000 0.00000 0.00000 -1.00000 0.00000 0.00000 -0.00000 -1.00000 0.00000 0.00000 1.00000 0.86603 -0.50000 0.00000 0.86603 -0.50000 0.00000 0.00000 0.00000 -1.00000 -0.00000 0.00000 1.00000 0.18016 -0.95069 0.25244 0.00000 -0.00000 -1.00000 0.91341 -0.31932 0.25244 0.00000 0.00000 -1.00000 0.73324 0.63137 0.25244 0.00000 0.00000 -1.00000 -0.18016 0.95069 0.25244 0.00000 0.00000 -1.00000 -0.91341 0.31932 0.25244 -0.00000 0.00000 -1.00000 -0.73324 -0.63137 0.25244 0.00000 0.00000 -1.00000 0.86603 0.50000 0.00000 0.86603 0.50000 -0.00000 0.00000 0.00000 -1.00000 0.00000 0.00000 1.00000 0.00000 1.00000 0.00000 0.00000 1.00000 -0.00000 0.00000 0.00000 -1.00000 0.00000 -0.00000 1.00000 -0.86603 0.50000 0.00000 -0.86603 0.50000 0.00000 0.00000 0.00000 -1.00000 0.00000 0.00000 1.00000 -0.86603 -0.50000 0.00000 -0.86603 -0.50000 0.00000 -0.00000 0.00000 -1.00000 0.00000 0.00000 1.00000 0.00000 -1.00000 0.00000 0.00000 -1.00000 0.00000 0.00000 -0.00000 -1.00000 0.00000 0.00000 1.00000 0.86603 -0.50000 0.00000 0.86603 -0.50000 0.00000 0.00000 0.00000 -1.00000 -0.00000 0.00000 1.00000 0.73497 -0.51661 0.43923 0.00000 0.00000 -1.00000 0.81489 0.37820 0.43923 0.00000 0.00000 -1.00000 0.07991 0.89481 0.43923 0.00000 0.00000 -1.00000 -0.73497 0.51661 0.43923 0.00000 0.00000 -1.00000 -0.81489 -0.37820 0.43923 -0.00000 0.00000 -1.00000 -0.07991 -0.89481 0.43923 0.00000 -0.00000 -1.00000 0.86603 0.50000 0.00000 0.86603 0.50000 -0.00000 0.00000 0.00000 -1.00000 0.00000 0.00000 1.00000 0.00000 1.00000 0.00000 0.00000 1.00000 -0.00000 0.00000 0.00000 -1.00000 0.00000 -0.00000 1.00000 -0.86603 0.50000 0.00000 -0.86603 0.50000 0.00000 0.00000 0.00000 -1.00000 0.00000 0.00000 1.00000 -0.86603 -0.50000 0.00000 -0.86603 -0.50000 0.00000 -0.00000 0.00000 -1.00000 0.00000 0.00000 1.00000 0.00000 -1.00000 0.00000 0.00000 -1.00000 0.00000 0.00000 -0.00000 -1.00000 0.00000 0.00000 1.00000 0.86603 -0.50000 0.00000 0.86603 -0.50000 0.00000 0.00000 0.00000 -1.00000 -0.00000 0.00000 1.00000 0.68550 -0.68506 0.24653 0.00000 0.00000 -1.00000 0.93603 0.25113 0.24653 0.00000 0.00000 -1.00000 0.25053 0.93619 0.24653 0.00000 0.00000 -1.00000 -0.68550 0.68506 0.24653 0.00000 0.00000 -1.00000 -0.93603 -0.25113 0.24653 -0.00000 0.00000 -1.00000 -0.25053 -0.93619 0.24653 0.00000 -0.00000 -1.00000 0.86603 0.50000 0.00000 0.86603 0.50000 -0.00000 0.00000 0.00000 -1.00000 0.00000 0.00000 1.00000 0.00000 1.00000 0.00000 0.00000 1.00000 -0.00000 0.00000 0.00000 -1.00000 0.00000 -0.00000 1.00000 -0.86603 0.50000 0.00000 -0.86603 0.50000 0.00000 0.00000 0.00000 -1.00000 0.00000 0.00000 1.00000 -0.86603 -0.50000 0.00000 -0.86603 -0.50000 0.00000 -0.00000 0.00000 -1.00000 0.00000 0.00000 1.00000 0.00000 -1.00000 0.00000 0.00000 -1.00000 0.00000 0.00000 -0.00000 -1.00000 0.00000 0.00000 1.00000 0.86603 -0.50000 0.00000 0.86603 -0.50000 0.00000 0.00000 0.00000 -1.00000 -0.00000 0.00000 1.00000 -0.92654 0.24977 0.28133 -0.00000 0.00000 -1.00000 -0.67958 -0.67752 0.28133 0.00000 0.00000 -1.00000 0.24696 -0.92729 0.28133 0.00000 -0.00000 -1.00000 0.92654 -0.24977 0.28133 0.00000 0.00000 -1.00000 0.67958 0.67752 0.28133 0.00000 0.00000 -1.00000 -0.24696 0.92729 0.28133 0.00000 0.00000 -1.00000 0.86603 0.50000 0.00000 0.86603 0.50000 -0.00000 0.00000 0.00000 -1.00000 0.00000 0.00000 1.00000 0.00000 1.00000 0.00000 0.00000 1.00000 -0.00000 0.00000 0.00000 -1.00000 0.00000 -0.00000 1.00000 -0.86603 0.50000 0.00000 -0.86603 0.50000 0.00000 0.00000 0.00000 -1.00000 0.00000 0.00000 1.00000 -0.86603 -0.50000 0.00000 -0.86603 -0.50000 0.00000 -0.00000 0.00000 -1.00000 0.00000 0.00000 1.00000 0.00000 -1.00000 0.00000 0.00000 -1.00000 0.00000 0.00000 -0.00000 -1.00000 0.00000 0.00000 1.00000 0.86603 -0.50000 0.00000 0.86603 -0.50000 0.00000 0.00000 0.00000 -1.00000 -0.00000 0.00000 1.00000 -0.91919 -0.28051 0.27641 -0.00000 0.00000 -1.00000 -0.21667 -0.93630 0.27641 0.00000 -0.00000 -1.00000 0.70252 -0.65579 0.27641 0.00000 0.00000 -1.00000 0.91919 0.28051 0.27641 0.00000 0.00000 -1.00000 0.21667 0.93630 0.27641 0.00000 0.00000 -1.00000 -0.70252 0.65579 0.27641 0.00000 0.00000 -1.00000 0.86603 0.50000 0.00000 0.86603 0.50000 -0.00000 0.00000 0.00000 -1.00000 0.00000 0.00000 1.00000 0.00000 1.00000 0.00000 0.00000 1.00000 -0.00000 0.00000 0.00000 -1.00000 0.00000 -0.00000 1.00000 -0.86603 0.50000 0.00000 -0.86603 0.50000 0.00000 0.00000 0.00000 -1.00000 0.00000 0.00000 1.00000 -0.86603 -0.50000 0.00000 -0.86603 -0.50000 0.00000 -0.00000 0.00000 -1.00000 0.00000 0.00000 1.00000 0.00000 -1.00000 0.00000 0.00000 -1.00000 0.00000 0.00000 -0.00000 -1.00000 0.00000 0.00000 1.00000 0.86603 -0.50000 0.00000 0.86603 -0.50000 0.00000 0.00000 0.00000 -1.00000 -0.00000 0.00000 1.00000 0.87313 -0.32562 0.36278 0.00000 0.00000 -1.00000 0.71856 0.59335 0.36278 0.00000 0.00000 -1.00000 -0.15457 0.91896 0.36278 0.00000 0.00000 -1.00000 -0.87313 0.32562 0.36278 -0.00000 0.00000 -1.00000 -0.71856 -0.59335 0.36278 0.00000 0.00000 -1.00000 0.15457 -0.91896 0.36278 0.00000 -0.00000 -1.00000 0.86603 0.50000 0.00000 0.86603 0.50000 -0.00000 0.00000 0.00000 -1.00000 0.00000 0.00000 1.00000 0.00000 1.00000 0.00000 0.00000 1.00000 -0.00000 0.00000 0.00000 -1.00000 0.00000 -0.00000 1.00000 -0.86603 0.50000 0.00000 -0.86603 0.50000 0.00000 0.00000 0.00000 -1.00000 0.00000 0.00000 1.00000 -0.86603 -0.50000 0.00000 -0.86603 -0.50000 0.00000 -0.00000 0.00000 -1.00000 0.00000 0.00000 1.00000 0.00000 -1.00000 0.00000 0.00000 -1.00000 0.00000 0.00000 -0.00000 -1.00000 0.00000 0.00000 1.00000 0.86603 -0.50000 0.00000 0.86603 -0.50000 0.00000 0.00000 0.00000 -1.00000 -0.00000 0.00000 1.00000 0.93506 0.18506 0.30236 0.00000 0.00000 -1.00000 0.30726 0.90231 0.30236 0.00000 0.00000 -1.00000 -0.62779 0.71725 0.30236 0.00000 0.00000 -1.00000 -0.93506 -0.18506 0.30236 -0.00000 0.00000 -1.00000 -0.30726 -0.90231 0.30236 0.00000 -0.00000 -1.00000 0.62779 -0.71725 0.30236 0.00000 0.00000 -1.00000 0.86603 0.50000 0.00000 0.86603 0.50000 -0.00000 0.00000 0.00000 -1.00000 0.00000 0.00000 1.00000 0.00000 1.00000 0.00000 0.00000 1.00000 -0.00000 0.00000 0.00000 -1.00000 0.00000 -0.00000 1.00000 -0.86603 0.50000 0.00000 -0.86603 0.50000 0.00000 0.00000 0.00000 -1.00000 0.00000 0.00000 1.00000 -0.86603 -0.50000 0.00000 -0.86603 -0.50000 0.00000 -0.00000 0.00000 -1.00000 0.00000 0.00000 1.00000 0.00000 -1.00000 0.00000 0.00000 -1.00000 0.00000 0.00000 -0.00000 -1.00000 0.00000 0.00000 1.00000 0.86603 -0.50000 0.00000 0.86603 -0.50000 0.00000 0.00000 0.00000 -1.00000 -0.00000 0.00000 1.00000 -0.78367 -0.58662 0.20428 0.00000 0.00000 -1.00000 0.11619 -0.97199 0.20428 0.00000 -0.00000 -1.00000 0.89987 -0.38537 0.20428 0.00000 0.00000 -1.00000 0.78367 0.58662 0.20428 0.00000 0.00000 -1.00000 -0.11619 0.97199 0.20428 0.00000 0.00000 -1.00000 -0.89987 0.38537 0.20428 -0.00000 0.00000 -1.00000 0.86603 0.50000 0.00000 0.86603 0.50000 -0.00000 0.00000 0.00000 -1.00000 0.00000 0.00000 1.00000 0.00000 1.00000 0.00000 0.00000 1.00000 -0.00000 0.00000 0.00000 -1.00000 0.00000 -0.00000 1.00000 -0.86603 0.50000 0.00000 -0.86603 0.50000 0.00000 0.00000 0.00000 -1.00000 0.00000 0.00000 1.00000 -0.86603 -0.50000 0.00000 -0.86603 -0.50000 0.00000 -0.00000 0.00000 -1.00000 0.00000 0.00000 1.00000 0.00000 -1.00000 0.00000 0.00000 -1.00000 0.00000 0.00000 -0.00000 -1.00000 0.00000 0.00000 1.00000 0.86603 -0.50000 0.00000 0.86603 -0.50000 0.00000 0.00000 0.00000 -1.00000 -0.00000 0.00000 1.00000 0.65850 0.72972 0.18406 0.00000 0.00000 -1.00000 -0.30271 0.93514 0.18406 0.00000 0.00000 -1.00000 -0.96121 0.20542 0.18406 -0.00000 0.00000 -1.00000 -0.65850 -0.72972 0.18406 0.00000 0.00000 -1.00000 0.30271 -0.93514 0.18406 0.00000 -0.00000 -1.00000 0.96121 -0.20542 0.18406 0.00000 0.00000 -1.00000 0.86603 0.50000 0.00000 0.86603 0.50000 -0.00000 0.00000 0.00000 -1.00000 0.00000 0.00000 1.00000 0.00000 1.00000 0.00000 0.00000 1.00000 -0.00000 0.00000 0.00000 -1.00000 0.00000 -0.00000 1.00000 -0.86603 0.50000 0.00000 -0.86603 0.50000 0.00000 0.00000 0.00000 -1.00000 0.00000 0.00000 1.00000 -0.86603 -0.50000 0.00000 -0.86603 -0.50000 0.00000 -0.00000 0.00000 -1.00000 0.00000 0.00000 1.00000 0.00000 -1.00000 0.00000 0.00000 -1.00000 0.00000 0.00000 -0.00000 -1.00000 0.00000 0.00000 1.00000 0.86603 -0.50000 0.00000 0.86603 -0.50000 0.00000 0.00000 0.00000 -1.00000 -0.00000 0.00000 1.00000 0.55723 0.81270 0.17033 0.00000 0.00000 -1.00000 -0.42521 0.88892 0.17033 0.00000 0.00000 -1.00000 -0.98243 0.07622 0.17033 -0.00000 0.00000 -1.00000 -0.55723 -0.81270 0.17033 0.00000 0.00000 -1.00000 0.42521 -0.88892 0.17033 0.00000 -0.00000 -1.00000 0.98243 -0.07622 0.17033 0.00000 0.00000 -1.00000 0.86603 0.50000 0.00000 0.86603 0.50000 -0.00000 0.00000 0.00000 -1.00000 0.00000 0.00000 1.00000 0.00000 1.00000 0.00000 0.00000 1.00000 -0.00000 0.00000 0.00000 -1.00000 0.00000 -0.00000 1.00000 -0.86603 0.50000 0.00000 -0.86603 0.50000 0.00000 0.00000 0.00000 -1.00000 0.00000 0.00000 1.00000 -0.86603 -0.50000 0.00000 -0.86603 -0.50000 0.00000 -0.00000 0.00000 -1.00000 0.00000 0.00000 1.00000 0.00000 -1.00000 0.00000 0.00000 -1.00000 0.00000 0.00000 -0.00000 -1.00000 0.00000 0.00000 1.00000 0.86603 -0.50000 0.00000 0.86603 -0.50000 0.00000 0.00000 0.00000 -1.00000 -0.00000 0.00000 1.00000 0.80764 0.53683 0.24400 0.00000 0.00000 -1.00000 -0.06109 0.96785 0.24400 0.00000 0.00000 -1.00000 -0.86872 0.43102 0.24400 -0.00000 0.00000 -1.00000 -0.80764 -0.53683 0.24400 0.00000 0.00000 -1.00000 0.06109 -0.96785 0.24400 0.00000 -0.00000 -1.00000 0.86872 -0.43102 0.24400 0.00000 0.00000 -1.00000 0.86603 0.50000 0.00000 0.86603 0.50000 -0.00000 0.00000 0.00000 -1.00000 0.00000 0.00000 1.00000 0.00000 1.00000 0.00000 0.00000 1.00000 -0.00000 0.00000 0.00000 -1.00000 0.00000 -0.00000 1.00000 -0.86603 0.50000 0.00000 -0.86603 0.50000 0.00000 0.00000 0.00000 -1.00000 0.00000 0.00000 1.00000 -0.86603 -0.50000 0.00000 -0.86603 -0.50000 0.00000 -0.00000 0.00000 -1.00000 0.00000 0.00000 1.00000 0.00000 -1.00000 0.00000 0.00000 -1.00000 0.00000 0.00000 -0.00000 -1.00000 0.00000 0.00000 1.00000 0.86603 -0.50000 0.00000 0.86603 -0.50000 0.00000 0.00000 0.00000 -1.00000 -0.00000 0.00000 1.00000 -0.67207 -0.72918 0.12888 0.00000 0.00000 -1.00000 0.29546 -0.94662 0.12888 0.00000 -0.00000 -1.00000 0.96753 -0.21744 0.12888 0.00000 0.00000 -1.00000 0.67207 0.72918 0.12888 0.00000 0.00000 -1.00000 -0.29546 0.94662 0.12888 0.00000 0.00000 -1.00000 -0.96753 0.21744 0.12888 -0.00000 0.00000 -1.00000 0.86603 0.50000 0.00000 0.86603 0.50000 -0.00000 0.00000 0.00000 -1.00000 0.00000 0.00000 1.00000 0.00000 1.00000 0.00000 0.00000 1.00000 -0.00000 0.00000 0.00000 -1.00000 0.00000 -0.00000 1.00000 -0.86603 0.50000 0.00000 -0.86603 0.50000 0.00000 0.00000 0.00000 -1.00000 0.00000 0.00000 1.00000 -0.86603 -0.50000 0.00000 -0.86603 -0.50000 0.00000 -0.00000 0.00000 -1.00000 0.00000 0.00000 1.00000 0.00000 -1.00000 0.00000 0.00000 -1.00000 0.00000 0.00000 -0.00000 -1.00000 0.00000 0.00000 1.00000 0.86603 -0.50000 0.00000 0.86603 -0.50000 0.00000 0.00000 0.00000 -1.00000 -0.00000 0.00000 1.00000 0.73245 0.62809 0.26272 0.00000 0.00000 -1.00000 -0.17772 0.94836 0.26272 0.00000 0.00000 -1.00000 -0.91017 0.32028 0.26272 -0.00000 0.00000 -1.00000 -0.73245 -0.62809 0.26272 0.00000 0.00000 -1.00000 0.17772 -0.94836 0.26272 0.00000 -0.00000 -1.00000 0.91017 -0.32028 0.26272 0.00000 0.00000 -1.00000 0.86603 0.50000 0.00000 0.86603 0.50000 -0.00000 0.00000 0.00000 -1.00000 0.00000 0.00000 1.00000 0.00000 1.00000 0.00000 0.00000 1.00000 -0.00000 0.00000 0.00000 -1.00000 0.00000 -0.00000 1.00000 -0.86603 0.50000 0.00000 -0.86603 0.50000 0.00000 0.00000 0.00000 -1.00000 0.00000 0.00000 1.00000 -0.86603 -0.50000 0.00000 -0.86603 -0.50000 0.00000 -0.00000 0.00000 -1.00000 0.00000 0.00000 1.00000 0.00000 -1.00000 0.00000 0.00000 -1.00000 0.00000 0.00000 -0.00000 -1.00000 0.00000 0.00000 1.00000 0.86603 -0.50000 0.00000 0.86603 -0.50000 0.00000 0.00000 0.00000 -1.00000 -0.00000 0.00000 1.00000 0.94941 -0.01946 0.31343 0.00000 0.00000 -1.00000 0.49156 0.81249 0.31343 0.00000 0.00000 -1.00000 -0.45786 0.83194 0.31343 0.00000 0.00000 -1.00000 -0.94941 0.01946 0.31343 -0.00000 0.00000 -1.00000 -0.49156 -0.81249 0.31343 0.00000 0.00000 -1.00000 0.45786 -0.83194 0.31343 0.00000 -0.00000 -1.00000 0.86603 0.50000 0.00000 0.86603 0.50000 -0.00000 0.00000 0.00000 -1.00000 0.00000 0.00000 1.00000 0.00000 1.00000 0.00000 0.00000 1.00000 -0.00000 0.00000 0.00000 -1.00000 0.00000 -0.00000 1.00000 -0.86603 0.50000 0.00000 -0.86603 0.50000 0.00000 0.00000 0.00000 -1.00000 0.00000 0.00000 1.00000 -0.86603 -0.50000 0.00000 -0.86603 -0.50000 0.00000 -0.00000 0.00000 -1.00000 0.00000 0.00000 1.00000 0.00000 -1.00000 0.00000 0.00000 -1.00000 0.00000 0.00000 -0.00000 -1.00000 0.00000 0.00000 1.00000 0.86603 -0.50000 0.00000 0.86603 -0.50000 0.00000 0.00000 0.00000 -1.00000 -0.00000 0.00000 1.00000 0.93050 -0.30023 0.20984 0.00000 0.00000 -1.00000 0.72525 0.65572 0.20984 0.00000 0.00000 -1.00000 -0.20525 0.95595 0.20984 0.00000 0.00000 -1.00000 -0.93050 0.30023 0.20984 -0.00000 0.00000 -1.00000 -0.72525 -0.65572 0.20984 0.00000 0.00000 -1.00000 0.20525 -0.95595 0.20984 0.00000 -0.00000 -1.00000 0.86603 0.50000 0.00000 0.86603 0.50000 -0.00000 0.00000 0.00000 -1.00000 0.00000 0.00000 1.00000 0.00000 1.00000 0.00000 0.00000 1.00000 -0.00000 0.00000 0.00000 -1.00000 0.00000 -0.00000 1.00000 -0.86603 0.50000 0.00000 -0.86603 0.50000 0.00000 0.00000 0.00000 -1.00000 0.00000 0.00000 1.00000 -0.86603 -0.50000 0.00000 -0.86603 -0.50000 0.00000 -0.00000 0.00000 -1.00000 0.00000 0.00000 1.00000 0.00000 -1.00000 0.00000 0.00000 -1.00000 0.00000 0.00000 -0.00000 -1.00000 0.00000 0.00000 1.00000 0.86603 -0.50000 0.00000 0.86603 -0.50000 0.00000 0.00000 0.00000 -1.00000 -0.00000 0.00000 1.00000 0.92270 0.15540 0.35282 0.00000 0.00000 -1.00000 0.32677 0.87678 0.35282 0.00000 0.00000 -1.00000 -0.59593 0.72138 0.35282 0.00000 0.00000 -1.00000 -0.92270 -0.15540 0.35282 -0.00000 0.00000 -1.00000 -0.32677 -0.87678 0.35282 0.00000 -0.00000 -1.00000 0.59593 -0.72138 0.35282 0.00000 0.00000 -1.00000 0.86603 0.50000 0.00000 0.86603 0.50000 -0.00000 0.00000 0.00000 -1.00000 0.00000 0.00000 1.00000 0.00000 1.00000 0.00000 0.00000 1.00000 -0.00000 0.00000 0.00000 -1.00000 0.00000 -0.00000 1.00000 -0.86603 0.50000 0.00000 -0.86603 0.50000 0.00000 0.00000 0.00000 -1.00000 0.00000 0.00000 1.00000 -0.86603 -0.50000 0.00000 -0.86603 -0.50000 0.00000 -0.00000 0.00000 -1.00000 0.00000 0.00000 1.00000 0.00000 -1.00000 0.00000 0.00000 -1.00000 0.00000 0.00000 -0.00000 -1.00000 0.00000 0.00000 1.00000 0.86603 -0.50000 0.00000 0.86603 -0.50000 0.00000 0.00000 0.00000 -1.00000 -0.00000 0.00000 1.00000 0.35064 -0.83690 0.42029 0.00000 -0.00000 -1.00000 0.90010 -0.11478 0.42029 0.00000 0.00000 -1.00000 0.54945 0.72212 0.42029 0.00000 0.00000 -1.00000 -0.35064 0.83690 0.42029 0.00000 0.00000 -1.00000 -0.90010 0.11478 0.42029 -0.00000 0.00000 -1.00000 -0.54945 -0.72212 0.42029 0.00000 0.00000 -1.00000 0.86603 0.50000 0.00000 0.86603 0.50000 -0.00000 0.00000 0.00000 -1.00000 0.00000 0.00000 1.00000 0.00000 1.00000 0.00000 0.00000 1.00000 -0.00000 0.00000 0.00000 -1.00000 0.00000 -0.00000 1.00000 -0.86603 0.50000 0.00000 -0.86603 0.50000 0.00000 0.00000 0.00000 -1.00000 0.00000 0.00000 1.00000 -0.86603 -0.50000 0.00000 -0.86603 -0.50000 0.00000 -0.00000 0.00000 -1.00000 0.00000 0.00000 1.00000 0.00000 -1.00000 0.00000 0.00000 -1.00000 0.00000 0.00000 -0.00000 -1.00000 0.00000 0.00000 1.00000 0.86603 -0.50000 0.00000 0.86603 -0.50000 0.00000 0.00000 0.00000 -1.00000 -0.00000 0.00000 1.00000 0.27454 -0.94046 0.20042 0.00000 -0.00000 -1.00000 0.95173 -0.23247 0.20042 0.00000 0.00000 -1.00000 0.67719 0.70799 0.20042 0.00000 0.00000 -1.00000 -0.27454 0.94046 0.20042 0.00000 0.00000 -1.00000 -0.95173 0.23247 0.20042 -0.00000 0.00000 -1.00000 -0.67719 -0.70799 0.20042 0.00000 0.00000 -1.00000 0.86603 0.50000 0.00000 0.86603 0.50000 -0.00000 0.00000 0.00000 -1.00000 0.00000 0.00000 1.00000 0.00000 1.00000 0.00000 0.00000 1.00000 -0.00000 0.00000 0.00000 -1.00000 0.00000 -0.00000 1.00000 -0.86603 0.50000 0.00000 -0.86603 0.50000 0.00000 0.00000 0.00000 -1.00000 0.00000 0.00000 1.00000 -0.86603 -0.50000 0.00000 -0.86603 -0.50000 0.00000 -0.00000 0.00000 -1.00000 0.00000 0.00000 1.00000 0.00000 -1.00000 0.00000 0.00000 -1.00000 0.00000 0.00000 -0.00000 -1.00000 0.00000 0.00000 1.00000 0.86603 -0.50000 0.00000 0.86603 -0.50000 0.00000 0.00000 0.00000 -1.00000 -0.00000 0.00000 1.00000 0.88395 -0.42910 0.18577 0.00000 0.00000 -1.00000 0.81358 0.55097 0.18577 0.00000 0.00000 -1.00000 -0.07036 0.98007 0.18577 0.00000 0.00000 -1.00000 -0.88395 0.42910 0.18577 -0.00000 0.00000 -1.00000 -0.81358 -0.55097 0.18577 0.00000 0.00000 -1.00000 0.07036 -0.98007 0.18577 0.00000 -0.00000 -1.00000 0.86603 0.50000 0.00000 0.86603 0.50000 -0.00000 0.00000 0.00000 -1.00000 0.00000 0.00000 1.00000 0.00000 1.00000 0.00000 0.00000 1.00000 -0.00000 0.00000 0.00000 -1.00000 0.00000 -0.00000 1.00000 -0.86603 0.50000 0.00000 -0.86603 0.50000 0.00000 0.00000 0.00000 -1.00000 0.00000 0.00000 1.00000 -0.86603 -0.50000 0.00000 -0.86603 -0.50000 0.00000 -0.00000 0.00000 -1.00000 0.00000 0.00000 1.00000 0.00000 -1.00000 0.00000 0.00000 -1.00000 0.00000 0.00000 -0.00000 -1.00000 0.00000 0.00000 1.00000 0.86603 -0.50000 0.00000 0.86603 -0.50000 0.00000 0.00000 0.00000 -1.00000 -0.00000 0.00000 1.00000 0.22490 0.96298 0.14859 0.00000 0.00000 -1.00000 -0.72152 0.67626 0.14859 0.00000 0.00000 -1.00000 -0.94642 -0.28672 0.14859 -0.00000 0.00000 -1.00000 -0.22490 -0.96298 0.14859 0.00000 -0.00000 -1.00000 0.72152 -0.67626 0.14859 0.00000 0.00000 -1.00000 0.94642 0.28672 0.14859 0.00000 0.00000 -1.00000 0.86603 0.50000 0.00000 0.86603 0.50000 -0.00000 0.00000 0.00000 -1.00000 0.00000 0.00000 1.00000 0.00000 1.00000 0.00000 0.00000 1.00000 -0.00000 0.00000 0.00000 -1.00000 0.00000 -0.00000 1.00000 -0.86603 0.50000 0.00000 -0.86603 0.50000 0.00000 0.00000 0.00000 -1.00000 0.00000 0.00000 1.00000 -0.86603 -0.50000 0.00000 -0.86603 -0.50000 0.00000 -0.00000 0.00000 -1.00000 0.00000 0.00000 1.00000 0.00000 -1.00000 0.00000 0.00000 -1.00000 0.00000 0.00000 -0.00000 -1.00000 0.00000 0.00000 1.00000 0.86603 -0.50000 0.00000 0.86603 -0.50000 0.00000 0.00000 0.00000 -1.00000 -0.00000 0.00000 1.00000 -0.71480 -0.55808 0.42143 0.00000 0.00000 -1.00000 0.12591 -0.89808 0.42143 0.00000 -0.00000 -1.00000 0.84071 -0.34000 0.42143 0.00000 0.00000 -1.00000 0.71480 0.55808 0.42143 0.00000 0.00000 -1.00000 -0.12591 0.89808 0.42143 0.00000 0.00000 -1.00000 -0.84071 0.34000 0.42143 -0.00000 0.00000 -1.00000 0.86603 0.50000 0.00000 0.86603 0.50000 -0.00000 0.00000 0.00000 -1.00000 0.00000 0.00000 1.00000 0.00000 1.00000 0.00000 0.00000 1.00000 -0.00000 0.00000 0.00000 -1.00000 0.00000 -0.00000 1.00000 -0.86603 0.50000 0.00000 -0.86603 0.50000 0.00000 0.00000 0.00000 -1.00000 0.00000 0.00000 1.00000 -0.86603 -0.50000 0.00000 -0.86603 -0.50000 0.00000 -0.00000 0.00000 -1.00000 0.00000 0.00000 1.00000 0.00000 -1.00000 0.00000 0.00000 -1.00000 0.00000 0.00000 -0.00000 -1.00000 0.00000 0.00000 1.00000 0.86603 -0.50000 0.00000 0.86603 -0.50000 0.00000 0.00000 0.00000 -1.00000 -0.00000 0.00000 1.00000 -0.76278 0.61240 0.20769 0.00000 0.00000 -1.00000 -0.91174 -0.35439 0.20769 -0.00000 0.00000 -1.00000 -0.14896 -0.96679 0.20769 0.00000 -0.00000 -1.00000 0.76278 -0.61240 0.20769 0.00000 0.00000 -1.00000 0.91174 0.35439 0.20769 0.00000 0.00000 -1.00000 0.14896 0.96679 0.20769 0.00000 0.00000 -1.00000 0.86603 0.50000 0.00000 0.86603 0.50000 -0.00000 0.00000 0.00000 -1.00000 0.00000 0.00000 1.00000 0.00000 1.00000 0.00000 0.00000 1.00000 -0.00000 0.00000 0.00000 -1.00000 0.00000 -0.00000 1.00000 -0.86603 0.50000 0.00000 -0.86603 0.50000 0.00000 0.00000 0.00000 -1.00000 0.00000 0.00000 1.00000 -0.86603 -0.50000 0.00000 -0.86603 -0.50000 0.00000 -0.00000 0.00000 -1.00000 0.00000 0.00000 1.00000 0.00000 -1.00000 0.00000 0.00000 -1.00000 0.00000 0.00000 -0.00000 -1.00000 0.00000 0.00000 1.00000 0.86603 -0.50000 0.00000 0.86603 -0.50000 0.00000 0.00000 0.00000 -1.00000 -0.00000 0.00000 1.00000 0.93675 0.09520 0.33680 0.00000 0.00000 -1.00000 0.38593 0.85885 0.33680 0.00000 0.00000 -1.00000 -0.55082 0.76365 0.33680 0.00000 0.00000 -1.00000 -0.93675 -0.09520 0.33680 -0.00000 0.00000 -1.00000 -0.38593 -0.85885 0.33680 0.00000 -0.00000 -1.00000 0.55082 -0.76365 0.33680 0.00000 0.00000 -1.00000 0.86603 0.50000 0.00000 0.86603 0.50000 -0.00000 0.00000 0.00000 -1.00000 0.00000 0.00000 1.00000 0.00000 1.00000 0.00000 0.00000 1.00000 -0.00000 0.00000 0.00000 -1.00000 0.00000 -0.00000 1.00000 -0.86603 0.50000 0.00000 -0.86603 0.50000 0.00000 0.00000 0.00000 -1.00000 0.00000 0.00000 1.00000 -0.86603 -0.50000 0.00000 -0.86603 -0.50000 0.00000 -0.00000 0.00000 -1.00000 0.00000 0.00000 1.00000 0.00000 -1.00000 0.00000 0.00000 -1.00000 0.00000 0.00000 -0.00000 -1.00000 0.00000 0.00000 1.00000 0.86603 -0.50000 0.00000 0.86603 -0.50000 0.00000 0.00000 0.00000 -1.00000 -0.00000 0.00000 1.00000 0.97449 -0.06599 0.21452 0.00000 0.00000 -1.00000 0.54439 0.81093 0.21452 0.00000 0.00000 -1.00000 -0.43009 0.87693 0.21452 0.00000 0.00000 -1.00000 -0.97449 0.06599 0.21452 -0.00000 0.00000 -1.00000 -0.54439 -0.81093 0.21452 0.00000 0.00000 -1.00000 0.43009 -0.87693 0.21452 0.00000 -0.00000 -1.00000 0.86603 0.50000 0.00000 0.86603 0.50000 -0.00000 0.00000 0.00000 -1.00000 0.00000 0.00000 1.00000 0.00000 1.00000 0.00000 0.00000 1.00000 -0.00000 0.00000 0.00000 -1.00000 0.00000 -0.00000 1.00000 -0.86603 0.50000 0.00000 -0.86603 0.50000 0.00000 0.00000 0.00000 -1.00000 0.00000 0.00000 1.00000 -0.86603 -0.50000 0.00000 -0.86603 -0.50000 0.00000 -0.00000 0.00000 -1.00000 0.00000 0.00000 1.00000 0.00000 -1.00000 0.00000 0.00000 -1.00000 0.00000 0.00000 -0.00000 -1.00000 0.00000 0.00000 1.00000 0.86603 -0.50000 0.00000 0.86603 -0.50000 0.00000 0.00000 0.00000 -1.00000 -0.00000 0.00000 1.00000 -0.84463 -0.52104 0.12299 0.00000 0.00000 -1.00000 0.02892 -0.99199 0.12299 0.00000 -0.00000 -1.00000 0.87354 -0.47095 0.12299 0.00000 0.00000 -1.00000 0.84463 0.52104 0.12299 0.00000 0.00000 -1.00000 -0.02892 0.99199 0.12299 0.00000 0.00000 -1.00000 -0.87354 0.47095 0.12299 -0.00000 0.00000 -1.00000 0.86603 0.50000 0.00000 0.86603 0.50000 -0.00000 0.00000 0.00000 -1.00000 0.00000 0.00000 1.00000 0.00000 1.00000 0.00000 0.00000 1.00000 -0.00000 0.00000 0.00000 -1.00000 0.00000 -0.00000 1.00000 -0.86603 0.50000 0.00000 -0.86603 0.50000 0.00000 0.00000 0.00000 -1.00000 0.00000 0.00000 1.00000 -0.86603 -0.50000 0.00000 -0.86603 -0.50000 0.00000 -0.00000 0.00000 -1.00000 0.00000 0.00000 1.00000 0.00000 -1.00000 0.00000 0.00000 -1.00000 0.00000 0.00000 -0.00000 -1.00000 0.00000 0.00000 1.00000 0.86603 -0.50000 0.00000 0.86603 -0.50000 0.00000 0.00000 0.00000 -1.00000 -0.00000 0.00000 1.00000 0.60646 -0.78349 0.13544 0.00000 0.00000 -1.00000 0.98176 0.13347 0.13544 0.00000 0.00000 -1.00000 0.37529 0.91696 0.13544 0.00000 0.00000 -1.00000 -0.60646 0.78349 0.13544 0.00000 0.00000 -1.00000 -0.98176 -0.13347 0.13544 -0.00000 0.00000 -1.00000 -0.37529 -0.91696 0.13544 0.00000 -0.00000 -1.00000 0.86603 0.50000 0.00000 0.86603 0.50000 -0.00000 0.00000 0.00000 -1.00000 0.00000 0.00000 1.00000 0.00000 1.00000 0.00000 0.00000 1.00000 -0.00000 0.00000 0.00000 -1.00000 0.00000 -0.00000 1.00000 -0.86603 0.50000 0.00000 -0.86603 0.50000 0.00000 0.00000 0.00000 -1.00000 0.00000 0.00000 1.00000 -0.86603 -0.50000 0.00000 -0.86603 -0.50000 0.00000 -0.00000 0.00000 -1.00000 0.00000 0.00000 1.00000 0.00000 -1.00000 0.00000 0.00000 -1.00000 0.00000 0.00000 -0.00000 -1.00000 0.00000 0.00000 1.00000 0.86603 -0.50000 0.00000 0.86603 -0.50000 0.00000 0.00000 0.00000 -1.00000 -0.00000 0.00000 1.00000 -0.53158 0.83390 0.14845 0.00000 0.00000 -1.00000 -0.98797 -0.04342 0.14845 -0.00000 0.00000 -1.00000 -0.45638 -0.87731 0.14845 0.00000 -0.00000 -1.00000 0.53158 -0.83390 0.14845 0.00000 0.00000 -1.00000 0.98797 0.04342 0.14845 0.00000 0.00000 -1.00000 0.45638 0.87731 0.14845 0.00000 0.00000 -1.00000 0.86603 0.50000 0.00000 0.86603 0.50000 -0.00000 0.00000 0.00000 -1.00000 0.00000 0.00000 1.00000 0.00000 1.00000 0.00000 0.00000 1.00000 -0.00000 0.00000 0.00000 -1.00000 0.00000 -0.00000 1.00000 -0.86603 0.50000 0.00000 -0.86603 0.50000 0.00000 0.00000 0.00000 -1.00000 0.00000 0.00000 1.00000 -0.86603 -0.50000 0.00000 -0.86603 -0.50000 0.00000 -0.00000 0.00000 -1.00000 0.00000 0.00000 1.00000 0.00000 -1.00000 0.00000 0.00000 -1.00000 0.00000 0.00000 -0.00000 -1.00000 0.00000 0.00000 1.00000 0.86603 -0.50000 0.00000 0.86603 -0.50000 0.00000 0.00000 0.00000 -1.00000 -0.00000 0.00000 1.00000 0.67437 0.68363 0.27908 0.00000 0.00000 -1.00000 -0.25485 0.92583 0.27908 0.00000 0.00000 -1.00000 -0.92922 0.24221 0.27908 -0.00000 0.00000 -1.00000 -0.67437 -0.68363 0.27908 0.00000 0.00000 -1.00000 0.25485 -0.92583 0.27908 0.00000 -0.00000 -1.00000 0.92922 -0.24221 0.27908 0.00000 0.00000 -1.00000 0.86603 0.50000 0.00000 0.86603 0.50000 -0.00000 0.00000 0.00000 -1.00000 0.00000 0.00000 1.00000 0.00000 1.00000 0.00000 0.00000 1.00000 -0.00000 0.00000 0.00000 -1.00000 0.00000 -0.00000 1.00000 -0.86603 0.50000 0.00000 -0.86603 0.50000 0.00000 0.00000 0.00000 -1.00000 0.00000 0.00000 1.00000 -0.86603 -0.50000 0.00000 -0.86603 -0.50000 0.00000 -0.00000 0.00000 -1.00000 0.00000 0.00000 1.00000 0.00000 -1.00000 0.00000 0.00000 -1.00000 0.00000 0.00000 -0.00000 -1.00000 0.00000 0.00000 1.00000 0.86603 -0.50000 0.00000 0.86603 -0.50000 0.00000 0.00000 0.00000 -1.00000 -0.00000 0.00000 1.00000 0.50288 -0.82778 0.24878 0.00000 0.00000 -1.00000 0.96832 0.02162 0.24878 0.00000 0.00000 -1.00000 0.46543 0.84940 0.24878 0.00000 0.00000 -1.00000 -0.50288 0.82778 0.24878 0.00000 0.00000 -1.00000 -0.96832 -0.02162 0.24878 -0.00000 0.00000 -1.00000 -0.46543 -0.84940 0.24878 0.00000 -0.00000 -1.00000 0.86603 0.50000 0.00000 0.86603 0.50000 -0.00000 0.00000 0.00000 -1.00000 0.00000 0.00000 1.00000 0.00000 1.00000 0.00000 0.00000 1.00000 -0.00000 0.00000 0.00000 -1.00000 0.00000 -0.00000 1.00000 -0.86603 0.50000 0.00000 -0.86603 0.50000 0.00000 0.00000 0.00000 -1.00000 0.00000 0.00000 1.00000 -0.86603 -0.50000 0.00000 -0.86603 -0.50000 0.00000 -0.00000 0.00000 -1.00000 0.00000 0.00000 1.00000 0.00000 -1.00000 0.00000 0.00000 -1.00000 0.00000 0.00000 -0.00000 -1.00000 0.00000 0.00000 1.00000 0.86603 -0.50000 0.00000 0.86603 -0.50000 0.00000 0.00000 0.00000 -1.00000 -0.00000 0.00000 1.00000 0.16433 -0.95823 0.23407 0.00000 -0.00000 -1.00000 0.91202 -0.33680 0.23407 0.00000 0.00000 -1.00000 0.74768 0.62143 0.23407 0.00000 0.00000 -1.00000 -0.16433 0.95823 0.23407 0.00000 0.00000 -1.00000 -0.91202 0.33680 0.23407 -0.00000 0.00000 -1.00000 -0.74768 -0.62143 0.23407 0.00000 0.00000 -1.00000 0.86603 0.50000 0.00000 0.86603 0.50000 -0.00000 0.00000 0.00000 -1.00000 0.00000 0.00000 1.00000 0.00000 1.00000 0.00000 0.00000 1.00000 -0.00000 0.00000 0.00000 -1.00000 0.00000 -0.00000 1.00000 -0.86603 0.50000 0.00000 -0.86603 0.50000 0.00000 0.00000 0.00000 -1.00000 0.00000 0.00000 1.00000 -0.86603 -0.50000 0.00000 -0.86603 -0.50000 0.00000 -0.00000 0.00000 -1.00000 0.00000 0.00000 1.00000 0.00000 -1.00000 0.00000 0.00000 -1.00000 0.00000 0.00000 -0.00000 -1.00000 0.00000 0.00000 1.00000 0.86603 -0.50000 0.00000 0.86603 -0.50000 0.00000 0.00000 0.00000 -1.00000 -0.00000 0.00000 1.00000 0.93833 -0.14427 0.31420 0.00000 0.00000 -1.00000 0.59410 0.74049 0.31420 0.00000 0.00000 -1.00000 -0.34423 0.88475 0.31420 0.00000 0.00000 -1.00000 -0.93833 0.14427 0.31420 -0.00000 0.00000 -1.00000 -0.59410 -0.74049 0.31420 0.00000 0.00000 -1.00000 0.34423 -0.88475 0.31420 0.00000 -0.00000 -1.00000 0.86603 0.50000 0.00000 0.86603 0.50000 -0.00000 0.00000 0.00000 -1.00000 0.00000 0.00000 1.00000 0.00000 1.00000 0.00000 0.00000 1.00000 -0.00000 0.00000 0.00000 -1.00000 0.00000 -0.00000 1.00000 -0.86603 0.50000 0.00000 -0.86603 0.50000 0.00000 0.00000 0.00000 -1.00000 0.00000 0.00000 1.00000 -0.86603 -0.50000 0.00000 -0.86603 -0.50000 0.00000 -0.00000 0.00000 -1.00000 0.00000 0.00000 1.00000 0.00000 -1.00000 0.00000 0.00000 -1.00000 0.00000 0.00000 -0.00000 -1.00000 0.00000 0.00000 1.00000 0.86603 -0.50000 0.00000 0.86603 -0.50000 0.00000 0.00000 0.00000 -1.00000 -0.00000 0.00000 1.00000 0.91339 0.07193 0.40068 0.00000 0.00000 -1.00000 0.39440 0.82698 0.40068 0.00000 0.00000 -1.00000 -0.51899 0.75505 0.40068 0.00000 0.00000 -1.00000 -0.91339 -0.07193 0.40068 -0.00000 0.00000 -1.00000 -0.39440 -0.82698 0.40068 0.00000 -0.00000 -1.00000 0.51899 -0.75505 0.40068 0.00000 0.00000 -1.00000 0.86603 0.50000 0.00000 0.86603 0.50000 -0.00000 0.00000 0.00000 -1.00000 0.00000 0.00000 1.00000 0.00000 1.00000 0.00000 0.00000 1.00000 -0.00000 0.00000 0.00000 -1.00000 0.00000 -0.00000 1.00000 -0.86603 0.50000 0.00000 -0.86603 0.50000 0.00000 0.00000 0.00000 -1.00000 0.00000 0.00000 1.00000 -0.86603 -0.50000 0.00000 -0.86603 -0.50000 0.00000 -0.00000 0.00000 -1.00000 0.00000 0.00000 1.00000 0.00000 -1.00000 0.00000 0.00000 -1.00000 0.00000 0.00000 -0.00000 -1.00000 0.00000 0.00000 1.00000 0.86603 -0.50000 0.00000 0.86603 -0.50000 0.00000 0.00000 0.00000 -1.00000 -0.00000 0.00000 1.00000 0.93868 -0.13270 0.31822 0.00000 0.00000 -1.00000 0.58426 0.74657 0.31822 0.00000 0.00000 -1.00000 -0.35442 0.87927 0.31822 0.00000 0.00000 -1.00000 -0.93868 0.13270 0.31822 -0.00000 0.00000 -1.00000 -0.58426 -0.74657 0.31822 0.00000 0.00000 -1.00000 0.35442 -0.87927 0.31822 0.00000 -0.00000 -1.00000 0.86603 0.50000 0.00000 0.86603 0.50000 -0.00000 0.00000 0.00000 -1.00000 0.00000 0.00000 1.00000 0.00000 1.00000 0.00000 0.00000 1.00000 -0.00000 0.00000 0.00000 -1.00000 0.00000 -0.00000 1.00000 -0.86603 0.50000 0.00000 -0.86603 0.50000 0.00000 0.00000 0.00000 -1.00000 0.00000 0.00000 1.00000 -0.86603 -0.50000 0.00000 -0.86603 -0.50000 0.00000 -0.00000 0.00000 -1.00000 0.00000 0.00000 1.00000 0.00000 -1.00000 0.00000 0.00000 -1.00000 0.00000 0.00000 -0.00000 -1.00000 0.00000 0.00000 1.00000 0.86603 -0.50000 0.00000 0.86603 -0.50000 0.00000 0.00000 0.00000 -1.00000 -0.00000 0.00000 1.00000 -0.78055 -0.48367 0.39599 0.00000 0.00000 -1.00000 0.02860 -0.91781 0.39599 0.00000 -0.00000 -1.00000 0.80914 -0.43414 0.39599 0.00000 0.00000 -1.00000 0.78055 0.48367 0.39599 0.00000 0.00000 -1.00000 -0.02860 0.91781 0.39599 0.00000 0.00000 -1.00000 -0.80914 0.43414 0.39599 -0.00000 0.00000 -1.00000 0.86603 0.50000 0.00000 0.86603 0.50000 -0.00000 0.00000 0.00000 -1.00000 0.00000 0.00000 1.00000 0.00000 1.00000 0.00000 0.00000 1.00000 -0.00000 0.00000 0.00000 -1.00000 0.00000 -0.00000 1.00000 -0.86603 0.50000 0.00000 -0.86603 0.50000 0.00000 0.00000 0.00000 -1.00000 0.00000 0.00000 1.00000 -0.86603 -0.50000 0.00000 -0.86603 -0.50000 0.00000 -0.00000 0.00000 -1.00000 0.00000 0.00000 1.00000 0.00000 -1.00000 0.00000 0.00000 -1.00000 0.00000 0.00000 -0.00000 -1.00000 0.00000 0.00000 1.00000 0.86603 -0.50000 0.00000 0.86603 -0.50000 0.00000 0.00000 0.00000 -1.00000 -0.00000 0.00000 1.00000 0.09734 0.93591 0.33853 0.00000 0.00000 -1.00000 -0.76185 0.55225 0.33853 0.00000 0.00000 -1.00000 -0.85919 -0.38366 0.33853 -0.00000 0.00000 -1.00000 -0.09734 -0.93591 0.33853 0.00000 -0.00000 -1.00000 0.76185 -0.55225 0.33853 0.00000 0.00000 -1.00000 0.85919 0.38366 0.33853 0.00000 0.00000 -1.00000 0.86603 0.50000 0.00000 0.86603 0.50000 -0.00000 0.00000 0.00000 -1.00000 0.00000 0.00000 1.00000 0.00000 1.00000 0.00000 0.00000 1.00000 -0.00000 0.00000 0.00000 -1.00000 0.00000 -0.00000 1.00000 -0.86603 0.50000 0.00000 -0.86603 0.50000 0.00000 0.00000 0.00000 -1.00000 0.00000 0.00000 1.00000 -0.86603 -0.50000 0.00000 -0.86603 -0.50000 0.00000 -0.00000 0.00000 -1.00000 0.00000 0.00000 1.00000 0.00000 -1.00000 0.00000 0.00000 -1.00000 0.00000 0.00000 -0.00000 -1.00000 0.00000 0.00000 1.00000 0.86603 -0.50000 0.00000 0.86603 -0.50000 0.00000 0.00000 0.00000 -1.00000 -0.00000 0.00000 1.00000 0.89137 0.39722 0.21835 0.00000 0.00000 -1.00000 0.10168 0.97056 0.21835 0.00000 0.00000 -1.00000 -0.78969 0.57334 0.21835 0.00000 0.00000 -1.00000 -0.89137 -0.39722 0.21835 -0.00000 0.00000 -1.00000 -0.10168 -0.97056 0.21835 0.00000 -0.00000 -1.00000 0.78969 -0.57334 0.21835 0.00000 0.00000 -1.00000 0.86603 0.50000 0.00000 0.86603 0.50000 -0.00000 0.00000 0.00000 -1.00000 0.00000 0.00000 1.00000 0.00000 1.00000 0.00000 0.00000 1.00000 -0.00000 0.00000 0.00000 -1.00000 0.00000 -0.00000 1.00000 -0.86603 0.50000 0.00000 -0.86603 0.50000 0.00000 0.00000 0.00000 -1.00000 0.00000 0.00000 1.00000 -0.86603 -0.50000 0.00000 -0.86603 -0.50000 0.00000 -0.00000 0.00000 -1.00000 0.00000 0.00000 1.00000 0.00000 -1.00000 0.00000 0.00000 -1.00000 0.00000 0.00000 -0.00000 -1.00000 0.00000 0.00000 1.00000 0.86603 -0.50000 0.00000 0.86603 -0.50000 0.00000 0.00000 0.00000 -1.00000 -0.00000 0.00000 1.00000 0.00957 0.98437 0.17587 0.00000 0.00000 -1.00000 -0.84770 0.50047 0.17587 0.00000 0.00000 -1.00000 -0.85727 -0.48390 0.17587 -0.00000 0.00000 -1.00000 -0.00957 -0.98437 0.17587 0.00000 -0.00000 -1.00000 0.84770 -0.50047 0.17587 0.00000 0.00000 -1.00000 0.85727 0.48390 0.17587 0.00000 0.00000 -1.00000 0.86603 0.50000 0.00000 0.86603 0.50000 -0.00000 0.00000 0.00000 -1.00000 0.00000 0.00000 1.00000 0.00000 1.00000 0.00000 0.00000 1.00000 -0.00000 0.00000 0.00000 -1.00000 0.00000 -0.00000 1.00000 -0.86603 0.50000 0.00000 -0.86603 0.50000 0.00000 0.00000 0.00000 -1.00000 0.00000 0.00000 1.00000 -0.86603 -0.50000 0.00000 -0.86603 -0.50000 0.00000 -0.00000 0.00000 -1.00000 0.00000 0.00000 1.00000 0.00000 -1.00000 0.00000 0.00000 -1.00000 0.00000 0.00000 -0.00000 -1.00000 0.00000 0.00000 1.00000 0.86603 -0.50000 0.00000 0.86603 -0.50000 0.00000 0.00000 0.00000 -1.00000 -0.00000 0.00000 1.00000 0.95824 -0.17381 0.22707 0.00000 0.00000 -1.00000 0.62965 0.74296 0.22707 0.00000 0.00000 -1.00000 -0.32859 0.91677 0.22707 0.00000 0.00000 -1.00000 -0.95824 0.17381 0.22707 -0.00000 0.00000 -1.00000 -0.62965 -0.74296 0.22707 0.00000 0.00000 -1.00000 0.32859 -0.91677 0.22707 0.00000 -0.00000 -1.00000 0.86603 0.50000 0.00000 0.86603 0.50000 -0.00000 0.00000 0.00000 -1.00000 0.00000 0.00000 1.00000 0.00000 1.00000 0.00000 0.00000 1.00000 -0.00000 0.00000 0.00000 -1.00000 0.00000 -0.00000 1.00000 -0.86603 0.50000 0.00000 -0.86603 0.50000 0.00000 0.00000 0.00000 -1.00000 0.00000 0.00000 1.00000 -0.86603 -0.50000 0.00000 -0.86603 -0.50000 0.00000 -0.00000 0.00000 -1.00000 0.00000 0.00000 1.00000 0.00000 -1.00000 0.00000 0.00000 -1.00000 0.00000 0.00000 -0.00000 -1.00000 0.00000 0.00000 1.00000 0.86603 -0.50000 0.00000 0.86603 -0.50000 0.00000 0.00000 0.00000 -1.00000 -0.00000 0.00000 1.00000 -0.06519 0.98083 0.18361 0.00000 0.00000 -1.00000 -0.88202 0.43396 0.18361 -0.00000 0.00000 -1.00000 -0.81683 -0.54687 0.18361 0.00000 0.00000 -1.00000 0.06519 -0.98083 0.18361 0.00000 -0.00000 -1.00000 0.88202 -0.43396 0.18361 0.00000 0.00000 -1.00000 0.81683 0.54687 0.18361 0.00000 0.00000 -1.00000 0.86603 0.50000 0.00000 0.86603 0.50000 -0.00000 0.00000 0.00000 -1.00000 0.00000 0.00000 1.00000 0.00000 1.00000 0.00000 0.00000 1.00000 -0.00000 0.00000 0.00000 -1.00000 0.00000 -0.00000 1.00000 -0.86603 0.50000 0.00000 -0.86603 0.50000 0.00000 0.00000 0.00000 -1.00000 0.00000 0.00000 1.00000 -0.86603 -0.50000 0.00000 -0.86603 -0.50000 0.00000 -0.00000 0.00000 -1.00000 0.00000 0.00000 1.00000 0.00000 -1.00000 0.00000 0.00000 -1.00000 0.00000 0.00000 -0.00000 -1.00000 0.00000 0.00000 1.00000 0.86603 -0.50000 0.00000 0.86603 -0.50000 0.00000 0.00000 0.00000 -1.00000 -0.00000 0.00000 1.00000 -0.89692 -0.33205 0.29201 -0.00000 0.00000 -1.00000 -0.16090 -0.94278 0.29201 0.00000 -0.00000 -1.00000 0.73603 -0.61073 0.29201 0.00000 0.00000 -1.00000 0.89692 0.33205 0.29201 0.00000 0.00000 -1.00000 0.16090 0.94278 0.29201 0.00000 0.00000 -1.00000 -0.73603 0.61073 0.29201 0.00000 0.00000 -1.00000 0.86603 0.50000 0.00000 0.86603 0.50000 -0.00000 0.00000 0.00000 -1.00000 0.00000 0.00000 1.00000 0.00000 1.00000 0.00000 0.00000 1.00000 -0.00000 0.00000 0.00000 -1.00000 0.00000 -0.00000 1.00000 -0.86603 0.50000 0.00000 -0.86603 0.50000 0.00000 0.00000 0.00000 -1.00000 0.00000 0.00000 1.00000 -0.86603 -0.50000 0.00000 -0.86603 -0.50000 0.00000 -0.00000 0.00000 -1.00000 0.00000 0.00000 1.00000 0.00000 -1.00000 0.00000 0.00000 -1.00000 0.00000 0.00000 -0.00000 -1.00000 0.00000 0.00000 1.00000 0.86603 -0.50000 0.00000 0.86603 -0.50000 0.00000 0.00000 0.00000 -1.00000 -0.00000 0.00000 1.00000 0.97369 0.06845 0.21736 0.00000 0.00000 -1.00000 0.42757 0.87746 0.21736 0.00000 0.00000 -1.00000 -0.54612 0.80902 0.21736 0.00000 0.00000 -1.00000 -0.97369 -0.06845 0.21736 -0.00000 0.00000 -1.00000 -0.42757 -0.87746 0.21736 0.00000 -0.00000 -1.00000 0.54612 -0.80902 0.21736 0.00000 0.00000 -1.00000 0.86603 0.50000 0.00000 0.86603 0.50000 -0.00000 0.00000 0.00000 -1.00000 0.00000 0.00000 1.00000 0.00000 1.00000 0.00000 0.00000 1.00000 -0.00000 0.00000 0.00000 -1.00000 0.00000 -0.00000 1.00000 -0.86603 0.50000 0.00000 -0.86603 0.50000 0.00000 0.00000 0.00000 -1.00000 0.00000 0.00000 1.00000 -0.86603 -0.50000 0.00000 -0.86603 -0.50000 0.00000 -0.00000 0.00000 -1.00000 0.00000 0.00000 1.00000 0.00000 -1.00000 0.00000 0.00000 -1.00000 0.00000 0.00000 -0.00000 -1.00000 0.00000 0.00000 1.00000 0.86603 -0.50000 0.00000 0.86603 -0.50000 0.00000 0.00000 0.00000 -1.00000 -0.00000 0.00000 1.00000 0.72794 -0.67177 0.13723 0.00000 0.00000 -1.00000 0.94574 0.29453 0.13723 0.00000 0.00000 -1.00000 0.21780 0.96630 0.13723 0.00000 0.00000 -1.00000 -0.72794 0.67177 0.13723 0.00000 0.00000 -1.00000 -0.94574 -0.29453 0.13723 -0.00000 0.00000 -1.00000 -0.21780 -0.96630 0.13723 0.00000 -0.00000 -1.00000 0.86603 0.50000 0.00000 0.86603 0.50000 -0.00000 0.00000 0.00000 -1.00000 0.00000 0.00000 1.00000 0.00000 1.00000 0.00000 0.00000 1.00000 -0.00000 0.00000 0.00000 -1.00000 0.00000 -0.00000 1.00000 -0.86603 0.50000 0.00000 -0.86603 0.50000 0.00000 0.00000 0.00000 -1.00000 0.00000 0.00000 1.00000 -0.86603 -0.50000 0.00000 -0.86603 -0.50000 0.00000 -0.00000 0.00000 -1.00000 0.00000 0.00000 1.00000 0.00000 -1.00000 0.00000 0.00000 -1.00000 0.00000 0.00000 -0.00000 -1.00000 0.00000 0.00000 1.00000 0.86603 -0.50000 0.00000 0.86603 -0.50000 0.00000 0.00000 0.00000 -1.00000 -0.00000 0.00000 1.00000 -0.02228 0.99078 0.13364 0.00000 0.00000 -1.00000 -0.86918 0.47610 0.13364 -0.00000 0.00000 -1.00000 -0.84690 -0.51468 0.13364 0.00000 0.00000 -1.00000 0.02228 -0.99078 0.13364 0.00000 -0.00000 -1.00000 0.86918 -0.47610 0.13364 0.00000 0.00000 -1.00000 0.84690 0.51468 0.13364 0.00000 0.00000 -1.00000 0.86603 0.50000 0.00000 0.86603 0.50000 -0.00000 0.00000 0.00000 -1.00000 0.00000 0.00000 1.00000 0.00000 1.00000 0.00000 0.00000 1.00000 -0.00000 0.00000 0.00000 -1.00000 0.00000 -0.00000 1.00000 -0.86603 0.50000 0.00000 -0.86603 0.50000 0.00000 0.00000 0.00000 -1.00000 0.00000 0.00000 1.00000 -0.86603 -0.50000 0.00000 -0.86603 -0.50000 0.00000 -0.00000 0.00000 -1.00000 0.00000 0.00000 1.00000 0.00000 -1.00000 0.00000 0.00000 -1.00000 0.00000 0.00000 -0.00000 -1.00000 0.00000 0.00000 1.00000 0.86603 -0.50000 0.00000 0.86603 -0.50000 0.00000 0.00000 0.00000 -1.00000 -0.00000 0.00000 1.00000 0.12742 -0.95385 0.27192 0.00000 -0.00000 -1.00000 0.88977 -0.36658 0.27192 0.00000 0.00000 -1.00000 0.76235 0.58727 0.27192 0.00000 0.00000 -1.00000 -0.12742 0.95385 0.27192 0.00000 0.00000 -1.00000 -0.88977 0.36658 0.27192 -0.00000 0.00000 -1.00000 -0.76235 -0.58727 0.27192 0.00000 0.00000 -1.00000 0.86603 0.50000 0.00000 0.86603 0.50000 -0.00000 0.00000 0.00000 -1.00000 0.00000 0.00000 1.00000 0.00000 1.00000 0.00000 0.00000 1.00000 -0.00000 0.00000 0.00000 -1.00000 0.00000 -0.00000 1.00000 -0.86603 0.50000 0.00000 -0.86603 0.50000 0.00000 0.00000 0.00000 -1.00000 0.00000 0.00000 1.00000 -0.86603 -0.50000 0.00000 -0.86603 -0.50000 0.00000 -0.00000 0.00000 -1.00000 0.00000 0.00000 1.00000 0.00000 -1.00000 0.00000 0.00000 -1.00000 0.00000 0.00000 -0.00000 -1.00000 0.00000 0.00000 1.00000 0.86603 -0.50000 0.00000 0.86603 -0.50000 0.00000 0.00000 0.00000 -1.00000 -0.00000 0.00000 1.00000 -0.14166 -0.97688 0.16014 0.00000 -0.00000 -1.00000 0.77517 -0.61112 0.16014 0.00000 0.00000 -1.00000 0.91683 0.36576 0.16014 0.00000 0.00000 -1.00000 0.14166 0.97688 0.16014 0.00000 0.00000 -1.00000 -0.77517 0.61112 0.16014 0.00000 0.00000 -1.00000 -0.91683 -0.36576 0.16014 -0.00000 0.00000 -1.00000 0.86603 0.50000 0.00000 0.86603 0.50000 -0.00000 0.00000 0.00000 -1.00000 0.00000 0.00000 1.00000 0.00000 1.00000 0.00000 0.00000 1.00000 -0.00000 0.00000 0.00000 -1.00000 0.00000 -0.00000 1.00000 -0.86603 0.50000 0.00000 -0.86603 0.50000 0.00000 0.00000 0.00000 -1.00000 0.00000 0.00000 1.00000 -0.86603 -0.50000 0.00000 -0.86603 -0.50000 0.00000 -0.00000 0.00000 -1.00000 0.00000 0.00000 1.00000 0.00000 -1.00000 0.00000 0.00000 -1.00000 0.00000 0.00000 -0.00000 -1.00000 0.00000 0.00000 1.00000 0.86603 -0.50000 0.00000 0.86603 -0.50000 0.00000 0.00000 0.00000 -1.00000 -0.00000 0.00000 1.00000 -0.05770 -0.98176 0.18117 0.00000 -0.00000 -1.00000 0.82138 -0.54085 0.18117 0.00000 0.00000 -1.00000 0.87908 0.44091 0.18117 0.00000 0.00000 -1.00000 0.05770 0.98176 0.18117 0.00000 0.00000 -1.00000 -0.82138 0.54085 0.18117 0.00000 0.00000 -1.00000 -0.87908 -0.44091 0.18117 -0.00000 0.00000 -1.00000 0.86603 0.50000 0.00000 0.86603 0.50000 -0.00000 0.00000 0.00000 -1.00000 0.00000 0.00000 1.00000 0.00000 1.00000 0.00000 0.00000 1.00000 -0.00000 0.00000 0.00000 -1.00000 0.00000 -0.00000 1.00000 -0.86603 0.50000 0.00000 -0.86603 0.50000 0.00000 0.00000 0.00000 -1.00000 0.00000 0.00000 1.00000 -0.86603 -0.50000 0.00000 -0.86603 -0.50000 0.00000 -0.00000 0.00000 -1.00000 0.00000 0.00000 1.00000 0.00000 -1.00000 0.00000 0.00000 -1.00000 0.00000 0.00000 -0.00000 -1.00000 0.00000 0.00000 1.00000 0.86603 -0.50000 0.00000 0.86603 -0.50000 0.00000 0.00000 0.00000 -1.00000 -0.00000 0.00000 1.00000 0.97820 0.00112 0.20768 0.00000 0.00000 -1.00000 0.48813 0.84770 0.20768 0.00000 0.00000 -1.00000 -0.49006 0.84658 0.20768 0.00000 0.00000 -1.00000 -0.97820 -0.00112 0.20768 -0.00000 0.00000 -1.00000 -0.48813 -0.84770 0.20768 0.00000 -0.00000 -1.00000 0.49006 -0.84658 0.20768 0.00000 0.00000 -1.00000 0.86603 0.50000 0.00000 0.86603 0.50000 -0.00000 0.00000 0.00000 -1.00000 0.00000 0.00000 1.00000 0.00000 1.00000 0.00000 0.00000 1.00000 -0.00000 0.00000 0.00000 -1.00000 0.00000 -0.00000 1.00000 -0.86603 0.50000 0.00000 -0.86603 0.50000 0.00000 0.00000 0.00000 -1.00000 0.00000 0.00000 1.00000 -0.86603 -0.50000 0.00000 -0.86603 -0.50000 0.00000 -0.00000 0.00000 -1.00000 0.00000 0.00000 1.00000 0.00000 -1.00000 0.00000 0.00000 -1.00000 0.00000 0.00000 -0.00000 -1.00000 0.00000 0.00000 1.00000 0.86603 -0.50000 0.00000 0.86603 -0.50000 0.00000 0.00000 0.00000 -1.00000 -0.00000 0.00000 1.00000 0.47882 -0.85310 0.20724 0.00000 -0.00000 -1.00000 0.97822 -0.01189 0.20724 0.00000 0.00000 -1.00000 0.49940 0.84122 0.20724 0.00000 0.00000 -1.00000 -0.47882 0.85310 0.20724 0.00000 0.00000 -1.00000 -0.97822 0.01189 0.20724 -0.00000 0.00000 -1.00000 -0.49940 -0.84122 0.20724 0.00000 0.00000 -1.00000 0.86603 0.50000 0.00000 0.86603 0.50000 -0.00000 0.00000 0.00000 -1.00000 0.00000 0.00000 1.00000 0.00000 1.00000 0.00000 0.00000 1.00000 -0.00000 0.00000 0.00000 -1.00000 0.00000 -0.00000 1.00000 -0.86603 0.50000 0.00000 -0.86603 0.50000 0.00000 0.00000 0.00000 -1.00000 0.00000 0.00000 1.00000 -0.86603 -0.50000 0.00000 -0.86603 -0.50000 0.00000 -0.00000 0.00000 -1.00000 0.00000 0.00000 1.00000 0.00000 -1.00000 0.00000 0.00000 -1.00000 0.00000 0.00000 -0.00000 -1.00000 0.00000 0.00000 1.00000 0.86603 -0.50000 0.00000 0.86603 -0.50000 0.00000 0.00000 0.00000 -1.00000 -0.00000 0.00000 1.00000 -0.69524 -0.68508 0.21749 0.00000 0.00000 -1.00000 0.24568 -0.94464 0.21749 0.00000 -0.00000 -1.00000 0.94092 -0.25956 0.21749 0.00000 0.00000 -1.00000 0.69524 0.68508 0.21749 0.00000 0.00000 -1.00000 -0.24568 0.94464 0.21749 0.00000 0.00000 -1.00000 -0.94092 0.25956 0.21749 -0.00000 0.00000 -1.00000 0.86603 0.50000 0.00000 0.86603 0.50000 -0.00000 0.00000 0.00000 -1.00000 0.00000 0.00000 1.00000 0.00000 1.00000 0.00000 0.00000 1.00000 -0.00000 0.00000 0.00000 -1.00000 0.00000 -0.00000 1.00000 -0.86603 0.50000 0.00000 -0.86603 0.50000 0.00000 0.00000 0.00000 -1.00000 0.00000 0.00000 1.00000 -0.86603 -0.50000 0.00000 -0.86603 -0.50000 0.00000 -0.00000 0.00000 -1.00000 0.00000 0.00000 1.00000 0.00000 -1.00000 0.00000 0.00000 -1.00000 0.00000 0.00000 -0.00000 -1.00000 0.00000 0.00000 1.00000 0.86603 -0.50000 0.00000 0.86603 -0.50000 0.00000 0.00000 0.00000 -1.00000 -0.00000 0.00000 1.00000 0.80026 -0.47880 0.36102 0.00000 0.00000 -1.00000 0.81478 0.45365 0.36102 0.00000 0.00000 -1.00000 0.01452 0.93244 0.36102 0.00000 0.00000 -1.00000 -0.80026 0.47880 0.36102 0.00000 0.00000 -1.00000 -0.81478 -0.45365 0.36102 -0.00000 0.00000 -1.00000 -0.01452 -0.93244 0.36102 0.00000 -0.00000 -1.00000 0.86603 0.50000 0.00000 0.86603 0.50000 -0.00000 0.00000 0.00000 -1.00000 0.00000 0.00000 1.00000 0.00000 1.00000 0.00000 0.00000 1.00000 -0.00000 0.00000 0.00000 -1.00000 0.00000 -0.00000 1.00000 -0.86603 0.50000 0.00000 -0.86603 0.50000 0.00000 0.00000 0.00000 -1.00000 0.00000 0.00000 1.00000 -0.86603 -0.50000 0.00000 -0.86603 -0.50000 0.00000 -0.00000 0.00000 -1.00000 0.00000 0.00000 1.00000 0.00000 -1.00000 0.00000 0.00000 -1.00000 0.00000 0.00000 -0.00000 -1.00000 0.00000 0.00000 1.00000 0.86603 -0.50000 0.00000 0.86603 -0.50000 0.00000 0.00000 0.00000 -1.00000 -0.00000 0.00000 1.00000 0.82258 -0.50516 0.26112 0.00000 0.00000 -1.00000 0.84877 0.45980 0.26112 0.00000 0.00000 -1.00000 0.02619 0.96495 0.26112 0.00000 0.00000 -1.00000 -0.82258 0.50516 0.26112 0.00000 0.00000 -1.00000 -0.84877 -0.45980 0.26112 -0.00000 0.00000 -1.00000 -0.02619 -0.96495 0.26112 0.00000 -0.00000 -1.00000 0.86603 0.50000 0.00000 0.86603 0.50000 -0.00000 0.00000 0.00000 -1.00000 0.00000 0.00000 1.00000 0.00000 1.00000 0.00000 0.00000 1.00000 -0.00000 0.00000 0.00000 -1.00000 0.00000 -0.00000 1.00000 -0.86603 0.50000 0.00000 -0.86603 0.50000 0.00000 0.00000 0.00000 -1.00000 0.00000 0.00000 1.00000 -0.86603 -0.50000 0.00000 -0.86603 -0.50000 0.00000 -0.00000 0.00000 -1.00000 0.00000 0.00000 1.00000 0.00000 -1.00000 0.00000 0.00000 -1.00000 0.00000 0.00000 -0.00000 -1.00000 0.00000 0.00000 1.00000 0.86603 -0.50000 0.00000 0.86603 -0.50000 0.00000 0.00000 0.00000 -1.00000 -0.00000 0.00000 1.00000 -0.93848 -0.27310 0.21137 -0.00000 0.00000 -1.00000 -0.23273 -0.94929 0.21137 0.00000 -0.00000 -1.00000 0.70575 -0.67619 0.21137 0.00000 0.00000 -1.00000 0.93848 0.27310 0.21137 0.00000 0.00000 -1.00000 0.23273 0.94929 0.21137 0.00000 0.00000 -1.00000 -0.70575 0.67619 0.21137 0.00000 0.00000 -1.00000 0.86603 0.50000 0.00000 0.86603 0.50000 -0.00000 0.00000 0.00000 -1.00000 0.00000 0.00000 1.00000 0.00000 1.00000 0.00000 0.00000 1.00000 -0.00000 0.00000 0.00000 -1.00000 0.00000 -0.00000 1.00000 -0.86603 0.50000 0.00000 -0.86603 0.50000 0.00000 0.00000 0.00000 -1.00000 0.00000 0.00000 1.00000 -0.86603 -0.50000 0.00000 -0.86603 -0.50000 0.00000 -0.00000 0.00000 -1.00000 0.00000 0.00000 1.00000 0.00000 -1.00000 0.00000 0.00000 -1.00000 0.00000 0.00000 -0.00000 -1.00000 0.00000 0.00000 1.00000 0.86603 -0.50000 0.00000 0.86603 -0.50000 0.00000 0.00000 0.00000 -1.00000 -0.00000 0.00000 1.00000 0.93509 0.30789 0.17552 0.00000 0.00000 -1.00000 0.20091 0.96376 0.17552 0.00000 0.00000 -1.00000 -0.73418 0.65587 0.17552 0.00000 0.00000 -1.00000 -0.93509 -0.30789 0.17552 -0.00000 0.00000 -1.00000 -0.20091 -0.96376 0.17552 0.00000 -0.00000 -1.00000 0.73418 -0.65587 0.17552 0.00000 0.00000 -1.00000 0.86603 0.50000 0.00000 0.86603 0.50000 -0.00000 0.00000 0.00000 -1.00000 0.00000 0.00000 1.00000 0.00000 1.00000 0.00000 0.00000 1.00000 -0.00000 0.00000 0.00000 -1.00000 0.00000 -0.00000 1.00000 -0.86603 0.50000 0.00000 -0.86603 0.50000 0.00000 0.00000 0.00000 -1.00000 0.00000 0.00000 1.00000 -0.86603 -0.50000 0.00000 -0.86603 -0.50000 0.00000 -0.00000 0.00000 -1.00000 0.00000 0.00000 1.00000 0.00000 -1.00000 0.00000 0.00000 -1.00000 0.00000 0.00000 -0.00000 -1.00000 0.00000 0.00000 1.00000 0.86603 -0.50000 0.00000 0.86603 -0.50000 0.00000 0.00000 0.00000 -1.00000 -0.00000 0.00000 1.00000 -0.97039 -0.05381 0.23548 -0.00000 0.00000 -1.00000 -0.43860 -0.86729 0.23548 0.00000 -0.00000 -1.00000 0.53179 -0.81348 0.23548 0.00000 0.00000 -1.00000 0.97039 0.05381 0.23548 0.00000 0.00000 -1.00000 0.43860 0.86729 0.23548 0.00000 0.00000 -1.00000 -0.53179 0.81348 0.23548 0.00000 0.00000 -1.00000 0.86603 0.50000 0.00000 0.86603 0.50000 -0.00000 0.00000 0.00000 -1.00000 0.00000 0.00000 1.00000 0.00000 1.00000 0.00000 0.00000 1.00000 -0.00000 0.00000 0.00000 -1.00000 0.00000 -0.00000 1.00000 -0.86603 0.50000 0.00000 -0.86603 0.50000 0.00000 0.00000 0.00000 -1.00000 0.00000 0.00000 1.00000 -0.86603 -0.50000 0.00000 -0.86603 -0.50000 0.00000 -0.00000 0.00000 -1.00000 0.00000 0.00000 1.00000 0.00000 -1.00000 0.00000 0.00000 -1.00000 0.00000 0.00000 -0.00000 -1.00000 0.00000 0.00000 1.00000 0.86603 -0.50000 0.00000 0.86603 -0.50000 0.00000 0.00000 0.00000 -1.00000 -0.00000 0.00000 1.00000 0.42294 -0.86999 0.25347 0.00000 -0.00000 -1.00000 0.96490 -0.06872 0.25347 0.00000 0.00000 -1.00000 0.54196 0.80127 0.25347 0.00000 0.00000 -1.00000 -0.42294 0.86999 0.25347 0.00000 0.00000 -1.00000 -0.96490 0.06872 0.25347 -0.00000 0.00000 -1.00000 -0.54196 -0.80127 0.25347 0.00000 0.00000 -1.00000 0.86603 0.50000 0.00000 0.86603 0.50000 -0.00000 0.00000 0.00000 -1.00000 0.00000 0.00000 1.00000 0.00000 1.00000 0.00000 0.00000 1.00000 -0.00000 0.00000 0.00000 -1.00000 0.00000 -0.00000 1.00000 -0.86603 0.50000 0.00000 -0.86603 0.50000 0.00000 0.00000 0.00000 -1.00000 0.00000 0.00000 1.00000 -0.86603 -0.50000 0.00000 -0.86603 -0.50000 0.00000 -0.00000 0.00000 -1.00000 0.00000 0.00000 1.00000 0.00000 -1.00000 0.00000 0.00000 -1.00000 0.00000 0.00000 -0.00000 -1.00000 0.00000 0.00000 1.00000 0.86603 -0.50000 0.00000 0.86603 -0.50000 0.00000 0.00000 0.00000 -1.00000 -0.00000 0.00000 1.00000 0.48338 0.84627 0.22397 0.00000 0.00000 -1.00000 -0.49120 0.84176 0.22397 0.00000 0.00000 -1.00000 -0.97459 -0.00451 0.22397 -0.00000 0.00000 -1.00000 -0.48338 -0.84627 0.22397 0.00000 -0.00000 -1.00000 0.49120 -0.84176 0.22397 0.00000 0.00000 -1.00000 0.97459 0.00451 0.22397 0.00000 0.00000 -1.00000 0.86603 0.50000 0.00000 0.86603 0.50000 -0.00000 0.00000 0.00000 -1.00000 0.00000 0.00000 1.00000 0.00000 1.00000 0.00000 0.00000 1.00000 -0.00000 0.00000 0.00000 -1.00000 0.00000 -0.00000 1.00000 -0.86603 0.50000 0.00000 -0.86603 0.50000 0.00000 0.00000 0.00000 -1.00000 0.00000 0.00000 1.00000 -0.86603 -0.50000 0.00000 -0.86603 -0.50000 0.00000 -0.00000 0.00000 -1.00000 0.00000 0.00000 1.00000 0.00000 -1.00000 0.00000 0.00000 -1.00000 0.00000 0.00000 -0.00000 -1.00000 0.00000 0.00000 1.00000 0.86603 -0.50000 0.00000 0.86603 -0.50000 0.00000 0.00000 0.00000 -1.00000 -0.00000 0.00000 1.00000 -0.87269 -0.45614 0.17419 -0.00000 0.00000 -1.00000 -0.04131 -0.98384 0.17419 0.00000 -0.00000 -1.00000 0.83138 -0.52770 0.17419 0.00000 0.00000 -1.00000 0.87269 0.45614 0.17419 0.00000 0.00000 -1.00000 0.04131 0.98384 0.17419 0.00000 0.00000 -1.00000 -0.83138 0.52770 0.17419 0.00000 0.00000 -1.00000 0.86603 0.50000 0.00000 0.86603 0.50000 -0.00000 0.00000 0.00000 -1.00000 0.00000 0.00000 1.00000 0.00000 1.00000 0.00000 0.00000 1.00000 -0.00000 0.00000 0.00000 -1.00000 0.00000 -0.00000 1.00000 -0.86603 0.50000 0.00000 -0.86603 0.50000 0.00000 0.00000 0.00000 -1.00000 0.00000 0.00000 1.00000 -0.86603 -0.50000 0.00000 -0.86603 -0.50000 0.00000 -0.00000 0.00000 -1.00000 0.00000 0.00000 1.00000 0.00000 -1.00000 0.00000 0.00000 -1.00000 0.00000 0.00000 -0.00000 -1.00000 0.00000 0.00000 1.00000 0.86603 -0.50000 0.00000 0.86603 -0.50000 0.00000 0.00000 0.00000 -1.00000 -0.00000 0.00000 1.00000 0.08963 -0.97445 0.20595 0.00000 -0.00000 -1.00000 0.88871 -0.40960 0.20595 0.00000 0.00000 -1.00000 0.79908 0.56485 0.20595 0.00000 0.00000 -1.00000 -0.08963 0.97445 0.20595 0.00000 0.00000 -1.00000 -0.88871 0.40960 0.20595 -0.00000 0.00000 -1.00000 -0.79908 -0.56485 0.20595 0.00000 0.00000 -1.00000 0.86603 0.50000 0.00000 0.86603 0.50000 -0.00000 0.00000 0.00000 -1.00000 0.00000 0.00000 1.00000 0.00000 1.00000 0.00000 0.00000 1.00000 -0.00000 0.00000 0.00000 -1.00000 0.00000 -0.00000 1.00000 -0.86603 0.50000 0.00000 -0.86603 0.50000 0.00000 0.00000 0.00000 -1.00000 0.00000 0.00000 1.00000 -0.86603 -0.50000 0.00000 -0.86603 -0.50000 0.00000 -0.00000 0.00000 -1.00000 0.00000 0.00000 1.00000 0.00000 -1.00000 0.00000 0.00000 -1.00000 0.00000 0.00000 -0.00000 -1.00000 0.00000 0.00000 1.00000 0.86603 -0.50000 0.00000 0.86603 -0.50000 0.00000 0.00000 0.00000 -1.00000 -0.00000 0.00000 1.00000 -0.07172 -0.93759 0.34026 0.00000 -0.00000 -1.00000 0.77612 -0.53091 0.34026 0.00000 0.00000 -1.00000 0.84784 0.40669 0.34026 0.00000 0.00000 -1.00000 0.07172 0.93759 0.34026 0.00000 0.00000 -1.00000 -0.77612 0.53091 0.34026 0.00000 0.00000 -1.00000 -0.84784 -0.40669 0.34026 -0.00000 0.00000 -1.00000 0.86603 0.50000 0.00000 0.86603 0.50000 -0.00000 0.00000 0.00000 -1.00000 0.00000 0.00000 1.00000 0.00000 1.00000 0.00000 0.00000 1.00000 -0.00000 0.00000 0.00000 -1.00000 0.00000 -0.00000 1.00000 -0.86603 0.50000 0.00000 -0.86603 0.50000 0.00000 0.00000 0.00000 -1.00000 0.00000 0.00000 1.00000 -0.86603 -0.50000 0.00000 -0.86603 -0.50000 0.00000 -0.00000 0.00000 -1.00000 0.00000 0.00000 1.00000 0.00000 -1.00000 0.00000 0.00000 -1.00000 0.00000 0.00000 -0.00000 -1.00000 0.00000 0.00000 1.00000 0.86603 -0.50000 0.00000 0.86603 -0.50000 0.00000 0.00000 0.00000 -1.00000 -0.00000 0.00000 1.00000 0.75188 -0.63386 0.18138 0.00000 0.00000 -1.00000 0.92488 0.33422 0.18138 0.00000 0.00000 -1.00000 0.17300 0.96808 0.18138 0.00000 0.00000 -1.00000 -0.75188 0.63386 0.18138 0.00000 0.00000 -1.00000 -0.92488 -0.33422 0.18138 -0.00000 0.00000 -1.00000 -0.17300 -0.96808 0.18138 0.00000 -0.00000 -1.00000 0.86603 0.50000 0.00000 0.86603 0.50000 -0.00000 0.00000 0.00000 -1.00000 0.00000 0.00000 1.00000 0.00000 1.00000 0.00000 0.00000 1.00000 -0.00000 0.00000 0.00000 -1.00000 0.00000 -0.00000 1.00000 -0.86603 0.50000 0.00000 -0.86603 0.50000 0.00000 0.00000 0.00000 -1.00000 0.00000 0.00000 1.00000 -0.86603 -0.50000 0.00000 -0.86603 -0.50000 0.00000 -0.00000 0.00000 -1.00000 0.00000 0.00000 1.00000 0.00000 -1.00000 0.00000 0.00000 -1.00000 0.00000 0.00000 -0.00000 -1.00000 0.00000 0.00000 1.00000 0.86603 -0.50000 0.00000 0.86603 -0.50000 0.00000 0.00000 0.00000 -1.00000 -0.00000 0.00000 1.00000 -0.47425 -0.86764 0.14929 0.00000 -0.00000 -1.00000 0.51427 -0.84453 0.14929 0.00000 0.00000 -1.00000 0.98852 0.02310 0.14929 0.00000 0.00000 -1.00000 0.47425 0.86764 0.14929 0.00000 0.00000 -1.00000 -0.51427 0.84453 0.14929 0.00000 0.00000 -1.00000 -0.98852 -0.02310 0.14929 -0.00000 0.00000 -1.00000 0.86603 0.50000 0.00000 0.86603 0.50000 -0.00000 0.00000 0.00000 -1.00000 0.00000 0.00000 1.00000 0.00000 1.00000 0.00000 0.00000 1.00000 -0.00000 0.00000 0.00000 -1.00000 0.00000 -0.00000 1.00000 -0.86603 0.50000 0.00000 -0.86603 0.50000 0.00000 0.00000 0.00000 -1.00000 0.00000 0.00000 1.00000 -0.86603 -0.50000 0.00000 -0.86603 -0.50000 0.00000 -0.00000 0.00000 -1.00000 0.00000 0.00000 1.00000 0.00000 -1.00000 0.00000 0.00000 -1.00000 0.00000 0.00000 -0.00000 -1.00000 0.00000 0.00000 1.00000 0.86603 -0.50000 0.00000 0.86603 -0.50000 0.00000 0.00000 0.00000 -1.00000 -0.00000 0.00000 1.00000 -0.72347 0.60921 0.32474 0.00000 0.00000 -1.00000 -0.88933 -0.32193 0.32474 -0.00000 0.00000 -1.00000 -0.16586 -0.93115 0.32474 0.00000 -0.00000 -1.00000 0.72347 -0.60921 0.32474 0.00000 0.00000 -1.00000 0.88933 0.32193 0.32474 0.00000 0.00000 -1.00000 0.16586 0.93115 0.32474 0.00000 0.00000 -1.00000 0.86603 0.50000 0.00000 0.86603 0.50000 -0.00000 0.00000 0.00000 -1.00000 0.00000 0.00000 1.00000 0.00000 1.00000 0.00000 0.00000 1.00000 -0.00000 0.00000 0.00000 -1.00000 0.00000 -0.00000 1.00000 -0.86603 0.50000 0.00000 -0.86603 0.50000 0.00000 0.00000 0.00000 -1.00000 0.00000 0.00000 1.00000 -0.86603 -0.50000 0.00000 -0.86603 -0.50000 0.00000 -0.00000 0.00000 -1.00000 0.00000 0.00000 1.00000 0.00000 -1.00000 0.00000 0.00000 -1.00000 0.00000 0.00000 -0.00000 -1.00000 0.00000 0.00000 1.00000 0.86603 -0.50000 0.00000 0.86603 -0.50000 0.00000 0.00000 0.00000 -1.00000 -0.00000 0.00000 1.00000 -0.83289 -0.51661 0.19851 0.00000 0.00000 -1.00000 0.03095 -0.97961 0.19851 0.00000 -0.00000 -1.00000 0.86384 -0.46300 0.19851 0.00000 0.00000 -1.00000 0.83289 0.51661 0.19851 0.00000 0.00000 -1.00000 -0.03095 0.97961 0.19851 0.00000 0.00000 -1.00000 -0.86384 0.46300 0.19851 -0.00000 0.00000 -1.00000 0.86603 0.50000 0.00000 0.86603 0.50000 -0.00000 0.00000 0.00000 -1.00000 0.00000 0.00000 1.00000 0.00000 1.00000 0.00000 0.00000 1.00000 -0.00000 0.00000 0.00000 -1.00000 0.00000 -0.00000 1.00000 -0.86603 0.50000 0.00000 -0.86603 0.50000 0.00000 0.00000 0.00000 -1.00000 0.00000 0.00000 1.00000 -0.86603 -0.50000 0.00000 -0.86603 -0.50000 0.00000 -0.00000 0.00000 -1.00000 0.00000 0.00000 1.00000 0.00000 -1.00000 0.00000 0.00000 -1.00000 0.00000 0.00000 -0.00000 -1.00000 0.00000 0.00000 1.00000 0.86603 -0.50000 0.00000 0.86603 -0.50000 0.00000 0.00000 0.00000 -1.00000 -0.00000 0.00000 1.00000 -0.67523 -0.65737 0.33456 0.00000 0.00000 -1.00000 0.23168 -0.91345 0.33456 0.00000 -0.00000 -1.00000 0.90691 -0.25608 0.33456 0.00000 0.00000 -1.00000 0.67523 0.65737 0.33456 0.00000 0.00000 -1.00000 -0.23168 0.91345 0.33456 0.00000 0.00000 -1.00000 -0.90691 0.25608 0.33456 -0.00000 0.00000 -1.00000 0.86603 0.50000 0.00000 0.86603 0.50000 -0.00000 0.00000 0.00000 -1.00000 0.00000 0.00000 1.00000 0.00000 1.00000 0.00000 0.00000 1.00000 -0.00000 0.00000 0.00000 -1.00000 0.00000 -0.00000 1.00000 -0.86603 0.50000 0.00000 -0.86603 0.50000 0.00000 0.00000 0.00000 -1.00000 0.00000 0.00000 1.00000 -0.86603 -0.50000 0.00000 -0.86603 -0.50000 0.00000 -0.00000 0.00000 -1.00000 0.00000 0.00000 1.00000 0.00000 -1.00000 0.00000 0.00000 -1.00000 0.00000 0.00000 -0.00000 -1.00000 0.00000 0.00000 1.00000 0.86603 -0.50000 0.00000 0.86603 -0.50000 0.00000 0.00000 0.00000 -1.00000 -0.00000 0.00000 1.00000 -0.60709 -0.77228 0.18714 0.00000 0.00000 -1.00000 0.36527 -0.91190 0.18714 0.00000 -0.00000 -1.00000 0.97236 -0.13962 0.18714 0.00000 0.00000 -1.00000 0.60709 0.77228 0.18714 0.00000 0.00000 -1.00000 -0.36527 0.91190 0.18714 0.00000 0.00000 -1.00000 -0.97236 0.13962 0.18714 -0.00000 0.00000 -1.00000 0.86603 0.50000 0.00000 0.86603 0.50000 -0.00000 0.00000 0.00000 -1.00000 0.00000 0.00000 1.00000 0.00000 1.00000 0.00000 0.00000 1.00000 -0.00000 0.00000 0.00000 -1.00000 0.00000 -0.00000 1.00000 -0.86603 0.50000 0.00000 -0.86603 0.50000 0.00000 0.00000 0.00000 -1.00000 0.00000 0.00000 1.00000 -0.86603 -0.50000 0.00000 -0.86603 -0.50000 0.00000 -0.00000 0.00000 -1.00000 0.00000 0.00000 1.00000 0.00000 -1.00000 0.00000 0.00000 -1.00000 0.00000 0.00000 -0.00000 -1.00000 0.00000 0.00000 1.00000 0.86603 -0.50000 0.00000 0.86603 -0.50000 0.00000 0.00000 0.00000 -1.00000 -0.00000 0.00000 1.00000 0.74230 -0.60241 0.29341 0.00000 0.00000 -1.00000 0.89285 0.34165 0.29341 0.00000 0.00000 -1.00000 0.15055 0.94406 0.29341 0.00000 0.00000 -1.00000 -0.74230 0.60241 0.29341 0.00000 0.00000 -1.00000 -0.89285 -0.34165 0.29341 -0.00000 0.00000 -1.00000 -0.15055 -0.94406 0.29341 0.00000 -0.00000 -1.00000 0.86603 0.50000 0.00000 0.86603 0.50000 -0.00000 0.00000 0.00000 -1.00000 0.00000 0.00000 1.00000 0.00000 1.00000 0.00000 0.00000 1.00000 -0.00000 0.00000 0.00000 -1.00000 0.00000 -0.00000 1.00000 -0.86603 0.50000 0.00000 -0.86603 0.50000 0.00000 0.00000 0.00000 -1.00000 0.00000 0.00000 1.00000 -0.86603 -0.50000 0.00000 -0.86603 -0.50000 0.00000 -0.00000 0.00000 -1.00000 0.00000 0.00000 1.00000 0.00000 -1.00000 0.00000 0.00000 -1.00000 0.00000 0.00000 -0.00000 -1.00000 0.00000 0.00000 1.00000 0.86603 -0.50000 0.00000 0.86603 -0.50000 0.00000 0.00000 0.00000 -1.00000 -0.00000 0.00000 1.00000 0.91709 0.33181 0.22102 0.00000 0.00000 -1.00000 0.17119 0.96013 0.22102 0.00000 0.00000 -1.00000 -0.74590 0.62832 0.22102 0.00000 0.00000 -1.00000 -0.91709 -0.33181 0.22102 -0.00000 0.00000 -1.00000 -0.17119 -0.96013 0.22102 0.00000 -0.00000 -1.00000 0.74590 -0.62832 0.22102 0.00000 0.00000 -1.00000 0.86603 0.50000 0.00000 0.86603 0.50000 -0.00000 0.00000 0.00000 -1.00000 0.00000 0.00000 1.00000 0.00000 1.00000 0.00000 0.00000 1.00000 -0.00000 0.00000 0.00000 -1.00000 0.00000 -0.00000 1.00000 -0.86603 0.50000 0.00000 -0.86603 0.50000 0.00000 0.00000 0.00000 -1.00000 0.00000 0.00000 1.00000 -0.86603 -0.50000 0.00000 -0.86603 -0.50000 0.00000 -0.00000 0.00000 -1.00000 0.00000 0.00000 1.00000 0.00000 -1.00000 0.00000 0.00000 -1.00000 0.00000 0.00000 -0.00000 -1.00000 0.00000 0.00000 1.00000 0.86603 -0.50000 0.00000 0.86603 -0.50000 0.00000 0.00000 0.00000 -1.00000 -0.00000 0.00000 1.00000 -0.07455 -0.96109 0.26600 0.00000 -0.00000 -1.00000 0.79505 -0.54510 0.26600 0.00000 0.00000 -1.00000 0.86960 0.41598 0.26600 0.00000 0.00000 -1.00000 0.07455 0.96109 0.26600 0.00000 0.00000 -1.00000 -0.79505 0.54510 0.26600 0.00000 0.00000 -1.00000 -0.86960 -0.41598 0.26600 -0.00000 0.00000 -1.00000 0.86603 0.50000 0.00000 0.86603 0.50000 -0.00000 0.00000 0.00000 -1.00000 0.00000 0.00000 1.00000 0.00000 1.00000 0.00000 0.00000 1.00000 -0.00000 0.00000 0.00000 -1.00000 0.00000 -0.00000 1.00000 -0.86603 0.50000 0.00000 -0.86603 0.50000 0.00000 0.00000 0.00000 -1.00000 0.00000 0.00000 1.00000 -0.86603 -0.50000 0.00000 -0.86603 -0.50000 0.00000 -0.00000 0.00000 -1.00000 0.00000 0.00000 1.00000 0.00000 -1.00000 0.00000 0.00000 -1.00000 0.00000 0.00000 -0.00000 -1.00000 0.00000 0.00000 1.00000 0.86603 -0.50000 0.00000 0.86603 -0.50000 0.00000 0.00000 0.00000 -1.00000 -0.00000 0.00000 1.00000 0.83701 0.53294 0.12403 0.00000 0.00000 -1.00000 -0.04303 0.99134 0.12403 0.00000 0.00000 -1.00000 -0.88005 0.45841 0.12403 -0.00000 0.00000 -1.00000 -0.83701 -0.53294 0.12403 0.00000 0.00000 -1.00000 0.04303 -0.99134 0.12403 0.00000 -0.00000 -1.00000 0.88005 -0.45841 0.12403 0.00000 0.00000 -1.00000 0.86603 0.50000 0.00000 0.86603 0.50000 -0.00000 0.00000 0.00000 -1.00000 0.00000 0.00000 1.00000 0.00000 1.00000 0.00000 0.00000 1.00000 -0.00000 0.00000 0.00000 -1.00000 0.00000 -0.00000 1.00000 -0.86603 0.50000 0.00000 -0.86603 0.50000 0.00000 0.00000 0.00000 -1.00000 0.00000 0.00000 1.00000 -0.86603 -0.50000 0.00000 -0.86603 -0.50000 0.00000 -0.00000 0.00000 -1.00000 0.00000 0.00000 1.00000 0.00000 -1.00000 0.00000 0.00000 -1.00000 0.00000 0.00000 -0.00000 -1.00000 0.00000 0.00000 1.00000 0.86603 -0.50000 0.00000 0.86603 -0.50000 0.00000 0.00000 0.00000 -1.00000 -0.00000 0.00000 1.00000 -0.53933 -0.81978 0.19255 0.00000 0.00000 -1.00000 0.44029 -0.87697 0.19255 0.00000 -0.00000 -1.00000 0.97962 -0.05719 0.19255 0.00000 0.00000 -1.00000 0.53933 0.81978 0.19255 0.00000 0.00000 -1.00000 -0.44029 0.87697 0.19255 0.00000 0.00000 -1.00000 -0.97962 0.05719 0.19255 -0.00000 0.00000 -1.00000 0.86603 0.50000 0.00000 0.86603 0.50000 -0.00000 0.00000 0.00000 -1.00000 0.00000 0.00000 1.00000 0.00000 1.00000 0.00000 0.00000 1.00000 -0.00000 0.00000 0.00000 -1.00000 0.00000 -0.00000 1.00000 -0.86603 0.50000 0.00000 -0.86603 0.50000 0.00000 0.00000 0.00000 -1.00000 0.00000 0.00000 1.00000 -0.86603 -0.50000 0.00000 -0.86603 -0.50000 0.00000 -0.00000 0.00000 -1.00000 0.00000 0.00000 1.00000 0.00000 -1.00000 0.00000 0.00000 -1.00000 0.00000 0.00000 -0.00000 -1.00000 0.00000 0.00000 1.00000 0.86603 -0.50000 0.00000 0.86603 -0.50000 0.00000 0.00000 0.00000 -1.00000 -0.00000 0.00000 1.00000 0.39493 -0.88566 0.24418 0.00000 -0.00000 -1.00000 0.96448 -0.10081 0.24418 0.00000 0.00000 -1.00000 0.56954 0.78486 0.24418 0.00000 0.00000 -1.00000 -0.39493 0.88566 0.24418 0.00000 0.00000 -1.00000 -0.96448 0.10081 0.24418 -0.00000 0.00000 -1.00000 -0.56954 -0.78486 0.24418 0.00000 0.00000 -1.00000 0.86603 0.50000 0.00000 0.86603 0.50000 -0.00000 0.00000 0.00000 -1.00000 0.00000 0.00000 1.00000 0.00000 1.00000 0.00000 0.00000 1.00000 -0.00000 0.00000 0.00000 -1.00000 0.00000 -0.00000 1.00000 -0.86603 0.50000 0.00000 -0.86603 0.50000 0.00000 0.00000 0.00000 -1.00000 0.00000 0.00000 1.00000 -0.86603 -0.50000 0.00000 -0.86603 -0.50000 0.00000 -0.00000 0.00000 -1.00000 0.00000 0.00000 1.00000 0.00000 -1.00000 0.00000 0.00000 -1.00000 0.00000 0.00000 -0.00000 -1.00000 0.00000 0.00000 1.00000 0.86603 -0.50000 0.00000 0.86603 -0.50000 0.00000 0.00000 0.00000 -1.00000 -0.00000 0.00000 1.00000 0.67820 -0.69662 0.23404 0.00000 0.00000 -1.00000 0.94239 0.23903 0.23404 0.00000 0.00000 -1.00000 0.26419 0.93564 0.23404 0.00000 0.00000 -1.00000 -0.67820 0.69662 0.23404 0.00000 0.00000 -1.00000 -0.94239 -0.23903 0.23404 -0.00000 0.00000 -1.00000 -0.26419 -0.93564 0.23404 0.00000 -0.00000 -1.00000 0.86603 0.50000 0.00000 0.86603 0.50000 -0.00000 0.00000 0.00000 -1.00000 0.00000 0.00000 1.00000 0.00000 1.00000 0.00000 0.00000 1.00000 -0.00000 0.00000 0.00000 -1.00000 0.00000 -0.00000 1.00000 -0.86603 0.50000 0.00000 -0.86603 0.50000 0.00000 0.00000 0.00000 -1.00000 0.00000 0.00000 1.00000 -0.86603 -0.50000 0.00000 -0.86603 -0.50000 0.00000 -0.00000 0.00000 -1.00000 0.00000 0.00000 1.00000 0.00000 -1.00000 0.00000 0.00000 -1.00000 0.00000 0.00000 -0.00000 -1.00000 0.00000 0.00000 1.00000 0.86603 -0.50000 0.00000 0.86603 -0.50000 0.00000 0.00000 0.00000 -1.00000 -0.00000 0.00000 1.00000 -0.11419 -0.95845 0.26140 0.00000 -0.00000 -1.00000 0.77295 -0.57812 0.26140 0.00000 0.00000 -1.00000 0.88714 0.38033 0.26140 0.00000 0.00000 -1.00000 0.11419 0.95845 0.26140 0.00000 0.00000 -1.00000 -0.77295 0.57812 0.26140 0.00000 0.00000 -1.00000 -0.88714 -0.38033 0.26140 -0.00000 0.00000 -1.00000 0.86603 0.50000 0.00000 0.86603 0.50000 -0.00000 0.00000 0.00000 -1.00000 0.00000 0.00000 1.00000 0.00000 1.00000 0.00000 0.00000 1.00000 -0.00000 0.00000 0.00000 -1.00000 0.00000 -0.00000 1.00000 -0.86603 0.50000 0.00000 -0.86603 0.50000 0.00000 0.00000 0.00000 -1.00000 0.00000 0.00000 1.00000 -0.86603 -0.50000 0.00000 -0.86603 -0.50000 0.00000 -0.00000 0.00000 -1.00000 0.00000 0.00000 1.00000 0.00000 -1.00000 0.00000 0.00000 -1.00000 0.00000 0.00000 -0.00000 -1.00000 0.00000 0.00000 1.00000 0.86603 -0.50000 0.00000 0.86603 -0.50000 0.00000 0.00000 0.00000 -1.00000 -0.00000 0.00000 1.00000 0.03333 0.98840 0.14819 0.00000 0.00000 -1.00000 -0.83931 0.52307 0.14819 0.00000 0.00000 -1.00000 -0.87264 -0.46533 0.14819 -0.00000 0.00000 -1.00000 -0.03333 -0.98840 0.14819 0.00000 -0.00000 -1.00000 0.83931 -0.52307 0.14819 0.00000 0.00000 -1.00000 0.87264 0.46533 0.14819 0.00000 0.00000 -1.00000 0.86603 0.50000 0.00000 0.86603 0.50000 -0.00000 0.00000 0.00000 -1.00000 0.00000 0.00000 1.00000 0.00000 1.00000 0.00000 0.00000 1.00000 -0.00000 0.00000 0.00000 -1.00000 0.00000 -0.00000 1.00000 -0.86603 0.50000 0.00000 -0.86603 0.50000 0.00000 0.00000 0.00000 -1.00000 0.00000 0.00000 1.00000 -0.86603 -0.50000 0.00000 -0.86603 -0.50000 0.00000 -0.00000 0.00000 -1.00000 0.00000 0.00000 1.00000 0.00000 -1.00000 0.00000 0.00000 -1.00000 0.00000 0.00000 -0.00000 -1.00000 0.00000 0.00000 1.00000 0.86603 -0.50000 0.00000 0.86603 -0.50000 0.00000 0.00000 0.00000 -1.00000 -0.00000 0.00000 1.00000 0.67078 0.65329 0.35109 0.00000 0.00000 -1.00000 -0.23038 0.90756 0.35109 0.00000 0.00000 -1.00000 -0.90116 0.25427 0.35109 -0.00000 0.00000 -1.00000 -0.67078 -0.65329 0.35109 0.00000 0.00000 -1.00000 0.23038 -0.90756 0.35109 0.00000 -0.00000 -1.00000 0.90116 -0.25427 0.35109 0.00000 0.00000 -1.00000 0.86603 0.50000 0.00000 0.86603 0.50000 -0.00000 0.00000 0.00000 -1.00000 0.00000 0.00000 1.00000 0.00000 1.00000 0.00000 0.00000 1.00000 -0.00000 0.00000 0.00000 -1.00000 0.00000 -0.00000 1.00000 -0.86603 0.50000 0.00000 -0.86603 0.50000 0.00000 0.00000 0.00000 -1.00000 0.00000 0.00000 1.00000 -0.86603 -0.50000 0.00000 -0.86603 -0.50000 0.00000 -0.00000 0.00000 -1.00000 0.00000 0.00000 1.00000 0.00000 -1.00000 0.00000 0.00000 -1.00000 0.00000 0.00000 -0.00000 -1.00000 0.00000 0.00000 1.00000 0.86603 -0.50000 0.00000 0.86603 -0.50000 0.00000 0.00000 0.00000 -1.00000 -0.00000 0.00000 1.00000 -0.79840 0.56980 0.19463 0.00000 0.00000 -1.00000 -0.89266 -0.40653 0.19463 -0.00000 0.00000 -1.00000 -0.09426 -0.97634 0.19463 0.00000 -0.00000 -1.00000 0.79840 -0.56980 0.19463 0.00000 0.00000 -1.00000 0.89266 0.40653 0.19463 0.00000 0.00000 -1.00000 0.09426 0.97634 0.19463 0.00000 0.00000 -1.00000 0.86603 0.50000 0.00000 0.86603 0.50000 -0.00000 0.00000 0.00000 -1.00000 0.00000 0.00000 1.00000 0.00000 1.00000 0.00000 0.00000 1.00000 -0.00000 0.00000 0.00000 -1.00000 0.00000 -0.00000 1.00000 -0.86603 0.50000 0.00000 -0.86603 0.50000 0.00000 0.00000 0.00000 -1.00000 0.00000 0.00000 1.00000 -0.86603 -0.50000 0.00000 -0.86603 -0.50000 0.00000 -0.00000 0.00000 -1.00000 0.00000 0.00000 1.00000 0.00000 -1.00000 0.00000 0.00000 -1.00000 0.00000 0.00000 -0.00000 -1.00000 0.00000 0.00000 1.00000 0.86603 -0.50000 0.00000 0.86603 -0.50000 0.00000 0.00000 0.00000 -1.00000 -0.00000 0.00000 1.00000 -0.67231 -0.72543 0.14751 0.00000 0.00000 -1.00000 0.29208 -0.94495 0.14751 0.00000 -0.00000 -1.00000 0.96439 -0.21952 0.14751 0.00000 0.00000 -1.00000 0.67231 0.72543 0.14751 0.00000 0.00000 -1.00000 -0.29208 0.94495 0.14751 0.00000 0.00000 -1.00000 -0.96439 0.21952 0.14751 -0.00000 0.00000 -1.00000 0.86603 0.50000 0.00000 0.86603 0.50000 -0.00000 0.00000 0.00000 -1.00000 0.00000 0.00000 1.00000 0.00000 1.00000 0.00000 0.00000 1.00000 -0.00000 0.00000 0.00000 -1.00000 0.00000 -0.00000 1.00000 -0.86603 0.50000 0.00000 -0.86603 0.50000 0.00000 0.00000 0.00000 -1.00000 0.00000 0.00000 1.00000 -0.86603 -0.50000 0.00000 -0.86603 -0.50000 0.00000 -0.00000 0.00000 -1.00000 0.00000 0.00000 1.00000 0.00000 -1.00000 0.00000 0.00000 -1.00000 0.00000 0.00000 -0.00000 -1.00000 0.00000 0.00000 1.00000 0.86603 -0.50000 0.00000 0.86603 -0.50000 0.00000 0.00000 0.00000 -1.00000 -0.00000 0.00000 1.00000 0.05000 -0.96564 0.25504 0.00000 -0.00000 -1.00000 0.86127 -0.43952 0.25504 0.00000 0.00000 -1.00000 0.81127 0.52612 0.25504 0.00000 0.00000 -1.00000 -0.05000 0.96564 0.25504 0.00000 0.00000 -1.00000 -0.86127 0.43952 0.25504 -0.00000 0.00000 -1.00000 -0.81127 -0.52612 0.25504 0.00000 0.00000 -1.00000 0.86603 0.50000 0.00000 0.86603 0.50000 -0.00000 0.00000 0.00000 -1.00000 0.00000 0.00000 1.00000 0.00000 1.00000 0.00000 0.00000 1.00000 -0.00000 0.00000 0.00000 -1.00000 0.00000 -0.00000 1.00000 -0.86603 0.50000 0.00000 -0.86603 0.50000 0.00000 0.00000 0.00000 -1.00000 0.00000 0.00000 1.00000 -0.86603 -0.50000 0.00000 -0.86603 -0.50000 0.00000 -0.00000 0.00000 -1.00000 0.00000 0.00000 1.00000 0.00000 -1.00000 0.00000 0.00000 -1.00000 0.00000 0.00000 -0.00000 -1.00000 0.00000 0.00000 1.00000 0.86603 -0.50000 0.00000 0.86603 -0.50000 0.00000 0.00000 0.00000 -1.00000 -0.00000 0.00000 1.00000 0.11129 0.92917 0.35251 0.00000 0.00000 -1.00000 -0.74904 0.56096 0.35251 0.00000 0.00000 -1.00000 -0.86033 -0.36821 0.35251 -0.00000 0.00000 -1.00000 -0.11129 -0.92917 0.35251 0.00000 -0.00000 -1.00000 0.74904 -0.56096 0.35251 0.00000 0.00000 -1.00000 0.86033 0.36821 0.35251 0.00000 0.00000 -1.00000 0.86603 0.50000 0.00000 0.86603 0.50000 -0.00000 0.00000 0.00000 -1.00000 0.00000 0.00000 1.00000 0.00000 1.00000 0.00000 0.00000 1.00000 -0.00000 0.00000 0.00000 -1.00000 0.00000 -0.00000 1.00000 -0.86603 0.50000 0.00000 -0.86603 0.50000 0.00000 0.00000 0.00000 -1.00000 0.00000 0.00000 1.00000 -0.86603 -0.50000 0.00000 -0.86603 -0.50000 0.00000 -0.00000 0.00000 -1.00000 0.00000 0.00000 1.00000 0.00000 -1.00000 0.00000 0.00000 -1.00000 0.00000 0.00000 -0.00000 -1.00000 0.00000 0.00000 1.00000 0.86603 -0.50000 0.00000 0.86603 -0.50000 0.00000 0.00000 0.00000 -1.00000 -0.00000 0.00000 1.00000 0.05484 0.98166 0.18259 0.00000 0.00000 -1.00000 -0.82272 0.53832 0.18259 0.00000 0.00000 -1.00000 -0.87756 -0.44334 0.18259 -0.00000 0.00000 -1.00000 -0.05484 -0.98166 0.18259 0.00000 -0.00000 -1.00000 0.82272 -0.53832 0.18259 0.00000 0.00000 -1.00000 0.87756 0.44334 0.18259 0.00000 0.00000 -1.00000 0.86603 0.50000 0.00000 0.86603 0.50000 -0.00000 0.00000 0.00000 -1.00000 0.00000 0.00000 1.00000 0.00000 1.00000 0.00000 0.00000 1.00000 -0.00000 0.00000 0.00000 -1.00000 0.00000 -0.00000 1.00000 -0.86603 0.50000 0.00000 -0.86603 0.50000 0.00000 0.00000 0.00000 -1.00000 0.00000 0.00000 1.00000 -0.86603 -0.50000 0.00000 -0.86603 -0.50000 0.00000 -0.00000 0.00000 -1.00000 0.00000 0.00000 1.00000 0.00000 -1.00000 0.00000 0.00000 -1.00000 0.00000 0.00000 -0.00000 -1.00000 0.00000 0.00000 1.00000 0.86603 -0.50000 0.00000 0.86603 -0.50000 0.00000 0.00000 0.00000 -1.00000 -0.00000 0.00000 1.00000 -0.04064 0.97051 0.23760 0.00000 0.00000 -1.00000 -0.86081 0.45006 0.23760 -0.00000 0.00000 -1.00000 -0.82017 -0.52045 0.23760 0.00000 0.00000 -1.00000 0.04064 -0.97051 0.23760 0.00000 -0.00000 -1.00000 0.86081 -0.45006 0.23760 0.00000 0.00000 -1.00000 0.82017 0.52045 0.23760 0.00000 0.00000 -1.00000 0.86603 0.50000 0.00000 0.86603 0.50000 -0.00000 0.00000 0.00000 -1.00000 0.00000 0.00000 1.00000 0.00000 1.00000 0.00000 0.00000 1.00000 -0.00000 0.00000 0.00000 -1.00000 0.00000 -0.00000 1.00000 -0.86603 0.50000 0.00000 -0.86603 0.50000 0.00000 0.00000 0.00000 -1.00000 0.00000 0.00000 1.00000 -0.86603 -0.50000 0.00000 -0.86603 -0.50000 0.00000 -0.00000 0.00000 -1.00000 0.00000 0.00000 1.00000 0.00000 -1.00000 0.00000 0.00000 -1.00000 0.00000 0.00000 -0.00000 -1.00000 0.00000 0.00000 1.00000 0.86603 -0.50000 0.00000 0.86603 -0.50000 0.00000 0.00000 0.00000 -1.00000 -0.00000 0.00000 1.00000 0.94447 -0.10264 0.31216 0.00000 0.00000 -1.00000 0.56112 0.76661 0.31216 0.00000 0.00000 -1.00000 -0.38334 0.86925 0.31216 0.00000 0.00000 -1.00000 -0.94447 0.10264 0.31216 -0.00000 0.00000 -1.00000 -0.56112 -0.76661 0.31216 0.00000 0.00000 -1.00000 0.38334 -0.86925 0.31216 0.00000 -0.00000 -1.00000 0.86603 0.50000 0.00000 0.86603 0.50000 -0.00000 0.00000 0.00000 -1.00000 0.00000 0.00000 1.00000 0.00000 1.00000 0.00000 0.00000 1.00000 -0.00000 0.00000 0.00000 -1.00000 0.00000 -0.00000 1.00000 -0.86603 0.50000 0.00000 -0.86603 0.50000 0.00000 0.00000 0.00000 -1.00000 0.00000 0.00000 1.00000 -0.86603 -0.50000 0.00000 -0.86603 -0.50000 0.00000 -0.00000 0.00000 -1.00000 0.00000 0.00000 1.00000 0.00000 -1.00000 0.00000 0.00000 -1.00000 0.00000 0.00000 -0.00000 -1.00000 0.00000 0.00000 1.00000 0.86603 -0.50000 0.00000 0.86603 -0.50000 0.00000 0.00000 0.00000 -1.00000 -0.00000 0.00000 1.00000 -0.10927 -0.98000 0.16629 0.00000 -0.00000 -1.00000 0.79407 -0.58463 0.16629 0.00000 0.00000 -1.00000 0.90334 0.39537 0.16629 0.00000 0.00000 -1.00000 0.10927 0.98000 0.16629 0.00000 0.00000 -1.00000 -0.79407 0.58463 0.16629 0.00000 0.00000 -1.00000 -0.90334 -0.39537 0.16629 -0.00000 0.00000 -1.00000 0.86603 0.50000 0.00000 0.86603 0.50000 -0.00000 0.00000 0.00000 -1.00000 0.00000 0.00000 1.00000 0.00000 1.00000 0.00000 0.00000 1.00000 -0.00000 0.00000 0.00000 -1.00000 0.00000 -0.00000 1.00000 -0.86603 0.50000 0.00000 -0.86603 0.50000 0.00000 0.00000 0.00000 -1.00000 0.00000 0.00000 1.00000 -0.86603 -0.50000 0.00000 -0.86603 -0.50000 0.00000 -0.00000 0.00000 -1.00000 0.00000 0.00000 1.00000 0.00000 -1.00000 0.00000 0.00000 -1.00000 0.00000 0.00000 -0.00000 -1.00000 0.00000 0.00000 1.00000 0.86603 -0.50000 0.00000 0.86603 -0.50000 0.00000 0.00000 0.00000 -1.00000 -0.00000 0.00000 1.00000 -0.06489 0.97391 0.21747 0.00000 0.00000 -1.00000 -0.87588 0.43076 0.21747 -0.00000 0.00000 -1.00000 -0.81098 -0.54315 0.21747 0.00000 0.00000 -1.00000 0.06489 -0.97391 0.21747 0.00000 -0.00000 -1.00000 0.87588 -0.43076 0.21747 0.00000 0.00000 -1.00000 0.81098 0.54315 0.21747 0.00000 0.00000 -1.00000 0.86603 0.50000 0.00000 0.86603 0.50000 -0.00000 0.00000 0.00000 -1.00000 0.00000 0.00000 1.00000 0.00000 1.00000 0.00000 0.00000 1.00000 -0.00000 0.00000 0.00000 -1.00000 0.00000 -0.00000 1.00000 -0.86603 0.50000 0.00000 -0.86603 0.50000 0.00000 0.00000 0.00000 -1.00000 0.00000 0.00000 1.00000 -0.86603 -0.50000 0.00000 -0.86603 -0.50000 0.00000 -0.00000 0.00000 -1.00000 0.00000 0.00000 1.00000 0.00000 -1.00000 0.00000 0.00000 -1.00000 0.00000 0.00000 -0.00000 -1.00000 0.00000 0.00000 1.00000 0.86603 -0.50000 0.00000 0.86603 -0.50000 0.00000 0.00000 0.00000 -1.00000 -0.00000 0.00000 1.00000 0.80811 -0.51089 0.29317 0.00000 0.00000 -1.00000 0.84650 0.44440 0.29317 0.00000 0.00000 -1.00000 0.03839 0.95529 0.29317 0.00000 0.00000 -1.00000 -0.80811 0.51089 0.29317 0.00000 0.00000 -1.00000 -0.84650 -0.44440 0.29317 -0.00000 0.00000 -1.00000 -0.03839 -0.95529 0.29317 0.00000 -0.00000 -1.00000 0.86603 0.50000 0.00000 0.86603 0.50000 -0.00000 0.00000 0.00000 -1.00000 0.00000 0.00000 1.00000 0.00000 1.00000 0.00000 0.00000 1.00000 -0.00000 0.00000 0.00000 -1.00000 0.00000 -0.00000 1.00000 -0.86603 0.50000 0.00000 -0.86603 0.50000 0.00000 0.00000 0.00000 -1.00000 0.00000 0.00000 1.00000 -0.86603 -0.50000 0.00000 -0.86603 -0.50000 0.00000 -0.00000 0.00000 -1.00000 0.00000 0.00000 1.00000 0.00000 -1.00000 0.00000 0.00000 -1.00000 0.00000 0.00000 -0.00000 -1.00000 0.00000 0.00000 1.00000 0.86603 -0.50000 0.00000 0.86603 -0.50000 0.00000 0.00000 0.00000 -1.00000 -0.00000 0.00000 1.00000 0.19720 -0.95682 0.21354 0.00000 -0.00000 -1.00000 0.92724 -0.30763 0.21354 0.00000 0.00000 -1.00000 0.73003 0.64920 0.21354 0.00000 0.00000 -1.00000 -0.19720 0.95682 0.21354 0.00000 0.00000 -1.00000 -0.92724 0.30763 0.21354 -0.00000 0.00000 -1.00000 -0.73003 -0.64920 0.21354 0.00000 0.00000 -1.00000 0.86603 0.50000 0.00000 0.86603 0.50000 -0.00000 0.00000 0.00000 -1.00000 0.00000 0.00000 1.00000 0.00000 1.00000 0.00000 0.00000 1.00000 -0.00000 0.00000 0.00000 -1.00000 0.00000 -0.00000 1.00000 -0.86603 0.50000 0.00000 -0.86603 0.50000 0.00000 0.00000 0.00000 -1.00000 0.00000 0.00000 1.00000 -0.86603 -0.50000 0.00000 -0.86603 -0.50000 0.00000 -0.00000 0.00000 -1.00000 0.00000 0.00000 1.00000 0.00000 -1.00000 0.00000 0.00000 -1.00000 0.00000 0.00000 -0.00000 -1.00000 0.00000 0.00000 1.00000 0.86603 -0.50000 0.00000 0.86603 -0.50000 0.00000 0.00000 0.00000 -1.00000 -0.00000 0.00000 1.00000 -0.93802 -0.25542 0.23425 -0.00000 0.00000 -1.00000 -0.24781 -0.94006 0.23425 0.00000 -0.00000 -1.00000 0.69021 -0.68464 0.23425 0.00000 0.00000 -1.00000 0.93802 0.25542 0.23425 0.00000 0.00000 -1.00000 0.24781 0.94006 0.23425 0.00000 0.00000 -1.00000 -0.69021 0.68464 0.23425 0.00000 0.00000 -1.00000 0.86603 0.50000 0.00000 0.86603 0.50000 -0.00000 0.00000 0.00000 -1.00000 0.00000 0.00000 1.00000 0.00000 1.00000 0.00000 0.00000 1.00000 -0.00000 0.00000 0.00000 -1.00000 0.00000 -0.00000 1.00000 -0.86603 0.50000 0.00000 -0.86603 0.50000 0.00000 0.00000 0.00000 -1.00000 0.00000 0.00000 1.00000 -0.86603 -0.50000 0.00000 -0.86603 -0.50000 0.00000 -0.00000 0.00000 -1.00000 0.00000 0.00000 1.00000 0.00000 -1.00000 0.00000 0.00000 -1.00000 0.00000 0.00000 -0.00000 -1.00000 0.00000 0.00000 1.00000 0.86603 -0.50000 0.00000 0.86603 -0.50000 0.00000 0.00000 0.00000 -1.00000 -0.00000 0.00000 1.00000 0.75615 -0.59327 0.27617 0.00000 0.00000 -1.00000 0.89186 0.35821 0.27617 0.00000 0.00000 -1.00000 0.13571 0.95148 0.27617 0.00000 0.00000 -1.00000 -0.75615 0.59327 0.27617 0.00000 0.00000 -1.00000 -0.89186 -0.35821 0.27617 -0.00000 0.00000 -1.00000 -0.13571 -0.95148 0.27617 0.00000 -0.00000 -1.00000 0.86603 0.50000 0.00000 0.86603 0.50000 -0.00000 0.00000 0.00000 -1.00000 0.00000 0.00000 1.00000 0.00000 1.00000 0.00000 0.00000 1.00000 -0.00000 0.00000 0.00000 -1.00000 0.00000 -0.00000 1.00000 -0.86603 0.50000 0.00000 -0.86603 0.50000 0.00000 0.00000 0.00000 -1.00000 0.00000 0.00000 1.00000 -0.86603 -0.50000 0.00000 -0.86603 -0.50000 0.00000 -0.00000 0.00000 -1.00000 0.00000 0.00000 1.00000 0.00000 -1.00000 0.00000 0.00000 -1.00000 0.00000 0.00000 -0.00000 -1.00000 0.00000 0.00000 1.00000 0.86603 -0.50000 0.00000 0.86603 -0.50000 0.00000 0.00000 0.00000 -1.00000 -0.00000 0.00000 1.00000 0.96697 0.18171 0.17876 0.00000 0.00000 -1.00000 0.32612 0.92827 0.17876 0.00000 0.00000 -1.00000 -0.64085 0.74656 0.17876 0.00000 0.00000 -1.00000 -0.96697 -0.18171 0.17876 -0.00000 0.00000 -1.00000 -0.32612 -0.92827 0.17876 0.00000 -0.00000 -1.00000 0.64085 -0.74656 0.17876 0.00000 0.00000 -1.00000 0.86603 0.50000 0.00000 0.86603 0.50000 -0.00000 0.00000 0.00000 -1.00000 0.00000 0.00000 1.00000 0.00000 1.00000 0.00000 0.00000 1.00000 -0.00000 0.00000 0.00000 -1.00000 0.00000 -0.00000 1.00000 -0.86603 0.50000 0.00000 -0.86603 0.50000 0.00000 0.00000 0.00000 -1.00000 0.00000 0.00000 1.00000 -0.86603 -0.50000 0.00000 -0.86603 -0.50000 0.00000 -0.00000 0.00000 -1.00000 0.00000 0.00000 1.00000 0.00000 -1.00000 0.00000 0.00000 -1.00000 0.00000 0.00000 -0.00000 -1.00000 0.00000 0.00000 1.00000 0.86603 -0.50000 0.00000 0.86603 -0.50000 0.00000 0.00000 0.00000 -1.00000 -0.00000 0.00000 1.00000 -0.22370 -0.94373 0.24358 0.00000 -0.00000 -1.00000 0.70545 -0.66559 0.24358 0.00000 0.00000 -1.00000 0.92914 0.27814 0.24358 0.00000 0.00000 -1.00000 0.22370 0.94373 0.24358 0.00000 0.00000 -1.00000 -0.70545 0.66559 0.24358 0.00000 0.00000 -1.00000 -0.92914 -0.27814 0.24358 -0.00000 0.00000 -1.00000 0.86603 0.50000 0.00000 0.86603 0.50000 -0.00000 0.00000 0.00000 -1.00000 0.00000 0.00000 1.00000 0.00000 1.00000 0.00000 0.00000 1.00000 -0.00000 0.00000 0.00000 -1.00000 0.00000 -0.00000 1.00000 -0.86603 0.50000 0.00000 -0.86603 0.50000 0.00000 0.00000 0.00000 -1.00000 0.00000 0.00000 1.00000 -0.86603 -0.50000 0.00000 -0.86603 -0.50000 0.00000 -0.00000 0.00000 -1.00000 0.00000 0.00000 1.00000 0.00000 -1.00000 0.00000 0.00000 -1.00000 0.00000 0.00000 -0.00000 -1.00000 0.00000 0.00000 1.00000 0.86603 -0.50000 0.00000 0.86603 -0.50000 0.00000 0.00000 0.00000 -1.00000 -0.00000 0.00000 1.00000 -0.21837 -0.95992 0.17569 0.00000 -0.00000 -1.00000 0.72213 -0.66908 0.17569 0.00000 0.00000 -1.00000 0.94050 0.29084 0.17569 0.00000 0.00000 -1.00000 0.21837 0.95992 0.17569 0.00000 0.00000 -1.00000 -0.72213 0.66908 0.17569 0.00000 0.00000 -1.00000 -0.94050 -0.29084 0.17569 -0.00000 0.00000 -1.00000 0.86603 0.50000 0.00000 0.86603 0.50000 -0.00000 0.00000 0.00000 -1.00000 0.00000 0.00000 1.00000 0.00000 1.00000 0.00000 0.00000 1.00000 -0.00000 0.00000 0.00000 -1.00000 0.00000 -0.00000 1.00000 -0.86603 0.50000 0.00000 -0.86603 0.50000 0.00000 0.00000 0.00000 -1.00000 0.00000 0.00000 1.00000 -0.86603 -0.50000 0.00000 -0.86603 -0.50000 0.00000 -0.00000 0.00000 -1.00000 0.00000 0.00000 1.00000 0.00000 -1.00000 0.00000 0.00000 -1.00000 0.00000 0.00000 -0.00000 -1.00000 0.00000 0.00000 1.00000 0.86603 -0.50000 0.00000 0.86603 -0.50000 0.00000 0.00000 0.00000 -1.00000 -0.00000 0.00000 1.00000 0.07234 0.96530 0.25092 0.00000 0.00000 -1.00000 -0.79981 0.54530 0.25092 0.00000 0.00000 -1.00000 -0.87214 -0.42000 0.25092 -0.00000 0.00000 -1.00000 -0.07234 -0.96530 0.25092 0.00000 -0.00000 -1.00000 0.79981 -0.54530 0.25092 0.00000 0.00000 -1.00000 0.87214 0.42000 0.25092 0.00000 0.00000 -1.00000 0.86603 0.50000 0.00000 0.86603 0.50000 -0.00000 0.00000 0.00000 -1.00000 0.00000 0.00000 1.00000 0.00000 1.00000 0.00000 0.00000 1.00000 -0.00000 0.00000 0.00000 -1.00000 0.00000 -0.00000 1.00000 -0.86603 0.50000 0.00000 -0.86603 0.50000 0.00000 0.00000 0.00000 -1.00000 0.00000 0.00000 1.00000 -0.86603 -0.50000 0.00000 -0.86603 -0.50000 0.00000 -0.00000 0.00000 -1.00000 0.00000 0.00000 1.00000 0.00000 -1.00000 0.00000 0.00000 -1.00000 0.00000 0.00000 -0.00000 -1.00000 0.00000 0.00000 1.00000 0.86603 -0.50000 0.00000 0.86603 -0.50000 0.00000 0.00000 0.00000 -1.00000 -0.00000 0.00000 1.00000 0.56207 -0.79551 0.22636 0.00000 0.00000 -1.00000 0.96997 0.08901 0.22636 0.00000 0.00000 -1.00000 0.40790 0.88452 0.22636 0.00000 0.00000 -1.00000 -0.56207 0.79551 0.22636 0.00000 0.00000 -1.00000 -0.96997 -0.08901 0.22636 -0.00000 0.00000 -1.00000 -0.40790 -0.88452 0.22636 0.00000 -0.00000 -1.00000 0.86603 0.50000 0.00000 0.86603 0.50000 -0.00000 0.00000 0.00000 -1.00000 0.00000 0.00000 1.00000 0.00000 1.00000 0.00000 0.00000 1.00000 -0.00000 0.00000 0.00000 -1.00000 0.00000 -0.00000 1.00000 -0.86603 0.50000 0.00000 -0.86603 0.50000 0.00000 0.00000 0.00000 -1.00000 0.00000 0.00000 1.00000 -0.86603 -0.50000 0.00000 -0.86603 -0.50000 0.00000 -0.00000 0.00000 -1.00000 0.00000 0.00000 1.00000 0.00000 -1.00000 0.00000 0.00000 -1.00000 0.00000 0.00000 -0.00000 -1.00000 0.00000 0.00000 1.00000 0.86603 -0.50000 0.00000 0.86603 -0.50000 0.00000 0.00000 0.00000 -1.00000 -0.00000 0.00000 1.00000 0.55596 0.80943 0.18903 0.00000 0.00000 -1.00000 -0.42301 0.88619 0.18903 0.00000 0.00000 -1.00000 -0.97897 0.07676 0.18903 -0.00000 0.00000 -1.00000 -0.55596 -0.80943 0.18903 0.00000 0.00000 -1.00000 0.42301 -0.88619 0.18903 0.00000 -0.00000 -1.00000 0.97897 -0.07676 0.18903 0.00000 0.00000 -1.00000 0.86603 0.50000 0.00000 0.86603 0.50000 -0.00000 0.00000 0.00000 -1.00000 0.00000 0.00000 1.00000 0.00000 1.00000 0.00000 0.00000 1.00000 -0.00000 0.00000 0.00000 -1.00000 0.00000 -0.00000 1.00000 -0.86603 0.50000 0.00000 -0.86603 0.50000 0.00000 0.00000 0.00000 -1.00000 0.00000 0.00000 1.00000 -0.86603 -0.50000 0.00000 -0.86603 -0.50000 0.00000 -0.00000 0.00000 -1.00000 0.00000 0.00000 1.00000 0.00000 -1.00000 0.00000 0.00000 -1.00000 0.00000 0.00000 -0.00000 -1.00000 0.00000 0.00000 1.00000 0.86603 -0.50000 0.00000 0.86603 -0.50000 0.00000 0.00000 0.00000 -1.00000 -0.00000 0.00000 1.00000 -0.34118 -0.93161 0.12528 0.00000 -0.00000 -1.00000 0.63621 -0.76128 0.12528 0.00000 0.00000 -1.00000 0.97739 0.17034 0.12528 0.00000 0.00000 -1.00000 0.34118 0.93161 0.12528 0.00000 0.00000 -1.00000 -0.63621 0.76128 0.12528 0.00000 0.00000 -1.00000 -0.97739 -0.17034 0.12528 -0.00000 0.00000 -1.00000 0.86603 0.50000 0.00000 0.86603 0.50000 -0.00000 0.00000 0.00000 -1.00000 0.00000 0.00000 1.00000 0.00000 1.00000 0.00000 0.00000 1.00000 -0.00000 0.00000 0.00000 -1.00000 0.00000 -0.00000 1.00000 -0.86603 0.50000 0.00000 -0.86603 0.50000 0.00000 0.00000 0.00000 -1.00000 0.00000 0.00000 1.00000 -0.86603 -0.50000 0.00000 -0.86603 -0.50000 0.00000 -0.00000 0.00000 -1.00000 0.00000 0.00000 1.00000 0.00000 -1.00000 0.00000 0.00000 -1.00000 0.00000 0.00000 -0.00000 -1.00000 0.00000 0.00000 1.00000 0.86603 -0.50000 0.00000 0.86603 -0.50000 0.00000 0.00000 0.00000 -1.00000 -0.00000 0.00000 1.00000 -0.76504 -0.62096 0.17065 0.00000 0.00000 -1.00000 0.15524 -0.97302 0.17065 0.00000 -0.00000 -1.00000 0.92029 -0.35207 0.17065 0.00000 0.00000 -1.00000 0.76504 0.62096 0.17065 0.00000 0.00000 -1.00000 -0.15524 0.97302 0.17065 0.00000 0.00000 -1.00000 -0.92029 0.35207 0.17065 -0.00000 0.00000 -1.00000 0.86603 0.50000 0.00000 0.86603 0.50000 -0.00000 0.00000 0.00000 -1.00000 0.00000 0.00000 1.00000 0.00000 1.00000 0.00000 0.00000 1.00000 -0.00000 0.00000 0.00000 -1.00000 0.00000 -0.00000 1.00000 -0.86603 0.50000 0.00000 -0.86603 0.50000 0.00000 0.00000 0.00000 -1.00000 0.00000 0.00000 1.00000 -0.86603 -0.50000 0.00000 -0.86603 -0.50000 0.00000 -0.00000 0.00000 -1.00000 0.00000 0.00000 1.00000 0.00000 -1.00000 0.00000 0.00000 -1.00000 0.00000 0.00000 -0.00000 -1.00000 0.00000 0.00000 1.00000 0.86603 -0.50000 0.00000 0.86603 -0.50000 0.00000 0.00000 0.00000 -1.00000 -0.00000 0.00000 1.00000 -0.77809 -0.57069 0.26246 0.00000 0.00000 -1.00000 0.10519 -0.95919 0.26246 0.00000 -0.00000 -1.00000 0.88328 -0.38850 0.26246 0.00000 0.00000 -1.00000 0.77809 0.57069 0.26246 0.00000 0.00000 -1.00000 -0.10519 0.95919 0.26246 0.00000 0.00000 -1.00000 -0.88328 0.38850 0.26246 -0.00000 0.00000 -1.00000 0.86603 0.50000 0.00000 0.86603 0.50000 -0.00000 0.00000 0.00000 -1.00000 0.00000 0.00000 1.00000 0.00000 1.00000 0.00000 0.00000 1.00000 -0.00000 0.00000 0.00000 -1.00000 0.00000 -0.00000 1.00000 -0.86603 0.50000 0.00000 -0.86603 0.50000 0.00000 0.00000 0.00000 -1.00000 0.00000 0.00000 1.00000 -0.86603 -0.50000 0.00000 -0.86603 -0.50000 0.00000 -0.00000 0.00000 -1.00000 0.00000 0.00000 1.00000 0.00000 -1.00000 0.00000 0.00000 -1.00000 0.00000 0.00000 -0.00000 -1.00000 0.00000 0.00000 1.00000 0.86603 -0.50000 0.00000 0.86603 -0.50000 0.00000 0.00000 0.00000 -1.00000 -0.00000 0.00000 1.00000 -0.07050 0.97743 0.19916 0.00000 0.00000 -1.00000 -0.88173 0.42766 0.19916 -0.00000 0.00000 -1.00000 -0.81123 -0.54977 0.19916 0.00000 0.00000 -1.00000 0.07050 -0.97743 0.19916 0.00000 -0.00000 -1.00000 0.88173 -0.42766 0.19916 0.00000 0.00000 -1.00000 0.81123 0.54977 0.19916 0.00000 0.00000 -1.00000 0.86603 0.50000 0.00000 0.86603 0.50000 -0.00000 0.00000 0.00000 -1.00000 0.00000 0.00000 1.00000 0.00000 1.00000 0.00000 0.00000 1.00000 -0.00000 0.00000 0.00000 -1.00000 0.00000 -0.00000 1.00000 -0.86603 0.50000 0.00000 -0.86603 0.50000 0.00000 0.00000 0.00000 -1.00000 0.00000 0.00000 1.00000 -0.86603 -0.50000 0.00000 -0.86603 -0.50000 0.00000 -0.00000 0.00000 -1.00000 0.00000 0.00000 1.00000 0.00000 -1.00000 0.00000 0.00000 -1.00000 0.00000 0.00000 -0.00000 -1.00000 0.00000 0.00000 1.00000 0.86603 -0.50000 0.00000 0.86603 -0.50000 0.00000 0.00000 0.00000 -1.00000 -0.00000 0.00000 1.00000 0.78842 0.50940 0.34483 0.00000 0.00000 -1.00000 -0.04695 0.93749 0.34483 0.00000 0.00000 -1.00000 -0.83536 0.42809 0.34483 -0.00000 0.00000 -1.00000 -0.78842 -0.50940 0.34483 0.00000 0.00000 -1.00000 0.04695 -0.93749 0.34483 0.00000 -0.00000 -1.00000 0.83536 -0.42809 0.34483 0.00000 0.00000 -1.00000 0.86603 0.50000 0.00000 0.86603 0.50000 -0.00000 0.00000 0.00000 -1.00000 0.00000 0.00000 1.00000 0.00000 1.00000 0.00000 0.00000 1.00000 -0.00000 0.00000 0.00000 -1.00000 0.00000 -0.00000 1.00000 -0.86603 0.50000 0.00000 -0.86603 0.50000 0.00000 0.00000 0.00000 -1.00000 0.00000 0.00000 1.00000 -0.86603 -0.50000 0.00000 -0.86603 -0.50000 0.00000 -0.00000 0.00000 -1.00000 0.00000 0.00000 1.00000 0.00000 -1.00000 0.00000 0.00000 -1.00000 0.00000 0.00000 -0.00000 -1.00000 0.00000 0.00000 1.00000 0.86603 -0.50000 0.00000 0.86603 -0.50000 0.00000 0.00000 0.00000 -1.00000 -0.00000 0.00000 1.00000 -0.54212 0.82751 0.14605 0.00000 0.00000 -1.00000 -0.98771 -0.05573 0.14605 -0.00000 0.00000 -1.00000 -0.44559 -0.88324 0.14605 0.00000 -0.00000 -1.00000 0.54212 -0.82751 0.14605 0.00000 0.00000 -1.00000 0.98771 0.05573 0.14605 0.00000 0.00000 -1.00000 0.44559 0.88324 0.14605 0.00000 0.00000 -1.00000 0.86603 0.50000 0.00000 0.86603 0.50000 -0.00000 0.00000 0.00000 -1.00000 0.00000 0.00000 1.00000 0.00000 1.00000 0.00000 0.00000 1.00000 -0.00000 0.00000 0.00000 -1.00000 0.00000 -0.00000 1.00000 -0.86603 0.50000 0.00000 -0.86603 0.50000 0.00000 0.00000 0.00000 -1.00000 0.00000 0.00000 1.00000 -0.86603 -0.50000 0.00000 -0.86603 -0.50000 0.00000 -0.00000 0.00000 -1.00000 0.00000 0.00000 1.00000 0.00000 -1.00000 0.00000 0.00000 -1.00000 0.00000 0.00000 -0.00000 -1.00000 0.00000 0.00000 1.00000 0.86603 -0.50000 0.00000 0.86603 -0.50000 0.00000 0.00000 0.00000 -1.00000 -0.00000 0.00000 1.00000 0.95781 0.04263 0.28421 0.00000 0.00000 -1.00000 0.44199 0.85080 0.28421 0.00000 0.00000 -1.00000 -0.51582 0.80818 0.28421 0.00000 0.00000 -1.00000 -0.95781 -0.04263 0.28421 -0.00000 0.00000 -1.00000 -0.44199 -0.85080 0.28421 0.00000 -0.00000 -1.00000 0.51582 -0.80818 0.28421 0.00000 0.00000 -1.00000 0.86603 0.50000 0.00000 0.86603 0.50000 -0.00000 0.00000 0.00000 -1.00000 0.00000 0.00000 1.00000 0.00000 1.00000 0.00000 0.00000 1.00000 -0.00000 0.00000 0.00000 -1.00000 0.00000 -0.00000 1.00000 -0.86603 0.50000 0.00000 -0.86603 0.50000 0.00000 0.00000 0.00000 -1.00000 0.00000 0.00000 1.00000 -0.86603 -0.50000 0.00000 -0.86603 -0.50000 0.00000 -0.00000 0.00000 -1.00000 0.00000 0.00000 1.00000 0.00000 -1.00000 0.00000 0.00000 -1.00000 0.00000 0.00000 -0.00000 -1.00000 0.00000 0.00000 1.00000 0.86603 -0.50000 0.00000 0.86603 -0.50000 0.00000 0.00000 0.00000 -1.00000 -0.00000 0.00000 1.00000 0.96179 -0.06367 0.26629 0.00000 0.00000 -1.00000 0.53603 0.80110 0.26629 0.00000 0.00000 -1.00000 -0.42576 0.86477 0.26629 0.00000 0.00000 -1.00000 -0.96179 0.06367 0.26629 -0.00000 0.00000 -1.00000 -0.53603 -0.80110 0.26629 0.00000 0.00000 -1.00000 0.42576 -0.86477 0.26629 0.00000 -0.00000 -1.00000 0.86603 0.50000 0.00000 0.86603 0.50000 -0.00000 0.00000 0.00000 -1.00000 0.00000 0.00000 1.00000 0.00000 1.00000 0.00000 0.00000 1.00000 -0.00000 0.00000 0.00000 -1.00000 0.00000 -0.00000 1.00000 -0.86603 0.50000 0.00000 -0.86603 0.50000 0.00000 0.00000 0.00000 -1.00000 0.00000 0.00000 1.00000 -0.86603 -0.50000 0.00000 -0.86603 -0.50000 0.00000 -0.00000 0.00000 -1.00000 0.00000 0.00000 1.00000 0.00000 -1.00000 0.00000 0.00000 -1.00000 0.00000 0.00000 -0.00000 -1.00000 0.00000 0.00000 1.00000 0.86603 -0.50000 0.00000 0.86603 -0.50000 0.00000 0.00000 0.00000 -1.00000 -0.00000 0.00000 1.00000 -0.86444 0.46094 0.20070 -0.00000 0.00000 -1.00000 -0.83140 -0.51816 0.20070 0.00000 0.00000 -1.00000 0.03304 -0.97910 0.20070 0.00000 -0.00000 -1.00000 0.86444 -0.46094 0.20070 0.00000 0.00000 -1.00000 0.83140 0.51816 0.20070 0.00000 0.00000 -1.00000 -0.03304 0.97910 0.20070 0.00000 0.00000 -1.00000 0.86603 0.50000 0.00000 0.86603 0.50000 -0.00000 0.00000 0.00000 -1.00000 0.00000 0.00000 1.00000 0.00000 1.00000 0.00000 0.00000 1.00000 -0.00000 0.00000 0.00000 -1.00000 0.00000 -0.00000 1.00000 -0.86603 0.50000 0.00000 -0.86603 0.50000 0.00000 0.00000 0.00000 -1.00000 0.00000 0.00000 1.00000 -0.86603 -0.50000 0.00000 -0.86603 -0.50000 0.00000 -0.00000 0.00000 -1.00000 0.00000 0.00000 1.00000 0.00000 -1.00000 0.00000 0.00000 -1.00000 0.00000 0.00000 -0.00000 -1.00000 0.00000 0.00000 1.00000 0.86603 -0.50000 0.00000 0.86603 -0.50000 0.00000 0.00000 0.00000 -1.00000 -0.00000 0.00000 1.00000 -0.76650 -0.62267 0.15734 0.00000 0.00000 -1.00000 0.15599 -0.97515 0.15734 0.00000 -0.00000 -1.00000 0.92250 -0.35248 0.15734 0.00000 0.00000 -1.00000 0.76650 0.62267 0.15734 0.00000 0.00000 -1.00000 -0.15599 0.97515 0.15734 0.00000 0.00000 -1.00000 -0.92250 0.35248 0.15734 -0.00000 0.00000 -1.00000 0.86603 0.50000 0.00000 0.86603 0.50000 -0.00000 0.00000 0.00000 -1.00000 0.00000 0.00000 1.00000 0.00000 1.00000 0.00000 0.00000 1.00000 -0.00000 0.00000 0.00000 -1.00000 0.00000 -0.00000 1.00000 -0.86603 0.50000 0.00000 -0.86603 0.50000 0.00000 0.00000 0.00000 -1.00000 0.00000 0.00000 1.00000 -0.86603 -0.50000 0.00000 -0.86603 -0.50000 0.00000 -0.00000 0.00000 -1.00000 0.00000 0.00000 1.00000 0.00000 -1.00000 0.00000 0.00000 -1.00000 0.00000 0.00000 -0.00000 -1.00000 0.00000 0.00000 1.00000 0.86603 -0.50000 0.00000 0.86603 -0.50000 0.00000 0.00000 0.00000 -1.00000 -0.00000 0.00000 1.00000 0.85462 0.47993 0.19822 0.00000 0.00000 -1.00000 0.01168 0.98009 0.19822 0.00000 0.00000 -1.00000 -0.84294 0.50016 0.19822 0.00000 0.00000 -1.00000 -0.85462 -0.47993 0.19822 -0.00000 0.00000 -1.00000 -0.01168 -0.98009 0.19822 0.00000 -0.00000 -1.00000 0.84294 -0.50016 0.19822 0.00000 0.00000 -1.00000 0.86603 0.50000 0.00000 0.86603 0.50000 -0.00000 0.00000 0.00000 -1.00000 0.00000 0.00000 1.00000 0.00000 1.00000 0.00000 0.00000 1.00000 -0.00000 0.00000 0.00000 -1.00000 0.00000 -0.00000 1.00000 -0.86603 0.50000 0.00000 -0.86603 0.50000 0.00000 0.00000 0.00000 -1.00000 0.00000 0.00000 1.00000 -0.86603 -0.50000 0.00000 -0.86603 -0.50000 0.00000 -0.00000 0.00000 -1.00000 0.00000 0.00000 1.00000 0.00000 -1.00000 0.00000 0.00000 -1.00000 0.00000 0.00000 -0.00000 -1.00000 0.00000 0.00000 1.00000 0.86603 -0.50000 0.00000 0.86603 -0.50000 0.00000 0.00000 0.00000 -1.00000 -0.00000 0.00000 1.00000 -0.97079 -0.14032 0.19463 -0.00000 0.00000 -1.00000 -0.36388 -0.91088 0.19463 0.00000 -0.00000 -1.00000 0.60691 -0.77057 0.19463 0.00000 0.00000 -1.00000 0.97079 0.14032 0.19463 0.00000 0.00000 -1.00000 0.36388 0.91088 0.19463 0.00000 0.00000 -1.00000 -0.60691 0.77057 0.19463 0.00000 0.00000 -1.00000 0.86603 0.50000 0.00000 0.86603 0.50000 -0.00000 0.00000 0.00000 -1.00000 0.00000 0.00000 1.00000 0.00000 1.00000 0.00000 0.00000 1.00000 -0.00000 0.00000 0.00000 -1.00000 0.00000 -0.00000 1.00000 -0.86603 0.50000 0.00000 -0.86603 0.50000 0.00000 0.00000 0.00000 -1.00000 0.00000 0.00000 1.00000 -0.86603 -0.50000 0.00000 -0.86603 -0.50000 0.00000 -0.00000 0.00000 -1.00000 0.00000 0.00000 1.00000 0.00000 -1.00000 0.00000 0.00000 -1.00000 0.00000 0.00000 -0.00000 -1.00000 0.00000 0.00000 1.00000 0.86603 -0.50000 0.00000 0.86603 -0.50000 0.00000 0.00000 0.00000 -1.00000 -0.00000 0.00000 1.00000 0.94482 0.26975 0.18589 0.00000 0.00000 -1.00000 0.23880 0.95311 0.18589 0.00000 0.00000 -1.00000 -0.70602 0.68336 0.18589 0.00000 0.00000 -1.00000 -0.94482 -0.26975 0.18589 -0.00000 0.00000 -1.00000 -0.23880 -0.95311 0.18589 0.00000 -0.00000 -1.00000 0.70602 -0.68336 0.18589 0.00000 0.00000 -1.00000 0.86603 0.50000 0.00000 0.86603 0.50000 -0.00000 0.00000 0.00000 -1.00000 0.00000 0.00000 1.00000 0.00000 1.00000 0.00000 0.00000 1.00000 -0.00000 0.00000 0.00000 -1.00000 0.00000 -0.00000 1.00000 -0.86603 0.50000 0.00000 -0.86603 0.50000 0.00000 0.00000 0.00000 -1.00000 0.00000 0.00000 1.00000 -0.86603 -0.50000 0.00000 -0.86603 -0.50000 0.00000 -0.00000 0.00000 -1.00000 0.00000 0.00000 1.00000 0.00000 -1.00000 0.00000 0.00000 -1.00000 0.00000 0.00000 -0.00000 -1.00000 0.00000 0.00000 1.00000 0.86603 -0.50000 0.00000 0.86603 -0.50000 0.00000 0.00000 0.00000 -1.00000 -0.00000 0.00000 1.00000 -0.97630 0.03065 0.21424 -0.00000 0.00000 -1.00000 -0.51469 -0.83018 0.21424 0.00000 0.00000 -1.00000 0.46161 -0.86082 0.21424 0.00000 -0.00000 -1.00000 0.97630 -0.03065 0.21424 0.00000 0.00000 -1.00000 0.51469 0.83018 0.21424 0.00000 0.00000 -1.00000 -0.46161 0.86082 0.21424 0.00000 0.00000 -1.00000 0.86603 0.50000 0.00000 0.86603 0.50000 -0.00000 0.00000 0.00000 -1.00000 0.00000 0.00000 1.00000 0.00000 1.00000 0.00000 0.00000 1.00000 -0.00000 0.00000 0.00000 -1.00000 0.00000 -0.00000 1.00000 -0.86603 0.50000 0.00000 -0.86603 0.50000 0.00000 0.00000 0.00000 -1.00000 0.00000 0.00000 1.00000 -0.86603 -0.50000 0.00000 -0.86603 -0.50000 0.00000 -0.00000 0.00000 -1.00000 0.00000 0.00000 1.00000 0.00000 -1.00000 0.00000 0.00000 -1.00000 0.00000 0.00000 -0.00000 -1.00000 0.00000 0.00000 1.00000 0.86603 -0.50000 0.00000 0.86603 -0.50000 0.00000 0.00000 0.00000 -1.00000 -0.00000 0.00000 1.00000 0.87483 -0.45055 0.17797 0.00000 0.00000 -1.00000 0.82760 0.53235 0.17797 0.00000 0.00000 -1.00000 -0.04723 0.98290 0.17797 0.00000 0.00000 -1.00000 -0.87483 0.45055 0.17797 -0.00000 0.00000 -1.00000 -0.82760 -0.53235 0.17797 0.00000 0.00000 -1.00000 0.04723 -0.98290 0.17797 0.00000 -0.00000 -1.00000 0.86603 0.50000 0.00000 0.86603 0.50000 -0.00000 0.00000 0.00000 -1.00000 0.00000 0.00000 1.00000 0.00000 1.00000 0.00000 0.00000 1.00000 -0.00000 0.00000 0.00000 -1.00000 0.00000 -0.00000 1.00000 -0.86603 0.50000 0.00000 -0.86603 0.50000 0.00000 0.00000 0.00000 -1.00000 0.00000 0.00000 1.00000 -0.86603 -0.50000 0.00000 -0.86603 -0.50000 0.00000 -0.00000 0.00000 -1.00000 0.00000 0.00000 1.00000 0.00000 -1.00000 0.00000 0.00000 -1.00000 0.00000 0.00000 -0.00000 -1.00000 0.00000 0.00000 1.00000 0.86603 -0.50000 0.00000 0.86603 -0.50000 0.00000 0.00000 0.00000 -1.00000 -0.00000 0.00000 1.00000 0.70807 0.68311 0.17889 0.00000 0.00000 -1.00000 -0.23756 0.95476 0.17889 0.00000 0.00000 -1.00000 -0.94563 0.27165 0.17889 -0.00000 0.00000 -1.00000 -0.70807 -0.68311 0.17889 0.00000 0.00000 -1.00000 0.23756 -0.95476 0.17889 0.00000 -0.00000 -1.00000 0.94563 -0.27165 0.17889 0.00000 0.00000 -1.00000 0.86603 0.50000 0.00000 0.86603 0.50000 -0.00000 0.00000 0.00000 -1.00000 0.00000 0.00000 1.00000 0.00000 1.00000 0.00000 0.00000 1.00000 -0.00000 0.00000 0.00000 -1.00000 0.00000 -0.00000 1.00000 -0.86603 0.50000 0.00000 -0.86603 0.50000 0.00000 0.00000 0.00000 -1.00000 0.00000 0.00000 1.00000 -0.86603 -0.50000 0.00000 -0.86603 -0.50000 0.00000 -0.00000 0.00000 -1.00000 0.00000 0.00000 1.00000 0.00000 -1.00000 0.00000 0.00000 -1.00000 0.00000 0.00000 -0.00000 -1.00000 0.00000 0.00000 1.00000 0.86603 -0.50000 0.00000 0.86603 -0.50000 0.00000 0.00000 0.00000 -1.00000 -0.00000 0.00000 1.00000 -0.70163 -0.68034 0.21179 0.00000 0.00000 -1.00000 0.23838 -0.94780 0.21179 0.00000 -0.00000 -1.00000 0.94001 -0.26745 0.21179 0.00000 0.00000 -1.00000 0.70163 0.68034 0.21179 0.00000 0.00000 -1.00000 -0.23838 0.94780 0.21179 0.00000 0.00000 -1.00000 -0.94001 0.26745 0.21179 -0.00000 0.00000 -1.00000 0.86603 0.50000 0.00000 0.86603 0.50000 -0.00000 0.00000 0.00000 -1.00000 0.00000 0.00000 1.00000 0.00000 1.00000 0.00000 0.00000 1.00000 -0.00000 0.00000 0.00000 -1.00000 0.00000 -0.00000 1.00000 -0.86603 0.50000 0.00000 -0.86603 0.50000 0.00000 0.00000 0.00000 -1.00000 0.00000 0.00000 1.00000 -0.86603 -0.50000 0.00000 -0.86603 -0.50000 0.00000 -0.00000 0.00000 -1.00000 0.00000 0.00000 1.00000 0.00000 -1.00000 0.00000 0.00000 -1.00000 0.00000 0.00000 -0.00000 -1.00000 0.00000 0.00000 1.00000 0.86603 -0.50000 0.00000 0.86603 -0.50000 0.00000 0.00000 0.00000 -1.00000 -0.00000 0.00000 1.00000 -0.60067 0.72227 0.34281 0.00000 0.00000 -1.00000 -0.92584 -0.15906 0.34281 -0.00000 0.00000 -1.00000 -0.32517 -0.88133 0.34281 0.00000 -0.00000 -1.00000 0.60067 -0.72227 0.34281 0.00000 0.00000 -1.00000 0.92584 0.15906 0.34281 0.00000 0.00000 -1.00000 0.32517 0.88133 0.34281 0.00000 0.00000 -1.00000 0.86603 0.50000 0.00000 0.86603 0.50000 -0.00000 0.00000 0.00000 -1.00000 0.00000 0.00000 1.00000 0.00000 1.00000 0.00000 0.00000 1.00000 -0.00000 0.00000 0.00000 -1.00000 0.00000 -0.00000 1.00000 -0.86603 0.50000 0.00000 -0.86603 0.50000 0.00000 0.00000 0.00000 -1.00000 0.00000 0.00000 1.00000 -0.86603 -0.50000 0.00000 -0.86603 -0.50000 0.00000 -0.00000 0.00000 -1.00000 0.00000 0.00000 1.00000 0.00000 -1.00000 0.00000 0.00000 -1.00000 0.00000 0.00000 -0.00000 -1.00000 0.00000 0.00000 1.00000 0.86603 -0.50000 0.00000 0.86603 -0.50000 0.00000 0.00000 0.00000 -1.00000 -0.00000 0.00000 1.00000 0.45920 -0.87220 0.16854 0.00000 -0.00000 -1.00000 0.98494 -0.03842 0.16854 0.00000 0.00000 -1.00000 0.52575 0.83378 0.16854 0.00000 0.00000 -1.00000 -0.45920 0.87220 0.16854 0.00000 0.00000 -1.00000 -0.98494 0.03842 0.16854 -0.00000 0.00000 -1.00000 -0.52575 -0.83378 0.16854 0.00000 0.00000 -1.00000 0.86603 0.50000 0.00000 0.86603 0.50000 -0.00000 0.00000 0.00000 -1.00000 0.00000 0.00000 1.00000 0.00000 1.00000 0.00000 0.00000 1.00000 -0.00000 0.00000 0.00000 -1.00000 0.00000 -0.00000 1.00000 -0.86603 0.50000 0.00000 -0.86603 0.50000 0.00000 0.00000 0.00000 -1.00000 0.00000 0.00000 1.00000 -0.86603 -0.50000 0.00000 -0.86603 -0.50000 0.00000 -0.00000 0.00000 -1.00000 0.00000 0.00000 1.00000 0.00000 -1.00000 0.00000 0.00000 -1.00000 0.00000 0.00000 -0.00000 -1.00000 0.00000 0.00000 1.00000 0.86603 -0.50000 0.00000 0.86603 -0.50000 0.00000 0.00000 0.00000 -1.00000 -0.00000 0.00000 1.00000 -0.94685 0.15527 0.28174 -0.00000 0.00000 -1.00000 -0.60789 -0.74236 0.28174 0.00000 0.00000 -1.00000 0.33896 -0.89763 0.28174 0.00000 -0.00000 -1.00000 0.94685 -0.15527 0.28174 0.00000 0.00000 -1.00000 0.60789 0.74236 0.28174 0.00000 0.00000 -1.00000 -0.33896 0.89763 0.28174 0.00000 0.00000 -1.00000 0.86603 0.50000 0.00000 0.86603 0.50000 -0.00000 0.00000 0.00000 -1.00000 0.00000 0.00000 1.00000 0.00000 1.00000 0.00000 0.00000 1.00000 -0.00000 0.00000 0.00000 -1.00000 0.00000 -0.00000 1.00000 -0.86603 0.50000 0.00000 -0.86603 0.50000 0.00000 0.00000 0.00000 -1.00000 0.00000 0.00000 1.00000 -0.86603 -0.50000 0.00000 -0.86603 -0.50000 0.00000 -0.00000 0.00000 -1.00000 0.00000 0.00000 1.00000 0.00000 -1.00000 0.00000 0.00000 -1.00000 0.00000 0.00000 -0.00000 -1.00000 0.00000 0.00000 1.00000 0.86603 -0.50000 0.00000 0.86603 -0.50000 0.00000 0.00000 0.00000 -1.00000 -0.00000 0.00000 1.00000 0.87996 0.40873 0.24210 0.00000 0.00000 -1.00000 0.08601 0.96643 0.24210 0.00000 0.00000 -1.00000 -0.79395 0.55771 0.24210 0.00000 0.00000 -1.00000 -0.87996 -0.40873 0.24210 -0.00000 0.00000 -1.00000 -0.08601 -0.96643 0.24210 0.00000 -0.00000 -1.00000 0.79395 -0.55771 0.24210 0.00000 0.00000 -1.00000 0.86603 0.50000 0.00000 0.86603 0.50000 -0.00000 0.00000 0.00000 -1.00000 0.00000 0.00000 1.00000 0.00000 1.00000 0.00000 0.00000 1.00000 -0.00000 0.00000 0.00000 -1.00000 0.00000 -0.00000 1.00000 -0.86603 0.50000 0.00000 -0.86603 0.50000 0.00000 0.00000 0.00000 -1.00000 0.00000 0.00000 1.00000 -0.86603 -0.50000 0.00000 -0.86603 -0.50000 0.00000 -0.00000 0.00000 -1.00000 0.00000 0.00000 1.00000 0.00000 -1.00000 0.00000 0.00000 -1.00000 0.00000 0.00000 -0.00000 -1.00000 0.00000 0.00000 1.00000 0.86603 -0.50000 0.00000 0.86603 -0.50000 0.00000 0.00000 0.00000 -1.00000 -0.00000 0.00000 1.00000 0.37905 0.89448 0.23713 0.00000 0.00000 -1.00000 -0.58512 0.77550 0.23713 0.00000 0.00000 -1.00000 -0.96416 -0.11898 0.23713 -0.00000 0.00000 -1.00000 -0.37905 -0.89448 0.23713 0.00000 -0.00000 -1.00000 0.58512 -0.77550 0.23713 0.00000 0.00000 -1.00000 0.96416 0.11898 0.23713 0.00000 0.00000 -1.00000 0.86603 0.50000 0.00000 0.86603 0.50000 -0.00000 0.00000 0.00000 -1.00000 0.00000 0.00000 1.00000 0.00000 1.00000 0.00000 0.00000 1.00000 -0.00000 0.00000 0.00000 -1.00000 0.00000 -0.00000 1.00000 -0.86603 0.50000 0.00000 -0.86603 0.50000 0.00000 0.00000 0.00000 -1.00000 0.00000 0.00000 1.00000 -0.86603 -0.50000 0.00000 -0.86603 -0.50000 0.00000 -0.00000 0.00000 -1.00000 0.00000 0.00000 1.00000 0.00000 -1.00000 0.00000 0.00000 -1.00000 0.00000 0.00000 -0.00000 -1.00000 0.00000 0.00000 1.00000 0.86603 -0.50000 0.00000 0.86603 -0.50000 0.00000 0.00000 0.00000 -1.00000 -0.00000 0.00000 1.00000 -0.56869 0.78152 0.25657 0.00000 0.00000 -1.00000 -0.96116 -0.10174 0.25657 -0.00000 0.00000 -1.00000 -0.39247 -0.88325 0.25657 0.00000 -0.00000 -1.00000 0.56869 -0.78152 0.25657 0.00000 0.00000 -1.00000 0.96116 0.10174 0.25657 0.00000 0.00000 -1.00000 0.39247 0.88325 0.25657 0.00000 0.00000 -1.00000 0.86603 0.50000 0.00000 0.86603 0.50000 -0.00000 0.00000 0.00000 -1.00000 0.00000 0.00000 1.00000 0.00000 1.00000 0.00000 0.00000 1.00000 -0.00000 0.00000 0.00000 -1.00000 0.00000 -0.00000 1.00000 -0.86603 0.50000 0.00000 -0.86603 0.50000 0.00000 0.00000 0.00000 -1.00000 0.00000 0.00000 1.00000 -0.86603 -0.50000 0.00000 -0.86603 -0.50000 0.00000 -0.00000 0.00000 -1.00000 0.00000 0.00000 1.00000 0.00000 -1.00000 0.00000 0.00000 -1.00000 0.00000 0.00000 -0.00000 -1.00000 0.00000 0.00000 1.00000 0.86603 -0.50000 0.00000 0.86603 -0.50000 0.00000 0.00000 0.00000 -1.00000 -0.00000 0.00000 1.00000 -0.45702 -0.81754 0.35038 0.00000 -0.00000 -1.00000 0.47950 -0.80456 0.35038 0.00000 0.00000 -1.00000 0.93652 0.01298 0.35038 0.00000 0.00000 -1.00000 0.45702 0.81754 0.35038 0.00000 0.00000 -1.00000 -0.47950 0.80456 0.35038 0.00000 0.00000 -1.00000 -0.93652 -0.01298 0.35038 -0.00000 0.00000 -1.00000 0.86603 0.50000 0.00000 0.86603 0.50000 -0.00000 0.00000 0.00000 -1.00000 0.00000 0.00000 1.00000 0.00000 1.00000 0.00000 0.00000 1.00000 -0.00000 0.00000 0.00000 -1.00000 0.00000 -0.00000 1.00000 -0.86603 0.50000 0.00000 -0.86603 0.50000 0.00000 0.00000 0.00000 -1.00000 0.00000 0.00000 1.00000 -0.86603 -0.50000 0.00000 -0.86603 -0.50000 0.00000 -0.00000 0.00000 -1.00000 0.00000 0.00000 1.00000 0.00000 -1.00000 0.00000 0.00000 -1.00000 0.00000 0.00000 -0.00000 -1.00000 0.00000 0.00000 1.00000 0.86603 -0.50000 0.00000 0.86603 -0.50000 0.00000 0.00000 0.00000 -1.00000 -0.00000 0.00000 1.00000 -0.93717 -0.26831 0.22296 -0.00000 0.00000 -1.00000 -0.23622 -0.94577 0.22296 0.00000 -0.00000 -1.00000 0.70095 -0.67746 0.22296 0.00000 0.00000 -1.00000 0.93717 0.26831 0.22296 0.00000 0.00000 -1.00000 0.23622 0.94577 0.22296 0.00000 0.00000 -1.00000 -0.70095 0.67746 0.22296 0.00000 0.00000 -1.00000 0.86603 0.50000 0.00000 0.86603 0.50000 -0.00000 0.00000 0.00000 -1.00000 0.00000 0.00000 1.00000 0.00000 1.00000 0.00000 0.00000 1.00000 -0.00000 0.00000 0.00000 -1.00000 0.00000 -0.00000 1.00000 -0.86603 0.50000 0.00000 -0.86603 0.50000 0.00000 0.00000 0.00000 -1.00000 0.00000 0.00000 1.00000 -0.86603 -0.50000 0.00000 -0.86603 -0.50000 0.00000 -0.00000 0.00000 -1.00000 0.00000 0.00000 1.00000 0.00000 -1.00000 0.00000 0.00000 -1.00000 0.00000 0.00000 -0.00000 -1.00000 0.00000 0.00000 1.00000 0.86603 -0.50000 0.00000 0.86603 -0.50000 0.00000 0.00000 0.00000 -1.00000 -0.00000 0.00000 1.00000 0.96577 -0.09985 0.23941 0.00000 0.00000 -1.00000 0.56935 0.78646 0.23941 0.00000 0.00000 -1.00000 -0.39642 0.88630 0.23941 0.00000 0.00000 -1.00000 -0.96577 0.09985 0.23941 -0.00000 0.00000 -1.00000 -0.56935 -0.78646 0.23941 0.00000 0.00000 -1.00000 0.39642 -0.88630 0.23941 0.00000 -0.00000 -1.00000 0.86603 0.50000 0.00000 0.86603 0.50000 -0.00000 0.00000 0.00000 -1.00000 0.00000 0.00000 1.00000 0.00000 1.00000 0.00000 0.00000 1.00000 -0.00000 0.00000 0.00000 -1.00000 0.00000 -0.00000 1.00000 -0.86603 0.50000 0.00000 -0.86603 0.50000 0.00000 0.00000 0.00000 -1.00000 0.00000 0.00000 1.00000 -0.86603 -0.50000 0.00000 -0.86603 -0.50000 0.00000 -0.00000 0.00000 -1.00000 0.00000 0.00000 1.00000 0.00000 -1.00000 0.00000 0.00000 -1.00000 0.00000 0.00000 -0.00000 -1.00000 0.00000 0.00000 1.00000 0.86603 -0.50000 0.00000 0.86603 -0.50000 0.00000 0.00000 0.00000 -1.00000 -0.00000 0.00000 1.00000 -0.65361 -0.70664 0.27103 0.00000 0.00000 -1.00000 0.28516 -0.91936 0.27103 0.00000 -0.00000 -1.00000 0.93877 -0.21272 0.27103 0.00000 0.00000 -1.00000 0.65361 0.70664 0.27103 0.00000 0.00000 -1.00000 -0.28516 0.91936 0.27103 0.00000 0.00000 -1.00000 -0.93877 0.21272 0.27103 -0.00000 0.00000 -1.00000 0.86603 0.50000 0.00000 0.86603 0.50000 -0.00000 0.00000 0.00000 -1.00000 0.00000 0.00000 1.00000 0.00000 1.00000 0.00000 0.00000 1.00000 -0.00000 0.00000 0.00000 -1.00000 0.00000 -0.00000 1.00000 -0.86603 0.50000 0.00000 -0.86603 0.50000 0.00000 0.00000 0.00000 -1.00000 0.00000 0.00000 1.00000 -0.86603 -0.50000 0.00000 -0.86603 -0.50000 0.00000 -0.00000 0.00000 -1.00000 0.00000 0.00000 1.00000 0.00000 -1.00000 0.00000 0.00000 -1.00000 0.00000 0.00000 -0.00000 -1.00000 0.00000 0.00000 1.00000 0.86603 -0.50000 0.00000 0.86603 -0.50000 0.00000 0.00000 0.00000 -1.00000 -0.00000 0.00000 1.00000 -0.44895 -0.80672 0.38425 0.00000 -0.00000 -1.00000 0.47417 -0.79216 0.38425 0.00000 0.00000 -1.00000 0.92312 0.01456 0.38425 0.00000 0.00000 -1.00000 0.44895 0.80672 0.38425 0.00000 0.00000 -1.00000 -0.47417 0.79216 0.38425 0.00000 0.00000 -1.00000 -0.92312 -0.01456 0.38425 -0.00000 0.00000 -1.00000 0.86603 0.50000 0.00000 0.86603 0.50000 -0.00000 0.00000 0.00000 -1.00000 0.00000 0.00000 1.00000 0.00000 1.00000 0.00000 0.00000 1.00000 -0.00000 0.00000 0.00000 -1.00000 0.00000 -0.00000 1.00000 -0.86603 0.50000 0.00000 -0.86603 0.50000 0.00000 0.00000 0.00000 -1.00000 0.00000 0.00000 1.00000 -0.86603 -0.50000 0.00000 -0.86603 -0.50000 0.00000 -0.00000 0.00000 -1.00000 0.00000 0.00000 1.00000 0.00000 -1.00000 0.00000 0.00000 -1.00000 0.00000 0.00000 -0.00000 -1.00000 0.00000 0.00000 1.00000 0.86603 -0.50000 0.00000 0.86603 -0.50000 0.00000 0.00000 0.00000 -1.00000 -0.00000 0.00000 1.00000 -0.70716 0.69143 0.14783 0.00000 0.00000 -1.00000 -0.95237 -0.26670 0.14783 -0.00000 0.00000 -1.00000 -0.24522 -0.95813 0.14783 0.00000 -0.00000 -1.00000 0.70716 -0.69143 0.14783 0.00000 0.00000 -1.00000 0.95237 0.26670 0.14783 0.00000 0.00000 -1.00000 0.24522 0.95813 0.14783 0.00000 0.00000 -1.00000 0.86603 0.50000 0.00000 0.86603 0.50000 -0.00000 0.00000 0.00000 -1.00000 0.00000 0.00000 1.00000 0.00000 1.00000 0.00000 0.00000 1.00000 -0.00000 0.00000 0.00000 -1.00000 0.00000 -0.00000 1.00000 -0.86603 0.50000 0.00000 -0.86603 0.50000 0.00000 0.00000 0.00000 -1.00000 0.00000 0.00000 1.00000 -0.86603 -0.50000 0.00000 -0.86603 -0.50000 0.00000 -0.00000 0.00000 -1.00000 0.00000 0.00000 1.00000 0.00000 -1.00000 0.00000 0.00000 -1.00000 0.00000 0.00000 -0.00000 -1.00000 0.00000 0.00000 1.00000 0.86603 -0.50000 0.00000 0.86603 -0.50000 0.00000 0.00000 0.00000 -1.00000 -0.00000 0.00000 1.00000 -0.97573 -0.04938 0.21332 -0.00000 0.00000 -1.00000 -0.44510 -0.86970 0.21332 0.00000 -0.00000 -1.00000 0.53063 -0.82032 0.21332 0.00000 0.00000 -1.00000 0.97573 0.04938 0.21332 0.00000 0.00000 -1.00000 0.44510 0.86970 0.21332 0.00000 0.00000 -1.00000 -0.53063 0.82032 0.21332 0.00000 0.00000 -1.00000 0.86603 0.50000 0.00000 0.86603 0.50000 -0.00000 0.00000 0.00000 -1.00000 0.00000 0.00000 1.00000 0.00000 1.00000 0.00000 0.00000 1.00000 -0.00000 0.00000 0.00000 -1.00000 0.00000 -0.00000 1.00000 -0.86603 0.50000 0.00000 -0.86603 0.50000 0.00000 0.00000 0.00000 -1.00000 0.00000 0.00000 1.00000 -0.86603 -0.50000 0.00000 -0.86603 -0.50000 0.00000 -0.00000 0.00000 -1.00000 0.00000 0.00000 1.00000 0.00000 -1.00000 0.00000 0.00000 -1.00000 0.00000 0.00000 -0.00000 -1.00000 0.00000 0.00000 1.00000 0.86603 -0.50000 0.00000 0.86603 -0.50000 0.00000 0.00000 0.00000 -1.00000 -0.00000 0.00000 1.00000 0.81682 -0.49300 0.29958 0.00000 0.00000 -1.00000 0.83536 0.46089 0.29958 0.00000 0.00000 -1.00000 0.01854 0.95389 0.29958 0.00000 0.00000 -1.00000 -0.81682 0.49300 0.29958 0.00000 0.00000 -1.00000 -0.83536 -0.46089 0.29958 -0.00000 0.00000 -1.00000 -0.01854 -0.95389 0.29958 0.00000 -0.00000 -1.00000 0.86603 0.50000 0.00000 0.86603 0.50000 -0.00000 0.00000 0.00000 -1.00000 0.00000 0.00000 1.00000 0.00000 1.00000 0.00000 0.00000 1.00000 -0.00000 0.00000 0.00000 -1.00000 0.00000 -0.00000 1.00000 -0.86603 0.50000 0.00000 -0.86603 0.50000 0.00000 0.00000 0.00000 -1.00000 0.00000 0.00000 1.00000 -0.86603 -0.50000 0.00000 -0.86603 -0.50000 0.00000 -0.00000 0.00000 -1.00000 0.00000 0.00000 1.00000 0.00000 -1.00000 0.00000 0.00000 -1.00000 0.00000 0.00000 -0.00000 -1.00000 0.00000 0.00000 1.00000 0.86603 -0.50000 0.00000 0.86603 -0.50000 0.00000 0.00000 0.00000 -1.00000 -0.00000 0.00000 1.00000 0.67112 -0.71217 0.20596 0.00000 0.00000 -1.00000 0.95231 0.22512 0.20596 0.00000 0.00000 -1.00000 0.28119 0.93729 0.20596 0.00000 0.00000 -1.00000 -0.67112 0.71217 0.20596 0.00000 0.00000 -1.00000 -0.95231 -0.22512 0.20596 -0.00000 0.00000 -1.00000 -0.28119 -0.93729 0.20596 0.00000 -0.00000 -1.00000 0.86603 0.50000 0.00000 0.86603 0.50000 -0.00000 0.00000 0.00000 -1.00000 0.00000 0.00000 1.00000 0.00000 1.00000 0.00000 0.00000 1.00000 -0.00000 0.00000 0.00000 -1.00000 0.00000 -0.00000 1.00000 -0.86603 0.50000 0.00000 -0.86603 0.50000 0.00000 0.00000 0.00000 -1.00000 0.00000 0.00000 1.00000 -0.86603 -0.50000 0.00000 -0.86603 -0.50000 0.00000 -0.00000 0.00000 -1.00000 0.00000 0.00000 1.00000 0.00000 -1.00000 0.00000 0.00000 -1.00000 0.00000 0.00000 -0.00000 -1.00000 0.00000 0.00000 1.00000 0.86603 -0.50000 0.00000 0.86603 -0.50000 0.00000 0.00000 0.00000 -1.00000 -0.00000 0.00000 1.00000 -0.16452 0.93108 0.32560 0.00000 0.00000 -1.00000 -0.88860 0.32306 0.32560 -0.00000 0.00000 -1.00000 -0.72408 -0.60802 0.32560 0.00000 0.00000 -1.00000 0.16452 -0.93108 0.32560 0.00000 -0.00000 -1.00000 0.88860 -0.32306 0.32560 0.00000 0.00000 -1.00000 0.72408 0.60802 0.32560 0.00000 0.00000 -1.00000 0.86603 0.50000 0.00000 0.86603 0.50000 -0.00000 0.00000 0.00000 -1.00000 0.00000 0.00000 1.00000 0.00000 1.00000 0.00000 0.00000 1.00000 -0.00000 0.00000 0.00000 -1.00000 0.00000 -0.00000 1.00000 -0.86603 0.50000 0.00000 -0.86603 0.50000 0.00000 0.00000 0.00000 -1.00000 0.00000 0.00000 1.00000 -0.86603 -0.50000 0.00000 -0.86603 -0.50000 0.00000 -0.00000 0.00000 -1.00000 0.00000 0.00000 1.00000 0.00000 -1.00000 0.00000 0.00000 -1.00000 0.00000 0.00000 -0.00000 -1.00000 0.00000 0.00000 1.00000 0.86603 -0.50000 0.00000 0.86603 -0.50000 0.00000 0.00000 0.00000 -1.00000 -0.00000 0.00000 1.00000 0.48927 0.82715 0.27648 0.00000 0.00000 -1.00000 -0.47170 0.83729 0.27648 0.00000 0.00000 -1.00000 -0.96097 0.01015 0.27648 -0.00000 0.00000 -1.00000 -0.48927 -0.82715 0.27648 0.00000 0.00000 -1.00000 0.47170 -0.83729 0.27648 0.00000 -0.00000 -1.00000 0.96097 -0.01015 0.27648 0.00000 0.00000 -1.00000 0.86603 0.50000 0.00000 0.86603 0.50000 -0.00000 0.00000 0.00000 -1.00000 0.00000 0.00000 1.00000 0.00000 1.00000 0.00000 0.00000 1.00000 -0.00000 0.00000 0.00000 -1.00000 0.00000 -0.00000 1.00000 -0.86603 0.50000 0.00000 -0.86603 0.50000 0.00000 0.00000 0.00000 -1.00000 0.00000 0.00000 1.00000 -0.86603 -0.50000 0.00000 -0.86603 -0.50000 0.00000 -0.00000 0.00000 -1.00000 0.00000 0.00000 1.00000 0.00000 -1.00000 0.00000 0.00000 -1.00000 0.00000 0.00000 -0.00000 -1.00000 0.00000 0.00000 1.00000 0.86603 -0.50000 0.00000 0.86603 -0.50000 0.00000 0.00000 0.00000 -1.00000 -0.00000 0.00000 1.00000 -0.20751 0.93435 0.28970 0.00000 0.00000 -1.00000 -0.91293 0.28747 0.28970 -0.00000 0.00000 -1.00000 -0.70542 -0.64688 0.28970 0.00000 0.00000 -1.00000 0.20751 -0.93435 0.28970 0.00000 -0.00000 -1.00000 0.91293 -0.28747 0.28970 0.00000 0.00000 -1.00000 0.70542 0.64688 0.28970 0.00000 0.00000 -1.00000 0.86603 0.50000 0.00000 0.86603 0.50000 -0.00000 0.00000 0.00000 -1.00000 0.00000 0.00000 1.00000 0.00000 1.00000 0.00000 0.00000 1.00000 -0.00000 0.00000 0.00000 -1.00000 0.00000 -0.00000 1.00000 -0.86603 0.50000 0.00000 -0.86603 0.50000 0.00000 0.00000 0.00000 -1.00000 0.00000 0.00000 1.00000 -0.86603 -0.50000 0.00000 -0.86603 -0.50000 0.00000 -0.00000 0.00000 -1.00000 0.00000 0.00000 1.00000 0.00000 -1.00000 0.00000 0.00000 -1.00000 0.00000 0.00000 -0.00000 -1.00000 0.00000 0.00000 1.00000 0.86603 -0.50000 0.00000 0.86603 -0.50000 0.00000 0.00000 0.00000 -1.00000 -0.00000 0.00000 1.00000 0.92740 -0.32414 0.18674 0.00000 0.00000 -1.00000 0.74441 0.64108 0.18674 0.00000 0.00000 -1.00000 -0.18299 0.96522 0.18674 0.00000 0.00000 -1.00000 -0.92740 0.32414 0.18674 -0.00000 0.00000 -1.00000 -0.74441 -0.64108 0.18674 0.00000 0.00000 -1.00000 0.18299 -0.96522 0.18674 0.00000 -0.00000 -1.00000 0.86603 0.50000 0.00000 0.86603 0.50000 -0.00000 0.00000 0.00000 -1.00000 0.00000 0.00000 1.00000 0.00000 1.00000 0.00000 0.00000 1.00000 -0.00000 0.00000 0.00000 -1.00000 0.00000 -0.00000 1.00000 -0.86603 0.50000 0.00000 -0.86603 0.50000 0.00000 0.00000 0.00000 -1.00000 0.00000 0.00000 1.00000 -0.86603 -0.50000 0.00000 -0.86603 -0.50000 0.00000 -0.00000 0.00000 -1.00000 0.00000 0.00000 1.00000 0.00000 -1.00000 0.00000 0.00000 -1.00000 0.00000 0.00000 -0.00000 -1.00000 0.00000 0.00000 1.00000 0.86603 -0.50000 0.00000 0.86603 -0.50000 0.00000 0.00000 0.00000 -1.00000 -0.00000 0.00000 1.00000 -0.95518 -0.24760 0.16226 -0.00000 0.00000 -1.00000 -0.26316 -0.95101 0.16226 0.00000 -0.00000 -1.00000 0.69201 -0.70341 0.16226 0.00000 0.00000 -1.00000 0.95518 0.24760 0.16226 0.00000 0.00000 -1.00000 0.26316 0.95101 0.16226 0.00000 0.00000 -1.00000 -0.69201 0.70341 0.16226 0.00000 0.00000 -1.00000 0.86603 0.50000 0.00000 0.86603 0.50000 -0.00000 0.00000 0.00000 -1.00000 0.00000 0.00000 1.00000 0.00000 1.00000 0.00000 0.00000 1.00000 -0.00000 0.00000 0.00000 -1.00000 0.00000 -0.00000 1.00000 -0.86603 0.50000 0.00000 -0.86603 0.50000 0.00000 0.00000 0.00000 -1.00000 0.00000 0.00000 1.00000 -0.86603 -0.50000 0.00000 -0.86603 -0.50000 0.00000 -0.00000 0.00000 -1.00000 0.00000 0.00000 1.00000 0.00000 -1.00000 0.00000 0.00000 -1.00000 0.00000 0.00000 -0.00000 -1.00000 0.00000 0.00000 1.00000 0.86603 -0.50000 0.00000 0.86603 -0.50000 0.00000 0.00000 0.00000 -1.00000 -0.00000 0.00000 1.00000 -0.34551 0.91333 0.21553 0.00000 0.00000 -1.00000 -0.96372 0.15745 0.21553 -0.00000 0.00000 -1.00000 -0.61821 -0.75588 0.21553 0.00000 0.00000 -1.00000 0.34551 -0.91333 0.21553 0.00000 -0.00000 -1.00000 0.96372 -0.15745 0.21553 0.00000 0.00000 -1.00000 0.61821 0.75588 0.21553 0.00000 0.00000 -1.00000 0.86603 0.50000 0.00000 0.86603 0.50000 -0.00000 0.00000 0.00000 -1.00000 0.00000 0.00000 1.00000 0.00000 1.00000 0.00000 0.00000 1.00000 -0.00000 0.00000 0.00000 -1.00000 0.00000 -0.00000 1.00000 -0.86603 0.50000 0.00000 -0.86603 0.50000 0.00000 0.00000 0.00000 -1.00000 0.00000 0.00000 1.00000 -0.86603 -0.50000 0.00000 -0.86603 -0.50000 0.00000 -0.00000 0.00000 -1.00000 0.00000 0.00000 1.00000 0.00000 -1.00000 0.00000 0.00000 -1.00000 0.00000 0.00000 -0.00000 -1.00000 0.00000 0.00000 1.00000 0.86603 -0.50000 0.00000 0.86603 -0.50000 0.00000 0.00000 0.00000 -1.00000 -0.00000 0.00000 1.00000 0.92770 -0.30046 0.22159 0.00000 0.00000 -1.00000 0.72406 0.65318 0.22159 0.00000 0.00000 -1.00000 -0.20364 0.95364 0.22159 0.00000 0.00000 -1.00000 -0.92770 0.30046 0.22159 -0.00000 0.00000 -1.00000 -0.72406 -0.65318 0.22159 0.00000 0.00000 -1.00000 0.20364 -0.95364 0.22159 0.00000 -0.00000 -1.00000 0.86603 0.50000 0.00000 0.86603 0.50000 -0.00000 0.00000 0.00000 -1.00000 0.00000 0.00000 1.00000 0.00000 1.00000 0.00000 0.00000 1.00000 -0.00000 0.00000 0.00000 -1.00000 0.00000 -0.00000 1.00000 -0.86603 0.50000 0.00000 -0.86603 0.50000 0.00000 0.00000 0.00000 -1.00000 0.00000 0.00000 1.00000 -0.86603 -0.50000 0.00000 -0.86603 -0.50000 0.00000 -0.00000 0.00000 -1.00000 0.00000 0.00000 1.00000 0.00000 -1.00000 0.00000 0.00000 -1.00000 0.00000 0.00000 -0.00000 -1.00000 0.00000 0.00000 1.00000 0.86603 -0.50000 0.00000 0.86603 -0.50000 0.00000 0.00000 0.00000 -1.00000 -0.00000 0.00000 1.00000 -0.36876 -0.89981 0.23314 0.00000 -0.00000 -1.00000 0.59488 -0.76926 0.23314 0.00000 0.00000 -1.00000 0.96364 0.13055 0.23314 0.00000 0.00000 -1.00000 0.36876 0.89981 0.23314 0.00000 0.00000 -1.00000 -0.59488 0.76926 0.23314 0.00000 0.00000 -1.00000 -0.96364 -0.13055 0.23314 -0.00000 0.00000 -1.00000 0.86603 0.50000 0.00000 0.86603 0.50000 -0.00000 0.00000 0.00000 -1.00000 0.00000 0.00000 1.00000 0.00000 1.00000 0.00000 0.00000 1.00000 -0.00000 0.00000 0.00000 -1.00000 0.00000 -0.00000 1.00000 -0.86603 0.50000 0.00000 -0.86603 0.50000 0.00000 0.00000 0.00000 -1.00000 0.00000 0.00000 1.00000 -0.86603 -0.50000 0.00000 -0.86603 -0.50000 0.00000 -0.00000 0.00000 -1.00000 0.00000 0.00000 1.00000 0.00000 -1.00000 0.00000 0.00000 -1.00000 0.00000 0.00000 -0.00000 -1.00000 0.00000 0.00000 1.00000 0.86603 -0.50000 0.00000 0.86603 -0.50000 0.00000 0.00000 0.00000 -1.00000 -0.00000 0.00000 1.00000 -0.47925 0.82585 0.29715 0.00000 0.00000 -1.00000 -0.95483 -0.00212 0.29715 -0.00000 0.00000 -1.00000 -0.47558 -0.82797 0.29715 0.00000 -0.00000 -1.00000 0.47925 -0.82585 0.29715 0.00000 0.00000 -1.00000 0.95483 0.00212 0.29715 0.00000 0.00000 -1.00000 0.47558 0.82797 0.29715 0.00000 0.00000 -1.00000 0.86603 0.50000 0.00000 0.86603 0.50000 -0.00000 0.00000 0.00000 -1.00000 0.00000 0.00000 1.00000 0.00000 1.00000 0.00000 0.00000 1.00000 -0.00000 0.00000 0.00000 -1.00000 0.00000 -0.00000 1.00000 -0.86603 0.50000 0.00000 -0.86603 0.50000 0.00000 0.00000 0.00000 -1.00000 0.00000 0.00000 1.00000 -0.86603 -0.50000 0.00000 -0.86603 -0.50000 0.00000 -0.00000 0.00000 -1.00000 0.00000 0.00000 1.00000 0.00000 -1.00000 0.00000 0.00000 -1.00000 0.00000 0.00000 -0.00000 -1.00000 0.00000 0.00000 1.00000 0.86603 -0.50000 0.00000 0.86603 -0.50000 0.00000 0.00000 0.00000 -1.00000 -0.00000 0.00000 1.00000 0.07917 -0.96736 0.24072 0.00000 -0.00000 -1.00000 0.87735 -0.41511 0.24072 0.00000 0.00000 -1.00000 0.79817 0.55225 0.24072 0.00000 0.00000 -1.00000 -0.07917 0.96736 0.24072 0.00000 0.00000 -1.00000 -0.87735 0.41511 0.24072 -0.00000 0.00000 -1.00000 -0.79817 -0.55225 0.24072 0.00000 0.00000 -1.00000 0.86603 0.50000 0.00000 0.86603 0.50000 -0.00000 0.00000 0.00000 -1.00000 0.00000 0.00000 1.00000 0.00000 1.00000 0.00000 0.00000 1.00000 -0.00000 0.00000 0.00000 -1.00000 0.00000 -0.00000 1.00000 -0.86603 0.50000 0.00000 -0.86603 0.50000 0.00000 0.00000 0.00000 -1.00000 0.00000 0.00000 1.00000 -0.86603 -0.50000 0.00000 -0.86603 -0.50000 0.00000 -0.00000 0.00000 -1.00000 0.00000 0.00000 1.00000 0.00000 -1.00000 0.00000 0.00000 -1.00000 0.00000 0.00000 -0.00000 -1.00000 0.00000 0.00000 1.00000 0.86603 -0.50000 0.00000 0.86603 -0.50000 0.00000 0.00000 0.00000 -1.00000 -0.00000 0.00000 1.00000 -0.90129 0.28029 0.33034 -0.00000 0.00000 -1.00000 -0.69338 -0.64039 0.33034 0.00000 0.00000 -1.00000 0.20791 -0.92068 0.33034 0.00000 -0.00000 -1.00000 0.90129 -0.28029 0.33034 0.00000 0.00000 -1.00000 0.69338 0.64039 0.33034 0.00000 0.00000 -1.00000 -0.20791 0.92068 0.33034 0.00000 0.00000 -1.00000 0.86603 0.50000 0.00000 0.86603 0.50000 -0.00000 0.00000 0.00000 -1.00000 0.00000 0.00000 1.00000 0.00000 1.00000 0.00000 0.00000 1.00000 -0.00000 0.00000 0.00000 -1.00000 0.00000 -0.00000 1.00000 -0.86603 0.50000 0.00000 -0.86603 0.50000 0.00000 0.00000 0.00000 -1.00000 0.00000 0.00000 1.00000 -0.86603 -0.50000 0.00000 -0.86603 -0.50000 0.00000 -0.00000 0.00000 -1.00000 0.00000 0.00000 1.00000 0.00000 -1.00000 0.00000 0.00000 -1.00000 0.00000 0.00000 -0.00000 -1.00000 0.00000 0.00000 1.00000 0.86603 -0.50000 0.00000 0.86603 -0.50000 0.00000 0.00000 0.00000 -1.00000 -0.00000 0.00000 1.00000 -0.84941 -0.48094 0.21728 -0.00000 0.00000 -1.00000 -0.00820 -0.97607 0.21728 0.00000 -0.00000 -1.00000 0.84121 -0.49514 0.21728 0.00000 0.00000 -1.00000 0.84941 0.48094 0.21728 0.00000 0.00000 -1.00000 0.00820 0.97607 0.21728 0.00000 0.00000 -1.00000 -0.84121 0.49514 0.21728 0.00000 0.00000 -1.00000 0.86603 0.50000 0.00000 0.86603 0.50000 -0.00000 0.00000 0.00000 -1.00000 0.00000 0.00000 1.00000 0.00000 1.00000 0.00000 0.00000 1.00000 -0.00000 0.00000 0.00000 -1.00000 0.00000 -0.00000 1.00000 -0.86603 0.50000 0.00000 -0.86603 0.50000 0.00000 0.00000 0.00000 -1.00000 0.00000 0.00000 1.00000 -0.86603 -0.50000 0.00000 -0.86603 -0.50000 0.00000 -0.00000 0.00000 -1.00000 0.00000 0.00000 1.00000 0.00000 -1.00000 0.00000 0.00000 -1.00000 0.00000 0.00000 -0.00000 -1.00000 0.00000 0.00000 1.00000 0.86603 -0.50000 0.00000 0.86603 -0.50000 0.00000 0.00000 0.00000 -1.00000 -0.00000 0.00000 1.00000 -0.98040 0.04663 0.19141 -0.00000 0.00000 -1.00000 -0.53059 -0.82574 0.19141 0.00000 0.00000 -1.00000 0.44982 -0.87237 0.19141 0.00000 -0.00000 -1.00000 0.98040 -0.04663 0.19141 0.00000 0.00000 -1.00000 0.53059 0.82574 0.19141 0.00000 0.00000 -1.00000 -0.44982 0.87237 0.19141 0.00000 0.00000 -1.00000 0.86603 0.50000 0.00000 0.86603 0.50000 -0.00000 0.00000 0.00000 -1.00000 0.00000 0.00000 1.00000 0.00000 1.00000 0.00000 0.00000 1.00000 -0.00000 0.00000 0.00000 -1.00000 0.00000 -0.00000 1.00000 -0.86603 0.50000 0.00000 -0.86603 0.50000 0.00000 0.00000 0.00000 -1.00000 0.00000 0.00000 1.00000 -0.86603 -0.50000 0.00000 -0.86603 -0.50000 0.00000 -0.00000 0.00000 -1.00000 0.00000 0.00000 1.00000 0.00000 -1.00000 0.00000 0.00000 -1.00000 0.00000 0.00000 -0.00000 -1.00000 0.00000 0.00000 1.00000 0.86603 -0.50000 0.00000 0.86603 -0.50000 0.00000 0.00000 0.00000 -1.00000 -0.00000 0.00000 1.00000 -0.69874 0.68696 0.19963 0.00000 0.00000 -1.00000 -0.94429 -0.26164 0.19963 -0.00000 0.00000 -1.00000 -0.24556 -0.94860 0.19963 0.00000 -0.00000 -1.00000 0.69874 -0.68696 0.19963 0.00000 0.00000 -1.00000 0.94429 0.26164 0.19963 0.00000 0.00000 -1.00000 0.24556 0.94860 0.19963 0.00000 0.00000 -1.00000 0.86603 0.50000 0.00000 0.86603 0.50000 -0.00000 0.00000 0.00000 -1.00000 0.00000 0.00000 1.00000 0.00000 1.00000 0.00000 0.00000 1.00000 -0.00000 0.00000 0.00000 -1.00000 0.00000 -0.00000 1.00000 -0.86603 0.50000 0.00000 -0.86603 0.50000 0.00000 0.00000 0.00000 -1.00000 0.00000 0.00000 1.00000 -0.86603 -0.50000 0.00000 -0.86603 -0.50000 0.00000 -0.00000 0.00000 -1.00000 0.00000 0.00000 1.00000 0.00000 -1.00000 0.00000 0.00000 -1.00000 0.00000 0.00000 -0.00000 -1.00000 0.00000 0.00000 1.00000 0.86603 -0.50000 0.00000 0.86603 -0.50000 0.00000 0.00000 0.00000 -1.00000 -0.00000 0.00000 1.00000 -0.15540 0.96589 0.20716 0.00000 0.00000 -1.00000 -0.91418 0.34836 0.20716 -0.00000 0.00000 -1.00000 -0.75878 -0.61752 0.20716 0.00000 0.00000 -1.00000 0.15540 -0.96589 0.20716 0.00000 -0.00000 -1.00000 0.91418 -0.34836 0.20716 0.00000 0.00000 -1.00000 0.75878 0.61752 0.20716 0.00000 0.00000 -1.00000 0.86603 0.50000 0.00000 0.86603 0.50000 -0.00000 0.00000 0.00000 -1.00000 0.00000 0.00000 1.00000 0.00000 1.00000 0.00000 0.00000 1.00000 -0.00000 0.00000 0.00000 -1.00000 0.00000 -0.00000 1.00000 -0.86603 0.50000 0.00000 -0.86603 0.50000 0.00000 0.00000 0.00000 -1.00000 0.00000 0.00000 1.00000 -0.86603 -0.50000 0.00000 -0.86603 -0.50000 0.00000 -0.00000 0.00000 -1.00000 0.00000 0.00000 1.00000 0.00000 -1.00000 0.00000 0.00000 -1.00000 0.00000 0.00000 -0.00000 -1.00000 0.00000 0.00000 1.00000 0.86603 -0.50000 0.00000 0.86603 -0.50000 0.00000 0.00000 0.00000 -1.00000 -0.00000 0.00000 1.00000 0.95428 0.14281 0.26261 0.00000 0.00000 -1.00000 0.35346 0.89783 0.26261 0.00000 0.00000 -1.00000 -0.60081 0.75502 0.26261 0.00000 0.00000 -1.00000 -0.95428 -0.14281 0.26261 -0.00000 0.00000 -1.00000 -0.35346 -0.89783 0.26261 0.00000 -0.00000 -1.00000 0.60081 -0.75502 0.26261 0.00000 0.00000 -1.00000 0.86603 0.50000 0.00000 0.86603 0.50000 -0.00000 0.00000 0.00000 -1.00000 0.00000 0.00000 1.00000 0.00000 1.00000 0.00000 0.00000 1.00000 -0.00000 0.00000 0.00000 -1.00000 0.00000 -0.00000 1.00000 -0.86603 0.50000 0.00000 -0.86603 0.50000 0.00000 0.00000 0.00000 -1.00000 0.00000 0.00000 1.00000 -0.86603 -0.50000 0.00000 -0.86603 -0.50000 0.00000 -0.00000 0.00000 -1.00000 0.00000 0.00000 1.00000 0.00000 -1.00000 0.00000 0.00000 -1.00000 0.00000 0.00000 -0.00000 -1.00000 0.00000 0.00000 1.00000 0.86603 -0.50000 0.00000 0.86603 -0.50000 0.00000 0.00000 0.00000 -1.00000 -0.00000 0.00000 1.00000 0.31094 0.93778 0.15457 0.00000 0.00000 -1.00000 -0.65667 0.73817 0.15457 0.00000 0.00000 -1.00000 -0.96761 -0.19960 0.15457 -0.00000 0.00000 -1.00000 -0.31094 -0.93778 0.15457 0.00000 -0.00000 -1.00000 0.65667 -0.73817 0.15457 0.00000 0.00000 -1.00000 0.96761 0.19960 0.15457 0.00000 0.00000 -1.00000 0.86603 0.50000 0.00000 0.86603 0.50000 -0.00000 0.00000 0.00000 -1.00000 0.00000 0.00000 1.00000 0.00000 1.00000 0.00000 0.00000 1.00000 -0.00000 0.00000 0.00000 -1.00000 0.00000 -0.00000 1.00000 -0.86603 0.50000 0.00000 -0.86603 0.50000 0.00000 0.00000 0.00000 -1.00000 0.00000 0.00000 1.00000 -0.86603 -0.50000 0.00000 -0.86603 -0.50000 0.00000 -0.00000 0.00000 -1.00000 0.00000 0.00000 1.00000 0.00000 -1.00000 0.00000 0.00000 -1.00000 0.00000 0.00000 -0.00000 -1.00000 0.00000 0.00000 1.00000 0.86603 -0.50000 0.00000 0.86603 -0.50000 0.00000 0.00000 0.00000 -1.00000 -0.00000 0.00000 1.00000 -0.96709 -0.11425 0.22734 -0.00000 0.00000 -1.00000 -0.38460 -0.89465 0.22734 0.00000 -0.00000 -1.00000 0.58249 -0.78040 0.22734 0.00000 0.00000 -1.00000 0.96709 0.11425 0.22734 0.00000 0.00000 -1.00000 0.38460 0.89465 0.22734 0.00000 0.00000 -1.00000 -0.58249 0.78040 0.22734 0.00000 0.00000 -1.00000 0.86603 0.50000 0.00000 0.86603 0.50000 -0.00000 0.00000 0.00000 -1.00000 0.00000 0.00000 1.00000 0.00000 1.00000 0.00000 0.00000 1.00000 -0.00000 0.00000 0.00000 -1.00000 0.00000 -0.00000 1.00000 -0.86603 0.50000 0.00000 -0.86603 0.50000 0.00000 0.00000 0.00000 -1.00000 0.00000 0.00000 1.00000 -0.86603 -0.50000 0.00000 -0.86603 -0.50000 0.00000 -0.00000 0.00000 -1.00000 0.00000 0.00000 1.00000 0.00000 -1.00000 0.00000 0.00000 -1.00000 0.00000 0.00000 -0.00000 -1.00000 0.00000 0.00000 1.00000 0.86603 -0.50000 0.00000 0.86603 -0.50000 0.00000 0.00000 0.00000 -1.00000 -0.00000 0.00000 1.00000 0.49443 0.85396 0.16213 0.00000 0.00000 -1.00000 -0.49234 0.85517 0.16213 0.00000 0.00000 -1.00000 -0.98677 0.00121 0.16213 -0.00000 0.00000 -1.00000 -0.49443 -0.85396 0.16213 0.00000 0.00000 -1.00000 0.49234 -0.85517 0.16213 0.00000 -0.00000 -1.00000 0.98677 -0.00121 0.16213 0.00000 0.00000 -1.00000 0.86603 0.50000 0.00000 0.86603 0.50000 -0.00000 0.00000 0.00000 -1.00000 0.00000 0.00000 1.00000 0.00000 1.00000 0.00000 0.00000 1.00000 -0.00000 0.00000 0.00000 -1.00000 0.00000 -0.00000 1.00000 -0.86603 0.50000 0.00000 -0.86603 0.50000 0.00000 0.00000 0.00000 -1.00000 0.00000 0.00000 1.00000 -0.86603 -0.50000 0.00000 -0.86603 -0.50000 0.00000 -0.00000 0.00000 -1.00000 0.00000 0.00000 1.00000 0.00000 -1.00000 0.00000 0.00000 -1.00000 0.00000 0.00000 -0.00000 -1.00000 0.00000 0.00000 1.00000 0.86603 -0.50000 0.00000 0.86603 -0.50000 0.00000 0.00000 0.00000 -1.00000 -0.00000 0.00000 1.00000 -0.52689 0.82852 0.18958 0.00000 0.00000 -1.00000 -0.98097 -0.04204 0.18958 -0.00000 0.00000 -1.00000 -0.45408 -0.87056 0.18958 0.00000 -0.00000 -1.00000 0.52689 -0.82852 0.18958 0.00000 0.00000 -1.00000 0.98097 0.04204 0.18958 0.00000 0.00000 -1.00000 0.45408 0.87056 0.18958 0.00000 0.00000 -1.00000 0.86603 0.50000 0.00000 0.86603 0.50000 -0.00000 0.00000 0.00000 -1.00000 0.00000 0.00000 1.00000 0.00000 1.00000 0.00000 0.00000 1.00000 -0.00000 0.00000 0.00000 -1.00000 0.00000 -0.00000 1.00000 -0.86603 0.50000 0.00000 -0.86603 0.50000 0.00000 0.00000 0.00000 -1.00000 0.00000 0.00000 1.00000 -0.86603 -0.50000 0.00000 -0.86603 -0.50000 0.00000 -0.00000 0.00000 -1.00000 0.00000 0.00000 1.00000 0.00000 -1.00000 0.00000 0.00000 -1.00000 0.00000 0.00000 -0.00000 -1.00000 0.00000 0.00000 1.00000 0.86603 -0.50000 0.00000 0.86603 -0.50000 0.00000 0.00000 0.00000 -1.00000 -0.00000 0.00000 1.00000 -0.24964 0.94527 0.21012 0.00000 0.00000 -1.00000 -0.94344 0.25644 0.21012 -0.00000 0.00000 -1.00000 -0.69381 -0.68882 0.21012 0.00000 0.00000 -1.00000 0.24964 -0.94527 0.21012 0.00000 -0.00000 -1.00000 0.94344 -0.25644 0.21012 0.00000 0.00000 -1.00000 0.69381 0.68882 0.21012 0.00000 0.00000 -1.00000 0.86603 0.50000 0.00000 0.86603 0.50000 -0.00000 0.00000 0.00000 -1.00000 0.00000 0.00000 1.00000 0.00000 1.00000 0.00000 0.00000 1.00000 -0.00000 0.00000 0.00000 -1.00000 0.00000 -0.00000 1.00000 -0.86603 0.50000 0.00000 -0.86603 0.50000 0.00000 0.00000 0.00000 -1.00000 0.00000 0.00000 1.00000 -0.86603 -0.50000 0.00000 -0.86603 -0.50000 0.00000 -0.00000 0.00000 -1.00000 0.00000 0.00000 1.00000 0.00000 -1.00000 0.00000 0.00000 -1.00000 0.00000 0.00000 -0.00000 -1.00000 0.00000 0.00000 1.00000 0.86603 -0.50000 0.00000 0.86603 -0.50000 0.00000 0.00000 0.00000 -1.00000 -0.00000 0.00000 1.00000 0.71170 -0.59985 0.36561 0.00000 0.00000 -1.00000 0.87533 0.31642 0.36561 0.00000 0.00000 -1.00000 0.16364 0.91627 0.36561 0.00000 0.00000 -1.00000 -0.71170 0.59985 0.36561 0.00000 0.00000 -1.00000 -0.87533 -0.31642 0.36561 -0.00000 0.00000 -1.00000 -0.16364 -0.91627 0.36561 0.00000 -0.00000 -1.00000 0.86603 0.50000 0.00000 0.86603 0.50000 -0.00000 0.00000 0.00000 -1.00000 0.00000 0.00000 1.00000 0.00000 1.00000 0.00000 0.00000 1.00000 -0.00000 0.00000 0.00000 -1.00000 0.00000 -0.00000 1.00000 -0.86603 0.50000 0.00000 -0.86603 0.50000 0.00000 0.00000 0.00000 -1.00000 0.00000 0.00000 1.00000 -0.86603 -0.50000 0.00000 -0.86603 -0.50000 0.00000 -0.00000 0.00000 -1.00000 0.00000 0.00000 1.00000 0.00000 -1.00000 0.00000 0.00000 -1.00000 0.00000 0.00000 -0.00000 -1.00000 0.00000 0.00000 1.00000 0.86603 -0.50000 0.00000 0.86603 -0.50000 0.00000 0.00000 0.00000 -1.00000 -0.00000 0.00000 1.00000 0.80811 -0.53357 0.24951 0.00000 0.00000 -1.00000 0.86614 0.43306 0.24951 0.00000 0.00000 -1.00000 0.05803 0.96663 0.24951 0.00000 0.00000 -1.00000 -0.80811 0.53357 0.24951 0.00000 0.00000 -1.00000 -0.86614 -0.43306 0.24951 -0.00000 0.00000 -1.00000 -0.05803 -0.96663 0.24951 0.00000 -0.00000 -1.00000 0.86603 0.50000 0.00000 0.86603 0.50000 -0.00000 0.00000 0.00000 -1.00000 0.00000 0.00000 1.00000 0.00000 1.00000 0.00000 0.00000 1.00000 -0.00000 0.00000 0.00000 -1.00000 0.00000 -0.00000 1.00000 -0.86603 0.50000 0.00000 -0.86603 0.50000 0.00000 0.00000 0.00000 -1.00000 0.00000 0.00000 1.00000 -0.86603 -0.50000 0.00000 -0.86603 -0.50000 0.00000 -0.00000 0.00000 -1.00000 0.00000 0.00000 1.00000 0.00000 -1.00000 0.00000 0.00000 -1.00000 0.00000 0.00000 -0.00000 -1.00000 0.00000 0.00000 1.00000 0.86603 -0.50000 0.00000 0.86603 -0.50000 0.00000 0.00000 0.00000 -1.00000 -0.00000 0.00000 1.00000 0.91003 -0.38879 0.14382 0.00000 0.00000 -1.00000 0.79172 0.59372 0.14382 0.00000 0.00000 -1.00000 -0.11832 0.98251 0.14382 0.00000 0.00000 -1.00000 -0.91003 0.38879 0.14382 -0.00000 0.00000 -1.00000 -0.79172 -0.59372 0.14382 0.00000 0.00000 -1.00000 0.11832 -0.98251 0.14382 0.00000 -0.00000 -1.00000 0.86603 0.50000 0.00000 0.86603 0.50000 -0.00000 0.00000 0.00000 -1.00000 0.00000 0.00000 1.00000 0.00000 1.00000 0.00000 0.00000 1.00000 -0.00000 0.00000 0.00000 -1.00000 0.00000 -0.00000 1.00000 -0.86603 0.50000 0.00000 -0.86603 0.50000 0.00000 0.00000 0.00000 -1.00000 0.00000 0.00000 1.00000 -0.86603 -0.50000 0.00000 -0.86603 -0.50000 0.00000 -0.00000 0.00000 -1.00000 0.00000 0.00000 1.00000 0.00000 -1.00000 0.00000 0.00000 -1.00000 0.00000 0.00000 -0.00000 -1.00000 0.00000 0.00000 1.00000 0.86603 -0.50000 0.00000 0.86603 -0.50000 0.00000 0.00000 0.00000 -1.00000 -0.00000 0.00000 1.00000 0.90347 0.22023 0.36775 0.00000 0.00000 -1.00000 0.26101 0.89254 0.36775 0.00000 0.00000 -1.00000 -0.64246 0.67232 0.36775 0.00000 0.00000 -1.00000 -0.90347 -0.22023 0.36775 -0.00000 0.00000 -1.00000 -0.26101 -0.89254 0.36775 0.00000 -0.00000 -1.00000 0.64246 -0.67232 0.36775 0.00000 0.00000 -1.00000 0.86603 0.50000 0.00000 0.86603 0.50000 -0.00000 0.00000 0.00000 -1.00000 0.00000 0.00000 1.00000 0.00000 1.00000 0.00000 0.00000 1.00000 -0.00000 0.00000 0.00000 -1.00000 0.00000 -0.00000 1.00000 -0.86603 0.50000 0.00000 -0.86603 0.50000 0.00000 0.00000 0.00000 -1.00000 0.00000 0.00000 1.00000 -0.86603 -0.50000 0.00000 -0.86603 -0.50000 0.00000 -0.00000 0.00000 -1.00000 0.00000 0.00000 1.00000 0.00000 -1.00000 0.00000 0.00000 -1.00000 0.00000 0.00000 -0.00000 -1.00000 0.00000 0.00000 1.00000 0.86603 -0.50000 0.00000 0.86603 -0.50000 0.00000 0.00000 0.00000 -1.00000 -0.00000 0.00000 1.00000 -0.86139 -0.48377 0.15485 -0.00000 0.00000 -1.00000 -0.01174 -0.98787 0.15485 0.00000 -0.00000 -1.00000 0.84965 -0.50410 0.15485 0.00000 0.00000 -1.00000 0.86139 0.48377 0.15485 0.00000 0.00000 -1.00000 0.01174 0.98787 0.15485 0.00000 0.00000 -1.00000 -0.84965 0.50410 0.15485 0.00000 0.00000 -1.00000 0.86603 0.50000 0.00000 0.86603 0.50000 -0.00000 0.00000 0.00000 -1.00000 0.00000 0.00000 1.00000 0.00000 1.00000 0.00000 0.00000 1.00000 -0.00000 0.00000 0.00000 -1.00000 0.00000 -0.00000 1.00000 -0.86603 0.50000 0.00000 -0.86603 0.50000 0.00000 0.00000 0.00000 -1.00000 0.00000 0.00000 1.00000 -0.86603 -0.50000 0.00000 -0.86603 -0.50000 0.00000 -0.00000 0.00000 -1.00000 0.00000 0.00000 1.00000 0.00000 -1.00000 0.00000 0.00000 -1.00000 0.00000 0.00000 -0.00000 -1.00000 0.00000 0.00000 1.00000 0.86603 -0.50000 0.00000 0.86603 -0.50000 0.00000 0.00000 0.00000 -1.00000 -0.00000 0.00000 1.00000 -0.63065 0.75347 0.18589 0.00000 0.00000 -1.00000 -0.96785 -0.16943 0.18589 -0.00000 0.00000 -1.00000 -0.33720 -0.92290 0.18589 0.00000 -0.00000 -1.00000 0.63065 -0.75347 0.18589 0.00000 0.00000 -1.00000 0.96785 0.16943 0.18589 0.00000 0.00000 -1.00000 0.33720 0.92290 0.18589 0.00000 0.00000 -1.00000 0.86603 0.50000 0.00000 0.86603 0.50000 -0.00000 0.00000 0.00000 -1.00000 0.00000 0.00000 1.00000 0.00000 1.00000 0.00000 0.00000 1.00000 -0.00000 0.00000 0.00000 -1.00000 0.00000 -0.00000 1.00000 -0.86603 0.50000 0.00000 -0.86603 0.50000 0.00000 0.00000 0.00000 -1.00000 0.00000 0.00000 1.00000 -0.86603 -0.50000 0.00000 -0.86603 -0.50000 0.00000 -0.00000 0.00000 -1.00000 0.00000 0.00000 1.00000 0.00000 -1.00000 0.00000 0.00000 -1.00000 0.00000 0.00000 -0.00000 -1.00000 0.00000 0.00000 1.00000 0.86603 -0.50000 0.00000 0.86603 -0.50000 0.00000 0.00000 0.00000 -1.00000 -0.00000 0.00000 1.00000 0.92677 -0.27450 0.25642 0.00000 0.00000 -1.00000 0.70111 0.66535 0.25642 0.00000 0.00000 -1.00000 -0.22566 0.93985 0.25642 0.00000 0.00000 -1.00000 -0.92677 0.27450 0.25642 -0.00000 0.00000 -1.00000 -0.70111 -0.66535 0.25642 0.00000 0.00000 -1.00000 0.22566 -0.93985 0.25642 0.00000 -0.00000 -1.00000 0.86603 0.50000 0.00000 0.86603 0.50000 -0.00000 0.00000 0.00000 -1.00000 0.00000 0.00000 1.00000 0.00000 1.00000 0.00000 0.00000 1.00000 -0.00000 0.00000 0.00000 -1.00000 0.00000 -0.00000 1.00000 -0.86603 0.50000 0.00000 -0.86603 0.50000 0.00000 0.00000 0.00000 -1.00000 0.00000 0.00000 1.00000 -0.86603 -0.50000 0.00000 -0.86603 -0.50000 0.00000 -0.00000 0.00000 -1.00000 0.00000 0.00000 1.00000 0.00000 -1.00000 0.00000 0.00000 -1.00000 0.00000 0.00000 -0.00000 -1.00000 0.00000 0.00000 1.00000 0.86603 -0.50000 0.00000 0.86603 -0.50000 0.00000 0.00000 0.00000 -1.00000 -0.00000 0.00000 1.00000 0.62111 -0.74723 0.23637 0.00000 0.00000 -1.00000 0.95767 0.16428 0.23637 0.00000 0.00000 -1.00000 0.33656 0.91151 0.23637 0.00000 0.00000 -1.00000 -0.62111 0.74723 0.23637 0.00000 0.00000 -1.00000 -0.95767 -0.16428 0.23637 -0.00000 0.00000 -1.00000 -0.33656 -0.91151 0.23637 0.00000 -0.00000 -1.00000 0.86603 0.50000 0.00000 0.86603 0.50000 -0.00000 0.00000 0.00000 -1.00000 0.00000 0.00000 1.00000 0.00000 1.00000 0.00000 0.00000 1.00000 -0.00000 0.00000 0.00000 -1.00000 0.00000 -0.00000 1.00000 -0.86603 0.50000 0.00000 -0.86603 0.50000 0.00000 0.00000 0.00000 -1.00000 0.00000 0.00000 1.00000 -0.86603 -0.50000 0.00000 -0.86603 -0.50000 0.00000 -0.00000 0.00000 -1.00000 0.00000 0.00000 1.00000 0.00000 -1.00000 0.00000 0.00000 -1.00000 0.00000 0.00000 -0.00000 -1.00000 0.00000 0.00000 1.00000 0.86603 -0.50000 0.00000 0.86603 -0.50000 0.00000 0.00000 0.00000 -1.00000 -0.00000 0.00000 1.00000 0.90745 0.28101 0.31236 0.00000 0.00000 -1.00000 0.21036 0.92638 0.31236 0.00000 0.00000 -1.00000 -0.69709 0.64537 0.31236 0.00000 0.00000 -1.00000 -0.90745 -0.28101 0.31236 -0.00000 0.00000 -1.00000 -0.21036 -0.92638 0.31236 0.00000 -0.00000 -1.00000 0.69709 -0.64537 0.31236 0.00000 0.00000 -1.00000 0.86603 0.50000 0.00000 0.86603 0.50000 -0.00000 0.00000 0.00000 -1.00000 0.00000 0.00000 1.00000 0.00000 1.00000 0.00000 0.00000 1.00000 -0.00000 0.00000 0.00000 -1.00000 0.00000 -0.00000 1.00000 -0.86603 0.50000 0.00000 -0.86603 0.50000 0.00000 0.00000 0.00000 -1.00000 0.00000 0.00000 1.00000 -0.86603 -0.50000 0.00000 -0.86603 -0.50000 0.00000 -0.00000 0.00000 -1.00000 0.00000 0.00000 1.00000 0.00000 -1.00000 0.00000 0.00000 -1.00000 0.00000 0.00000 -0.00000 -1.00000 0.00000 0.00000 1.00000 0.86603 -0.50000 0.00000 0.86603 -0.50000 0.00000 0.00000 0.00000 -1.00000 -0.00000 0.00000 1.00000 0.66306 -0.65968 0.35381 0.00000 0.00000 -1.00000 0.90283 0.24438 0.35381 0.00000 0.00000 -1.00000 0.23977 0.90406 0.35381 0.00000 0.00000 -1.00000 -0.66306 0.65968 0.35381 0.00000 0.00000 -1.00000 -0.90283 -0.24438 0.35381 -0.00000 0.00000 -1.00000 -0.23977 -0.90406 0.35381 0.00000 -0.00000 -1.00000 0.86603 0.50000 0.00000 0.86603 0.50000 -0.00000 0.00000 0.00000 -1.00000 0.00000 0.00000 1.00000 0.00000 1.00000 0.00000 0.00000 1.00000 -0.00000 0.00000 0.00000 -1.00000 0.00000 -0.00000 1.00000 -0.86603 0.50000 0.00000 -0.86603 0.50000 0.00000 0.00000 0.00000 -1.00000 0.00000 0.00000 1.00000 -0.86603 -0.50000 0.00000 -0.86603 -0.50000 0.00000 -0.00000 0.00000 -1.00000 0.00000 0.00000 1.00000 0.00000 -1.00000 0.00000 0.00000 -1.00000 0.00000 0.00000 -0.00000 -1.00000 0.00000 0.00000 1.00000 0.86603 -0.50000 0.00000 0.86603 -0.50000 0.00000 0.00000 0.00000 -1.00000 -0.00000 0.00000 1.00000 0.90072 -0.38408 0.20296 0.00000 0.00000 -1.00000 0.78298 0.58800 0.20296 0.00000 0.00000 -1.00000 -0.11773 0.97208 0.20296 0.00000 0.00000 -1.00000 -0.90072 0.38408 0.20296 -0.00000 0.00000 -1.00000 -0.78298 -0.58800 0.20296 0.00000 0.00000 -1.00000 0.11773 -0.97208 0.20296 0.00000 -0.00000 -1.00000 0.86603 0.50000 0.00000 0.86603 0.50000 -0.00000 0.00000 0.00000 -1.00000 0.00000 0.00000 1.00000 0.00000 1.00000 0.00000 0.00000 1.00000 -0.00000 0.00000 0.00000 -1.00000 0.00000 -0.00000 1.00000 -0.86603 0.50000 0.00000 -0.86603 0.50000 0.00000 0.00000 0.00000 -1.00000 0.00000 0.00000 1.00000 -0.86603 -0.50000 0.00000 -0.86603 -0.50000 0.00000 -0.00000 0.00000 -1.00000 0.00000 0.00000 1.00000 0.00000 -1.00000 0.00000 0.00000 -1.00000 0.00000 0.00000 -0.00000 -1.00000 0.00000 0.00000 1.00000 0.86603 -0.50000 0.00000 0.86603 -0.50000 0.00000 0.00000 0.00000 -1.00000 -0.00000 0.00000 1.00000 -0.10796 -0.97859 0.17520 0.00000 -0.00000 -1.00000 0.79351 -0.58280 0.17520 0.00000 0.00000 -1.00000 0.90147 0.39580 0.17520 0.00000 0.00000 -1.00000 0.10796 0.97859 0.17520 0.00000 0.00000 -1.00000 -0.79351 0.58280 0.17520 0.00000 0.00000 -1.00000 -0.90147 -0.39580 0.17520 -0.00000 0.00000 -1.00000 0.86603 0.50000 0.00000 0.86603 0.50000 -0.00000 0.00000 0.00000 -1.00000 0.00000 0.00000 1.00000 0.00000 1.00000 0.00000 0.00000 1.00000 -0.00000 0.00000 0.00000 -1.00000 0.00000 -0.00000 1.00000 -0.86603 0.50000 0.00000 -0.86603 0.50000 0.00000 0.00000 0.00000 -1.00000 0.00000 0.00000 1.00000 -0.86603 -0.50000 0.00000 -0.86603 -0.50000 0.00000 -0.00000 0.00000 -1.00000 0.00000 0.00000 1.00000 0.00000 -1.00000 0.00000 0.00000 -1.00000 0.00000 0.00000 -0.00000 -1.00000 0.00000 0.00000 1.00000 0.86603 -0.50000 0.00000 0.86603 -0.50000 0.00000 0.00000 0.00000 -1.00000 -0.00000 0.00000 1.00000 -0.91510 -0.31535 0.25129 -0.00000 0.00000 -1.00000 -0.18445 -0.95018 0.25129 0.00000 -0.00000 -1.00000 0.73065 -0.63483 0.25129 0.00000 0.00000 -1.00000 0.91510 0.31535 0.25129 0.00000 0.00000 -1.00000 0.18445 0.95018 0.25129 0.00000 0.00000 -1.00000 -0.73065 0.63483 0.25129 0.00000 0.00000 -1.00000 0.86603 0.50000 0.00000 0.86603 0.50000 -0.00000 0.00000 0.00000 -1.00000 0.00000 0.00000 1.00000 0.00000 1.00000 0.00000 0.00000 1.00000 -0.00000 0.00000 0.00000 -1.00000 0.00000 -0.00000 1.00000 -0.86603 0.50000 0.00000 -0.86603 0.50000 0.00000 0.00000 0.00000 -1.00000 0.00000 0.00000 1.00000 -0.86603 -0.50000 0.00000 -0.86603 -0.50000 0.00000 -0.00000 0.00000 -1.00000 0.00000 0.00000 1.00000 0.00000 -1.00000 0.00000 0.00000 -1.00000 0.00000 0.00000 -0.00000 -1.00000 0.00000 0.00000 1.00000 0.86603 -0.50000 0.00000 0.86603 -0.50000 0.00000 0.00000 0.00000 -1.00000 -0.00000 0.00000 1.00000 -0.51725 0.82605 0.22383 0.00000 0.00000 -1.00000 -0.97400 -0.03493 0.22383 -0.00000 0.00000 -1.00000 -0.45675 -0.86097 0.22383 0.00000 -0.00000 -1.00000 0.51725 -0.82605 0.22383 0.00000 0.00000 -1.00000 0.97400 0.03493 0.22383 0.00000 0.00000 -1.00000 0.45675 0.86097 0.22383 0.00000 0.00000 -1.00000 0.86603 0.50000 0.00000 0.86603 0.50000 -0.00000 0.00000 0.00000 -1.00000 0.00000 0.00000 1.00000 0.00000 1.00000 0.00000 0.00000 1.00000 -0.00000 0.00000 0.00000 -1.00000 0.00000 -0.00000 1.00000 -0.86603 0.50000 0.00000 -0.86603 0.50000 0.00000 0.00000 0.00000 -1.00000 0.00000 0.00000 1.00000 -0.86603 -0.50000 0.00000 -0.86603 -0.50000 0.00000 -0.00000 0.00000 -1.00000 0.00000 0.00000 1.00000 0.00000 -1.00000 0.00000 0.00000 -1.00000 0.00000 0.00000 -0.00000 -1.00000 0.00000 0.00000 1.00000 0.86603 -0.50000 0.00000 0.86603 -0.50000 0.00000 0.00000 0.00000 -1.00000 -0.00000 0.00000 1.00000 -0.40174 -0.85413 0.33025 0.00000 -0.00000 -1.00000 0.53883 -0.77498 0.33025 0.00000 0.00000 -1.00000 0.94057 0.07915 0.33025 0.00000 0.00000 -1.00000 0.40174 0.85413 0.33025 0.00000 0.00000 -1.00000 -0.53883 0.77498 0.33025 0.00000 0.00000 -1.00000 -0.94057 -0.07915 0.33025 -0.00000 0.00000 -1.00000 0.86603 0.50000 0.00000 0.86603 0.50000 -0.00000 0.00000 0.00000 -1.00000 0.00000 0.00000 1.00000 0.00000 1.00000 0.00000 0.00000 1.00000 -0.00000 0.00000 0.00000 -1.00000 0.00000 -0.00000 1.00000 -0.86603 0.50000 0.00000 -0.86603 0.50000 0.00000 0.00000 0.00000 -1.00000 0.00000 0.00000 1.00000 -0.86603 -0.50000 0.00000 -0.86603 -0.50000 0.00000 -0.00000 0.00000 -1.00000 0.00000 0.00000 1.00000 0.00000 -1.00000 0.00000 0.00000 -1.00000 0.00000 0.00000 -0.00000 -1.00000 0.00000 0.00000 1.00000 0.86603 -0.50000 0.00000 0.86603 -0.50000 0.00000 0.00000 0.00000 -1.00000 -0.00000 0.00000 1.00000 0.21749 0.95585 0.19760 0.00000 0.00000 -1.00000 -0.71905 0.66628 0.19760 0.00000 0.00000 -1.00000 -0.93654 -0.28957 0.19760 -0.00000 0.00000 -1.00000 -0.21749 -0.95585 0.19760 0.00000 -0.00000 -1.00000 0.71905 -0.66628 0.19760 0.00000 0.00000 -1.00000 0.93654 0.28957 0.19760 0.00000 0.00000 -1.00000 0.86603 0.50000 0.00000 0.86603 0.50000 -0.00000 0.00000 0.00000 -1.00000 0.00000 0.00000 1.00000 0.00000 1.00000 0.00000 0.00000 1.00000 -0.00000 0.00000 0.00000 -1.00000 0.00000 -0.00000 1.00000 -0.86603 0.50000 0.00000 -0.86603 0.50000 0.00000 0.00000 0.00000 -1.00000 0.00000 0.00000 1.00000 -0.86603 -0.50000 0.00000 -0.86603 -0.50000 0.00000 -0.00000 0.00000 -1.00000 0.00000 0.00000 1.00000 0.00000 -1.00000 0.00000 0.00000 -1.00000 0.00000 0.00000 -0.00000 -1.00000 0.00000 0.00000 1.00000 0.86603 -0.50000 0.00000 0.86603 -0.50000 0.00000 0.00000 0.00000 -1.00000 -0.00000 0.00000 1.00000 -0.46784 -0.79129 0.39368 0.00000 0.00000 -1.00000 0.45136 -0.80081 0.39368 0.00000 -0.00000 -1.00000 0.91920 -0.00951 0.39368 0.00000 0.00000 -1.00000 0.46784 0.79129 0.39368 0.00000 0.00000 -1.00000 -0.45136 0.80081 0.39368 0.00000 0.00000 -1.00000 -0.91920 0.00951 0.39368 -0.00000 0.00000 -1.00000 0.86603 0.50000 0.00000 0.86603 0.50000 -0.00000 0.00000 0.00000 -1.00000 0.00000 0.00000 1.00000 0.00000 1.00000 0.00000 0.00000 1.00000 -0.00000 0.00000 0.00000 -1.00000 0.00000 -0.00000 1.00000 -0.86603 0.50000 0.00000 -0.86603 0.50000 0.00000 0.00000 0.00000 -1.00000 0.00000 0.00000 1.00000 -0.86603 -0.50000 0.00000 -0.86603 -0.50000 0.00000 -0.00000 0.00000 -1.00000 0.00000 0.00000 1.00000 0.00000 -1.00000 0.00000 0.00000 -1.00000 0.00000 0.00000 -0.00000 -1.00000 0.00000 0.00000 1.00000 0.86603 -0.50000 0.00000 0.86603 -0.50000 0.00000 0.00000 0.00000 -1.00000 -0.00000 0.00000 1.00000 0.32312 0.90411 0.27962 0.00000 0.00000 -1.00000 -0.62142 0.73188 0.27962 0.00000 0.00000 -1.00000 -0.94454 -0.17222 0.27962 -0.00000 0.00000 -1.00000 -0.32312 -0.90411 0.27962 0.00000 -0.00000 -1.00000 0.62142 -0.73188 0.27962 0.00000 0.00000 -1.00000 0.94454 0.17222 0.27962 0.00000 0.00000 -1.00000 0.86603 0.50000 0.00000 0.86603 0.50000 -0.00000 0.00000 0.00000 -1.00000 0.00000 0.00000 1.00000 0.00000 1.00000 0.00000 0.00000 1.00000 -0.00000 0.00000 0.00000 -1.00000 0.00000 -0.00000 1.00000 -0.86603 0.50000 0.00000 -0.86603 0.50000 0.00000 0.00000 0.00000 -1.00000 0.00000 0.00000 1.00000 -0.86603 -0.50000 0.00000 -0.86603 -0.50000 0.00000 -0.00000 0.00000 -1.00000 0.00000 0.00000 1.00000 0.00000 -1.00000 0.00000 0.00000 -1.00000 0.00000 0.00000 -0.00000 -1.00000 0.00000 0.00000 1.00000 0.86603 -0.50000 0.00000 0.86603 -0.50000 0.00000 0.00000 0.00000 -1.00000 -0.00000 0.00000 1.00000 -0.53169 0.76022 0.37333 0.00000 0.00000 -1.00000 -0.92421 -0.08035 0.37333 -0.00000 0.00000 -1.00000 -0.39252 -0.84057 0.37333 0.00000 -0.00000 -1.00000 0.53169 -0.76022 0.37333 0.00000 0.00000 -1.00000 0.92421 0.08035 0.37333 0.00000 0.00000 -1.00000 0.39252 0.84057 0.37333 0.00000 0.00000 -1.00000 0.86603 0.50000 0.00000 0.86603 0.50000 -0.00000 0.00000 0.00000 -1.00000 0.00000 0.00000 1.00000 0.00000 1.00000 0.00000 0.00000 1.00000 -0.00000 0.00000 0.00000 -1.00000 0.00000 -0.00000 1.00000 -0.86603 0.50000 0.00000 -0.86603 0.50000 0.00000 0.00000 0.00000 -1.00000 0.00000 0.00000 1.00000 -0.86603 -0.50000 0.00000 -0.86603 -0.50000 0.00000 -0.00000 0.00000 -1.00000 0.00000 0.00000 1.00000 0.00000 -1.00000 0.00000 0.00000 -1.00000 0.00000 0.00000 -0.00000 -1.00000 0.00000 0.00000 1.00000 0.86603 -0.50000 0.00000 0.86603 -0.50000 0.00000 0.00000 0.00000 -1.00000 -0.00000 0.00000 1.00000 -0.90618 -0.35884 0.22379 -0.00000 0.00000 -1.00000 -0.14233 -0.96419 0.22379 0.00000 -0.00000 -1.00000 0.76385 -0.60535 0.22379 0.00000 0.00000 -1.00000 0.90618 0.35884 0.22379 0.00000 0.00000 -1.00000 0.14233 0.96419 0.22379 0.00000 0.00000 -1.00000 -0.76385 0.60535 0.22379 0.00000 0.00000 -1.00000 0.86603 0.50000 0.00000 0.86603 0.50000 -0.00000 0.00000 0.00000 -1.00000 0.00000 0.00000 1.00000 0.00000 1.00000 0.00000 0.00000 1.00000 -0.00000 0.00000 0.00000 -1.00000 0.00000 -0.00000 1.00000 -0.86603 0.50000 0.00000 -0.86603 0.50000 0.00000 0.00000 0.00000 -1.00000 0.00000 0.00000 1.00000 -0.86603 -0.50000 0.00000 -0.86603 -0.50000 0.00000 -0.00000 0.00000 -1.00000 0.00000 0.00000 1.00000 0.00000 -1.00000 0.00000 0.00000 -1.00000 0.00000 0.00000 -0.00000 -1.00000 0.00000 0.00000 1.00000 0.86603 -0.50000 0.00000 0.86603 -0.50000 0.00000 0.00000 0.00000 -1.00000 -0.00000 0.00000 1.00000 -0.61358 0.75678 0.22539 0.00000 0.00000 -1.00000 -0.96218 -0.15298 0.22539 -0.00000 0.00000 -1.00000 -0.34861 -0.90976 0.22539 0.00000 -0.00000 -1.00000 0.61358 -0.75678 0.22539 0.00000 0.00000 -1.00000 0.96218 0.15298 0.22539 0.00000 0.00000 -1.00000 0.34861 0.90976 0.22539 0.00000 0.00000 -1.00000 0.86603 0.50000 0.00000 0.86603 0.50000 -0.00000 0.00000 0.00000 -1.00000 0.00000 0.00000 1.00000 0.00000 1.00000 0.00000 0.00000 1.00000 -0.00000 0.00000 0.00000 -1.00000 0.00000 -0.00000 1.00000 -0.86603 0.50000 0.00000 -0.86603 0.50000 0.00000 0.00000 0.00000 -1.00000 0.00000 0.00000 1.00000 -0.86603 -0.50000 0.00000 -0.86603 -0.50000 0.00000 -0.00000 0.00000 -1.00000 0.00000 0.00000 1.00000 0.00000 -1.00000 0.00000 0.00000 -1.00000 0.00000 0.00000 -0.00000 -1.00000 0.00000 0.00000 1.00000 0.86603 -0.50000 0.00000 0.86603 -0.50000 0.00000 0.00000 0.00000 -1.00000 -0.00000 0.00000 1.00000 -0.41634 0.85016 0.32231 0.00000 0.00000 -1.00000 -0.94443 0.06452 0.32231 -0.00000 0.00000 -1.00000 -0.52809 -0.78564 0.32231 0.00000 0.00000 -1.00000 0.41634 -0.85016 0.32231 0.00000 -0.00000 -1.00000 0.94443 -0.06452 0.32231 0.00000 0.00000 -1.00000 0.52809 0.78564 0.32231 0.00000 0.00000 -1.00000 0.86603 0.50000 0.00000 0.86603 0.50000 -0.00000 0.00000 0.00000 -1.00000 0.00000 0.00000 1.00000 0.00000 1.00000 0.00000 0.00000 1.00000 -0.00000 0.00000 0.00000 -1.00000 0.00000 -0.00000 1.00000 -0.86603 0.50000 0.00000 -0.86603 0.50000 0.00000 0.00000 0.00000 -1.00000 0.00000 0.00000 1.00000 -0.86603 -0.50000 0.00000 -0.86603 -0.50000 0.00000 -0.00000 0.00000 -1.00000 0.00000 0.00000 1.00000 0.00000 -1.00000 0.00000 0.00000 -1.00000 0.00000 0.00000 -0.00000 -1.00000 0.00000 0.00000 1.00000 0.86603 -0.50000 0.00000 0.86603 -0.50000 0.00000 0.00000 0.00000 -1.00000 -0.00000 0.00000 1.00000 -0.31621 0.92063 0.22902 0.00000 0.00000 -1.00000 -0.95539 0.18647 0.22902 -0.00000 0.00000 -1.00000 -0.63918 -0.73416 0.22902 0.00000 0.00000 -1.00000 0.31621 -0.92063 0.22902 0.00000 -0.00000 -1.00000 0.95539 -0.18647 0.22902 0.00000 0.00000 -1.00000 0.63918 0.73416 0.22902 0.00000 0.00000 -1.00000 0.86603 0.50000 0.00000 0.86603 0.50000 -0.00000 0.00000 0.00000 -1.00000 0.00000 0.00000 1.00000 0.00000 1.00000 0.00000 0.00000 1.00000 -0.00000 0.00000 0.00000 -1.00000 0.00000 -0.00000 1.00000 -0.86603 0.50000 0.00000 -0.86603 0.50000 0.00000 0.00000 0.00000 -1.00000 0.00000 0.00000 1.00000 -0.86603 -0.50000 0.00000 -0.86603 -0.50000 0.00000 -0.00000 0.00000 -1.00000 0.00000 0.00000 1.00000 0.00000 -1.00000 0.00000 0.00000 -1.00000 0.00000 0.00000 -0.00000 -1.00000 0.00000 0.00000 1.00000 0.86603 -0.50000 0.00000 0.86603 -0.50000 0.00000 0.00000 0.00000 -1.00000 -0.00000 0.00000 1.00000 -0.92951 0.33419 0.15601 -0.00000 0.00000 -1.00000 -0.75417 -0.63788 0.15601 0.00000 0.00000 -1.00000 0.17534 -0.97207 0.15601 0.00000 -0.00000 -1.00000 0.92951 -0.33419 0.15601 0.00000 0.00000 -1.00000 0.75417 0.63788 0.15601 0.00000 0.00000 -1.00000 -0.17534 0.97207 0.15601 0.00000 0.00000 -1.00000 0.86603 0.50000 0.00000 0.86603 0.50000 -0.00000 0.00000 0.00000 -1.00000 0.00000 0.00000 1.00000 0.00000 1.00000 0.00000 0.00000 1.00000 -0.00000 0.00000 0.00000 -1.00000 0.00000 -0.00000 1.00000 -0.86603 0.50000 0.00000 -0.86603 0.50000 0.00000 0.00000 0.00000 -1.00000 0.00000 0.00000 1.00000 -0.86603 -0.50000 0.00000 -0.86603 -0.50000 0.00000 -0.00000 0.00000 -1.00000 0.00000 0.00000 1.00000 0.00000 -1.00000 0.00000 0.00000 -1.00000 0.00000 0.00000 -0.00000 -1.00000 0.00000 0.00000 1.00000 0.86603 -0.50000 0.00000 0.86603 -0.50000 0.00000 0.00000 0.00000 -1.00000 -0.00000 0.00000 1.00000 -0.76401 -0.59601 0.24709 0.00000 0.00000 -1.00000 0.13416 -0.95966 0.24709 0.00000 -0.00000 -1.00000 0.89817 -0.36365 0.24709 0.00000 0.00000 -1.00000 0.76401 0.59601 0.24709 0.00000 0.00000 -1.00000 -0.13416 0.95966 0.24709 0.00000 0.00000 -1.00000 -0.89817 0.36365 0.24709 -0.00000 0.00000 -1.00000 0.86603 0.50000 0.00000 0.86603 0.50000 -0.00000 0.00000 0.00000 -1.00000 0.00000 0.00000 1.00000 0.00000 1.00000 0.00000 0.00000 1.00000 -0.00000 0.00000 0.00000 -1.00000 0.00000 -0.00000 1.00000 -0.86603 0.50000 0.00000 -0.86603 0.50000 0.00000 0.00000 0.00000 -1.00000 0.00000 0.00000 1.00000 -0.86603 -0.50000 0.00000 -0.86603 -0.50000 0.00000 -0.00000 0.00000 -1.00000 0.00000 0.00000 1.00000 0.00000 -1.00000 0.00000 0.00000 -1.00000 0.00000 0.00000 -0.00000 -1.00000 0.00000 0.00000 1.00000 0.86603 -0.50000 0.00000 0.86603 -0.50000 0.00000 0.00000 0.00000 -1.00000 -0.00000 0.00000 1.00000 -0.92533 -0.07583 0.37149 -0.00000 0.00000 -1.00000 -0.39700 -0.83928 0.37149 0.00000 -0.00000 -1.00000 0.52833 -0.76345 0.37149 0.00000 0.00000 -1.00000 0.92533 0.07583 0.37149 0.00000 0.00000 -1.00000 0.39700 0.83928 0.37149 0.00000 0.00000 -1.00000 -0.52833 0.76345 0.37149 0.00000 0.00000 -1.00000 0.86603 0.50000 0.00000 0.86603 0.50000 -0.00000 0.00000 0.00000 -1.00000 0.00000 0.00000 1.00000 0.00000 1.00000 0.00000 0.00000 1.00000 -0.00000 0.00000 0.00000 -1.00000 0.00000 -0.00000 1.00000 -0.86603 0.50000 0.00000 -0.86603 0.50000 0.00000 0.00000 0.00000 -1.00000 0.00000 0.00000 1.00000 -0.86603 -0.50000 0.00000 -0.86603 -0.50000 0.00000 -0.00000 0.00000 -1.00000 0.00000 0.00000 1.00000 0.00000 -1.00000 0.00000 0.00000 -1.00000 0.00000 0.00000 -0.00000 -1.00000 0.00000 0.00000 1.00000 0.86603 -0.50000 0.00000 0.86603 -0.50000 0.00000 0.00000 0.00000 -1.00000 -0.00000 0.00000 1.00000 -0.01415 -0.98414 0.17685 0.00000 -0.00000 -1.00000 0.84521 -0.50433 0.17685 0.00000 0.00000 -1.00000 0.85936 0.47981 0.17685 0.00000 0.00000 -1.00000 0.01415 0.98414 0.17685 0.00000 0.00000 -1.00000 -0.84521 0.50433 0.17685 0.00000 0.00000 -1.00000 -0.85936 -0.47981 0.17685 -0.00000 0.00000 -1.00000 0.86603 0.50000 0.00000 0.86603 0.50000 -0.00000 0.00000 0.00000 -1.00000 0.00000 0.00000 1.00000 0.00000 1.00000 0.00000 0.00000 1.00000 -0.00000 0.00000 0.00000 -1.00000 0.00000 -0.00000 1.00000 -0.86603 0.50000 0.00000 -0.86603 0.50000 0.00000 0.00000 0.00000 -1.00000 0.00000 0.00000 1.00000 -0.86603 -0.50000 0.00000 -0.86603 -0.50000 0.00000 -0.00000 0.00000 -1.00000 0.00000 0.00000 1.00000 0.00000 -1.00000 0.00000 0.00000 -1.00000 0.00000 0.00000 -0.00000 -1.00000 0.00000 0.00000 1.00000 0.86603 -0.50000 0.00000 0.86603 -0.50000 0.00000 0.00000 0.00000 -1.00000 -0.00000 0.00000 1.00000 0.74694 -0.58936 0.30779 0.00000 0.00000 -1.00000 0.88387 0.35219 0.30779 0.00000 0.00000 -1.00000 0.13693 0.94155 0.30779 0.00000 0.00000 -1.00000 -0.74694 0.58936 0.30779 0.00000 0.00000 -1.00000 -0.88387 -0.35219 0.30779 -0.00000 0.00000 -1.00000 -0.13693 -0.94155 0.30779 0.00000 -0.00000 -1.00000 0.86603 0.50000 0.00000 0.86603 0.50000 -0.00000 0.00000 0.00000 -1.00000 0.00000 0.00000 1.00000 0.00000 1.00000 0.00000 0.00000 1.00000 -0.00000 0.00000 0.00000 -1.00000 0.00000 -0.00000 1.00000 -0.86603 0.50000 0.00000 -0.86603 0.50000 0.00000 0.00000 0.00000 -1.00000 0.00000 0.00000 1.00000 -0.86603 -0.50000 0.00000 -0.86603 -0.50000 0.00000 -0.00000 0.00000 -1.00000 0.00000 0.00000 1.00000 0.00000 -1.00000 0.00000 0.00000 -1.00000 0.00000 0.00000 -0.00000 -1.00000 0.00000 0.00000 1.00000 0.86603 -0.50000 0.00000 0.86603 -0.50000 0.00000 0.00000 0.00000 -1.00000 -0.00000 0.00000 1.00000 -0.27510 -0.94079 0.19806 0.00000 -0.00000 -1.00000 0.67720 -0.70864 0.19806 0.00000 0.00000 -1.00000 0.95230 0.23215 0.19806 0.00000 0.00000 -1.00000 0.27510 0.94079 0.19806 0.00000 0.00000 -1.00000 -0.67720 0.70864 0.19806 0.00000 0.00000 -1.00000 -0.95230 -0.23215 0.19806 -0.00000 0.00000 -1.00000 0.86603 0.50000 0.00000 0.86603 0.50000 -0.00000 0.00000 0.00000 -1.00000 0.00000 0.00000 1.00000 0.00000 1.00000 0.00000 0.00000 1.00000 -0.00000 0.00000 0.00000 -1.00000 0.00000 -0.00000 1.00000 -0.86603 0.50000 0.00000 -0.86603 0.50000 0.00000 0.00000 0.00000 -1.00000 0.00000 0.00000 1.00000 -0.86603 -0.50000 0.00000 -0.86603 -0.50000 0.00000 -0.00000 0.00000 -1.00000 0.00000 0.00000 1.00000 0.00000 -1.00000 0.00000 0.00000 -1.00000 0.00000 0.00000 -0.00000 -1.00000 0.00000 0.00000 1.00000 0.86603 -0.50000 0.00000 0.86603 -0.50000 0.00000 0.00000 0.00000 -1.00000 -0.00000 0.00000 1.00000 0.62893 0.73592 0.25074 0.00000 0.00000 -1.00000 -0.32286 0.91263 0.25074 0.00000 0.00000 -1.00000 -0.95179 0.17671 0.25074 -0.00000 0.00000 -1.00000 -0.62893 -0.73592 0.25074 0.00000 0.00000 -1.00000 0.32286 -0.91263 0.25074 0.00000 -0.00000 -1.00000 0.95179 -0.17671 0.25074 0.00000 0.00000 -1.00000 0.86603 0.50000 0.00000 0.86603 0.50000 -0.00000 0.00000 0.00000 -1.00000 0.00000 0.00000 1.00000 0.00000 1.00000 0.00000 0.00000 1.00000 -0.00000 0.00000 0.00000 -1.00000 0.00000 -0.00000 1.00000 -0.86603 0.50000 0.00000 -0.86603 0.50000 0.00000 0.00000 0.00000 -1.00000 0.00000 0.00000 1.00000 -0.86603 -0.50000 0.00000 -0.86603 -0.50000 0.00000 -0.00000 0.00000 -1.00000 0.00000 0.00000 1.00000 0.00000 -1.00000 0.00000 0.00000 -1.00000 0.00000 0.00000 -0.00000 -1.00000 0.00000 0.00000 1.00000 0.86603 -0.50000 0.00000 0.86603 -0.50000 0.00000 0.00000 0.00000 -1.00000 -0.00000 0.00000 1.00000 -0.69548 -0.67885 0.23551 0.00000 0.00000 -1.00000 0.24016 -0.94173 0.23551 0.00000 -0.00000 -1.00000 0.93564 -0.26288 0.23551 0.00000 0.00000 -1.00000 0.69548 0.67885 0.23551 0.00000 0.00000 -1.00000 -0.24016 0.94173 0.23551 0.00000 0.00000 -1.00000 -0.93564 0.26288 0.23551 -0.00000 0.00000 -1.00000 0.86603 0.50000 0.00000 0.86603 0.50000 -0.00000 0.00000 0.00000 -1.00000 0.00000 0.00000 1.00000 0.00000 1.00000 0.00000 0.00000 1.00000 -0.00000 0.00000 0.00000 -1.00000 0.00000 -0.00000 1.00000 -0.86603 0.50000 0.00000 -0.86603 0.50000 0.00000 0.00000 0.00000 -1.00000 0.00000 0.00000 1.00000 -0.86603 -0.50000 0.00000 -0.86603 -0.50000 0.00000 -0.00000 0.00000 -1.00000 0.00000 0.00000 1.00000 0.00000 -1.00000 0.00000 0.00000 -1.00000 0.00000 0.00000 -0.00000 -1.00000 0.00000 0.00000 1.00000 0.86603 -0.50000 0.00000 0.86603 -0.50000 0.00000 0.00000 0.00000 -1.00000 -0.00000 0.00000 1.00000 0.04296 -0.97815 0.20342 0.00000 -0.00000 -1.00000 0.86858 -0.45187 0.20342 0.00000 0.00000 -1.00000 0.82562 0.52628 0.20342 0.00000 0.00000 -1.00000 -0.04296 0.97815 0.20342 0.00000 0.00000 -1.00000 -0.86858 0.45187 0.20342 -0.00000 0.00000 -1.00000 -0.82562 -0.52628 0.20342 0.00000 0.00000 -1.00000 0.86603 0.50000 0.00000 0.86603 0.50000 -0.00000 0.00000 0.00000 -1.00000 0.00000 0.00000 1.00000 0.00000 1.00000 0.00000 0.00000 1.00000 -0.00000 0.00000 0.00000 -1.00000 0.00000 -0.00000 1.00000 -0.86603 0.50000 0.00000 -0.86603 0.50000 0.00000 0.00000 0.00000 -1.00000 0.00000 0.00000 1.00000 -0.86603 -0.50000 0.00000 -0.86603 -0.50000 0.00000 -0.00000 0.00000 -1.00000 0.00000 0.00000 1.00000 0.00000 -1.00000 0.00000 0.00000 -1.00000 0.00000 0.00000 -0.00000 -1.00000 0.00000 0.00000 1.00000 0.86603 -0.50000 0.00000 0.86603 -0.50000 0.00000 0.00000 0.00000 -1.00000 -0.00000 0.00000 1.00000 -0.19529 0.96678 0.16491 0.00000 0.00000 -1.00000 -0.93490 0.31427 0.16491 -0.00000 0.00000 -1.00000 -0.73961 -0.65251 0.16491 0.00000 0.00000 -1.00000 0.19529 -0.96678 0.16491 0.00000 -0.00000 -1.00000 0.93490 -0.31427 0.16491 0.00000 0.00000 -1.00000 0.73961 0.65251 0.16491 0.00000 0.00000 -1.00000 0.86603 0.50000 0.00000 0.86603 0.50000 -0.00000 0.00000 0.00000 -1.00000 0.00000 0.00000 1.00000 0.00000 1.00000 0.00000 0.00000 1.00000 -0.00000 0.00000 0.00000 -1.00000 0.00000 -0.00000 1.00000 -0.86603 0.50000 0.00000 -0.86603 0.50000 0.00000 0.00000 0.00000 -1.00000 0.00000 0.00000 1.00000 -0.86603 -0.50000 0.00000 -0.86603 -0.50000 0.00000 -0.00000 0.00000 -1.00000 0.00000 0.00000 1.00000 0.00000 -1.00000 0.00000 0.00000 -1.00000 0.00000 0.00000 -0.00000 -1.00000 0.00000 0.00000 1.00000 0.86603 -0.50000 0.00000 0.86603 -0.50000 0.00000 0.00000 0.00000 -1.00000 -0.00000 0.00000 1.00000 -0.52625 0.77688 0.34571 0.00000 0.00000 -1.00000 -0.93592 -0.06730 0.34571 -0.00000 0.00000 -1.00000 -0.40968 -0.84419 0.34571 0.00000 -0.00000 -1.00000 0.52625 -0.77688 0.34571 0.00000 0.00000 -1.00000 0.93592 0.06730 0.34571 0.00000 0.00000 -1.00000 0.40968 0.84419 0.34571 0.00000 0.00000 -1.00000 0.86603 0.50000 0.00000 0.86603 0.50000 -0.00000 0.00000 0.00000 -1.00000 0.00000 0.00000 1.00000 0.00000 1.00000 0.00000 0.00000 1.00000 -0.00000 0.00000 0.00000 -1.00000 0.00000 -0.00000 1.00000 -0.86603 0.50000 0.00000 -0.86603 0.50000 0.00000 0.00000 0.00000 -1.00000 0.00000 0.00000 1.00000 -0.86603 -0.50000 0.00000 -0.86603 -0.50000 0.00000 -0.00000 0.00000 -1.00000 0.00000 0.00000 1.00000 0.00000 -1.00000 0.00000 0.00000 -1.00000 0.00000 0.00000 -0.00000 -1.00000 0.00000 0.00000 1.00000 0.86603 -0.50000 0.00000 0.86603 -0.50000 0.00000 0.00000 0.00000 -1.00000 -0.00000 0.00000 1.00000 0.65213 -0.72673 0.21585 0.00000 0.00000 -1.00000 0.95543 0.20139 0.21585 0.00000 0.00000 -1.00000 0.30331 0.92812 0.21585 0.00000 0.00000 -1.00000 -0.65213 0.72673 0.21585 0.00000 0.00000 -1.00000 -0.95543 -0.20139 0.21585 -0.00000 0.00000 -1.00000 -0.30331 -0.92812 0.21585 0.00000 -0.00000 -1.00000 0.86603 0.50000 0.00000 0.86603 0.50000 -0.00000 0.00000 0.00000 -1.00000 0.00000 0.00000 1.00000 0.00000 1.00000 0.00000 0.00000 1.00000 -0.00000 0.00000 0.00000 -1.00000 0.00000 -0.00000 1.00000 -0.86603 0.50000 0.00000 -0.86603 0.50000 0.00000 0.00000 0.00000 -1.00000 0.00000 0.00000 1.00000 -0.86603 -0.50000 0.00000 -0.86603 -0.50000 0.00000 -0.00000 0.00000 -1.00000 0.00000 0.00000 1.00000 0.00000 -1.00000 0.00000 0.00000 -1.00000 0.00000 0.00000 -0.00000 -1.00000 0.00000 0.00000 1.00000 0.86603 -0.50000 0.00000 0.86603 -0.50000 0.00000 0.00000 0.00000 -1.00000 -0.00000 0.00000 1.00000 0.68761 -0.69058 0.22424 0.00000 0.00000 -1.00000 0.94187 0.25020 0.22424 0.00000 0.00000 -1.00000 0.25426 0.94078 0.22424 0.00000 0.00000 -1.00000 -0.68761 0.69058 0.22424 0.00000 0.00000 -1.00000 -0.94187 -0.25020 0.22424 -0.00000 0.00000 -1.00000 -0.25426 -0.94078 0.22424 0.00000 -0.00000 -1.00000 0.86603 0.50000 0.00000 0.86603 0.50000 -0.00000 0.00000 0.00000 -1.00000 0.00000 0.00000 1.00000 0.00000 1.00000 0.00000 0.00000 1.00000 -0.00000 0.00000 0.00000 -1.00000 0.00000 -0.00000 1.00000 -0.86603 0.50000 0.00000 -0.86603 0.50000 0.00000 0.00000 0.00000 -1.00000 0.00000 0.00000 1.00000 -0.86603 -0.50000 0.00000 -0.86603 -0.50000 0.00000 -0.00000 0.00000 -1.00000 0.00000 0.00000 1.00000 0.00000 -1.00000 0.00000 0.00000 -1.00000 0.00000 0.00000 -0.00000 -1.00000 0.00000 0.00000 1.00000 0.86603 -0.50000 0.00000 0.86603 -0.50000 0.00000 0.00000 0.00000 -1.00000 -0.00000 0.00000 1.00000 0.89022 0.39865 0.22043 0.00000 0.00000 -1.00000 0.09987 0.97028 0.22043 0.00000 0.00000 -1.00000 -0.79035 0.57163 0.22043 0.00000 0.00000 -1.00000 -0.89022 -0.39865 0.22043 -0.00000 0.00000 -1.00000 -0.09987 -0.97028 0.22043 0.00000 -0.00000 -1.00000 0.79035 -0.57163 0.22043 0.00000 0.00000 -1.00000 0.86603 0.50000 0.00000 0.86603 0.50000 -0.00000 0.00000 0.00000 -1.00000 0.00000 0.00000 1.00000 0.00000 1.00000 0.00000 0.00000 1.00000 -0.00000 0.00000 0.00000 -1.00000 0.00000 -0.00000 1.00000 -0.86603 0.50000 0.00000 -0.86603 0.50000 0.00000 0.00000 0.00000 -1.00000 0.00000 0.00000 1.00000 -0.86603 -0.50000 0.00000 -0.86603 -0.50000 0.00000 -0.00000 0.00000 -1.00000 0.00000 0.00000 1.00000 0.00000 -1.00000 0.00000 0.00000 -1.00000 0.00000 0.00000 -0.00000 -1.00000 0.00000 0.00000 1.00000 0.86603 -0.50000 0.00000 0.86603 -0.50000 0.00000 0.00000 0.00000 -1.00000 -0.00000 0.00000 1.00000 -0.69747 0.70100 0.14874 0.00000 0.00000 -1.00000 -0.95582 -0.25353 0.14874 -0.00000 0.00000 -1.00000 -0.25835 -0.95453 0.14874 0.00000 -0.00000 -1.00000 0.69747 -0.70100 0.14874 0.00000 0.00000 -1.00000 0.95582 0.25353 0.14874 0.00000 0.00000 -1.00000 0.25835 0.95453 0.14874 0.00000 0.00000 -1.00000 0.86603 0.50000 0.00000 0.86603 0.50000 -0.00000 0.00000 0.00000 -1.00000 0.00000 0.00000 1.00000 0.00000 1.00000 0.00000 0.00000 1.00000 -0.00000 0.00000 0.00000 -1.00000 0.00000 -0.00000 1.00000 -0.86603 0.50000 0.00000 -0.86603 0.50000 0.00000 0.00000 0.00000 -1.00000 0.00000 0.00000 1.00000 -0.86603 -0.50000 0.00000 -0.86603 -0.50000 0.00000 -0.00000 0.00000 -1.00000 0.00000 0.00000 1.00000 0.00000 -1.00000 0.00000 0.00000 -1.00000 0.00000 0.00000 -0.00000 -1.00000 0.00000 0.00000 1.00000 0.86603 -0.50000 0.00000 0.86603 -0.50000 0.00000 0.00000 0.00000 -1.00000 -0.00000 0.00000 1.00000 -0.97406 -0.02051 0.22535 -0.00000 0.00000 -1.00000 -0.46927 -0.85381 0.22535 0.00000 -0.00000 -1.00000 0.50479 -0.83331 0.22535 0.00000 0.00000 -1.00000 0.97406 0.02051 0.22535 0.00000 0.00000 -1.00000 0.46927 0.85381 0.22535 0.00000 0.00000 -1.00000 -0.50479 0.83331 0.22535 0.00000 0.00000 -1.00000 0.86603 0.50000 0.00000 0.86603 0.50000 -0.00000 0.00000 0.00000 -1.00000 0.00000 0.00000 1.00000 0.00000 1.00000 0.00000 0.00000 1.00000 -0.00000 0.00000 0.00000 -1.00000 0.00000 -0.00000 1.00000 -0.86603 0.50000 0.00000 -0.86603 0.50000 0.00000 0.00000 0.00000 -1.00000 0.00000 0.00000 1.00000 -0.86603 -0.50000 0.00000 -0.86603 -0.50000 0.00000 -0.00000 0.00000 -1.00000 0.00000 0.00000 1.00000 0.00000 -1.00000 0.00000 0.00000 -1.00000 0.00000 0.00000 -0.00000 -1.00000 0.00000 0.00000 1.00000 0.86603 -0.50000 0.00000 0.86603 -0.50000 0.00000 0.00000 0.00000 -1.00000 -0.00000 0.00000 1.00000 0.92650 0.28502 0.24568 0.00000 0.00000 -1.00000 0.21641 0.94488 0.24568 0.00000 0.00000 -1.00000 -0.71009 0.65986 0.24568 0.00000 0.00000 -1.00000 -0.92650 -0.28502 0.24568 -0.00000 0.00000 -1.00000 -0.21641 -0.94488 0.24568 0.00000 -0.00000 -1.00000 0.71009 -0.65986 0.24568 0.00000 0.00000 -1.00000 0.86603 0.50000 0.00000 0.86603 0.50000 -0.00000 0.00000 0.00000 -1.00000 0.00000 0.00000 1.00000 0.00000 1.00000 0.00000 0.00000 1.00000 -0.00000 0.00000 0.00000 -1.00000 0.00000 -0.00000 1.00000 -0.86603 0.50000 0.00000 -0.86603 0.50000 0.00000 0.00000 0.00000 -1.00000 0.00000 0.00000 1.00000 -0.86603 -0.50000 0.00000 -0.86603 -0.50000 0.00000 -0.00000 0.00000 -1.00000 0.00000 0.00000 1.00000 0.00000 -1.00000 0.00000 0.00000 -1.00000 0.00000 0.00000 -0.00000 -1.00000 0.00000 0.00000 1.00000 0.86603 -0.50000 0.00000 0.86603 -0.50000 0.00000 0.00000 0.00000 -1.00000 -0.00000 0.00000 1.00000 -0.85660 -0.48519 0.17557 -0.00000 0.00000 -1.00000 -0.00811 -0.98443 0.17557 0.00000 -0.00000 -1.00000 0.84849 -0.49924 0.17557 0.00000 0.00000 -1.00000 0.85660 0.48519 0.17557 0.00000 0.00000 -1.00000 0.00811 0.98443 0.17557 0.00000 0.00000 -1.00000 -0.84849 0.49924 0.17557 0.00000 0.00000 -1.00000 0.86603 0.50000 0.00000 0.86603 0.50000 -0.00000 0.00000 0.00000 -1.00000 0.00000 0.00000 1.00000 0.00000 1.00000 0.00000 0.00000 1.00000 -0.00000 0.00000 0.00000 -1.00000 0.00000 -0.00000 1.00000 -0.86603 0.50000 0.00000 -0.86603 0.50000 0.00000 0.00000 0.00000 -1.00000 0.00000 0.00000 1.00000 -0.86603 -0.50000 0.00000 -0.86603 -0.50000 0.00000 -0.00000 0.00000 -1.00000 0.00000 0.00000 1.00000 0.00000 -1.00000 0.00000 0.00000 -1.00000 0.00000 0.00000 -0.00000 -1.00000 0.00000 0.00000 1.00000 0.86603 -0.50000 0.00000 0.86603 -0.50000 0.00000 0.00000 0.00000 -1.00000 -0.00000 0.00000 1.00000 0.71712 0.59885 0.35653 0.00000 0.00000 -1.00000 -0.16006 0.92047 0.35653 0.00000 0.00000 -1.00000 -0.87718 0.32162 0.35653 -0.00000 0.00000 -1.00000 -0.71712 -0.59885 0.35653 0.00000 0.00000 -1.00000 0.16006 -0.92047 0.35653 0.00000 -0.00000 -1.00000 0.87718 -0.32162 0.35653 0.00000 0.00000 -1.00000 0.86603 0.50000 0.00000 0.86603 0.50000 -0.00000 0.00000 0.00000 -1.00000 0.00000 0.00000 1.00000 0.00000 1.00000 0.00000 0.00000 1.00000 -0.00000 0.00000 0.00000 -1.00000 0.00000 -0.00000 1.00000 -0.86603 0.50000 0.00000 -0.86603 0.50000 0.00000 0.00000 0.00000 -1.00000 0.00000 0.00000 1.00000 -0.86603 -0.50000 0.00000 -0.86603 -0.50000 0.00000 -0.00000 0.00000 -1.00000 0.00000 0.00000 1.00000 0.00000 -1.00000 0.00000 0.00000 -1.00000 0.00000 0.00000 -0.00000 -1.00000 0.00000 0.00000 1.00000 0.86603 -0.50000 0.00000 0.86603 -0.50000 0.00000 0.00000 0.00000 -1.00000 -0.00000 0.00000 1.00000 -0.83407 -0.52530 0.16848 0.00000 0.00000 -1.00000 0.03789 -0.98498 0.16848 0.00000 -0.00000 -1.00000 0.87196 -0.45967 0.16848 0.00000 0.00000 -1.00000 0.83407 0.52530 0.16848 0.00000 0.00000 -1.00000 -0.03789 0.98498 0.16848 0.00000 0.00000 -1.00000 -0.87196 0.45967 0.16848 -0.00000 0.00000 -1.00000 0.86603 0.50000 0.00000 0.86603 0.50000 -0.00000 0.00000 0.00000 -1.00000 0.00000 0.00000 1.00000 0.00000 1.00000 0.00000 0.00000 1.00000 -0.00000 0.00000 0.00000 -1.00000 0.00000 -0.00000 1.00000 -0.86603 0.50000 0.00000 -0.86603 0.50000 0.00000 0.00000 0.00000 -1.00000 0.00000 0.00000 1.00000 -0.86603 -0.50000 0.00000 -0.86603 -0.50000 0.00000 -0.00000 0.00000 -1.00000 0.00000 0.00000 1.00000 0.00000 -1.00000 0.00000 0.00000 -1.00000 0.00000 0.00000 -0.00000 -1.00000 0.00000 0.00000 1.00000 0.86603 -0.50000 0.00000 0.86603 -0.50000 0.00000 0.00000 0.00000 -1.00000 -0.00000 0.00000 1.00000 0.17921 0.93758 0.29803 0.00000 0.00000 -1.00000 -0.72237 0.62399 0.29803 0.00000 0.00000 -1.00000 -0.90158 -0.31359 0.29803 -0.00000 0.00000 -1.00000 -0.17921 -0.93758 0.29803 0.00000 -0.00000 -1.00000 0.72237 -0.62399 0.29803 0.00000 0.00000 -1.00000 0.90158 0.31359 0.29803 0.00000 0.00000 -1.00000 0.86603 0.50000 0.00000 0.86603 0.50000 -0.00000 0.00000 0.00000 -1.00000 0.00000 0.00000 1.00000 0.00000 1.00000 0.00000 0.00000 1.00000 -0.00000 0.00000 0.00000 -1.00000 0.00000 -0.00000 1.00000 -0.86603 0.50000 0.00000 -0.86603 0.50000 0.00000 0.00000 0.00000 -1.00000 0.00000 0.00000 1.00000 -0.86603 -0.50000 0.00000 -0.86603 -0.50000 0.00000 -0.00000 0.00000 -1.00000 0.00000 0.00000 1.00000 0.00000 -1.00000 0.00000 0.00000 -1.00000 0.00000 0.00000 -0.00000 -1.00000 0.00000 0.00000 1.00000 0.86603 -0.50000 0.00000 0.86603 -0.50000 0.00000 0.00000 0.00000 -1.00000 -0.00000 0.00000 1.00000 0.78942 0.50858 0.34375 0.00000 0.00000 -1.00000 -0.04573 0.93795 0.34375 0.00000 0.00000 -1.00000 -0.83515 0.42937 0.34375 -0.00000 0.00000 -1.00000 -0.78942 -0.50858 0.34375 0.00000 0.00000 -1.00000 0.04573 -0.93795 0.34375 0.00000 -0.00000 -1.00000 0.83515 -0.42937 0.34375 0.00000 0.00000 -1.00000 0.86603 0.50000 0.00000 0.86603 0.50000 -0.00000 0.00000 0.00000 -1.00000 0.00000 0.00000 1.00000 0.00000 1.00000 0.00000 0.00000 1.00000 -0.00000 0.00000 0.00000 -1.00000 0.00000 -0.00000 1.00000 -0.86603 0.50000 0.00000 -0.86603 0.50000 0.00000 0.00000 0.00000 -1.00000 0.00000 0.00000 1.00000 -0.86603 -0.50000 0.00000 -0.86603 -0.50000 0.00000 -0.00000 0.00000 -1.00000 0.00000 0.00000 1.00000 0.00000 -1.00000 0.00000 0.00000 -1.00000 0.00000 0.00000 -0.00000 -1.00000 0.00000 0.00000 1.00000 0.86603 -0.50000 0.00000 0.86603 -0.50000 0.00000 0.00000 0.00000 -1.00000 -0.00000 0.00000 1.00000 0.65014 -0.72649 0.22256 0.00000 0.00000 -1.00000 0.95423 0.19980 0.22256 0.00000 0.00000 -1.00000 0.30408 0.92628 0.22256 0.00000 0.00000 -1.00000 -0.65014 0.72649 0.22256 0.00000 0.00000 -1.00000 -0.95423 -0.19980 0.22256 -0.00000 0.00000 -1.00000 -0.30408 -0.92628 0.22256 0.00000 -0.00000 -1.00000 0.86603 0.50000 0.00000 0.86603 0.50000 -0.00000 0.00000 0.00000 -1.00000 0.00000 0.00000 1.00000 0.00000 1.00000 0.00000 0.00000 1.00000 -0.00000 0.00000 0.00000 -1.00000 0.00000 -0.00000 1.00000 -0.86603 0.50000 0.00000 -0.86603 0.50000 0.00000 0.00000 0.00000 -1.00000 0.00000 0.00000 1.00000 -0.86603 -0.50000 0.00000 -0.86603 -0.50000 0.00000 -0.00000 0.00000 -1.00000 0.00000 0.00000 1.00000 0.00000 -1.00000 0.00000 0.00000 -1.00000 0.00000 0.00000 -0.00000 -1.00000 0.00000 0.00000 1.00000 0.86603 -0.50000 0.00000 0.86603 -0.50000 0.00000 0.00000 0.00000 -1.00000 -0.00000 0.00000 1.00000 -0.31255 0.93347 0.17594 0.00000 0.00000 -1.00000 -0.96468 0.19606 0.17594 -0.00000 0.00000 -1.00000 -0.65213 -0.73741 0.17594 0.00000 0.00000 -1.00000 0.31255 -0.93347 0.17594 0.00000 -0.00000 -1.00000 0.96468 -0.19606 0.17594 0.00000 0.00000 -1.00000 0.65213 0.73741 0.17594 0.00000 0.00000 -1.00000 0.86603 0.50000 0.00000 0.86603 0.50000 -0.00000 0.00000 0.00000 -1.00000 0.00000 0.00000 1.00000 0.00000 1.00000 0.00000 0.00000 1.00000 -0.00000 0.00000 0.00000 -1.00000 0.00000 -0.00000 1.00000 -0.86603 0.50000 0.00000 -0.86603 0.50000 0.00000 0.00000 0.00000 -1.00000 0.00000 0.00000 1.00000 -0.86603 -0.50000 0.00000 -0.86603 -0.50000 0.00000 -0.00000 0.00000 -1.00000 0.00000 0.00000 1.00000 0.00000 -1.00000 0.00000 0.00000 -1.00000 0.00000 0.00000 -0.00000 -1.00000 0.00000 0.00000 1.00000 0.86603 -0.50000 0.00000 0.86603 -0.50000 0.00000 0.00000 0.00000 -1.00000 -0.00000 0.00000 1.00000 -0.93183 -0.27241 0.23975 -0.00000 0.00000 -1.00000 -0.23000 -0.94320 0.23975 0.00000 -0.00000 -1.00000 0.70183 -0.67079 0.23975 0.00000 0.00000 -1.00000 0.93183 0.27241 0.23975 0.00000 0.00000 -1.00000 0.23000 0.94320 0.23975 0.00000 0.00000 -1.00000 -0.70183 0.67079 0.23975 0.00000 0.00000 -1.00000 0.86603 0.50000 0.00000 0.86603 0.50000 -0.00000 0.00000 0.00000 -1.00000 0.00000 0.00000 1.00000 0.00000 1.00000 0.00000 0.00000 1.00000 -0.00000 0.00000 0.00000 -1.00000 0.00000 -0.00000 1.00000 -0.86603 0.50000 0.00000 -0.86603 0.50000 0.00000 0.00000 0.00000 -1.00000 0.00000 0.00000 1.00000 -0.86603 -0.50000 0.00000 -0.86603 -0.50000 0.00000 -0.00000 0.00000 -1.00000 0.00000 0.00000 1.00000 0.00000 -1.00000 0.00000 0.00000 -1.00000 0.00000 0.00000 -0.00000 -1.00000 0.00000 0.00000 1.00000 0.86603 -0.50000 0.00000 0.86603 -0.50000 0.00000 0.00000 0.00000 -1.00000 -0.00000 0.00000 1.00000 0.52201 -0.83024 0.19547 0.00000 0.00000 -1.00000 0.98001 0.03696 0.19547 0.00000 0.00000 -1.00000 0.45800 0.86720 0.19547 0.00000 0.00000 -1.00000 -0.52201 0.83024 0.19547 0.00000 0.00000 -1.00000 -0.98001 -0.03696 0.19547 -0.00000 0.00000 -1.00000 -0.45800 -0.86720 0.19547 0.00000 -0.00000 -1.00000 0.86603 0.50000 0.00000 0.86603 0.50000 -0.00000 0.00000 0.00000 -1.00000 0.00000 0.00000 1.00000 0.00000 1.00000 0.00000 0.00000 1.00000 -0.00000 0.00000 0.00000 -1.00000 0.00000 -0.00000 1.00000 -0.86603 0.50000 0.00000 -0.86603 0.50000 0.00000 0.00000 0.00000 -1.00000 0.00000 0.00000 1.00000 -0.86603 -0.50000 0.00000 -0.86603 -0.50000 0.00000 -0.00000 0.00000 -1.00000 0.00000 0.00000 1.00000 0.00000 -1.00000 0.00000 0.00000 -1.00000 0.00000 0.00000 -0.00000 -1.00000 0.00000 0.00000 1.00000 0.86603 -0.50000 0.00000 0.86603 -0.50000 0.00000 0.00000 0.00000 -1.00000 -0.00000 0.00000 1.00000 -0.46010 -0.82370 0.33141 0.00000 -0.00000 -1.00000 0.48329 -0.81031 0.33141 0.00000 0.00000 -1.00000 0.94339 0.01339 0.33141 0.00000 0.00000 -1.00000 0.46010 0.82370 0.33141 0.00000 0.00000 -1.00000 -0.48329 0.81031 0.33141 0.00000 0.00000 -1.00000 -0.94339 -0.01339 0.33141 -0.00000 0.00000 -1.00000 0.86603 0.50000 0.00000 0.86603 0.50000 -0.00000 0.00000 0.00000 -1.00000 0.00000 0.00000 1.00000 0.00000 1.00000 0.00000 0.00000 1.00000 -0.00000 0.00000 0.00000 -1.00000 0.00000 -0.00000 1.00000 -0.86603 0.50000 0.00000 -0.86603 0.50000 0.00000 0.00000 0.00000 -1.00000 0.00000 0.00000 1.00000 -0.86603 -0.50000 0.00000 -0.86603 -0.50000 0.00000 -0.00000 0.00000 -1.00000 0.00000 0.00000 1.00000 0.00000 -1.00000 0.00000 0.00000 -1.00000 0.00000 0.00000 -0.00000 -1.00000 0.00000 0.00000 1.00000 0.86603 -0.50000 0.00000 0.86603 -0.50000 0.00000 0.00000 0.00000 -1.00000 -0.00000 0.00000 1.00000 -0.95792 0.11658 0.26228 -0.00000 0.00000 -1.00000 -0.57992 -0.77130 0.26228 0.00000 0.00000 -1.00000 0.37800 -0.88788 0.26228 0.00000 -0.00000 -1.00000 0.95792 -0.11658 0.26228 0.00000 0.00000 -1.00000 0.57992 0.77130 0.26228 0.00000 0.00000 -1.00000 -0.37800 0.88788 0.26228 0.00000 0.00000 -1.00000 0.86603 0.50000 0.00000 0.86603 0.50000 -0.00000 0.00000 0.00000 -1.00000 0.00000 0.00000 1.00000 0.00000 1.00000 0.00000 0.00000 1.00000 -0.00000 0.00000 0.00000 -1.00000 0.00000 -0.00000 1.00000 -0.86603 0.50000 0.00000 -0.86603 0.50000 0.00000 0.00000 0.00000 -1.00000 0.00000 0.00000 1.00000 -0.86603 -0.50000 0.00000 -0.86603 -0.50000 0.00000 -0.00000 0.00000 -1.00000 0.00000 0.00000 1.00000 0.00000 -1.00000 0.00000 0.00000 -1.00000 0.00000 0.00000 -0.00000 -1.00000 0.00000 0.00000 1.00000 0.86603 -0.50000 0.00000 0.86603 -0.50000 0.00000 0.00000 0.00000 -1.00000 -0.00000 0.00000 1.00000 -0.97888 -0.06137 0.19502 -0.00000 0.00000 -1.00000 -0.43629 -0.87842 0.19502 0.00000 -0.00000 -1.00000 0.54259 -0.81705 0.19502 0.00000 0.00000 -1.00000 0.97888 0.06137 0.19502 0.00000 0.00000 -1.00000 0.43629 0.87842 0.19502 0.00000 0.00000 -1.00000 -0.54259 0.81705 0.19502 0.00000 0.00000 -1.00000 0.86603 0.50000 0.00000 0.86603 0.50000 -0.00000 0.00000 0.00000 -1.00000 0.00000 0.00000 1.00000 0.00000 1.00000 0.00000 0.00000 1.00000 -0.00000 0.00000 0.00000 -1.00000 0.00000 -0.00000 1.00000 -0.86603 0.50000 0.00000 -0.86603 0.50000 0.00000 0.00000 0.00000 -1.00000 0.00000 0.00000 1.00000 -0.86603 -0.50000 0.00000 -0.86603 -0.50000 0.00000 -0.00000 0.00000 -1.00000 0.00000 0.00000 1.00000 0.00000 -1.00000 0.00000 0.00000 -1.00000 0.00000 0.00000 -0.00000 -1.00000 0.00000 0.00000 1.00000 0.86603 -0.50000 0.00000 0.86603 -0.50000 0.00000 0.00000 0.00000 -1.00000 -0.00000 0.00000 1.00000 -0.96401 0.18153 0.19425 -0.00000 0.00000 -1.00000 -0.63922 -0.74409 0.19425 0.00000 0.00000 -1.00000 0.32479 -0.92562 0.19425 0.00000 -0.00000 -1.00000 0.96401 -0.18153 0.19425 0.00000 0.00000 -1.00000 0.63922 0.74409 0.19425 0.00000 0.00000 -1.00000 -0.32479 0.92562 0.19425 0.00000 0.00000 -1.00000 0.86603 0.50000 0.00000 0.86603 0.50000 -0.00000 0.00000 0.00000 -1.00000 0.00000 0.00000 1.00000 0.00000 1.00000 0.00000 0.00000 1.00000 -0.00000 0.00000 0.00000 -1.00000 0.00000 -0.00000 1.00000 -0.86603 0.50000 0.00000 -0.86603 0.50000 0.00000 0.00000 0.00000 -1.00000 0.00000 0.00000 1.00000 -0.86603 -0.50000 0.00000 -0.86603 -0.50000 0.00000 -0.00000 0.00000 -1.00000 0.00000 0.00000 1.00000 0.00000 -1.00000 0.00000 0.00000 -1.00000 0.00000 0.00000 -0.00000 -1.00000 0.00000 0.00000 1.00000 0.86603 -0.50000 0.00000 0.86603 -0.50000 0.00000 0.00000 0.00000 -1.00000 -0.00000 0.00000 1.00000 0.96181 0.13769 0.23655 0.00000 0.00000 -1.00000 0.36166 0.90180 0.23655 0.00000 0.00000 -1.00000 -0.60015 0.76411 0.23655 0.00000 0.00000 -1.00000 -0.96181 -0.13769 0.23655 -0.00000 0.00000 -1.00000 -0.36166 -0.90180 0.23655 0.00000 -0.00000 -1.00000 0.60015 -0.76411 0.23655 0.00000 0.00000 -1.00000 0.86603 0.50000 0.00000 0.86603 0.50000 -0.00000 0.00000 0.00000 -1.00000 0.00000 0.00000 1.00000 0.00000 1.00000 0.00000 0.00000 1.00000 -0.00000 0.00000 0.00000 -1.00000 0.00000 -0.00000 1.00000 -0.86603 0.50000 0.00000 -0.86603 0.50000 0.00000 0.00000 0.00000 -1.00000 0.00000 0.00000 1.00000 -0.86603 -0.50000 0.00000 -0.86603 -0.50000 0.00000 -0.00000 0.00000 -1.00000 0.00000 0.00000 1.00000 0.00000 -1.00000 0.00000 0.00000 -1.00000 0.00000 0.00000 -0.00000 -1.00000 0.00000 0.00000 1.00000 0.86603 -0.50000 0.00000 0.86603 -0.50000 0.00000 0.00000 0.00000 -1.00000 -0.00000 0.00000 1.00000 0.56979 0.77483 0.27382 0.00000 0.00000 -1.00000 -0.38613 0.88086 0.27382 0.00000 0.00000 -1.00000 -0.95592 0.10603 0.27382 -0.00000 0.00000 -1.00000 -0.56979 -0.77483 0.27382 0.00000 0.00000 -1.00000 0.38613 -0.88086 0.27382 0.00000 -0.00000 -1.00000 0.95592 -0.10603 0.27382 0.00000 0.00000 -1.00000 0.86603 0.50000 0.00000 0.86603 0.50000 -0.00000 0.00000 0.00000 -1.00000 0.00000 0.00000 1.00000 0.00000 1.00000 0.00000 0.00000 1.00000 -0.00000 0.00000 0.00000 -1.00000 0.00000 -0.00000 1.00000 -0.86603 0.50000 0.00000 -0.86603 0.50000 0.00000 0.00000 0.00000 -1.00000 0.00000 0.00000 1.00000 -0.86603 -0.50000 0.00000 -0.86603 -0.50000 0.00000 -0.00000 0.00000 -1.00000 0.00000 0.00000 1.00000 0.00000 -1.00000 0.00000 0.00000 -1.00000 0.00000 0.00000 -0.00000 -1.00000 0.00000 0.00000 1.00000 0.86603 -0.50000 0.00000 0.86603 -0.50000 0.00000 0.00000 0.00000 -1.00000 -0.00000 0.00000 1.00000 -0.80050 0.53635 0.26743 0.00000 0.00000 -1.00000 -0.86475 -0.42508 0.26743 -0.00000 0.00000 -1.00000 -0.06424 -0.96143 0.26743 0.00000 -0.00000 -1.00000 0.80050 -0.53635 0.26743 0.00000 0.00000 -1.00000 0.86475 0.42508 0.26743 0.00000 0.00000 -1.00000 0.06424 0.96143 0.26743 0.00000 0.00000 -1.00000 0.86603 0.50000 0.00000 0.86603 0.50000 -0.00000 0.00000 0.00000 -1.00000 0.00000 0.00000 1.00000 0.00000 1.00000 0.00000 0.00000 1.00000 -0.00000 0.00000 0.00000 -1.00000 0.00000 -0.00000 1.00000 -0.86603 0.50000 0.00000 -0.86603 0.50000 0.00000 0.00000 0.00000 -1.00000 0.00000 0.00000 1.00000 -0.86603 -0.50000 0.00000 -0.86603 -0.50000 0.00000 -0.00000 0.00000 -1.00000 0.00000 0.00000 1.00000 0.00000 -1.00000 0.00000 0.00000 -1.00000 0.00000 0.00000 -0.00000 -1.00000 0.00000 0.00000 1.00000 0.86603 -0.50000 0.00000 0.86603 -0.50000 0.00000 0.00000 0.00000 -1.00000 -0.00000 0.00000 1.00000 0.76356 -0.62069 0.17811 0.00000 0.00000 -1.00000 0.91931 0.35091 0.17811 0.00000 0.00000 -1.00000 0.15576 0.97161 0.17811 0.00000 0.00000 -1.00000 -0.76356 0.62069 0.17811 0.00000 0.00000 -1.00000 -0.91931 -0.35091 0.17811 -0.00000 0.00000 -1.00000 -0.15576 -0.97161 0.17811 0.00000 -0.00000 -1.00000 0.86603 0.50000 0.00000 0.86603 0.50000 -0.00000 0.00000 0.00000 -1.00000 0.00000 0.00000 1.00000 0.00000 1.00000 0.00000 0.00000 1.00000 -0.00000 0.00000 0.00000 -1.00000 0.00000 -0.00000 1.00000 -0.86603 0.50000 0.00000 -0.86603 0.50000 0.00000 0.00000 0.00000 -1.00000 0.00000 0.00000 1.00000 -0.86603 -0.50000 0.00000 -0.86603 -0.50000 0.00000 -0.00000 0.00000 -1.00000 0.00000 0.00000 1.00000 0.00000 -1.00000 0.00000 0.00000 -1.00000 0.00000 0.00000 -0.00000 -1.00000 0.00000 0.00000 1.00000 0.86603 -0.50000 0.00000 0.86603 -0.50000 0.00000 0.00000 0.00000 -1.00000 -0.00000 0.00000 1.00000 0.27131 0.93562 0.22584 0.00000 0.00000 -1.00000 -0.67462 0.70277 0.22584 0.00000 0.00000 -1.00000 -0.94593 -0.23285 0.22584 -0.00000 0.00000 -1.00000 -0.27131 -0.93562 0.22584 0.00000 -0.00000 -1.00000 0.67462 -0.70277 0.22584 0.00000 0.00000 -1.00000 0.94593 0.23285 0.22584 0.00000 0.00000 -1.00000 0.86603 0.50000 0.00000 0.86603 0.50000 -0.00000 0.00000 0.00000 -1.00000 0.00000 0.00000 1.00000 0.00000 1.00000 0.00000 0.00000 1.00000 -0.00000 0.00000 0.00000 -1.00000 0.00000 -0.00000 1.00000 -0.86603 0.50000 0.00000 -0.86603 0.50000 0.00000 0.00000 0.00000 -1.00000 0.00000 0.00000 1.00000 -0.86603 -0.50000 0.00000 -0.86603 -0.50000 0.00000 -0.00000 0.00000 -1.00000 0.00000 0.00000 1.00000 0.00000 -1.00000 0.00000 0.00000 -1.00000 0.00000 0.00000 -0.00000 -1.00000 0.00000 0.00000 1.00000 0.86603 -0.50000 0.00000 0.86603 -0.50000 0.00000 0.00000 0.00000 -1.00000 -0.00000 0.00000 1.00000 -0.25214 0.94590 0.20423 0.00000 0.00000 -1.00000 -0.94524 0.25459 0.20423 -0.00000 0.00000 -1.00000 -0.69310 -0.69130 0.20423 0.00000 0.00000 -1.00000 0.25214 -0.94590 0.20423 0.00000 -0.00000 -1.00000 0.94524 -0.25459 0.20423 0.00000 0.00000 -1.00000 0.69310 0.69130 0.20423 0.00000 0.00000 -1.00000 0.86603 0.50000 0.00000 0.86603 0.50000 -0.00000 0.00000 0.00000 -1.00000 0.00000 0.00000 1.00000 0.00000 1.00000 0.00000 0.00000 1.00000 -0.00000 0.00000 0.00000 -1.00000 0.00000 -0.00000 1.00000 -0.86603 0.50000 0.00000 -0.86603 0.50000 0.00000 0.00000 0.00000 -1.00000 0.00000 0.00000 1.00000 -0.86603 -0.50000 0.00000 -0.86603 -0.50000 0.00000 -0.00000 0.00000 -1.00000 0.00000 0.00000 1.00000 0.00000 -1.00000 0.00000 0.00000 -1.00000 0.00000 0.00000 -0.00000 -1.00000 0.00000 0.00000 1.00000 0.86603 -0.50000 0.00000 0.86603 -0.50000 0.00000 0.00000 0.00000 -1.00000 -0.00000 0.00000 1.00000 -0.20151 0.95110 0.23410 0.00000 0.00000 -1.00000 -0.92443 0.30104 0.23410 -0.00000 0.00000 -1.00000 -0.72292 -0.65006 0.23410 0.00000 0.00000 -1.00000 0.20151 -0.95110 0.23410 0.00000 -0.00000 -1.00000 0.92443 -0.30104 0.23410 0.00000 0.00000 -1.00000 0.72292 0.65006 0.23410 0.00000 0.00000 -1.00000 0.86603 0.50000 0.00000 0.86603 0.50000 -0.00000 0.00000 0.00000 -1.00000 0.00000 0.00000 1.00000 0.00000 1.00000 0.00000 0.00000 1.00000 -0.00000 0.00000 0.00000 -1.00000 0.00000 -0.00000 1.00000 -0.86603 0.50000 0.00000 -0.86603 0.50000 0.00000 0.00000 0.00000 -1.00000 0.00000 0.00000 1.00000 -0.86603 -0.50000 0.00000 -0.86603 -0.50000 0.00000 -0.00000 0.00000 -1.00000 0.00000 0.00000 1.00000 0.00000 -1.00000 0.00000 0.00000 -1.00000 0.00000 0.00000 -0.00000 -1.00000 0.00000 0.00000 1.00000 0.86603 -0.50000 0.00000 0.86603 -0.50000 0.00000 0.00000 0.00000 -1.00000 -0.00000 0.00000 1.00000 0.17347 0.96875 0.17727 0.00000 0.00000 -1.00000 -0.75223 0.63461 0.17727 0.00000 0.00000 -1.00000 -0.92570 -0.33415 0.17727 -0.00000 0.00000 -1.00000 -0.17347 -0.96875 0.17727 0.00000 -0.00000 -1.00000 0.75223 -0.63461 0.17727 0.00000 0.00000 -1.00000 0.92570 0.33415 0.17727 0.00000 0.00000 -1.00000 0.86603 0.50000 0.00000 0.86603 0.50000 -0.00000 0.00000 0.00000 -1.00000 0.00000 0.00000 1.00000 0.00000 1.00000 0.00000 0.00000 1.00000 -0.00000 0.00000 0.00000 -1.00000 0.00000 -0.00000 1.00000 -0.86603 0.50000 0.00000 -0.86603 0.50000 0.00000 0.00000 0.00000 -1.00000 0.00000 0.00000 1.00000 -0.86603 -0.50000 0.00000 -0.86603 -0.50000 0.00000 -0.00000 0.00000 -1.00000 0.00000 0.00000 1.00000 0.00000 -1.00000 0.00000 0.00000 -1.00000 0.00000 0.00000 -0.00000 -1.00000 0.00000 0.00000 1.00000 0.86603 -0.50000 0.00000 0.86603 -0.50000 0.00000 0.00000 0.00000 -1.00000 -0.00000 0.00000 1.00000 0.04893 -0.98779 0.14788 0.00000 -0.00000 -1.00000 0.87992 -0.45153 0.14788 0.00000 0.00000 -1.00000 0.83099 0.53627 0.14788 0.00000 0.00000 -1.00000 -0.04893 0.98779 0.14788 0.00000 0.00000 -1.00000 -0.87992 0.45153 0.14788 -0.00000 0.00000 -1.00000 -0.83099 -0.53627 0.14788 0.00000 0.00000 -1.00000 0.86603 0.50000 0.00000 0.86603 0.50000 -0.00000 0.00000 0.00000 -1.00000 0.00000 0.00000 1.00000 0.00000 1.00000 0.00000 0.00000 1.00000 -0.00000 0.00000 0.00000 -1.00000 0.00000 -0.00000 1.00000 -0.86603 0.50000 0.00000 -0.86603 0.50000 0.00000 0.00000 0.00000 -1.00000 0.00000 0.00000 1.00000 -0.86603 -0.50000 0.00000 -0.86603 -0.50000 0.00000 -0.00000 0.00000 -1.00000 0.00000 0.00000 1.00000 0.00000 -1.00000 0.00000 0.00000 -1.00000 0.00000 0.00000 -0.00000 -1.00000 0.00000 0.00000 1.00000 0.86603 -0.50000 0.00000 0.86603 -0.50000 0.00000 0.00000 0.00000 -1.00000 -0.00000 0.00000 1.00000 0.81295 0.56282 0.14950 0.00000 0.00000 -1.00000 -0.08094 0.98544 0.14950 0.00000 0.00000 -1.00000 -0.89389 0.42262 0.14950 -0.00000 0.00000 -1.00000 -0.81295 -0.56282 0.14950 0.00000 0.00000 -1.00000 0.08094 -0.98544 0.14950 0.00000 -0.00000 -1.00000 0.89389 -0.42262 0.14950 0.00000 0.00000 -1.00000 0.86603 0.50000 0.00000 0.86603 0.50000 -0.00000 0.00000 0.00000 -1.00000 0.00000 0.00000 1.00000 0.00000 1.00000 0.00000 0.00000 1.00000 -0.00000 0.00000 0.00000 -1.00000 0.00000 -0.00000 1.00000 -0.86603 0.50000 0.00000 -0.86603 0.50000 0.00000 0.00000 0.00000 -1.00000 0.00000 0.00000 1.00000 -0.86603 -0.50000 0.00000 -0.86603 -0.50000 0.00000 -0.00000 0.00000 -1.00000 0.00000 0.00000 1.00000 0.00000 -1.00000 0.00000 0.00000 -1.00000 0.00000 0.00000 -0.00000 -1.00000 0.00000 0.00000 1.00000 0.86603 -0.50000 0.00000 0.86603 -0.50000 0.00000 0.00000 0.00000 -1.00000 -0.00000 0.00000 1.00000 0.89777 -0.34992 0.26751 0.00000 0.00000 -1.00000 0.75193 0.60253 0.26751 0.00000 0.00000 -1.00000 -0.14584 0.95245 0.26751 0.00000 0.00000 -1.00000 -0.89777 0.34992 0.26751 -0.00000 0.00000 -1.00000 -0.75193 -0.60253 0.26751 0.00000 0.00000 -1.00000 0.14584 -0.95245 0.26751 0.00000 -0.00000 -1.00000 0.86603 0.50000 0.00000 0.86603 0.50000 -0.00000 0.00000 0.00000 -1.00000 0.00000 0.00000 1.00000 0.00000 1.00000 0.00000 0.00000 1.00000 -0.00000 0.00000 0.00000 -1.00000 0.00000 -0.00000 1.00000 -0.86603 0.50000 0.00000 -0.86603 0.50000 0.00000 0.00000 0.00000 -1.00000 0.00000 0.00000 1.00000 -0.86603 -0.50000 0.00000 -0.86603 -0.50000 0.00000 -0.00000 0.00000 -1.00000 0.00000 0.00000 1.00000 0.00000 -1.00000 0.00000 0.00000 -1.00000 0.00000 0.00000 -0.00000 -1.00000 0.00000 0.00000 1.00000 0.86603 -0.50000 0.00000 0.86603 -0.50000 0.00000 0.00000 0.00000 -1.00000 -0.00000 0.00000 1.00000 -0.92609 0.34046 0.16259 -0.00000 0.00000 -1.00000 -0.75790 -0.63179 0.16259 0.00000 0.00000 -1.00000 0.16820 -0.97225 0.16259 0.00000 -0.00000 -1.00000 0.92609 -0.34046 0.16259 0.00000 0.00000 -1.00000 0.75790 0.63179 0.16259 0.00000 0.00000 -1.00000 -0.16820 0.97225 0.16259 0.00000 0.00000 -1.00000 0.86603 0.50000 0.00000 0.86603 0.50000 -0.00000 0.00000 0.00000 -1.00000 0.00000 0.00000 1.00000 0.00000 1.00000 0.00000 0.00000 1.00000 -0.00000 0.00000 0.00000 -1.00000 0.00000 -0.00000 1.00000 -0.86603 0.50000 0.00000 -0.86603 0.50000 0.00000 0.00000 0.00000 -1.00000 0.00000 0.00000 1.00000 -0.86603 -0.50000 0.00000 -0.86603 -0.50000 0.00000 -0.00000 0.00000 -1.00000 0.00000 0.00000 1.00000 0.00000 -1.00000 0.00000 0.00000 -1.00000 0.00000 0.00000 -0.00000 -1.00000 0.00000 0.00000 1.00000 0.86603 -0.50000 0.00000 0.86603 -0.50000 0.00000 0.00000 0.00000 -1.00000 -0.00000 0.00000 1.00000 0.87587 0.39081 0.28305 0.00000 0.00000 -1.00000 0.09948 0.95393 0.28305 0.00000 0.00000 -1.00000 -0.77639 0.56312 0.28305 0.00000 0.00000 -1.00000 -0.87587 -0.39081 0.28305 -0.00000 0.00000 -1.00000 -0.09948 -0.95393 0.28305 0.00000 -0.00000 -1.00000 0.77639 -0.56312 0.28305 0.00000 0.00000 -1.00000 0.86603 0.50000 0.00000 0.86603 0.50000 -0.00000 0.00000 0.00000 -1.00000 0.00000 0.00000 1.00000 0.00000 1.00000 0.00000 0.00000 1.00000 -0.00000 0.00000 0.00000 -1.00000 0.00000 -0.00000 1.00000 -0.86603 0.50000 0.00000 -0.86603 0.50000 0.00000 0.00000 0.00000 -1.00000 0.00000 0.00000 1.00000 -0.86603 -0.50000 0.00000 -0.86603 -0.50000 0.00000 -0.00000 0.00000 -1.00000 0.00000 0.00000 1.00000 0.00000 -1.00000 0.00000 0.00000 -1.00000 0.00000 0.00000 -0.00000 -1.00000 0.00000 0.00000 1.00000 0.86603 -0.50000 0.00000 0.86603 -0.50000 0.00000 0.00000 0.00000 -1.00000 -0.00000 0.00000 1.00000 0.66462 -0.71014 0.23234 0.00000 0.00000 -1.00000 0.94731 0.22051 0.23234 0.00000 0.00000 -1.00000 0.28269 0.93065 0.23234 0.00000 0.00000 -1.00000 -0.66462 0.71014 0.23234 0.00000 0.00000 -1.00000 -0.94731 -0.22051 0.23234 -0.00000 0.00000 -1.00000 -0.28269 -0.93065 0.23234 0.00000 -0.00000 -1.00000 0.86603 0.50000 0.00000 0.86603 0.50000 -0.00000 0.00000 0.00000 -1.00000 0.00000 0.00000 1.00000 0.00000 1.00000 0.00000 0.00000 1.00000 -0.00000 0.00000 0.00000 -1.00000 0.00000 -0.00000 1.00000 -0.86603 0.50000 0.00000 -0.86603 0.50000 0.00000 0.00000 0.00000 -1.00000 0.00000 0.00000 1.00000 -0.86603 -0.50000 0.00000 -0.86603 -0.50000 0.00000 -0.00000 0.00000 -1.00000 0.00000 0.00000 1.00000 0.00000 -1.00000 0.00000 0.00000 -1.00000 0.00000 0.00000 -0.00000 -1.00000 0.00000 0.00000 1.00000 0.86603 -0.50000 0.00000 0.86603 -0.50000 0.00000 0.00000 0.00000 -1.00000 -0.00000 0.00000 1.00000 -0.62603 0.72607 0.28446 0.00000 0.00000 -1.00000 -0.94181 -0.17912 0.28446 -0.00000 0.00000 -1.00000 -0.31578 -0.90519 0.28446 0.00000 -0.00000 -1.00000 0.62603 -0.72607 0.28446 0.00000 0.00000 -1.00000 0.94181 0.17912 0.28446 0.00000 0.00000 -1.00000 0.31578 0.90519 0.28446 0.00000 0.00000 -1.00000 0.86603 0.50000 0.00000 0.86603 0.50000 -0.00000 0.00000 0.00000 -1.00000 0.00000 0.00000 1.00000 0.00000 1.00000 0.00000 0.00000 1.00000 -0.00000 0.00000 0.00000 -1.00000 0.00000 -0.00000 1.00000 -0.86603 0.50000 0.00000 -0.86603 0.50000 0.00000 0.00000 0.00000 -1.00000 0.00000 0.00000 1.00000 -0.86603 -0.50000 0.00000 -0.86603 -0.50000 0.00000 -0.00000 0.00000 -1.00000 0.00000 0.00000 1.00000 0.00000 -1.00000 0.00000 0.00000 -1.00000 0.00000 0.00000 -0.00000 -1.00000 0.00000 0.00000 1.00000 0.86603 -0.50000 0.00000 0.86603 -0.50000 0.00000 0.00000 0.00000 -1.00000 -0.00000 0.00000 1.00000 -0.95711 0.13909 0.25415 -0.00000 0.00000 -1.00000 -0.59901 -0.75934 0.25415 0.00000 0.00000 -1.00000 0.35810 -0.89843 0.25415 0.00000 -0.00000 -1.00000 0.95711 -0.13909 0.25415 0.00000 0.00000 -1.00000 0.59901 0.75934 0.25415 0.00000 0.00000 -1.00000 -0.35810 0.89843 0.25415 0.00000 0.00000 -1.00000 0.86603 0.50000 0.00000 0.86603 0.50000 -0.00000 0.00000 0.00000 -1.00000 0.00000 0.00000 1.00000 0.00000 1.00000 0.00000 0.00000 1.00000 -0.00000 0.00000 0.00000 -1.00000 0.00000 -0.00000 1.00000 -0.86603 0.50000 0.00000 -0.86603 0.50000 0.00000 0.00000 0.00000 -1.00000 0.00000 0.00000 1.00000 -0.86603 -0.50000 0.00000 -0.86603 -0.50000 0.00000 -0.00000 0.00000 -1.00000 0.00000 0.00000 1.00000 0.00000 -1.00000 0.00000 0.00000 -1.00000 0.00000 0.00000 -0.00000 -1.00000 0.00000 0.00000 1.00000 0.86603 -0.50000 0.00000 0.86603 -0.50000 0.00000 0.00000 0.00000 -1.00000 -0.00000 0.00000 1.00000 -0.43616 0.86653 0.24267 0.00000 0.00000 -1.00000 -0.96852 0.05554 0.24267 -0.00000 0.00000 -1.00000 -0.53236 -0.81099 0.24267 0.00000 0.00000 -1.00000 0.43616 -0.86653 0.24267 0.00000 -0.00000 -1.00000 0.96852 -0.05554 0.24267 0.00000 0.00000 -1.00000 0.53236 0.81099 0.24267 0.00000 0.00000 -1.00000 0.86603 0.50000 0.00000 0.86603 0.50000 -0.00000 0.00000 0.00000 -1.00000 0.00000 0.00000 1.00000 0.00000 1.00000 0.00000 0.00000 1.00000 -0.00000 0.00000 0.00000 -1.00000 0.00000 -0.00000 1.00000 -0.86603 0.50000 0.00000 -0.86603 0.50000 0.00000 0.00000 0.00000 -1.00000 0.00000 0.00000 1.00000 -0.86603 -0.50000 0.00000 -0.86603 -0.50000 0.00000 -0.00000 0.00000 -1.00000 0.00000 0.00000 1.00000 0.00000 -1.00000 0.00000 0.00000 -1.00000 0.00000 0.00000 -0.00000 -1.00000 0.00000 0.00000 1.00000 0.86603 -0.50000 0.00000 0.86603 -0.50000 0.00000 0.00000 0.00000 -1.00000 -0.00000 0.00000 1.00000 -0.78420 0.54555 0.29564 0.00000 0.00000 -1.00000 -0.86456 -0.40636 0.29564 -0.00000 0.00000 -1.00000 -0.08036 -0.95191 0.29564 0.00000 -0.00000 -1.00000 0.78420 -0.54555 0.29564 0.00000 0.00000 -1.00000 0.86456 0.40636 0.29564 0.00000 0.00000 -1.00000 0.08036 0.95191 0.29564 0.00000 0.00000 -1.00000 0.86603 0.50000 0.00000 0.86603 0.50000 -0.00000 0.00000 0.00000 -1.00000 0.00000 0.00000 1.00000 0.00000 1.00000 0.00000 0.00000 1.00000 -0.00000 0.00000 0.00000 -1.00000 0.00000 -0.00000 1.00000 -0.86603 0.50000 0.00000 -0.86603 0.50000 0.00000 0.00000 0.00000 -1.00000 0.00000 0.00000 1.00000 -0.86603 -0.50000 0.00000 -0.86603 -0.50000 0.00000 -0.00000 0.00000 -1.00000 0.00000 0.00000 1.00000 0.00000 -1.00000 0.00000 0.00000 -1.00000 0.00000 0.00000 -0.00000 -1.00000 0.00000 0.00000 1.00000 0.86603 -0.50000 0.00000 0.86603 -0.50000 0.00000 0.00000 0.00000 -1.00000 -0.00000 0.00000 1.00000 -0.95705 0.01798 0.28937 -0.00000 0.00000 -1.00000 -0.49410 -0.81984 0.28937 0.00000 0.00000 -1.00000 0.46295 -0.83782 0.28937 0.00000 -0.00000 -1.00000 0.95705 -0.01798 0.28937 0.00000 0.00000 -1.00000 0.49410 0.81984 0.28937 0.00000 0.00000 -1.00000 -0.46295 0.83782 0.28937 0.00000 0.00000 -1.00000 0.86603 0.50000 0.00000 0.86603 0.50000 -0.00000 0.00000 0.00000 -1.00000 0.00000 0.00000 1.00000 0.00000 1.00000 0.00000 0.00000 1.00000 -0.00000 0.00000 0.00000 -1.00000 0.00000 -0.00000 1.00000 -0.86603 0.50000 0.00000 -0.86603 0.50000 0.00000 0.00000 0.00000 -1.00000 0.00000 0.00000 1.00000 -0.86603 -0.50000 0.00000 -0.86603 -0.50000 0.00000 -0.00000 0.00000 -1.00000 0.00000 0.00000 1.00000 0.00000 -1.00000 0.00000 0.00000 -1.00000 0.00000 0.00000 -0.00000 -1.00000 0.00000 0.00000 1.00000 0.86603 -0.50000 0.00000 0.86603 -0.50000 0.00000 0.00000 0.00000 -1.00000 -0.00000 0.00000 1.00000 -0.48542 -0.83403 0.26224 0.00000 0.00000 -1.00000 0.47958 -0.83740 0.26224 0.00000 -0.00000 -1.00000 0.96500 -0.00337 0.26224 0.00000 0.00000 -1.00000 0.48542 0.83403 0.26224 0.00000 0.00000 -1.00000 -0.47958 0.83740 0.26224 0.00000 0.00000 -1.00000 -0.96500 0.00337 0.26224 -0.00000 0.00000 -1.00000 0.86603 0.50000 0.00000 0.86603 0.50000 -0.00000 0.00000 0.00000 -1.00000 0.00000 0.00000 1.00000 0.00000 1.00000 0.00000 0.00000 1.00000 -0.00000 0.00000 0.00000 -1.00000 0.00000 -0.00000 1.00000 -0.86603 0.50000 0.00000 -0.86603 0.50000 0.00000 0.00000 0.00000 -1.00000 0.00000 0.00000 1.00000 -0.86603 -0.50000 0.00000 -0.86603 -0.50000 0.00000 -0.00000 0.00000 -1.00000 0.00000 0.00000 1.00000 0.00000 -1.00000 0.00000 0.00000 -1.00000 0.00000 0.00000 -0.00000 -1.00000 0.00000 0.00000 1.00000 0.86603 -0.50000 0.00000 0.86603 -0.50000 0.00000 0.00000 0.00000 -1.00000 -0.00000 0.00000 1.00000 0.52640 0.77213 0.35597 0.00000 0.00000 -1.00000 -0.40548 0.84194 0.35597 0.00000 0.00000 -1.00000 -0.93189 0.06981 0.35597 -0.00000 0.00000 -1.00000 -0.52640 -0.77213 0.35597 0.00000 0.00000 -1.00000 0.40548 -0.84194 0.35597 0.00000 -0.00000 -1.00000 0.93189 -0.06981 0.35597 0.00000 0.00000 -1.00000 0.86603 0.50000 0.00000 0.86603 0.50000 -0.00000 0.00000 0.00000 -1.00000 0.00000 0.00000 1.00000 0.00000 1.00000 0.00000 0.00000 1.00000 -0.00000 0.00000 0.00000 -1.00000 0.00000 -0.00000 1.00000 -0.86603 0.50000 0.00000 -0.86603 0.50000 0.00000 0.00000 0.00000 -1.00000 0.00000 0.00000 1.00000 -0.86603 -0.50000 0.00000 -0.86603 -0.50000 0.00000 -0.00000 0.00000 -1.00000 0.00000 0.00000 1.00000 0.00000 -1.00000 0.00000 0.00000 -1.00000 0.00000 0.00000 -0.00000 -1.00000 0.00000 0.00000 1.00000 0.86603 -0.50000 0.00000 0.86603 -0.50000 0.00000 0.00000 0.00000 -1.00000 -0.00000 0.00000 1.00000 -0.96795 0.12444 0.21816 -0.00000 0.00000 -1.00000 -0.59174 -0.77605 0.21816 0.00000 0.00000 -1.00000 0.37620 -0.90049 0.21816 0.00000 -0.00000 -1.00000 0.96795 -0.12444 0.21816 0.00000 0.00000 -1.00000 0.59174 0.77605 0.21816 0.00000 0.00000 -1.00000 -0.37620 0.90049 0.21816 0.00000 0.00000 -1.00000 0.86603 0.50000 0.00000 0.86603 0.50000 -0.00000 0.00000 0.00000 -1.00000 0.00000 0.00000 1.00000 0.00000 1.00000 0.00000 0.00000 1.00000 -0.00000 0.00000 0.00000 -1.00000 0.00000 -0.00000 1.00000 -0.86603 0.50000 0.00000 -0.86603 0.50000 0.00000 0.00000 0.00000 -1.00000 0.00000 0.00000 1.00000 -0.86603 -0.50000 0.00000 -0.86603 -0.50000 0.00000 -0.00000 0.00000 -1.00000 0.00000 0.00000 1.00000 0.00000 -1.00000 0.00000 0.00000 -1.00000 0.00000 0.00000 -0.00000 -1.00000 0.00000 0.00000 1.00000 0.86603 -0.50000 0.00000 0.86603 -0.50000 0.00000 0.00000 0.00000 -1.00000 -0.00000 0.00000 1.00000 -0.28455 0.93821 0.19699 0.00000 0.00000 -1.00000 -0.95478 0.22268 0.19699 -0.00000 0.00000 -1.00000 -0.67024 -0.71553 0.19699 0.00000 0.00000 -1.00000 0.28455 -0.93821 0.19699 0.00000 -0.00000 -1.00000 0.95478 -0.22268 0.19699 0.00000 0.00000 -1.00000 0.67024 0.71553 0.19699 0.00000 0.00000 -1.00000 0.86603 0.50000 0.00000 0.86603 0.50000 -0.00000 0.00000 0.00000 -1.00000 0.00000 0.00000 1.00000 0.00000 1.00000 0.00000 0.00000 1.00000 -0.00000 0.00000 0.00000 -1.00000 0.00000 -0.00000 1.00000 -0.86603 0.50000 0.00000 -0.86603 0.50000 0.00000 0.00000 0.00000 -1.00000 0.00000 0.00000 1.00000 -0.86603 -0.50000 0.00000 -0.86603 -0.50000 0.00000 -0.00000 0.00000 -1.00000 0.00000 0.00000 1.00000 0.00000 -1.00000 0.00000 0.00000 -1.00000 0.00000 0.00000 -0.00000 -1.00000 0.00000 0.00000 1.00000 0.86603 -0.50000 0.00000 0.86603 -0.50000 0.00000 0.00000 0.00000 -1.00000 -0.00000 0.00000 1.00000 -0.04742 0.97028 0.23728 0.00000 0.00000 -1.00000 -0.86400 0.44408 0.23728 -0.00000 0.00000 -1.00000 -0.81658 -0.52620 0.23728 0.00000 0.00000 -1.00000 0.04742 -0.97028 0.23728 0.00000 -0.00000 -1.00000 0.86400 -0.44408 0.23728 0.00000 0.00000 -1.00000 0.81658 0.52620 0.23728 0.00000 0.00000 -1.00000 0.86603 0.50000 0.00000 0.86603 0.50000 -0.00000 0.00000 0.00000 -1.00000 0.00000 0.00000 1.00000 0.00000 1.00000 0.00000 0.00000 1.00000 -0.00000 0.00000 0.00000 -1.00000 0.00000 -0.00000 1.00000 -0.86603 0.50000 0.00000 -0.86603 0.50000 0.00000 0.00000 0.00000 -1.00000 0.00000 0.00000 1.00000 -0.86603 -0.50000 0.00000 -0.86603 -0.50000 0.00000 -0.00000 0.00000 -1.00000 0.00000 0.00000 1.00000 0.00000 -1.00000 0.00000 0.00000 -1.00000 0.00000 0.00000 -0.00000 -1.00000 0.00000 0.00000 1.00000 0.86603 -0.50000 0.00000 0.86603 -0.50000 0.00000 0.00000 0.00000 -1.00000 -0.00000 0.00000 1.00000 -0.77221 -0.54508 0.32646 0.00000 0.00000 -1.00000 0.08595 -0.94130 0.32646 0.00000 -0.00000 -1.00000 0.85816 -0.39621 0.32646 0.00000 0.00000 -1.00000 0.77221 0.54508 0.32646 0.00000 0.00000 -1.00000 -0.08595 0.94130 0.32646 0.00000 0.00000 -1.00000 -0.85816 0.39621 0.32646 -0.00000 0.00000 -1.00000 0.86603 0.50000 0.00000 0.86603 0.50000 -0.00000 0.00000 0.00000 -1.00000 0.00000 0.00000 1.00000 0.00000 1.00000 0.00000 0.00000 1.00000 -0.00000 0.00000 0.00000 -1.00000 0.00000 -0.00000 1.00000 -0.86603 0.50000 0.00000 -0.86603 0.50000 0.00000 0.00000 0.00000 -1.00000 0.00000 0.00000 1.00000 -0.86603 -0.50000 0.00000 -0.86603 -0.50000 0.00000 -0.00000 0.00000 -1.00000 0.00000 0.00000 1.00000 0.00000 -1.00000 0.00000 0.00000 -1.00000 0.00000 0.00000 -0.00000 -1.00000 0.00000 0.00000 1.00000 0.86603 -0.50000 0.00000 0.86603 -0.50000 0.00000 0.00000 0.00000 -1.00000 -0.00000 0.00000 1.00000 0.40585 0.81396 0.41564 0.00000 0.00000 -1.00000 -0.50199 0.75845 0.41564 0.00000 0.00000 -1.00000 -0.90783 -0.05551 0.41564 -0.00000 0.00000 -1.00000 -0.40585 -0.81396 0.41564 0.00000 -0.00000 -1.00000 0.50199 -0.75845 0.41564 0.00000 0.00000 -1.00000 0.90783 0.05551 0.41564 0.00000 0.00000 -1.00000 0.86603 0.50000 0.00000 0.86603 0.50000 -0.00000 0.00000 0.00000 -1.00000 0.00000 0.00000 1.00000 0.00000 1.00000 0.00000 0.00000 1.00000 -0.00000 0.00000 0.00000 -1.00000 0.00000 -0.00000 1.00000 -0.86603 0.50000 0.00000 -0.86603 0.50000 0.00000 0.00000 0.00000 -1.00000 0.00000 0.00000 1.00000 -0.86603 -0.50000 0.00000 -0.86603 -0.50000 0.00000 -0.00000 0.00000 -1.00000 0.00000 0.00000 1.00000 0.00000 -1.00000 0.00000 0.00000 -1.00000 0.00000 0.00000 -0.00000 -1.00000 0.00000 0.00000 1.00000 0.86603 -0.50000 0.00000 0.86603 -0.50000 0.00000 0.00000 0.00000 -1.00000 -0.00000 0.00000 1.00000 -0.73691 0.65413 0.17054 0.00000 0.00000 -1.00000 -0.93495 -0.31111 0.17054 -0.00000 0.00000 -1.00000 -0.19804 -0.96524 0.17054 0.00000 -0.00000 -1.00000 0.73691 -0.65413 0.17054 0.00000 0.00000 -1.00000 0.93495 0.31111 0.17054 0.00000 0.00000 -1.00000 0.19804 0.96524 0.17054 0.00000 0.00000 -1.00000 0.86603 0.50000 0.00000 0.86603 0.50000 -0.00000 0.00000 0.00000 -1.00000 0.00000 0.00000 1.00000 0.00000 1.00000 0.00000 0.00000 1.00000 -0.00000 0.00000 0.00000 -1.00000 0.00000 -0.00000 1.00000 -0.86603 0.50000 0.00000 -0.86603 0.50000 0.00000 0.00000 0.00000 -1.00000 0.00000 0.00000 1.00000 -0.86603 -0.50000 0.00000 -0.86603 -0.50000 0.00000 -0.00000 0.00000 -1.00000 0.00000 0.00000 1.00000 0.00000 -1.00000 0.00000 0.00000 -1.00000 0.00000 0.00000 -0.00000 -1.00000 0.00000 0.00000 1.00000 0.86603 -0.50000 0.00000 0.86603 -0.50000 0.00000 0.00000 0.00000 -1.00000 -0.00000 0.00000 1.00000 0.60366 -0.75818 0.24648 0.00000 0.00000 -1.00000 0.95843 0.14370 0.24648 0.00000 0.00000 -1.00000 0.35477 0.90188 0.24648 0.00000 0.00000 -1.00000 -0.60366 0.75818 0.24648 0.00000 0.00000 -1.00000 -0.95843 -0.14370 0.24648 -0.00000 0.00000 -1.00000 -0.35477 -0.90188 0.24648 0.00000 -0.00000 -1.00000 0.86603 0.50000 0.00000 0.86603 0.50000 -0.00000 0.00000 0.00000 -1.00000 0.00000 0.00000 1.00000 0.00000 1.00000 0.00000 0.00000 1.00000 -0.00000 0.00000 0.00000 -1.00000 0.00000 -0.00000 1.00000 -0.86603 0.50000 0.00000 -0.86603 0.50000 0.00000 0.00000 0.00000 -1.00000 0.00000 0.00000 1.00000 -0.86603 -0.50000 0.00000 -0.86603 -0.50000 0.00000 -0.00000 0.00000 -1.00000 0.00000 0.00000 1.00000 0.00000 -1.00000 0.00000 0.00000 -1.00000 0.00000 0.00000 -0.00000 -1.00000 0.00000 0.00000 1.00000 0.86603 -0.50000 0.00000 0.86603 -0.50000 0.00000 0.00000 0.00000 -1.00000 -0.00000 0.00000 1.00000 0.98951 0.02403 0.14246 0.00000 0.00000 -1.00000 0.47394 0.86896 0.14246 0.00000 0.00000 -1.00000 -0.51557 0.84492 0.14246 0.00000 0.00000 -1.00000 -0.98951 -0.02403 0.14246 -0.00000 0.00000 -1.00000 -0.47394 -0.86896 0.14246 0.00000 -0.00000 -1.00000 0.51557 -0.84492 0.14246 0.00000 0.00000 -1.00000 0.86603 0.50000 0.00000 0.86603 0.50000 -0.00000 0.00000 0.00000 -1.00000 0.00000 0.00000 1.00000 0.00000 1.00000 0.00000 0.00000 1.00000 -0.00000 0.00000 0.00000 -1.00000 0.00000 -0.00000 1.00000 -0.86603 0.50000 0.00000 -0.86603 0.50000 0.00000 0.00000 0.00000 -1.00000 0.00000 0.00000 1.00000 -0.86603 -0.50000 0.00000 -0.86603 -0.50000 0.00000 -0.00000 0.00000 -1.00000 0.00000 0.00000 1.00000 0.00000 -1.00000 0.00000 0.00000 -1.00000 0.00000 0.00000 -0.00000 -1.00000 0.00000 0.00000 1.00000 0.86603 -0.50000 0.00000 0.86603 -0.50000 0.00000 0.00000 0.00000 -1.00000 -0.00000 0.00000 1.00000 -0.01821 -0.95283 0.30297 0.00000 -0.00000 -1.00000 0.81606 -0.49219 0.30297 0.00000 0.00000 -1.00000 0.83428 0.46064 0.30297 0.00000 0.00000 -1.00000 0.01821 0.95283 0.30297 0.00000 0.00000 -1.00000 -0.81606 0.49219 0.30297 0.00000 0.00000 -1.00000 -0.83428 -0.46064 0.30297 -0.00000 0.00000 -1.00000 0.86603 0.50000 0.00000 0.86603 0.50000 -0.00000 0.00000 0.00000 -1.00000 0.00000 0.00000 1.00000 0.00000 1.00000 0.00000 0.00000 1.00000 -0.00000 0.00000 0.00000 -1.00000 0.00000 -0.00000 1.00000 -0.86603 0.50000 0.00000 -0.86603 0.50000 0.00000 0.00000 0.00000 -1.00000 0.00000 0.00000 1.00000 -0.86603 -0.50000 0.00000 -0.86603 -0.50000 0.00000 -0.00000 0.00000 -1.00000 0.00000 0.00000 1.00000 0.00000 -1.00000 0.00000 0.00000 -1.00000 0.00000 0.00000 -0.00000 -1.00000 0.00000 0.00000 1.00000 0.86603 -0.50000 0.00000 0.86603 -0.50000 0.00000 0.00000 0.00000 -1.00000 -0.00000 0.00000 1.00000 0.51172 -0.81194 0.28088 0.00000 0.00000 -1.00000 0.95902 0.03719 0.28088 0.00000 0.00000 -1.00000 0.44730 0.84913 0.28088 0.00000 0.00000 -1.00000 -0.51172 0.81194 0.28088 0.00000 0.00000 -1.00000 -0.95902 -0.03719 0.28088 -0.00000 0.00000 -1.00000 -0.44730 -0.84913 0.28088 0.00000 -0.00000 -1.00000 0.86603 0.50000 0.00000 0.86603 0.50000 -0.00000 0.00000 0.00000 -1.00000 0.00000 0.00000 1.00000 0.00000 1.00000 0.00000 0.00000 1.00000 -0.00000 0.00000 0.00000 -1.00000 0.00000 -0.00000 1.00000 -0.86603 0.50000 0.00000 -0.86603 0.50000 0.00000 0.00000 0.00000 -1.00000 0.00000 0.00000 1.00000 -0.86603 -0.50000 0.00000 -0.86603 -0.50000 0.00000 -0.00000 0.00000 -1.00000 0.00000 0.00000 1.00000 0.00000 -1.00000 0.00000 0.00000 -1.00000 0.00000 0.00000 -0.00000 -1.00000 0.00000 0.00000 1.00000 0.86603 -0.50000 0.00000 0.86603 -0.50000 0.00000 0.00000 0.00000 -1.00000 -0.00000 0.00000 1.00000 -0.45953 -0.87421 0.15681 0.00000 -0.00000 -1.00000 0.52732 -0.83507 0.15681 0.00000 0.00000 -1.00000 0.98685 0.03914 0.15681 0.00000 0.00000 -1.00000 0.45953 0.87421 0.15681 0.00000 0.00000 -1.00000 -0.52732 0.83507 0.15681 0.00000 0.00000 -1.00000 -0.98685 -0.03914 0.15681 -0.00000 0.00000 -1.00000 0.86603 0.50000 0.00000 0.86603 0.50000 -0.00000 0.00000 0.00000 -1.00000 0.00000 0.00000 1.00000 0.00000 1.00000 0.00000 0.00000 1.00000 -0.00000 0.00000 0.00000 -1.00000 0.00000 -0.00000 1.00000 -0.86603 0.50000 0.00000 -0.86603 0.50000 0.00000 0.00000 0.00000 -1.00000 0.00000 0.00000 1.00000 -0.86603 -0.50000 0.00000 -0.86603 -0.50000 0.00000 -0.00000 0.00000 -1.00000 0.00000 0.00000 1.00000 0.00000 -1.00000 0.00000 0.00000 -1.00000 0.00000 0.00000 -0.00000 -1.00000 0.00000 0.00000 1.00000 0.86603 -0.50000 0.00000 0.86603 -0.50000 0.00000 0.00000 0.00000 -1.00000 -0.00000 0.00000 1.00000 -0.56266 -0.78874 0.24761 0.00000 0.00000 -1.00000 0.40174 -0.88164 0.24761 0.00000 -0.00000 -1.00000 0.96439 -0.09291 0.24761 0.00000 0.00000 -1.00000 0.56266 0.78874 0.24761 0.00000 0.00000 -1.00000 -0.40174 0.88164 0.24761 0.00000 0.00000 -1.00000 -0.96439 0.09291 0.24761 -0.00000 0.00000 -1.00000 0.86603 0.50000 0.00000 0.86603 0.50000 -0.00000 0.00000 0.00000 -1.00000 0.00000 0.00000 1.00000 0.00000 1.00000 0.00000 0.00000 1.00000 -0.00000 0.00000 0.00000 -1.00000 0.00000 -0.00000 1.00000 -0.86603 0.50000 0.00000 -0.86603 0.50000 0.00000 0.00000 0.00000 -1.00000 0.00000 0.00000 1.00000 -0.86603 -0.50000 0.00000 -0.86603 -0.50000 0.00000 -0.00000 0.00000 -1.00000 0.00000 0.00000 1.00000 0.00000 -1.00000 0.00000 0.00000 -1.00000 0.00000 0.00000 -0.00000 -1.00000 0.00000 0.00000 1.00000 0.86603 -0.50000 0.00000 0.86603 -0.50000 0.00000 0.00000 0.00000 -1.00000 -0.00000 0.00000 1.00000 0.72238 0.61325 0.31951 0.00000 0.00000 -1.00000 -0.16990 0.93223 0.31951 0.00000 0.00000 -1.00000 -0.89228 0.31898 0.31951 -0.00000 0.00000 -1.00000 -0.72238 -0.61325 0.31951 0.00000 0.00000 -1.00000 0.16990 -0.93223 0.31951 0.00000 -0.00000 -1.00000 0.89228 -0.31898 0.31951 0.00000 0.00000 -1.00000 0.86603 0.50000 0.00000 0.86603 0.50000 -0.00000 0.00000 0.00000 -1.00000 0.00000 0.00000 1.00000 0.00000 1.00000 0.00000 0.00000 1.00000 -0.00000 0.00000 0.00000 -1.00000 0.00000 -0.00000 1.00000 -0.86603 0.50000 0.00000 -0.86603 0.50000 0.00000 0.00000 0.00000 -1.00000 0.00000 0.00000 1.00000 -0.86603 -0.50000 0.00000 -0.86603 -0.50000 0.00000 -0.00000 0.00000 -1.00000 0.00000 0.00000 1.00000 0.00000 -1.00000 0.00000 0.00000 -1.00000 0.00000 0.00000 -0.00000 -1.00000 0.00000 0.00000 1.00000 0.86603 -0.50000 0.00000 0.86603 -0.50000 0.00000 0.00000 0.00000 -1.00000 -0.00000 0.00000 1.00000 0.88696 -0.39047 0.24665 0.00000 0.00000 -1.00000 0.78163 0.57290 0.24665 0.00000 0.00000 -1.00000 -0.10533 0.96336 0.24665 0.00000 0.00000 -1.00000 -0.88696 0.39047 0.24665 -0.00000 0.00000 -1.00000 -0.78163 -0.57290 0.24665 0.00000 0.00000 -1.00000 0.10533 -0.96336 0.24665 0.00000 -0.00000 -1.00000 0.86603 0.50000 0.00000 0.86603 0.50000 -0.00000 0.00000 0.00000 -1.00000 0.00000 0.00000 1.00000 0.00000 1.00000 0.00000 0.00000 1.00000 -0.00000 0.00000 0.00000 -1.00000 0.00000 -0.00000 1.00000 -0.86603 0.50000 0.00000 -0.86603 0.50000 0.00000 0.00000 0.00000 -1.00000 0.00000 0.00000 1.00000 -0.86603 -0.50000 0.00000 -0.86603 -0.50000 0.00000 -0.00000 0.00000 -1.00000 0.00000 0.00000 1.00000 0.00000 -1.00000 0.00000 0.00000 -1.00000 0.00000 0.00000 -0.00000 -1.00000 0.00000 0.00000 1.00000 0.86603 -0.50000 0.00000 0.86603 -0.50000 0.00000 0.00000 0.00000 -1.00000 -0.00000 0.00000 1.00000 0.42513 -0.85435 0.29892 0.00000 -0.00000 -1.00000 0.95245 -0.05900 0.29892 0.00000 0.00000 -1.00000 0.52732 0.79535 0.29892 0.00000 0.00000 -1.00000 -0.42513 0.85435 0.29892 0.00000 0.00000 -1.00000 -0.95245 0.05900 0.29892 -0.00000 0.00000 -1.00000 -0.52732 -0.79535 0.29892 0.00000 0.00000 -1.00000 0.86603 0.50000 0.00000 0.86603 0.50000 -0.00000 0.00000 0.00000 -1.00000 0.00000 0.00000 1.00000 0.00000 1.00000 0.00000 0.00000 1.00000 -0.00000 0.00000 0.00000 -1.00000 0.00000 -0.00000 1.00000 -0.86603 0.50000 0.00000 -0.86603 0.50000 0.00000 0.00000 0.00000 -1.00000 0.00000 0.00000 1.00000 -0.86603 -0.50000 0.00000 -0.86603 -0.50000 0.00000 -0.00000 0.00000 -1.00000 0.00000 0.00000 1.00000 0.00000 -1.00000 0.00000 0.00000 -1.00000 0.00000 0.00000 -0.00000 -1.00000 0.00000 0.00000 1.00000 0.86603 -0.50000 0.00000 0.86603 -0.50000 0.00000 0.00000 0.00000 -1.00000 -0.00000 0.00000 1.00000 0.80235 0.55464 0.22047 0.00000 0.00000 -1.00000 -0.07916 0.97218 0.22047 0.00000 0.00000 -1.00000 -0.88151 0.41754 0.22047 -0.00000 0.00000 -1.00000 -0.80235 -0.55464 0.22047 0.00000 0.00000 -1.00000 0.07916 -0.97218 0.22047 0.00000 -0.00000 -1.00000 0.88151 -0.41754 0.22047 0.00000 0.00000 -1.00000 0.86603 0.50000 0.00000 0.86603 0.50000 -0.00000 0.00000 0.00000 -1.00000 0.00000 0.00000 1.00000 0.00000 1.00000 0.00000 0.00000 1.00000 -0.00000 0.00000 0.00000 -1.00000 0.00000 -0.00000 1.00000 -0.86603 0.50000 0.00000 -0.86603 0.50000 0.00000 0.00000 0.00000 -1.00000 0.00000 0.00000 1.00000 -0.86603 -0.50000 0.00000 -0.86603 -0.50000 0.00000 -0.00000 0.00000 -1.00000 0.00000 0.00000 1.00000 0.00000 -1.00000 0.00000 0.00000 -1.00000 0.00000 0.00000 -0.00000 -1.00000 0.00000 0.00000 1.00000 0.86603 -0.50000 0.00000 0.86603 -0.50000 0.00000 0.00000 0.00000 -1.00000 -0.00000 0.00000 1.00000 -0.33847 0.87569 0.34439 0.00000 0.00000 -1.00000 -0.92760 0.14472 0.34439 -0.00000 0.00000 -1.00000 -0.58913 -0.73097 0.34439 0.00000 0.00000 -1.00000 0.33847 -0.87569 0.34439 0.00000 -0.00000 -1.00000 0.92760 -0.14472 0.34439 0.00000 0.00000 -1.00000 0.58913 0.73097 0.34439 0.00000 0.00000 -1.00000 0.86603 0.50000 0.00000 0.86603 0.50000 -0.00000 0.00000 0.00000 -1.00000 0.00000 0.00000 1.00000 0.00000 1.00000 0.00000 0.00000 1.00000 -0.00000 0.00000 0.00000 -1.00000 0.00000 -0.00000 1.00000 -0.86603 0.50000 0.00000 -0.86603 0.50000 0.00000 0.00000 0.00000 -1.00000 0.00000 0.00000 1.00000 -0.86603 -0.50000 0.00000 -0.86603 -0.50000 0.00000 -0.00000 0.00000 -1.00000 0.00000 0.00000 1.00000 0.00000 -1.00000 0.00000 0.00000 -1.00000 0.00000 0.00000 -0.00000 -1.00000 0.00000 0.00000 1.00000 0.86603 -0.50000 0.00000 0.86603 -0.50000 0.00000 0.00000 0.00000 -1.00000 -0.00000 0.00000 1.00000 -0.90132 -0.39725 0.17268 -0.00000 0.00000 -1.00000 -0.10663 -0.97919 0.17268 0.00000 -0.00000 -1.00000 0.79469 -0.58194 0.17268 0.00000 0.00000 -1.00000 0.90132 0.39725 0.17268 0.00000 0.00000 -1.00000 0.10663 0.97919 0.17268 0.00000 0.00000 -1.00000 -0.79469 0.58194 0.17268 0.00000 0.00000 -1.00000 0.86603 0.50000 0.00000 0.86603 0.50000 -0.00000 0.00000 0.00000 -1.00000 0.00000 0.00000 1.00000 0.00000 1.00000 0.00000 0.00000 1.00000 -0.00000 0.00000 0.00000 -1.00000 0.00000 -0.00000 1.00000 -0.86603 0.50000 0.00000 -0.86603 0.50000 0.00000 0.00000 0.00000 -1.00000 0.00000 0.00000 1.00000 -0.86603 -0.50000 0.00000 -0.86603 -0.50000 0.00000 -0.00000 0.00000 -1.00000 0.00000 0.00000 1.00000 0.00000 -1.00000 0.00000 0.00000 -1.00000 0.00000 0.00000 -0.00000 -1.00000 0.00000 0.00000 1.00000 0.86603 -0.50000 0.00000 0.86603 -0.50000 0.00000 0.00000 0.00000 -1.00000 -0.00000 0.00000 1.00000 0.40044 -0.90203 0.16122 0.00000 -0.00000 -1.00000 0.98140 -0.10422 0.16122 0.00000 0.00000 -1.00000 0.58096 0.79781 0.16122 0.00000 0.00000 -1.00000 -0.40044 0.90203 0.16122 0.00000 0.00000 -1.00000 -0.98140 0.10422 0.16122 -0.00000 0.00000 -1.00000 -0.58096 -0.79781 0.16122 0.00000 0.00000 -1.00000 0.86603 0.50000 0.00000 0.86603 0.50000 -0.00000 0.00000 0.00000 -1.00000 0.00000 0.00000 1.00000 0.00000 1.00000 0.00000 0.00000 1.00000 -0.00000 0.00000 0.00000 -1.00000 0.00000 -0.00000 1.00000 -0.86603 0.50000 0.00000 -0.86603 0.50000 0.00000 0.00000 0.00000 -1.00000 0.00000 0.00000 1.00000 -0.86603 -0.50000 0.00000 -0.86603 -0.50000 0.00000 -0.00000 0.00000 -1.00000 0.00000 0.00000 1.00000 0.00000 -1.00000 0.00000 0.00000 -1.00000 0.00000 0.00000 -0.00000 -1.00000 0.00000 0.00000 1.00000 0.86603 -0.50000 0.00000 0.86603 -0.50000 0.00000 0.00000 0.00000 -1.00000 -0.00000 0.00000 1.00000 -0.23569 -0.96100 0.14465 0.00000 -0.00000 -1.00000 0.71441 -0.68461 0.14465 0.00000 0.00000 -1.00000 0.95010 0.27639 0.14465 0.00000 0.00000 -1.00000 0.23569 0.96100 0.14465 0.00000 0.00000 -1.00000 -0.71441 0.68461 0.14465 0.00000 0.00000 -1.00000 -0.95010 -0.27639 0.14465 -0.00000 0.00000 -1.00000 0.86603 0.50000 0.00000 0.86603 0.50000 -0.00000 0.00000 0.00000 -1.00000 0.00000 0.00000 1.00000 0.00000 1.00000 0.00000 0.00000 1.00000 -0.00000 0.00000 0.00000 -1.00000 0.00000 -0.00000 1.00000 -0.86603 0.50000 0.00000 -0.86603 0.50000 0.00000 0.00000 0.00000 -1.00000 0.00000 0.00000 1.00000 -0.86603 -0.50000 0.00000 -0.86603 -0.50000 0.00000 -0.00000 0.00000 -1.00000 0.00000 0.00000 1.00000 0.00000 -1.00000 0.00000 0.00000 -1.00000 0.00000 0.00000 -0.00000 -1.00000 0.00000 0.00000 1.00000 0.86603 -0.50000 0.00000 0.86603 -0.50000 0.00000 0.00000 0.00000 -1.00000 -0.00000 0.00000 1.00000 -0.19275 -0.95514 0.22484 0.00000 -0.00000 -1.00000 0.73080 -0.64450 0.22484 0.00000 0.00000 -1.00000 0.92355 0.31064 0.22484 0.00000 0.00000 -1.00000 0.19275 0.95514 0.22484 0.00000 0.00000 -1.00000 -0.73080 0.64450 0.22484 0.00000 0.00000 -1.00000 -0.92355 -0.31064 0.22484 -0.00000 0.00000 -1.00000 0.86603 0.50000 0.00000 0.86603 0.50000 -0.00000 0.00000 0.00000 -1.00000 0.00000 0.00000 1.00000 0.00000 1.00000 0.00000 0.00000 1.00000 -0.00000 0.00000 0.00000 -1.00000 0.00000 -0.00000 1.00000 -0.86603 0.50000 0.00000 -0.86603 0.50000 0.00000 0.00000 0.00000 -1.00000 0.00000 0.00000 1.00000 -0.86603 -0.50000 0.00000 -0.86603 -0.50000 0.00000 -0.00000 0.00000 -1.00000 0.00000 0.00000 1.00000 0.00000 -1.00000 0.00000 0.00000 -1.00000 0.00000 0.00000 -0.00000 -1.00000 0.00000 0.00000 1.00000 0.86603 -0.50000 0.00000 0.86603 -0.50000 0.00000 0.00000 0.00000 -1.00000 -0.00000 0.00000 1.00000 0.56044 -0.75806 0.33355 0.00000 0.00000 -1.00000 0.93672 0.10633 0.33355 0.00000 0.00000 -1.00000 0.37627 0.86439 0.33355 0.00000 0.00000 -1.00000 -0.56044 0.75806 0.33355 0.00000 0.00000 -1.00000 -0.93672 -0.10633 0.33355 -0.00000 0.00000 -1.00000 -0.37627 -0.86439 0.33355 0.00000 -0.00000 -1.00000 0.86603 0.50000 0.00000 0.86603 0.50000 -0.00000 0.00000 0.00000 -1.00000 0.00000 0.00000 1.00000 0.00000 1.00000 0.00000 0.00000 1.00000 -0.00000 0.00000 0.00000 -1.00000 0.00000 -0.00000 1.00000 -0.86603 0.50000 0.00000 -0.86603 0.50000 0.00000 0.00000 0.00000 -1.00000 0.00000 0.00000 1.00000 -0.86603 -0.50000 0.00000 -0.86603 -0.50000 0.00000 -0.00000 0.00000 -1.00000 0.00000 0.00000 1.00000 0.00000 -1.00000 0.00000 0.00000 -1.00000 0.00000 0.00000 -0.00000 -1.00000 0.00000 0.00000 1.00000 0.86603 -0.50000 0.00000 0.86603 -0.50000 0.00000 0.00000 0.00000 -1.00000 -0.00000 0.00000 1.00000 0.37747 0.90760 0.18377 0.00000 0.00000 -1.00000 -0.59727 0.78070 0.18377 0.00000 0.00000 -1.00000 -0.97474 -0.12690 0.18377 -0.00000 0.00000 -1.00000 -0.37747 -0.90760 0.18377 0.00000 -0.00000 -1.00000 0.59727 -0.78070 0.18377 0.00000 0.00000 -1.00000 0.97474 0.12690 0.18377 0.00000 0.00000 -1.00000 0.86603 0.50000 0.00000 0.86603 0.50000 -0.00000 0.00000 0.00000 -1.00000 0.00000 0.00000 1.00000 0.00000 1.00000 0.00000 0.00000 1.00000 -0.00000 0.00000 0.00000 -1.00000 0.00000 -0.00000 1.00000 -0.86603 0.50000 0.00000 -0.86603 0.50000 0.00000 0.00000 0.00000 -1.00000 0.00000 0.00000 1.00000 -0.86603 -0.50000 0.00000 -0.86603 -0.50000 0.00000 -0.00000 0.00000 -1.00000 0.00000 0.00000 1.00000 0.00000 -1.00000 0.00000 0.00000 -1.00000 0.00000 0.00000 -0.00000 -1.00000 0.00000 0.00000 1.00000 0.86603 -0.50000 0.00000 0.86603 -0.50000 0.00000 0.00000 0.00000 -1.00000 -0.00000 0.00000 1.00000 -0.32639 0.93403 0.14513 0.00000 0.00000 -1.00000 -0.97209 0.18435 0.14513 -0.00000 0.00000 -1.00000 -0.64570 -0.74968 0.14513 0.00000 0.00000 -1.00000 0.32639 -0.93403 0.14513 0.00000 -0.00000 -1.00000 0.97209 -0.18435 0.14513 0.00000 0.00000 -1.00000 0.64570 0.74968 0.14513 0.00000 0.00000 -1.00000 0.86603 0.50000 0.00000 0.86603 0.50000 -0.00000 0.00000 0.00000 -1.00000 0.00000 0.00000 1.00000 0.00000 1.00000 0.00000 0.00000 1.00000 -0.00000 0.00000 0.00000 -1.00000 0.00000 -0.00000 1.00000 -0.86603 0.50000 0.00000 -0.86603 0.50000 0.00000 0.00000 0.00000 -1.00000 0.00000 0.00000 1.00000 -0.86603 -0.50000 0.00000 -0.86603 -0.50000 0.00000 -0.00000 0.00000 -1.00000 0.00000 0.00000 1.00000 0.00000 -1.00000 0.00000 0.00000 -1.00000 0.00000 0.00000 -0.00000 -1.00000 0.00000 0.00000 1.00000 0.86603 -0.50000 0.00000 0.86603 -0.50000 0.00000 0.00000 0.00000 -1.00000 -0.00000 0.00000 1.00000 -0.57448 -0.76368 0.29455 0.00000 0.00000 -1.00000 0.37413 -0.87936 0.29455 0.00000 -0.00000 -1.00000 0.94861 -0.11567 0.29455 0.00000 0.00000 -1.00000 0.57448 0.76368 0.29455 0.00000 0.00000 -1.00000 -0.37413 0.87936 0.29455 0.00000 0.00000 -1.00000 -0.94861 0.11567 0.29455 -0.00000 0.00000 -1.00000 0.86603 0.50000 0.00000 0.86603 0.50000 -0.00000 0.00000 0.00000 -1.00000 0.00000 0.00000 1.00000 0.00000 1.00000 0.00000 0.00000 1.00000 -0.00000 0.00000 0.00000 -1.00000 0.00000 -0.00000 1.00000 -0.86603 0.50000 0.00000 -0.86603 0.50000 0.00000 0.00000 0.00000 -1.00000 0.00000 0.00000 1.00000 -0.86603 -0.50000 0.00000 -0.86603 -0.50000 0.00000 -0.00000 0.00000 -1.00000 0.00000 0.00000 1.00000 0.00000 -1.00000 0.00000 0.00000 -1.00000 0.00000 0.00000 -0.00000 -1.00000 0.00000 0.00000 1.00000 0.86603 -0.50000 0.00000 0.86603 -0.50000 0.00000 0.00000 0.00000 -1.00000 -0.00000 0.00000 1.00000 0.97787 0.13205 0.16225 0.00000 0.00000 -1.00000 0.37458 0.91289 0.16225 0.00000 0.00000 -1.00000 -0.60330 0.78084 0.16225 0.00000 0.00000 -1.00000 -0.97787 -0.13205 0.16225 -0.00000 0.00000 -1.00000 -0.37458 -0.91289 0.16225 0.00000 -0.00000 -1.00000 0.60330 -0.78084 0.16225 0.00000 0.00000 -1.00000 0.86603 0.50000 0.00000 0.86603 0.50000 -0.00000 0.00000 0.00000 -1.00000 0.00000 0.00000 1.00000 0.00000 1.00000 0.00000 0.00000 1.00000 -0.00000 0.00000 0.00000 -1.00000 0.00000 -0.00000 1.00000 -0.86603 0.50000 0.00000 -0.86603 0.50000 0.00000 0.00000 0.00000 -1.00000 0.00000 0.00000 1.00000 -0.86603 -0.50000 0.00000 -0.86603 -0.50000 0.00000 -0.00000 0.00000 -1.00000 0.00000 0.00000 1.00000 0.00000 -1.00000 0.00000 0.00000 -1.00000 0.00000 0.00000 -0.00000 -1.00000 0.00000 0.00000 1.00000 0.86603 -0.50000 0.00000 0.86603 -0.50000 0.00000 0.00000 0.00000 -1.00000 -0.00000 0.00000 1.00000 0.22909 -0.94095 0.24926 0.00000 -0.00000 -1.00000 0.92943 -0.27208 0.24926 0.00000 0.00000 -1.00000 0.70034 0.66887 0.24926 0.00000 0.00000 -1.00000 -0.22909 0.94095 0.24926 0.00000 0.00000 -1.00000 -0.92943 0.27208 0.24926 -0.00000 0.00000 -1.00000 -0.70034 -0.66887 0.24926 0.00000 0.00000 -1.00000 0.86603 0.50000 0.00000 0.86603 0.50000 -0.00000 0.00000 0.00000 -1.00000 0.00000 0.00000 1.00000 0.00000 1.00000 0.00000 0.00000 1.00000 -0.00000 0.00000 0.00000 -1.00000 0.00000 -0.00000 1.00000 -0.86603 0.50000 0.00000 -0.86603 0.50000 0.00000 0.00000 0.00000 -1.00000 0.00000 0.00000 1.00000 -0.86603 -0.50000 0.00000 -0.86603 -0.50000 0.00000 -0.00000 0.00000 -1.00000 0.00000 0.00000 1.00000 0.00000 -1.00000 0.00000 0.00000 -1.00000 0.00000 0.00000 -0.00000 -1.00000 0.00000 0.00000 1.00000 0.86603 -0.50000 0.00000 0.86603 -0.50000 0.00000 0.00000 0.00000 -1.00000 -0.00000 0.00000 1.00000 0.38023 0.90523 0.18969 0.00000 0.00000 -1.00000 -0.59384 0.78190 0.18969 0.00000 0.00000 -1.00000 -0.97407 -0.12333 0.18969 -0.00000 0.00000 -1.00000 -0.38023 -0.90523 0.18969 0.00000 -0.00000 -1.00000 0.59384 -0.78190 0.18969 0.00000 0.00000 -1.00000 0.97407 0.12333 0.18969 0.00000 0.00000 -1.00000 0.86603 0.50000 0.00000 0.86603 0.50000 -0.00000 0.00000 0.00000 -1.00000 0.00000 0.00000 1.00000 0.00000 1.00000 0.00000 0.00000 1.00000 -0.00000 0.00000 0.00000 -1.00000 0.00000 -0.00000 1.00000 -0.86603 0.50000 0.00000 -0.86603 0.50000 0.00000 0.00000 0.00000 -1.00000 0.00000 0.00000 1.00000 -0.86603 -0.50000 0.00000 -0.86603 -0.50000 0.00000 -0.00000 0.00000 -1.00000 0.00000 0.00000 1.00000 0.00000 -1.00000 0.00000 0.00000 -1.00000 0.00000 0.00000 -0.00000 -1.00000 0.00000 0.00000 1.00000 0.86603 -0.50000 0.00000 0.86603 -0.50000 0.00000 0.00000 0.00000 -1.00000 -0.00000 0.00000 1.00000 0.90587 0.27607 0.32123 0.00000 0.00000 -1.00000 0.21385 0.92254 0.32123 0.00000 0.00000 -1.00000 -0.69202 0.64647 0.32123 0.00000 0.00000 -1.00000 -0.90587 -0.27607 0.32123 -0.00000 0.00000 -1.00000 -0.21385 -0.92254 0.32123 0.00000 -0.00000 -1.00000 0.69202 -0.64647 0.32123 0.00000 0.00000 -1.00000 0.86603 0.50000 0.00000 0.86603 0.50000 -0.00000 0.00000 0.00000 -1.00000 0.00000 0.00000 1.00000 0.00000 1.00000 0.00000 0.00000 1.00000 -0.00000 0.00000 0.00000 -1.00000 0.00000 -0.00000 1.00000 -0.86603 0.50000 0.00000 -0.86603 0.50000 0.00000 0.00000 0.00000 -1.00000 0.00000 0.00000 1.00000 -0.86603 -0.50000 0.00000 -0.86603 -0.50000 0.00000 -0.00000 0.00000 -1.00000 0.00000 0.00000 1.00000 0.00000 -1.00000 0.00000 0.00000 -1.00000 0.00000 0.00000 -0.00000 -1.00000 0.00000 0.00000 1.00000 0.86603 -0.50000 0.00000 0.86603 -0.50000 0.00000 0.00000 0.00000 -1.00000 -0.00000 0.00000 1.00000 -0.30062 -0.93416 0.19229 0.00000 -0.00000 -1.00000 0.65870 -0.72742 0.19229 0.00000 0.00000 -1.00000 0.95932 0.20674 0.19229 0.00000 0.00000 -1.00000 0.30062 0.93416 0.19229 0.00000 0.00000 -1.00000 -0.65870 0.72742 0.19229 0.00000 0.00000 -1.00000 -0.95932 -0.20674 0.19229 -0.00000 0.00000 -1.00000 0.86603 0.50000 0.00000 0.86603 0.50000 -0.00000 0.00000 0.00000 -1.00000 0.00000 0.00000 1.00000 0.00000 1.00000 0.00000 0.00000 1.00000 -0.00000 0.00000 0.00000 -1.00000 0.00000 -0.00000 1.00000 -0.86603 0.50000 0.00000 -0.86603 0.50000 0.00000 0.00000 0.00000 -1.00000 0.00000 0.00000 1.00000 -0.86603 -0.50000 0.00000 -0.86603 -0.50000 0.00000 -0.00000 0.00000 -1.00000 0.00000 0.00000 1.00000 0.00000 -1.00000 0.00000 0.00000 -1.00000 0.00000 0.00000 -0.00000 -1.00000 0.00000 0.00000 1.00000 0.86603 -0.50000 0.00000 0.86603 -0.50000 0.00000 0.00000 0.00000 -1.00000 -0.00000 0.00000 1.00000 -0.22600 -0.96489 0.13381 0.00000 -0.00000 -1.00000 0.72262 -0.67817 0.13381 0.00000 0.00000 -1.00000 0.94862 0.28672 0.13381 0.00000 0.00000 -1.00000 0.22600 0.96489 0.13381 0.00000 0.00000 -1.00000 -0.72262 0.67817 0.13381 0.00000 0.00000 -1.00000 -0.94862 -0.28672 0.13381 -0.00000 0.00000 -1.00000 0.86603 0.50000 0.00000 0.86603 0.50000 -0.00000 0.00000 0.00000 -1.00000 0.00000 0.00000 1.00000 0.00000 1.00000 0.00000 0.00000 1.00000 -0.00000 0.00000 0.00000 -1.00000 0.00000 -0.00000 1.00000 -0.86603 0.50000 0.00000 -0.86603 0.50000 0.00000 0.00000 0.00000 -1.00000 0.00000 0.00000 1.00000 -0.86603 -0.50000 0.00000 -0.86603 -0.50000 0.00000 -0.00000 0.00000 -1.00000 0.00000 0.00000 1.00000 0.00000 -1.00000 0.00000 0.00000 -1.00000 0.00000 0.00000 -0.00000 -1.00000 0.00000 0.00000 1.00000 0.86603 -0.50000 0.00000 0.86603 -0.50000 0.00000 0.00000 0.00000 -1.00000 -0.00000 0.00000 1.00000 0.23179 0.88997 0.39272 0.00000 0.00000 -1.00000 -0.65484 0.64572 0.39272 0.00000 0.00000 -1.00000 -0.88663 -0.24425 0.39272 -0.00000 0.00000 -1.00000 -0.23179 -0.88997 0.39272 0.00000 -0.00000 -1.00000 0.65484 -0.64572 0.39272 0.00000 0.00000 -1.00000 0.88663 0.24425 0.39272 0.00000 0.00000 -1.00000 0.86603 0.50000 0.00000 0.86603 0.50000 -0.00000 0.00000 0.00000 -1.00000 0.00000 0.00000 1.00000 0.00000 1.00000 0.00000 0.00000 1.00000 -0.00000 0.00000 0.00000 -1.00000 0.00000 -0.00000 1.00000 -0.86603 0.50000 0.00000 -0.86603 0.50000 0.00000 0.00000 0.00000 -1.00000 0.00000 0.00000 1.00000 -0.86603 -0.50000 0.00000 -0.86603 -0.50000 0.00000 -0.00000 0.00000 -1.00000 0.00000 0.00000 1.00000 0.00000 -1.00000 0.00000 0.00000 -1.00000 0.00000 0.00000 -0.00000 -1.00000 0.00000 0.00000 1.00000 0.86603 -0.50000 0.00000 0.86603 -0.50000 0.00000 0.00000 0.00000 -1.00000 -0.00000 0.00000 1.00000 0.85909 -0.46449 0.21500 0.00000 0.00000 -1.00000 0.83180 0.51175 0.21500 0.00000 0.00000 -1.00000 -0.02729 0.97623 0.21500 0.00000 0.00000 -1.00000 -0.85909 0.46449 0.21500 -0.00000 0.00000 -1.00000 -0.83180 -0.51175 0.21500 0.00000 0.00000 -1.00000 0.02729 -0.97623 0.21500 0.00000 -0.00000 -1.00000 0.86603 0.50000 0.00000 0.86603 0.50000 -0.00000 0.00000 0.00000 -1.00000 0.00000 0.00000 1.00000 0.00000 1.00000 0.00000 0.00000 1.00000 -0.00000 0.00000 0.00000 -1.00000 0.00000 -0.00000 1.00000 -0.86603 0.50000 0.00000 -0.86603 0.50000 0.00000 0.00000 0.00000 -1.00000 0.00000 0.00000 1.00000 -0.86603 -0.50000 0.00000 -0.86603 -0.50000 0.00000 -0.00000 0.00000 -1.00000 0.00000 0.00000 1.00000 0.00000 -1.00000 0.00000 0.00000 -1.00000 0.00000 0.00000 -0.00000 -1.00000 0.00000 0.00000 1.00000 0.86603 -0.50000 0.00000 0.86603 -0.50000 0.00000 0.00000 0.00000 -1.00000 -0.00000 0.00000 1.00000 0.97854 0.06456 0.19570 0.00000 0.00000 -1.00000 0.43336 0.87972 0.19570 0.00000 0.00000 -1.00000 -0.54518 0.81516 0.19570 0.00000 0.00000 -1.00000 -0.97854 -0.06456 0.19570 -0.00000 0.00000 -1.00000 -0.43336 -0.87972 0.19570 0.00000 -0.00000 -1.00000 0.54518 -0.81516 0.19570 0.00000 0.00000 -1.00000 0.86603 0.50000 0.00000 0.86603 0.50000 -0.00000 0.00000 0.00000 -1.00000 0.00000 0.00000 1.00000 0.00000 1.00000 0.00000 0.00000 1.00000 -0.00000 0.00000 0.00000 -1.00000 0.00000 -0.00000 1.00000 -0.86603 0.50000 0.00000 -0.86603 0.50000 0.00000 0.00000 0.00000 -1.00000 0.00000 0.00000 1.00000 -0.86603 -0.50000 0.00000 -0.86603 -0.50000 0.00000 -0.00000 0.00000 -1.00000 0.00000 0.00000 1.00000 0.00000 -1.00000 0.00000 0.00000 -1.00000 0.00000 0.00000 -0.00000 -1.00000 0.00000 0.00000 1.00000 0.86603 -0.50000 0.00000 0.86603 -0.50000 0.00000 0.00000 0.00000 -1.00000 -0.00000 0.00000 1.00000 -0.15371 -0.95596 0.25004 0.00000 -0.00000 -1.00000 0.75103 -0.61109 0.25004 0.00000 0.00000 -1.00000 0.90474 0.34486 0.25004 0.00000 0.00000 -1.00000 0.15371 0.95596 0.25004 0.00000 0.00000 -1.00000 -0.75103 0.61109 0.25004 0.00000 0.00000 -1.00000 -0.90474 -0.34486 0.25004 -0.00000 0.00000 -1.00000 0.86603 0.50000 0.00000 0.86603 0.50000 -0.00000 0.00000 0.00000 -1.00000 0.00000 0.00000 1.00000 0.00000 1.00000 0.00000 0.00000 1.00000 -0.00000 0.00000 0.00000 -1.00000 0.00000 -0.00000 1.00000 -0.86603 0.50000 0.00000 -0.86603 0.50000 0.00000 0.00000 0.00000 -1.00000 0.00000 0.00000 1.00000 -0.86603 -0.50000 0.00000 -0.86603 -0.50000 0.00000 -0.00000 0.00000 -1.00000 0.00000 0.00000 1.00000 0.00000 -1.00000 0.00000 0.00000 -1.00000 0.00000 0.00000 -0.00000 -1.00000 0.00000 0.00000 1.00000 0.86603 -0.50000 0.00000 0.86603 -0.50000 0.00000 0.00000 0.00000 -1.00000 -0.00000 0.00000 1.00000 -0.05847 -0.96237 0.26536 0.00000 -0.00000 -1.00000 0.80420 -0.53183 0.26536 0.00000 0.00000 -1.00000 0.86268 0.43055 0.26536 0.00000 0.00000 -1.00000 0.05847 0.96237 0.26536 0.00000 0.00000 -1.00000 -0.80420 0.53183 0.26536 0.00000 0.00000 -1.00000 -0.86268 -0.43055 0.26536 -0.00000 0.00000 -1.00000 0.86603 0.50000 0.00000 0.86603 0.50000 -0.00000 0.00000 0.00000 -1.00000 0.00000 0.00000 1.00000 0.00000 1.00000 0.00000 0.00000 1.00000 -0.00000 0.00000 0.00000 -1.00000 0.00000 -0.00000 1.00000 -0.86603 0.50000 0.00000 -0.86603 0.50000 0.00000 0.00000 0.00000 -1.00000 0.00000 0.00000 1.00000 -0.86603 -0.50000 0.00000 -0.86603 -0.50000 0.00000 -0.00000 0.00000 -1.00000 0.00000 0.00000 1.00000 0.00000 -1.00000 0.00000 0.00000 -1.00000 0.00000 0.00000 -0.00000 -1.00000 0.00000 0.00000 1.00000 0.86603 -0.50000 0.00000 0.86603 -0.50000 0.00000 0.00000 0.00000 -1.00000 -0.00000 0.00000 1.00000 -0.96020 0.22591 0.16425 -0.00000 0.00000 -1.00000 -0.67575 -0.71860 0.16425 0.00000 0.00000 -1.00000 0.28445 -0.94451 0.16425 0.00000 -0.00000 -1.00000 0.96020 -0.22591 0.16425 0.00000 0.00000 -1.00000 0.67575 0.71860 0.16425 0.00000 0.00000 -1.00000 -0.28445 0.94451 0.16425 0.00000 0.00000 -1.00000 0.86603 0.50000 0.00000 0.86603 0.50000 -0.00000 0.00000 0.00000 -1.00000 0.00000 0.00000 1.00000 0.00000 1.00000 0.00000 0.00000 1.00000 -0.00000 0.00000 0.00000 -1.00000 0.00000 -0.00000 1.00000 -0.86603 0.50000 0.00000 -0.86603 0.50000 0.00000 0.00000 0.00000 -1.00000 0.00000 0.00000 1.00000 -0.86603 -0.50000 0.00000 -0.86603 -0.50000 0.00000 -0.00000 0.00000 -1.00000 0.00000 0.00000 1.00000 0.00000 -1.00000 0.00000 0.00000 -1.00000 0.00000 0.00000 -0.00000 -1.00000 0.00000 0.00000 1.00000 0.86603 -0.50000 0.00000 0.86603 -0.50000 0.00000 0.00000 0.00000 -1.00000 -0.00000 0.00000 1.00000 0.24330 -0.95902 0.14518 0.00000 -0.00000 -1.00000 0.95219 -0.26881 0.14518 0.00000 0.00000 -1.00000 0.70889 0.69022 0.14518 0.00000 0.00000 -1.00000 -0.24330 0.95902 0.14518 0.00000 0.00000 -1.00000 -0.95219 0.26881 0.14518 -0.00000 0.00000 -1.00000 -0.70889 -0.69022 0.14518 0.00000 0.00000 -1.00000 0.86603 0.50000 0.00000 0.86603 0.50000 -0.00000 0.00000 0.00000 -1.00000 0.00000 0.00000 1.00000 0.00000 1.00000 0.00000 0.00000 1.00000 -0.00000 0.00000 0.00000 -1.00000 0.00000 -0.00000 1.00000 -0.86603 0.50000 0.00000 -0.86603 0.50000 0.00000 0.00000 0.00000 -1.00000 0.00000 0.00000 1.00000 -0.86603 -0.50000 0.00000 -0.86603 -0.50000 0.00000 -0.00000 0.00000 -1.00000 0.00000 0.00000 1.00000 0.00000 -1.00000 0.00000 0.00000 -1.00000 0.00000 0.00000 -0.00000 -1.00000 0.00000 0.00000 1.00000 0.86603 -0.50000 0.00000 0.86603 -0.50000 0.00000 0.00000 0.00000 -1.00000 -0.00000 0.00000 1.00000 -0.19305 0.94549 0.26226 0.00000 0.00000 -1.00000 -0.91534 0.30556 0.26226 -0.00000 0.00000 -1.00000 -0.72229 -0.63993 0.26226 0.00000 0.00000 -1.00000 0.19305 -0.94549 0.26226 0.00000 -0.00000 -1.00000 0.91534 -0.30556 0.26226 0.00000 0.00000 -1.00000 0.72229 0.63993 0.26226 0.00000 0.00000 -1.00000 0.86603 0.50000 0.00000 0.86603 0.50000 -0.00000 0.00000 0.00000 -1.00000 0.00000 0.00000 1.00000 0.00000 1.00000 0.00000 0.00000 1.00000 -0.00000 0.00000 0.00000 -1.00000 0.00000 -0.00000 1.00000 -0.86603 0.50000 0.00000 -0.86603 0.50000 0.00000 0.00000 0.00000 -1.00000 0.00000 0.00000 1.00000 -0.86603 -0.50000 0.00000 -0.86603 -0.50000 0.00000 -0.00000 0.00000 -1.00000 0.00000 0.00000 1.00000 0.00000 -1.00000 0.00000 0.00000 -1.00000 0.00000 0.00000 -0.00000 -1.00000 0.00000 0.00000 1.00000 0.86603 -0.50000 0.00000 0.86603 -0.50000 0.00000 0.00000 0.00000 -1.00000 -0.00000 0.00000 1.00000 0.26593 -0.93066 0.25129 0.00000 -0.00000 -1.00000 0.93894 -0.23503 0.25129 0.00000 0.00000 -1.00000 0.67301 0.69563 0.25129 0.00000 0.00000 -1.00000 -0.26593 0.93066 0.25129 0.00000 0.00000 -1.00000 -0.93894 0.23503 0.25129 -0.00000 0.00000 -1.00000 -0.67301 -0.69563 0.25129 0.00000 0.00000 -1.00000 0.86603 0.50000 0.00000 0.86603 0.50000 -0.00000 0.00000 0.00000 -1.00000 0.00000 0.00000 1.00000 0.00000 1.00000 0.00000 0.00000 1.00000 -0.00000 0.00000 0.00000 -1.00000 0.00000 -0.00000 1.00000 -0.86603 0.50000 0.00000 -0.86603 0.50000 0.00000 0.00000 0.00000 -1.00000 0.00000 0.00000 1.00000 -0.86603 -0.50000 0.00000 -0.86603 -0.50000 0.00000 -0.00000 0.00000 -1.00000 0.00000 0.00000 1.00000 0.00000 -1.00000 0.00000 0.00000 -1.00000 0.00000 0.00000 -0.00000 -1.00000 0.00000 0.00000 1.00000 0.86603 -0.50000 0.00000 0.86603 -0.50000 0.00000 0.00000 0.00000 -1.00000 -0.00000 0.00000 1.00000 -0.67401 -0.70424 0.22308 0.00000 0.00000 -1.00000 0.27289 -0.93583 0.22308 0.00000 -0.00000 -1.00000 0.94689 -0.23159 0.22308 0.00000 0.00000 -1.00000 0.67401 0.70424 0.22308 0.00000 0.00000 -1.00000 -0.27289 0.93583 0.22308 0.00000 0.00000 -1.00000 -0.94689 0.23159 0.22308 -0.00000 0.00000 -1.00000 0.86603 0.50000 0.00000 0.86603 0.50000 -0.00000 0.00000 0.00000 -1.00000 0.00000 0.00000 1.00000 0.00000 1.00000 0.00000 0.00000 1.00000 -0.00000 0.00000 0.00000 -1.00000 0.00000 -0.00000 1.00000 -0.86603 0.50000 0.00000 -0.86603 0.50000 0.00000 0.00000 0.00000 -1.00000 0.00000 0.00000 1.00000 -0.86603 -0.50000 0.00000 -0.86603 -0.50000 0.00000 -0.00000 0.00000 -1.00000 0.00000 0.00000 1.00000 0.00000 -1.00000 0.00000 0.00000 -1.00000 0.00000 0.00000 -0.00000 -1.00000 0.00000 0.00000 1.00000 0.86603 -0.50000 0.00000 0.86603 -0.50000 0.00000 0.00000 0.00000 -1.00000 -0.00000 0.00000 1.00000 -0.78415 -0.59498 0.17640 0.00000 0.00000 -1.00000 0.12319 -0.97658 0.17640 0.00000 -0.00000 -1.00000 0.90734 -0.38160 0.17640 0.00000 0.00000 -1.00000 0.78415 0.59498 0.17640 0.00000 0.00000 -1.00000 -0.12319 0.97658 0.17640 0.00000 0.00000 -1.00000 -0.90734 0.38160 0.17640 -0.00000 0.00000 -1.00000 0.86603 0.50000 0.00000 0.86603 0.50000 -0.00000 0.00000 0.00000 -1.00000 0.00000 0.00000 1.00000 0.00000 1.00000 0.00000 0.00000 1.00000 -0.00000 0.00000 0.00000 -1.00000 0.00000 -0.00000 1.00000 -0.86603 0.50000 0.00000 -0.86603 0.50000 0.00000 0.00000 0.00000 -1.00000 0.00000 0.00000 1.00000 -0.86603 -0.50000 0.00000 -0.86603 -0.50000 0.00000 -0.00000 0.00000 -1.00000 0.00000 0.00000 1.00000 0.00000 -1.00000 0.00000 0.00000 -1.00000 0.00000 0.00000 -0.00000 -1.00000 0.00000 0.00000 1.00000 0.86603 -0.50000 0.00000 0.86603 -0.50000 0.00000 0.00000 0.00000 -1.00000 -0.00000 0.00000 1.00000 -0.95532 0.11407 0.27269 -0.00000 0.00000 -1.00000 -0.57644 -0.77029 0.27269 0.00000 0.00000 -1.00000 0.37887 -0.88436 0.27269 0.00000 -0.00000 -1.00000 0.95532 -0.11407 0.27269 0.00000 0.00000 -1.00000 0.57644 0.77029 0.27269 0.00000 0.00000 -1.00000 -0.37887 0.88436 0.27269 0.00000 0.00000 -1.00000 0.86603 0.50000 0.00000 0.86603 0.50000 -0.00000 0.00000 0.00000 -1.00000 0.00000 0.00000 1.00000 0.00000 1.00000 0.00000 0.00000 1.00000 -0.00000 0.00000 0.00000 -1.00000 0.00000 -0.00000 1.00000 -0.86603 0.50000 0.00000 -0.86603 0.50000 0.00000 0.00000 0.00000 -1.00000 0.00000 0.00000 1.00000 -0.86603 -0.50000 0.00000 -0.86603 -0.50000 0.00000 -0.00000 0.00000 -1.00000 0.00000 0.00000 1.00000 0.00000 -1.00000 0.00000 0.00000 -1.00000 0.00000 0.00000 -0.00000 -1.00000 0.00000 0.00000 1.00000 0.86603 -0.50000 0.00000 0.86603 -0.50000 0.00000 0.00000 0.00000 -1.00000 -0.00000 0.00000 1.00000 -0.80773 -0.51813 0.28126 0.00000 0.00000 -1.00000 0.04485 -0.95858 0.28126 0.00000 -0.00000 -1.00000 0.85258 -0.44045 0.28126 0.00000 0.00000 -1.00000 0.80773 0.51813 0.28126 0.00000 0.00000 -1.00000 -0.04485 0.95858 0.28126 0.00000 0.00000 -1.00000 -0.85258 0.44045 0.28126 -0.00000 0.00000 -1.00000 0.86603 0.50000 0.00000 0.86603 0.50000 -0.00000 0.00000 0.00000 -1.00000 0.00000 0.00000 1.00000 0.00000 1.00000 0.00000 0.00000 1.00000 -0.00000 0.00000 0.00000 -1.00000 0.00000 -0.00000 1.00000 -0.86603 0.50000 0.00000 -0.86603 0.50000 0.00000 0.00000 0.00000 -1.00000 0.00000 0.00000 1.00000 -0.86603 -0.50000 0.00000 -0.86603 -0.50000 0.00000 -0.00000 0.00000 -1.00000 0.00000 0.00000 1.00000 0.00000 -1.00000 0.00000 0.00000 -1.00000 0.00000 0.00000 -0.00000 -1.00000 0.00000 0.00000 1.00000 0.86603 -0.50000 0.00000 0.86603 -0.50000 0.00000 0.00000 0.00000 -1.00000 -0.00000 0.00000 1.00000 0.71176 0.67417 0.19722 0.00000 0.00000 -1.00000 -0.22796 0.95349 0.19722 0.00000 0.00000 -1.00000 -0.93973 0.27932 0.19722 -0.00000 0.00000 -1.00000 -0.71176 -0.67417 0.19722 0.00000 0.00000 -1.00000 0.22796 -0.95349 0.19722 0.00000 -0.00000 -1.00000 0.93973 -0.27932 0.19722 0.00000 0.00000 -1.00000 0.86603 0.50000 0.00000 0.86603 0.50000 -0.00000 0.00000 0.00000 -1.00000 0.00000 0.00000 1.00000 0.00000 1.00000 0.00000 0.00000 1.00000 -0.00000 0.00000 0.00000 -1.00000 0.00000 -0.00000 1.00000 -0.86603 0.50000 0.00000 -0.86603 0.50000 0.00000 0.00000 0.00000 -1.00000 0.00000 0.00000 1.00000 -0.86603 -0.50000 0.00000 -0.86603 -0.50000 0.00000 -0.00000 0.00000 -1.00000 0.00000 0.00000 1.00000 0.00000 -1.00000 0.00000 0.00000 -1.00000 0.00000 0.00000 -0.00000 -1.00000 0.00000 0.00000 1.00000 0.86603 -0.50000 0.00000 0.86603 -0.50000 0.00000 0.00000 0.00000 -1.00000 -0.00000 0.00000 1.00000 0.89433 0.40138 0.19765 0.00000 0.00000 -1.00000 0.09956 0.97520 0.19765 0.00000 0.00000 -1.00000 -0.79477 0.57383 0.19765 0.00000 0.00000 -1.00000 -0.89433 -0.40138 0.19765 -0.00000 0.00000 -1.00000 -0.09956 -0.97520 0.19765 0.00000 -0.00000 -1.00000 0.79477 -0.57383 0.19765 0.00000 0.00000 -1.00000 0.86603 0.50000 0.00000 0.86603 0.50000 -0.00000 0.00000 0.00000 -1.00000 0.00000 0.00000 1.00000 0.00000 1.00000 0.00000 0.00000 1.00000 -0.00000 0.00000 0.00000 -1.00000 0.00000 -0.00000 1.00000 -0.86603 0.50000 0.00000 -0.86603 0.50000 0.00000 0.00000 0.00000 -1.00000 0.00000 0.00000 1.00000 -0.86603 -0.50000 0.00000 -0.86603 -0.50000 0.00000 -0.00000 0.00000 -1.00000 0.00000 0.00000 1.00000 0.00000 -1.00000 0.00000 0.00000 -1.00000 0.00000 0.00000 -0.00000 -1.00000 0.00000 0.00000 1.00000 0.86603 -0.50000 0.00000 0.86603 -0.50000 0.00000 0.00000 0.00000 -1.00000 -0.00000 0.00000 1.00000 0.02241 0.96667 0.25506 0.00000 0.00000 -1.00000 -0.82595 0.50274 0.25506 0.00000 0.00000 -1.00000 -0.84836 -0.46393 0.25506 -0.00000 0.00000 -1.00000 -0.02241 -0.96667 0.25506 0.00000 -0.00000 -1.00000 0.82595 -0.50274 0.25506 0.00000 0.00000 -1.00000 0.84836 0.46393 0.25506 0.00000 0.00000 -1.00000 0.86603 0.50000 0.00000 0.86603 0.50000 -0.00000 0.00000 0.00000 -1.00000 0.00000 0.00000 1.00000 0.00000 1.00000 0.00000 0.00000 1.00000 -0.00000 0.00000 0.00000 -1.00000 0.00000 -0.00000 1.00000 -0.86603 0.50000 0.00000 -0.86603 0.50000 0.00000 0.00000 0.00000 -1.00000 0.00000 0.00000 1.00000 -0.86603 -0.50000 0.00000 -0.86603 -0.50000 0.00000 -0.00000 0.00000 -1.00000 0.00000 0.00000 1.00000 0.00000 -1.00000 0.00000 0.00000 -1.00000 0.00000 0.00000 -0.00000 -1.00000 0.00000 0.00000 1.00000 0.86603 -0.50000 0.00000 0.86603 -0.50000 0.00000 0.00000 0.00000 -1.00000 -0.00000 0.00000 1.00000 -0.35689 0.91380 0.19391 0.00000 0.00000 -1.00000 -0.96982 0.14782 0.19391 -0.00000 0.00000 -1.00000 -0.61292 -0.76598 0.19391 0.00000 0.00000 -1.00000 0.35689 -0.91380 0.19391 0.00000 -0.00000 -1.00000 0.96982 -0.14782 0.19391 0.00000 0.00000 -1.00000 0.61292 0.76598 0.19391 0.00000 0.00000 -1.00000 0.86603 0.50000 0.00000 0.86603 0.50000 -0.00000 0.00000 0.00000 -1.00000 0.00000 0.00000 1.00000 0.00000 1.00000 0.00000 0.00000 1.00000 -0.00000 0.00000 0.00000 -1.00000 0.00000 -0.00000 1.00000 -0.86603 0.50000 0.00000 -0.86603 0.50000 0.00000 0.00000 0.00000 -1.00000 0.00000 0.00000 1.00000 -0.86603 -0.50000 0.00000 -0.86603 -0.50000 0.00000 -0.00000 0.00000 -1.00000 0.00000 0.00000 1.00000 0.00000 -1.00000 0.00000 0.00000 -1.00000 0.00000 0.00000 -0.00000 -1.00000 0.00000 0.00000 1.00000 0.86603 -0.50000 0.00000 0.86603 -0.50000 0.00000 0.00000 0.00000 -1.00000 -0.00000 0.00000 1.00000 -0.97337 0.01727 0.22859 -0.00000 0.00000 -1.00000 -0.50164 -0.83433 0.22859 0.00000 0.00000 -1.00000 0.47173 -0.85160 0.22859 0.00000 -0.00000 -1.00000 0.97337 -0.01727 0.22859 0.00000 0.00000 -1.00000 0.50164 0.83433 0.22859 0.00000 0.00000 -1.00000 -0.47173 0.85160 0.22859 0.00000 0.00000 -1.00000 0.86603 0.50000 0.00000 0.86603 0.50000 -0.00000 0.00000 0.00000 -1.00000 0.00000 0.00000 1.00000 0.00000 1.00000 0.00000 0.00000 1.00000 -0.00000 0.00000 0.00000 -1.00000 0.00000 -0.00000 1.00000 -0.86603 0.50000 0.00000 -0.86603 0.50000 0.00000 0.00000 0.00000 -1.00000 0.00000 0.00000 1.00000 -0.86603 -0.50000 0.00000 -0.86603 -0.50000 0.00000 -0.00000 0.00000 -1.00000 0.00000 0.00000 1.00000 0.00000 -1.00000 0.00000 0.00000 -1.00000 0.00000 0.00000 -0.00000 -1.00000 0.00000 0.00000 1.00000 0.86603 -0.50000 0.00000 0.86603 -0.50000 0.00000 0.00000 0.00000 -1.00000 -0.00000 0.00000 1.00000 -0.05104 -0.96894 0.24199 0.00000 -0.00000 -1.00000 0.81361 -0.52867 0.24199 0.00000 0.00000 -1.00000 0.86464 0.44027 0.24199 0.00000 0.00000 -1.00000 0.05104 0.96894 0.24199 0.00000 0.00000 -1.00000 -0.81361 0.52867 0.24199 0.00000 0.00000 -1.00000 -0.86464 -0.44027 0.24199 -0.00000 0.00000 -1.00000 0.86603 0.50000 0.00000 0.86603 0.50000 -0.00000 0.00000 0.00000 -1.00000 0.00000 0.00000 1.00000 0.00000 1.00000 0.00000 0.00000 1.00000 -0.00000 0.00000 0.00000 -1.00000 0.00000 -0.00000 1.00000 -0.86603 0.50000 0.00000 -0.86603 0.50000 0.00000 0.00000 0.00000 -1.00000 0.00000 0.00000 1.00000 -0.86603 -0.50000 0.00000 -0.86603 -0.50000 0.00000 -0.00000 0.00000 -1.00000 0.00000 0.00000 1.00000 0.00000 -1.00000 0.00000 0.00000 -1.00000 0.00000 0.00000 -0.00000 -1.00000 0.00000 0.00000 1.00000 0.86603 -0.50000 0.00000 0.86603 -0.50000 0.00000 0.00000 0.00000 -1.00000 -0.00000 0.00000 1.00000 0.95731 -0.22978 0.17538 0.00000 0.00000 -1.00000 0.67765 0.71417 0.17538 0.00000 0.00000 -1.00000 -0.27966 0.94394 0.17538 0.00000 0.00000 -1.00000 -0.95731 0.22978 0.17538 -0.00000 0.00000 -1.00000 -0.67765 -0.71417 0.17538 0.00000 0.00000 -1.00000 0.27966 -0.94394 0.17538 0.00000 -0.00000 -1.00000 0.86603 0.50000 0.00000 0.86603 0.50000 -0.00000 0.00000 0.00000 -1.00000 0.00000 0.00000 1.00000 0.00000 1.00000 0.00000 0.00000 1.00000 -0.00000 0.00000 0.00000 -1.00000 0.00000 -0.00000 1.00000 -0.86603 0.50000 0.00000 -0.86603 0.50000 0.00000 0.00000 0.00000 -1.00000 0.00000 0.00000 1.00000 -0.86603 -0.50000 0.00000 -0.86603 -0.50000 0.00000 -0.00000 0.00000 -1.00000 0.00000 0.00000 1.00000 0.00000 -1.00000 0.00000 0.00000 -1.00000 0.00000 0.00000 -0.00000 -1.00000 0.00000 0.00000 1.00000 0.86603 -0.50000 0.00000 0.86603 -0.50000 0.00000 0.00000 0.00000 -1.00000 -0.00000 0.00000 1.00000 0.74000 0.65297 0.16130 0.00000 0.00000 -1.00000 -0.19549 0.96735 0.16130 0.00000 0.00000 -1.00000 -0.93549 0.31438 0.16130 -0.00000 0.00000 -1.00000 -0.74000 -0.65297 0.16130 0.00000 0.00000 -1.00000 0.19549 -0.96735 0.16130 0.00000 -0.00000 -1.00000 0.93549 -0.31438 0.16130 0.00000 0.00000 -1.00000 0.86603 0.50000 0.00000 0.86603 0.50000 -0.00000 0.00000 0.00000 -1.00000 0.00000 0.00000 1.00000 0.00000 1.00000 0.00000 0.00000 1.00000 -0.00000 0.00000 0.00000 -1.00000 0.00000 -0.00000 1.00000 -0.86603 0.50000 0.00000 -0.86603 0.50000 0.00000 0.00000 0.00000 -1.00000 0.00000 0.00000 1.00000 -0.86603 -0.50000 0.00000 -0.86603 -0.50000 0.00000 -0.00000 0.00000 -1.00000 0.00000 0.00000 1.00000 0.00000 -1.00000 0.00000 0.00000 -1.00000 0.00000 0.00000 -0.00000 -1.00000 0.00000 0.00000 1.00000 0.86603 -0.50000 0.00000 0.86603 -0.50000 0.00000 0.00000 0.00000 -1.00000 -0.00000 0.00000 1.00000 -0.42950 -0.88443 0.18251 0.00000 -0.00000 -1.00000 0.55119 -0.81417 0.18251 0.00000 0.00000 -1.00000 0.98069 0.07026 0.18251 0.00000 0.00000 -1.00000 0.42950 0.88443 0.18251 0.00000 0.00000 -1.00000 -0.55119 0.81417 0.18251 0.00000 0.00000 -1.00000 -0.98069 -0.07026 0.18251 -0.00000 0.00000 -1.00000 0.86603 0.50000 0.00000 0.86603 0.50000 -0.00000 0.00000 0.00000 -1.00000 0.00000 0.00000 1.00000 0.00000 1.00000 0.00000 0.00000 1.00000 -0.00000 0.00000 0.00000 -1.00000 0.00000 -0.00000 1.00000 -0.86603 0.50000 0.00000 -0.86603 0.50000 0.00000 0.00000 0.00000 -1.00000 0.00000 0.00000 1.00000 -0.86603 -0.50000 0.00000 -0.86603 -0.50000 0.00000 -0.00000 0.00000 -1.00000 0.00000 0.00000 1.00000 0.00000 -1.00000 0.00000 0.00000 -1.00000 0.00000 0.00000 -0.00000 -1.00000 0.00000 0.00000 1.00000 0.86603 -0.50000 0.00000 0.86603 -0.50000 0.00000 0.00000 0.00000 -1.00000 -0.00000 0.00000 1.00000 -0.16506 -0.92525 0.34158 0.00000 -0.00000 -1.00000 0.71876 -0.60557 0.34158 0.00000 0.00000 -1.00000 0.88382 0.31968 0.34158 0.00000 0.00000 -1.00000 0.16506 0.92525 0.34158 0.00000 0.00000 -1.00000 -0.71876 0.60557 0.34158 0.00000 0.00000 -1.00000 -0.88382 -0.31968 0.34158 -0.00000 0.00000 -1.00000 0.86603 0.50000 0.00000 0.86603 0.50000 -0.00000 0.00000 0.00000 -1.00000 0.00000 0.00000 1.00000 0.00000 1.00000 0.00000 0.00000 1.00000 -0.00000 0.00000 0.00000 -1.00000 0.00000 -0.00000 1.00000 -0.86603 0.50000 0.00000 -0.86603 0.50000 0.00000 0.00000 0.00000 -1.00000 0.00000 0.00000 1.00000 -0.86603 -0.50000 0.00000 -0.86603 -0.50000 0.00000 -0.00000 0.00000 -1.00000 0.00000 0.00000 1.00000 0.00000 -1.00000 0.00000 0.00000 -1.00000 0.00000 0.00000 -0.00000 -1.00000 0.00000 0.00000 1.00000 0.86603 -0.50000 0.00000 0.86603 -0.50000 0.00000 0.00000 0.00000 -1.00000 -0.00000 0.00000 1.00000 0.71269 -0.67176 0.20200 0.00000 0.00000 -1.00000 0.93811 0.28133 0.20200 0.00000 0.00000 -1.00000 0.22542 0.95309 0.20200 0.00000 0.00000 -1.00000 -0.71269 0.67176 0.20200 0.00000 0.00000 -1.00000 -0.93811 -0.28133 0.20200 -0.00000 0.00000 -1.00000 -0.22542 -0.95309 0.20200 0.00000 -0.00000 -1.00000 0.86603 0.50000 0.00000 0.86603 0.50000 -0.00000 0.00000 0.00000 -1.00000 0.00000 0.00000 1.00000 0.00000 1.00000 0.00000 0.00000 1.00000 -0.00000 0.00000 0.00000 -1.00000 0.00000 -0.00000 1.00000 -0.86603 0.50000 0.00000 -0.86603 0.50000 0.00000 0.00000 0.00000 -1.00000 0.00000 0.00000 1.00000 -0.86603 -0.50000 0.00000 -0.86603 -0.50000 0.00000 -0.00000 0.00000 -1.00000 0.00000 0.00000 1.00000 0.00000 -1.00000 0.00000 0.00000 -1.00000 0.00000 0.00000 -0.00000 -1.00000 0.00000 0.00000 1.00000 0.86603 -0.50000 0.00000 0.86603 -0.50000 0.00000 0.00000 0.00000 -1.00000 -0.00000 0.00000 1.00000 0.03906 0.95592 0.29103 0.00000 0.00000 -1.00000 -0.80832 0.51179 0.29103 0.00000 0.00000 -1.00000 -0.84738 -0.44413 0.29103 -0.00000 0.00000 -1.00000 -0.03906 -0.95592 0.29103 0.00000 -0.00000 -1.00000 0.80832 -0.51179 0.29103 0.00000 0.00000 -1.00000 0.84738 0.44413 0.29103 0.00000 0.00000 -1.00000 0.86603 0.50000 0.00000 0.86603 0.50000 -0.00000 0.00000 0.00000 -1.00000 0.00000 0.00000 1.00000 0.00000 1.00000 0.00000 0.00000 1.00000 -0.00000 0.00000 0.00000 -1.00000 0.00000 -0.00000 1.00000 -0.86603 0.50000 0.00000 -0.86603 0.50000 0.00000 0.00000 0.00000 -1.00000 0.00000 0.00000 1.00000 -0.86603 -0.50000 0.00000 -0.86603 -0.50000 0.00000 -0.00000 0.00000 -1.00000 0.00000 0.00000 1.00000 0.00000 -1.00000 0.00000 0.00000 -1.00000 0.00000 0.00000 -0.00000 -1.00000 0.00000 0.00000 1.00000 0.86603 -0.50000 0.00000 0.86603 -0.50000 0.00000 0.00000 0.00000 -1.00000 -0.00000 0.00000 1.00000 -0.32581 -0.88620 0.32939 0.00000 -0.00000 -1.00000 0.60457 -0.72526 0.32939 0.00000 0.00000 -1.00000 0.93037 0.16094 0.32939 0.00000 0.00000 -1.00000 0.32581 0.88620 0.32939 0.00000 0.00000 -1.00000 -0.60457 0.72526 0.32939 0.00000 0.00000 -1.00000 -0.93037 -0.16094 0.32939 -0.00000 0.00000 -1.00000 0.86603 0.50000 0.00000 0.86603 0.50000 -0.00000 0.00000 0.00000 -1.00000 0.00000 0.00000 1.00000 0.00000 1.00000 0.00000 0.00000 1.00000 -0.00000 0.00000 0.00000 -1.00000 0.00000 -0.00000 1.00000 -0.86603 0.50000 0.00000 -0.86603 0.50000 0.00000 0.00000 0.00000 -1.00000 0.00000 0.00000 1.00000 -0.86603 -0.50000 0.00000 -0.86603 -0.50000 0.00000 -0.00000 0.00000 -1.00000 0.00000 0.00000 1.00000 0.00000 -1.00000 0.00000 0.00000 -1.00000 0.00000 0.00000 -0.00000 -1.00000 0.00000 0.00000 1.00000 0.86603 -0.50000 0.00000 0.86603 -0.50000 0.00000 0.00000 0.00000 -1.00000 -0.00000 0.00000 1.00000 -0.29089 0.91768 0.27064 0.00000 0.00000 -1.00000 -0.94018 0.20692 0.27064 -0.00000 0.00000 -1.00000 -0.64929 -0.71076 0.27064 0.00000 0.00000 -1.00000 0.29089 -0.91768 0.27064 0.00000 -0.00000 -1.00000 0.94018 -0.20692 0.27064 0.00000 0.00000 -1.00000 0.64929 0.71076 0.27064 0.00000 0.00000 -1.00000 0.86603 0.50000 0.00000 0.86603 0.50000 -0.00000 0.00000 0.00000 -1.00000 0.00000 0.00000 1.00000 0.00000 1.00000 0.00000 0.00000 1.00000 -0.00000 0.00000 0.00000 -1.00000 0.00000 -0.00000 1.00000 -0.86603 0.50000 0.00000 -0.86603 0.50000 0.00000 0.00000 0.00000 -1.00000 0.00000 0.00000 1.00000 -0.86603 -0.50000 0.00000 -0.86603 -0.50000 0.00000 -0.00000 0.00000 -1.00000 0.00000 0.00000 1.00000 0.00000 -1.00000 0.00000 0.00000 -1.00000 0.00000 0.00000 -0.00000 -1.00000 0.00000 0.00000 1.00000 0.86603 -0.50000 0.00000 0.86603 -0.50000 0.00000 0.00000 0.00000 -1.00000 -0.00000 0.00000 1.00000 0.68323 0.67040 0.28941 0.00000 0.00000 -1.00000 -0.23897 0.92690 0.28941 0.00000 0.00000 -1.00000 -0.92220 0.25650 0.28941 -0.00000 0.00000 -1.00000 -0.68323 -0.67040 0.28941 0.00000 0.00000 -1.00000 0.23897 -0.92690 0.28941 0.00000 -0.00000 -1.00000 0.92220 -0.25650 0.28941 0.00000 0.00000 -1.00000 0.86603 0.50000 0.00000 0.86603 0.50000 -0.00000 0.00000 0.00000 -1.00000 0.00000 0.00000 1.00000 0.00000 1.00000 0.00000 0.00000 1.00000 -0.00000 0.00000 0.00000 -1.00000 0.00000 -0.00000 1.00000 -0.86603 0.50000 0.00000 -0.86603 0.50000 0.00000 0.00000 0.00000 -1.00000 0.00000 0.00000 1.00000 -0.86603 -0.50000 0.00000 -0.86603 -0.50000 0.00000 -0.00000 0.00000 -1.00000 0.00000 0.00000 1.00000 0.00000 -1.00000 0.00000 0.00000 -1.00000 0.00000 0.00000 -0.00000 -1.00000 0.00000 0.00000 1.00000 0.86603 -0.50000 0.00000 0.86603 -0.50000 0.00000 0.00000 0.00000 -1.00000 -0.00000 0.00000 1.00000 0.29822 0.92033 0.25310 0.00000 0.00000 -1.00000 -0.64792 0.71843 0.25310 0.00000 0.00000 -1.00000 -0.94614 -0.20190 0.25310 -0.00000 0.00000 -1.00000 -0.29822 -0.92033 0.25310 0.00000 -0.00000 -1.00000 0.64792 -0.71843 0.25310 0.00000 0.00000 -1.00000 0.94614 0.20190 0.25310 0.00000 0.00000 -1.00000 0.86603 0.50000 0.00000 0.86603 0.50000 -0.00000 0.00000 0.00000 -1.00000 0.00000 0.00000 1.00000 0.00000 1.00000 0.00000 0.00000 1.00000 -0.00000 0.00000 0.00000 -1.00000 0.00000 -0.00000 1.00000 -0.86603 0.50000 0.00000 -0.86603 0.50000 0.00000 0.00000 0.00000 -1.00000 0.00000 0.00000 1.00000 -0.86603 -0.50000 0.00000 -0.86603 -0.50000 0.00000 -0.00000 0.00000 -1.00000 0.00000 0.00000 1.00000 0.00000 -1.00000 0.00000 0.00000 -1.00000 0.00000 0.00000 -0.00000 -1.00000 0.00000 0.00000 1.00000 0.86603 -0.50000 0.00000 0.86603 -0.50000 0.00000 0.00000 0.00000 -1.00000 -0.00000 0.00000 1.00000 -0.28207 -0.93592 0.21093 0.00000 -0.00000 -1.00000 0.66950 -0.71224 0.21093 0.00000 0.00000 -1.00000 0.95156 0.22368 0.21093 0.00000 0.00000 -1.00000 0.28207 0.93592 0.21093 0.00000 0.00000 -1.00000 -0.66950 0.71224 0.21093 0.00000 0.00000 -1.00000 -0.95156 -0.22368 0.21093 -0.00000 0.00000 -1.00000 0.86603 0.50000 0.00000 0.86603 0.50000 -0.00000 0.00000 0.00000 -1.00000 0.00000 0.00000 1.00000 0.00000 1.00000 0.00000 0.00000 1.00000 -0.00000 0.00000 0.00000 -1.00000 0.00000 -0.00000 1.00000 -0.86603 0.50000 0.00000 -0.86603 0.50000 0.00000 0.00000 0.00000 -1.00000 0.00000 0.00000 1.00000 -0.86603 -0.50000 0.00000 -0.86603 -0.50000 0.00000 -0.00000 0.00000 -1.00000 0.00000 0.00000 1.00000 0.00000 -1.00000 0.00000 0.00000 -1.00000 0.00000 0.00000 -0.00000 -1.00000 0.00000 0.00000 1.00000 0.86603 -0.50000 0.00000 0.86603 -0.50000 0.00000 0.00000 0.00000 -1.00000 -0.00000 0.00000 1.00000 -0.47201 -0.83794 0.27396 0.00000 -0.00000 -1.00000 0.48967 -0.82775 0.27396 0.00000 0.00000 -1.00000 0.96169 0.01019 0.27396 0.00000 0.00000 -1.00000 0.47201 0.83794 0.27396 0.00000 0.00000 -1.00000 -0.48967 0.82775 0.27396 0.00000 0.00000 -1.00000 -0.96169 -0.01019 0.27396 -0.00000 0.00000 -1.00000 0.86603 0.50000 0.00000 0.86603 0.50000 -0.00000 0.00000 0.00000 -1.00000 0.00000 0.00000 1.00000 0.00000 1.00000 0.00000 0.00000 1.00000 -0.00000 0.00000 0.00000 -1.00000 0.00000 -0.00000 1.00000 -0.86603 0.50000 0.00000 -0.86603 0.50000 0.00000 0.00000 0.00000 -1.00000 0.00000 0.00000 1.00000 -0.86603 -0.50000 0.00000 -0.86603 -0.50000 0.00000 -0.00000 0.00000 -1.00000 0.00000 0.00000 1.00000 0.00000 -1.00000 0.00000 0.00000 -1.00000 0.00000 0.00000 -0.00000 -1.00000 0.00000 0.00000 1.00000 0.86603 -0.50000 0.00000 0.86603 -0.50000 0.00000 0.00000 0.00000 -1.00000 -0.00000 0.00000 1.00000 0.90392 0.27121 0.33072 0.00000 0.00000 -1.00000 0.21709 0.91842 0.33072 0.00000 0.00000 -1.00000 -0.68683 0.64721 0.33072 0.00000 0.00000 -1.00000 -0.90392 -0.27121 0.33072 -0.00000 0.00000 -1.00000 -0.21709 -0.91842 0.33072 0.00000 -0.00000 -1.00000 0.68683 -0.64721 0.33072 0.00000 0.00000 -1.00000 0.86603 0.50000 0.00000 0.86603 0.50000 -0.00000 0.00000 0.00000 -1.00000 0.00000 0.00000 1.00000 0.00000 1.00000 0.00000 0.00000 1.00000 -0.00000 0.00000 0.00000 -1.00000 0.00000 -0.00000 1.00000 -0.86603 0.50000 0.00000 -0.86603 0.50000 0.00000 0.00000 0.00000 -1.00000 0.00000 0.00000 1.00000 -0.86603 -0.50000 0.00000 -0.86603 -0.50000 0.00000 -0.00000 0.00000 -1.00000 0.00000 0.00000 1.00000 0.00000 -1.00000 0.00000 0.00000 -1.00000 0.00000 0.00000 -0.00000 -1.00000 0.00000 0.00000 1.00000 0.86603 -0.50000 0.00000 0.86603 -0.50000 0.00000 0.00000 0.00000 -1.00000 -0.00000 0.00000 1.00000 0.65157 -0.72242 0.23144 0.00000 0.00000 -1.00000 0.95142 0.20307 0.23144 0.00000 0.00000 -1.00000 0.29984 0.92549 0.23144 0.00000 0.00000 -1.00000 -0.65157 0.72242 0.23144 0.00000 0.00000 -1.00000 -0.95142 -0.20307 0.23144 -0.00000 0.00000 -1.00000 -0.29984 -0.92549 0.23144 0.00000 -0.00000 -1.00000 0.86603 0.50000 0.00000 0.86603 0.50000 -0.00000 0.00000 0.00000 -1.00000 0.00000 0.00000 1.00000 0.00000 1.00000 0.00000 0.00000 1.00000 -0.00000 0.00000 0.00000 -1.00000 0.00000 -0.00000 1.00000 -0.86603 0.50000 0.00000 -0.86603 0.50000 0.00000 0.00000 0.00000 -1.00000 0.00000 0.00000 1.00000 -0.86603 -0.50000 0.00000 -0.86603 -0.50000 0.00000 -0.00000 0.00000 -1.00000 0.00000 0.00000 1.00000 0.00000 -1.00000 0.00000 0.00000 -1.00000 0.00000 0.00000 -0.00000 -1.00000 0.00000 0.00000 1.00000 0.86603 -0.50000 0.00000 0.86603 -0.50000 0.00000 0.00000 0.00000 -1.00000 -0.00000 0.00000 1.00000 0.95440 -0.02803 0.29723 0.00000 0.00000 -1.00000 0.50147 0.81252 0.29723 0.00000 0.00000 -1.00000 -0.45292 0.84055 0.29723 0.00000 0.00000 -1.00000 -0.95440 0.02803 0.29723 -0.00000 0.00000 -1.00000 -0.50147 -0.81252 0.29723 0.00000 0.00000 -1.00000 0.45292 -0.84055 0.29723 0.00000 -0.00000 -1.00000 0.86603 0.50000 0.00000 0.86603 0.50000 -0.00000 0.00000 0.00000 -1.00000 0.00000 0.00000 1.00000 0.00000 1.00000 0.00000 0.00000 1.00000 -0.00000 0.00000 0.00000 -1.00000 0.00000 -0.00000 1.00000 -0.86603 0.50000 0.00000 -0.86603 0.50000 0.00000 0.00000 0.00000 -1.00000 0.00000 0.00000 1.00000 -0.86603 -0.50000 0.00000 -0.86603 -0.50000 0.00000 -0.00000 0.00000 -1.00000 0.00000 0.00000 1.00000 0.00000 -1.00000 0.00000 0.00000 -1.00000 0.00000 0.00000 -0.00000 -1.00000 0.00000 0.00000 1.00000 0.86603 -0.50000 0.00000 0.86603 -0.50000 0.00000 0.00000 0.00000 -1.00000 -0.00000 0.00000 1.00000 -0.10962 0.96887 0.22196 0.00000 0.00000 -1.00000 -0.89388 0.38950 0.22196 -0.00000 0.00000 -1.00000 -0.78426 -0.57937 0.22196 0.00000 0.00000 -1.00000 0.10962 -0.96887 0.22196 0.00000 -0.00000 -1.00000 0.89388 -0.38950 0.22196 0.00000 0.00000 -1.00000 0.78426 0.57937 0.22196 0.00000 0.00000 -1.00000 0.86603 0.50000 0.00000 0.86603 0.50000 -0.00000 0.00000 0.00000 -1.00000 0.00000 0.00000 1.00000 0.00000 1.00000 0.00000 0.00000 1.00000 -0.00000 0.00000 0.00000 -1.00000 0.00000 -0.00000 1.00000 -0.86603 0.50000 0.00000 -0.86603 0.50000 0.00000 0.00000 0.00000 -1.00000 0.00000 0.00000 1.00000 -0.86603 -0.50000 0.00000 -0.86603 -0.50000 0.00000 -0.00000 0.00000 -1.00000 0.00000 0.00000 1.00000 0.00000 -1.00000 0.00000 0.00000 -1.00000 0.00000 0.00000 -0.00000 -1.00000 0.00000 0.00000 1.00000 0.86603 -0.50000 0.00000 0.86603 -0.50000 0.00000 0.00000 0.00000 -1.00000 -0.00000 0.00000 1.00000 0.45782 0.80665 0.37380 0.00000 0.00000 -1.00000 -0.46967 0.79980 0.37380 0.00000 0.00000 -1.00000 -0.92748 -0.00684 0.37380 -0.00000 0.00000 -1.00000 -0.45782 -0.80665 0.37380 0.00000 -0.00000 -1.00000 0.46967 -0.79980 0.37380 0.00000 0.00000 -1.00000 0.92748 0.00684 0.37380 0.00000 0.00000 -1.00000 0.86603 0.50000 0.00000 0.86603 0.50000 -0.00000 0.00000 0.00000 -1.00000 0.00000 0.00000 1.00000 0.00000 1.00000 0.00000 0.00000 1.00000 -0.00000 0.00000 0.00000 -1.00000 0.00000 -0.00000 1.00000 -0.86603 0.50000 0.00000 -0.86603 0.50000 0.00000 0.00000 0.00000 -1.00000 0.00000 0.00000 1.00000 -0.86603 -0.50000 0.00000 -0.86603 -0.50000 0.00000 -0.00000 0.00000 -1.00000 0.00000 0.00000 1.00000 0.00000 -1.00000 0.00000 0.00000 -1.00000 0.00000 0.00000 -0.00000 -1.00000 0.00000 0.00000 1.00000 0.86603 -0.50000 0.00000 0.86603 -0.50000 0.00000 0.00000 0.00000 -1.00000 -0.00000 0.00000 1.00000 -0.37104 -0.88052 0.29497 0.00000 -0.00000 -1.00000 0.57704 -0.76159 0.29497 0.00000 0.00000 -1.00000 0.94808 0.11893 0.29497 0.00000 0.00000 -1.00000 0.37104 0.88052 0.29497 0.00000 0.00000 -1.00000 -0.57704 0.76159 0.29497 0.00000 0.00000 -1.00000 -0.94808 -0.11893 0.29497 -0.00000 0.00000 -1.00000 0.86603 0.50000 0.00000 0.86603 0.50000 -0.00000 0.00000 0.00000 -1.00000 0.00000 0.00000 1.00000 0.00000 1.00000 0.00000 0.00000 1.00000 -0.00000 0.00000 0.00000 -1.00000 0.00000 -0.00000 1.00000 -0.86603 0.50000 0.00000 -0.86603 0.50000 0.00000 0.00000 0.00000 -1.00000 0.00000 0.00000 1.00000 -0.86603 -0.50000 0.00000 -0.86603 -0.50000 0.00000 -0.00000 0.00000 -1.00000 0.00000 0.00000 1.00000 0.00000 -1.00000 0.00000 0.00000 -1.00000 0.00000 0.00000 -0.00000 -1.00000 0.00000 0.00000 1.00000 0.86603 -0.50000 0.00000 0.86603 -0.50000 0.00000 0.00000 0.00000 -1.00000 -0.00000 0.00000 1.00000 -0.53188 0.83735 0.12631 0.00000 0.00000 -1.00000 -0.99110 -0.04195 0.12631 -0.00000 0.00000 -1.00000 -0.45922 -0.87929 0.12631 0.00000 -0.00000 -1.00000 0.53188 -0.83735 0.12631 0.00000 0.00000 -1.00000 0.99110 0.04195 0.12631 0.00000 0.00000 -1.00000 0.45922 0.87929 0.12631 0.00000 0.00000 -1.00000 0.86603 0.50000 0.00000 0.86603 0.50000 -0.00000 0.00000 0.00000 -1.00000 0.00000 0.00000 1.00000 0.00000 1.00000 0.00000 0.00000 1.00000 -0.00000 0.00000 0.00000 -1.00000 0.00000 -0.00000 1.00000 -0.86603 0.50000 0.00000 -0.86603 0.50000 0.00000 0.00000 0.00000 -1.00000 0.00000 0.00000 1.00000 -0.86603 -0.50000 0.00000 -0.86603 -0.50000 0.00000 -0.00000 0.00000 -1.00000 0.00000 0.00000 1.00000 0.00000 -1.00000 0.00000 0.00000 -1.00000 0.00000 0.00000 -0.00000 -1.00000 0.00000 0.00000 1.00000 0.86603 -0.50000 0.00000 0.86603 -0.50000 0.00000 0.00000 0.00000 -1.00000 -0.00000 0.00000 1.00000 0.69022 0.70216 0.17484 0.00000 0.00000 -1.00000 -0.26298 0.94883 0.17484 0.00000 0.00000 -1.00000 -0.95320 0.24667 0.17484 -0.00000 0.00000 -1.00000 -0.69022 -0.70216 0.17484 0.00000 0.00000 -1.00000 0.26298 -0.94883 0.17484 0.00000 -0.00000 -1.00000 0.95320 -0.24667 0.17484 0.00000 0.00000 -1.00000 0.86603 0.50000 0.00000 0.86603 0.50000 -0.00000 0.00000 0.00000 -1.00000 0.00000 0.00000 1.00000 0.00000 1.00000 0.00000 0.00000 1.00000 -0.00000 0.00000 0.00000 -1.00000 0.00000 -0.00000 1.00000 -0.86603 0.50000 0.00000 -0.86603 0.50000 0.00000 0.00000 0.00000 -1.00000 0.00000 0.00000 1.00000 -0.86603 -0.50000 0.00000 -0.86603 -0.50000 0.00000 -0.00000 0.00000 -1.00000 0.00000 0.00000 1.00000 0.00000 -1.00000 0.00000 0.00000 -1.00000 0.00000 0.00000 -0.00000 -1.00000 0.00000 0.00000 1.00000 0.86603 -0.50000 0.00000 0.86603 -0.50000 0.00000 0.00000 0.00000 -1.00000 -0.00000 0.00000 1.00000 -0.69130 0.67648 0.25392 0.00000 0.00000 -1.00000 -0.93150 -0.26045 0.25392 -0.00000 0.00000 -1.00000 -0.24019 -0.93693 0.25392 0.00000 -0.00000 -1.00000 0.69130 -0.67648 0.25392 0.00000 0.00000 -1.00000 0.93150 0.26045 0.25392 0.00000 0.00000 -1.00000 0.24019 0.93693 0.25392 0.00000 0.00000 -1.00000 0.86603 0.50000 0.00000 0.86603 0.50000 -0.00000 0.00000 0.00000 -1.00000 0.00000 0.00000 1.00000 0.00000 1.00000 0.00000 0.00000 1.00000 -0.00000 0.00000 0.00000 -1.00000 0.00000 -0.00000 1.00000 -0.86603 0.50000 0.00000 -0.86603 0.50000 0.00000 0.00000 0.00000 -1.00000 0.00000 0.00000 1.00000 -0.86603 -0.50000 0.00000 -0.86603 -0.50000 0.00000 -0.00000 0.00000 -1.00000 0.00000 0.00000 1.00000 0.00000 -1.00000 0.00000 0.00000 -1.00000 0.00000 0.00000 -0.00000 -1.00000 0.00000 0.00000 1.00000 0.86603 -0.50000 0.00000 0.86603 -0.50000 0.00000 0.00000 0.00000 -1.00000 -0.00000 0.00000 1.00000 -0.97456 0.01813 0.22339 -0.00000 0.00000 -1.00000 -0.50298 -0.83493 0.22339 0.00000 0.00000 -1.00000 0.47158 -0.85306 0.22339 0.00000 -0.00000 -1.00000 0.97456 -0.01813 0.22339 0.00000 0.00000 -1.00000 0.50298 0.83493 0.22339 0.00000 0.00000 -1.00000 -0.47158 0.85306 0.22339 0.00000 0.00000 -1.00000 0.86603 0.50000 0.00000 0.86603 0.50000 -0.00000 0.00000 0.00000 -1.00000 0.00000 0.00000 1.00000 0.00000 1.00000 0.00000 0.00000 1.00000 -0.00000 0.00000 0.00000 -1.00000 0.00000 -0.00000 1.00000 -0.86603 0.50000 0.00000 -0.86603 0.50000 0.00000 0.00000 0.00000 -1.00000 0.00000 0.00000 1.00000 -0.86603 -0.50000 0.00000 -0.86603 -0.50000 0.00000 -0.00000 0.00000 -1.00000 0.00000 0.00000 1.00000 0.00000 -1.00000 0.00000 0.00000 -1.00000 0.00000 0.00000 -0.00000 -1.00000 0.00000 0.00000 1.00000 0.86603 -0.50000 0.00000 0.86603 -0.50000 0.00000 0.00000 0.00000 -1.00000 -0.00000 0.00000 1.00000 -0.13347 -0.91264 0.38635 0.00000 -0.00000 -1.00000 0.72364 -0.57191 0.38635 0.00000 0.00000 -1.00000 0.85711 0.34074 0.38635 0.00000 0.00000 -1.00000 0.13347 0.91264 0.38635 0.00000 0.00000 -1.00000 -0.72364 0.57191 0.38635 0.00000 0.00000 -1.00000 -0.85711 -0.34074 0.38635 -0.00000 0.00000 -1.00000 0.86603 0.50000 0.00000 0.86603 0.50000 -0.00000 0.00000 0.00000 -1.00000 0.00000 0.00000 1.00000 0.00000 1.00000 0.00000 0.00000 1.00000 -0.00000 0.00000 0.00000 -1.00000 0.00000 -0.00000 1.00000 -0.86603 0.50000 0.00000 -0.86603 0.50000 0.00000 0.00000 0.00000 -1.00000 0.00000 0.00000 1.00000 -0.86603 -0.50000 0.00000 -0.86603 -0.50000 0.00000 -0.00000 0.00000 -1.00000 0.00000 0.00000 1.00000 0.00000 -1.00000 0.00000 0.00000 -1.00000 0.00000 0.00000 -0.00000 -1.00000 0.00000 0.00000 1.00000 0.86603 -0.50000 0.00000 0.86603 -0.50000 0.00000 0.00000 0.00000 -1.00000 -0.00000 0.00000 1.00000 -0.54109 0.81549 0.20544 0.00000 0.00000 -1.00000 -0.97678 -0.06085 0.20544 -0.00000 0.00000 -1.00000 -0.43569 -0.87634 0.20544 0.00000 -0.00000 -1.00000 0.54109 -0.81549 0.20544 0.00000 0.00000 -1.00000 0.97678 0.06085 0.20544 0.00000 0.00000 -1.00000 0.43569 0.87634 0.20544 0.00000 0.00000 -1.00000 0.86603 0.50000 0.00000 0.86603 0.50000 -0.00000 0.00000 0.00000 -1.00000 0.00000 0.00000 1.00000 0.00000 1.00000 0.00000 0.00000 1.00000 -0.00000 0.00000 0.00000 -1.00000 0.00000 -0.00000 1.00000 -0.86603 0.50000 0.00000 -0.86603 0.50000 0.00000 0.00000 0.00000 -1.00000 0.00000 0.00000 1.00000 -0.86603 -0.50000 0.00000 -0.86603 -0.50000 0.00000 -0.00000 0.00000 -1.00000 0.00000 0.00000 1.00000 0.00000 -1.00000 0.00000 0.00000 -1.00000 0.00000 0.00000 -0.00000 -1.00000 0.00000 0.00000 1.00000 0.86603 -0.50000 0.00000 0.86603 -0.50000 0.00000 0.00000 0.00000 -1.00000 -0.00000 0.00000 1.00000 0.90222 0.38645 0.19147 0.00000 0.00000 -1.00000 0.11644 0.97457 0.19147 0.00000 0.00000 -1.00000 -0.78578 0.58812 0.19147 0.00000 0.00000 -1.00000 -0.90222 -0.38645 0.19147 -0.00000 0.00000 -1.00000 -0.11644 -0.97457 0.19147 0.00000 -0.00000 -1.00000 0.78578 -0.58812 0.19147 0.00000 0.00000 -1.00000 0.86603 0.50000 0.00000 0.86603 0.50000 -0.00000 0.00000 0.00000 -1.00000 0.00000 0.00000 1.00000 0.00000 1.00000 0.00000 0.00000 1.00000 -0.00000 0.00000 0.00000 -1.00000 0.00000 -0.00000 1.00000 -0.86603 0.50000 0.00000 -0.86603 0.50000 0.00000 0.00000 0.00000 -1.00000 0.00000 0.00000 1.00000 -0.86603 -0.50000 0.00000 -0.86603 -0.50000 0.00000 -0.00000 0.00000 -1.00000 0.00000 0.00000 1.00000 0.00000 -1.00000 0.00000 0.00000 -1.00000 0.00000 0.00000 -0.00000 -1.00000 0.00000 0.00000 1.00000 0.86603 -0.50000 0.00000 0.86603 -0.50000 0.00000 0.00000 0.00000 -1.00000 -0.00000 0.00000 1.00000 -0.98096 0.12106 0.15189 -0.00000 0.00000 -1.00000 -0.59532 -0.78900 0.15189 0.00000 0.00000 -1.00000 0.38563 -0.91006 0.15189 0.00000 -0.00000 -1.00000 0.98096 -0.12106 0.15189 0.00000 0.00000 -1.00000 0.59532 0.78900 0.15189 0.00000 0.00000 -1.00000 -0.38563 0.91006 0.15189 0.00000 0.00000 -1.00000 0.86603 0.50000 0.00000 0.86603 0.50000 -0.00000 0.00000 0.00000 -1.00000 0.00000 0.00000 1.00000 0.00000 1.00000 0.00000 0.00000 1.00000 -0.00000 0.00000 0.00000 -1.00000 0.00000 -0.00000 1.00000 -0.86603 0.50000 0.00000 -0.86603 0.50000 0.00000 0.00000 0.00000 -1.00000 0.00000 0.00000 1.00000 -0.86603 -0.50000 0.00000 -0.86603 -0.50000 0.00000 -0.00000 0.00000 -1.00000 0.00000 0.00000 1.00000 0.00000 -1.00000 0.00000 0.00000 -1.00000 0.00000 0.00000 -0.00000 -1.00000 0.00000 0.00000 1.00000 0.86603 -0.50000 0.00000 0.86603 -0.50000 0.00000 0.00000 0.00000 -1.00000 -0.00000 0.00000 1.00000 -0.95392 -0.12341 0.27350 -0.00000 0.00000 -1.00000 -0.37009 -0.88782 0.27350 0.00000 -0.00000 -1.00000 0.58383 -0.76442 0.27350 0.00000 0.00000 -1.00000 0.95392 0.12341 0.27350 0.00000 0.00000 -1.00000 0.37009 0.88782 0.27350 0.00000 0.00000 -1.00000 -0.58383 0.76442 0.27350 0.00000 0.00000 -1.00000 0.86603 0.50000 0.00000 0.86603 0.50000 -0.00000 0.00000 0.00000 -1.00000 0.00000 0.00000 1.00000 0.00000 1.00000 0.00000 0.00000 1.00000 -0.00000 0.00000 0.00000 -1.00000 0.00000 -0.00000 1.00000 -0.86603 0.50000 0.00000 -0.86603 0.50000 0.00000 0.00000 0.00000 -1.00000 0.00000 0.00000 1.00000 -0.86603 -0.50000 0.00000 -0.86603 -0.50000 0.00000 -0.00000 0.00000 -1.00000 0.00000 0.00000 1.00000 0.00000 -1.00000 0.00000 0.00000 -1.00000 0.00000 0.00000 -0.00000 -1.00000 0.00000 0.00000 1.00000 0.86603 -0.50000 0.00000 0.86603 -0.50000 0.00000 0.00000 0.00000 -1.00000 -0.00000 0.00000 1.00000 -0.91934 -0.33477 0.20674 -0.00000 0.00000 -1.00000 -0.16975 -0.96356 0.20674 0.00000 -0.00000 -1.00000 0.74959 -0.62879 0.20674 0.00000 0.00000 -1.00000 0.91934 0.33477 0.20674 0.00000 0.00000 -1.00000 0.16975 0.96356 0.20674 0.00000 0.00000 -1.00000 -0.74959 0.62879 0.20674 0.00000 0.00000 -1.00000 0.86603 0.50000 0.00000 0.86603 0.50000 -0.00000 0.00000 0.00000 -1.00000 0.00000 0.00000 1.00000 0.00000 1.00000 0.00000 0.00000 1.00000 -0.00000 0.00000 0.00000 -1.00000 0.00000 -0.00000 1.00000 -0.86603 0.50000 0.00000 -0.86603 0.50000 0.00000 0.00000 0.00000 -1.00000 0.00000 0.00000 1.00000 -0.86603 -0.50000 0.00000 -0.86603 -0.50000 0.00000 -0.00000 0.00000 -1.00000 0.00000 0.00000 1.00000 0.00000 -1.00000 0.00000 0.00000 -1.00000 0.00000 0.00000 -0.00000 -1.00000 0.00000 0.00000 1.00000 0.86603 -0.50000 0.00000 0.86603 -0.50000 0.00000 0.00000 0.00000 -1.00000 -0.00000 0.00000 1.00000 -0.49857 0.85544 0.14021 0.00000 0.00000 -1.00000 -0.99011 -0.00405 0.14021 -0.00000 0.00000 -1.00000 -0.49155 -0.85949 0.14021 0.00000 -0.00000 -1.00000 0.49857 -0.85544 0.14021 0.00000 0.00000 -1.00000 0.99011 0.00405 0.14021 0.00000 0.00000 -1.00000 0.49155 0.85949 0.14021 0.00000 0.00000 -1.00000 0.86603 0.50000 0.00000 0.86603 0.50000 -0.00000 0.00000 0.00000 -1.00000 0.00000 0.00000 1.00000 0.00000 1.00000 0.00000 0.00000 1.00000 -0.00000 0.00000 0.00000 -1.00000 0.00000 -0.00000 1.00000 -0.86603 0.50000 0.00000 -0.86603 0.50000 0.00000 0.00000 0.00000 -1.00000 0.00000 0.00000 1.00000 -0.86603 -0.50000 0.00000 -0.86603 -0.50000 0.00000 -0.00000 0.00000 -1.00000 0.00000 0.00000 1.00000 0.00000 -1.00000 0.00000 0.00000 -1.00000 0.00000 0.00000 -0.00000 -1.00000 0.00000 0.00000 1.00000 0.86603 -0.50000 0.00000 0.86603 -0.50000 0.00000 0.00000 0.00000 -1.00000 -0.00000 0.00000 1.00000 -0.97639 -0.07626 0.20212 -0.00000 0.00000 -1.00000 -0.42215 -0.88371 0.20212 0.00000 -0.00000 -1.00000 0.55424 -0.80745 0.20212 0.00000 0.00000 -1.00000 0.97639 0.07626 0.20212 0.00000 0.00000 -1.00000 0.42215 0.88371 0.20212 0.00000 0.00000 -1.00000 -0.55424 0.80745 0.20212 0.00000 0.00000 -1.00000 0.86603 0.50000 0.00000 0.86603 0.50000 -0.00000 0.00000 0.00000 -1.00000 0.00000 0.00000 1.00000 0.00000 1.00000 0.00000 0.00000 1.00000 -0.00000 0.00000 0.00000 -1.00000 0.00000 -0.00000 1.00000 -0.86603 0.50000 0.00000 -0.86603 0.50000 0.00000 0.00000 0.00000 -1.00000 0.00000 0.00000 1.00000 -0.86603 -0.50000 0.00000 -0.86603 -0.50000 0.00000 -0.00000 0.00000 -1.00000 0.00000 0.00000 1.00000 0.00000 -1.00000 0.00000 0.00000 -1.00000 0.00000 0.00000 -0.00000 -1.00000 0.00000 0.00000 1.00000 0.86603 -0.50000 0.00000 0.86603 -0.50000 0.00000 0.00000 0.00000 -1.00000 -0.00000 0.00000 1.00000 0.78020 -0.48151 0.39929 0.00000 0.00000 -1.00000 0.80710 0.43491 0.39929 0.00000 0.00000 -1.00000 0.02690 0.91643 0.39929 0.00000 0.00000 -1.00000 -0.78020 0.48151 0.39929 0.00000 0.00000 -1.00000 -0.80710 -0.43491 0.39929 -0.00000 0.00000 -1.00000 -0.02690 -0.91643 0.39929 0.00000 -0.00000 -1.00000 0.86603 0.50000 0.00000 0.86603 0.50000 -0.00000 0.00000 0.00000 -1.00000 0.00000 0.00000 1.00000 0.00000 1.00000 0.00000 0.00000 1.00000 -0.00000 0.00000 0.00000 -1.00000 0.00000 -0.00000 1.00000 -0.86603 0.50000 0.00000 -0.86603 0.50000 0.00000 0.00000 0.00000 -1.00000 0.00000 0.00000 1.00000 -0.86603 -0.50000 0.00000 -0.86603 -0.50000 0.00000 -0.00000 0.00000 -1.00000 0.00000 0.00000 1.00000 0.00000 -1.00000 0.00000 0.00000 -1.00000 0.00000 0.00000 -0.00000 -1.00000 0.00000 0.00000 1.00000 0.86603 -0.50000 0.00000 0.86603 -0.50000 0.00000 0.00000 0.00000 -1.00000 -0.00000 0.00000 1.00000 -0.01720 -0.97977 0.19939 0.00000 -0.00000 -1.00000 0.83990 -0.50478 0.19939 0.00000 0.00000 -1.00000 0.85711 0.47499 0.19939 0.00000 0.00000 -1.00000 0.01720 0.97977 0.19939 0.00000 0.00000 -1.00000 -0.83990 0.50478 0.19939 0.00000 0.00000 -1.00000 -0.85711 -0.47499 0.19939 -0.00000 0.00000 -1.00000 0.86603 0.50000 0.00000 0.86603 0.50000 -0.00000 0.00000 0.00000 -1.00000 0.00000 0.00000 1.00000 0.00000 1.00000 0.00000 0.00000 1.00000 -0.00000 0.00000 0.00000 -1.00000 0.00000 -0.00000 1.00000 -0.86603 0.50000 0.00000 -0.86603 0.50000 0.00000 0.00000 0.00000 -1.00000 0.00000 0.00000 1.00000 -0.86603 -0.50000 0.00000 -0.86603 -0.50000 0.00000 -0.00000 0.00000 -1.00000 0.00000 0.00000 1.00000 0.00000 -1.00000 0.00000 0.00000 -1.00000 0.00000 0.00000 -0.00000 -1.00000 0.00000 0.00000 1.00000 0.86603 -0.50000 0.00000 0.86603 -0.50000 0.00000 0.00000 0.00000 -1.00000 -0.00000 0.00000 1.00000 -0.50446 -0.84862 0.15928 0.00000 0.00000 -1.00000 0.48269 -0.86118 0.15928 0.00000 -0.00000 -1.00000 0.98715 -0.01257 0.15928 0.00000 0.00000 -1.00000 0.50446 0.84862 0.15928 0.00000 0.00000 -1.00000 -0.48269 0.86118 0.15928 0.00000 0.00000 -1.00000 -0.98715 0.01257 0.15928 -0.00000 0.00000 -1.00000 0.86603 0.50000 0.00000 0.86603 0.50000 -0.00000 0.00000 0.00000 -1.00000 0.00000 0.00000 1.00000 0.00000 1.00000 0.00000 0.00000 1.00000 -0.00000 0.00000 0.00000 -1.00000 0.00000 -0.00000 1.00000 -0.86603 0.50000 0.00000 -0.86603 0.50000 0.00000 0.00000 0.00000 -1.00000 0.00000 0.00000 1.00000 -0.86603 -0.50000 0.00000 -0.86603 -0.50000 0.00000 -0.00000 0.00000 -1.00000 0.00000 0.00000 1.00000 0.00000 -1.00000 0.00000 0.00000 -1.00000 0.00000 0.00000 -0.00000 -1.00000 0.00000 0.00000 1.00000 0.86603 -0.50000 0.00000 0.86603 -0.50000 0.00000 0.00000 0.00000 -1.00000 -0.00000 0.00000 1.00000 0.64331 -0.74445 0.17877 0.00000 0.00000 -1.00000 0.96636 0.18490 0.17877 0.00000 0.00000 -1.00000 0.32306 0.92934 0.17877 0.00000 0.00000 -1.00000 -0.64331 0.74445 0.17877 0.00000 0.00000 -1.00000 -0.96636 -0.18490 0.17877 -0.00000 0.00000 -1.00000 -0.32306 -0.92934 0.17877 0.00000 -0.00000 -1.00000 0.86603 0.50000 0.00000 0.86603 0.50000 -0.00000 0.00000 0.00000 -1.00000 0.00000 0.00000 1.00000 0.00000 1.00000 0.00000 0.00000 1.00000 -0.00000 0.00000 0.00000 -1.00000 0.00000 -0.00000 1.00000 -0.86603 0.50000 0.00000 -0.86603 0.50000 0.00000 0.00000 0.00000 -1.00000 0.00000 0.00000 1.00000 -0.86603 -0.50000 0.00000 -0.86603 -0.50000 0.00000 -0.00000 0.00000 -1.00000 0.00000 0.00000 1.00000 0.00000 -1.00000 0.00000 0.00000 -1.00000 0.00000 0.00000 -0.00000 -1.00000 0.00000 0.00000 1.00000 0.86603 -0.50000 0.00000 0.86603 -0.50000 0.00000 0.00000 0.00000 -1.00000 -0.00000 0.00000 1.00000 -0.43826 -0.85906 0.26445 0.00000 -0.00000 -1.00000 0.52484 -0.80908 0.26445 0.00000 0.00000 -1.00000 0.96310 0.04999 0.26445 0.00000 0.00000 -1.00000 0.43826 0.85906 0.26445 0.00000 0.00000 -1.00000 -0.52484 0.80908 0.26445 0.00000 0.00000 -1.00000 -0.96310 -0.04999 0.26445 -0.00000 0.00000 -1.00000 0.86603 0.50000 0.00000 0.86603 0.50000 -0.00000 0.00000 0.00000 -1.00000 0.00000 0.00000 1.00000 0.00000 1.00000 0.00000 0.00000 1.00000 -0.00000 0.00000 0.00000 -1.00000 0.00000 -0.00000 1.00000 -0.86603 0.50000 0.00000 -0.86603 0.50000 0.00000 0.00000 0.00000 -1.00000 0.00000 0.00000 1.00000 -0.86603 -0.50000 0.00000 -0.86603 -0.50000 0.00000 -0.00000 0.00000 -1.00000 0.00000 0.00000 1.00000 0.00000 -1.00000 0.00000 0.00000 -1.00000 0.00000 0.00000 -0.00000 -1.00000 0.00000 0.00000 1.00000 0.86603 -0.50000 0.00000 0.86603 -0.50000 0.00000 0.00000 0.00000 -1.00000 -0.00000 0.00000 1.00000 0.03032 -0.96563 0.25813 0.00000 -0.00000 -1.00000 0.85142 -0.45656 0.25813 0.00000 0.00000 -1.00000 0.82110 0.50908 0.25813 0.00000 0.00000 -1.00000 -0.03032 0.96563 0.25813 0.00000 0.00000 -1.00000 -0.85142 0.45656 0.25813 -0.00000 0.00000 -1.00000 -0.82110 -0.50908 0.25813 0.00000 0.00000 -1.00000 0.86603 0.50000 0.00000 0.86603 0.50000 -0.00000 0.00000 0.00000 -1.00000 0.00000 0.00000 1.00000 0.00000 1.00000 0.00000 0.00000 1.00000 -0.00000 0.00000 0.00000 -1.00000 0.00000 -0.00000 1.00000 -0.86603 0.50000 0.00000 -0.86603 0.50000 0.00000 0.00000 0.00000 -1.00000 0.00000 0.00000 1.00000 -0.86603 -0.50000 0.00000 -0.86603 -0.50000 0.00000 -0.00000 0.00000 -1.00000 0.00000 0.00000 1.00000 0.00000 -1.00000 0.00000 0.00000 -1.00000 0.00000 0.00000 -0.00000 -1.00000 0.00000 0.00000 1.00000 0.86603 -0.50000 0.00000 0.86603 -0.50000 0.00000 0.00000 0.00000 -1.00000 -0.00000 0.00000 1.00000</float_array><technique_common><accessor source="#normals-array" count="12060" stride="3"><param name="X" type="float"/><param name="Y" type="float"/><param name="Z" type="float"/></accessor></technique_common></source>
<vertices id="vertices"><input semantic="POSITION" source="#positions"/></vertices><triangles count="12060"><input semantic="VERTEX" source="#vertices" offset="0"/><input semantic="NORMAL" source="#normals" offset="1"/><p>0 0 1 0 6 0 7 1 1 1 0 1 1 2 2 2 6 2 7 3 2 3 1 3 2 4 3 4 6 4 7 5 3 5 2 5 3 6 4 6 6 6 7 7 4 7 3 7 4 8 5 8 6 8 7 9 5 9 4 9 5 10 0 10 6 10 7 11 0 11 5 11 8 12 9 12 15 12 8 13 15 13 14 13 20 14 9 14 8 14 21 15 14 15 15 15 9 16 10 16 16 16 9 17 16 17 15 17 20 18 10 18 9 18 21 19 15 19 16 19 10 20 11 20 17 20 10 21 17 21 16 21 20 22 11 22 10 22 21 23 16 23 17 23 11 24 12 24 18 24 11 25 18 25 17 25 20 26 12 26 11 26 21 27 17 27 18 27 12 28 13 28 19 28 12 29 19 29 18 29 20 30 13 30 12 30 21 31 18 31 19 31 13 32 8 32 14 32 13 33 14 33 19 33 20 34 8 34 13 34 21 35 19 35 14 35 22 36 23 36 28 36 29 37 23 37 22 37 23 38 24 38 28 38 29 39 24 39 23 39 24 40 25 40 28 40 29 41 25 41 24 41 25 42 26 42 28 42 29 43 26 43 25 43 26 44 27 44 28 44 29 45 27 45 26 45 27 46 22 46 28 46 29 47 22 47 27 47 30 48 31 48 37 48 30 49 37 49 36 49 42 50 31 50 30 50 43 51 36 51 37 51 31 52 32 52 38 52 31 53 38 53 37 53 42 54 32 54 31 54 43 55 37 55 38 55 32 56 33 56 39 56 32 57 39 57 38 57 42 58 33 58 32 58 43 59 38 59 39 59 33 60 34 60 40 60 33 61 40 61 39 61 42 62 34 62 33 62 43 63 39 63 40 63 34 64 35 64 41 64 34 65 41 65 40 65 42 66 35 66 34 66 43 67 40 67 41 67 35 68 30 68 36 68 35 69 36 69 41 69 42 70 30 70 35 70 43 71 41 71 36 71 44 72 45 72 50 72 51 73 45 73 44 73 45 74 46 74 50 74 51 75 46 75 45 75 46 76 47 76 50 76 51 77 47 77 46 77 47 78 48 78 50 78 51 79 48 79 47 79 48 80 49 80 50 80 51 81 49 81 48 81 49 82 44 82 50 82 51 83 44 83 49 83 52 84 53 84 59 84 52 85 59 85 58 85 64 86 53 86 52 86 65 87 58 87 59 87 53 88 54 88 60 88 53 89 60 89 59 89 64 90 54 90 53 90 65 91 59 91 60 91 54 92 55 92 61 92 54 93 61 93 60 93 64 94 55 94 54 94 65 95 60 95 61 95 55 96 56 96 62 96 55 97 62 97 61 97 64 98 56 98 55 98 65 99 61 99 62 99 56 100 57 100 63 100 56 101 63 101 62 101 64 102 57 102 56 102 65 103 62 103 63 103 57 104 52 104 58 104 57 105 58 105 63 105 64 106 52 106 57 106 65 107 63 107 58 107 66 108 67 108 72 108 73 109 67 109 66 109 67 110 68 110 72 110 73 111 68 111 67 111 68 112 69 112 72 112 73 113 69 113 68 113 69 114 70 114 72 114 73 115 70 115 69 115 70 116 71 116 72 116 73 117 71 117 70 117 71 118 66 118 72 118 73 119 66 119 71 119 74 120 75 120 81 120 74 121 81 121 80 121 86 122 75 122 74 122 87 123 80 123 81 123 75 124 76 124 82 124 75 125 82 125 81 125 86 126 76 126 75 126 87 127 81 127 82 127 76 128 77 128 83 128 76 129 83 129 82 129 86 130 77 130 76 130 87 131 82 131 83 131 77 132 78 132 84 132 77 133 84 133 83 133 86 134 78 134 77 134 87 135 83 135 84 135 78 136 79 136 85 136 78 137 85 137 84 137 86 138 79 138 78 138 87 139 84 139 85 139 79 140 74 140 80 140 79 141 80 141 85 141 86 142 74 142 79 142 87 143 85 143 80 143 88 144 89 144 94 144 95 145 89 145 88 145 89 146 90 146 94 146 95 147 90 147 89 147 90 148 91 148 94 148 95 149 91 149 90 149 91 150 92 150 94 150 95 151 92 151 91 151 92 152 93 152 94 152 95 153 93 153 92 153 93 154 88 154 94 154 95 155 88 155 93 155 96 156 97 156 103 156 96 157 103 157 102 157 108 158 97 158 96 158 109 159 102 159 103 159 97 160 98 160 104 160 97 161 104 161 103 161 108 162 98 162 97 162 109 163 103 163 104 163 98 164 99 164 105 164 98 165 105 165 104 165 108 166 99 166 98 166 109 167 104 167 105 167 99 168 100 168 106 168 99 169 106 169 105 169 108 170 100 170 99 170 109 171 105 171 106 171 100 172 101 172 107 172 100 173 107 173 106 173 108 174 101 174 100 174 109 175 106 175 107 175 101 176 96 176 102 176 101 177 102 177 107 177 108 178 96 178 101 178 109 179 107 179 102 179 110 180 111 180 116 180 117 181 111 181 110 181 111 182 112 182 116 182 117 183 112 183 111 183 112 184 113 184 116 184 117 185 113 185 112 185 113 186 114 186 116 186 117 187 114 187 113 187 114 188 115 188 116 188 117 189 115 189 114 189 115 190 110 190 116 190 117 191 110 191 115 191 118 192 119 192 125 192 118 193 125 193 124 193 130 194 119 194 118 194 131 195 124 195 125 195 119 196 120 196 126 196 119 197 126 197 125 197 130 198 120 198 119 198 131 199 125 199 126 199 120 200 121 200 127 200 120 201 127 201 126 201 130 202 121 202 120 202 131 203 126 203 127 203 121 204 122 204 128 204 121 205 128 205 127 205 130 206 122 206 121 206 131 207 127 207 128 207 122 208 123 208 129 208 122 209 129 209 128 209 130 210 123 210 122 210 131 211 128 211 129 211 123 212 118 212 124 212 123 213 124 213 129 213 130 214 118 214 123 214 131 215 129 215 124 215 132 216 133 216 138 216 139 217 133 217 132 217 133 218 134 218 138 218 139 219 134 219 133 219 134 220 135 220 138 220 139 221 135 221 134 221 135 222 136 222 138 222 139 223 136 223 135 223 136 224 137 224 138 224 139 225 137 225 136 225 137 226 132 226 138 226 139 227 132 227 137 227 140 228 141 228 147 228 140 229 147 229 146 229 152 230 141 230 140 230 153 231 146 231 147 231 141 232 142 232 148 232 141 233 148 233 147 233 152 234 142 234 141 234 153 235 147 235 148 235 142 236 143 236 149 236 142 237 149 237 148 237 152 238 143 238 142 238 153 239 148 239 149 239 143 240 144 240 150 240 143 241 150 241 149 241 152 242 144 242 143 242 153 243 149 243 150 243 144 244 145 244 151 244 144 245 151 245 150 245 152 246 145 246 144 246 153 247 150 247 151 247 145 248 140 248 146 248 145 249 146 249 151 249 152 250 140 250 145 250 153 251 151 251 146 251 154 252 155 252 160 252 161 253 155 253 154 253 155 254 156 254 160 254 161 255 156 255 155 255 156 256 157 256 160 256 161 257 157 257 156 257 157 258 158 258 160 258 161 259 158 259 157 259 158 260 159 260 160 260 161 261 159 261 158 261 159 262 154 262 160 262 161 263 154 263 159 263 162 264 163 264 169 264 162 265 169 265 168 265 174 266 163 266 162 266 175 267 168 267 169 267 163 268 164 268 170 268 163 269 170 269 169 269 174 270 164 270 163 270 175 271 169 271 170 271 164 272 165 272 171 272 164 273 171 273 170 273 174 274 165 274 164 274 175 275 170 275 171 275 165 276 166 276 172 276 165 277 172 277 171 277 174 278 166 278 165 278 175 279 171 279 172 279 166 280 167 280 173 280 166 281 173 281 172 281 174 282 167 282 166 282 175 283 172 283 173 283 167 284 162 284 168 284 167 285 168 285 173 285 174 286 162 286 167 286 175 287 173 287 168 287 176 288 177 288 182 288 183 289 177 289 176 289 177 290 178 290 182 290 183 291 178 291 177 291 178 292 179 292 182 292 183 293 179 293 178 293 179 294 180 294 182 294 183 295 180 295 179 295 180 296 181 296 182 296 183 297 181 297 180 297 181 298 176 298 182 298 183 299 176 299 181 299 184 300 185 300 191 300 184 301 191 301 190 301 196 302 185 302 184 302 197 303 190 303 191 303 185 304 186 304 192 304 185 305 192 305 191 305 196 306 186 306 185 306 197 307 191 307 192 307 186 308 187 308 193 308 186 309 193 309 192 309 196 310 187 310 186 310 197 311 192 311 193 311 187 312 188 312 194 312 187 313 194 313 193 313 196 314 188 314 187 314 197 315 193 315 194 315 188 316 189 316 195 316 188 317 195 317 194 317 196 318 189 318 188 318 197 319 194 319 195 319 189 320 184 320 190 320 189 321 190 321 195 321 196 322 184 322 189 322 197 323 195 323 190 323 198 324 199 324 204 324 205 325 199 325 198 325 199 326 200 326 204 326 205 327 200 327 199 327 200 328 201 328 204 328 205 329 201 329 200 329 201 330 202 330 204 330 205 331 202 331 201 331 202 332 203 332 204 332 205 333 203 333 202 333 203 334 198 334 204 334 205 335 198 335 203 335 206 336 207 336 213 336 206 337 213 337 212 337 218 338 207 338 206 338 219 339 212 339 213 339 207 340 208 340 214 340 207 341 214 341 213 341 218 342 208 342 207 342 219 343 213 343 214 343 208 344 209 344 215 344 208 345 215 345 214 345 218 346 209 346 208 346 219 347 214 347 215 347 209 348 210 348 216 348 209 349 216 349 215 349 218 350 210 350 209 350 219 351 215 351 216 351 210 352 211 352 217 352 210 353 217 353 216 353 218 354 211 354 210 354 219 355 216 355 217 355 211 356 206 356 212 356 211 357 212 357 217 357 218 358 206 358 211 358 219 359 217 359 212 359 220 360 221 360 226 360 227 361 221 361 220 361 221 362 222 362 226 362 227 363 222 363 221 363 222 364 223 364 226 364 227 365 223 365 222 365 223 366 224 366 226 366 227 367 224 367 223 367 224 368 225 368 226 368 227 369 225 369 224 369 225 370 220 370 226 370 227 371 220 371 225 371 228 372 229 372 235 372 228 373 235 373 234 373 240 374 229 374 228 374 241 375 234 375 235 375 229 376 230 376 236 376 229 377 236 377 235 377 240 378 230 378 229 378 241 379 235 379 236 379 230 380 231 380 237 380 230 381 237 381 236 381 240 382 231 382 230 382 241 383 236 383 237 383 231 384 232 384 238 384 231 385 238 385 237 385 240 386 232 386 231 386 241 387 237 387 238 387 232 388 233 388 239 388 232 389 239 389 238 389 240 390 233 390 232 390 241 391 238 391 239 391 233 392 228 392 234 392 233 393 234 393 239 393 240 394 228 394 233 394 241 395 239 395 234 395 242 396 243 396 248 396 249 397 243 397 242 397 243 398 244 398 248 398 249 399 244 399 243 399 244 400 245 400 248 400 249 401 245 401 244 401 245 402 246 402 248 402 249 403 246 403 245 403 246 404 247 404 248 404 249 405 247 405 246 405 247 406 242 406 248 406 249 407 242 407 247 407 250 408 251 408 257 408 250 409 257 409 256 409 262 410 251 410 250 410 263 411 256 411 257 411 251 412 252 412 258 412 251 413 258 413 257 413 262 414 252 414 251 414 263 415 257 415 258 415 252 416 253 416 259 416 252 417 259 417 258 417 262 418 253 418 252 418 263 419 258 419 259 419 253 420 254 420 260 420 253 421 260 421 259 421 262 422 254 422 253 422 263 423 259 423 260 423 254 424 255 424 261 424 254 425 261 425 260 425 262 426 255 426 254 426 263 427 260 427 261 427 255 428 250 428 256 428 255 429 256 429 261 429 262 430 250 430 255 430 263 431 261 431 256 431 264 432 265 432 270 432 271 433 265 433 264 433 265 434 266 434 270 434 271 435 266 435 265 435 266 436 267 436 270 436 271 437 267 437 266 437 267 438 268 438 270 438 271 439 268 439 267 439 268 440 269 440 270 440 271 441 269 441 268 441 269 442 264 442 270 442 271 443 264 443 269 443 272 444 273 444 279 444 272 445 279 445 278 445 284 446 273 446 272 446 285 447 278 447 279 447 273 448 274 448 280 448 273 449 280 449 279 449 284 450 274 450 273 450 285 451 279 451 280 451 274 452 275 452 281 452 274 453 281 453 280 453 284 454 275 454 274 454 285 455 280 455 281 455 275 456 276 456 282 456 275 457 282 457 281 457 284 458 276 458 275 458 285 459 281 459 282 459 276 460 277 460 283 460 276 461 283 461 282 461 284 462 277 462 276 462 285 463 282 463 283 463 277 464 272 464 278 464 277 465 278 465 283 465 284 466 272 466 277 466 285 467 283 467 278 467 286 468 287 468 292 468 293 469 287 469 286 469 287 470 288 470 292 470 293 471 288 471 287 471 288 472 289 472 292 472 293 473 289 473 288 473 289 474 290 474 292 474 293 475 290 475 289 475 290 476 291 476 292 476 293 477 291 477 290 477 291 478 286 478 292 478 293 479 286 479 291 479 294 480 295 480 301 480 294 481 301 481 300 481 306 482 295 482 294 482 307 483 300 483 301 483 295 484 296 484 302 484 295 485 302 485 301 485 306 486 296 486 295 486 307 487 301 487 302 487 296 488 297 488 303 488 296 489 303 489 302 489 306 490 297 490 296 490 307 491 302 491 303 491 297 492 298 492 304 492 297 493 304 493 303 493 306 494 298 494 297 494 307 495 303 495 304 495 298 496 299 496 305 496 298 497 305 497 304 497 306 498 299 498 298 498 307 499 304 499 305 499 299 500 294 500 300 500 299 501 300 501 305 501 306 502 294 502 299 502 307 503 305 503 300 503 308 504 309 504 314 504 315 505 309 505 308 505 309 506 310 506 314 506 315 507 310 507 309 507 310 508 311 508 314 508 315 509 311 509 310 509 311 510 312 510 314 510 315 511 312 511 311 511 312 512 313 512 314 512 315 513 313 513 312 513 313 514 308 514 314 514 315 515 308 515 313 515 316 516 317 516 323 516 316 517 323 517 322 517 328 518 317 518 316 518 329 519 322 519 323 519 317 520 318 520 324 520 317 521 324 521 323 521 328 522 318 522 317 522 329 523 323 523 324 523 318 524 319 524 325 524 318 525 325 525 324 525 328 526 319 526 318 526 329 527 324 527 325 527 319 528 320 528 326 528 319 529 326 529 325 529 328 530 320 530 319 530 329 531 325 531 326 531 320 532 321 532 327 532 320 533 327 533 326 533 328 534 321 534 320 534 329 535 326 535 327 535 321 536 316 536 322 536 321 537 322 537 327 537 328 538 316 538 321 538 329 539 327 539 322 539 330 540 331 540 336 540 337 541 331 541 330 541 331 542 332 542 336 542 337 543 332 543 331 543 332 544 333 544 336 544 337 545 333 545 332 545 333 546 334 546 336 546 337 547 334 547 333 547 334 548 335 548 336 548 337 549 335 549 334 549 335 550 330 550 336 550 337 551 330 551 335 551 338 552 339 552 345 552 338 553 345 553 344 553 350 554 339 554 338 554 351 555 344 555 345 555 339 556 340 556 346 556 339 557 346 557 345 557 350 558 340 558 339 558 351 559 345 559 346 559 340 560 341 560 347 560 340 561 347 561 346 561 350 562 341 562 340 562 351 563 346 563 347 563 341 564 342 564 348 564 341 565 348 565 347 565 350 566 342 566 341 566 351 567 347 567 348 567 342 568 343 568 349 568 342 569 349 569 348 569 350 570 343 570 342 570 351 571 348 571 349 571 343 572 338 572 344 572 343 573 344 573 349 573 350 574 338 574 343 574 351 575 349 575 344 575 352 576 353 576 358 576 359 577 353 577 352 577 353 578 354 578 358 578 359 579 354 579 353 579 354 580 355 580 358 580 359 581 355 581 354 581 355 582 356 582 358 582 359 583 356 583 355 583 356 584 357 584 358 584 359 585 357 585 356 585 357 586 352 586 358 586 359 587 352 587 357 587 360 588 361 588 367 588 360 589 367 589 366 589 372 590 361 590 360 590 373 591 366 591 367 591 361 592 362 592 368 592 361 593 368 593 367 593 372 594 362 594 361 594 373 595 367 595 368 595 362 596 363 596 369 596 362 597 369 597 368 597 372 598 363 598 362 598 373 599 368 599 369 599 363 600 364 600 370 600 363 601 370 601 369 601 372 602 364 602 363 602 373 603 369 603 370 603 364 604 365 604 371 604 364 605 371 605 370 605 372 606 365 606 364 606 373 607 370 607 371 607 365 608 360 608 366 608 365 609 366 609 371 609 372 610 360 610 365 610 373 611 371 611 366 611 374 612 375 612 380 612 381 613 375 613 374 613 375 614 376 614 380 614 381 615 376 615 375 615 376 616 377 616 380 616 381 617 377 617 376 617 377 618 378 618 380 618 381 619 378 619 377 619 378 620 379 620 380 620 381 621 379 621 378 621 379 622 374 622 380 622 381 623 374 623 379 623 382 624 383 624 389 624 382 625 389 625 388 625 394 626 383 626 382 626 395 627 388 627 389 627 383 628 384 628 390 628 383 629 390 629 389 629 394 630 384 630 383 630 395 631 389 631 390 631 384 632 385 632 391 632 384 633 391 633 390 633 394 634 385 634 384 634 395 635 390 635 391 635 385 636 386 636 392 636 385 637 392 637 391 637 394 638 386 638 385 638 395 639 391 639 392 639 386 640 387 640 393 640 386 641 393 641 392 641 394 642 387 642 386 642 395 643 392 643 393 643 387 644 382 644 388 644 387 645 388 645 393 645 394 646 382 646 387 646 395 647 393 647 388 647 396 648 397 648 402 648 403 649 397 649 396 649 397 650 398 650 402 650 403 651 398 651 397 651 398 652 399 652 402 652 403 653 399 653 398 653 399 654 400 654 402 654 403 655 400 655 399 655 400 656 401 656 402 656 403 657 401 657 400 657 401 658 396 658 402 658 403 659 396 659 401 659 404 660 405 660 411 660 404 661 411 661 410 661 416 662 405 662 404 662 417 663 410 663 411 663 405 664 406 664 412 664 405 665 412 665 411 665 416 666 406 666 405 666 417 667 411 667 412 667 406 668 407 668 413 668 406 669 413 669 412 669 416 670 407 670 406 670 417 671 412 671 413 671 407 672 408 672 414 672 407 673 414 673 413 673 416 674 408 674 407 674 417 675 413 675 414 675 408 676 409 676 415 676 408 677 415 677 414 677 416 678 409 678 408 678 417 679 414 679 415 679 409 680 404 680 410 680 409 681 410 681 415 681 416 682 404 682 409 682 417 683 415 683 410 683 418 684 419 684 424 684 425 685 419 685 418 685 419 686 420 686 424 686 425 687 420 687 419 687 420 688 421 688 424 688 425 689 421 689 420 689 421 690 422 690 424 690 425 691 422 691 421 691 422 692 423 692 424 692 425 693 423 693 422 693 423 694 418 694 424 694 425 695 418 695 423 695 426 696 427 696 433 696 426 697 433 697 432 697 438 698 427 698 426 698 439 699 432 699 433 699 427 700 428 700 434 700 427 701 434 701 433 701 438 702 428 702 427 702 439 703 433 703 434 703 428 704 429 704 435 704 428 705 435 705 434 705 438 706 429 706 428 706 439 707 434 707 435 707 429 708 430 708 436 708 429 709 436 709 435 709 438 710 430 710 429 710 439 711 435 711 436 711 430 712 431 712 437 712 430 713 437 713 436 713 438 714 431 714 430 714 439 715 436 715 437 715 431 716 426 716 432 716 431 717 432 717 437 717 438 718 426 718 431 718 439 719 437 719 432 719 440 720 441 720 446 720 447 721 441 721 440 721 441 722 442 722 446 722 447 723 442 723 441 723 442 724 443 724 446 724 447 725 443 725 442 725 443 726 444 726 446 726 447 727 444 727 443 727 444 728 445 728 446 728 447 729 445 729 444 729 445 730 440 730 446 730 447 731 440 731 445 731 448 732 449 732 455 732 448 733 455 733 454 733 460 734 449 734 448 734 461 735 454 735 455 735 449 736 450 736 456 736 449 737 456 737 455 737 460 738 450 738 449 738 461 739 455 739 456 739 450 740 451 740 457 740 450 741 457 741 456 741 460 742 451 742 450 742 461 743 456 743 457 743 451 744 452 744 458 744 451 745 458 745 457 745 460 746 452 746 451 746 461 747 457 747 458 747 452 748 453 748 459 748 452 749 459 749 458 749 460 750 453 750 452 750 461 751 458 751 459 751 453 752 448 752 454 752 453 753 454 753 459 753 460 754 448 754 453 754 461 755 459 755 454 755 462 756 463 756 468 756 469 757 463 757 462 757 463 758 464 758 468 758 469 759 464 759 463 759 464 760 465 760 468 760 469 761 465 761 464 761 465 762 466 762 468 762 469 763 466 763 465 763 466 764 467 764 468 764 469 765 467 765 466 765 467 766 462 766 468 766 469 767 462 767 467 767 470 768 471 768 477 768 470 769 477 769 476 769 482 770 471 770 470 770 483 771 476 771 477 771 471 772 472 772 478 772 471 773 478 773 477 773 482 774 472 774 471 774 483 775 477 775 478 775 472 776 473 776 479 776 472 777 479 777 478 777 482 778 473 778 472 778 483 779 478 779 479 779 473 780 474 780 480 780 473 781 480 781 479 781 482 782 474 782 473 782 483 783 479 783 480 783 474 784 475 784 481 784 474 785 481 785 480 785 482 786 475 786 474 786 483 787 480 787 481 787 475 788 470 788 476 788 475 789 476 789 481 789 482 790 470 790 475 790 483 791 481 791 476 791 484 792 485 792 490 792 491 793 485 793 484 793 485 794 486 794 490 794 491 795 486 795 485 795 486 796 487 796 490 796 491 797 487 797 486 797 487 798 488 798 490 798 491 799 488 799 487 799 488 800 489 800 490 800 491 801 489 801 488 801 489 802 484 802 490 802 491 803 484 803 489 803 492 804 493 804 499 804 492 805 499 805 498 805 504 806 493 806 492 806 505 807 498 807 499 807 493 808 494 808 500 808 493 809 500 809 499 809 504 810 494 810 493 810 505 811 499 811 500 811 494 812 495 812 501 812 494 813 501 813 500 813 504 814 495 814 494 814 505 815 500 815 501 815 495 816 496 816 502 816 495 817 502 817 501 817 504 818 496 818 495 818 505 819 501 819 502 819 496 820 497 820 503 820 496 821 503 821 502 821 504 822 497 822 496 822 505 823 502 823 503 823 497 824 492 824 498 824 497 825 498 825 503 825 504 826 492 826 497 826 505 827 503 827 498 827 506 828 507 828 512 828 513 829 507 829 506 829 507 830 508 830 512 830 513 831 508 831 507 831 508 832 509 832 512 832 513 833 509 833 508 833 509 834 510 834 512 834 513 835 510 835 509 835 510 836 511 836 512 836 513 837 511 837 510 837 511 838 506 838 512 838 513 839 506 839 511 839 514 840 515 840 521 840 514 841 521 841 520 841 526 842 515 842 514 842 527 843 520 843 521 843 515 844 516 844 522 844 515 845 522 845 521 845 526 846 516 846 515 846 527 847 521 847 522 847 516 848 517 848 523 848 516 849 523 849 522 849 526 850 517 850 516 850 527 851 522 851 523 851 517 852 518 852 524 852 517 853 524 853 523 853 526 854 518 854 517 854 527 855 523 855 524 855 518 856 519 856 525 856 518 857 525 857 524 857 526 858 519 858 518 858 527 859 524 859 525 859 519 860 514 860 520 860 519 861 520 861 525 861 526 862 514 862 519 862 527 863 525 863 520 863 528 864 529 864 534 864 535 865 529 865 528 865 529 866 530 866 534 866 535 867 530 867 529 867 530 868 531 868 534 868 535 869 531 869 530 869 531 870 532 870 534 870 535 871 532 871 531 871 532 872 533 872 534 872 535 873 533 873 532 873 533 874 528 874 534 874 535 875 528 875 533 875 536 876 537 876 543 876 536 877 543 877 542 877 548 878 537 878 536 878 549 879 542 879 543 879 537 880 538 880 544 880 537 881 544 881 543 881 548 882 538 882 537 882 549 883 543 883 544 883 538 884 539 884 545 884 538 885 545 885 544 885 548 886 539 886 538 886 549 887 544 887 545 887 539 888 540 888 546 888 539 889 546 889 545 889 548 890 540 890 539 890 549 891 545 891 546 891 540 892 541 892 547 892 540 893 547 893 546 893 548 894 541 894 540 894 549 895 546 895 547 895 541 896 536 896 542 896 541 897 542 897 547 897 548 898 536 898 541 898 549 899 547 899 542 899 550 900 551 900 556 900 557 901 551 901 550 901 551 902 552 902 556 902 557 903 552 903 551 903 552 904 553 904 556 904 557 905 553 905 552 905 553 906 554 906 556 906 557 907 554 907 553 907 554 908 555 908 556 908 557 909 555 909 554 909 555 910 550 910 556 910 557 911 550 911 555 911 558 912 559 912 565 912 558 913 565 913 564 913 570 914 559 914 558 914 571 915 564 915 565 915 559 916 560 916 566 916 559 917 566 917 565 917 570 918 560 918 559 918 571 919 565 919 566 919 560 920 561 920 567 920 560 921 567 921 566 921 570 922 561 922 560 922 571 923 566 923 567 923 561 924 562 924 568 924 561 925 568 925 567 925 570 926 562 926 561 926 571 927 567 927 568 927 562 928 563 928 569 928 562 929 569 929 568 929 570 930 563 930 562 930 571 931 568 931 569 931 563 932 558 932 564 932 563 933 564 933 569 933 570 934 558 934 563 934 571 935 569 935 564 935 572 936 573 936 578 936 579 937 573 937 572 937 573 938 574 938 578 938 579 939 574 939 573 939 574 940 575 940 578 940 579 941 575 941 574 941 575 942 576 942 578 942 579 943 576 943 575 943 576 944 577 944 578 944 579 945 577 945 576 945 577 946 572 946 578 946 579 947 572 947 577 947 580 948 581 948 587 948 580 949 587 949 586 949 592 950 581 950 580 950 593 951 586 951 587 951 581 952 582 952 588 952 581 953 588 953 587 953 592 954 582 954 581 954 593 955 587 955 588 955 582 956 583 956 589 956 582 957 589 957 588 957 592 958 583 958 582 958 593 959 588 959 589 959 583 960 584 960 590 960 583 961 590 961 589 961 592 962 584 962 583 962 593 963 589 963 590 963 584 964 585 964 591 964 584 965 591 965 590 965 592 966 585 966 584 966 593 967 590 967 591 967 585 968 580 968 586 968 585 969 586 969 591 969 592 970 580 970 585 970 593 971 591 971 586 971 594 972 595 972 600 972 601 973 595 973 594 973 595 974 596 974 600 974 601 975 596 975 595 975 596 976 597 976 600 976 601 977 597 977 596 977 597 978 598 978 600 978 601 979 598 979 597 979 598 980 599 980 600 980 601 981 599 981 598 981 599 982 594 982 600 982 601 983 594 983 599 983 602 984 603 984 609 984 602 985 609 985 608 985 614 986 603 986 602 986 615 987 608 987 609 987 603 988 604 988 610 988 603 989 610 989 609 989 614 990 604 990 603 990 615 991 609 991 610 991 604 992 605 992 611 992 604 993 611 993 610 993 614 994 605 994 604 994 615 995 610 995 611 995 605 996 606 996 612 996 605 997 612 997 611 997 614 998 606 998 605 998 615 999 611 999 612 999 606 1000 607 1000 613 1000 606 1001 613 1001 612 1001 614 1002 607 1002 606 1002 615 1003 612 1003 613 1003 607 1004 602 1004 608 1004 607 1005 608 1005 613 1005 614 1006 602 1006 607 1006 615 1007 613 1007 608 1007 616 1008 617 1008 622 1008 623 1009 617 1009 616 1009 617 1010 618 1010 622 1010 623 1011 618 1011 617 1011 618 1012 619 1012 622 1012 623 1013 619 1013 618 1013 619 1014 620 1014 622 1014 623 1015 620 1015 619 1015 620 1016 621 1016 622 1016 623 1017 621 1017 620 1017 621 1018 616 1018 622 1018 623 1019 616 1019 621 1019 624 1020 625 1020 631 1020 624 1021 631 1021 630 1021 636 1022 625 1022 624 1022 637 1023 630 1023 631 1023 625 1024 626 1024 632 1024 625 1025 632 1025 631 1025 636 1026 626 1026 625 1026 637 1027 631 1027 632 1027 626 1028 627 1028 633 1028 626 1029 633 1029 632 1029 636 1030 627 1030 626 1030 637 1031 632 1031 633 1031 627 1032 628 1032 634 1032 627 1033 634 1033 633 1033 636 1034 628 1034 627 1034 637 1035 633 1035 634 1035 628 1036 629 1036 635 1036 628 1037 635 1037 634 1037 636 1038 629 1038 628 1038 637 1039 634 1039 635 1039 629 1040 624 1040 630 1040 629 1041 630 1041 635 1041 636 1042 624 1042 629 1042 637 1043 635 1043 630 1043 638 1044 639 1044 644 1044 645 1045 639 1045 638 1045 639 1046 640 1046 644 1046 645 1047 640 1047 639 1047 640 1048 641 1048 644 1048 645 1049 641 1049 640 1049 641 1050 642 1050 644 1050 645 1051 642 1051 641 1051 642 1052 643 1052 644 1052 645 1053 643 1053 642 1053 643 1054 638 1054 644 1054 645 1055 638 1055 643 1055 646 1056 647 1056 653 1056 646 1057 653 1057 652 1057 658 1058 647 1058 646 1058 659 1059 652 1059 653 1059 647 1060 648 1060 654 1060 647 1061 654 1061 653 1061 658 1062 648 1062 647 1062 659 1063 653 1063 654 1063 648 1064 649 1064 655 1064 648 1065 655 1065 654 1065 658 1066 649 1066 648 1066 659 1067 654 1067 655 1067 649 1068 650 1068 656 1068 649 1069 656 1069 655 1069 658 1070 650 1070 649 1070 659 1071 655 1071 656 1071 650 1072 651 1072 657 1072 650 1073 657 1073 656 1073 658 1074 651 1074 650 1074 659 1075 656 1075 657 1075 651 1076 646 1076 652 1076 651 1077 652 1077 657 1077 658 1078 646 1078 651 1078 659 1079 657 1079 652 1079 660 1080 661 1080 666 1080 667 1081 661 1081 660 1081 661 1082 662 1082 666 1082 667 1083 662 1083 661 1083 662 1084 663 1084 666 1084 667 1085 663 1085 662 1085 663 1086 664 1086 666 1086 667 1087 664 1087 663 1087 664 1088 665 1088 666 1088 667 1089 665 1089 664 1089 665 1090 660 1090 666 1090 667 1091 660 1091 665 1091 668 1092 669 1092 675 1092 668 1093 675 1093 674 1093 680 1094 669 1094 668 1094 681 1095 674 1095 675 1095 669 1096 670 1096 676 1096 669 1097 676 1097 675 1097 680 1098 670 1098 669 1098 681 1099 675 1099 676 1099 670 1100 671 1100 677 1100 670 1101 677 1101 676 1101 680 1102 671 1102 670 1102 681 1103 676 1103 677 1103 671 1104 672 1104 678 1104 671 1105 678 1105 677 1105 680 1106 672 1106 671 1106 681 1107 677 1107 678 1107 672 1108 673 1108 679 1108 672 1109 679 1109 678 1109 680 1110 673 1110 672 1110 681 1111 678 1111 679 1111 673 1112 668 1112 674 1112 673 1113 674 1113 679 1113 680 1114 668 1114 673 1114 681 1115 679 1115 674 1115 682 1116 683 1116 688 1116 689 1117 683 1117 682 1117 683 1118 684 1118 688 1118 689 1119 684 1119 683 1119 684 1120 685 1120 688 1120 689 1121 685 1121 684 1121 685 1122 686 1122 688 1122 689 1123 686 1123 685 1123 686 1124 687 1124 688 1124 689 1125 687 1125 686 1125 687 1126 682 1126 688 1126 689 1127 682 1127 687 1127 690 1128 691 1128 697 1128 690 1129 697 1129 696 1129 702 1130 691 1130 690 1130 703 1131 696 1131 697 1131 691 1132 692 1132 698 1132 691 1133 698 1133 697 1133 702 1134 692 1134 691 1134 703 1135 697 1135 698 1135 692 1136 693 1136 699 1136 692 1137 699 1137 698 1137 702 1138 693 1138 692 1138 703 1139 698 1139 699 1139 693 1140 694 1140 700 1140 693 1141 700 1141 699 1141 702 1142 694 1142 693 1142 703 1143 699 1143 700 1143 694 1144 695 1144 701 1144 694 1145 701 1145 700 1145 702 1146 695 1146 694 1146 703 1147 700 1147 701 1147 695 1148 690 1148 696 1148 695 1149 696 1149 701 1149 702 1150 690 1150 695 1150 703 1151 701 1151 696 1151 704 1152 705 1152 710 1152 711 1153 705 1153 704 1153 705 1154 706 1154 710 1154 711 1155 706 1155 705 1155 706 1156 707 1156 710 1156 711 1157 707 1157 706 1157 707 1158 708 1158 710 1158 711 1159 708 1159 707 1159 708 1160 709 1160 710 1160 711 1161 709 1161 708 1161 709 1162 704 1162 710 1162 711 1163 704 1163 709 1163 712 1164 713 1164 719 1164 712 1165 719 1165 718 1165 724 1166 713 1166 712 1166 725 1167 718 1167 719 1167 713 1168 714 1168 720 1168 713 1169 720 1169 719 1169 724 1170 714 1170 713 1170 725 1171 719 1171 720 1171 714 1172 715 1172 721 1172 714 1173 721 1173 720 1173 724 1174 715 1174 714 1174 725 1175 720 1175 721 1175 715 1176 716 1176 722 1176 715 1177 722 1177 721 1177 724 1178 716 1178 715 1178 725 1179 721 1179 722 1179 716 1180 717 1180 723 1180 716 1181 723 1181 722 1181 724 1182 717 1182 716 1182 725 1183 722 1183 723 1183 717 1184 712 1184 718 1184 717 1185 718 1185 723 1185 724 1186 712 1186 717 1186 725 1187 723 1187 718 1187 726 1188 727 1188 732 1188 733 1189 727 1189 726 1189 727 1190 728 1190 732 1190 733 1191 728 1191 727 1191 728 1192 729 1192 732 1192 733 1193 729 1193 728 1193 729 1194 730 1194 732 1194 733 1195 730 1195 729 1195 730 1196 731 1196 732 1196 733 1197 731 1197 730 1197 731 1198 726 1198 732 1198 733 1199 726 1199 731 1199 734 1200 735 1200 741 1200 734 1201 741 1201 740 1201 746 1202 735 1202 734 1202 747 1203 740 1203 741 1203 735 1204 736 1204 742 1204 735 1205 742 1205 741 1205 746 1206 736 1206 735 1206 747 1207 741 1207 742 1207 736 1208 737 1208 743 1208 736 1209 743 1209 742 1209 746 1210 737 1210 736 1210 747 1211 742 1211 743 1211 737 1212 738 1212 744 1212 737 1213 744 1213 743 1213 746 1214 738 1214 737 1214 747 1215 743 1215 744 1215 738 1216 739 1216 745 1216 738 1217 745 1217 744 1217 746 1218 739 1218 738 1218 747 1219 744 1219 745 1219 739 1220 734 1220 740 1220 739 1221 740 1221 745 1221 746 1222 734 1222 739 1222 747 1223 745 1223 740 1223 748 1224 749 1224 754 1224 755 1225 749 1225 748 1225 749 1226 750 1226 754 1226 755 1227 750 1227 749 1227 750 1228 751 1228 754 1228 755 1229 751 1229 750 1229 751 1230 752 1230 754 1230 755 1231 752 1231 751 1231 752 1232 753 1232 754 1232 755 1233 753 1233 752 1233 753 1234 748 1234 754 1234 755 1235 748 1235 753 1235 756 1236 757 1236 763 1236 756 1237 763 1237 762 1237 768 1238 757 1238 756 1238 769 1239 762 1239 763 1239 757 1240 758 1240 764 1240 757 1241 764 1241 763 1241 768 1242 758 1242 757 1242 769 1243 763 1243 764 1243 758 1244 759 1244 765 1244 758 1245 765 1245 764 1245 768 1246 759 1246 758 1246 769 1247 764 1247 765 1247 759 1248 760 1248 766 1248 759 1249 766 1249 765 1249 768 1250 760 1250 759 1250 769 1251 765 1251 766 1251 760 1252 761 1252 767 1252 760 1253 767 1253 766 1253 768 1254 761 1254 760 1254 769 1255 766 1255 767 1255 761 1256 756 1256 762 1256 761 1257 762 1257 767 1257 768 1258 756 1258 761 1258 769 1259 767 1259 762 1259 770 1260 771 1260 776 1260 777 1261 771 1261 770 1261 771 1262 772 1262 776 1262 777 1263 772 1263 771 1263 772 1264 773 1264 776 1264 777 1265 773 1265 772 1265 773 1266 774 1266 776 1266 777 1267 774 1267 773 1267 774 1268 775 1268 776 1268 777 1269 775 1269 774 1269 775 1270 770 1270 776 1270 777 1271 770 1271 775 1271 778 1272 779 1272 785 1272 778 1273 785 1273 784 1273 790 1274 779 1274 778 1274 791 1275 784 1275 785 1275 779 1276 780 1276 786 1276 779 1277 786 1277 785 1277 790 1278 780 1278 779 1278 791 1279 785 1279 786 1279 780 1280 781 1280 787 1280 780 1281 787 1281 786 1281 790 1282 781 1282 780 1282 791 1283 786 1283 787 1283 781 1284 782 1284 788 1284 781 1285 788 1285 787 1285 790 1286 782 1286 781 1286 791 1287 787 1287 788 1287 782 1288 783 1288 789 1288 782 1289 789 1289 788 1289 790 1290 783 1290 782 1290 791 1291 788 1291 789 1291 783 1292 778 1292 784 1292 783 1293 784 1293 789 1293 790 1294 778 1294 783 1294 791 1295 789 1295 784 1295 792 1296 793 1296 798 1296 799 1297 793 1297 792 1297 793 1298 794 1298 798 1298 799 1299 794 1299 793 1299 794 1300 795 1300 798 1300 799 1301 795 1301 794 1301 795 1302 796 1302 798 1302 799 1303 796 1303 795 1303 796 1304 797 1304 798 1304 799 1305 797 1305 796 1305 797 1306 792 1306 798 1306 799 1307 792 1307 797 1307 800 1308 801 1308 807 1308 800 1309 807 1309 806 1309 812 1310 801 1310 800 1310 813 1311 806 1311 807 1311 801 1312 802 1312 808 1312 801 1313 808 1313 807 1313 812 1314 802 1314 801 1314 813 1315 807 1315 808 1315 802 1316 803 1316 809 1316 802 1317 809 1317 808 1317 812 1318 803 1318 802 1318 813 1319 808 1319 809 1319 803 1320 804 1320 810 1320 803 1321 810 1321 809 1321 812 1322 804 1322 803 1322 813 1323 809 1323 810 1323 804 1324 805 1324 811 1324 804 1325 811 1325 810 1325 812 1326 805 1326 804 1326 813 1327 810 1327 811 1327 805 1328 800 1328 806 1328 805 1329 806 1329 811 1329 812 1330 800 1330 805 1330 813 1331 811 1331 806 1331 814 1332 815 1332 820 1332 821 1333 815 1333 814 1333 815 1334 816 1334 820 1334 821 1335 816 1335 815 1335 816 1336 817 1336 820 1336 821 1337 817 1337 816 1337 817 1338 818 1338 820 1338 821 1339 818 1339 817 1339 818 1340 819 1340 820 1340 821 1341 819 1341 818 1341 819 1342 814 1342 820 1342 821 1343 814 1343 819 1343 822 1344 823 1344 829 1344 822 1345 829 1345 828 1345 834 1346 823 1346 822 1346 835 1347 828 1347 829 1347 823 1348 824 1348 830 1348 823 1349 830 1349 829 1349 834 1350 824 1350 823 1350 835 1351 829 1351 830 1351 824 1352 825 1352 831 1352 824 1353 831 1353 830 1353 834 1354 825 1354 824 1354 835 1355 830 1355 831 1355 825 1356 826 1356 832 1356 825 1357 832 1357 831 1357 834 1358 826 1358 825 1358 835 1359 831 1359 832 1359 826 1360 827 1360 833 1360 826 1361 833 1361 832 1361 834 1362 827 1362 826 1362 835 1363 832 1363 833 1363 827 1364 822 1364 828 1364 827 1365 828 1365 833 1365 834 1366 822 1366 827 1366 835 1367 833 1367 828 1367 836 1368 837 1368 842 1368 843 1369 837 1369 836 1369 837 1370 838 1370 842 1370 843 1371 838 1371 837 1371 838 1372 839 1372 842 1372 843 1373 839 1373 838 1373 839 1374 840 1374 842 1374 843 1375 840 1375 839 1375 840 1376 841 1376 842 1376 843 1377 841 1377 840 1377 841 1378 836 1378 842 1378 843 1379 836 1379 841 1379 844 1380 845 1380 851 1380 844 1381 851 1381 850 1381 856 1382 845 1382 844 1382 857 1383 850 1383 851 1383 845 1384 846 1384 852 1384 845 1385 852 1385 851 1385 856 1386 846 1386 845 1386 857 1387 851 1387 852 1387 846 1388 847 1388 853 1388 846 1389 853 1389 852 1389 856 1390 847 1390 846 1390 857 1391 852 1391 853 1391 847 1392 848 1392 854 1392 847 1393 854 1393 853 1393 856 1394 848 1394 847 1394 857 1395 853 1395 854 1395 848 1396 849 1396 855 1396 848 1397 855 1397 854 1397 856 1398 849 1398 848 1398 857 1399 854 1399 855 1399 849 1400 844 1400 850 1400 849 1401 850 1401 855 1401 856 1402 844 1402 849 1402 857 1403 855 1403 850 1403 858 1404 859 1404 864 1404 865 1405 859 1405 858 1405 859 1406 860 1406 864 1406 865 1407 860 1407 859 1407 860 1408 861 1408 864 1408 865 1409 861 1409 860 1409 861 1410 862 1410 864 1410 865 1411 862 1411 861 1411 862 1412 863 1412 864 1412 865 1413 863 1413 862 1413 863 1414 858 1414 864 1414 865 1415 858 1415 863 1415 866 1416 867 1416 873 1416 866 1417 873 1417 872 1417 878 1418 867 1418 866 1418 879 1419 872 1419 873 1419 867 1420 868 1420 874 1420 867 1421 874 1421 873 1421 878 1422 868 1422 867 1422 879 1423 873 1423 874 1423 868 1424 869 1424 875 1424 868 1425 875 1425 874 1425 878 1426 869 1426 868 1426 879 1427 874 1427 875 1427 869 1428 870 1428 876 1428 869 1429 876 1429 875 1429 878 1430 870 1430 869 1430 879 1431 875 1431 876 1431 870 1432 871 1432 877 1432 870 1433 877 1433 876 1433 878 1434 871 1434 870 1434 879 1435 876 1435 877 1435 871 1436 866 1436 872 1436 871 1437 872 1437 877 1437 878 1438 866 1438 871 1438 879 1439 877 1439 872 1439 880 1440 881 1440 886 1440 887 1441 881 1441 880 1441 881 1442 882 1442 886 1442 887 1443 882 1443 881 1443 882 1444 883 1444 886 1444 887 1445 883 1445 882 1445 883 1446 884 1446 886 1446 887 1447 884 1447 883 1447 884 1448 885 1448 886 1448 887 1449 885 1449 884 1449 885 1450 880 1450 886 1450 887 1451 880 1451 885 1451 888 1452 889 1452 895 1452 888 1453 895 1453 894 1453 900 1454 889 1454 888 1454 901 1455 894 1455 895 1455 889 1456 890 1456 896 1456 889 1457 896 1457 895 1457 900 1458 890 1458 889 1458 901 1459 895 1459 896 1459 890 1460 891 1460 897 1460 890 1461 897 1461 896 1461 900 1462 891 1462 890 1462 901 1463 896 1463 897 1463 891 1464 892 1464 898 1464 891 1465 898 1465 897 1465 900 1466 892 1466 891 1466 901 1467 897 1467 898 1467 892 1468 893 1468 899 1468 892 1469 899 1469 898 1469 900 1470 893 1470 892 1470 901 1471 898 1471 899 1471 893 1472 888 1472 894 1472 893 1473 894 1473 899 1473 900 1474 888 1474 893 1474 901 1475 899 1475 894 1475 902 1476 903 1476 908 1476 909 1477 903 1477 902 1477 903 1478 904 1478 908 1478 909 1479 904 1479 903 1479 904 1480 905 1480 908 1480 909 1481 905 1481 904 1481 905 1482 906 1482 908 1482 909 1483 906 1483 905 1483 906 1484 907 1484 908 1484 909 1485 907 1485 906 1485 907 1486 902 1486 908 1486 909 1487 902 1487 907 1487 910 1488 911 1488 917 1488 910 1489 917 1489 916 1489 922 1490 911 1490 910 1490 923 1491 916 1491 917 1491 911 1492 912 1492 918 1492 911 1493 918 1493 917 1493 922 1494 912 1494 911 1494 923 1495 917 1495 918 1495 912 1496 913 1496 919 1496 912 1497 919 1497 918 1497 922 1498 913 1498 912 1498 923 1499 918 1499 919 1499 913 1500 914 1500 920 1500 913 1501 920 1501 919 1501 922 1502 914 1502 913 1502 923 1503 919 1503 920 1503 914 1504 915 1504 921 1504 914 1505 921 1505 920 1505 922 1506 915 1506 914 1506 923 1507 920 1507 921 1507 915 1508 910 1508 916 1508 915 1509 916 1509 921 1509 922 1510 910 1510 915 1510 923 1511 921 1511 916 1511 924 1512 925 1512 930 1512 931 1513 925 1513 924 1513 925 1514 926 1514 930 1514 931 1515 926 1515 925 1515 926 1516 927 1516 930 1516 931 1517 927 1517 926 1517 927 1518 928 1518 930 1518 931 1519 928 1519 927 1519 928 1520 929 1520 930 1520 931 1521 929 1521 928 1521 929 1522 924 1522 930 1522 931 1523 924 1523 929 1523 932 1524 933 1524 939 1524 932 1525 939 1525 938 1525 944 1526 933 1526 932 1526 945 1527 938 1527 939 1527 933 1528 934 1528 940 1528 933 1529 940 1529 939 1529 944 1530 934 1530 933 1530 945 1531 939 1531 940 1531 934 1532 935 1532 941 1532 934 1533 941 1533 940 1533 944 1534 935 1534 934 1534 945 1535 940 1535 941 1535 935 1536 936 1536 942 1536 935 1537 942 1537 941 1537 944 1538 936 1538 935 1538 945 1539 941 1539 942 1539 936 1540 937 1540 943 1540 936 1541 943 1541 942 1541 944 1542 937 1542 936 1542 945 1543 942 1543 943 1543 937 1544 932 1544 938 1544 937 1545 938 1545 943 1545 944 1546 932 1546 937 1546 945 1547 943 1547 938 1547 946 1548 947 1548 952 1548 953 1549 947 1549 946 1549 947 1550 948 1550 952 1550 953 1551 948 1551 947 1551 948 1552 949 1552 952 1552 953 1553 949 1553 948 1553 949 1554 950 1554 952 1554 953 1555 950 1555 949 1555 950 1556 951 1556 952 1556 953 1557 951 1557 950 1557 951 1558 946 1558 952 1558 953 1559 946 1559 951 1559 954 1560 955 1560 961 1560 954 1561 961 1561 960 1561 966 1562 955 1562 954 1562 967 1563 960 1563 961 1563 955 1564 956 1564 962 1564 955 1565 962 1565 961 1565 966 1566 956 1566 955 1566 967 1567 961 1567 962 1567 956 1568 957 1568 963 1568 956 1569 963 1569 962 1569 966 1570 957 1570 956 1570 967 1571 962 1571 963 1571 957 1572 958 1572 964 1572 957 1573 964 1573 963 1573 966 1574 958 1574 957 1574 967 1575 963 1575 964 1575 958 1576 959 1576 965 1576 958 1577 965 1577 964 1577 966 1578 959 1578 958 1578 967 1579 964 1579 965 1579 959 1580 954 1580 960 1580 959 1581 960 1581 965 1581 966 1582 954 1582 959 1582 967 1583 965 1583 960 1583 968 1584 969 1584 974 1584 975 1585 969 1585 968 1585 969 1586 970 1586 974 1586 975 1587 970 1587 969 1587 970 1588 971 1588 974 1588 975 1589 971 1589 970 1589 971 1590 972 1590 974 1590 975 1591 972 1591 971 1591 972 1592 973 1592 974 1592 975 1593 973 1593 972 1593 973 1594 968 1594 974 1594 975 1595 968 1595 973 1595 976 1596 977 1596 983 1596 976 1597 983 1597 982 1597 988 1598 977 1598 976 1598 989 1599 982 1599 983 1599 977 1600 978 1600 984 1600 977 1601 984 1601 983 1601 988 1602 978 1602 977 1602 989 1603 983 1603 984 1603 978 1604 979 1604 985 1604 978 1605 985 1605 984 1605 988 1606 979 1606 978 1606 989 1607 984 1607 985 1607 979 1608 980 1608 986 1608 979 1609 986 1609 985 1609 988 1610 980 1610 979 1610 989 1611 985 1611 986 1611 980 1612 981 1612 987 1612 980 1613 987 1613 986 1613 988 1614 981 1614 980 1614 989 1615 986 1615 987 1615 981 1616 976 1616 982 1616 981 1617 982 1617 987 1617 988 1618 976 1618 981 1618 989 1619 987 1619 982 1619 990 1620 991 1620 996 1620 997 1621 991 1621 990 1621 991 1622 992 1622 996 1622 997 1623 992 1623 991 1623 992 1624 993 1624 996 1624 997 1625 993 1625 992 1625 993 1626 994 1626 996 1626 997 1627 994 1627 993 1627 994 1628 995 1628 996 1628 997 1629 995 1629 994 1629 995 1630 990 1630 996 1630 997 1631 990 1631 995 1631 998 1632 999 1632 1005 1632 998 1633 1005 1633 1004 1633 1010 1634 999 1634 998 1634 1011 1635 1004 1635 1005 1635 999 1636 1000 1636 1006 1636 999 1637 1006 1637 1005 1637 1010 1638 1000 1638 999 1638 1011 1639 1005 1639 1006 1639 1000 1640 1001 1640 1007 1640 1000 1641 1007 1641 1006 1641 1010 1642 1001 1642 1000 1642 1011 1643 1006 1643 1007 1643 1001 1644 1002 1644 1008 1644 1001 1645 1008 1645 1007 1645 1010 1646 1002 1646 1001 1646 1011 1647 1007 1647 1008 1647 1002 1648 1003 1648 1009 1648 1002 1649 1009 1649 1008 1649 1010 1650 1003 1650 1002 1650 1011 1651 1008 1651 1009 1651 1003 1652 998 1652 1004 1652 1003 1653 1004 1653 1009 1653 1010 1654 998 1654 1003 1654 1011 1655 1009 1655 1004 1655 1012 1656 1013 1656 1018 1656 1019 1657 1013 1657 1012 1657 1013 1658 1014 1658 1018 1658 1019 1659 1014 1659 1013 1659 1014 1660 1015 1660 1018 1660 1019 1661 1015 1661 1014 1661 1015 1662 1016 1662 1018 1662 1019 1663 1016 1663 1015 1663 1016 1664 1017 1664 1018 1664 1019 1665 1017 1665 1016 1665 1017 1666 1012 1666 1018 1666 1019 1667 1012 1667 1017 1667 1020 1668 1021 1668 1027 1668 1020 1669 1027 1669 1026 1669 1032 1670 1021 1670 1020 1670 1033 1671 1026 1671 1027 1671 1021 1672 1022 1672 1028 1672 1021 1673 1028 1673 1027 1673 1032 1674 1022 1674 1021 1674 1033 1675 1027 1675 1028 1675 1022 1676 1023 1676 1029 1676 1022 1677 1029 1677 1028 1677 1032 1678 1023 1678 1022 1678 1033 1679 1028 1679 1029 1679 1023 1680 1024 1680 1030 1680 1023 1681 1030 1681 1029 1681 1032 1682 1024 1682 1023 1682 1033 1683 1029 1683 1030 1683 1024 1684 1025 1684 1031 1684 1024 1685 1031 1685 1030 1685 1032 1686 1025 1686 1024 1686 1033 1687 1030 1687 1031 1687 1025 1688 1020 1688 1026 1688 1025 1689 1026 1689 1031 1689 1032 1690 1020 1690 1025 1690 1033 1691 1031 1691 1026 1691 1034 1692 1035 1692 1040 1692 1041 1693 1035 1693 1034 1693 1035 1694 1036 1694 1040 1694 1041 1695 1036 1695 1035 1695 1036 1696 1037 1696 1040 1696 1041 1697 1037 1697 1036 1697 1037 1698 1038 1698 1040 1698 1041 1699 1038 1699 1037 1699 1038 1700 1039 1700 1040 1700 1041 1701 1039 1701 1038 1701 1039 1702 1034 1702 1040 1702 1041 1703 1034 1703 1039 1703 1042 1704 1043 1704 1049 1704 1042 1705 1049 1705 1048 1705 1054 1706 1043 1706 1042 1706 1055 1707 1048 1707 1049 1707 1043 1708 1044 1708 1050 1708 1043 1709 1050 1709 1049 1709 1054 1710 1044 1710 1043 1710 1055 1711 1049 1711 1050 1711 1044 1712 1045 1712 1051 1712 1044 1713 1051 1713 1050 1713 1054 1714 1045 1714 1044 1714 1055 1715 1050 1715 1051 1715 1045 1716 1046 1716 1052 1716 1045 1717 1052 1717 1051 1717 1054 1718 1046 1718 1045 1718 1055 1719 1051 1719 1052 1719 1046 1720 1047 1720 1053 1720 1046 1721 1053 1721 1052 1721 1054 1722 1047 1722 1046 1722 1055 1723 1052 1723 1053 1723 1047 1724 1042 1724 1048 1724 1047 1725 1048 1725 1053 1725 1054 1726 1042 1726 1047 1726 1055 1727 1053 1727 1048 1727 1056 1728 1057 1728 1062 1728 1063 1729 1057 1729 1056 1729 1057 1730 1058 1730 1062 1730 1063 1731 1058 1731 1057 1731 1058 1732 1059 1732 1062 1732 1063 1733 1059 1733 1058 1733 1059 1734 1060 1734 1062 1734 1063 1735 1060 1735 1059 1735 1060 1736 1061 1736 1062 1736 1063 1737 1061 1737 1060 1737 1061 1738 1056 1738 1062 1738 1063 1739 1056 1739 1061 1739 1064 1740 1065 1740 1071 1740 1064 1741 1071 1741 1070 1741 1076 1742 1065 1742 1064 1742 1077 1743 1070 1743 1071 1743 1065 1744 1066 1744 1072 1744 1065 1745 1072 1745 1071 1745 1076 1746 1066 1746 1065 1746 1077 1747 1071 1747 1072 1747 1066 1748 1067 1748 1073 1748 1066 1749 1073 1749 1072 1749 1076 1750 1067 1750 1066 1750 1077 1751 1072 1751 1073 1751 1067 1752 1068 1752 1074 1752 1067 1753 1074 1753 1073 1753 1076 1754 1068 1754 1067 1754 1077 1755 1073 1755 1074 1755 1068 1756 1069 1756 1075 1756 1068 1757 1075 1757 1074 1757 1076 1758 1069 1758 1068 1758 1077 1759 1074 1759 1075 1759 1069 1760 1064 1760 1070 1760 1069 1761 1070 1761 1075 1761 1076 1762 1064 1762 1069 1762 1077 1763 1075 1763 1070 1763 1078 1764 1079 1764 1084 1764 1085 1765 1079 1765 1078 1765 1079 1766 1080 1766 1084 1766 1085 1767 1080 1767 1079 1767 1080 1768 1081 1768 1084 1768 1085 1769 1081 1769 1080 1769 1081 1770 1082 1770 1084 1770 1085 1771 1082 1771 1081 1771 1082 1772 1083 1772 1084 1772 1085 1773 1083 1773 1082 1773 1083 1774 1078 1774 1084 1774 1085 1775 1078 1775 1083 1775 1086 1776 1087 1776 1093 1776 1086 1777 1093 1777 1092 1777 1098 1778 1087 1778 1086 1778 1099 1779 1092 1779 1093 1779 1087 1780 1088 1780 1094 1780 1087 1781 1094 1781 1093 1781 1098 1782 1088 1782 1087 1782 1099 1783 1093 1783 1094 1783 1088 1784 1089 1784 1095 1784 1088 1785 1095 1785 1094 1785 1098 1786 1089 1786 1088 1786 1099 1787 1094 1787 1095 1787 1089 1788 1090 1788 1096 1788 1089 1789 1096 1789 1095 1789 1098 1790 1090 1790 1089 1790 1099 1791 1095 1791 1096 1791 1090 1792 1091 1792 1097 1792 1090 1793 1097 1793 1096 1793 1098 1794 1091 1794 1090 1794 1099 1795 1096 1795 1097 1795 1091 1796 1086 1796 1092 1796 1091 1797 1092 1797 1097 1797 1098 1798 1086 1798 1091 1798 1099 1799 1097 1799 1092 1799 1100 1800 1101 1800 1106 1800 1107 1801 1101 1801 1100 1801 1101 1802 1102 1802 1106 1802 1107 1803 1102 1803 1101 1803 1102 1804 1103 1804 1106 1804 1107 1805 1103 1805 1102 1805 1103 1806 1104 1806 1106 1806 1107 1807 1104 1807 1103 1807 1104 1808 1105 1808 1106 1808 1107 1809 1105 1809 1104 1809 1105 1810 1100 1810 1106 1810 1107 1811 1100 1811 1105 1811 1108 1812 1109 1812 1115 1812 1108 1813 1115 1813 1114 1813 1120 1814 1109 1814 1108 1814 1121 1815 1114 1815 1115 1815 1109 1816 1110 1816 1116 1816 1109 1817 1116 1817 1115 1817 1120 1818 1110 1818 1109 1818 1121 1819 1115 1819 1116 1819 1110 1820 1111 1820 1117 1820 1110 1821 1117 1821 1116 1821 1120 1822 1111 1822 1110 1822 1121 1823 1116 1823 1117 1823 1111 1824 1112 1824 1118 1824 1111 1825 1118 1825 1117 1825 1120 1826 1112 1826 1111 1826 1121 1827 1117 1827 1118 1827 1112 1828 1113 1828 1119 1828 1112 1829 1119 1829 1118 1829 1120 1830 1113 1830 1112 1830 1121 1831 1118 1831 1119 1831 1113 1832 1108 1832 1114 1832 1113 1833 1114 1833 1119 1833 1120 1834 1108 1834 1113 1834 1121 1835 1119 1835 1114 1835 1122 1836 1123 1836 1128 1836 1129 1837 1123 1837 1122 1837 1123 1838 1124 1838 1128 1838 1129 1839 1124 1839 1123 1839 1124 1840 1125 1840 1128 1840 1129 1841 1125 1841 1124 1841 1125 1842 1126 1842 1128 1842 1129 1843 1126 1843 1125 1843 1126 1844 1127 1844 1128 1844 1129 1845 1127 1845 1126 1845 1127 1846 1122 1846 1128 1846 1129 1847 1122 1847 1127 1847 1130 1848 1131 1848 1137 1848 1130 1849 1137 1849 1136 1849 1142 1850 1131 1850 1130 1850 1143 1851 1136 1851 1137 1851 1131 1852 1132 1852 1138 1852 1131 1853 1138 1853 1137 1853 1142 1854 1132 1854 1131 1854 1143 1855 1137 1855 1138 1855 1132 1856 1133 1856 1139 1856 1132 1857 1139 1857 1138 1857 1142 1858 1133 1858 1132 1858 1143 1859 1138 1859 1139 1859 1133 1860 1134 1860 1140 1860 1133 1861 1140 1861 1139 1861 1142 1862 1134 1862 1133 1862 1143 1863 1139 1863 1140 1863 1134 1864 1135 1864 1141 1864 1134 1865 1141 1865 1140 1865 1142 1866 1135 1866 1134 1866 1143 1867 1140 1867 1141 1867 1135 1868 1130 1868 1136 1868 1135 1869 1136 1869 1141 1869 1142 1870 1130 1870 1135 1870 1143 1871 1141 1871 1136 1871 1144 1872 1145 1872 1150 1872 1151 1873 1145 1873 1144 1873 1145 1874 1146 1874 1150 1874 1151 1875 1146 1875 1145 1875 1146 1876 1147 1876 1150 1876 1151 1877 1147 1877 1146 1877 1147 1878 1148 1878 1150 1878 1151 1879 1148 1879 1147 1879 1148 1880 1149 1880 1150 1880 1151 1881 1149 1881 1148 1881 1149 1882 1144 1882 1150 1882 1151 1883 1144 1883 1149 1883 1152 1884 1153 1884 1159 1884 1152 1885 1159 1885 1158 1885 1164 1886 1153 1886 1152 1886 1165 1887 1158 1887 1159 1887 1153 1888 1154 1888 1160 1888 1153 1889 1160 1889 1159 1889 1164 1890 1154 1890 1153 1890 1165 1891 1159 1891 1160 1891 1154 1892 1155 1892 1161 1892 1154 1893 1161 1893 1160 1893 1164 1894 1155 1894 1154 1894 1165 1895 1160 1895 1161 1895 1155 1896 1156 1896 1162 1896 1155 1897 1162 1897 1161 1897 1164 1898 1156 1898 1155 1898 1165 1899 1161 1899 1162 1899 1156 1900 1157 1900 1163 1900 1156 1901 1163 1901 1162 1901 1164 1902 1157 1902 1156 1902 1165 1903 1162 1903 1163 1903 1157 1904 1152 1904 1158 1904 1157 1905 1158 1905 1163 1905 1164 1906 1152 1906 1157 1906 1165 1907 1163 1907 1158 1907 1166 1908 1167 1908 1172 1908 1173 1909 1167 1909 1166 1909 1167 1910 1168 1910 1172 1910 1173 1911 1168 1911 1167 1911 1168 1912 1169 1912 1172 1912 1173 1913 1169 1913 1168 1913 1169 1914 1170 1914 1172 1914 1173 1915 1170 1915 1169 1915 1170 1916 1171 1916 1172 1916 1173 1917 1171 1917 1170 1917 1171 1918 1166 1918 1172 1918 1173 1919 1166 1919 1171 1919 1174 1920 1175 1920 1181 1920 1174 1921 1181 1921 1180 1921 1186 1922 1175 1922 1174 1922 1187 1923 1180 1923 1181 1923 1175 1924 1176 1924 1182 1924 1175 1925 1182 1925 1181 1925 1186 1926 1176 1926 1175 1926 1187 1927 1181 1927 1182 1927 1176 1928 1177 1928 1183 1928 1176 1929 1183 1929 1182 1929 1186 1930 1177 1930 1176 1930 1187 1931 1182 1931 1183 1931 1177 1932 1178 1932 1184 1932 1177 1933 1184 1933 1183 1933 1186 1934 1178 1934 1177 1934 1187 1935 1183 1935 1184 1935 1178 1936 1179 1936 1185 1936 1178 1937 1185 1937 1184 1937 1186 1938 1179 1938 1178 1938 1187 1939 1184 1939 1185 1939 1179 1940 1174 1940 1180 1940 1179 1941 1180 1941 1185 1941 1186 1942 1174 1942 1179 1942 1187 1943 1185 1943 1180 1943 1188 1944 1189 1944 1194 1944 1195 1945 1189 1945 1188 1945 1189 1946 1190 1946 1194 1946 1195 1947 1190 1947 1189 1947 1190 1948 1191 1948 1194 1948 1195 1949 1191 1949 1190 1949 1191 1950 1192 1950 1194 1950 1195 1951 1192 1951 1191 1951 1192 1952 1193 1952 1194 1952 1195 1953 1193 1953 1192 1953 1193 1954 1188 1954 1194 1954 1195 1955 1188 1955 1193 1955 1196 1956 1197 1956 1203 1956 1196 1957 1203 1957 1202 1957 1208 1958 1197 1958 1196 1958 1209 1959 1202 1959 1203 1959 1197 1960 1198 1960 1204 1960 1197 1961 1204 1961 1203 1961 1208 1962 1198 1962 1197 1962 1209 1963 1203 1963 1204 1963 1198 1964 1199 1964 1205 1964 1198 1965 1205 1965 1204 1965 1208 1966 1199 1966 1198 1966 1209 1967 1204 1967 1205 1967 1199 1968 1200 1968 1206 1968 1199 1969 1206 1969 1205 1969 1208 1970 1200 1970 1199 1970 1209 1971 1205 1971 1206 1971 1200 1972 1201 1972 1207 1972 1200 1973 1207 1973 1206 1973 1208 1974 1201 1974 1200 1974 1209 1975 1206 1975 1207 1975 1201 1976 1196 1976 1202 1976 1201 1977 1202 1977 1207 1977 1208 1978 1196 1978 1201 1978 1209 1979 1207 1979 1202 1979 1210 1980 1211 1980 1216 1980 1217 1981 1211 1981 1210 1981 1211 1982 1212 1982 1216 1982 1217 1983 1212 1983 1211 1983 1212 1984 1213 1984 1216 1984 1217 1985 1213 1985 1212 1985 1213 1986 1214 1986 1216 1986 1217 1987 1214 1987 1213 1987 1214 1988 1215 1988 1216 1988 1217 1989 1215 1989 1214 1989 1215 1990 1210 1990 1216 1990 1217 1991 1210 1991 1215 1991 1218 1992 1219 1992 1225 1992 1218 1993 1225 1993 1224 1993 1230 1994 1219 1994 1218 1994 1231 1995 1224 1995 1225 1995 1219 1996 1220 1996 1226 1996 1219 1997 1226 1997 1225 1997 1230 1998 1220 1998 1219 1998 1231 1999 1225 1999 1226 1999 1220 2000 1221 2000 1227 2000 1220 2001 1227 2001 1226 2001 1230 2002 1221 2002 1220 2002 1231 2003 1226 2003 1227 2003 1221 2004 1222 2004 1228 2004 1221 2005 1228 2005 1227 2005 1230 2006 1222 2006 1221 2006 1231 2007 1227 2007 1228 2007 1222 2008 1223 2008 1229 2008 1222 2009 1229 2009 1228 2009 1230 2010 1223 2010 1222 2010 1231 2011 1228 2011 1229 2011 1223 2012 1218 2012 1224 2012 1223 2013 1224 2013 1229 2013 1230 2014 1218 2014 1223 2014 1231 2015 1229 2015 1224 2015 1232 2016 1233 2016 1238 2016 1239 2017 1233 2017 1232 2017 1233 2018 1234 2018 1238 2018 1239 2019 1234 2019 1233 2019 1234 2020 1235 2020 1238 2020 1239 2021 1235 2021 1234 2021 1235 2022 1236 2022 1238 2022 1239 2023 1236 2023 1235 2023 1236 2024 1237 2024 1238 2024 1239 2025 1237 2025 1236 2025 1237 2026 1232 2026 1238 2026 1239 2027 1232 2027 1237 2027 1240 2028 1241 2028 1247 2028 1240 2029 1247 2029 1246 2029 1252 2030 1241 2030 1240 2030 1253 2031 1246 2031 1247 2031 1241 2032 1242 2032 1248 2032 1241 2033 1248 2033 1247 2033 1252 2034 1242 2034 1241 2034 1253 2035 1247 2035 1248 2035 1242 2036 1243 2036 1249 2036 1242 2037 1249 2037 1248 2037 1252 2038 1243 2038 1242 2038 1253 2039 1248 2039 1249 2039 1243 2040 1244 2040 1250 2040 1243 2041 1250 2041 1249 2041 1252 2042 1244 2042 1243 2042 1253 2043 1249 2043 1250 2043 1244 2044 1245 2044 1251 2044 1244 2045 1251 2045 1250 2045 1252 2046 1245 2046 1244 2046 1253 2047 1250 2047 1251 2047 1245 2048 1240 2048 1246 2048 1245 2049 1246 2049 1251 2049 1252 2050 1240 2050 1245 2050 1253 2051 1251 2051 1246 2051 1254 2052 1255 2052 1260 2052 1261 2053 1255 2053 1254 2053 1255 2054 1256 2054 1260 2054 1261 2055 1256 2055 1255 2055 1256 2056 1257 2056 1260 2056 1261 2057 1257 2057 1256 2057 1257 2058 1258 2058 1260 2058 1261 2059 1258 2059 1257 2059 1258 2060 1259 2060 1260 2060 1261 2061 1259 2061 1258 2061 1259 2062 1254 2062 1260 2062 1261 2063 1254 2063 1259 2063 1262 2064 1263 2064 1269 2064 1262 2065 1269 2065 1268 2065 1274 2066 1263 2066 1262 2066 1275 2067 1268 2067 1269 2067 1263 2068 1264 2068 1270 2068 1263 2069 1270 2069 1269 2069 1274 2070 1264 2070 1263 2070 1275 2071 1269 2071 1270 2071 1264 2072 1265 2072 1271 2072 1264 2073 1271 2073 1270 2073 1274 2074 1265 2074 1264 2074 1275 2075 1270 2075 1271 2075 1265 2076 1266 2076 1272 2076 1265 2077 1272 2077 1271 2077 1274 2078 1266 2078 1265 2078 1275 2079 1271 2079 1272 2079 1266 2080 1267 2080 1273 2080 1266 2081 1273 2081 1272 2081 1274 2082 1267 2082 1266 2082 1275 2083 1272 2083 1273 2083 1267 2084 1262 2084 1268 2084 1267 2085 1268 2085 1273 2085 1274 2086 1262 2086 1267 2086 1275 2087 1273 2087 1268 2087 1276 2088 1277 2088 1282 2088 1283 2089 1277 2089 1276 2089 1277 2090 1278 2090 1282 2090 1283 2091 1278 2091 1277 2091 1278 2092 1279 2092 1282 2092 1283 2093 1279 2093 1278 2093 1279 2094 1280 2094 1282 2094 1283 2095 1280 2095 1279 2095 1280 2096 1281 2096 1282 2096 1283 2097 1281 2097 1280 2097 1281 2098 1276 2098 1282 2098 1283 2099 1276 2099 1281 2099 1284 2100 1285 2100 1291 2100 1284 2101 1291 2101 1290 2101 1296 2102 1285 2102 1284 2102 1297 2103 1290 2103 1291 2103 1285 2104 1286 2104 1292 2104 1285 2105 1292 2105 1291 2105 1296 2106 1286 2106 1285 2106 1297 2107 1291 2107 1292 2107 1286 2108 1287 2108 1293 2108 1286 2109 1293 2109 1292 2109 1296 2110 1287 2110 1286 2110 1297 2111 1292 2111 1293 2111 1287 2112 1288 2112 1294 2112 1287 2113 1294 2113 1293 2113 1296 2114 1288 2114 1287 2114 1297 2115 1293 2115 1294 2115 1288 2116 1289 2116 1295 2116 1288 2117 1295 2117 1294 2117 1296 2118 1289 2118 1288 2118 1297 2119 1294 2119 1295 2119 1289 2120 1284 2120 1290 2120 1289 2121 1290 2121 1295 2121 1296 2122 1284 2122 1289 2122 1297 2123 1295 2123 1290 2123 1298 2124 1299 2124 1304 2124 1305 2125 1299 2125 1298 2125 1299 2126 1300 2126 1304 2126 1305 2127 1300 2127 1299 2127 1300 2128 1301 2128 1304 2128 1305 2129 1301 2129 1300 2129 1301 2130 1302 2130 1304 2130 1305 2131 1302 2131 1301 2131 1302 2132 1303 2132 1304 2132 1305 2133 1303 2133 1302 2133 1303 2134 1298 2134 1304 2134 1305 2135 1298 2135 1303 2135 1306 2136 1307 2136 1313 2136 1306 2137 1313 2137 1312 2137 1318 2138 1307 2138 1306 2138 1319 2139 1312 2139 1313 2139 1307 2140 1308 2140 1314 2140 1307 2141 1314 2141 1313 2141 1318 2142 1308 2142 1307 2142 1319 2143 1313 2143 1314 2143 1308 2144 1309 2144 1315 2144 1308 2145 1315 2145 1314 2145 1318 2146 1309 2146 1308 2146 1319 2147 1314 2147 1315 2147 1309 2148 1310 2148 1316 2148 1309 2149 1316 2149 1315 2149 1318 2150 1310 2150 1309 2150 1319 2151 1315 2151 1316 2151 1310 2152 1311 2152 1317 2152 1310 2153 1317 2153 1316 2153 1318 2154 1311 2154 1310 2154 1319 2155 1316 2155 1317 2155 1311 2156 1306 2156 1312 2156 1311 2157 1312 2157 1317 2157 1318 2158 1306 2158 1311 2158 1319 2159 1317 2159 1312 2159 1320 2160 1321 2160 1326 2160 1327 2161 1321 2161 1320 2161 1321 2162 1322 2162 1326 2162 1327 2163 1322 2163 1321 2163 1322 2164 1323 2164 1326 2164 1327 2165 1323 2165 1322 2165 1323 2166 1324 2166 1326 2166 1327 2167 1324 2167 1323 2167 1324 2168 1325 2168 1326 2168 1327 2169 1325 2169 1324 2169 1325 2170 1320 2170 1326 2170 1327 2171 1320 2171 1325 2171 1328 2172 1329 2172 1335 2172 1328 2173 1335 2173 1334 2173 1340 2174 1329 2174 1328 2174 1341 2175 1334 2175 1335 2175 1329 2176 1330 2176 1336 2176 1329 2177 1336 2177 1335 2177 1340 2178 1330 2178 1329 2178 1341 2179 1335 2179 1336 2179 1330 2180 1331 2180 1337 2180 1330 2181 1337 2181 1336 2181 1340 2182 1331 2182 1330 2182 1341 2183 1336 2183 1337 2183 1331 2184 1332 2184 1338 2184 1331 2185 1338 2185 1337 2185 1340 2186 1332 2186 1331 2186 1341 2187 1337 2187 1338 2187 1332 2188 1333 2188 1339 2188 1332 2189 1339 2189 1338 2189 1340 2190 1333 2190 1332 2190 1341 2191 1338 2191 1339 2191 1333 2192 1328 2192 1334 2192 1333 2193 1334 2193 1339 2193 1340 2194 1328 2194 1333 2194 1341 2195 1339 2195 1334 2195 1342 2196 1343 2196 1348 2196 1349 2197 1343 2197 1342 2197 1343 2198 1344 2198 1348 2198 1349 2199 1344 2199 1343 2199 1344 2200 1345 2200 1348 2200 1349 2201 1345 2201 1344 2201 1345 2202 1346 2202 1348 2202 1349 2203 1346 2203 1345 2203 1346 2204 1347 2204 1348 2204 1349 2205 1347 2205 1346 2205 1347 2206 1342 2206 1348 2206 1349 2207 1342 2207 1347 2207 1350 2208 1351 2208 1357 2208 1350 2209 1357 2209 1356 2209 1362 2210 1351 2210 1350 2210 1363 2211 1356 2211 1357 2211 1351 2212 1352 2212 1358 2212 1351 2213 1358 2213 1357 2213 1362 2214 1352 2214 1351 2214 1363 2215 1357 2215 1358 2215 1352 2216 1353 2216 1359 2216 1352 2217 1359 2217 1358 2217 1362 2218 1353 2218 1352 2218 1363 2219 1358 2219 1359 2219 1353 2220 1354 2220 1360 2220 1353 2221 1360 2221 1359 2221 1362 2222 1354 2222 1353 2222 1363 2223 1359 2223 1360 2223 1354 2224 1355 2224 1361 2224 1354 2225 1361 2225 1360 2225 1362 2226 1355 2226 1354 2226 1363 2227 1360 2227 1361 2227 1355 2228 1350 2228 1356 2228 1355 2229 1356 2229 1361 2229 1362 2230 1350 2230 1355 2230 1363 2231 1361 2231 1356 2231 1364 2232 1365 2232 1370 2232 1371 2233 1365 2233 1364 2233 1365 2234 1366 2234 1370 2234 1371 2235 1366 2235 1365 2235 1366 2236 1367 2236 1370 2236 1371 2237 1367 2237 1366 2237 1367 2238 1368 2238 1370 2238 1371 2239 1368 2239 1367 2239 1368 2240 1369 2240 1370 2240 1371 2241 1369 2241 1368 2241 1369 2242 1364 2242 1370 2242 1371 2243 1364 2243 1369 2243 1372 2244 1373 2244 1379 2244 1372 2245 1379 2245 1378 2245 1384 2246 1373 2246 1372 2246 1385 2247 1378 2247 1379 2247 1373 2248 1374 2248 1380 2248 1373 2249 1380 2249 1379 2249 1384 2250 1374 2250 1373 2250 1385 2251 1379 2251 1380 2251 1374 2252 1375 2252 1381 2252 1374 2253 1381 2253 1380 2253 1384 2254 1375 2254 1374 2254 1385 2255 1380 2255 1381 2255 1375 2256 1376 2256 1382 2256 1375 2257 1382 2257 1381 2257 1384 2258 1376 2258 1375 2258 1385 2259 1381 2259 1382 2259 1376 2260 1377 2260 1383 2260 1376 2261 1383 2261 1382 2261 1384 2262 1377 2262 1376 2262 1385 2263 1382 2263 1383 2263 1377 2264 1372 2264 1378 2264 1377 2265 1378 2265 1383 2265 1384 2266 1372 2266 1377 2266 1385 2267 1383 2267 1378 2267 1386 2268 1387 2268 1392 2268 1393 2269 1387 2269 1386 2269 1387 2270 1388 2270 1392 2270 1393 2271 1388 2271 1387 2271 1388 2272 1389 2272 1392 2272 1393 2273 1389 2273 1388 2273 1389 2274 1390 2274 1392 2274 1393 2275 1390 2275 1389 2275 1390 2276 1391 2276 1392 2276 1393 2277 1391 2277 1390 2277 1391 2278 1386 2278 1392 2278 1393 2279 1386 2279 1391 2279 1394 2280 1395 2280 1401 2280 1394 2281 1401 2281 1400 2281 1406 2282 1395 2282 1394 2282 1407 2283 1400 2283 1401 2283 1395 2284 1396 2284 1402 2284 1395 2285 1402 2285 1401 2285 1406 2286 1396 2286 1395 2286 1407 2287 1401 2287 1402 2287 1396 2288 1397 2288 1403 2288 1396 2289 1403 2289 1402 2289 1406 2290 1397 2290 1396 2290 1407 2291 1402 2291 1403 2291 1397 2292 1398 2292 1404 2292 1397 2293 1404 2293 1403 2293 1406 2294 1398 2294 1397 2294 1407 2295 1403 2295 1404 2295 1398 2296 1399 2296 1405 2296 1398 2297 1405 2297 1404 2297 1406 2298 1399 2298 1398 2298 1407 2299 1404 2299 1405 2299 1399 2300 1394 2300 1400 2300 1399 2301 1400 2301 1405 2301 1406 2302 1394 2302 1399 2302 1407 2303 1405 2303 1400 2303 1408 2304 1409 2304 1414 2304 1415 2305 1409 2305 1408 2305 1409 2306 1410 2306 1414 2306 1415 2307 1410 2307 1409 2307 1410 2308 1411 2308 1414 2308 1415 2309 1411 2309 1410 2309 1411 2310 1412 2310 1414 2310 1415 2311 1412 2311 1411 2311 1412 2312 1413 2312 1414 2312 1415 2313 1413 2313 1412 2313 1413 2314 1408 2314 1414 2314 1415 2315 1408 2315 1413 2315 1416 2316 1417 2316 1423 2316 1416 2317 1423 2317 1422 2317 1428 2318 1417 2318 1416 2318 1429 2319 1422 2319 1423 2319 1417 2320 1418 2320 1424 2320 1417 2321 1424 2321 1423 2321 1428 2322 1418 2322 1417 2322 1429 2323 1423 2323 1424 2323 1418 2324 1419 2324 1425 2324 1418 2325 1425 2325 1424 2325 1428 2326 1419 2326 1418 2326 1429 2327 1424 2327 1425 2327 1419 2328 1420 2328 1426 2328 1419 2329 1426 2329 1425 2329 1428 2330 1420 2330 1419 2330 1429 2331 1425 2331 1426 2331 1420 2332 1421 2332 1427 2332 1420 2333 1427 2333 1426 2333 1428 2334 1421 2334 1420 2334 1429 2335 1426 2335 1427 2335 1421 2336 1416 2336 1422 2336 1421 2337 1422 2337 1427 2337 1428 2338 1416 2338 1421 2338 1429 2339 1427 2339 1422 2339 1430 2340 1431 2340 1436 2340 1437 2341 1431 2341 1430 2341 1431 2342 1432 2342 1436 2342 1437 2343 1432 2343 1431 2343 1432 2344 1433 2344 1436 2344 1437 2345 1433 2345 1432 2345 1433 2346 1434 2346 1436 2346 1437 2347 1434 2347 1433 2347 1434 2348 1435 2348 1436 2348 1437 2349 1435 2349 1434 2349 1435 2350 1430 2350 1436 2350 1437 2351 1430 2351 1435 2351 1438 2352 1439 2352 1445 2352 1438 2353 1445 2353 1444 2353 1450 2354 1439 2354 1438 2354 1451 2355 1444 2355 1445 2355 1439 2356 1440 2356 1446 2356 1439 2357 1446 2357 1445 2357 1450 2358 1440 2358 1439 2358 1451 2359 1445 2359 1446 2359 1440 2360 1441 2360 1447 2360 1440 2361 1447 2361 1446 2361 1450 2362 1441 2362 1440 2362 1451 2363 1446 2363 1447 2363 1441 2364 1442 2364 1448 2364 1441 2365 1448 2365 1447 2365 1450 2366 1442 2366 1441 2366 1451 2367 1447 2367 1448 2367 1442 2368 1443 2368 1449 2368 1442 2369 1449 2369 1448 2369 1450 2370 1443 2370 1442 2370 1451 2371 1448 2371 1449 2371 1443 2372 1438 2372 1444 2372 1443 2373 1444 2373 1449 2373 1450 2374 1438 2374 1443 2374 1451 2375 1449 2375 1444 2375 1452 2376 1453 2376 1458 2376 1459 2377 1453 2377 1452 2377 1453 2378 1454 2378 1458 2378 1459 2379 1454 2379 1453 2379 1454 2380 1455 2380 1458 2380 1459 2381 1455 2381 1454 2381 1455 2382 1456 2382 1458 2382 1459 2383 1456 2383 1455 2383 1456 2384 1457 2384 1458 2384 1459 2385 1457 2385 1456 2385 1457 2386 1452 2386 1458 2386 1459 2387 1452 2387 1457 2387 1460 2388 1461 2388 1467 2388 1460 2389 1467 2389 1466 2389 1472 2390 1461 2390 1460 2390 1473 2391 1466 2391 1467 2391 1461 2392 1462 2392 1468 2392 1461 2393 1468 2393 1467 2393 1472 2394 1462 2394 1461 2394 1473 2395 1467 2395 1468 2395 1462 2396 1463 2396 1469 2396 1462 2397 1469 2397 1468 2397 1472 2398 1463 2398 1462 2398 1473 2399 1468 2399 1469 2399 1463 2400 1464 2400 1470 2400 1463 2401 1470 2401 1469 2401 1472 2402 1464 2402 1463 2402 1473 2403 1469 2403 1470 2403 1464 2404 1465 2404 1471 2404 1464 2405 1471 2405 1470 2405 1472 2406 1465 2406 1464 2406 1473 2407 1470 2407 1471 2407 1465 2408 1460 2408 1466 2408 1465 2409 1466 2409 1471 2409 1472 2410 1460 2410 1465 2410 1473 2411 1471 2411 1466 2411 1474 2412 1475 2412 1480 2412 1481 2413 1475 2413 1474 2413 1475 2414 1476 2414 1480 2414 1481 2415 1476 2415 1475 2415 1476 2416 1477 2416 1480 2416 1481 2417 1477 2417 1476 2417 1477 2418 1478 2418 1480 2418 1481 2419 1478 2419 1477 2419 1478 2420 1479 2420 1480 2420 1481 2421 1479 2421 1478 2421 1479 2422 1474 2422 1480 2422 1481 2423 1474 2423 1479 2423 1482 2424 1483 2424 1489 2424 1482 2425 1489 2425 1488 2425 1494 2426 1483 2426 1482 2426 1495 2427 1488 2427 1489 2427 1483 2428 1484 2428 1490 2428 1483 2429 1490 2429 1489 2429 1494 2430 1484 2430 1483 2430 1495 2431 1489 2431 1490 2431 1484 2432 1485 2432 1491 2432 1484 2433 1491 2433 1490 2433 1494 2434 1485 2434 1484 2434 1495 2435 1490 2435 1491 2435 1485 2436 1486 2436 1492 2436 1485 2437 1492 2437 1491 2437 1494 2438 1486 2438 1485 2438 1495 2439 1491 2439 1492 2439 1486 2440 1487 2440 1493 2440 1486 2441 1493 2441 1492 2441 1494 2442 1487 2442 1486 2442 1495 2443 1492 2443 1493 2443 1487 2444 1482 2444 1488 2444 1487 2445 1488 2445 1493 2445 1494 2446 1482 2446 1487 2446 1495 2447 1493 2447 1488 2447 1496 2448 1497 2448 1502 2448 1503 2449 1497 2449 1496 2449 1497 2450 1498 2450 1502 2450 1503 2451 1498 2451 1497 2451 1498 2452 1499 2452 1502 2452 1503 2453 1499 2453 1498 2453 1499 2454 1500 2454 1502 2454 1503 2455 1500 2455 1499 2455 1500 2456 1501 2456 1502 2456 1503 2457 1501 2457 1500 2457 1501 2458 1496 2458 1502 2458 1503 2459 1496 2459 1501 2459 1504 2460 1505 2460 1511 2460 1504 2461 1511 2461 1510 2461 1516 2462 1505 2462 1504 2462 1517 2463 1510 2463 1511 2463 1505 2464 1506 2464 1512 2464 1505 2465 1512 2465 1511 2465 1516 2466 1506 2466 1505 2466 1517 2467 1511 2467 1512 2467 1506 2468 1507 2468 1513 2468 1506 2469 1513 2469 1512 2469 1516 2470 1507 2470 1506 2470 1517 2471 1512 2471 1513 2471 1507 2472 1508 2472 1514 2472 1507 2473 1514 2473 1513 2473 1516 2474 1508 2474 1507 2474 1517 2475 1513 2475 1514 2475 1508 2476 1509 2476 1515 2476 1508 2477 1515 2477 1514 2477 1516 2478 1509 2478 1508 2478 1517 2479 1514 2479 1515 2479 1509 2480 1504 2480 1510 2480 1509 2481 1510 2481 1515 2481 1516 2482 1504 2482 1509 2482 1517 2483 1515 2483 1510 2483 1518 2484 1519 2484 1524 2484 1525 2485 1519 2485 1518 2485 1519 2486 1520 2486 1524 2486 1525 2487 1520 2487 1519 2487 1520 2488 1521 2488 1524 2488 1525 2489 1521 2489 1520 2489 1521 2490 1522 2490 1524 2490 1525 2491 1522 2491 1521 2491 1522 2492 1523 2492 1524 2492 1525 2493 1523 2493 1522 2493 1523 2494 1518 2494 1524 2494 1525 2495 1518 2495 1523 2495 1526 2496 1527 2496 1533 2496 1526 2497 1533 2497 1532 2497 1538 2498 1527 2498 1526 2498 1539 2499 1532 2499 1533 2499 1527 2500 1528 2500 1534 2500 1527 2501 1534 2501 1533 2501 1538 2502 1528 2502 1527 2502 1539 2503 1533 2503 1534 2503 1528 2504 1529 2504 1535 2504 1528 2505 1535 2505 1534 2505 1538 2506 1529 2506 1528 2506 1539 2507 1534 2507 1535 2507 1529 2508 1530 2508 1536 2508 1529 2509 1536 2509 1535 2509 1538 2510 1530 2510 1529 2510 1539 2511 1535 2511 1536 2511 1530 2512 1531 2512 1537 2512 1530 2513 1537 2513 1536 2513 1538 2514 1531 2514 1530 2514 1539 2515 1536 2515 1537 2515 1531 2516 1526 2516 1532 2516 1531 2517 1532 2517 1537 2517 1538 2518 1526 2518 1531 2518 1539 2519 1537 2519 1532 2519 1540 2520 1541 2520 1546 2520 1547 2521 1541 2521 1540 2521 1541 2522 1542 2522 1546 2522 1547 2523 1542 2523 1541 2523 1542 2524 1543 2524 1546 2524 1547 2525 1543 2525 1542 2525 1543 2526 1544 2526 1546 2526 1547 2527 1544 2527 1543 2527 1544 2528 1545 2528 1546 2528 1547 2529 1545 2529 1544 2529 1545 2530 1540 2530 1546 2530 1547 2531 1540 2531 1545 2531 1548 2532 1549 2532 1555 2532 1548 2533 1555 2533 1554 2533 1560 2534 1549 2534 1548 2534 1561 2535 1554 2535 1555 2535 1549 2536 1550 2536 1556 2536 1549 2537 1556 2537 1555 2537 1560 2538 1550 2538 1549 2538 1561 2539 1555 2539 1556 2539 1550 2540 1551 2540 1557 2540 1550 2541 1557 2541 1556 2541 1560 2542 1551 2542 1550 2542 1561 2543 1556 2543 1557 2543 1551 2544 1552 2544 1558 2544 1551 2545 1558 2545 1557 2545 1560 2546 1552 2546 1551 2546 1561 2547 1557 2547 1558 2547 1552 2548 1553 2548 1559 2548 1552 2549 1559 2549 1558 2549 1560 2550 1553 2550 1552 2550 1561 2551 1558 2551 1559 2551 1553 2552 1548 2552 1554 2552 1553 2553 1554 2553 1559 2553 1560 2554 1548 2554 1553 2554 1561 2555 1559 2555 1554 2555 1562 2556 1563 2556 1568 2556 1569 2557 1563 2557 1562 2557 1563 2558 1564 2558 1568 2558 1569 2559 1564 2559 1563 2559 1564 2560 1565 2560 1568 2560 1569 2561 1565 2561 1564 2561 1565 2562 1566 2562 1568 2562 1569 2563 1566 2563 1565 2563 1566 2564 1567 2564 1568 2564 1569 2565 1567 2565 1566 2565 1567 2566 1562 2566 1568 2566 1569 2567 1562 2567 1567 2567 1570 2568 1571 2568 1577 2568 1570 2569 1577 2569 1576 2569 1582 2570 1571 2570 1570 2570 1583 2571 1576 2571 1577 2571 1571 2572 1572 2572 1578 2572 1571 2573 1578 2573 1577 2573 1582 2574 1572 2574 1571 2574 1583 2575 1577 2575 1578 2575 1572 2576 1573 2576 1579 2576 1572 2577 1579 2577 1578 2577 1582 2578 1573 2578 1572 2578 1583 2579 1578 2579 1579 2579 1573 2580 1574 2580 1580 2580 1573 2581 1580 2581 1579 2581 1582 2582 1574 2582 1573 2582 1583 2583 1579 2583 1580 2583 1574 2584 1575 2584 1581 2584 1574 2585 1581 2585 1580 2585 1582 2586 1575 2586 1574 2586 1583 2587 1580 2587 1581 2587 1575 2588 1570 2588 1576 2588 1575 2589 1576 2589 1581 2589 1582 2590 1570 2590 1575 2590 1583 2591 1581 2591 1576 2591 1584 2592 1585 2592 1590 2592 1591 2593 1585 2593 1584 2593 1585 2594 1586 2594 1590 2594 1591 2595 1586 2595 1585 2595 1586 2596 1587 2596 1590 2596 1591 2597 1587 2597 1586 2597 1587 2598 1588 2598 1590 2598 1591 2599 1588 2599 1587 2599 1588 2600 1589 2600 1590 2600 1591 2601 1589 2601 1588 2601 1589 2602 1584 2602 1590 2602 1591 2603 1584 2603 1589 2603 1592 2604 1593 2604 1599 2604 1592 2605 1599 2605 1598 2605 1604 2606 1593 2606 1592 2606 1605 2607 1598 2607 1599 2607 1593 2608 1594 2608 1600 2608 1593 2609 1600 2609 1599 2609 1604 2610 1594 2610 1593 2610 1605 2611 1599 2611 1600 2611 1594 2612 1595 2612 1601 2612 1594 2613 1601 2613 1600 2613 1604 2614 1595 2614 1594 2614 1605 2615 1600 2615 1601 2615 1595 2616 1596 2616 1602 2616 1595 2617 1602 2617 1601 2617 1604 2618 1596 2618 1595 2618 1605 2619 1601 2619 1602 2619 1596 2620 1597 2620 1603 2620 1596 2621 1603 2621 1602 2621 1604 2622 1597 2622 1596 2622 1605 2623 1602 2623 1603 2623 1597 2624 1592 2624 1598 2624 1597 2625 1598 2625 1603 2625 1604 2626 1592 2626 1597 2626 1605 2627 1603 2627 1598 2627 1606 2628 1607 2628 1612 2628 1613 2629 1607 2629 1606 2629 1607 2630 1608 2630 1612 2630 1613 2631 1608 2631 1607 2631 1608 2632 1609 2632 1612 2632 1613 2633 1609 2633 1608 2633 1609 2634 1610 2634 1612 2634 1613 2635 1610 2635 1609 2635 1610 2636 1611 2636 1612 2636 1613 2637 1611 2637 1610 2637 1611 2638 1606 2638 1612 2638 1613 2639 1606 2639 1611 2639 1614 2640 1615 2640 1621 2640 1614 2641 1621 2641 1620 2641 1626 2642 1615 2642 1614 2642 1627 2643 1620 2643 1621 2643 1615 2644 1616 2644 1622 2644 1615 2645 1622 2645 1621 2645 1626 2646 1616 2646 1615 2646 1627 2647 1621 2647 1622 2647 1616 2648 1617 2648 1623 2648 1616 2649 1623 2649 1622 2649 1626 2650 1617 2650 1616 2650 1627 2651 1622 2651 1623 2651 1617 2652 1618 2652 1624 2652 1617 2653 1624 2653 1623 2653 1626 2654 1618 2654 1617 2654 1627 2655 1623 2655 1624 2655 1618 2656 1619 2656 1625 2656 1618 2657 1625 2657 1624 2657 1626 2658 1619 2658 1618 2658 1627 2659 1624 2659 1625 2659 1619 2660 1614 2660 1620 2660 1619 2661 1620 2661 1625 2661 1626 2662 1614 2662 1619 2662 1627 2663 1625 2663 1620 2663 1628 2664 1629 2664 1634 2664 1635 2665 1629 2665 1628 2665 1629 2666 1630 2666 1634 2666 1635 2667 1630 2667 1629 2667 1630 2668 1631 2668 1634 2668 1635 2669 1631 2669 1630 2669 1631 2670 1632 2670 1634 2670 1635 2671 1632 2671 1631 2671 1632 2672 1633 2672 1634 2672 1635 2673 1633 2673 1632 2673 1633 2674 1628 2674 1634 2674 1635 2675 1628 2675 1633 2675 1636 2676 1637 2676 1643 2676 1636 2677 1643 2677 1642 2677 1648 2678 1637 2678 1636 2678 1649 2679 1642 2679 1643 2679 1637 2680 1638 2680 1644 2680 1637 2681 1644 2681 1643 2681 1648 2682 1638 2682 1637 2682 1649 2683 1643 2683 1644 2683 1638 2684 1639 2684 1645 2684 1638 2685 1645 2685 1644 2685 1648 2686 1639 2686 1638 2686 1649 2687 1644 2687 1645 2687 1639 2688 1640 2688 1646 2688 1639 2689 1646 2689 1645 2689 1648 2690 1640 2690 1639 2690 1649 2691 1645 2691 1646 2691 1640 2692 1641 2692 1647 2692 1640 2693 1647 2693 1646 2693 1648 2694 1641 2694 1640 2694 1649 2695 1646 2695 1647 2695 1641 2696 1636 2696 1642 2696 1641 2697 1642 2697 1647 2697 1648 2698 1636 2698 1641 2698 1649 2699 1647 2699 1642 2699 1650 2700 1651 2700 1656 2700 1657 2701 1651 2701 1650 2701 1651 2702 1652 2702 1656 2702 1657 2703 1652 2703 1651 2703 1652 2704 1653 2704 1656 2704 1657 2705 1653 2705 1652 2705 1653 2706 1654 2706 1656 2706 1657 2707 1654 2707 1653 2707 1654 2708 1655 2708 1656 2708 1657 2709 1655 2709 1654 2709 1655 2710 1650 2710 1656 2710 1657 2711 1650 2711 1655 2711 1658 2712 1659 2712 1665 2712 1658 2713 1665 2713 1664 2713 1670 2714 1659 2714 1658 2714 1671 2715 1664 2715 1665 2715 1659 2716 1660 2716 1666 2716 1659 2717 1666 2717 1665 2717 1670 2718 1660 2718 1659 2718 1671 2719 1665 2719 1666 2719 1660 2720 1661 2720 1667 2720 1660 2721 1667 2721 1666 2721 1670 2722 1661 2722 1660 2722 1671 2723 1666 2723 1667 2723 1661 2724 1662 2724 1668 2724 1661 2725 1668 2725 1667 2725 1670 2726 1662 2726 1661 2726 1671 2727 1667 2727 1668 2727 1662 2728 1663 2728 1669 2728 1662 2729 1669 2729 1668 2729 1670 2730 1663 2730 1662 2730 1671 2731 1668 2731 1669 2731 1663 2732 1658 2732 1664 2732 1663 2733 1664 2733 1669 2733 1670 2734 1658 2734 1663 2734 1671 2735 1669 2735 1664 2735 1672 2736 1673 2736 1678 2736 1679 2737 1673 2737 1672 2737 1673 2738 1674 2738 1678 2738 1679 2739 1674 2739 1673 2739 1674 2740 1675 2740 1678 2740 1679 2741 1675 2741 1674 2741 1675 2742 1676 2742 1678 2742 1679 2743 1676 2743 1675 2743 1676 2744 1677 2744 1678 2744 1679 2745 1677 2745 1676 2745 1677 2746 1672 2746 1678 2746 1679 2747 1672 2747 1677 2747 1680 2748 1681 2748 1687 2748 1680 2749 1687 2749 1686 2749 1692 2750 1681 2750 1680 2750 1693 2751 1686 2751 1687 2751 1681 2752 1682 2752 1688 2752 1681 2753 1688 2753 1687 2753 1692 2754 1682 2754 1681 2754 1693 2755 1687 2755 1688 2755 1682 2756 1683 2756 1689 2756 1682 2757 1689 2757 1688 2757 1692 2758 1683 2758 1682 2758 1693 2759 1688 2759 1689 2759 1683 2760 1684 2760 1690 2760 1683 2761 1690 2761 1689 2761 1692 2762 1684 2762 1683 2762 1693 2763 1689 2763 1690 2763 1684 2764 1685 2764 1691 2764 1684 2765 1691 2765 1690 2765 1692 2766 1685 2766 1684 2766 1693 2767 1690 2767 1691 2767 1685 2768 1680 2768 1686 2768 1685 2769 1686 2769 1691 2769 1692 2770 1680 2770 1685 2770 1693 2771 1691 2771 1686 2771 1694 2772 1695 2772 1700 2772 1701 2773 1695 2773 1694 2773 1695 2774 1696 2774 1700 2774 1701 2775 1696 2775 1695 2775 1696 2776 1697 2776 1700 2776 1701 2777 1697 2777 1696 2777 1697 2778 1698 2778 1700 2778 1701 2779 1698 2779 1697 2779 1698 2780 1699 2780 1700 2780 1701 2781 1699 2781 1698 2781 1699 2782 1694 2782 1700 2782 1701 2783 1694 2783 1699 2783 1702 2784 1703 2784 1709 2784 1702 2785 1709 2785 1708 2785 1714 2786 1703 2786 1702 2786 1715 2787 1708 2787 1709 2787 1703 2788 1704 2788 1710 2788 1703 2789 1710 2789 1709 2789 1714 2790 1704 2790 1703 2790 1715 2791 1709 2791 1710 2791 1704 2792 1705 2792 1711 2792 1704 2793 1711 2793 1710 2793 1714 2794 1705 2794 1704 2794 1715 2795 1710 2795 1711 2795 1705 2796 1706 2796 1712 2796 1705 2797 1712 2797 1711 2797 1714 2798 1706 2798 1705 2798 1715 2799 1711 2799 1712 2799 1706 2800 1707 2800 1713 2800 1706 2801 1713 2801 1712 2801 1714 2802 1707 2802 1706 2802 1715 2803 1712 2803 1713 2803 1707 2804 1702 2804 1708 2804 1707 2805 1708 2805 1713 2805 1714 2806 1702 2806 1707 2806 1715 2807 1713 2807 1708 2807 1716 2808 1717 2808 1722 2808 1723 2809 1717 2809 1716 2809 1717 2810 1718 2810 1722 2810 1723 2811 1718 2811 1717 2811 1718 2812 1719 2812 1722 2812 1723 2813 1719 2813 1718 2813 1719 2814 1720 2814 1722 2814 1723 2815 1720 2815 1719 2815 1720 2816 1721 2816 1722 2816 1723 2817 1721 2817 1720 2817 1721 2818 1716 2818 1722 2818 1723 2819 1716 2819 1721 2819 1724 2820 1725 2820 1731 2820 1724 2821 1731 2821 1730 2821 1736 2822 1725 2822 1724 2822 1737 2823 1730 2823 1731 2823 1725 2824 1726 2824 1732 2824 1725 2825 1732 2825 1731 2825 1736 2826 1726 2826 1725 2826 1737 2827 1731 2827 1732 2827 1726 2828 1727 2828 1733 2828 1726 2829 1733 2829 1732 2829 1736 2830 1727 2830 1726 2830 1737 2831 1732 2831 1733 2831 1727 2832 1728 2832 1734 2832 1727 2833 1734 2833 1733 2833 1736 2834 1728 2834 1727 2834 1737 2835 1733 2835 1734 2835 1728 2836 1729 2836 1735 2836 1728 2837 1735 2837 1734 2837 1736 2838 1729 2838 1728 2838 1737 2839 1734 2839 1735 2839 1729 2840 1724 2840 1730 2840 1729 2841 1730 2841 1735 2841 1736 2842 1724 2842 1729 2842 1737 2843 1735 2843 1730 2843 1738 2844 1739 2844 1744 2844 1745 2845 1739 2845 1738 2845 1739 2846 1740 2846 1744 2846 1745 2847 1740 2847 1739 2847 1740 2848 1741 2848 1744 2848 1745 2849 1741 2849 1740 2849 1741 2850 1742 2850 1744 2850 1745 2851 1742 2851 1741 2851 1742 2852 1743 2852 1744 2852 1745 2853 1743 2853 1742 2853 1743 2854 1738 2854 1744 2854 1745 2855 1738 2855 1743 2855 1746 2856 1747 2856 1753 2856 1746 2857 1753 2857 1752 2857 1758 2858 1747 2858 1746 2858 1759 2859 1752 2859 1753 2859 1747 2860 1748 2860 1754 2860 1747 2861 1754 2861 1753 2861 1758 2862 1748 2862 1747 2862 1759 2863 1753 2863 1754 2863 1748 2864 1749 2864 1755 2864 1748 2865 1755 2865 1754 2865 1758 2866 1749 2866 1748 2866 1759 2867 1754 2867 1755 2867 1749 2868 1750 2868 1756 2868 1749 2869 1756 2869 1755 2869 1758 2870 1750 2870 1749 2870 1759 2871 1755 2871 1756 2871 1750 2872 1751 2872 1757 2872 1750 2873 1757 2873 1756 2873 1758 2874 1751 2874 1750 2874 1759 2875 1756 2875 1757 2875 1751 2876 1746 2876 1752 2876 1751 2877 1752 2877 1757 2877 1758 2878 1746 2878 1751 2878 1759 2879 1757 2879 1752 2879 1760 2880 1761 2880 1766 2880 1767 2881 1761 2881 1760 2881 1761 2882 1762 2882 1766 2882 1767 2883 1762 2883 1761 2883 1762 2884 1763 2884 1766 2884 1767 2885 1763 2885 1762 2885 1763 2886 1764 2886 1766 2886 1767 2887 1764 2887 1763 2887 1764 2888 1765 2888 1766 2888 1767 2889 1765 2889 1764 2889 1765 2890 1760 2890 1766 2890 1767 2891 1760 2891 1765 2891 1768 2892 1769 2892 1775 2892 1768 2893 1775 2893 1774 2893 1780 2894 1769 2894 1768 2894 1781 2895 1774 2895 1775 2895 1769 2896 1770 2896 1776 2896 1769 2897 1776 2897 1775 2897 1780 2898 1770 2898 1769 2898 1781 2899 1775 2899 1776 2899 1770 2900 1771 2900 1777 2900 1770 2901 1777 2901 1776 2901 1780 2902 1771 2902 1770 2902 1781 2903 1776 2903 1777 2903 1771 2904 1772 2904 1778 2904 1771 2905 1778 2905 1777 2905 1780 2906 1772 2906 1771 2906 1781 2907 1777 2907 1778 2907 1772 2908 1773 2908 1779 2908 1772 2909 1779 2909 1778 2909 1780 2910 1773 2910 1772 2910 1781 2911 1778 2911 1779 2911 1773 2912 1768 2912 1774 2912 1773 2913 1774 2913 1779 2913 1780 2914 1768 2914 1773 2914 1781 2915 1779 2915 1774 2915 1782 2916 1783 2916 1788 2916 1789 2917 1783 2917 1782 2917 1783 2918 1784 2918 1788 2918 1789 2919 1784 2919 1783 2919 1784 2920 1785 2920 1788 2920 1789 2921 1785 2921 1784 2921 1785 2922 1786 2922 1788 2922 1789 2923 1786 2923 1785 2923 1786 2924 1787 2924 1788 2924 1789 2925 1787 2925 1786 2925 1787 2926 1782 2926 1788 2926 1789 2927 1782 2927 1787 2927 1790 2928 1791 2928 1797 2928 1790 2929 1797 2929 1796 2929 1802 2930 1791 2930 1790 2930 1803 2931 1796 2931 1797 2931 1791 2932 1792 2932 1798 2932 1791 2933 1798 2933 1797 2933 1802 2934 1792 2934 1791 2934 1803 2935 1797 2935 1798 2935 1792 2936 1793 2936 1799 2936 1792 2937 1799 2937 1798 2937 1802 2938 1793 2938 1792 2938 1803 2939 1798 2939 1799 2939 1793 2940 1794 2940 1800 2940 1793 2941 1800 2941 1799 2941 1802 2942 1794 2942 1793 2942 1803 2943 1799 2943 1800 2943 1794 2944 1795 2944 1801 2944 1794 2945 1801 2945 1800 2945 1802 2946 1795 2946 1794 2946 1803 2947 1800 2947 1801 2947 1795 2948 1790 2948 1796 2948 1795 2949 1796 2949 1801 2949 1802 2950 1790 2950 1795 2950 1803 2951 1801 2951 1796 2951 1804 2952 1805 2952 1810 2952 1811 2953 1805 2953 1804 2953 1805 2954 1806 2954 1810 2954 1811 2955 1806 2955 1805 2955 1806 2956 1807 2956 1810 2956 1811 2957 1807 2957 1806 2957 1807 2958 1808 2958 1810 2958 1811 2959 1808 2959 1807 2959 1808 2960 1809 2960 1810 2960 1811 2961 1809 2961 1808 2961 1809 2962 1804 2962 1810 2962 1811 2963 1804 2963 1809 2963 1812 2964 1813 2964 1819 2964 1812 2965 1819 2965 1818 2965 1824 2966 1813 2966 1812 2966 1825 2967 1818 2967 1819 2967 1813 2968 1814 2968 1820 2968 1813 2969 1820 2969 1819 2969 1824 2970 1814 2970 1813 2970 1825 2971 1819 2971 1820 2971 1814 2972 1815 2972 1821 2972 1814 2973 1821 2973 1820 2973 1824 2974 1815 2974 1814 2974 1825 2975 1820 2975 1821 2975 1815 2976 1816 2976 1822 2976 1815 2977 1822 2977 1821 2977 1824 2978 1816 2978 1815 2978 1825 2979 1821 2979 1822 2979 1816 2980 1817 2980 1823 2980 1816 2981 1823 2981 1822 2981 1824 2982 1817 2982 1816 2982 1825 2983 1822 2983 1823 2983 1817 2984 1812 2984 1818 2984 1817 2985 1818 2985 1823 2985 1824 2986 1812 2986 1817 2986 1825 2987 1823 2987 1818 2987 1826 2988 1827 2988 1832 2988 1833 2989 1827 2989 1826 2989 1827 2990 1828 2990 1832 2990 1833 2991 1828 2991 1827 2991 1828 2992 1829 2992 1832 2992 1833 2993 1829 2993 1828 2993 1829 2994 1830 2994 1832 2994 1833 2995 1830 2995 1829 2995 1830 2996 1831 2996 1832 2996 1833 2997 1831 2997 1830 2997 1831 2998 1826 2998 1832 2998 1833 2999 1826 2999 1831 2999 1834 3000 1835 3000 1841 3000 1834 3001 1841 3001 1840 3001 1846 3002 1835 3002 1834 3002 1847 3003 1840 3003 1841 3003 1835 3004 1836 3004 1842 3004 1835 3005 1842 3005 1841 3005 1846 3006 1836 3006 1835 3006 1847 3007 1841 3007 1842 3007 1836 3008 1837 3008 1843 3008 1836 3009 1843 3009 1842 3009 1846 3010 1837 3010 1836 3010 1847 3011 1842 3011 1843 3011 1837 3012 1838 3012 1844 3012 1837 3013 1844 3013 1843 3013 1846 3014 1838 3014 1837 3014 1847 3015 1843 3015 1844 3015 1838 3016 1839 3016 1845 3016 1838 3017 1845 3017 1844 3017 1846 3018 1839 3018 1838 3018 1847 3019 1844 3019 1845 3019 1839 3020 1834 3020 1840 3020 1839 3021 1840 3021 1845 3021 1846 3022 1834 3022 1839 3022 1847 3023 1845 3023 1840 3023 1848 3024 1849 3024 1854 3024 1855 3025 1849 3025 1848 3025 1849 3026 1850 3026 1854 3026 1855 3027 1850 3027 1849 3027 1850 3028 1851 3028 1854 3028 1855 3029 1851 3029 1850 3029 1851 3030 1852 3030 1854 3030 1855 3031 1852 3031 1851 3031 1852 3032 1853 3032 1854 3032 1855 3033 1853 3033 1852 3033 1853 3034 1848 3034 1854 3034 1855 3035 1848 3035 1853 3035 1856 3036 1857 3036 1863 3036 1856 3037 1863 3037 1862 3037 1868 3038 1857 3038 1856 3038 1869 3039 1862 3039 1863 3039 1857 3040 1858 3040 1864 3040 1857 3041 1864 3041 1863 3041 1868 3042 1858 3042 1857 3042 1869 3043 1863 3043 1864 3043 1858 3044 1859 3044 1865 3044 1858 3045 1865 3045 1864 3045 1868 3046 1859 3046 1858 3046 1869 3047 1864 3047 1865 3047 1859 3048 1860 3048 1866 3048 1859 3049 1866 3049 1865 3049 1868 3050 1860 3050 1859 3050 1869 3051 1865 3051 1866 3051 1860 3052 1861 3052 1867 3052 1860 3053 1867 3053 1866 3053 1868 3054 1861 3054 1860 3054 1869 3055 1866 3055 1867 3055 1861 3056 1856 3056 1862 3056 1861 3057 1862 3057 1867 3057 1868 3058 1856 3058 1861 3058 1869 3059 1867 3059 1862 3059 1870 3060 1871 3060 1876 3060 1877 3061 1871 3061 1870 3061 1871 3062 1872 3062 1876 3062 1877 3063 1872 3063 1871 3063 1872 3064 1873 3064 1876 3064 1877 3065 1873 3065 1872 3065 1873 3066 1874 3066 1876 3066 1877 3067 1874 3067 1873 3067 1874 3068 1875 3068 1876 3068 1877 3069 1875 3069 1874 3069 1875 3070 1870 3070 1876 3070 1877 3071 1870 3071 1875 3071 1878 3072 1879 3072 1885 3072 1878 3073 1885 3073 1884 3073 1890 3074 1879 3074 1878 3074 1891 3075 1884 3075 1885 3075 1879 3076 1880 3076 1886 3076 1879 3077 1886 3077 1885 3077 1890 3078 1880 3078 1879 3078 1891 3079 1885 3079 1886 3079 1880 3080 1881 3080 1887 3080 1880 3081 1887 3081 1886 3081 1890 3082 1881 3082 1880 3082 1891 3083 1886 3083 1887 3083 1881 3084 1882 3084 1888 3084 1881 3085 1888 3085 1887 3085 1890 3086 1882 3086 1881 3086 1891 3087 1887 3087 1888 3087 1882 3088 1883 3088 1889 3088 1882 3089 1889 3089 1888 3089 1890 3090 1883 3090 1882 3090 1891 3091 1888 3091 1889 3091 1883 3092 1878 3092 1884 3092 1883 3093 1884 3093 1889 3093 1890 3094 1878 3094 1883 3094 1891 3095 1889 3095 1884 3095 1892 3096 1893 3096 1898 3096 1899 3097 1893 3097 1892 3097 1893 3098 1894 3098 1898 3098 1899 3099 1894 3099 1893 3099 1894 3100 1895 3100 1898 3100 1899 3101 1895 3101 1894 3101 1895 3102 1896 3102 1898 3102 1899 3103 1896 3103 1895 3103 1896 3104 1897 3104 1898 3104 1899 3105 1897 3105 1896 3105 1897 3106 1892 3106 1898 3106 1899 3107 1892 3107 1897 3107 1900 3108 1901 3108 1907 3108 1900 3109 1907 3109 1906 3109 1912 3110 1901 3110 1900 3110 1913 3111 1906 3111 1907 3111 1901 3112 1902 3112 1908 3112 1901 3113 1908 3113 1907 3113 1912 3114 1902 3114 1901 3114 1913 3115 1907 3115 1908 3115 1902 3116 1903 3116 1909 3116 1902 3117 1909 3117 1908 3117 1912 3118 1903 3118 1902 3118 1913 3119 1908 3119 1909 3119 1903 3120 1904 3120 1910 3120 1903 3121 1910 3121 1909 3121 1912 3122 1904 3122 1903 3122 1913 3123 1909 3123 1910 3123 1904 3124 1905 3124 1911 3124 1904 3125 1911 3125 1910 3125 1912 3126 1905 3126 1904 3126 1913 3127 1910 3127 1911 3127 1905 3128 1900 3128 1906 3128 1905 3129 1906 3129 1911 3129 1912 3130 1900 3130 1905 3130 1913 3131 1911 3131 1906 3131 1914 3132 1915 3132 1920 3132 1921 3133 1915 3133 1914 3133 1915 3134 1916 3134 1920 3134 1921 3135 1916 3135 1915 3135 1916 3136 1917 3136 1920 3136 1921 3137 1917 3137 1916 3137 1917 3138 1918 3138 1920 3138 1921 3139 1918 3139 1917 3139 1918 3140 1919 3140 1920 3140 1921 3141 1919 3141 1918 3141 1919 3142 1914 3142 1920 3142 1921 3143 1914 3143 1919 3143 1922 3144 1923 3144 1929 3144 1922 3145 1929 3145 1928 3145 1934 3146 1923 3146 1922 3146 1935 3147 1928 3147 1929 3147 1923 3148 1924 3148 1930 3148 1923 3149 1930 3149 1929 3149 1934 3150 1924 3150 1923 3150 1935 3151 1929 3151 1930 3151 1924 3152 1925 3152 1931 3152 1924 3153 1931 3153 1930 3153 1934 3154 1925 3154 1924 3154 1935 3155 1930 3155 1931 3155 1925 3156 1926 3156 1932 3156 1925 3157 1932 3157 1931 3157 1934 3158 1926 3158 1925 3158 1935 3159 1931 3159 1932 3159 1926 3160 1927 3160 1933 3160 1926 3161 1933 3161 1932 3161 1934 3162 1927 3162 1926 3162 1935 3163 1932 3163 1933 3163 1927 3164 1922 3164 1928 3164 1927 3165 1928 3165 1933 3165 1934 3166 1922 3166 1927 3166 1935 3167 1933 3167 1928 3167 1936 3168 1937 3168 1942 3168 1943 3169 1937 3169 1936 3169 1937 3170 1938 3170 1942 3170 1943 3171 1938 3171 1937 3171 1938 3172 1939 3172 1942 3172 1943 3173 1939 3173 1938 3173 1939 3174 1940 3174 1942 3174 1943 3175 1940 3175 1939 3175 1940 3176 1941 3176 1942 3176 1943 3177 1941 3177 1940 3177 1941 3178 1936 3178 1942 3178 1943 3179 1936 3179 1941 3179 1944 3180 1945 3180 1951 3180 1944 3181 1951 3181 1950 3181 1956 3182 1945 3182 1944 3182 1957 3183 1950 3183 1951 3183 1945 3184 1946 3184 1952 3184 1945 3185 1952 3185 1951 3185 1956 3186 1946 3186 1945 3186 1957 3187 1951 3187 1952 3187 1946 3188 1947 3188 1953 3188 1946 3189 1953 3189 1952 3189 1956 3190 1947 3190 1946 3190 1957 3191 1952 3191 1953 3191 1947 3192 1948 3192 1954 3192 1947 3193 1954 3193 1953 3193 1956 3194 1948 3194 1947 3194 1957 3195 1953 3195 1954 3195 1948 3196 1949 3196 1955 3196 1948 3197 1955 3197 1954 3197 1956 3198 1949 3198 1948 3198 1957 3199 1954 3199 1955 3199 1949 3200 1944 3200 1950 3200 1949 3201 1950 3201 1955 3201 1956 3202 1944 3202 1949 3202 1957 3203 1955 3203 1950 3203 1958 3204 1959 3204 1964 3204 1965 3205 1959 3205 1958 3205 1959 3206 1960 3206 1964 3206 1965 3207 1960 3207 1959 3207 1960 3208 1961 3208 1964 3208 1965 3209 1961 3209 1960 3209 1961 3210 1962 3210 1964 3210 1965 3211 1962 3211 1961 3211 1962 3212 1963 3212 1964 3212 1965 3213 1963 3213 1962 3213 1963 3214 1958 3214 1964 3214 1965 3215 1958 3215 1963 3215 1966 3216 1967 3216 1973 3216 1966 3217 1973 3217 1972 3217 1978 3218 1967 3218 1966 3218 1979 3219 1972 3219 1973 3219 1967 3220 1968 3220 1974 3220 1967 3221 1974 3221 1973 3221 1978 3222 1968 3222 1967 3222 1979 3223 1973 3223 1974 3223 1968 3224 1969 3224 1975 3224 1968 3225 1975 3225 1974 3225 1978 3226 1969 3226 1968 3226 1979 3227 1974 3227 1975 3227 1969 3228 1970 3228 1976 3228 1969 3229 1976 3229 1975 3229 1978 3230 1970 3230 1969 3230 1979 3231 1975 3231 1976 3231 1970 3232 1971 3232 1977 3232 1970 3233 1977 3233 1976 3233 1978 3234 1971 3234 1970 3234 1979 3235 1976 3235 1977 3235 1971 3236 1966 3236 1972 3236 1971 3237 1972 3237 1977 3237 1978 3238 1966 3238 1971 3238 1979 3239 1977 3239 1972 3239 1980 3240 1981 3240 1986 3240 1987 3241 1981 3241 1980 3241 1981 3242 1982 3242 1986 3242 1987 3243 1982 3243 1981 3243 1982 3244 1983 3244 1986 3244 1987 3245 1983 3245 1982 3245 1983 3246 1984 3246 1986 3246 1987 3247 1984 3247 1983 3247 1984 3248 1985 3248 1986 3248 1987 3249 1985 3249 1984 3249 1985 3250 1980 3250 1986 3250 1987 3251 1980 3251 1985 3251 1988 3252 1989 3252 1995 3252 1988 3253 1995 3253 1994 3253 2000 3254 1989 3254 1988 3254 2001 3255 1994 3255 1995 3255 1989 3256 1990 3256 1996 3256 1989 3257 1996 3257 1995 3257 2000 3258 1990 3258 1989 3258 2001 3259 1995 3259 1996 3259 1990 3260 1991 3260 1997 3260 1990 3261 1997 3261 1996 3261 2000 3262 1991 3262 1990 3262 2001 3263 1996 3263 1997 3263 1991 3264 1992 3264 1998 3264 1991 3265 1998 3265 1997 3265 2000 3266 1992 3266 1991 3266 2001 3267 1997 3267 1998 3267 1992 3268 1993 3268 1999 3268 1992 3269 1999 3269 1998 3269 2000 3270 1993 3270 1992 3270 2001 3271 1998 3271 1999 3271 1993 3272 1988 3272 1994 3272 1993 3273 1994 3273 1999 3273 2000 3274 1988 3274 1993 3274 2001 3275 1999 3275 1994 3275 2002 3276 2003 3276 2008 3276 2009 3277 2003 3277 2002 3277 2003 3278 2004 3278 2008 3278 2009 3279 2004 3279 2003 3279 2004 3280 2005 3280 2008 3280 2009 3281 2005 3281 2004 3281 2005 3282 2006 3282 2008 3282 2009 3283 2006 3283 2005 3283 2006 3284 2007 3284 2008 3284 2009 3285 2007 3285 2006 3285 2007 3286 2002 3286 2008 3286 2009 3287 2002 3287 2007 3287 2010 3288 2011 3288 2017 3288 2010 3289 2017 3289 2016 3289 2022 3290 2011 3290 2010 3290 2023 3291 2016 3291 2017 3291 2011 3292 2012 3292 2018 3292 2011 3293 2018 3293 2017 3293 2022 3294 2012 3294 2011 3294 2023 3295 2017 3295 2018 3295 2012 3296 2013 3296 2019 3296 2012 3297 2019 3297 2018 3297 2022 3298 2013 3298 2012 3298 2023 3299 2018 3299 2019 3299 2013 3300 2014 3300 2020 3300 2013 3301 2020 3301 2019 3301 2022 3302 2014 3302 2013 3302 2023 3303 2019 3303 2020 3303 2014 3304 2015 3304 2021 3304 2014 3305 2021 3305 2020 3305 2022 3306 2015 3306 2014 3306 2023 3307 2020 3307 2021 3307 2015 3308 2010 3308 2016 3308 2015 3309 2016 3309 2021 3309 2022 3310 2010 3310 2015 3310 2023 3311 2021 3311 2016 3311 2024 3312 2025 3312 2030 3312 2031 3313 2025 3313 2024 3313 2025 3314 2026 3314 2030 3314 2031 3315 2026 3315 2025 3315 2026 3316 2027 3316 2030 3316 2031 3317 2027 3317 2026 3317 2027 3318 2028 3318 2030 3318 2031 3319 2028 3319 2027 3319 2028 3320 2029 3320 2030 3320 2031 3321 2029 3321 2028 3321 2029 3322 2024 3322 2030 3322 2031 3323 2024 3323 2029 3323 2032 3324 2033 3324 2039 3324 2032 3325 2039 3325 2038 3325 2044 3326 2033 3326 2032 3326 2045 3327 2038 3327 2039 3327 2033 3328 2034 3328 2040 3328 2033 3329 2040 3329 2039 3329 2044 3330 2034 3330 2033 3330 2045 3331 2039 3331 2040 3331 2034 3332 2035 3332 2041 3332 2034 3333 2041 3333 2040 3333 2044 3334 2035 3334 2034 3334 2045 3335 2040 3335 2041 3335 2035 3336 2036 3336 2042 3336 2035 3337 2042 3337 2041 3337 2044 3338 2036 3338 2035 3338 2045 3339 2041 3339 2042 3339 2036 3340 2037 3340 2043 3340 2036 3341 2043 3341 2042 3341 2044 3342 2037 3342 2036 3342 2045 3343 2042 3343 2043 3343 2037 3344 2032 3344 2038 3344 2037 3345 2038 3345 2043 3345 2044 3346 2032 3346 2037 3346 2045 3347 2043 3347 2038 3347 2046 3348 2047 3348 2052 3348 2053 3349 2047 3349 2046 3349 2047 3350 2048 3350 2052 3350 2053 3351 2048 3351 2047 3351 2048 3352 2049 3352 2052 3352 2053 3353 2049 3353 2048 3353 2049 3354 2050 3354 2052 3354 2053 3355 2050 3355 2049 3355 2050 3356 2051 3356 2052 3356 2053 3357 2051 3357 2050 3357 2051 3358 2046 3358 2052 3358 2053 3359 2046 3359 2051 3359 2054 3360 2055 3360 2061 3360 2054 3361 2061 3361 2060 3361 2066 3362 2055 3362 2054 3362 2067 3363 2060 3363 2061 3363 2055 3364 2056 3364 2062 3364 2055 3365 2062 3365 2061 3365 2066 3366 2056 3366 2055 3366 2067 3367 2061 3367 2062 3367 2056 3368 2057 3368 2063 3368 2056 3369 2063 3369 2062 3369 2066 3370 2057 3370 2056 3370 2067 3371 2062 3371 2063 3371 2057 3372 2058 3372 2064 3372 2057 3373 2064 3373 2063 3373 2066 3374 2058 3374 2057 3374 2067 3375 2063 3375 2064 3375 2058 3376 2059 3376 2065 3376 2058 3377 2065 3377 2064 3377 2066 3378 2059 3378 2058 3378 2067 3379 2064 3379 2065 3379 2059 3380 2054 3380 2060 3380 2059 3381 2060 3381 2065 3381 2066 3382 2054 3382 2059 3382 2067 3383 2065 3383 2060 3383 2068 3384 2069 3384 2074 3384 2075 3385 2069 3385 2068 3385 2069 3386 2070 3386 2074 3386 2075 3387 2070 3387 2069 3387 2070 3388 2071 3388 2074 3388 2075 3389 2071 3389 2070 3389 2071 3390 2072 3390 2074 3390 2075 3391 2072 3391 2071 3391 2072 3392 2073 3392 2074 3392 2075 3393 2073 3393 2072 3393 2073 3394 2068 3394 2074 3394 2075 3395 2068 3395 2073 3395 2076 3396 2077 3396 2083 3396 2076 3397 2083 3397 2082 3397 2088 3398 2077 3398 2076 3398 2089 3399 2082 3399 2083 3399 2077 3400 2078 3400 2084 3400 2077 3401 2084 3401 2083 3401 2088 3402 2078 3402 2077 3402 2089 3403 2083 3403 2084 3403 2078 3404 2079 3404 2085 3404 2078 3405 2085 3405 2084 3405 2088 3406 2079 3406 2078 3406 2089 3407 2084 3407 2085 3407 2079 3408 2080 3408 2086 3408 2079 3409 2086 3409 2085 3409 2088 3410 2080 3410 2079 3410 2089 3411 2085 3411 2086 3411 2080 3412 2081 3412 2087 3412 2080 3413 2087 3413 2086 3413 2088 3414 2081 3414 2080 3414 2089 3415 2086 3415 2087 3415 2081 3416 2076 3416 2082 3416 2081 3417 2082 3417 2087 3417 2088 3418 2076 3418 2081 3418 2089 3419 2087 3419 2082 3419 2090 3420 2091 3420 2096 3420 2097 3421 2091 3421 2090 3421 2091 3422 2092 3422 2096 3422 2097 3423 2092 3423 2091 3423 2092 3424 2093 3424 2096 3424 2097 3425 2093 3425 2092 3425 2093 3426 2094 3426 2096 3426 2097 3427 2094 3427 2093 3427 2094 3428 2095 3428 2096 3428 2097 3429 2095 3429 2094 3429 2095 3430 2090 3430 2096 3430 2097 3431 2090 3431 2095 3431 2098 3432 2099 3432 2105 3432 2098 3433 2105 3433 2104 3433 2110 3434 2099 3434 2098 3434 2111 3435 2104 3435 2105 3435 2099 3436 2100 3436 2106 3436 2099 3437 2106 3437 2105 3437 2110 3438 2100 3438 2099 3438 2111 3439 2105 3439 2106 3439 2100 3440 2101 3440 2107 3440 2100 3441 2107 3441 2106 3441 2110 3442 2101 3442 2100 3442 2111 3443 2106 3443 2107 3443 2101 3444 2102 3444 2108 3444 2101 3445 2108 3445 2107 3445 2110 3446 2102 3446 2101 3446 2111 3447 2107 3447 2108 3447 2102 3448 2103 3448 2109 3448 2102 3449 2109 3449 2108 3449 2110 3450 2103 3450 2102 3450 2111 3451 2108 3451 2109 3451 2103 3452 2098 3452 2104 3452 2103 3453 2104 3453 2109 3453 2110 3454 2098 3454 2103 3454 2111 3455 2109 3455 2104 3455 2112 3456 2113 3456 2118 3456 2119 3457 2113 3457 2112 3457 2113 3458 2114 3458 2118 3458 2119 3459 2114 3459 2113 3459 2114 3460 2115 3460 2118 3460 2119 3461 2115 3461 2114 3461 2115 3462 2116 3462 2118 3462 2119 3463 2116 3463 2115 3463 2116 3464 2117 3464 2118 3464 2119 3465 2117 3465 2116 3465 2117 3466 2112 3466 2118 3466 2119 3467 2112 3467 2117 3467 2120 3468 2121 3468 2127 3468 2120 3469 2127 3469 2126 3469 2132 3470 2121 3470 2120 3470 2133 3471 2126 3471 2127 3471 2121 3472 2122 3472 2128 3472 2121 3473 2128 3473 2127 3473 2132 3474 2122 3474 2121 3474 2133 3475 2127 3475 2128 3475 2122 3476 2123 3476 2129 3476 2122 3477 2129 3477 2128 3477 2132 3478 2123 3478 2122 3478 2133 3479 2128 3479 2129 3479 2123 3480 2124 3480 2130 3480 2123 3481 2130 3481 2129 3481 2132 3482 2124 3482 2123 3482 2133 3483 2129 3483 2130 3483 2124 3484 2125 3484 2131 3484 2124 3485 2131 3485 2130 3485 2132 3486 2125 3486 2124 3486 2133 3487 2130 3487 2131 3487 2125 3488 2120 3488 2126 3488 2125 3489 2126 3489 2131 3489 2132 3490 2120 3490 2125 3490 2133 3491 2131 3491 2126 3491 2134 3492 2135 3492 2140 3492 2141 3493 2135 3493 2134 3493 2135 3494 2136 3494 2140 3494 2141 3495 2136 3495 2135 3495 2136 3496 2137 3496 2140 3496 2141 3497 2137 3497 2136 3497 2137 3498 2138 3498 2140 3498 2141 3499 2138 3499 2137 3499 2138 3500 2139 3500 2140 3500 2141 3501 2139 3501 2138 3501 2139 3502 2134 3502 2140 3502 2141 3503 2134 3503 2139 3503 2142 3504 2143 3504 2149 3504 2142 3505 2149 3505 2148 3505 2154 3506 2143 3506 2142 3506 2155 3507 2148 3507 2149 3507 2143 3508 2144 3508 2150 3508 2143 3509 2150 3509 2149 3509 2154 3510 2144 3510 2143 3510 2155 3511 2149 3511 2150 3511 2144 3512 2145 3512 2151 3512 2144 3513 2151 3513 2150 3513 2154 3514 2145 3514 2144 3514 2155 3515 2150 3515 2151 3515 2145 3516 2146 3516 2152 3516 2145 3517 2152 3517 2151 3517 2154 3518 2146 3518 2145 3518 2155 3519 2151 3519 2152 3519 2146 3520 2147 3520 2153 3520 2146 3521 2153 3521 2152 3521 2154 3522 2147 3522 2146 3522 2155 3523 2152 3523 2153 3523 2147 3524 2142 3524 2148 3524 2147 3525 2148 3525 2153 3525 2154 3526 2142 3526 2147 3526 2155 3527 2153 3527 2148 3527 2156 3528 2157 3528 2162 3528 2163 3529 2157 3529 2156 3529 2157 3530 2158 3530 2162 3530 2163 3531 2158 3531 2157 3531 2158 3532 2159 3532 2162 3532 2163 3533 2159 3533 2158 3533 2159 3534 2160 3534 2162 3534 2163 3535 2160 3535 2159 3535 2160 3536 2161 3536 2162 3536 2163 3537 2161 3537 2160 3537 2161 3538 2156 3538 2162 3538 2163 3539 2156 3539 2161 3539 2164 3540 2165 3540 2171 3540 2164 3541 2171 3541 2170 3541 2176 3542 2165 3542 2164 3542 2177 3543 2170 3543 2171 3543 2165 3544 2166 3544 2172 3544 2165 3545 2172 3545 2171 3545 2176 3546 2166 3546 2165 3546 2177 3547 2171 3547 2172 3547 2166 3548 2167 3548 2173 3548 2166 3549 2173 3549 2172 3549 2176 3550 2167 3550 2166 3550 2177 3551 2172 3551 2173 3551 2167 3552 2168 3552 2174 3552 2167 3553 2174 3553 2173 3553 2176 3554 2168 3554 2167 3554 2177 3555 2173 3555 2174 3555 2168 3556 2169 3556 2175 3556 2168 3557 2175 3557 2174 3557 2176 3558 2169 3558 2168 3558 2177 3559 2174 3559 2175 3559 2169 3560 2164 3560 2170 3560 2169 3561 2170 3561 2175 3561 2176 3562 2164 3562 2169 3562 2177 3563 2175 3563 2170 3563 2178 3564 2179 3564 2184 3564 2185 3565 2179 3565 2178 3565 2179 3566 2180 3566 2184 3566 2185 3567 2180 3567 2179 3567 2180 3568 2181 3568 2184 3568 2185 3569 2181 3569 2180 3569 2181 3570 2182 3570 2184 3570 2185 3571 2182 3571 2181 3571 2182 3572 2183 3572 2184 3572 2185 3573 2183 3573 2182 3573 2183 3574 2178 3574 2184 3574 2185 3575 2178 3575 2183 3575 2186 3576 2187 3576 2193 3576 2186 3577 2193 3577 2192 3577 2198 3578 2187 3578 2186 3578 2199 3579 2192 3579 2193 3579 2187 3580 2188 3580 2194 3580 2187 3581 2194 3581 2193 3581 2198 3582 2188 3582 2187 3582 2199 3583 2193 3583 2194 3583 2188 3584 2189 3584 2195 3584 2188 3585 2195 3585 2194 3585 2198 3586 2189 3586 2188 3586 2199 3587 2194 3587 2195 3587 2189 3588 2190 3588 2196 3588 2189 3589 2196 3589 2195 3589 2198 3590 2190 3590 2189 3590 2199 3591 2195 3591 2196 3591 2190 3592 2191 3592 2197 3592 2190 3593 2197 3593 2196 3593 2198 3594 2191 3594 2190 3594 2199 3595 2196 3595 2197 3595 2191 3596 2186 3596 2192 3596 2191 3597 2192 3597 2197 3597 2198 3598 2186 3598 2191 3598 2199 3599 2197 3599 2192 3599 2200 3600 2201 3600 2206 3600 2207 3601 2201 3601 2200 3601 2201 3602 2202 3602 2206 3602 2207 3603 2202 3603 2201 3603 2202 3604 2203 3604 2206 3604 2207 3605 2203 3605 2202 3605 2203 3606 2204 3606 2206 3606 2207 3607 2204 3607 2203 3607 2204 3608 2205 3608 2206 3608 2207 3609 2205 3609 2204 3609 2205 3610 2200 3610 2206 3610 2207 3611 2200 3611 2205 3611 2208 3612 2209 3612 2215 3612 2208 3613 2215 3613 2214 3613 2220 3614 2209 3614 2208 3614 2221 3615 2214 3615 2215 3615 2209 3616 2210 3616 2216 3616 2209 3617 2216 3617 2215 3617 2220 3618 2210 3618 2209 3618 2221 3619 2215 3619 2216 3619 2210 3620 2211 3620 2217 3620 2210 3621 2217 3621 2216 3621 2220 3622 2211 3622 2210 3622 2221 3623 2216 3623 2217 3623 2211 3624 2212 3624 2218 3624 2211 3625 2218 3625 2217 3625 2220 3626 2212 3626 2211 3626 2221 3627 2217 3627 2218 3627 2212 3628 2213 3628 2219 3628 2212 3629 2219 3629 2218 3629 2220 3630 2213 3630 2212 3630 2221 3631 2218 3631 2219 3631 2213 3632 2208 3632 2214 3632 2213 3633 2214 3633 2219 3633 2220 3634 2208 3634 2213 3634 2221 3635 2219 3635 2214 3635 2222 3636 2223 3636 2228 3636 2229 3637 2223 3637 2222 3637 2223 3638 2224 3638 2228 3638 2229 3639 2224 3639 2223 3639 2224 3640 2225 3640 2228 3640 2229 3641 2225 3641 2224 3641 2225 3642 2226 3642 2228 3642 2229 3643 2226 3643 2225 3643 2226 3644 2227 3644 2228 3644 2229 3645 2227 3645 2226 3645 2227 3646 2222 3646 2228 3646 2229 3647 2222 3647 2227 3647 2230 3648 2231 3648 2237 3648 2230 3649 2237 3649 2236 3649 2242 3650 2231 3650 2230 3650 2243 3651 2236 3651 2237 3651 2231 3652 2232 3652 2238 3652 2231 3653 2238 3653 2237 3653 2242 3654 2232 3654 2231 3654 2243 3655 2237 3655 2238 3655 2232 3656 2233 3656 2239 3656 2232 3657 2239 3657 2238 3657 2242 3658 2233 3658 2232 3658 2243 3659 2238 3659 2239 3659 2233 3660 2234 3660 2240 3660 2233 3661 2240 3661 2239 3661 2242 3662 2234 3662 2233 3662 2243 3663 2239 3663 2240 3663 2234 3664 2235 3664 2241 3664 2234 3665 2241 3665 2240 3665 2242 3666 2235 3666 2234 3666 2243 3667 2240 3667 2241 3667 2235 3668 2230 3668 2236 3668 2235 3669 2236 3669 2241 3669 2242 3670 2230 3670 2235 3670 2243 3671 2241 3671 2236 3671 2244 3672 2245 3672 2250 3672 2251 3673 2245 3673 2244 3673 2245 3674 2246 3674 2250 3674 2251 3675 2246 3675 2245 3675 2246 3676 2247 3676 2250 3676 2251 3677 2247 3677 2246 3677 2247 3678 2248 3678 2250 3678 2251 3679 2248 3679 2247 3679 2248 3680 2249 3680 2250 3680 2251 3681 2249 3681 2248 3681 2249 3682 2244 3682 2250 3682 2251 3683 2244 3683 2249 3683 2252 3684 2253 3684 2259 3684 2252 3685 2259 3685 2258 3685 2264 3686 2253 3686 2252 3686 2265 3687 2258 3687 2259 3687 2253 3688 2254 3688 2260 3688 2253 3689 2260 3689 2259 3689 2264 3690 2254 3690 2253 3690 2265 3691 2259 3691 2260 3691 2254 3692 2255 3692 2261 3692 2254 3693 2261 3693 2260 3693 2264 3694 2255 3694 2254 3694 2265 3695 2260 3695 2261 3695 2255 3696 2256 3696 2262 3696 2255 3697 2262 3697 2261 3697 2264 3698 2256 3698 2255 3698 2265 3699 2261 3699 2262 3699 2256 3700 2257 3700 2263 3700 2256 3701 2263 3701 2262 3701 2264 3702 2257 3702 2256 3702 2265 3703 2262 3703 2263 3703 2257 3704 2252 3704 2258 3704 2257 3705 2258 3705 2263 3705 2264 3706 2252 3706 2257 3706 2265 3707 2263 3707 2258 3707 2266 3708 2267 3708 2272 3708 2273 3709 2267 3709 2266 3709 2267 3710 2268 3710 2272 3710 2273 3711 2268 3711 2267 3711 2268 3712 2269 3712 2272 3712 2273 3713 2269 3713 2268 3713 2269 3714 2270 3714 2272 3714 2273 3715 2270 3715 2269 3715 2270 3716 2271 3716 2272 3716 2273 3717 2271 3717 2270 3717 2271 3718 2266 3718 2272 3718 2273 3719 2266 3719 2271 3719 2274 3720 2275 3720 2281 3720 2274 3721 2281 3721 2280 3721 2286 3722 2275 3722 2274 3722 2287 3723 2280 3723 2281 3723 2275 3724 2276 3724 2282 3724 2275 3725 2282 3725 2281 3725 2286 3726 2276 3726 2275 3726 2287 3727 2281 3727 2282 3727 2276 3728 2277 3728 2283 3728 2276 3729 2283 3729 2282 3729 2286 3730 2277 3730 2276 3730 2287 3731 2282 3731 2283 3731 2277 3732 2278 3732 2284 3732 2277 3733 2284 3733 2283 3733 2286 3734 2278 3734 2277 3734 2287 3735 2283 3735 2284 3735 2278 3736 2279 3736 2285 3736 2278 3737 2285 3737 2284 3737 2286 3738 2279 3738 2278 3738 2287 3739 2284 3739 2285 3739 2279 3740 2274 3740 2280 3740 2279 3741 2280 3741 2285 3741 2286 3742 2274 3742 2279 3742 2287 3743 2285 3743 2280 3743 2288 3744 2289 3744 2294 3744 2295 3745 2289 3745 2288 3745 2289 3746 2290 3746 2294 3746 2295 3747 2290 3747 2289 3747 2290 3748 2291 3748 2294 3748 2295 3749 2291 3749 2290 3749 2291 3750 2292 3750 2294 3750 2295 3751 2292 3751 2291 3751 2292 3752 2293 3752 2294 3752 2295 3753 2293 3753 2292 3753 2293 3754 2288 3754 2294 3754 2295 3755 2288 3755 2293 3755 2296 3756 2297 3756 2303 3756 2296 3757 2303 3757 2302 3757 2308 3758 2297 3758 2296 3758 2309 3759 2302 3759 2303 3759 2297 3760 2298 3760 2304 3760 2297 3761 2304 3761 2303 3761 2308 3762 2298 3762 2297 3762 2309 3763 2303 3763 2304 3763 2298 3764 2299 3764 2305 3764 2298 3765 2305 3765 2304 3765 2308 3766 2299 3766 2298 3766 2309 3767 2304 3767 2305 3767 2299 3768 2300 3768 2306 3768 2299 3769 2306 3769 2305 3769 2308 3770 2300 3770 2299 3770 2309 3771 2305 3771 2306 3771 2300 3772 2301 3772 2307 3772 2300 3773 2307 3773 2306 3773 2308 3774 2301 3774 2300 3774 2309 3775 2306 3775 2307 3775 2301 3776 2296 3776 2302 3776 2301 3777 2302 3777 2307 3777 2308 3778 2296 3778 2301 3778 2309 3779 2307 3779 2302 3779 2310 3780 2311 3780 2316 3780 2317 3781 2311 3781 2310 3781 2311 3782 2312 3782 2316 3782 2317 3783 2312 3783 2311 3783 2312 3784 2313 3784 2316 3784 2317 3785 2313 3785 2312 3785 2313 3786 2314 3786 2316 3786 2317 3787 2314 3787 2313 3787 2314 3788 2315 3788 2316 3788 2317 3789 2315 3789 2314 3789 2315 3790 2310 3790 2316 3790 2317 3791 2310 3791 2315 3791 2318 3792 2319 3792 2325 3792 2318 3793 2325 3793 2324 3793 2330 3794 2319 3794 2318 3794 2331 3795 2324 3795 2325 3795 2319 3796 2320 3796 2326 3796 2319 3797 2326 3797 2325 3797 2330 3798 2320 3798 2319 3798 2331 3799 2325 3799 2326 3799 2320 3800 2321 3800 2327 3800 2320 3801 2327 3801 2326 3801 2330 3802 2321 3802 2320 3802 2331 3803 2326 3803 2327 3803 2321 3804 2322 3804 2328 3804 2321 3805 2328 3805 2327 3805 2330 3806 2322 3806 2321 3806 2331 3807 2327 3807 2328 3807 2322 3808 2323 3808 2329 3808 2322 3809 2329 3809 2328 3809 2330 3810 2323 3810 2322 3810 2331 3811 2328 3811 2329 3811 2323 3812 2318 3812 2324 3812 2323 3813 2324 3813 2329 3813 2330 3814 2318 3814 2323 3814 2331 3815 2329 3815 2324 3815 2332 3816 2333 3816 2338 3816 2339 3817 2333 3817 2332 3817 2333 3818 2334 3818 2338 3818 2339 3819 2334 3819 2333 3819 2334 3820 2335 3820 2338 3820 2339 3821 2335 3821 2334 3821 2335 3822 2336 3822 2338 3822 2339 3823 2336 3823 2335 3823 2336 3824 2337 3824 2338 3824 2339 3825 2337 3825 2336 3825 2337 3826 2332 3826 2338 3826 2339 3827 2332 3827 2337 3827 2340 3828 2341 3828 2347 3828 2340 3829 2347 3829 2346 3829 2352 3830 2341 3830 2340 3830 2353 3831 2346 3831 2347 3831 2341 3832 2342 3832 2348 3832 2341 3833 2348 3833 2347 3833 2352 3834 2342 3834 2341 3834 2353 3835 2347 3835 2348 3835 2342 3836 2343 3836 2349 3836 2342 3837 2349 3837 2348 3837 2352 3838 2343 3838 2342 3838 2353 3839 2348 3839 2349 3839 2343 3840 2344 3840 2350 3840 2343 3841 2350 3841 2349 3841 2352 3842 2344 3842 2343 3842 2353 3843 2349 3843 2350 3843 2344 3844 2345 3844 2351 3844 2344 3845 2351 3845 2350 3845 2352 3846 2345 3846 2344 3846 2353 3847 2350 3847 2351 3847 2345 3848 2340 3848 2346 3848 2345 3849 2346 3849 2351 3849 2352 3850 2340 3850 2345 3850 2353 3851 2351 3851 2346 3851 2354 3852 2355 3852 2360 3852 2361 3853 2355 3853 2354 3853 2355 3854 2356 3854 2360 3854 2361 3855 2356 3855 2355 3855 2356 3856 2357 3856 2360 3856 2361 3857 2357 3857 2356 3857 2357 3858 2358 3858 2360 3858 2361 3859 2358 3859 2357 3859 2358 3860 2359 3860 2360 3860 2361 3861 2359 3861 2358 3861 2359 3862 2354 3862 2360 3862 2361 3863 2354 3863 2359 3863 2362 3864 2363 3864 2369 3864 2362 3865 2369 3865 2368 3865 2374 3866 2363 3866 2362 3866 2375 3867 2368 3867 2369 3867 2363 3868 2364 3868 2370 3868 2363 3869 2370 3869 2369 3869 2374 3870 2364 3870 2363 3870 2375 3871 2369 3871 2370 3871 2364 3872 2365 3872 2371 3872 2364 3873 2371 3873 2370 3873 2374 3874 2365 3874 2364 3874 2375 3875 2370 3875 2371 3875 2365 3876 2366 3876 2372 3876 2365 3877 2372 3877 2371 3877 2374 3878 2366 3878 2365 3878 2375 3879 2371 3879 2372 3879 2366 3880 2367 3880 2373 3880 2366 3881 2373 3881 2372 3881 2374 3882 2367 3882 2366 3882 2375 3883 2372 3883 2373 3883 2367 3884 2362 3884 2368 3884 2367 3885 2368 3885 2373 3885 2374 3886 2362 3886 2367 3886 2375 3887 2373 3887 2368 3887 2376 3888 2377 3888 2382 3888 2383 3889 2377 3889 2376 3889 2377 3890 2378 3890 2382 3890 2383 3891 2378 3891 2377 3891 2378 3892 2379 3892 2382 3892 2383 3893 2379 3893 2378 3893 2379 3894 2380 3894 2382 3894 2383 3895 2380 3895 2379 3895 2380 3896 2381 3896 2382 3896 2383 3897 2381 3897 2380 3897 2381 3898 2376 3898 2382 3898 2383 3899 2376 3899 2381 3899 2384 3900 2385 3900 2391 3900 2384 3901 2391 3901 2390 3901 2396 3902 2385 3902 2384 3902 2397 3903 2390 3903 2391 3903 2385 3904 2386 3904 2392 3904 2385 3905 2392 3905 2391 3905 2396 3906 2386 3906 2385 3906 2397 3907 2391 3907 2392 3907 2386 3908 2387 3908 2393 3908 2386 3909 2393 3909 2392 3909 2396 3910 2387 3910 2386 3910 2397 3911 2392 3911 2393 3911 2387 3912 2388 3912 2394 3912 2387 3913 2394 3913 2393 3913 2396 3914 2388 3914 2387 3914 2397 3915 2393 3915 2394 3915 2388 3916 2389 3916 2395 3916 2388 3917 2395 3917 2394 3917 2396 3918 2389 3918 2388 3918 2397 3919 2394 3919 2395 3919 2389 3920 2384 3920 2390 3920 2389 3921 2390 3921 2395 3921 2396 3922 2384 3922 2389 3922 2397 3923 2395 3923 2390 3923 2398 3924 2399 3924 2404 3924 2405 3925 2399 3925 2398 3925 2399 3926 2400 3926 2404 3926 2405 3927 2400 3927 2399 3927 2400 3928 2401 3928 2404 3928 2405 3929 2401 3929 2400 3929 2401 3930 2402 3930 2404 3930 2405 3931 2402 3931 2401 3931 2402 3932 2403 3932 2404 3932 2405 3933 2403 3933 2402 3933 2403 3934 2398 3934 2404 3934 2405 3935 2398 3935 2403 3935 2406 3936 2407 3936 2413 3936 2406 3937 2413 3937 2412 3937 2418 3938 2407 3938 2406 3938 2419 3939 2412 3939 2413 3939 2407 3940 2408 3940 2414 3940 2407 3941 2414 3941 2413 3941 2418 3942 2408 3942 2407 3942 2419 3943 2413 3943 2414 3943 2408 3944 2409 3944 2415 3944 2408 3945 2415 3945 2414 3945 2418 3946 2409 3946 2408 3946 2419 3947 2414 3947 2415 3947 2409 3948 2410 3948 2416 3948 2409 3949 2416 3949 2415 3949 2418 3950 2410 3950 2409 3950 2419 3951 2415 3951 2416 3951 2410 3952 2411 3952 2417 3952 2410 3953 2417 3953 2416 3953 2418 3954 2411 3954 2410 3954 2419 3955 2416 3955 2417 3955 2411 3956 2406 3956 2412 3956 2411 3957 2412 3957 2417 3957 2418 3958 2406 3958 2411 3958 2419 3959 2417 3959 2412 3959 2420 3960 2421 3960 2426 3960 2427 3961 2421 3961 2420 3961 2421 3962 2422 3962 2426 3962 2427 3963 2422 3963 2421 3963 2422 3964 2423 3964 2426 3964 2427 3965 2423 3965 2422 3965 2423 3966 2424 3966 2426 3966 2427 3967 2424 3967 2423 3967 2424 3968 2425 3968 2426 3968 2427 3969 2425 3969 2424 3969 2425 3970 2420 3970 2426 3970 2427 3971 2420 3971 2425 3971 2428 3972 2429 3972 2435 3972 2428 3973 2435 3973 2434 3973 2440 3974 2429 3974 2428 3974 2441 3975 2434 3975 2435 3975 2429 3976 2430 3976 2436 3976 2429 3977 2436 3977 2435 3977 2440 3978 2430 3978 2429 3978 2441 3979 2435 3979 2436 3979 2430 3980 2431 3980 2437 3980 2430 3981 2437 3981 2436 3981 2440 3982 2431 3982 2430 3982 2441 3983 2436 3983 2437 3983 2431 3984 2432 3984 2438 3984 2431 3985 2438 3985 2437 3985 2440 3986 2432 3986 2431 3986 2441 3987 2437 3987 2438 3987 2432 3988 2433 3988 2439 3988 2432 3989 2439 3989 2438 3989 2440 3990 2433 3990 2432 3990 2441 3991 2438 3991 2439 3991 2433 3992 2428 3992 2434 3992 2433 3993 2434 3993 2439 3993 2440 3994 2428 3994 2433 3994 2441 3995 2439 3995 2434 3995 2442 3996 2443 3996 2448 3996 2449 3997 2443 3997 2442 3997 2443 3998 2444 3998 2448 3998 2449 3999 2444 3999 2443 3999 2444 4000 2445 4000 2448 4000 2449 4001 2445 4001 2444 4001 2445 4002 2446 4002 2448 4002 2449 4003 2446 4003 2445 4003 2446 4004 2447 4004 2448 4004 2449 4005 2447 4005 2446 4005 2447 4006 2442 4006 2448 4006 2449 4007 2442 4007 2447 4007 2450 4008 2451 4008 2457 4008 2450 4009 2457 4009 2456 4009 2462 4010 2451 4010 2450 4010 2463 4011 2456 4011 2457 4011 2451 4012 2452 4012 2458 4012 2451 4013 2458 4013 2457 4013 2462 4014 2452 4014 2451 4014 2463 4015 2457 4015 2458 4015 2452 4016 2453 4016 2459 4016 2452 4017 2459 4017 2458 4017 2462 4018 2453 4018 2452 4018 2463 4019 2458 4019 2459 4019 2453 4020 2454 4020 2460 4020 2453 4021 2460 4021 2459 4021 2462 4022 2454 4022 2453 4022 2463 4023 2459 4023 2460 4023 2454 4024 2455 4024 2461 4024 2454 4025 2461 4025 2460 4025 2462 4026 2455 4026 2454 4026 2463 4027 2460 4027 2461 4027 2455 4028 2450 4028 2456 4028 2455 4029 2456 4029 2461 4029 2462 4030 2450 4030 2455 4030 2463 4031 2461 4031 2456 4031 2464 4032 2465 4032 2470 4032 2471 4033 2465 4033 2464 4033 2465 4034 2466 4034 2470 4034 2471 4035 2466 4035 2465 4035 2466 4036 2467 4036 2470 4036 2471 4037 2467 4037 2466 4037 2467 4038 2468 4038 2470 4038 2471 4039 2468 4039 2467 4039 2468 4040 2469 4040 2470 4040 2471 4041 2469 4041 2468 4041 2469 4042 2464 4042 2470 4042 2471 4043 2464 4043 2469 4043 2472 4044 2473 4044 2479 4044 2472 4045 2479 4045 2478 4045 2484 4046 2473 4046 2472 4046 2485 4047 2478 4047 2479 4047 2473 4048 2474 4048 2480 4048 2473 4049 2480 4049 2479 4049 2484 4050 2474 4050 2473 4050 2485 4051 2479 4051 2480 4051 2474 4052 2475 4052 2481 4052 2474 4053 2481 4053 2480 4053 2484 4054 2475 4054 2474 4054 2485 4055 2480 4055 2481 4055 2475 4056 2476 4056 2482 4056 2475 4057 2482 4057 2481 4057 2484 4058 2476 4058 2475 4058 2485 4059 2481 4059 2482 4059 2476 4060 2477 4060 2483 4060 2476 4061 2483 4061 2482 4061 2484 4062 2477 4062 2476 4062 2485 4063 2482 4063 2483 4063 2477 4064 2472 4064 2478 4064 2477 4065 2478 4065 2483 4065 2484 4066 2472 4066 2477 4066 2485 4067 2483 4067 2478 4067 2486 4068 2487 4068 2492 4068 2493 4069 2487 4069 2486 4069 2487 4070 2488 4070 2492 4070 2493 4071 2488 4071 2487 4071 2488 4072 2489 4072 2492 4072 2493 4073 2489 4073 2488 4073 2489 4074 2490 4074 2492 4074 2493 4075 2490 4075 2489 4075 2490 4076 2491 4076 2492 4076 2493 4077 2491 4077 2490 4077 2491 4078 2486 4078 2492 4078 2493 4079 2486 4079 2491 4079 2494 4080 2495 4080 2501 4080 2494 4081 2501 4081 2500 4081 2506 4082 2495 4082 2494 4082 2507 4083 2500 4083 2501 4083 2495 4084 2496 4084 2502 4084 2495 4085 2502 4085 2501 4085 2506 4086 2496 4086 2495 4086 2507 4087 2501 4087 2502 4087 2496 4088 2497 4088 2503 4088 2496 4089 2503 4089 2502 4089 2506 4090 2497 4090 2496 4090 2507 4091 2502 4091 2503 4091 2497 4092 2498 4092 2504 4092 2497 4093 2504 4093 2503 4093 2506 4094 2498 4094 2497 4094 2507 4095 2503 4095 2504 4095 2498 4096 2499 4096 2505 4096 2498 4097 2505 4097 2504 4097 2506 4098 2499 4098 2498 4098 2507 4099 2504 4099 2505 4099 2499 4100 2494 4100 2500 4100 2499 4101 2500 4101 2505 4101 2506 4102 2494 4102 2499 4102 2507 4103 2505 4103 2500 4103 2508 4104 2509 4104 2514 4104 2515 4105 2509 4105 2508 4105 2509 4106 2510 4106 2514 4106 2515 4107 2510 4107 2509 4107 2510 4108 2511 4108 2514 4108 2515 4109 2511 4109 2510 4109 2511 4110 2512 4110 2514 4110 2515 4111 2512 4111 2511 4111 2512 4112 2513 4112 2514 4112 2515 4113 2513 4113 2512 4113 2513 4114 2508 4114 2514 4114 2515 4115 2508 4115 2513 4115 2516 4116 2517 4116 2523 4116 2516 4117 2523 4117 2522 4117 2528 4118 2517 4118 2516 4118 2529 4119 2522 4119 2523 4119 2517 4120 2518 4120 2524 4120 2517 4121 2524 4121 2523 4121 2528 4122 2518 4122 2517 4122 2529 4123 2523 4123 2524 4123 2518 4124 2519 4124 2525 4124 2518 4125 2525 4125 2524 4125 2528 4126 2519 4126 2518 4126 2529 4127 2524 4127 2525 4127 2519 4128 2520 4128 2526 4128 2519 4129 2526 4129 2525 4129 2528 4130 2520 4130 2519 4130 2529 4131 2525 4131 2526 4131 2520 4132 2521 4132 2527 4132 2520 4133 2527 4133 2526 4133 2528 4134 2521 4134 2520 4134 2529 4135 2526 4135 2527 4135 2521 4136 2516 4136 2522 4136 2521 4137 2522 4137 2527 4137 2528 4138 2516 4138 2521 4138 2529 4139 2527 4139 2522 4139 2530 4140 2531 4140 2536 4140 2537 4141 2531 4141 2530 4141 2531 4142 2532 4142 2536 4142 2537 4143 2532 4143 2531 4143 2532 4144 2533 4144 2536 4144 2537 4145 2533 4145 2532 4145 2533 4146 2534 4146 2536 4146 2537 4147 2534 4147 2533 4147 2534 4148 2535 4148 2536 4148 2537 4149 2535 4149 2534 4149 2535 4150 2530 4150 2536 4150 2537 4151 2530 4151 2535 4151 2538 4152 2539 4152 2545 4152 2538 4153 2545 4153 2544 4153 2550 4154 2539 4154 2538 4154 2551 4155 2544 4155 2545 4155 2539 4156 2540 4156 2546 4156 2539 4157 2546 4157 2545 4157 2550 4158 2540 4158 2539 4158 2551 4159 2545 4159 2546 4159 2540 4160 2541 4160 2547 4160 2540 4161 2547 4161 2546 4161 2550 4162 2541 4162 2540 4162 2551 4163 2546 4163 2547 4163 2541 4164 2542 4164 2548 4164 2541 4165 2548 4165 2547 4165 2550 4166 2542 4166 2541 4166 2551 4167 2547 4167 2548 4167 2542 4168 2543 4168 2549 4168 2542 4169 2549 4169 2548 4169 2550 4170 2543 4170 2542 4170 2551 4171 2548 4171 2549 4171 2543 4172 2538 4172 2544 4172 2543 4173 2544 4173 2549 4173 2550 4174 2538 4174 2543 4174 2551 4175 2549 4175 2544 4175 2552 4176 2553 4176 2558 4176 2559 4177 2553 4177 2552 4177 2553 4178 2554 4178 2558 4178 2559 4179 2554 4179 2553 4179 2554 4180 2555 4180 2558 4180 2559 4181 2555 4181 2554 4181 2555 4182 2556 4182 2558 4182 2559 4183 2556 4183 2555 4183 2556 4184 2557 4184 2558 4184 2559 4185 2557 4185 2556 4185 2557 4186 2552 4186 2558 4186 2559 4187 2552 4187 2557 4187 2560 4188 2561 4188 2567 4188 2560 4189 2567 4189 2566 4189 2572 4190 2561 4190 2560 4190 2573 4191 2566 4191 2567 4191 2561 4192 2562 4192 2568 4192 2561 4193 2568 4193 2567 4193 2572 4194 2562 4194 2561 4194 2573 4195 2567 4195 2568 4195 2562 4196 2563 4196 2569 4196 2562 4197 2569 4197 2568 4197 2572 4198 2563 4198 2562 4198 2573 4199 2568 4199 2569 4199 2563 4200 2564 4200 2570 4200 2563 4201 2570 4201 2569 4201 2572 4202 2564 4202 2563 4202 2573 4203 2569 4203 2570 4203 2564 4204 2565 4204 2571 4204 2564 4205 2571 4205 2570 4205 2572 4206 2565 4206 2564 4206 2573 4207 2570 4207 2571 4207 2565 4208 2560 4208 2566 4208 2565 4209 2566 4209 2571 4209 2572 4210 2560 4210 2565 4210 2573 4211 2571 4211 2566 4211 2574 4212 2575 4212 2580 4212 2581 4213 2575 4213 2574 4213 2575 4214 2576 4214 2580 4214 2581 4215 2576 4215 2575 4215 2576 4216 2577 4216 2580 4216 2581 4217 2577 4217 2576 4217 2577 4218 2578 4218 2580 4218 2581 4219 2578 4219 2577 4219 2578 4220 2579 4220 2580 4220 2581 4221 2579 4221 2578 4221 2579 4222 2574 4222 2580 4222 2581 4223 2574 4223 2579 4223 2582 4224 2583 4224 2589 4224 2582 4225 2589 4225 2588 4225 2594 4226 2583 4226 2582 4226 2595 4227 2588 4227 2589 4227 2583 4228 2584 4228 2590 4228 2583 4229 2590 4229 2589 4229 2594 4230 2584 4230 2583 4230 2595 4231 2589 4231 2590 4231 2584 4232 2585 4232 2591 4232 2584 4233 2591 4233 2590 4233 2594 4234 2585 4234 2584 4234 2595 4235 2590 4235 2591 4235 2585 4236 2586 4236 2592 4236 2585 4237 2592 4237 2591 4237 2594 4238 2586 4238 2585 4238 2595 4239 2591 4239 2592 4239 2586 4240 2587 4240 2593 4240 2586 4241 2593 4241 2592 4241 2594 4242 2587 4242 2586 4242 2595 4243 2592 4243 2593 4243 2587 4244 2582 4244 2588 4244 2587 4245 2588 4245 2593 4245 2594 4246 2582 4246 2587 4246 2595 4247 2593 4247 2588 4247 2596 4248 2597 4248 2602 4248 2603 4249 2597 4249 2596 4249 2597 4250 2598 4250 2602 4250 2603 4251 2598 4251 2597 4251 2598 4252 2599 4252 2602 4252 2603 4253 2599 4253 2598 4253 2599 4254 2600 4254 2602 4254 2603 4255 2600 4255 2599 4255 2600 4256 2601 4256 2602 4256 2603 4257 2601 4257 2600 4257 2601 4258 2596 4258 2602 4258 2603 4259 2596 4259 2601 4259 2604 4260 2605 4260 2611 4260 2604 4261 2611 4261 2610 4261 2616 4262 2605 4262 2604 4262 2617 4263 2610 4263 2611 4263 2605 4264 2606 4264 2612 4264 2605 4265 2612 4265 2611 4265 2616 4266 2606 4266 2605 4266 2617 4267 2611 4267 2612 4267 2606 4268 2607 4268 2613 4268 2606 4269 2613 4269 2612 4269 2616 4270 2607 4270 2606 4270 2617 4271 2612 4271 2613 4271 2607 4272 2608 4272 2614 4272 2607 4273 2614 4273 2613 4273 2616 4274 2608 4274 2607 4274 2617 4275 2613 4275 2614 4275 2608 4276 2609 4276 2615 4276 2608 4277 2615 4277 2614 4277 2616 4278 2609 4278 2608 4278 2617 4279 2614 4279 2615 4279 2609 4280 2604 4280 2610 4280 2609 4281 2610 4281 2615 4281 2616 4282 2604 4282 2609 4282 2617 4283 2615 4283 2610 4283 2618 4284 2619 4284 2624 4284 2625 4285 2619 4285 2618 4285 2619 4286 2620 4286 2624 4286 2625 4287 2620 4287 2619 4287 2620 4288 2621 4288 2624 4288 2625 4289 2621 4289 2620 4289 2621 4290 2622 4290 2624 4290 2625 4291 2622 4291 2621 4291 2622 4292 2623 4292 2624 4292 2625 4293 2623 4293 2622 4293 2623 4294 2618 4294 2624 4294 2625 4295 2618 4295 2623 4295 2626 4296 2627 4296 2633 4296 2626 4297 2633 4297 2632 4297 2638 4298 2627 4298 2626 4298 2639 4299 2632 4299 2633 4299 2627 4300 2628 4300 2634 4300 2627 4301 2634 4301 2633 4301 2638 4302 2628 4302 2627 4302 2639 4303 2633 4303 2634 4303 2628 4304 2629 4304 2635 4304 2628 4305 2635 4305 2634 4305 2638 4306 2629 4306 2628 4306 2639 4307 2634 4307 2635 4307 2629 4308 2630 4308 2636 4308 2629 4309 2636 4309 2635 4309 2638 4310 2630 4310 2629 4310 2639 4311 2635 4311 2636 4311 2630 4312 2631 4312 2637 4312 2630 4313 2637 4313 2636 4313 2638 4314 2631 4314 2630 4314 2639 4315 2636 4315 2637 4315 2631 4316 2626 4316 2632 4316 2631 4317 2632 4317 2637 4317 2638 4318 2626 4318 2631 4318 2639 4319 2637 4319 2632 4319 2640 4320 2641 4320 2646 4320 2647 4321 2641 4321 2640 4321 2641 4322 2642 4322 2646 4322 2647 4323 2642 4323 2641 4323 2642 4324 2643 4324 2646 4324 2647 4325 2643 4325 2642 4325 2643 4326 2644 4326 2646 4326 2647 4327 2644 4327 2643 4327 2644 4328 2645 4328 2646 4328 2647 4329 2645 4329 2644 4329 2645 4330 2640 4330 2646 4330 2647 4331 2640 4331 2645 4331 2648 4332 2649 4332 2655 4332 2648 4333 2655 4333 2654 4333 2660 4334 2649 4334 2648 4334 2661 4335 2654 4335 2655 4335 2649 4336 2650 4336 2656 4336 2649 4337 2656 4337 2655 4337 2660 4338 2650 4338 2649 4338 2661 4339 2655 4339 2656 4339 2650 4340 2651 4340 2657 4340 2650 4341 2657 4341 2656 4341 2660 4342 2651 4342 2650 4342 2661 4343 2656 4343 2657 4343 2651 4344 2652 4344 2658 4344 2651 4345 2658 4345 2657 4345 2660 4346 2652 4346 2651 4346 2661 4347 2657 4347 2658 4347 2652 4348 2653 4348 2659 4348 2652 4349 2659 4349 2658 4349 2660 4350 2653 4350 2652 4350 2661 4351 2658 4351 2659 4351 2653 4352 2648 4352 2654 4352 2653 4353 2654 4353 2659 4353 2660 4354 2648 4354 2653 4354 2661 4355 2659 4355 2654 4355 2662 4356 2663 4356 2668 4356 2669 4357 2663 4357 2662 4357 2663 4358 2664 4358 2668 4358 2669 4359 2664 4359 2663 4359 2664 4360 2665 4360 2668 4360 2669 4361 2665 4361 2664 4361 2665 4362 2666 4362 2668 4362 2669 4363 2666 4363 2665 4363 2666 4364 2667 4364 2668 4364 2669 4365 2667 4365 2666 4365 2667 4366 2662 4366 2668 4366 2669 4367 2662 4367 2667 4367 2670 4368 2671 4368 2677 4368 2670 4369 2677 4369 2676 4369 2682 4370 2671 4370 2670 4370 2683 4371 2676 4371 2677 4371 2671 4372 2672 4372 2678 4372 2671 4373 2678 4373 2677 4373 2682 4374 2672 4374 2671 4374 2683 4375 2677 4375 2678 4375 2672 4376 2673 4376 2679 4376 2672 4377 2679 4377 2678 4377 2682 4378 2673 4378 2672 4378 2683 4379 2678 4379 2679 4379 2673 4380 2674 4380 2680 4380 2673 4381 2680 4381 2679 4381 2682 4382 2674 4382 2673 4382 2683 4383 2679 4383 2680 4383 2674 4384 2675 4384 2681 4384 2674 4385 2681 4385 2680 4385 2682 4386 2675 4386 2674 4386 2683 4387 2680 4387 2681 4387 2675 4388 2670 4388 2676 4388 2675 4389 2676 4389 2681 4389 2682 4390 2670 4390 2675 4390 2683 4391 2681 4391 2676 4391 2684 4392 2685 4392 2690 4392 2691 4393 2685 4393 2684 4393 2685 4394 2686 4394 2690 4394 2691 4395 2686 4395 2685 4395 2686 4396 2687 4396 2690 4396 2691 4397 2687 4397 2686 4397 2687 4398 2688 4398 2690 4398 2691 4399 2688 4399 2687 4399 2688 4400 2689 4400 2690 4400 2691 4401 2689 4401 2688 4401 2689 4402 2684 4402 2690 4402 2691 4403 2684 4403 2689 4403 2692 4404 2693 4404 2699 4404 2692 4405 2699 4405 2698 4405 2704 4406 2693 4406 2692 4406 2705 4407 2698 4407 2699 4407 2693 4408 2694 4408 2700 4408 2693 4409 2700 4409 2699 4409 2704 4410 2694 4410 2693 4410 2705 4411 2699 4411 2700 4411 2694 4412 2695 4412 2701 4412 2694 4413 2701 4413 2700 4413 2704 4414 2695 4414 2694 4414 2705 4415 2700 4415 2701 4415 2695 4416 2696 4416 2702 4416 2695 4417 2702 4417 2701 4417 2704 4418 2696 4418 2695 4418 2705 4419 2701 4419 2702 4419 2696 4420 2697 4420 2703 4420 2696 4421 2703 4421 2702 4421 2704 4422 2697 4422 2696 4422 2705 4423 2702 4423 2703 4423 2697 4424 2692 4424 2698 4424 2697 4425 2698 4425 2703 4425 2704 4426 2692 4426 2697 4426 2705 4427 2703 4427 2698 4427 2706 4428 2707 4428 2712 4428 2713 4429 2707 4429 2706 4429 2707 4430 2708 4430 2712 4430 2713 4431 2708 4431 2707 4431 2708 4432 2709 4432 2712 4432 2713 4433 2709 4433 2708 4433 2709 4434 2710 4434 2712 4434 2713 4435 2710 4435 2709 4435 2710 4436 2711 4436 2712 4436 2713 4437 2711 4437 2710 4437 2711 4438 2706 4438 2712 4438 2713 4439 2706 4439 2711 4439 2714 4440 2715 4440 2721 4440 2714 4441 2721 4441 2720 4441 2726 4442 2715 4442 2714 4442 2727 4443 2720 4443 2721 4443 2715 4444 2716 4444 2722 4444 2715 4445 2722 4445 2721 4445 2726 4446 2716 4446 2715 4446 2727 4447 2721 4447 2722 4447 2716 4448 2717 4448 2723 4448 2716 4449 2723 4449 2722 4449 2726 4450 2717 4450 2716 4450 2727 4451 2722 4451 2723 4451 2717 4452 2718 4452 2724 4452 2717 4453 2724 4453 2723 4453 2726 4454 2718 4454 2717 4454 2727 4455 2723 4455 2724 4455 2718 4456 2719 4456 2725 4456 2718 4457 2725 4457 2724 4457 2726 4458 2719 4458 2718 4458 2727 4459 2724 4459 2725 4459 2719 4460 2714 4460 2720 4460 2719 4461 2720 4461 2725 4461 2726 4462 2714 4462 2719 4462 2727 4463 2725 4463 2720 4463 2728 4464 2729 4464 2734 4464 2735 4465 2729 4465 2728 4465 2729 4466 2730 4466 2734 4466 2735 4467 2730 4467 2729 4467 2730 4468 2731 4468 2734 4468 2735 4469 2731 4469 2730 4469 2731 4470 2732 4470 2734 4470 2735 4471 2732 4471 2731 4471 2732 4472 2733 4472 2734 4472 2735 4473 2733 4473 2732 4473 2733 4474 2728 4474 2734 4474 2735 4475 2728 4475 2733 4475 2736 4476 2737 4476 2743 4476 2736 4477 2743 4477 2742 4477 2748 4478 2737 4478 2736 4478 2749 4479 2742 4479 2743 4479 2737 4480 2738 4480 2744 4480 2737 4481 2744 4481 2743 4481 2748 4482 2738 4482 2737 4482 2749 4483 2743 4483 2744 4483 2738 4484 2739 4484 2745 4484 2738 4485 2745 4485 2744 4485 2748 4486 2739 4486 2738 4486 2749 4487 2744 4487 2745 4487 2739 4488 2740 4488 2746 4488 2739 4489 2746 4489 2745 4489 2748 4490 2740 4490 2739 4490 2749 4491 2745 4491 2746 4491 2740 4492 2741 4492 2747 4492 2740 4493 2747 4493 2746 4493 2748 4494 2741 4494 2740 4494 2749 4495 2746 4495 2747 4495 2741 4496 2736 4496 2742 4496 2741 4497 2742 4497 2747 4497 2748 4498 2736 4498 2741 4498 2749 4499 2747 4499 2742 4499 2750 4500 2751 4500 2756 4500 2757 4501 2751 4501 2750 4501 2751 4502 2752 4502 2756 4502 2757 4503 2752 4503 2751 4503 2752 4504 2753 4504 2756 4504 2757 4505 2753 4505 2752 4505 2753 4506 2754 4506 2756 4506 2757 4507 2754 4507 2753 4507 2754 4508 2755 4508 2756 4508 2757 4509 2755 4509 2754 4509 2755 4510 2750 4510 2756 4510 2757 4511 2750 4511 2755 4511 2758 4512 2759 4512 2765 4512 2758 4513 2765 4513 2764 4513 2770 4514 2759 4514 2758 4514 2771 4515 2764 4515 2765 4515 2759 4516 2760 4516 2766 4516 2759 4517 2766 4517 2765 4517 2770 4518 2760 4518 2759 4518 2771 4519 2765 4519 2766 4519 2760 4520 2761 4520 2767 4520 2760 4521 2767 4521 2766 4521 2770 4522 2761 4522 2760 4522 2771 4523 2766 4523 2767 4523 2761 4524 2762 4524 2768 4524 2761 4525 2768 4525 2767 4525 2770 4526 2762 4526 2761 4526 2771 4527 2767 4527 2768 4527 2762 4528 2763 4528 2769 4528 2762 4529 2769 4529 2768 4529 2770 4530 2763 4530 2762 4530 2771 4531 2768 4531 2769 4531 2763 4532 2758 4532 2764 4532 2763 4533 2764 4533 2769 4533 2770 4534 2758 4534 2763 4534 2771 4535 2769 4535 2764 4535 2772 4536 2773 4536 2778 4536 2779 4537 2773 4537 2772 4537 2773 4538 2774 4538 2778 4538 2779 4539 2774 4539 2773 4539 2774 4540 2775 4540 2778 4540 2779 4541 2775 4541 2774 4541 2775 4542 2776 4542 2778 4542 2779 4543 2776 4543 2775 4543 2776 4544 2777 4544 2778 4544 2779 4545 2777 4545 2776 4545 2777 4546 2772 4546 2778 4546 2779 4547 2772 4547 2777 4547 2780 4548 2781 4548 2787 4548 2780 4549 2787 4549 2786 4549 2792 4550 2781 4550 2780 4550 2793 4551 2786 4551 2787 4551 2781 4552 2782 4552 2788 4552 2781 4553 2788 4553 2787 4553 2792 4554 2782 4554 2781 4554 2793 4555 2787 4555 2788 4555 2782 4556 2783 4556 2789 4556 2782 4557 2789 4557 2788 4557 2792 4558 2783 4558 2782 4558 2793 4559 2788 4559 2789 4559 2783 4560 2784 4560 2790 4560 2783 4561 2790 4561 2789 4561 2792 4562 2784 4562 2783 4562 2793 4563 2789 4563 2790 4563 2784 4564 2785 4564 2791 4564 2784 4565 2791 4565 2790 4565 2792 4566 2785 4566 2784 4566 2793 4567 2790 4567 2791 4567 2785 4568 2780 4568 2786 4568 2785 4569 2786 4569 2791 4569 2792 4570 2780 4570 2785 4570 2793 4571 2791 4571 2786 4571 2794 4572 2795 4572 2800 4572 2801 4573 2795 4573 2794 4573 2795 4574 2796 4574 2800 4574 2801 4575 2796 4575 2795 4575 2796 4576 2797 4576 2800 4576 2801 4577 2797 4577 2796 4577 2797 4578 2798 4578 2800 4578 2801 4579 2798 4579 2797 4579 2798 4580 2799 4580 2800 4580 2801 4581 2799 4581 2798 4581 2799 4582 2794 4582 2800 4582 2801 4583 2794 4583 2799 4583 2802 4584 2803 4584 2809 4584 2802 4585 2809 4585 2808 4585 2814 4586 2803 4586 2802 4586 2815 4587 2808 4587 2809 4587 2803 4588 2804 4588 2810 4588 2803 4589 2810 4589 2809 4589 2814 4590 2804 4590 2803 4590 2815 4591 2809 4591 2810 4591 2804 4592 2805 4592 2811 4592 2804 4593 2811 4593 2810 4593 2814 4594 2805 4594 2804 4594 2815 4595 2810 4595 2811 4595 2805 4596 2806 4596 2812 4596 2805 4597 2812 4597 2811 4597 2814 4598 2806 4598 2805 4598 2815 4599 2811 4599 2812 4599 2806 4600 2807 4600 2813 4600 2806 4601 2813 4601 2812 4601 2814 4602 2807 4602 2806 4602 2815 4603 2812 4603 2813 4603 2807 4604 2802 4604 2808 4604 2807 4605 2808 4605 2813 4605 2814 4606 2802 4606 2807 4606 2815 4607 2813 4607 2808 4607 2816 4608 2817 4608 2822 4608 2823 4609 2817 4609 2816 4609 2817 4610 2818 4610 2822 4610 2823 4611 2818 4611 2817 4611 2818 4612 2819 4612 2822 4612 2823 4613 2819 4613 2818 4613 2819 4614 2820 4614 2822 4614 2823 4615 2820 4615 2819 4615 2820 4616 2821 4616 2822 4616 2823 4617 2821 4617 2820 4617 2821 4618 2816 4618 2822 4618 2823 4619 2816 4619 2821 4619 2824 4620 2825 4620 2831 4620 2824 4621 2831 4621 2830 4621 2836 4622 2825 4622 2824 4622 2837 4623 2830 4623 2831 4623 2825 4624 2826 4624 2832 4624 2825 4625 2832 4625 2831 4625 2836 4626 2826 4626 2825 4626 2837 4627 2831 4627 2832 4627 2826 4628 2827 4628 2833 4628 2826 4629 2833 4629 2832 4629 2836 4630 2827 4630 2826 4630 2837 4631 2832 4631 2833 4631 2827 4632 2828 4632 2834 4632 2827 4633 2834 4633 2833 4633 2836 4634 2828 4634 2827 4634 2837 4635 2833 4635 2834 4635 2828 4636 2829 4636 2835 4636 2828 4637 2835 4637 2834 4637 2836 4638 2829 4638 2828 4638 2837 4639 2834 4639 2835 4639 2829 4640 2824 4640 2830 4640 2829 4641 2830 4641 2835 4641 2836 4642 2824 4642 2829 4642 2837 4643 2835 4643 2830 4643 2838 4644 2839 4644 2844 4644 2845 4645 2839 4645 2838 4645 2839 4646 2840 4646 2844 4646 2845 4647 2840 4647 2839 4647 2840 4648 2841 4648 2844 4648 2845 4649 2841 4649 2840 4649 2841 4650 2842 4650 2844 4650 2845 4651 2842 4651 2841 4651 2842 4652 2843 4652 2844 4652 2845 4653 2843 4653 2842 4653 2843 4654 2838 4654 2844 4654 2845 4655 2838 4655 2843 4655 2846 4656 2847 4656 2853 4656 2846 4657 2853 4657 2852 4657 2858 4658 2847 4658 2846 4658 2859 4659 2852 4659 2853 4659 2847 4660 2848 4660 2854 4660 2847 4661 2854 4661 2853 4661 2858 4662 2848 4662 2847 4662 2859 4663 2853 4663 2854 4663 2848 4664 2849 4664 2855 4664 2848 4665 2855 4665 2854 4665 2858 4666 2849 4666 2848 4666 2859 4667 2854 4667 2855 4667 2849 4668 2850 4668 2856 4668 2849 4669 2856 4669 2855 4669 2858 4670 2850 4670 2849 4670 2859 4671 2855 4671 2856 4671 2850 4672 2851 4672 2857 4672 2850 4673 2857 4673 2856 4673 2858 4674 2851 4674 2850 4674 2859 4675 2856 4675 2857 4675 2851 4676 2846 4676 2852 4676 2851 4677 2852 4677 2857 4677 2858 4678 2846 4678 2851 4678 2859 4679 2857 4679 2852 4679 2860 4680 2861 4680 2866 4680 2867 4681 2861 4681 2860 4681 2861 4682 2862 4682 2866 4682 2867 4683 2862 4683 2861 4683 2862 4684 2863 4684 2866 4684 2867 4685 2863 4685 2862 4685 2863 4686 2864 4686 2866 4686 2867 4687 2864 4687 2863 4687 2864 4688 2865 4688 2866 4688 2867 4689 2865 4689 2864 4689 2865 4690 2860 4690 2866 4690 2867 4691 2860 4691 2865 4691 2868 4692 2869 4692 2875 4692 2868 4693 2875 4693 2874 4693 2880 4694 2869 4694 2868 4694 2881 4695 2874 4695 2875 4695 2869 4696 2870 4696 2876 4696 2869 4697 2876 4697 2875 4697 2880 4698 2870 4698 2869 4698 2881 4699 2875 4699 2876 4699 2870 4700 2871 4700 2877 4700 2870 4701 2877 4701 2876 4701 2880 4702 2871 4702 2870 4702 2881 4703 2876 4703 2877 4703 2871 4704 2872 4704 2878 4704 2871 4705 2878 4705 2877 4705 2880 4706 2872 4706 2871 4706 2881 4707 2877 4707 2878 4707 2872 4708 2873 4708 2879 4708 2872 4709 2879 4709 2878 4709 2880 4710 2873 4710 2872 4710 2881 4711 2878 4711 2879 4711 2873 4712 2868 4712 2874 4712 2873 4713 2874 4713 2879 4713 2880 4714 2868 4714 2873 4714 2881 4715 2879 4715 2874 4715 2882 4716 2883 4716 2888 4716 2889 4717 2883 4717 2882 4717 2883 4718 2884 4718 2888 4718 2889 4719 2884 4719 2883 4719 2884 4720 2885 4720 2888 4720 2889 4721 2885 4721 2884 4721 2885 4722 2886 4722 2888 4722 2889 4723 2886 4723 2885 4723 2886 4724 2887 4724 2888 4724 2889 4725 2887 4725 2886 4725 2887 4726 2882 4726 2888 4726 2889 4727 2882 4727 2887 4727 2890 4728 2891 4728 2897 4728 2890 4729 2897 4729 2896 4729 2902 4730 2891 4730 2890 4730 2903 4731 2896 4731 2897 4731 2891 4732 2892 4732 2898 4732 2891 4733 2898 4733 2897 4733 2902 4734 2892 4734 2891 4734 2903 4735 2897 4735 2898 4735 2892 4736 2893 4736 2899 4736 2892 4737 2899 4737 2898 4737 2902 4738 2893 4738 2892 4738 2903 4739 2898 4739 2899 4739 2893 4740 2894 4740 2900 4740 2893 4741 2900 4741 2899 4741 2902 4742 2894 4742 2893 4742 2903 4743 2899 4743 2900 4743 2894 4744 2895 4744 2901 4744 2894 4745 2901 4745 2900 4745 2902 4746 2895 4746 2894 4746 2903 4747 2900 4747 2901 4747 2895 4748 2890 4748 2896 4748 2895 4749 2896 4749 2901 4749 2902 4750 2890 4750 2895 4750 2903 4751 2901 4751 2896 4751 2904 4752 2905 4752 2910 4752 2911 4753 2905 4753 2904 4753 2905 4754 2906 4754 2910 4754 2911 4755 2906 4755 2905 4755 2906 4756 2907 4756 2910 4756 2911 4757 2907 4757 2906 4757 2907 4758 2908 4758 2910 4758 2911 4759 2908 4759 2907 4759 2908 4760 2909 4760 2910 4760 2911 4761 2909 4761 2908 4761 2909 4762 2904 4762 2910 4762 2911 4763 2904 4763 2909 4763 2912 4764 2913 4764 2919 4764 2912 4765 2919 4765 2918 4765 2924 4766 2913 4766 2912 4766 2925 4767 2918 4767 2919 4767 2913 4768 2914 4768 2920 4768 2913 4769 2920 4769 2919 4769 2924 4770 2914 4770 2913 4770 2925 4771 2919 4771 2920 4771 2914 4772 2915 4772 2921 4772 2914 4773 2921 4773 2920 4773 2924 4774 2915 4774 2914 4774 2925 4775 2920 4775 2921 4775 2915 4776 2916 4776 2922 4776 2915 4777 2922 4777 2921 4777 2924 4778 2916 4778 2915 4778 2925 4779 2921 4779 2922 4779 2916 4780 2917 4780 2923 4780 2916 4781 2923 4781 2922 4781 2924 4782 2917 4782 2916 4782 2925 4783 2922 4783 2923 4783 2917 4784 2912 4784 2918 4784 2917 4785 2918 4785 2923 4785 2924 4786 2912 4786 2917 4786 2925 4787 2923 4787 2918 4787 2926 4788 2927 4788 2932 4788 2933 4789 2927 4789 2926 4789 2927 4790 2928 4790 2932 4790 2933 4791 2928 4791 2927 4791 2928 4792 2929 4792 2932 4792 2933 4793 2929 4793 2928 4793 2929 4794 2930 4794 2932 4794 2933 4795 2930 4795 2929 4795 2930 4796 2931 4796 2932 4796 2933 4797 2931 4797 2930 4797 2931 4798 2926 4798 2932 4798 2933 4799 2926 4799 2931 4799 2934 4800 2935 4800 2941 4800 2934 4801 2941 4801 2940 4801 2946 4802 2935 4802 2934 4802 2947 4803 2940 4803 2941 4803 2935 4804 2936 4804 2942 4804 2935 4805 2942 4805 2941 4805 2946 4806 2936 4806 2935 4806 2947 4807 2941 4807 2942 4807 2936 4808 2937 4808 2943 4808 2936 4809 2943 4809 2942 4809 2946 4810 2937 4810 2936 4810 2947 4811 2942 4811 2943 4811 2937 4812 2938 4812 2944 4812 2937 4813 2944 4813 2943 4813 2946 4814 2938 4814 2937 4814 2947 4815 2943 4815 2944 4815 2938 4816 2939 4816 2945 4816 2938 4817 2945 4817 2944 4817 2946 4818 2939 4818 2938 4818 2947 4819 2944 4819 2945 4819 2939 4820 2934 4820 2940 4820 2939 4821 2940 4821 2945 4821 2946 4822 2934 4822 2939 4822 2947 4823 2945 4823 2940 4823 2948 4824 2949 4824 2954 4824 2955 4825 2949 4825 2948 4825 2949 4826 2950 4826 2954 4826 2955 4827 2950 4827 2949 4827 2950 4828 2951 4828 2954 4828 2955 4829 2951 4829 2950 4829 2951 4830 2952 4830 2954 4830 2955 4831 2952 4831 2951 4831 2952 4832 2953 4832 2954 4832 2955 4833 2953 4833 2952 4833 2953 4834 2948 4834 2954 4834 2955 4835 2948 4835 2953 4835 2956 4836 2957 4836 2963 4836 2956 4837 2963 4837 2962 4837 2968 4838 2957 4838 2956 4838 2969 4839 2962 4839 2963 4839 2957 4840 2958 4840 2964 4840 2957 4841 2964 4841 2963 4841 2968 4842 2958 4842 2957 4842 2969 4843 2963 4843 2964 4843 2958 4844 2959 4844 2965 4844 2958 4845 2965 4845 2964 4845 2968 4846 2959 4846 2958 4846 2969 4847 2964 4847 2965 4847 2959 4848 2960 4848 2966 4848 2959 4849 2966 4849 2965 4849 2968 4850 2960 4850 2959 4850 2969 4851 2965 4851 2966 4851 2960 4852 2961 4852 2967 4852 2960 4853 2967 4853 2966 4853 2968 4854 2961 4854 2960 4854 2969 4855 2966 4855 2967 4855 2961 4856 2956 4856 2962 4856 2961 4857 2962 4857 2967 4857 2968 4858 2956 4858 2961 4858 2969 4859 2967 4859 2962 4859 2970 4860 2971 4860 2976 4860 2977 4861 2971 4861 2970 4861 2971 4862 2972 4862 2976 4862 2977 4863 2972 4863 2971 4863 2972 4864 2973 4864 2976 4864 2977 4865 2973 4865 2972 4865 2973 4866 2974 4866 2976 4866 2977 4867 2974 4867 2973 4867 2974 4868 2975 4868 2976 4868 2977 4869 2975 4869 2974 4869 2975 4870 2970 4870 2976 4870 2977 4871 2970 4871 2975 4871 2978 4872 2979 4872 2985 4872 2978 4873 2985 4873 2984 4873 2990 4874 2979 4874 2978 4874 2991 4875 2984 4875 2985 4875 2979 4876 2980 4876 2986 4876 2979 4877 2986 4877 2985 4877 2990 4878 2980 4878 2979 4878 2991 4879 2985 4879 2986 4879 2980 4880 2981 4880 2987 4880 2980 4881 2987 4881 2986 4881 2990 4882 2981 4882 2980 4882 2991 4883 2986 4883 2987 4883 2981 4884 2982 4884 2988 4884 2981 4885 2988 4885 2987 4885 2990 4886 2982 4886 2981 4886 2991 4887 2987 4887 2988 4887 2982 4888 2983 4888 2989 4888 2982 4889 2989 4889 2988 4889 2990 4890 2983 4890 2982 4890 2991 4891 2988 4891 2989 4891 2983 4892 2978 4892 2984 4892 2983 4893 2984 4893 2989 4893 2990 4894 2978 4894 2983 4894 2991 4895 2989 4895 2984 4895 2992 4896 2993 4896 2998 4896 2999 4897 2993 4897 2992 4897 2993 4898 2994 4898 2998 4898 2999 4899 2994 4899 2993 4899 2994 4900 2995 4900 2998 4900 2999 4901 2995 4901 2994 4901 2995 4902 2996 4902 2998 4902 2999 4903 2996 4903 2995 4903 2996 4904 2997 4904 2998 4904 2999 4905 2997 4905 2996 4905 2997 4906 2992 4906 2998 4906 2999 4907 2992 4907 2997 4907 3000 4908 3001 4908 3007 4908 3000 4909 3007 4909 3006 4909 3012 4910 3001 4910 3000 4910 3013 4911 3006 4911 3007 4911 3001 4912 3002 4912 3008 4912 3001 4913 3008 4913 3007 4913 3012 4914 3002 4914 3001 4914 3013 4915 3007 4915 3008 4915 3002 4916 3003 4916 3009 4916 3002 4917 3009 4917 3008 4917 3012 4918 3003 4918 3002 4918 3013 4919 3008 4919 3009 4919 3003 4920 3004 4920 3010 4920 3003 4921 3010 4921 3009 4921 3012 4922 3004 4922 3003 4922 3013 4923 3009 4923 3010 4923 3004 4924 3005 4924 3011 4924 3004 4925 3011 4925 3010 4925 3012 4926 3005 4926 3004 4926 3013 4927 3010 4927 3011 4927 3005 4928 3000 4928 3006 4928 3005 4929 3006 4929 3011 4929 3012 4930 3000 4930 3005 4930 3013 4931 3011 4931 3006 4931 3014 4932 3015 4932 3020 4932 3021 4933 3015 4933 3014 4933 3015 4934 3016 4934 3020 4934 3021 4935 3016 4935 3015 4935 3016 4936 3017 4936 3020 4936 3021 4937 3017 4937 3016 4937 3017 4938 3018 4938 3020 4938 3021 4939 3018 4939 3017 4939 3018 4940 3019 4940 3020 4940 3021 4941 3019 4941 3018 4941 3019 4942 3014 4942 3020 4942 3021 4943 3014 4943 3019 4943 3022 4944 3023 4944 3029 4944 3022 4945 3029 4945 3028 4945 3034 4946 3023 4946 3022 4946 3035 4947 3028 4947 3029 4947 3023 4948 3024 4948 3030 4948 3023 4949 3030 4949 3029 4949 3034 4950 3024 4950 3023 4950 3035 4951 3029 4951 3030 4951 3024 4952 3025 4952 3031 4952 3024 4953 3031 4953 3030 4953 3034 4954 3025 4954 3024 4954 3035 4955 3030 4955 3031 4955 3025 4956 3026 4956 3032 4956 3025 4957 3032 4957 3031 4957 3034 4958 3026 4958 3025 4958 3035 4959 3031 4959 3032 4959 3026 4960 3027 4960 3033 4960 3026 4961 3033 4961 3032 4961 3034 4962 3027 4962 3026 4962 3035 4963 3032 4963 3033 4963 3027 4964 3022 4964 3028 4964 3027 4965 3028 4965 3033 4965 3034 4966 3022 4966 3027 4966 3035 4967 3033 4967 3028 4967 3036 4968 3037 4968 3042 4968 3043 4969 3037 4969 3036 4969 3037 4970 3038 4970 3042 4970 3043 4971 3038 4971 3037 4971 3038 4972 3039 4972 3042 4972 3043 4973 3039 4973 3038 4973 3039 4974 3040 4974 3042 4974 3043 4975 3040 4975 3039 4975 3040 4976 3041 4976 3042 4976 3043 4977 3041 4977 3040 4977 3041 4978 3036 4978 3042 4978 3043 4979 3036 4979 3041 4979 3044 4980 3045 4980 3051 4980 3044 4981 3051 4981 3050 4981 3056 4982 3045 4982 3044 4982 3057 4983 3050 4983 3051 4983 3045 4984 3046 4984 3052 4984 3045 4985 3052 4985 3051 4985 3056 4986 3046 4986 3045 4986 3057 4987 3051 4987 3052 4987 3046 4988 3047 4988 3053 4988 3046 4989 3053 4989 3052 4989 3056 4990 3047 4990 3046 4990 3057 4991 3052 4991 3053 4991 3047 4992 3048 4992 3054 4992 3047 4993 3054 4993 3053 4993 3056 4994 3048 4994 3047 4994 3057 4995 3053 4995 3054 4995 3048 4996 3049 4996 3055 4996 3048 4997 3055 4997 3054 4997 3056 4998 3049 4998 3048 4998 3057 4999 3054 4999 3055 4999 3049 5000 3044 5000 3050 5000 3049 5001 3050 5001 3055 5001 3056 5002 3044 5002 3049 5002 3057 5003 3055 5003 3050 5003 3058 5004 3059 5004 3064 5004 3065 5005 3059 5005 3058 5005 3059 5006 3060 5006 3064 5006 3065 5007 3060 5007 3059 5007 3060 5008 3061 5008 3064 5008 3065 5009 3061 5009 3060 5009 3061 5010 3062 5010 3064 5010 3065 5011 3062 5011 3061 5011 3062 5012 3063 5012 3064 5012 3065 5013 3063 5013 3062 5013 3063 5014 3058 5014 3064 5014 3065 5015 3058 5015 3063 5015 3066 5016 3067 5016 3073 5016 3066 5017 3073 5017 3072 5017 3078 5018 3067 5018 3066 5018 3079 5019 3072 5019 3073 5019 3067 5020 3068 5020 3074 5020 3067 5021 3074 5021 3073 5021 3078 5022 3068 5022 3067 5022 3079 5023 3073 5023 3074 5023 3068 5024 3069 5024 3075 5024 3068 5025 3075 5025 3074 5025 3078 5026 3069 5026 3068 5026 3079 5027 3074 5027 3075 5027 3069 5028 3070 5028 3076 5028 3069 5029 3076 5029 3075 5029 3078 5030 3070 5030 3069 5030 3079 5031 3075 5031 3076 5031 3070 5032 3071 5032 3077 5032 3070 5033 3077 5033 3076 5033 3078 5034 3071 5034 3070 5034 3079 5035 3076 5035 3077 5035 3071 5036 3066 5036 3072 5036 3071 5037 3072 5037 3077 5037 3078 5038 3066 5038 3071 5038 3079 5039 3077 5039 3072 5039 3080 5040 3081 5040 3086 5040 3087 5041 3081 5041 3080 5041 3081 5042 3082 5042 3086 5042 3087 5043 3082 5043 3081 5043 3082 5044 3083 5044 3086 5044 3087 5045 3083 5045 3082 5045 3083 5046 3084 5046 3086 5046 3087 5047 3084 5047 3083 5047 3084 5048 3085 5048 3086 5048 3087 5049 3085 5049 3084 5049 3085 5050 3080 5050 3086 5050 3087 5051 3080 5051 3085 5051 3088 5052 3089 5052 3095 5052 3088 5053 3095 5053 3094 5053 3100 5054 3089 5054 3088 5054 3101 5055 3094 5055 3095 5055 3089 5056 3090 5056 3096 5056 3089 5057 3096 5057 3095 5057 3100 5058 3090 5058 3089 5058 3101 5059 3095 5059 3096 5059 3090 5060 3091 5060 3097 5060 3090 5061 3097 5061 3096 5061 3100 5062 3091 5062 3090 5062 3101 5063 3096 5063 3097 5063 3091 5064 3092 5064 3098 5064 3091 5065 3098 5065 3097 5065 3100 5066 3092 5066 3091 5066 3101 5067 3097 5067 3098 5067 3092 5068 3093 5068 3099 5068 3092 5069 3099 5069 3098 5069 3100 5070 3093 5070 3092 5070 3101 5071 3098 5071 3099 5071 3093 5072 3088 5072 3094 5072 3093 5073 3094 5073 3099 5073 3100 5074 3088 5074 3093 5074 3101 5075 3099 5075 3094 5075 3102 5076 3103 5076 3108 5076 3109 5077 3103 5077 3102 5077 3103 5078 3104 5078 3108 5078 3109 5079 3104 5079 3103 5079 3104 5080 3105 5080 3108 5080 3109 5081 3105 5081 3104 5081 3105 5082 3106 5082 3108 5082 3109 5083 3106 5083 3105 5083 3106 5084 3107 5084 3108 5084 3109 5085 3107 5085 3106 5085 3107 5086 3102 5086 3108 5086 3109 5087 3102 5087 3107 5087 3110 5088 3111 5088 3117 5088 3110 5089 3117 5089 3116 5089 3122 5090 3111 5090 3110 5090 3123 5091 3116 5091 3117 5091 3111 5092 3112 5092 3118 5092 3111 5093 3118 5093 3117 5093 3122 5094 3112 5094 3111 5094 3123 5095 3117 5095 3118 5095 3112 5096 3113 5096 3119 5096 3112 5097 3119 5097 3118 5097 3122 5098 3113 5098 3112 5098 3123 5099 3118 5099 3119 5099 3113 5100 3114 5100 3120 5100 3113 5101 3120 5101 3119 5101 3122 5102 3114 5102 3113 5102 3123 5103 3119 5103 3120 5103 3114 5104 3115 5104 3121 5104 3114 5105 3121 5105 3120 5105 3122 5106 3115 5106 3114 5106 3123 5107 3120 5107 3121 5107 3115 5108 3110 5108 3116 5108 3115 5109 3116 5109 3121 5109 3122 5110 3110 5110 3115 5110 3123 5111 3121 5111 3116 5111 3124 5112 3125 5112 3130 5112 3131 5113 3125 5113 3124 5113 3125 5114 3126 5114 3130 5114 3131 5115 3126 5115 3125 5115 3126 5116 3127 5116 3130 5116 3131 5117 3127 5117 3126 5117 3127 5118 3128 5118 3130 5118 3131 5119 3128 5119 3127 5119 3128 5120 3129 5120 3130 5120 3131 5121 3129 5121 3128 5121 3129 5122 3124 5122 3130 5122 3131 5123 3124 5123 3129 5123 3132 5124 3133 5124 3139 5124 3132 5125 3139 5125 3138 5125 3144 5126 3133 5126 3132 5126 3145 5127 3138 5127 3139 5127 3133 5128 3134 5128 3140 5128 3133 5129 3140 5129 3139 5129 3144 5130 3134 5130 3133 5130 3145 5131 3139 5131 3140 5131 3134 5132 3135 5132 3141 5132 3134 5133 3141 5133 3140 5133 3144 5134 3135 5134 3134 5134 3145 5135 3140 5135 3141 5135 3135 5136 3136 5136 3142 5136 3135 5137 3142 5137 3141 5137 3144 5138 3136 5138 3135 5138 3145 5139 3141 5139 3142 5139 3136 5140 3137 5140 3143 5140 3136 5141 3143 5141 3142 5141 3144 5142 3137 5142 3136 5142 3145 5143 3142 5143 3143 5143 3137 5144 3132 5144 3138 5144 3137 5145 3138 5145 3143 5145 3144 5146 3132 5146 3137 5146 3145 5147 3143 5147 3138 5147 3146 5148 3147 5148 3152 5148 3153 5149 3147 5149 3146 5149 3147 5150 3148 5150 3152 5150 3153 5151 3148 5151 3147 5151 3148 5152 3149 5152 3152 5152 3153 5153 3149 5153 3148 5153 3149 5154 3150 5154 3152 5154 3153 5155 3150 5155 3149 5155 3150 5156 3151 5156 3152 5156 3153 5157 3151 5157 3150 5157 3151 5158 3146 5158 3152 5158 3153 5159 3146 5159 3151 5159 3154 5160 3155 5160 3161 5160 3154 5161 3161 5161 3160 5161 3166 5162 3155 5162 3154 5162 3167 5163 3160 5163 3161 5163 3155 5164 3156 5164 3162 5164 3155 5165 3162 5165 3161 5165 3166 5166 3156 5166 3155 5166 3167 5167 3161 5167 3162 5167 3156 5168 3157 5168 3163 5168 3156 5169 3163 5169 3162 5169 3166 5170 3157 5170 3156 5170 3167 5171 3162 5171 3163 5171 3157 5172 3158 5172 3164 5172 3157 5173 3164 5173 3163 5173 3166 5174 3158 5174 3157 5174 3167 5175 3163 5175 3164 5175 3158 5176 3159 5176 3165 5176 3158 5177 3165 5177 3164 5177 3166 5178 3159 5178 3158 5178 3167 5179 3164 5179 3165 5179 3159 5180 3154 5180 3160 5180 3159 5181 3160 5181 3165 5181 3166 5182 3154 5182 3159 5182 3167 5183 3165 5183 3160 5183 3168 5184 3169 5184 3174 5184 3175 5185 3169 5185 3168 5185 3169 5186 3170 5186 3174 5186 3175 5187 3170 5187 3169 5187 3170 5188 3171 5188 3174 5188 3175 5189 3171 5189 3170 5189 3171 5190 3172 5190 3174 5190 3175 5191 3172 5191 3171 5191 3172 5192 3173 5192 3174 5192 3175 5193 3173 5193 3172 5193 3173 5194 3168 5194 3174 5194 3175 5195 3168 5195 3173 5195 3176 5196 3177 5196 3183 5196 3176 5197 3183 5197 3182 5197 3188 5198 3177 5198 3176 5198 3189 5199 3182 5199 3183 5199 3177 5200 3178 5200 3184 5200 3177 5201 3184 5201 3183 5201 3188 5202 3178 5202 3177 5202 3189 5203 3183 5203 3184 5203 3178 5204 3179 5204 3185 5204 3178 5205 3185 5205 3184 5205 3188 5206 3179 5206 3178 5206 3189 5207 3184 5207 3185 5207 3179 5208 3180 5208 3186 5208 3179 5209 3186 5209 3185 5209 3188 5210 3180 5210 3179 5210 3189 5211 3185 5211 3186 5211 3180 5212 3181 5212 3187 5212 3180 5213 3187 5213 3186 5213 3188 5214 3181 5214 3180 5214 3189 5215 3186 5215 3187 5215 3181 5216 3176 5216 3182 5216 3181 5217 3182 5217 3187 5217 3188 5218 3176 5218 3181 5218 3189 5219 3187 5219 3182 5219 3190 5220 3191 5220 3196 5220 3197 5221 3191 5221 3190 5221 3191 5222 3192 5222 3196 5222 3197 5223 3192 5223 3191 5223 3192 5224 3193 5224 3196 5224 3197 5225 3193 5225 3192 5225 3193 5226 3194 5226 3196 5226 3197 5227 3194 5227 3193 5227 3194 5228 3195 5228 3196 5228 3197 5229 3195 5229 3194 5229 3195 5230 3190 5230 3196 5230 3197 5231 3190 5231 3195 5231 3198 5232 3199 5232 3205 5232 3198 5233 3205 5233 3204 5233 3210 5234 3199 5234 3198 5234 3211 5235 3204 5235 3205 5235 3199 5236 3200 5236 3206 5236 3199 5237 3206 5237 3205 5237 3210 5238 3200 5238 3199 5238 3211 5239 3205 5239 3206 5239 3200 5240 3201 5240 3207 5240 3200 5241 3207 5241 3206 5241 3210 5242 3201 5242 3200 5242 3211 5243 3206 5243 3207 5243 3201 5244 3202 5244 3208 5244 3201 5245 3208 5245 3207 5245 3210 5246 3202 5246 3201 5246 3211 5247 3207 5247 3208 5247 3202 5248 3203 5248 3209 5248 3202 5249 3209 5249 3208 5249 3210 5250 3203 5250 3202 5250 3211 5251 3208 5251 3209 5251 3203 5252 3198 5252 3204 5252 3203 5253 3204 5253 3209 5253 3210 5254 3198 5254 3203 5254 3211 5255 3209 5255 3204 5255 3212 5256 3213 5256 3218 5256 3219 5257 3213 5257 3212 5257 3213 5258 3214 5258 3218 5258 3219 5259 3214 5259 3213 5259 3214 5260 3215 5260 3218 5260 3219 5261 3215 5261 3214 5261 3215 5262 3216 5262 3218 5262 3219 5263 3216 5263 3215 5263 3216 5264 3217 5264 3218 5264 3219 5265 3217 5265 3216 5265 3217 5266 3212 5266 3218 5266 3219 5267 3212 5267 3217 5267 3220 5268 3221 5268 3227 5268 3220 5269 3227 5269 3226 5269 3232 5270 3221 5270 3220 5270 3233 5271 3226 5271 3227 5271 3221 5272 3222 5272 3228 5272 3221 5273 3228 5273 3227 5273 3232 5274 3222 5274 3221 5274 3233 5275 3227 5275 3228 5275 3222 5276 3223 5276 3229 5276 3222 5277 3229 5277 3228 5277 3232 5278 3223 5278 3222 5278 3233 5279 3228 5279 3229 5279 3223 5280 3224 5280 3230 5280 3223 5281 3230 5281 3229 5281 3232 5282 3224 5282 3223 5282 3233 5283 3229 5283 3230 5283 3224 5284 3225 5284 3231 5284 3224 5285 3231 5285 3230 5285 3232 5286 3225 5286 3224 5286 3233 5287 3230 5287 3231 5287 3225 5288 3220 5288 3226 5288 3225 5289 3226 5289 3231 5289 3232 5290 3220 5290 3225 5290 3233 5291 3231 5291 3226 5291 3234 5292 3235 5292 3240 5292 3241 5293 3235 5293 3234 5293 3235 5294 3236 5294 3240 5294 3241 5295 3236 5295 3235 5295 3236 5296 3237 5296 3240 5296 3241 5297 3237 5297 3236 5297 3237 5298 3238 5298 3240 5298 3241 5299 3238 5299 3237 5299 3238 5300 3239 5300 3240 5300 3241 5301 3239 5301 3238 5301 3239 5302 3234 5302 3240 5302 3241 5303 3234 5303 3239 5303 3242 5304 3243 5304 3249 5304 3242 5305 3249 5305 3248 5305 3254 5306 3243 5306 3242 5306 3255 5307 3248 5307 3249 5307 3243 5308 3244 5308 3250 5308 3243 5309 3250 5309 3249 5309 3254 5310 3244 5310 3243 5310 3255 5311 3249 5311 3250 5311 3244 5312 3245 5312 3251 5312 3244 5313 3251 5313 3250 5313 3254 5314 3245 5314 3244 5314 3255 5315 3250 5315 3251 5315 3245 5316 3246 5316 3252 5316 3245 5317 3252 5317 3251 5317 3254 5318 3246 5318 3245 5318 3255 5319 3251 5319 3252 5319 3246 5320 3247 5320 3253 5320 3246 5321 3253 5321 3252 5321 3254 5322 3247 5322 3246 5322 3255 5323 3252 5323 3253 5323 3247 5324 3242 5324 3248 5324 3247 5325 3248 5325 3253 5325 3254 5326 3242 5326 3247 5326 3255 5327 3253 5327 3248 5327 3256 5328 3257 5328 3262 5328 3263 5329 3257 5329 3256 5329 3257 5330 3258 5330 3262 5330 3263 5331 3258 5331 3257 5331 3258 5332 3259 5332 3262 5332 3263 5333 3259 5333 3258 5333 3259 5334 3260 5334 3262 5334 3263 5335 3260 5335 3259 5335 3260 5336 3261 5336 3262 5336 3263 5337 3261 5337 3260 5337 3261 5338 3256 5338 3262 5338 3263 5339 3256 5339 3261 5339 3264 5340 3265 5340 3271 5340 3264 5341 3271 5341 3270 5341 3276 5342 3265 5342 3264 5342 3277 5343 3270 5343 3271 5343 3265 5344 3266 5344 3272 5344 3265 5345 3272 5345 3271 5345 3276 5346 3266 5346 3265 5346 3277 5347 3271 5347 3272 5347 3266 5348 3267 5348 3273 5348 3266 5349 3273 5349 3272 5349 3276 5350 3267 5350 3266 5350 3277 5351 3272 5351 3273 5351 3267 5352 3268 5352 3274 5352 3267 5353 3274 5353 3273 5353 3276 5354 3268 5354 3267 5354 3277 5355 3273 5355 3274 5355 3268 5356 3269 5356 3275 5356 3268 5357 3275 5357 3274 5357 3276 5358 3269 5358 3268 5358 3277 5359 3274 5359 3275 5359 3269 5360 3264 5360 3270 5360 3269 5361 3270 5361 3275 5361 3276 5362 3264 5362 3269 5362 3277 5363 3275 5363 3270 5363 3278 5364 3279 5364 3284 5364 3285 5365 3279 5365 3278 5365 3279 5366 3280 5366 3284 5366 3285 5367 3280 5367 3279 5367 3280 5368 3281 5368 3284 5368 3285 5369 3281 5369 3280 5369 3281 5370 3282 5370 3284 5370 3285 5371 3282 5371 3281 5371 3282 5372 3283 5372 3284 5372 3285 5373 3283 5373 3282 5373 3283 5374 3278 5374 3284 5374 3285 5375 3278 5375 3283 5375 3286 5376 3287 5376 3293 5376 3286 5377 3293 5377 3292 5377 3298 5378 3287 5378 3286 5378 3299 5379 3292 5379 3293 5379 3287 5380 3288 5380 3294 5380 3287 5381 3294 5381 3293 5381 3298 5382 3288 5382 3287 5382 3299 5383 3293 5383 3294 5383 3288 5384 3289 5384 3295 5384 3288 5385 3295 5385 3294 5385 3298 5386 3289 5386 3288 5386 3299 5387 3294 5387 3295 5387 3289 5388 3290 5388 3296 5388 3289 5389 3296 5389 3295 5389 3298 5390 3290 5390 3289 5390 3299 5391 3295 5391 3296 5391 3290 5392 3291 5392 3297 5392 3290 5393 3297 5393 3296 5393 3298 5394 3291 5394 3290 5394 3299 5395 3296 5395 3297 5395 3291 5396 3286 5396 3292 5396 3291 5397 3292 5397 3297 5397 3298 5398 3286 5398 3291 5398 3299 5399 3297 5399 3292 5399 3300 5400 3301 5400 3306 5400 3307 5401 3301 5401 3300 5401 3301 5402 3302 5402 3306 5402 3307 5403 3302 5403 3301 5403 3302 5404 3303 5404 3306 5404 3307 5405 3303 5405 3302 5405 3303 5406 3304 5406 3306 5406 3307 5407 3304 5407 3303 5407 3304 5408 3305 5408 3306 5408 3307 5409 3305 5409 3304 5409 3305 5410 3300 5410 3306 5410 3307 5411 3300 5411 3305 5411 3308 5412 3309 5412 3315 5412 3308 5413 3315 5413 3314 5413 3320 5414 3309 5414 3308 5414 3321 5415 3314 5415 3315 5415 3309 5416 3310 5416 3316 5416 3309 5417 3316 5417 3315 5417 3320 5418 3310 5418 3309 5418 3321 5419 3315 5419 3316 5419 3310 5420 3311 5420 3317 5420 3310 5421 3317 5421 3316 5421 3320 5422 3311 5422 3310 5422 3321 5423 3316 5423 3317 5423 3311 5424 3312 5424 3318 5424 3311 5425 3318 5425 3317 5425 3320 5426 3312 5426 3311 5426 3321 5427 3317 5427 3318 5427 3312 5428 3313 5428 3319 5428 3312 5429 3319 5429 3318 5429 3320 5430 3313 5430 3312 5430 3321 5431 3318 5431 3319 5431 3313 5432 3308 5432 3314 5432 3313 5433 3314 5433 3319 5433 3320 5434 3308 5434 3313 5434 3321 5435 3319 5435 3314 5435 3322 5436 3323 5436 3328 5436 3329 5437 3323 5437 3322 5437 3323 5438 3324 5438 3328 5438 3329 5439 3324 5439 3323 5439 3324 5440 3325 5440 3328 5440 3329 5441 3325 5441 3324 5441 3325 5442 3326 5442 3328 5442 3329 5443 3326 5443 3325 5443 3326 5444 3327 5444 3328 5444 3329 5445 3327 5445 3326 5445 3327 5446 3322 5446 3328 5446 3329 5447 3322 5447 3327 5447 3330 5448 3331 5448 3337 5448 3330 5449 3337 5449 3336 5449 3342 5450 3331 5450 3330 5450 3343 5451 3336 5451 3337 5451 3331 5452 3332 5452 3338 5452 3331 5453 3338 5453 3337 5453 3342 5454 3332 5454 3331 5454 3343 5455 3337 5455 3338 5455 3332 5456 3333 5456 3339 5456 3332 5457 3339 5457 3338 5457 3342 5458 3333 5458 3332 5458 3343 5459 3338 5459 3339 5459 3333 5460 3334 5460 3340 5460 3333 5461 3340 5461 3339 5461 3342 5462 3334 5462 3333 5462 3343 5463 3339 5463 3340 5463 3334 5464 3335 5464 3341 5464 3334 5465 3341 5465 3340 5465 3342 5466 3335 5466 3334 5466 3343 5467 3340 5467 3341 5467 3335 5468 3330 5468 3336 5468 3335 5469 3336 5469 3341 5469 3342 5470 3330 5470 3335 5470 3343 5471 3341 5471 3336 5471 3344 5472 3345 5472 3350 5472 3351 5473 3345 5473 3344 5473 3345 5474 3346 5474 3350 5474 3351 5475 3346 5475 3345 5475 3346 5476 3347 5476 3350 5476 3351 5477 3347 5477 3346 5477 3347 5478 3348 5478 3350 5478 3351 5479 3348 5479 3347 5479 3348 5480 3349 5480 3350 5480 3351 5481 3349 5481 3348 5481 3349 5482 3344 5482 3350 5482 3351 5483 3344 5483 3349 5483 3352 5484 3353 5484 3359 5484 3352 5485 3359 5485 3358 5485 3364 5486 3353 5486 3352 5486 3365 5487 3358 5487 3359 5487 3353 5488 3354 5488 3360 5488 3353 5489 3360 5489 3359 5489 3364 5490 3354 5490 3353 5490 3365 5491 3359 5491 3360 5491 3354 5492 3355 5492 3361 5492 3354 5493 3361 5493 3360 5493 3364 5494 3355 5494 3354 5494 3365 5495 3360 5495 3361 5495 3355 5496 3356 5496 3362 5496 3355 5497 3362 5497 3361 5497 3364 5498 3356 5498 3355 5498 3365 5499 3361 5499 3362 5499 3356 5500 3357 5500 3363 5500 3356 5501 3363 5501 3362 5501 3364 5502 3357 5502 3356 5502 3365 5503 3362 5503 3363 5503 3357 5504 3352 5504 3358 5504 3357 5505 3358 5505 3363 5505 3364 5506 3352 5506 3357 5506 3365 5507 3363 5507 3358 5507 3366 5508 3367 5508 3372 5508 3373 5509 3367 5509 3366 5509 3367 5510 3368 5510 3372 5510 3373 5511 3368 5511 3367 5511 3368 5512 3369 5512 3372 5512 3373 5513 3369 5513 3368 5513 3369 5514 3370 5514 3372 5514 3373 5515 3370 5515 3369 5515 3370 5516 3371 5516 3372 5516 3373 5517 3371 5517 3370 5517 3371 5518 3366 5518 3372 5518 3373 5519 3366 5519 3371 5519 3374 5520 3375 5520 3381 5520 3374 5521 3381 5521 3380 5521 3386 5522 3375 5522 3374 5522 3387 5523 3380 5523 3381 5523 3375 5524 3376 5524 3382 5524 3375 5525 3382 5525 3381 5525 3386 5526 3376 5526 3375 5526 3387 5527 3381 5527 3382 5527 3376 5528 3377 5528 3383 5528 3376 5529 3383 5529 3382 5529 3386 5530 3377 5530 3376 5530 3387 5531 3382 5531 3383 5531 3377 5532 3378 5532 3384 5532 3377 5533 3384 5533 3383 5533 3386 5534 3378 5534 3377 5534 3387 5535 3383 5535 3384 5535 3378 5536 3379 5536 3385 5536 3378 5537 3385 5537 3384 5537 3386 5538 3379 5538 3378 5538 3387 5539 3384 5539 3385 5539 3379 5540 3374 5540 3380 5540 3379 5541 3380 5541 3385 5541 3386 5542 3374 5542 3379 5542 3387 5543 3385 5543 3380 5543 3388 5544 3389 5544 3394 5544 3395 5545 3389 5545 3388 5545 3389 5546 3390 5546 3394 5546 3395 5547 3390 5547 3389 5547 3390 5548 3391 5548 3394 5548 3395 5549 3391 5549 3390 5549 3391 5550 3392 5550 3394 5550 3395 5551 3392 5551 3391 5551 3392 5552 3393 5552 3394 5552 3395 5553 3393 5553 3392 5553 3393 5554 3388 5554 3394 5554 3395 5555 3388 5555 3393 5555 3396 5556 3397 5556 3403 5556 3396 5557 3403 5557 3402 5557 3408 5558 3397 5558 3396 5558 3409 5559 3402 5559 3403 5559 3397 5560 3398 5560 3404 5560 3397 5561 3404 5561 3403 5561 3408 5562 3398 5562 3397 5562 3409 5563 3403 5563 3404 5563 3398 5564 3399 5564 3405 5564 3398 5565 3405 5565 3404 5565 3408 5566 3399 5566 3398 5566 3409 5567 3404 5567 3405 5567 3399 5568 3400 5568 3406 5568 3399 5569 3406 5569 3405 5569 3408 5570 3400 5570 3399 5570 3409 5571 3405 5571 3406 5571 3400 5572 3401 5572 3407 5572 3400 5573 3407 5573 3406 5573 3408 5574 3401 5574 3400 5574 3409 5575 3406 5575 3407 5575 3401 5576 3396 5576 3402 5576 3401 5577 3402 5577 3407 5577 3408 5578 3396 5578 3401 5578 3409 5579 3407 5579 3402 5579 3410 5580 3411 5580 3416 5580 3417 5581 3411 5581 3410 5581 3411 5582 3412 5582 3416 5582 3417 5583 3412 5583 3411 5583 3412 5584 3413 5584 3416 5584 3417 5585 3413 5585 3412 5585 3413 5586 3414 5586 3416 5586 3417 5587 3414 5587 3413 5587 3414 5588 3415 5588 3416 5588 3417 5589 3415 5589 3414 5589 3415 5590 3410 5590 3416 5590 3417 5591 3410 5591 3415 5591 3418 5592 3419 5592 3425 5592 3418 5593 3425 5593 3424 5593 3430 5594 3419 5594 3418 5594 3431 5595 3424 5595 3425 5595 3419 5596 3420 5596 3426 5596 3419 5597 3426 5597 3425 5597 3430 5598 3420 5598 3419 5598 3431 5599 3425 5599 3426 5599 3420 5600 3421 5600 3427 5600 3420 5601 3427 5601 3426 5601 3430 5602 3421 5602 3420 5602 3431 5603 3426 5603 3427 5603 3421 5604 3422 5604 3428 5604 3421 5605 3428 5605 3427 5605 3430 5606 3422 5606 3421 5606 3431 5607 3427 5607 3428 5607 3422 5608 3423 5608 3429 5608 3422 5609 3429 5609 3428 5609 3430 5610 3423 5610 3422 5610 3431 5611 3428 5611 3429 5611 3423 5612 3418 5612 3424 5612 3423 5613 3424 5613 3429 5613 3430 5614 3418 5614 3423 5614 3431 5615 3429 5615 3424 5615 3432 5616 3433 5616 3438 5616 3439 5617 3433 5617 3432 5617 3433 5618 3434 5618 3438 5618 3439 5619 3434 5619 3433 5619 3434 5620 3435 5620 3438 5620 3439 5621 3435 5621 3434 5621 3435 5622 3436 5622 3438 5622 3439 5623 3436 5623 3435 5623 3436 5624 3437 5624 3438 5624 3439 5625 3437 5625 3436 5625 3437 5626 3432 5626 3438 5626 3439 5627 3432 5627 3437 5627 3440 5628 3441 5628 3447 5628 3440 5629 3447 5629 3446 5629 3452 5630 3441 5630 3440 5630 3453 5631 3446 5631 3447 5631 3441 5632 3442 5632 3448 5632 3441 5633 3448 5633 3447 5633 3452 5634 3442 5634 3441 5634 3453 5635 3447 5635 3448 5635 3442 5636 3443 5636 3449 5636 3442 5637 3449 5637 3448 5637 3452 5638 3443 5638 3442 5638 3453 5639 3448 5639 3449 5639 3443 5640 3444 5640 3450 5640 3443 5641 3450 5641 3449 5641 3452 5642 3444 5642 3443 5642 3453 5643 3449 5643 3450 5643 3444 5644 3445 5644 3451 5644 3444 5645 3451 5645 3450 5645 3452 5646 3445 5646 3444 5646 3453 5647 3450 5647 3451 5647 3445 5648 3440 5648 3446 5648 3445 5649 3446 5649 3451 5649 3452 5650 3440 5650 3445 5650 3453 5651 3451 5651 3446 5651 3454 5652 3455 5652 3460 5652 3461 5653 3455 5653 3454 5653 3455 5654 3456 5654 3460 5654 3461 5655 3456 5655 3455 5655 3456 5656 3457 5656 3460 5656 3461 5657 3457 5657 3456 5657 3457 5658 3458 5658 3460 5658 3461 5659 3458 5659 3457 5659 3458 5660 3459 5660 3460 5660 3461 5661 3459 5661 3458 5661 3459 5662 3454 5662 3460 5662 3461 5663 3454 5663 3459 5663 3462 5664 3463 5664 3469 5664 3462 5665 3469 5665 3468 5665 3474 5666 3463 5666 3462 5666 3475 5667 3468 5667 3469 5667 3463 5668 3464 5668 3470 5668 3463 5669 3470 5669 3469 5669 3474 5670 3464 5670 3463 5670 3475 5671 3469 5671 3470 5671 3464 5672 3465 5672 3471 5672 3464 5673 3471 5673 3470 5673 3474 5674 3465 5674 3464 5674 3475 5675 3470 5675 3471 5675 3465 5676 3466 5676 3472 5676 3465 5677 3472 5677 3471 5677 3474 5678 3466 5678 3465 5678 3475 5679 3471 5679 3472 5679 3466 5680 3467 5680 3473 5680 3466 5681 3473 5681 3472 5681 3474 5682 3467 5682 3466 5682 3475 5683 3472 5683 3473 5683 3467 5684 3462 5684 3468 5684 3467 5685 3468 5685 3473 5685 3474 5686 3462 5686 3467 5686 3475 5687 3473 5687 3468 5687 3476 5688 3477 5688 3482 5688 3483 5689 3477 5689 3476 5689 3477 5690 3478 5690 3482 5690 3483 5691 3478 5691 3477 5691 3478 5692 3479 5692 3482 5692 3483 5693 3479 5693 3478 5693 3479 5694 3480 5694 3482 5694 3483 5695 3480 5695 3479 5695 3480 5696 3481 5696 3482 5696 3483 5697 3481 5697 3480 5697 3481 5698 3476 5698 3482 5698 3483 5699 3476 5699 3481 5699 3484 5700 3485 5700 3491 5700 3484 5701 3491 5701 3490 5701 3496 5702 3485 5702 3484 5702 3497 5703 3490 5703 3491 5703 3485 5704 3486 5704 3492 5704 3485 5705 3492 5705 3491 5705 3496 5706 3486 5706 3485 5706 3497 5707 3491 5707 3492 5707 3486 5708 3487 5708 3493 5708 3486 5709 3493 5709 3492 5709 3496 5710 3487 5710 3486 5710 3497 5711 3492 5711 3493 5711 3487 5712 3488 5712 3494 5712 3487 5713 3494 5713 3493 5713 3496 5714 3488 5714 3487 5714 3497 5715 3493 5715 3494 5715 3488 5716 3489 5716 3495 5716 3488 5717 3495 5717 3494 5717 3496 5718 3489 5718 3488 5718 3497 5719 3494 5719 3495 5719 3489 5720 3484 5720 3490 5720 3489 5721 3490 5721 3495 5721 3496 5722 3484 5722 3489 5722 3497 5723 3495 5723 3490 5723 3498 5724 3499 5724 3504 5724 3505 5725 3499 5725 3498 5725 3499 5726 3500 5726 3504 5726 3505 5727 3500 5727 3499 5727 3500 5728 3501 5728 3504 5728 3505 5729 3501 5729 3500 5729 3501 5730 3502 5730 3504 5730 3505 5731 3502 5731 3501 5731 3502 5732 3503 5732 3504 5732 3505 5733 3503 5733 3502 5733 3503 5734 3498 5734 3504 5734 3505 5735 3498 5735 3503 5735 3506 5736 3507 5736 3513 5736 3506 5737 3513 5737 3512 5737 3518 5738 3507 5738 3506 5738 3519 5739 3512 5739 3513 5739 3507 5740 3508 5740 3514 5740 3507 5741 3514 5741 3513 5741 3518 5742 3508 5742 3507 5742 3519 5743 3513 5743 3514 5743 3508 5744 3509 5744 3515 5744 3508 5745 3515 5745 3514 5745 3518 5746 3509 5746 3508 5746 3519 5747 3514 5747 3515 5747 3509 5748 3510 5748 3516 5748 3509 5749 3516 5749 3515 5749 3518 5750 3510 5750 3509 5750 3519 5751 3515 5751 3516 5751 3510 5752 3511 5752 3517 5752 3510 5753 3517 5753 3516 5753 3518 5754 3511 5754 3510 5754 3519 5755 3516 5755 3517 5755 3511 5756 3506 5756 3512 5756 3511 5757 3512 5757 3517 5757 3518 5758 3506 5758 3511 5758 3519 5759 3517 5759 3512 5759 3520 5760 3521 5760 3526 5760 3527 5761 3521 5761 3520 5761 3521 5762 3522 5762 3526 5762 3527 5763 3522 5763 3521 5763 3522 5764 3523 5764 3526 5764 3527 5765 3523 5765 3522 5765 3523 5766 3524 5766 3526 5766 3527 5767 3524 5767 3523 5767 3524 5768 3525 5768 3526 5768 3527 5769 3525 5769 3524 5769 3525 5770 3520 5770 3526 5770 3527 5771 3520 5771 3525 5771 3528 5772 3529 5772 3535 5772 3528 5773 3535 5773 3534 5773 3540 5774 3529 5774 3528 5774 3541 5775 3534 5775 3535 5775 3529 5776 3530 5776 3536 5776 3529 5777 3536 5777 3535 5777 3540 5778 3530 5778 3529 5778 3541 5779 3535 5779 3536 5779 3530 5780 3531 5780 3537 5780 3530 5781 3537 5781 3536 5781 3540 5782 3531 5782 3530 5782 3541 5783 3536 5783 3537 5783 3531 5784 3532 5784 3538 5784 3531 5785 3538 5785 3537 5785 3540 5786 3532 5786 3531 5786 3541 5787 3537 5787 3538 5787 3532 5788 3533 5788 3539 5788 3532 5789 3539 5789 3538 5789 3540 5790 3533 5790 3532 5790 3541 5791 3538 5791 3539 5791 3533 5792 3528 5792 3534 5792 3533 5793 3534 5793 3539 5793 3540 5794 3528 5794 3533 5794 3541 5795 3539 5795 3534 5795 3542 5796 3543 5796 3548 5796 3549 5797 3543 5797 3542 5797 3543 5798 3544 5798 3548 5798 3549 5799 3544 5799 3543 5799 3544 5800 3545 5800 3548 5800 3549 5801 3545 5801 3544 5801 3545 5802 3546 5802 3548 5802 3549 5803 3546 5803 3545 5803 3546 5804 3547 5804 3548 5804 3549 5805 3547 5805 3546 5805 3547 5806 3542 5806 3548 5806 3549 5807 3542 5807 3547 5807 3550 5808 3551 5808 3557 5808 3550 5809 3557 5809 3556 5809 3562 5810 3551 5810 3550 5810 3563 5811 3556 5811 3557 5811 3551 5812 3552 5812 3558 5812 3551 5813 3558 5813 3557 5813 3562 5814 3552 5814 3551 5814 3563 5815 3557 5815 3558 5815 3552 5816 3553 5816 3559 5816 3552 5817 3559 5817 3558 5817 3562 5818 3553 5818 3552 5818 3563 5819 3558 5819 3559 5819 3553 5820 3554 5820 3560 5820 3553 5821 3560 5821 3559 5821 3562 5822 3554 5822 3553 5822 3563 5823 3559 5823 3560 5823 3554 5824 3555 5824 3561 5824 3554 5825 3561 5825 3560 5825 3562 5826 3555 5826 3554 5826 3563 5827 3560 5827 3561 5827 3555 5828 3550 5828 3556 5828 3555 5829 3556 5829 3561 5829 3562 5830 3550 5830 3555 5830 3563 5831 3561 5831 3556 5831 3564 5832 3565 5832 3570 5832 3571 5833 3565 5833 3564 5833 3565 5834 3566 5834 3570 5834 3571 5835 3566 5835 3565 5835 3566 5836 3567 5836 3570 5836 3571 5837 3567 5837 3566 5837 3567 5838 3568 5838 3570 5838 3571 5839 3568 5839 3567 5839 3568 5840 3569 5840 3570 5840 3571 5841 3569 5841 3568 5841 3569 5842 3564 5842 3570 5842 3571 5843 3564 5843 3569 5843 3572 5844 3573 5844 3579 5844 3572 5845 3579 5845 3578 5845 3584 5846 3573 5846 3572 5846 3585 5847 3578 5847 3579 5847 3573 5848 3574 5848 3580 5848 3573 5849 3580 5849 3579 5849 3584 5850 3574 5850 3573 5850 3585 5851 3579 5851 3580 5851 3574 5852 3575 5852 3581 5852 3574 5853 3581 5853 3580 5853 3584 5854 3575 5854 3574 5854 3585 5855 3580 5855 3581 5855 3575 5856 3576 5856 3582 5856 3575 5857 3582 5857 3581 5857 3584 5858 3576 5858 3575 5858 3585 5859 3581 5859 3582 5859 3576 5860 3577 5860 3583 5860 3576 5861 3583 5861 3582 5861 3584 5862 3577 5862 3576 5862 3585 5863 3582 5863 3583 5863 3577 5864 3572 5864 3578 5864 3577 5865 3578 5865 3583 5865 3584 5866 3572 5866 3577 5866 3585 5867 3583 5867 3578 5867 3586 5868 3587 5868 3592 5868 3593 5869 3587 5869 3586 5869 3587 5870 3588 5870 3592 5870 3593 5871 3588 5871 3587 5871 3588 5872 3589 5872 3592 5872 3593 5873 3589 5873 3588 5873 3589 5874 3590 5874 3592 5874 3593 5875 3590 5875 3589 5875 3590 5876 3591 5876 3592 5876 3593 5877 3591 5877 3590 5877 3591 5878 3586 5878 3592 5878 3593 5879 3586 5879 3591 5879 3594 5880 3595 5880 3601 5880 3594 5881 3601 5881 3600 5881 3606 5882 3595 5882 3594 5882 3607 5883 3600 5883 3601 5883 3595 5884 3596 5884 3602 5884 3595 5885 3602 5885 3601 5885 3606 5886 3596 5886 3595 5886 3607 5887 3601 5887 3602 5887 3596 5888 3597 5888 3603 5888 3596 5889 3603 5889 3602 5889 3606 5890 3597 5890 3596 5890 3607 5891 3602 5891 3603 5891 3597 5892 3598 5892 3604 5892 3597 5893 3604 5893 3603 5893 3606 5894 3598 5894 3597 5894 3607 5895 3603 5895 3604 5895 3598 5896 3599 5896 3605 5896 3598 5897 3605 5897 3604 5897 3606 5898 3599 5898 3598 5898 3607 5899 3604 5899 3605 5899 3599 5900 3594 5900 3600 5900 3599 5901 3600 5901 3605 5901 3606 5902 3594 5902 3599 5902 3607 5903 3605 5903 3600 5903 3608 5904 3609 5904 3614 5904 3615 5905 3609 5905 3608 5905 3609 5906 3610 5906 3614 5906 3615 5907 3610 5907 3609 5907 3610 5908 3611 5908 3614 5908 3615 5909 3611 5909 3610 5909 3611 5910 3612 5910 3614 5910 3615 5911 3612 5911 3611 5911 3612 5912 3613 5912 3614 5912 3615 5913 3613 5913 3612 5913 3613 5914 3608 5914 3614 5914 3615 5915 3608 5915 3613 5915 3616 5916 3617 5916 3623 5916 3616 5917 3623 5917 3622 5917 3628 5918 3617 5918 3616 5918 3629 5919 3622 5919 3623 5919 3617 5920 3618 5920 3624 5920 3617 5921 3624 5921 3623 5921 3628 5922 3618 5922 3617 5922 3629 5923 3623 5923 3624 5923 3618 5924 3619 5924 3625 5924 3618 5925 3625 5925 3624 5925 3628 5926 3619 5926 3618 5926 3629 5927 3624 5927 3625 5927 3619 5928 3620 5928 3626 5928 3619 5929 3626 5929 3625 5929 3628 5930 3620 5930 3619 5930 3629 5931 3625 5931 3626 5931 3620 5932 3621 5932 3627 5932 3620 5933 3627 5933 3626 5933 3628 5934 3621 5934 3620 5934 3629 5935 3626 5935 3627 5935 3621 5936 3616 5936 3622 5936 3621 5937 3622 5937 3627 5937 3628 5938 3616 5938 3621 5938 3629 5939 3627 5939 3622 5939 3630 5940 3631 5940 3636 5940 3637 5941 3631 5941 3630 5941 3631 5942 3632 5942 3636 5942 3637 5943 3632 5943 3631 5943 3632 5944 3633 5944 3636 5944 3637 5945 3633 5945 3632 5945 3633 5946 3634 5946 3636 5946 3637 5947 3634 5947 3633 5947 3634 5948 3635 5948 3636 5948 3637 5949 3635 5949 3634 5949 3635 5950 3630 5950 3636 5950 3637 5951 3630 5951 3635 5951 3638 5952 3639 5952 3645 5952 3638 5953 3645 5953 3644 5953 3650 5954 3639 5954 3638 5954 3651 5955 3644 5955 3645 5955 3639 5956 3640 5956 3646 5956 3639 5957 3646 5957 3645 5957 3650 5958 3640 5958 3639 5958 3651 5959 3645 5959 3646 5959 3640 5960 3641 5960 3647 5960 3640 5961 3647 5961 3646 5961 3650 5962 3641 5962 3640 5962 3651 5963 3646 5963 3647 5963 3641 5964 3642 5964 3648 5964 3641 5965 3648 5965 3647 5965 3650 5966 3642 5966 3641 5966 3651 5967 3647 5967 3648 5967 3642 5968 3643 5968 3649 5968 3642 5969 3649 5969 3648 5969 3650 5970 3643 5970 3642 5970 3651 5971 3648 5971 3649 5971 3643 5972 3638 5972 3644 5972 3643 5973 3644 5973 3649 5973 3650 5974 3638 5974 3643 5974 3651 5975 3649 5975 3644 5975 3652 5976 3653 5976 3658 5976 3659 5977 3653 5977 3652 5977 3653 5978 3654 5978 3658 5978 3659 5979 3654 5979 3653 5979 3654 5980 3655 5980 3658 5980 3659 5981 3655 5981 3654 5981 3655 5982 3656 5982 3658 5982 3659 5983 3656 5983 3655 5983 3656 5984 3657 5984 3658 5984 3659 5985 3657 5985 3656 5985 3657 5986 3652 5986 3658 5986 3659 5987 3652 5987 3657 5987 3660 5988 3661 5988 3667 5988 3660 5989 3667 5989 3666 5989 3672 5990 3661 5990 3660 5990 3673 5991 3666 5991 3667 5991 3661 5992 3662 5992 3668 5992 3661 5993 3668 5993 3667 5993 3672 5994 3662 5994 3661 5994 3673 5995 3667 5995 3668 5995 3662 5996 3663 5996 3669 5996 3662 5997 3669 5997 3668 5997 3672 5998 3663 5998 3662 5998 3673 5999 3668 5999 3669 5999 3663 6000 3664 6000 3670 6000 3663 6001 3670 6001 3669 6001 3672 6002 3664 6002 3663 6002 3673 6003 3669 6003 3670 6003 3664 6004 3665 6004 3671 6004 3664 6005 3671 6005 3670 6005 3672 6006 3665 6006 3664 6006 3673 6007 3670 6007 3671 6007 3665 6008 3660 6008 3666 6008 3665 6009 3666 6009 3671 6009 3672 6010 3660 6010 3665 6010 3673 6011 3671 6011 3666 6011 3674 6012 3675 6012 3680 6012 3681 6013 3675 6013 3674 6013 3675 6014 3676 6014 3680 6014 3681 6015 3676 6015 3675 6015 3676 6016 3677 6016 3680 6016 3681 6017 3677 6017 3676 6017 3677 6018 3678 6018 3680 6018 3681 6019 3678 6019 3677 6019 3678 6020 3679 6020 3680 6020 3681 6021 3679 6021 3678 6021 3679 6022 3674 6022 3680 6022 3681 6023 3674 6023 3679 6023 3682 6024 3683 6024 3689 6024 3682 6025 3689 6025 3688 6025 3694 6026 3683 6026 3682 6026 3695 6027 3688 6027 3689 6027 3683 6028 3684 6028 3690 6028 3683 6029 3690 6029 3689 6029 3694 6030 3684 6030 3683 6030 3695 6031 3689 6031 3690 6031 3684 6032 3685 6032 3691 6032 3684 6033 3691 6033 3690 6033 3694 6034 3685 6034 3684 6034 3695 6035 3690 6035 3691 6035 3685 6036 3686 6036 3692 6036 3685 6037 3692 6037 3691 6037 3694 6038 3686 6038 3685 6038 3695 6039 3691 6039 3692 6039 3686 6040 3687 6040 3693 6040 3686 6041 3693 6041 3692 6041 3694 6042 3687 6042 3686 6042 3695 6043 3692 6043 3693 6043 3687 6044 3682 6044 3688 6044 3687 6045 3688 6045 3693 6045 3694 6046 3682 6046 3687 6046 3695 6047 3693 6047 3688 6047 3696 6048 3697 6048 3702 6048 3703 6049 3697 6049 3696 6049 3697 6050 3698 6050 3702 6050 3703 6051 3698 6051 3697 6051 3698 6052 3699 6052 3702 6052 3703 6053 3699 6053 3698 6053 3699 6054 3700 6054 3702 6054 3703 6055 3700 6055 3699 6055 3700 6056 3701 6056 3702 6056 3703 6057 3701 6057 3700 6057 3701 6058 3696 6058 3702 6058 3703 6059 3696 6059 3701 6059 3704 6060 3705 6060 3711 6060 3704 6061 3711 6061 3710 6061 3716 6062 3705 6062 3704 6062 3717 6063 3710 6063 3711 6063 3705 6064 3706 6064 3712 6064 3705 6065 3712 6065 3711 6065 3716 6066 3706 6066 3705 6066 3717 6067 3711 6067 3712 6067 3706 6068 3707 6068 3713 6068 3706 6069 3713 6069 3712 6069 3716 6070 3707 6070 3706 6070 3717 6071 3712 6071 3713 6071 3707 6072 3708 6072 3714 6072 3707 6073 3714 6073 3713 6073 3716 6074 3708 6074 3707 6074 3717 6075 3713 6075 3714 6075 3708 6076 3709 6076 3715 6076 3708 6077 3715 6077 3714 6077 3716 6078 3709 6078 3708 6078 3717 6079 3714 6079 3715 6079 3709 6080 3704 6080 3710 6080 3709 6081 3710 6081 3715 6081 3716 6082 3704 6082 3709 6082 3717 6083 3715 6083 3710 6083 3718 6084 3719 6084 3724 6084 3725 6085 3719 6085 3718 6085 3719 6086 3720 6086 3724 6086 3725 6087 3720 6087 3719 6087 3720 6088 3721 6088 3724 6088 3725 6089 3721 6089 3720 6089 3721 6090 3722 6090 3724 6090 3725 6091 3722 6091 3721 6091 3722 6092 3723 6092 3724 6092 3725 6093 3723 6093 3722 6093 3723 6094 3718 6094 3724 6094 3725 6095 3718 6095 3723 6095 3726 6096 3727 6096 3733 6096 3726 6097 3733 6097 3732 6097 3738 6098 3727 6098 3726 6098 3739 6099 3732 6099 3733 6099 3727 6100 3728 6100 3734 6100 3727 6101 3734 6101 3733 6101 3738 6102 3728 6102 3727 6102 3739 6103 3733 6103 3734 6103 3728 6104 3729 6104 3735 6104 3728 6105 3735 6105 3734 6105 3738 6106 3729 6106 3728 6106 3739 6107 3734 6107 3735 6107 3729 6108 3730 6108 3736 6108 3729 6109 3736 6109 3735 6109 3738 6110 3730 6110 3729 6110 3739 6111 3735 6111 3736 6111 3730 6112 3731 6112 3737 6112 3730 6113 3737 6113 3736 6113 3738 6114 3731 6114 3730 6114 3739 6115 3736 6115 3737 6115 3731 6116 3726 6116 3732 6116 3731 6117 3732 6117 3737 6117 3738 6118 3726 6118 3731 6118 3739 6119 3737 6119 3732 6119 3740 6120 3741 6120 3746 6120 3747 6121 3741 6121 3740 6121 3741 6122 3742 6122 3746 6122 3747 6123 3742 6123 3741 6123 3742 6124 3743 6124 3746 6124 3747 6125 3743 6125 3742 6125 3743 6126 3744 6126 3746 6126 3747 6127 3744 6127 3743 6127 3744 6128 3745 6128 3746 6128 3747 6129 3745 6129 3744 6129 3745 6130 3740 6130 3746 6130 3747 6131 3740 6131 3745 6131 3748 6132 3749 6132 3755 6132 3748 6133 3755 6133 3754 6133 3760 6134 3749 6134 3748 6134 3761 6135 3754 6135 3755 6135 3749 6136 3750 6136 3756 6136 3749 6137 3756 6137 3755 6137 3760 6138 3750 6138 3749 6138 3761 6139 3755 6139 3756 6139 3750 6140 3751 6140 3757 6140 3750 6141 3757 6141 3756 6141 3760 6142 3751 6142 3750 6142 3761 6143 3756 6143 3757 6143 3751 6144 3752 6144 3758 6144 3751 6145 3758 6145 3757 6145 3760 6146 3752 6146 3751 6146 3761 6147 3757 6147 3758 6147 3752 6148 3753 6148 3759 6148 3752 6149 3759 6149 3758 6149 3760 6150 3753 6150 3752 6150 3761 6151 3758 6151 3759 6151 3753 6152 3748 6152 3754 6152 3753 6153 3754 6153 3759 6153 3760 6154 3748 6154 3753 6154 3761 6155 3759 6155 3754 6155 3762 6156 3763 6156 3768 6156 3769 6157 3763 6157 3762 6157 3763 6158 3764 6158 3768 6158 3769 6159 3764 6159 3763 6159 3764 6160 3765 6160 3768 6160 3769 6161 3765 6161 3764 6161 3765 6162 3766 6162 3768 6162 3769 6163 3766 6163 3765 6163 3766 6164 3767 6164 3768 6164 3769 6165 3767 6165 3766 6165 3767 6166 3762 6166 3768 6166 3769 6167 3762 6167 3767 6167 3770 6168 3771 6168 3777 6168 3770 6169 3777 6169 3776 6169 3782 6170 3771 6170 3770 6170 3783 6171 3776 6171 3777 6171 3771 6172 3772 6172 3778 6172 3771 6173 3778 6173 3777 6173 3782 6174 3772 6174 3771 6174 3783 6175 3777 6175 3778 6175 3772 6176 3773 6176 3779 6176 3772 6177 3779 6177 3778 6177 3782 6178 3773 6178 3772 6178 3783 6179 3778 6179 3779 6179 3773 6180 3774 6180 3780 6180 3773 6181 3780 6181 3779 6181 3782 6182 3774 6182 3773 6182 3783 6183 3779 6183 3780 6183 3774 6184 3775 6184 3781 6184 3774 6185 3781 6185 3780 6185 3782 6186 3775 6186 3774 6186 3783 6187 3780 6187 3781 6187 3775 6188 3770 6188 3776 6188 3775 6189 3776 6189 3781 6189 3782 6190 3770 6190 3775 6190 3783 6191 3781 6191 3776 6191 3784 6192 3785 6192 3790 6192 3791 6193 3785 6193 3784 6193 3785 6194 3786 6194 3790 6194 3791 6195 3786 6195 3785 6195 3786 6196 3787 6196 3790 6196 3791 6197 3787 6197 3786 6197 3787 6198 3788 6198 3790 6198 3791 6199 3788 6199 3787 6199 3788 6200 3789 6200 3790 6200 3791 6201 3789 6201 3788 6201 3789 6202 3784 6202 3790 6202 3791 6203 3784 6203 3789 6203 3792 6204 3793 6204 3799 6204 3792 6205 3799 6205 3798 6205 3804 6206 3793 6206 3792 6206 3805 6207 3798 6207 3799 6207 3793 6208 3794 6208 3800 6208 3793 6209 3800 6209 3799 6209 3804 6210 3794 6210 3793 6210 3805 6211 3799 6211 3800 6211 3794 6212 3795 6212 3801 6212 3794 6213 3801 6213 3800 6213 3804 6214 3795 6214 3794 6214 3805 6215 3800 6215 3801 6215 3795 6216 3796 6216 3802 6216 3795 6217 3802 6217 3801 6217 3804 6218 3796 6218 3795 6218 3805 6219 3801 6219 3802 6219 3796 6220 3797 6220 3803 6220 3796 6221 3803 6221 3802 6221 3804 6222 3797 6222 3796 6222 3805 6223 3802 6223 3803 6223 3797 6224 3792 6224 3798 6224 3797 6225 3798 6225 3803 6225 3804 6226 3792 6226 3797 6226 3805 6227 3803 6227 3798 6227 3806 6228 3807 6228 3812 6228 3813 6229 3807 6229 3806 6229 3807 6230 3808 6230 3812 6230 3813 6231 3808 6231 3807 6231 3808 6232 3809 6232 3812 6232 3813 6233 3809 6233 3808 6233 3809 6234 3810 6234 3812 6234 3813 6235 3810 6235 3809 6235 3810 6236 3811 6236 3812 6236 3813 6237 3811 6237 3810 6237 3811 6238 3806 6238 3812 6238 3813 6239 3806 6239 3811 6239 3814 6240 3815 6240 3821 6240 3814 6241 3821 6241 3820 6241 3826 6242 3815 6242 3814 6242 3827 6243 3820 6243 3821 6243 3815 6244 3816 6244 3822 6244 3815 6245 3822 6245 3821 6245 3826 6246 3816 6246 3815 6246 3827 6247 3821 6247 3822 6247 3816 6248 3817 6248 3823 6248 3816 6249 3823 6249 3822 6249 3826 6250 3817 6250 3816 6250 3827 6251 3822 6251 3823 6251 3817 6252 3818 6252 3824 6252 3817 6253 3824 6253 3823 6253 3826 6254 3818 6254 3817 6254 3827 6255 3823 6255 3824 6255 3818 6256 3819 6256 3825 6256 3818 6257 3825 6257 3824 6257 3826 6258 3819 6258 3818 6258 3827 6259 3824 6259 3825 6259 3819 6260 3814 6260 3820 6260 3819 6261 3820 6261 3825 6261 3826 6262 3814 6262 3819 6262 3827 6263 3825 6263 3820 6263 3828 6264 3829 6264 3834 6264 3835 6265 3829 6265 3828 6265 3829 6266 3830 6266 3834 6266 3835 6267 3830 6267 3829 6267 3830 6268 3831 6268 3834 6268 3835 6269 3831 6269 3830 6269 3831 6270 3832 6270 3834 6270 3835 6271 3832 6271 3831 6271 3832 6272 3833 6272 3834 6272 3835 6273 3833 6273 3832 6273 3833 6274 3828 6274 3834 6274 3835 6275 3828 6275 3833 6275 3836 6276 3837 6276 3843 6276 3836 6277 3843 6277 3842 6277 3848 6278 3837 6278 3836 6278 3849 6279 3842 6279 3843 6279 3837 6280 3838 6280 3844 6280 3837 6281 3844 6281 3843 6281 3848 6282 3838 6282 3837 6282 3849 6283 3843 6283 3844 6283 3838 6284 3839 6284 3845 6284 3838 6285 3845 6285 3844 6285 3848 6286 3839 6286 3838 6286 3849 6287 3844 6287 3845 6287 3839 6288 3840 6288 3846 6288 3839 6289 3846 6289 3845 6289 3848 6290 3840 6290 3839 6290 3849 6291 3845 6291 3846 6291 3840 6292 3841 6292 3847 6292 3840 6293 3847 6293 3846 6293 3848 6294 3841 6294 3840 6294 3849 6295 3846 6295 3847 6295 3841 6296 3836 6296 3842 6296 3841 6297 3842 6297 3847 6297 3848 6298 3836 6298 3841 6298 3849 6299 3847 6299 3842 6299 3850 6300 3851 6300 3856 6300 3857 6301 3851 6301 3850 6301 3851 6302 3852 6302 3856 6302 3857 6303 3852 6303 3851 6303 3852 6304 3853 6304 3856 6304 3857 6305 3853 6305 3852 6305 3853 6306 3854 6306 3856 6306 3857 6307 3854 6307 3853 6307 3854 6308 3855 6308 3856 6308 3857 6309 3855 6309 3854 6309 3855 6310 3850 6310 3856 6310 3857 6311 3850 6311 3855 6311 3858 6312 3859 6312 3865 6312 3858 6313 3865 6313 3864 6313 3870 6314 3859 6314 3858 6314 3871 6315 3864 6315 3865 6315 3859 6316 3860 6316 3866 6316 3859 6317 3866 6317 3865 6317 3870 6318 3860 6318 3859 6318 3871 6319 3865 6319 3866 6319 3860 6320 3861 6320 3867 6320 3860 6321 3867 6321 3866 6321 3870 6322 3861 6322 3860 6322 3871 6323 3866 6323 3867 6323 3861 6324 3862 6324 3868 6324 3861 6325 3868 6325 3867 6325 3870 6326 3862 6326 3861 6326 3871 6327 3867 6327 3868 6327 3862 6328 3863 6328 3869 6328 3862 6329 3869 6329 3868 6329 3870 6330 3863 6330 3862 6330 3871 6331 3868 6331 3869 6331 3863 6332 3858 6332 3864 6332 3863 6333 3864 6333 3869 6333 3870 6334 3858 6334 3863 6334 3871 6335 3869 6335 3864 6335 3872 6336 3873 6336 3878 6336 3879 6337 3873 6337 3872 6337 3873 6338 3874 6338 3878 6338 3879 6339 3874 6339 3873 6339 3874 6340 3875 6340 3878 6340 3879 6341 3875 6341 3874 6341 3875 6342 3876 6342 3878 6342 3879 6343 3876 6343 3875 6343 3876 6344 3877 6344 3878 6344 3879 6345 3877 6345 3876 6345 3877 6346 3872 6346 3878 6346 3879 6347 3872 6347 3877 6347 3880 6348 3881 6348 3887 6348 3880 6349 3887 6349 3886 6349 3892 6350 3881 6350 3880 6350 3893 6351 3886 6351 3887 6351 3881 6352 3882 6352 3888 6352 3881 6353 3888 6353 3887 6353 3892 6354 3882 6354 3881 6354 3893 6355 3887 6355 3888 6355 3882 6356 3883 6356 3889 6356 3882 6357 3889 6357 3888 6357 3892 6358 3883 6358 3882 6358 3893 6359 3888 6359 3889 6359 3883 6360 3884 6360 3890 6360 3883 6361 3890 6361 3889 6361 3892 6362 3884 6362 3883 6362 3893 6363 3889 6363 3890 6363 3884 6364 3885 6364 3891 6364 3884 6365 3891 6365 3890 6365 3892 6366 3885 6366 3884 6366 3893 6367 3890 6367 3891 6367 3885 6368 3880 6368 3886 6368 3885 6369 3886 6369 3891 6369 3892 6370 3880 6370 3885 6370 3893 6371 3891 6371 3886 6371 3894 6372 3895 6372 3900 6372 3901 6373 3895 6373 3894 6373 3895 6374 3896 6374 3900 6374 3901 6375 3896 6375 3895 6375 3896 6376 3897 6376 3900 6376 3901 6377 3897 6377 3896 6377 3897 6378 3898 6378 3900 6378 3901 6379 3898 6379 3897 6379 3898 6380 3899 6380 3900 6380 3901 6381 3899 6381 3898 6381 3899 6382 3894 6382 3900 6382 3901 6383 3894 6383 3899 6383 3902 6384 3903 6384 3909 6384 3902 6385 3909 6385 3908 6385 3914 6386 3903 6386 3902 6386 3915 6387 3908 6387 3909 6387 3903 6388 3904 6388 3910 6388 3903 6389 3910 6389 3909 6389 3914 6390 3904 6390 3903 6390 3915 6391 3909 6391 3910 6391 3904 6392 3905 6392 3911 6392 3904 6393 3911 6393 3910 6393 3914 6394 3905 6394 3904 6394 3915 6395 3910 6395 3911 6395 3905 6396 3906 6396 3912 6396 3905 6397 3912 6397 3911 6397 3914 6398 3906 6398 3905 6398 3915 6399 3911 6399 3912 6399 3906 6400 3907 6400 3913 6400 3906 6401 3913 6401 3912 6401 3914 6402 3907 6402 3906 6402 3915 6403 3912 6403 3913 6403 3907 6404 3902 6404 3908 6404 3907 6405 3908 6405 3913 6405 3914 6406 3902 6406 3907 6406 3915 6407 3913 6407 3908 6407 3916 6408 3917 6408 3922 6408 3923 6409 3917 6409 3916 6409 3917 6410 3918 6410 3922 6410 3923 6411 3918 6411 3917 6411 3918 6412 3919 6412 3922 6412 3923 6413 3919 6413 3918 6413 3919 6414 3920 6414 3922 6414 3923 6415 3920 6415 3919 6415 3920 6416 3921 6416 3922 6416 3923 6417 3921 6417 3920 6417 3921 6418 3916 6418 3922 6418 3923 6419 3916 6419 3921 6419 3924 6420 3925 6420 3931 6420 3924 6421 3931 6421 3930 6421 3936 6422 3925 6422 3924 6422 3937 6423 3930 6423 3931 6423 3925 6424 3926 6424 3932 6424 3925 6425 3932 6425 3931 6425 3936 6426 3926 6426 3925 6426 3937 6427 3931 6427 3932 6427 3926 6428 3927 6428 3933 6428 3926 6429 3933 6429 3932 6429 3936 6430 3927 6430 3926 6430 3937 6431 3932 6431 3933 6431 3927 6432 3928 6432 3934 6432 3927 6433 3934 6433 3933 6433 3936 6434 3928 6434 3927 6434 3937 6435 3933 6435 3934 6435 3928 6436 3929 6436 3935 6436 3928 6437 3935 6437 3934 6437 3936 6438 3929 6438 3928 6438 3937 6439 3934 6439 3935 6439 3929 6440 3924 6440 3930 6440 3929 6441 3930 6441 3935 6441 3936 6442 3924 6442 3929 6442 3937 6443 3935 6443 3930 6443 3938 6444 3939 6444 3944 6444 3945 6445 3939 6445 3938 6445 3939 6446 3940 6446 3944 6446 3945 6447 3940 6447 3939 6447 3940 6448 3941 6448 3944 6448 3945 6449 3941 6449 3940 6449 3941 6450 3942 6450 3944 6450 3945 6451 3942 6451 3941 6451 3942 6452 3943 6452 3944 6452 3945 6453 3943 6453 3942 6453 3943 6454 3938 6454 3944 6454 3945 6455 3938 6455 3943 6455 3946 6456 3947 6456 3953 6456 3946 6457 3953 6457 3952 6457 3958 6458 3947 6458 3946 6458 3959 6459 3952 6459 3953 6459 3947 6460 3948 6460 3954 6460 3947 6461 3954 6461 3953 6461 3958 6462 3948 6462 3947 6462 3959 6463 3953 6463 3954 6463 3948 6464 3949 6464 3955 6464 3948 6465 3955 6465 3954 6465 3958 6466 3949 6466 3948 6466 3959 6467 3954 6467 3955 6467 3949 6468 3950 6468 3956 6468 3949 6469 3956 6469 3955 6469 3958 6470 3950 6470 3949 6470 3959 6471 3955 6471 3956 6471 3950 6472 3951 6472 3957 6472 3950 6473 3957 6473 3956 6473 3958 6474 3951 6474 3950 6474 3959 6475 3956 6475 3957 6475 3951 6476 3946 6476 3952 6476 3951 6477 3952 6477 3957 6477 3958 6478 3946 6478 3951 6478 3959 6479 3957 6479 3952 6479 3960 6480 3961 6480 3966 6480 3967 6481 3961 6481 3960 6481 3961 6482 3962 6482 3966 6482 3967 6483 3962 6483 3961 6483 3962 6484 3963 6484 3966 6484 3967 6485 3963 6485 3962 6485 3963 6486 3964 6486 3966 6486 3967 6487 3964 6487 3963 6487 3964 6488 3965 6488 3966 6488 3967 6489 3965 6489 3964 6489 3965 6490 3960 6490 3966 6490 3967 6491 3960 6491 3965 6491 3968 6492 3969 6492 3975 6492 3968 6493 3975 6493 3974 6493 3980 6494 3969 6494 3968 6494 3981 6495 3974 6495 3975 6495 3969 6496 3970 6496 3976 6496 3969 6497 3976 6497 3975 6497 3980 6498 3970 6498 3969 6498 3981 6499 3975 6499 3976 6499 3970 6500 3971 6500 3977 6500 3970 6501 3977 6501 3976 6501 3980 6502 3971 6502 3970 6502 3981 6503 3976 6503 3977 6503 3971 6504 3972 6504 3978 6504 3971 6505 3978 6505 3977 6505 3980 6506 3972 6506 3971 6506 3981 6507 3977 6507 3978 6507 3972 6508 3973 6508 3979 6508 3972 6509 3979 6509 3978 6509 3980 6510 3973 6510 3972 6510 3981 6511 3978 6511 3979 6511 3973 6512 3968 6512 3974 6512 3973 6513 3974 6513 3979 6513 3980 6514 3968 6514 3973 6514 3981 6515 3979 6515 3974 6515 3982 6516 3983 6516 3988 6516 3989 6517 3983 6517 3982 6517 3983 6518 3984 6518 3988 6518 3989 6519 3984 6519 3983 6519 3984 6520 3985 6520 3988 6520 3989 6521 3985 6521 3984 6521 3985 6522 3986 6522 3988 6522 3989 6523 3986 6523 3985 6523 3986 6524 3987 6524 3988 6524 3989 6525 3987 6525 3986 6525 3987 6526 3982 6526 3988 6526 3989 6527 3982 6527 3987 6527 3990 6528 3991 6528 3997 6528 3990 6529 3997 6529 3996 6529 4002 6530 3991 6530 3990 6530 4003 6531 3996 6531 3997 6531 3991 6532 3992 6532 3998 6532 3991 6533 3998 6533 3997 6533 4002 6534 3992 6534 3991 6534 4003 6535 3997 6535 3998 6535 3992 6536 3993 6536 3999 6536 3992 6537 3999 6537 3998 6537 4002 6538 3993 6538 3992 6538 4003 6539 3998 6539 3999 6539 3993 6540 3994 6540 4000 6540 3993 6541 4000 6541 3999 6541 4002 6542 3994 6542 3993 6542 4003 6543 3999 6543 4000 6543 3994 6544 3995 6544 4001 6544 3994 6545 4001 6545 4000 6545 4002 6546 3995 6546 3994 6546 4003 6547 4000 6547 4001 6547 3995 6548 3990 6548 3996 6548 3995 6549 3996 6549 4001 6549 4002 6550 3990 6550 3995 6550 4003 6551 4001 6551 3996 6551 4004 6552 4005 6552 4010 6552 4011 6553 4005 6553 4004 6553 4005 6554 4006 6554 4010 6554 4011 6555 4006 6555 4005 6555 4006 6556 4007 6556 4010 6556 4011 6557 4007 6557 4006 6557 4007 6558 4008 6558 4010 6558 4011 6559 4008 6559 4007 6559 4008 6560 4009 6560 4010 6560 4011 6561 4009 6561 4008 6561 4009 6562 4004 6562 4010 6562 4011 6563 4004 6563 4009 6563 4012 6564 4013 6564 4019 6564 4012 6565 4019 6565 4018 6565 4024 6566 4013 6566 4012 6566 4025 6567 4018 6567 4019 6567 4013 6568 4014 6568 4020 6568 4013 6569 4020 6569 4019 6569 4024 6570 4014 6570 4013 6570 4025 6571 4019 6571 4020 6571 4014 6572 4015 6572 4021 6572 4014 6573 4021 6573 4020 6573 4024 6574 4015 6574 4014 6574 4025 6575 4020 6575 4021 6575 4015 6576 4016 6576 4022 6576 4015 6577 4022 6577 4021 6577 4024 6578 4016 6578 4015 6578 4025 6579 4021 6579 4022 6579 4016 6580 4017 6580 4023 6580 4016 6581 4023 6581 4022 6581 4024 6582 4017 6582 4016 6582 4025 6583 4022 6583 4023 6583 4017 6584 4012 6584 4018 6584 4017 6585 4018 6585 4023 6585 4024 6586 4012 6586 4017 6586 4025 6587 4023 6587 4018 6587 4026 6588 4027 6588 4032 6588 4033 6589 4027 6589 4026 6589 4027 6590 4028 6590 4032 6590 4033 6591 4028 6591 4027 6591 4028 6592 4029 6592 4032 6592 4033 6593 4029 6593 4028 6593 4029 6594 4030 6594 4032 6594 4033 6595 4030 6595 4029 6595 4030 6596 4031 6596 4032 6596 4033 6597 4031 6597 4030 6597 4031 6598 4026 6598 4032 6598 4033 6599 4026 6599 4031 6599 4034 6600 4035 6600 4041 6600 4034 6601 4041 6601 4040 6601 4046 6602 4035 6602 4034 6602 4047 6603 4040 6603 4041 6603 4035 6604 4036 6604 4042 6604 4035 6605 4042 6605 4041 6605 4046 6606 4036 6606 4035 6606 4047 6607 4041 6607 4042 6607 4036 6608 4037 6608 4043 6608 4036 6609 4043 6609 4042 6609 4046 6610 4037 6610 4036 6610 4047 6611 4042 6611 4043 6611 4037 6612 4038 6612 4044 6612 4037 6613 4044 6613 4043 6613 4046 6614 4038 6614 4037 6614 4047 6615 4043 6615 4044 6615 4038 6616 4039 6616 4045 6616 4038 6617 4045 6617 4044 6617 4046 6618 4039 6618 4038 6618 4047 6619 4044 6619 4045 6619 4039 6620 4034 6620 4040 6620 4039 6621 4040 6621 4045 6621 4046 6622 4034 6622 4039 6622 4047 6623 4045 6623 4040 6623 4048 6624 4049 6624 4054 6624 4055 6625 4049 6625 4048 6625 4049 6626 4050 6626 4054 6626 4055 6627 4050 6627 4049 6627 4050 6628 4051 6628 4054 6628 4055 6629 4051 6629 4050 6629 4051 6630 4052 6630 4054 6630 4055 6631 4052 6631 4051 6631 4052 6632 4053 6632 4054 6632 4055 6633 4053 6633 4052 6633 4053 6634 4048 6634 4054 6634 4055 6635 4048 6635 4053 6635 4056 6636 4057 6636 4063 6636 4056 6637 4063 6637 4062 6637 4068 6638 4057 6638 4056 6638 4069 6639 4062 6639 4063 6639 4057 6640 4058 6640 4064 6640 4057 6641 4064 6641 4063 6641 4068 6642 4058 6642 4057 6642 4069 6643 4063 6643 4064 6643 4058 6644 4059 6644 4065 6644 4058 6645 4065 6645 4064 6645 4068 6646 4059 6646 4058 6646 4069 6647 4064 6647 4065 6647 4059 6648 4060 6648 4066 6648 4059 6649 4066 6649 4065 6649 4068 6650 4060 6650 4059 6650 4069 6651 4065 6651 4066 6651 4060 6652 4061 6652 4067 6652 4060 6653 4067 6653 4066 6653 4068 6654 4061 6654 4060 6654 4069 6655 4066 6655 4067 6655 4061 6656 4056 6656 4062 6656 4061 6657 4062 6657 4067 6657 4068 6658 4056 6658 4061 6658 4069 6659 4067 6659 4062 6659 4070 6660 4071 6660 4076 6660 4077 6661 4071 6661 4070 6661 4071 6662 4072 6662 4076 6662 4077 6663 4072 6663 4071 6663 4072 6664 4073 6664 4076 6664 4077 6665 4073 6665 4072 6665 4073 6666 4074 6666 4076 6666 4077 6667 4074 6667 4073 6667 4074 6668 4075 6668 4076 6668 4077 6669 4075 6669 4074 6669 4075 6670 4070 6670 4076 6670 4077 6671 4070 6671 4075 6671 4078 6672 4079 6672 4085 6672 4078 6673 4085 6673 4084 6673 4090 6674 4079 6674 4078 6674 4091 6675 4084 6675 4085 6675 4079 6676 4080 6676 4086 6676 4079 6677 4086 6677 4085 6677 4090 6678 4080 6678 4079 6678 4091 6679 4085 6679 4086 6679 4080 6680 4081 6680 4087 6680 4080 6681 4087 6681 4086 6681 4090 6682 4081 6682 4080 6682 4091 6683 4086 6683 4087 6683 4081 6684 4082 6684 4088 6684 4081 6685 4088 6685 4087 6685 4090 6686 4082 6686 4081 6686 4091 6687 4087 6687 4088 6687 4082 6688 4083 6688 4089 6688 4082 6689 4089 6689 4088 6689 4090 6690 4083 6690 4082 6690 4091 6691 4088 6691 4089 6691 4083 6692 4078 6692 4084 6692 4083 6693 4084 6693 4089 6693 4090 6694 4078 6694 4083 6694 4091 6695 4089 6695 4084 6695 4092 6696 4093 6696 4098 6696 4099 6697 4093 6697 4092 6697 4093 6698 4094 6698 4098 6698 4099 6699 4094 6699 4093 6699 4094 6700 4095 6700 4098 6700 4099 6701 4095 6701 4094 6701 4095 6702 4096 6702 4098 6702 4099 6703 4096 6703 4095 6703 4096 6704 4097 6704 4098 6704 4099 6705 4097 6705 4096 6705 4097 6706 4092 6706 4098 6706 4099 6707 4092 6707 4097 6707 4100 6708 4101 6708 4107 6708 4100 6709 4107 6709 4106 6709 4112 6710 4101 6710 4100 6710 4113 6711 4106 6711 4107 6711 4101 6712 4102 6712 4108 6712 4101 6713 4108 6713 4107 6713 4112 6714 4102 6714 4101 6714 4113 6715 4107 6715 4108 6715 4102 6716 4103 6716 4109 6716 4102 6717 4109 6717 4108 6717 4112 6718 4103 6718 4102 6718 4113 6719 4108 6719 4109 6719 4103 6720 4104 6720 4110 6720 4103 6721 4110 6721 4109 6721 4112 6722 4104 6722 4103 6722 4113 6723 4109 6723 4110 6723 4104 6724 4105 6724 4111 6724 4104 6725 4111 6725 4110 6725 4112 6726 4105 6726 4104 6726 4113 6727 4110 6727 4111 6727 4105 6728 4100 6728 4106 6728 4105 6729 4106 6729 4111 6729 4112 6730 4100 6730 4105 6730 4113 6731 4111 6731 4106 6731 4114 6732 4115 6732 4120 6732 4121 6733 4115 6733 4114 6733 4115 6734 4116 6734 4120 6734 4121 6735 4116 6735 4115 6735 4116 6736 4117 6736 4120 6736 4121 6737 4117 6737 4116 6737 4117 6738 4118 6738 4120 6738 4121 6739 4118 6739 4117 6739 4118 6740 4119 6740 4120 6740 4121 6741 4119 6741 4118 6741 4119 6742 4114 6742 4120 6742 4121 6743 4114 6743 4119 6743 4122 6744 4123 6744 4129 6744 4122 6745 4129 6745 4128 6745 4134 6746 4123 6746 4122 6746 4135 6747 4128 6747 4129 6747 4123 6748 4124 6748 4130 6748 4123 6749 4130 6749 4129 6749 4134 6750 4124 6750 4123 6750 4135 6751 4129 6751 4130 6751 4124 6752 4125 6752 4131 6752 4124 6753 4131 6753 4130 6753 4134 6754 4125 6754 4124 6754 4135 6755 4130 6755 4131 6755 4125 6756 4126 6756 4132 6756 4125 6757 4132 6757 4131 6757 4134 6758 4126 6758 4125 6758 4135 6759 4131 6759 4132 6759 4126 6760 4127 6760 4133 6760 4126 6761 4133 6761 4132 6761 4134 6762 4127 6762 4126 6762 4135 6763 4132 6763 4133 6763 4127 6764 4122 6764 4128 6764 4127 6765 4128 6765 4133 6765 4134 6766 4122 6766 4127 6766 4135 6767 4133 6767 4128 6767 4136 6768 4137 6768 4142 6768 4143 6769 4137 6769 4136 6769 4137 6770 4138 6770 4142 6770 4143 6771 4138 6771 4137 6771 4138 6772 4139 6772 4142 6772 4143 6773 4139 6773 4138 6773 4139 6774 4140 6774 4142 6774 4143 6775 4140 6775 4139 6775 4140 6776 4141 6776 4142 6776 4143 6777 4141 6777 4140 6777 4141 6778 4136 6778 4142 6778 4143 6779 4136 6779 4141 6779 4144 6780 4145 6780 4151 6780 4144 6781 4151 6781 4150 6781 4156 6782 4145 6782 4144 6782 4157 6783 4150 6783 4151 6783 4145 6784 4146 6784 4152 6784 4145 6785 4152 6785 4151 6785 4156 6786 4146 6786 4145 6786 4157 6787 4151 6787 4152 6787 4146 6788 4147 6788 4153 6788 4146 6789 4153 6789 4152 6789 4156 6790 4147 6790 4146 6790 4157 6791 4152 6791 4153 6791 4147 6792 4148 6792 4154 6792 4147 6793 4154 6793 4153 6793 4156 6794 4148 6794 4147 6794 4157 6795 4153 6795 4154 6795 4148 6796 4149 6796 4155 6796 4148 6797 4155 6797 4154 6797 4156 6798 4149 6798 4148 6798 4157 6799 4154 6799 4155 6799 4149 6800 4144 6800 4150 6800 4149 6801 4150 6801 4155 6801 4156 6802 4144 6802 4149 6802 4157 6803 4155 6803 4150 6803 4158 6804 4159 6804 4164 6804 4165 6805 4159 6805 4158 6805 4159 6806 4160 6806 4164 6806 4165 6807 4160 6807 4159 6807 4160 6808 4161 6808 4164 6808 4165 6809 4161 6809 4160 6809 4161 6810 4162 6810 4164 6810 4165 6811 4162 6811 4161 6811 4162 6812 4163 6812 4164 6812 4165 6813 4163 6813 4162 6813 4163 6814 4158 6814 4164 6814 4165 6815 4158 6815 4163 6815 4166 6816 4167 6816 4173 6816 4166 6817 4173 6817 4172 6817 4178 6818 4167 6818 4166 6818 4179 6819 4172 6819 4173 6819 4167 6820 4168 6820 4174 6820 4167 6821 4174 6821 4173 6821 4178 6822 4168 6822 4167 6822 4179 6823 4173 6823 4174 6823 4168 6824 4169 6824 4175 6824 4168 6825 4175 6825 4174 6825 4178 6826 4169 6826 4168 6826 4179 6827 4174 6827 4175 6827 4169 6828 4170 6828 4176 6828 4169 6829 4176 6829 4175 6829 4178 6830 4170 6830 4169 6830 4179 6831 4175 6831 4176 6831 4170 6832 4171 6832 4177 6832 4170 6833 4177 6833 4176 6833 4178 6834 4171 6834 4170 6834 4179 6835 4176 6835 4177 6835 4171 6836 4166 6836 4172 6836 4171 6837 4172 6837 4177 6837 4178 6838 4166 6838 4171 6838 4179 6839 4177 6839 4172 6839 4180 6840 4181 6840 4186 6840 4187 6841 4181 6841 4180 6841 4181 6842 4182 6842 4186 6842 4187 6843 4182 6843 4181 6843 4182 6844 4183 6844 4186 6844 4187 6845 4183 6845 4182 6845 4183 6846 4184 6846 4186 6846 4187 6847 4184 6847 4183 6847 4184 6848 4185 6848 4186 6848 4187 6849 4185 6849 4184 6849 4185 6850 4180 6850 4186 6850 4187 6851 4180 6851 4185 6851 4188 6852 4189 6852 4195 6852 4188 6853 4195 6853 4194 6853 4200 6854 4189 6854 4188 6854 4201 6855 4194 6855 4195 6855 4189 6856 4190 6856 4196 6856 4189 6857 4196 6857 4195 6857 4200 6858 4190 6858 4189 6858 4201 6859 4195 6859 4196 6859 4190 6860 4191 6860 4197 6860 4190 6861 4197 6861 4196 6861 4200 6862 4191 6862 4190 6862 4201 6863 4196 6863 4197 6863 4191 6864 4192 6864 4198 6864 4191 6865 4198 6865 4197 6865 4200 6866 4192 6866 4191 6866 4201 6867 4197 6867 4198 6867 4192 6868 4193 6868 4199 6868 4192 6869 4199 6869 4198 6869 4200 6870 4193 6870 4192 6870 4201 6871 4198 6871 4199 6871 4193 6872 4188 6872 4194 6872 4193 6873 4194 6873 4199 6873 4200 6874 4188 6874 4193 6874 4201 6875 4199 6875 4194 6875 4202 6876 4203 6876 4208 6876 4209 6877 4203 6877 4202 6877 4203 6878 4204 6878 4208 6878 4209 6879 4204 6879 4203 6879 4204 6880 4205 6880 4208 6880 4209 6881 4205 6881 4204 6881 4205 6882 4206 6882 4208 6882 4209 6883 4206 6883 4205 6883 4206 6884 4207 6884 4208 6884 4209 6885 4207 6885 4206 6885 4207 6886 4202 6886 4208 6886 4209 6887 4202 6887 4207 6887 4210 6888 4211 6888 4217 6888 4210 6889 4217 6889 4216 6889 4222 6890 4211 6890 4210 6890 4223 6891 4216 6891 4217 6891 4211 6892 4212 6892 4218 6892 4211 6893 4218 6893 4217 6893 4222 6894 4212 6894 4211 6894 4223 6895 4217 6895 4218 6895 4212 6896 4213 6896 4219 6896 4212 6897 4219 6897 4218 6897 4222 6898 4213 6898 4212 6898 4223 6899 4218 6899 4219 6899 4213 6900 4214 6900 4220 6900 4213 6901 4220 6901 4219 6901 4222 6902 4214 6902 4213 6902 4223 6903 4219 6903 4220 6903 4214 6904 4215 6904 4221 6904 4214 6905 4221 6905 4220 6905 4222 6906 4215 6906 4214 6906 4223 6907 4220 6907 4221 6907 4215 6908 4210 6908 4216 6908 4215 6909 4216 6909 4221 6909 4222 6910 4210 6910 4215 6910 4223 6911 4221 6911 4216 6911 4224 6912 4225 6912 4230 6912 4231 6913 4225 6913 4224 6913 4225 6914 4226 6914 4230 6914 4231 6915 4226 6915 4225 6915 4226 6916 4227 6916 4230 6916 4231 6917 4227 6917 4226 6917 4227 6918 4228 6918 4230 6918 4231 6919 4228 6919 4227 6919 4228 6920 4229 6920 4230 6920 4231 6921 4229 6921 4228 6921 4229 6922 4224 6922 4230 6922 4231 6923 4224 6923 4229 6923 4232 6924 4233 6924 4239 6924 4232 6925 4239 6925 4238 6925 4244 6926 4233 6926 4232 6926 4245 6927 4238 6927 4239 6927 4233 6928 4234 6928 4240 6928 4233 6929 4240 6929 4239 6929 4244 6930 4234 6930 4233 6930 4245 6931 4239 6931 4240 6931 4234 6932 4235 6932 4241 6932 4234 6933 4241 6933 4240 6933 4244 6934 4235 6934 4234 6934 4245 6935 4240 6935 4241 6935 4235 6936 4236 6936 4242 6936 4235 6937 4242 6937 4241 6937 4244 6938 4236 6938 4235 6938 4245 6939 4241 6939 4242 6939 4236 6940 4237 6940 4243 6940 4236 6941 4243 6941 4242 6941 4244 6942 4237 6942 4236 6942 4245 6943 4242 6943 4243 6943 4237 6944 4232 6944 4238 6944 4237 6945 4238 6945 4243 6945 4244 6946 4232 6946 4237 6946 4245 6947 4243 6947 4238 6947 4246 6948 4247 6948 4252 6948 4253 6949 4247 6949 4246 6949 4247 6950 4248 6950 4252 6950 4253 6951 4248 6951 4247 6951 4248 6952 4249 6952 4252 6952 4253 6953 4249 6953 4248 6953 4249 6954 4250 6954 4252 6954 4253 6955 4250 6955 4249 6955 4250 6956 4251 6956 4252 6956 4253 6957 4251 6957 4250 6957 4251 6958 4246 6958 4252 6958 4253 6959 4246 6959 4251 6959 4254 6960 4255 6960 4261 6960 4254 6961 4261 6961 4260 6961 4266 6962 4255 6962 4254 6962 4267 6963 4260 6963 4261 6963 4255 6964 4256 6964 4262 6964 4255 6965 4262 6965 4261 6965 4266 6966 4256 6966 4255 6966 4267 6967 4261 6967 4262 6967 4256 6968 4257 6968 4263 6968 4256 6969 4263 6969 4262 6969 4266 6970 4257 6970 4256 6970 4267 6971 4262 6971 4263 6971 4257 6972 4258 6972 4264 6972 4257 6973 4264 6973 4263 6973 4266 6974 4258 6974 4257 6974 4267 6975 4263 6975 4264 6975 4258 6976 4259 6976 4265 6976 4258 6977 4265 6977 4264 6977 4266 6978 4259 6978 4258 6978 4267 6979 4264 6979 4265 6979 4259 6980 4254 6980 4260 6980 4259 6981 4260 6981 4265 6981 4266 6982 4254 6982 4259 6982 4267 6983 4265 6983 4260 6983 4268 6984 4269 6984 4274 6984 4275 6985 4269 6985 4268 6985 4269 6986 4270 6986 4274 6986 4275 6987 4270 6987 4269 6987 4270 6988 4271 6988 4274 6988 4275 6989 4271 6989 4270 6989 4271 6990 4272 6990 4274 6990 4275 6991 4272 6991 4271 6991 4272 6992 4273 6992 4274 6992 4275 6993 4273 6993 4272 6993 4273 6994 4268 6994 4274 6994 4275 6995 4268 6995 4273 6995 4276 6996 4277 6996 4283 6996 4276 6997 4283 6997 4282 6997 4288 6998 4277 6998 4276 6998 4289 6999 4282 6999 4283 6999 4277 7000 4278 7000 4284 7000 4277 7001 4284 7001 4283 7001 4288 7002 4278 7002 4277 7002 4289 7003 4283 7003 4284 7003 4278 7004 4279 7004 4285 7004 4278 7005 4285 7005 4284 7005 4288 7006 4279 7006 4278 7006 4289 7007 4284 7007 4285 7007 4279 7008 4280 7008 4286 7008 4279 7009 4286 7009 4285 7009 4288 7010 4280 7010 4279 7010 4289 7011 4285 7011 4286 7011 4280 7012 4281 7012 4287 7012 4280 7013 4287 7013 4286 7013 4288 7014 4281 7014 4280 7014 4289 7015 4286 7015 4287 7015 4281 7016 4276 7016 4282 7016 4281 7017 4282 7017 4287 7017 4288 7018 4276 7018 4281 7018 4289 7019 4287 7019 4282 7019 4290 7020 4291 7020 4296 7020 4297 7021 4291 7021 4290 7021 4291 7022 4292 7022 4296 7022 4297 7023 4292 7023 4291 7023 4292 7024 4293 7024 4296 7024 4297 7025 4293 7025 4292 7025 4293 7026 4294 7026 4296 7026 4297 7027 4294 7027 4293 7027 4294 7028 4295 7028 4296 7028 4297 7029 4295 7029 4294 7029 4295 7030 4290 7030 4296 7030 4297 7031 4290 7031 4295 7031 4298 7032 4299 7032 4305 7032 4298 7033 4305 7033 4304 7033 4310 7034 4299 7034 4298 7034 4311 7035 4304 7035 4305 7035 4299 7036 4300 7036 4306 7036 4299 7037 4306 7037 4305 7037 4310 7038 4300 7038 4299 7038 4311 7039 4305 7039 4306 7039 4300 7040 4301 7040 4307 7040 4300 7041 4307 7041 4306 7041 4310 7042 4301 7042 4300 7042 4311 7043 4306 7043 4307 7043 4301 7044 4302 7044 4308 7044 4301 7045 4308 7045 4307 7045 4310 7046 4302 7046 4301 7046 4311 7047 4307 7047 4308 7047 4302 7048 4303 7048 4309 7048 4302 7049 4309 7049 4308 7049 4310 7050 4303 7050 4302 7050 4311 7051 4308 7051 4309 7051 4303 7052 4298 7052 4304 7052 4303 7053 4304 7053 4309 7053 4310 7054 4298 7054 4303 7054 4311 7055 4309 7055 4304 7055 4312 7056 4313 7056 4318 7056 4319 7057 4313 7057 4312 7057 4313 7058 4314 7058 4318 7058 4319 7059 4314 7059 4313 7059 4314 7060 4315 7060 4318 7060 4319 7061 4315 7061 4314 7061 4315 7062 4316 7062 4318 7062 4319 7063 4316 7063 4315 7063 4316 7064 4317 7064 4318 7064 4319 7065 4317 7065 4316 7065 4317 7066 4312 7066 4318 7066 4319 7067 4312 7067 4317 7067 4320 7068 4321 7068 4327 7068 4320 7069 4327 7069 4326 7069 4332 7070 4321 7070 4320 7070 4333 7071 4326 7071 4327 7071 4321 7072 4322 7072 4328 7072 4321 7073 4328 7073 4327 7073 4332 7074 4322 7074 4321 7074 4333 7075 4327 7075 4328 7075 4322 7076 4323 7076 4329 7076 4322 7077 4329 7077 4328 7077 4332 7078 4323 7078 4322 7078 4333 7079 4328 7079 4329 7079 4323 7080 4324 7080 4330 7080 4323 7081 4330 7081 4329 7081 4332 7082 4324 7082 4323 7082 4333 7083 4329 7083 4330 7083 4324 7084 4325 7084 4331 7084 4324 7085 4331 7085 4330 7085 4332 7086 4325 7086 4324 7086 4333 7087 4330 7087 4331 7087 4325 7088 4320 7088 4326 7088 4325 7089 4326 7089 4331 7089 4332 7090 4320 7090 4325 7090 4333 7091 4331 7091 4326 7091 4334 7092 4335 7092 4340 7092 4341 7093 4335 7093 4334 7093 4335 7094 4336 7094 4340 7094 4341 7095 4336 7095 4335 7095 4336 7096 4337 7096 4340 7096 4341 7097 4337 7097 4336 7097 4337 7098 4338 7098 4340 7098 4341 7099 4338 7099 4337 7099 4338 7100 4339 7100 4340 7100 4341 7101 4339 7101 4338 7101 4339 7102 4334 7102 4340 7102 4341 7103 4334 7103 4339 7103 4342 7104 4343 7104 4349 7104 4342 7105 4349 7105 4348 7105 4354 7106 4343 7106 4342 7106 4355 7107 4348 7107 4349 7107 4343 7108 4344 7108 4350 7108 4343 7109 4350 7109 4349 7109 4354 7110 4344 7110 4343 7110 4355 7111 4349 7111 4350 7111 4344 7112 4345 7112 4351 7112 4344 7113 4351 7113 4350 7113 4354 7114 4345 7114 4344 7114 4355 7115 4350 7115 4351 7115 4345 7116 4346 7116 4352 7116 4345 7117 4352 7117 4351 7117 4354 7118 4346 7118 4345 7118 4355 7119 4351 7119 4352 7119 4346 7120 4347 7120 4353 7120 4346 7121 4353 7121 4352 7121 4354 7122 4347 7122 4346 7122 4355 7123 4352 7123 4353 7123 4347 7124 4342 7124 4348 7124 4347 7125 4348 7125 4353 7125 4354 7126 4342 7126 4347 7126 4355 7127 4353 7127 4348 7127 4356 7128 4357 7128 4362 7128 4363 7129 4357 7129 4356 7129 4357 7130 4358 7130 4362 7130 4363 7131 4358 7131 4357 7131 4358 7132 4359 7132 4362 7132 4363 7133 4359 7133 4358 7133 4359 7134 4360 7134 4362 7134 4363 7135 4360 7135 4359 7135 4360 7136 4361 7136 4362 7136 4363 7137 4361 7137 4360 7137 4361 7138 4356 7138 4362 7138 4363 7139 4356 7139 4361 7139 4364 7140 4365 7140 4371 7140 4364 7141 4371 7141 4370 7141 4376 7142 4365 7142 4364 7142 4377 7143 4370 7143 4371 7143 4365 7144 4366 7144 4372 7144 4365 7145 4372 7145 4371 7145 4376 7146 4366 7146 4365 7146 4377 7147 4371 7147 4372 7147 4366 7148 4367 7148 4373 7148 4366 7149 4373 7149 4372 7149 4376 7150 4367 7150 4366 7150 4377 7151 4372 7151 4373 7151 4367 7152 4368 7152 4374 7152 4367 7153 4374 7153 4373 7153 4376 7154 4368 7154 4367 7154 4377 7155 4373 7155 4374 7155 4368 7156 4369 7156 4375 7156 4368 7157 4375 7157 4374 7157 4376 7158 4369 7158 4368 7158 4377 7159 4374 7159 4375 7159 4369 7160 4364 7160 4370 7160 4369 7161 4370 7161 4375 7161 4376 7162 4364 7162 4369 7162 4377 7163 4375 7163 4370 7163 4378 7164 4379 7164 4384 7164 4385 7165 4379 7165 4378 7165 4379 7166 4380 7166 4384 7166 4385 7167 4380 7167 4379 7167 4380 7168 4381 7168 4384 7168 4385 7169 4381 7169 4380 7169 4381 7170 4382 7170 4384 7170 4385 7171 4382 7171 4381 7171 4382 7172 4383 7172 4384 7172 4385 7173 4383 7173 4382 7173 4383 7174 4378 7174 4384 7174 4385 7175 4378 7175 4383 7175 4386 7176 4387 7176 4393 7176 4386 7177 4393 7177 4392 7177 4398 7178 4387 7178 4386 7178 4399 7179 4392 7179 4393 7179 4387 7180 4388 7180 4394 7180 4387 7181 4394 7181 4393 7181 4398 7182 4388 7182 4387 7182 4399 7183 4393 7183 4394 7183 4388 7184 4389 7184 4395 7184 4388 7185 4395 7185 4394 7185 4398 7186 4389 7186 4388 7186 4399 7187 4394 7187 4395 7187 4389 7188 4390 7188 4396 7188 4389 7189 4396 7189 4395 7189 4398 7190 4390 7190 4389 7190 4399 7191 4395 7191 4396 7191 4390 7192 4391 7192 4397 7192 4390 7193 4397 7193 4396 7193 4398 7194 4391 7194 4390 7194 4399 7195 4396 7195 4397 7195 4391 7196 4386 7196 4392 7196 4391 7197 4392 7197 4397 7197 4398 7198 4386 7198 4391 7198 4399 7199 4397 7199 4392 7199 4400 7200 4401 7200 4406 7200 4407 7201 4401 7201 4400 7201 4401 7202 4402 7202 4406 7202 4407 7203 4402 7203 4401 7203 4402 7204 4403 7204 4406 7204 4407 7205 4403 7205 4402 7205 4403 7206 4404 7206 4406 7206 4407 7207 4404 7207 4403 7207 4404 7208 4405 7208 4406 7208 4407 7209 4405 7209 4404 7209 4405 7210 4400 7210 4406 7210 4407 7211 4400 7211 4405 7211 4408 7212 4409 7212 4415 7212 4408 7213 4415 7213 4414 7213 4420 7214 4409 7214 4408 7214 4421 7215 4414 7215 4415 7215 4409 7216 4410 7216 4416 7216 4409 7217 4416 7217 4415 7217 4420 7218 4410 7218 4409 7218 4421 7219 4415 7219 4416 7219 4410 7220 4411 7220 4417 7220 4410 7221 4417 7221 4416 7221 4420 7222 4411 7222 4410 7222 4421 7223 4416 7223 4417 7223 4411 7224 4412 7224 4418 7224 4411 7225 4418 7225 4417 7225 4420 7226 4412 7226 4411 7226 4421 7227 4417 7227 4418 7227 4412 7228 4413 7228 4419 7228 4412 7229 4419 7229 4418 7229 4420 7230 4413 7230 4412 7230 4421 7231 4418 7231 4419 7231 4413 7232 4408 7232 4414 7232 4413 7233 4414 7233 4419 7233 4420 7234 4408 7234 4413 7234 4421 7235 4419 7235 4414 7235 4422 7236 4423 7236 4428 7236 4429 7237 4423 7237 4422 7237 4423 7238 4424 7238 4428 7238 4429 7239 4424 7239 4423 7239 4424 7240 4425 7240 4428 7240 4429 7241 4425 7241 4424 7241 4425 7242 4426 7242 4428 7242 4429 7243 4426 7243 4425 7243 4426 7244 4427 7244 4428 7244 4429 7245 4427 7245 4426 7245 4427 7246 4422 7246 4428 7246 4429 7247 4422 7247 4427 7247 4430 7248 4431 7248 4437 7248 4430 7249 4437 7249 4436 7249 4442 7250 4431 7250 4430 7250 4443 7251 4436 7251 4437 7251 4431 7252 4432 7252 4438 7252 4431 7253 4438 7253 4437 7253 4442 7254 4432 7254 4431 7254 4443 7255 4437 7255 4438 7255 4432 7256 4433 7256 4439 7256 4432 7257 4439 7257 4438 7257 4442 7258 4433 7258 4432 7258 4443 7259 4438 7259 4439 7259 4433 7260 4434 7260 4440 7260 4433 7261 4440 7261 4439 7261 4442 7262 4434 7262 4433 7262 4443 7263 4439 7263 4440 7263 4434 7264 4435 7264 4441 7264 4434 7265 4441 7265 4440 7265 4442 7266 4435 7266 4434 7266 4443 7267 4440 7267 4441 7267 4435 7268 4430 7268 4436 7268 4435 7269 4436 7269 4441 7269 4442 7270 4430 7270 4435 7270 4443 7271 4441 7271 4436 7271 4444 7272 4445 7272 4450 7272 4451 7273 4445 7273 4444 7273 4445 7274 4446 7274 4450 7274 4451 7275 4446 7275 4445 7275 4446 7276 4447 7276 4450 7276 4451 7277 4447 7277 4446 7277 4447 7278 4448 7278 4450 7278 4451 7279 4448 7279 4447 7279 4448 7280 4449 7280 4450 7280 4451 7281 4449 7281 4448 7281 4449 7282 4444 7282 4450 7282 4451 7283 4444 7283 4449 7283 4452 7284 4453 7284 4459 7284 4452 7285 4459 7285 4458 7285 4464 7286 4453 7286 4452 7286 4465 7287 4458 7287 4459 7287 4453 7288 4454 7288 4460 7288 4453 7289 4460 7289 4459 7289 4464 7290 4454 7290 4453 7290 4465 7291 4459 7291 4460 7291 4454 7292 4455 7292 4461 7292 4454 7293 4461 7293 4460 7293 4464 7294 4455 7294 4454 7294 4465 7295 4460 7295 4461 7295 4455 7296 4456 7296 4462 7296 4455 7297 4462 7297 4461 7297 4464 7298 4456 7298 4455 7298 4465 7299 4461 7299 4462 7299 4456 7300 4457 7300 4463 7300 4456 7301 4463 7301 4462 7301 4464 7302 4457 7302 4456 7302 4465 7303 4462 7303 4463 7303 4457 7304 4452 7304 4458 7304 4457 7305 4458 7305 4463 7305 4464 7306 4452 7306 4457 7306 4465 7307 4463 7307 4458 7307 4466 7308 4467 7308 4472 7308 4473 7309 4467 7309 4466 7309 4467 7310 4468 7310 4472 7310 4473 7311 4468 7311 4467 7311 4468 7312 4469 7312 4472 7312 4473 7313 4469 7313 4468 7313 4469 7314 4470 7314 4472 7314 4473 7315 4470 7315 4469 7315 4470 7316 4471 7316 4472 7316 4473 7317 4471 7317 4470 7317 4471 7318 4466 7318 4472 7318 4473 7319 4466 7319 4471 7319 4474 7320 4475 7320 4481 7320 4474 7321 4481 7321 4480 7321 4486 7322 4475 7322 4474 7322 4487 7323 4480 7323 4481 7323 4475 7324 4476 7324 4482 7324 4475 7325 4482 7325 4481 7325 4486 7326 4476 7326 4475 7326 4487 7327 4481 7327 4482 7327 4476 7328 4477 7328 4483 7328 4476 7329 4483 7329 4482 7329 4486 7330 4477 7330 4476 7330 4487 7331 4482 7331 4483 7331 4477 7332 4478 7332 4484 7332 4477 7333 4484 7333 4483 7333 4486 7334 4478 7334 4477 7334 4487 7335 4483 7335 4484 7335 4478 7336 4479 7336 4485 7336 4478 7337 4485 7337 4484 7337 4486 7338 4479 7338 4478 7338 4487 7339 4484 7339 4485 7339 4479 7340 4474 7340 4480 7340 4479 7341 4480 7341 4485 7341 4486 7342 4474 7342 4479 7342 4487 7343 4485 7343 4480 7343 4488 7344 4489 7344 4494 7344 4495 7345 4489 7345 4488 7345 4489 7346 4490 7346 4494 7346 4495 7347 4490 7347 4489 7347 4490 7348 4491 7348 4494 7348 4495 7349 4491 7349 4490 7349 4491 7350 4492 7350 4494 7350 4495 7351 4492 7351 4491 7351 4492 7352 4493 7352 4494 7352 4495 7353 4493 7353 4492 7353 4493 7354 4488 7354 4494 7354 4495 7355 4488 7355 4493 7355 4496 7356 4497 7356 4503 7356 4496 7357 4503 7357 4502 7357 4508 7358 4497 7358 4496 7358 4509 7359 4502 7359 4503 7359 4497 7360 4498 7360 4504 7360 4497 7361 4504 7361 4503 7361 4508 7362 4498 7362 4497 7362 4509 7363 4503 7363 4504 7363 4498 7364 4499 7364 4505 7364 4498 7365 4505 7365 4504 7365 4508 7366 4499 7366 4498 7366 4509 7367 4504 7367 4505 7367 4499 7368 4500 7368 4506 7368 4499 7369 4506 7369 4505 7369 4508 7370 4500 7370 4499 7370 4509 7371 4505 7371 4506 7371 4500 7372 4501 7372 4507 7372 4500 7373 4507 7373 4506 7373 4508 7374 4501 7374 4500 7374 4509 7375 4506 7375 4507 7375 4501 7376 4496 7376 4502 7376 4501 7377 4502 7377 4507 7377 4508 7378 4496 7378 4501 7378 4509 7379 4507 7379 4502 7379 4510 7380 4511 7380 4516 7380 4517 7381 4511 7381 4510 7381 4511 7382 4512 7382 4516 7382 4517 7383 4512 7383 4511 7383 4512 7384 4513 7384 4516 7384 4517 7385 4513 7385 4512 7385 4513 7386 4514 7386 4516 7386 4517 7387 4514 7387 4513 7387 4514 7388 4515 7388 4516 7388 4517 7389 4515 7389 4514 7389 4515 7390 4510 7390 4516 7390 4517 7391 4510 7391 4515 7391 4518 7392 4519 7392 4525 7392 4518 7393 4525 7393 4524 7393 4530 7394 4519 7394 4518 7394 4531 7395 4524 7395 4525 7395 4519 7396 4520 7396 4526 7396 4519 7397 4526 7397 4525 7397 4530 7398 4520 7398 4519 7398 4531 7399 4525 7399 4526 7399 4520 7400 4521 7400 4527 7400 4520 7401 4527 7401 4526 7401 4530 7402 4521 7402 4520 7402 4531 7403 4526 7403 4527 7403 4521 7404 4522 7404 4528 7404 4521 7405 4528 7405 4527 7405 4530 7406 4522 7406 4521 7406 4531 7407 4527 7407 4528 7407 4522 7408 4523 7408 4529 7408 4522 7409 4529 7409 4528 7409 4530 7410 4523 7410 4522 7410 4531 7411 4528 7411 4529 7411 4523 7412 4518 7412 4524 7412 4523 7413 4524 7413 4529 7413 4530 7414 4518 7414 4523 7414 4531 7415 4529 7415 4524 7415 4532 7416 4533 7416 4538 7416 4539 7417 4533 7417 4532 7417 4533 7418 4534 7418 4538 7418 4539 7419 4534 7419 4533 7419 4534 7420 4535 7420 4538 7420 4539 7421 4535 7421 4534 7421 4535 7422 4536 7422 4538 7422 4539 7423 4536 7423 4535 7423 4536 7424 4537 7424 4538 7424 4539 7425 4537 7425 4536 7425 4537 7426 4532 7426 4538 7426 4539 7427 4532 7427 4537 7427 4540 7428 4541 7428 4547 7428 4540 7429 4547 7429 4546 7429 4552 7430 4541 7430 4540 7430 4553 7431 4546 7431 4547 7431 4541 7432 4542 7432 4548 7432 4541 7433 4548 7433 4547 7433 4552 7434 4542 7434 4541 7434 4553 7435 4547 7435 4548 7435 4542 7436 4543 7436 4549 7436 4542 7437 4549 7437 4548 7437 4552 7438 4543 7438 4542 7438 4553 7439 4548 7439 4549 7439 4543 7440 4544 7440 4550 7440 4543 7441 4550 7441 4549 7441 4552 7442 4544 7442 4543 7442 4553 7443 4549 7443 4550 7443 4544 7444 4545 7444 4551 7444 4544 7445 4551 7445 4550 7445 4552 7446 4545 7446 4544 7446 4553 7447 4550 7447 4551 7447 4545 7448 4540 7448 4546 7448 4545 7449 4546 7449 4551 7449 4552 7450 4540 7450 4545 7450 4553 7451 4551 7451 4546 7451 4554 7452 4555 7452 4560 7452 4561 7453 4555 7453 4554 7453 4555 7454 4556 7454 4560 7454 4561 7455 4556 7455 4555 7455 4556 7456 4557 7456 4560 7456 4561 7457 4557 7457 4556 7457 4557 7458 4558 7458 4560 7458 4561 7459 4558 7459 4557 7459 4558 7460 4559 7460 4560 7460 4561 7461 4559 7461 4558 7461 4559 7462 4554 7462 4560 7462 4561 7463 4554 7463 4559 7463 4562 7464 4563 7464 4569 7464 4562 7465 4569 7465 4568 7465 4574 7466 4563 7466 4562 7466 4575 7467 4568 7467 4569 7467 4563 7468 4564 7468 4570 7468 4563 7469 4570 7469 4569 7469 4574 7470 4564 7470 4563 7470 4575 7471 4569 7471 4570 7471 4564 7472 4565 7472 4571 7472 4564 7473 4571 7473 4570 7473 4574 7474 4565 7474 4564 7474 4575 7475 4570 7475 4571 7475 4565 7476 4566 7476 4572 7476 4565 7477 4572 7477 4571 7477 4574 7478 4566 7478 4565 7478 4575 7479 4571 7479 4572 7479 4566 7480 4567 7480 4573 7480 4566 7481 4573 7481 4572 7481 4574 7482 4567 7482 4566 7482 4575 7483 4572 7483 4573 7483 4567 7484 4562 7484 4568 7484 4567 7485 4568 7485 4573 7485 4574 7486 4562 7486 4567 7486 4575 7487 4573 7487 4568 7487 4576 7488 4577 7488 4582 7488 4583 7489 4577 7489 4576 7489 4577 7490 4578 7490 4582 7490 4583 7491 4578 7491 4577 7491 4578 7492 4579 7492 4582 7492 4583 7493 4579 7493 4578 7493 4579 7494 4580 7494 4582 7494 4583 7495 4580 7495 4579 7495 4580 7496 4581 7496 4582 7496 4583 7497 4581 7497 4580 7497 4581 7498 4576 7498 4582 7498 4583 7499 4576 7499 4581 7499 4584 7500 4585 7500 4591 7500 4584 7501 4591 7501 4590 7501 4596 7502 4585 7502 4584 7502 4597 7503 4590 7503 4591 7503 4585 7504 4586 7504 4592 7504 4585 7505 4592 7505 4591 7505 4596 7506 4586 7506 4585 7506 4597 7507 4591 7507 4592 7507 4586 7508 4587 7508 4593 7508 4586 7509 4593 7509 4592 7509 4596 7510 4587 7510 4586 7510 4597 7511 4592 7511 4593 7511 4587 7512 4588 7512 4594 7512 4587 7513 4594 7513 4593 7513 4596 7514 4588 7514 4587 7514 4597 7515 4593 7515 4594 7515 4588 7516 4589 7516 4595 7516 4588 7517 4595 7517 4594 7517 4596 7518 4589 7518 4588 7518 4597 7519 4594 7519 4595 7519 4589 7520 4584 7520 4590 7520 4589 7521 4590 7521 4595 7521 4596 7522 4584 7522 4589 7522 4597 7523 4595 7523 4590 7523 4598 7524 4599 7524 4604 7524 4605 7525 4599 7525 4598 7525 4599 7526 4600 7526 4604 7526 4605 7527 4600 7527 4599 7527 4600 7528 4601 7528 4604 7528 4605 7529 4601 7529 4600 7529 4601 7530 4602 7530 4604 7530 4605 7531 4602 7531 4601 7531 4602 7532 4603 7532 4604 7532 4605 7533 4603 7533 4602 7533 4603 7534 4598 7534 4604 7534 4605 7535 4598 7535 4603 7535 4606 7536 4607 7536 4613 7536 4606 7537 4613 7537 4612 7537 4618 7538 4607 7538 4606 7538 4619 7539 4612 7539 4613 7539 4607 7540 4608 7540 4614 7540 4607 7541 4614 7541 4613 7541 4618 7542 4608 7542 4607 7542 4619 7543 4613 7543 4614 7543 4608 7544 4609 7544 4615 7544 4608 7545 4615 7545 4614 7545 4618 7546 4609 7546 4608 7546 4619 7547 4614 7547 4615 7547 4609 7548 4610 7548 4616 7548 4609 7549 4616 7549 4615 7549 4618 7550 4610 7550 4609 7550 4619 7551 4615 7551 4616 7551 4610 7552 4611 7552 4617 7552 4610 7553 4617 7553 4616 7553 4618 7554 4611 7554 4610 7554 4619 7555 4616 7555 4617 7555 4611 7556 4606 7556 4612 7556 4611 7557 4612 7557 4617 7557 4618 7558 4606 7558 4611 7558 4619 7559 4617 7559 4612 7559 4620 7560 4621 7560 4626 7560 4627 7561 4621 7561 4620 7561 4621 7562 4622 7562 4626 7562 4627 7563 4622 7563 4621 7563 4622 7564 4623 7564 4626 7564 4627 7565 4623 7565 4622 7565 4623 7566 4624 7566 4626 7566 4627 7567 4624 7567 4623 7567 4624 7568 4625 7568 4626 7568 4627 7569 4625 7569 4624 7569 4625 7570 4620 7570 4626 7570 4627 7571 4620 7571 4625 7571 4628 7572 4629 7572 4635 7572 4628 7573 4635 7573 4634 7573 4640 7574 4629 7574 4628 7574 4641 7575 4634 7575 4635 7575 4629 7576 4630 7576 4636 7576 4629 7577 4636 7577 4635 7577 4640 7578 4630 7578 4629 7578 4641 7579 4635 7579 4636 7579 4630 7580 4631 7580 4637 7580 4630 7581 4637 7581 4636 7581 4640 7582 4631 7582 4630 7582 4641 7583 4636 7583 4637 7583 4631 7584 4632 7584 4638 7584 4631 7585 4638 7585 4637 7585 4640 7586 4632 7586 4631 7586 4641 7587 4637 7587 4638 7587 4632 7588 4633 7588 4639 7588 4632 7589 4639 7589 4638 7589 4640 7590 4633 7590 4632 7590 4641 7591 4638 7591 4639 7591 4633 7592 4628 7592 4634 7592 4633 7593 4634 7593 4639 7593 4640 7594 4628 7594 4633 7594 4641 7595 4639 7595 4634 7595 4642 7596 4643 7596 4648 7596 4649 7597 4643 7597 4642 7597 4643 7598 4644 7598 4648 7598 4649 7599 4644 7599 4643 7599 4644 7600 4645 7600 4648 7600 4649 7601 4645 7601 4644 7601 4645 7602 4646 7602 4648 7602 4649 7603 4646 7603 4645 7603 4646 7604 4647 7604 4648 7604 4649 7605 4647 7605 4646 7605 4647 7606 4642 7606 4648 7606 4649 7607 4642 7607 4647 7607 4650 7608 4651 7608 4657 7608 4650 7609 4657 7609 4656 7609 4662 7610 4651 7610 4650 7610 4663 7611 4656 7611 4657 7611 4651 7612 4652 7612 4658 7612 4651 7613 4658 7613 4657 7613 4662 7614 4652 7614 4651 7614 4663 7615 4657 7615 4658 7615 4652 7616 4653 7616 4659 7616 4652 7617 4659 7617 4658 7617 4662 7618 4653 7618 4652 7618 4663 7619 4658 7619 4659 7619 4653 7620 4654 7620 4660 7620 4653 7621 4660 7621 4659 7621 4662 7622 4654 7622 4653 7622 4663 7623 4659 7623 4660 7623 4654 7624 4655 7624 4661 7624 4654 7625 4661 7625 4660 7625 4662 7626 4655 7626 4654 7626 4663 7627 4660 7627 4661 7627 4655 7628 4650 7628 4656 7628 4655 7629 4656 7629 4661 7629 4662 7630 4650 7630 4655 7630 4663 7631 4661 7631 4656 7631 4664 7632 4665 7632 4670 7632 4671 7633 4665 7633 4664 7633 4665 7634 4666 7634 4670 7634 4671 7635 4666 7635 4665 7635 4666 7636 4667 7636 4670 7636 4671 7637 4667 7637 4666 7637 4667 7638 4668 7638 4670 7638 4671 7639 4668 7639 4667 7639 4668 7640 4669 7640 4670 7640 4671 7641 4669 7641 4668 7641 4669 7642 4664 7642 4670 7642 4671 7643 4664 7643 4669 7643 4672 7644 4673 7644 4679 7644 4672 7645 4679 7645 4678 7645 4684 7646 4673 7646 4672 7646 4685 7647 4678 7647 4679 7647 4673 7648 4674 7648 4680 7648 4673 7649 4680 7649 4679 7649 4684 7650 4674 7650 4673 7650 4685 7651 4679 7651 4680 7651 4674 7652 4675 7652 4681 7652 4674 7653 4681 7653 4680 7653 4684 7654 4675 7654 4674 7654 4685 7655 4680 7655 4681 7655 4675 7656 4676 7656 4682 7656 4675 7657 4682 7657 4681 7657 4684 7658 4676 7658 4675 7658 4685 7659 4681 7659 4682 7659 4676 7660 4677 7660 4683 7660 4676 7661 4683 7661 4682 7661 4684 7662 4677 7662 4676 7662 4685 7663 4682 7663 4683 7663 4677 7664 4672 7664 4678 7664 4677 7665 4678 7665 4683 7665 4684 7666 4672 7666 4677 7666 4685 7667 4683 7667 4678 7667 4686 7668 4687 7668 4692 7668 4693 7669 4687 7669 4686 7669 4687 7670 4688 7670 4692 7670 4693 7671 4688 7671 4687 7671 4688 7672 4689 7672 4692 7672 4693 7673 4689 7673 4688 7673 4689 7674 4690 7674 4692 7674 4693 7675 4690 7675 4689 7675 4690 7676 4691 7676 4692 7676 4693 7677 4691 7677 4690 7677 4691 7678 4686 7678 4692 7678 4693 7679 4686 7679 4691 7679 4694 7680 4695 7680 4701 7680 4694 7681 4701 7681 4700 7681 4706 7682 4695 7682 4694 7682 4707 7683 4700 7683 4701 7683 4695 7684 4696 7684 4702 7684 4695 7685 4702 7685 4701 7685 4706 7686 4696 7686 4695 7686 4707 7687 4701 7687 4702 7687 4696 7688 4697 7688 4703 7688 4696 7689 4703 7689 4702 7689 4706 7690 4697 7690 4696 7690 4707 7691 4702 7691 4703 7691 4697 7692 4698 7692 4704 7692 4697 7693 4704 7693 4703 7693 4706 7694 4698 7694 4697 7694 4707 7695 4703 7695 4704 7695 4698 7696 4699 7696 4705 7696 4698 7697 4705 7697 4704 7697 4706 7698 4699 7698 4698 7698 4707 7699 4704 7699 4705 7699 4699 7700 4694 7700 4700 7700 4699 7701 4700 7701 4705 7701 4706 7702 4694 7702 4699 7702 4707 7703 4705 7703 4700 7703 4708 7704 4709 7704 4714 7704 4715 7705 4709 7705 4708 7705 4709 7706 4710 7706 4714 7706 4715 7707 4710 7707 4709 7707 4710 7708 4711 7708 4714 7708 4715 7709 4711 7709 4710 7709 4711 7710 4712 7710 4714 7710 4715 7711 4712 7711 4711 7711 4712 7712 4713 7712 4714 7712 4715 7713 4713 7713 4712 7713 4713 7714 4708 7714 4714 7714 4715 7715 4708 7715 4713 7715 4716 7716 4717 7716 4723 7716 4716 7717 4723 7717 4722 7717 4728 7718 4717 7718 4716 7718 4729 7719 4722 7719 4723 7719 4717 7720 4718 7720 4724 7720 4717 7721 4724 7721 4723 7721 4728 7722 4718 7722 4717 7722 4729 7723 4723 7723 4724 7723 4718 7724 4719 7724 4725 7724 4718 7725 4725 7725 4724 7725 4728 7726 4719 7726 4718 7726 4729 7727 4724 7727 4725 7727 4719 7728 4720 7728 4726 7728 4719 7729 4726 7729 4725 7729 4728 7730 4720 7730 4719 7730 4729 7731 4725 7731 4726 7731 4720 7732 4721 7732 4727 7732 4720 7733 4727 7733 4726 7733 4728 7734 4721 7734 4720 7734 4729 7735 4726 7735 4727 7735 4721 7736 4716 7736 4722 7736 4721 7737 4722 7737 4727 7737 4728 7738 4716 7738 4721 7738 4729 7739 4727 7739 4722 7739 4730 7740 4731 7740 4736 7740 4737 7741 4731 7741 4730 7741 4731 7742 4732 7742 4736 7742 4737 7743 4732 7743 4731 7743 4732 7744 4733 7744 4736 7744 4737 7745 4733 7745 4732 7745 4733 7746 4734 7746 4736 7746 4737 7747 4734 7747 4733 7747 4734 7748 4735 7748 4736 7748 4737 7749 4735 7749 4734 7749 4735 7750 4730 7750 4736 7750 4737 7751 4730 7751 4735 7751 4738 7752 4739 7752 4745 7752 4738 7753 4745 7753 4744 7753 4750 7754 4739 7754 4738 7754 4751 7755 4744 7755 4745 7755 4739 7756 4740 7756 4746 7756 4739 7757 4746 7757 4745 7757 4750 7758 4740 7758 4739 7758 4751 7759 4745 7759 4746 7759 4740 7760 4741 7760 4747 7760 4740 7761 4747 7761 4746 7761 4750 7762 4741 7762 4740 7762 4751 7763 4746 7763 4747 7763 4741 7764 4742 7764 4748 7764 4741 7765 4748 7765 4747 7765 4750 7766 4742 7766 4741 7766 4751 7767 4747 7767 4748 7767 4742 7768 4743 7768 4749 7768 4742 7769 4749 7769 4748 7769 4750 7770 4743 7770 4742 7770 4751 7771 4748 7771 4749 7771 4743 7772 4738 7772 4744 7772 4743 7773 4744 7773 4749 7773 4750 7774 4738 7774 4743 7774 4751 7775 4749 7775 4744 7775 4752 7776 4753 7776 4758 7776 4759 7777 4753 7777 4752 7777 4753 7778 4754 7778 4758 7778 4759 7779 4754 7779 4753 7779 4754 7780 4755 7780 4758 7780 4759 7781 4755 7781 4754 7781 4755 7782 4756 7782 4758 7782 4759 7783 4756 7783 4755 7783 4756 7784 4757 7784 4758 7784 4759 7785 4757 7785 4756 7785 4757 7786 4752 7786 4758 7786 4759 7787 4752 7787 4757 7787 4760 7788 4761 7788 4767 7788 4760 7789 4767 7789 4766 7789 4772 7790 4761 7790 4760 7790 4773 7791 4766 7791 4767 7791 4761 7792 4762 7792 4768 7792 4761 7793 4768 7793 4767 7793 4772 7794 4762 7794 4761 7794 4773 7795 4767 7795 4768 7795 4762 7796 4763 7796 4769 7796 4762 7797 4769 7797 4768 7797 4772 7798 4763 7798 4762 7798 4773 7799 4768 7799 4769 7799 4763 7800 4764 7800 4770 7800 4763 7801 4770 7801 4769 7801 4772 7802 4764 7802 4763 7802 4773 7803 4769 7803 4770 7803 4764 7804 4765 7804 4771 7804 4764 7805 4771 7805 4770 7805 4772 7806 4765 7806 4764 7806 4773 7807 4770 7807 4771 7807 4765 7808 4760 7808 4766 7808 4765 7809 4766 7809 4771 7809 4772 7810 4760 7810 4765 7810 4773 7811 4771 7811 4766 7811 4774 7812 4775 7812 4780 7812 4781 7813 4775 7813 4774 7813 4775 7814 4776 7814 4780 7814 4781 7815 4776 7815 4775 7815 4776 7816 4777 7816 4780 7816 4781 7817 4777 7817 4776 7817 4777 7818 4778 7818 4780 7818 4781 7819 4778 7819 4777 7819 4778 7820 4779 7820 4780 7820 4781 7821 4779 7821 4778 7821 4779 7822 4774 7822 4780 7822 4781 7823 4774 7823 4779 7823 4782 7824 4783 7824 4789 7824 4782 7825 4789 7825 4788 7825 4794 7826 4783 7826 4782 7826 4795 7827 4788 7827 4789 7827 4783 7828 4784 7828 4790 7828 4783 7829 4790 7829 4789 7829 4794 7830 4784 7830 4783 7830 4795 7831 4789 7831 4790 7831 4784 7832 4785 7832 4791 7832 4784 7833 4791 7833 4790 7833 4794 7834 4785 7834 4784 7834 4795 7835 4790 7835 4791 7835 4785 7836 4786 7836 4792 7836 4785 7837 4792 7837 4791 7837 4794 7838 4786 7838 4785 7838 4795 7839 4791 7839 4792 7839 4786 7840 4787 7840 4793 7840 4786 7841 4793 7841 4792 7841 4794 7842 4787 7842 4786 7842 4795 7843 4792 7843 4793 7843 4787 7844 4782 7844 4788 7844 4787 7845 4788 7845 4793 7845 4794 7846 4782 7846 4787 7846 4795 7847 4793 7847 4788 7847 4796 7848 4797 7848 4802 7848 4803 7849 4797 7849 4796 7849 4797 7850 4798 7850 4802 7850 4803 7851 4798 7851 4797 7851 4798 7852 4799 7852 4802 7852 4803 7853 4799 7853 4798 7853 4799 7854 4800 7854 4802 7854 4803 7855 4800 7855 4799 7855 4800 7856 4801 7856 4802 7856 4803 7857 4801 7857 4800 7857 4801 7858 4796 7858 4802 7858 4803 7859 4796 7859 4801 7859 4804 7860 4805 7860 4811 7860 4804 7861 4811 7861 4810 7861 4816 7862 4805 7862 4804 7862 4817 7863 4810 7863 4811 7863 4805 7864 4806 7864 4812 7864 4805 7865 4812 7865 4811 7865 4816 7866 4806 7866 4805 7866 4817 7867 4811 7867 4812 7867 4806 7868 4807 7868 4813 7868 4806 7869 4813 7869 4812 7869 4816 7870 4807 7870 4806 7870 4817 7871 4812 7871 4813 7871 4807 7872 4808 7872 4814 7872 4807 7873 4814 7873 4813 7873 4816 7874 4808 7874 4807 7874 4817 7875 4813 7875 4814 7875 4808 7876 4809 7876 4815 7876 4808 7877 4815 7877 4814 7877 4816 7878 4809 7878 4808 7878 4817 7879 4814 7879 4815 7879 4809 7880 4804 7880 4810 7880 4809 7881 4810 7881 4815 7881 4816 7882 4804 7882 4809 7882 4817 7883 4815 7883 4810 7883 4818 7884 4819 7884 4824 7884 4825 7885 4819 7885 4818 7885 4819 7886 4820 7886 4824 7886 4825 7887 4820 7887 4819 7887 4820 7888 4821 7888 4824 7888 4825 7889 4821 7889 4820 7889 4821 7890 4822 7890 4824 7890 4825 7891 4822 7891 4821 7891 4822 7892 4823 7892 4824 7892 4825 7893 4823 7893 4822 7893 4823 7894 4818 7894 4824 7894 4825 7895 4818 7895 4823 7895 4826 7896 4827 7896 4833 7896 4826 7897 4833 7897 4832 7897 4838 7898 4827 7898 4826 7898 4839 7899 4832 7899 4833 7899 4827 7900 4828 7900 4834 7900 4827 7901 4834 7901 4833 7901 4838 7902 4828 7902 4827 7902 4839 7903 4833 7903 4834 7903 4828 7904 4829 7904 4835 7904 4828 7905 4835 7905 4834 7905 4838 7906 4829 7906 4828 7906 4839 7907 4834 7907 4835 7907 4829 7908 4830 7908 4836 7908 4829 7909 4836 7909 4835 7909 4838 7910 4830 7910 4829 7910 4839 7911 4835 7911 4836 7911 4830 7912 4831 7912 4837 7912 4830 7913 4837 7913 4836 7913 4838 7914 4831 7914 4830 7914 4839 7915 4836 7915 4837 7915 4831 7916 4826 7916 4832 7916 4831 7917 4832 7917 4837 7917 4838 7918 4826 7918 4831 7918 4839 7919 4837 7919 4832 7919 4840 7920 4841 7920 4846 7920 4847 7921 4841 7921 4840 7921 4841 7922 4842 7922 4846 7922 4847 7923 4842 7923 4841 7923 4842 7924 4843 7924 4846 7924 4847 7925 4843 7925 4842 7925 4843 7926 4844 7926 4846 7926 4847 7927 4844 7927 4843 7927 4844 7928 4845 7928 4846 7928 4847 7929 4845 7929 4844 7929 4845 7930 4840 7930 4846 7930 4847 7931 4840 7931 4845 7931 4848 7932 4849 7932 4855 7932 4848 7933 4855 7933 4854 7933 4860 7934 4849 7934 4848 7934 4861 7935 4854 7935 4855 7935 4849 7936 4850 7936 4856 7936 4849 7937 4856 7937 4855 7937 4860 7938 4850 7938 4849 7938 4861 7939 4855 7939 4856 7939 4850 7940 4851 7940 4857 7940 4850 7941 4857 7941 4856 7941 4860 7942 4851 7942 4850 7942 4861 7943 4856 7943 4857 7943 4851 7944 4852 7944 4858 7944 4851 7945 4858 7945 4857 7945 4860 7946 4852 7946 4851 7946 4861 7947 4857 7947 4858 7947 4852 7948 4853 7948 4859 7948 4852 7949 4859 7949 4858 7949 4860 7950 4853 7950 4852 7950 4861 7951 4858 7951 4859 7951 4853 7952 4848 7952 4854 7952 4853 7953 4854 7953 4859 7953 4860 7954 4848 7954 4853 7954 4861 7955 4859 7955 4854 7955 4862 7956 4863 7956 4868 7956 4869 7957 4863 7957 4862 7957 4863 7958 4864 7958 4868 7958 4869 7959 4864 7959 4863 7959 4864 7960 4865 7960 4868 7960 4869 7961 4865 7961 4864 7961 4865 7962 4866 7962 4868 7962 4869 7963 4866 7963 4865 7963 4866 7964 4867 7964 4868 7964 4869 7965 4867 7965 4866 7965 4867 7966 4862 7966 4868 7966 4869 7967 4862 7967 4867 7967 4870 7968 4871 7968 4877 7968 4870 7969 4877 7969 4876 7969 4882 7970 4871 7970 4870 7970 4883 7971 4876 7971 4877 7971 4871 7972 4872 7972 4878 7972 4871 7973 4878 7973 4877 7973 4882 7974 4872 7974 4871 7974 4883 7975 4877 7975 4878 7975 4872 7976 4873 7976 4879 7976 4872 7977 4879 7977 4878 7977 4882 7978 4873 7978 4872 7978 4883 7979 4878 7979 4879 7979 4873 7980 4874 7980 4880 7980 4873 7981 4880 7981 4879 7981 4882 7982 4874 7982 4873 7982 4883 7983 4879 7983 4880 7983 4874 7984 4875 7984 4881 7984 4874 7985 4881 7985 4880 7985 4882 7986 4875 7986 4874 7986 4883 7987 4880 7987 4881 7987 4875 7988 4870 7988 4876 7988 4875 7989 4876 7989 4881 7989 4882 7990 4870 7990 4875 7990 4883 7991 4881 7991 4876 7991 4884 7992 4885 7992 4890 7992 4891 7993 4885 7993 4884 7993 4885 7994 4886 7994 4890 7994 4891 7995 4886 7995 4885 7995 4886 7996 4887 7996 4890 7996 4891 7997 4887 7997 4886 7997 4887 7998 4888 7998 4890 7998 4891 7999 4888 7999 4887 7999 4888 8000 4889 8000 4890 8000 4891 8001 4889 8001 4888 8001 4889 8002 4884 8002 4890 8002 4891 8003 4884 8003 4889 8003 4892 8004 4893 8004 4899 8004 4892 8005 4899 8005 4898 8005 4904 8006 4893 8006 4892 8006 4905 8007 4898 8007 4899 8007 4893 8008 4894 8008 4900 8008 4893 8009 4900 8009 4899 8009 4904 8010 4894 8010 4893 8010 4905 8011 4899 8011 4900 8011 4894 8012 4895 8012 4901 8012 4894 8013 4901 8013 4900 8013 4904 8014 4895 8014 4894 8014 4905 8015 4900 8015 4901 8015 4895 8016 4896 8016 4902 8016 4895 8017 4902 8017 4901 8017 4904 8018 4896 8018 4895 8018 4905 8019 4901 8019 4902 8019 4896 8020 4897 8020 4903 8020 4896 8021 4903 8021 4902 8021 4904 8022 4897 8022 4896 8022 4905 8023 4902 8023 4903 8023 4897 8024 4892 8024 4898 8024 4897 8025 4898 8025 4903 8025 4904 8026 4892 8026 4897 8026 4905 8027 4903 8027 4898 8027 4906 8028 4907 8028 4912 8028 4913 8029 4907 8029 4906 8029 4907 8030 4908 8030 4912 8030 4913 8031 4908 8031 4907 8031 4908 8032 4909 8032 4912 8032 4913 8033 4909 8033 4908 8033 4909 8034 4910 8034 4912 8034 4913 8035 4910 8035 4909 8035 4910 8036 4911 8036 4912 8036 4913 8037 4911 8037 4910 8037 4911 8038 4906 8038 4912 8038 4913 8039 4906 8039 4911 8039 4914 8040 4915 8040 4921 8040 4914 8041 4921 8041 4920 8041 4926 8042 4915 8042 4914 8042 4927 8043 4920 8043 4921 8043 4915 8044 4916 8044 4922 8044 4915 8045 4922 8045 4921 8045 4926 8046 4916 8046 4915 8046 4927 8047 4921 8047 4922 8047 4916 8048 4917 8048 4923 8048 4916 8049 4923 8049 4922 8049 4926 8050 4917 8050 4916 8050 4927 8051 4922 8051 4923 8051 4917 8052 4918 8052 4924 8052 4917 8053 4924 8053 4923 8053 4926 8054 4918 8054 4917 8054 4927 8055 4923 8055 4924 8055 4918 8056 4919 8056 4925 8056 4918 8057 4925 8057 4924 8057 4926 8058 4919 8058 4918 8058 4927 8059 4924 8059 4925 8059 4919 8060 4914 8060 4920 8060 4919 8061 4920 8061 4925 8061 4926 8062 4914 8062 4919 8062 4927 8063 4925 8063 4920 8063 4928 8064 4929 8064 4934 8064 4935 8065 4929 8065 4928 8065 4929 8066 4930 8066 4934 8066 4935 8067 4930 8067 4929 8067 4930 8068 4931 8068 4934 8068 4935 8069 4931 8069 4930 8069 4931 8070 4932 8070 4934 8070 4935 8071 4932 8071 4931 8071 4932 8072 4933 8072 4934 8072 4935 8073 4933 8073 4932 8073 4933 8074 4928 8074 4934 8074 4935 8075 4928 8075 4933 8075 4936 8076 4937 8076 4943 8076 4936 8077 4943 8077 4942 8077 4948 8078 4937 8078 4936 8078 4949 8079 4942 8079 4943 8079 4937 8080 4938 8080 4944 8080 4937 8081 4944 8081 4943 8081 4948 8082 4938 8082 4937 8082 4949 8083 4943 8083 4944 8083 4938 8084 4939 8084 4945 8084 4938 8085 4945 8085 4944 8085 4948 8086 4939 8086 4938 8086 4949 8087 4944 8087 4945 8087 4939 8088 4940 8088 4946 8088 4939 8089 4946 8089 4945 8089 4948 8090 4940 8090 4939 8090 4949 8091 4945 8091 4946 8091 4940 8092 4941 8092 4947 8092 4940 8093 4947 8093 4946 8093 4948 8094 4941 8094 4940 8094 4949 8095 4946 8095 4947 8095 4941 8096 4936 8096 4942 8096 4941 8097 4942 8097 4947 8097 4948 8098 4936 8098 4941 8098 4949 8099 4947 8099 4942 8099 4950 8100 4951 8100 4956 8100 4957 8101 4951 8101 4950 8101 4951 8102 4952 8102 4956 8102 4957 8103 4952 8103 4951 8103 4952 8104 4953 8104 4956 8104 4957 8105 4953 8105 4952 8105 4953 8106 4954 8106 4956 8106 4957 8107 4954 8107 4953 8107 4954 8108 4955 8108 4956 8108 4957 8109 4955 8109 4954 8109 4955 8110 4950 8110 4956 8110 4957 8111 4950 8111 4955 8111 4958 8112 4959 8112 4965 8112 4958 8113 4965 8113 4964 8113 4970 8114 4959 8114 4958 8114 4971 8115 4964 8115 4965 8115 4959 8116 4960 8116 4966 8116 4959 8117 4966 8117 4965 8117 4970 8118 4960 8118 4959 8118 4971 8119 4965 8119 4966 8119 4960 8120 4961 8120 4967 8120 4960 8121 4967 8121 4966 8121 4970 8122 4961 8122 4960 8122 4971 8123 4966 8123 4967 8123 4961 8124 4962 8124 4968 8124 4961 8125 4968 8125 4967 8125 4970 8126 4962 8126 4961 8126 4971 8127 4967 8127 4968 8127 4962 8128 4963 8128 4969 8128 4962 8129 4969 8129 4968 8129 4970 8130 4963 8130 4962 8130 4971 8131 4968 8131 4969 8131 4963 8132 4958 8132 4964 8132 4963 8133 4964 8133 4969 8133 4970 8134 4958 8134 4963 8134 4971 8135 4969 8135 4964 8135 4972 8136 4973 8136 4978 8136 4979 8137 4973 8137 4972 8137 4973 8138 4974 8138 4978 8138 4979 8139 4974 8139 4973 8139 4974 8140 4975 8140 4978 8140 4979 8141 4975 8141 4974 8141 4975 8142 4976 8142 4978 8142 4979 8143 4976 8143 4975 8143 4976 8144 4977 8144 4978 8144 4979 8145 4977 8145 4976 8145 4977 8146 4972 8146 4978 8146 4979 8147 4972 8147 4977 8147 4980 8148 4981 8148 4987 8148 4980 8149 4987 8149 4986 8149 4992 8150 4981 8150 4980 8150 4993 8151 4986 8151 4987 8151 4981 8152 4982 8152 4988 8152 4981 8153 4988 8153 4987 8153 4992 8154 4982 8154 4981 8154 4993 8155 4987 8155 4988 8155 4982 8156 4983 8156 4989 8156 4982 8157 4989 8157 4988 8157 4992 8158 4983 8158 4982 8158 4993 8159 4988 8159 4989 8159 4983 8160 4984 8160 4990 8160 4983 8161 4990 8161 4989 8161 4992 8162 4984 8162 4983 8162 4993 8163 4989 8163 4990 8163 4984 8164 4985 8164 4991 8164 4984 8165 4991 8165 4990 8165 4992 8166 4985 8166 4984 8166 4993 8167 4990 8167 4991 8167 4985 8168 4980 8168 4986 8168 4985 8169 4986 8169 4991 8169 4992 8170 4980 8170 4985 8170 4993 8171 4991 8171 4986 8171 4994 8172 4995 8172 5000 8172 5001 8173 4995 8173 4994 8173 4995 8174 4996 8174 5000 8174 5001 8175 4996 8175 4995 8175 4996 8176 4997 8176 5000 8176 5001 8177 4997 8177 4996 8177 4997 8178 4998 8178 5000 8178 5001 8179 4998 8179 4997 8179 4998 8180 4999 8180 5000 8180 5001 8181 4999 8181 4998 8181 4999 8182 4994 8182 5000 8182 5001 8183 4994 8183 4999 8183 5002 8184 5003 8184 5009 8184 5002 8185 5009 8185 5008 8185 5014 8186 5003 8186 5002 8186 5015 8187 5008 8187 5009 8187 5003 8188 5004 8188 5010 8188 5003 8189 5010 8189 5009 8189 5014 8190 5004 8190 5003 8190 5015 8191 5009 8191 5010 8191 5004 8192 5005 8192 5011 8192 5004 8193 5011 8193 5010 8193 5014 8194 5005 8194 5004 8194 5015 8195 5010 8195 5011 8195 5005 8196 5006 8196 5012 8196 5005 8197 5012 8197 5011 8197 5014 8198 5006 8198 5005 8198 5015 8199 5011 8199 5012 8199 5006 8200 5007 8200 5013 8200 5006 8201 5013 8201 5012 8201 5014 8202 5007 8202 5006 8202 5015 8203 5012 8203 5013 8203 5007 8204 5002 8204 5008 8204 5007 8205 5008 8205 5013 8205 5014 8206 5002 8206 5007 8206 5015 8207 5013 8207 5008 8207 5016 8208 5017 8208 5022 8208 5023 8209 5017 8209 5016 8209 5017 8210 5018 8210 5022 8210 5023 8211 5018 8211 5017 8211 5018 8212 5019 8212 5022 8212 5023 8213 5019 8213 5018 8213 5019 8214 5020 8214 5022 8214 5023 8215 5020 8215 5019 8215 5020 8216 5021 8216 5022 8216 5023 8217 5021 8217 5020 8217 5021 8218 5016 8218 5022 8218 5023 8219 5016 8219 5021 8219 5024 8220 5025 8220 5031 8220 5024 8221 5031 8221 5030 8221 5036 8222 5025 8222 5024 8222 5037 8223 5030 8223 5031 8223 5025 8224 5026 8224 5032 8224 5025 8225 5032 8225 5031 8225 5036 8226 5026 8226 5025 8226 5037 8227 5031 8227 5032 8227 5026 8228 5027 8228 5033 8228 5026 8229 5033 8229 5032 8229 5036 8230 5027 8230 5026 8230 5037 8231 5032 8231 5033 8231 5027 8232 5028 8232 5034 8232 5027 8233 5034 8233 5033 8233 5036 8234 5028 8234 5027 8234 5037 8235 5033 8235 5034 8235 5028 8236 5029 8236 5035 8236 5028 8237 5035 8237 5034 8237 5036 8238 5029 8238 5028 8238 5037 8239 5034 8239 5035 8239 5029 8240 5024 8240 5030 8240 5029 8241 5030 8241 5035 8241 5036 8242 5024 8242 5029 8242 5037 8243 5035 8243 5030 8243 5038 8244 5039 8244 5044 8244 5045 8245 5039 8245 5038 8245 5039 8246 5040 8246 5044 8246 5045 8247 5040 8247 5039 8247 5040 8248 5041 8248 5044 8248 5045 8249 5041 8249 5040 8249 5041 8250 5042 8250 5044 8250 5045 8251 5042 8251 5041 8251 5042 8252 5043 8252 5044 8252 5045 8253 5043 8253 5042 8253 5043 8254 5038 8254 5044 8254 5045 8255 5038 8255 5043 8255 5046 8256 5047 8256 5053 8256 5046 8257 5053 8257 5052 8257 5058 8258 5047 8258 5046 8258 5059 8259 5052 8259 5053 8259 5047 8260 5048 8260 5054 8260 5047 8261 5054 8261 5053 8261 5058 8262 5048 8262 5047 8262 5059 8263 5053 8263 5054 8263 5048 8264 5049 8264 5055 8264 5048 8265 5055 8265 5054 8265 5058 8266 5049 8266 5048 8266 5059 8267 5054 8267 5055 8267 5049 8268 5050 8268 5056 8268 5049 8269 5056 8269 5055 8269 5058 8270 5050 8270 5049 8270 5059 8271 5055 8271 5056 8271 5050 8272 5051 8272 5057 8272 5050 8273 5057 8273 5056 8273 5058 8274 5051 8274 5050 8274 5059 8275 5056 8275 5057 8275 5051 8276 5046 8276 5052 8276 5051 8277 5052 8277 5057 8277 5058 8278 5046 8278 5051 8278 5059 8279 5057 8279 5052 8279 5060 8280 5061 8280 5066 8280 5067 8281 5061 8281 5060 8281 5061 8282 5062 8282 5066 8282 5067 8283 5062 8283 5061 8283 5062 8284 5063 8284 5066 8284 5067 8285 5063 8285 5062 8285 5063 8286 5064 8286 5066 8286 5067 8287 5064 8287 5063 8287 5064 8288 5065 8288 5066 8288 5067 8289 5065 8289 5064 8289 5065 8290 5060 8290 5066 8290 5067 8291 5060 8291 5065 8291 5068 8292 5069 8292 5075 8292 5068 8293 5075 8293 5074 8293 5080 8294 5069 8294 5068 8294 5081 8295 5074 8295 5075 8295 5069 8296 5070 8296 5076 8296 5069 8297 5076 8297 5075 8297 5080 8298 5070 8298 5069 8298 5081 8299 5075 8299 5076 8299 5070 8300 5071 8300 5077 8300 5070 8301 5077 8301 5076 8301 5080 8302 5071 8302 5070 8302 5081 8303 5076 8303 5077 8303 5071 8304 5072 8304 5078 8304 5071 8305 5078 8305 5077 8305 5080 8306 5072 8306 5071 8306 5081 8307 5077 8307 5078 8307 5072 8308 5073 8308 5079 8308 5072 8309 5079 8309 5078 8309 5080 8310 5073 8310 5072 8310 5081 8311 5078 8311 5079 8311 5073 8312 5068 8312 5074 8312 5073 8313 5074 8313 5079 8313 5080 8314 5068 8314 5073 8314 5081 8315 5079 8315 5074 8315 5082 8316 5083 8316 5088 8316 5089 8317 5083 8317 5082 8317 5083 8318 5084 8318 5088 8318 5089 8319 5084 8319 5083 8319 5084 8320 5085 8320 5088 8320 5089 8321 5085 8321 5084 8321 5085 8322 5086 8322 5088 8322 5089 8323 5086 8323 5085 8323 5086 8324 5087 8324 5088 8324 5089 8325 5087 8325 5086 8325 5087 8326 5082 8326 5088 8326 5089 8327 5082 8327 5087 8327 5090 8328 5091 8328 5097 8328 5090 8329 5097 8329 5096 8329 5102 8330 5091 8330 5090 8330 5103 8331 5096 8331 5097 8331 5091 8332 5092 8332 5098 8332 5091 8333 5098 8333 5097 8333 5102 8334 5092 8334 5091 8334 5103 8335 5097 8335 5098 8335 5092 8336 5093 8336 5099 8336 5092 8337 5099 8337 5098 8337 5102 8338 5093 8338 5092 8338 5103 8339 5098 8339 5099 8339 5093 8340 5094 8340 5100 8340 5093 8341 5100 8341 5099 8341 5102 8342 5094 8342 5093 8342 5103 8343 5099 8343 5100 8343 5094 8344 5095 8344 5101 8344 5094 8345 5101 8345 5100 8345 5102 8346 5095 8346 5094 8346 5103 8347 5100 8347 5101 8347 5095 8348 5090 8348 5096 8348 5095 8349 5096 8349 5101 8349 5102 8350 5090 8350 5095 8350 5103 8351 5101 8351 5096 8351 5104 8352 5105 8352 5110 8352 5111 8353 5105 8353 5104 8353 5105 8354 5106 8354 5110 8354 5111 8355 5106 8355 5105 8355 5106 8356 5107 8356 5110 8356 5111 8357 5107 8357 5106 8357 5107 8358 5108 8358 5110 8358 5111 8359 5108 8359 5107 8359 5108 8360 5109 8360 5110 8360 5111 8361 5109 8361 5108 8361 5109 8362 5104 8362 5110 8362 5111 8363 5104 8363 5109 8363 5112 8364 5113 8364 5119 8364 5112 8365 5119 8365 5118 8365 5124 8366 5113 8366 5112 8366 5125 8367 5118 8367 5119 8367 5113 8368 5114 8368 5120 8368 5113 8369 5120 8369 5119 8369 5124 8370 5114 8370 5113 8370 5125 8371 5119 8371 5120 8371 5114 8372 5115 8372 5121 8372 5114 8373 5121 8373 5120 8373 5124 8374 5115 8374 5114 8374 5125 8375 5120 8375 5121 8375 5115 8376 5116 8376 5122 8376 5115 8377 5122 8377 5121 8377 5124 8378 5116 8378 5115 8378 5125 8379 5121 8379 5122 8379 5116 8380 5117 8380 5123 8380 5116 8381 5123 8381 5122 8381 5124 8382 5117 8382 5116 8382 5125 8383 5122 8383 5123 8383 5117 8384 5112 8384 5118 8384 5117 8385 5118 8385 5123 8385 5124 8386 5112 8386 5117 8386 5125 8387 5123 8387 5118 8387 5126 8388 5127 8388 5132 8388 5133 8389 5127 8389 5126 8389 5127 8390 5128 8390 5132 8390 5133 8391 5128 8391 5127 8391 5128 8392 5129 8392 5132 8392 5133 8393 5129 8393 5128 8393 5129 8394 5130 8394 5132 8394 5133 8395 5130 8395 5129 8395 5130 8396 5131 8396 5132 8396 5133 8397 5131 8397 5130 8397 5131 8398 5126 8398 5132 8398 5133 8399 5126 8399 5131 8399 5134 8400 5135 8400 5141 8400 5134 8401 5141 8401 5140 8401 5146 8402 5135 8402 5134 8402 5147 8403 5140 8403 5141 8403 5135 8404 5136 8404 5142 8404 5135 8405 5142 8405 5141 8405 5146 8406 5136 8406 5135 8406 5147 8407 5141 8407 5142 8407 5136 8408 5137 8408 5143 8408 5136 8409 5143 8409 5142 8409 5146 8410 5137 8410 5136 8410 5147 8411 5142 8411 5143 8411 5137 8412 5138 8412 5144 8412 5137 8413 5144 8413 5143 8413 5146 8414 5138 8414 5137 8414 5147 8415 5143 8415 5144 8415 5138 8416 5139 8416 5145 8416 5138 8417 5145 8417 5144 8417 5146 8418 5139 8418 5138 8418 5147 8419 5144 8419 5145 8419 5139 8420 5134 8420 5140 8420 5139 8421 5140 8421 5145 8421 5146 8422 5134 8422 5139 8422 5147 8423 5145 8423 5140 8423 5148 8424 5149 8424 5154 8424 5155 8425 5149 8425 5148 8425 5149 8426 5150 8426 5154 8426 5155 8427 5150 8427 5149 8427 5150 8428 5151 8428 5154 8428 5155 8429 5151 8429 5150 8429 5151 8430 5152 8430 5154 8430 5155 8431 5152 8431 5151 8431 5152 8432 5153 8432 5154 8432 5155 8433 5153 8433 5152 8433 5153 8434 5148 8434 5154 8434 5155 8435 5148 8435 5153 8435 5156 8436 5157 8436 5163 8436 5156 8437 5163 8437 5162 8437 5168 8438 5157 8438 5156 8438 5169 8439 5162 8439 5163 8439 5157 8440 5158 8440 5164 8440 5157 8441 5164 8441 5163 8441 5168 8442 5158 8442 5157 8442 5169 8443 5163 8443 5164 8443 5158 8444 5159 8444 5165 8444 5158 8445 5165 8445 5164 8445 5168 8446 5159 8446 5158 8446 5169 8447 5164 8447 5165 8447 5159 8448 5160 8448 5166 8448 5159 8449 5166 8449 5165 8449 5168 8450 5160 8450 5159 8450 5169 8451 5165 8451 5166 8451 5160 8452 5161 8452 5167 8452 5160 8453 5167 8453 5166 8453 5168 8454 5161 8454 5160 8454 5169 8455 5166 8455 5167 8455 5161 8456 5156 8456 5162 8456 5161 8457 5162 8457 5167 8457 5168 8458 5156 8458 5161 8458 5169 8459 5167 8459 5162 8459 5170 8460 5171 8460 5176 8460 5177 8461 5171 8461 5170 8461 5171 8462 5172 8462 5176 8462 5177 8463 5172 8463 5171 8463 5172 8464 5173 8464 5176 8464 5177 8465 5173 8465 5172 8465 5173 8466 5174 8466 5176 8466 5177 8467 5174 8467 5173 8467 5174 8468 5175 8468 5176 8468 5177 8469 5175 8469 5174 8469 5175 8470 5170 8470 5176 8470 5177 8471 5170 8471 5175 8471 5178 8472 5179 8472 5185 8472 5178 8473 5185 8473 5184 8473 5190 8474 5179 8474 5178 8474 5191 8475 5184 8475 5185 8475 5179 8476 5180 8476 5186 8476 5179 8477 5186 8477 5185 8477 5190 8478 5180 8478 5179 8478 5191 8479 5185 8479 5186 8479 5180 8480 5181 8480 5187 8480 5180 8481 5187 8481 5186 8481 5190 8482 5181 8482 5180 8482 5191 8483 5186 8483 5187 8483 5181 8484 5182 8484 5188 8484 5181 8485 5188 8485 5187 8485 5190 8486 5182 8486 5181 8486 5191 8487 5187 8487 5188 8487 5182 8488 5183 8488 5189 8488 5182 8489 5189 8489 5188 8489 5190 8490 5183 8490 5182 8490 5191 8491 5188 8491 5189 8491 5183 8492 5178 8492 5184 8492 5183 8493 5184 8493 5189 8493 5190 8494 5178 8494 5183 8494 5191 8495 5189 8495 5184 8495 5192 8496 5193 8496 5198 8496 5199 8497 5193 8497 5192 8497 5193 8498 5194 8498 5198 8498 5199 8499 5194 8499 5193 8499 5194 8500 5195 8500 5198 8500 5199 8501 5195 8501 5194 8501 5195 8502 5196 8502 5198 8502 5199 8503 5196 8503 5195 8503 5196 8504 5197 8504 5198 8504 5199 8505 5197 8505 5196 8505 5197 8506 5192 8506 5198 8506 5199 8507 5192 8507 5197 8507 5200 8508 5201 8508 5207 8508 5200 8509 5207 8509 5206 8509 5212 8510 5201 8510 5200 8510 5213 8511 5206 8511 5207 8511 5201 8512 5202 8512 5208 8512 5201 8513 5208 8513 5207 8513 5212 8514 5202 8514 5201 8514 5213 8515 5207 8515 5208 8515 5202 8516 5203 8516 5209 8516 5202 8517 5209 8517 5208 8517 5212 8518 5203 8518 5202 8518 5213 8519 5208 8519 5209 8519 5203 8520 5204 8520 5210 8520 5203 8521 5210 8521 5209 8521 5212 8522 5204 8522 5203 8522 5213 8523 5209 8523 5210 8523 5204 8524 5205 8524 5211 8524 5204 8525 5211 8525 5210 8525 5212 8526 5205 8526 5204 8526 5213 8527 5210 8527 5211 8527 5205 8528 5200 8528 5206 8528 5205 8529 5206 8529 5211 8529 5212 8530 5200 8530 5205 8530 5213 8531 5211 8531 5206 8531 5214 8532 5215 8532 5220 8532 5221 8533 5215 8533 5214 8533 5215 8534 5216 8534 5220 8534 5221 8535 5216 8535 5215 8535 5216 8536 5217 8536 5220 8536 5221 8537 5217 8537 5216 8537 5217 8538 5218 8538 5220 8538 5221 8539 5218 8539 5217 8539 5218 8540 5219 8540 5220 8540 5221 8541 5219 8541 5218 8541 5219 8542 5214 8542 5220 8542 5221 8543 5214 8543 5219 8543 5222 8544 5223 8544 5229 8544 5222 8545 5229 8545 5228 8545 5234 8546 5223 8546 5222 8546 5235 8547 5228 8547 5229 8547 5223 8548 5224 8548 5230 8548 5223 8549 5230 8549 5229 8549 5234 8550 5224 8550 5223 8550 5235 8551 5229 8551 5230 8551 5224 8552 5225 8552 5231 8552 5224 8553 5231 8553 5230 8553 5234 8554 5225 8554 5224 8554 5235 8555 5230 8555 5231 8555 5225 8556 5226 8556 5232 8556 5225 8557 5232 8557 5231 8557 5234 8558 5226 8558 5225 8558 5235 8559 5231 8559 5232 8559 5226 8560 5227 8560 5233 8560 5226 8561 5233 8561 5232 8561 5234 8562 5227 8562 5226 8562 5235 8563 5232 8563 5233 8563 5227 8564 5222 8564 5228 8564 5227 8565 5228 8565 5233 8565 5234 8566 5222 8566 5227 8566 5235 8567 5233 8567 5228 8567 5236 8568 5237 8568 5242 8568 5243 8569 5237 8569 5236 8569 5237 8570 5238 8570 5242 8570 5243 8571 5238 8571 5237 8571 5238 8572 5239 8572 5242 8572 5243 8573 5239 8573 5238 8573 5239 8574 5240 8574 5242 8574 5243 8575 5240 8575 5239 8575 5240 8576 5241 8576 5242 8576 5243 8577 5241 8577 5240 8577 5241 8578 5236 8578 5242 8578 5243 8579 5236 8579 5241 8579 5244 8580 5245 8580 5251 8580 5244 8581 5251 8581 5250 8581 5256 8582 5245 8582 5244 8582 5257 8583 5250 8583 5251 8583 5245 8584 5246 8584 5252 8584 5245 8585 5252 8585 5251 8585 5256 8586 5246 8586 5245 8586 5257 8587 5251 8587 5252 8587 5246 8588 5247 8588 5253 8588 5246 8589 5253 8589 5252 8589 5256 8590 5247 8590 5246 8590 5257 8591 5252 8591 5253 8591 5247 8592 5248 8592 5254 8592 5247 8593 5254 8593 5253 8593 5256 8594 5248 8594 5247 8594 5257 8595 5253 8595 5254 8595 5248 8596 5249 8596 5255 8596 5248 8597 5255 8597 5254 8597 5256 8598 5249 8598 5248 8598 5257 8599 5254 8599 5255 8599 5249 8600 5244 8600 5250 8600 5249 8601 5250 8601 5255 8601 5256 8602 5244 8602 5249 8602 5257 8603 5255 8603 5250 8603 5258 8604 5259 8604 5264 8604 5265 8605 5259 8605 5258 8605 5259 8606 5260 8606 5264 8606 5265 8607 5260 8607 5259 8607 5260 8608 5261 8608 5264 8608 5265 8609 5261 8609 5260 8609 5261 8610 5262 8610 5264 8610 5265 8611 5262 8611 5261 8611 5262 8612 5263 8612 5264 8612 5265 8613 5263 8613 5262 8613 5263 8614 5258 8614 5264 8614 5265 8615 5258 8615 5263 8615 5266 8616 5267 8616 5273 8616 5266 8617 5273 8617 5272 8617 5278 8618 5267 8618 5266 8618 5279 8619 5272 8619 5273 8619 5267 8620 5268 8620 5274 8620 5267 8621 5274 8621 5273 8621 5278 8622 5268 8622 5267 8622 5279 8623 5273 8623 5274 8623 5268 8624 5269 8624 5275 8624 5268 8625 5275 8625 5274 8625 5278 8626 5269 8626 5268 8626 5279 8627 5274 8627 5275 8627 5269 8628 5270 8628 5276 8628 5269 8629 5276 8629 5275 8629 5278 8630 5270 8630 5269 8630 5279 8631 5275 8631 5276 8631 5270 8632 5271 8632 5277 8632 5270 8633 5277 8633 5276 8633 5278 8634 5271 8634 5270 8634 5279 8635 5276 8635 5277 8635 5271 8636 5266 8636 5272 8636 5271 8637 5272 8637 5277 8637 5278 8638 5266 8638 5271 8638 5279 8639 5277 8639 5272 8639 5280 8640 5281 8640 5286 8640 5287 8641 5281 8641 5280 8641 5281 8642 5282 8642 5286 8642 5287 8643 5282 8643 5281 8643 5282 8644 5283 8644 5286 8644 5287 8645 5283 8645 5282 8645 5283 8646 5284 8646 5286 8646 5287 8647 5284 8647 5283 8647 5284 8648 5285 8648 5286 8648 5287 8649 5285 8649 5284 8649 5285 8650 5280 8650 5286 8650 5287 8651 5280 8651 5285 8651 5288 8652 5289 8652 5295 8652 5288 8653 5295 8653 5294 8653 5300 8654 5289 8654 5288 8654 5301 8655 5294 8655 5295 8655 5289 8656 5290 8656 5296 8656 5289 8657 5296 8657 5295 8657 5300 8658 5290 8658 5289 8658 5301 8659 5295 8659 5296 8659 5290 8660 5291 8660 5297 8660 5290 8661 5297 8661 5296 8661 5300 8662 5291 8662 5290 8662 5301 8663 5296 8663 5297 8663 5291 8664 5292 8664 5298 8664 5291 8665 5298 8665 5297 8665 5300 8666 5292 8666 5291 8666 5301 8667 5297 8667 5298 8667 5292 8668 5293 8668 5299 8668 5292 8669 5299 8669 5298 8669 5300 8670 5293 8670 5292 8670 5301 8671 5298 8671 5299 8671 5293 8672 5288 8672 5294 8672 5293 8673 5294 8673 5299 8673 5300 8674 5288 8674 5293 8674 5301 8675 5299 8675 5294 8675 5302 8676 5303 8676 5308 8676 5309 8677 5303 8677 5302 8677 5303 8678 5304 8678 5308 8678 5309 8679 5304 8679 5303 8679 5304 8680 5305 8680 5308 8680 5309 8681 5305 8681 5304 8681 5305 8682 5306 8682 5308 8682 5309 8683 5306 8683 5305 8683 5306 8684 5307 8684 5308 8684 5309 8685 5307 8685 5306 8685 5307 8686 5302 8686 5308 8686 5309 8687 5302 8687 5307 8687 5310 8688 5311 8688 5317 8688 5310 8689 5317 8689 5316 8689 5322 8690 5311 8690 5310 8690 5323 8691 5316 8691 5317 8691 5311 8692 5312 8692 5318 8692 5311 8693 5318 8693 5317 8693 5322 8694 5312 8694 5311 8694 5323 8695 5317 8695 5318 8695 5312 8696 5313 8696 5319 8696 5312 8697 5319 8697 5318 8697 5322 8698 5313 8698 5312 8698 5323 8699 5318 8699 5319 8699 5313 8700 5314 8700 5320 8700 5313 8701 5320 8701 5319 8701 5322 8702 5314 8702 5313 8702 5323 8703 5319 8703 5320 8703 5314 8704 5315 8704 5321 8704 5314 8705 5321 8705 5320 8705 5322 8706 5315 8706 5314 8706 5323 8707 5320 8707 5321 8707 5315 8708 5310 8708 5316 8708 5315 8709 5316 8709 5321 8709 5322 8710 5310 8710 5315 8710 5323 8711 5321 8711 5316 8711 5324 8712 5325 8712 5330 8712 5331 8713 5325 8713 5324 8713 5325 8714 5326 8714 5330 8714 5331 8715 5326 8715 5325 8715 5326 8716 5327 8716 5330 8716 5331 8717 5327 8717 5326 8717 5327 8718 5328 8718 5330 8718 5331 8719 5328 8719 5327 8719 5328 8720 5329 8720 5330 8720 5331 8721 5329 8721 5328 8721 5329 8722 5324 8722 5330 8722 5331 8723 5324 8723 5329 8723 5332 8724 5333 8724 5339 8724 5332 8725 5339 8725 5338 8725 5344 8726 5333 8726 5332 8726 5345 8727 5338 8727 5339 8727 5333 8728 5334 8728 5340 8728 5333 8729 5340 8729 5339 8729 5344 8730 5334 8730 5333 8730 5345 8731 5339 8731 5340 8731 5334 8732 5335 8732 5341 8732 5334 8733 5341 8733 5340 8733 5344 8734 5335 8734 5334 8734 5345 8735 5340 8735 5341 8735 5335 8736 5336 8736 5342 8736 5335 8737 5342 8737 5341 8737 5344 8738 5336 8738 5335 8738 5345 8739 5341 8739 5342 8739 5336 8740 5337 8740 5343 8740 5336 8741 5343 8741 5342 8741 5344 8742 5337 8742 5336 8742 5345 8743 5342 8743 5343 8743 5337 8744 5332 8744 5338 8744 5337 8745 5338 8745 5343 8745 5344 8746 5332 8746 5337 8746 5345 8747 5343 8747 5338 8747 5346 8748 5347 8748 5352 8748 5353 8749 5347 8749 5346 8749 5347 8750 5348 8750 5352 8750 5353 8751 5348 8751 5347 8751 5348 8752 5349 8752 5352 8752 5353 8753 5349 8753 5348 8753 5349 8754 5350 8754 5352 8754 5353 8755 5350 8755 5349 8755 5350 8756 5351 8756 5352 8756 5353 8757 5351 8757 5350 8757 5351 8758 5346 8758 5352 8758 5353 8759 5346 8759 5351 8759 5354 8760 5355 8760 5361 8760 5354 8761 5361 8761 5360 8761 5366 8762 5355 8762 5354 8762 5367 8763 5360 8763 5361 8763 5355 8764 5356 8764 5362 8764 5355 8765 5362 8765 5361 8765 5366 8766 5356 8766 5355 8766 5367 8767 5361 8767 5362 8767 5356 8768 5357 8768 5363 8768 5356 8769 5363 8769 5362 8769 5366 8770 5357 8770 5356 8770 5367 8771 5362 8771 5363 8771 5357 8772 5358 8772 5364 8772 5357 8773 5364 8773 5363 8773 5366 8774 5358 8774 5357 8774 5367 8775 5363 8775 5364 8775 5358 8776 5359 8776 5365 8776 5358 8777 5365 8777 5364 8777 5366 8778 5359 8778 5358 8778 5367 8779 5364 8779 5365 8779 5359 8780 5354 8780 5360 8780 5359 8781 5360 8781 5365 8781 5366 8782 5354 8782 5359 8782 5367 8783 5365 8783 5360 8783 5368 8784 5369 8784 5374 8784 5375 8785 5369 8785 5368 8785 5369 8786 5370 8786 5374 8786 5375 8787 5370 8787 5369 8787 5370 8788 5371 8788 5374 8788 5375 8789 5371 8789 5370 8789 5371 8790 5372 8790 5374 8790 5375 8791 5372 8791 5371 8791 5372 8792 5373 8792 5374 8792 5375 8793 5373 8793 5372 8793 5373 8794 5368 8794 5374 8794 5375 8795 5368 8795 5373 8795 5376 8796 5377 8796 5383 8796 5376 8797 5383 8797 5382 8797 5388 8798 5377 8798 5376 8798 5389 8799 5382 8799 5383 8799 5377 8800 5378 8800 5384 8800 5377 8801 5384 8801 5383 8801 5388 8802 5378 8802 5377 8802 5389 8803 5383 8803 5384 8803 5378 8804 5379 8804 5385 8804 5378 8805 5385 8805 5384 8805 5388 8806 5379 8806 5378 8806 5389 8807 5384 8807 5385 8807 5379 8808 5380 8808 5386 8808 5379 8809 5386 8809 5385 8809 5388 8810 5380 8810 5379 8810 5389 8811 5385 8811 5386 8811 5380 8812 5381 8812 5387 8812 5380 8813 5387 8813 5386 8813 5388 8814 5381 8814 5380 8814 5389 8815 5386 8815 5387 8815 5381 8816 5376 8816 5382 8816 5381 8817 5382 8817 5387 8817 5388 8818 5376 8818 5381 8818 5389 8819 5387 8819 5382 8819 5390 8820 5391 8820 5396 8820 5397 8821 5391 8821 5390 8821 5391 8822 5392 8822 5396 8822 5397 8823 5392 8823 5391 8823 5392 8824 5393 8824 5396 8824 5397 8825 5393 8825 5392 8825 5393 8826 5394 8826 5396 8826 5397 8827 5394 8827 5393 8827 5394 8828 5395 8828 5396 8828 5397 8829 5395 8829 5394 8829 5395 8830 5390 8830 5396 8830 5397 8831 5390 8831 5395 8831 5398 8832 5399 8832 5405 8832 5398 8833 5405 8833 5404 8833 5410 8834 5399 8834 5398 8834 5411 8835 5404 8835 5405 8835 5399 8836 5400 8836 5406 8836 5399 8837 5406 8837 5405 8837 5410 8838 5400 8838 5399 8838 5411 8839 5405 8839 5406 8839 5400 8840 5401 8840 5407 8840 5400 8841 5407 8841 5406 8841 5410 8842 5401 8842 5400 8842 5411 8843 5406 8843 5407 8843 5401 8844 5402 8844 5408 8844 5401 8845 5408 8845 5407 8845 5410 8846 5402 8846 5401 8846 5411 8847 5407 8847 5408 8847 5402 8848 5403 8848 5409 8848 5402 8849 5409 8849 5408 8849 5410 8850 5403 8850 5402 8850 5411 8851 5408 8851 5409 8851 5403 8852 5398 8852 5404 8852 5403 8853 5404 8853 5409 8853 5410 8854 5398 8854 5403 8854 5411 8855 5409 8855 5404 8855 5412 8856 5413 8856 5418 8856 5419 8857 5413 8857 5412 8857 5413 8858 5414 8858 5418 8858 5419 8859 5414 8859 5413 8859 5414 8860 5415 8860 5418 8860 5419 8861 5415 8861 5414 8861 5415 8862 5416 8862 5418 8862 5419 8863 5416 8863 5415 8863 5416 8864 5417 8864 5418 8864 5419 8865 5417 8865 5416 8865 5417 8866 5412 8866 5418 8866 5419 8867 5412 8867 5417 8867 5420 8868 5421 8868 5427 8868 5420 8869 5427 8869 5426 8869 5432 8870 5421 8870 5420 8870 5433 8871 5426 8871 5427 8871 5421 8872 5422 8872 5428 8872 5421 8873 5428 8873 5427 8873 5432 8874 5422 8874 5421 8874 5433 8875 5427 8875 5428 8875 5422 8876 5423 8876 5429 8876 5422 8877 5429 8877 5428 8877 5432 8878 5423 8878 5422 8878 5433 8879 5428 8879 5429 8879 5423 8880 5424 8880 5430 8880 5423 8881 5430 8881 5429 8881 5432 8882 5424 8882 5423 8882 5433 8883 5429 8883 5430 8883 5424 8884 5425 8884 5431 8884 5424 8885 5431 8885 5430 8885 5432 8886 5425 8886 5424 8886 5433 8887 5430 8887 5431 8887 5425 8888 5420 8888 5426 8888 5425 8889 5426 8889 5431 8889 5432 8890 5420 8890 5425 8890 5433 8891 5431 8891 5426 8891 5434 8892 5435 8892 5440 8892 5441 8893 5435 8893 5434 8893 5435 8894 5436 8894 5440 8894 5441 8895 5436 8895 5435 8895 5436 8896 5437 8896 5440 8896 5441 8897 5437 8897 5436 8897 5437 8898 5438 8898 5440 8898 5441 8899 5438 8899 5437 8899 5438 8900 5439 8900 5440 8900 5441 8901 5439 8901 5438 8901 5439 8902 5434 8902 5440 8902 5441 8903 5434 8903 5439 8903 5442 8904 5443 8904 5449 8904 5442 8905 5449 8905 5448 8905 5454 8906 5443 8906 5442 8906 5455 8907 5448 8907 5449 8907 5443 8908 5444 8908 5450 8908 5443 8909 5450 8909 5449 8909 5454 8910 5444 8910 5443 8910 5455 8911 5449 8911 5450 8911 5444 8912 5445 8912 5451 8912 5444 8913 5451 8913 5450 8913 5454 8914 5445 8914 5444 8914 5455 8915 5450 8915 5451 8915 5445 8916 5446 8916 5452 8916 5445 8917 5452 8917 5451 8917 5454 8918 5446 8918 5445 8918 5455 8919 5451 8919 5452 8919 5446 8920 5447 8920 5453 8920 5446 8921 5453 8921 5452 8921 5454 8922 5447 8922 5446 8922 5455 8923 5452 8923 5453 8923 5447 8924 5442 8924 5448 8924 5447 8925 5448 8925 5453 8925 5454 8926 5442 8926 5447 8926 5455 8927 5453 8927 5448 8927 5456 8928 5457 8928 5462 8928 5463 8929 5457 8929 5456 8929 5457 8930 5458 8930 5462 8930 5463 8931 5458 8931 5457 8931 5458 8932 5459 8932 5462 8932 5463 8933 5459 8933 5458 8933 5459 8934 5460 8934 5462 8934 5463 8935 5460 8935 5459 8935 5460 8936 5461 8936 5462 8936 5463 8937 5461 8937 5460 8937 5461 8938 5456 8938 5462 8938 5463 8939 5456 8939 5461 8939 5464 8940 5465 8940 5471 8940 5464 8941 5471 8941 5470 8941 5476 8942 5465 8942 5464 8942 5477 8943 5470 8943 5471 8943 5465 8944 5466 8944 5472 8944 5465 8945 5472 8945 5471 8945 5476 8946 5466 8946 5465 8946 5477 8947 5471 8947 5472 8947 5466 8948 5467 8948 5473 8948 5466 8949 5473 8949 5472 8949 5476 8950 5467 8950 5466 8950 5477 8951 5472 8951 5473 8951 5467 8952 5468 8952 5474 8952 5467 8953 5474 8953 5473 8953 5476 8954 5468 8954 5467 8954 5477 8955 5473 8955 5474 8955 5468 8956 5469 8956 5475 8956 5468 8957 5475 8957 5474 8957 5476 8958 5469 8958 5468 8958 5477 8959 5474 8959 5475 8959 5469 8960 5464 8960 5470 8960 5469 8961 5470 8961 5475 8961 5476 8962 5464 8962 5469 8962 5477 8963 5475 8963 5470 8963 5478 8964 5479 8964 5484 8964 5485 8965 5479 8965 5478 8965 5479 8966 5480 8966 5484 8966 5485 8967 5480 8967 5479 8967 5480 8968 5481 8968 5484 8968 5485 8969 5481 8969 5480 8969 5481 8970 5482 8970 5484 8970 5485 8971 5482 8971 5481 8971 5482 8972 5483 8972 5484 8972 5485 8973 5483 8973 5482 8973 5483 8974 5478 8974 5484 8974 5485 8975 5478 8975 5483 8975 5486 8976 5487 8976 5493 8976 5486 8977 5493 8977 5492 8977 5498 8978 5487 8978 5486 8978 5499 8979 5492 8979 5493 8979 5487 8980 5488 8980 5494 8980 5487 8981 5494 8981 5493 8981 5498 8982 5488 8982 5487 8982 5499 8983 5493 8983 5494 8983 5488 8984 5489 8984 5495 8984 5488 8985 5495 8985 5494 8985 5498 8986 5489 8986 5488 8986 5499 8987 5494 8987 5495 8987 5489 8988 5490 8988 5496 8988 5489 8989 5496 8989 5495 8989 5498 8990 5490 8990 5489 8990 5499 8991 5495 8991 5496 8991 5490 8992 5491 8992 5497 8992 5490 8993 5497 8993 5496 8993 5498 8994 5491 8994 5490 8994 5499 8995 5496 8995 5497 8995 5491 8996 5486 8996 5492 8996 5491 8997 5492 8997 5497 8997 5498 8998 5486 8998 5491 8998 5499 8999 5497 8999 5492 8999 5500 9000 5501 9000 5506 9000 5507 9001 5501 9001 5500 9001 5501 9002 5502 9002 5506 9002 5507 9003 5502 9003 5501 9003 5502 9004 5503 9004 5506 9004 5507 9005 5503 9005 5502 9005 5503 9006 5504 9006 5506 9006 5507 9007 5504 9007 5503 9007 5504 9008 5505 9008 5506 9008 5507 9009 5505 9009 5504 9009 5505 9010 5500 9010 5506 9010 5507 9011 5500 9011 5505 9011 5508 9012 5509 9012 5515 9012 5508 9013 5515 9013 5514 9013 5520 9014 5509 9014 5508 9014 5521 9015 5514 9015 5515 9015 5509 9016 5510 9016 5516 9016 5509 9017 5516 9017 5515 9017 5520 9018 5510 9018 5509 9018 5521 9019 5515 9019 5516 9019 5510 9020 5511 9020 5517 9020 5510 9021 5517 9021 5516 9021 5520 9022 5511 9022 5510 9022 5521 9023 5516 9023 5517 9023 5511 9024 5512 9024 5518 9024 5511 9025 5518 9025 5517 9025 5520 9026 5512 9026 5511 9026 5521 9027 5517 9027 5518 9027 5512 9028 5513 9028 5519 9028 5512 9029 5519 9029 5518 9029 5520 9030 5513 9030 5512 9030 5521 9031 5518 9031 5519 9031 5513 9032 5508 9032 5514 9032 5513 9033 5514 9033 5519 9033 5520 9034 5508 9034 5513 9034 5521 9035 5519 9035 5514 9035 5522 9036 5523 9036 5528 9036 5529 9037 5523 9037 5522 9037 5523 9038 5524 9038 5528 9038 5529 9039 5524 9039 5523 9039 5524 9040 5525 9040 5528 9040 5529 9041 5525 9041 5524 9041 5525 9042 5526 9042 5528 9042 5529 9043 5526 9043 5525 9043 5526 9044 5527 9044 5528 9044 5529 9045 5527 9045 5526 9045 5527 9046 5522 9046 5528 9046 5529 9047 5522 9047 5527 9047 5530 9048 5531 9048 5537 9048 5530 9049 5537 9049 5536 9049 5542 9050 5531 9050 5530 9050 5543 9051 5536 9051 5537 9051 5531 9052 5532 9052 5538 9052 5531 9053 5538 9053 5537 9053 5542 9054 5532 9054 5531 9054 5543 9055 5537 9055 5538 9055 5532 9056 5533 9056 5539 9056 5532 9057 5539 9057 5538 9057 5542 9058 5533 9058 5532 9058 5543 9059 5538 9059 5539 9059 5533 9060 5534 9060 5540 9060 5533 9061 5540 9061 5539 9061 5542 9062 5534 9062 5533 9062 5543 9063 5539 9063 5540 9063 5534 9064 5535 9064 5541 9064 5534 9065 5541 9065 5540 9065 5542 9066 5535 9066 5534 9066 5543 9067 5540 9067 5541 9067 5535 9068 5530 9068 5536 9068 5535 9069 5536 9069 5541 9069 5542 9070 5530 9070 5535 9070 5543 9071 5541 9071 5536 9071 5544 9072 5545 9072 5550 9072 5551 9073 5545 9073 5544 9073 5545 9074 5546 9074 5550 9074 5551 9075 5546 9075 5545 9075 5546 9076 5547 9076 5550 9076 5551 9077 5547 9077 5546 9077 5547 9078 5548 9078 5550 9078 5551 9079 5548 9079 5547 9079 5548 9080 5549 9080 5550 9080 5551 9081 5549 9081 5548 9081 5549 9082 5544 9082 5550 9082 5551 9083 5544 9083 5549 9083 5552 9084 5553 9084 5559 9084 5552 9085 5559 9085 5558 9085 5564 9086 5553 9086 5552 9086 5565 9087 5558 9087 5559 9087 5553 9088 5554 9088 5560 9088 5553 9089 5560 9089 5559 9089 5564 9090 5554 9090 5553 9090 5565 9091 5559 9091 5560 9091 5554 9092 5555 9092 5561 9092 5554 9093 5561 9093 5560 9093 5564 9094 5555 9094 5554 9094 5565 9095 5560 9095 5561 9095 5555 9096 5556 9096 5562 9096 5555 9097 5562 9097 5561 9097 5564 9098 5556 9098 5555 9098 5565 9099 5561 9099 5562 9099 5556 9100 5557 9100 5563 9100 5556 9101 5563 9101 5562 9101 5564 9102 5557 9102 5556 9102 5565 9103 5562 9103 5563 9103 5557 9104 5552 9104 5558 9104 5557 9105 5558 9105 5563 9105 5564 9106 5552 9106 5557 9106 5565 9107 5563 9107 5558 9107 5566 9108 5567 9108 5572 9108 5573 9109 5567 9109 5566 9109 5567 9110 5568 9110 5572 9110 5573 9111 5568 9111 5567 9111 5568 9112 5569 9112 5572 9112 5573 9113 5569 9113 5568 9113 5569 9114 5570 9114 5572 9114 5573 9115 5570 9115 5569 9115 5570 9116 5571 9116 5572 9116 5573 9117 5571 9117 5570 9117 5571 9118 5566 9118 5572 9118 5573 9119 5566 9119 5571 9119 5574 9120 5575 9120 5581 9120 5574 9121 5581 9121 5580 9121 5586 9122 5575 9122 5574 9122 5587 9123 5580 9123 5581 9123 5575 9124 5576 9124 5582 9124 5575 9125 5582 9125 5581 9125 5586 9126 5576 9126 5575 9126 5587 9127 5581 9127 5582 9127 5576 9128 5577 9128 5583 9128 5576 9129 5583 9129 5582 9129 5586 9130 5577 9130 5576 9130 5587 9131 5582 9131 5583 9131 5577 9132 5578 9132 5584 9132 5577 9133 5584 9133 5583 9133 5586 9134 5578 9134 5577 9134 5587 9135 5583 9135 5584 9135 5578 9136 5579 9136 5585 9136 5578 9137 5585 9137 5584 9137 5586 9138 5579 9138 5578 9138 5587 9139 5584 9139 5585 9139 5579 9140 5574 9140 5580 9140 5579 9141 5580 9141 5585 9141 5586 9142 5574 9142 5579 9142 5587 9143 5585 9143 5580 9143 5588 9144 5589 9144 5594 9144 5595 9145 5589 9145 5588 9145 5589 9146 5590 9146 5594 9146 5595 9147 5590 9147 5589 9147 5590 9148 5591 9148 5594 9148 5595 9149 5591 9149 5590 9149 5591 9150 5592 9150 5594 9150 5595 9151 5592 9151 5591 9151 5592 9152 5593 9152 5594 9152 5595 9153 5593 9153 5592 9153 5593 9154 5588 9154 5594 9154 5595 9155 5588 9155 5593 9155 5596 9156 5597 9156 5603 9156 5596 9157 5603 9157 5602 9157 5608 9158 5597 9158 5596 9158 5609 9159 5602 9159 5603 9159 5597 9160 5598 9160 5604 9160 5597 9161 5604 9161 5603 9161 5608 9162 5598 9162 5597 9162 5609 9163 5603 9163 5604 9163 5598 9164 5599 9164 5605 9164 5598 9165 5605 9165 5604 9165 5608 9166 5599 9166 5598 9166 5609 9167 5604 9167 5605 9167 5599 9168 5600 9168 5606 9168 5599 9169 5606 9169 5605 9169 5608 9170 5600 9170 5599 9170 5609 9171 5605 9171 5606 9171 5600 9172 5601 9172 5607 9172 5600 9173 5607 9173 5606 9173 5608 9174 5601 9174 5600 9174 5609 9175 5606 9175 5607 9175 5601 9176 5596 9176 5602 9176 5601 9177 5602 9177 5607 9177 5608 9178 5596 9178 5601 9178 5609 9179 5607 9179 5602 9179 5610 9180 5611 9180 5616 9180 5617 9181 5611 9181 5610 9181 5611 9182 5612 9182 5616 9182 5617 9183 5612 9183 5611 9183 5612 9184 5613 9184 5616 9184 5617 9185 5613 9185 5612 9185 5613 9186 5614 9186 5616 9186 5617 9187 5614 9187 5613 9187 5614 9188 5615 9188 5616 9188 5617 9189 5615 9189 5614 9189 5615 9190 5610 9190 5616 9190 5617 9191 5610 9191 5615 9191 5618 9192 5619 9192 5625 9192 5618 9193 5625 9193 5624 9193 5630 9194 5619 9194 5618 9194 5631 9195 5624 9195 5625 9195 5619 9196 5620 9196 5626 9196 5619 9197 5626 9197 5625 9197 5630 9198 5620 9198 5619 9198 5631 9199 5625 9199 5626 9199 5620 9200 5621 9200 5627 9200 5620 9201 5627 9201 5626 9201 5630 9202 5621 9202 5620 9202 5631 9203 5626 9203 5627 9203 5621 9204 5622 9204 5628 9204 5621 9205 5628 9205 5627 9205 5630 9206 5622 9206 5621 9206 5631 9207 5627 9207 5628 9207 5622 9208 5623 9208 5629 9208 5622 9209 5629 9209 5628 9209 5630 9210 5623 9210 5622 9210 5631 9211 5628 9211 5629 9211 5623 9212 5618 9212 5624 9212 5623 9213 5624 9213 5629 9213 5630 9214 5618 9214 5623 9214 5631 9215 5629 9215 5624 9215 5632 9216 5633 9216 5638 9216 5639 9217 5633 9217 5632 9217 5633 9218 5634 9218 5638 9218 5639 9219 5634 9219 5633 9219 5634 9220 5635 9220 5638 9220 5639 9221 5635 9221 5634 9221 5635 9222 5636 9222 5638 9222 5639 9223 5636 9223 5635 9223 5636 9224 5637 9224 5638 9224 5639 9225 5637 9225 5636 9225 5637 9226 5632 9226 5638 9226 5639 9227 5632 9227 5637 9227 5640 9228 5641 9228 5647 9228 5640 9229 5647 9229 5646 9229 5652 9230 5641 9230 5640 9230 5653 9231 5646 9231 5647 9231 5641 9232 5642 9232 5648 9232 5641 9233 5648 9233 5647 9233 5652 9234 5642 9234 5641 9234 5653 9235 5647 9235 5648 9235 5642 9236 5643 9236 5649 9236 5642 9237 5649 9237 5648 9237 5652 9238 5643 9238 5642 9238 5653 9239 5648 9239 5649 9239 5643 9240 5644 9240 5650 9240 5643 9241 5650 9241 5649 9241 5652 9242 5644 9242 5643 9242 5653 9243 5649 9243 5650 9243 5644 9244 5645 9244 5651 9244 5644 9245 5651 9245 5650 9245 5652 9246 5645 9246 5644 9246 5653 9247 5650 9247 5651 9247 5645 9248 5640 9248 5646 9248 5645 9249 5646 9249 5651 9249 5652 9250 5640 9250 5645 9250 5653 9251 5651 9251 5646 9251 5654 9252 5655 9252 5660 9252 5661 9253 5655 9253 5654 9253 5655 9254 5656 9254 5660 9254 5661 9255 5656 9255 5655 9255 5656 9256 5657 9256 5660 9256 5661 9257 5657 9257 5656 9257 5657 9258 5658 9258 5660 9258 5661 9259 5658 9259 5657 9259 5658 9260 5659 9260 5660 9260 5661 9261 5659 9261 5658 9261 5659 9262 5654 9262 5660 9262 5661 9263 5654 9263 5659 9263 5662 9264 5663 9264 5669 9264 5662 9265 5669 9265 5668 9265 5674 9266 5663 9266 5662 9266 5675 9267 5668 9267 5669 9267 5663 9268 5664 9268 5670 9268 5663 9269 5670 9269 5669 9269 5674 9270 5664 9270 5663 9270 5675 9271 5669 9271 5670 9271 5664 9272 5665 9272 5671 9272 5664 9273 5671 9273 5670 9273 5674 9274 5665 9274 5664 9274 5675 9275 5670 9275 5671 9275 5665 9276 5666 9276 5672 9276 5665 9277 5672 9277 5671 9277 5674 9278 5666 9278 5665 9278 5675 9279 5671 9279 5672 9279 5666 9280 5667 9280 5673 9280 5666 9281 5673 9281 5672 9281 5674 9282 5667 9282 5666 9282 5675 9283 5672 9283 5673 9283 5667 9284 5662 9284 5668 9284 5667 9285 5668 9285 5673 9285 5674 9286 5662 9286 5667 9286 5675 9287 5673 9287 5668 9287 5676 9288 5677 9288 5682 9288 5683 9289 5677 9289 5676 9289 5677 9290 5678 9290 5682 9290 5683 9291 5678 9291 5677 9291 5678 9292 5679 9292 5682 9292 5683 9293 5679 9293 5678 9293 5679 9294 5680 9294 5682 9294 5683 9295 5680 9295 5679 9295 5680 9296 5681 9296 5682 9296 5683 9297 5681 9297 5680 9297 5681 9298 5676 9298 5682 9298 5683 9299 5676 9299 5681 9299 5684 9300 5685 9300 5691 9300 5684 9301 5691 9301 5690 9301 5696 9302 5685 9302 5684 9302 5697 9303 5690 9303 5691 9303 5685 9304 5686 9304 5692 9304 5685 9305 5692 9305 5691 9305 5696 9306 5686 9306 5685 9306 5697 9307 5691 9307 5692 9307 5686 9308 5687 9308 5693 9308 5686 9309 5693 9309 5692 9309 5696 9310 5687 9310 5686 9310 5697 9311 5692 9311 5693 9311 5687 9312 5688 9312 5694 9312 5687 9313 5694 9313 5693 9313 5696 9314 5688 9314 5687 9314 5697 9315 5693 9315 5694 9315 5688 9316 5689 9316 5695 9316 5688 9317 5695 9317 5694 9317 5696 9318 5689 9318 5688 9318 5697 9319 5694 9319 5695 9319 5689 9320 5684 9320 5690 9320 5689 9321 5690 9321 5695 9321 5696 9322 5684 9322 5689 9322 5697 9323 5695 9323 5690 9323 5698 9324 5699 9324 5704 9324 5705 9325 5699 9325 5698 9325 5699 9326 5700 9326 5704 9326 5705 9327 5700 9327 5699 9327 5700 9328 5701 9328 5704 9328 5705 9329 5701 9329 5700 9329 5701 9330 5702 9330 5704 9330 5705 9331 5702 9331 5701 9331 5702 9332 5703 9332 5704 9332 5705 9333 5703 9333 5702 9333 5703 9334 5698 9334 5704 9334 5705 9335 5698 9335 5703 9335 5706 9336 5707 9336 5713 9336 5706 9337 5713 9337 5712 9337 5718 9338 5707 9338 5706 9338 5719 9339 5712 9339 5713 9339 5707 9340 5708 9340 5714 9340 5707 9341 5714 9341 5713 9341 5718 9342 5708 9342 5707 9342 5719 9343 5713 9343 5714 9343 5708 9344 5709 9344 5715 9344 5708 9345 5715 9345 5714 9345 5718 9346 5709 9346 5708 9346 5719 9347 5714 9347 5715 9347 5709 9348 5710 9348 5716 9348 5709 9349 5716 9349 5715 9349 5718 9350 5710 9350 5709 9350 5719 9351 5715 9351 5716 9351 5710 9352 5711 9352 5717 9352 5710 9353 5717 9353 5716 9353 5718 9354 5711 9354 5710 9354 5719 9355 5716 9355 5717 9355 5711 9356 5706 9356 5712 9356 5711 9357 5712 9357 5717 9357 5718 9358 5706 9358 5711 9358 5719 9359 5717 9359 5712 9359 5720 9360 5721 9360 5726 9360 5727 9361 5721 9361 5720 9361 5721 9362 5722 9362 5726 9362 5727 9363 5722 9363 5721 9363 5722 9364 5723 9364 5726 9364 5727 9365 5723 9365 5722 9365 5723 9366 5724 9366 5726 9366 5727 9367 5724 9367 5723 9367 5724 9368 5725 9368 5726 9368 5727 9369 5725 9369 5724 9369 5725 9370 5720 9370 5726 9370 5727 9371 5720 9371 5725 9371 5728 9372 5729 9372 5735 9372 5728 9373 5735 9373 5734 9373 5740 9374 5729 9374 5728 9374 5741 9375 5734 9375 5735 9375 5729 9376 5730 9376 5736 9376 5729 9377 5736 9377 5735 9377 5740 9378 5730 9378 5729 9378 5741 9379 5735 9379 5736 9379 5730 9380 5731 9380 5737 9380 5730 9381 5737 9381 5736 9381 5740 9382 5731 9382 5730 9382 5741 9383 5736 9383 5737 9383 5731 9384 5732 9384 5738 9384 5731 9385 5738 9385 5737 9385 5740 9386 5732 9386 5731 9386 5741 9387 5737 9387 5738 9387 5732 9388 5733 9388 5739 9388 5732 9389 5739 9389 5738 9389 5740 9390 5733 9390 5732 9390 5741 9391 5738 9391 5739 9391 5733 9392 5728 9392 5734 9392 5733 9393 5734 9393 5739 9393 5740 9394 5728 9394 5733 9394 5741 9395 5739 9395 5734 9395 5742 9396 5743 9396 5748 9396 5749 9397 5743 9397 5742 9397 5743 9398 5744 9398 5748 9398 5749 9399 5744 9399 5743 9399 5744 9400 5745 9400 5748 9400 5749 9401 5745 9401 5744 9401 5745 9402 5746 9402 5748 9402 5749 9403 5746 9403 5745 9403 5746 9404 5747 9404 5748 9404 5749 9405 5747 9405 5746 9405 5747 9406 5742 9406 5748 9406 5749 9407 5742 9407 5747 9407 5750 9408 5751 9408 5757 9408 5750 9409 5757 9409 5756 9409 5762 9410 5751 9410 5750 9410 5763 9411 5756 9411 5757 9411 5751 9412 5752 9412 5758 9412 5751 9413 5758 9413 5757 9413 5762 9414 5752 9414 5751 9414 5763 9415 5757 9415 5758 9415 5752 9416 5753 9416 5759 9416 5752 9417 5759 9417 5758 9417 5762 9418 5753 9418 5752 9418 5763 9419 5758 9419 5759 9419 5753 9420 5754 9420 5760 9420 5753 9421 5760 9421 5759 9421 5762 9422 5754 9422 5753 9422 5763 9423 5759 9423 5760 9423 5754 9424 5755 9424 5761 9424 5754 9425 5761 9425 5760 9425 5762 9426 5755 9426 5754 9426 5763 9427 5760 9427 5761 9427 5755 9428 5750 9428 5756 9428 5755 9429 5756 9429 5761 9429 5762 9430 5750 9430 5755 9430 5763 9431 5761 9431 5756 9431 5764 9432 5765 9432 5770 9432 5771 9433 5765 9433 5764 9433 5765 9434 5766 9434 5770 9434 5771 9435 5766 9435 5765 9435 5766 9436 5767 9436 5770 9436 5771 9437 5767 9437 5766 9437 5767 9438 5768 9438 5770 9438 5771 9439 5768 9439 5767 9439 5768 9440 5769 9440 5770 9440 5771 9441 5769 9441 5768 9441 5769 9442 5764 9442 5770 9442 5771 9443 5764 9443 5769 9443 5772 9444 5773 9444 5779 9444 5772 9445 5779 9445 5778 9445 5784 9446 5773 9446 5772 9446 5785 9447 5778 9447 5779 9447 5773 9448 5774 9448 5780 9448 5773 9449 5780 9449 5779 9449 5784 9450 5774 9450 5773 9450 5785 9451 5779 9451 5780 9451 5774 9452 5775 9452 5781 9452 5774 9453 5781 9453 5780 9453 5784 9454 5775 9454 5774 9454 5785 9455 5780 9455 5781 9455 5775 9456 5776 9456 5782 9456 5775 9457 5782 9457 5781 9457 5784 9458 5776 9458 5775 9458 5785 9459 5781 9459 5782 9459 5776 9460 5777 9460 5783 9460 5776 9461 5783 9461 5782 9461 5784 9462 5777 9462 5776 9462 5785 9463 5782 9463 5783 9463 5777 9464 5772 9464 5778 9464 5777 9465 5778 9465 5783 9465 5784 9466 5772 9466 5777 9466 5785 9467 5783 9467 5778 9467 5786 9468 5787 9468 5792 9468 5793 9469 5787 9469 5786 9469 5787 9470 5788 9470 5792 9470 5793 9471 5788 9471 5787 9471 5788 9472 5789 9472 5792 9472 5793 9473 5789 9473 5788 9473 5789 9474 5790 9474 5792 9474 5793 9475 5790 9475 5789 9475 5790 9476 5791 9476 5792 9476 5793 9477 5791 9477 5790 9477 5791 9478 5786 9478 5792 9478 5793 9479 5786 9479 5791 9479 5794 9480 5795 9480 5801 9480 5794 9481 5801 9481 5800 9481 5806 9482 5795 9482 5794 9482 5807 9483 5800 9483 5801 9483 5795 9484 5796 9484 5802 9484 5795 9485 5802 9485 5801 9485 5806 9486 5796 9486 5795 9486 5807 9487 5801 9487 5802 9487 5796 9488 5797 9488 5803 9488 5796 9489 5803 9489 5802 9489 5806 9490 5797 9490 5796 9490 5807 9491 5802 9491 5803 9491 5797 9492 5798 9492 5804 9492 5797 9493 5804 9493 5803 9493 5806 9494 5798 9494 5797 9494 5807 9495 5803 9495 5804 9495 5798 9496 5799 9496 5805 9496 5798 9497 5805 9497 5804 9497 5806 9498 5799 9498 5798 9498 5807 9499 5804 9499 5805 9499 5799 9500 5794 9500 5800 9500 5799 9501 5800 9501 5805 9501 5806 9502 5794 9502 5799 9502 5807 9503 5805 9503 5800 9503 5808 9504 5809 9504 5814 9504 5815 9505 5809 9505 5808 9505 5809 9506 5810 9506 5814 9506 5815 9507 5810 9507 5809 9507 5810 9508 5811 9508 5814 9508 5815 9509 5811 9509 5810 9509 5811 9510 5812 9510 5814 9510 5815 9511 5812 9511 5811 9511 5812 9512 5813 9512 5814 9512 5815 9513 5813 9513 5812 9513 5813 9514 5808 9514 5814 9514 5815 9515 5808 9515 5813 9515 5816 9516 5817 9516 5823 9516 5816 9517 5823 9517 5822 9517 5828 9518 5817 9518 5816 9518 5829 9519 5822 9519 5823 9519 5817 9520 5818 9520 5824 9520 5817 9521 5824 9521 5823 9521 5828 9522 5818 9522 5817 9522 5829 9523 5823 9523 5824 9523 5818 9524 5819 9524 5825 9524 5818 9525 5825 9525 5824 9525 5828 9526 5819 9526 5818 9526 5829 9527 5824 9527 5825 9527 5819 9528 5820 9528 5826 9528 5819 9529 5826 9529 5825 9529 5828 9530 5820 9530 5819 9530 5829 9531 5825 9531 5826 9531 5820 9532 5821 9532 5827 9532 5820 9533 5827 9533 5826 9533 5828 9534 5821 9534 5820 9534 5829 9535 5826 9535 5827 9535 5821 9536 5816 9536 5822 9536 5821 9537 5822 9537 5827 9537 5828 9538 5816 9538 5821 9538 5829 9539 5827 9539 5822 9539 5830 9540 5831 9540 5836 9540 5837 9541 5831 9541 5830 9541 5831 9542 5832 9542 5836 9542 5837 9543 5832 9543 5831 9543 5832 9544 5833 9544 5836 9544 5837 9545 5833 9545 5832 9545 5833 9546 5834 9546 5836 9546 5837 9547 5834 9547 5833 9547 5834 9548 5835 9548 5836 9548 5837 9549 5835 9549 5834 9549 5835 9550 5830 9550 5836 9550 5837 9551 5830 9551 5835 9551 5838 9552 5839 9552 5845 9552 5838 9553 5845 9553 5844 9553 5850 9554 5839 9554 5838 9554 5851 9555 5844 9555 5845 9555 5839 9556 5840 9556 5846 9556 5839 9557 5846 9557 5845 9557 5850 9558 5840 9558 5839 9558 5851 9559 5845 9559 5846 9559 5840 9560 5841 9560 5847 9560 5840 9561 5847 9561 5846 9561 5850 9562 5841 9562 5840 9562 5851 9563 5846 9563 5847 9563 5841 9564 5842 9564 5848 9564 5841 9565 5848 9565 5847 9565 5850 9566 5842 9566 5841 9566 5851 9567 5847 9567 5848 9567 5842 9568 5843 9568 5849 9568 5842 9569 5849 9569 5848 9569 5850 9570 5843 9570 5842 9570 5851 9571 5848 9571 5849 9571 5843 9572 5838 9572 5844 9572 5843 9573 5844 9573 5849 9573 5850 9574 5838 9574 5843 9574 5851 9575 5849 9575 5844 9575 5852 9576 5853 9576 5858 9576 5859 9577 5853 9577 5852 9577 5853 9578 5854 9578 5858 9578 5859 9579 5854 9579 5853 9579 5854 9580 5855 9580 5858 9580 5859 9581 5855 9581 5854 9581 5855 9582 5856 9582 5858 9582 5859 9583 5856 9583 5855 9583 5856 9584 5857 9584 5858 9584 5859 9585 5857 9585 5856 9585 5857 9586 5852 9586 5858 9586 5859 9587 5852 9587 5857 9587 5860 9588 5861 9588 5867 9588 5860 9589 5867 9589 5866 9589 5872 9590 5861 9590 5860 9590 5873 9591 5866 9591 5867 9591 5861 9592 5862 9592 5868 9592 5861 9593 5868 9593 5867 9593 5872 9594 5862 9594 5861 9594 5873 9595 5867 9595 5868 9595 5862 9596 5863 9596 5869 9596 5862 9597 5869 9597 5868 9597 5872 9598 5863 9598 5862 9598 5873 9599 5868 9599 5869 9599 5863 9600 5864 9600 5870 9600 5863 9601 5870 9601 5869 9601 5872 9602 5864 9602 5863 9602 5873 9603 5869 9603 5870 9603 5864 9604 5865 9604 5871 9604 5864 9605 5871 9605 5870 9605 5872 9606 5865 9606 5864 9606 5873 9607 5870 9607 5871 9607 5865 9608 5860 9608 5866 9608 5865 9609 5866 9609 5871 9609 5872 9610 5860 9610 5865 9610 5873 9611 5871 9611 5866 9611 5874 9612 5875 9612 5880 9612 5881 9613 5875 9613 5874 9613 5875 9614 5876 9614 5880 9614 5881 9615 5876 9615 5875 9615 5876 9616 5877 9616 5880 9616 5881 9617 5877 9617 5876 9617 5877 9618 5878 9618 5880 9618 5881 9619 5878 9619 5877 9619 5878 9620 5879 9620 5880 9620 5881 9621 5879 9621 5878 9621 5879 9622 5874 9622 5880 9622 5881 9623 5874 9623 5879 9623 5882 9624 5883 9624 5889 9624 5882 9625 5889 9625 5888 9625 5894 9626 5883 9626 5882 9626 5895 9627 5888 9627 5889 9627 5883 9628 5884 9628 5890 9628 5883 9629 5890 9629 5889 9629 5894 9630 5884 9630 5883 9630 5895 9631 5889 9631 5890 9631 5884 9632 5885 9632 5891 9632 5884 9633 5891 9633 5890 9633 5894 9634 5885 9634 5884 9634 5895 9635 5890 9635 5891 9635 5885 9636 5886 9636 5892 9636 5885 9637 5892 9637 5891 9637 5894 9638 5886 9638 5885 9638 5895 9639 5891 9639 5892 9639 5886 9640 5887 9640 5893 9640 5886 9641 5893 9641 5892 9641 5894 9642 5887 9642 5886 9642 5895 9643 5892 9643 5893 9643 5887 9644 5882 9644 5888 9644 5887 9645 5888 9645 5893 9645 5894 9646 5882 9646 5887 9646 5895 9647 5893 9647 5888 9647 5896 9648 5897 9648 5902 9648 5903 9649 5897 9649 5896 9649 5897 9650 5898 9650 5902 9650 5903 9651 5898 9651 5897 9651 5898 9652 5899 9652 5902 9652 5903 9653 5899 9653 5898 9653 5899 9654 5900 9654 5902 9654 5903 9655 5900 9655 5899 9655 5900 9656 5901 9656 5902 9656 5903 9657 5901 9657 5900 9657 5901 9658 5896 9658 5902 9658 5903 9659 5896 9659 5901 9659 5904 9660 5905 9660 5911 9660 5904 9661 5911 9661 5910 9661 5916 9662 5905 9662 5904 9662 5917 9663 5910 9663 5911 9663 5905 9664 5906 9664 5912 9664 5905 9665 5912 9665 5911 9665 5916 9666 5906 9666 5905 9666 5917 9667 5911 9667 5912 9667 5906 9668 5907 9668 5913 9668 5906 9669 5913 9669 5912 9669 5916 9670 5907 9670 5906 9670 5917 9671 5912 9671 5913 9671 5907 9672 5908 9672 5914 9672 5907 9673 5914 9673 5913 9673 5916 9674 5908 9674 5907 9674 5917 9675 5913 9675 5914 9675 5908 9676 5909 9676 5915 9676 5908 9677 5915 9677 5914 9677 5916 9678 5909 9678 5908 9678 5917 9679 5914 9679 5915 9679 5909 9680 5904 9680 5910 9680 5909 9681 5910 9681 5915 9681 5916 9682 5904 9682 5909 9682 5917 9683 5915 9683 5910 9683 5918 9684 5919 9684 5924 9684 5925 9685 5919 9685 5918 9685 5919 9686 5920 9686 5924 9686 5925 9687 5920 9687 5919 9687 5920 9688 5921 9688 5924 9688 5925 9689 5921 9689 5920 9689 5921 9690 5922 9690 5924 9690 5925 9691 5922 9691 5921 9691 5922 9692 5923 9692 5924 9692 5925 9693 5923 9693 5922 9693 5923 9694 5918 9694 5924 9694 5925 9695 5918 9695 5923 9695 5926 9696 5927 9696 5933 9696 5926 9697 5933 9697 5932 9697 5938 9698 5927 9698 5926 9698 5939 9699 5932 9699 5933 9699 5927 9700 5928 9700 5934 9700 5927 9701 5934 9701 5933 9701 5938 9702 5928 9702 5927 9702 5939 9703 5933 9703 5934 9703 5928 9704 5929 9704 5935 9704 5928 9705 5935 9705 5934 9705 5938 9706 5929 9706 5928 9706 5939 9707 5934 9707 5935 9707 5929 9708 5930 9708 5936 9708 5929 9709 5936 9709 5935 9709 5938 9710 5930 9710 5929 9710 5939 9711 5935 9711 5936 9711 5930 9712 5931 9712 5937 9712 5930 9713 5937 9713 5936 9713 5938 9714 5931 9714 5930 9714 5939 9715 5936 9715 5937 9715 5931 9716 5926 9716 5932 9716 5931 9717 5932 9717 5937 9717 5938 9718 5926 9718 5931 9718 5939 9719 5937 9719 5932 9719 5940 9720 5941 9720 5946 9720 5947 9721 5941 9721 5940 9721 5941 9722 5942 9722 5946 9722 5947 9723 5942 9723 5941 9723 5942 9724 5943 9724 5946 9724 5947 9725 5943 9725 5942 9725 5943 9726 5944 9726 5946 9726 5947 9727 5944 9727 5943 9727 5944 9728 5945 9728 5946 9728 5947 9729 5945 9729 5944 9729 5945 9730 5940 9730 5946 9730 5947 9731 5940 9731 5945 9731 5948 9732 5949 9732 5955 9732 5948 9733 5955 9733 5954 9733 5960 9734 5949 9734 5948 9734 5961 9735 5954 9735 5955 9735 5949 9736 5950 9736 5956 9736 5949 9737 5956 9737 5955 9737 5960 9738 5950 9738 5949 9738 5961 9739 5955 9739 5956 9739 5950 9740 5951 9740 5957 9740 5950 9741 5957 9741 5956 9741 5960 9742 5951 9742 5950 9742 5961 9743 5956 9743 5957 9743 5951 9744 5952 9744 5958 9744 5951 9745 5958 9745 5957 9745 5960 9746 5952 9746 5951 9746 5961 9747 5957 9747 5958 9747 5952 9748 5953 9748 5959 9748 5952 9749 5959 9749 5958 9749 5960 9750 5953 9750 5952 9750 5961 9751 5958 9751 5959 9751 5953 9752 5948 9752 5954 9752 5953 9753 5954 9753 5959 9753 5960 9754 5948 9754 5953 9754 5961 9755 5959 9755 5954 9755 5962 9756 5963 9756 5968 9756 5969 9757 5963 9757 5962 9757 5963 9758 5964 9758 5968 9758 5969 9759 5964 9759 5963 9759 5964 9760 5965 9760 5968 9760 5969 9761 5965 9761 5964 9761 5965 9762 5966 9762 5968 9762 5969 9763 5966 9763 5965 9763 5966 9764 5967 9764 5968 9764 5969 9765 5967 9765 5966 9765 5967 9766 5962 9766 5968 9766 5969 9767 5962 9767 5967 9767 5970 9768 5971 9768 5977 9768 5970 9769 5977 9769 5976 9769 5982 9770 5971 9770 5970 9770 5983 9771 5976 9771 5977 9771 5971 9772 5972 9772 5978 9772 5971 9773 5978 9773 5977 9773 5982 9774 5972 9774 5971 9774 5983 9775 5977 9775 5978 9775 5972 9776 5973 9776 5979 9776 5972 9777 5979 9777 5978 9777 5982 9778 5973 9778 5972 9778 5983 9779 5978 9779 5979 9779 5973 9780 5974 9780 5980 9780 5973 9781 5980 9781 5979 9781 5982 9782 5974 9782 5973 9782 5983 9783 5979 9783 5980 9783 5974 9784 5975 9784 5981 9784 5974 9785 5981 9785 5980 9785 5982 9786 5975 9786 5974 9786 5983 9787 5980 9787 5981 9787 5975 9788 5970 9788 5976 9788 5975 9789 5976 9789 5981 9789 5982 9790 5970 9790 5975 9790 5983 9791 5981 9791 5976 9791 5984 9792 5985 9792 5990 9792 5991 9793 5985 9793 5984 9793 5985 9794 5986 9794 5990 9794 5991 9795 5986 9795 5985 9795 5986 9796 5987 9796 5990 9796 5991 9797 5987 9797 5986 9797 5987 9798 5988 9798 5990 9798 5991 9799 5988 9799 5987 9799 5988 9800 5989 9800 5990 9800 5991 9801 5989 9801 5988 9801 5989 9802 5984 9802 5990 9802 5991 9803 5984 9803 5989 9803 5992 9804 5993 9804 5999 9804 5992 9805 5999 9805 5998 9805 6004 9806 5993 9806 5992 9806 6005 9807 5998 9807 5999 9807 5993 9808 5994 9808 6000 9808 5993 9809 6000 9809 5999 9809 6004 9810 5994 9810 5993 9810 6005 9811 5999 9811 6000 9811 5994 9812 5995 9812 6001 9812 5994 9813 6001 9813 6000 9813 6004 9814 5995 9814 5994 9814 6005 9815 6000 9815 6001 9815 5995 9816 5996 9816 6002 9816 5995 9817 6002 9817 6001 9817 6004 9818 5996 9818 5995 9818 6005 9819 6001 9819 6002 9819 5996 9820 5997 9820 6003 9820 5996 9821 6003 9821 6002 9821 6004 9822 5997 9822 5996 9822 6005 9823 6002 9823 6003 9823 5997 9824 5992 9824 5998 9824 5997 9825 5998 9825 6003 9825 6004 9826 5992 9826 5997 9826 6005 9827 6003 9827 5998 9827 6006 9828 6007 9828 6012 9828 6013 9829 6007 9829 6006 9829 6007 9830 6008 9830 6012 9830 6013 9831 6008 9831 6007 9831 6008 9832 6009 9832 6012 9832 6013 9833 6009 9833 6008 9833 6009 9834 6010 9834 6012 9834 6013 9835 6010 9835 6009 9835 6010 9836 6011 9836 6012 9836 6013 9837 6011 9837 6010 9837 6011 9838 6006 9838 6012 9838 6013 9839 6006 9839 6011 9839 6014 9840 6015 9840 6021 9840 6014 9841 6021 9841 6020 9841 6026 9842 6015 9842 6014 9842 6027 9843 6020 9843 6021 9843 6015 9844 6016 9844 6022 9844 6015 9845 6022 9845 6021 9845 6026 9846 6016 9846 6015 9846 6027 9847 6021 9847 6022 9847 6016 9848 6017 9848 6023 9848 6016 9849 6023 9849 6022 9849 6026 9850 6017 9850 6016 9850 6027 9851 6022 9851 6023 9851 6017 9852 6018 9852 6024 9852 6017 9853 6024 9853 6023 9853 6026 9854 6018 9854 6017 9854 6027 9855 6023 9855 6024 9855 6018 9856 6019 9856 6025 9856 6018 9857 6025 9857 6024 9857 6026 9858 6019 9858 6018 9858 6027 9859 6024 9859 6025 9859 6019 9860 6014 9860 6020 9860 6019 9861 6020 9861 6025 9861 6026 9862 6014 9862 6019 9862 6027 9863 6025 9863 6020 9863 6028 9864 6029 9864 6034 9864 6035 9865 6029 9865 6028 9865 6029 9866 6030 9866 6034 9866 6035 9867 6030 9867 6029 9867 6030 9868 6031 9868 6034 9868 6035 9869 6031 9869 6030 9869 6031 9870 6032 9870 6034 9870 6035 9871 6032 9871 6031 9871 6032 9872 6033 9872 6034 9872 6035 9873 6033 9873 6032 9873 6033 9874 6028 9874 6034 9874 6035 9875 6028 9875 6033 9875 6036 9876 6037 9876 6043 9876 6036 9877 6043 9877 6042 9877 6048 9878 6037 9878 6036 9878 6049 9879 6042 9879 6043 9879 6037 9880 6038 9880 6044 9880 6037 9881 6044 9881 6043 9881 6048 9882 6038 9882 6037 9882 6049 9883 6043 9883 6044 9883 6038 9884 6039 9884 6045 9884 6038 9885 6045 9885 6044 9885 6048 9886 6039 9886 6038 9886 6049 9887 6044 9887 6045 9887 6039 9888 6040 9888 6046 9888 6039 9889 6046 9889 6045 9889 6048 9890 6040 9890 6039 9890 6049 9891 6045 9891 6046 9891 6040 9892 6041 9892 6047 9892 6040 9893 6047 9893 6046 9893 6048 9894 6041 9894 6040 9894 6049 9895 6046 9895 6047 9895 6041 9896 6036 9896 6042 9896 6041 9897 6042 9897 6047 9897 6048 9898 6036 9898 6041 9898 6049 9899 6047 9899 6042 9899 6050 9900 6051 9900 6056 9900 6057 9901 6051 9901 6050 9901 6051 9902 6052 9902 6056 9902 6057 9903 6052 9903 6051 9903 6052 9904 6053 9904 6056 9904 6057 9905 6053 9905 6052 9905 6053 9906 6054 9906 6056 9906 6057 9907 6054 9907 6053 9907 6054 9908 6055 9908 6056 9908 6057 9909 6055 9909 6054 9909 6055 9910 6050 9910 6056 9910 6057 9911 6050 9911 6055 9911 6058 9912 6059 9912 6065 9912 6058 9913 6065 9913 6064 9913 6070 9914 6059 9914 6058 9914 6071 9915 6064 9915 6065 9915 6059 9916 6060 9916 6066 9916 6059 9917 6066 9917 6065 9917 6070 9918 6060 9918 6059 9918 6071 9919 6065 9919 6066 9919 6060 9920 6061 9920 6067 9920 6060 9921 6067 9921 6066 9921 6070 9922 6061 9922 6060 9922 6071 9923 6066 9923 6067 9923 6061 9924 6062 9924 6068 9924 6061 9925 6068 9925 6067 9925 6070 9926 6062 9926 6061 9926 6071 9927 6067 9927 6068 9927 6062 9928 6063 9928 6069 9928 6062 9929 6069 9929 6068 9929 6070 9930 6063 9930 6062 9930 6071 9931 6068 9931 6069 9931 6063 9932 6058 9932 6064 9932 6063 9933 6064 9933 6069 9933 6070 9934 6058 9934 6063 9934 6071 9935 6069 9935 6064 9935 6072 9936 6073 9936 6078 9936 6079 9937 6073 9937 6072 9937 6073 9938 6074 9938 6078 9938 6079 9939 6074 9939 6073 9939 6074 9940 6075 9940 6078 9940 6079 9941 6075 9941 6074 9941 6075 9942 6076 9942 6078 9942 6079 9943 6076 9943 6075 9943 6076 9944 6077 9944 6078 9944 6079 9945 6077 9945 6076 9945 6077 9946 6072 9946 6078 9946 6079 9947 6072 9947 6077 9947 6080 9948 6081 9948 6087 9948 6080 9949 6087 9949 6086 9949 6092 9950 6081 9950 6080 9950 6093 9951 6086 9951 6087 9951 6081 9952 6082 9952 6088 9952 6081 9953 6088 9953 6087 9953 6092 9954 6082 9954 6081 9954 6093 9955 6087 9955 6088 9955 6082 9956 6083 9956 6089 9956 6082 9957 6089 9957 6088 9957 6092 9958 6083 9958 6082 9958 6093 9959 6088 9959 6089 9959 6083 9960 6084 9960 6090 9960 6083 9961 6090 9961 6089 9961 6092 9962 6084 9962 6083 9962 6093 9963 6089 9963 6090 9963 6084 9964 6085 9964 6091 9964 6084 9965 6091 9965 6090 9965 6092 9966 6085 9966 6084 9966 6093 9967 6090 9967 6091 9967 6085 9968 6080 9968 6086 9968 6085 9969 6086 9969 6091 9969 6092 9970 6080 9970 6085 9970 6093 9971 6091 9971 6086 9971 6094 9972 6095 9972 6100 9972 6101 9973 6095 9973 6094 9973 6095 9974 6096 9974 6100 9974 6101 9975 6096 9975 6095 9975 6096 9976 6097 9976 6100 9976 6101 9977 6097 9977 6096 9977 6097 9978 6098 9978 6100 9978 6101 9979 6098 9979 6097 9979 6098 9980 6099 9980 6100 9980 6101 9981 6099 9981 6098 9981 6099 9982 6094 9982 6100 9982 6101 9983 6094 9983 6099 9983 6102 9984 6103 9984 6109 9984 6102 9985 6109 9985 6108 9985 6114 9986 6103 9986 6102 9986 6115 9987 6108 9987 6109 9987 6103 9988 6104 9988 6110 9988 6103 9989 6110 9989 6109 9989 6114 9990 6104 9990 6103 9990 6115 9991 6109 9991 6110 9991 6104 9992 6105 9992 6111 9992 6104 9993 6111 9993 6110 9993 6114 9994 6105 9994 6104 9994 6115 9995 6110 9995 6111 9995 6105 9996 6106 9996 6112 9996 6105 9997 6112 9997 6111 9997 6114 9998 6106 9998 6105 9998 6115 9999 6111 9999 6112 9999 6106 10000 6107 10000 6113 10000 6106 10001 6113 10001 6112 10001 6114 10002 6107 10002 6106 10002 6115 10003 6112 10003 6113 10003 6107 10004 6102 10004 6108 10004 6107 10005 6108 10005 6113 10005 6114 10006 6102 10006 6107 10006 6115 10007 6113 10007 6108 10007 6116 10008 6117 10008 6122 10008 6123 10009 6117 10009 6116 10009 6117 10010 6118 10010 6122 10010 6123 10011 6118 10011 6117 10011 6118 10012 6119 10012 6122 10012 6123 10013 6119 10013 6118 10013 6119 10014 6120 10014 6122 10014 6123 10015 6120 10015 6119 10015 6120 10016 6121 10016 6122 10016 6123 10017 6121 10017 6120 10017 6121 10018 6116 10018 6122 10018 6123 10019 6116 10019 6121 10019 6124 10020 6125 10020 6131 10020 6124 10021 6131 10021 6130 10021 6136 10022 6125 10022 6124 10022 6137 10023 6130 10023 6131 10023 6125 10024 6126 10024 6132 10024 6125 10025 6132 10025 6131 10025 6136 10026 6126 10026 6125 10026 6137 10027 6131 10027 6132 10027 6126 10028 6127 10028 6133 10028 6126 10029 6133 10029 6132 10029 6136 10030 6127 10030 6126 10030 6137 10031 6132 10031 6133 10031 6127 10032 6128 10032 6134 10032 6127 10033 6134 10033 6133 10033 6136 10034 6128 10034 6127 10034 6137 10035 6133 10035 6134 10035 6128 10036 6129 10036 6135 10036 6128 10037 6135 10037 6134 10037 6136 10038 6129 10038 6128 10038 6137 10039 6134 10039 6135 10039 6129 10040 6124 10040 6130 10040 6129 10041 6130 10041 6135 10041 6136 10042 6124 10042 6129 10042 6137 10043 6135 10043 6130 10043 6138 10044 6139 10044 6144 10044 6145 10045 6139 10045 6138 10045 6139 10046 6140 10046 6144 10046 6145 10047 6140 10047 6139 10047 6140 10048 6141 10048 6144 10048 6145 10049 6141 10049 6140 10049 6141 10050 6142 10050 6144 10050 6145 10051 6142 10051 6141 10051 6142 10052 6143 10052 6144 10052 6145 10053 6143 10053 6142 10053 6143 10054 6138 10054 6144 10054 6145 10055 6138 10055 6143 10055 6146 10056 6147 10056 6153 10056 6146 10057 6153 10057 6152 10057 6158 10058 6147 10058 6146 10058 6159 10059 6152 10059 6153 10059 6147 10060 6148 10060 6154 10060 6147 10061 6154 10061 6153 10061 6158 10062 6148 10062 6147 10062 6159 10063 6153 10063 6154 10063 6148 10064 6149 10064 6155 10064 6148 10065 6155 10065 6154 10065 6158 10066 6149 10066 6148 10066 6159 10067 6154 10067 6155 10067 6149 10068 6150 10068 6156 10068 6149 10069 6156 10069 6155 10069 6158 10070 6150 10070 6149 10070 6159 10071 6155 10071 6156 10071 6150 10072 6151 10072 6157 10072 6150 10073 6157 10073 6156 10073 6158 10074 6151 10074 6150 10074 6159 10075 6156 10075 6157 10075 6151 10076 6146 10076 6152 10076 6151 10077 6152 10077 6157 10077 6158 10078 6146 10078 6151 10078 6159 10079 6157 10079 6152 10079 6160 10080 6161 10080 6166 10080 6167 10081 6161 10081 6160 10081 6161 10082 6162 10082 6166 10082 6167 10083 6162 10083 6161 10083 6162 10084 6163 10084 6166 10084 6167 10085 6163 10085 6162 10085 6163 10086 6164 10086 6166 10086 6167 10087 6164 10087 6163 10087 6164 10088 6165 10088 6166 10088 6167 10089 6165 10089 6164 10089 6165 10090 6160 10090 6166 10090 6167 10091 6160 10091 6165 10091 6168 10092 6169 10092 6175 10092 6168 10093 6175 10093 6174 10093 6180 10094 6169 10094 6168 10094 6181 10095 6174 10095 6175 10095 6169 10096 6170 10096 6176 10096 6169 10097 6176 10097 6175 10097 6180 10098 6170 10098 6169 10098 6181 10099 6175 10099 6176 10099 6170 10100 6171 10100 6177 10100 6170 10101 6177 10101 6176 10101 6180 10102 6171 10102 6170 10102 6181 10103 6176 10103 6177 10103 6171 10104 6172 10104 6178 10104 6171 10105 6178 10105 6177 10105 6180 10106 6172 10106 6171 10106 6181 10107 6177 10107 6178 10107 6172 10108 6173 10108 6179 10108 6172 10109 6179 10109 6178 10109 6180 10110 6173 10110 6172 10110 6181 10111 6178 10111 6179 10111 6173 10112 6168 10112 6174 10112 6173 10113 6174 10113 6179 10113 6180 10114 6168 10114 6173 10114 6181 10115 6179 10115 6174 10115 6182 10116 6183 10116 6188 10116 6189 10117 6183 10117 6182 10117 6183 10118 6184 10118 6188 10118 6189 10119 6184 10119 6183 10119 6184 10120 6185 10120 6188 10120 6189 10121 6185 10121 6184 10121 6185 10122 6186 10122 6188 10122 6189 10123 6186 10123 6185 10123 6186 10124 6187 10124 6188 10124 6189 10125 6187 10125 6186 10125 6187 10126 6182 10126 6188 10126 6189 10127 6182 10127 6187 10127 6190 10128 6191 10128 6197 10128 6190 10129 6197 10129 6196 10129 6202 10130 6191 10130 6190 10130 6203 10131 6196 10131 6197 10131 6191 10132 6192 10132 6198 10132 6191 10133 6198 10133 6197 10133 6202 10134 6192 10134 6191 10134 6203 10135 6197 10135 6198 10135 6192 10136 6193 10136 6199 10136 6192 10137 6199 10137 6198 10137 6202 10138 6193 10138 6192 10138 6203 10139 6198 10139 6199 10139 6193 10140 6194 10140 6200 10140 6193 10141 6200 10141 6199 10141 6202 10142 6194 10142 6193 10142 6203 10143 6199 10143 6200 10143 6194 10144 6195 10144 6201 10144 6194 10145 6201 10145 6200 10145 6202 10146 6195 10146 6194 10146 6203 10147 6200 10147 6201 10147 6195 10148 6190 10148 6196 10148 6195 10149 6196 10149 6201 10149 6202 10150 6190 10150 6195 10150 6203 10151 6201 10151 6196 10151 6204 10152 6205 10152 6210 10152 6211 10153 6205 10153 6204 10153 6205 10154 6206 10154 6210 10154 6211 10155 6206 10155 6205 10155 6206 10156 6207 10156 6210 10156 6211 10157 6207 10157 6206 10157 6207 10158 6208 10158 6210 10158 6211 10159 6208 10159 6207 10159 6208 10160 6209 10160 6210 10160 6211 10161 6209 10161 6208 10161 6209 10162 6204 10162 6210 10162 6211 10163 6204 10163 6209 10163 6212 10164 6213 10164 6219 10164 6212 10165 6219 10165 6218 10165 6224 10166 6213 10166 6212 10166 6225 10167 6218 10167 6219 10167 6213 10168 6214 10168 6220 10168 6213 10169 6220 10169 6219 10169 6224 10170 6214 10170 6213 10170 6225 10171 6219 10171 6220 10171 6214 10172 6215 10172 6221 10172 6214 10173 6221 10173 6220 10173 6224 10174 6215 10174 6214 10174 6225 10175 6220 10175 6221 10175 6215 10176 6216 10176 6222 10176 6215 10177 6222 10177 6221 10177 6224 10178 6216 10178 6215 10178 6225 10179 6221 10179 6222 10179 6216 10180 6217 10180 6223 10180 6216 10181 6223 10181 6222 10181 6224 10182 6217 10182 6216 10182 6225 10183 6222 10183 6223 10183 6217 10184 6212 10184 6218 10184 6217 10185 6218 10185 6223 10185 6224 10186 6212 10186 6217 10186 6225 10187 6223 10187 6218 10187 6226 10188 6227 10188 6232 10188 6233 10189 6227 10189 6226 10189 6227 10190 6228 10190 6232 10190 6233 10191 6228 10191 6227 10191 6228 10192 6229 10192 6232 10192 6233 10193 6229 10193 6228 10193 6229 10194 6230 10194 6232 10194 6233 10195 6230 10195 6229 10195 6230 10196 6231 10196 6232 10196 6233 10197 6231 10197 6230 10197 6231 10198 6226 10198 6232 10198 6233 10199 6226 10199 6231 10199 6234 10200 6235 10200 6241 10200 6234 10201 6241 10201 6240 10201 6246 10202 6235 10202 6234 10202 6247 10203 6240 10203 6241 10203 6235 10204 6236 10204 6242 10204 6235 10205 6242 10205 6241 10205 6246 10206 6236 10206 6235 10206 6247 10207 6241 10207 6242 10207 6236 10208 6237 10208 6243 10208 6236 10209 6243 10209 6242 10209 6246 10210 6237 10210 6236 10210 6247 10211 6242 10211 6243 10211 6237 10212 6238 10212 6244 10212 6237 10213 6244 10213 6243 10213 6246 10214 6238 10214 6237 10214 6247 10215 6243 10215 6244 10215 6238 10216 6239 10216 6245 10216 6238 10217 6245 10217 6244 10217 6246 10218 6239 10218 6238 10218 6247 10219 6244 10219 6245 10219 6239 10220 6234 10220 6240 10220 6239 10221 6240 10221 6245 10221 6246 10222 6234 10222 6239 10222 6247 10223 6245 10223 6240 10223 6248 10224 6249 10224 6254 10224 6255 10225 6249 10225 6248 10225 6249 10226 6250 10226 6254 10226 6255 10227 6250 10227 6249 10227 6250 10228 6251 10228 6254 10228 6255 10229 6251 10229 6250 10229 6251 10230 6252 10230 6254 10230 6255 10231 6252 10231 6251 10231 6252 10232 6253 10232 6254 10232 6255 10233 6253 10233 6252 10233 6253 10234 6248 10234 6254 10234 6255 10235 6248 10235 6253 10235 6256 10236 6257 10236 6263 10236 6256 10237 6263 10237 6262 10237 6268 10238 6257 10238 6256 10238 6269 10239 6262 10239 6263 10239 6257 10240 6258 10240 6264 10240 6257 10241 6264 10241 6263 10241 6268 10242 6258 10242 6257 10242 6269 10243 6263 10243 6264 10243 6258 10244 6259 10244 6265 10244 6258 10245 6265 10245 6264 10245 6268 10246 6259 10246 6258 10246 6269 10247 6264 10247 6265 10247 6259 10248 6260 10248 6266 10248 6259 10249 6266 10249 6265 10249 6268 10250 6260 10250 6259 10250 6269 10251 6265 10251 6266 10251 6260 10252 6261 10252 6267 10252 6260 10253 6267 10253 6266 10253 6268 10254 6261 10254 6260 10254 6269 10255 6266 10255 6267 10255 6261 10256 6256 10256 6262 10256 6261 10257 6262 10257 6267 10257 6268 10258 6256 10258 6261 10258 6269 10259 6267 10259 6262 10259 6270 10260 6271 10260 6276 10260 6277 10261 6271 10261 6270 10261 6271 10262 6272 10262 6276 10262 6277 10263 6272 10263 6271 10263 6272 10264 6273 10264 6276 10264 6277 10265 6273 10265 6272 10265 6273 10266 6274 10266 6276 10266 6277 10267 6274 10267 6273 10267 6274 10268 6275 10268 6276 10268 6277 10269 6275 10269 6274 10269 6275 10270 6270 10270 6276 10270 6277 10271 6270 10271 6275 10271 6278 10272 6279 10272 6285 10272 6278 10273 6285 10273 6284 10273 6290 10274 6279 10274 6278 10274 6291 10275 6284 10275 6285 10275 6279 10276 6280 10276 6286 10276 6279 10277 6286 10277 6285 10277 6290 10278 6280 10278 6279 10278 6291 10279 6285 10279 6286 10279 6280 10280 6281 10280 6287 10280 6280 10281 6287 10281 6286 10281 6290 10282 6281 10282 6280 10282 6291 10283 6286 10283 6287 10283 6281 10284 6282 10284 6288 10284 6281 10285 6288 10285 6287 10285 6290 10286 6282 10286 6281 10286 6291 10287 6287 10287 6288 10287 6282 10288 6283 10288 6289 10288 6282 10289 6289 10289 6288 10289 6290 10290 6283 10290 6282 10290 6291 10291 6288 10291 6289 10291 6283 10292 6278 10292 6284 10292 6283 10293 6284 10293 6289 10293 6290 10294 6278 10294 6283 10294 6291 10295 6289 10295 6284 10295 6292 10296 6293 10296 6298 10296 6299 10297 6293 10297 6292 10297 6293 10298 6294 10298 6298 10298 6299 10299 6294 10299 6293 10299 6294 10300 6295 10300 6298 10300 6299 10301 6295 10301 6294 10301 6295 10302 6296 10302 6298 10302 6299 10303 6296 10303 6295 10303 6296 10304 6297 10304 6298 10304 6299 10305 6297 10305 6296 10305 6297 10306 6292 10306 6298 10306 6299 10307 6292 10307 6297 10307 6300 10308 6301 10308 6307 10308 6300 10309 6307 10309 6306 10309 6312 10310 6301 10310 6300 10310 6313 10311 6306 10311 6307 10311 6301 10312 6302 10312 6308 10312 6301 10313 6308 10313 6307 10313 6312 10314 6302 10314 6301 10314 6313 10315 6307 10315 6308 10315 6302 10316 6303 10316 6309 10316 6302 10317 6309 10317 6308 10317 6312 10318 6303 10318 6302 10318 6313 10319 6308 10319 6309 10319 6303 10320 6304 10320 6310 10320 6303 10321 6310 10321 6309 10321 6312 10322 6304 10322 6303 10322 6313 10323 6309 10323 6310 10323 6304 10324 6305 10324 6311 10324 6304 10325 6311 10325 6310 10325 6312 10326 6305 10326 6304 10326 6313 10327 6310 10327 6311 10327 6305 10328 6300 10328 6306 10328 6305 10329 6306 10329 6311 10329 6312 10330 6300 10330 6305 10330 6313 10331 6311 10331 6306 10331 6314 10332 6315 10332 6320 10332 6321 10333 6315 10333 6314 10333 6315 10334 6316 10334 6320 10334 6321 10335 6316 10335 6315 10335 6316 10336 6317 10336 6320 10336 6321 10337 6317 10337 6316 10337 6317 10338 6318 10338 6320 10338 6321 10339 6318 10339 6317 10339 6318 10340 6319 10340 6320 10340 6321 10341 6319 10341 6318 10341 6319 10342 6314 10342 6320 10342 6321 10343 6314 10343 6319 10343 6322 10344 6323 10344 6329 10344 6322 10345 6329 10345 6328 10345 6334 10346 6323 10346 6322 10346 6335 10347 6328 10347 6329 10347 6323 10348 6324 10348 6330 10348 6323 10349 6330 10349 6329 10349 6334 10350 6324 10350 6323 10350 6335 10351 6329 10351 6330 10351 6324 10352 6325 10352 6331 10352 6324 10353 6331 10353 6330 10353 6334 10354 6325 10354 6324 10354 6335 10355 6330 10355 6331 10355 6325 10356 6326 10356 6332 10356 6325 10357 6332 10357 6331 10357 6334 10358 6326 10358 6325 10358 6335 10359 6331 10359 6332 10359 6326 10360 6327 10360 6333 10360 6326 10361 6333 10361 6332 10361 6334 10362 6327 10362 6326 10362 6335 10363 6332 10363 6333 10363 6327 10364 6322 10364 6328 10364 6327 10365 6328 10365 6333 10365 6334 10366 6322 10366 6327 10366 6335 10367 6333 10367 6328 10367 6336 10368 6337 10368 6342 10368 6343 10369 6337 10369 6336 10369 6337 10370 6338 10370 6342 10370 6343 10371 6338 10371 6337 10371 6338 10372 6339 10372 6342 10372 6343 10373 6339 10373 6338 10373 6339 10374 6340 10374 6342 10374 6343 10375 6340 10375 6339 10375 6340 10376 6341 10376 6342 10376 6343 10377 6341 10377 6340 10377 6341 10378 6336 10378 6342 10378 6343 10379 6336 10379 6341 10379 6344 10380 6345 10380 6351 10380 6344 10381 6351 10381 6350 10381 6356 10382 6345 10382 6344 10382 6357 10383 6350 10383 6351 10383 6345 10384 6346 10384 6352 10384 6345 10385 6352 10385 6351 10385 6356 10386 6346 10386 6345 10386 6357 10387 6351 10387 6352 10387 6346 10388 6347 10388 6353 10388 6346 10389 6353 10389 6352 10389 6356 10390 6347 10390 6346 10390 6357 10391 6352 10391 6353 10391 6347 10392 6348 10392 6354 10392 6347 10393 6354 10393 6353 10393 6356 10394 6348 10394 6347 10394 6357 10395 6353 10395 6354 10395 6348 10396 6349 10396 6355 10396 6348 10397 6355 10397 6354 10397 6356 10398 6349 10398 6348 10398 6357 10399 6354 10399 6355 10399 6349 10400 6344 10400 6350 10400 6349 10401 6350 10401 6355 10401 6356 10402 6344 10402 6349 10402 6357 10403 6355 10403 6350 10403 6358 10404 6359 10404 6364 10404 6365 10405 6359 10405 6358 10405 6359 10406 6360 10406 6364 10406 6365 10407 6360 10407 6359 10407 6360 10408 6361 10408 6364 10408 6365 10409 6361 10409 6360 10409 6361 10410 6362 10410 6364 10410 6365 10411 6362 10411 6361 10411 6362 10412 6363 10412 6364 10412 6365 10413 6363 10413 6362 10413 6363 10414 6358 10414 6364 10414 6365 10415 6358 10415 6363 10415 6366 10416 6367 10416 6373 10416 6366 10417 6373 10417 6372 10417 6378 10418 6367 10418 6366 10418 6379 10419 6372 10419 6373 10419 6367 10420 6368 10420 6374 10420 6367 10421 6374 10421 6373 10421 6378 10422 6368 10422 6367 10422 6379 10423 6373 10423 6374 10423 6368 10424 6369 10424 6375 10424 6368 10425 6375 10425 6374 10425 6378 10426 6369 10426 6368 10426 6379 10427 6374 10427 6375 10427 6369 10428 6370 10428 6376 10428 6369 10429 6376 10429 6375 10429 6378 10430 6370 10430 6369 10430 6379 10431 6375 10431 6376 10431 6370 10432 6371 10432 6377 10432 6370 10433 6377 10433 6376 10433 6378 10434 6371 10434 6370 10434 6379 10435 6376 10435 6377 10435 6371 10436 6366 10436 6372 10436 6371 10437 6372 10437 6377 10437 6378 10438 6366 10438 6371 10438 6379 10439 6377 10439 6372 10439 6380 10440 6381 10440 6386 10440 6387 10441 6381 10441 6380 10441 6381 10442 6382 10442 6386 10442 6387 10443 6382 10443 6381 10443 6382 10444 6383 10444 6386 10444 6387 10445 6383 10445 6382 10445 6383 10446 6384 10446 6386 10446 6387 10447 6384 10447 6383 10447 6384 10448 6385 10448 6386 10448 6387 10449 6385 10449 6384 10449 6385 10450 6380 10450 6386 10450 6387 10451 6380 10451 6385 10451 6388 10452 6389 10452 6395 10452 6388 10453 6395 10453 6394 10453 6400 10454 6389 10454 6388 10454 6401 10455 6394 10455 6395 10455 6389 10456 6390 10456 6396 10456 6389 10457 6396 10457 6395 10457 6400 10458 6390 10458 6389 10458 6401 10459 6395 10459 6396 10459 6390 10460 6391 10460 6397 10460 6390 10461 6397 10461 6396 10461 6400 10462 6391 10462 6390 10462 6401 10463 6396 10463 6397 10463 6391 10464 6392 10464 6398 10464 6391 10465 6398 10465 6397 10465 6400 10466 6392 10466 6391 10466 6401 10467 6397 10467 6398 10467 6392 10468 6393 10468 6399 10468 6392 10469 6399 10469 6398 10469 6400 10470 6393 10470 6392 10470 6401 10471 6398 10471 6399 10471 6393 10472 6388 10472 6394 10472 6393 10473 6394 10473 6399 10473 6400 10474 6388 10474 6393 10474 6401 10475 6399 10475 6394 10475 6402 10476 6403 10476 6408 10476 6409 10477 6403 10477 6402 10477 6403 10478 6404 10478 6408 10478 6409 10479 6404 10479 6403 10479 6404 10480 6405 10480 6408 10480 6409 10481 6405 10481 6404 10481 6405 10482 6406 10482 6408 10482 6409 10483 6406 10483 6405 10483 6406 10484 6407 10484 6408 10484 6409 10485 6407 10485 6406 10485 6407 10486 6402 10486 6408 10486 6409 10487 6402 10487 6407 10487 6410 10488 6411 10488 6417 10488 6410 10489 6417 10489 6416 10489 6422 10490 6411 10490 6410 10490 6423 10491 6416 10491 6417 10491 6411 10492 6412 10492 6418 10492 6411 10493 6418 10493 6417 10493 6422 10494 6412 10494 6411 10494 6423 10495 6417 10495 6418 10495 6412 10496 6413 10496 6419 10496 6412 10497 6419 10497 6418 10497 6422 10498 6413 10498 6412 10498 6423 10499 6418 10499 6419 10499 6413 10500 6414 10500 6420 10500 6413 10501 6420 10501 6419 10501 6422 10502 6414 10502 6413 10502 6423 10503 6419 10503 6420 10503 6414 10504 6415 10504 6421 10504 6414 10505 6421 10505 6420 10505 6422 10506 6415 10506 6414 10506 6423 10507 6420 10507 6421 10507 6415 10508 6410 10508 6416 10508 6415 10509 6416 10509 6421 10509 6422 10510 6410 10510 6415 10510 6423 10511 6421 10511 6416 10511 6424 10512 6425 10512 6430 10512 6431 10513 6425 10513 6424 10513 6425 10514 6426 10514 6430 10514 6431 10515 6426 10515 6425 10515 6426 10516 6427 10516 6430 10516 6431 10517 6427 10517 6426 10517 6427 10518 6428 10518 6430 10518 6431 10519 6428 10519 6427 10519 6428 10520 6429 10520 6430 10520 6431 10521 6429 10521 6428 10521 6429 10522 6424 10522 6430 10522 6431 10523 6424 10523 6429 10523 6432 10524 6433 10524 6439 10524 6432 10525 6439 10525 6438 10525 6444 10526 6433 10526 6432 10526 6445 10527 6438 10527 6439 10527 6433 10528 6434 10528 6440 10528 6433 10529 6440 10529 6439 10529 6444 10530 6434 10530 6433 10530 6445 10531 6439 10531 6440 10531 6434 10532 6435 10532 6441 10532 6434 10533 6441 10533 6440 10533 6444 10534 6435 10534 6434 10534 6445 10535 6440 10535 6441 10535 6435 10536 6436 10536 6442 10536 6435 10537 6442 10537 6441 10537 6444 10538 6436 10538 6435 10538 6445 10539 6441 10539 6442 10539 6436 10540 6437 10540 6443 10540 6436 10541 6443 10541 6442 10541 6444 10542 6437 10542 6436 10542 6445 10543 6442 10543 6443 10543 6437 10544 6432 10544 6438 10544 6437 10545 6438 10545 6443 10545 6444 10546 6432 10546 6437 10546 6445 10547 6443 10547 6438 10547 6446 10548 6447 10548 6452 10548 6453 10549 6447 10549 6446 10549 6447 10550 6448 10550 6452 10550 6453 10551 6448 10551 6447 10551 6448 10552 6449 10552 6452 10552 6453 10553 6449 10553 6448 10553 6449 10554 6450 10554 6452 10554 6453 10555 6450 10555 6449 10555 6450 10556 6451 10556 6452 10556 6453 10557 6451 10557 6450 10557 6451 10558 6446 10558 6452 10558 6453 10559 6446 10559 6451 10559 6454 10560 6455 10560 6461 10560 6454 10561 6461 10561 6460 10561 6466 10562 6455 10562 6454 10562 6467 10563 6460 10563 6461 10563 6455 10564 6456 10564 6462 10564 6455 10565 6462 10565 6461 10565 6466 10566 6456 10566 6455 10566 6467 10567 6461 10567 6462 10567 6456 10568 6457 10568 6463 10568 6456 10569 6463 10569 6462 10569 6466 10570 6457 10570 6456 10570 6467 10571 6462 10571 6463 10571 6457 10572 6458 10572 6464 10572 6457 10573 6464 10573 6463 10573 6466 10574 6458 10574 6457 10574 6467 10575 6463 10575 6464 10575 6458 10576 6459 10576 6465 10576 6458 10577 6465 10577 6464 10577 6466 10578 6459 10578 6458 10578 6467 10579 6464 10579 6465 10579 6459 10580 6454 10580 6460 10580 6459 10581 6460 10581 6465 10581 6466 10582 6454 10582 6459 10582 6467 10583 6465 10583 6460 10583 6468 10584 6469 10584 6474 10584 6475 10585 6469 10585 6468 10585 6469 10586 6470 10586 6474 10586 6475 10587 6470 10587 6469 10587 6470 10588 6471 10588 6474 10588 6475 10589 6471 10589 6470 10589 6471 10590 6472 10590 6474 10590 6475 10591 6472 10591 6471 10591 6472 10592 6473 10592 6474 10592 6475 10593 6473 10593 6472 10593 6473 10594 6468 10594 6474 10594 6475 10595 6468 10595 6473 10595 6476 10596 6477 10596 6483 10596 6476 10597 6483 10597 6482 10597 6488 10598 6477 10598 6476 10598 6489 10599 6482 10599 6483 10599 6477 10600 6478 10600 6484 10600 6477 10601 6484 10601 6483 10601 6488 10602 6478 10602 6477 10602 6489 10603 6483 10603 6484 10603 6478 10604 6479 10604 6485 10604 6478 10605 6485 10605 6484 10605 6488 10606 6479 10606 6478 10606 6489 10607 6484 10607 6485 10607 6479 10608 6480 10608 6486 10608 6479 10609 6486 10609 6485 10609 6488 10610 6480 10610 6479 10610 6489 10611 6485 10611 6486 10611 6480 10612 6481 10612 6487 10612 6480 10613 6487 10613 6486 10613 6488 10614 6481 10614 6480 10614 6489 10615 6486 10615 6487 10615 6481 10616 6476 10616 6482 10616 6481 10617 6482 10617 6487 10617 6488 10618 6476 10618 6481 10618 6489 10619 6487 10619 6482 10619 6490 10620 6491 10620 6496 10620 6497 10621 6491 10621 6490 10621 6491 10622 6492 10622 6496 10622 6497 10623 6492 10623 6491 10623 6492 10624 6493 10624 6496 10624 6497 10625 6493 10625 6492 10625 6493 10626 6494 10626 6496 10626 6497 10627 6494 10627 6493 10627 6494 10628 6495 10628 6496 10628 6497 10629 6495 10629 6494 10629 6495 10630 6490 10630 6496 10630 6497 10631 6490 10631 6495 10631 6498 10632 6499 10632 6505 10632 6498 10633 6505 10633 6504 10633 6510 10634 6499 10634 6498 10634 6511 10635 6504 10635 6505 10635 6499 10636 6500 10636 6506 10636 6499 10637 6506 10637 6505 10637 6510 10638 6500 10638 6499 10638 6511 10639 6505 10639 6506 10639 6500 10640 6501 10640 6507 10640 6500 10641 6507 10641 6506 10641 6510 10642 6501 10642 6500 10642 6511 10643 6506 10643 6507 10643 6501 10644 6502 10644 6508 10644 6501 10645 6508 10645 6507 10645 6510 10646 6502 10646 6501 10646 6511 10647 6507 10647 6508 10647 6502 10648 6503 10648 6509 10648 6502 10649 6509 10649 6508 10649 6510 10650 6503 10650 6502 10650 6511 10651 6508 10651 6509 10651 6503 10652 6498 10652 6504 10652 6503 10653 6504 10653 6509 10653 6510 10654 6498 10654 6503 10654 6511 10655 6509 10655 6504 10655 6512 10656 6513 10656 6518 10656 6519 10657 6513 10657 6512 10657 6513 10658 6514 10658 6518 10658 6519 10659 6514 10659 6513 10659 6514 10660 6515 10660 6518 10660 6519 10661 6515 10661 6514 10661 6515 10662 6516 10662 6518 10662 6519 10663 6516 10663 6515 10663 6516 10664 6517 10664 6518 10664 6519 10665 6517 10665 6516 10665 6517 10666 6512 10666 6518 10666 6519 10667 6512 10667 6517 10667 6520 10668 6521 10668 6527 10668 6520 10669 6527 10669 6526 10669 6532 10670 6521 10670 6520 10670 6533 10671 6526 10671 6527 10671 6521 10672 6522 10672 6528 10672 6521 10673 6528 10673 6527 10673 6532 10674 6522 10674 6521 10674 6533 10675 6527 10675 6528 10675 6522 10676 6523 10676 6529 10676 6522 10677 6529 10677 6528 10677 6532 10678 6523 10678 6522 10678 6533 10679 6528 10679 6529 10679 6523 10680 6524 10680 6530 10680 6523 10681 6530 10681 6529 10681 6532 10682 6524 10682 6523 10682 6533 10683 6529 10683 6530 10683 6524 10684 6525 10684 6531 10684 6524 10685 6531 10685 6530 10685 6532 10686 6525 10686 6524 10686 6533 10687 6530 10687 6531 10687 6525 10688 6520 10688 6526 10688 6525 10689 6526 10689 6531 10689 6532 10690 6520 10690 6525 10690 6533 10691 6531 10691 6526 10691 6534 10692 6535 10692 6540 10692 6541 10693 6535 10693 6534 10693 6535 10694 6536 10694 6540 10694 6541 10695 6536 10695 6535 10695 6536 10696 6537 10696 6540 10696 6541 10697 6537 10697 6536 10697 6537 10698 6538 10698 6540 10698 6541 10699 6538 10699 6537 10699 6538 10700 6539 10700 6540 10700 6541 10701 6539 10701 6538 10701 6539 10702 6534 10702 6540 10702 6541 10703 6534 10703 6539 10703 6542 10704 6543 10704 6549 10704 6542 10705 6549 10705 6548 10705 6554 10706 6543 10706 6542 10706 6555 10707 6548 10707 6549 10707 6543 10708 6544 10708 6550 10708 6543 10709 6550 10709 6549 10709 6554 10710 6544 10710 6543 10710 6555 10711 6549 10711 6550 10711 6544 10712 6545 10712 6551 10712 6544 10713 6551 10713 6550 10713 6554 10714 6545 10714 6544 10714 6555 10715 6550 10715 6551 10715 6545 10716 6546 10716 6552 10716 6545 10717 6552 10717 6551 10717 6554 10718 6546 10718 6545 10718 6555 10719 6551 10719 6552 10719 6546 10720 6547 10720 6553 10720 6546 10721 6553 10721 6552 10721 6554 10722 6547 10722 6546 10722 6555 10723 6552 10723 6553 10723 6547 10724 6542 10724 6548 10724 6547 10725 6548 10725 6553 10725 6554 10726 6542 10726 6547 10726 6555 10727 6553 10727 6548 10727 6556 10728 6557 10728 6562 10728 6563 10729 6557 10729 6556 10729 6557 10730 6558 10730 6562 10730 6563 10731 6558 10731 6557 10731 6558 10732 6559 10732 6562 10732 6563 10733 6559 10733 6558 10733 6559 10734 6560 10734 6562 10734 6563 10735 6560 10735 6559 10735 6560 10736 6561 10736 6562 10736 6563 10737 6561 10737 6560 10737 6561 10738 6556 10738 6562 10738 6563 10739 6556 10739 6561 10739 6564 10740 6565 10740 6571 10740 6564 10741 6571 10741 6570 10741 6576 10742 6565 10742 6564 10742 6577 10743 6570 10743 6571 10743 6565 10744 6566 10744 6572 10744 6565 10745 6572 10745 6571 10745 6576 10746 6566 10746 6565 10746 6577 10747 6571 10747 6572 10747 6566 10748 6567 10748 6573 10748 6566 10749 6573 10749 6572 10749 6576 10750 6567 10750 6566 10750 6577 10751 6572 10751 6573 10751 6567 10752 6568 10752 6574 10752 6567 10753 6574 10753 6573 10753 6576 10754 6568 10754 6567 10754 6577 10755 6573 10755 6574 10755 6568 10756 6569 10756 6575 10756 6568 10757 6575 10757 6574 10757 6576 10758 6569 10758 6568 10758 6577 10759 6574 10759 6575 10759 6569 10760 6564 10760 6570 10760 6569 10761 6570 10761 6575 10761 6576 10762 6564 10762 6569 10762 6577 10763 6575 10763 6570 10763 6578 10764 6579 10764 6584 10764 6585 10765 6579 10765 6578 10765 6579 10766 6580 10766 6584 10766 6585 10767 6580 10767 6579 10767 6580 10768 6581 10768 6584 10768 6585 10769 6581 10769 6580 10769 6581 10770 6582 10770 6584 10770 6585 10771 6582 10771 6581 10771 6582 10772 6583 10772 6584 10772 6585 10773 6583 10773 6582 10773 6583 10774 6578 10774 6584 10774 6585 10775 6578 10775 6583 10775 6586 10776 6587 10776 6593 10776 6586 10777 6593 10777 6592 10777 6598 10778 6587 10778 6586 10778 6599 10779 6592 10779 6593 10779 6587 10780 6588 10780 6594 10780 6587 10781 6594 10781 6593 10781 6598 10782 6588 10782 6587 10782 6599 10783 6593 10783 6594 10783 6588 10784 6589 10784 6595 10784 6588 10785 6595 10785 6594 10785 6598 10786 6589 10786 6588 10786 6599 10787 6594 10787 6595 10787 6589 10788 6590 10788 6596 10788 6589 10789 6596 10789 6595 10789 6598 10790 6590 10790 6589 10790 6599 10791 6595 10791 6596 10791 6590 10792 6591 10792 6597 10792 6590 10793 6597 10793 6596 10793 6598 10794 6591 10794 6590 10794 6599 10795 6596 10795 6597 10795 6591 10796 6586 10796 6592 10796 6591 10797 6592 10797 6597 10797 6598 10798 6586 10798 6591 10798 6599 10799 6597 10799 6592 10799 6600 10800 6601 10800 6606 10800 6607 10801 6601 10801 6600 10801 6601 10802 6602 10802 6606 10802 6607 10803 6602 10803 6601 10803 6602 10804 6603 10804 6606 10804 6607 10805 6603 10805 6602 10805 6603 10806 6604 10806 6606 10806 6607 10807 6604 10807 6603 10807 6604 10808 6605 10808 6606 10808 6607 10809 6605 10809 6604 10809 6605 10810 6600 10810 6606 10810 6607 10811 6600 10811 6605 10811 6608 10812 6609 10812 6615 10812 6608 10813 6615 10813 6614 10813 6620 10814 6609 10814 6608 10814 6621 10815 6614 10815 6615 10815 6609 10816 6610 10816 6616 10816 6609 10817 6616 10817 6615 10817 6620 10818 6610 10818 6609 10818 6621 10819 6615 10819 6616 10819 6610 10820 6611 10820 6617 10820 6610 10821 6617 10821 6616 10821 6620 10822 6611 10822 6610 10822 6621 10823 6616 10823 6617 10823 6611 10824 6612 10824 6618 10824 6611 10825 6618 10825 6617 10825 6620 10826 6612 10826 6611 10826 6621 10827 6617 10827 6618 10827 6612 10828 6613 10828 6619 10828 6612 10829 6619 10829 6618 10829 6620 10830 6613 10830 6612 10830 6621 10831 6618 10831 6619 10831 6613 10832 6608 10832 6614 10832 6613 10833 6614 10833 6619 10833 6620 10834 6608 10834 6613 10834 6621 10835 6619 10835 6614 10835 6622 10836 6623 10836 6628 10836 6629 10837 6623 10837 6622 10837 6623 10838 6624 10838 6628 10838 6629 10839 6624 10839 6623 10839 6624 10840 6625 10840 6628 10840 6629 10841 6625 10841 6624 10841 6625 10842 6626 10842 6628 10842 6629 10843 6626 10843 6625 10843 6626 10844 6627 10844 6628 10844 6629 10845 6627 10845 6626 10845 6627 10846 6622 10846 6628 10846 6629 10847 6622 10847 6627 10847 6630 10848 6631 10848 6637 10848 6630 10849 6637 10849 6636 10849 6642 10850 6631 10850 6630 10850 6643 10851 6636 10851 6637 10851 6631 10852 6632 10852 6638 10852 6631 10853 6638 10853 6637 10853 6642 10854 6632 10854 6631 10854 6643 10855 6637 10855 6638 10855 6632 10856 6633 10856 6639 10856 6632 10857 6639 10857 6638 10857 6642 10858 6633 10858 6632 10858 6643 10859 6638 10859 6639 10859 6633 10860 6634 10860 6640 10860 6633 10861 6640 10861 6639 10861 6642 10862 6634 10862 6633 10862 6643 10863 6639 10863 6640 10863 6634 10864 6635 10864 6641 10864 6634 10865 6641 10865 6640 10865 6642 10866 6635 10866 6634 10866 6643 10867 6640 10867 6641 10867 6635 10868 6630 10868 6636 10868 6635 10869 6636 10869 6641 10869 6642 10870 6630 10870 6635 10870 6643 10871 6641 10871 6636 10871 6644 10872 6645 10872 6650 10872 6651 10873 6645 10873 6644 10873 6645 10874 6646 10874 6650 10874 6651 10875 6646 10875 6645 10875 6646 10876 6647 10876 6650 10876 6651 10877 6647 10877 6646 10877 6647 10878 6648 10878 6650 10878 6651 10879 6648 10879 6647 10879 6648 10880 6649 10880 6650 10880 6651 10881 6649 10881 6648 10881 6649 10882 6644 10882 6650 10882 6651 10883 6644 10883 6649 10883 6652 10884 6653 10884 6659 10884 6652 10885 6659 10885 6658 10885 6664 10886 6653 10886 6652 10886 6665 10887 6658 10887 6659 10887 6653 10888 6654 10888 6660 10888 6653 10889 6660 10889 6659 10889 6664 10890 6654 10890 6653 10890 6665 10891 6659 10891 6660 10891 6654 10892 6655 10892 6661 10892 6654 10893 6661 10893 6660 10893 6664 10894 6655 10894 6654 10894 6665 10895 6660 10895 6661 10895 6655 10896 6656 10896 6662 10896 6655 10897 6662 10897 6661 10897 6664 10898 6656 10898 6655 10898 6665 10899 6661 10899 6662 10899 6656 10900 6657 10900 6663 10900 6656 10901 6663 10901 6662 10901 6664 10902 6657 10902 6656 10902 6665 10903 6662 10903 6663 10903 6657 10904 6652 10904 6658 10904 6657 10905 6658 10905 6663 10905 6664 10906 6652 10906 6657 10906 6665 10907 6663 10907 6658 10907 6666 10908 6667 10908 6672 10908 6673 10909 6667 10909 6666 10909 6667 10910 6668 10910 6672 10910 6673 10911 6668 10911 6667 10911 6668 10912 6669 10912 6672 10912 6673 10913 6669 10913 6668 10913 6669 10914 6670 10914 6672 10914 6673 10915 6670 10915 6669 10915 6670 10916 6671 10916 6672 10916 6673 10917 6671 10917 6670 10917 6671 10918 6666 10918 6672 10918 6673 10919 6666 10919 6671 10919 6674 10920 6675 10920 6681 10920 6674 10921 6681 10921 6680 10921 6686 10922 6675 10922 6674 10922 6687 10923 6680 10923 6681 10923 6675 10924 6676 10924 6682 10924 6675 10925 6682 10925 6681 10925 6686 10926 6676 10926 6675 10926 6687 10927 6681 10927 6682 10927 6676 10928 6677 10928 6683 10928 6676 10929 6683 10929 6682 10929 6686 10930 6677 10930 6676 10930 6687 10931 6682 10931 6683 10931 6677 10932 6678 10932 6684 10932 6677 10933 6684 10933 6683 10933 6686 10934 6678 10934 6677 10934 6687 10935 6683 10935 6684 10935 6678 10936 6679 10936 6685 10936 6678 10937 6685 10937 6684 10937 6686 10938 6679 10938 6678 10938 6687 10939 6684 10939 6685 10939 6679 10940 6674 10940 6680 10940 6679 10941 6680 10941 6685 10941 6686 10942 6674 10942 6679 10942 6687 10943 6685 10943 6680 10943 6688 10944 6689 10944 6694 10944 6695 10945 6689 10945 6688 10945 6689 10946 6690 10946 6694 10946 6695 10947 6690 10947 6689 10947 6690 10948 6691 10948 6694 10948 6695 10949 6691 10949 6690 10949 6691 10950 6692 10950 6694 10950 6695 10951 6692 10951 6691 10951 6692 10952 6693 10952 6694 10952 6695 10953 6693 10953 6692 10953 6693 10954 6688 10954 6694 10954 6695 10955 6688 10955 6693 10955 6696 10956 6697 10956 6703 10956 6696 10957 6703 10957 6702 10957 6708 10958 6697 10958 6696 10958 6709 10959 6702 10959 6703 10959 6697 10960 6698 10960 6704 10960 6697 10961 6704 10961 6703 10961 6708 10962 6698 10962 6697 10962 6709 10963 6703 10963 6704 10963 6698 10964 6699 10964 6705 10964 6698 10965 6705 10965 6704 10965 6708 10966 6699 10966 6698 10966 6709 10967 6704 10967 6705 10967 6699 10968 6700 10968 6706 10968 6699 10969 6706 10969 6705 10969 6708 10970 6700 10970 6699 10970 6709 10971 6705 10971 6706 10971 6700 10972 6701 10972 6707 10972 6700 10973 6707 10973 6706 10973 6708 10974 6701 10974 6700 10974 6709 10975 6706 10975 6707 10975 6701 10976 6696 10976 6702 10976 6701 10977 6702 10977 6707 10977 6708 10978 6696 10978 6701 10978 6709 10979 6707 10979 6702 10979 6710 10980 6711 10980 6716 10980 6717 10981 6711 10981 6710 10981 6711 10982 6712 10982 6716 10982 6717 10983 6712 10983 6711 10983 6712 10984 6713 10984 6716 10984 6717 10985 6713 10985 6712 10985 6713 10986 6714 10986 6716 10986 6717 10987 6714 10987 6713 10987 6714 10988 6715 10988 6716 10988 6717 10989 6715 10989 6714 10989 6715 10990 6710 10990 6716 10990 6717 10991 6710 10991 6715 10991 6718 10992 6719 10992 6725 10992 6718 10993 6725 10993 6724 10993 6730 10994 6719 10994 6718 10994 6731 10995 6724 10995 6725 10995 6719 10996 6720 10996 6726 10996 6719 10997 6726 10997 6725 10997 6730 10998 6720 10998 6719 10998 6731 10999 6725 10999 6726 10999 6720 11000 6721 11000 6727 11000 6720 11001 6727 11001 6726 11001 6730 11002 6721 11002 6720 11002 6731 11003 6726 11003 6727 11003 6721 11004 6722 11004 6728 11004 6721 11005 6728 11005 6727 11005 6730 11006 6722 11006 6721 11006 6731 11007 6727 11007 6728 11007 6722 11008 6723 11008 6729 11008 6722 11009 6729 11009 6728 11009 6730 11010 6723 11010 6722 11010 6731 11011 6728 11011 6729 11011 6723 11012 6718 11012 6724 11012 6723 11013 6724 11013 6729 11013 6730 11014 6718 11014 6723 11014 6731 11015 6729 11015 6724 11015 6732 11016 6733 11016 6738 11016 6739 11017 6733 11017 6732 11017 6733 11018 6734 11018 6738 11018 6739 11019 6734 11019 6733 11019 6734 11020 6735 11020 6738 11020 6739 11021 6735 11021 6734 11021 6735 11022 6736 11022 6738 11022 6739 11023 6736 11023 6735 11023 6736 11024 6737 11024 6738 11024 6739 11025 6737 11025 6736 11025 6737 11026 6732 11026 6738 11026 6739 11027 6732 11027 6737 11027 6740 11028 6741 11028 6747 11028 6740 11029 6747 11029 6746 11029 6752 11030 6741 11030 6740 11030 6753 11031 6746 11031 6747 11031 6741 11032 6742 11032 6748 11032 6741 11033 6748 11033 6747 11033 6752 11034 6742 11034 6741 11034 6753 11035 6747 11035 6748 11035 6742 11036 6743 11036 6749 11036 6742 11037 6749 11037 6748 11037 6752 11038 6743 11038 6742 11038 6753 11039 6748 11039 6749 11039 6743 11040 6744 11040 6750 11040 6743 11041 6750 11041 6749 11041 6752 11042 6744 11042 6743 11042 6753 11043 6749 11043 6750 11043 6744 11044 6745 11044 6751 11044 6744 11045 6751 11045 6750 11045 6752 11046 6745 11046 6744 11046 6753 11047 6750 11047 6751 11047 6745 11048 6740 11048 6746 11048 6745 11049 6746 11049 6751 11049 6752 11050 6740 11050 6745 11050 6753 11051 6751 11051 6746 11051 6754 11052 6755 11052 6760 11052 6761 11053 6755 11053 6754 11053 6755 11054 6756 11054 6760 11054 6761 11055 6756 11055 6755 11055 6756 11056 6757 11056 6760 11056 6761 11057 6757 11057 6756 11057 6757 11058 6758 11058 6760 11058 6761 11059 6758 11059 6757 11059 6758 11060 6759 11060 6760 11060 6761 11061 6759 11061 6758 11061 6759 11062 6754 11062 6760 11062 6761 11063 6754 11063 6759 11063 6762 11064 6763 11064 6769 11064 6762 11065 6769 11065 6768 11065 6774 11066 6763 11066 6762 11066 6775 11067 6768 11067 6769 11067 6763 11068 6764 11068 6770 11068 6763 11069 6770 11069 6769 11069 6774 11070 6764 11070 6763 11070 6775 11071 6769 11071 6770 11071 6764 11072 6765 11072 6771 11072 6764 11073 6771 11073 6770 11073 6774 11074 6765 11074 6764 11074 6775 11075 6770 11075 6771 11075 6765 11076 6766 11076 6772 11076 6765 11077 6772 11077 6771 11077 6774 11078 6766 11078 6765 11078 6775 11079 6771 11079 6772 11079 6766 11080 6767 11080 6773 11080 6766 11081 6773 11081 6772 11081 6774 11082 6767 11082 6766 11082 6775 11083 6772 11083 6773 11083 6767 11084 6762 11084 6768 11084 6767 11085 6768 11085 6773 11085 6774 11086 6762 11086 6767 11086 6775 11087 6773 11087 6768 11087 6776 11088 6777 11088 6782 11088 6783 11089 6777 11089 6776 11089 6777 11090 6778 11090 6782 11090 6783 11091 6778 11091 6777 11091 6778 11092 6779 11092 6782 11092 6783 11093 6779 11093 6778 11093 6779 11094 6780 11094 6782 11094 6783 11095 6780 11095 6779 11095 6780 11096 6781 11096 6782 11096 6783 11097 6781 11097 6780 11097 6781 11098 6776 11098 6782 11098 6783 11099 6776 11099 6781 11099 6784 11100 6785 11100 6791 11100 6784 11101 6791 11101 6790 11101 6796 11102 6785 11102 6784 11102 6797 11103 6790 11103 6791 11103 6785 11104 6786 11104 6792 11104 6785 11105 6792 11105 6791 11105 6796 11106 6786 11106 6785 11106 6797 11107 6791 11107 6792 11107 6786 11108 6787 11108 6793 11108 6786 11109 6793 11109 6792 11109 6796 11110 6787 11110 6786 11110 6797 11111 6792 11111 6793 11111 6787 11112 6788 11112 6794 11112 6787 11113 6794 11113 6793 11113 6796 11114 6788 11114 6787 11114 6797 11115 6793 11115 6794 11115 6788 11116 6789 11116 6795 11116 6788 11117 6795 11117 6794 11117 6796 11118 6789 11118 6788 11118 6797 11119 6794 11119 6795 11119 6789 11120 6784 11120 6790 11120 6789 11121 6790 11121 6795 11121 6796 11122 6784 11122 6789 11122 6797 11123 6795 11123 6790 11123 6798 11124 6799 11124 6804 11124 6805 11125 6799 11125 6798 11125 6799 11126 6800 11126 6804 11126 6805 11127 6800 11127 6799 11127 6800 11128 6801 11128 6804 11128 6805 11129 6801 11129 6800 11129 6801 11130 6802 11130 6804 11130 6805 11131 6802 11131 6801 11131 6802 11132 6803 11132 6804 11132 6805 11133 6803 11133 6802 11133 6803 11134 6798 11134 6804 11134 6805 11135 6798 11135 6803 11135 6806 11136 6807 11136 6813 11136 6806 11137 6813 11137 6812 11137 6818 11138 6807 11138 6806 11138 6819 11139 6812 11139 6813 11139 6807 11140 6808 11140 6814 11140 6807 11141 6814 11141 6813 11141 6818 11142 6808 11142 6807 11142 6819 11143 6813 11143 6814 11143 6808 11144 6809 11144 6815 11144 6808 11145 6815 11145 6814 11145 6818 11146 6809 11146 6808 11146 6819 11147 6814 11147 6815 11147 6809 11148 6810 11148 6816 11148 6809 11149 6816 11149 6815 11149 6818 11150 6810 11150 6809 11150 6819 11151 6815 11151 6816 11151 6810 11152 6811 11152 6817 11152 6810 11153 6817 11153 6816 11153 6818 11154 6811 11154 6810 11154 6819 11155 6816 11155 6817 11155 6811 11156 6806 11156 6812 11156 6811 11157 6812 11157 6817 11157 6818 11158 6806 11158 6811 11158 6819 11159 6817 11159 6812 11159 6820 11160 6821 11160 6826 11160 6827 11161 6821 11161 6820 11161 6821 11162 6822 11162 6826 11162 6827 11163 6822 11163 6821 11163 6822 11164 6823 11164 6826 11164 6827 11165 6823 11165 6822 11165 6823 11166 6824 11166 6826 11166 6827 11167 6824 11167 6823 11167 6824 11168 6825 11168 6826 11168 6827 11169 6825 11169 6824 11169 6825 11170 6820 11170 6826 11170 6827 11171 6820 11171 6825 11171 6828 11172 6829 11172 6835 11172 6828 11173 6835 11173 6834 11173 6840 11174 6829 11174 6828 11174 6841 11175 6834 11175 6835 11175 6829 11176 6830 11176 6836 11176 6829 11177 6836 11177 6835 11177 6840 11178 6830 11178 6829 11178 6841 11179 6835 11179 6836 11179 6830 11180 6831 11180 6837 11180 6830 11181 6837 11181 6836 11181 6840 11182 6831 11182 6830 11182 6841 11183 6836 11183 6837 11183 6831 11184 6832 11184 6838 11184 6831 11185 6838 11185 6837 11185 6840 11186 6832 11186 6831 11186 6841 11187 6837 11187 6838 11187 6832 11188 6833 11188 6839 11188 6832 11189 6839 11189 6838 11189 6840 11190 6833 11190 6832 11190 6841 11191 6838 11191 6839 11191 6833 11192 6828 11192 6834 11192 6833 11193 6834 11193 6839 11193 6840 11194 6828 11194 6833 11194 6841 11195 6839 11195 6834 11195 6842 11196 6843 11196 6848 11196 6849 11197 6843 11197 6842 11197 6843 11198 6844 11198 6848 11198 6849 11199 6844 11199 6843 11199 6844 11200 6845 11200 6848 11200 6849 11201 6845 11201 6844 11201 6845 11202 6846 11202 6848 11202 6849 11203 6846 11203 6845 11203 6846 11204 6847 11204 6848 11204 6849 11205 6847 11205 6846 11205 6847 11206 6842 11206 6848 11206 6849 11207 6842 11207 6847 11207 6850 11208 6851 11208 6857 11208 6850 11209 6857 11209 6856 11209 6862 11210 6851 11210 6850 11210 6863 11211 6856 11211 6857 11211 6851 11212 6852 11212 6858 11212 6851 11213 6858 11213 6857 11213 6862 11214 6852 11214 6851 11214 6863 11215 6857 11215 6858 11215 6852 11216 6853 11216 6859 11216 6852 11217 6859 11217 6858 11217 6862 11218 6853 11218 6852 11218 6863 11219 6858 11219 6859 11219 6853 11220 6854 11220 6860 11220 6853 11221 6860 11221 6859 11221 6862 11222 6854 11222 6853 11222 6863 11223 6859 11223 6860 11223 6854 11224 6855 11224 6861 11224 6854 11225 6861 11225 6860 11225 6862 11226 6855 11226 6854 11226 6863 11227 6860 11227 6861 11227 6855 11228 6850 11228 6856 11228 6855 11229 6856 11229 6861 11229 6862 11230 6850 11230 6855 11230 6863 11231 6861 11231 6856 11231 6864 11232 6865 11232 6870 11232 6871 11233 6865 11233 6864 11233 6865 11234 6866 11234 6870 11234 6871 11235 6866 11235 6865 11235 6866 11236 6867 11236 6870 11236 6871 11237 6867 11237 6866 11237 6867 11238 6868 11238 6870 11238 6871 11239 6868 11239 6867 11239 6868 11240 6869 11240 6870 11240 6871 11241 6869 11241 6868 11241 6869 11242 6864 11242 6870 11242 6871 11243 6864 11243 6869 11243 6872 11244 6873 11244 6879 11244 6872 11245 6879 11245 6878 11245 6884 11246 6873 11246 6872 11246 6885 11247 6878 11247 6879 11247 6873 11248 6874 11248 6880 11248 6873 11249 6880 11249 6879 11249 6884 11250 6874 11250 6873 11250 6885 11251 6879 11251 6880 11251 6874 11252 6875 11252 6881 11252 6874 11253 6881 11253 6880 11253 6884 11254 6875 11254 6874 11254 6885 11255 6880 11255 6881 11255 6875 11256 6876 11256 6882 11256 6875 11257 6882 11257 6881 11257 6884 11258 6876 11258 6875 11258 6885 11259 6881 11259 6882 11259 6876 11260 6877 11260 6883 11260 6876 11261 6883 11261 6882 11261 6884 11262 6877 11262 6876 11262 6885 11263 6882 11263 6883 11263 6877 11264 6872 11264 6878 11264 6877 11265 6878 11265 6883 11265 6884 11266 6872 11266 6877 11266 6885 11267 6883 11267 6878 11267 6886 11268 6887 11268 6892 11268 6893 11269 6887 11269 6886 11269 6887 11270 6888 11270 6892 11270 6893 11271 6888 11271 6887 11271 6888 11272 6889 11272 6892 11272 6893 11273 6889 11273 6888 11273 6889 11274 6890 11274 6892 11274 6893 11275 6890 11275 6889 11275 6890 11276 6891 11276 6892 11276 6893 11277 6891 11277 6890 11277 6891 11278 6886 11278 6892 11278 6893 11279 6886 11279 6891 11279 6894 11280 6895 11280 6901 11280 6894 11281 6901 11281 6900 11281 6906 11282 6895 11282 6894 11282 6907 11283 6900 11283 6901 11283 6895 11284 6896 11284 6902 11284 6895 11285 6902 11285 6901 11285 6906 11286 6896 11286 6895 11286 6907 11287 6901 11287 6902 11287 6896 11288 6897 11288 6903 11288 6896 11289 6903 11289 6902 11289 6906 11290 6897 11290 6896 11290 6907 11291 6902 11291 6903 11291 6897 11292 6898 11292 6904 11292 6897 11293 6904 11293 6903 11293 6906 11294 6898 11294 6897 11294 6907 11295 6903 11295 6904 11295 6898 11296 6899 11296 6905 11296 6898 11297 6905 11297 6904 11297 6906 11298 6899 11298 6898 11298 6907 11299 6904 11299 6905 11299 6899 11300 6894 11300 6900 11300 6899 11301 6900 11301 6905 11301 6906 11302 6894 11302 6899 11302 6907 11303 6905 11303 6900 11303 6908 11304 6909 11304 6914 11304 6915 11305 6909 11305 6908 11305 6909 11306 6910 11306 6914 11306 6915 11307 6910 11307 6909 11307 6910 11308 6911 11308 6914 11308 6915 11309 6911 11309 6910 11309 6911 11310 6912 11310 6914 11310 6915 11311 6912 11311 6911 11311 6912 11312 6913 11312 6914 11312 6915 11313 6913 11313 6912 11313 6913 11314 6908 11314 6914 11314 6915 11315 6908 11315 6913 11315 6916 11316 6917 11316 6923 11316 6916 11317 6923 11317 6922 11317 6928 11318 6917 11318 6916 11318 6929 11319 6922 11319 6923 11319 6917 11320 6918 11320 6924 11320 6917 11321 6924 11321 6923 11321 6928 11322 6918 11322 6917 11322 6929 11323 6923 11323 6924 11323 6918 11324 6919 11324 6925 11324 6918 11325 6925 11325 6924 11325 6928 11326 6919 11326 6918 11326 6929 11327 6924 11327 6925 11327 6919 11328 6920 11328 6926 11328 6919 11329 6926 11329 6925 11329 6928 11330 6920 11330 6919 11330 6929 11331 6925 11331 6926 11331 6920 11332 6921 11332 6927 11332 6920 11333 6927 11333 6926 11333 6928 11334 6921 11334 6920 11334 6929 11335 6926 11335 6927 11335 6921 11336 6916 11336 6922 11336 6921 11337 6922 11337 6927 11337 6928 11338 6916 11338 6921 11338 6929 11339 6927 11339 6922 11339 6930 11340 6931 11340 6936 11340 6937 11341 6931 11341 6930 11341 6931 11342 6932 11342 6936 11342 6937 11343 6932 11343 6931 11343 6932 11344 6933 11344 6936 11344 6937 11345 6933 11345 6932 11345 6933 11346 6934 11346 6936 11346 6937 11347 6934 11347 6933 11347 6934 11348 6935 11348 6936 11348 6937 11349 6935 11349 6934 11349 6935 11350 6930 11350 6936 11350 6937 11351 6930 11351 6935 11351 6938 11352 6939 11352 6945 11352 6938 11353 6945 11353 6944 11353 6950 11354 6939 11354 6938 11354 6951 11355 6944 11355 6945 11355 6939 11356 6940 11356 6946 11356 6939 11357 6946 11357 6945 11357 6950 11358 6940 11358 6939 11358 6951 11359 6945 11359 6946 11359 6940 11360 6941 11360 6947 11360 6940 11361 6947 11361 6946 11361 6950 11362 6941 11362 6940 11362 6951 11363 6946 11363 6947 11363 6941 11364 6942 11364 6948 11364 6941 11365 6948 11365 6947 11365 6950 11366 6942 11366 6941 11366 6951 11367 6947 11367 6948 11367 6942 11368 6943 11368 6949 11368 6942 11369 6949 11369 6948 11369 6950 11370 6943 11370 6942 11370 6951 11371 6948 11371 6949 11371 6943 11372 6938 11372 6944 11372 6943 11373 6944 11373 6949 11373 6950 11374 6938 11374 6943 11374 6951 11375 6949 11375 6944 11375 6952 11376 6953 11376 6958 11376 6959 11377 6953 11377 6952 11377 6953 11378 6954 11378 6958 11378 6959 11379 6954 11379 6953 11379 6954 11380 6955 11380 6958 11380 6959 11381 6955 11381 6954 11381 6955 11382 6956 11382 6958 11382 6959 11383 6956 11383 6955 11383 6956 11384 6957 11384 6958 11384 6959 11385 6957 11385 6956 11385 6957 11386 6952 11386 6958 11386 6959 11387 6952 11387 6957 11387 6960 11388 6961 11388 6967 11388 6960 11389 6967 11389 6966 11389 6972 11390 6961 11390 6960 11390 6973 11391 6966 11391 6967 11391 6961 11392 6962 11392 6968 11392 6961 11393 6968 11393 6967 11393 6972 11394 6962 11394 6961 11394 6973 11395 6967 11395 6968 11395 6962 11396 6963 11396 6969 11396 6962 11397 6969 11397 6968 11397 6972 11398 6963 11398 6962 11398 6973 11399 6968 11399 6969 11399 6963 11400 6964 11400 6970 11400 6963 11401 6970 11401 6969 11401 6972 11402 6964 11402 6963 11402 6973 11403 6969 11403 6970 11403 6964 11404 6965 11404 6971 11404 6964 11405 6971 11405 6970 11405 6972 11406 6965 11406 6964 11406 6973 11407 6970 11407 6971 11407 6965 11408 6960 11408 6966 11408 6965 11409 6966 11409 6971 11409 6972 11410 6960 11410 6965 11410 6973 11411 6971 11411 6966 11411 6974 11412 6975 11412 6980 11412 6981 11413 6975 11413 6974 11413 6975 11414 6976 11414 6980 11414 6981 11415 6976 11415 6975 11415 6976 11416 6977 11416 6980 11416 6981 11417 6977 11417 6976 11417 6977 11418 6978 11418 6980 11418 6981 11419 6978 11419 6977 11419 6978 11420 6979 11420 6980 11420 6981 11421 6979 11421 6978 11421 6979 11422 6974 11422 6980 11422 6981 11423 6974 11423 6979 11423 6982 11424 6983 11424 6989 11424 6982 11425 6989 11425 6988 11425 6994 11426 6983 11426 6982 11426 6995 11427 6988 11427 6989 11427 6983 11428 6984 11428 6990 11428 6983 11429 6990 11429 6989 11429 6994 11430 6984 11430 6983 11430 6995 11431 6989 11431 6990 11431 6984 11432 6985 11432 6991 11432 6984 11433 6991 11433 6990 11433 6994 11434 6985 11434 6984 11434 6995 11435 6990 11435 6991 11435 6985 11436 6986 11436 6992 11436 6985 11437 6992 11437 6991 11437 6994 11438 6986 11438 6985 11438 6995 11439 6991 11439 6992 11439 6986 11440 6987 11440 6993 11440 6986 11441 6993 11441 6992 11441 6994 11442 6987 11442 6986 11442 6995 11443 6992 11443 6993 11443 6987 11444 6982 11444 6988 11444 6987 11445 6988 11445 6993 11445 6994 11446 6982 11446 6987 11446 6995 11447 6993 11447 6988 11447 6996 11448 6997 11448 7002 11448 7003 11449 6997 11449 6996 11449 6997 11450 6998 11450 7002 11450 7003 11451 6998 11451 6997 11451 6998 11452 6999 11452 7002 11452 7003 11453 6999 11453 6998 11453 6999 11454 7000 11454 7002 11454 7003 11455 7000 11455 6999 11455 7000 11456 7001 11456 7002 11456 7003 11457 7001 11457 7000 11457 7001 11458 6996 11458 7002 11458 7003 11459 6996 11459 7001 11459 7004 11460 7005 11460 7011 11460 7004 11461 7011 11461 7010 11461 7016 11462 7005 11462 7004 11462 7017 11463 7010 11463 7011 11463 7005 11464 7006 11464 7012 11464 7005 11465 7012 11465 7011 11465 7016 11466 7006 11466 7005 11466 7017 11467 7011 11467 7012 11467 7006 11468 7007 11468 7013 11468 7006 11469 7013 11469 7012 11469 7016 11470 7007 11470 7006 11470 7017 11471 7012 11471 7013 11471 7007 11472 7008 11472 7014 11472 7007 11473 7014 11473 7013 11473 7016 11474 7008 11474 7007 11474 7017 11475 7013 11475 7014 11475 7008 11476 7009 11476 7015 11476 7008 11477 7015 11477 7014 11477 7016 11478 7009 11478 7008 11478 7017 11479 7014 11479 7015 11479 7009 11480 7004 11480 7010 11480 7009 11481 7010 11481 7015 11481 7016 11482 7004 11482 7009 11482 7017 11483 7015 11483 7010 11483 7018 11484 7019 11484 7024 11484 7025 11485 7019 11485 7018 11485 7019 11486 7020 11486 7024 11486 7025 11487 7020 11487 7019 11487 7020 11488 7021 11488 7024 11488 7025 11489 7021 11489 7020 11489 7021 11490 7022 11490 7024 11490 7025 11491 7022 11491 7021 11491 7022 11492 7023 11492 7024 11492 7025 11493 7023 11493 7022 11493 7023 11494 7018 11494 7024 11494 7025 11495 7018 11495 7023 11495 7026 11496 7027 11496 7033 11496 7026 11497 7033 11497 7032 11497 7038 11498 7027 11498 7026 11498 7039 11499 7032 11499 7033 11499 7027 11500 7028 11500 7034 11500 7027 11501 7034 11501 7033 11501 7038 11502 7028 11502 7027 11502 7039 11503 7033 11503 7034 11503 7028 11504 7029 11504 7035 11504 7028 11505 7035 11505 7034 11505 7038 11506 7029 11506 7028 11506 7039 11507 7034 11507 7035 11507 7029 11508 7030 11508 7036 11508 7029 11509 7036 11509 7035 11509 7038 11510 7030 11510 7029 11510 7039 11511 7035 11511 7036 11511 7030 11512 7031 11512 7037 11512 7030 11513 7037 11513 7036 11513 7038 11514 7031 11514 7030 11514 7039 11515 7036 11515 7037 11515 7031 11516 7026 11516 7032 11516 7031 11517 7032 11517 7037 11517 7038 11518 7026 11518 7031 11518 7039 11519 7037 11519 7032 11519 7040 11520 7041 11520 7046 11520 7047 11521 7041 11521 7040 11521 7041 11522 7042 11522 7046 11522 7047 11523 7042 11523 7041 11523 7042 11524 7043 11524 7046 11524 7047 11525 7043 11525 7042 11525 7043 11526 7044 11526 7046 11526 7047 11527 7044 11527 7043 11527 7044 11528 7045 11528 7046 11528 7047 11529 7045 11529 7044 11529 7045 11530 7040 11530 7046 11530 7047 11531 7040 11531 7045 11531 7048 11532 7049 11532 7055 11532 7048 11533 7055 11533 7054 11533 7060 11534 7049 11534 7048 11534 7061 11535 7054 11535 7055 11535 7049 11536 7050 11536 7056 11536 7049 11537 7056 11537 7055 11537 7060 11538 7050 11538 7049 11538 7061 11539 7055 11539 7056 11539 7050 11540 7051 11540 7057 11540 7050 11541 7057 11541 7056 11541 7060 11542 7051 11542 7050 11542 7061 11543 7056 11543 7057 11543 7051 11544 7052 11544 7058 11544 7051 11545 7058 11545 7057 11545 7060 11546 7052 11546 7051 11546 7061 11547 7057 11547 7058 11547 7052 11548 7053 11548 7059 11548 7052 11549 7059 11549 7058 11549 7060 11550 7053 11550 7052 11550 7061 11551 7058 11551 7059 11551 7053 11552 7048 11552 7054 11552 7053 11553 7054 11553 7059 11553 7060 11554 7048 11554 7053 11554 7061 11555 7059 11555 7054 11555 7062 11556 7063 11556 7068 11556 7069 11557 7063 11557 7062 11557 7063 11558 7064 11558 7068 11558 7069 11559 7064 11559 7063 11559 7064 11560 7065 11560 7068 11560 7069 11561 7065 11561 7064 11561 7065 11562 7066 11562 7068 11562 7069 11563 7066 11563 7065 11563 7066 11564 7067 11564 7068 11564 7069 11565 7067 11565 7066 11565 7067 11566 7062 11566 7068 11566 7069 11567 7062 11567 7067 11567 7070 11568 7071 11568 7077 11568 7070 11569 7077 11569 7076 11569 7082 11570 7071 11570 7070 11570 7083 11571 7076 11571 7077 11571 7071 11572 7072 11572 7078 11572 7071 11573 7078 11573 7077 11573 7082 11574 7072 11574 7071 11574 7083 11575 7077 11575 7078 11575 7072 11576 7073 11576 7079 11576 7072 11577 7079 11577 7078 11577 7082 11578 7073 11578 7072 11578 7083 11579 7078 11579 7079 11579 7073 11580 7074 11580 7080 11580 7073 11581 7080 11581 7079 11581 7082 11582 7074 11582 7073 11582 7083 11583 7079 11583 7080 11583 7074 11584 7075 11584 7081 11584 7074 11585 7081 11585 7080 11585 7082 11586 7075 11586 7074 11586 7083 11587 7080 11587 7081 11587 7075 11588 7070 11588 7076 11588 7075 11589 7076 11589 7081 11589 7082 11590 7070 11590 7075 11590 7083 11591 7081 11591 7076 11591 7084 11592 7085 11592 7090 11592 7091 11593 7085 11593 7084 11593 7085 11594 7086 11594 7090 11594 7091 11595 7086 11595 7085 11595 7086 11596 7087 11596 7090 11596 7091 11597 7087 11597 7086 11597 7087 11598 7088 11598 7090 11598 7091 11599 7088 11599 7087 11599 7088 11600 7089 11600 7090 11600 7091 11601 7089 11601 7088 11601 7089 11602 7084 11602 7090 11602 7091 11603 7084 11603 7089 11603 7092 11604 7093 11604 7099 11604 7092 11605 7099 11605 7098 11605 7104 11606 7093 11606 7092 11606 7105 11607 7098 11607 7099 11607 7093 11608 7094 11608 7100 11608 7093 11609 7100 11609 7099 11609 7104 11610 7094 11610 7093 11610 7105 11611 7099 11611 7100 11611 7094 11612 7095 11612 7101 11612 7094 11613 7101 11613 7100 11613 7104 11614 7095 11614 7094 11614 7105 11615 7100 11615 7101 11615 7095 11616 7096 11616 7102 11616 7095 11617 7102 11617 7101 11617 7104 11618 7096 11618 7095 11618 7105 11619 7101 11619 7102 11619 7096 11620 7097 11620 7103 11620 7096 11621 7103 11621 7102 11621 7104 11622 7097 11622 7096 11622 7105 11623 7102 11623 7103 11623 7097 11624 7092 11624 7098 11624 7097 11625 7098 11625 7103 11625 7104 11626 7092 11626 7097 11626 7105 11627 7103 11627 7098 11627 7106 11628 7107 11628 7112 11628 7113 11629 7107 11629 7106 11629 7107 11630 7108 11630 7112 11630 7113 11631 7108 11631 7107 11631 7108 11632 7109 11632 7112 11632 7113 11633 7109 11633 7108 11633 7109 11634 7110 11634 7112 11634 7113 11635 7110 11635 7109 11635 7110 11636 7111 11636 7112 11636 7113 11637 7111 11637 7110 11637 7111 11638 7106 11638 7112 11638 7113 11639 7106 11639 7111 11639 7114 11640 7115 11640 7121 11640 7114 11641 7121 11641 7120 11641 7126 11642 7115 11642 7114 11642 7127 11643 7120 11643 7121 11643 7115 11644 7116 11644 7122 11644 7115 11645 7122 11645 7121 11645 7126 11646 7116 11646 7115 11646 7127 11647 7121 11647 7122 11647 7116 11648 7117 11648 7123 11648 7116 11649 7123 11649 7122 11649 7126 11650 7117 11650 7116 11650 7127 11651 7122 11651 7123 11651 7117 11652 7118 11652 7124 11652 7117 11653 7124 11653 7123 11653 7126 11654 7118 11654 7117 11654 7127 11655 7123 11655 7124 11655 7118 11656 7119 11656 7125 11656 7118 11657 7125 11657 7124 11657 7126 11658 7119 11658 7118 11658 7127 11659 7124 11659 7125 11659 7119 11660 7114 11660 7120 11660 7119 11661 7120 11661 7125 11661 7126 11662 7114 11662 7119 11662 7127 11663 7125 11663 7120 11663 7128 11664 7129 11664 7134 11664 7135 11665 7129 11665 7128 11665 7129 11666 7130 11666 7134 11666 7135 11667 7130 11667 7129 11667 7130 11668 7131 11668 7134 11668 7135 11669 7131 11669 7130 11669 7131 11670 7132 11670 7134 11670 7135 11671 7132 11671 7131 11671 7132 11672 7133 11672 7134 11672 7135 11673 7133 11673 7132 11673 7133 11674 7128 11674 7134 11674 7135 11675 7128 11675 7133 11675 7136 11676 7137 11676 7143 11676 7136 11677 7143 11677 7142 11677 7148 11678 7137 11678 7136 11678 7149 11679 7142 11679 7143 11679 7137 11680 7138 11680 7144 11680 7137 11681 7144 11681 7143 11681 7148 11682 7138 11682 7137 11682 7149 11683 7143 11683 7144 11683 7138 11684 7139 11684 7145 11684 7138 11685 7145 11685 7144 11685 7148 11686 7139 11686 7138 11686 7149 11687 7144 11687 7145 11687 7139 11688 7140 11688 7146 11688 7139 11689 7146 11689 7145 11689 7148 11690 7140 11690 7139 11690 7149 11691 7145 11691 7146 11691 7140 11692 7141 11692 7147 11692 7140 11693 7147 11693 7146 11693 7148 11694 7141 11694 7140 11694 7149 11695 7146 11695 7147 11695 7141 11696 7136 11696 7142 11696 7141 11697 7142 11697 7147 11697 7148 11698 7136 11698 7141 11698 7149 11699 7147 11699 7142 11699 7150 11700 7151 11700 7156 11700 7157 11701 7151 11701 7150 11701 7151 11702 7152 11702 7156 11702 7157 11703 7152 11703 7151 11703 7152 11704 7153 11704 7156 11704 7157 11705 7153 11705 7152 11705 7153 11706 7154 11706 7156 11706 7157 11707 7154 11707 7153 11707 7154 11708 7155 11708 7156 11708 7157 11709 7155 11709 7154 11709 7155 11710 7150 11710 7156 11710 7157 11711 7150 11711 7155 11711 7158 11712 7159 11712 7165 11712 7158 11713 7165 11713 7164 11713 7170 11714 7159 11714 7158 11714 7171 11715 7164 11715 7165 11715 7159 11716 7160 11716 7166 11716 7159 11717 7166 11717 7165 11717 7170 11718 7160 11718 7159 11718 7171 11719 7165 11719 7166 11719 7160 11720 7161 11720 7167 11720 7160 11721 7167 11721 7166 11721 7170 11722 7161 11722 7160 11722 7171 11723 7166 11723 7167 11723 7161 11724 7162 11724 7168 11724 7161 11725 7168 11725 7167 11725 7170 11726 7162 11726 7161 11726 7171 11727 7167 11727 7168 11727 7162 11728 7163 11728 7169 11728 7162 11729 7169 11729 7168 11729 7170 11730 7163 11730 7162 11730 7171 11731 7168 11731 7169 11731 7163 11732 7158 11732 7164 11732 7163 11733 7164 11733 7169 11733 7170 11734 7158 11734 7163 11734 7171 11735 7169 11735 7164 11735 7172 11736 7173 11736 7178 11736 7179 11737 7173 11737 7172 11737 7173 11738 7174 11738 7178 11738 7179 11739 7174 11739 7173 11739 7174 11740 7175 11740 7178 11740 7179 11741 7175 11741 7174 11741 7175 11742 7176 11742 7178 11742 7179 11743 7176 11743 7175 11743 7176 11744 7177 11744 7178 11744 7179 11745 7177 11745 7176 11745 7177 11746 7172 11746 7178 11746 7179 11747 7172 11747 7177 11747 7180 11748 7181 11748 7187 11748 7180 11749 7187 11749 7186 11749 7192 11750 7181 11750 7180 11750 7193 11751 7186 11751 7187 11751 7181 11752 7182 11752 7188 11752 7181 11753 7188 11753 7187 11753 7192 11754 7182 11754 7181 11754 7193 11755 7187 11755 7188 11755 7182 11756 7183 11756 7189 11756 7182 11757 7189 11757 7188 11757 7192 11758 7183 11758 7182 11758 7193 11759 7188 11759 7189 11759 7183 11760 7184 11760 7190 11760 7183 11761 7190 11761 7189 11761 7192 11762 7184 11762 7183 11762 7193 11763 7189 11763 7190 11763 7184 11764 7185 11764 7191 11764 7184 11765 7191 11765 7190 11765 7192 11766 7185 11766 7184 11766 7193 11767 7190 11767 7191 11767 7185 11768 7180 11768 7186 11768 7185 11769 7186 11769 7191 11769 7192 11770 7180 11770 7185 11770 7193 11771 7191 11771 7186 11771 7194 11772 7195 11772 7200 11772 7201 11773 7195 11773 7194 11773 7195 11774 7196 11774 7200 11774 7201 11775 7196 11775 7195 11775 7196 11776 7197 11776 7200 11776 7201 11777 7197 11777 7196 11777 7197 11778 7198 11778 7200 11778 7201 11779 7198 11779 7197 11779 7198 11780 7199 11780 7200 11780 7201 11781 7199 11781 7198 11781 7199 11782 7194 11782 7200 11782 7201 11783 7194 11783 7199 11783 7202 11784 7203 11784 7209 11784 7202 11785 7209 11785 7208 11785 7214 11786 7203 11786 7202 11786 7215 11787 7208 11787 7209 11787 7203 11788 7204 11788 7210 11788 7203 11789 7210 11789 7209 11789 7214 11790 7204 11790 7203 11790 7215 11791 7209 11791 7210 11791 7204 11792 7205 11792 7211 11792 7204 11793 7211 11793 7210 11793 7214 11794 7205 11794 7204 11794 7215 11795 7210 11795 7211 11795 7205 11796 7206 11796 7212 11796 7205 11797 7212 11797 7211 11797 7214 11798 7206 11798 7205 11798 7215 11799 7211 11799 7212 11799 7206 11800 7207 11800 7213 11800 7206 11801 7213 11801 7212 11801 7214 11802 7207 11802 7206 11802 7215 11803 7212 11803 7213 11803 7207 11804 7202 11804 7208 11804 7207 11805 7208 11805 7213 11805 7214 11806 7202 11806 7207 11806 7215 11807 7213 11807 7208 11807 7216 11808 7217 11808 7222 11808 7223 11809 7217 11809 7216 11809 7217 11810 7218 11810 7222 11810 7223 11811 7218 11811 7217 11811 7218 11812 7219 11812 7222 11812 7223 11813 7219 11813 7218 11813 7219 11814 7220 11814 7222 11814 7223 11815 7220 11815 7219 11815 7220 11816 7221 11816 7222 11816 7223 11817 7221 11817 7220 11817 7221 11818 7216 11818 7222 11818 7223 11819 7216 11819 7221 11819 7224 11820 7225 11820 7231 11820 7224 11821 7231 11821 7230 11821 7236 11822 7225 11822 7224 11822 7237 11823 7230 11823 7231 11823 7225 11824 7226 11824 7232 11824 7225 11825 7232 11825 7231 11825 7236 11826 7226 11826 7225 11826 7237 11827 7231 11827 7232 11827 7226 11828 7227 11828 7233 11828 7226 11829 7233 11829 7232 11829 7236 11830 7227 11830 7226 11830 7237 11831 7232 11831 7233 11831 7227 11832 7228 11832 7234 11832 7227 11833 7234 11833 7233 11833 7236 11834 7228 11834 7227 11834 7237 11835 7233 11835 7234 11835 7228 11836 7229 11836 7235 11836 7228 11837 7235 11837 7234 11837 7236 11838 7229 11838 7228 11838 7237 11839 7234 11839 7235 11839 7229 11840 7224 11840 7230 11840 7229 11841 7230 11841 7235 11841 7236 11842 7224 11842 7229 11842 7237 11843 7235 11843 7230 11843 7238 11844 7239 11844 7244 11844 7245 11845 7239 11845 7238 11845 7239 11846 7240 11846 7244 11846 7245 11847 7240 11847 7239 11847 7240 11848 7241 11848 7244 11848 7245 11849 7241 11849 7240 11849 7241 11850 7242 11850 7244 11850 7245 11851 7242 11851 7241 11851 7242 11852 7243 11852 7244 11852 7245 11853 7243 11853 7242 11853 7243 11854 7238 11854 7244 11854 7245 11855 7238 11855 7243 11855 7246 11856 7247 11856 7253 11856 7246 11857 7253 11857 7252 11857 7258 11858 7247 11858 7246 11858 7259 11859 7252 11859 7253 11859 7247 11860 7248 11860 7254 11860 7247 11861 7254 11861 7253 11861 7258 11862 7248 11862 7247 11862 7259 11863 7253 11863 7254 11863 7248 11864 7249 11864 7255 11864 7248 11865 7255 11865 7254 11865 7258 11866 7249 11866 7248 11866 7259 11867 7254 11867 7255 11867 7249 11868 7250 11868 7256 11868 7249 11869 7256 11869 7255 11869 7258 11870 7250 11870 7249 11870 7259 11871 7255 11871 7256 11871 7250 11872 7251 11872 7257 11872 7250 11873 7257 11873 7256 11873 7258 11874 7251 11874 7250 11874 7259 11875 7256 11875 7257 11875 7251 11876 7246 11876 7252 11876 7251 11877 7252 11877 7257 11877 7258 11878 7246 11878 7251 11878 7259 11879 7257 11879 7252 11879 7260 11880 7261 11880 7266 11880 7267 11881 7261 11881 7260 11881 7261 11882 7262 11882 7266 11882 7267 11883 7262 11883 7261 11883 7262 11884 7263 11884 7266 11884 7267 11885 7263 11885 7262 11885 7263 11886 7264 11886 7266 11886 7267 11887 7264 11887 7263 11887 7264 11888 7265 11888 7266 11888 7267 11889 7265 11889 7264 11889 7265 11890 7260 11890 7266 11890 7267 11891 7260 11891 7265 11891 7268 11892 7269 11892 7275 11892 7268 11893 7275 11893 7274 11893 7280 11894 7269 11894 7268 11894 7281 11895 7274 11895 7275 11895 7269 11896 7270 11896 7276 11896 7269 11897 7276 11897 7275 11897 7280 11898 7270 11898 7269 11898 7281 11899 7275 11899 7276 11899 7270 11900 7271 11900 7277 11900 7270 11901 7277 11901 7276 11901 7280 11902 7271 11902 7270 11902 7281 11903 7276 11903 7277 11903 7271 11904 7272 11904 7278 11904 7271 11905 7278 11905 7277 11905 7280 11906 7272 11906 7271 11906 7281 11907 7277 11907 7278 11907 7272 11908 7273 11908 7279 11908 7272 11909 7279 11909 7278 11909 7280 11910 7273 11910 7272 11910 7281 11911 7278 11911 7279 11911 7273 11912 7268 11912 7274 11912 7273 11913 7274 11913 7279 11913 7280 11914 7268 11914 7273 11914 7281 11915 7279 11915 7274 11915 7282 11916 7283 11916 7288 11916 7289 11917 7283 11917 7282 11917 7283 11918 7284 11918 7288 11918 7289 11919 7284 11919 7283 11919 7284 11920 7285 11920 7288 11920 7289 11921 7285 11921 7284 11921 7285 11922 7286 11922 7288 11922 7289 11923 7286 11923 7285 11923 7286 11924 7287 11924 7288 11924 7289 11925 7287 11925 7286 11925 7287 11926 7282 11926 7288 11926 7289 11927 7282 11927 7287 11927 7290 11928 7291 11928 7297 11928 7290 11929 7297 11929 7296 11929 7302 11930 7291 11930 7290 11930 7303 11931 7296 11931 7297 11931 7291 11932 7292 11932 7298 11932 7291 11933 7298 11933 7297 11933 7302 11934 7292 11934 7291 11934 7303 11935 7297 11935 7298 11935 7292 11936 7293 11936 7299 11936 7292 11937 7299 11937 7298 11937 7302 11938 7293 11938 7292 11938 7303 11939 7298 11939 7299 11939 7293 11940 7294 11940 7300 11940 7293 11941 7300 11941 7299 11941 7302 11942 7294 11942 7293 11942 7303 11943 7299 11943 7300 11943 7294 11944 7295 11944 7301 11944 7294 11945 7301 11945 7300 11945 7302 11946 7295 11946 7294 11946 7303 11947 7300 11947 7301 11947 7295 11948 7290 11948 7296 11948 7295 11949 7296 11949 7301 11949 7302 11950 7290 11950 7295 11950 7303 11951 7301 11951 7296 11951 7304 11952 7305 11952 7310 11952 7311 11953 7305 11953 7304 11953 7305 11954 7306 11954 7310 11954 7311 11955 7306 11955 7305 11955 7306 11956 7307 11956 7310 11956 7311 11957 7307 11957 7306 11957 7307 11958 7308 11958 7310 11958 7311 11959 7308 11959 7307 11959 7308 11960 7309 11960 7310 11960 7311 11961 7309 11961 7308 11961 7309 11962 7304 11962 7310 11962 7311 11963 7304 11963 7309 11963 7312 11964 7313 11964 7319 11964 7312 11965 7319 11965 7318 11965 7324 11966 7313 11966 7312 11966 7325 11967 7318 11967 7319 11967 7313 11968 7314 11968 7320 11968 7313 11969 7320 11969 7319 11969 7324 11970 7314 11970 7313 11970 7325 11971 7319 11971 7320 11971 7314 11972 7315 11972 7321 11972 7314 11973 7321 11973 7320 11973 7324 11974 7315 11974 7314 11974 7325 11975 7320 11975 7321 11975 7315 11976 7316 11976 7322 11976 7315 11977 7322 11977 7321 11977 7324 11978 7316 11978 7315 11978 7325 11979 7321 11979 7322 11979 7316 11980 7317 11980 7323 11980 7316 11981 7323 11981 7322 11981 7324 11982 7317 11982 7316 11982 7325 11983 7322 11983 7323 11983 7317 11984 7312 11984 7318 11984 7317 11985 7318 11985 7323 11985 7324 11986 7312 11986 7317 11986 7325 11987 7323 11987 7318 11987 7326 11988 7327 11988 7332 11988 7333 11989 7327 11989 7326 11989 7327 11990 7328 11990 7332 11990 7333 11991 7328 11991 7327 11991 7328 11992 7329 11992 7332 11992 7333 11993 7329 11993 7328 11993 7329 11994 7330 11994 7332 11994 7333 11995 7330 11995 7329 11995 7330 11996 7331 11996 7332 11996 7333 11997 7331 11997 7330 11997 7331 11998 7326 11998 7332 11998 7333 11999 7326 11999 7331 11999 7334 12000 7335 12000 7341 12000 7334 12001 7341 12001 7340 12001 7346 12002 7335 12002 7334 12002 7347 12003 7340 12003 7341 12003 7335 12004 7336 12004 7342 12004 7335 12005 7342 12005 7341 12005 7346 12006 7336 12006 7335 12006 7347 12007 7341 12007 7342 12007 7336 12008 7337 12008 7343 12008 7336 12009 7343 12009 7342 12009 7346 12010 7337 12010 7336 12010 7347 12011 7342 12011 7343 12011 7337 12012 7338 12012 7344 12012 7337 12013 7344 12013 7343 12013 7346 12014 7338 12014 7337 12014 7347 12015 7343 12015 7344 12015 7338 12016 7339 12016 7345 12016 7338 12017 7345 12017 7344 12017 7346 12018 7339 12018 7338 12018 7347 12019 7344 12019 7345 12019 7339 12020 7334 12020 7340 12020 7339 12021 7340 12021 7345 12021 7346 12022 7334 12022 7339 12022 7347 12023 7345 12023 7340 12023 7348 12024 7349 12024 7354 12024 7355 12025 7349 12025 7348 12025 7349 12026 7350 12026 7354 12026 7355 12027 7350 12027 7349 12027 7350 12028 7351 12028 7354 12028 7355 12029 7351 12029 7350 12029 7351 12030 7352 12030 7354 12030 7355 12031 7352 12031 7351 12031 7352 12032 7353 12032 7354 12032 7355 12033 7353 12033 7352 12033 7353 12034 7348 12034 7354 12034 7355 12035 7348 12035 7353 12035 7356 12036 7357 12036 7363 12036 7356 12037 7363 12037 7362 12037 7368 12038 7357 12038 7356 12038 7369 12039 7362 12039 7363 12039 7357 12040 7358 12040 7364 12040 7357 12041 7364 12041 7363 12041 7368 12042 7358 12042 7357 12042 7369 12043 7363 12043 7364 12043 7358 12044 7359 12044 7365 12044 7358 12045 7365 12045 7364 12045 7368 12046 7359 12046 7358 12046 7369 12047 7364 12047 7365 12047 7359 12048 7360 12048 7366 12048 7359 12049 7366 12049 7365 12049 7368 12050 7360 12050 7359 12050 7369 12051 7365 12051 7366 12051 7360 12052 7361 12052 7367 12052 7360 12053 7367 12053 7366 12053 7368 12054 7361 12054 7360 12054 7369 12055 7366 12055 7367 12055 7361 12056 7356 12056 7362 12056 7361 12057 7362 12057 7367 12057 7368 12058 7356 12058 7361 12058 7369 12059 7367 12059 7362 12059</p></triangles>
</mesh></geometry></library_geometries><library_visual_scenes><visual_scene id="Scene"><node id="mesh"><instance_geometry url="#geometry"/></node></visual_scene></library_visual_scenes><scene><instance_visual_scene url="#Scene"/></scene></COLLADA>