<?xml version="1.0" encoding="UTF-8"?>
<COLLADA xmlns="http://www.collada.org/2005/11/COLLADASchema" version="1.4.1">
<asset><contributor><authoring_tool>Summit Estate procedural mesh exporter</authoring_tool></contributor><created>2026-09-11T00:00:00Z</created><modified>2026-09-11T00:00:00Z</modified><unit name="meter" meter="1"/><up_axis>Z_UP</up_axis></asset>
<library_geometries><geometry id="geometry" name="geometry"><mesh>
<source id="positions"><float_array id="positions-array" count="14355">221.04233 296.17416 98.43190 223.38361 296.27848 98.43190 224.89975 297.69909 98.43190 225.10682 300.16450 98.43190 224.02923 301.60794 98.43190 221.96282 302.34178 98.43190 219.72240 301.63321 98.43190 218.82605 299.81295 98.43190 219.18263 297.79317 98.43190 221.99511 299.31057 110.48263 221.99511 299.31057 98.43190 104.66998 271.12993 71.12189 103.59106 272.90288 71.12189 101.90819 274.17380 71.12189 99.88292 273.63263 71.12189 98.53216 271.96420 71.12189 98.54124 269.63335 71.12189 99.78214 268.15262 71.12189 101.87981 267.56496 71.12189 103.92389 268.76848 71.12189 101.41540 270.83926 76.55829 101.41540 270.83926 71.12189 77.71023 360.55888 100.68798 76.06714 363.53688 100.68798 72.94078 364.70645 100.68798 70.21400 363.53617 100.68798 68.49703 360.61119 100.68798 68.93915 357.62592 100.68798 71.54024 355.59948 100.68798 74.64926 355.63675 100.68798 77.35015 357.54679 100.68798 73.12041 359.87728 109.03259 73.12041 359.87728 100.68798 206.83401 334.41273 127.24679 206.59675 333.74767 127.24679 206.35190 332.50844 127.24679 206.93873 331.97092 127.24679 208.17500 331.49189 127.24679 208.90855 332.38330 127.24679 209.30503 333.29295 127.24679 209.04460 333.80497 127.24679 208.01838 334.71751 127.24679 207.73641 333.10633 133.21353 207.73641 333.10633 127.24679 147.02425 358.31352 114.41028 148.93721 356.50136 114.41028 151.56384 356.02049 114.41028 153.54801 357.73176 114.41028 154.34377 360.12077 114.41028 153.59701 362.04910 114.41028 151.23418 363.45118 114.41028 148.94805 362.98575 114.41028 147.19955 360.83955 114.41028 150.65726 359.82176 121.46929 150.65726 359.82176 114.41028 185.55893 373.34253 142.47949 183.41295 372.27290 142.47949 182.95440 369.74625 142.47949 183.62311 367.72506 142.47949 185.64847 366.74576 142.47949 188.24722 367.29436 142.47949 189.65182 369.21012 142.47949 189.25294 371.58424 142.47949 187.92365 373.25758 142.47949 186.27805 370.09370 149.78765 186.27805 370.09370 142.47949 98.16300 471.89064 113.12096 97.68485 470.07285 113.12096 98.65871 468.50126 113.12096 100.17645 468.25017 113.12096 101.93894 468.65847 113.12096 102.72863 470.18830 113.12096 102.50234 471.76993 113.12096 101.05176 472.68729 113.12096 99.64227 472.96491 113.12096 100.32754 470.55905 119.71968 100.32754 470.55905 113.12096 49.74172 374.71795 116.01800 48.44294 376.40937 116.01800 46.12642 376.85375 116.01800 44.08358 376.04355 116.01800 43.11549 373.69689 116.01800 44.01701 371.59742 116.01800 45.94391 370.42220 116.01800 48.32417 370.71134 116.01800 49.84037 372.51498 116.01800 46.64248 373.67092 127.60084 46.64248 373.67092 116.01800 33.05927 487.77848 132.68131 34.10028 485.78696 132.68131 36.22269 484.97099 132.68131 38.17577 485.96608 132.68131 39.53877 487.70672 132.68131 38.94749 490.32813 132.68131 37.47266 491.84427 132.68131 35.17231 491.55786 132.68131 33.21147 490.08203 132.68131 36.18050 488.48809 139.15875 36.18050 488.48809 132.68131 211.27547 394.15510 185.95576 209.01167 395.05508 185.95576 206.25385 394.07085 185.95576 205.21771 392.04713 185.95576 205.49075 389.55647 185.95576 207.39811 387.61050 185.95576 209.79687 387.87559 185.95576 212.08396 389.13642 185.95576 212.61968 391.93282 185.95576 208.72142 391.28000 195.47843 208.72142 391.28000 185.95576 101.42016 262.34975 75.75617 100.10629 260.37337 75.75617 100.56466 257.98765 75.75617 102.35892 256.69933 75.75617 104.89330 256.72513 75.75617 106.41750 258.04645 75.75617 106.92088 260.12291 75.75617 105.76468 262.49091 75.75617 103.39463 263.23160 75.75617 103.56131 259.75492 85.74905 103.56131 259.75492 75.75617 113.13004 267.79692 76.41985 114.66046 267.63831 76.41985 115.56289 268.23145 76.41985 116.12282 269.08389 76.41985 115.61423 270.34302 76.41985 114.82586 271.11109 76.41985 113.61340 270.89971 76.41985 112.87127 269.83950 76.41985 112.48603 268.73362 76.41985 114.33285 269.31974 82.21444 114.33285 269.31974 76.41985 180.66543 452.90957 164.14057 179.91597 454.70048 164.14057 178.49958 455.48841 164.14057 176.54400 454.85266 164.14057 175.36286 453.53577 164.14057 175.82845 451.48321 164.14057 177.01025 450.42991 164.14057 178.88561 450.18328 164.14057 180.58252 451.00821 164.14057 178.17126 452.70402 176.13021 178.17126 452.70402 164.14057 53.21651 367.80764 112.37828 51.54681 367.93054 112.37828 50.02767 367.05113 112.37828 49.31906 365.62062 112.37828 50.09216 363.70402 112.37828 51.35658 362.83879 112.37828 53.23119 363.30015 112.37828 54.12883 364.54862 112.37828 54.54397 366.19603 112.37828 51.93717 365.39640 122.09051 51.93717 365.39640 112.37828 248.09755 436.63034 210.91247 249.28456 436.30523 210.91247 250.64631 437.01841 210.91247 251.02094 438.26432 210.91247 250.47024 439.66779 210.91247 249.12760 440.27318 210.91247 247.87369 439.69622 210.91247 247.09328 438.94759 210.91247 247.24590 437.49851 210.91247 248.87527 438.24630 217.43219 248.87527 438.24630 210.91247 94.29441 261.88816 70.36467 91.93905 262.04290 70.36467 90.27790 260.56220 70.36467 89.86654 258.23200 70.36467 90.85101 256.68325 70.36467 92.87934 255.40328 70.36467 94.94338 255.99852 70.36467 96.13979 258.01946 70.36467 95.52337 260.36192 70.36467 92.87925 258.79082 79.52214 92.87925 258.79082 70.36467 213.25311 423.11236 199.76194 213.05643 421.18911 199.76194 214.28148 418.94102 199.76194 216.46112 418.49352 199.76194 218.72440 419.17846 199.76194 219.62808 421.35506 199.76194 219.24766 423.41973 199.76194 217.52927 424.91511 199.76194 215.16784 425.09905 199.76194 216.34719 421.75698 208.88314 216.34719 421.75698 199.76194 138.66499 265.83549 77.20942 136.72046 267.25543 77.20942 134.30007 266.90022 77.20942 132.97407 264.98790 77.20942 132.53851 262.95696 77.20942 133.93524 261.00647 77.20942 136.40594 260.53849 77.20942 138.36553 261.58902 77.20942 139.09722 263.33873 77.20942 135.87063 263.79374 83.65812 135.87063 263.79374 77.20942 154.62040 344.47550 109.55882 153.42101 342.58697 109.55882 153.27152 340.90702 109.55882 154.74580 338.98707 109.55882 156.41250 338.86073 109.55882 158.14501 339.75350 109.55882 159.03806 341.52640 109.55882 158.23212 343.49919 109.55882 156.79013 344.61001 109.55882 156.10715 341.75123 118.94610 156.10715 341.75123 109.55882 240.92596 329.01411 136.84286 242.63835 328.71264 136.84286 244.29824 329.55801 136.84286 245.11919 331.41968 136.84286 244.53789 333.43084 136.84286 242.66248 334.64183 136.84286 240.94240 334.36117 136.84286 239.57172 332.53697 136.84286 239.56978 330.80549 136.84286 242.27119 331.53303 145.01752 242.27119 331.53303 136.84286 130.66599 428.66638 123.52373 129.00071 428.31043 123.52373 128.16770 426.76231 123.52373 128.01785 425.14856 123.52373 128.97003 423.86650 123.52373 130.91915 423.47257 123.52373 132.26934 424.31014 123.52373 132.85679 426.02221 123.52373 132.19241 427.69886 123.52373 130.39543 425.99066 132.68270 130.39543 425.99066 123.52373 116.66197 350.34794 106.29455 116.79624 351.99089 106.29455 116.11755 353.04326 106.29455 114.32787 353.80416 106.29455 113.09648 353.03695 106.29455 112.25476 351.68870 106.29455 112.52733 350.27582 106.29455 114.05057 349.31666 106.29455 115.46264 349.27316 106.29455 114.57217 351.35726 114.28873 114.57217 351.35726 106.29455 41.83472 464.01569 146.26513 42.59041 465.16288 146.26513 42.25002 466.42373 146.26513 41.43978 467.35541 146.26513 39.83452 467.50755 146.26513 38.91466 466.69139 146.26513 38.65807 465.15701 146.26513 39.53656 464.37431 146.26513 40.83787 463.59735 146.26513 40.63199 465.61306 152.58495 40.63199 465.61306 146.26513 159.61940 452.70344 150.74215 159.63602 450.82604 150.74215 160.93070 449.28760 150.74215 163.26217 448.93883 150.74215 164.83834 450.21100 150.74215 165.33688 452.01037 150.74215 164.75366 453.73186 150.74215 162.99855 454.89193 150.74215 161.25364 454.59868 150.74215 162.55706 451.89665 155.77946 162.55706 451.89665 150.74215 180.90583 354.41771 121.91445 179.26095 356.62721 121.91445 176.78727 357.17360 121.91445 174.11289 356.07364 121.91445 173.02410 353.61424 121.91445 173.36743 351.13770 121.91445 175.72102 349.61480 121.91445 178.64370 349.45452 121.91445 180.35886 351.29354 121.91445 176.86173 353.27546 129.92959 176.86173 353.27546 121.91445 98.92625 257.62290 70.80654 101.17769 255.85026 70.80654 104.15759 255.90095 70.80654 106.51777 257.90713 70.80654 107.01065 261.12019 70.80654 105.21725 263.83493 70.80654 102.37098 264.75612 70.80654 99.22630 263.26312 70.80654 97.82266 260.77937 70.80654 102.49149 260.11422 80.50441 102.49149 260.11422 70.80654 59.04446 310.89734 76.55901 59.41767 309.02058 76.55901 60.83123 307.90111 76.55901 62.34455 308.08487 76.55901 63.68065 309.40731 76.55901 63.90152 310.99416 76.55901 63.14518 312.42575 76.55901 61.41732 312.93571 76.55901 60.12577 312.18539 76.55901 61.59733 310.41094 86.05985 61.59733 310.41094 76.55901 84.06169 409.14950 125.66012 83.41113 410.76008 125.66012 81.81411 411.78200 125.66012 80.18639 411.70098 125.66012 79.01326 410.10497 125.66012 78.71458 408.61575 125.66012 79.92275 407.01975 125.66012 81.63301 406.77064 125.66012 83.28176 407.61550 125.66012 81.27456 409.33592 133.26444 81.27456 409.33592 125.66012 152.39688 319.53488 92.25857 149.27210 320.49477 92.25857 146.49892 318.83724 92.25857 145.47794 316.04079 92.25857 146.19279 313.12284 92.25857 148.62727 311.25479 92.25857 151.93011 311.48319 92.25857 154.12342 313.92439 92.25857 154.17202 316.98176 92.25857 149.84598 315.74326 101.22159 149.84598 315.74326 92.25857 136.66598 463.87781 133.04980 137.58982 462.09148 133.04980 139.00598 462.04864 133.04980 140.62354 462.76714 133.04980 141.62121 464.37389 133.04980 141.08856 466.09981 133.04980 139.54160 466.96755 133.04980 137.91730 466.66136 133.04980 136.40805 465.28984 133.04980 138.92436 464.36832 140.67443 138.92436 464.36832 133.04980 35.67000 371.10040 119.96061 37.68841 372.55989 119.96061 38.60124 374.94138 119.96061 37.38900 377.22729 119.96061 34.97237 378.62679 119.96061 32.34615 377.77437 119.96061 30.86009 375.39714 119.96061 31.12600 372.61430 119.96061 33.19828 370.95067 119.96061 34.64591 374.57247 128.93789 34.64591 374.57247 119.96061 204.55125 418.45773 192.61511 205.62953 419.84769 192.61511 205.34824 421.42521 192.61511 204.16726 422.20518 192.61511 202.49644 422.66058 192.61511 201.07690 421.25980 192.61511 200.95538 419.95404 192.61511 201.65481 418.35173 192.61511 203.39065 417.99016 192.61511 203.24861 420.18985 200.53808 203.24861 420.18985 192.61511 184.86216 479.87943 161.12522 183.60164 479.50011 161.12522 182.88941 478.42161 161.12522 182.86157 476.69836 161.12522 183.99460 475.82796 161.12522 185.44779 475.71549 161.12522 186.76233 476.67378 161.12522 187.12426 478.27963 161.12522 186.23989 479.49308 161.12522 184.81199 477.87746 167.98329 184.81199 477.87746 161.12522 7.67045 298.62298 87.27933 9.24735 298.24981 87.27933 10.48344 298.53621 87.27933 11.36869 299.84556 87.27933 10.98677 301.35179 87.27933 10.08389 301.92430 87.27933 8.79220 302.21838 87.27933 7.31145 301.32249 87.27933 6.96294 299.83242 87.27933 9.23534 300.18384 92.80515 9.23534 300.18384 87.27933 142.01899 366.76383 116.87546 140.64527 366.46955 116.87546 139.77623 365.18859 116.87546 140.10998 363.89162 116.87546 140.74105 362.69041 116.87546 142.24609 362.60848 116.87546 143.11852 363.17074 116.87546 143.59233 364.41499 116.87546 143.18654 365.77619 116.87546 141.81228 364.63701 124.16221 141.81228 364.63701 116.87546 9.21031 463.29936 171.81601 7.86437 461.54362 171.81601 8.19098 459.36581 171.81601 9.55130 458.13691 171.81601 11.54407 457.81629 171.81601 13.69002 458.83844 171.81601 14.14036 460.69500 171.81601 13.13821 462.57382 171.81601 11.28838 463.98224 171.81601 11.03740 460.67127 179.31046 11.03740 460.67127 171.81601 135.16401 358.94516 106.29805 133.48831 358.45111 106.29805 131.94496 357.21551 106.29805 132.29703 355.40005 106.29805 133.10565 354.04874 106.29805 135.05462 353.82978 106.29805 136.40002 354.56149 106.29805 137.28169 356.61957 106.29805 136.31233 358.14787 106.29805 134.56153 356.38665 112.51676 134.56153 356.38665 106.29805 174.96143 320.71278 102.46772 173.22899 322.35758 102.46772 170.81202 322.04206 102.46772 169.08434 320.29676 102.46772 168.75843 318.29345 102.46772 169.68563 316.03733 102.46772 172.16911 315.45877 102.46772 174.53645 316.02046 102.46772 175.57931 318.40536 102.46772 172.11580 318.78623 111.72567 172.11580 318.78623 102.46772 32.54559 462.02365 147.25232 34.41813 462.21326 147.25232 35.29742 463.80056 147.25232 35.62325 465.38336 147.25232 34.30999 466.94045 147.25232 32.38446 467.00671 147.25232 30.96820 466.20273 147.25232 30.49723 464.78043 147.25232 30.99636 462.73199 147.25232 32.98244 464.60533 154.40739 32.98244 464.60533 147.25232 235.10544 455.11761 197.89584 233.27949 454.45921 197.89584 231.79405 452.69133 197.89584 232.15652 450.88988 197.89584 233.58869 449.31428 197.89584 235.46704 449.28467 197.89584 237.04867 450.49839 197.89584 237.34043 452.22606 197.89584 236.78815 454.02132 197.89584 234.73277 452.09273 206.73273 234.73277 452.09273 197.89584 148.18138 460.55939 135.50820 150.61949 461.24178 135.50820 152.14083 463.85053 135.50820 151.88264 466.52715 135.50820 149.83533 468.19156 135.50820 146.88438 468.29123 135.50820 144.78520 466.71236 135.50820 144.55638 464.08081 135.50820 145.65834 461.44082 135.50820 148.32902 464.51570 142.18033 148.32902 464.51570 135.50820 102.90871 282.98446 75.18395 102.13794 280.65278 75.18395 103.06000 278.31771 75.18395 104.69455 277.21500 75.18395 107.22558 277.56890 75.18395 109.04382 279.14223 75.18395 109.07022 281.37710 75.18395 107.25905 283.33794 75.18395 105.25753 283.82016 75.18395 105.60994 280.48430 82.49825 105.60994 280.48430 75.18395 160.17948 279.35924 87.94054 162.21406 278.08225 87.94054 164.15417 278.15048 87.94054 165.67272 279.73467 87.94054 165.80425 281.50956 87.94054 164.78127 283.24378 87.94054 162.85943 284.01223 87.94054 160.90556 283.26244 87.94054 160.16818 281.40101 87.94054 162.97626 280.96932 98.20927 162.97626 280.96932 87.94054 238.98452 298.88413 103.19191 238.10172 301.00936 103.19191 236.42124 302.50173 103.19191 234.56563 302.30690 103.19191 233.10432 300.65398 103.19191 232.66757 298.47076 103.19191 233.90882 296.75657 103.19191 235.79613 296.25327 103.19191 237.90359 297.06007 103.19191 235.73274 299.34671 109.97673 235.73274 299.34671 103.19191 172.57601 485.64520 141.23215 171.21726 487.59305 141.23215 168.33570 488.88241 141.23215 165.89808 487.79747 141.23215 164.77568 485.30051 141.23215 165.27672 482.73187 141.23215 167.37776 480.74561 141.23215 170.04936 480.81775 141.23215 171.93945 482.77521 141.23215 168.55433 484.71076 148.12193 168.55433 484.71076 141.23215 88.50000 300.65437 80.43358 90.25004 298.85412 80.43358 92.78902 298.62411 80.43358 95.27884 299.79218 80.43358 95.99139 302.32409 80.43358 94.77717 305.11526 80.43358 92.63579 306.02044 80.43358 90.07999 305.37963 80.43358 88.16515 303.36126 80.43358 92.03675 302.30279 88.89377 92.03675 302.30279 80.43358 45.68266 354.13558 108.80988 46.86809 354.27409 108.80988 47.22105 355.07044 108.80988 47.51349 356.08052 108.80988 46.59239 356.85666 108.80988 45.92142 356.82771 108.80988 44.75346 356.50812 108.80988 44.53241 355.54178 108.80988 44.96195 354.67557 108.80988 46.03981 355.49411 116.48620 46.03981 355.49411 108.80988 86.71190 443.27473 123.77131 84.51925 443.29825 123.77131 82.63853 442.34664 123.77131 82.26702 440.10367 123.77131 82.96408 438.34888 123.77131 84.54234 437.53897 123.77131 86.99189 437.74900 123.77131 88.22139 439.54600 123.77131 87.94789 441.64563 123.77131 85.18716 440.40440 133.79040 85.18716 440.40440 123.77131 181.24562 378.02585 149.90677 181.68098 375.60750 149.90677 183.93653 373.73089 149.90677 186.39131 373.91517 149.90677 188.28877 375.25259 149.90677 188.59419 377.82652 149.90677 187.19295 380.35767 149.90677 184.93354 381.13702 149.90677 182.67289 379.95758 149.90677 185.02362 377.31251 156.15405 185.02362 377.31251 149.90677 61.70711 402.00518 135.87115 61.54208 403.36343 135.87115 60.79546 404.52729 135.87115 59.17523 404.50845 135.87115 57.82840 403.72642 135.87115 57.48957 402.12731 135.87115 58.16696 400.55646 135.87115 59.43598 400.01321 135.87115 60.88639 400.45963 135.87115 59.72218 402.32271 144.80616 59.72218 402.32271 135.87115 34.44717 454.75636 149.62252 33.32676 453.31690 149.62252 32.82127 451.43949 149.62252 33.99550 449.70049 149.62252 36.07273 449.41122 149.62252 37.55239 450.16212 149.62252 38.63485 451.93385 149.62252 38.11645 453.69653 149.62252 36.48432 454.76691 149.62252 35.70252 452.16569 155.60478 35.70252 452.16569 149.62252 74.61905 382.05536 118.98003 73.92747 380.99496 118.98003 74.09552 379.80562 118.98003 74.68353 379.05454 118.98003 75.51323 379.14884 118.98003 76.41618 379.53501 118.98003 77.08233 380.56989 118.98003 76.45458 381.76469 118.98003 75.42279 382.13135 118.98003 75.37902 380.57947 127.17193 75.37902 380.57947 118.98003 193.91339 434.61556 187.76530 194.40547 436.28272 187.76530 193.50246 437.33883 187.76530 192.06580 437.97779 187.76530 190.89808 437.50837 187.76530 189.78721 436.35211 187.76530 190.05558 435.02973 187.76530 191.13072 433.84393 187.76530 192.62778 434.00375 187.76530 192.06479 435.97626 196.41758 192.06479 435.97626 187.76530 196.59194 255.51666 83.92855 197.26278 255.37864 83.92855 198.44676 255.89399 83.92855 198.54354 257.03297 83.92855 198.17609 257.91829 83.92855 197.42247 258.71058 83.92855 196.40190 258.45666 83.92855 195.73689 257.38096 83.92855 195.70980 256.24189 83.92855 197.17545 256.95639 89.32039 197.17545 256.95639 83.92855 149.41004 417.06021 138.12459 148.92779 414.68912 138.12459 150.41489 412.57303 138.12459 153.03255 412.19382 138.12459 155.28834 412.98117 138.12459 156.27619 415.56406 138.12459 155.49266 417.84516 138.12459 153.39245 418.97395 138.12459 150.96152 418.79126 138.12459 152.55268 415.66378 148.37509 152.55268 415.66378 138.12459 129.24680 343.16948 104.85321 130.49367 342.49847 104.85321 131.62013 343.04200 104.85321 132.74584 344.11533 104.85321 132.54730 345.54452 104.85321 131.71493 346.34474 104.85321 130.36827 346.72158 104.85321 129.03904 346.05926 104.85321 128.79635 344.57192 104.85321 130.71595 344.63835 111.42520 130.71595 344.63835 104.85321 147.30052 382.51264 122.07779 145.36497 380.99262 122.07779 144.86378 378.47472 122.07779 146.09254 376.09143 122.07779 148.48717 375.17553 122.07779 151.06208 376.18327 122.07779 152.60595 378.22618 122.07779 151.97639 380.76720 122.07779 149.76040 382.50484 122.07779 148.66202 379.01783 128.47715 148.66202 379.01783 122.07779 239.08227 387.68345 200.73657 238.30715 388.35683 200.73657 236.76094 388.27867 200.73657 236.04146 387.40445 200.73657 235.95205 386.28379 200.73657 236.21654 385.31390 200.73657 237.24638 384.75103 200.73657 238.81322 385.20325 200.73657 239.02510 386.40770 200.73657 237.47925 386.70074 205.94100 237.47925 386.70074 200.73657 212.79625 441.48758 191.81358 212.90181 443.51077 191.81358 211.45031 444.94557 191.81358 209.39757 444.98925 191.81358 207.94069 444.23632 191.81358 207.43818 441.99309 191.81358 208.02730 440.26133 191.81358 210.08100 439.62939 191.81358 211.80414 440.04415 191.81358 210.24934 442.32230 201.10661 210.24934 442.32230 191.81358 170.72259 470.45583 150.83692 169.40730 471.63167 150.83692 167.26024 471.28807 150.83692 166.42524 470.08367 150.83692 166.00856 468.32620 150.83692 167.14509 466.57221 150.83692 169.18836 466.19535 150.83692 170.45616 467.00536 150.83692 171.31467 468.57406 150.83692 168.67920 468.92728 156.15137 168.67920 468.92728 150.83692 140.13524 354.35269 106.64347 142.42931 355.32834 106.64347 143.48011 357.55526 106.64347 142.63804 359.86683 106.64347 140.48565 361.18439 106.64347 137.99281 361.18854 106.64347 136.71460 359.48875 106.64347 136.27221 356.71145 106.64347 137.95888 355.10819 106.64347 139.79265 357.89980 115.75596 139.79265 357.89980 106.64347 151.74903 492.02183 134.88178 150.41785 491.20447 134.88178 150.09407 489.93988 134.88178 150.83881 488.46067 134.88178 151.77331 488.00859 134.88178 153.25454 488.12721 134.88178 153.80340 489.41645 134.88178 153.75372 490.79111 134.88178 152.85534 491.72702 134.88178 152.08441 489.99293 139.92717 152.08441 489.99293 134.88178 40.92465 279.69589 77.16912 39.82029 279.19980 77.16912 39.45764 277.60454 77.16912 39.73807 276.25871 77.16912 40.84117 275.40571 77.16912 42.38572 275.67743 77.16912 43.49811 276.90847 77.16912 43.59526 278.42024 77.16912 42.48601 279.37437 77.16912 41.40279 277.64274 86.82984 41.40279 277.64274 77.16912 44.93790 267.10891 73.31188 42.37022 268.19611 73.31188 39.73337 267.11079 73.31188 38.01345 264.51594 73.31188 38.75779 261.98066 73.31188 40.85077 259.96317 73.31188 43.63543 260.00718 73.31188 45.81869 261.92065 73.31188 46.49970 264.52814 73.31188 42.28414 263.94225 81.56436 42.28414 263.94225 73.31188 126.28216 431.01888 128.03468 127.44866 430.53362 128.03468 128.42686 430.57942 128.03468 129.22408 431.69688 128.03468 128.97902 433.09431 128.03468 128.30599 433.78282 128.03468 126.81784 434.04880 128.03468 125.97640 433.26468 128.03468 125.49583 432.05362 128.03468 127.45767 432.21257 134.33972 127.45767 432.21257 128.03468 195.95882 467.34039 172.04856 194.59649 468.76662 172.04856 192.42810 469.27316 172.04856 190.46612 467.89522 172.04856 190.00908 465.61857 172.04856 190.87535 463.74193 172.04856 193.04779 462.86813 172.04856 195.30742 463.57927 172.04856 196.47674 465.20657 172.04856 193.23287 466.00022 181.09176 193.23287 466.00022 172.04856 133.44556 336.79668 100.21765 133.66492 335.42195 100.21765 134.80697 334.46101 100.21765 136.10758 334.84133 100.21765 137.39204 335.86671 100.21765 137.46888 337.33336 100.21765 136.74465 338.27702 100.21765 135.43160 338.69874 100.21765 133.85080 338.05075 100.21765 135.45125 336.71418 107.73736 135.45125 336.71418 100.21765 37.04716 461.06746 146.89244 39.43880 460.12164 146.89244 41.51282 461.19919 146.89244 42.26103 463.32971 146.89244 41.56186 465.45436 146.89244 39.98655 466.54172 146.89244 37.66276 466.69922 146.89244 36.23234 464.74907 146.89244 36.07788 462.71322 146.89244 39.02554 463.58482 155.24030 39.02554 463.58482 146.89244 246.37989 388.67782 206.73996 247.43216 389.10582 206.73996 248.16097 390.15519 206.73996 247.91642 390.99562 206.73996 246.74272 391.93693 206.73996 245.83292 391.98807 206.73996 244.79350 391.19126 206.73996 244.88025 390.14018 206.73996 245.22075 389.19056 206.73996 246.36455 390.36539 212.25962 246.36455 390.36539 206.73996 111.07676 327.39030 98.70760 110.67998 326.33409 98.70760 110.79548 325.39771 98.70760 112.03390 324.62347 98.70760 113.12613 325.07320 98.70760 113.93691 326.05136 98.70760 114.00659 327.10167 98.70760 113.16778 328.08479 98.70760 111.75043 328.00060 98.70760 112.29824 326.42014 107.94882 112.29824 326.42014 98.70760 15.12671 488.33780 152.74282 13.48144 488.35950 152.74282 11.66750 487.37271 152.74282 11.51355 485.49205 152.74282 12.04775 483.75757 152.74282 13.67346 483.19463 152.74282 15.65571 483.45245 152.74282 16.67567 484.82933 152.74282 16.41051 486.73616 152.74282 14.03421 485.72978 161.71549 14.03421 485.72978 152.74282 212.63197 483.73304 164.30625 211.96817 485.13017 164.30625 210.32327 486.04807 164.30625 208.92623 485.39429 164.30625 207.86482 483.88861 164.30625 208.03115 482.76750 164.30625 209.25731 481.44850 164.30625 210.72748 481.58714 164.30625 212.22046 482.30874 164.30625 210.21905 483.60751 170.15038 210.21905 483.60751 164.30625 79.47674 408.23901 123.89763 79.48740 409.80067 123.89763 78.42869 410.98560 123.89763 76.83656 411.20085 123.89763 75.36364 410.11817 123.89763 74.85903 408.82015 123.89763 75.64214 407.03864 123.89763 77.14448 406.43420 123.89763 78.68273 407.09808 123.89763 77.29273 408.87142 132.44924 77.29273 408.87142 123.89763 193.96178 332.45584 120.66699 195.13575 333.02718 120.66699 195.70425 334.02358 120.66699 195.16829 335.01185 120.66699 194.55737 335.70521 120.66699 193.22377 336.07663 120.66699 192.49828 335.13437 120.66699 191.88989 333.97374 120.66699 192.78523 333.02478 120.66699 193.83226 334.25741 126.22064 193.83226 334.25741 120.66699 84.68983 419.50303 120.21067 82.93632 420.73728 120.21067 80.88328 420.22412 120.21067 79.34785 418.62269 120.21067 79.30897 416.68212 120.21067 80.59973 414.73568 120.21067 82.49825 414.16097 120.21067 84.67424 415.32380 120.21067 85.29328 417.13761 120.21067 82.17332 417.46742 131.46019 82.17332 417.46742 120.21067 170.76558 480.34184 148.30005 171.51555 479.68073 148.30005 172.91456 479.72726 148.30005 173.93694 480.22400 148.30005 174.35564 481.54138 148.30005 173.68396 482.88297 148.30005 172.16062 483.42320 148.30005 171.27933 482.80676 148.30005 170.21315 481.69241 148.30005 172.27540 481.37992 155.17987 172.27540 481.37992 148.30005 163.00930 478.29680 143.07165 160.56486 477.52373 143.07165 159.09781 475.48141 143.07165 159.57627 472.88951 143.07165 161.74381 471.43261 143.07165 164.14253 471.49933 143.07165 166.05683 472.70545 143.07165 166.29421 475.46707 143.07165 165.09640 477.71410 143.07165 162.90994 474.71200 151.11527 162.90994 474.71200 143.07165 6.69361 474.62001 165.11125 7.84537 476.85708 165.11125 7.31032 478.42677 165.11125 5.54042 479.83663 165.11125 3.31284 479.62610 165.11125 1.89079 477.87723 165.11125 1.87418 476.08645 165.11125 3.02748 474.38776 165.11125 5.18580 473.69655 165.11125 4.72086 476.86599 171.92577 4.72086 476.86599 165.11125 189.87011 409.23634 178.78561 189.77429 411.10621 178.78561 188.50010 411.92927 178.78561 187.09772 412.07013 178.78561 185.97668 411.38815 178.78561 185.37319 410.19162 178.78561 186.10614 408.89130 178.78561 187.12491 408.05198 178.78561 188.60155 408.03119 178.78561 187.62461 410.11913 186.61147 187.62461 410.11913 178.78561 194.25065 316.46677 104.44458 192.82368 316.28662 104.44458 191.78784 315.46284 104.44458 191.61034 314.10484 104.44458 192.14314 313.10684 104.44458 193.34627 312.29914 104.44458 194.65149 312.88689 104.44458 195.21386 313.88763 104.44458 194.95405 315.56465 104.44458 193.40728 314.42128 112.61591 193.40728 314.42128 104.44458 232.35148 322.41221 126.67652 231.13939 323.33227 126.67652 230.00590 323.34148 126.67652 228.92457 322.42773 126.67652 228.84246 320.76419 126.67652 229.59057 319.54954 126.67652 230.70464 319.46067 126.67652 232.30626 319.65177 126.67652 232.94331 320.97374 126.67652 230.67420 321.32239 133.51716 230.67420 321.32239 126.67652 54.64454 398.59223 127.10309 55.33833 396.37702 127.10309 57.77204 394.89141 127.10309 60.49622 395.35731 127.10309 62.10480 397.41332 127.10309 61.98805 400.07603 127.10309 60.20282 402.22866 127.10309 57.96258 402.36107 127.10309 55.25210 401.25962 127.10309 58.40276 398.65481 132.39041 58.40276 398.65481 127.10309 206.64829 389.77285 184.16988 205.81168 389.32582 184.16988 205.40810 388.28376 184.16988 206.05348 387.01348 184.16988 207.30855 386.71925 184.16988 208.29227 386.90565 184.16988 208.66487 388.15501 184.16988 208.55066 388.95403 184.16988 207.65858 389.64562 184.16988 207.18684 388.31326 191.28413 207.18684 388.31326 184.16988 177.89125 363.69155 133.27317 178.00345 361.83394 133.27317 179.13874 360.42145 133.27317 181.14657 360.11941 133.27317 182.50624 361.07402 133.27317 183.21344 363.02795 133.27317 182.38646 364.50441 133.27317 180.74993 365.54467 133.27317 178.83925 365.00608 133.27317 180.38812 362.75831 145.27157 180.38812 362.75831 133.27317 176.15731 383.99879 146.23847 174.28851 383.12716 146.23847 173.60686 381.22882 146.23847 174.06111 378.89689 146.23847 175.93333 378.00585 146.23847 178.03748 378.31284 146.23847 179.45208 379.91753 146.23847 179.37593 381.83783 146.23847 177.85919 383.81615 146.23847 176.50556 381.02115 154.12616 176.50556 381.02115 146.23847 154.88506 474.09261 142.54566 156.39816 472.38162 142.54566 158.22071 472.15793 142.54566 160.29268 473.11189 142.54566 160.93934 475.28449 142.54566 159.73199 477.44012 142.54566 158.06170 478.33082 142.54566 155.88486 477.59958 142.54566 154.51261 475.97219 142.54566 157.58875 475.16088 149.72593 157.58875 475.16088 142.54566 184.36887 394.21247 167.07216 184.19745 395.79363 167.07216 183.21338 397.00250 167.07216 181.91215 397.17217 167.07216 180.52964 396.41639 167.07216 179.68595 395.09615 167.07216 180.46569 393.69687 167.07216 181.71422 392.73087 167.07216 183.08394 392.90860 167.07216 182.17461 394.98021 176.16775 182.17461 394.98021 167.07216 42.09025 439.31093 152.20594 44.01753 440.20179 152.20594 44.90837 442.55197 152.20594 44.40278 444.77217 152.20594 42.60837 446.07865 152.20594 40.20426 445.72540 152.20594 38.59962 444.17420 152.20594 38.43206 441.78671 152.20594 39.76321 439.94745 152.20594 41.68619 442.79172 161.82438 41.68619 442.79172 152.20594 20.35514 382.01542 135.92205 23.13003 381.13431 135.92205 26.07314 382.52164 135.92205 27.48991 385.43065 135.92205 26.44639 388.23669 135.92205 24.20257 390.20961 135.92205 21.04920 389.85493 135.92205 18.70248 387.75284 135.92205 18.25571 384.90796 135.92205 22.86058 385.80840 146.70079 22.86058 385.80840 135.92205 164.99888 391.16769 136.75359 162.28172 391.09274 136.75359 160.77087 389.73225 136.75359 160.05571 387.27788 136.75359 161.23207 385.19879 136.75359 163.44445 384.36076 136.75359 166.18741 384.97477 136.75359 167.30392 387.10376 136.75359 166.88395 389.40598 136.75359 163.69048 387.82338 141.88072 163.69048 387.82338 136.75359 246.55302 465.13645 191.03477 245.46984 466.48910 191.03477 243.64285 466.66893 191.03477 242.64911 465.62985 191.03477 242.20820 464.13643 191.03477 242.83287 462.75222 191.03477 244.30515 462.02674 191.03477 245.53913 462.31584 191.03477 246.56996 463.57538 191.03477 244.40784 464.30638 199.73679 244.40784 464.30638 191.03477 19.15031 433.49863 172.94464 19.52427 435.49570 172.94464 18.56499 436.70671 172.94464 16.88920 436.99313 172.94464 15.27387 436.64365 172.94464 14.58111 435.17759 172.94464 14.97355 433.33239 172.94464 16.41660 432.26694 172.94464 17.81178 432.61261 172.94464 16.97771 434.74206 181.23708 16.97771 434.74206 172.94464 222.94605 456.23293 193.48259 222.53854 457.61217 193.48259 221.30281 458.69725 193.48259 220.11266 458.57787 193.48259 218.79665 457.56554 193.48259 218.72493 456.02665 193.48259 219.46700 454.80085 193.48259 220.91567 454.17566 193.48259 222.59747 455.00346 193.48259 220.89245 456.48608 198.67676 220.89245 456.48608 193.48259 237.33744 284.55687 89.91474 236.30840 286.12234 89.91474 234.48819 286.34556 89.91474 233.30428 285.14085 89.91474 232.53463 283.41065 89.91474 233.32589 281.95114 89.91474 235.06495 281.18037 89.91474 236.58570 281.71943 89.91474 237.41943 283.06435 89.91474 235.20098 283.66231 100.91839 235.20098 283.66231 89.91474 75.82871 285.64312 72.37505 75.40356 283.91377 72.37505 76.56240 282.51971 72.37505 77.86537 281.94105 72.37505 79.47353 282.53649 72.37505 80.21039 283.88164 72.37505 79.94495 285.85425 72.37505 78.74405 286.71629 72.37505 77.00945 286.75608 72.37505 77.99169 284.47272 79.28696 77.99169 284.47272 72.37505 79.68794 342.47577 94.07092 77.21101 342.65025 94.07092 75.37923 341.23611 94.07092 74.89687 338.77006 94.07092 75.96128 336.87489 94.07092 78.03780 336.03423 94.07092 80.59424 336.52857 94.07092 81.84979 338.50934 94.07092 81.51209 341.10748 94.07092 78.32879 339.40900 102.54221 78.32879 339.40900 94.07092 201.20488 388.35918 182.84600 201.62007 387.35939 182.84600 203.17452 387.04266 182.84600 204.27491 387.25119 182.84600 204.52141 388.70645 182.84600 204.41581 389.89233 182.84600 203.07309 390.38062 182.84600 201.85853 390.19563 182.84600 201.35537 389.42166 182.84600 202.79455 388.75185 191.66280 202.79455 388.75185 182.84600 131.70497 296.76766 88.22473 131.13375 295.43929 88.22473 130.91441 293.88740 88.22473 132.08647 293.03573 88.22473 133.48948 292.93712 88.22473 134.53086 293.80951 88.22473 135.32315 295.04716 88.22473 134.52270 296.44679 88.22473 133.28634 297.16308 88.22473 132.99011 294.87119 94.88032 132.99011 294.87119 88.22473 167.64279 471.55484 156.19627 169.51158 470.82602 156.19627 171.00246 471.35556 156.19627 172.02345 472.94596 156.19627 171.55916 474.69188 156.19627 170.05138 475.91547 156.19627 168.40100 475.86326 156.19627 167.09907 474.77012 156.19627 167.04067 472.95948 156.19627 169.38309 473.46790 164.44370 169.38309 473.46790 156.19627 99.85566 336.42250 97.39932 98.39062 337.05573 97.39932 97.14608 336.42150 97.39932 96.28386 335.37185 97.39932 96.74420 333.55825 97.39932 97.98143 332.86136 97.39932 99.62869 333.00249 97.39932 100.52997 333.79377 97.39932 100.82127 335.32181 97.39932 98.55939 334.87284 104.90753 98.55939 334.87284 97.39932 228.17134 483.56039 170.99424 229.67178 484.77588 170.99424 230.34311 486.40514 170.99424 229.32320 488.15916 170.99424 227.46415 489.12168 170.99424 225.52352 488.42791 170.99424 224.80054 486.51028 170.99424 225.14696 484.80428 170.99424 226.19975 483.31963 170.99424 227.43461 486.12672 179.93109 227.43461 486.12672 170.99424 188.35135 416.52950 177.88990 187.29728 417.40891 177.88990 185.79598 416.90995 177.88990 185.16215 415.89089 177.88990 184.95531 414.91341 177.88990 186.09831 413.76144 177.88990 187.26397 413.67256 177.88990 188.12061 414.34482 177.88990 188.53754 415.41747 177.88990 186.87426 415.39201 184.30666 186.87426 415.39201 177.88990 66.30177 390.98628 129.72441 66.35217 392.79379 129.72441 65.73777 393.73479 129.72441 64.42229 394.32085 129.72441 63.16954 394.13451 129.72441 62.14431 392.53548 129.72441 62.59965 391.30416 129.72441 63.62337 390.32700 129.72441 65.15325 390.42832 129.72441 64.36787 392.30765 139.08811 64.36787 392.30765 129.72441 119.54626 388.42208 112.50408 119.52272 386.90374 112.50408 120.54193 385.36433 112.50408 122.04064 385.02435 112.50408 123.50342 386.05001 112.50408 124.36743 387.18823 112.50408 123.60446 388.99195 112.50408 122.48840 389.73909 112.50408 120.79060 389.76464 112.50408 121.73098 387.51468 117.91934 121.73098 387.51468 112.50408 164.86526 279.16808 90.87345 166.44333 279.08362 90.87345 167.94572 280.51206 90.87345 168.03727 281.79929 90.87345 167.00400 283.43106 90.87345 165.59527 283.64562 90.87345 164.09036 283.05443 90.87345 163.52096 281.59302 90.87345 163.80432 280.39127 90.87345 165.64870 281.47063 98.96009 165.64870 281.47063 90.87345 146.19943 467.46100 137.76237 147.31628 469.66907 137.76237 146.85947 471.56773 137.76237 144.91983 472.76479 137.76237 142.82377 472.85237 137.76237 141.55285 471.76610 137.76237 141.23300 469.64237 137.76237 142.04305 467.87858 137.76237 143.97478 466.81412 137.76237 144.10467 470.02628 148.04403 144.10467 470.02628 137.76237 33.55691 260.81743 84.78782 34.36379 261.18942 84.78782 34.70876 262.07240 84.78782 34.29206 262.84646 84.78782 33.73285 263.36434 84.78782 32.99090 263.50249 84.78782 32.17259 262.66369 84.78782 31.83835 261.79113 84.78782 32.29184 260.86352 84.78782 33.32097 262.08282 93.89962 33.32097 262.08282 84.78782 59.67232 481.67475 118.45781 61.29355 483.22098 118.45781 61.46773 486.07447 118.45781 60.27788 487.99498 118.45781 57.65312 488.42163 118.45781 55.38863 487.45322 118.45781 54.19783 485.39480 118.45781 55.20352 482.74236 118.45781 57.04330 481.47854 118.45781 58.03830 484.89468 124.39398 58.03830 484.89468 118.45781 196.01364 268.75528 82.66463 195.01560 267.15639 82.66463 195.41137 265.26187 82.66463 197.06556 264.06403 82.66463 198.86644 264.09236 82.66463 200.33630 264.99481 82.66463 200.81709 267.31718 82.66463 199.88720 268.82689 82.66463 197.99592 269.55329 82.66463 198.00175 266.67821 88.88002 198.00175 266.67821 82.66463 75.07461 270.71332 69.25270 75.99468 272.67484 69.25270 75.82303 274.73882 69.25270 73.97400 276.37278 69.25270 71.44838 275.99763 69.25270 69.75964 274.57977 69.25270 69.44826 272.61780 69.25270 70.70930 270.54643 69.25270 72.82403 269.83742 69.25270 72.86059 273.12560 80.64103 72.86059 273.12560 69.25270 226.75006 473.11008 182.44116 225.80666 474.61681 182.44116 223.86520 474.70592 182.44116 222.76733 473.66605 182.44116 221.99844 472.27234 182.44116 222.84036 470.94241 182.44116 224.17845 469.97668 182.44116 225.55267 470.24402 182.44116 226.55698 471.66340 182.44116 224.49152 472.36744 191.30257 224.49152 472.36744 182.44116 101.16388 420.12005 116.44935 101.96490 421.64511 116.44935 102.10341 422.89697 116.44935 100.85860 424.13978 116.44935 99.20373 424.02994 116.44935 98.17912 423.26011 116.44935 98.02434 421.56629 116.44935 98.43131 420.24802 116.44935 100.05595 419.62954 116.44935 99.98953 422.01119 121.60090 99.98953 422.01119 116.44935 250.48885 369.13892 187.47774 250.83458 371.01125 187.47774 249.83936 372.54361 187.47774 248.25655 373.47713 187.47774 246.52167 372.75925 187.47774 245.08015 371.01651 187.47774 245.71261 369.48063 187.47774 247.00279 367.78833 187.47774 249.20943 368.03303 187.47774 248.09803 370.62072 193.63722 248.09803 370.62072 187.47774 22.77102 385.15911 140.59552 22.35843 384.46783 140.59552 22.53812 383.54454 140.59552 23.13341 382.92348 140.59552 24.09966 382.82643 140.59552 24.85685 383.52613 140.59552 25.29420 384.21487 140.59552 24.85388 385.02605 140.59552 24.08359 385.40409 140.59552 23.72190 384.18158 148.27073 23.72190 384.18158 140.59552 38.89040 277.43718 80.03924 39.96084 277.21855 80.03924 40.83434 278.05877 80.03924 40.73469 279.15394 80.03924 40.20932 279.72322 80.03924 39.24817 280.05063 80.03924 38.66294 279.86557 80.03924 38.08218 279.05795 80.03924 38.55365 277.99703 80.03924 39.46720 278.67293 87.68047 39.46720 278.67293 80.03924 129.99797 428.53157 122.08729 126.71974 429.55210 122.08729 123.85116 428.27113 122.08729 122.18465 425.79375 122.08729 122.69909 422.61489 122.08729 125.17035 420.32655 122.08729 128.28444 420.63360 122.08729 130.72210 422.65363 122.08729 131.65894 425.78868 122.08729 126.87138 424.93262 132.87692 126.87138 424.93262 122.08729 36.89823 263.56765 83.05690 38.40979 263.13847 83.05690 39.36149 264.13398 83.05690 40.09939 265.41380 83.05690 39.30780 266.59866 83.05690 38.26948 267.31387 83.05690 36.64719 267.36752 83.05690 35.70661 266.25904 83.05690 35.84461 264.59468 83.05690 37.80903 265.41704 91.93035 37.80903 265.41704 83.05690 176.56393 330.56602 113.70848 177.38158 330.39203 113.70848 178.77100 330.48756 113.70848 179.23478 331.84937 113.70848 178.97590 332.49719 113.70848 177.78292 333.30994 113.70848 176.76170 333.29926 113.70848 175.95221 332.69443 113.70848 176.02566 331.32958 113.70848 177.46216 331.82974 120.79880 177.46216 331.82974 113.70848 101.78210 404.94853 117.98631 99.73843 405.18247 117.98631 98.16702 404.55390 117.98631 97.38163 403.11961 117.98631 97.76983 401.09580 117.98631 99.45303 400.20641 117.98631 101.13911 400.07045 117.98631 102.24398 401.38681 117.98631 102.57417 403.23807 117.98631 100.00024 402.69298 128.14425 100.00024 402.69298 117.98631 247.79086 294.09858 106.11353 249.24755 293.40037 106.11353 250.69856 293.94805 106.11353 251.28159 295.56265 106.11353 250.98602 297.03473 106.11353 249.95208 297.95012 106.11353 248.18938 298.25833 106.11353 246.92205 297.20478 106.11353 246.89177 295.31775 106.11353 249.10093 295.91368 111.89458 249.10093 295.91368 106.11353 197.51783 363.57837 144.60100 195.19336 364.19154 144.60100 192.95144 362.95412 144.60100 191.86820 360.35970 144.60100 193.20464 357.97120 144.60100 195.30151 356.85198 144.60100 197.75226 357.54836 144.60100 199.09276 359.40245 144.60100 199.28755 361.64084 144.60100 195.77406 360.53165 151.42272 195.77406 360.53165 144.60100 42.77218 487.83721 127.92052 42.45453 486.28209 127.92052 43.24881 484.90575 127.92052 44.83574 484.56779 127.92052 46.31043 485.02672 127.92052 46.89988 486.20127 127.92052 46.73262 487.76703 127.92052 45.67054 488.72709 127.92052 43.90251 488.81896 127.92052 44.81568 486.64807 134.03474 44.81568 486.64807 127.92052 114.90708 445.79222 116.64111 115.09674 449.01734 116.64111 112.94162 451.34779 116.64111 110.12656 452.22373 116.64111 107.26027 450.74098 116.64111 105.83183 447.55497 116.64111 106.75456 444.68486 116.64111 109.56508 443.27202 116.64111 112.75703 443.59669 116.64111 110.59651 447.59135 124.57561 110.59651 447.59135 116.64111 196.96966 468.06892 172.25597 197.10758 466.58923 172.25597 198.39005 465.62626 172.25597 199.53930 465.25835 172.25597 200.86694 466.03171 172.25597 201.35989 467.73491 172.25597 200.93941 468.95602 172.25597 199.26573 469.69204 172.25597 197.83450 469.10132 172.25597 199.16201 467.39353 178.38836 199.16201 467.39353 172.25597 128.94686 289.73267 85.17180 129.99907 288.42386 85.17180 131.18432 288.35411 85.17180 132.50448 289.39394 85.17180 132.66576 290.63378 85.17180 132.01738 292.27792 85.17180 130.71971 292.73999 85.17180 129.17652 292.29971 85.17180 128.59589 291.09651 85.17180 130.60070 290.53562 94.67072 130.60070 290.53562 85.17180 215.20551 408.65178 195.87052 214.99313 410.19407 195.87052 213.50866 411.61667 195.87052 211.62791 411.95855 195.87052 210.41756 410.75587 195.87052 209.92833 409.07185 195.87052 210.51125 407.52942 195.87052 212.15061 406.31931 195.87052 213.78420 407.08789 195.87052 212.49624 409.16966 201.57551 212.49624 409.16966 195.87052 39.50639 416.21885 142.43135 39.72505 413.94275 142.43135 41.13254 412.31721 142.43135 43.05056 411.81493 142.43135 44.88017 413.29067 142.43135 45.68494 414.90761 142.43135 44.71634 417.06839 142.43135 43.10589 418.09562 142.43135 40.86842 417.86389 142.43135 42.51250 415.07818 149.04389 42.51250 415.07818 142.43135 40.16518 478.45744 136.29960 39.29636 476.18349 136.29960 39.98723 474.01875 136.29960 41.72945 472.39980 136.29960 43.99286 472.71624 136.29960 45.91849 474.48747 136.29960 45.99901 476.79301 136.29960 44.54258 478.75405 136.29960 42.60660 479.14945 136.29960 42.72854 475.90832 143.33298 42.72854 475.90832 136.29960 139.17550 365.35123 115.58547 137.95529 365.36793 115.58547 136.51943 364.38531 115.58547 136.39467 362.99310 115.58547 137.04362 361.46201 115.58547 138.60068 360.84261 115.58547 139.65013 361.25367 115.58547 140.51952 362.57466 115.58547 140.65228 364.42421 115.58547 138.48563 363.17966 123.29403 138.48563 363.17966 115.58547 23.22642 475.16061 145.61631 25.31886 473.80713 145.61631 27.21491 474.44352 145.61631 28.57586 475.88386 145.61631 29.06223 477.91544 145.61631 27.34494 479.92364 145.61631 25.49556 480.32492 145.61631 23.33018 479.34322 145.61631 22.61384 477.00999 145.61631 25.85930 477.08586 152.93938 25.85930 477.08586 145.61631 75.49725 486.62817 117.70512 75.46800 487.42805 117.70512 75.05072 488.18219 117.70512 73.76841 488.26919 117.70512 73.23370 487.50806 117.70512 73.13469 486.89334 117.70512 73.33784 485.73718 117.70512 74.25926 485.32000 117.70512 75.22476 485.83017 117.70512 74.32150 486.81808 123.51609 74.32150 486.81808 117.70512 94.57168 258.55514 71.56560 94.72253 256.60874 71.56560 95.91607 254.98675 71.56560 97.65271 254.72958 71.56560 99.23384 255.95791 71.56560 99.87743 257.75110 71.56560 99.32553 259.58733 71.56560 97.65293 260.43124 71.56560 95.59838 259.91450 71.56560 97.20118 257.55130 76.45843 97.20118 257.55130 71.56560 71.96992 310.79503 78.47703 72.98752 312.04221 78.47703 72.63057 313.95879 78.47703 71.71954 315.15439 78.47703 69.80844 315.15630 78.47703 68.56238 314.31935 78.47703 68.12476 312.59237 78.47703 68.98454 311.04280 78.47703 70.61273 310.39427 78.47703 70.61498 312.75401 83.40536 70.61498 312.75401 78.47703 250.52133 352.63313 175.50810 251.42821 354.23170 175.50810 251.33456 355.58444 175.50810 250.14959 356.74424 175.50810 248.39099 356.53985 175.50810 247.32394 355.46110 175.50810 247.06887 354.10387 175.50810 247.40212 352.62023 175.50810 249.01788 352.15851 175.50810 249.11918 354.44360 183.58655 249.11918 354.44360 175.50810 50.21372 414.25046 141.90405 49.87342 412.91681 141.90405 51.10661 411.79801 141.90405 52.37653 411.13472 141.90405 53.76542 411.92834 141.90405 54.34512 413.29393 141.90405 53.84014 414.82984 141.90405 52.58106 415.49350 141.90405 51.21330 415.51216 141.90405 52.23394 413.49344 148.77805 52.23394 413.49344 141.90405 75.61974 345.65059 94.25178 76.78813 347.17752 94.25178 76.57695 349.29314 94.25178 74.85584 350.27515 94.25178 73.14072 350.28792 94.25178 71.75218 349.30644 94.25178 71.29745 347.20559 94.25178 72.24651 345.53086 94.25178 73.81699 345.11758 94.25178 73.92542 347.81985 102.78792 73.92542 347.81985 94.25178 40.56386 345.82044 96.19149 39.26262 346.33734 96.19149 37.57890 346.28731 96.19149 36.68804 344.79742 96.19149 36.47007 343.04093 96.19149 37.45666 342.17519 96.19149 39.40627 341.47266 96.19149 40.68869 342.63089 96.19149 41.11676 344.19073 96.19149 38.81039 344.08529 101.84907 38.81039 344.08529 96.19149 5.57386 446.54837 174.65407 9.14044 446.75000 174.65407 11.47682 448.91005 174.65407 12.06209 452.29837 174.65407 10.45519 454.71865 174.65407 7.17610 455.87518 174.65407 4.26379 454.62127 174.65407 2.75931 452.08796 174.65407 3.31742 448.73827 174.65407 7.30377 451.19219 180.82871 7.30377 451.19219 174.65407 197.00907 316.52069 100.04780 194.95016 318.09564 100.04780 192.48272 318.35317 100.04780 190.58850 316.65763 100.04780 190.16869 314.25704 100.04780 191.05730 311.73583 100.04780 193.48109 310.88181 100.04780 196.20641 311.88425 100.04780 197.53183 314.03008 100.04780 193.78184 314.66434 105.94887 193.78184 314.66434 100.04780 113.57848 337.07557 100.12798 114.70937 336.98133 100.12798 115.76705 337.93347 100.12798 115.88377 339.14685 100.12798 115.45183 340.24322 100.12798 114.22920 340.70857 100.12798 113.04664 340.00258 100.12798 112.33113 339.04791 100.12798 112.85303 337.72225 100.12798 114.25309 338.65152 106.93438 114.25309 338.65152 100.12798 47.00451 357.14517 107.12037 48.58283 356.87415 107.12037 49.48627 357.99613 107.12037 49.59035 358.95367 107.12037 48.85228 360.31691 107.12037 47.93896 360.91374 107.12037 46.49392 360.23799 107.12037 45.68895 359.26638 107.12037 46.14364 357.81286 107.12037 47.78545 358.77776 115.24932 47.78545 358.77776 107.12037 167.73471 329.38538 101.04967 166.49201 330.36302 101.04967 164.58647 330.65460 101.04967 163.16075 329.61029 101.04967 162.73115 327.89201 101.04967 163.70878 326.45105 101.04967 164.99076 325.72593 101.04967 166.72507 326.14108 101.04967 167.76726 327.71570 101.04967 165.41806 328.18427 109.92505 165.41806 328.18427 101.04967 -0.73079 408.95973 170.87324 0.62745 407.96069 170.87324 2.73025 408.24831 170.87324 3.92961 409.67513 170.87324 3.76725 411.37033 170.87324 2.85792 412.77414 170.87324 0.80093 413.33781 170.87324 -0.59668 412.41838 170.87324 -1.32121 410.67409 170.87324 1.28823 410.55464 176.30952 1.28823 410.55464 170.87324 232.70046 433.25141 206.22632 229.79236 433.65041 206.22632 226.88999 432.31852 206.22632 225.93613 429.15866 206.22632 226.66102 426.24013 206.22632 229.57949 424.72448 206.22632 232.77981 425.41160 206.22632 234.51593 427.75292 206.22632 234.57595 430.75766 206.22632 230.38938 429.29892 213.60506 230.38938 429.29892 206.22632 20.11848 334.43924 94.00740 21.52729 333.58192 94.00740 23.61951 333.69768 94.00740 24.69647 335.24250 94.00740 24.83942 337.14064 94.00740 23.42686 338.53968 94.00740 21.55264 338.98934 94.00740 19.78060 337.96163 94.00740 19.46850 336.05559 94.00740 22.07571 336.13972 104.74660 22.07571 336.13972 94.00740 213.14287 269.17000 81.15565 214.31488 272.09282 81.15565 213.84433 275.15147 81.15565 210.93880 277.38847 81.15565 207.98448 276.98968 81.15565 205.48984 274.76452 81.15565 205.07413 271.73117 81.15565 207.09760 269.00301 81.15565 210.06659 267.86544 81.15565 209.80556 272.71630 87.44378 209.80556 272.71630 81.15565 201.84657 284.35100 86.34526 199.78485 283.88818 86.34526 198.11645 282.33101 86.34526 198.33309 279.81729 86.34526 199.46011 278.27000 86.34526 201.72320 278.19169 86.34526 203.45184 278.99876 86.34526 204.21215 280.96513 86.34526 203.37315 283.32137 86.34526 201.18111 281.11522 92.14796 201.18111 281.11522 86.34526 52.87529 375.45097 118.96019 51.47486 375.43560 118.96019 49.73448 374.59747 118.96019 49.29123 373.08338 118.96019 50.22726 371.13575 118.96019 51.67648 370.61011 118.96019 53.46874 371.16980 118.96019 54.63432 372.50832 118.96019 54.10813 374.13622 118.96019 51.96405 373.17450 125.62044 51.96405 373.17450 118.96019 209.26924 338.73198 137.13560 210.02108 337.88239 137.13560 211.16988 337.92520 137.13560 211.77447 338.39868 137.13560 212.06355 339.52880 137.13560 211.62601 340.30586 137.13560 210.93152 340.61260 137.13560 209.64028 340.32824 137.13560 209.35300 339.67087 137.13560 210.71666 339.27067 144.43892 210.71666 339.27067 137.13560 110.57873 451.04983 117.86652 109.01631 449.78294 117.86652 108.28692 447.64415 117.86652 109.64985 445.67811 117.86652 111.70544 444.95511 117.86652 113.72937 445.65845 117.86652 114.87839 447.52984 117.86652 114.37428 449.85166 117.86652 112.91298 451.45616 117.86652 111.69506 448.18585 128.45866 111.69506 448.18585 117.86652 245.10909 443.52199 214.70429 243.76289 443.22138 214.70429 243.50630 442.45298 214.70429 243.53511 441.57525 214.70429 244.04929 440.97163 214.70429 244.91336 440.67040 214.70429 245.85465 441.32445 214.70429 246.02228 442.07387 214.70429 245.69558 443.26194 214.70429 244.72905 442.16221 223.20971 244.72905 442.16221 214.70429 203.84867 321.36379 111.90206 206.01449 319.40484 111.90206 208.38926 319.17993 111.90206 210.97584 320.50170 111.90206 211.60113 323.37487 111.90206 210.43438 325.91753 111.90206 207.82935 326.82918 111.90206 205.25515 326.07408 111.90206 203.49793 323.99574 111.90206 207.48296 322.91101 119.40013 207.48296 322.91101 111.90206 177.82096 472.69955 153.66005 179.81380 472.93355 153.66005 180.62611 474.49580 153.66005 180.41371 476.40868 153.66005 179.27001 477.39213 153.66005 177.62100 477.79974 153.66005 175.90934 476.51813 153.66005 175.47794 474.73581 153.66005 176.08306 473.27702 153.66005 178.16686 475.15113 164.99688 178.16686 475.15113 153.66005 123.49261 267.37387 75.39557 122.53270 268.71259 75.39557 120.44474 269.38464 75.39557 118.75194 268.55914 75.39557 118.24358 266.62648 75.39557 118.78489 265.17736 75.39557 120.56114 264.09508 75.39557 122.02270 264.26530 75.39557 123.60079 265.77642 75.39557 120.93068 266.65857 82.57919 120.93068 266.65857 75.39557 206.39343 374.23183 172.80186 206.97727 375.18784 172.80186 206.88404 376.00425 172.80186 205.98560 377.00487 172.80186 205.16055 377.03720 172.80186 204.13097 376.10523 172.80186 203.90658 375.02953 172.80186 204.48136 374.10031 172.80186 205.46477 374.00633 172.80186 205.51901 375.39035 180.95780 205.51901 375.39035 172.80186 206.57275 269.41057 84.03977 207.87784 270.59344 84.03977 208.29213 272.23024 84.03977 207.27140 273.86122 84.03977 205.22636 274.10080 84.03977 203.65528 273.19695 84.03977 203.22615 271.74313 84.03977 203.67945 270.08923 84.03977 204.92257 268.99529 84.03977 205.62079 271.59155 90.66176 205.62079 271.59155 84.03977 171.65084 467.21462 155.81822 170.22893 467.18021 155.81822 169.35785 466.32530 155.81822 169.02937 465.42055 155.81822 169.78746 464.07578 155.81822 171.08407 463.79402 155.81822 171.90142 464.27512 155.81822 172.52792 465.13485 155.81822 172.64526 466.34113 155.81822 170.90842 465.52507 160.49513 170.90842 465.52507 155.81822 67.14380 301.02042 76.25842 64.53225 300.37159 76.25842 62.82891 298.44193 76.25842 62.68407 295.83227 76.25842 64.39498 294.00731 76.25842 66.74159 293.39305 76.25842 69.02358 294.57462 76.25842 70.18759 296.93672 76.25842 68.99319 299.53112 76.25842 66.18873 297.17491 84.77192 66.18873 297.17491 76.25842 162.93925 441.32044 156.76968 163.95925 442.64836 156.76968 163.56989 444.25117 156.76968 162.72972 445.17383 156.76968 161.19447 445.38083 156.76968 159.86269 444.39152 156.76968 159.60618 442.88554 156.76968 160.33146 441.88491 156.76968 161.76551 441.03813 156.76968 161.79476 443.23399 164.05801 161.79476 443.23399 156.76968 65.69726 262.74221 71.57328 65.68879 264.75347 71.57328 64.09598 266.05458 71.57328 61.87339 266.40169 71.57328 60.27497 265.21320 71.57328 59.91015 262.81481 71.57328 60.71635 261.31463 71.57328 62.61327 260.12973 71.57328 64.66544 260.93522 71.57328 62.76484 263.35729 76.75387 62.76484 263.35729 71.57328 14.69071 388.60825 143.24273 17.11202 387.40655 143.24273 20.13553 387.92710 143.24273 22.07629 389.82997 143.24273 22.20476 392.55511 143.24273 20.39292 394.72677 143.24273 17.61720 395.40592 143.24273 15.09737 394.07301 143.24273 13.99821 391.48737 143.24273 18.06584 391.39305 152.93766 18.06584 391.39305 143.24273 2.50888 350.84724 115.89775 4.30901 352.75276 115.89775 4.30927 355.17007 115.89775 2.73287 357.41559 115.89775 -0.08757 357.90962 115.89775 -2.48613 356.31015 115.89775 -3.36927 353.97223 115.89775 -2.36962 351.47206 115.89775 -0.19343 350.42273 115.89775 0.64185 354.02555 121.62593 0.64185 354.02555 115.89775 36.44872 329.61954 87.46657 35.08879 328.61663 87.46657 34.87210 327.08695 87.46657 35.30411 325.83447 87.46657 36.75948 324.96347 87.46657 38.47773 325.11734 87.46657 39.29374 326.70437 87.46657 39.36885 328.27752 87.46657 38.17837 329.15955 87.46657 37.09804 327.28909 94.17323 37.09804 327.28909 87.46657 27.58684 452.33029 159.25650 28.18687 451.11102 159.25650 29.91321 450.93259 159.25650 31.03495 451.58687 159.25650 31.72080 452.72434 159.25650 31.44412 454.31463 159.25650 30.08697 455.07517 159.25650 28.52952 454.72004 159.25650 27.46145 453.98487 159.25650 29.56334 452.92139 167.05333 29.56334 452.92139 159.25650 138.34293 393.85045 123.16503 137.27058 391.84849 123.16503 137.24182 389.99431 123.16503 138.62476 388.24298 123.16503 140.96300 388.18661 123.16503 142.25920 389.41334 123.16503 142.89492 391.29364 123.16503 142.25692 393.11397 123.16503 140.08714 394.12071 123.16503 140.00256 391.17249 130.96239 140.00256 391.17249 123.16503 136.40834 341.56937 104.75125 137.15373 343.49653 104.75125 136.97291 345.40684 104.75125 135.13167 346.79689 104.75125 133.05412 346.76628 104.75125 131.90241 345.53308 104.75125 131.20764 343.40546 104.75125 132.41080 341.59273 104.75125 134.58661 340.93566 104.75125 134.32163 343.93509 114.79945 134.32163 343.93509 104.75125 213.14496 485.62584 165.58273 212.36254 484.19134 165.58273 212.93285 483.01168 165.58273 213.95594 481.60475 165.58273 215.35433 481.69103 165.58273 216.43862 482.80441 165.58273 216.85229 483.96017 165.58273 216.01084 485.41329 165.58273 214.72208 486.13359 165.58273 214.66763 483.83576 171.06015 214.66763 483.83576 165.58273 215.63434 384.15468 182.27578 214.09049 383.41599 182.27578 213.20588 382.06091 182.27578 213.66332 380.59022 182.27578 214.68379 379.56646 182.27578 216.33931 379.62209 182.27578 217.82142 380.69375 182.27578 218.01226 382.32329 182.27578 217.10255 383.73807 182.27578 215.61265 381.72932 189.90609 215.61265 381.72932 182.27578 127.43978 367.44985 112.76618 127.32731 366.35535 112.76618 128.74227 365.18038 112.76618 129.62196 365.54261 112.76618 130.97133 366.19307 112.76618 131.02382 367.33768 112.76618 130.22797 368.72890 112.76618 129.38431 368.90886 112.76618 127.74295 368.62460 112.76618 129.19057 367.19140 119.48709 129.19057 367.19140 112.76618 71.32578 446.12300 128.79318 72.57320 446.61985 128.79318 73.02568 447.65383 128.79318 72.76780 448.93606 128.79318 71.78477 449.57136 128.79318 70.19441 449.59144 128.79318 69.66711 448.32264 128.79318 69.60675 447.23620 128.79318 70.15708 445.94757 128.79318 71.20202 447.77719 134.52742 71.20202 447.77719 128.79318 51.20003 285.58135 77.92338 50.58473 283.99280 77.92338 50.87707 282.48971 77.92338 52.77701 281.35268 77.92338 54.26509 281.38257 77.92338 55.49629 283.07834 77.92338 55.76662 284.69154 77.92338 54.69369 286.44176 77.92338 52.94809 286.73861 77.92338 53.23017 283.96909 85.49470 53.23017 283.96909 77.92338 135.53082 423.00793 124.79625 135.54814 424.96878 124.79625 133.99891 426.08227 124.79625 132.44979 426.33280 124.79625 130.70232 425.10710 124.79625 130.44016 423.68394 124.79625 131.10517 421.83064 124.79625 132.72740 421.19940 124.79625 134.47537 421.52974 124.79625 132.98828 423.74195 134.25239 132.98828 423.74195 124.79625 174.90250 279.75468 87.26405 173.58266 278.65559 87.26405 173.04113 276.95671 87.26405 174.16050 275.29426 87.26405 175.58764 274.60645 87.26405 177.15150 275.32205 87.26405 178.33521 276.86116 87.26405 177.67395 278.41947 87.26405 176.59155 279.58126 87.26405 175.68461 277.25294 93.01737 175.68461 277.25294 87.26405 72.77002 278.87905 72.77174 73.33760 280.74281 72.77174 72.34281 282.08206 72.77174 70.46415 283.10249 72.77174 68.77137 282.19639 72.77174 67.73051 280.86911 72.77174 67.94023 278.88365 72.77174 69.27125 277.55130 72.77174 71.43254 277.49220 72.77174 70.44077 280.19217 81.20658 70.44077 280.19217 72.77174 242.67869 447.61883 204.76331 241.35193 449.15313 204.76331 239.16021 449.34967 204.76331 237.51307 448.51837 204.76331 236.56442 446.21958 204.76331 237.59178 444.35017 204.76331 239.39299 443.51409 204.76331 241.21596 443.68578 204.76331 242.58845 445.51207 204.76331 239.71769 446.40117 210.89777 239.71769 446.40117 204.76331 236.32518 449.32322 197.46950 236.56763 452.68702 197.46950 234.35040 455.13893 197.46950 231.25450 455.83895 197.46950 228.30580 454.03920 197.46950 226.88249 451.35723 197.46950 228.24073 448.04885 197.46950 230.78053 446.14764 197.46950 234.05549 446.67600 197.46950 231.91077 451.02355 205.69414 231.91077 451.02355 197.46950 243.77934 437.76716 210.53969 245.41459 436.60153 210.53969 247.21614 436.99525 210.53969 248.50146 438.42319 210.53969 248.28911 440.55094 210.53969 247.05482 441.61791 210.53969 245.47639 442.14169 210.53969 243.93257 441.09326 210.53969 243.33757 439.55350 210.53969 245.88068 439.41733 217.73381 245.88068 439.41733 210.53969 124.25778 403.08825 120.96758 125.71124 402.64067 120.96758 127.51539 403.63681 120.96758 127.78655 405.01334 120.96758 127.59659 406.63221 120.96758 126.04488 407.83724 120.96758 124.21287 407.31414 120.96758 123.12186 406.01683 120.96758 123.02163 404.34145 120.96758 125.47365 405.23605 129.60486 125.47365 405.23605 120.96758 101.89549 391.51585 109.25718 102.26784 389.24884 109.25718 104.60539 387.30723 109.25718 107.03576 387.35225 109.25718 108.97569 389.48508 109.25718 109.34213 391.92434 109.25718 108.06224 394.37673 109.25718 105.27181 395.28010 109.25718 102.78010 393.99004 109.25718 105.59547 391.15698 116.02012 105.59547 391.15698 109.25718 6.10533 379.46550 140.71997 7.28141 381.59047 140.71997 6.89963 384.35339 140.71997 4.93356 385.72611 140.71997 2.18441 385.94117 140.71997 0.40063 384.29987 140.71997 -0.25093 381.24195 140.71997 1.11383 379.19236 140.71997 3.63198 378.11447 140.71997 3.64220 382.21981 148.12470 3.64220 382.21981 140.71997 121.60194 322.85125 89.99848 122.83410 321.14853 89.99848 124.83689 320.98044 89.99848 126.56571 321.78119 89.99848 127.21777 323.79844 89.99848 126.46974 325.49330 89.99848 124.84475 326.73624 89.99848 122.76631 326.17014 89.99848 121.40510 324.87019 89.99848 124.25412 323.74224 97.67605 124.25412 323.74224 89.99848 184.03826 377.63444 146.52286 182.01751 378.03836 146.52286 180.72275 376.67029 146.52286 180.15757 374.64072 146.52286 180.96772 372.91749 146.52286 182.47014 372.37662 146.52286 184.26302 372.80166 146.52286 185.63178 374.29017 146.52286 185.56655 376.16728 146.52286 182.81117 375.08696 153.26295 182.81117 375.08696 146.52286 90.91957 381.55297 108.19734 89.34284 381.69110 108.19734 87.81661 380.80196 108.19734 87.32245 379.26364 108.19734 88.07046 377.38321 108.19734 89.74870 376.85664 108.19734 91.54914 377.35093 108.19734 92.69352 378.57356 108.19734 92.32177 380.38596 108.19734 90.06241 379.39580 118.39209 90.06241 379.39580 108.19734 55.89010 375.71258 115.94311 57.73656 375.01733 115.94311 60.23021 375.40114 115.94311 61.62056 377.00039 115.94311 61.50729 379.45333 115.94311 60.00635 381.25509 115.94311 57.73300 381.48042 115.94311 55.72858 380.13777 115.94311 54.91695 378.02789 115.94311 58.28313 378.16199 121.56354 58.28313 378.16199 115.94311 98.75743 396.84307 112.22099 96.86365 396.67190 112.22099 95.40419 395.34703 112.22099 94.84283 393.28743 112.22099 96.18559 391.66543 112.22099 98.18220 391.24774 112.22099 99.93406 391.66775 112.22099 101.01482 393.77372 112.22099 100.56774 395.45162 112.22099 97.91315 394.00622 117.48053 97.91315 394.00622 112.22099 56.79142 323.00942 87.12725 57.15342 324.11486 87.12725 56.76427 325.39202 87.12725 55.76720 325.95462 87.12725 54.40615 326.09612 87.12725 53.30367 325.12980 87.12725 53.51254 323.59174 87.12725 54.00165 322.67700 87.12725 55.66602 321.98572 87.12725 55.25628 324.17851 97.23428 55.25628 324.17851 87.12725 129.67113 485.00396 123.93121 129.76928 486.71134 123.93121 128.74235 488.65540 123.93121 126.80235 489.07437 123.93121 124.70805 488.49004 123.93121 123.90730 486.66208 123.93121 124.44014 484.64715 123.93121 126.06598 483.41594 123.93121 127.96810 483.59232 123.93121 126.89279 486.17803 132.07154 126.89279 486.17803 123.93121 234.46204 364.36755 175.72145 233.56724 363.63863 175.72145 233.46275 361.92326 175.72145 234.50789 361.22519 175.72145 235.70654 361.04674 175.72145 236.95026 361.70286 175.72145 237.44298 363.08297 175.72145 236.94925 364.40105 175.72145 235.51017 364.86958 175.72145 235.46034 362.85944 180.60698 235.46034 362.85944 175.72145 174.45022 398.34845 152.73005 176.84936 400.60540 152.73005 177.35647 403.79233 152.73005 175.46794 406.40667 152.73005 172.49227 407.81923 152.73005 169.28960 406.39051 152.73005 167.73619 403.51173 152.73005 168.60627 400.23680 152.73005 171.09857 398.23023 152.73005 172.60751 402.78280 162.92910 172.60751 402.78280 152.73005 174.59372 400.28383 159.88751 174.88581 398.15829 159.88751 176.15800 397.09342 159.88751 178.11160 397.01208 159.88751 179.50763 398.19196 159.88751 180.00282 400.00648 159.88751 179.14352 401.57620 159.88751 177.42598 402.42138 159.88751 175.45283 401.90205 159.88751 177.27868 399.50524 169.15882 177.27868 399.50524 159.88751 54.56384 433.83455 138.24131 55.69001 435.53820 138.24131 55.61010 437.43122 138.24131 54.25579 438.87540 138.24131 52.46048 439.06539 138.24131 50.90293 438.44641 138.24131 50.19821 436.37324 138.24131 51.12845 434.50465 138.24131 52.47655 433.61480 138.24131 53.04726 436.46032 146.85674 53.04726 436.46032 138.24131 117.49011 383.81324 109.47059 119.63071 383.92234 109.47059 121.31984 385.55479 109.47059 121.16791 387.74596 109.47059 119.88459 389.12852 109.47059 117.62478 389.72491 109.47059 115.94197 388.83856 109.47059 115.35755 387.05518 109.47059 115.65957 384.77379 109.47059 118.27187 386.72401 116.28272 118.27187 386.72401 109.47059 116.64848 455.32659 117.98758 117.91663 457.04724 117.98758 117.32442 458.88620 117.98758 116.04966 460.11727 117.98758 114.00723 460.12105 117.98758 112.77946 458.65890 117.98758 112.27869 457.15777 117.98758 113.24248 455.38604 117.98758 115.22734 454.65536 117.98758 115.08005 457.47354 126.66348 115.08005 457.47354 117.98758 93.14132 251.95015 77.49120 93.93335 252.89570 77.49120 93.85693 254.00919 77.49120 92.93917 255.00489 77.49120 92.09487 255.22737 77.49120 90.88349 254.65576 77.49120 90.50426 253.86974 77.49120 90.70194 252.35092 77.49120 91.78216 251.97526 77.49120 92.15268 253.62693 84.04083 92.15268 253.62693 77.49120 200.43528 268.15732 88.21895 200.92029 268.83127 88.21895 200.99350 269.88782 88.21895 200.25443 270.65114 88.21895 199.12378 270.93863 88.21895 198.27704 270.11562 88.21895 198.19392 269.13297 88.21895 198.59414 268.24973 88.21895 199.45210 267.89166 88.21895 199.56121 269.38462 95.66700 199.56121 269.38462 88.21895 124.05284 408.01744 118.34151 126.12808 406.53233 118.34151 128.81218 406.52327 118.34151 130.42264 407.93796 118.34151 130.70930 410.77906 118.34151 129.53731 412.82102 118.34151 127.02716 413.41189 118.34151 124.64494 412.32374 118.34151 123.39953 410.33581 118.34151 127.21913 409.83537 126.02828 127.21913 409.83537 118.34151 205.84444 318.92277 113.03086 206.78692 320.64752 113.03086 206.04254 322.63341 113.03086 204.72825 323.58649 113.03086 202.46941 323.37566 113.03086 201.32540 322.14678 113.03086 200.88165 320.22795 113.03086 202.13696 318.55781 113.03086 204.01011 318.18352 113.03086 203.75501 320.96350 121.48570 203.75501 320.96350 113.03086 181.94918 487.86077 151.05592 180.39635 487.61695 151.05592 179.82803 486.36305 151.05592 180.08149 485.00723 151.05592 181.09133 483.98026 151.05592 182.18279 483.90601 151.05592 183.52702 484.92668 151.05592 183.85184 486.26416 151.05592 183.33794 487.46335 151.05592 181.80783 485.93049 158.65598 181.80783 485.93049 151.05592 187.63411 346.93992 131.10174 186.94584 348.41263 131.10174 185.61981 349.39447 131.10174 184.17605 349.07988 131.10174 183.31744 347.76892 131.10174 182.89647 346.08909 131.10174 184.03460 345.08508 131.10174 185.56903 344.58769 131.10174 186.88583 345.52544 131.10174 185.29367 346.97792 139.78735 185.29367 346.97792 131.10174 13.53822 414.89884 163.26666 12.98430 412.99097 163.26666 13.88918 410.90911 163.26666 15.95830 409.70585 163.26666 18.10706 410.55748 163.26666 19.14721 412.47186 163.26666 19.16558 414.66909 163.26666 17.55586 416.03349 163.26666 15.20236 416.29938 163.26666 16.14210 413.15799 169.09552 16.14210 413.15799 163.26666 124.25851 278.82806 78.58171 122.20232 278.56743 78.58171 121.03001 276.97139 78.58171 121.41049 274.97386 78.58171 122.73898 273.40052 78.58171 124.57571 273.05781 78.58171 126.35927 274.21945 78.58171 127.09119 276.11863 78.58171 126.40633 278.15620 78.58171 124.03696 276.00860 87.02344 124.03696 276.00860 78.58171 213.56076 432.58416 194.98576 215.15336 433.53756 194.98576 215.59860 435.98141 194.98576 214.62967 437.54663 194.98576 212.40334 438.17776 194.98576 210.50183 437.73188 194.98576 209.32974 435.70331 194.98576 209.93789 433.84914 194.98576 211.32903 432.22221 194.98576 212.53677 435.23148 202.38865 212.53677 435.23148 194.98576 132.28947 348.69796 103.02465 133.05361 347.48080 103.02465 134.17934 346.94508 103.02465 135.84200 347.49717 103.02465 136.53574 348.61407 103.02465 136.10796 350.05665 103.02465 135.24835 350.92449 103.02465 133.60138 350.92910 103.02465 132.45705 350.33314 103.02465 134.30826 349.18124 108.65377 134.30826 349.18124 103.02465 123.53713 368.01798 108.95591 123.86684 369.35862 108.95591 123.36720 370.74570 108.95591 121.87657 370.91231 108.95591 120.62554 370.44663 108.95591 120.04436 369.45705 108.95591 120.33206 368.05097 108.95591 121.05416 367.10183 108.95591 122.27164 367.29665 108.95591 121.87684 369.12452 113.70843 121.87684 369.12452 108.95591 106.52130 431.70572 124.51346 105.26967 432.61030 124.51346 103.31035 432.74175 124.51346 101.88493 431.78791 124.51346 101.77049 429.84526 124.51346 102.60902 428.28848 124.51346 104.38631 427.96177 124.51346 106.05382 428.30008 124.51346 106.69279 429.90288 124.51346 104.26294 430.35130 133.19846 104.26294 430.35130 124.51346 23.81682 470.78620 160.78618 22.56504 469.39147 160.78618 22.18737 467.49728 160.78618 23.29846 465.99307 160.78618 24.98465 465.58634 160.78618 26.66114 466.28098 160.78618 27.20921 468.00230 160.78618 27.23820 469.44305 160.78618 25.75712 470.71198 160.78618 24.81286 468.18418 168.86200 24.81286 468.18418 160.78618 101.31570 400.69515 117.82964 103.68668 400.98039 117.82964 104.99527 402.83297 117.82964 105.15842 405.23223 117.82964 103.46344 406.95387 117.82964 101.15626 407.54622 117.82964 99.24113 406.45378 117.82964 98.48870 404.04722 117.82964 99.20468 401.67645 117.82964 101.83371 404.05739 127.64547 101.83371 404.05739 117.82964 174.51664 422.64531 168.07517 175.02831 423.37882 168.07517 174.76457 424.92034 168.07517 174.19023 425.42450 168.07517 172.75914 425.46952 168.07517 171.63883 424.99309 168.07517 171.62760 423.94210 168.07517 171.97514 422.69766 168.07517 172.97928 422.00831 168.07517 173.26584 423.95436 176.20453 173.26584 423.95436 168.07517 159.50419 274.15577 79.91500 161.05591 276.84206 79.91500 160.14210 279.45981 79.91500 158.30029 281.34023 79.91500 155.50003 281.52379 79.91500 153.04383 279.36528 79.91500 152.59412 276.86764 79.91500 154.15427 274.21663 79.91500 156.79520 273.27568 79.91500 156.76636 277.46946 85.92374 156.76636 277.46946 79.91500 239.15623 381.62459 202.28129 238.82411 380.25172 202.28129 239.81879 379.33371 202.28129 240.90055 378.80037 202.28129 242.30715 379.44373 202.28129 243.00077 380.73746 202.28129 242.49672 382.27578 202.28129 241.54209 382.83951 202.28129 240.16478 382.64632 202.28129 240.89970 380.85170 211.22703 240.89970 380.85170 202.28129 73.70339 296.48119 77.39715 73.10471 295.32481 77.39715 72.87804 294.65471 77.39715 73.97249 293.61469 77.39715 75.02812 293.50401 77.39715 75.61049 294.43999 77.39715 75.93903 295.27473 77.39715 75.65994 296.31823 77.39715 74.73445 296.43828 77.39715 74.46668 295.10308 83.56137 74.46668 295.10308 77.39715 129.78778 313.44090 87.37850 130.69717 315.10274 87.37850 130.71800 316.80024 87.37850 129.06694 318.47395 87.37850 127.45447 318.38967 87.37850 126.00820 317.21757 87.37850 125.50181 315.62362 87.37850 125.99554 313.75493 87.37850 127.78252 313.02344 87.37850 128.05972 315.79230 93.53125 128.05972 315.79230 87.37850 137.78178 260.19716 80.93239 136.53473 258.61548 80.93239 136.66173 257.08602 80.93239 137.78549 255.79236 80.93239 139.51074 255.23031 80.93239 141.08468 256.51543 80.93239 141.50718 258.12482 80.93239 141.11221 259.78629 80.93239 139.53095 260.53310 80.93239 139.06358 257.98511 91.41116 139.06358 257.98511 80.93239 120.43574 462.94884 122.40736 118.77856 464.28976 122.40736 116.44074 464.56521 122.40736 114.69849 463.11871 122.40736 114.60991 460.63836 122.40736 115.58676 458.93627 122.40736 117.47537 457.99241 122.40736 119.81125 458.92301 122.40736 120.85019 460.87134 122.40736 117.69994 461.29473 130.53870 117.69994 461.29473 122.40736 131.07367 250.57162 78.02871 132.36412 249.78577 78.02871 134.19346 250.30048 78.02871 135.13048 251.74648 78.02871 135.02674 253.60929 78.02871 133.50827 254.80972 78.02871 131.56638 254.93573 78.02871 130.49951 253.83593 78.02871 130.07054 251.73892 78.02871 132.56913 252.37157 85.51254 132.56913 252.37157 78.02871 106.87791 340.09793 90.83850 103.95368 342.13509 90.83850 100.42939 341.82900 90.83850 98.43180 339.40659 90.83850 98.17509 335.95474 90.83850 99.85865 333.27512 90.83850 102.96979 332.34940 90.83850 106.04200 333.91541 90.83850 107.76096 336.79876 90.83850 102.69520 337.37376 96.86050 102.69520 337.37376 90.83850 113.08452 377.17646 110.26725 113.07630 378.39212 110.26725 112.54873 379.72701 110.26725 111.04758 380.28105 110.26725 110.05017 379.71973 110.26725 109.11815 378.31063 110.26725 109.36998 377.00030 110.26725 110.59674 375.92795 110.26725 111.91024 376.22506 110.26725 111.27183 378.02643 115.14995 111.27183 378.02643 110.26725 144.36149 316.76168 96.73944 146.15522 315.83181 96.73944 147.58739 316.13057 96.73944 148.42998 317.65285 96.73944 148.50200 319.36861 96.73944 147.25054 320.33681 96.73944 145.73858 320.76913 96.73944 144.29895 319.94901 96.73944 143.78982 318.42257 96.73944 146.28486 318.35678 105.63901 146.28486 318.35678 96.73944 148.69948 430.68434 140.01279 147.54894 430.95115 140.01279 146.30443 430.88736 140.01279 145.64967 429.63989 140.01279 146.12903 428.30585 140.01279 146.91596 427.58450 140.01279 148.24626 427.60047 140.01279 148.89956 428.34825 140.01279 149.22336 429.58933 140.01279 147.54994 429.23527 145.12451 147.54994 429.23527 140.01279 205.46967 438.15690 195.59814 204.80453 436.71751 195.59814 205.17437 434.73139 195.59814 206.56332 433.39717 195.59814 208.57312 433.48717 195.59814 210.18589 434.73814 195.59814 210.28555 436.64324 195.59814 209.08052 438.59906 195.59814 207.52294 438.87570 195.59814 207.50347 436.20626 204.09728 207.50347 436.20626 195.59814 152.48866 311.23560 96.91447 155.04600 311.92357 96.91447 156.69280 313.78338 96.91447 156.49817 316.51628 96.91447 154.43092 318.29389 96.91447 151.86381 318.52069 96.91447 149.85769 317.08809 96.91447 149.32790 314.48741 96.91447 150.24584 312.26018 96.91447 152.97187 314.92604 106.11978 152.97187 314.92604 96.91447 217.13029 378.34973 177.20900 218.01321 380.47369 177.20900 217.48839 382.90904 177.20900 215.66787 384.40945 177.20900 213.39983 384.37745 177.20900 211.66084 382.90673 177.20900 211.00580 380.14189 177.20900 212.58323 378.21369 177.20900 214.95619 377.78319 177.20900 214.59881 381.10793 184.51157 214.59881 381.10793 177.20900 122.03905 251.32959 76.12695 121.76388 249.49472 76.12695 122.82491 248.18397 76.12695 124.84281 247.69344 76.12695 126.37006 248.66717 76.12695 126.80056 250.16158 76.12695 126.17895 252.13877 76.12695 125.11464 253.13911 76.12695 123.22757 252.62260 76.12695 124.34071 250.43408 81.98321 124.34071 250.43408 76.12695 216.84958 426.02885 199.39868 215.77658 428.09285 199.39868 213.50528 429.23341 199.39868 211.23842 428.43714 199.39868 209.80423 426.64370 199.39868 210.07847 424.15076 199.39868 211.70186 422.31237 199.39868 214.05996 422.16974 199.39868 216.33791 423.50114 199.39868 213.36243 425.60160 205.46776 213.36243 425.60160 199.39868 46.13431 482.12726 136.64995 47.01317 482.83137 136.64995 47.52300 483.58285 136.64995 46.99440 484.83818 136.64995 46.08805 485.51782 136.64995 44.84528 485.48803 136.64995 43.98401 484.32513 136.64995 44.08391 483.20332 136.64995 44.57188 482.17601 136.64995 45.67958 483.77408 145.92962 45.67958 483.77408 136.64995 211.78605 425.03492 201.56338 211.27790 422.79317 201.56338 212.15297 420.92403 201.56338 214.44918 419.59933 201.56338 216.62624 420.13067 201.56338 218.15631 422.01935 201.56338 217.80433 424.54929 201.56338 216.06265 426.41207 201.56338 213.88289 426.46582 201.56338 214.74262 423.17714 209.00629 214.74262 423.17714 201.56338 130.43580 426.72708 131.77423 131.49852 425.84962 131.77423 133.16356 425.84789 131.77423 134.16037 426.68484 131.77423 134.24724 428.40783 131.77423 133.50219 429.88596 131.77423 131.97604 430.22128 131.77423 130.81925 429.52922 131.77423 129.92597 428.14304 131.77423 132.20818 427.92745 139.23282 132.20818 427.92745 131.77423 152.28193 255.36487 78.62889 154.17306 255.06593 78.62889 155.69150 255.91842 78.62889 156.82532 257.40778 78.62889 156.33322 259.05447 78.62889 154.80792 260.21725 78.62889 152.82763 260.16439 78.62889 151.51270 258.78836 78.62889 151.56317 256.95249 78.62889 153.99987 257.66515 83.90640 153.99987 257.66515 78.62889 216.29924 326.70571 127.83201 216.06182 325.99852 127.83201 215.70200 324.86724 127.83201 216.30698 324.23068 127.83201 217.27779 323.94851 127.83201 218.12564 324.59704 127.83201 218.42847 325.21861 127.83201 218.14429 326.33739 127.83201 217.39707 326.99629 127.83201 217.16439 325.39592 136.61104 217.16439 325.39592 127.83201 213.73371 267.44672 87.18975 212.51625 267.40190 87.18975 211.77489 266.11514 87.18975 211.77277 264.78128 87.18975 212.78206 263.88024 87.18975 214.22888 263.88256 87.18975 215.22303 264.79173 87.18975 215.42873 266.07487 87.18975 214.60193 267.05888 87.18975 213.58399 265.75878 94.51910 213.58399 265.75878 87.18975 94.15929 440.49653 123.45862 95.19715 440.45789 123.45862 96.20315 440.98732 123.45862 96.51271 442.06315 123.45862 96.32546 443.34277 123.45862 95.21858 443.70728 123.45862 93.90746 443.64215 123.45862 93.19895 442.35428 123.45862 92.99104 441.16914 123.45862 94.81814 441.99982 131.01339 94.81814 441.99982 123.45862 75.60848 456.43951 119.89486 77.39172 455.03942 119.89486 79.53407 455.38819 119.89486 81.36295 456.81520 119.89486 81.49317 459.06160 119.89486 80.40001 460.56379 119.89486 78.33175 461.51216 119.89486 75.89765 460.51050 119.89486 74.96537 458.57635 119.89486 78.38635 458.14624 125.11818 78.38635 458.14624 119.89486 176.43258 384.11941 153.90855 177.03010 382.62451 153.90855 178.69834 382.30714 153.90855 180.19016 382.81776 153.90855 180.93584 384.25028 153.90855 180.53955 385.58487 153.90855 179.58530 386.87183 153.90855 177.79161 386.68450 153.90855 176.87670 385.65313 153.90855 178.73796 384.59527 160.92442 178.73796 384.59527 153.90855 239.66779 364.28977 180.01748 241.53275 363.85150 180.01748 242.88558 365.15855 180.01748 243.69078 366.73329 180.01748 242.78889 368.37865 180.01748 241.06764 369.17711 180.01748 239.01008 368.85594 180.01748 238.43890 367.15493 180.01748 238.21631 365.44898 180.01748 240.83356 366.62982 191.96228 240.83356 366.62982 180.01748 235.39600 340.52002 146.65484 234.27415 340.99889 146.65484 232.86203 340.84039 146.65484 231.96955 339.81077 146.65484 232.23291 338.11699 146.65484 232.97881 337.54822 146.65484 234.61067 337.15987 146.65484 235.39238 337.81431 146.65484 236.02396 339.17604 146.65484 233.95901 339.13438 151.82913 233.95901 339.13438 146.65484 238.03071 413.92982 214.50186 239.88400 411.99558 214.50186 242.36821 411.44496 214.50186 244.87772 412.67211 214.50186 245.74313 415.25333 214.50186 244.61191 417.41118 214.50186 242.37139 418.79220 214.50186 239.83471 418.36207 214.50186 238.06097 416.60067 214.50186 241.72270 415.16414 222.15159 241.72270 415.16414 214.50186 230.55319 339.87346 139.44911 228.59198 340.16888 139.44911 227.00750 339.16457 139.44911 226.05734 337.00758 139.44911 227.15240 335.19312 139.44911 228.91312 334.09506 139.44911 230.79631 334.76242 139.44911 232.30267 336.35082 139.44911 232.17022 338.60611 139.44911 229.21643 337.26441 144.82589 229.21643 337.26441 139.44911 155.02105 396.56459 133.13086 155.71261 398.43854 133.13086 154.83814 400.71598 133.13086 153.12170 401.85532 133.13086 150.91310 401.22583 133.13086 149.39065 399.76284 133.13086 149.56275 397.50412 133.13086 150.99230 395.54781 133.13086 152.96366 395.29679 133.13086 152.43689 398.49626 139.06145 152.43689 398.49626 133.13086 175.90631 442.19893 164.18979 175.61350 443.63659 164.18979 174.51000 444.79942 164.18979 172.89312 444.87106 164.18979 171.73373 443.90718 164.18979 171.22595 442.53861 164.18979 171.94182 440.88989 164.18979 173.51664 440.48277 164.18979 174.84636 440.99434 164.18979 173.62633 442.68364 168.78644 173.62633 442.68364 164.18979 4.14447 305.79893 89.96296 2.94158 307.62769 89.96296 1.01289 308.57917 89.96296 -1.33968 308.01055 89.96296 -2.50825 305.71981 89.96296 -2.31516 303.60682 89.96296 -0.65623 301.72598 89.96296 1.95953 301.63168 89.96296 3.60175 303.15938 89.96296 0.70294 305.11140 97.79698 0.70294 305.11140 89.96296 160.40555 297.43212 88.15536 162.87785 296.34187 88.15536 165.11228 297.13060 88.15536 166.75766 299.26902 88.15536 166.43340 301.46114 88.15536 164.94313 303.28241 88.15536 162.14673 303.56065 88.15536 160.30051 301.95096 88.15536 159.80666 299.86254 88.15536 163.20466 300.05281 95.89918 163.20466 300.05281 88.15536 33.53096 418.80185 156.58436 32.05891 419.66662 156.58436 30.29266 419.32967 156.58436 29.29153 418.41012 156.58436 29.08568 416.80092 156.58436 29.76524 415.53705 156.58436 31.64545 414.88476 156.58436 33.24160 415.51795 156.58436 33.68675 416.81004 156.58436 31.36746 417.29488 161.82821 31.36746 417.29488 156.58436 22.53039 288.52990 77.48665 20.65472 288.87319 77.48665 18.65554 287.99741 77.48665 18.20189 286.17707 77.48665 18.44012 284.59917 77.48665 20.03776 283.52038 77.48665 22.15350 283.84148 77.48665 23.54561 284.97492 77.48665 23.48244 287.04675 77.48665 20.81515 286.16398 85.80987 20.81515 286.16398 77.48665 186.01790 467.15075 163.79267 186.89408 464.53548 163.79267 189.70606 463.52676 163.79267 192.11284 464.49667 163.79267 193.82273 466.52051 163.79267 193.64296 469.43402 163.79267 191.43411 471.53098 163.79267 188.72814 471.50918 163.79267 186.59794 470.00396 163.79267 189.86873 467.62955 170.47205 189.86873 467.62955 163.79267 99.39775 338.21073 99.93518 100.48264 337.40261 99.93518 102.20873 337.45900 99.93518 103.23587 338.71061 99.93518 103.46576 340.41159 99.93518 102.53509 341.60073 99.93518 100.59349 341.86705 99.93518 99.14491 341.29310 99.93518 98.65930 339.62869 99.93518 101.13247 339.60953 107.67110 101.13247 339.60953 99.93518 233.83220 336.12845 137.47898 232.84968 336.75126 137.47898 231.38432 336.62180 137.47898 230.35355 335.66209 137.47898 230.49410 334.03094 137.47898 231.26452 332.90385 137.47898 232.48024 332.53904 137.47898 233.88212 333.38604 137.47898 234.54344 334.70967 137.47898 232.39568 334.67986 142.35450 232.39568 334.67986 137.47898 167.20337 332.60393 108.58949 168.21589 333.21860 108.58949 168.53094 334.70616 108.58949 167.55652 336.16508 108.58949 166.17010 336.59264 108.58949 164.92107 336.03886 108.58949 164.23100 334.66965 108.58949 164.58510 333.13954 108.58949 166.03898 332.41864 108.58949 166.43926 334.31092 117.17692 166.43926 334.31092 108.58949 31.51358 266.95317 75.60514 29.53867 265.45247 75.60514 29.48824 263.03480 75.60514 30.45869 261.41662 75.60514 32.92643 260.36069 75.60514 34.94933 261.19661 75.60514 35.94096 263.28729 75.60514 35.48578 265.42656 75.60514 33.77167 266.93405 75.60514 32.58053 263.81046 85.14982 32.58053 263.81046 75.60514 33.82442 402.04645 149.49166 34.80261 402.46646 149.49166 35.41905 403.64458 149.49166 35.12990 404.62336 149.49166 34.45992 405.21122 149.49166 33.15014 405.21688 149.49166 32.49179 404.47597 149.49166 32.18991 403.28426 149.49166 32.65288 402.78081 149.49166 33.77776 403.73962 156.23656 33.77776 403.73962 149.49166 18.41288 368.78999 125.83584 18.57187 370.62160 125.83584 17.37812 372.06552 125.83584 15.58154 372.20363 125.83584 14.31644 371.67074 125.83584 13.61633 370.06324 125.83584 14.06682 368.53045 125.83584 15.65603 367.46895 125.83584 17.11149 367.83950 125.83584 16.06645 369.89205 130.31307 16.06645 369.89205 125.83584 244.75129 307.64544 109.59779 244.44299 305.90854 109.59779 245.23362 304.33176 109.59779 246.83066 303.61904 109.59779 248.55001 304.06554 109.59779 249.52653 305.47900 109.59779 249.38339 307.53918 109.59779 247.91379 308.42731 109.59779 246.10405 308.83218 109.59779 247.00576 306.19377 116.25789 247.00576 306.19377 109.59779 148.85833 276.21320 81.19013 150.65749 276.20381 81.19013 151.84124 277.26784 81.19013 152.01251 279.37273 81.19013 151.34078 280.43762 81.19013 149.50455 281.14783 81.19013 147.81264 280.44004 81.19013 146.84516 278.75806 81.19013 147.65815 276.99213 81.19013 149.61175 278.53890 86.18559 149.61175 278.53890 81.19013 207.16699 319.77160 109.70454 206.01898 320.19898 109.70454 204.64508 319.49590 109.70454 203.90498 318.27971 109.70454 204.63450 316.77749 109.70454 205.93069 315.82412 109.70454 207.07633 316.17761 109.70454 208.22271 317.31916 109.70454 208.40065 318.50543 109.70454 206.18136 318.04257 116.04802 206.18136 318.04257 109.70454 135.33001 418.35828 122.63032 132.63089 419.75198 122.63032 129.94071 419.70142 122.63032 127.77405 417.34927 122.63032 127.60695 414.22305 122.63032 129.54300 412.23632 122.63032 132.38605 411.44661 122.63032 134.74695 413.04494 122.63032 135.85200 415.42464 122.63032 131.77612 415.74570 132.29372 131.77612 415.74570 122.63032 148.46138 268.30940 81.44045 149.87173 268.73007 81.44045 150.45366 269.94694 81.44045 150.53582 271.04363 81.44045 149.76046 271.94747 81.44045 148.53762 272.30565 81.44045 147.24301 271.79082 81.44045 146.59647 270.34937 81.44045 147.00665 269.41342 81.44045 148.70476 270.43946 89.26801 148.70476 270.43946 81.44045 115.11558 339.77716 100.28909 116.62001 339.04098 100.28909 118.08807 339.75253 100.28909 118.99814 340.95371 100.28909 118.68917 342.75891 100.28909 117.40187 343.74492 100.28909 115.97968 343.56112 100.28909 114.73065 342.57740 100.28909 114.39542 341.37528 100.28909 116.65661 341.56746 106.18440 116.65661 341.56746 100.28909 63.40794 285.91510 68.56339 61.06006 286.24896 68.56339 58.77706 284.64828 68.56339 57.88268 281.92610 68.56339 59.27695 279.47025 68.56339 61.64527 278.35680 68.56339 64.04216 279.33207 68.56339 65.32168 281.26773 68.56339 65.43681 283.84683 68.56339 61.83220 282.37190 74.33897 61.83220 282.37190 68.56339 230.12224 281.74552 90.31900 228.74108 283.12441 90.31900 226.99060 283.63653 90.31900 225.29107 283.01623 90.31900 224.27025 281.15134 90.31900 224.88890 279.02728 90.31900 226.50597 278.14128 90.31900 228.65062 278.31603 90.31900 230.11162 279.74303 90.31900 227.30590 280.82901 98.85419 227.30590 280.82901 90.31900 0.81983 486.36290 159.39593 1.90380 484.57604 159.39593 3.99609 484.17930 159.39593 5.85582 485.03808 159.39593 6.73063 486.96589 159.39593 5.84737 488.95678 159.39593 4.29662 489.79821 159.39593 2.50805 489.61688 159.39593 0.78258 488.46533 159.39593 3.59438 487.10678 169.20573 3.59438 487.10678 159.39593 138.17143 368.83073 112.99098 140.57055 370.01041 112.99098 142.32323 372.43330 112.99098 141.72566 375.11486 112.99098 139.34284 376.72183 112.99098 136.59234 376.70315 112.99098 134.31060 374.93287 112.99098 133.84669 372.33605 112.99098 135.24421 369.55037 112.99098 138.01757 372.92323 124.79911 138.01757 372.92323 112.99098 10.39302 277.90602 82.10538 12.41767 276.43102 82.10538 14.77094 276.56119 82.10538 16.55523 277.86978 82.10538 16.86496 280.52825 82.10538 15.49876 282.33956 82.10538 13.26597 283.31349 82.10538 11.30622 282.32451 82.10538 10.27101 280.14570 82.10538 13.46953 279.73125 89.76141 13.46953 279.73125 82.10538 110.84202 277.60533 70.34929 108.57197 279.02629 70.34929 105.74801 278.89324 70.34929 104.17346 276.52804 70.34929 103.95122 274.25288 70.34929 105.65352 272.06860 70.34929 108.28597 271.49832 70.34929 110.76074 272.77654 70.34929 111.65204 275.44133 70.34929 107.70892 275.33759 76.28835 107.70892 275.33759 70.34929 50.15161 278.59852 75.00990 49.27854 279.70015 75.00990 48.08528 279.83873 75.00990 46.96627 279.22226 75.00990 46.11326 278.08923 75.00990 46.68266 276.85352 75.00990 47.94946 275.94090 75.00990 49.16305 276.15659 75.00990 50.03938 277.57263 75.00990 48.22867 277.99293 80.24715 48.22867 277.99293 75.00990 170.62480 282.13648 89.42589 171.02554 281.30405 89.42589 172.25264 281.17287 89.42589 173.04739 281.82857 89.42589 173.40795 282.57355 89.42589 173.07691 283.62650 89.42589 171.94976 284.05232 89.42589 171.07152 283.78762 89.42589 170.28732 282.91008 89.42589 171.81296 282.63615 95.85254 171.81296 282.63615 89.42589 96.03617 365.87124 105.69280 97.32960 364.17619 105.69280 99.50581 363.49561 105.69280 101.56514 364.63918 105.69280 102.48477 366.52159 105.69280 101.91148 368.78516 105.69280 100.12610 370.06257 105.69280 97.93670 369.86054 105.69280 96.41712 368.07521 105.69280 99.19180 366.84935 113.09463 99.19180 366.84935 105.69280 135.56293 363.50686 106.91730 134.17566 362.19817 106.91730 133.09750 360.63741 106.91730 134.06197 358.86828 106.91730 135.69375 357.37426 106.91730 137.52064 358.04483 106.91730 138.76675 359.42897 106.91730 138.75667 361.48615 106.91730 137.52094 362.74223 106.91730 136.19424 360.44797 117.25252 136.19424 360.44797 106.91730 221.19310 393.19277 194.69435 221.46732 395.20839 194.69435 220.68461 397.57196 194.69435 218.50808 398.41473 194.69435 216.58070 397.69278 194.69435 215.02387 395.81151 194.69435 215.41924 393.77047 194.69435 216.82546 391.87363 194.69435 219.16817 391.88413 194.69435 218.28089 394.99242 202.26057 218.28089 394.99242 194.69435 113.51103 305.07714 85.72392 111.26325 304.50096 85.72392 109.64821 302.07484 85.72392 110.15427 299.71760 85.72392 112.26170 297.64029 85.72392 114.88639 297.62495 85.72392 116.77725 299.36010 85.72392 117.23504 302.10839 85.72392 116.05673 304.11813 85.72392 113.53414 301.41549 95.79827 113.53414 301.41549 85.72392 244.82080 473.16984 181.31340 247.33247 473.08460 181.31340 248.59026 474.70092 181.31340 248.88600 477.15011 181.31340 247.76527 479.29459 181.31340 245.62517 479.62835 181.31340 243.35050 478.72759 181.31340 242.57950 476.65653 181.31340 242.82795 474.55006 181.31340 245.74436 476.35434 191.23130 245.74436 476.35434 181.31340 112.22651 466.13085 117.38260 109.48615 466.85247 117.38260 107.31855 465.96534 117.38260 106.10563 463.57841 117.38260 106.83220 461.10209 117.38260 108.68541 459.38304 117.38260 111.46640 459.64032 117.38260 113.10166 461.41366 117.38260 113.34624 464.15121 117.38260 109.85411 463.16252 129.36830 109.85411 463.16252 117.38260 29.89525 338.86340 100.07179 31.41812 338.24656 100.07179 32.72543 339.05286 100.07179 32.99949 340.59228 100.07179 32.51780 342.15263 100.07179 31.31219 342.72474 100.07179 29.63186 342.51202 100.07179 28.71360 341.50483 100.07179 28.76470 339.63530 100.07179 30.80411 340.62046 106.85751 30.80411 340.62046 100.07179 38.05134 260.98326 75.11259 39.89530 259.61105 75.11259 42.36569 259.32637 75.11259 43.95602 261.03582 75.11259 44.48799 263.33431 75.11259 43.33055 265.12306 75.11259 40.95263 266.13903 75.11259 38.79033 265.08586 75.11259 37.83293 263.26257 75.11259 41.16378 262.57910 86.99979 41.16378 262.57910 75.11259 203.93078 362.83722 153.86162 204.99928 361.19605 153.86162 207.04508 360.16817 153.86162 208.83881 360.96788 153.86162 209.89303 362.42464 153.86162 210.07522 364.69026 153.86162 208.23575 366.18510 153.86162 206.46699 366.28447 153.86162 204.60064 365.17619 153.86162 207.12961 363.23742 162.66382 207.12961 363.23742 153.86162 74.29655 309.47819 77.47991 74.20869 306.55860 77.47991 75.72354 304.40147 77.47991 78.47790 303.77970 77.47991 80.87299 305.12184 77.47991 82.24366 307.32355 77.47991 81.17448 310.30639 77.47991 79.09592 311.81419 77.47991 76.05959 311.24634 77.47991 78.02101 307.77056 89.11658 78.02101 307.77056 77.47991 17.22223 278.49036 79.28013 15.69944 281.31353 79.28013 12.83509 282.93179 79.28013 9.40106 282.37563 79.28013 7.62069 279.54545 79.28013 7.60346 276.16081 79.28013 10.15348 273.98648 79.28013 13.38926 273.19398 79.28013 15.97558 275.08036 79.28013 12.21694 278.13581 88.62521 12.21694 278.13581 79.28013 148.13704 349.79864 106.14772 146.37983 347.00618 106.14772 146.73705 344.23437 106.14772 148.64531 342.22703 106.14772 151.61032 341.95221 106.14772 154.26597 343.83712 106.14772 155.06999 346.44834 106.14772 153.47916 349.14896 106.14772 150.83215 350.50826 106.14772 150.61842 346.12473 117.75747 150.61842 346.12473 106.14772 231.04572 355.10739 164.50941 230.61051 354.43314 164.50941 231.06530 353.47776 164.50941 232.06436 352.81017 164.50941 233.36967 353.35091 164.50941 233.62887 354.05675 164.50941 233.55266 355.35496 164.50941 232.82347 356.15476 164.50941 231.49444 355.86396 164.50941 232.19190 354.46605 169.67587 232.19190 354.46605 164.50941 104.86433 263.79817 75.71621 104.40671 265.11202 75.71621 103.11586 265.80316 75.71621 101.73566 265.63710 75.71621 101.10333 264.40557 75.71621 100.85998 263.19073 75.71621 101.67245 262.09768 75.71621 103.28135 261.59512 75.71621 104.50516 262.32230 75.71621 102.90722 263.82213 82.18620 102.90722 263.82213 75.71621 235.12772 386.85964 198.43686 237.64931 386.56309 198.43686 240.40709 388.12629 198.43686 240.96993 390.92357 198.43686 239.91984 393.50355 198.43686 236.97313 394.85377 198.43686 234.20036 394.16260 198.43686 232.48919 391.76942 198.43686 233.06214 388.69388 198.43686 236.73134 390.53596 204.68967 236.73134 390.53596 198.43686 232.01796 335.94861 138.50001 230.14172 336.60494 138.50001 228.93571 336.07099 138.50001 227.88336 334.51367 138.50001 228.23222 332.73255 138.50001 229.64801 332.14475 138.50001 231.46172 331.87879 138.50001 232.67508 332.90366 138.50001 232.62573 334.66560 138.50001 230.41495 334.18147 143.32518 230.41495 334.18147 138.50001 118.14433 439.77563 118.24281 115.49420 438.42376 118.24281 114.17437 435.33663 118.24281 115.17113 432.12996 118.24281 117.86775 430.57346 118.24281 121.29214 430.93785 118.24281 123.29012 433.48846 118.24281 123.66859 436.82611 118.24281 121.39682 439.40665 118.24281 118.96998 435.17528 124.81707 118.96998 435.17528 118.24281 235.91212 294.17606 97.71022 237.16740 291.94022 97.71022 239.42312 291.36282 97.71022 241.68882 291.94412 97.71022 243.01807 294.22648 97.71022 242.40868 296.56081 97.71022 240.50238 298.23008 97.71022 238.40526 298.14561 97.71022 236.59157 296.75788 97.71022 239.42576 294.75520 106.01448 239.42576 294.75520 97.71022 92.73070 291.34836 82.23977 91.25306 292.22631 82.23977 89.95263 291.29716 82.23977 89.10150 290.16087 82.23977 89.41078 288.47175 82.23977 90.75700 287.60168 82.23977 92.03006 287.51193 82.23977 93.35608 288.53655 82.23977 93.53779 290.34482 82.23977 91.35108 289.68616 91.68332 91.35108 289.68616 82.23977 184.00147 354.97572 135.23124 186.23914 355.64934 135.23124 187.42694 358.13285 135.23124 186.77656 360.57113 135.23124 184.89581 361.91156 135.23124 182.46716 362.12217 135.23124 180.38669 360.44561 135.23124 180.31557 357.54471 135.23124 181.47895 355.38724 135.23124 183.78802 358.53203 143.97931 183.78802 358.53203 135.23124 251.67002 324.05409 134.70740 253.04118 326.30669 134.70740 252.17772 329.00638 134.70740 250.21737 330.86470 134.70740 247.12971 330.41504 134.70740 245.27096 328.82380 134.70740 245.08343 325.98673 134.70740 246.53211 323.68607 134.70740 249.47061 322.79224 134.70740 248.97359 326.86860 145.81141 248.97359 326.86860 134.70740 129.96461 304.96077 89.91949 130.38311 305.93212 89.91949 130.01437 307.05688 89.91949 129.47846 308.00082 89.91949 128.46245 307.97304 89.91949 127.52765 307.16073 89.91949 127.42324 306.29718 89.91949 127.89711 305.06541 89.91949 128.55930 304.89439 89.91949 128.79530 306.37046 95.63807 128.79530 306.37046 89.91949 252.44981 295.95508 101.70943 251.62566 299.31702 101.70943 249.01244 300.65890 101.70943 245.96704 300.24152 101.70943 243.58913 298.12448 101.70943 243.73740 295.04213 101.70943 245.45712 292.30736 101.70943 248.67435 291.86055 101.70943 251.57099 293.36227 101.70943 247.97866 296.32847 111.25142 247.97866 296.32847 101.70943 228.82664 430.17007 215.14284 230.19640 429.62727 215.14284 231.61982 430.05678 215.14284 232.62617 431.17713 215.14284 232.53884 432.86839 215.14284 231.73530 433.62243 215.14284 230.13801 433.97552 215.14284 228.71309 433.32689 215.14284 228.53380 431.84278 215.14284 230.53954 431.84124 223.99052 230.53954 431.84124 215.14284 150.12601 427.81018 141.65729 151.04138 428.31389 141.65729 151.02380 429.17755 141.65729 150.79807 430.00184 141.65729 149.99314 430.47157 141.65729 149.07598 430.14019 141.65729 148.48790 429.42571 141.65729 148.80454 428.57536 141.65729 149.05130 427.92071 141.65729 149.88389 429.13408 146.51328 149.88389 429.13408 141.65729 194.65702 362.64086 150.15773 197.65682 361.67165 150.15773 200.40402 362.92443 150.15773 202.19728 365.57225 150.15773 201.41772 368.69117 150.15773 199.18009 370.23305 150.15773 196.06931 370.43686 150.15773 193.68400 368.09281 150.15773 193.05603 365.33470 150.15773 197.60383 366.14520 161.96287 197.60383 366.14520 150.15773 117.52359 434.64283 122.79768 115.96793 435.80622 122.79768 114.42481 435.77521 122.79768 112.92978 434.56504 122.79768 112.85106 432.84580 122.79768 113.71140 431.43523 122.79768 115.16805 430.84123 122.79768 116.83265 431.68916 122.79768 117.59395 432.96961 122.79768 115.21742 433.41622 128.83398 115.21742 433.41622 122.79768 70.15898 261.88900 69.17978 71.51452 263.02725 69.17978 72.05595 264.28207 69.17978 71.57819 266.30815 69.17978 69.85612 266.70397 69.17978 67.96842 266.53522 69.17978 67.07600 264.76907 69.17978 67.12774 263.45585 69.17978 68.43849 261.81792 69.17978 69.61999 264.30523 76.97442 69.61999 264.30523 69.17978 219.27258 339.20101 144.86686 219.48091 341.01526 144.86686 218.46538 342.69729 144.86686 216.84222 343.14659 144.86686 215.06098 342.58337 144.86686 214.45585 340.92249 144.86686 214.79537 339.00441 144.86686 216.05684 338.28560 144.86686 217.68617 337.99673 144.86686 216.81301 340.55921 154.18634 216.81301 340.55921 144.86686 125.41481 434.27129 124.64300 127.64839 432.49661 124.64300 130.59241 432.03508 124.64300 132.93011 433.77213 124.64300 133.19130 436.47350 124.64300 132.23916 439.23104 124.64300 129.32887 440.17580 124.64300 126.73136 439.31134 124.64300 125.04339 437.17758 124.64300 129.24838 436.11040 135.36176 129.24838 436.11040 124.64300 69.45379 283.85605 73.73788 67.71155 283.42986 73.73788 67.03635 281.81042 73.73788 67.41777 280.60744 73.73788 68.75139 279.63220 73.73788 70.48760 279.46034 73.73788 71.38564 280.90119 73.73788 71.81638 282.23953 73.73788 70.68674 283.63676 73.73788 69.48097 281.74222 79.37848 69.48097 281.74222 73.73788 241.54817 415.84773 214.60041 243.01543 416.99677 214.60041 243.80593 418.86486 214.60041 243.00479 420.91025 214.60041 241.45750 421.73944 214.60041 239.14121 421.59062 214.60041 237.90457 419.79002 214.60041 238.23075 417.93580 214.60041 239.56334 416.29287 214.60041 240.87597 418.95196 222.34217 240.87597 418.95196 214.60041 236.29172 276.49301 88.23278 235.08759 276.68430 88.23278 233.75912 275.99753 88.23278 233.48710 274.50178 88.23278 234.04278 273.13094 88.23278 235.20304 272.64701 88.23278 236.49750 272.97825 88.23278 237.69166 273.93266 88.23278 237.27466 275.54507 88.23278 235.60485 274.67103 93.52421 235.60485 274.67103 88.23278 96.13365 247.15202 72.84228 97.98325 248.72441 72.84228 98.63557 251.79980 72.84228 96.91968 254.22252 72.84228 94.24794 255.04799 72.84228 91.78333 254.01854 72.84228 90.30875 251.37054 72.84228 91.07844 248.53094 72.84228 93.27678 247.08782 72.84228 94.48597 250.80203 82.11185 94.48597 250.80203 72.84228 97.56822 405.53506 114.87390 97.06700 408.20635 114.87390 94.54496 409.62889 114.87390 91.87355 409.06222 114.87390 90.14472 407.20570 114.87390 90.26960 404.42021 114.87390 91.66435 402.44887 114.87390 94.58758 402.12753 114.87390 96.92742 403.01715 114.87390 93.86942 405.72135 125.75057 93.86942 405.72135 114.87390 122.73239 296.99616 88.74158 122.86945 297.92280 88.74158 122.22237 298.65808 88.74158 120.97727 298.92244 88.74158 120.00645 298.41759 88.74158 119.52426 297.68287 88.74158 120.09549 296.46540 88.74158 120.86011 296.13830 88.74158 121.73585 296.27233 88.74158 121.18428 297.50967 96.85735 121.18428 297.50967 88.74158 234.10891 278.86613 88.69323 236.14682 279.51232 88.69323 236.89856 281.02311 88.69323 236.79766 283.13612 88.69323 235.47095 284.34190 88.69323 233.19001 284.69128 88.69323 231.77578 283.49432 88.69323 231.53470 281.26898 88.69323 232.47024 279.64276 88.69323 234.19821 281.76315 93.58483 234.19821 281.76315 88.69323 199.62580 397.15835 180.69584 199.78113 395.33720 180.69584 200.94007 394.48858 180.69584 202.28581 394.00704 180.69584 203.75639 395.19071 180.69584 204.11917 396.57716 180.69584 203.54160 397.67665 180.69584 202.35228 398.59386 180.69584 200.92866 398.34289 180.69584 201.98885 396.32466 187.11634 201.98885 396.32466 180.69584 82.06078 269.08059 73.19457 82.52433 270.29162 73.19457 81.72994 271.64463 73.19457 80.52760 272.04763 73.19457 79.13794 271.51992 73.19457 78.44933 270.50658 73.19457 78.58249 269.25180 73.19457 79.45116 268.30227 73.19457 80.95046 267.92584 73.19457 80.37379 270.05439 82.92122 80.37379 270.05439 73.19457 139.29635 357.69842 109.34270 138.23986 358.78216 109.34270 136.56480 359.38420 109.34270 135.06652 358.61459 109.34270 134.27127 356.88516 109.34270 134.88546 355.21538 109.34270 136.17795 354.47775 109.34270 137.66946 354.73504 109.34270 138.81723 355.66279 109.34270 136.72052 356.85161 118.24193 136.72052 356.85161 109.34270 68.30584 358.20561 104.54158 67.12546 359.34634 104.54158 65.74494 359.28002 104.54158 64.74935 358.59981 104.54158 64.51060 357.35175 104.54158 65.10172 355.89247 104.54158 66.47038 355.50832 104.54158 67.64440 355.85225 104.54158 68.21329 356.73013 104.54158 66.43696 357.38227 110.17126 66.43696 357.38227 104.54158 11.38920 433.87886 170.36801 11.98081 431.03986 170.36801 14.31129 429.07420 170.36801 17.52135 429.11408 170.36801 19.54900 431.21238 170.36801 19.98762 433.99792 170.36801 18.15003 436.67963 170.36801 15.62099 437.83899 170.36801 12.87447 436.63501 170.36801 15.66068 433.25938 179.88822 15.66068 433.25938 170.36801 134.31690 440.59551 133.38215 134.58013 439.28673 133.38215 135.61935 437.86925 133.38215 137.50608 438.09972 133.38215 138.64891 439.02514 133.38215 139.13573 440.47752 133.38215 138.33495 442.06808 133.38215 136.66328 442.42434 133.38215 135.03951 442.07430 133.38215 136.69421 440.17157 142.50454 136.69421 440.17157 133.38215 131.30557 280.12571 80.70574 133.00618 280.37214 80.70574 133.84188 281.26957 80.70574 134.44371 283.21775 80.70574 133.57990 284.54288 80.70574 131.75653 284.88908 80.70574 130.48172 284.28726 80.70574 129.77370 282.80733 80.70574 130.01185 281.18859 80.70574 131.94704 282.53748 87.48940 131.94704 282.53748 80.70574 109.58635 316.11261 85.68326 110.11265 317.81222 85.68326 109.24681 319.39920 85.68326 107.63035 319.92638 85.68326 105.87580 319.39362 85.68326 104.84855 317.80482 85.68326 104.79519 316.30759 85.68326 106.34574 314.87083 85.68326 108.21921 314.92565 85.68326 107.36275 317.38981 96.37735 107.36275 317.38981 85.68326 181.01061 260.95655 84.78226 179.64279 262.05376 84.78226 177.94976 262.15282 84.78226 176.53699 261.07199 84.78226 176.18026 259.14939 84.78226 177.07423 257.45108 84.78226 178.85023 256.77318 84.78226 180.32003 257.47011 84.78226 181.31163 258.92432 84.78226 178.74285 259.59131 94.82346 178.74285 259.59131 84.78226 137.48402 470.81590 132.80265 139.55679 469.32125 132.80265 141.64426 469.93098 132.80265 143.48829 471.54183 132.80265 143.25490 474.36080 132.80265 141.73660 475.95507 132.80265 139.28877 476.25691 132.80265 137.58647 475.32653 132.80265 136.50362 473.03908 132.80265 140.06267 472.98241 140.80837 140.06267 472.98241 132.80265 215.14673 368.13181 167.51193 216.51951 369.83258 167.51193 216.63339 371.99121 167.51193 214.97881 374.09165 167.51193 212.80441 374.46168 167.51193 210.62488 373.19943 167.51193 209.93584 370.60286 167.51193 210.66973 368.69353 167.51193 212.70672 367.39631 167.51193 213.41010 370.85858 178.24473 213.41010 370.85858 167.51193 194.60147 370.55196 147.85042 192.97836 371.51930 147.85042 191.00921 371.04591 147.85042 190.06549 369.78843 147.85042 190.00448 367.97401 147.85042 191.07094 366.67947 147.85042 192.89270 366.03741 147.85042 194.14175 367.21728 147.85042 195.20526 368.81281 147.85042 192.38401 368.87862 158.40925 192.38401 368.87862 147.85042 38.44007 277.33800 71.65227 38.08162 273.80251 71.65227 39.97126 271.22603 71.65227 43.28660 270.23858 71.65227 46.02608 271.60179 71.65227 47.58842 274.67818 71.65227 47.00982 277.99790 71.65227 44.00658 279.93380 71.65227 40.84403 279.69647 71.65227 42.86797 275.18057 79.41713 42.86797 275.18057 71.65227 46.36781 372.40816 124.24489 47.40310 372.81749 124.24489 47.49882 373.70752 124.24489 47.33418 374.47548 124.24489 46.79980 375.07971 124.24489 45.76955 375.15399 124.24489 44.69211 374.65458 124.24489 44.89991 373.56085 124.24489 45.29159 372.50209 124.24489 46.19863 373.84491 133.11072 46.19863 373.84491 124.24489 127.06427 401.73677 116.88234 128.00718 403.41559 116.88234 127.80881 405.06597 116.88234 126.18199 406.00372 116.88234 124.55247 405.98917 116.88234 123.47873 404.65744 116.88234 123.02519 402.99858 116.88234 124.11052 401.46672 116.88234 125.60254 401.03872 116.88234 125.59970 403.56556 126.39680 125.59970 403.56556 116.88234 38.99173 326.65563 91.78466 38.28944 327.51759 91.78466 37.71579 327.75007 91.78466 36.76808 327.27429 91.78466 36.14903 326.55637 91.78466 36.51513 325.81677 91.78466 36.92619 325.03740 91.78466 37.83836 324.95877 91.78466 38.88973 325.67488 91.78466 37.56890 326.32520 99.40485 37.56890 326.32520 91.78466 88.92569 262.56329 68.53615 88.34500 264.58198 68.53615 86.81658 265.80431 68.53615 84.28055 265.84423 68.53615 82.80723 264.04163 68.53615 82.85697 262.04660 68.53615 84.01986 260.03371 68.53615 86.37743 259.52998 68.53615 88.45474 260.86711 68.53615 85.94596 262.81567 75.42333 85.94596 262.81567 68.53615 90.77180 383.28518 113.02202 90.79412 381.47969 113.02202 92.32631 380.25885 113.02202 93.73762 380.40830 113.02202 95.26489 381.65319 113.02202 95.49609 383.28860 113.02202 94.62430 384.63473 113.02202 93.22070 385.16465 113.02202 91.45435 384.79437 113.02202 92.99628 382.74823 122.34966 92.99628 382.74823 113.02202 62.20710 477.36576 121.30062 63.84751 479.18326 121.30062 63.61618 481.90273 121.30062 62.02039 483.66648 121.30062 59.45914 483.78211 121.30062 57.62018 482.55159 121.30062 56.61804 480.01497 121.30062 57.45683 477.95373 121.30062 59.80652 476.85072 121.30062 60.41077 480.32424 133.00208 60.41077 480.32424 121.30062 18.47901 481.18624 155.70464 16.93169 481.85152 155.70464 15.58069 481.46255 155.70464 14.51867 479.95737 155.70464 14.64983 478.66787 155.70464 15.57340 477.47315 155.70464 17.07394 477.03632 155.70464 18.48998 477.87122 155.70464 18.76705 479.54703 155.70464 16.62900 479.42099 164.33215 16.62900 479.42099 155.70464 189.05497 372.44691 143.10647 188.04350 374.44727 143.10647 185.48006 375.94693 143.10647 183.33265 375.09915 143.10647 181.63753 373.10529 143.10647 181.92851 370.39871 143.10647 183.83237 368.85396 143.10647 186.08181 368.43673 143.10647 188.24022 370.02737 143.10647 185.26281 372.04731 150.02224 185.26281 372.04731 143.10647 89.64794 416.14937 124.80540 89.54729 414.49407 124.80540 90.35289 413.30573 124.80540 92.17132 412.96302 124.80540 93.84030 413.89013 124.80540 94.16187 415.58370 124.80540 93.56242 417.18478 124.80540 92.17328 417.78625 124.80540 90.37847 417.39846 124.80540 91.78213 415.43509 133.54151 91.78213 415.43509 124.80540 226.21893 445.03865 201.23543 223.39727 444.89431 201.23543 221.42651 442.83408 201.23543 220.92696 439.68271 201.23543 222.52002 437.21358 201.23543 225.49384 436.68745 201.23543 228.02995 437.86078 201.23543 229.44823 440.35871 201.23543 228.54228 443.06132 201.23543 225.04572 440.76287 211.75132 225.04572 440.76287 201.23543 9.29298 355.24772 112.01523 6.85050 355.78507 112.01523 4.71674 354.46684 112.01523 3.89743 352.32903 112.01523 4.69668 349.86320 112.01523 7.01013 348.48930 112.01523 9.26902 348.87921 112.01523 10.91437 350.79507 112.01523 11.17224 353.32484 112.01523 7.57320 352.19256 118.37082 7.57320 352.19256 112.01523 164.72979 338.20513 106.68023 166.39350 336.50529 106.68023 168.11247 336.45322 106.68023 170.02594 337.42034 106.68023 170.39688 339.23766 106.68023 169.94457 341.25147 106.68023 167.75413 342.23600 106.68023 165.95154 341.86301 106.68023 164.96254 339.95066 106.68023 167.61880 339.17027 112.18253 167.61880 339.17027 106.68023 159.39523 310.80587 94.53134 158.44855 309.45961 94.53134 158.79734 307.36679 94.53134 160.04661 305.77380 94.53134 161.70266 306.03222 94.53134 163.63145 306.72893 94.53134 164.04647 308.67603 94.53134 163.09335 310.65124 94.53134 161.47278 311.24952 94.53134 161.18381 308.51840 102.17500 161.18381 308.51840 94.53134 206.74537 391.31178 179.94403 204.27648 390.16690 179.94403 202.94388 387.77724 179.94403 203.55718 385.20028 179.94403 205.72157 383.64540 179.94403 208.32129 383.96778 179.94403 210.18355 385.73322 179.94403 210.32492 388.08998 179.94403 208.98553 390.21532 179.94403 206.78017 387.41106 187.87888 206.78017 387.41106 179.94403 193.80941 402.18935 176.16000 192.30702 401.99985 176.16000 191.51532 401.23190 176.16000 191.10092 399.98880 176.16000 191.56747 398.82509 176.16000 192.68684 398.09563 176.16000 194.10206 398.83818 176.16000 195.06139 399.82744 176.16000 194.57237 401.30946 176.16000 192.96979 400.23883 184.96067 192.96979 400.23883 176.16000 206.56599 447.83015 194.38161 206.06944 445.43072 194.38161 207.02419 443.54484 194.38161 208.93121 442.35403 194.38161 211.20849 443.21171 194.38161 212.33241 444.93990 194.38161 212.20100 447.14220 194.38161 210.55170 448.53572 194.38161 208.25314 448.85812 194.38161 209.21622 445.71804 204.06694 209.21622 445.71804 194.38161 147.51926 271.69281 79.31248 148.43778 269.97778 79.31248 150.66472 269.19480 79.31248 152.88868 270.02082 79.31248 153.87189 272.11327 79.31248 153.07611 274.27601 79.31248 151.40655 275.55178 79.31248 149.51058 275.46275 79.31248 147.52486 274.01351 79.31248 150.56370 272.44260 89.44839 150.56370 272.44260 79.31248 55.45705 483.49775 120.51227 57.70076 486.25938 120.51227 57.38933 489.40957 120.51227 55.01106 492.11531 120.51227 51.94291 492.47438 120.51227 49.03984 490.61622 120.51227 47.96322 487.44091 120.51227 49.18056 484.27833 120.51227 52.38149 483.04710 120.51227 52.87192 487.62907 128.34244 52.87192 487.62907 120.51227 24.28407 397.15158 148.93357 24.02393 398.48060 148.93357 23.31232 399.17297 148.93357 21.92615 399.20768 148.93357 20.80102 398.43661 148.93357 20.47562 397.46547 148.93357 21.23123 396.05830 148.93357 22.50148 395.80270 148.93357 23.56332 396.17977 148.93357 22.46763 397.52815 153.51878 22.46763 397.52815 148.93357 210.58078 426.98271 199.03608 212.45188 425.16856 199.03608 214.70058 424.70874 199.03608 216.95833 425.89005 199.03608 217.32617 428.27922 199.03608 216.57178 430.56921 199.03608 214.26693 431.79995 199.03608 211.98137 430.97249 199.03608 210.33433 429.08427 199.03608 213.90217 428.18382 204.44842 213.90217 428.18382 199.03608 61.84825 481.22313 128.69362 61.71481 482.25135 128.69362 60.93965 483.02286 128.69362 59.86535 483.38926 128.69362 58.87665 482.65139 128.69362 58.20899 481.20772 128.69362 58.80533 480.33677 128.69362 59.82231 479.61614 128.69362 61.22271 479.80094 128.69362 60.20063 481.52521 137.46514 60.20063 481.52521 128.69362 30.80828 257.61549 78.46342 28.92136 256.87447 78.46342 27.88392 255.00385 78.46342 28.51152 252.91438 78.46342 29.97174 251.42424 78.46342 32.05854 251.56407 78.46342 33.96784 253.20364 78.46342 33.87828 255.32459 78.46342 32.87340 257.06966 78.46342 30.97190 254.48472 83.72920 30.97190 254.48472 78.46342 18.23841 383.50878 139.53891 16.40383 384.41154 139.53891 14.28998 383.96010 139.53891 12.93833 382.45091 139.53891 13.08535 380.33687 139.53891 14.66360 378.67539 139.53891 16.91320 378.39123 139.53891 18.54341 379.51592 139.53891 19.09761 381.46812 139.53891 16.03240 381.43097 149.63360 16.03240 381.43097 139.53891 125.35774 301.16171 82.33439 126.49512 303.09238 82.33439 126.16618 305.66735 82.33439 124.52281 306.99132 82.33439 121.75758 306.92077 82.33439 120.14030 305.28854 82.33439 119.82362 303.11545 82.33439 120.71280 301.05372 82.33439 123.13363 300.17353 82.33439 123.12600 303.72829 88.52346 123.12600 303.72829 82.33439 28.58833 359.65647 113.00697 29.94296 359.36428 113.00697 31.24226 360.36121 113.00697 31.63991 361.31803 113.00697 31.00934 363.03939 113.00697 29.78292 363.56611 113.00697 28.43913 363.06449 113.00697 27.79928 362.15713 113.00697 27.55033 360.72226 113.00697 29.64774 361.46406 117.37516 29.64774 361.46406 113.00697 109.81707 278.94201 75.16633 110.76622 280.61322 75.16633 110.47638 282.75458 75.16633 108.73211 284.04340 75.16633 106.76438 284.05859 75.16633 104.93697 282.64099 75.16633 104.98272 280.40000 75.16633 105.90058 279.03258 75.16633 107.92070 278.36379 75.16633 107.78312 281.15862 81.74160 107.78312 281.15862 75.16633 28.37626 347.02190 102.15712 27.94373 347.77599 102.15712 26.84162 348.07166 102.15712 26.04590 347.75057 102.15712 25.33733 346.73688 102.15712 25.41820 345.64650 102.15712 26.51986 345.31611 102.15712 27.41769 344.97487 102.15712 28.18396 346.07345 102.15712 26.94737 346.66640 106.70848 26.94737 346.66640 102.15712 91.14409 304.00379 79.25953 93.36686 305.32332 79.25953 94.54457 307.60675 79.25953 93.70950 310.06259 79.25953 91.49735 311.25600 79.25953 89.23303 310.62262 79.25953 87.55327 308.70990 79.25953 87.29016 306.65096 79.25953 88.96069 304.66880 79.25953 90.79267 307.64305 90.79540 90.79267 307.64305 79.25953 81.51528 451.92271 120.54078 79.52066 454.84558 120.54078 76.29150 455.25775 120.54078 73.45010 454.24840 120.54078 71.92721 451.10493 120.54078 72.61024 447.87931 120.54078 75.34402 445.99401 120.54078 78.93518 446.42223 120.54078 81.04210 448.79980 120.54078 76.70313 450.64182 128.55649 76.70313 450.64182 120.54078 127.35544 412.81391 119.17468 127.69334 415.07173 119.17468 126.96467 417.20753 119.17468 124.46086 418.22429 119.17468 122.14834 417.63437 119.17468 120.67875 415.49832 119.17468 120.91837 413.04923 119.17468 122.83776 411.32117 119.17468 125.36520 411.40584 119.17468 124.30833 414.72753 129.82230 124.30833 414.72753 119.17468 26.08970 293.00311 78.26128 24.36259 293.54884 78.26128 22.34170 292.88417 78.26128 21.38635 291.11563 78.26128 21.79789 289.01704 78.26128 23.74350 287.73732 78.26128 25.60215 287.84472 78.26128 26.84329 289.45132 78.26128 27.21199 291.18375 78.26128 24.41256 290.73465 89.94568 24.41256 290.73465 78.26128 -1.60330 429.89586 178.23451 -0.15400 427.41838 178.23451 2.41207 426.35822 178.23451 5.35872 427.23466 178.23451 6.68000 429.84823 178.23451 6.05424 432.65705 178.23451 4.20406 434.84456 178.23451 1.17766 434.79739 178.23451 -1.06268 433.04109 178.23451 2.55156 430.72691 183.74055 2.55156 430.72691 178.23451 132.50912 289.64098 83.21703 131.37187 291.24953 83.21703 129.75662 292.08283 83.21703 127.67870 291.41111 83.21703 126.50800 289.81669 83.21703 127.13168 287.46610 83.21703 128.67963 286.27114 83.21703 130.27192 286.43790 83.21703 132.17000 287.46358 83.21703 129.50576 289.08180 91.17974 129.50576 289.08180 83.21703 50.93250 488.43947 124.46500 48.69464 488.44802 124.46500 47.42158 487.17110 124.46500 46.78698 485.13100 124.46500 48.08959 483.24881 124.46500 49.81593 482.62967 124.46500 51.72813 483.43047 124.46500 52.86949 485.29356 124.46500 52.44650 487.39360 124.46500 49.91554 485.76592 136.08671 49.91554 485.76592 124.46500 3.00769 422.08643 173.11788 3.09381 420.16688 173.11788 4.53861 419.11617 173.11788 6.25467 418.82611 173.11788 7.70219 419.66385 173.11788 8.13799 421.25828 173.11788 7.36988 423.03568 173.11788 5.95011 423.73323 173.11788 4.41095 423.38226 173.11788 5.57393 421.28870 180.47430 5.57393 421.28870 173.11788 232.26897 259.98488 79.18593 232.11026 257.41693 79.18593 233.28642 255.25079 79.18593 235.36089 254.56555 79.18593 237.57603 255.51507 79.18593 238.84343 257.57259 79.18593 238.50359 259.97505 79.18593 236.32645 261.49201 79.18593 234.08910 261.53238 79.18593 235.32304 258.12818 88.08695 235.32304 258.12818 79.18593 155.18336 253.61158 80.37330 154.38757 254.31401 80.37330 153.01959 254.31097 80.37330 152.04831 253.93321 80.37330 151.76723 252.57256 80.37330 152.53706 251.37671 80.37330 153.40853 250.80031 80.37330 154.59834 251.42452 80.37330 155.28851 252.37070 80.37330 153.66911 252.71303 84.82781 153.66911 252.71303 80.37330 50.78970 369.61812 113.77650 49.96614 371.02562 113.77650 48.90209 371.46988 113.77650 47.23693 371.04109 113.77650 46.73416 369.59064 113.77650 46.80534 368.12456 113.77650 48.14839 367.38060 113.77650 49.58308 367.57815 113.77650 50.42369 368.44825 113.77650 48.74634 369.34187 120.78040 48.74634 369.34187 113.77650 129.50272 444.76293 129.47866 129.08577 442.63572 129.47866 129.88288 440.33100 129.47866 131.97000 438.97538 129.47866 134.65631 439.82646 129.47866 135.85382 441.47041 129.47866 135.63163 444.02296 129.47866 134.05543 445.63041 129.47866 131.53534 446.22060 129.47866 132.54255 442.65935 137.04034 132.54255 442.65935 129.47866 193.90952 420.65857 189.60354 193.16673 420.70710 189.60354 192.29669 420.36465 189.60354 192.05707 419.35504 189.60354 192.15116 418.36824 189.60354 193.39608 418.12092 189.60354 193.99667 418.25573 189.60354 194.66554 419.11181 189.60354 194.72991 420.06267 189.60354 193.36275 419.52472 199.02876 193.36275 419.52472 189.60354 65.61904 271.81485 76.37172 64.16827 270.86232 76.37172 63.27961 269.47719 76.37172 64.10237 267.78173 76.37172 65.38753 266.99526 76.37172 67.25636 266.97691 76.37172 67.98010 268.53377 76.37172 68.34138 270.23355 76.37172 67.23075 271.34579 76.37172 65.86020 269.27707 84.05721 65.86020 269.27707 76.37172 128.46011 465.98247 129.59764 130.06442 465.22406 129.59764 132.18483 465.82616 129.59764 133.28757 467.56212 129.59764 133.02370 469.39217 129.59764 131.47185 471.05680 129.59764 129.51192 471.19040 129.59764 127.98819 469.94835 129.59764 127.31782 468.02766 129.59764 130.44700 468.21606 139.64642 130.44700 468.21606 129.59764 139.87522 473.13934 129.34910 136.92458 472.37288 129.34910 135.33102 470.32281 129.34910 135.67855 467.58355 129.34910 137.24929 465.60202 129.34910 140.45314 465.21540 129.34910 142.62484 466.85697 129.34910 143.59750 469.32657 129.34910 142.37721 472.21841 129.34910 139.29451 469.14923 137.75028 139.29451 469.14923 129.34910 62.51779 272.08219 75.24191 63.73830 272.61954 75.24191 64.79209 273.21466 75.24191 64.75536 274.80253 75.24191 63.97761 275.72745 75.24191 62.53012 276.00145 75.24191 61.24132 275.65943 75.24191 60.88158 274.05810 75.24191 61.52137 273.04436 75.24191 62.85256 274.14144 82.14613 62.85256 274.14144 75.24191 81.46345 487.99578 119.12009 80.03855 487.32325 119.12009 79.60829 485.82204 119.12009 80.13824 484.68364 119.12009 81.03316 483.60151 119.12009 82.74035 484.09965 119.12009 83.52714 485.14021 119.12009 83.71867 486.50894 119.12009 82.74663 487.36695 119.12009 81.63002 485.80683 126.72937 81.63002 485.80683 119.12009 5.63298 266.48304 78.38582 3.98105 265.40913 78.38582 3.60140 263.39076 78.38582 4.08985 261.97605 78.38582 6.03370 260.97680 78.38582 7.95792 261.29280 78.38582 9.15497 262.64247 78.38582 8.91492 264.51792 78.38582 7.50358 266.30085 78.38582 6.37231 263.64840 84.05022 6.37231 263.64840 78.38582 97.41364 289.71566 80.01171 99.38866 290.25016 80.01171 100.70452 292.51058 80.01171 100.49993 295.02907 80.01171 98.76699 296.42659 80.01171 96.03768 296.79951 80.01171 94.14469 295.11428 80.01171 93.88119 292.64093 80.01171 94.98011 290.41238 80.01171 97.30005 293.22795 90.42663 97.30005 293.22795 80.01171 7.89141 258.54576 84.87510 10.18794 259.61583 84.87510 11.87922 261.88719 84.87510 11.35376 264.51819 84.87510 9.51544 266.34209 84.87510 6.91701 266.41463 84.87510 4.61696 264.76916 84.87510 4.22589 262.05094 84.87510 5.05655 259.62800 84.87510 7.92011 262.58679 95.35262 7.92011 262.58679 84.87510 122.85861 417.87433 125.18935 121.65550 416.88289 125.18935 121.26515 415.61753 125.18935 122.03059 414.20494 125.18935 123.55408 413.33026 125.18935 124.92410 413.86583 125.18935 125.66881 415.20824 125.18935 125.51287 416.59658 125.18935 124.49316 417.89258 125.18935 123.65159 415.74540 132.45170 123.65159 415.74540 125.18935 168.47304 350.76486 119.59836 169.04042 349.58836 119.59836 170.39412 349.22912 119.59836 171.78450 349.33692 119.59836 172.33287 350.52103 119.59836 172.39865 352.15137 119.59836 171.14518 352.79584 119.59836 170.08032 352.79630 119.59836 168.93157 352.08839 119.59836 170.49847 351.05063 123.94371 170.49847 351.05063 119.59836 235.88361 407.25604 211.40921 238.03303 408.37063 211.40921 238.76615 410.80391 211.40921 238.09754 413.27515 211.40921 235.58783 414.47572 211.40921 233.35324 413.82134 211.40921 231.69634 411.87970 211.40921 231.86478 409.56911 211.40921 233.39064 407.68376 211.40921 235.22502 410.83504 218.74967 235.22502 410.83504 211.40921 123.31253 386.30991 116.56796 124.09799 387.96669 116.56796 123.72651 389.88030 116.56796 121.87021 391.27168 116.56796 120.02249 390.80867 116.56796 118.51805 389.73414 116.56796 118.47366 387.52462 116.56796 119.46710 385.92541 116.56796 121.61221 385.28550 116.56796 121.26856 388.30520 126.73494 121.26856 388.30520 116.56796 25.01277 290.08423 77.94087 24.87323 291.99723 77.94087 23.42308 292.90227 77.94087 21.74140 292.84186 77.94087 20.23818 292.02593 77.94087 20.02226 289.93753 77.94087 20.76593 288.59124 77.94087 22.79705 287.83851 77.94087 24.32460 288.47799 77.94087 22.57724 290.52900 87.51013 22.57724 290.52900 77.94087 181.86524 310.91333 99.05447 183.18824 312.10889 99.05447 183.63695 313.75201 99.05447 182.89808 315.44709 99.05447 181.14930 316.26458 99.05447 179.56292 315.97542 99.05447 178.35706 314.30507 99.05447 178.52236 312.52923 99.05447 179.96881 311.00107 99.05447 181.03817 313.65811 104.99845 181.03817 313.65811 99.05447 154.24105 271.07784 83.95421 153.20959 270.14299 83.95421 153.14583 268.64699 83.95421 154.09612 267.23287 83.95421 155.55242 266.76044 83.95421 157.10129 267.60671 83.95421 157.66046 268.82886 83.95421 157.47566 270.39199 83.95421 156.19652 271.55198 83.95421 155.29507 269.11034 93.96032 155.29507 269.11034 83.95421 65.92870 446.92388 131.79912 66.20844 448.04129 131.79912 65.25629 449.42490 131.79912 63.87492 449.89314 131.79912 62.51247 449.11736 131.79912 61.93117 447.75642 131.79912 62.20974 446.28107 131.79912 63.71361 445.44238 131.79912 65.00095 445.74531 131.79912 64.14380 447.64051 136.50583 64.14380 447.64051 131.79912 117.89035 303.20555 85.34482 115.92822 302.27997 85.34482 115.12828 300.46768 85.34482 115.59784 298.54445 85.34482 117.46715 297.58028 85.34482 119.21612 297.91250 85.34482 120.50876 299.18585 85.34482 120.69232 301.15210 85.34482 119.78208 302.91488 85.34482 118.05817 300.34992 94.26771 118.05817 300.34992 85.34482 27.02588 415.67119 159.20357 27.80621 418.58565 159.20357 26.10149 421.47096 159.20357 22.75918 422.35248 159.20357 19.77792 421.10366 159.20357 18.38548 418.19087 159.20357 19.37031 414.94384 159.20357 21.49788 413.25892 159.20357 24.90644 413.22349 159.20357 23.09224 417.66954 168.33765 23.09224 417.66954 159.20357 233.04256 413.40221 209.41688 232.22845 411.85923 209.41688 232.52372 410.32002 209.41688 233.92548 409.00967 209.41688 235.64704 409.10186 209.41688 236.91924 410.10122 209.41688 237.13389 412.03748 209.41688 236.43452 413.47721 209.41688 234.57848 414.21589 209.41688 234.73681 411.53120 214.40744 234.73681 411.53120 209.41688 113.49167 458.65030 116.88470 112.29895 457.13302 116.88470 112.57792 455.08155 116.88470 113.92281 453.98726 116.88470 115.91453 453.80532 116.88470 117.47049 454.97223 116.88470 117.91370 456.83820 116.88470 116.94820 458.62955 116.88470 115.10572 459.39271 116.88470 115.06779 456.57333 122.45995 115.06779 456.57333 116.88470 27.87107 295.15120 76.22966 28.42471 292.13960 76.22966 30.93536 290.17277 76.22966 33.95095 290.37923 76.22966 36.43526 292.07033 76.22966 36.83560 295.57864 76.22966 35.18327 297.99637 76.22966 32.32373 299.24463 76.22966 29.08072 297.82688 76.22966 32.36028 294.43578 86.32210 32.36028 294.43578 76.22966 192.37888 460.97332 175.65883 190.32042 459.61104 175.65883 189.44560 457.13233 175.65883 190.69631 455.24823 175.65883 192.82312 454.08970 175.65883 195.20808 454.70424 175.65883 196.40035 456.58850 175.65883 196.26276 459.20800 175.65883 194.60370 460.87691 175.65883 193.13078 457.63522 183.24181 193.13078 457.63522 175.65883 80.17804 274.96849 69.66744 83.32204 275.44809 69.66744 85.31388 277.83271 69.66744 85.40988 281.03878 69.66744 83.00847 283.82080 69.66744 79.82949 284.30908 69.66744 77.02256 282.43426 69.66744 75.85866 279.33442 69.66744 77.35313 276.52278 69.66744 80.82301 279.46003 80.40577 80.82301 279.46003 69.66744 66.06550 298.58424 77.36050 67.13000 299.67725 77.36050 67.19117 301.12173 77.36050 66.14412 302.01341 77.36050 65.02640 302.06922 77.36050 64.12452 301.79613 77.36050 63.47956 300.33571 77.36050 63.94386 299.24945 77.36050 65.04874 298.50351 77.36050 65.34299 300.41957 82.71010 65.34299 300.41957 77.36050 114.51137 449.45464 120.22428 115.42980 448.26448 120.22428 117.34626 447.79375 120.22428 118.84250 448.18040 120.22428 119.71854 449.80236 120.22428 119.23233 451.50202 120.22428 117.81530 452.53954 120.22428 116.15030 452.64585 120.22428 114.97679 451.33135 120.22428 117.06470 450.14700 125.70357 117.06470 450.14700 120.22428 132.16553 356.02901 107.17351 132.29629 353.54614 107.17351 134.22341 352.23492 107.17351 136.50712 352.21263 107.17351 138.21174 353.55024 107.17351 138.66800 355.84195 107.17351 137.46121 357.72881 107.17351 135.57573 358.59716 107.17351 133.37640 357.96134 107.17351 135.43450 355.22077 114.67802 135.43450 355.22077 107.17351 18.41631 422.29365 171.33418 20.16107 423.58849 171.33418 20.88944 425.36112 171.33418 20.47471 427.21963 171.33418 18.81945 428.40124 171.33418 16.76687 428.02024 171.33418 15.14493 426.65405 171.33418 15.29379 424.50650 171.33418 16.51736 422.79026 171.33418 18.02399 425.46332 181.26631 18.02399 425.46332 171.33418 67.98084 310.89056 76.45716 68.66042 313.42582 76.45716 67.40971 315.91477 76.45716 65.01306 316.73097 76.45716 62.25178 316.22087 76.45716 60.73184 314.05695 76.45716 61.22217 311.01196 76.45716 63.30551 309.28589 76.45716 66.08569 309.20593 76.45716 64.78957 312.91459 82.95627 64.78957 312.91459 76.45716 113.19525 304.59755 87.69756 114.16294 305.81329 87.69756 114.07542 307.01145 87.69756 112.91500 308.14994 87.69756 111.37699 308.45592 87.69756 110.08202 307.58006 87.69756 109.72933 306.50385 87.69756 110.47534 304.82253 87.69756 111.62229 304.02767 87.69756 112.01939 306.37979 94.22687 112.01939 306.37979 87.69756 151.49981 367.57467 119.76211 151.09485 369.55020 119.76211 149.83520 370.33526 119.76211 147.71412 370.10133 119.76211 146.73763 369.07743 119.76211 146.41779 367.28414 119.76211 147.58133 365.70150 119.76211 149.24631 365.35641 119.76211 150.56801 366.27141 119.76211 148.96906 367.92885 125.67422 148.96906 367.92885 119.76211 232.20618 383.57659 193.34032 230.83929 384.27383 193.34032 229.25645 383.64512 193.34032 228.11723 382.42815 193.34032 228.42725 380.87698 193.34032 229.60970 379.52258 193.34032 231.22536 379.30847 193.34032 232.31257 380.40134 193.34032 233.20608 381.76328 193.34032 230.52784 381.71128 202.16348 230.52784 381.71128 193.34032 219.58098 429.73105 202.46827 221.53392 429.01093 202.46827 223.70912 429.64222 202.46827 224.65736 431.77713 202.46827 224.73666 433.76099 202.46827 222.83207 434.89276 202.46827 220.76457 435.33257 202.46827 219.38914 433.85888 202.46827 218.59618 431.75531 202.46827 221.83397 432.22898 212.74803 221.83397 432.22898 202.46827 122.76994 373.96206 111.08501 122.67244 371.27772 111.08501 124.06599 368.98189 111.08501 126.69578 368.58239 111.08501 128.81601 369.85965 111.08501 130.05188 372.28500 111.08501 129.03333 374.53865 111.08501 126.99013 376.24250 111.08501 124.70569 375.48663 111.08501 126.25950 372.36430 118.97273 126.25950 372.36430 111.08501 26.39582 292.29951 80.19046 26.15133 294.26996 80.19046 24.80499 295.07266 80.19046 22.93968 295.16767 80.19046 21.58319 293.95782 80.19046 21.35379 292.51987 80.19046 22.44100 290.79036 80.19046 23.79209 290.29696 80.19046 25.43612 290.90228 80.19046 23.89547 292.80486 87.13611 23.89547 292.80486 80.19046 97.89327 470.58043 117.77887 99.37753 469.46942 117.77887 101.17174 469.89179 117.77887 101.87459 470.85798 117.77887 102.25402 472.72578 117.77887 101.33819 473.89877 117.77887 99.41041 474.13002 117.77887 98.30249 473.52521 117.77887 97.51201 472.01504 117.77887 99.92220 471.83274 123.05121 99.92220 471.83274 117.77887 231.51990 316.56829 118.24722 232.15717 317.98431 118.24722 231.36948 319.31582 118.24722 230.34381 320.05838 118.24722 228.43102 319.85018 118.24722 227.58710 318.75323 118.24722 227.52097 317.15543 118.24722 228.62808 316.10010 118.24722 230.12857 315.84616 118.24722 229.82917 317.97850 124.08923 229.82917 317.97850 118.24722 140.81378 472.36167 139.50907 142.24813 472.37617 139.50907 143.55909 473.06416 139.50907 143.98664 474.66106 139.50907 143.57264 475.79613 139.50907 142.30088 476.55566 139.50907 140.91430 476.37427 139.50907 139.77295 474.94373 139.50907 139.70977 473.45566 139.50907 141.89305 474.48199 148.66807 141.89305 474.48199 139.50907 141.53878 254.19605 80.16234 139.94768 253.12974 80.16234 138.86032 251.25399 80.16234 139.75925 249.45431 80.16234 141.19618 248.37572 80.16234 143.45946 248.59438 80.16234 144.53129 250.12843 80.16234 144.43374 252.26793 80.16234 143.38448 253.45144 80.16234 141.93392 251.18667 88.69675 141.93392 251.18667 80.16234 218.94839 321.69704 126.43170 220.02923 321.42549 126.43170 221.28373 321.88279 126.43170 221.82128 322.78725 126.43170 221.31687 324.06994 126.43170 220.23619 325.09068 126.43170 219.23816 324.70448 126.43170 218.13243 323.77683 126.43170 218.13825 322.84470 126.43170 219.83843 323.17371 134.99324 219.83843 323.17371 126.43170 146.64647 385.01615 126.67040 144.99816 384.24437 126.67040 144.43305 382.54407 126.67040 145.31316 380.92745 126.67040 146.91683 379.86580 126.67040 148.46407 380.33724 126.67040 149.58048 381.62117 126.67040 149.61096 383.49763 126.67040 148.49423 384.65693 126.67040 147.24385 382.51417 133.37488 147.24385 382.51417 126.67040 179.34045 296.40671 91.64421 180.07933 295.27943 91.64421 181.96415 294.57980 91.64421 183.72768 295.35934 91.64421 184.48217 297.29698 91.64421 184.02430 298.87275 91.64421 182.18160 299.65234 91.64421 180.59052 299.45881 91.64421 179.44652 298.55545 91.64421 181.73326 297.26262 97.93510 181.73326 297.26262 91.64421 222.31061 338.21517 134.09776 219.88027 337.58112 134.09776 218.31206 335.76756 134.09776 218.52705 333.11618 134.09776 220.68207 331.44700 134.09776 222.78417 331.08130 134.09776 225.02954 332.61935 134.09776 225.66360 335.26474 134.09776 224.64241 337.30403 134.09776 221.95567 334.73314 141.08110 221.95567 334.73314 134.09776 93.70216 472.15485 118.13790 93.12939 474.33291 118.13790 90.80646 475.52098 118.13790 88.46028 475.36663 118.13790 86.95097 473.30101 118.13790 86.91147 470.88744 118.13790 88.48312 469.16974 118.13790 90.68586 468.81401 118.13790 92.73449 469.97605 118.13790 90.20540 472.15147 127.50298 90.20540 472.15147 118.13790 217.37577 375.85469 179.60836 217.97834 377.11630 179.60836 217.30968 378.25838 179.60836 215.98900 378.83785 179.60836 214.67493 378.74665 179.60836 213.80000 377.43407 179.60836 213.98945 376.04873 179.60836 214.67620 374.81395 179.60836 216.33679 375.04592 179.60836 215.69806 376.85488 189.43945 215.69806 376.85488 179.60836 189.32742 432.68636 178.21314 186.93407 433.32733 178.21314 185.05451 432.20944 178.21314 184.08853 430.10112 178.21314 184.54409 427.94539 178.21314 186.39297 426.83050 178.21314 188.66401 426.87768 178.21314 190.34886 428.70506 178.21314 190.68077 431.05319 178.21314 187.26841 429.90431 185.95350 187.26841 429.90431 178.21314 129.80683 312.18336 93.28254 131.40657 311.94450 93.28254 132.41983 312.70629 93.28254 132.83002 314.06244 93.28254 132.39431 315.31067 93.28254 131.00738 316.05545 93.28254 129.38305 315.64507 93.28254 128.66978 314.53821 93.28254 129.00955 313.05043 93.28254 130.79110 313.95132 103.20965 130.79110 313.95132 93.28254 82.43921 304.06022 75.64973 83.96444 301.95153 75.64973 85.89043 301.00915 75.64973 88.46650 302.12702 75.64973 89.63290 304.39172 75.64973 89.33664 306.61075 75.64973 87.42464 308.31748 75.64973 84.88868 308.30994 75.64973 82.70216 306.62157 75.64973 86.04717 304.76464 82.21570 86.04717 304.76464 75.64973 81.17752 405.25596 117.04244 83.25538 403.74055 117.04244 85.67169 403.96827 117.04244 87.08805 405.78664 117.04244 87.29294 408.54027 117.04244 85.70412 410.50553 117.04244 83.51582 411.03548 117.04244 81.38346 409.94658 117.04244 80.19970 407.65696 117.04244 83.90741 407.36793 125.72758 83.90741 407.36793 117.04244 166.88650 376.76254 135.40046 165.61837 377.37070 135.40046 164.33928 377.05251 135.40046 163.12597 376.12473 135.40046 163.25517 374.77955 135.40046 164.17316 373.68537 135.40046 165.24336 373.26871 135.40046 166.64540 373.91368 135.40046 167.00696 375.39233 135.40046 165.13532 375.44061 142.06402 165.13532 375.44061 135.40046 1.26124 309.01065 87.19090 3.04284 308.23004 87.19090 4.53515 308.49431 87.19090 5.99653 310.01598 87.19090 6.08318 312.23404 87.19090 4.84462 313.76121 87.19090 2.91383 313.99367 87.19090 1.12942 312.69027 87.19090 0.22331 311.14365 87.19090 3.30177 311.07152 94.83649 3.30177 311.07152 87.19090 75.65750 441.44500 126.37021 76.08772 439.34740 126.37021 77.00712 438.09636 126.37021 78.78954 437.84626 126.37021 80.36068 438.61684 126.37021 81.05999 440.46727 126.37021 80.55387 442.18083 126.37021 78.96086 442.91314 126.37021 76.86801 442.74444 126.37021 78.37390 440.33809 136.23400 78.37390 440.33809 126.37021 211.93310 471.42621 172.65085 214.80245 470.97885 172.65085 217.17319 472.24854 172.65085 218.29203 474.83941 172.65085 217.14715 477.71455 172.65085 214.97339 478.97384 172.65085 212.31547 478.59909 172.65085 210.25572 476.76026 172.65085 210.16996 473.77993 172.65085 214.04239 475.02168 183.94526 214.04239 475.02168 172.65085 83.20923 417.01175 119.03214 86.11191 417.92445 119.03214 87.54254 420.12027 119.03214 87.62777 423.29495 119.03214 85.25870 425.49470 119.03214 82.05036 425.52102 119.03214 79.89589 423.76771 119.03214 79.09788 421.05919 119.03214 80.19150 418.39046 119.03214 83.38656 421.38043 127.30445 83.38656 421.38043 119.03214 184.35573 471.66645 158.00013 183.50503 473.50178 158.00013 181.55388 474.67269 158.00013 179.58546 473.85107 158.00013 178.01299 471.96771 158.00013 178.37420 469.84284 158.00013 180.05773 468.37018 158.00013 182.23516 468.19605 158.00013 183.94644 469.54250 158.00013 181.30431 471.27628 169.76263 181.30431 471.27628 158.00013 178.51453 364.46263 133.83788 180.73855 366.93501 133.83788 180.97616 370.00683 133.83788 179.12308 372.67587 133.83788 175.67525 373.89121 133.83788 172.82843 372.17446 133.83788 171.46033 369.21444 133.83788 172.30361 365.99157 133.83788 174.93368 364.15134 133.83788 176.26157 368.85670 143.08223 176.26157 368.85670 133.83788 74.04793 265.82215 78.36137 73.29673 266.56903 78.36137 71.93500 266.74383 78.36137 71.31358 266.38150 78.36137 70.80662 265.20834 78.36137 71.00290 264.34872 78.36137 71.85217 263.68309 78.36137 72.96587 263.99158 78.36137 73.72309 264.56945 78.36137 72.37670 265.30555 87.41565 72.37670 265.30555 78.36137 133.63486 272.09616 78.03646 132.14960 272.23094 78.03646 131.21989 271.11858 78.03646 130.88435 270.18890 78.03646 131.15322 268.82303 78.03646 132.30815 268.25044 78.03646 133.77259 268.52120 78.03646 134.44852 269.53424 78.03646 134.47636 270.78879 78.03646 132.74336 270.13765 85.23327 132.74336 270.13765 78.03646 143.61039 262.36437 75.42073 141.80563 264.64297 75.42073 139.33959 265.45603 75.42073 136.45301 264.44360 75.42073 135.14977 262.10640 75.42073 135.84219 258.94431 75.42073 138.13366 257.50896 75.42073 140.91702 257.34038 75.42073 143.01423 259.49703 75.42073 139.36760 261.38860 84.05937 139.36760 261.38860 75.42073 8.91904 461.60054 176.22452 7.79499 464.24738 176.22452 6.01432 465.78131 176.22452 3.07348 465.53441 176.22452 1.35717 463.62074 176.22452 0.92242 461.16886 176.22452 2.65791 458.59179 176.22452 5.20349 458.26750 176.22452 7.64912 459.12364 176.22452 4.81544 462.02137 184.07390 4.81544 462.02137 176.22452 231.00321 449.33541 201.13968 230.63937 447.56238 201.13968 231.82316 445.85809 201.13968 233.90478 445.76210 201.13968 235.25362 446.44579 201.13968 236.27259 448.18165 201.13968 235.44477 449.76746 201.13968 234.06366 450.73615 201.13968 231.97790 450.62531 201.13968 233.38956 448.24539 206.43389 233.38956 448.24539 201.13968 187.08828 343.80339 117.48038 184.41943 344.87280 117.48038 181.97644 344.11871 117.48038 180.52149 341.28815 117.48038 180.78317 338.66711 117.48038 183.13359 337.11552 117.48038 185.83053 337.07869 117.48038 188.00152 338.75563 117.48038 188.65371 341.49095 117.48038 184.52123 340.76745 127.93767 184.52123 340.76745 117.48038 136.91015 323.29950 94.95590 138.22844 323.70690 94.95590 139.12389 325.50214 94.95590 138.58287 327.14578 94.95590 137.27404 328.30188 94.95590 135.44881 327.92424 94.95590 134.14978 326.82658 94.95590 133.99127 325.01339 94.95590 135.05710 323.53257 94.95590 136.43553 325.74073 100.71721 136.43553 325.74073 94.95590 76.33757 470.00865 118.24057 76.62834 472.26927 118.24057 75.34882 474.00739 118.24057 72.84107 474.50768 118.24057 70.93192 473.67745 118.24057 70.00316 471.53101 118.24057 70.46692 469.48607 118.24057 72.34601 467.99399 118.24057 74.41744 468.05565 118.24057 73.17312 471.34112 128.81919 73.17312 471.34112 118.24057 4.97046 376.49703 135.26270 3.71133 375.45564 135.26270 3.74122 373.47434 135.26270 4.77593 372.13695 135.26270 6.48447 371.95013 135.26270 7.97452 372.54597 135.26270 8.82971 374.44352 135.26270 8.26416 376.01222 135.26270 6.79419 376.82515 135.26270 6.11167 374.39131 140.09792 6.11167 374.39131 135.26270 91.20424 412.58489 122.13652 92.51072 412.88539 122.13652 94.05293 413.72736 122.13652 94.35549 415.27151 122.13652 93.29209 416.79330 122.13652 91.74324 417.35440 122.13652 90.36379 416.88637 122.13652 89.57135 415.49905 122.13652 89.76617 413.88819 122.13652 91.84130 415.04509 128.97149 91.84130 415.04509 122.13652 204.15421 443.38103 195.63309 205.82431 443.53254 195.63309 207.06895 444.59391 195.63309 207.16041 445.85723 195.63309 206.27307 447.22988 195.63309 204.73672 447.61289 195.63309 203.49439 446.94500 195.63309 202.61004 445.44689 195.63309 202.89598 443.99281 195.63309 204.86380 445.45291 204.47530 204.86380 445.45291 195.63309 228.02308 473.94309 182.34258 228.79539 473.21825 182.34258 229.76073 473.88389 182.34258 230.42871 474.36702 182.34258 230.47021 475.67186 182.34258 229.55640 476.28489 182.34258 228.45341 476.39762 182.34258 227.64114 475.54559 182.34258 227.25244 474.73987 182.34258 228.95092 474.88402 188.14449 228.95092 474.88402 182.34258 131.28527 304.00099 87.51285 132.77587 302.90872 87.51285 134.61520 303.55750 87.51285 135.61981 304.78764 87.51285 135.65981 306.34983 87.51285 134.53262 307.81403 87.51285 132.55555 308.22470 87.51285 131.36770 306.84989 87.51285 130.80338 305.59996 87.51285 133.20245 305.53734 93.39620 133.20245 305.53734 87.51285 113.56874 413.93529 120.06080 113.85429 415.90020 120.06080 112.39620 417.43913 120.06080 110.44246 417.79084 120.06080 108.80553 416.89544 120.06080 108.07210 415.31807 120.06080 108.34827 413.25659 120.06080 110.16406 412.10888 120.06080 112.03420 412.55819 120.06080 110.87345 415.03996 130.07894 110.87345 415.03996 120.06080 22.58384 378.30531 131.08058 23.08822 376.72891 131.08058 24.21908 375.97848 131.08058 25.78776 375.79060 131.08058 27.06705 377.21240 131.08058 26.95381 379.00175 131.08058 26.23901 379.90678 131.08058 24.33807 380.37386 131.08058 22.97469 379.50389 131.08058 24.82146 378.08088 136.35057 24.82146 378.08088 131.08058 23.75859 349.51623 108.59080 22.48149 348.83536 108.59080 21.38873 347.36002 108.59080 21.41766 345.67775 108.59080 22.82289 344.51677 108.59080 24.35482 344.47116 108.59080 25.70408 345.52940 108.59080 26.38103 346.94672 108.59080 25.63935 348.75389 108.59080 23.77700 346.80307 117.11951 23.77700 346.80307 108.59080 180.77981 461.87414 162.38689 177.99057 461.61910 162.38689 175.91400 459.16895 162.38689 175.95817 455.87047 162.38689 177.81271 453.86344 162.38689 180.99302 453.22966 162.38689 183.61642 454.85475 162.38689 184.70246 457.55420 162.38689 183.64930 460.82204 162.38689 180.12702 457.67344 170.06754 180.12702 457.67344 162.38689 112.67059 324.90395 89.31390 112.66570 326.97552 89.31390 111.37517 328.55844 89.31390 109.89133 328.71173 89.31390 108.00506 327.96062 89.31390 107.41343 326.19590 89.31390 107.79195 324.19256 89.31390 109.48285 323.14792 89.31390 111.51656 323.57501 89.31390 110.07643 326.02294 99.81685 110.07643 326.02294 89.31390 209.38699 431.39443 197.85716 208.54458 430.85760 197.85716 208.04126 429.83764 197.85716 208.79029 428.92566 197.85716 209.72800 428.31740 197.85716 210.54158 428.63895 197.85716 211.32871 429.28070 197.85716 211.17029 430.51529 197.85716 210.71180 431.36435 197.85716 209.83118 429.89621 202.55196 209.83118 429.89621 197.85716 245.89602 276.03844 90.41361 246.91078 276.08165 90.41361 247.47301 276.97529 90.41361 247.89654 278.24955 90.41361 247.13809 278.93631 90.41361 245.88154 279.58181 90.41361 244.87232 279.00082 90.41361 244.34495 277.96950 90.41361 244.92294 276.73034 90.41361 246.16346 277.76136 94.96184 246.16346 277.76136 90.41361 241.76348 400.70433 211.43804 242.82989 399.01441 211.43804 244.30430 398.63850 211.43804 245.84485 399.49870 211.43804 246.33251 400.91534 211.43804 246.29940 402.52288 211.43804 244.77260 403.23279 211.43804 243.32251 403.52727 211.43804 242.04976 402.32851 211.43804 244.14029 401.13584 216.28400 244.14029 401.13584 211.43804 181.90231 310.23860 99.15006 181.14362 311.13286 99.15006 179.83248 311.67956 99.15006 178.57175 310.96364 99.15006 177.89845 309.80826 99.15006 178.52265 308.22960 99.15006 179.57310 307.79524 99.15006 181.06829 307.74639 99.15006 181.84105 308.85723 99.15006 180.11770 309.60714 104.51167 180.11770 309.60714 99.15006 215.15398 482.29587 174.54419 214.22413 483.38706 174.54419 213.06950 483.89693 174.54419 211.57022 483.21872 174.54419 211.10649 482.04806 174.54419 211.68540 480.64072 174.54419 212.69343 479.65219 174.54419 213.88616 479.88066 174.54419 215.23399 480.85917 174.54419 213.15113 481.77308 183.50158 213.15113 481.77308 174.54419 107.66559 324.08370 91.16760 108.38640 325.30075 91.16760 108.47576 327.20915 91.16760 106.91763 328.50312 91.16760 105.29802 328.45613 91.16760 103.89453 327.51066 91.16760 103.45355 325.60319 91.16760 104.49063 324.20689 91.16760 105.86637 323.27055 91.16760 106.02033 326.01641 98.81861 106.02033 326.01641 91.16760 230.93661 274.79550 84.04556 232.73898 273.54957 84.04556 235.11030 274.08425 84.04556 236.19338 276.04851 84.04556 236.46892 277.88434 84.04556 234.87633 279.61409 84.04556 232.60495 279.93466 84.04556 230.97696 278.75416 84.04556 229.91793 276.93700 84.04556 233.27530 276.88220 90.14193 233.27530 276.88220 84.04556 190.56187 393.81040 166.06124 189.19584 394.18700 166.06124 188.16524 393.64371 166.06124 187.40640 392.55612 166.06124 187.47300 391.38660 166.06124 188.75301 390.77356 166.06124 190.21269 390.57148 166.06124 190.78980 391.45758 166.06124 191.10299 392.88621 166.06124 189.30946 392.40301 173.08507 189.30946 392.40301 166.06124</float_array><technique_common><accessor source="#positions-array" count="4785" stride="3"><param name="X" type="float"/><param name="Y" type="float"/><param name="Z" type="float"/></accessor></technique_common></source>
<source id="normals"><float_array id="normals-array" count="23490">0.04312 -0.96769 0.24845 0.00000 -0.00000 -1.00000 0.66136 -0.70583 0.25380 0.00000 0.00000 -1.00000 0.96642 -0.08117 0.24380 0.00000 0.00000 -1.00000 0.77753 0.58046 0.24190 0.00000 0.00000 -1.00000 0.32569 0.91712 0.22982 0.00000 0.00000 -1.00000 -0.29318 0.92699 0.23396 0.00000 0.00000 -1.00000 -0.86944 0.42814 0.24649 0.00000 0.00000 -1.00000 -0.95498 -0.16860 0.24411 -0.00000 0.00000 -1.00000 -0.63728 -0.73201 0.24090 0.00000 0.00000 -1.00000 0.75191 0.45757 0.47461 0.00000 0.00000 -1.00000 0.52937 0.70096 0.47793 0.00000 0.00000 -1.00000 -0.22436 0.83962 0.49467 0.00000 0.00000 -1.00000 -0.68319 0.55311 0.47679 0.00000 0.00000 -1.00000 -0.88373 -0.00344 0.46798 -0.00000 0.00000 -1.00000 -0.67223 -0.56335 0.48036 0.00000 0.00000 -1.00000 -0.23568 -0.84126 0.48655 0.00000 -0.00000 -1.00000 0.44224 -0.75111 0.49016 0.00000 0.00000 -1.00000 0.83383 -0.26345 0.48510 0.00000 0.00000 -1.00000 0.77649 0.42842 0.46209 0.00000 0.00000 -1.00000 0.30901 0.82602 0.47138 0.00000 0.00000 -1.00000 -0.34698 0.80848 0.47535 0.00000 0.00000 -1.00000 -0.76440 0.44871 0.46298 0.00000 0.00000 -1.00000 -0.87216 -0.12917 0.47186 -0.00000 0.00000 -1.00000 -0.54509 -0.69966 0.46190 0.00000 0.00000 -1.00000 0.01068 -0.89065 0.45456 0.00000 -0.00000 -1.00000 0.51213 -0.72418 0.46184 0.00000 0.00000 -1.00000 0.87498 -0.10460 0.47273 0.00000 0.00000 -1.00000 -0.92063 0.32843 0.21114 0.00000 0.00000 -1.00000 -0.96044 0.18976 0.20384 -0.00000 0.00000 -1.00000 -0.65817 -0.71855 0.22472 0.00000 0.00000 -1.00000 -0.35244 -0.90956 0.22020 0.00000 -0.00000 -1.00000 0.75273 -0.61943 0.22293 0.00000 0.00000 -1.00000 0.89368 -0.38951 0.22276 0.00000 0.00000 -1.00000 0.86502 0.43997 0.24117 0.00000 0.00000 -1.00000 0.64714 0.72776 0.22710 0.00000 0.00000 -1.00000 -0.24179 0.93959 0.24229 0.00000 0.00000 -1.00000 -0.61288 -0.64697 0.45366 0.00000 0.00000 -1.00000 -0.16065 -0.87749 0.45189 0.00000 -0.00000 -1.00000 0.58610 -0.67957 0.44122 0.00000 0.00000 -1.00000 0.85462 -0.28467 0.43426 0.00000 0.00000 -1.00000 0.83330 0.32270 0.44885 0.00000 0.00000 -1.00000 0.45936 0.77413 0.43556 0.00000 0.00000 -1.00000 -0.17932 0.88080 0.43821 0.00000 0.00000 -1.00000 -0.70143 0.57145 0.42597 0.00000 0.00000 -1.00000 -0.89277 0.06196 0.44624 -0.00000 0.00000 -1.00000 -0.40805 0.81866 0.40409 0.00000 0.00000 -1.00000 -0.90094 0.16351 0.40196 -0.00000 0.00000 -1.00000 -0.86683 -0.28679 0.40786 0.00000 0.00000 -1.00000 -0.39697 -0.82101 0.41031 0.00000 0.00000 -1.00000 0.18972 -0.89872 0.39537 0.00000 -0.00000 -1.00000 0.73714 -0.54045 0.40564 0.00000 0.00000 -1.00000 0.90425 0.15193 0.39907 0.00000 0.00000 -1.00000 0.71521 0.56816 0.40702 0.00000 0.00000 -1.00000 0.03285 0.91448 0.40330 0.00000 0.00000 -1.00000 -0.90743 0.23869 0.34583 -0.00000 0.00000 -1.00000 -0.79480 -0.49251 0.35459 0.00000 0.00000 -1.00000 -0.15411 -0.93151 0.32946 0.00000 0.00000 -1.00000 0.21395 -0.92355 0.31825 0.00000 -0.00000 -1.00000 0.83894 -0.43306 0.32960 0.00000 0.00000 -1.00000 0.93369 0.13358 0.33224 0.00000 0.00000 -1.00000 0.50738 0.80230 0.31445 0.00000 0.00000 -1.00000 0.18310 0.92959 0.31991 0.00000 0.00000 -1.00000 -0.55357 0.76227 0.33541 0.00000 0.00000 -1.00000 0.76625 0.58837 0.25821 0.00000 0.00000 -1.00000 0.18227 0.95015 0.25297 0.00000 0.00000 -1.00000 -0.35576 0.89700 0.26234 0.00000 0.00000 -1.00000 -0.88964 0.36702 0.27172 0.00000 0.00000 -1.00000 -0.88509 -0.38006 0.26866 -0.00000 0.00000 -1.00000 -0.50259 -0.82405 0.26144 0.00000 0.00000 -1.00000 0.11639 -0.95810 0.26171 0.00000 -0.00000 -1.00000 0.73796 -0.62036 0.26565 0.00000 0.00000 -1.00000 0.96413 0.04318 0.26188 0.00000 0.00000 -1.00000 -0.79964 -0.41799 0.43111 0.00000 0.00000 -1.00000 -0.32039 -0.83336 0.45041 0.00000 -0.00000 -1.00000 0.40818 -0.80115 0.43766 0.00000 0.00000 -1.00000 0.70909 -0.55525 0.43461 0.00000 0.00000 -1.00000 0.87970 0.19842 0.43215 0.00000 0.00000 -1.00000 0.64003 0.62259 0.45026 0.00000 0.00000 -1.00000 -0.11097 0.89128 0.43967 0.00000 0.00000 -1.00000 -0.54377 0.72247 0.42703 0.00000 0.00000 -1.00000 -0.90180 0.05958 0.42802 -0.00000 0.00000 -1.00000 0.34538 0.86876 0.35493 0.00000 0.00000 -1.00000 -0.31594 0.88526 0.34132 0.00000 0.00000 -1.00000 -0.83637 0.42822 0.34222 0.00000 0.00000 -1.00000 -0.93619 -0.10263 0.33619 -0.00000 0.00000 -1.00000 -0.67000 -0.65671 0.34616 0.00000 0.00000 -1.00000 0.10309 -0.93287 0.34515 0.00000 -0.00000 -1.00000 0.45313 -0.82196 0.34503 0.00000 0.00000 -1.00000 0.91528 -0.17534 0.36266 0.00000 0.00000 -1.00000 0.79831 0.48288 0.35990 0.00000 0.00000 -1.00000 -0.79265 0.52694 0.30667 0.00000 0.00000 -1.00000 -0.93316 -0.17929 0.31154 -0.00000 0.00000 -1.00000 -0.55573 -0.77397 0.30353 0.00000 0.00000 -1.00000 0.00974 -0.95657 0.29133 0.00000 -0.00000 -1.00000 0.62451 -0.72040 0.30167 0.00000 0.00000 -1.00000 0.92613 -0.22452 0.30310 0.00000 0.00000 -1.00000 0.85628 0.41809 0.30328 0.00000 0.00000 -1.00000 0.28351 0.90718 0.31089 0.00000 0.00000 -1.00000 -0.38789 0.86850 0.30863 0.00000 0.00000 -1.00000 -0.09920 -0.95713 0.27213 0.00000 -0.00000 -1.00000 0.52980 -0.80604 0.26384 0.00000 0.00000 -1.00000 0.80475 -0.52861 0.27010 0.00000 0.00000 -1.00000 0.89490 0.36147 0.26173 0.00000 0.00000 -1.00000 0.67184 0.68960 0.27034 0.00000 0.00000 -1.00000 -0.16495 0.94617 0.27847 0.00000 0.00000 -1.00000 -0.79325 0.55526 0.24989 0.00000 0.00000 -1.00000 -0.91222 0.31778 0.25860 -0.00000 0.00000 -1.00000 -0.78484 -0.53960 0.30472 0.00000 0.00000 -1.00000 0.90482 0.37865 0.19472 0.00000 0.00000 -1.00000 0.47515 0.85414 0.21137 0.00000 0.00000 -1.00000 -0.30242 0.93026 0.20775 0.00000 0.00000 -1.00000 -0.72694 0.65200 0.21551 0.00000 0.00000 -1.00000 -0.95381 -0.21636 0.20841 -0.00000 0.00000 -1.00000 -0.65167 -0.73117 0.20179 0.00000 0.00000 -1.00000 -0.12784 -0.97208 0.19676 0.00000 -0.00000 -1.00000 0.42743 -0.87924 0.21032 0.00000 0.00000 -1.00000 0.97829 -0.04266 0.20278 0.00000 0.00000 -1.00000 0.07109 0.96585 0.24916 0.00000 0.00000 -1.00000 -0.48649 0.84041 0.23883 0.00000 0.00000 -1.00000 -0.86896 0.43044 0.24418 0.00000 0.00000 -1.00000 -0.90151 -0.36364 0.23462 -0.00000 0.00000 -1.00000 -0.54773 -0.80043 0.24353 0.00000 0.00000 -1.00000 0.23230 -0.94391 0.23468 0.00000 -0.00000 -1.00000 0.79053 -0.56839 0.22801 0.00000 0.00000 -1.00000 0.94288 -0.23760 0.23351 0.00000 0.00000 -1.00000 0.74712 0.61539 0.25120 0.00000 0.00000 -1.00000 -0.25500 -0.93100 0.26117 0.00000 -0.00000 -1.00000 0.44525 -0.85015 0.28106 0.00000 0.00000 -1.00000 0.91356 -0.27470 0.29990 0.00000 0.00000 -1.00000 0.88982 0.34915 0.29381 0.00000 0.00000 -1.00000 0.39378 0.87334 0.28675 0.00000 0.00000 -1.00000 -0.40393 0.87787 0.25728 0.00000 0.00000 -1.00000 -0.66886 0.69725 0.25781 0.00000 0.00000 -1.00000 -0.96237 -0.10136 0.25214 -0.00000 0.00000 -1.00000 -0.69111 -0.67796 0.25048 0.00000 0.00000 -1.00000 0.06192 0.94252 0.32836 0.00000 0.00000 -1.00000 -0.63124 0.70816 0.31630 0.00000 0.00000 -1.00000 -0.93971 0.16589 0.29903 -0.00000 0.00000 -1.00000 -0.80600 -0.51234 0.29643 0.00000 0.00000 -1.00000 -0.50933 -0.80712 0.29856 0.00000 -0.00000 -1.00000 0.26109 -0.90535 0.33491 0.00000 0.00000 -1.00000 0.81238 -0.48093 0.32976 0.00000 0.00000 -1.00000 0.92029 0.24218 0.30727 0.00000 0.00000 -1.00000 0.73910 0.59514 0.31551 0.00000 0.00000 -1.00000 -0.93821 0.09594 0.33251 -0.00000 0.00000 -1.00000 -0.82967 -0.45211 0.32748 0.00000 0.00000 -1.00000 -0.18994 -0.92516 0.32864 0.00000 -0.00000 -1.00000 0.27373 -0.90450 0.32704 0.00000 0.00000 -1.00000 0.87196 -0.36202 0.32959 0.00000 0.00000 -1.00000 0.92946 0.17125 0.32678 0.00000 0.00000 -1.00000 0.62032 0.71284 0.32720 0.00000 0.00000 -1.00000 0.07318 0.93946 0.33476 0.00000 0.00000 -1.00000 -0.68016 0.65552 0.32813 0.00000 0.00000 -1.00000 0.52509 0.71908 0.45520 0.00000 0.00000 -1.00000 -0.12925 0.88069 0.45572 0.00000 0.00000 -1.00000 -0.74239 0.51477 0.42879 0.00000 0.00000 -1.00000 -0.88216 0.18919 0.43127 -0.00000 0.00000 -1.00000 -0.72847 -0.52165 0.44410 0.00000 0.00000 -1.00000 -0.16774 -0.88559 0.43312 0.00000 -0.00000 -1.00000 0.42527 -0.79327 0.43574 0.00000 0.00000 -1.00000 0.82885 -0.34661 0.43917 0.00000 0.00000 -1.00000 0.88797 0.15372 0.43345 0.00000 0.00000 -1.00000 -0.81090 0.51500 0.27789 0.00000 0.00000 -1.00000 -0.95590 0.08506 0.28110 -0.00000 0.00000 -1.00000 -0.76086 -0.58425 0.28238 0.00000 0.00000 -1.00000 -0.07231 -0.95388 0.29136 0.00000 -0.00000 -1.00000 0.44010 -0.85406 0.27729 0.00000 0.00000 -1.00000 0.85784 -0.43211 0.27819 0.00000 0.00000 -1.00000 0.89145 0.36419 0.26961 0.00000 0.00000 -1.00000 0.58679 0.76173 0.27467 0.00000 0.00000 -1.00000 -0.05928 0.95613 0.28687 0.00000 0.00000 -1.00000 -0.16455 -0.93469 0.31509 0.00000 -0.00000 -1.00000 0.43124 -0.84675 0.31151 0.00000 0.00000 -1.00000 0.87034 -0.38380 0.30854 0.00000 0.00000 -1.00000 0.91206 0.26362 0.31410 0.00000 0.00000 -1.00000 0.51273 0.79404 0.32651 0.00000 0.00000 -1.00000 -0.15115 0.92633 0.34505 0.00000 0.00000 -1.00000 -0.75743 0.56912 0.32001 0.00000 0.00000 -1.00000 -0.94953 0.00106 0.31369 -0.00000 0.00000 -1.00000 -0.75998 -0.57534 0.30235 0.00000 0.00000 -1.00000 -0.20131 0.94181 0.26920 0.00000 0.00000 -1.00000 -0.85349 0.45924 0.24628 0.00000 0.00000 -1.00000 -0.96599 0.08970 0.24251 -0.00000 0.00000 -1.00000 -0.77636 -0.57660 0.25455 0.00000 0.00000 -1.00000 -0.19181 -0.94907 0.24996 0.00000 -0.00000 -1.00000 0.50971 -0.82167 0.25505 0.00000 0.00000 -1.00000 0.91696 -0.31463 0.24534 0.00000 0.00000 -1.00000 0.90168 0.35730 0.24355 0.00000 0.00000 -1.00000 0.51781 0.81693 0.25396 0.00000 0.00000 -1.00000 0.96202 -0.07862 0.26141 0.00000 0.00000 -1.00000 0.80994 0.52234 0.26674 0.00000 0.00000 -1.00000 0.37777 0.88852 0.26042 0.00000 0.00000 -1.00000 -0.50975 0.81816 0.26601 0.00000 0.00000 -1.00000 -0.81938 0.51154 0.25874 0.00000 0.00000 -1.00000 -0.94632 -0.18256 0.26676 -0.00000 0.00000 -1.00000 -0.51684 -0.82080 0.24324 0.00000 0.00000 -1.00000 -0.02983 -0.96803 0.24905 0.00000 -0.00000 -1.00000 0.64455 -0.71924 0.25931 0.00000 0.00000 -1.00000 0.80032 -0.52720 0.28556 0.00000 0.00000 -1.00000 0.92953 0.25095 0.27017 0.00000 0.00000 -1.00000 0.72712 0.63234 0.26727 0.00000 0.00000 -1.00000 0.09070 0.95703 0.27544 0.00000 0.00000 -1.00000 -0.63428 0.71488 0.29434 0.00000 0.00000 -1.00000 -0.94570 0.15814 0.28397 -0.00000 0.00000 -1.00000 -0.64357 -0.72232 0.25313 0.00000 0.00000 -1.00000 -0.49649 -0.83155 0.24905 0.00000 -0.00000 -1.00000 0.36996 -0.88156 0.29323 0.00000 0.00000 -1.00000 -0.86434 -0.00765 0.50284 -0.00000 0.00000 -1.00000 -0.66170 -0.55686 0.50206 0.00000 0.00000 -1.00000 -0.12908 -0.86290 0.48861 0.00000 -0.00000 -1.00000 0.55152 -0.68332 0.47843 0.00000 0.00000 -1.00000 0.85298 -0.23632 0.46538 0.00000 0.00000 -1.00000 0.83688 0.28352 0.46823 0.00000 0.00000 -1.00000 0.48429 0.73271 0.47813 0.00000 0.00000 -1.00000 -0.14387 0.85607 0.49643 0.00000 0.00000 -1.00000 -0.66463 0.57310 0.47939 0.00000 0.00000 -1.00000 0.72035 0.53628 0.43989 0.00000 0.00000 -1.00000 0.19498 0.88274 0.42751 0.00000 0.00000 -1.00000 -0.34644 0.84232 0.41288 0.00000 0.00000 -1.00000 -0.83232 0.36847 0.41409 0.00000 0.00000 -1.00000 -0.89698 -0.12435 0.42422 -0.00000 0.00000 -1.00000 -0.49339 -0.76252 0.41848 0.00000 0.00000 -1.00000 -0.04967 -0.90581 0.42077 0.00000 -0.00000 -1.00000 0.65729 -0.61302 0.43837 0.00000 0.00000 -1.00000 0.89063 -0.15593 0.42715 0.00000 0.00000 -1.00000 -0.56845 -0.72199 0.39446 0.00000 0.00000 -1.00000 0.01558 -0.91609 0.40067 0.00000 -0.00000 -1.00000 0.59231 -0.69682 0.40449 0.00000 0.00000 -1.00000 0.90310 -0.13854 0.40647 0.00000 0.00000 -1.00000 0.76202 0.50340 0.40732 0.00000 0.00000 -1.00000 0.28064 0.86710 0.41155 0.00000 0.00000 -1.00000 -0.39290 0.82755 0.40099 0.00000 0.00000 -1.00000 -0.79306 0.44818 0.41254 0.00000 0.00000 -1.00000 -0.86662 -0.30299 0.39644 -0.00000 0.00000 -1.00000 -0.95071 -0.18906 0.24578 -0.00000 0.00000 -1.00000 -0.60128 -0.75924 0.24905 0.00000 0.00000 -1.00000 0.11687 -0.96249 0.24484 0.00000 -0.00000 -1.00000 0.68566 -0.69275 0.22353 0.00000 0.00000 -1.00000 0.96488 -0.13429 0.22576 0.00000 0.00000 -1.00000 0.85916 0.45391 0.23623 0.00000 0.00000 -1.00000 0.27465 0.93057 0.24209 0.00000 0.00000 -1.00000 -0.48854 0.84093 0.23273 0.00000 0.00000 -1.00000 -0.74496 0.62539 0.23219 0.00000 0.00000 -1.00000 0.88034 0.35559 0.31394 0.00000 0.00000 -1.00000 0.51494 0.80473 0.29539 0.00000 0.00000 -1.00000 -0.04738 0.95187 0.30283 0.00000 0.00000 -1.00000 -0.77187 0.56736 0.28691 0.00000 0.00000 -1.00000 -0.93612 0.18775 0.29736 -0.00000 0.00000 -1.00000 -0.75814 -0.57391 0.30958 0.00000 0.00000 -1.00000 -0.13700 -0.94054 0.31083 0.00000 -0.00000 -1.00000 0.43413 -0.84719 0.30626 0.00000 0.00000 -1.00000 0.84451 -0.42937 0.32006 0.00000 0.00000 -1.00000 0.26390 0.85910 0.43853 0.00000 0.00000 -1.00000 -0.46109 0.77144 0.43848 0.00000 0.00000 -1.00000 -0.85041 0.31048 0.42474 0.00000 0.00000 -1.00000 -0.88057 -0.21572 0.42198 -0.00000 0.00000 -1.00000 -0.54880 -0.71521 0.43278 0.00000 0.00000 -1.00000 0.06194 -0.89578 0.44016 0.00000 -0.00000 -1.00000 0.66782 -0.60001 0.44047 0.00000 0.00000 -1.00000 0.90127 -0.01433 0.43302 0.00000 0.00000 -1.00000 0.74159 0.51561 0.42918 0.00000 0.00000 -1.00000 -0.85249 -0.44088 0.28087 0.00000 0.00000 -1.00000 -0.02893 -0.95639 0.29066 0.00000 -0.00000 -1.00000 0.39066 -0.87951 0.27176 0.00000 0.00000 -1.00000 0.81370 -0.50525 0.28744 0.00000 0.00000 -1.00000 0.90517 0.27935 0.32036 0.00000 0.00000 -1.00000 0.46361 0.82651 0.31929 0.00000 0.00000 -1.00000 -0.17643 0.93594 0.30478 0.00000 0.00000 -1.00000 -0.64212 0.70660 0.29732 0.00000 0.00000 -1.00000 -0.94147 -0.17198 0.28992 -0.00000 0.00000 -1.00000 0.54769 -0.75743 0.35543 0.00000 0.00000 -1.00000 0.86796 -0.33269 0.36874 0.00000 0.00000 -1.00000 0.81785 0.43371 0.37816 0.00000 0.00000 -1.00000 0.46384 0.80095 0.37859 0.00000 0.00000 -1.00000 -0.28481 0.87747 0.38592 0.00000 0.00000 -1.00000 -0.78559 0.49109 0.37640 0.00000 0.00000 -1.00000 -0.92071 -0.08798 0.38019 -0.00000 0.00000 -1.00000 -0.57810 -0.72010 0.38374 0.00000 0.00000 -1.00000 0.05628 -0.92902 0.36573 0.00000 -0.00000 -1.00000 0.76397 -0.59266 0.25517 0.00000 0.00000 -1.00000 0.94595 0.16868 0.27698 0.00000 0.00000 -1.00000 0.53122 0.80433 0.26619 0.00000 0.00000 -1.00000 0.25350 0.93005 0.26597 0.00000 0.00000 -1.00000 -0.67484 0.68387 0.27733 0.00000 0.00000 -1.00000 -0.95746 0.08911 0.27448 -0.00000 0.00000 -1.00000 -0.88319 -0.38552 0.26711 0.00000 0.00000 -1.00000 -0.19696 -0.94558 0.25900 0.00000 -0.00000 -1.00000 0.36129 -0.89678 0.25545 0.00000 0.00000 -1.00000 -0.27767 0.92273 0.26733 0.00000 0.00000 -1.00000 -0.80404 0.53098 0.26753 0.00000 0.00000 -1.00000 -0.96244 0.01555 0.27104 -0.00000 0.00000 -1.00000 -0.58194 -0.75754 0.29575 0.00000 0.00000 -1.00000 -0.07376 -0.95307 0.29361 0.00000 -0.00000 -1.00000 0.56277 -0.77198 0.29554 0.00000 0.00000 -1.00000 0.93019 -0.20965 0.30133 0.00000 0.00000 -1.00000 0.77256 0.56304 0.29349 0.00000 0.00000 -1.00000 0.25981 0.92646 0.27235 0.00000 0.00000 -1.00000 -0.21802 -0.92130 0.32198 0.00000 -0.00000 -1.00000 0.21361 -0.92193 0.32314 0.00000 0.00000 -1.00000 0.78091 -0.52797 0.33381 0.00000 0.00000 -1.00000 0.91226 0.23131 0.33804 0.00000 0.00000 -1.00000 0.50572 0.79756 0.32886 0.00000 0.00000 -1.00000 0.21010 0.92281 0.32292 0.00000 0.00000 -1.00000 -0.48759 0.80590 0.33582 0.00000 0.00000 -1.00000 -0.90841 0.21247 0.36006 -0.00000 0.00000 -1.00000 -0.80496 -0.47089 0.36097 0.00000 0.00000 -1.00000 -0.20174 0.94173 0.26915 0.00000 0.00000 -1.00000 -0.79817 0.54150 0.26401 0.00000 0.00000 -1.00000 -0.93915 -0.24167 0.24412 -0.00000 0.00000 -1.00000 -0.85794 -0.45073 0.24654 0.00000 0.00000 -1.00000 -0.05242 -0.96284 0.26492 0.00000 -0.00000 -1.00000 0.52349 -0.81226 0.25729 0.00000 0.00000 -1.00000 0.90891 -0.34611 0.23258 0.00000 0.00000 -1.00000 0.93487 0.27870 0.21988 0.00000 0.00000 -1.00000 0.62783 0.74220 0.23444 0.00000 0.00000 -1.00000 -0.73513 0.56354 0.37684 0.00000 0.00000 -1.00000 -0.91775 -0.13763 0.37254 -0.00000 0.00000 -1.00000 -0.62583 -0.69276 0.35836 0.00000 0.00000 -1.00000 -0.14920 -0.92734 0.34318 0.00000 -0.00000 -1.00000 0.40291 -0.84589 0.34948 0.00000 0.00000 -1.00000 0.90181 -0.21875 0.37269 0.00000 0.00000 -1.00000 0.82836 0.44184 0.34437 0.00000 0.00000 -1.00000 0.56780 0.74576 0.34848 0.00000 0.00000 -1.00000 -0.28893 0.87924 0.37876 0.00000 0.00000 -1.00000 -0.26546 0.90039 0.34472 0.00000 0.00000 -1.00000 -0.58671 0.73285 0.34454 0.00000 0.00000 -1.00000 -0.91533 -0.17751 0.36147 -0.00000 0.00000 -1.00000 -0.79838 -0.47775 0.36652 0.00000 0.00000 -1.00000 -0.10367 -0.92276 0.37118 0.00000 -0.00000 -1.00000 0.44374 -0.81591 0.37065 0.00000 0.00000 -1.00000 0.85715 -0.36720 0.36118 0.00000 0.00000 -1.00000 0.78689 0.49911 0.36289 0.00000 0.00000 -1.00000 0.53077 0.76445 0.36593 0.00000 0.00000 -1.00000 0.64730 0.68179 0.34084 0.00000 0.00000 -1.00000 -0.12152 0.93089 0.34449 0.00000 0.00000 -1.00000 -0.67131 0.66453 0.32824 0.00000 0.00000 -1.00000 -0.93179 0.15159 0.32984 -0.00000 0.00000 -1.00000 -0.87146 -0.35814 0.33510 0.00000 0.00000 -1.00000 -0.21423 -0.91961 0.32929 0.00000 -0.00000 -1.00000 0.21783 -0.91807 0.33122 0.00000 0.00000 -1.00000 0.86228 -0.37705 0.33810 0.00000 0.00000 -1.00000 0.91153 0.24409 0.33097 0.00000 0.00000 -1.00000 0.09500 -0.93822 0.33273 0.00000 -0.00000 -1.00000 0.82882 -0.45912 0.31980 0.00000 0.00000 -1.00000 0.92745 -0.19092 0.32154 0.00000 0.00000 -1.00000 0.72100 0.60810 0.33223 0.00000 0.00000 -1.00000 0.03263 0.94835 0.31556 0.00000 0.00000 -1.00000 -0.46837 0.82507 0.31605 0.00000 0.00000 -1.00000 -0.89948 0.29785 0.31971 0.00000 0.00000 -1.00000 -0.92218 -0.22470 0.31481 -0.00000 0.00000 -1.00000 -0.39204 -0.85744 0.33332 0.00000 0.00000 -1.00000 -0.32420 0.89911 0.29409 0.00000 0.00000 -1.00000 -0.73369 0.61647 0.28575 0.00000 0.00000 -1.00000 -0.93569 -0.18827 0.29841 -0.00000 0.00000 -1.00000 -0.70734 -0.64295 0.29373 0.00000 0.00000 -1.00000 -0.01503 -0.95329 0.30168 0.00000 -0.00000 -1.00000 0.58269 -0.75931 0.28970 0.00000 0.00000 -1.00000 0.94741 -0.15999 0.27716 0.00000 0.00000 -1.00000 0.91883 0.28266 0.27540 0.00000 0.00000 -1.00000 0.52142 0.80033 0.29595 0.00000 0.00000 -1.00000 0.23466 -0.83841 0.49195 0.00000 -0.00000 -1.00000 0.75891 -0.44257 0.47769 0.00000 0.00000 -1.00000 0.86881 0.08381 0.48800 0.00000 0.00000 -1.00000 0.54806 0.67414 0.49514 0.00000 0.00000 -1.00000 0.02948 0.87266 0.48743 0.00000 0.00000 -1.00000 -0.51943 0.69060 0.50325 0.00000 0.00000 -1.00000 -0.87009 0.07566 0.48705 -0.00000 0.00000 -1.00000 -0.80966 -0.33796 0.47984 0.00000 0.00000 -1.00000 -0.28689 -0.82120 0.49329 0.00000 0.00000 -1.00000 -0.86326 0.28536 0.41635 0.00000 0.00000 -1.00000 -0.85352 -0.33703 0.39739 -0.00000 0.00000 -1.00000 -0.51180 -0.75864 0.40314 0.00000 0.00000 -1.00000 0.12743 -0.91135 0.39140 0.00000 -0.00000 -1.00000 0.59761 -0.69064 0.40729 0.00000 0.00000 -1.00000 0.90440 -0.01068 0.42655 0.00000 0.00000 -1.00000 0.67476 0.62325 0.39529 0.00000 0.00000 -1.00000 0.21501 0.89243 0.39666 0.00000 0.00000 -1.00000 -0.30616 0.86050 0.40720 0.00000 0.00000 -1.00000 -0.51224 -0.81613 0.26748 0.00000 0.00000 -1.00000 0.03386 -0.96278 0.26817 0.00000 -0.00000 -1.00000 0.69646 -0.66761 0.26315 0.00000 0.00000 -1.00000 0.96261 -0.07133 0.26135 0.00000 0.00000 -1.00000 0.83280 0.49125 0.25520 0.00000 0.00000 -1.00000 0.35835 0.89622 0.26150 0.00000 0.00000 -1.00000 -0.34493 0.89887 0.27028 0.00000 0.00000 -1.00000 -0.89763 0.35559 0.26041 0.00000 0.00000 -1.00000 -0.96463 -0.00534 0.26356 -0.00000 0.00000 -1.00000 0.85252 0.35413 0.38445 0.00000 0.00000 -1.00000 0.61329 0.69059 0.38337 0.00000 0.00000 -1.00000 -0.09516 0.90630 0.41178 0.00000 0.00000 -1.00000 -0.69127 0.61114 0.38555 0.00000 0.00000 -1.00000 -0.90482 0.18101 0.38540 -0.00000 0.00000 -1.00000 -0.74092 -0.53650 0.40399 0.00000 0.00000 -1.00000 -0.23601 -0.88501 0.40130 0.00000 -0.00000 -1.00000 0.32855 -0.85822 0.39436 0.00000 0.00000 -1.00000 0.78538 -0.46541 0.40814 0.00000 0.00000 -1.00000 0.71672 0.49995 0.48617 0.00000 0.00000 -1.00000 0.35942 0.80326 0.47496 0.00000 0.00000 -1.00000 -0.35386 0.79505 0.49262 0.00000 0.00000 -1.00000 -0.80412 0.36146 0.47195 0.00000 0.00000 -1.00000 -0.87012 -0.16973 0.46269 -0.00000 0.00000 -1.00000 -0.60561 -0.64060 0.47209 0.00000 0.00000 -1.00000 0.02344 -0.86820 0.49566 0.00000 -0.00000 -1.00000 0.63071 -0.60900 0.48097 0.00000 0.00000 -1.00000 0.85885 -0.19049 0.47549 0.00000 0.00000 -1.00000 -0.65738 -0.63905 0.39933 0.00000 0.00000 -1.00000 -0.08303 -0.91657 0.39116 0.00000 -0.00000 -1.00000 0.38998 -0.83126 0.39613 0.00000 0.00000 -1.00000 0.87806 -0.24711 0.40982 0.00000 0.00000 -1.00000 0.84252 0.36652 0.39475 0.00000 0.00000 -1.00000 0.35738 0.84546 0.39683 0.00000 0.00000 -1.00000 -0.22510 0.89778 0.37857 0.00000 0.00000 -1.00000 -0.66932 0.63499 0.38574 0.00000 0.00000 -1.00000 -0.90879 -0.11242 0.40182 -0.00000 0.00000 -1.00000 0.11441 -0.97913 0.16796 0.00000 -0.00000 -1.00000 0.90231 -0.39992 0.16092 0.00000 0.00000 -1.00000 0.94801 -0.27448 0.16103 0.00000 0.00000 -1.00000 0.63394 0.75234 0.17917 0.00000 0.00000 -1.00000 -0.04246 0.98424 0.17165 0.00000 0.00000 -1.00000 -0.26012 0.95064 0.16917 0.00000 0.00000 -1.00000 -0.95719 0.21896 0.18932 0.00000 0.00000 -1.00000 -0.88276 -0.43774 0.17063 -0.00000 0.00000 -1.00000 -0.59117 -0.78903 0.16715 0.00000 0.00000 -1.00000 0.01031 0.96086 0.27684 0.00000 0.00000 -1.00000 -0.43387 0.85747 0.27659 0.00000 0.00000 -1.00000 -0.94937 0.15725 0.27198 -0.00000 0.00000 -1.00000 -0.89449 -0.35532 0.27137 0.00000 0.00000 -1.00000 -0.43921 -0.85589 0.27305 0.00000 0.00000 -1.00000 0.08227 -0.95958 0.26914 0.00000 -0.00000 -1.00000 0.79087 -0.54111 0.28587 0.00000 0.00000 -1.00000 0.95258 0.12409 0.27785 0.00000 0.00000 -1.00000 0.76423 0.57982 0.28241 0.00000 0.00000 -1.00000 -0.85321 -0.15360 0.49843 -0.00000 0.00000 -1.00000 -0.55993 -0.67300 0.48327 0.00000 0.00000 -1.00000 0.06535 -0.87055 0.48772 0.00000 -0.00000 -1.00000 0.50039 -0.70992 0.49561 0.00000 0.00000 -1.00000 0.86722 -0.10290 0.48718 0.00000 0.00000 -1.00000 0.76985 0.42619 0.47507 0.00000 0.00000 -1.00000 0.28280 0.81987 0.49784 0.00000 0.00000 -1.00000 -0.40540 0.77703 0.48153 0.00000 0.00000 -1.00000 -0.70346 0.51976 0.48476 0.00000 0.00000 -1.00000 0.97027 0.11789 0.21136 0.00000 0.00000 -1.00000 0.81950 0.52571 0.22815 0.00000 0.00000 -1.00000 -0.01129 0.97114 0.23826 0.00000 0.00000 -1.00000 -0.48801 0.84047 0.23547 0.00000 0.00000 -1.00000 -0.95129 0.20157 0.23329 -0.00000 0.00000 -1.00000 -0.89329 -0.38521 0.23163 0.00000 0.00000 -1.00000 -0.38177 -0.89181 0.24274 0.00000 0.00000 -1.00000 0.28620 -0.92986 0.23118 0.00000 -0.00000 -1.00000 0.86385 -0.45872 0.20821 0.00000 0.00000 -1.00000 -0.72453 0.56394 0.39626 0.00000 0.00000 -1.00000 -0.88595 0.23854 0.39774 -0.00000 0.00000 -1.00000 -0.75089 -0.50702 0.42320 0.00000 0.00000 -1.00000 -0.12590 -0.90405 0.40847 0.00000 -0.00000 -1.00000 0.41443 -0.81665 0.40166 0.00000 0.00000 -1.00000 0.78151 -0.47747 0.40158 0.00000 0.00000 -1.00000 0.87180 0.25640 0.41740 0.00000 0.00000 -1.00000 0.50284 0.76673 0.39910 0.00000 0.00000 -1.00000 -0.00475 0.91727 0.39823 0.00000 0.00000 -1.00000 -0.82491 0.53800 0.17346 0.00000 0.00000 -1.00000 -0.97642 -0.13796 0.16602 -0.00000 0.00000 -1.00000 -0.77472 -0.60653 0.17868 0.00000 0.00000 -1.00000 0.11122 -0.97867 0.17274 0.00000 -0.00000 -1.00000 0.38785 -0.90688 0.16473 0.00000 0.00000 -1.00000 0.82820 -0.53311 0.17283 0.00000 0.00000 -1.00000 0.87071 0.45747 0.18051 0.00000 0.00000 -1.00000 0.32953 0.92732 0.17743 0.00000 0.00000 -1.00000 -0.09251 0.97840 0.18486 0.00000 0.00000 -1.00000 0.93058 -0.27467 0.24202 0.00000 0.00000 -1.00000 0.74093 0.63352 0.22288 0.00000 0.00000 -1.00000 0.39759 0.89395 0.20684 0.00000 0.00000 -1.00000 -0.36468 0.90718 0.20982 0.00000 0.00000 -1.00000 -0.70429 0.67664 0.21479 0.00000 0.00000 -1.00000 -0.95091 -0.19298 0.24193 -0.00000 0.00000 -1.00000 -0.71946 -0.65232 0.23843 0.00000 0.00000 -1.00000 0.10337 -0.96828 0.22747 0.00000 -0.00000 -1.00000 0.41842 -0.87925 0.22767 0.00000 0.00000 -1.00000 -0.19388 -0.94238 0.27262 0.00000 -0.00000 -1.00000 0.38484 -0.88414 0.26495 0.00000 0.00000 -1.00000 0.96629 -0.08210 0.24401 0.00000 0.00000 -1.00000 0.89815 0.37277 0.23318 0.00000 0.00000 -1.00000 0.70169 0.66745 0.24929 0.00000 0.00000 -1.00000 -0.23096 0.92829 0.29143 0.00000 0.00000 -1.00000 -0.82152 0.50787 0.25918 0.00000 0.00000 -1.00000 -0.96550 0.02296 0.25941 -0.00000 0.00000 -1.00000 -0.61233 -0.74481 0.26515 0.00000 0.00000 -1.00000 -0.93124 0.18941 0.31131 -0.00000 0.00000 -1.00000 -0.77367 -0.54371 0.32529 0.00000 0.00000 -1.00000 -0.13622 -0.94029 0.31193 0.00000 -0.00000 -1.00000 0.31247 -0.89523 0.31768 0.00000 0.00000 -1.00000 0.88356 -0.33792 0.32424 0.00000 0.00000 -1.00000 0.89532 0.30753 0.32223 0.00000 0.00000 -1.00000 0.45047 0.83814 0.30756 0.00000 0.00000 -1.00000 -0.07146 0.95088 0.30121 0.00000 0.00000 -1.00000 -0.70941 0.63581 0.30411 0.00000 0.00000 -1.00000 -0.45356 -0.84281 0.28976 0.00000 0.00000 -1.00000 0.41863 -0.86761 0.26834 0.00000 -0.00000 -1.00000 0.66609 -0.69860 0.26133 0.00000 0.00000 -1.00000 0.95002 0.13197 0.28293 0.00000 0.00000 -1.00000 0.66517 0.69189 0.28076 0.00000 0.00000 -1.00000 0.25875 0.92465 0.27941 0.00000 0.00000 -1.00000 -0.42630 0.85556 0.29375 0.00000 0.00000 -1.00000 -0.94874 0.15481 0.27555 -0.00000 0.00000 -1.00000 -0.91655 -0.29439 0.27069 0.00000 0.00000 -1.00000 -0.53868 0.68593 0.48921 0.00000 0.00000 -1.00000 -0.85369 0.16993 0.49227 -0.00000 0.00000 -1.00000 -0.77337 -0.39873 0.49286 0.00000 0.00000 -1.00000 -0.31029 -0.81125 0.49557 0.00000 0.00000 -1.00000 0.31945 -0.81624 0.48136 0.00000 -0.00000 -1.00000 0.69422 -0.52464 0.49275 0.00000 0.00000 -1.00000 0.84384 0.20907 0.49419 0.00000 0.00000 -1.00000 0.54415 0.69395 0.47153 0.00000 0.00000 -1.00000 0.00279 0.87790 0.47884 0.00000 0.00000 -1.00000 0.62005 0.71374 0.32575 0.00000 0.00000 -1.00000 -0.04823 0.95400 0.29590 0.00000 0.00000 -1.00000 -0.73972 0.60880 0.28668 0.00000 0.00000 -1.00000 -0.95837 0.07646 0.27510 -0.00000 0.00000 -1.00000 -0.92301 -0.25171 0.29102 0.00000 0.00000 -1.00000 -0.45265 -0.82818 0.33051 0.00000 0.00000 -1.00000 0.26193 -0.90754 0.32827 0.00000 -0.00000 -1.00000 0.94275 -0.16584 0.28936 0.00000 0.00000 -1.00000 0.95706 -0.04289 0.28669 0.00000 0.00000 -1.00000 0.96206 -0.05020 0.26818 0.00000 0.00000 -1.00000 0.67489 0.68275 0.27995 0.00000 0.00000 -1.00000 0.02046 0.96150 0.27406 0.00000 0.00000 -1.00000 -0.44012 0.85160 0.28474 0.00000 0.00000 -1.00000 -0.93784 0.21008 0.27626 -0.00000 0.00000 -1.00000 -0.90734 -0.30866 0.28541 0.00000 0.00000 -1.00000 -0.28304 -0.91983 0.27167 0.00000 0.00000 -1.00000 0.22549 -0.93683 0.26739 0.00000 -0.00000 -1.00000 0.79426 -0.54591 0.26671 0.00000 0.00000 -1.00000 0.60302 0.67454 0.42587 0.00000 0.00000 -1.00000 -0.14241 0.88991 0.43334 0.00000 0.00000 -1.00000 -0.74304 0.51514 0.42723 0.00000 0.00000 -1.00000 -0.88302 0.20936 0.42006 -0.00000 0.00000 -1.00000 -0.75562 -0.48962 0.43510 0.00000 0.00000 -1.00000 -0.16300 -0.88374 0.43868 0.00000 -0.00000 -1.00000 0.48448 -0.75828 0.43622 0.00000 0.00000 -1.00000 0.79485 -0.43500 0.42308 0.00000 0.00000 -1.00000 0.86887 0.27338 0.41271 0.00000 0.00000 -1.00000 0.36670 -0.86223 0.34942 0.00000 0.00000 -1.00000 0.84480 -0.39863 0.35693 0.00000 0.00000 -1.00000 0.88199 0.32130 0.34476 0.00000 0.00000 -1.00000 0.49322 0.80573 0.32793 0.00000 0.00000 -1.00000 0.00157 0.94071 0.33920 0.00000 0.00000 -1.00000 -0.74841 0.56279 0.35093 0.00000 0.00000 -1.00000 -0.92887 0.14796 0.33956 -0.00000 0.00000 -1.00000 -0.64809 -0.68181 0.33929 0.00000 0.00000 -1.00000 -0.30901 -0.89015 0.33488 0.00000 -0.00000 -1.00000 -0.48953 0.79727 0.35315 0.00000 0.00000 -1.00000 -0.90571 0.23189 0.35485 -0.00000 0.00000 -1.00000 -0.84117 -0.42350 0.33628 0.00000 0.00000 -1.00000 -0.40696 -0.84124 0.35595 0.00000 0.00000 -1.00000 0.07444 -0.92959 0.36101 0.00000 -0.00000 -1.00000 0.86619 -0.36875 0.33725 0.00000 0.00000 -1.00000 0.94720 0.03423 0.31880 0.00000 0.00000 -1.00000 0.68129 0.65397 0.32887 0.00000 0.00000 -1.00000 0.24138 0.90581 0.34821 0.00000 0.00000 -1.00000 -0.40068 0.89197 0.20940 0.00000 0.00000 -1.00000 -0.95701 0.21756 0.19183 -0.00000 0.00000 -1.00000 -0.96034 -0.20011 0.19415 0.00000 0.00000 -1.00000 -0.59759 -0.77280 0.21369 0.00000 0.00000 -1.00000 0.16929 -0.96228 0.21298 0.00000 -0.00000 -1.00000 0.72585 -0.65588 0.20728 0.00000 0.00000 -1.00000 0.97436 -0.06262 0.21609 0.00000 0.00000 -1.00000 0.63832 0.74209 0.20459 0.00000 0.00000 -1.00000 0.19785 0.96076 0.19440 0.00000 0.00000 -1.00000 0.35168 0.83058 0.43180 0.00000 0.00000 -1.00000 -0.34411 0.83604 0.42736 0.00000 0.00000 -1.00000 -0.75443 0.50005 0.42518 0.00000 0.00000 -1.00000 -0.86604 -0.25426 0.43050 -0.00000 0.00000 -1.00000 -0.62865 -0.65217 0.42365 0.00000 0.00000 -1.00000 0.01425 -0.90163 0.43226 0.00000 -0.00000 -1.00000 0.59731 -0.68153 0.42278 0.00000 0.00000 -1.00000 0.87352 -0.22814 0.43002 0.00000 0.00000 -1.00000 0.77315 0.46789 0.42816 0.00000 0.00000 -1.00000 -0.37294 -0.89648 0.23925 0.00000 0.00000 -1.00000 0.04521 -0.96535 0.25700 0.00000 -0.00000 -1.00000 0.78481 -0.55990 0.26567 0.00000 0.00000 -1.00000 0.95285 0.16710 0.25328 0.00000 0.00000 -1.00000 0.69032 0.67481 0.26094 0.00000 0.00000 -1.00000 0.16991 0.95065 0.25962 0.00000 0.00000 -1.00000 -0.65612 0.70408 0.27163 0.00000 0.00000 -1.00000 -0.89509 0.35519 0.26956 -0.00000 0.00000 -1.00000 -0.77000 -0.58515 0.25434 0.00000 0.00000 -1.00000 0.68865 0.65780 0.30507 0.00000 0.00000 -1.00000 0.21588 0.92413 0.31525 0.00000 0.00000 -1.00000 -0.54292 0.77304 0.32810 0.00000 0.00000 -1.00000 -0.92791 0.18628 0.32293 -0.00000 0.00000 -1.00000 -0.85925 -0.39664 0.32305 0.00000 0.00000 -1.00000 -0.35448 -0.88130 0.31249 0.00000 0.00000 -1.00000 0.28556 -0.90737 0.30842 0.00000 -0.00000 -1.00000 0.76827 -0.55205 0.32403 0.00000 0.00000 -1.00000 0.92341 0.22413 0.31157 0.00000 0.00000 -1.00000 -0.95534 -0.15244 0.25314 -0.00000 0.00000 -1.00000 -0.61927 -0.73598 0.27358 0.00000 0.00000 -1.00000 0.27140 -0.92811 0.25484 0.00000 -0.00000 -1.00000 0.60538 -0.75835 0.24171 0.00000 0.00000 -1.00000 0.96564 -0.05059 0.25493 0.00000 0.00000 -1.00000 0.76721 0.58881 0.25434 0.00000 0.00000 -1.00000 0.29663 0.92357 0.24297 0.00000 0.00000 -1.00000 -0.36837 0.89866 0.23813 0.00000 0.00000 -1.00000 -0.92157 0.29779 0.24907 0.00000 0.00000 -1.00000 -0.34517 -0.87282 0.34501 0.00000 -0.00000 -1.00000 0.42939 -0.82646 0.36412 0.00000 0.00000 -1.00000 0.88320 -0.31017 0.35179 0.00000 0.00000 -1.00000 0.89413 0.29424 0.33756 0.00000 0.00000 -1.00000 0.53501 0.77510 0.33614 0.00000 0.00000 -1.00000 0.06360 0.93838 0.33971 0.00000 0.00000 -1.00000 -0.76053 0.55784 0.33227 0.00000 0.00000 -1.00000 -0.94285 0.07153 0.32545 -0.00000 0.00000 -1.00000 -0.81144 -0.47790 0.33642 0.00000 0.00000 -1.00000 0.36241 -0.89101 0.27342 0.00000 0.00000 -1.00000 0.78904 -0.54801 0.27767 0.00000 0.00000 -1.00000 0.91921 0.26747 0.28898 0.00000 0.00000 -1.00000 0.60478 0.75408 0.25613 0.00000 0.00000 -1.00000 0.05392 0.95940 0.27685 0.00000 0.00000 -1.00000 -0.58401 0.76184 0.28022 0.00000 0.00000 -1.00000 -0.96183 -0.07939 0.26189 -0.00000 0.00000 -1.00000 -0.90948 -0.32611 0.25788 0.00000 0.00000 -1.00000 -0.38971 -0.88100 0.26827 0.00000 -0.00000 -1.00000 -0.92428 0.34721 0.15862 -0.00000 0.00000 -1.00000 -0.97763 -0.12059 0.17232 0.00000 0.00000 -1.00000 -0.52173 -0.83451 0.17717 0.00000 0.00000 -1.00000 0.37543 -0.91177 0.16653 0.00000 -0.00000 -1.00000 0.76000 -0.62995 0.15990 0.00000 0.00000 -1.00000 0.98210 -0.06516 0.17675 0.00000 0.00000 -1.00000 0.74757 0.63783 0.18524 0.00000 0.00000 -1.00000 -0.05842 0.98342 0.17165 0.00000 0.00000 -1.00000 -0.66226 0.73104 0.16428 0.00000 0.00000 -1.00000 0.01266 0.95977 0.28051 0.00000 0.00000 -1.00000 -0.45934 0.84437 0.27577 0.00000 0.00000 -1.00000 -0.96029 0.07861 0.26769 -0.00000 0.00000 -1.00000 -0.92119 -0.28371 0.26630 0.00000 0.00000 -1.00000 -0.31508 -0.90992 0.26976 0.00000 0.00000 -1.00000 0.12436 -0.95615 0.26515 0.00000 -0.00000 -1.00000 0.77044 -0.57072 0.28408 0.00000 0.00000 -1.00000 0.95434 0.13271 0.26763 0.00000 0.00000 -1.00000 0.75200 0.60277 0.26677 0.00000 0.00000 -1.00000 0.84373 0.40087 0.35697 0.00000 0.00000 -1.00000 0.45651 0.81808 0.34978 0.00000 0.00000 -1.00000 -0.39743 0.84926 0.34757 0.00000 0.00000 -1.00000 -0.76976 0.54263 0.33619 0.00000 0.00000 -1.00000 -0.92113 -0.13666 0.36449 -0.00000 0.00000 -1.00000 -0.68644 -0.63813 0.34871 0.00000 0.00000 -1.00000 0.08854 -0.93900 0.33232 0.00000 -0.00000 -1.00000 0.41085 -0.85004 0.32961 0.00000 0.00000 -1.00000 0.89484 -0.25854 0.36391 0.00000 0.00000 -1.00000 0.96876 -0.00661 0.24790 0.00000 0.00000 -1.00000 0.72104 0.64424 0.25505 0.00000 0.00000 -1.00000 0.12958 0.95844 0.25416 0.00000 0.00000 -1.00000 -0.57444 0.78149 0.24352 0.00000 0.00000 -1.00000 -0.90137 0.35042 0.25442 -0.00000 0.00000 -1.00000 -0.88536 -0.38918 0.25430 0.00000 0.00000 -1.00000 -0.36027 -0.89546 0.26145 0.00000 0.00000 -1.00000 0.38398 -0.88971 0.24691 0.00000 -0.00000 -1.00000 0.79594 -0.55392 0.24424 0.00000 0.00000 -1.00000 0.41892 -0.86080 0.28901 0.00000 0.00000 -1.00000 0.82876 -0.47285 0.29926 0.00000 0.00000 -1.00000 0.84732 0.45952 0.26626 0.00000 0.00000 -1.00000 0.72431 0.63819 0.26094 0.00000 0.00000 -1.00000 0.25794 0.92616 0.27512 0.00000 0.00000 -1.00000 -0.76167 0.58645 0.27556 0.00000 0.00000 -1.00000 -0.85154 0.44636 0.27502 -0.00000 0.00000 -1.00000 -0.69868 -0.65920 0.27803 0.00000 0.00000 -1.00000 -0.41901 -0.86650 0.27131 0.00000 -0.00000 -1.00000 0.55474 0.78812 0.26671 0.00000 0.00000 -1.00000 -0.23437 0.93766 0.25665 0.00000 0.00000 -1.00000 -0.69988 0.67104 0.24470 0.00000 0.00000 -1.00000 -0.96922 0.01942 0.24543 -0.00000 0.00000 -1.00000 -0.80837 -0.53606 0.24325 0.00000 0.00000 -1.00000 -0.27951 -0.92333 0.26331 0.00000 -0.00000 -1.00000 0.45469 -0.85086 0.26322 0.00000 0.00000 -1.00000 0.91323 -0.31168 0.26241 0.00000 0.00000 -1.00000 0.93745 0.23915 0.25298 0.00000 0.00000 -1.00000 -0.64026 -0.72631 0.25010 0.00000 0.00000 -1.00000 0.03230 -0.97115 0.23629 0.00000 -0.00000 -1.00000 0.42329 -0.87122 0.24861 0.00000 0.00000 -1.00000 0.91748 -0.29160 0.27057 0.00000 0.00000 -1.00000 0.86088 0.43100 0.27042 0.00000 0.00000 -1.00000 0.32233 0.90891 0.26456 0.00000 0.00000 -1.00000 -0.55567 0.79442 0.24521 0.00000 0.00000 -1.00000 -0.70131 0.67099 0.24070 0.00000 0.00000 -1.00000 -0.89573 -0.36639 0.25186 -0.00000 0.00000 -1.00000 -0.27789 0.87869 0.38817 0.00000 0.00000 -1.00000 -0.74320 0.53386 0.40329 0.00000 0.00000 -1.00000 -0.89721 -0.16562 0.40937 -0.00000 0.00000 -1.00000 -0.51446 -0.76540 0.38664 0.00000 0.00000 -1.00000 0.02579 -0.92699 0.37420 0.00000 -0.00000 -1.00000 0.49155 -0.78017 0.38693 0.00000 0.00000 -1.00000 0.92148 -0.07921 0.38027 0.00000 0.00000 -1.00000 0.81493 0.43441 0.38365 0.00000 0.00000 -1.00000 0.24680 0.88400 0.39702 0.00000 0.00000 -1.00000 0.82313 -0.42379 0.37797 0.00000 0.00000 -1.00000 0.86841 0.29601 0.39779 0.00000 0.00000 -1.00000 0.57529 0.72220 0.38402 0.00000 0.00000 -1.00000 -0.08667 0.91701 0.38933 0.00000 0.00000 -1.00000 -0.71640 0.58253 0.38397 0.00000 0.00000 -1.00000 -0.92304 0.00856 0.38461 -0.00000 0.00000 -1.00000 -0.76553 -0.51975 0.37925 0.00000 0.00000 -1.00000 -0.28099 -0.87738 0.38890 0.00000 -0.00000 -1.00000 0.47941 -0.78277 0.39678 0.00000 0.00000 -1.00000 0.96151 0.04927 0.27033 0.00000 0.00000 -1.00000 0.52577 0.81395 0.24709 0.00000 0.00000 -1.00000 0.09715 0.96723 0.23459 0.00000 0.00000 -1.00000 -0.50445 0.82922 0.24069 0.00000 0.00000 -1.00000 -0.86392 0.43573 0.25257 0.00000 0.00000 -1.00000 -0.84591 -0.47681 0.23894 -0.00000 0.00000 -1.00000 -0.61767 -0.74973 0.23748 0.00000 0.00000 -1.00000 -0.01361 -0.96654 0.25617 0.00000 -0.00000 -1.00000 0.66335 -0.69825 0.26910 0.00000 0.00000 -1.00000 -0.12192 0.96572 0.22916 0.00000 0.00000 -1.00000 -0.60750 0.76388 0.21777 0.00000 0.00000 -1.00000 -0.96980 0.12676 0.20836 -0.00000 0.00000 -1.00000 -0.86294 -0.46069 0.20761 0.00000 0.00000 -1.00000 -0.54438 -0.81090 0.21466 0.00000 0.00000 -1.00000 0.39982 -0.88788 0.22760 0.00000 -0.00000 -1.00000 0.85057 -0.47797 0.21926 0.00000 0.00000 -1.00000 0.96741 0.14987 0.20409 0.00000 0.00000 -1.00000 0.76764 0.59855 0.22906 0.00000 0.00000 -1.00000 0.58295 0.76798 0.26529 0.00000 0.00000 -1.00000 0.00780 0.95927 0.28238 0.00000 0.00000 -1.00000 -0.62015 0.73388 0.27720 0.00000 0.00000 -1.00000 -0.96584 0.04767 0.25473 -0.00000 0.00000 -1.00000 -0.82186 -0.50618 0.26138 0.00000 0.00000 -1.00000 -0.07675 -0.96214 0.26151 0.00000 -0.00000 -1.00000 0.11436 -0.95844 0.26135 0.00000 0.00000 -1.00000 0.85776 -0.41335 0.30559 0.00000 0.00000 -1.00000 0.88882 0.36568 0.27619 0.00000 0.00000 -1.00000 -0.78845 -0.24694 0.56335 0.00000 0.00000 -1.00000 -0.43292 -0.70920 0.55643 0.00000 0.00000 -1.00000 0.13930 -0.81453 0.56315 0.00000 -0.00000 -1.00000 0.64639 -0.50572 0.57133 0.00000 0.00000 -1.00000 0.82259 0.03607 0.56749 0.00000 0.00000 -1.00000 0.63251 0.52455 0.56990 0.00000 0.00000 -1.00000 0.04845 0.81979 0.57061 0.00000 0.00000 -1.00000 -0.31121 0.76582 0.56273 0.00000 0.00000 -1.00000 -0.80237 0.18276 0.56816 -0.00000 0.00000 -1.00000 -0.46059 0.86199 0.21172 0.00000 0.00000 -1.00000 -0.90845 0.35184 0.22568 -0.00000 0.00000 -1.00000 -0.86983 -0.44192 0.21931 0.00000 0.00000 -1.00000 -0.22318 -0.95200 0.20949 0.00000 -0.00000 -1.00000 0.18170 -0.95890 0.21796 0.00000 0.00000 -1.00000 0.93869 -0.27995 0.20125 0.00000 0.00000 -1.00000 0.97024 0.13868 0.19849 0.00000 0.00000 -1.00000 0.60207 0.77662 0.18537 0.00000 0.00000 -1.00000 0.12266 0.97399 0.19054 0.00000 0.00000 -1.00000 -0.97822 -0.05909 0.19897 -0.00000 0.00000 -1.00000 -0.76384 -0.61393 0.19911 0.00000 0.00000 -1.00000 -0.14564 -0.96814 0.20372 0.00000 -0.00000 -1.00000 0.56162 -0.79992 0.21143 0.00000 0.00000 -1.00000 0.91953 -0.33281 0.20905 0.00000 0.00000 -1.00000 0.85272 0.47762 0.21153 0.00000 0.00000 -1.00000 0.52477 0.82556 0.20754 0.00000 0.00000 -1.00000 -0.26523 0.94092 0.21051 0.00000 0.00000 -1.00000 -0.79308 0.57194 0.20953 0.00000 0.00000 -1.00000 -0.39761 0.85249 0.33937 0.00000 0.00000 -1.00000 -0.88700 0.31850 0.33436 0.00000 0.00000 -1.00000 -0.92479 -0.18015 0.33512 -0.00000 0.00000 -1.00000 -0.40220 -0.84508 0.35224 0.00000 0.00000 -1.00000 0.13550 -0.92870 0.34519 0.00000 -0.00000 -1.00000 0.70290 -0.61963 0.34927 0.00000 0.00000 -1.00000 0.93782 0.03719 0.34513 0.00000 0.00000 -1.00000 0.74863 0.57396 0.33186 0.00000 0.00000 -1.00000 0.10005 0.93231 0.34754 0.00000 0.00000 -1.00000 -0.70010 -0.61913 0.35573 0.00000 0.00000 -1.00000 -0.11294 -0.92016 0.37489 0.00000 -0.00000 -1.00000 0.38604 -0.83847 0.38464 0.00000 0.00000 -1.00000 0.87652 -0.26089 0.40453 0.00000 0.00000 -1.00000 0.80568 0.45126 0.38373 0.00000 0.00000 -1.00000 0.43374 0.81338 0.38766 0.00000 0.00000 -1.00000 -0.29591 0.88090 0.36941 0.00000 0.00000 -1.00000 -0.70972 0.59845 0.37168 0.00000 0.00000 -1.00000 -0.91131 -0.18058 0.37001 -0.00000 0.00000 -1.00000 0.96872 0.10502 0.22483 0.00000 0.00000 -1.00000 0.75597 0.61539 0.22316 0.00000 0.00000 -1.00000 0.12586 0.96526 0.22899 0.00000 0.00000 -1.00000 -0.46794 0.85599 0.21979 0.00000 0.00000 -1.00000 -0.81985 0.52391 0.23100 0.00000 0.00000 -1.00000 -0.85078 -0.47409 0.22674 -0.00000 0.00000 -1.00000 -0.59681 -0.77136 0.22097 0.00000 0.00000 -1.00000 0.12516 -0.96458 0.23221 0.00000 -0.00000 -1.00000 0.69397 -0.68389 0.22514 0.00000 0.00000 -1.00000 0.39650 -0.85779 0.32708 0.00000 0.00000 -1.00000 0.89005 -0.33737 0.30658 0.00000 0.00000 -1.00000 0.92835 0.21141 0.30573 0.00000 0.00000 -1.00000 0.55850 0.76708 0.31568 0.00000 0.00000 -1.00000 -0.13829 0.94116 0.30837 0.00000 0.00000 -1.00000 -0.66073 0.68350 0.31027 0.00000 0.00000 -1.00000 -0.94725 0.06648 0.31353 -0.00000 0.00000 -1.00000 -0.76806 -0.55588 0.31793 0.00000 0.00000 -1.00000 -0.24995 -0.91379 0.32019 0.00000 -0.00000 -1.00000 -0.28043 -0.88318 0.37597 0.00000 -0.00000 -1.00000 0.39549 -0.83900 0.37371 0.00000 0.00000 -1.00000 0.83432 -0.40634 0.37257 0.00000 0.00000 -1.00000 0.87313 0.32470 0.36362 0.00000 0.00000 -1.00000 0.61543 0.69993 0.36242 0.00000 0.00000 -1.00000 -0.10407 0.92524 0.36484 0.00000 0.00000 -1.00000 -0.62124 0.69354 0.36477 0.00000 0.00000 -1.00000 -0.91434 0.14359 0.37863 -0.00000 0.00000 -1.00000 -0.75275 -0.54635 0.36723 0.00000 0.00000 -1.00000 -0.02317 0.84004 0.54203 0.00000 0.00000 -1.00000 -0.55907 0.62086 0.54951 0.00000 0.00000 -1.00000 -0.80465 0.23446 0.54549 -0.00000 0.00000 -1.00000 -0.72325 -0.40922 0.55628 0.00000 0.00000 -1.00000 -0.29720 -0.78459 0.54414 0.00000 0.00000 -1.00000 0.18327 -0.81873 0.54414 0.00000 -0.00000 -1.00000 0.72915 -0.38239 0.56755 0.00000 0.00000 -1.00000 0.81799 0.14922 0.55555 0.00000 0.00000 -1.00000 0.57228 0.61235 0.54546 0.00000 0.00000 -1.00000 0.75690 0.60612 0.24440 0.00000 0.00000 -1.00000 0.09477 0.96280 0.25306 0.00000 0.00000 -1.00000 -0.70093 0.67034 0.24361 0.00000 0.00000 -1.00000 -0.93324 0.27553 0.23052 -0.00000 0.00000 -1.00000 -0.88663 -0.40012 0.23193 0.00000 0.00000 -1.00000 -0.42979 -0.87220 0.23356 0.00000 0.00000 -1.00000 0.22118 -0.94404 0.24470 0.00000 -0.00000 -1.00000 0.75155 -0.61509 0.23840 0.00000 0.00000 -1.00000 0.97065 0.01053 0.24028 0.00000 0.00000 -1.00000 0.94525 -0.17700 0.27419 0.00000 0.00000 -1.00000 0.75140 0.59520 0.28484 0.00000 0.00000 -1.00000 0.16282 0.95263 0.25686 0.00000 0.00000 -1.00000 -0.20427 0.94417 0.25848 0.00000 0.00000 -1.00000 -0.86980 0.41101 0.27297 0.00000 0.00000 -1.00000 -0.94389 -0.20075 0.26225 -0.00000 0.00000 -1.00000 -0.57193 -0.77463 0.26991 0.00000 0.00000 -1.00000 0.23197 -0.93628 0.26376 0.00000 -0.00000 -1.00000 0.53293 -0.80511 0.26035 0.00000 0.00000 -1.00000 0.90078 0.26615 0.34317 0.00000 0.00000 -1.00000 0.61841 0.70427 0.34867 0.00000 0.00000 -1.00000 -0.09216 0.91879 0.38385 0.00000 0.00000 -1.00000 -0.56400 0.73318 0.37994 0.00000 0.00000 -1.00000 -0.92336 0.04303 0.38151 -0.00000 0.00000 -1.00000 -0.79351 -0.48037 0.37362 0.00000 0.00000 -1.00000 -0.36705 -0.85052 0.37668 0.00000 -0.00000 -1.00000 0.40988 -0.83273 0.37224 0.00000 0.00000 -1.00000 0.89521 -0.25382 0.36630 0.00000 0.00000 -1.00000 0.81830 0.53790 0.20261 0.00000 0.00000 -1.00000 0.11852 0.96642 0.22799 0.00000 0.00000 -1.00000 -0.69700 0.68496 0.21218 0.00000 0.00000 -1.00000 -0.89380 0.39759 0.20749 -0.00000 0.00000 -1.00000 -0.85787 -0.46509 0.21851 0.00000 0.00000 -1.00000 -0.39645 -0.89449 0.20666 0.00000 0.00000 -1.00000 0.32707 -0.92270 0.20408 0.00000 -0.00000 -1.00000 0.83343 -0.51665 0.19610 0.00000 0.00000 -1.00000 0.97942 0.05380 0.19454 0.00000 0.00000 -1.00000 -0.91818 0.22573 0.32556 -0.00000 0.00000 -1.00000 -0.72815 -0.60529 0.32160 0.00000 0.00000 -1.00000 -0.38402 -0.86471 0.32374 0.00000 0.00000 -1.00000 0.32902 -0.88864 0.31947 0.00000 -0.00000 -1.00000 0.83467 -0.45722 0.30703 0.00000 0.00000 -1.00000 0.94750 0.12750 0.29324 0.00000 0.00000 -1.00000 0.55423 0.77210 0.31095 0.00000 0.00000 -1.00000 0.02180 0.95022 0.31081 0.00000 0.00000 -1.00000 -0.64982 0.68940 0.32009 0.00000 0.00000 -1.00000 0.06585 0.93481 0.34898 0.00000 0.00000 -1.00000 -0.57057 0.73908 0.35807 0.00000 0.00000 -1.00000 -0.91645 0.17926 0.35775 -0.00000 0.00000 -1.00000 -0.81226 -0.45620 0.36347 0.00000 0.00000 -1.00000 -0.35053 -0.86585 0.35698 0.00000 0.00000 -1.00000 0.17720 -0.91637 0.35897 0.00000 -0.00000 -1.00000 0.78205 -0.49572 0.37770 0.00000 0.00000 -1.00000 0.92121 0.11974 0.37018 0.00000 0.00000 -1.00000 0.55982 0.74633 0.36000 0.00000 0.00000 -1.00000 -0.90835 -0.37722 0.18058 0.00000 0.00000 -1.00000 -0.19645 -0.96414 0.17844 0.00000 -0.00000 -1.00000 0.18263 -0.96371 0.19469 0.00000 0.00000 -1.00000 0.96791 -0.16396 0.19042 0.00000 0.00000 -1.00000 0.97771 0.08706 0.19105 0.00000 0.00000 -1.00000 0.33610 0.92420 0.18135 0.00000 0.00000 -1.00000 -0.14825 0.97332 0.17512 0.00000 0.00000 -1.00000 -0.82539 0.53659 0.17549 0.00000 0.00000 -1.00000 -0.97574 0.13820 0.16977 -0.00000 0.00000 -1.00000 -0.88232 0.37941 0.27848 0.00000 0.00000 -1.00000 -0.95146 0.13448 0.27686 -0.00000 0.00000 -1.00000 -0.56259 -0.77424 0.28990 0.00000 0.00000 -1.00000 -0.06744 -0.95943 0.27375 0.00000 -0.00000 -1.00000 0.61982 -0.73989 0.26151 0.00000 0.00000 -1.00000 0.81081 -0.51905 0.27050 0.00000 0.00000 -1.00000 0.82739 0.47318 0.30254 0.00000 0.00000 -1.00000 0.47741 0.82404 0.30501 0.00000 0.00000 -1.00000 -0.23082 0.92310 0.30760 0.00000 0.00000 -1.00000 -0.34870 -0.89412 0.28098 0.00000 -0.00000 -1.00000 0.31995 -0.90081 0.29354 0.00000 0.00000 -1.00000 0.80523 -0.51693 0.29050 0.00000 0.00000 -1.00000 0.92739 0.24662 0.28129 0.00000 0.00000 -1.00000 0.60656 0.74744 0.27096 0.00000 0.00000 -1.00000 -0.03033 0.95890 0.28211 0.00000 0.00000 -1.00000 -0.61607 0.73375 0.28647 0.00000 0.00000 -1.00000 -0.96199 0.03103 0.27131 -0.00000 0.00000 -1.00000 -0.88384 -0.37888 0.27438 0.00000 0.00000 -1.00000 0.38418 0.88883 0.24978 0.00000 0.00000 -1.00000 -0.43843 0.86034 0.25998 0.00000 0.00000 -1.00000 -0.74480 0.61181 0.26639 0.00000 0.00000 -1.00000 -0.93399 -0.23707 0.26731 -0.00000 0.00000 -1.00000 -0.47366 -0.84091 0.26175 0.00000 0.00000 -1.00000 0.08261 -0.96421 0.25196 0.00000 -0.00000 -1.00000 0.63513 -0.72343 0.27067 0.00000 0.00000 -1.00000 0.94476 -0.18011 0.27384 0.00000 0.00000 -1.00000 0.72649 0.63733 0.25697 0.00000 0.00000 -1.00000 0.60693 -0.74921 0.26518 0.00000 0.00000 -1.00000 0.88823 -0.36599 0.27767 0.00000 0.00000 -1.00000 0.82870 0.48186 0.28471 0.00000 0.00000 -1.00000 0.44049 0.85079 0.28658 0.00000 0.00000 -1.00000 -0.32113 0.89827 0.29997 0.00000 0.00000 -1.00000 -0.89846 0.33873 0.27935 0.00000 0.00000 -1.00000 -0.94363 -0.19161 0.26990 -0.00000 0.00000 -1.00000 -0.78252 -0.55489 0.28242 0.00000 0.00000 -1.00000 0.11626 -0.95205 0.28298 0.00000 -0.00000 -1.00000 0.61632 0.73873 0.27282 0.00000 0.00000 -1.00000 -0.30391 0.91441 0.26738 0.00000 0.00000 -1.00000 -0.82028 0.51019 0.25853 0.00000 0.00000 -1.00000 -0.94280 0.19951 0.26707 -0.00000 0.00000 -1.00000 -0.68621 -0.68087 0.25600 0.00000 0.00000 -1.00000 -0.07354 -0.96441 0.25396 0.00000 -0.00000 -1.00000 0.59917 -0.76350 0.24098 0.00000 0.00000 -1.00000 0.90630 -0.35227 0.23352 0.00000 0.00000 -1.00000 0.95539 0.15996 0.24828 0.00000 0.00000 -1.00000 0.97820 -0.02728 0.20588 0.00000 0.00000 -1.00000 0.82013 0.53548 0.20160 0.00000 0.00000 -1.00000 0.39915 0.89592 0.19494 0.00000 0.00000 -1.00000 -0.14393 0.96765 0.20721 0.00000 0.00000 -1.00000 -0.82335 0.52790 0.20836 0.00000 0.00000 -1.00000 -0.91710 -0.33915 0.20953 -0.00000 0.00000 -1.00000 -0.67601 -0.70822 0.20355 0.00000 0.00000 -1.00000 0.06473 -0.97733 0.20158 0.00000 -0.00000 -1.00000 0.42702 -0.87898 0.21223 0.00000 0.00000 -1.00000 -0.92644 0.01436 0.37617 -0.00000 0.00000 -1.00000 -0.77356 -0.51216 0.37323 0.00000 0.00000 -1.00000 -0.20281 -0.89400 0.39953 0.00000 -0.00000 -1.00000 0.53131 -0.75775 0.37885 0.00000 0.00000 -1.00000 0.73326 -0.55661 0.39054 0.00000 0.00000 -1.00000 0.84765 0.35855 0.39107 0.00000 0.00000 -1.00000 0.51305 0.76638 0.38656 0.00000 0.00000 -1.00000 0.01391 0.92423 0.38159 0.00000 0.00000 -1.00000 -0.67865 0.62900 0.37919 0.00000 0.00000 -1.00000 -0.05133 -0.95918 0.27809 0.00000 -0.00000 -1.00000 0.66324 -0.69758 0.27109 0.00000 0.00000 -1.00000 0.95756 -0.06810 0.28007 0.00000 0.00000 -1.00000 0.81539 0.51632 0.26183 0.00000 0.00000 -1.00000 0.14555 0.95564 0.25607 0.00000 0.00000 -1.00000 -0.35450 0.90238 0.24505 0.00000 0.00000 -1.00000 -0.90381 0.35215 0.24314 0.00000 0.00000 -1.00000 -0.94366 -0.22251 0.24493 -0.00000 0.00000 -1.00000 -0.73117 -0.63418 0.25141 0.00000 0.00000 -1.00000 0.85602 -0.43298 0.28243 0.00000 0.00000 -1.00000 0.93238 0.22433 0.28345 0.00000 0.00000 -1.00000 0.50725 0.82192 0.25913 0.00000 0.00000 -1.00000 0.04031 0.96473 0.26015 0.00000 0.00000 -1.00000 -0.62403 0.73011 0.27843 0.00000 0.00000 -1.00000 -0.95451 0.14375 0.26123 -0.00000 0.00000 -1.00000 -0.87746 -0.40299 0.26012 0.00000 0.00000 -1.00000 -0.46478 -0.84345 0.26938 0.00000 0.00000 -1.00000 0.26770 -0.92062 0.28424 0.00000 -0.00000 -1.00000 0.41480 -0.89974 0.13569 0.00000 0.00000 -1.00000 0.92215 -0.36027 0.14086 0.00000 0.00000 -1.00000 0.87277 0.46984 0.13239 0.00000 0.00000 -1.00000 0.67347 0.72720 0.13272 0.00000 0.00000 -1.00000 0.18111 0.97272 0.14499 0.00000 0.00000 -1.00000 -0.70938 0.69206 0.13352 0.00000 0.00000 -1.00000 -0.92475 0.35423 0.13913 -0.00000 0.00000 -1.00000 -0.88707 -0.43368 0.15822 0.00000 0.00000 -1.00000 -0.03607 -0.98998 0.13655 0.00000 -0.00000 -1.00000 0.59637 -0.62529 0.50334 0.00000 0.00000 -1.00000 0.86920 -0.05306 0.49161 0.00000 0.00000 -1.00000 0.73029 0.45245 0.51182 0.00000 0.00000 -1.00000 0.13903 0.85529 0.49915 0.00000 0.00000 -1.00000 -0.34134 0.79818 0.49638 0.00000 0.00000 -1.00000 -0.74152 0.42897 0.51588 0.00000 0.00000 -1.00000 -0.81057 -0.30733 0.49852 -0.00000 0.00000 -1.00000 -0.49207 -0.71633 0.49471 0.00000 0.00000 -1.00000 0.06490 -0.86956 0.48954 0.00000 -0.00000 -1.00000 -0.77408 0.48318 0.40907 0.00000 0.00000 -1.00000 -0.89112 -0.18616 0.41381 -0.00000 0.00000 -1.00000 -0.53900 -0.74434 0.39425 0.00000 0.00000 -1.00000 0.01451 -0.92247 0.38580 0.00000 -0.00000 -1.00000 0.48113 -0.78364 0.39296 0.00000 0.00000 -1.00000 0.90196 -0.18673 0.38936 0.00000 0.00000 -1.00000 0.77946 0.48010 0.40242 0.00000 0.00000 -1.00000 0.32921 0.85713 0.39618 0.00000 0.00000 -1.00000 -0.34314 0.85237 0.39461 0.00000 0.00000 -1.00000 0.87493 -0.41040 0.25703 0.00000 0.00000 -1.00000 0.96187 0.07999 0.26154 0.00000 0.00000 -1.00000 0.63792 0.72189 0.26820 0.00000 0.00000 -1.00000 -0.14193 0.95551 0.25857 0.00000 0.00000 -1.00000 -0.62033 0.73884 0.26325 0.00000 0.00000 -1.00000 -0.94883 0.15058 0.27759 -0.00000 0.00000 -1.00000 -0.82271 -0.50086 0.26885 0.00000 0.00000 -1.00000 -0.30652 -0.91424 0.26496 0.00000 0.00000 -1.00000 0.35033 -0.90017 0.25878 0.00000 -0.00000 -1.00000 0.82020 0.51354 0.25209 0.00000 0.00000 -1.00000 0.04437 0.96672 0.25197 0.00000 0.00000 -1.00000 -0.66865 0.70595 0.23355 0.00000 0.00000 -1.00000 -0.85119 0.46959 0.23443 -0.00000 0.00000 -1.00000 -0.82095 -0.51970 0.23654 0.00000 0.00000 -1.00000 -0.56914 -0.78858 0.23286 0.00000 0.00000 -1.00000 0.18490 -0.95045 0.24990 0.00000 -0.00000 -1.00000 0.79446 -0.56214 0.22984 0.00000 0.00000 -1.00000 0.96350 -0.12859 0.23479 0.00000 0.00000 -1.00000 0.82962 -0.43575 0.34908 0.00000 0.00000 -1.00000 0.92634 -0.10249 0.36249 0.00000 0.00000 -1.00000 0.65336 0.65441 0.38062 0.00000 0.00000 -1.00000 -0.06147 0.92608 0.37228 0.00000 0.00000 -1.00000 -0.55677 0.74104 0.37532 0.00000 0.00000 -1.00000 -0.93335 0.08529 0.34868 -0.00000 0.00000 -1.00000 -0.89021 -0.27482 0.36333 0.00000 0.00000 -1.00000 -0.32714 -0.85935 0.39307 0.00000 -0.00000 -1.00000 0.37217 -0.84065 0.39344 0.00000 0.00000 -1.00000 0.90491 -0.16709 0.39144 0.00000 0.00000 -1.00000 0.77674 0.50447 0.37708 0.00000 0.00000 -1.00000 0.46962 0.79626 0.38135 0.00000 0.00000 -1.00000 -0.35269 0.85233 0.38619 0.00000 0.00000 -1.00000 -0.71082 0.58796 0.38605 0.00000 0.00000 -1.00000 -0.84990 -0.34998 0.39393 -0.00000 0.00000 -1.00000 -0.73315 -0.55894 0.38739 0.00000 0.00000 -1.00000 0.10098 -0.91059 0.40078 0.00000 -0.00000 -1.00000 0.59947 -0.69354 0.39954 0.00000 0.00000 -1.00000 -0.84631 0.50512 0.16918 0.00000 0.00000 -1.00000 -0.96814 -0.18841 0.16496 -0.00000 0.00000 -1.00000 -0.71186 -0.68232 0.16643 0.00000 0.00000 -1.00000 -0.09851 -0.98080 0.16832 0.00000 -0.00000 -1.00000 0.66983 -0.72486 0.16095 0.00000 0.00000 -1.00000 0.83216 -0.52842 0.16818 0.00000 0.00000 -1.00000 0.86465 0.46934 0.17916 0.00000 0.00000 -1.00000 0.43478 0.88592 0.16160 0.00000 0.00000 -1.00000 -0.18149 0.97244 0.14634 0.00000 0.00000 -1.00000 -0.19717 -0.96534 0.17100 0.00000 -0.00000 -1.00000 0.68204 -0.70906 0.17902 0.00000 0.00000 -1.00000 0.98165 0.08932 0.16845 0.00000 0.00000 -1.00000 0.72512 0.66920 0.16240 0.00000 0.00000 -1.00000 0.31833 0.93449 0.15936 0.00000 0.00000 -1.00000 -0.29670 0.93830 0.17768 0.00000 0.00000 -1.00000 -0.79952 0.57492 0.17389 0.00000 0.00000 -1.00000 -0.90435 -0.40189 0.14367 -0.00000 0.00000 -1.00000 -0.84768 -0.50989 0.14645 0.00000 0.00000 -1.00000 0.27554 0.88510 0.37507 0.00000 0.00000 -1.00000 -0.37902 0.84876 0.36872 0.00000 0.00000 -1.00000 -0.76907 0.51734 0.37535 0.00000 0.00000 -1.00000 -0.91142 -0.14750 0.38413 -0.00000 0.00000 -1.00000 -0.62634 -0.67641 0.38750 0.00000 0.00000 -1.00000 0.09081 -0.92099 0.37885 0.00000 -0.00000 -1.00000 0.59438 -0.71727 0.36363 0.00000 0.00000 -1.00000 0.88886 -0.26562 0.37333 0.00000 0.00000 -1.00000 0.78847 0.47746 0.38774 0.00000 0.00000 -1.00000 -0.26627 -0.93780 0.22278 0.00000 -0.00000 -1.00000 0.70499 -0.67397 0.22079 0.00000 0.00000 -1.00000 0.84541 -0.48743 0.21839 0.00000 0.00000 -1.00000 0.81302 0.54317 0.20965 0.00000 0.00000 -1.00000 0.55566 0.80668 0.20127 0.00000 0.00000 -1.00000 0.03231 0.97705 0.21054 0.00000 0.00000 -1.00000 -0.74109 0.62884 0.23526 0.00000 0.00000 -1.00000 -0.97159 -0.08056 0.22256 -0.00000 0.00000 -1.00000 -0.68158 -0.69923 0.21569 0.00000 0.00000 -1.00000 -0.20407 -0.95898 0.19677 0.00000 0.00000 -1.00000 0.06724 -0.97799 0.19754 0.00000 -0.00000 -1.00000 0.92135 -0.31377 0.22947 0.00000 0.00000 -1.00000 0.90434 0.36138 0.22709 0.00000 0.00000 -1.00000 0.55231 0.81070 0.19423 0.00000 0.00000 -1.00000 -0.01024 0.97894 0.20390 0.00000 0.00000 -1.00000 -0.58394 0.78152 0.21966 0.00000 0.00000 -1.00000 -0.97800 -0.05263 0.20186 -0.00000 0.00000 -1.00000 -0.80048 -0.56430 0.20198 0.00000 0.00000 -1.00000 0.11057 0.96596 0.23388 0.00000 0.00000 -1.00000 -0.36137 0.90342 0.23072 0.00000 0.00000 -1.00000 -0.85166 0.46635 0.23914 0.00000 0.00000 -1.00000 -0.95383 -0.18296 0.23820 -0.00000 0.00000 -1.00000 -0.45412 -0.85943 0.23484 0.00000 0.00000 -1.00000 -0.07801 -0.96738 0.24101 0.00000 -0.00000 -1.00000 0.74276 -0.62343 0.24423 0.00000 0.00000 -1.00000 0.95727 -0.17074 0.23340 0.00000 0.00000 -1.00000 0.87982 0.40742 0.24480 0.00000 0.00000 -1.00000 -0.40389 -0.84265 0.35610 0.00000 -0.00000 -1.00000 0.32608 -0.86390 0.38385 0.00000 0.00000 -1.00000 0.88055 -0.31796 0.35146 0.00000 0.00000 -1.00000 0.92310 0.18535 0.33695 0.00000 0.00000 -1.00000 0.62343 0.70417 0.33984 0.00000 0.00000 -1.00000 0.16141 0.92314 0.34895 0.00000 0.00000 -1.00000 -0.59093 0.71083 0.38147 0.00000 0.00000 -1.00000 -0.93453 0.01500 0.35557 -0.00000 0.00000 -1.00000 -0.75512 -0.55687 0.34596 0.00000 0.00000 -1.00000 0.22840 0.86586 0.44510 0.00000 0.00000 -1.00000 -0.43033 0.77966 0.45492 0.00000 0.00000 -1.00000 -0.81917 0.34203 0.46041 -0.00000 0.00000 -1.00000 -0.77679 -0.43464 0.45572 0.00000 0.00000 -1.00000 -0.41974 -0.78637 0.45325 0.00000 0.00000 -1.00000 0.24448 -0.86039 0.44716 0.00000 -0.00000 -1.00000 0.72736 -0.52588 0.44090 0.00000 0.00000 -1.00000 0.89141 -0.07757 0.44650 0.00000 0.00000 -1.00000 0.66305 0.60563 0.43997 0.00000 0.00000 -1.00000 -0.91997 0.18791 0.34402 -0.00000 0.00000 -1.00000 -0.81378 -0.46963 0.34237 0.00000 0.00000 -1.00000 -0.19768 -0.92822 0.31517 0.00000 -0.00000 -1.00000 0.28253 -0.90785 0.30981 0.00000 0.00000 -1.00000 0.84685 -0.42500 0.31973 0.00000 0.00000 -1.00000 0.94392 0.10083 0.31439 0.00000 0.00000 -1.00000 0.63372 0.70106 0.32698 0.00000 0.00000 -1.00000 0.04903 0.94352 0.32768 0.00000 0.00000 -1.00000 -0.61580 0.70899 0.34370 0.00000 0.00000 -1.00000 0.87262 -0.05131 0.48570 0.00000 0.00000 -1.00000 0.64644 0.59780 0.47408 0.00000 0.00000 -1.00000 0.26144 0.84022 0.47506 0.00000 0.00000 -1.00000 -0.40331 0.77964 0.47906 0.00000 0.00000 -1.00000 -0.80086 0.35906 0.47927 -0.00000 0.00000 -1.00000 -0.82599 -0.26555 0.49722 0.00000 0.00000 -1.00000 -0.39441 -0.78459 0.47838 0.00000 0.00000 -1.00000 0.08947 -0.87961 0.46721 0.00000 -0.00000 -1.00000 0.62687 -0.61389 0.47976 0.00000 0.00000 -1.00000 -0.94103 -0.08771 0.32676 -0.00000 0.00000 -1.00000 -0.57416 -0.76466 0.29264 0.00000 0.00000 -1.00000 -0.29098 -0.90895 0.29857 0.00000 -0.00000 -1.00000 0.47772 -0.82012 0.31494 0.00000 0.00000 -1.00000 0.91252 -0.26411 0.31235 0.00000 0.00000 -1.00000 0.89047 0.30663 0.33622 0.00000 0.00000 -1.00000 0.37997 0.86402 0.33028 0.00000 0.00000 -1.00000 -0.36121 0.87516 0.32191 0.00000 0.00000 -1.00000 -0.72471 0.60709 0.32595 0.00000 0.00000 -1.00000 -0.76586 -0.61571 0.18539 0.00000 0.00000 -1.00000 -0.05731 -0.97379 0.22012 0.00000 -0.00000 -1.00000 0.60451 -0.76748 0.21340 0.00000 0.00000 -1.00000 0.96964 -0.12613 0.20950 0.00000 0.00000 -1.00000 0.91114 0.35931 0.20179 0.00000 0.00000 -1.00000 0.32742 0.91951 0.21749 0.00000 0.00000 -1.00000 -0.26796 0.93922 0.21460 0.00000 0.00000 -1.00000 -0.88036 0.42484 0.21089 0.00000 0.00000 -1.00000 -0.95148 -0.24486 0.18636 -0.00000 0.00000 -1.00000 0.90066 0.12403 0.41646 0.00000 0.00000 -1.00000 0.63506 0.66268 0.39694 0.00000 0.00000 -1.00000 0.16286 0.89596 0.41320 0.00000 0.00000 -1.00000 -0.64179 0.64589 0.41343 0.00000 0.00000 -1.00000 -0.88301 0.25652 0.39306 -0.00000 0.00000 -1.00000 -0.86025 -0.32510 0.39279 0.00000 0.00000 -1.00000 -0.54400 -0.73697 0.40117 0.00000 0.00000 -1.00000 0.39162 -0.83238 0.39215 0.00000 -0.00000 -1.00000 0.68412 -0.62175 0.38132 0.00000 0.00000 -1.00000 -0.91245 -0.08766 0.39969 -0.00000 0.00000 -1.00000 -0.69423 -0.60111 0.39586 0.00000 0.00000 -1.00000 -0.23043 -0.87993 0.41549 0.00000 -0.00000 -1.00000 0.57567 -0.71370 0.39905 0.00000 0.00000 -1.00000 0.81913 -0.40769 0.40350 0.00000 0.00000 -1.00000 0.83914 0.37615 0.39288 0.00000 0.00000 -1.00000 0.49350 0.77368 0.39733 0.00000 0.00000 -1.00000 -0.09413 0.90888 0.40629 0.00000 0.00000 -1.00000 -0.69972 0.57934 0.41803 0.00000 0.00000 -1.00000 -0.84548 0.32303 0.42522 0.00000 0.00000 -1.00000 -0.86778 -0.27695 0.41263 -0.00000 0.00000 -1.00000 -0.61793 -0.66498 0.41949 0.00000 0.00000 -1.00000 0.12510 -0.89480 0.42859 0.00000 -0.00000 -1.00000 0.61603 -0.66973 0.41469 0.00000 0.00000 -1.00000 0.90783 -0.03171 0.41814 0.00000 0.00000 -1.00000 0.73257 0.54406 0.40907 0.00000 0.00000 -1.00000 0.18262 0.89413 0.40887 0.00000 0.00000 -1.00000 -0.24886 0.87799 0.40891 0.00000 0.00000 -1.00000 0.01317 0.96214 0.27222 0.00000 0.00000 -1.00000 -0.54480 0.79610 0.26347 0.00000 0.00000 -1.00000 -0.96206 0.08621 0.25887 -0.00000 0.00000 -1.00000 -0.89126 -0.37776 0.25090 0.00000 0.00000 -1.00000 -0.35629 -0.89565 0.26622 0.00000 -0.00000 -1.00000 0.35049 -0.89482 0.27652 0.00000 0.00000 -1.00000 0.80774 -0.53161 0.25484 0.00000 0.00000 -1.00000 0.96324 -0.06914 0.25958 0.00000 0.00000 -1.00000 0.51114 0.81427 0.27513 0.00000 0.00000 -1.00000 -0.50146 -0.77524 0.38410 0.00000 0.00000 -1.00000 0.29534 -0.87992 0.37217 0.00000 -0.00000 -1.00000 0.67892 -0.64150 0.35714 0.00000 0.00000 -1.00000 0.90328 -0.21625 0.37057 0.00000 0.00000 -1.00000 0.70418 0.60217 0.37620 0.00000 0.00000 -1.00000 0.19539 0.90046 0.38858 0.00000 0.00000 -1.00000 -0.38024 0.83871 0.38985 0.00000 0.00000 -1.00000 -0.88118 0.27054 0.38772 -0.00000 0.00000 -1.00000 -0.87398 -0.28949 0.39033 0.00000 0.00000 -1.00000 0.97974 0.03583 0.19706 0.00000 0.00000 -1.00000 0.85392 0.47250 0.21808 0.00000 0.00000 -1.00000 0.06578 0.96956 0.23586 0.00000 0.00000 -1.00000 -0.79891 0.56125 0.21620 0.00000 0.00000 -1.00000 -0.96741 0.15582 0.19960 0.00000 0.00000 -1.00000 -0.96599 -0.16974 0.19509 -0.00000 0.00000 -1.00000 -0.40113 -0.88597 0.23270 0.00000 0.00000 -1.00000 0.45600 -0.86297 0.21759 0.00000 -0.00000 -1.00000 0.92761 -0.31674 0.19804 0.00000 0.00000 -1.00000 -0.88458 -0.06855 0.46133 -0.00000 0.00000 -1.00000 -0.71395 -0.52536 0.46289 0.00000 0.00000 -1.00000 -0.12798 -0.86421 0.48659 0.00000 -0.00000 -1.00000 0.54607 -0.70291 0.45577 0.00000 0.00000 -1.00000 0.84150 -0.30202 0.44795 0.00000 0.00000 -1.00000 0.84422 0.25374 0.47213 0.00000 0.00000 -1.00000 0.39184 0.77661 0.49329 0.00000 0.00000 -1.00000 -0.21388 0.85036 0.48078 0.00000 0.00000 -1.00000 -0.69846 0.52753 0.48360 0.00000 0.00000 -1.00000 0.70276 -0.57340 0.42113 0.00000 0.00000 -1.00000 0.89757 0.16717 0.40795 0.00000 0.00000 -1.00000 0.71889 0.54779 0.42793 0.00000 0.00000 -1.00000 0.00090 0.89895 0.43804 0.00000 0.00000 -1.00000 -0.49953 0.74370 0.44427 0.00000 0.00000 -1.00000 -0.87330 0.22130 0.43401 -0.00000 0.00000 -1.00000 -0.79508 -0.44115 0.41621 0.00000 0.00000 -1.00000 -0.33808 -0.84877 0.40656 0.00000 0.00000 -1.00000 0.25737 -0.87160 0.41722 0.00000 -0.00000 -1.00000 0.84148 -0.47738 0.25304 0.00000 0.00000 -1.00000 0.95983 0.06645 0.27260 0.00000 0.00000 -1.00000 0.67130 0.68587 0.28095 0.00000 0.00000 -1.00000 -0.11151 0.95942 0.25901 0.00000 0.00000 -1.00000 -0.69028 0.68279 0.23940 0.00000 0.00000 -1.00000 -0.95529 0.17953 0.23490 -0.00000 0.00000 -1.00000 -0.94502 -0.21227 0.24877 0.00000 0.00000 -1.00000 -0.26490 -0.92700 0.26553 0.00000 0.00000 -1.00000 0.29093 -0.92157 0.25703 0.00000 -0.00000 -1.00000 -0.92498 0.23602 0.29784 -0.00000 0.00000 -1.00000 -0.64484 -0.71077 0.28106 0.00000 0.00000 -1.00000 -0.44410 -0.85026 0.28254 0.00000 -0.00000 -1.00000 0.47412 -0.82973 0.29455 0.00000 0.00000 -1.00000 0.88311 -0.37489 0.28211 0.00000 0.00000 -1.00000 0.91415 0.30055 0.27203 0.00000 0.00000 -1.00000 0.44891 0.85166 0.27047 0.00000 0.00000 -1.00000 0.01310 0.95992 0.27996 0.00000 0.00000 -1.00000 -0.75102 0.59500 0.28625 0.00000 0.00000 -1.00000 0.75812 -0.58010 0.29790 0.00000 0.00000 -1.00000 0.94599 0.09443 0.31014 0.00000 0.00000 -1.00000 0.47417 0.83105 0.29072 0.00000 0.00000 -1.00000 0.00715 0.96080 0.27714 0.00000 0.00000 -1.00000 -0.55449 0.78446 0.27778 0.00000 0.00000 -1.00000 -0.93977 0.20341 0.27468 -0.00000 0.00000 -1.00000 -0.83255 -0.47181 0.29026 0.00000 0.00000 -1.00000 -0.24312 -0.92387 0.29556 0.00000 0.00000 -1.00000 0.27158 -0.91852 0.28733 0.00000 -0.00000 -1.00000 0.34284 0.86305 0.37095 0.00000 0.00000 -1.00000 -0.02762 0.92950 0.36779 0.00000 0.00000 -1.00000 -0.80054 0.47867 0.36056 0.00000 0.00000 -1.00000 -0.92526 0.11482 0.36155 -0.00000 0.00000 -1.00000 -0.60993 -0.69507 0.38061 0.00000 0.00000 -1.00000 -0.31490 -0.87387 0.37038 0.00000 -0.00000 -1.00000 0.61944 -0.68586 0.38196 0.00000 0.00000 -1.00000 0.89899 -0.24671 0.36188 0.00000 0.00000 -1.00000 0.88165 0.29911 0.36499 0.00000 0.00000 -1.00000 0.04548 -0.80445 0.59227 0.00000 -0.00000 -1.00000 0.54825 -0.59301 0.58971 0.00000 0.00000 -1.00000 0.79632 -0.13755 0.58902 0.00000 0.00000 -1.00000 0.66933 0.44439 0.59541 0.00000 0.00000 -1.00000 0.27142 0.76955 0.57803 0.00000 0.00000 -1.00000 -0.32324 0.75076 0.57608 0.00000 0.00000 -1.00000 -0.70210 0.41696 0.57723 0.00000 0.00000 -1.00000 -0.80728 -0.13451 0.57464 -0.00000 0.00000 -1.00000 -0.56122 -0.57827 0.59214 0.00000 0.00000 -1.00000 0.52508 0.68643 0.50310 0.00000 0.00000 -1.00000 0.08906 0.85328 0.51379 0.00000 0.00000 -1.00000 -0.56872 0.63536 0.52238 0.00000 0.00000 -1.00000 -0.84793 0.14828 0.50894 -0.00000 0.00000 -1.00000 -0.80858 -0.28499 0.51476 0.00000 0.00000 -1.00000 -0.28226 -0.80106 0.52786 0.00000 0.00000 -1.00000 0.29810 -0.81045 0.50430 0.00000 -0.00000 -1.00000 0.73046 -0.45119 0.51269 0.00000 0.00000 -1.00000 0.83926 0.17615 0.51440 0.00000 0.00000 -1.00000 -0.08077 -0.96925 0.23243 0.00000 -0.00000 -1.00000 0.65242 -0.72474 0.22158 0.00000 0.00000 -1.00000 0.96976 -0.09328 0.22555 0.00000 0.00000 -1.00000 0.90271 0.35564 0.24215 0.00000 0.00000 -1.00000 0.34244 0.89969 0.27071 0.00000 0.00000 -1.00000 -0.49595 0.83074 0.25281 0.00000 0.00000 -1.00000 -0.77428 0.58031 0.25244 0.00000 0.00000 -1.00000 -0.90450 -0.35610 0.23467 -0.00000 0.00000 -1.00000 -0.64722 -0.72606 0.23226 0.00000 0.00000 -1.00000 -0.16548 -0.96372 0.20945 0.00000 -0.00000 -1.00000 0.76016 -0.61210 0.21791 0.00000 0.00000 -1.00000 0.97125 -0.10557 0.21337 0.00000 0.00000 -1.00000 0.86138 0.46636 0.20135 0.00000 0.00000 -1.00000 0.53308 0.81576 0.22442 0.00000 0.00000 -1.00000 -0.41283 0.88279 0.22417 0.00000 0.00000 -1.00000 -0.74930 0.62079 0.23056 0.00000 0.00000 -1.00000 -0.93047 -0.29107 0.22248 -0.00000 0.00000 -1.00000 -0.59886 -0.77212 0.21260 0.00000 0.00000 -1.00000 0.59727 0.75919 0.25864 0.00000 0.00000 -1.00000 0.14635 0.95646 0.25250 0.00000 0.00000 -1.00000 -0.56904 0.77687 0.26955 0.00000 0.00000 -1.00000 -0.93281 0.23322 0.27472 -0.00000 0.00000 -1.00000 -0.79911 -0.54216 0.25977 0.00000 0.00000 -1.00000 -0.47593 -0.84141 0.25597 0.00000 0.00000 -1.00000 0.22540 -0.94165 0.24997 0.00000 -0.00000 -1.00000 0.80902 -0.53546 0.24241 0.00000 0.00000 -1.00000 0.96678 0.01885 0.25490 0.00000 0.00000 -1.00000 -0.53903 -0.73284 0.41520 0.00000 0.00000 -1.00000 0.12329 -0.90138 0.41511 0.00000 -0.00000 -1.00000 0.69117 -0.58098 0.42982 0.00000 0.00000 -1.00000 0.90151 0.08634 0.42406 0.00000 0.00000 -1.00000 0.76125 0.49311 0.42113 0.00000 0.00000 -1.00000 0.23918 0.87282 0.42541 0.00000 0.00000 -1.00000 -0.49606 0.75405 0.43051 0.00000 0.00000 -1.00000 -0.84162 0.34959 0.41166 0.00000 0.00000 -1.00000 -0.86329 -0.29732 0.40785 -0.00000 0.00000 -1.00000 0.11793 0.85951 0.49734 0.00000 0.00000 -1.00000 -0.36239 0.78970 0.49503 0.00000 0.00000 -1.00000 -0.83089 0.25082 0.49670 -0.00000 0.00000 -1.00000 -0.83576 -0.20758 0.50835 0.00000 0.00000 -1.00000 -0.39507 -0.76073 0.51498 0.00000 0.00000 -1.00000 0.18134 -0.84462 0.50372 0.00000 -0.00000 -1.00000 0.69665 -0.51657 0.49783 0.00000 0.00000 -1.00000 0.87110 -0.01740 0.49081 0.00000 0.00000 -1.00000 0.69365 0.52168 0.49670 0.00000 0.00000 -1.00000 -0.50662 -0.83252 0.22416 0.00000 0.00000 -1.00000 0.05378 -0.97200 0.22876 0.00000 -0.00000 -1.00000 0.79622 -0.55508 0.24068 0.00000 0.00000 -1.00000 0.96749 -0.07287 0.24219 0.00000 0.00000 -1.00000 0.68312 0.68972 0.24008 0.00000 0.00000 -1.00000 0.22651 0.94411 0.23948 0.00000 0.00000 -1.00000 -0.48625 0.83843 0.24616 0.00000 0.00000 -1.00000 -0.95997 0.15719 0.23183 -0.00000 0.00000 -1.00000 -0.90455 -0.36375 0.22245 0.00000 0.00000 -1.00000 0.75949 -0.30454 0.57484 0.00000 0.00000 -1.00000 0.81210 0.12494 0.56998 0.00000 0.00000 -1.00000 0.50008 0.64953 0.57274 0.00000 0.00000 -1.00000 -0.10896 0.80720 0.58013 0.00000 0.00000 -1.00000 -0.54534 0.61138 0.57343 0.00000 0.00000 -1.00000 -0.80242 0.10997 0.58654 -0.00000 0.00000 -1.00000 -0.65872 -0.48857 0.57218 0.00000 0.00000 -1.00000 -0.29235 -0.76302 0.57648 0.00000 -0.00000 -1.00000 0.31587 -0.74486 0.58772 0.00000 0.00000 -1.00000 -0.19441 0.86604 0.46064 0.00000 0.00000 -1.00000 -0.60696 0.65032 0.45682 0.00000 0.00000 -1.00000 -0.88819 -0.07655 0.45305 -0.00000 0.00000 -1.00000 -0.71467 -0.52055 0.46720 0.00000 0.00000 -1.00000 -0.03093 -0.89379 0.44742 0.00000 -0.00000 -1.00000 0.37898 -0.81173 0.44437 0.00000 0.00000 -1.00000 0.83540 -0.32301 0.44472 0.00000 0.00000 -1.00000 0.84816 0.30201 0.43522 0.00000 0.00000 -1.00000 0.49480 0.73361 0.46583 0.00000 0.00000 -1.00000 -0.01039 0.94664 0.32214 0.00000 0.00000 -1.00000 -0.41108 0.85360 0.31998 0.00000 0.00000 -1.00000 -0.89674 0.26252 0.35628 -0.00000 0.00000 -1.00000 -0.84596 -0.40656 0.34505 0.00000 0.00000 -1.00000 -0.31909 -0.87973 0.35250 0.00000 0.00000 -1.00000 0.28094 -0.89964 0.33426 0.00000 -0.00000 -1.00000 0.70773 -0.61629 0.34539 0.00000 0.00000 -1.00000 0.89790 0.29023 0.33096 0.00000 0.00000 -1.00000 0.69198 0.64886 0.31646 0.00000 0.00000 -1.00000 -0.73471 -0.65018 0.19357 0.00000 0.00000 -1.00000 0.03661 -0.98238 0.18325 0.00000 -0.00000 -1.00000 0.60647 -0.77439 0.18030 0.00000 0.00000 -1.00000 0.95512 -0.24432 0.16751 0.00000 0.00000 -1.00000 0.85787 0.48304 0.17528 0.00000 0.00000 -1.00000 0.39764 0.90028 0.17712 0.00000 0.00000 -1.00000 -0.21192 0.96229 0.17058 0.00000 0.00000 -1.00000 -0.89972 0.39318 0.18954 0.00000 0.00000 -1.00000 -0.97839 0.08728 0.18746 -0.00000 0.00000 -1.00000 -0.60706 0.74867 0.26641 0.00000 0.00000 -1.00000 -0.90950 0.31017 0.27678 -0.00000 0.00000 -1.00000 -0.78856 -0.54666 0.28168 0.00000 0.00000 -1.00000 -0.31889 -0.90665 0.27623 0.00000 -0.00000 -1.00000 0.31540 -0.90759 0.27714 0.00000 0.00000 -1.00000 0.81879 -0.50273 0.27721 0.00000 0.00000 -1.00000 0.94090 0.20429 0.27012 0.00000 0.00000 -1.00000 0.70952 0.64620 0.28110 0.00000 0.00000 -1.00000 -0.16495 0.94759 0.27360 0.00000 0.00000 -1.00000 -0.21564 0.96568 0.14475 0.00000 0.00000 -1.00000 -0.93840 0.31336 0.14562 0.00000 0.00000 -1.00000 -0.98946 -0.03248 0.14114 -0.00000 0.00000 -1.00000 -0.75266 -0.64112 0.14990 0.00000 0.00000 -1.00000 -0.32513 -0.93262 0.15653 0.00000 -0.00000 -1.00000 0.56376 -0.81136 0.15452 0.00000 0.00000 -1.00000 0.96500 -0.21585 0.14897 0.00000 0.00000 -1.00000 0.95438 0.26244 0.14239 0.00000 0.00000 -1.00000 0.39998 0.90208 0.16209 0.00000 0.00000 -1.00000 -0.60517 -0.66908 0.43139 0.00000 0.00000 -1.00000 -0.08487 -0.89611 0.43565 0.00000 -0.00000 -1.00000 0.40731 -0.79706 0.44586 0.00000 0.00000 -1.00000 0.86568 -0.18840 0.46380 0.00000 0.00000 -1.00000 0.80473 0.36926 0.46482 0.00000 0.00000 -1.00000 0.29444 0.84135 0.45325 0.00000 0.00000 -1.00000 -0.25292 0.86222 0.43887 0.00000 0.00000 -1.00000 -0.68322 0.57766 0.44668 0.00000 0.00000 -1.00000 -0.88385 -0.11778 0.45270 -0.00000 0.00000 -1.00000 0.11410 -0.97174 0.20666 0.00000 -0.00000 -1.00000 0.86667 -0.45063 0.21405 0.00000 0.00000 -1.00000 0.97283 0.10802 0.20479 0.00000 0.00000 -1.00000 0.63764 0.74154 0.20863 0.00000 0.00000 -1.00000 0.23459 0.94904 0.21043 0.00000 0.00000 -1.00000 -0.58587 0.78245 0.21101 0.00000 0.00000 -1.00000 -0.94885 0.22967 0.21664 -0.00000 0.00000 -1.00000 -0.89956 -0.37315 0.22703 0.00000 0.00000 -1.00000 -0.30829 -0.92781 0.21005 0.00000 0.00000 -1.00000 0.76756 0.55037 0.32854 0.00000 0.00000 -1.00000 0.29004 0.90110 0.32233 0.00000 0.00000 -1.00000 -0.41098 0.84277 0.34762 0.00000 0.00000 -1.00000 -0.90976 0.23930 0.33923 -0.00000 0.00000 -1.00000 -0.88364 -0.33008 0.33201 0.00000 0.00000 -1.00000 -0.49390 -0.81059 0.31467 0.00000 0.00000 -1.00000 0.10924 -0.93796 0.32909 0.00000 -0.00000 -1.00000 0.65365 -0.68261 0.32678 0.00000 0.00000 -1.00000 0.93797 0.06352 0.34084 0.00000 0.00000 -1.00000 0.84198 -0.51420 0.16331 0.00000 0.00000 -1.00000 0.97870 0.11176 0.17221 0.00000 0.00000 -1.00000 0.73296 0.65811 0.17221 0.00000 0.00000 -1.00000 0.03840 0.97982 0.19616 0.00000 0.00000 -1.00000 -0.66057 0.72975 0.17638 0.00000 0.00000 -1.00000 -0.96268 0.20082 0.18144 -0.00000 0.00000 -1.00000 -0.83529 -0.51668 0.18799 0.00000 0.00000 -1.00000 -0.09379 -0.98146 0.16717 0.00000 0.00000 -1.00000 0.23288 -0.95905 0.16120 0.00000 -0.00000 -1.00000 0.63570 -0.70139 0.32239 0.00000 0.00000 -1.00000 0.90996 -0.23032 0.34487 0.00000 0.00000 -1.00000 0.78891 0.49373 0.36587 0.00000 0.00000 -1.00000 0.10915 0.93167 0.34653 0.00000 0.00000 -1.00000 -0.46947 0.81603 0.33718 0.00000 0.00000 -1.00000 -0.90431 0.26693 0.33313 0.00000 0.00000 -1.00000 -0.91234 -0.25005 0.32420 -0.00000 0.00000 -1.00000 -0.62078 -0.70544 0.34203 0.00000 0.00000 -1.00000 0.23002 -0.91404 0.33411 0.00000 -0.00000 -1.00000 -0.02279 0.94142 0.33647 0.00000 0.00000 -1.00000 -0.66023 0.67272 0.33399 0.00000 0.00000 -1.00000 -0.88155 0.32006 0.34703 -0.00000 0.00000 -1.00000 -0.81937 -0.46190 0.33952 0.00000 0.00000 -1.00000 -0.20019 -0.92126 0.33347 0.00000 -0.00000 -1.00000 0.48055 -0.81641 0.32022 0.00000 0.00000 -1.00000 0.76770 -0.55944 0.31251 0.00000 0.00000 -1.00000 0.93862 -0.09130 0.33264 0.00000 0.00000 -1.00000 0.61769 0.70320 0.35209 0.00000 0.00000 -1.00000 -0.22299 0.89754 0.38040 0.00000 0.00000 -1.00000 -0.69743 0.61563 0.36686 0.00000 0.00000 -1.00000 -0.92632 0.05141 0.37322 -0.00000 0.00000 -1.00000 -0.67543 -0.63322 0.37791 0.00000 0.00000 -1.00000 -0.23403 -0.89406 0.38196 0.00000 -0.00000 -1.00000 0.42327 -0.81747 0.39062 0.00000 0.00000 -1.00000 0.82294 -0.40553 0.39789 0.00000 0.00000 -1.00000 0.83899 0.38625 0.38327 0.00000 0.00000 -1.00000 0.57782 0.71753 0.38893 0.00000 0.00000 -1.00000 0.76279 -0.58591 0.27361 0.00000 0.00000 -1.00000 0.93823 0.22792 0.26032 0.00000 0.00000 -1.00000 0.71309 0.64934 0.26430 0.00000 0.00000 -1.00000 0.12864 0.95410 0.27044 0.00000 0.00000 -1.00000 -0.57340 0.77189 0.27459 0.00000 0.00000 -1.00000 -0.94730 0.16135 0.27675 -0.00000 0.00000 -1.00000 -0.78145 -0.56641 0.26174 0.00000 0.00000 -1.00000 -0.49192 -0.83308 0.25297 0.00000 0.00000 -1.00000 0.22448 -0.93330 0.28029 0.00000 -0.00000 -1.00000 0.87044 0.00367 0.49227 0.00000 0.00000 -1.00000 0.55061 0.67405 0.49242 0.00000 0.00000 -1.00000 0.13497 0.86423 0.48465 0.00000 0.00000 -1.00000 -0.51743 0.69590 0.49799 0.00000 0.00000 -1.00000 -0.87388 0.13292 0.46762 -0.00000 0.00000 -1.00000 -0.77671 -0.41741 0.47170 0.00000 0.00000 -1.00000 -0.46540 -0.74506 0.47780 0.00000 0.00000 -1.00000 0.31753 -0.80897 0.49471 0.00000 -0.00000 -1.00000 0.76077 -0.43441 0.48220 0.00000 0.00000 -1.00000 -0.41103 -0.82819 0.38099 0.00000 0.00000 -1.00000 0.15815 -0.91860 0.36216 0.00000 -0.00000 -1.00000 0.64896 -0.66189 0.37517 0.00000 0.00000 -1.00000 0.92070 -0.04340 0.38786 0.00000 0.00000 -1.00000 0.71180 0.59386 0.37506 0.00000 0.00000 -1.00000 0.22134 0.90464 0.36420 0.00000 0.00000 -1.00000 -0.43599 0.82423 0.36134 0.00000 0.00000 -1.00000 -0.85742 0.36449 0.36329 0.00000 0.00000 -1.00000 -0.90096 -0.21670 0.37590 -0.00000 0.00000 -1.00000 0.61838 -0.58418 0.52569 0.00000 0.00000 -1.00000 0.84219 -0.00009 0.53918 0.00000 0.00000 -1.00000 0.68973 0.48421 0.53834 0.00000 0.00000 -1.00000 0.14493 0.82741 0.54258 0.00000 0.00000 -1.00000 -0.46840 0.70241 0.53593 0.00000 0.00000 -1.00000 -0.78371 0.29604 0.54603 -0.00000 0.00000 -1.00000 -0.77722 -0.31076 0.54714 0.00000 0.00000 -1.00000 -0.36750 -0.76216 0.53296 0.00000 0.00000 -1.00000 0.13315 -0.84758 0.51368 0.00000 -0.00000 -1.00000 -0.56243 0.76264 0.31946 0.00000 0.00000 -1.00000 -0.94180 0.13341 0.30856 -0.00000 0.00000 -1.00000 -0.89943 -0.31023 0.30787 0.00000 0.00000 -1.00000 -0.48860 -0.81642 0.30777 0.00000 0.00000 -1.00000 0.08442 -0.94275 0.32265 0.00000 -0.00000 -1.00000 0.84427 -0.43410 0.31426 0.00000 0.00000 -1.00000 0.94822 -0.04527 0.31438 0.00000 0.00000 -1.00000 0.56699 0.76527 0.30476 0.00000 0.00000 -1.00000 0.24542 0.92283 0.29691 0.00000 0.00000 -1.00000 -0.86817 -0.42725 0.25247 0.00000 0.00000 -1.00000 -0.09976 -0.96520 0.24172 0.00000 -0.00000 -1.00000 0.48959 -0.83939 0.23608 0.00000 0.00000 -1.00000 0.83080 -0.50094 0.24255 0.00000 0.00000 -1.00000 0.95155 0.16555 0.25912 0.00000 0.00000 -1.00000 0.47150 0.84139 0.26409 0.00000 0.00000 -1.00000 -0.21545 0.94488 0.24654 0.00000 0.00000 -1.00000 -0.54804 0.79620 0.25634 0.00000 0.00000 -1.00000 -0.96541 -0.07316 0.25028 -0.00000 0.00000 -1.00000 -0.83207 0.44570 0.33017 0.00000 0.00000 -1.00000 -0.94325 0.01463 0.33176 -0.00000 0.00000 -1.00000 -0.73569 -0.58093 0.34826 0.00000 0.00000 -1.00000 -0.02253 -0.93456 0.35510 0.00000 -0.00000 -1.00000 0.64617 -0.68276 0.34104 0.00000 0.00000 -1.00000 0.89513 -0.30264 0.32734 0.00000 0.00000 -1.00000 0.88928 0.31168 0.33471 0.00000 0.00000 -1.00000 0.39756 0.85684 0.32829 0.00000 0.00000 -1.00000 -0.14351 0.92620 0.34864 0.00000 0.00000 -1.00000 0.89845 -0.34750 0.26840 0.00000 0.00000 -1.00000 0.95955 0.09083 0.26649 0.00000 0.00000 -1.00000 0.58083 0.76936 0.26594 0.00000 0.00000 -1.00000 -0.01417 0.96196 0.27283 0.00000 0.00000 -1.00000 -0.70295 0.65649 0.27365 0.00000 0.00000 -1.00000 -0.91581 0.29906 0.26805 -0.00000 0.00000 -1.00000 -0.80077 -0.53150 0.27618 0.00000 0.00000 -1.00000 -0.27852 -0.92229 0.26796 0.00000 -0.00000 -1.00000 0.31550 -0.90697 0.27905 0.00000 0.00000 -1.00000 -0.81496 0.44451 0.37182 0.00000 0.00000 -1.00000 -0.84960 -0.41074 0.33088 -0.00000 0.00000 -1.00000 -0.76464 -0.55603 0.32583 0.00000 0.00000 -1.00000 0.05721 -0.92718 0.37022 0.00000 -0.00000 -1.00000 0.67341 -0.65582 0.34122 0.00000 0.00000 -1.00000 0.88362 -0.31626 0.34525 0.00000 0.00000 -1.00000 0.81512 0.47201 0.33583 0.00000 0.00000 -1.00000 0.45741 0.81839 0.34787 0.00000 0.00000 -1.00000 -0.28490 0.88493 0.36841 0.00000 0.00000 -1.00000 -0.41503 0.86740 0.27453 0.00000 0.00000 -1.00000 -0.80469 0.52530 0.27664 0.00000 0.00000 -1.00000 -0.91751 -0.28538 0.27700 -0.00000 0.00000 -1.00000 -0.68088 -0.67870 0.27527 0.00000 0.00000 -1.00000 0.03234 -0.96262 0.26892 0.00000 -0.00000 -1.00000 0.56430 -0.78043 0.26927 0.00000 0.00000 -1.00000 0.95046 -0.11131 0.29024 0.00000 0.00000 -1.00000 0.80417 0.51708 0.29315 0.00000 0.00000 -1.00000 0.26099 0.91977 0.29310 0.00000 0.00000 -1.00000 -0.96203 0.09886 0.25441 -0.00000 0.00000 -1.00000 -0.61632 -0.74221 0.26319 0.00000 0.00000 -1.00000 0.36927 -0.89680 0.24371 0.00000 -0.00000 -1.00000 0.42138 -0.87414 0.24149 0.00000 0.00000 -1.00000 0.96405 -0.04421 0.26200 0.00000 0.00000 -1.00000 0.84257 0.48199 0.24032 0.00000 0.00000 -1.00000 0.20210 0.94746 0.24794 0.00000 0.00000 -1.00000 -0.16567 0.95661 0.23968 0.00000 0.00000 -1.00000 -0.93670 0.24174 0.25330 0.00000 0.00000 -1.00000 0.35670 -0.89554 0.26604 0.00000 0.00000 -1.00000 0.87749 -0.38400 0.28733 0.00000 0.00000 -1.00000 0.93706 0.18846 0.29396 0.00000 0.00000 -1.00000 0.51727 0.80039 0.30300 0.00000 0.00000 -1.00000 0.01205 0.95396 0.29970 0.00000 0.00000 -1.00000 -0.88837 0.36920 0.27291 0.00000 0.00000 -1.00000 -0.96332 0.05352 0.26295 -0.00000 0.00000 -1.00000 -0.88257 -0.37691 0.28109 0.00000 0.00000 -1.00000 0.14262 -0.95017 0.27718 0.00000 -0.00000 -1.00000 -0.88632 0.34331 0.31076 0.00000 0.00000 -1.00000 -0.92868 -0.18062 0.32392 -0.00000 0.00000 -1.00000 -0.48805 -0.81552 0.31103 0.00000 0.00000 -1.00000 0.01899 -0.94534 0.32554 0.00000 -0.00000 -1.00000 0.77263 -0.56096 0.29725 0.00000 0.00000 -1.00000 0.94078 -0.15765 0.30013 0.00000 0.00000 -1.00000 0.80828 0.49550 0.31806 0.00000 0.00000 -1.00000 0.15802 0.92923 0.33401 0.00000 0.00000 -1.00000 -0.52490 0.79287 0.30958 0.00000 0.00000 -1.00000 0.96550 -0.00852 0.26026 0.00000 0.00000 -1.00000 0.56439 0.78525 0.25466 0.00000 0.00000 -1.00000 0.15446 0.95509 0.25288 0.00000 0.00000 -1.00000 -0.55616 0.79292 0.24892 0.00000 0.00000 -1.00000 -0.95090 0.17517 0.25516 -0.00000 0.00000 -1.00000 -0.91190 -0.32721 0.24773 0.00000 0.00000 -1.00000 -0.35091 -0.90182 0.25216 0.00000 0.00000 -1.00000 0.17976 -0.95120 0.25080 0.00000 -0.00000 -1.00000 0.78689 -0.56186 0.25519 0.00000 0.00000 -1.00000 -0.58975 0.70820 0.38812 0.00000 0.00000 -1.00000 -0.87777 0.27979 0.38890 -0.00000 0.00000 -1.00000 -0.76752 -0.51679 0.37926 0.00000 0.00000 -1.00000 -0.40004 -0.83005 0.38856 0.00000 0.00000 -1.00000 0.38482 -0.84098 0.38036 0.00000 -0.00000 -1.00000 0.73427 -0.56472 0.37674 0.00000 0.00000 -1.00000 0.85544 0.36300 0.36939 0.00000 0.00000 -1.00000 0.68138 0.63482 0.36432 0.00000 0.00000 -1.00000 0.09421 0.91759 0.38619 0.00000 0.00000 -1.00000 0.91385 -0.27830 0.29568 0.00000 0.00000 -1.00000 0.76576 0.56881 0.30012 0.00000 0.00000 -1.00000 0.45660 0.84062 0.29131 0.00000 0.00000 -1.00000 -0.45166 0.84378 0.28988 0.00000 0.00000 -1.00000 -0.75322 0.59068 0.28943 0.00000 0.00000 -1.00000 -0.94957 -0.10030 0.29707 -0.00000 0.00000 -1.00000 -0.67392 -0.67325 0.30423 0.00000 0.00000 -1.00000 -0.02606 -0.95296 0.30198 0.00000 -0.00000 -1.00000 0.68814 -0.66364 0.29334 0.00000 0.00000 -1.00000 0.67792 0.58622 0.44358 0.00000 0.00000 -1.00000 0.08082 0.90120 0.42581 0.00000 0.00000 -1.00000 -0.40776 0.80794 0.42539 0.00000 0.00000 -1.00000 -0.83856 0.34605 0.42080 -0.00000 0.00000 -1.00000 -0.79475 -0.43676 0.42145 0.00000 0.00000 -1.00000 -0.38406 -0.82741 0.40974 0.00000 0.00000 -1.00000 0.08507 -0.90325 0.42060 0.00000 -0.00000 -1.00000 0.72594 -0.54556 0.41879 0.00000 0.00000 -1.00000 0.90289 -0.03868 0.42813 0.00000 0.00000 -1.00000 0.87387 -0.06299 0.48206 0.00000 0.00000 -1.00000 0.64836 0.58630 0.48569 0.00000 0.00000 -1.00000 0.19296 0.85339 0.48425 0.00000 0.00000 -1.00000 -0.45816 0.75065 0.47605 0.00000 0.00000 -1.00000 -0.77101 0.40917 0.48797 0.00000 0.00000 -1.00000 -0.81051 -0.33275 0.48202 -0.00000 0.00000 -1.00000 -0.52354 -0.69939 0.48657 0.00000 0.00000 -1.00000 0.13877 -0.86012 0.49085 0.00000 -0.00000 -1.00000 0.66743 -0.57224 0.47653 0.00000 0.00000 -1.00000 -0.54677 -0.76706 0.33565 0.00000 0.00000 -1.00000 0.20033 -0.91667 0.34581 0.00000 -0.00000 -1.00000 0.69860 -0.62882 0.34139 0.00000 0.00000 -1.00000 0.93955 0.09377 0.32932 0.00000 0.00000 -1.00000 0.61951 0.71666 0.32032 0.00000 0.00000 -1.00000 0.29803 0.89812 0.32336 0.00000 0.00000 -1.00000 -0.53111 0.78207 0.32601 0.00000 0.00000 -1.00000 -0.88405 0.34162 0.31898 0.00000 0.00000 -1.00000 -0.91947 -0.22739 0.32073 -0.00000 0.00000 -1.00000 -0.28347 -0.92053 0.26881 0.00000 -0.00000 -1.00000 0.46589 -0.84380 0.26636 0.00000 0.00000 -1.00000 0.94777 -0.18670 0.25861 0.00000 0.00000 -1.00000 0.96053 0.11271 0.25431 0.00000 0.00000 -1.00000 0.59088 0.76087 0.26822 0.00000 0.00000 -1.00000 -0.26497 0.92799 0.26195 0.00000 0.00000 -1.00000 -0.73951 0.62191 0.25758 0.00000 0.00000 -1.00000 -0.96194 0.05755 0.26712 -0.00000 0.00000 -1.00000 -0.68647 -0.67714 0.26502 0.00000 0.00000 -1.00000 -0.87144 -0.14313 0.46916 -0.00000 0.00000 -1.00000 -0.56423 -0.67928 0.46928 0.00000 0.00000 -1.00000 0.01612 -0.86996 0.49286 0.00000 -0.00000 -1.00000 0.65199 -0.59302 0.47248 0.00000 0.00000 -1.00000 0.87341 -0.13121 0.46898 0.00000 0.00000 -1.00000 0.77887 0.40649 0.47762 0.00000 0.00000 -1.00000 0.26813 0.82822 0.49210 0.00000 0.00000 -1.00000 -0.40057 0.77369 0.49086 0.00000 0.00000 -1.00000 -0.83095 0.29709 0.47038 0.00000 0.00000 -1.00000 0.79148 -0.43805 0.42622 0.00000 0.00000 -1.00000 0.89470 0.12363 0.42921 0.00000 0.00000 -1.00000 0.51447 0.73684 0.43863 0.00000 0.00000 -1.00000 0.07015 0.89678 0.43688 0.00000 0.00000 -1.00000 -0.60486 0.65737 0.44945 0.00000 0.00000 -1.00000 -0.87942 0.18738 0.43762 -0.00000 0.00000 -1.00000 -0.74125 -0.49358 0.45490 0.00000 0.00000 -1.00000 -0.35052 -0.81888 0.45449 0.00000 0.00000 -1.00000 0.43118 -0.78936 0.43704 0.00000 -0.00000 -1.00000 -0.76515 -0.55370 0.32858 0.00000 0.00000 -1.00000 -0.07889 -0.93993 0.33213 0.00000 -0.00000 -1.00000 0.39565 -0.85421 0.33731 0.00000 0.00000 -1.00000 0.89383 -0.28892 0.34292 0.00000 0.00000 -1.00000 0.86185 0.38037 0.33547 0.00000 0.00000 -1.00000 0.57227 0.74817 0.33579 0.00000 0.00000 -1.00000 -0.24757 0.90896 0.33542 0.00000 0.00000 -1.00000 -0.64929 0.67989 0.34083 0.00000 0.00000 -1.00000 -0.93791 -0.09144 0.33461 -0.00000 0.00000 -1.00000 0.18159 0.90847 0.37643 0.00000 0.00000 -1.00000 -0.67746 0.64115 0.36052 0.00000 0.00000 -1.00000 -0.90596 0.25228 0.33998 -0.00000 0.00000 -1.00000 -0.84470 -0.39712 0.35885 0.00000 0.00000 -1.00000 -0.31498 -0.87495 0.36777 0.00000 0.00000 -1.00000 0.21566 -0.90969 0.35490 0.00000 -0.00000 -1.00000 0.68624 -0.63103 0.36178 0.00000 0.00000 -1.00000 0.92335 0.03209 0.38261 0.00000 0.00000 -1.00000 0.64328 0.67008 0.37038 0.00000 0.00000 -1.00000 0.08526 0.97330 0.21312 0.00000 0.00000 -1.00000 -0.49056 0.84207 0.22421 0.00000 0.00000 -1.00000 -0.92324 0.29658 0.24429 -0.00000 0.00000 -1.00000 -0.90047 -0.35820 0.24666 0.00000 0.00000 -1.00000 -0.29065 -0.92633 0.23966 0.00000 0.00000 -1.00000 0.25789 -0.93936 0.22603 0.00000 -0.00000 -1.00000 0.70935 -0.66395 0.23662 0.00000 0.00000 -1.00000 0.95328 0.19553 0.23026 0.00000 0.00000 -1.00000 0.62523 0.75123 0.21153 0.00000 0.00000 -1.00000 -0.30773 -0.81728 0.48720 0.00000 0.00000 -1.00000 0.13395 -0.87032 0.47392 0.00000 -0.00000 -1.00000 0.65176 -0.56662 0.50413 0.00000 0.00000 -1.00000 0.86275 0.03984 0.50407 0.00000 0.00000 -1.00000 0.66237 0.55179 0.50675 0.00000 0.00000 -1.00000 0.08540 0.86160 0.50035 0.00000 0.00000 -1.00000 -0.48866 0.72952 0.47855 0.00000 0.00000 -1.00000 -0.81765 0.31453 0.48220 -0.00000 0.00000 -1.00000 -0.80387 -0.33788 0.48952 0.00000 0.00000 -1.00000 -0.07978 0.88263 0.46326 0.00000 0.00000 -1.00000 -0.59892 0.65976 0.45389 0.00000 0.00000 -1.00000 -0.85343 0.23261 0.46641 -0.00000 0.00000 -1.00000 -0.67869 -0.56185 0.47298 0.00000 0.00000 -1.00000 -0.18294 -0.87446 0.44927 0.00000 -0.00000 -1.00000 0.20669 -0.86208 0.46271 0.00000 0.00000 -1.00000 0.78125 -0.40093 0.47844 0.00000 0.00000 -1.00000 0.84364 0.22479 0.48758 0.00000 0.00000 -1.00000 0.53947 0.70186 0.46516 0.00000 0.00000 -1.00000 0.93525 -0.30627 0.17748 0.00000 0.00000 -1.00000 0.94182 0.28698 0.17498 0.00000 0.00000 -1.00000 0.48382 0.85746 0.17514 0.00000 0.00000 -1.00000 0.10177 0.97890 0.17717 0.00000 0.00000 -1.00000 -0.64657 0.73768 0.19435 0.00000 0.00000 -1.00000 -0.97544 -0.13246 0.17598 -0.00000 0.00000 -1.00000 -0.86798 -0.46411 0.17669 0.00000 0.00000 -1.00000 -0.37718 -0.90813 0.18174 0.00000 -0.00000 -1.00000 0.66133 -0.72703 0.18455 0.00000 0.00000 -1.00000 0.94259 -0.05418 0.32953 0.00000 0.00000 -1.00000 0.83637 0.44180 0.32449 0.00000 0.00000 -1.00000 0.19953 0.92390 0.32651 0.00000 0.00000 -1.00000 -0.25400 0.91035 0.32673 0.00000 0.00000 -1.00000 -0.86188 0.37755 0.33855 0.00000 0.00000 -1.00000 -0.91549 -0.24209 0.32136 -0.00000 0.00000 -1.00000 -0.57299 -0.75664 0.31493 0.00000 0.00000 -1.00000 0.08772 -0.94600 0.31208 0.00000 -0.00000 -1.00000 0.60623 -0.73137 0.31239 0.00000 0.00000 -1.00000 -0.59264 0.72752 0.34568 0.00000 0.00000 -1.00000 -0.92788 0.05652 0.36856 -0.00000 0.00000 -1.00000 -0.51808 -0.77566 0.36047 0.00000 0.00000 -1.00000 -0.13856 -0.93076 0.33836 0.00000 -0.00000 -1.00000 0.44017 -0.83438 0.33176 0.00000 0.00000 -1.00000 0.88417 -0.31567 0.34437 0.00000 0.00000 -1.00000 0.87065 0.32613 0.36825 0.00000 0.00000 -1.00000 0.28800 0.88456 0.36689 0.00000 0.00000 -1.00000 -0.40558 0.84675 0.34426 0.00000 0.00000 -1.00000 0.62706 -0.66656 0.40310 0.00000 0.00000 -1.00000 0.90251 -0.14361 0.40602 0.00000 0.00000 -1.00000 0.74323 0.53689 0.39921 0.00000 0.00000 -1.00000 0.39234 0.82650 0.40370 0.00000 0.00000 -1.00000 -0.37074 0.83107 0.41458 0.00000 0.00000 -1.00000 -0.80125 0.43236 0.41360 0.00000 0.00000 -1.00000 -0.88356 -0.23474 0.40523 -0.00000 0.00000 -1.00000 -0.57391 -0.71284 0.40310 0.00000 0.00000 -1.00000 0.03225 -0.91445 0.40341 0.00000 -0.00000 -1.00000 -0.95511 -0.13125 0.26558 -0.00000 0.00000 -1.00000 -0.61855 -0.73899 0.26701 0.00000 0.00000 -1.00000 -0.04021 -0.96581 0.25610 0.00000 -0.00000 -1.00000 0.62422 -0.73857 0.25469 0.00000 0.00000 -1.00000 0.93155 -0.25423 0.25997 0.00000 0.00000 -1.00000 0.84387 0.46195 0.27292 0.00000 0.00000 -1.00000 0.42414 0.86192 0.27784 0.00000 0.00000 -1.00000 -0.24378 0.92625 0.28746 0.00000 0.00000 -1.00000 -0.84711 0.44973 0.28309 0.00000 0.00000 -1.00000 0.79569 -0.52598 0.30037 0.00000 0.00000 -1.00000 0.95646 0.04038 0.28907 0.00000 0.00000 -1.00000 0.69981 0.65626 0.28213 0.00000 0.00000 -1.00000 0.10098 0.95419 0.28164 0.00000 0.00000 -1.00000 -0.35313 0.88860 0.29274 0.00000 0.00000 -1.00000 -0.90438 0.30742 0.29596 -0.00000 0.00000 -1.00000 -0.85732 -0.42680 0.28782 0.00000 0.00000 -1.00000 -0.52586 -0.79667 0.29796 0.00000 0.00000 -1.00000 0.09968 -0.94677 0.30610 0.00000 -0.00000 -1.00000 0.04692 -0.92049 0.38794 0.00000 -0.00000 -1.00000 0.63740 -0.65954 0.39840 0.00000 0.00000 -1.00000 0.91497 0.06344 0.39850 0.00000 0.00000 -1.00000 0.67727 0.62865 0.38224 0.00000 0.00000 -1.00000 0.23679 0.89721 0.37275 0.00000 0.00000 -1.00000 -0.42749 0.81162 0.39815 0.00000 0.00000 -1.00000 -0.87561 0.28694 0.38855 0.00000 0.00000 -1.00000 -0.91475 -0.12110 0.38545 -0.00000 0.00000 -1.00000 -0.42660 -0.81298 0.39634 0.00000 0.00000 -1.00000 0.77265 -0.56945 0.28060 0.00000 0.00000 -1.00000 0.91268 0.29391 0.28396 0.00000 0.00000 -1.00000 0.66595 0.68959 0.28456 0.00000 0.00000 -1.00000 0.00177 0.95652 0.29167 0.00000 0.00000 -1.00000 -0.73533 0.61746 0.27935 0.00000 0.00000 -1.00000 -0.90990 0.30354 0.28275 -0.00000 0.00000 -1.00000 -0.84115 -0.45757 0.28825 0.00000 0.00000 -1.00000 -0.33099 -0.89911 0.28644 0.00000 -0.00000 -1.00000 0.40895 -0.86585 0.28820 0.00000 0.00000 -1.00000 0.73818 -0.61833 0.26973 0.00000 0.00000 -1.00000 0.96470 0.06621 0.25489 0.00000 0.00000 -1.00000 0.71645 0.66037 0.22497 0.00000 0.00000 -1.00000 0.24811 0.94155 0.22788 0.00000 0.00000 -1.00000 -0.41636 0.88236 0.21928 0.00000 0.00000 -1.00000 -0.87523 0.42227 0.23593 0.00000 0.00000 -1.00000 -0.96320 -0.12536 0.23777 -0.00000 0.00000 -1.00000 -0.31815 -0.91484 0.24870 0.00000 0.00000 -1.00000 -0.01791 -0.96925 0.24544 0.00000 -0.00000 -1.00000 0.79718 -0.57370 0.18809 0.00000 0.00000 -1.00000 0.98058 -0.06795 0.18398 0.00000 0.00000 -1.00000 0.70642 0.68398 0.18206 0.00000 0.00000 -1.00000 0.24220 0.95252 0.18452 0.00000 0.00000 -1.00000 -0.68467 0.70441 0.18718 0.00000 0.00000 -1.00000 -0.98067 0.08296 0.17723 -0.00000 0.00000 -1.00000 -0.89626 -0.40612 0.17826 0.00000 0.00000 -1.00000 -0.37833 -0.90653 0.18726 0.00000 0.00000 -1.00000 0.25628 -0.94847 0.18637 0.00000 -0.00000 -1.00000 -0.53423 -0.74652 0.39661 0.00000 0.00000 -1.00000 -0.00310 -0.91860 0.39517 0.00000 -0.00000 -1.00000 0.59946 -0.68242 0.41828 0.00000 0.00000 -1.00000 0.91088 -0.09191 0.40230 0.00000 0.00000 -1.00000 0.78945 0.45311 0.41408 0.00000 0.00000 -1.00000 0.20917 0.88860 0.40822 0.00000 0.00000 -1.00000 -0.38119 0.83453 0.39781 0.00000 0.00000 -1.00000 -0.77115 0.48312 0.41464 0.00000 0.00000 -1.00000 -0.87423 -0.24636 0.41837 -0.00000 0.00000 -1.00000 0.83268 -0.45501 0.31561 0.00000 0.00000 -1.00000 0.89114 0.33403 0.30708 0.00000 0.00000 -1.00000 0.55933 0.77132 0.30367 0.00000 0.00000 -1.00000 -0.08905 0.95415 0.28576 0.00000 0.00000 -1.00000 -0.69995 0.65162 0.29234 0.00000 0.00000 -1.00000 -0.93020 0.21512 0.29741 -0.00000 0.00000 -1.00000 -0.76047 -0.57159 0.30817 0.00000 0.00000 -1.00000 -0.18681 -0.93490 0.30176 0.00000 -0.00000 -1.00000 0.35640 -0.88434 0.30153 0.00000 0.00000 -1.00000 -0.15055 0.95884 0.24073 0.00000 0.00000 -1.00000 -0.88134 0.39946 0.25232 0.00000 0.00000 -1.00000 -0.95460 -0.17846 0.23851 -0.00000 0.00000 -1.00000 -0.69220 -0.68066 0.23992 0.00000 0.00000 -1.00000 -0.06565 -0.96502 0.25382 0.00000 -0.00000 -1.00000 0.58776 -0.77409 0.23520 0.00000 0.00000 -1.00000 0.94252 -0.22890 0.24344 0.00000 0.00000 -1.00000 0.88860 0.38080 0.25570 0.00000 0.00000 -1.00000 0.26695 0.93286 0.24189 0.00000 0.00000 -1.00000 0.88047 0.41149 0.23545 0.00000 0.00000 -1.00000 0.57785 0.78041 0.23883 0.00000 0.00000 -1.00000 -0.20586 0.94474 0.25512 0.00000 0.00000 -1.00000 -0.81341 0.53273 0.23359 0.00000 0.00000 -1.00000 -0.94261 0.23622 0.23598 -0.00000 0.00000 -1.00000 -0.64036 -0.72590 0.25102 0.00000 0.00000 -1.00000 -0.29901 -0.92243 0.24437 0.00000 -0.00000 -1.00000 0.56373 -0.79161 0.23572 0.00000 0.00000 -1.00000 0.85948 -0.45467 0.23359 0.00000 0.00000 -1.00000 -0.85472 0.24815 0.45594 -0.00000 0.00000 -1.00000 -0.81757 -0.35536 0.45310 0.00000 0.00000 -1.00000 -0.44458 -0.76450 0.46679 0.00000 0.00000 -1.00000 0.32434 -0.81836 0.47444 0.00000 -0.00000 -1.00000 0.78301 -0.42543 0.45376 0.00000 0.00000 -1.00000 0.88845 -0.00743 0.45892 0.00000 0.00000 -1.00000 0.57056 0.67315 0.47046 0.00000 0.00000 -1.00000 0.09971 0.88253 0.45956 0.00000 0.00000 -1.00000 -0.57219 0.67988 0.45866 0.00000 0.00000 -1.00000 -0.11948 0.94264 0.31170 0.00000 0.00000 -1.00000 -0.75961 0.55794 0.33421 0.00000 0.00000 -1.00000 -0.93325 -0.17776 0.31215 -0.00000 0.00000 -1.00000 -0.72838 -0.61503 0.30201 0.00000 0.00000 -1.00000 -0.17408 -0.93299 0.31501 0.00000 -0.00000 -1.00000 0.51861 -0.79627 0.31143 0.00000 0.00000 -1.00000 0.88533 -0.34120 0.31587 0.00000 0.00000 -1.00000 0.89548 0.30099 0.32791 0.00000 0.00000 -1.00000 0.28379 0.90724 0.31046 0.00000 0.00000 -1.00000 0.48048 -0.80262 0.35348 0.00000 0.00000 -1.00000 0.91696 -0.16706 0.36233 0.00000 0.00000 -1.00000 0.78809 0.48786 0.37537 0.00000 0.00000 -1.00000 0.25512 0.89994 0.35357 0.00000 0.00000 -1.00000 -0.21258 0.90656 0.36463 0.00000 0.00000 -1.00000 -0.80198 0.46338 0.37696 0.00000 0.00000 -1.00000 -0.88472 -0.29018 0.36478 -0.00000 0.00000 -1.00000 -0.70853 -0.60584 0.36187 0.00000 0.00000 -1.00000 0.14989 -0.92421 0.35124 0.00000 -0.00000 -1.00000 -0.79953 -0.50195 0.32983 0.00000 0.00000 -1.00000 -0.40320 -0.84726 0.34581 0.00000 0.00000 -1.00000 0.29557 -0.89014 0.34684 0.00000 -0.00000 -1.00000 0.79160 -0.49169 0.36278 0.00000 0.00000 -1.00000 0.90470 0.26828 0.33097 0.00000 0.00000 -1.00000 0.67335 0.66697 0.31900 0.00000 0.00000 -1.00000 0.00268 0.95511 0.29623 0.00000 0.00000 -1.00000 -0.43820 0.84140 0.31628 0.00000 0.00000 -1.00000 -0.93952 0.09629 0.32868 -0.00000 0.00000 -1.00000 0.90321 -0.22213 0.36725 0.00000 0.00000 -1.00000 0.87030 0.31350 0.37986 0.00000 0.00000 -1.00000 0.10405 0.93089 0.35017 0.00000 0.00000 -1.00000 -0.32900 0.88386 0.33251 0.00000 0.00000 -1.00000 -0.80925 0.47527 0.34529 0.00000 0.00000 -1.00000 -0.92069 -0.18839 0.34182 -0.00000 0.00000 -1.00000 -0.74009 -0.56305 0.36775 0.00000 0.00000 -1.00000 0.14706 -0.91904 0.36569 0.00000 -0.00000 -1.00000 0.46363 -0.81339 0.35135 0.00000 0.00000 -1.00000 0.56425 0.78073 0.26848 0.00000 0.00000 -1.00000 0.06467 0.96392 0.25822 0.00000 0.00000 -1.00000 -0.53416 0.79826 0.27830 0.00000 0.00000 -1.00000 -0.96053 0.05658 0.27236 -0.00000 0.00000 -1.00000 -0.84774 -0.45662 0.26989 0.00000 0.00000 -1.00000 -0.17463 -0.94999 0.25889 0.00000 -0.00000 -1.00000 0.19184 -0.94556 0.26288 0.00000 0.00000 -1.00000 0.89473 -0.35669 0.26874 0.00000 0.00000 -1.00000 0.96021 0.09134 0.26393 0.00000 0.00000 -1.00000 -0.71144 0.63853 0.29348 0.00000 0.00000 -1.00000 -0.93877 0.18717 0.28928 -0.00000 0.00000 -1.00000 -0.76785 -0.56717 0.29787 0.00000 0.00000 -1.00000 -0.22412 -0.92912 0.29411 0.00000 -0.00000 -1.00000 0.36610 -0.88357 0.29202 0.00000 0.00000 -1.00000 0.91526 -0.29142 0.27815 0.00000 0.00000 -1.00000 0.95839 -0.01929 0.28482 0.00000 0.00000 -1.00000 0.62078 0.72457 0.29938 0.00000 0.00000 -1.00000 0.03643 0.95249 0.30240 0.00000 0.00000 -1.00000 0.11330 -0.94177 0.31661 0.00000 -0.00000 -1.00000 0.77447 -0.54706 0.31769 0.00000 0.00000 -1.00000 0.94749 -0.06443 0.31321 0.00000 0.00000 -1.00000 0.67764 0.66715 0.30937 0.00000 0.00000 -1.00000 0.23636 0.92059 0.31089 0.00000 0.00000 -1.00000 -0.46869 0.82165 0.32438 0.00000 0.00000 -1.00000 -0.90772 0.28381 0.30904 -0.00000 0.00000 -1.00000 -0.91001 -0.27483 0.31040 0.00000 0.00000 -1.00000 -0.39996 -0.86040 0.31582 0.00000 0.00000 -1.00000 0.80129 -0.55896 0.21330 0.00000 0.00000 -1.00000 0.96621 0.16531 0.19777 0.00000 0.00000 -1.00000 0.64550 0.73535 0.20638 0.00000 0.00000 -1.00000 0.03092 0.98295 0.18128 0.00000 0.00000 -1.00000 -0.38405 0.90308 0.19225 0.00000 0.00000 -1.00000 -0.98024 0.01048 0.19752 -0.00000 0.00000 -1.00000 -0.94543 -0.26404 0.19092 0.00000 0.00000 -1.00000 -0.55306 -0.80562 0.21235 0.00000 0.00000 -1.00000 0.37480 -0.90454 0.20332 0.00000 -0.00000 -1.00000 0.71925 -0.41547 0.55684 0.00000 0.00000 -1.00000 0.79536 0.27764 0.53881 0.00000 0.00000 -1.00000 0.60359 0.59120 0.53493 0.00000 0.00000 -1.00000 0.05460 0.83301 0.55056 0.00000 0.00000 -1.00000 -0.55450 0.63097 0.54260 0.00000 0.00000 -1.00000 -0.81928 0.14752 0.55410 -0.00000 0.00000 -1.00000 -0.72285 -0.42541 0.54453 0.00000 0.00000 -1.00000 -0.28065 -0.78770 0.54842 0.00000 -0.00000 -1.00000 0.25725 -0.79184 0.55390 0.00000 0.00000 -1.00000 -0.95126 0.23012 0.20528 -0.00000 0.00000 -1.00000 -0.66419 -0.71965 0.20237 0.00000 0.00000 -1.00000 -0.43314 -0.87854 0.20141 0.00000 -0.00000 -1.00000 0.40718 -0.89023 0.20418 0.00000 0.00000 -1.00000 0.86198 -0.46214 0.20835 0.00000 0.00000 -1.00000 0.92825 0.30415 0.21413 0.00000 0.00000 -1.00000 0.49577 0.83956 0.22216 0.00000 0.00000 -1.00000 -0.13594 0.96915 0.20559 0.00000 0.00000 -1.00000 -0.69794 0.68894 0.19555 0.00000 0.00000 -1.00000 -0.86861 0.44969 0.20809 0.00000 0.00000 -1.00000 -0.92499 0.31289 0.21563 -0.00000 0.00000 -1.00000 -0.67128 -0.70642 0.22439 0.00000 0.00000 -1.00000 -0.10120 -0.96519 0.24116 0.00000 -0.00000 -1.00000 0.83020 -0.51655 0.20962 0.00000 0.00000 -1.00000 0.91028 -0.35827 0.20745 0.00000 0.00000 -1.00000 0.93981 0.25136 0.23148 0.00000 0.00000 -1.00000 0.12563 0.96845 0.21523 0.00000 0.00000 -1.00000 0.04062 0.97616 0.21321 0.00000 0.00000 -1.00000 0.80594 -0.44103 0.39491 0.00000 0.00000 -1.00000 0.91860 -0.01127 0.39503 0.00000 0.00000 -1.00000 0.65575 0.64688 0.38929 0.00000 0.00000 -1.00000 -0.04801 0.91851 0.39247 0.00000 0.00000 -1.00000 -0.58661 0.72382 0.36327 0.00000 0.00000 -1.00000 -0.88855 0.28229 0.36166 -0.00000 0.00000 -1.00000 -0.89489 -0.23644 0.37852 0.00000 0.00000 -1.00000 -0.34758 -0.84910 0.39777 0.00000 0.00000 -1.00000 0.18715 -0.89893 0.39611 0.00000 -0.00000 -1.00000 -0.76584 0.60381 0.22114 0.00000 0.00000 -1.00000 -0.97003 -0.08055 0.22925 -0.00000 0.00000 -1.00000 -0.73584 -0.63920 0.22351 0.00000 0.00000 -1.00000 -0.30142 -0.92524 0.23038 0.00000 -0.00000 -1.00000 0.61628 -0.75478 0.22473 0.00000 0.00000 -1.00000 0.94420 -0.24788 0.21688 0.00000 0.00000 -1.00000 0.94814 0.22540 0.22411 0.00000 0.00000 -1.00000 0.41537 0.87947 0.23238 0.00000 0.00000 -1.00000 -0.18379 0.95698 0.22450 0.00000 0.00000 -1.00000 0.58999 0.72913 0.34682 0.00000 0.00000 -1.00000 0.10933 0.92795 0.35630 0.00000 0.00000 -1.00000 -0.59137 0.71228 0.37806 0.00000 0.00000 -1.00000 -0.93515 0.03340 0.35268 -0.00000 0.00000 -1.00000 -0.81348 -0.46686 0.34682 0.00000 0.00000 -1.00000 -0.41849 -0.83738 0.35164 0.00000 0.00000 -1.00000 0.34744 -0.87209 0.34458 0.00000 -0.00000 -1.00000 0.82853 -0.44181 0.34400 0.00000 0.00000 -1.00000 0.91981 0.18350 0.34680 0.00000 0.00000 -1.00000 -0.49689 -0.81594 0.29553 0.00000 0.00000 -1.00000 0.25757 -0.91544 0.30924 0.00000 -0.00000 -1.00000 0.79631 -0.51601 0.31564 0.00000 0.00000 -1.00000 0.94615 0.05269 0.31942 0.00000 0.00000 -1.00000 0.58833 0.74420 0.31628 0.00000 0.00000 -1.00000 0.06143 0.94672 0.31614 0.00000 0.00000 -1.00000 -0.68065 0.66027 0.31743 0.00000 0.00000 -1.00000 -0.93574 0.19142 0.29623 -0.00000 0.00000 -1.00000 -0.72476 -0.62283 0.29462 0.00000 0.00000 -1.00000 0.45330 0.65069 0.60920 0.00000 0.00000 -1.00000 -0.06857 0.78951 0.60990 0.00000 0.00000 -1.00000 -0.61396 0.50629 0.60557 0.00000 0.00000 -1.00000 -0.80506 0.05987 0.59017 -0.00000 0.00000 -1.00000 -0.67385 -0.42337 0.60555 0.00000 0.00000 -1.00000 -0.22415 -0.75331 0.61829 0.00000 -0.00000 -1.00000 0.36086 -0.70795 0.60712 0.00000 0.00000 -1.00000 0.68009 -0.40545 0.61081 0.00000 0.00000 -1.00000 0.75877 0.20309 0.61889 0.00000 0.00000 -1.00000 0.93782 0.00635 0.34706 0.00000 0.00000 -1.00000 0.87187 0.34457 0.34802 0.00000 0.00000 -1.00000 0.31954 0.86579 0.38511 0.00000 0.00000 -1.00000 -0.45139 0.80206 0.39109 0.00000 0.00000 -1.00000 -0.77441 0.51221 0.37139 0.00000 0.00000 -1.00000 -0.90471 -0.17387 0.38893 -0.00000 0.00000 -1.00000 -0.60796 -0.69550 0.38297 0.00000 0.00000 -1.00000 0.20563 -0.90910 0.36228 0.00000 -0.00000 -1.00000 0.59060 -0.72895 0.34615 0.00000 0.00000 -1.00000 -0.44558 -0.85953 0.25035 0.00000 0.00000 -1.00000 0.19691 -0.94394 0.26495 0.00000 -0.00000 -1.00000 0.84896 -0.46990 0.24180 0.00000 0.00000 -1.00000 0.97061 -0.04074 0.23718 0.00000 0.00000 -1.00000 0.59469 0.76868 0.23555 0.00000 0.00000 -1.00000 0.26710 0.93412 0.23681 0.00000 0.00000 -1.00000 -0.47836 0.83972 0.25698 0.00000 0.00000 -1.00000 -0.91622 0.30559 0.25913 0.00000 0.00000 -1.00000 -0.91453 -0.31477 0.25407 -0.00000 0.00000 -1.00000 0.21472 0.92592 0.31077 0.00000 0.00000 -1.00000 -0.04854 0.94689 0.31786 0.00000 0.00000 -1.00000 -0.83152 0.43644 0.34366 0.00000 0.00000 -1.00000 -0.89551 -0.32178 0.30743 -0.00000 0.00000 -1.00000 -0.64322 -0.70171 0.30638 0.00000 0.00000 -1.00000 0.01143 -0.95196 0.30601 0.00000 -0.00000 -1.00000 0.71870 -0.62789 0.29871 0.00000 0.00000 -1.00000 0.92699 -0.24185 0.28671 0.00000 0.00000 -1.00000 0.85786 0.41041 0.30926 0.00000 0.00000 -1.00000 -0.86620 0.40027 0.29914 0.00000 0.00000 -1.00000 -0.94133 -0.17529 0.28838 -0.00000 0.00000 -1.00000 -0.66075 -0.68786 0.30044 0.00000 0.00000 -1.00000 0.04254 -0.95002 0.30929 0.00000 -0.00000 -1.00000 0.58204 -0.75037 0.31332 0.00000 0.00000 -1.00000 0.94996 -0.04969 0.30840 0.00000 0.00000 -1.00000 0.81419 0.50164 0.29231 0.00000 0.00000 -1.00000 0.16705 0.94053 0.29579 0.00000 0.00000 -1.00000 -0.31685 0.90510 0.28355 0.00000 0.00000 -1.00000 0.24336 -0.90463 0.34989 0.00000 -0.00000 -1.00000 0.69871 -0.61868 0.35923 0.00000 0.00000 -1.00000 0.92792 0.06609 0.36688 0.00000 0.00000 -1.00000 0.60932 0.70860 0.35583 0.00000 0.00000 -1.00000 0.08231 0.93165 0.35390 0.00000 0.00000 -1.00000 -0.54184 0.75876 0.36152 0.00000 0.00000 -1.00000 -0.91646 0.18669 0.35389 -0.00000 0.00000 -1.00000 -0.86306 -0.35571 0.35860 0.00000 0.00000 -1.00000 -0.38759 -0.84843 0.36048 0.00000 0.00000 -1.00000 0.83727 -0.34805 0.42171 0.00000 0.00000 -1.00000 0.89518 0.19291 0.40180 0.00000 0.00000 -1.00000 0.58171 0.70582 0.40426 0.00000 0.00000 -1.00000 -0.01287 0.91183 0.41036 0.00000 0.00000 -1.00000 -0.58934 0.69685 0.40875 0.00000 0.00000 -1.00000 -0.88793 0.21037 0.40905 -0.00000 0.00000 -1.00000 -0.70194 -0.57425 0.42133 0.00000 0.00000 -1.00000 -0.16344 -0.90087 0.40215 0.00000 -0.00000 -1.00000 0.22970 -0.88149 0.41257 0.00000 0.00000 -1.00000 -0.91458 0.13715 0.38043 -0.00000 0.00000 -1.00000 -0.71067 -0.57528 0.40498 0.00000 0.00000 -1.00000 -0.21664 -0.89121 0.39850 0.00000 -0.00000 -1.00000 0.49195 -0.77159 0.40327 0.00000 0.00000 -1.00000 0.88706 -0.25554 0.38449 0.00000 0.00000 -1.00000 0.88974 0.27973 0.36071 0.00000 0.00000 -1.00000 0.62983 0.67011 0.39276 0.00000 0.00000 -1.00000 -0.24421 0.89223 0.37985 0.00000 0.00000 -1.00000 -0.68525 0.62988 0.36564 0.00000 0.00000 -1.00000 0.77997 0.40548 0.47670 0.00000 0.00000 -1.00000 0.39398 0.78457 0.47877 0.00000 0.00000 -1.00000 -0.28956 0.82432 0.48647 0.00000 0.00000 -1.00000 -0.67993 0.54373 0.49199 0.00000 0.00000 -1.00000 -0.86580 -0.09524 0.49125 -0.00000 0.00000 -1.00000 -0.65294 -0.57658 0.49114 0.00000 0.00000 -1.00000 -0.05273 -0.87184 0.48694 0.00000 -0.00000 -1.00000 0.44285 -0.75770 0.47935 0.00000 0.00000 -1.00000 0.85909 -0.17390 0.48137 0.00000 0.00000 -1.00000 0.61649 -0.76950 0.16677 0.00000 0.00000 -1.00000 0.81501 -0.55293 0.17330 0.00000 0.00000 -1.00000 0.90781 0.38227 0.17246 0.00000 0.00000 -1.00000 0.59078 0.78784 0.17405 0.00000 0.00000 -1.00000 -0.02355 0.98271 0.18362 0.00000 0.00000 -1.00000 -0.79059 0.58553 0.17923 0.00000 0.00000 -1.00000 -0.98086 -0.08735 0.17403 -0.00000 0.00000 -1.00000 -0.88872 -0.42214 0.17878 0.00000 0.00000 -1.00000 -0.03071 -0.98441 0.17319 0.00000 -0.00000 -1.00000 -0.89182 0.20215 0.40472 -0.00000 0.00000 -1.00000 -0.82791 -0.38760 0.40539 0.00000 0.00000 -1.00000 -0.45805 -0.79398 0.39973 0.00000 0.00000 -1.00000 0.21560 -0.88337 0.41614 0.00000 -0.00000 -1.00000 0.70743 -0.57311 0.41362 0.00000 0.00000 -1.00000 0.90897 0.12646 0.39723 0.00000 0.00000 -1.00000 0.67192 0.62824 0.39222 0.00000 0.00000 -1.00000 0.02258 0.91542 0.40187 0.00000 0.00000 -1.00000 -0.51781 0.75880 0.39509 0.00000 0.00000 -1.00000 -0.61384 -0.74344 0.26551 0.00000 0.00000 -1.00000 -0.00100 -0.96329 0.26845 0.00000 -0.00000 -1.00000 0.61659 -0.73438 0.28373 0.00000 0.00000 -1.00000 0.96425 -0.04861 0.26048 0.00000 0.00000 -1.00000 0.86143 0.43420 0.26346 0.00000 0.00000 -1.00000 0.20590 0.93712 0.28180 0.00000 0.00000 -1.00000 -0.49440 0.82639 0.26954 0.00000 0.00000 -1.00000 -0.81093 0.52258 0.26324 0.00000 0.00000 -1.00000 -0.90647 -0.32638 0.26793 -0.00000 0.00000 -1.00000 -0.14068 -0.89000 0.43372 0.00000 -0.00000 -1.00000 0.44718 -0.79650 0.40696 0.00000 0.00000 -1.00000 0.72409 -0.55123 0.41454 0.00000 0.00000 -1.00000 0.85732 0.25620 0.44650 0.00000 0.00000 -1.00000 0.54711 0.71768 0.43082 0.00000 0.00000 -1.00000 -0.02406 0.90144 0.43223 0.00000 0.00000 -1.00000 -0.64980 0.62095 0.43839 0.00000 0.00000 -1.00000 -0.90633 -0.02492 0.42183 -0.00000 0.00000 -1.00000 -0.82246 -0.37235 0.43002 0.00000 0.00000 -1.00000 -0.93873 0.31515 0.13953 0.00000 0.00000 -1.00000 -0.94369 0.30016 0.13912 -0.00000 0.00000 -1.00000 -0.71550 -0.68001 0.16014 0.00000 0.00000 -1.00000 -0.27582 -0.94897 0.15289 0.00000 -0.00000 -1.00000 0.60178 -0.78674 0.13748 0.00000 0.00000 -1.00000 0.89051 -0.43386 0.13699 0.00000 0.00000 -1.00000 0.96056 0.24399 0.13338 0.00000 0.00000 -1.00000 0.65365 0.74128 0.15246 0.00000 0.00000 -1.00000 -0.25228 0.95312 0.16706 0.00000 0.00000 -1.00000 -0.03586 0.97402 0.22358 0.00000 0.00000 -1.00000 -0.84290 0.48564 0.23167 0.00000 0.00000 -1.00000 -0.97084 0.00154 0.23971 -0.00000 0.00000 -1.00000 -0.64390 -0.72126 0.25531 0.00000 0.00000 -1.00000 0.00155 -0.96873 0.24812 0.00000 -0.00000 -1.00000 0.65498 -0.71620 0.24097 0.00000 0.00000 -1.00000 0.95976 -0.15386 0.23493 0.00000 0.00000 -1.00000 0.74767 0.62821 0.21527 0.00000 0.00000 -1.00000 0.39846 0.89198 0.21356 0.00000 0.00000 -1.00000 -0.03647 -0.97951 0.19809 0.00000 -0.00000 -1.00000 0.45632 -0.86708 0.19986 0.00000 0.00000 -1.00000 0.93988 -0.27045 0.20855 0.00000 0.00000 -1.00000 0.96571 0.14132 0.21780 0.00000 0.00000 -1.00000 0.30475 0.92540 0.22530 0.00000 0.00000 -1.00000 -0.04842 0.97480 0.21775 0.00000 0.00000 -1.00000 -0.85739 0.47169 0.20589 0.00000 0.00000 -1.00000 -0.96211 0.16878 0.21413 -0.00000 0.00000 -1.00000 -0.48771 -0.84710 0.21109 0.00000 0.00000 -1.00000 -0.53293 -0.67878 0.50522 0.00000 0.00000 -1.00000 0.14041 -0.86246 0.48625 0.00000 -0.00000 -1.00000 0.53868 -0.69038 0.48290 0.00000 0.00000 -1.00000 0.86221 -0.04998 0.50408 0.00000 0.00000 -1.00000 0.69821 0.50809 0.50433 0.00000 0.00000 -1.00000 0.36033 0.78583 0.50262 0.00000 0.00000 -1.00000 -0.32634 0.79301 0.51443 0.00000 0.00000 -1.00000 -0.76364 0.36808 0.53045 0.00000 0.00000 -1.00000 -0.81987 -0.24675 0.51665 -0.00000 0.00000 -1.00000 -0.88172 -0.35243 0.31363 0.00000 0.00000 -1.00000 -0.17793 -0.93525 0.30602 0.00000 0.00000 -1.00000 0.30960 -0.90452 0.29325 0.00000 -0.00000 -1.00000 0.84948 -0.44218 0.28786 0.00000 0.00000 -1.00000 0.92160 0.27365 0.27526 0.00000 0.00000 -1.00000 0.77143 0.57200 0.27878 0.00000 0.00000 -1.00000 -0.09921 0.94994 0.29626 0.00000 0.00000 -1.00000 -0.71682 0.63588 0.28605 0.00000 0.00000 -1.00000 -0.92085 0.26665 0.28450 -0.00000 0.00000 -1.00000 -0.22375 -0.95211 0.20836 0.00000 -0.00000 -1.00000 0.68028 -0.70411 0.20359 0.00000 0.00000 -1.00000 0.87152 -0.44563 0.20461 0.00000 0.00000 -1.00000 0.85750 0.47003 0.20919 0.00000 0.00000 -1.00000 0.41251 0.88924 0.19772 0.00000 0.00000 -1.00000 -0.15100 0.96739 0.20334 0.00000 0.00000 -1.00000 -0.92884 0.31189 0.19992 0.00000 0.00000 -1.00000 -0.97149 0.12676 0.20033 -0.00000 0.00000 -1.00000 -0.61023 -0.76409 0.20925 0.00000 0.00000 -1.00000 0.36993 0.86663 0.33481 0.00000 0.00000 -1.00000 -0.10524 0.93759 0.33144 0.00000 0.00000 -1.00000 -0.70726 0.61305 0.35207 0.00000 0.00000 -1.00000 -0.92976 -0.14457 0.33859 -0.00000 0.00000 -1.00000 -0.57076 -0.74851 0.33758 0.00000 0.00000 -1.00000 -0.21905 -0.92047 0.32366 0.00000 -0.00000 -1.00000 0.60137 -0.71831 0.34984 0.00000 0.00000 -1.00000 0.85392 -0.39605 0.33759 0.00000 0.00000 -1.00000 0.85107 0.39766 0.34285 0.00000 0.00000 -1.00000 -0.65595 -0.62850 0.41799 0.00000 0.00000 -1.00000 -0.19686 -0.88817 0.41520 0.00000 -0.00000 -1.00000 0.39698 -0.81182 0.42819 0.00000 0.00000 -1.00000 0.84986 -0.28493 0.44334 0.00000 0.00000 -1.00000 0.80128 0.42006 0.42602 0.00000 0.00000 -1.00000 0.47882 0.77681 0.40902 0.00000 0.00000 -1.00000 -0.15226 0.89793 0.41295 0.00000 0.00000 -1.00000 -0.63758 0.64205 0.42576 0.00000 0.00000 -1.00000 -0.90119 0.01021 0.43330 -0.00000 0.00000 -1.00000 0.13232 0.87844 0.45916 0.00000 0.00000 -1.00000 -0.47528 0.74985 0.46026 0.00000 0.00000 -1.00000 -0.81245 0.35789 0.46026 -0.00000 0.00000 -1.00000 -0.75719 -0.45698 0.46671 0.00000 0.00000 -1.00000 -0.46756 -0.74972 0.46830 0.00000 0.00000 -1.00000 0.29431 -0.83049 0.47293 0.00000 -0.00000 -1.00000 0.64021 -0.60714 0.47064 0.00000 0.00000 -1.00000 0.86987 0.05109 0.49062 0.00000 0.00000 -1.00000 0.54385 0.69391 0.47193 0.00000 0.00000 -1.00000 0.83182 -0.30697 0.46244 0.00000 0.00000 -1.00000 0.83091 0.31904 0.45584 0.00000 0.00000 -1.00000 0.48748 0.73440 0.47225 0.00000 0.00000 -1.00000 -0.24388 0.85566 0.45648 0.00000 0.00000 -1.00000 -0.61727 0.64236 0.45425 0.00000 0.00000 -1.00000 -0.89329 -0.06807 0.44430 -0.00000 0.00000 -1.00000 -0.72504 -0.52981 0.44001 0.00000 0.00000 -1.00000 -0.11188 -0.87869 0.46410 0.00000 -0.00000 -1.00000 0.46812 -0.75967 0.45141 0.00000 0.00000 -1.00000 0.88852 0.18097 0.42163 0.00000 0.00000 -1.00000 0.65992 0.62625 0.41512 0.00000 0.00000 -1.00000 0.04008 0.90471 0.42413 0.00000 0.00000 -1.00000 -0.57904 0.69649 0.42380 0.00000 0.00000 -1.00000 -0.84568 0.31377 0.43171 -0.00000 0.00000 -1.00000 -0.82319 -0.35743 0.44115 0.00000 0.00000 -1.00000 -0.22656 -0.87638 0.42501 0.00000 0.00000 -1.00000 0.32887 -0.85481 0.40143 0.00000 -0.00000 -1.00000 0.68665 -0.60420 0.40430 0.00000 0.00000 -1.00000 0.77159 0.50752 0.38350 0.00000 0.00000 -1.00000 0.40871 0.82846 0.38289 0.00000 0.00000 -1.00000 -0.21653 0.89587 0.38799 0.00000 0.00000 -1.00000 -0.82696 0.42185 0.37173 0.00000 0.00000 -1.00000 -0.92426 -0.08446 0.37230 -0.00000 0.00000 -1.00000 -0.69245 -0.61075 0.38407 0.00000 0.00000 -1.00000 -0.03300 -0.91536 0.40129 0.00000 -0.00000 -1.00000 0.62470 -0.67153 0.39849 0.00000 0.00000 -1.00000 0.90546 -0.18617 0.38143 0.00000 0.00000 -1.00000 -0.36720 -0.83267 0.41452 0.00000 0.00000 -1.00000 0.30491 -0.86381 0.40108 0.00000 -0.00000 -1.00000 0.72931 -0.56116 0.39142 0.00000 0.00000 -1.00000 0.90577 0.13398 0.40202 0.00000 0.00000 -1.00000 0.70895 0.58010 0.40109 0.00000 0.00000 -1.00000 0.09072 0.91174 0.40061 0.00000 0.00000 -1.00000 -0.60346 0.69213 0.39597 0.00000 0.00000 -1.00000 -0.89680 0.21207 0.38831 -0.00000 0.00000 -1.00000 -0.89136 -0.21964 0.39653 0.00000 0.00000 -1.00000 0.46073 0.78429 0.41548 0.00000 0.00000 -1.00000 -0.17280 0.90579 0.38689 0.00000 0.00000 -1.00000 -0.62270 0.67794 0.39069 0.00000 0.00000 -1.00000 -0.91464 0.11700 0.38697 -0.00000 0.00000 -1.00000 -0.80975 -0.43539 0.39336 0.00000 0.00000 -1.00000 -0.30253 -0.87203 0.38476 0.00000 -0.00000 -1.00000 0.33667 -0.84868 0.40791 0.00000 0.00000 -1.00000 0.86274 -0.29723 0.40906 0.00000 0.00000 -1.00000 0.91463 0.07154 0.39791 0.00000 0.00000 -1.00000 0.17163 0.93775 0.30193 0.00000 0.00000 -1.00000 -0.38371 0.87591 0.29250 0.00000 0.00000 -1.00000 -0.92810 0.23129 0.29176 0.00000 0.00000 -1.00000 -0.94439 -0.14259 0.29629 -0.00000 0.00000 -1.00000 -0.53368 -0.79035 0.30088 0.00000 0.00000 -1.00000 0.14372 -0.94698 0.28735 0.00000 -0.00000 -1.00000 0.60171 -0.73902 0.30297 0.00000 0.00000 -1.00000 0.95100 0.02900 0.30783 0.00000 0.00000 -1.00000 0.79987 0.51344 0.31078 0.00000 0.00000 -1.00000 -0.82398 -0.27605 0.49483 0.00000 0.00000 -1.00000 -0.29127 -0.81196 0.50584 0.00000 0.00000 -1.00000 0.32604 -0.80905 0.48902 0.00000 -0.00000 -1.00000 0.66667 -0.56325 0.48817 0.00000 0.00000 -1.00000 0.86316 0.05326 0.50212 0.00000 0.00000 -1.00000 0.59429 0.62600 0.50492 0.00000 0.00000 -1.00000 -0.00696 0.86418 0.50314 0.00000 0.00000 -1.00000 -0.50072 0.70863 0.49711 0.00000 0.00000 -1.00000 -0.85840 0.17451 0.48238 -0.00000 0.00000 -1.00000 -0.57540 -0.77247 0.26871 0.00000 0.00000 -1.00000 0.03142 -0.96185 0.27176 0.00000 -0.00000 -1.00000 0.74363 -0.61026 0.27311 0.00000 0.00000 -1.00000 0.95304 -0.12880 0.27410 0.00000 0.00000 -1.00000 0.75399 0.59010 0.28860 0.00000 0.00000 -1.00000 0.13087 0.95412 0.26932 0.00000 0.00000 -1.00000 -0.35311 0.89122 0.28468 0.00000 0.00000 -1.00000 -0.91755 0.26770 0.29400 0.00000 0.00000 -1.00000 -0.85355 -0.44451 0.27178 -0.00000 0.00000 -1.00000 0.49559 0.78183 0.37832 0.00000 0.00000 -1.00000 -0.08128 0.92003 0.38331 0.00000 0.00000 -1.00000 -0.62536 0.67166 0.39725 0.00000 0.00000 -1.00000 -0.92505 -0.07970 0.37140 -0.00000 0.00000 -1.00000 -0.76728 -0.52447 0.36907 0.00000 0.00000 -1.00000 -0.26541 -0.88447 0.38376 0.00000 -0.00000 -1.00000 0.48263 -0.79881 0.35912 0.00000 0.00000 -1.00000 0.83304 -0.41621 0.36443 0.00000 0.00000 -1.00000 0.83101 0.41659 0.36862 0.00000 0.00000 -1.00000 0.50723 -0.83553 0.21122 0.00000 0.00000 -1.00000 0.95367 -0.20198 0.22299 0.00000 0.00000 -1.00000 0.81075 0.54150 0.22240 0.00000 0.00000 -1.00000 0.28625 0.92821 0.23766 0.00000 0.00000 -1.00000 -0.39269 0.88570 0.24764 0.00000 0.00000 -1.00000 -0.86665 0.43679 0.24111 0.00000 0.00000 -1.00000 -0.94711 -0.21918 0.23439 -0.00000 0.00000 -1.00000 -0.43403 -0.87533 0.21311 0.00000 0.00000 -1.00000 0.15379 -0.96644 0.20579 0.00000 -0.00000 -1.00000 -0.57458 0.75615 0.31320 0.00000 0.00000 -1.00000 -0.95160 0.01985 0.30669 -0.00000 0.00000 -1.00000 -0.81689 -0.48990 0.30447 0.00000 0.00000 -1.00000 -0.37489 -0.87613 0.30308 0.00000 -0.00000 -1.00000 0.36070 -0.87289 0.32856 0.00000 0.00000 -1.00000 0.85501 -0.40554 0.32326 0.00000 0.00000 -1.00000 0.92802 0.19746 0.31591 0.00000 0.00000 -1.00000 0.62748 0.71348 0.31180 0.00000 0.00000 -1.00000 0.00804 0.95007 0.31192 0.00000 0.00000 -1.00000 0.38422 -0.89483 0.22729 0.00000 0.00000 -1.00000 0.86495 -0.45258 0.21685 0.00000 0.00000 -1.00000 0.93475 0.27615 0.22357 0.00000 0.00000 -1.00000 0.64266 0.73243 0.22480 0.00000 0.00000 -1.00000 0.00422 0.97692 0.21357 0.00000 0.00000 -1.00000 -0.73082 0.64939 0.21023 0.00000 0.00000 -1.00000 -0.94838 0.24024 0.20704 -0.00000 0.00000 -1.00000 -0.71904 -0.66123 0.21391 0.00000 0.00000 -1.00000 -0.51988 -0.82938 0.20460 0.00000 -0.00000 -1.00000 0.87536 -0.07599 0.47746 0.00000 0.00000 -1.00000 0.67954 0.56180 0.47181 0.00000 0.00000 -1.00000 0.06838 0.88948 0.45183 0.00000 0.00000 -1.00000 -0.34471 0.81836 0.45985 0.00000 0.00000 -1.00000 -0.81442 0.35470 0.45925 0.00000 0.00000 -1.00000 -0.85321 -0.25076 0.45732 -0.00000 0.00000 -1.00000 -0.49661 -0.74348 0.44790 0.00000 0.00000 -1.00000 0.22052 -0.86613 0.44854 0.00000 -0.00000 -1.00000 0.52587 -0.72001 0.45282 0.00000 0.00000 -1.00000 -0.92301 0.16383 0.34815 -0.00000 0.00000 -1.00000 -0.84023 -0.42130 0.34136 0.00000 0.00000 -1.00000 -0.38299 -0.85818 0.34183 0.00000 0.00000 -1.00000 0.23592 -0.90847 0.34500 0.00000 -0.00000 -1.00000 0.77102 -0.53267 0.34899 0.00000 0.00000 -1.00000 0.93556 0.06501 0.34712 0.00000 0.00000 -1.00000 0.48703 0.80589 0.33667 0.00000 0.00000 -1.00000 0.20560 0.91906 0.33625 0.00000 0.00000 -1.00000 -0.61500 0.70104 0.36098 0.00000 0.00000 -1.00000 -0.00473 -0.90628 0.42264 0.00000 -0.00000 -1.00000 0.60088 -0.66848 0.43826 0.00000 0.00000 -1.00000 0.90361 -0.07353 0.42199 0.00000 0.00000 -1.00000 0.75784 0.47805 0.44401 0.00000 0.00000 -1.00000 0.32529 0.84103 0.43226 0.00000 0.00000 -1.00000 -0.34655 0.82840 0.44007 0.00000 0.00000 -1.00000 -0.77471 0.44562 0.44860 0.00000 0.00000 -1.00000 -0.81740 -0.37631 0.43618 -0.00000 0.00000 -1.00000 -0.49220 -0.75838 0.42731 0.00000 0.00000 -1.00000 0.33328 0.89523 0.29579 0.00000 0.00000 -1.00000 -0.43460 0.84925 0.29982 0.00000 0.00000 -1.00000 -0.81219 0.49425 0.30994 0.00000 0.00000 -1.00000 -0.86005 -0.41767 0.29302 -0.00000 0.00000 -1.00000 -0.56671 -0.77049 0.29185 0.00000 0.00000 -1.00000 0.28061 -0.90942 0.30695 0.00000 -0.00000 -1.00000 0.67437 -0.67723 0.29425 0.00000 0.00000 -1.00000 0.93767 -0.14065 0.31779 0.00000 0.00000 -1.00000 0.68575 0.66814 0.28866 0.00000 0.00000 -1.00000 0.42466 0.82242 0.37853 0.00000 0.00000 -1.00000 -0.01737 0.92416 0.38161 0.00000 0.00000 -1.00000 -0.67885 0.62531 0.38491 0.00000 0.00000 -1.00000 -0.91987 0.04917 0.38912 -0.00000 0.00000 -1.00000 -0.66055 -0.64370 0.38642 0.00000 0.00000 -1.00000 -0.24748 -0.89095 0.38075 0.00000 -0.00000 -1.00000 0.51983 -0.76785 0.37441 0.00000 0.00000 -1.00000 0.84311 -0.39151 0.36862 0.00000 0.00000 -1.00000 0.91112 0.16212 0.37891 0.00000 0.00000 -1.00000 0.27718 -0.92925 0.24425 0.00000 -0.00000 -1.00000 0.87944 -0.42057 0.22295 0.00000 0.00000 -1.00000 0.97236 -0.07284 0.22184 0.00000 0.00000 -1.00000 0.74003 0.63484 0.22211 0.00000 0.00000 -1.00000 0.27437 0.93671 0.21746 0.00000 0.00000 -1.00000 -0.36017 0.90569 0.22362 0.00000 0.00000 -1.00000 -0.88702 0.39786 0.23433 -0.00000 0.00000 -1.00000 -0.88828 -0.38929 0.24373 0.00000 0.00000 -1.00000 -0.58843 -0.77536 0.22929 0.00000 0.00000 -1.00000 -0.40982 -0.83749 0.36146 0.00000 0.00000 -1.00000 0.40731 -0.84036 0.35761 0.00000 -0.00000 -1.00000 0.74522 -0.56461 0.35477 0.00000 0.00000 -1.00000 0.92323 0.15802 0.35024 0.00000 0.00000 -1.00000 0.57027 0.74453 0.34709 0.00000 0.00000 -1.00000 -0.12097 0.93604 0.33044 0.00000 0.00000 -1.00000 -0.58638 0.74453 0.31911 0.00000 0.00000 -1.00000 -0.90610 0.25268 0.33931 -0.00000 0.00000 -1.00000 -0.85697 -0.38617 0.34129 0.00000 0.00000 -1.00000 0.11826 0.83169 0.54249 0.00000 0.00000 -1.00000 -0.48652 0.69390 0.53085 0.00000 0.00000 -1.00000 -0.80542 0.26462 0.53035 -0.00000 0.00000 -1.00000 -0.73486 -0.41720 0.53472 0.00000 0.00000 -1.00000 -0.35789 -0.76123 0.54078 0.00000 0.00000 -1.00000 0.31863 -0.78309 0.53408 0.00000 -0.00000 -1.00000 0.71235 -0.47088 0.52041 0.00000 0.00000 -1.00000 0.85206 -0.03804 0.52207 0.00000 0.00000 -1.00000 0.60553 0.59400 0.52961 0.00000 0.00000 -1.00000 0.67501 0.67612 0.29533 0.00000 0.00000 -1.00000 0.26855 0.91794 0.29202 0.00000 0.00000 -1.00000 -0.32639 0.89426 0.30621 0.00000 0.00000 -1.00000 -0.83297 0.45596 0.31348 0.00000 0.00000 -1.00000 -0.91150 -0.26548 0.31416 -0.00000 0.00000 -1.00000 -0.45749 -0.83498 0.30581 0.00000 0.00000 -1.00000 0.07766 -0.95301 0.29282 0.00000 -0.00000 -1.00000 0.66535 -0.68121 0.30539 0.00000 0.00000 -1.00000 0.94979 -0.00504 0.31286 0.00000 0.00000 -1.00000 -0.82307 -0.49930 0.27065 0.00000 0.00000 -1.00000 -0.17914 -0.94473 0.27459 0.00000 -0.00000 -1.00000 0.40285 -0.87239 0.27684 0.00000 0.00000 -1.00000 0.87292 -0.39612 0.28477 0.00000 0.00000 -1.00000 0.87875 0.38986 0.27534 0.00000 0.00000 -1.00000 0.45981 0.84742 0.26542 0.00000 0.00000 -1.00000 -0.09748 0.96153 0.25683 0.00000 0.00000 -1.00000 -0.53534 0.80214 0.26453 0.00000 0.00000 -1.00000 -0.96177 -0.01704 0.27331 -0.00000 0.00000 -1.00000 0.42066 -0.85549 0.30198 0.00000 0.00000 -1.00000 0.77174 -0.55826 0.30457 0.00000 0.00000 -1.00000 0.92215 0.20550 0.32772 0.00000 0.00000 -1.00000 0.53105 0.78744 0.31292 0.00000 0.00000 -1.00000 -0.00647 0.95215 0.30557 0.00000 0.00000 -1.00000 -0.58264 0.75098 0.31072 0.00000 0.00000 -1.00000 -0.93231 0.16655 0.32103 -0.00000 0.00000 -1.00000 -0.84676 -0.42480 0.32022 0.00000 0.00000 -1.00000 -0.22648 -0.92122 0.31633 0.00000 -0.00000 -1.00000 -0.54107 -0.74271 0.39449 0.00000 0.00000 -1.00000 0.05087 -0.91965 0.38944 0.00000 -0.00000 -1.00000 0.54243 -0.73961 0.39845 0.00000 0.00000 -1.00000 0.91300 -0.10637 0.39384 0.00000 0.00000 -1.00000 0.73693 0.55583 0.38469 0.00000 0.00000 -1.00000 0.36885 0.84561 0.38585 0.00000 0.00000 -1.00000 -0.41393 0.82024 0.39479 0.00000 0.00000 -1.00000 -0.83846 0.39838 0.37186 0.00000 0.00000 -1.00000 -0.92251 -0.05026 0.38268 -0.00000 0.00000 -1.00000 0.45426 0.72570 0.51673 0.00000 0.00000 -1.00000 -0.04011 0.85141 0.52297 0.00000 0.00000 -1.00000 -0.71171 0.47380 0.51864 0.00000 0.00000 -1.00000 -0.84892 0.08292 0.52197 -0.00000 0.00000 -1.00000 -0.67297 -0.52447 0.52158 0.00000 0.00000 -1.00000 -0.18065 -0.83390 0.52152 0.00000 -0.00000 -1.00000 0.39021 -0.75548 0.52629 0.00000 0.00000 -1.00000 0.80453 -0.26910 0.52945 0.00000 0.00000 -1.00000 0.79314 0.29689 0.53178 0.00000 0.00000 -1.00000 0.73749 0.58448 0.33837 0.00000 0.00000 -1.00000 0.10899 0.93845 0.32776 0.00000 0.00000 -1.00000 -0.45932 0.83375 0.30642 0.00000 0.00000 -1.00000 -0.75781 0.57052 0.31658 0.00000 0.00000 -1.00000 -0.85476 -0.39386 0.33801 -0.00000 0.00000 -1.00000 -0.55187 -0.76604 0.32957 0.00000 0.00000 -1.00000 0.16377 -0.92145 0.35230 0.00000 -0.00000 -1.00000 0.80600 -0.49880 0.31869 0.00000 0.00000 -1.00000 0.93755 -0.10257 0.33238 0.00000 0.00000 -1.00000 -0.88348 -0.42531 0.19641 0.00000 0.00000 -1.00000 -0.10383 -0.97129 0.21405 0.00000 -0.00000 -1.00000 0.62164 -0.75348 0.21409 0.00000 0.00000 -1.00000 0.87767 -0.42477 0.22196 0.00000 0.00000 -1.00000 0.92891 0.29204 0.22769 0.00000 0.00000 -1.00000 0.34561 0.91482 0.20895 0.00000 0.00000 -1.00000 -0.28271 0.93798 0.20067 0.00000 0.00000 -1.00000 -0.73040 0.65271 0.20121 0.00000 0.00000 -1.00000 -0.89869 -0.39205 0.19663 -0.00000 0.00000 -1.00000 -0.73320 -0.55948 0.38652 0.00000 0.00000 -1.00000 -0.27521 -0.88002 0.38706 0.00000 -0.00000 -1.00000 0.44813 -0.80699 0.38465 0.00000 0.00000 -1.00000 0.82865 -0.40483 0.38658 0.00000 0.00000 -1.00000 0.89364 0.22633 0.38754 0.00000 0.00000 -1.00000 0.53524 0.74807 0.39231 0.00000 0.00000 -1.00000 -0.08470 0.91786 0.38776 0.00000 0.00000 -1.00000 -0.70879 0.60328 0.36561 0.00000 0.00000 -1.00000 -0.91567 0.15827 0.36946 -0.00000 0.00000 -1.00000 -0.66457 0.70448 0.24910 0.00000 0.00000 -1.00000 -0.79689 0.55049 0.24886 0.00000 0.00000 -1.00000 -0.85092 -0.46389 0.24646 -0.00000 0.00000 -1.00000 -0.65481 -0.71519 0.24441 0.00000 0.00000 -1.00000 0.33328 -0.90800 0.25390 0.00000 -0.00000 -1.00000 0.72084 -0.64896 0.24341 0.00000 0.00000 -1.00000 0.97049 0.00476 0.24109 0.00000 0.00000 -1.00000 0.69203 0.68082 0.23996 0.00000 0.00000 -1.00000 0.35261 0.90294 0.24570 0.00000 0.00000 -1.00000 0.91569 -0.12458 0.38208 0.00000 0.00000 -1.00000 0.87872 0.29100 0.37837 0.00000 0.00000 -1.00000 0.33140 0.85587 0.39707 0.00000 0.00000 -1.00000 -0.32421 0.86553 0.38176 0.00000 0.00000 -1.00000 -0.71515 0.59181 0.37192 0.00000 0.00000 -1.00000 -0.91089 -0.17645 0.37301 -0.00000 0.00000 -1.00000 -0.74586 -0.55295 0.37140 0.00000 0.00000 -1.00000 0.00414 -0.92481 0.38041 0.00000 -0.00000 -1.00000 0.50244 -0.77745 0.37831 0.00000 0.00000 -1.00000 -0.23417 0.91354 0.33258 0.00000 0.00000 -1.00000 -0.78388 0.52182 0.33651 0.00000 0.00000 -1.00000 -0.91893 -0.19728 0.34154 -0.00000 0.00000 -1.00000 -0.66144 -0.67103 0.33500 0.00000 0.00000 -1.00000 -0.00547 -0.93617 0.35151 0.00000 -0.00000 -1.00000 0.63452 -0.69146 0.34534 0.00000 0.00000 -1.00000 0.93072 -0.15503 0.33125 0.00000 0.00000 -1.00000 0.81380 0.47713 0.33177 0.00000 0.00000 -1.00000 0.33384 0.88617 0.32133 0.00000 0.00000 -1.00000 -0.03227 -0.95075 0.30828 0.00000 -0.00000 -1.00000 0.74971 -0.58340 0.31238 0.00000 0.00000 -1.00000 0.94964 -0.11467 0.29161 0.00000 0.00000 -1.00000 0.84462 0.44141 0.30296 0.00000 0.00000 -1.00000 0.14658 0.93986 0.30850 0.00000 0.00000 -1.00000 -0.35153 0.88772 0.29727 0.00000 0.00000 -1.00000 -0.89522 0.33326 0.29582 0.00000 0.00000 -1.00000 -0.94768 -0.11177 0.29901 -0.00000 0.00000 -1.00000 -0.54275 -0.78366 0.30216 0.00000 0.00000 -1.00000 0.24458 0.92879 0.27843 0.00000 0.00000 -1.00000 -0.36314 0.88730 0.28431 0.00000 0.00000 -1.00000 -0.85518 0.43456 0.28253 0.00000 0.00000 -1.00000 -0.92150 -0.27038 0.27881 -0.00000 0.00000 -1.00000 -0.65184 -0.70271 0.28515 0.00000 0.00000 -1.00000 0.08811 -0.95243 0.29174 0.00000 -0.00000 -1.00000 0.70451 -0.64965 0.28568 0.00000 0.00000 -1.00000 0.95843 -0.08563 0.27218 0.00000 0.00000 -1.00000 0.83502 0.47231 0.28225 0.00000 0.00000 -1.00000 -0.36054 -0.89011 0.27877 0.00000 -0.00000 -1.00000 0.49621 -0.80453 0.32636 0.00000 0.00000 -1.00000 0.93788 -0.16697 0.30413 0.00000 0.00000 -1.00000 0.91320 0.28191 0.29427 0.00000 0.00000 -1.00000 0.40923 0.86237 0.29807 0.00000 0.00000 -1.00000 -0.12035 0.95070 0.28580 0.00000 0.00000 -1.00000 -0.70474 0.64252 0.30085 0.00000 0.00000 -1.00000 -0.95630 -0.02614 0.29121 -0.00000 0.00000 -1.00000 -0.54165 -0.79332 0.27797 0.00000 0.00000 -1.00000 -0.57722 -0.77566 0.25527 0.00000 0.00000 -1.00000 -0.11079 -0.96140 0.25187 0.00000 -0.00000 -1.00000 0.70853 -0.65915 0.25200 0.00000 0.00000 -1.00000 0.94333 -0.21833 0.24993 0.00000 0.00000 -1.00000 0.81069 0.52457 0.26003 0.00000 0.00000 -1.00000 0.37946 0.88815 0.25924 0.00000 0.00000 -1.00000 -0.42199 0.86640 0.26696 0.00000 0.00000 -1.00000 -0.85371 0.44828 0.26499 0.00000 0.00000 -1.00000 -0.96019 -0.09201 0.26376 -0.00000 0.00000 -1.00000 -0.79598 -0.51823 0.31283 0.00000 0.00000 -1.00000 -0.42810 -0.85205 0.30122 0.00000 0.00000 -1.00000 0.38844 -0.87125 0.30007 0.00000 -0.00000 -1.00000 0.77413 -0.56022 0.29476 0.00000 0.00000 -1.00000 0.94927 -0.07634 0.30507 0.00000 0.00000 -1.00000 0.59725 0.73494 0.32117 0.00000 0.00000 -1.00000 0.05308 0.94488 0.32309 0.00000 0.00000 -1.00000 -0.48398 0.81503 0.31857 0.00000 0.00000 -1.00000 -0.91105 0.26091 0.31923 -0.00000 0.00000 -1.00000 -0.95079 0.02861 0.30851 -0.00000 0.00000 -1.00000 -0.77761 -0.54608 0.31163 0.00000 0.00000 -1.00000 -0.20936 -0.92745 0.30985 0.00000 -0.00000 -1.00000 0.46581 -0.83126 0.30337 0.00000 0.00000 -1.00000 0.80656 -0.50213 0.31197 0.00000 0.00000 -1.00000 0.89430 0.32056 0.31220 0.00000 0.00000 -1.00000 0.55668 0.76741 0.31809 0.00000 0.00000 -1.00000 -0.17485 0.93494 0.30873 0.00000 0.00000 -1.00000 -0.67241 0.67046 0.31360 0.00000 0.00000 -1.00000 0.79053 0.42640 0.43959 0.00000 0.00000 -1.00000 0.44356 0.78511 0.43227 0.00000 0.00000 -1.00000 -0.14322 0.88432 0.44437 0.00000 0.00000 -1.00000 -0.75810 0.47690 0.44480 0.00000 0.00000 -1.00000 -0.89706 0.00457 0.44189 -0.00000 0.00000 -1.00000 -0.58468 -0.68570 0.43356 0.00000 0.00000 -1.00000 -0.21414 -0.87434 0.43550 0.00000 -0.00000 -1.00000 0.52682 -0.72230 0.44805 0.00000 0.00000 -1.00000 0.84339 -0.30833 0.44003 0.00000 0.00000 -1.00000 -0.79899 0.50278 0.32988 0.00000 0.00000 -1.00000 -0.93542 -0.12055 0.33236 -0.00000 0.00000 -1.00000 -0.68312 -0.64940 0.33412 0.00000 0.00000 -1.00000 -0.08711 -0.93984 0.33033 0.00000 -0.00000 -1.00000 0.54757 -0.77147 0.32405 0.00000 0.00000 -1.00000 0.89973 -0.27703 0.33726 0.00000 0.00000 -1.00000 0.81463 0.47987 0.32573 0.00000 0.00000 -1.00000 0.43193 0.84111 0.32553 0.00000 0.00000 -1.00000 -0.23954 0.90975 0.33909 0.00000 0.00000 -1.00000 -0.81438 0.52565 0.24592 -0.00000 0.00000 -1.00000 -0.86968 -0.41399 0.26883 0.00000 0.00000 -1.00000 -0.53499 -0.80062 0.26981 0.00000 0.00000 -1.00000 0.36790 -0.88810 0.27556 0.00000 -0.00000 -1.00000 0.90195 -0.33121 0.27710 0.00000 0.00000 -1.00000 0.96304 0.05654 0.26337 0.00000 0.00000 -1.00000 0.70573 0.64342 0.29658 0.00000 0.00000 -1.00000 -0.20512 0.93743 0.28133 0.00000 0.00000 -1.00000 -0.83360 0.49441 0.24631 0.00000 0.00000 -1.00000 0.90833 0.31638 0.27359 0.00000 0.00000 -1.00000 0.45392 0.84779 0.27422 0.00000 0.00000 -1.00000 -0.11442 0.95093 0.28747 0.00000 0.00000 -1.00000 -0.85457 0.43878 0.27783 0.00000 0.00000 -1.00000 -0.94145 0.18859 0.27949 -0.00000 0.00000 -1.00000 -0.76611 -0.56946 0.29799 0.00000 0.00000 -1.00000 -0.28468 -0.91138 0.29724 0.00000 -0.00000 -1.00000 0.48574 -0.81749 0.30947 0.00000 0.00000 -1.00000 0.93199 -0.22681 0.28276 0.00000 0.00000 -1.00000 -0.09954 -0.84640 0.52316 0.00000 -0.00000 -1.00000 0.41814 -0.73768 0.53009 0.00000 0.00000 -1.00000 0.82110 -0.16521 0.54636 0.00000 0.00000 -1.00000 0.77615 0.31590 0.54571 0.00000 0.00000 -1.00000 0.35024 0.76436 0.54137 0.00000 0.00000 -1.00000 -0.20180 0.80957 0.55124 0.00000 0.00000 -1.00000 -0.67685 0.48396 0.55467 0.00000 0.00000 -1.00000 -0.83147 -0.15489 0.53354 -0.00000 0.00000 -1.00000 -0.56687 -0.63837 0.52071 0.00000 0.00000 -1.00000 0.30050 0.85903 0.41444 0.00000 0.00000 -1.00000 -0.36466 0.82364 0.43433 0.00000 0.00000 -1.00000 -0.74893 0.50608 0.42778 0.00000 0.00000 -1.00000 -0.87717 -0.17181 0.44839 -0.00000 0.00000 -1.00000 -0.34957 -0.84197 0.41096 0.00000 0.00000 -1.00000 -0.13276 -0.90540 0.40327 0.00000 -0.00000 -1.00000 0.57610 -0.68205 0.45047 0.00000 0.00000 -1.00000 0.90786 0.02543 0.41851 0.00000 0.00000 -1.00000 0.82196 0.38937 0.41567 0.00000 0.00000 -1.00000 -0.37569 0.73648 0.56254 0.00000 0.00000 -1.00000 -0.76022 0.32501 0.56252 0.00000 0.00000 -1.00000 -0.78624 -0.24440 0.56753 -0.00000 0.00000 -1.00000 -0.41145 -0.71284 0.56795 0.00000 0.00000 -1.00000 0.08757 -0.82293 0.56135 0.00000 -0.00000 -1.00000 0.65233 -0.51099 0.55978 0.00000 0.00000 -1.00000 0.82095 -0.09309 0.56336 0.00000 0.00000 -1.00000 0.61422 0.54073 0.57476 0.00000 0.00000 -1.00000 0.09316 0.82122 0.56295 0.00000 0.00000 -1.00000 -0.80874 -0.45406 0.37386 0.00000 0.00000 -1.00000 -0.23057 -0.90077 0.36805 0.00000 0.00000 -1.00000 0.23109 -0.90070 0.36787 0.00000 -0.00000 -1.00000 0.80070 -0.46633 0.37606 0.00000 0.00000 -1.00000 0.89760 0.23432 0.37337 0.00000 0.00000 -1.00000 0.61162 0.69847 0.37157 0.00000 0.00000 -1.00000 -0.03720 0.92356 0.38164 0.00000 0.00000 -1.00000 -0.56441 0.73766 0.37053 0.00000 0.00000 -1.00000 -0.90054 0.23699 0.36450 -0.00000 0.00000 -1.00000 0.49824 0.83856 0.22039 0.00000 0.00000 -1.00000 -0.56718 0.79383 0.21941 0.00000 0.00000 -1.00000 -0.78154 0.58541 0.21560 0.00000 0.00000 -1.00000 -0.95960 -0.17570 0.21976 -0.00000 0.00000 -1.00000 -0.53018 -0.82033 0.21442 0.00000 0.00000 -1.00000 -0.06862 -0.97328 0.21915 0.00000 -0.00000 -1.00000 0.59637 -0.77181 0.22058 0.00000 0.00000 -1.00000 0.97105 -0.09758 0.21805 0.00000 0.00000 -1.00000 0.76038 0.61154 0.21872 0.00000 0.00000 -1.00000 0.26798 -0.89020 0.36843 0.00000 0.00000 -1.00000 0.83906 -0.40130 0.36733 0.00000 0.00000 -1.00000 0.90013 0.24010 0.36347 0.00000 0.00000 -1.00000 0.54107 0.75917 0.36180 0.00000 0.00000 -1.00000 0.08033 0.92634 0.36803 0.00000 0.00000 -1.00000 -0.57969 0.71935 0.38274 0.00000 0.00000 -1.00000 -0.93009 0.02280 0.36662 -0.00000 0.00000 -1.00000 -0.81640 -0.44023 0.37375 0.00000 0.00000 -1.00000 -0.14963 -0.91722 0.36922 0.00000 -0.00000 -1.00000 0.80892 -0.49239 0.32124 0.00000 0.00000 -1.00000 0.90355 0.28899 0.31636 0.00000 0.00000 -1.00000 0.65170 0.68748 0.32041 0.00000 0.00000 -1.00000 -0.13644 0.93690 0.32189 0.00000 0.00000 -1.00000 -0.61370 0.71687 0.33086 0.00000 0.00000 -1.00000 -0.94346 0.06236 0.32558 -0.00000 0.00000 -1.00000 -0.80147 -0.50467 0.32087 0.00000 0.00000 -1.00000 -0.27568 -0.90629 0.32037 0.00000 -0.00000 -1.00000 0.47105 -0.82104 0.32249 0.00000 0.00000 -1.00000 0.88314 -0.38050 0.27438 0.00000 0.00000 -1.00000 0.92401 0.30293 0.23334 0.00000 0.00000 -1.00000 0.84471 0.47957 0.23764 0.00000 0.00000 -1.00000 -0.02631 0.96217 0.27117 0.00000 0.00000 -1.00000 -0.63638 0.73234 0.24227 0.00000 0.00000 -1.00000 -0.96608 0.11681 0.23030 -0.00000 0.00000 -1.00000 -0.90986 -0.35003 0.22279 0.00000 0.00000 -1.00000 -0.24200 -0.93702 0.25185 0.00000 0.00000 -1.00000 0.04571 -0.96771 0.24790 0.00000 -0.00000 -1.00000 0.88709 0.21746 0.40716 0.00000 0.00000 -1.00000 0.41606 0.81025 0.41279 0.00000 0.00000 -1.00000 -0.12452 0.90853 0.39883 0.00000 0.00000 -1.00000 -0.60718 0.68200 0.40768 0.00000 0.00000 -1.00000 -0.91072 -0.04381 0.41070 -0.00000 0.00000 -1.00000 -0.77254 -0.48580 0.40887 0.00000 0.00000 -1.00000 -0.12527 -0.90198 0.41321 0.00000 -0.00000 -1.00000 0.41984 -0.80982 0.40980 0.00000 0.00000 -1.00000 0.86160 -0.29203 0.41515 0.00000 0.00000 -1.00000 -0.35766 -0.90256 0.23972 0.00000 0.00000 -1.00000 0.28163 -0.93334 0.22263 0.00000 -0.00000 -1.00000 0.72570 -0.65186 0.22008 0.00000 0.00000 -1.00000 0.97291 0.05023 0.22568 0.00000 0.00000 -1.00000 0.66550 0.70920 0.23271 0.00000 0.00000 -1.00000 0.21055 0.95246 0.22020 0.00000 0.00000 -1.00000 -0.40301 0.88534 0.23186 0.00000 0.00000 -1.00000 -0.96855 0.11701 0.21959 0.00000 0.00000 -1.00000 -0.96135 -0.16830 0.21791 -0.00000 0.00000 -1.00000 0.46627 -0.84732 0.25425 0.00000 0.00000 -1.00000 0.97331 0.01981 0.22865 0.00000 0.00000 -1.00000 0.94020 0.25747 0.22301 0.00000 0.00000 -1.00000 0.48906 0.83806 0.24183 0.00000 0.00000 -1.00000 -0.32955 0.91211 0.24381 0.00000 0.00000 -1.00000 -0.74723 0.61504 0.25175 0.00000 0.00000 -1.00000 -0.90949 -0.33867 0.24112 -0.00000 0.00000 -1.00000 -0.90810 -0.34229 0.24123 0.00000 0.00000 -1.00000 -0.09887 -0.96130 0.25715 0.00000 -0.00000 -1.00000 -0.28934 -0.89554 0.33807 0.00000 -0.00000 -1.00000 0.39203 -0.85967 0.32753 0.00000 0.00000 -1.00000 0.78164 -0.52938 0.32984 0.00000 0.00000 -1.00000 0.91113 0.22773 0.34347 0.00000 0.00000 -1.00000 0.53371 0.77454 0.33947 0.00000 0.00000 -1.00000 0.06162 0.94058 0.33393 0.00000 0.00000 -1.00000 -0.66148 0.67312 0.33069 0.00000 0.00000 -1.00000 -0.91730 0.20885 0.33904 -0.00000 0.00000 -1.00000 -0.80721 -0.47974 0.34390 0.00000 0.00000 -1.00000 0.55767 0.74571 0.36459 0.00000 0.00000 -1.00000 -0.01869 0.93040 0.36606 0.00000 0.00000 -1.00000 -0.58689 0.72503 0.36041 0.00000 0.00000 -1.00000 -0.93153 0.04265 0.36115 -0.00000 0.00000 -1.00000 -0.79702 -0.48612 0.35839 0.00000 0.00000 -1.00000 -0.35082 -0.86031 0.36986 0.00000 0.00000 -1.00000 0.42480 -0.83394 0.35227 0.00000 -0.00000 -1.00000 0.80450 -0.47831 0.35213 0.00000 0.00000 -1.00000 0.93075 0.03914 0.36355 0.00000 0.00000 -1.00000 0.61894 -0.73710 0.27129 0.00000 0.00000 -1.00000 0.88228 -0.38069 0.27686 0.00000 0.00000 -1.00000 0.93136 0.21962 0.29041 0.00000 0.00000 -1.00000 0.21417 0.93175 0.29323 0.00000 0.00000 -1.00000 -0.08519 0.95301 0.29070 0.00000 0.00000 -1.00000 -0.85053 0.42976 0.30317 0.00000 0.00000 -1.00000 -0.95064 -0.03745 0.30804 -0.00000 0.00000 -1.00000 -0.74412 -0.59548 0.30281 0.00000 0.00000 -1.00000 0.03940 -0.95365 0.29834 0.00000 -0.00000 -1.00000 0.95697 -0.10989 0.26858 0.00000 0.00000 -1.00000 0.82640 0.49894 0.26099 0.00000 0.00000 -1.00000 0.25765 0.93081 0.25923 0.00000 0.00000 -1.00000 -0.29151 0.92194 0.25505 0.00000 0.00000 -1.00000 -0.91131 0.33204 0.24344 0.00000 0.00000 -1.00000 -0.95701 -0.16940 0.23545 -0.00000 0.00000 -1.00000 -0.48006 -0.84248 0.24449 0.00000 0.00000 -1.00000 -0.16918 -0.95425 0.24653 0.00000 -0.00000 -1.00000 0.58290 -0.76786 0.26574 0.00000 0.00000 -1.00000 -0.58591 -0.73741 0.33607 0.00000 0.00000 -1.00000 -0.14590 -0.93066 0.33555 0.00000 -0.00000 -1.00000 0.55754 -0.75033 0.35519 0.00000 0.00000 -1.00000 0.93566 -0.09047 0.34112 0.00000 0.00000 -1.00000 0.88971 0.30721 0.33769 0.00000 0.00000 -1.00000 0.29023 0.89404 0.34127 0.00000 0.00000 -1.00000 -0.29734 0.89346 0.33664 0.00000 0.00000 -1.00000 -0.73567 0.58197 0.34655 0.00000 0.00000 -1.00000 -0.92831 -0.11864 0.35237 -0.00000 0.00000 -1.00000 -0.22320 0.91243 0.34301 0.00000 0.00000 -1.00000 -0.85559 0.35673 0.37512 0.00000 0.00000 -1.00000 -0.88214 -0.27970 0.37894 -0.00000 0.00000 -1.00000 -0.55210 -0.75498 0.35383 0.00000 0.00000 -1.00000 -0.09193 -0.92869 0.35929 0.00000 -0.00000 -1.00000 0.79710 -0.49681 0.34323 0.00000 0.00000 -1.00000 0.89360 -0.28760 0.34462 0.00000 0.00000 -1.00000 0.72755 0.58822 0.35309 0.00000 0.00000 -1.00000 0.16433 0.92393 0.34546 0.00000 0.00000 -1.00000 0.57839 -0.73857 0.34637 0.00000 0.00000 -1.00000 0.86844 -0.36749 0.33281 0.00000 0.00000 -1.00000 0.87932 0.34441 0.32891 0.00000 0.00000 -1.00000 0.44543 0.83119 0.33274 0.00000 0.00000 -1.00000 -0.06043 0.94059 0.33413 0.00000 0.00000 -1.00000 -0.77115 0.52962 0.35331 0.00000 0.00000 -1.00000 -0.92688 -0.16305 0.33810 -0.00000 0.00000 -1.00000 -0.73349 -0.59493 0.32871 0.00000 0.00000 -1.00000 -0.20508 -0.91446 0.34887 0.00000 -0.00000 -1.00000 0.14759 0.92911 0.33908 0.00000 0.00000 -1.00000 -0.42887 0.82959 0.35756 0.00000 0.00000 -1.00000 -0.91723 0.16681 0.36176 -0.00000 0.00000 -1.00000 -0.86547 -0.35082 0.35760 0.00000 0.00000 -1.00000 -0.35957 -0.86210 0.35706 0.00000 0.00000 -1.00000 0.23386 -0.91390 0.33182 0.00000 -0.00000 -1.00000 0.58831 -0.73610 0.33473 0.00000 0.00000 -1.00000 0.91468 0.23656 0.32772 0.00000 0.00000 -1.00000 0.65764 0.68191 0.32017 0.00000 0.00000 -1.00000 0.59820 -0.70367 0.38341 0.00000 0.00000 -1.00000 0.90334 -0.19161 0.38376 0.00000 0.00000 -1.00000 0.75036 0.53144 0.39311 0.00000 0.00000 -1.00000 0.27118 0.87771 0.39507 0.00000 0.00000 -1.00000 -0.35375 0.84690 0.39701 0.00000 0.00000 -1.00000 -0.80449 0.44799 0.39001 0.00000 0.00000 -1.00000 -0.89022 -0.24130 0.38637 -0.00000 0.00000 -1.00000 -0.50837 -0.77442 0.37661 0.00000 0.00000 -1.00000 0.02088 -0.92899 0.36951 0.00000 -0.00000 -1.00000 0.93304 0.17507 0.31430 0.00000 0.00000 -1.00000 0.46464 0.82378 0.32481 0.00000 0.00000 -1.00000 -0.19655 0.92657 0.32067 0.00000 0.00000 -1.00000 -0.69211 0.64450 0.32497 0.00000 0.00000 -1.00000 -0.94697 -0.04246 0.31850 -0.00000 0.00000 -1.00000 -0.77306 -0.54695 0.32129 0.00000 0.00000 -1.00000 -0.10403 -0.94638 0.30583 0.00000 -0.00000 -1.00000 0.33725 -0.88702 0.31536 0.00000 0.00000 -1.00000 0.91925 -0.23394 0.31661 0.00000 0.00000 -1.00000 0.97041 -0.14353 0.19419 0.00000 0.00000 -1.00000 0.73757 0.64909 0.18619 0.00000 0.00000 -1.00000 0.20492 0.96515 0.16278 0.00000 0.00000 -1.00000 -0.45512 0.87520 0.16396 0.00000 0.00000 -1.00000 -0.82241 0.53975 0.17974 0.00000 0.00000 -1.00000 -0.89158 -0.41833 0.17344 -0.00000 0.00000 -1.00000 -0.38768 -0.90624 0.16862 0.00000 0.00000 -1.00000 0.14936 -0.97592 0.15894 0.00000 -0.00000 -1.00000 0.57999 -0.79852 0.16116 0.00000 0.00000 -1.00000 0.26383 -0.83204 0.48796 0.00000 -0.00000 -1.00000 0.78060 -0.38842 0.48969 0.00000 0.00000 -1.00000 0.87736 0.04190 0.47800 0.00000 0.00000 -1.00000 0.58555 0.64426 0.49200 0.00000 0.00000 -1.00000 0.13207 0.86227 0.48893 0.00000 0.00000 -1.00000 -0.55639 0.65739 0.50819 0.00000 0.00000 -1.00000 -0.87827 0.09515 0.46861 -0.00000 0.00000 -1.00000 -0.76830 -0.44199 0.46300 0.00000 0.00000 -1.00000 -0.37637 -0.79413 0.47719 0.00000 0.00000 -1.00000 -0.93877 -0.08007 0.33511 -0.00000 0.00000 -1.00000 -0.56149 -0.76682 0.31100 0.00000 0.00000 -1.00000 -0.32048 -0.89562 0.30847 0.00000 -0.00000 -1.00000 0.59887 -0.74403 0.29627 0.00000 0.00000 -1.00000 0.92378 -0.24172 0.29700 0.00000 0.00000 -1.00000 0.84510 0.44394 0.29786 0.00000 0.00000 -1.00000 0.58257 0.75540 0.29996 0.00000 0.00000 -1.00000 -0.16446 0.93290 0.32040 0.00000 0.00000 -1.00000 -0.63619 0.69974 0.32501 0.00000 0.00000 -1.00000 0.91618 -0.35069 0.19401 0.00000 0.00000 -1.00000 0.84511 0.49619 0.19895 0.00000 0.00000 -1.00000 0.31167 0.92986 0.19548 0.00000 0.00000 -1.00000 -0.34902 0.91911 0.18283 0.00000 0.00000 -1.00000 -0.81260 0.55220 0.18645 0.00000 0.00000 -1.00000 -0.97661 -0.10364 0.18841 -0.00000 0.00000 -1.00000 -0.72464 -0.66294 0.18816 0.00000 0.00000 -1.00000 -0.23889 -0.95146 0.19405 0.00000 -0.00000 -1.00000 0.70759 -0.68036 0.19084 0.00000 0.00000 -1.00000 0.69066 0.67328 0.26397 0.00000 0.00000 -1.00000 0.32719 0.91036 0.25335 0.00000 0.00000 -1.00000 -0.44208 0.86065 0.25266 0.00000 0.00000 -1.00000 -0.88108 0.40515 0.24402 0.00000 0.00000 -1.00000 -0.90899 -0.33435 0.24891 -0.00000 0.00000 -1.00000 -0.47949 -0.84018 0.25335 0.00000 0.00000 -1.00000 0.16482 -0.95546 0.24482 0.00000 -0.00000 -1.00000 0.60957 -0.75413 0.24436 0.00000 0.00000 -1.00000 0.94209 -0.22174 0.25158 0.00000 0.00000 -1.00000 0.65876 0.68166 0.31838 0.00000 0.00000 -1.00000 -0.04540 0.94493 0.32411 0.00000 0.00000 -1.00000 -0.53284 0.77989 0.32840 0.00000 0.00000 -1.00000 -0.93130 0.17816 0.31771 -0.00000 0.00000 -1.00000 -0.88296 -0.35767 0.30407 0.00000 0.00000 -1.00000 -0.25746 -0.91729 0.30381 0.00000 -0.00000 -1.00000 0.26767 -0.91372 0.30574 0.00000 0.00000 -1.00000 0.79745 -0.51676 0.31148 0.00000 0.00000 -1.00000 0.94996 -0.05959 0.30664 0.00000 0.00000 -1.00000 -0.90066 -0.18768 0.39189 -0.00000 0.00000 -1.00000 -0.59285 -0.70289 0.39303 0.00000 0.00000 -1.00000 0.01138 -0.91598 0.40106 0.00000 -0.00000 -1.00000 0.65745 -0.63532 0.40513 0.00000 0.00000 -1.00000 0.90521 -0.14254 0.40036 0.00000 0.00000 -1.00000 0.76089 0.52138 0.38627 0.00000 0.00000 -1.00000 0.38205 0.83342 0.39931 0.00000 0.00000 -1.00000 -0.36718 0.83761 0.40446 0.00000 0.00000 -1.00000 -0.80993 0.43647 0.39180 0.00000 0.00000 -1.00000 -0.95191 -0.19146 0.23917 -0.00000 0.00000 -1.00000 -0.78344 -0.57438 0.23727 0.00000 0.00000 -1.00000 0.11800 -0.96603 0.22991 0.00000 -0.00000 -1.00000 0.61296 -0.75696 0.22647 0.00000 0.00000 -1.00000 0.92132 -0.30882 0.23623 0.00000 0.00000 -1.00000 0.86567 0.43583 0.24631 0.00000 0.00000 -1.00000 0.20264 0.95085 0.23413 0.00000 0.00000 -1.00000 -0.20481 0.95009 0.23532 0.00000 0.00000 -1.00000 -0.87070 0.42547 0.24668 0.00000 0.00000 -1.00000 0.13584 -0.93747 0.32045 0.00000 -0.00000 -1.00000 0.69459 -0.64682 0.31491 0.00000 0.00000 -1.00000 0.90945 -0.28095 0.30654 0.00000 0.00000 -1.00000 0.78743 0.51330 0.34128 0.00000 0.00000 -1.00000 0.17686 0.93147 0.31793 0.00000 0.00000 -1.00000 -0.40594 0.85990 0.30949 0.00000 0.00000 -1.00000 -0.86256 0.41266 0.29276 0.00000 0.00000 -1.00000 -0.94467 -0.13898 0.29712 -0.00000 0.00000 -1.00000 -0.60198 -0.73271 0.31742 0.00000 0.00000 -1.00000 0.93013 -0.28803 0.22780 0.00000 0.00000 -1.00000 0.85270 0.46522 0.23764 0.00000 0.00000 -1.00000 0.30195 0.92586 0.22716 0.00000 0.00000 -1.00000 -0.28377 0.93457 0.21457 0.00000 0.00000 -1.00000 -0.82041 0.53044 0.21346 0.00000 0.00000 -1.00000 -0.97257 0.03466 0.23000 -0.00000 0.00000 -1.00000 -0.66130 -0.71367 0.23099 0.00000 0.00000 -1.00000 0.02849 -0.97357 0.22661 0.00000 -0.00000 -1.00000 0.63940 -0.73646 0.22090 0.00000 0.00000 -1.00000 0.60741 0.75722 0.24014 0.00000 0.00000 -1.00000 0.05667 0.96847 0.24258 0.00000 0.00000 -1.00000 -0.58939 0.77041 0.24308 0.00000 0.00000 -1.00000 -0.95544 0.17728 0.23603 -0.00000 0.00000 -1.00000 -0.85921 -0.45228 0.23918 0.00000 0.00000 -1.00000 -0.34527 -0.90455 0.25017 0.00000 -0.00000 -1.00000 0.41484 -0.87488 0.24998 0.00000 0.00000 -1.00000 0.80177 -0.54670 0.24143 0.00000 0.00000 -1.00000 0.96116 0.14237 0.23643 0.00000 0.00000 -1.00000 -0.54157 -0.75104 0.37768 0.00000 0.00000 -1.00000 0.25838 -0.88460 0.38822 0.00000 -0.00000 -1.00000 0.60720 -0.69510 0.38490 0.00000 0.00000 -1.00000 0.92158 0.07630 0.38061 0.00000 0.00000 -1.00000 0.67061 0.63866 0.37736 0.00000 0.00000 -1.00000 0.11386 0.92336 0.36667 0.00000 0.00000 -1.00000 -0.44447 0.81324 0.37560 0.00000 0.00000 -1.00000 -0.83779 0.39660 0.37526 0.00000 0.00000 -1.00000 -0.84839 -0.37413 0.37451 -0.00000 0.00000 -1.00000 0.74826 -0.60395 0.27451 0.00000 0.00000 -1.00000 0.95797 -0.05054 0.28237 0.00000 0.00000 -1.00000 0.75217 0.59250 0.28842 0.00000 0.00000 -1.00000 0.15971 0.93852 0.30606 0.00000 0.00000 -1.00000 -0.47749 0.82447 0.30373 0.00000 0.00000 -1.00000 -0.92405 0.24521 0.29328 -0.00000 0.00000 -1.00000 -0.89139 -0.34262 0.29671 0.00000 0.00000 -1.00000 -0.51346 -0.80627 0.29374 0.00000 0.00000 -1.00000 0.27719 -0.91957 0.27848 0.00000 -0.00000 -1.00000 0.49740 0.83460 0.23672 0.00000 0.00000 -1.00000 -0.22780 0.94756 0.22415 0.00000 0.00000 -1.00000 -0.77991 0.58531 0.22169 0.00000 0.00000 -1.00000 -0.97561 0.03281 0.21705 -0.00000 0.00000 -1.00000 -0.75245 -0.61987 0.22268 0.00000 0.00000 -1.00000 -0.32338 -0.91756 0.23132 0.00000 -0.00000 -1.00000 0.66940 -0.70866 0.22294 0.00000 0.00000 -1.00000 0.81166 -0.54101 0.22024 0.00000 0.00000 -1.00000 0.91640 0.31815 0.24287 0.00000 0.00000 -1.00000 -0.85486 0.08667 0.51156 -0.00000 0.00000 -1.00000 -0.69084 -0.50668 0.51576 0.00000 0.00000 -1.00000 -0.24536 -0.82378 0.51107 0.00000 -0.00000 -1.00000 0.38306 -0.76978 0.51059 0.00000 0.00000 -1.00000 0.77417 -0.39316 0.49607 0.00000 0.00000 -1.00000 0.84930 0.14803 0.50673 0.00000 0.00000 -1.00000 0.46582 0.72265 0.51067 0.00000 0.00000 -1.00000 -0.06418 0.85529 0.51415 0.00000 0.00000 -1.00000 -0.60113 0.61273 0.51304 0.00000 0.00000 -1.00000 0.36319 -0.91860 0.15579 0.00000 0.00000 -1.00000 0.98363 -0.10579 0.14589 0.00000 0.00000 -1.00000 0.96832 0.20760 0.13879 0.00000 0.00000 -1.00000 0.74153 0.65580 0.14162 0.00000 0.00000 -1.00000 0.07117 0.98726 0.14233 0.00000 0.00000 -1.00000 -0.41562 0.89666 0.15251 0.00000 0.00000 -1.00000 -0.97157 -0.18459 0.14824 -0.00000 0.00000 -1.00000 -0.92771 -0.34320 0.14689 0.00000 0.00000 -1.00000 -0.08586 -0.98373 0.15778 0.00000 -0.00000 -1.00000 0.85002 -0.47741 0.22261 0.00000 0.00000 -1.00000 0.96336 0.11579 0.24194 0.00000 0.00000 -1.00000 0.48419 0.83999 0.24489 0.00000 0.00000 -1.00000 -0.00865 0.96879 0.24773 0.00000 0.00000 -1.00000 -0.75602 0.60956 0.23849 0.00000 0.00000 -1.00000 -0.93683 0.25613 0.23823 -0.00000 0.00000 -1.00000 -0.79061 -0.56015 0.24731 0.00000 0.00000 -1.00000 -0.26717 -0.93138 0.24728 0.00000 -0.00000 -1.00000 0.41905 -0.87751 0.23317 0.00000 0.00000 -1.00000 0.76402 0.62249 0.16965 0.00000 0.00000 -1.00000 0.36962 0.91204 0.17766 0.00000 0.00000 -1.00000 -0.44314 0.88269 0.15651 0.00000 0.00000 -1.00000 -0.74771 0.64474 0.15888 0.00000 0.00000 -1.00000 -0.88583 -0.43848 0.15176 -0.00000 0.00000 -1.00000 -0.87428 -0.46112 0.15167 0.00000 0.00000 -1.00000 -0.08459 -0.98129 0.17297 0.00000 -0.00000 -1.00000 0.55515 -0.81506 0.16578 0.00000 0.00000 -1.00000 0.97869 -0.10179 0.17833 0.00000 0.00000 -1.00000 0.89055 0.25617 0.37591 0.00000 0.00000 -1.00000 0.57629 0.72059 0.38554 0.00000 0.00000 -1.00000 0.01443 0.91659 0.39957 0.00000 0.00000 -1.00000 -0.70195 0.57373 0.42203 0.00000 0.00000 -1.00000 -0.91124 -0.02272 0.41124 -0.00000 0.00000 -1.00000 -0.79132 -0.45717 0.40597 0.00000 0.00000 -1.00000 -0.19030 -0.89064 0.41298 0.00000 -0.00000 -1.00000 0.49631 -0.77105 0.39894 0.00000 0.00000 -1.00000 0.88625 -0.24607 0.39245 0.00000 0.00000 -1.00000 -0.97281 -0.01203 0.23131 -0.00000 0.00000 -1.00000 -0.60406 -0.75811 0.24571 0.00000 0.00000 -1.00000 0.10197 -0.96295 0.24967 0.00000 -0.00000 -1.00000 0.61371 -0.75292 0.23765 0.00000 0.00000 -1.00000 0.95893 -0.13556 0.24914 0.00000 0.00000 -1.00000 0.81305 0.52655 0.24840 0.00000 0.00000 -1.00000 0.34260 0.90743 0.24332 0.00000 0.00000 -1.00000 -0.19911 0.94981 0.24127 0.00000 0.00000 -1.00000 -0.88578 0.40061 0.23431 0.00000 0.00000 -1.00000 0.71423 -0.64464 0.27263 0.00000 0.00000 -1.00000 0.95840 0.08153 0.27353 0.00000 0.00000 -1.00000 0.71149 0.64374 0.28174 0.00000 0.00000 -1.00000 0.04330 0.95906 0.27989 0.00000 0.00000 -1.00000 -0.53400 0.79804 0.27925 0.00000 0.00000 -1.00000 -0.89283 0.35273 0.28007 -0.00000 0.00000 -1.00000 -0.88466 -0.36000 0.29626 0.00000 0.00000 -1.00000 -0.40805 -0.86925 0.27910 0.00000 0.00000 -1.00000 0.20204 -0.94168 0.26910 0.00000 -0.00000 -1.00000 0.38108 0.88633 0.26306 0.00000 0.00000 -1.00000 -0.26770 0.92981 0.25255 0.00000 0.00000 -1.00000 -0.79529 0.56114 0.22942 0.00000 0.00000 -1.00000 -0.96804 -0.09846 0.23067 -0.00000 0.00000 -1.00000 -0.77020 -0.59540 0.22866 0.00000 0.00000 -1.00000 -0.27110 -0.93126 0.24342 0.00000 -0.00000 -1.00000 0.49103 -0.83282 0.25552 0.00000 0.00000 -1.00000 0.95890 -0.15854 0.23532 0.00000 0.00000 -1.00000 0.95626 0.16804 0.23943 0.00000 0.00000 -1.00000 0.79324 0.40110 0.45814 0.00000 0.00000 -1.00000 0.45118 0.77123 0.44905 0.00000 0.00000 -1.00000 -0.32673 0.82761 0.45640 0.00000 0.00000 -1.00000 -0.68186 0.57970 0.44612 0.00000 0.00000 -1.00000 -0.88757 -0.09542 0.45067 -0.00000 0.00000 -1.00000 -0.56604 -0.69763 0.43921 0.00000 0.00000 -1.00000 -0.16365 -0.88233 0.44126 0.00000 -0.00000 -1.00000 0.53262 -0.72274 0.44041 0.00000 0.00000 -1.00000 0.84724 -0.28530 0.44809 0.00000 0.00000 -1.00000 -0.96863 0.05889 0.24145 -0.00000 0.00000 -1.00000 -0.79867 -0.54144 0.26263 0.00000 0.00000 -1.00000 -0.17881 -0.94877 0.26051 0.00000 -0.00000 -1.00000 0.46893 -0.84417 0.25977 0.00000 0.00000 -1.00000 0.94980 -0.18035 0.25566 0.00000 0.00000 -1.00000 0.90614 0.33926 0.25261 0.00000 0.00000 -1.00000 0.38410 0.88711 0.25595 0.00000 0.00000 -1.00000 -0.20471 0.94745 0.24582 0.00000 0.00000 -1.00000 -0.83701 0.48952 0.24450 0.00000 0.00000 -1.00000 -0.04743 0.92715 0.37169 0.00000 0.00000 -1.00000 -0.67441 0.64512 0.35917 0.00000 0.00000 -1.00000 -0.92607 0.14680 0.34763 -0.00000 0.00000 -1.00000 -0.78423 -0.50598 0.35913 0.00000 0.00000 -1.00000 -0.16316 -0.92225 0.35047 0.00000 -0.00000 -1.00000 0.39385 -0.85128 0.34670 0.00000 0.00000 -1.00000 0.81207 -0.46108 0.35770 0.00000 0.00000 -1.00000 0.88492 0.29663 0.35907 0.00000 0.00000 -1.00000 0.60546 0.71141 0.35681 0.00000 0.00000 -1.00000 0.19004 0.86379 0.46665 0.00000 0.00000 -1.00000 -0.46234 0.74837 0.47559 0.00000 0.00000 -1.00000 -0.81897 0.31387 0.48039 0.00000 0.00000 -1.00000 -0.83579 -0.27090 0.47756 -0.00000 0.00000 -1.00000 -0.44812 -0.75458 0.47938 0.00000 0.00000 -1.00000 0.14847 -0.86011 0.48802 0.00000 -0.00000 -1.00000 0.66695 -0.57278 0.47656 0.00000 0.00000 -1.00000 0.87343 -0.08903 0.47874 0.00000 0.00000 -1.00000 0.63204 0.61770 0.46795 0.00000 0.00000 -1.00000 -0.63974 -0.62615 0.44573 0.00000 0.00000 -1.00000 -0.02718 -0.89727 0.44064 0.00000 -0.00000 -1.00000 0.40647 -0.80422 0.43360 0.00000 0.00000 -1.00000 0.87907 -0.17943 0.44164 0.00000 0.00000 -1.00000 0.87432 0.19637 0.44384 0.00000 0.00000 -1.00000 0.36398 0.80980 0.46015 0.00000 0.00000 -1.00000 -0.17825 0.86142 0.47558 0.00000 0.00000 -1.00000 -0.79639 0.41186 0.44287 0.00000 0.00000 -1.00000 -0.88755 0.11835 0.44525 -0.00000 0.00000 -1.00000 -0.76878 0.54060 0.34167 0.00000 0.00000 -1.00000 -0.93594 -0.15598 0.31572 -0.00000 0.00000 -1.00000 -0.74531 -0.58449 0.32076 0.00000 0.00000 -1.00000 0.14633 -0.93776 0.31495 0.00000 -0.00000 -1.00000 0.32271 -0.89342 0.31250 0.00000 0.00000 -1.00000 0.91963 -0.19602 0.34037 0.00000 0.00000 -1.00000 0.85105 0.41067 0.32720 0.00000 0.00000 -1.00000 0.32706 0.88592 0.32891 0.00000 0.00000 -1.00000 -0.19763 0.92546 0.32320 0.00000 0.00000 -1.00000 -0.38395 0.82797 0.40871 0.00000 0.00000 -1.00000 -0.79802 0.44502 0.40636 0.00000 0.00000 -1.00000 -0.88392 -0.21037 0.41765 -0.00000 0.00000 -1.00000 -0.52940 -0.73692 0.42035 0.00000 0.00000 -1.00000 0.11203 -0.90345 0.41380 0.00000 -0.00000 -1.00000 0.62773 -0.66216 0.40926 0.00000 0.00000 -1.00000 0.91340 -0.05479 0.40336 0.00000 0.00000 -1.00000 0.77902 0.49094 0.39002 0.00000 0.00000 -1.00000 0.40245 0.82224 0.40244 0.00000 0.00000 -1.00000 -0.12252 0.97136 0.20360 0.00000 0.00000 -1.00000 -0.68325 0.70438 0.19240 0.00000 0.00000 -1.00000 -0.93158 0.31055 0.18900 -0.00000 0.00000 -1.00000 -0.90879 -0.36435 0.20334 0.00000 0.00000 -1.00000 -0.53304 -0.81796 0.21633 0.00000 0.00000 -1.00000 0.45553 -0.86820 0.19678 0.00000 -0.00000 -1.00000 0.70351 -0.68222 0.19909 0.00000 0.00000 -1.00000 0.92917 0.30659 0.20650 0.00000 0.00000 -1.00000 0.73829 0.64019 0.21232 0.00000 0.00000 -1.00000 -0.93477 0.19345 0.29797 -0.00000 0.00000 -1.00000 -0.85378 -0.43224 0.29022 0.00000 0.00000 -1.00000 -0.50588 -0.81013 0.29627 0.00000 0.00000 -1.00000 0.33621 -0.89268 0.30016 0.00000 -0.00000 -1.00000 0.79992 -0.52022 0.29916 0.00000 0.00000 -1.00000 0.95173 0.05679 0.30165 0.00000 0.00000 -1.00000 0.61624 0.72935 0.29716 0.00000 0.00000 -1.00000 0.13277 0.94663 0.29370 0.00000 0.00000 -1.00000 -0.49432 0.81129 0.31218 0.00000 0.00000 -1.00000 -0.84442 -0.45225 0.28709 0.00000 0.00000 -1.00000 -0.31779 -0.90386 0.28645 0.00000 -0.00000 -1.00000 0.33314 -0.89694 0.29072 0.00000 0.00000 -1.00000 0.86467 -0.40630 0.29542 0.00000 0.00000 -1.00000 0.90012 0.33120 0.28302 0.00000 0.00000 -1.00000 0.58247 0.76227 0.28226 0.00000 0.00000 -1.00000 -0.04490 0.95611 0.28955 0.00000 0.00000 -1.00000 -0.56436 0.77327 0.28905 0.00000 0.00000 -1.00000 -0.95778 0.00231 0.28751 -0.00000 0.00000 -1.00000 0.66877 -0.54335 0.50747 0.00000 0.00000 -1.00000 0.85465 0.08449 0.51228 0.00000 0.00000 -1.00000 0.64875 0.57023 0.50394 0.00000 0.00000 -1.00000 0.09964 0.85137 0.51501 0.00000 0.00000 -1.00000 -0.46529 0.72694 0.50504 0.00000 0.00000 -1.00000 -0.81709 0.27704 0.50557 -0.00000 0.00000 -1.00000 -0.80248 -0.30889 0.51050 0.00000 0.00000 -1.00000 -0.31208 -0.81133 0.49431 0.00000 0.00000 -1.00000 0.12596 -0.85963 0.49514 0.00000 -0.00000 -1.00000 0.91950 0.17998 0.34948 0.00000 0.00000 -1.00000 0.65066 0.66874 0.35976 0.00000 0.00000 -1.00000 0.02353 0.93962 0.34140 0.00000 0.00000 -1.00000 -0.53037 0.77390 0.34611 0.00000 0.00000 -1.00000 -0.87805 0.29421 0.37744 -0.00000 0.00000 -1.00000 -0.82102 -0.44087 0.36271 0.00000 0.00000 -1.00000 -0.18516 -0.92019 0.34491 0.00000 -0.00000 -1.00000 0.31515 -0.88747 0.33629 0.00000 0.00000 -1.00000 0.75400 -0.55921 0.34463 0.00000 0.00000 -1.00000 -0.60044 -0.61929 0.50591 0.00000 0.00000 -1.00000 -0.17183 -0.84030 0.51418 0.00000 -0.00000 -1.00000 0.39096 -0.74721 0.53743 0.00000 0.00000 -1.00000 0.83903 -0.12918 0.52852 0.00000 0.00000 -1.00000 0.81214 0.26754 0.51850 0.00000 0.00000 -1.00000 0.40013 0.74934 0.52762 0.00000 0.00000 -1.00000 -0.29122 0.80440 0.51781 0.00000 0.00000 -1.00000 -0.64445 0.56214 0.51835 0.00000 0.00000 -1.00000 -0.83831 -0.09831 0.53626 -0.00000 0.00000 -1.00000 0.97568 0.12662 0.17891 0.00000 0.00000 -1.00000 0.69423 0.69750 0.17758 0.00000 0.00000 -1.00000 0.31719 0.93004 0.18552 0.00000 0.00000 -1.00000 -0.58724 0.78687 0.18967 0.00000 0.00000 -1.00000 -0.89154 0.41231 0.18751 -0.00000 0.00000 -1.00000 -0.80786 -0.55314 0.20345 0.00000 0.00000 -1.00000 -0.56666 -0.79969 0.19849 0.00000 0.00000 -1.00000 0.12803 -0.97022 0.20564 0.00000 -0.00000 -1.00000 0.89997 -0.39584 0.18268 0.00000 0.00000 -1.00000 -0.31829 0.81047 0.49176 0.00000 0.00000 -1.00000 -0.76281 0.42305 0.48904 0.00000 0.00000 -1.00000 -0.84508 -0.25383 0.47055 -0.00000 0.00000 -1.00000 -0.62782 -0.61522 0.47681 0.00000 0.00000 -1.00000 0.05815 -0.86788 0.49337 0.00000 -0.00000 -1.00000 0.56958 -0.66328 0.48543 0.00000 0.00000 -1.00000 0.87241 0.03684 0.48739 0.00000 0.00000 -1.00000 0.75678 0.43579 0.48720 0.00000 0.00000 -1.00000 0.22230 0.84106 0.49315 0.00000 0.00000 -1.00000 0.42504 0.86376 0.27067 0.00000 0.00000 -1.00000 -0.20106 0.94147 0.27058 0.00000 0.00000 -1.00000 -0.71433 0.63977 0.28359 0.00000 0.00000 -1.00000 -0.95584 -0.06648 0.28625 -0.00000 0.00000 -1.00000 -0.69703 -0.66211 0.27525 0.00000 0.00000 -1.00000 -0.12043 -0.95341 0.27659 0.00000 -0.00000 -1.00000 0.54431 -0.78896 0.28507 0.00000 0.00000 -1.00000 0.92365 -0.26221 0.27950 0.00000 0.00000 -1.00000 0.88721 0.37355 0.27077 0.00000 0.00000 -1.00000 0.76406 -0.45012 0.46218 0.00000 0.00000 -1.00000 0.87755 0.11210 0.46619 0.00000 0.00000 -1.00000 0.54921 0.68171 0.48336 0.00000 0.00000 -1.00000 -0.02261 0.88646 0.46226 0.00000 0.00000 -1.00000 -0.63021 0.62443 0.46144 0.00000 0.00000 -1.00000 -0.88019 0.12827 0.45695 -0.00000 0.00000 -1.00000 -0.81161 -0.35003 0.46772 0.00000 0.00000 -1.00000 -0.30075 -0.82716 0.47472 0.00000 -0.00000 -1.00000 0.35944 -0.80900 0.46510 0.00000 0.00000 -1.00000 -0.19187 -0.88953 0.41463 0.00000 -0.00000 -1.00000 0.56074 -0.73081 0.38920 0.00000 0.00000 -1.00000 0.84710 -0.35205 0.39810 0.00000 0.00000 -1.00000 0.86673 0.31750 0.38467 0.00000 0.00000 -1.00000 0.35927 0.83654 0.41368 0.00000 0.00000 -1.00000 -0.32010 0.85752 0.40274 0.00000 0.00000 -1.00000 -0.74878 0.52803 0.40064 0.00000 0.00000 -1.00000 -0.90049 0.15623 0.40584 -0.00000 0.00000 -1.00000 -0.65022 -0.63327 0.41975 0.00000 0.00000 -1.00000 0.79723 -0.45279 0.39925 0.00000 0.00000 -1.00000 0.90756 0.12284 0.40156 0.00000 0.00000 -1.00000 0.54422 0.73653 0.40168 0.00000 0.00000 -1.00000 0.00707 0.91534 0.40261 0.00000 0.00000 -1.00000 -0.56032 0.72230 0.40538 0.00000 0.00000 -1.00000 -0.91909 -0.01876 0.39360 -0.00000 0.00000 -1.00000 -0.76608 -0.51423 0.38560 0.00000 0.00000 -1.00000 -0.29212 -0.88236 0.36894 0.00000 -0.00000 -1.00000 0.26960 -0.88419 0.38147 0.00000 0.00000 -1.00000 0.82825 0.47508 0.29714 0.00000 0.00000 -1.00000 0.24872 0.92708 0.28046 0.00000 0.00000 -1.00000 -0.35891 0.88945 0.28296 0.00000 0.00000 -1.00000 -0.78530 0.54893 0.28630 0.00000 0.00000 -1.00000 -0.94079 -0.06978 0.33173 -0.00000 0.00000 -1.00000 -0.27429 -0.91460 0.29711 0.00000 0.00000 -1.00000 -0.33928 -0.89267 0.29670 0.00000 -0.00000 -1.00000 0.78616 -0.54836 0.28504 0.00000 0.00000 -1.00000 0.94073 -0.19074 0.28044 0.00000 0.00000 -1.00000 0.49069 -0.82657 0.27571 0.00000 0.00000 -1.00000 0.85347 -0.44019 0.27897 0.00000 0.00000 -1.00000 0.90509 0.30776 0.29340 0.00000 0.00000 -1.00000 0.45419 0.84190 0.29142 0.00000 0.00000 -1.00000 -0.25906 0.92611 0.27423 0.00000 0.00000 -1.00000 -0.72503 0.63673 0.26248 0.00000 0.00000 -1.00000 -0.95261 0.12173 0.27876 -0.00000 0.00000 -1.00000 -0.73487 -0.61934 0.27638 0.00000 0.00000 -1.00000 -0.27962 -0.91804 0.28110 0.00000 -0.00000 -1.00000 0.71266 0.48634 0.50556 0.00000 0.00000 -1.00000 0.11025 0.86374 0.49173 0.00000 0.00000 -1.00000 -0.29208 0.82223 0.48849 0.00000 0.00000 -1.00000 -0.78475 0.38018 0.48953 0.00000 0.00000 -1.00000 -0.84959 -0.17990 0.49581 -0.00000 0.00000 -1.00000 -0.49246 -0.71409 0.49755 0.00000 0.00000 -1.00000 0.10350 -0.86796 0.48573 0.00000 -0.00000 -1.00000 0.65369 -0.57927 0.48696 0.00000 0.00000 -1.00000 0.85911 -0.13017 0.49496 0.00000 0.00000 -1.00000 0.94474 -0.14139 0.29577 0.00000 0.00000 -1.00000 0.90366 0.30830 0.29725 0.00000 0.00000 -1.00000 0.35941 0.88506 0.29581 0.00000 0.00000 -1.00000 -0.23579 0.92429 0.30017 0.00000 0.00000 -1.00000 -0.78423 0.53955 0.30639 0.00000 0.00000 -1.00000 -0.94449 -0.09241 0.31527 -0.00000 0.00000 -1.00000 -0.63536 -0.70571 0.31352 0.00000 0.00000 -1.00000 0.03193 -0.95323 0.30055 0.00000 -0.00000 -1.00000 0.55135 -0.77930 0.29784 0.00000 0.00000 -1.00000 0.29374 0.92960 0.22264 0.00000 0.00000 -1.00000 -0.30448 0.92574 0.22427 0.00000 0.00000 -1.00000 -0.85488 0.46180 0.23647 0.00000 0.00000 -1.00000 -0.95248 -0.18678 0.24060 -0.00000 0.00000 -1.00000 -0.53365 -0.81133 0.23868 0.00000 0.00000 -1.00000 0.05593 -0.96789 0.24508 0.00000 -0.00000 -1.00000 0.77092 -0.59556 0.22579 0.00000 0.00000 -1.00000 0.95396 -0.20303 0.22075 0.00000 0.00000 -1.00000 0.83050 0.51230 0.21867 0.00000 0.00000 -1.00000 -0.69797 -0.40831 0.58832 0.00000 0.00000 -1.00000 -0.30650 -0.74187 0.59639 0.00000 0.00000 -1.00000 0.22771 -0.76559 0.60168 0.00000 -0.00000 -1.00000 0.71698 -0.36247 0.59544 0.00000 0.00000 -1.00000 0.80070 0.17838 0.57190 0.00000 0.00000 -1.00000 0.62195 0.52604 0.58006 0.00000 0.00000 -1.00000 -0.01251 0.80256 0.59644 0.00000 0.00000 -1.00000 -0.49695 0.63390 0.59263 0.00000 0.00000 -1.00000 -0.80052 0.13760 0.58330 -0.00000 0.00000 -1.00000 0.77105 0.54514 0.32911 0.00000 0.00000 -1.00000 0.43282 0.83897 0.32983 0.00000 0.00000 -1.00000 -0.29042 0.89840 0.32944 0.00000 0.00000 -1.00000 -0.75887 0.55720 0.33712 0.00000 0.00000 -1.00000 -0.91505 -0.24279 0.32209 -0.00000 0.00000 -1.00000 -0.57804 -0.74880 0.32428 0.00000 0.00000 -1.00000 0.09861 -0.94155 0.32212 0.00000 -0.00000 -1.00000 0.45040 -0.83348 0.32008 0.00000 0.00000 -1.00000 0.92912 -0.14471 0.34028 0.00000 0.00000 -1.00000 0.00372 0.97447 0.22450 0.00000 0.00000 -1.00000 -0.68904 0.68695 0.23092 0.00000 0.00000 -1.00000 -0.92833 0.28877 0.23413 -0.00000 0.00000 -1.00000 -0.79727 -0.55177 0.24477 0.00000 0.00000 -1.00000 -0.32697 -0.91169 0.24883 0.00000 0.00000 -1.00000 0.37513 -0.89576 0.23852 0.00000 -0.00000 -1.00000 0.82954 -0.50819 0.23151 0.00000 0.00000 -1.00000 0.95299 0.19195 0.23443 0.00000 0.00000 -1.00000 0.55280 0.80023 0.23246 0.00000 0.00000 -1.00000 -0.94477 -0.04239 0.32498 -0.00000 0.00000 -1.00000 -0.55991 -0.76991 0.30617 0.00000 0.00000 -1.00000 -0.15898 -0.94055 0.30014 0.00000 -0.00000 -1.00000 0.47481 -0.82041 0.31857 0.00000 0.00000 -1.00000 0.91402 -0.24982 0.31961 0.00000 0.00000 -1.00000 0.87471 0.37800 0.30331 0.00000 0.00000 -1.00000 0.41989 0.85463 0.30546 0.00000 0.00000 -1.00000 -0.21219 0.93056 0.29837 0.00000 0.00000 -1.00000 -0.64683 0.70046 0.30160 0.00000 0.00000 -1.00000 -0.94049 0.05812 0.33482 -0.00000 0.00000 -1.00000 -0.82809 -0.44963 0.33482 0.00000 0.00000 -1.00000 -0.29332 -0.88799 0.35417 0.00000 -0.00000 -1.00000 0.36955 -0.86213 0.34664 0.00000 0.00000 -1.00000 0.79866 -0.49196 0.34658 0.00000 0.00000 -1.00000 0.92469 0.13080 0.35755 0.00000 0.00000 -1.00000 0.53537 0.76836 0.35073 0.00000 0.00000 -1.00000 0.01687 0.93467 0.35513 0.00000 0.00000 -1.00000 -0.60526 0.71190 0.35617 0.00000 0.00000 -1.00000 0.61938 0.70171 0.35210 0.00000 0.00000 -1.00000 -0.00209 0.94117 0.33792 0.00000 0.00000 -1.00000 -0.33802 0.86912 0.36106 0.00000 0.00000 -1.00000 -0.90556 0.18707 0.38074 -0.00000 0.00000 -1.00000 -0.78702 -0.50665 0.35200 0.00000 0.00000 -1.00000 -0.51388 -0.77696 0.36368 0.00000 0.00000 -1.00000 0.43807 -0.83502 0.33292 0.00000 -0.00000 -1.00000 0.76514 -0.55811 0.32105 0.00000 0.00000 -1.00000 0.93879 0.07955 0.33517 0.00000 0.00000 -1.00000 0.83291 0.48735 0.26222 0.00000 0.00000 -1.00000 0.37014 0.88653 0.27759 0.00000 0.00000 -1.00000 -0.23959 0.93041 0.27736 0.00000 0.00000 -1.00000 -0.90912 0.31513 0.27238 0.00000 0.00000 -1.00000 -0.96051 -0.04663 0.27429 -0.00000 0.00000 -1.00000 -0.46584 -0.84097 0.27526 0.00000 0.00000 -1.00000 0.13183 -0.95742 0.25685 0.00000 -0.00000 -1.00000 0.69590 -0.67231 0.25244 0.00000 0.00000 -1.00000 0.92216 -0.28851 0.25766 0.00000 0.00000 -1.00000 -0.89556 0.17554 0.40885 -0.00000 0.00000 -1.00000 -0.86724 -0.29994 0.39739 0.00000 0.00000 -1.00000 -0.49676 -0.76482 0.41022 0.00000 0.00000 -1.00000 0.27629 -0.87206 0.40394 0.00000 -0.00000 -1.00000 0.73805 -0.53762 0.40773 0.00000 0.00000 -1.00000 0.91765 0.07988 0.38928 0.00000 0.00000 -1.00000 0.65879 0.64598 0.38562 0.00000 0.00000 -1.00000 0.20962 0.89506 0.39362 0.00000 0.00000 -1.00000 -0.52937 0.73818 0.41816 0.00000 0.00000 -1.00000 0.06469 0.99031 0.12289 0.00000 0.00000 -1.00000 -0.36345 0.92341 0.12340 0.00000 0.00000 -1.00000 -0.96478 0.22898 0.12953 -0.00000 0.00000 -1.00000 -0.98592 -0.09401 0.13827 0.00000 0.00000 -1.00000 -0.19283 -0.97063 0.14388 0.00000 -0.00000 -1.00000 0.21671 -0.96547 0.14456 0.00000 0.00000 -1.00000 0.78082 -0.61007 0.13465 0.00000 0.00000 -1.00000 0.98796 -0.06688 0.13949 0.00000 0.00000 -1.00000 0.58268 0.80219 0.13030 0.00000 0.00000 -1.00000 -0.52667 0.80215 0.28140 0.00000 0.00000 -1.00000 -0.80691 0.51769 0.28442 0.00000 0.00000 -1.00000 -0.86390 -0.41923 0.27916 -0.00000 0.00000 -1.00000 -0.50194 -0.82022 0.27439 0.00000 0.00000 -1.00000 -0.00941 -0.95844 0.28514 0.00000 -0.00000 -1.00000 0.87071 -0.40477 0.27932 0.00000 0.00000 -1.00000 0.93947 -0.19968 0.27845 0.00000 0.00000 -1.00000 0.67466 0.67368 0.30165 0.00000 0.00000 -1.00000 0.26704 0.91755 0.29460 0.00000 0.00000 -1.00000 -0.41097 -0.86934 0.27449 0.00000 0.00000 -1.00000 0.26331 -0.92729 0.26607 0.00000 -0.00000 -1.00000 0.81419 -0.51720 0.26381 0.00000 0.00000 -1.00000 0.95543 0.13776 0.26111 0.00000 0.00000 -1.00000 0.70663 0.65876 0.25829 0.00000 0.00000 -1.00000 0.06533 0.95847 0.27762 0.00000 0.00000 -1.00000 -0.60711 0.74479 0.27695 0.00000 0.00000 -1.00000 -0.90731 0.31667 0.27660 -0.00000 0.00000 -1.00000 -0.84050 -0.46944 0.27053 0.00000 0.00000 -1.00000 -0.22993 0.88516 0.40451 0.00000 0.00000 -1.00000 -0.71776 0.55793 0.41656 0.00000 0.00000 -1.00000 -0.90452 -0.11476 0.41070 -0.00000 0.00000 -1.00000 -0.71381 -0.56583 0.41268 0.00000 0.00000 -1.00000 -0.10932 -0.90591 0.40911 0.00000 -0.00000 -1.00000 0.54851 -0.72564 0.41543 0.00000 0.00000 -1.00000 0.84245 -0.33180 0.42449 0.00000 0.00000 -1.00000 0.83057 0.35048 0.43281 0.00000 0.00000 -1.00000 0.31267 0.84945 0.42506 0.00000 0.00000 -1.00000 0.39059 -0.88718 0.24567 0.00000 -0.00000 -1.00000 0.47649 -0.84374 0.24711 0.00000 0.00000 -1.00000 0.96327 0.02228 0.26761 0.00000 0.00000 -1.00000 0.73843 0.62094 0.26297 0.00000 0.00000 -1.00000 0.18018 0.95185 0.24802 0.00000 0.00000 -1.00000 -0.24748 0.93257 0.26279 0.00000 0.00000 -1.00000 -0.94054 0.21129 0.26595 -0.00000 0.00000 -1.00000 -0.82083 -0.51804 0.24058 0.00000 0.00000 -1.00000 -0.67418 -0.69817 0.24093 0.00000 0.00000 -1.00000 -0.41212 0.87318 0.26021 0.00000 0.00000 -1.00000 -0.93127 0.26691 0.24797 0.00000 0.00000 -1.00000 -0.88154 -0.41038 0.23340 -0.00000 0.00000 -1.00000 -0.74845 -0.61897 0.23810 0.00000 0.00000 -1.00000 0.27134 -0.92992 0.24823 0.00000 -0.00000 -1.00000 0.77353 -0.58487 0.24409 0.00000 0.00000 -1.00000 0.95870 -0.13416 0.25077 0.00000 0.00000 -1.00000 0.64188 0.72719 0.24329 0.00000 0.00000 -1.00000 0.42705 0.87143 0.24133 0.00000 0.00000 -1.00000 -0.48931 0.75267 0.44053 0.00000 0.00000 -1.00000 -0.88862 0.16715 0.42709 -0.00000 0.00000 -1.00000 -0.85308 -0.29454 0.43071 0.00000 0.00000 -1.00000 -0.41742 -0.81201 0.40793 0.00000 0.00000 -1.00000 0.14746 -0.89793 0.41469 0.00000 -0.00000 -1.00000 0.67305 -0.59694 0.43665 0.00000 0.00000 -1.00000 0.89952 0.11514 0.42144 0.00000 0.00000 -1.00000 0.71576 0.56658 0.40826 0.00000 0.00000 -1.00000 0.08720 0.89537 0.43669 0.00000 0.00000 -1.00000 0.24819 -0.91710 0.31198 0.00000 0.00000 -1.00000 0.82379 -0.47956 0.30232 0.00000 0.00000 -1.00000 0.94923 0.07711 0.30498 0.00000 0.00000 -1.00000 0.59657 0.73976 0.31122 0.00000 0.00000 -1.00000 0.12881 0.94273 0.30768 0.00000 0.00000 -1.00000 -0.63016 0.70785 0.31912 0.00000 0.00000 -1.00000 -0.94694 0.10088 0.30516 -0.00000 0.00000 -1.00000 -0.85438 -0.42130 0.30421 0.00000 0.00000 -1.00000 -0.26205 -0.91532 0.30582 0.00000 -0.00000 -1.00000 0.39883 -0.85596 0.32904 0.00000 -0.00000 -1.00000 0.75869 -0.56493 0.32441 0.00000 0.00000 -1.00000 0.92341 0.18442 0.33661 0.00000 0.00000 -1.00000 0.66233 0.66757 0.34011 0.00000 0.00000 -1.00000 0.02624 0.93976 0.34082 0.00000 0.00000 -1.00000 -0.54869 0.76696 0.33273 0.00000 0.00000 -1.00000 -0.93663 0.13475 0.32335 -0.00000 0.00000 -1.00000 -0.89281 -0.30608 0.33045 0.00000 0.00000 -1.00000 -0.33543 -0.87865 0.33980 0.00000 0.00000 -1.00000 -0.60985 0.74006 0.28354 0.00000 0.00000 -1.00000 -0.91302 0.28165 0.29506 -0.00000 0.00000 -1.00000 -0.84276 -0.45667 0.28498 0.00000 0.00000 -1.00000 -0.47755 -0.83177 0.28302 0.00000 0.00000 -1.00000 0.34827 -0.89089 0.29160 0.00000 -0.00000 -1.00000 0.84234 -0.46729 0.26853 0.00000 0.00000 -1.00000 0.95993 0.10782 0.25866 0.00000 0.00000 -1.00000 0.75798 0.59639 0.26416 0.00000 0.00000 -1.00000 -0.01071 0.95925 0.28237 0.00000 0.00000 -1.00000 -0.82188 -0.39636 0.40916 0.00000 0.00000 -1.00000 -0.23721 -0.89388 0.38040 0.00000 0.00000 -1.00000 0.07137 -0.92051 0.38415 0.00000 -0.00000 -1.00000 0.83232 -0.38545 0.39834 0.00000 0.00000 -1.00000 0.91901 -0.03708 0.39248 0.00000 0.00000 -1.00000 0.42079 0.81841 0.39132 0.00000 0.00000 -1.00000 0.00040 0.92793 0.37274 0.00000 0.00000 -1.00000 -0.48836 0.79247 0.36536 0.00000 0.00000 -1.00000 -0.87152 0.30193 0.38637 -0.00000 0.00000 -1.00000 0.41595 -0.80214 0.42842 0.00000 0.00000 -1.00000 0.86883 -0.26177 0.42025 0.00000 0.00000 -1.00000 0.87544 0.23686 0.42132 0.00000 0.00000 -1.00000 0.39074 0.81681 0.42443 0.00000 0.00000 -1.00000 -0.25512 0.87118 0.41947 0.00000 0.00000 -1.00000 -0.69158 0.59016 0.41644 0.00000 0.00000 -1.00000 -0.90294 -0.06582 0.42469 -0.00000 0.00000 -1.00000 -0.70503 -0.57059 0.42114 0.00000 0.00000 -1.00000 -0.15331 -0.89357 0.42193 0.00000 -0.00000 -1.00000 0.87329 -0.41402 0.25682 0.00000 0.00000 -1.00000 0.94848 0.18412 0.25783 0.00000 0.00000 -1.00000 0.57918 0.77271 0.25973 0.00000 0.00000 -1.00000 -0.23474 0.93679 0.25944 0.00000 0.00000 -1.00000 -0.56089 0.78530 0.26211 0.00000 0.00000 -1.00000 -0.96443 0.01938 0.26363 -0.00000 0.00000 -1.00000 -0.81924 -0.50892 0.26428 0.00000 0.00000 -1.00000 -0.27563 -0.92398 0.26512 0.00000 -0.00000 -1.00000 0.49799 -0.82656 0.26233 0.00000 0.00000 -1.00000 0.96747 0.07057 0.24296 0.00000 0.00000 -1.00000 0.51276 0.82160 0.24909 0.00000 0.00000 -1.00000 -0.03487 0.97072 0.23767 0.00000 0.00000 -1.00000 -0.46235 0.85181 0.24627 0.00000 0.00000 -1.00000 -0.96287 0.09955 0.25093 -0.00000 0.00000 -1.00000 -0.84642 -0.46755 0.25489 0.00000 0.00000 -1.00000 -0.33667 -0.90846 0.24769 0.00000 -0.00000 -1.00000 0.37297 -0.89094 0.25906 0.00000 0.00000 -1.00000 0.89127 -0.38185 0.24459 0.00000 0.00000 -1.00000 0.61461 -0.68013 0.39959 0.00000 0.00000 -1.00000 0.89017 -0.24310 0.38535 0.00000 0.00000 -1.00000 0.84904 0.37009 0.37706 0.00000 0.00000 -1.00000 0.39249 0.83961 0.37551 0.00000 0.00000 -1.00000 -0.16485 0.90442 0.39351 0.00000 0.00000 -1.00000 -0.74501 0.53783 0.39459 0.00000 0.00000 -1.00000 -0.91170 -0.08487 0.40200 -0.00000 0.00000 -1.00000 -0.66526 -0.62968 0.40116 0.00000 0.00000 -1.00000 -0.04207 -0.90929 0.41403 0.00000 -0.00000 -1.00000 -0.65636 0.72419 0.21154 0.00000 0.00000 -1.00000 -0.97725 0.04166 0.20798 -0.00000 0.00000 -1.00000 -0.81323 -0.54649 0.19998 0.00000 0.00000 -1.00000 -0.30165 -0.92986 0.21062 0.00000 -0.00000 -1.00000 0.46843 -0.85734 0.21339 0.00000 0.00000 -1.00000 0.88685 -0.40575 0.22106 0.00000 0.00000 -1.00000 0.96751 0.11438 0.22550 0.00000 0.00000 -1.00000 0.65303 0.72010 0.23455 0.00000 0.00000 -1.00000 -0.23033 0.94995 0.21105 0.00000 0.00000 -1.00000 0.89917 -0.22511 0.37526 0.00000 0.00000 -1.00000 0.76231 0.52459 0.37906 0.00000 0.00000 -1.00000 0.29439 0.86848 0.39884 0.00000 0.00000 -1.00000 -0.45221 0.79418 0.40593 0.00000 0.00000 -1.00000 -0.84113 0.35927 0.40426 0.00000 0.00000 -1.00000 -0.89361 -0.16873 0.41593 -0.00000 0.00000 -1.00000 -0.44376 -0.79573 0.41218 0.00000 0.00000 -1.00000 0.21015 -0.89305 0.39787 0.00000 -0.00000 -1.00000 0.73152 -0.57584 0.36509 0.00000 0.00000 -1.00000 -0.40893 0.86688 0.28512 0.00000 0.00000 -1.00000 -0.87487 0.38617 0.29237 0.00000 0.00000 -1.00000 -0.92635 -0.22617 0.30119 -0.00000 0.00000 -1.00000 -0.43831 -0.84979 0.29281 0.00000 0.00000 -1.00000 0.17910 -0.94290 0.28081 0.00000 -0.00000 -1.00000 0.67478 -0.68500 0.27469 0.00000 0.00000 -1.00000 0.95740 -0.08938 0.27460 0.00000 0.00000 -1.00000 0.85023 0.43902 0.29047 0.00000 0.00000 -1.00000 0.14492 0.94315 0.29911 0.00000 0.00000 -1.00000 0.87336 -0.23384 0.42727 0.00000 0.00000 -1.00000 0.77149 0.45582 0.44387 0.00000 0.00000 -1.00000 0.22933 0.86952 0.43743 0.00000 0.00000 -1.00000 -0.34737 0.82925 0.43781 0.00000 0.00000 -1.00000 -0.81033 0.38737 0.43967 0.00000 0.00000 -1.00000 -0.86387 -0.26201 0.43020 -0.00000 0.00000 -1.00000 -0.55818 -0.70483 0.43778 0.00000 0.00000 -1.00000 -0.00935 -0.89983 0.43614 0.00000 -0.00000 -1.00000 0.68450 -0.59270 0.42445 0.00000 0.00000 -1.00000 -0.79883 0.42148 0.42921 0.00000 0.00000 -1.00000 -0.88495 -0.16976 0.43364 -0.00000 0.00000 -1.00000 -0.61561 -0.65855 0.43282 0.00000 0.00000 -1.00000 0.04791 -0.89463 0.44423 0.00000 -0.00000 -1.00000 0.55352 -0.70464 0.44396 0.00000 0.00000 -1.00000 0.90082 -0.09986 0.42255 0.00000 0.00000 -1.00000 0.81206 0.39447 0.43007 0.00000 0.00000 -1.00000 0.33231 0.83497 0.43863 0.00000 0.00000 -1.00000 -0.42034 0.79345 0.44017 0.00000 0.00000 -1.00000 -0.71627 0.56304 0.41224 0.00000 0.00000 -1.00000 -0.89380 -0.12154 0.43169 -0.00000 0.00000 -1.00000 -0.56689 -0.69671 0.43959 0.00000 0.00000 -1.00000 -0.08199 -0.89757 0.43318 0.00000 -0.00000 -1.00000 0.53913 -0.71889 0.43879 0.00000 0.00000 -1.00000 0.87518 -0.20787 0.43686 0.00000 0.00000 -1.00000 0.79610 0.42908 0.42676 0.00000 0.00000 -1.00000 0.34635 0.83620 0.42522 0.00000 0.00000 -1.00000 -0.38013 0.82643 0.41534 0.00000 0.00000 -1.00000 -0.90527 -0.16642 0.39088 -0.00000 0.00000 -1.00000 -0.56867 -0.72590 0.38690 0.00000 0.00000 -1.00000 0.06316 -0.92252 0.38075 0.00000 -0.00000 -1.00000 0.51863 -0.76190 0.38798 0.00000 0.00000 -1.00000 0.91349 -0.10424 0.39327 0.00000 0.00000 -1.00000 0.75846 0.51835 0.39503 0.00000 0.00000 -1.00000 0.36683 0.84034 0.39908 0.00000 0.00000 -1.00000 -0.36691 0.83928 0.40123 0.00000 0.00000 -1.00000 -0.83572 0.37782 0.39852 0.00000 0.00000 -1.00000 -0.50850 0.76836 0.38866 0.00000 0.00000 -1.00000 -0.86434 0.30506 0.39982 -0.00000 0.00000 -1.00000 -0.76214 -0.50593 0.40394 0.00000 0.00000 -1.00000 -0.43946 -0.80674 0.39503 0.00000 0.00000 -1.00000 0.22817 -0.88549 0.40477 0.00000 -0.00000 -1.00000 0.77400 -0.48975 0.40133 0.00000 0.00000 -1.00000 0.91961 0.04830 0.38984 0.00000 0.00000 -1.00000 0.64934 0.64551 0.40208 0.00000 0.00000 -1.00000 0.03969 0.91597 0.39928 0.00000 0.00000 -1.00000 0.13980 -0.91645 0.37493 0.00000 -0.00000 -1.00000 0.70808 -0.59145 0.38576 0.00000 0.00000 -1.00000 0.92073 -0.02757 0.38923 0.00000 0.00000 -1.00000 0.69808 0.60257 0.38677 0.00000 0.00000 -1.00000 0.13935 0.90727 0.39680 0.00000 0.00000 -1.00000 -0.51083 0.76479 0.39262 0.00000 0.00000 -1.00000 -0.86045 0.32308 0.39401 -0.00000 0.00000 -1.00000 -0.81594 -0.43370 0.38228 0.00000 0.00000 -1.00000 -0.44829 -0.81475 0.36771 0.00000 0.00000 -1.00000 0.67906 -0.66134 0.31860 0.00000 0.00000 -1.00000 0.94604 -0.04006 0.32158 0.00000 0.00000 -1.00000 0.61681 0.72428 0.30816 0.00000 0.00000 -1.00000 0.04770 0.95530 0.29176 0.00000 0.00000 -1.00000 -0.27663 0.91357 0.29809 0.00000 0.00000 -1.00000 -0.87317 0.38562 0.29811 -0.00000 0.00000 -1.00000 -0.87412 -0.37363 0.31034 0.00000 0.00000 -1.00000 -0.53174 -0.78761 0.31134 0.00000 0.00000 -1.00000 0.07464 -0.94011 0.33261 0.00000 -0.00000 -1.00000 -0.72300 -0.55793 0.40741 0.00000 0.00000 -1.00000 -0.22110 -0.90017 0.37524 0.00000 -0.00000 -1.00000 0.22996 -0.88988 0.39400 0.00000 0.00000 -1.00000 0.80055 -0.43238 0.41493 0.00000 0.00000 -1.00000 0.87729 0.25096 0.40912 0.00000 0.00000 -1.00000 0.54207 0.74035 0.39754 0.00000 0.00000 -1.00000 0.05823 0.91194 0.40618 0.00000 0.00000 -1.00000 -0.68576 0.61220 0.39364 0.00000 0.00000 -1.00000 -0.89427 0.22178 0.38870 -0.00000 0.00000 -1.00000 -0.91762 -0.04833 0.39451 -0.00000 0.00000 -1.00000 -0.51870 -0.76234 0.38702 0.00000 0.00000 -1.00000 -0.00906 -0.92861 0.37093 0.00000 -0.00000 -1.00000 0.57246 -0.72954 0.37425 0.00000 0.00000 -1.00000 0.90858 -0.18089 0.37651 0.00000 0.00000 -1.00000 0.78012 0.49895 0.37744 0.00000 0.00000 -1.00000 0.38616 0.83847 0.38451 0.00000 0.00000 -1.00000 -0.25542 0.88349 0.39269 0.00000 0.00000 -1.00000 -0.77950 0.48846 0.39216 0.00000 0.00000 -1.00000 0.57391 -0.77332 0.26946 0.00000 0.00000 -1.00000 0.89281 -0.36686 0.26135 0.00000 0.00000 -1.00000 0.94001 0.20976 0.26904 0.00000 0.00000 -1.00000 0.55842 0.78226 0.27612 0.00000 0.00000 -1.00000 -0.17591 0.94772 0.26624 0.00000 0.00000 -1.00000 -0.62062 0.73680 0.26823 0.00000 0.00000 -1.00000 -0.96044 -0.06658 0.27042 -0.00000 0.00000 -1.00000 -0.78415 -0.55904 0.26941 0.00000 0.00000 -1.00000 -0.24242 -0.92698 0.28625 0.00000 -0.00000 -1.00000 0.84458 -0.22639 0.48522 0.00000 0.00000 -1.00000 0.77711 0.39050 0.49356 0.00000 0.00000 -1.00000 0.28044 0.82347 0.49320 0.00000 0.00000 -1.00000 -0.15774 0.85388 0.49599 0.00000 0.00000 -1.00000 -0.69799 0.49027 0.52197 0.00000 0.00000 -1.00000 -0.85089 -0.13702 0.50717 -0.00000 0.00000 -1.00000 -0.55293 -0.66738 0.49888 0.00000 0.00000 -1.00000 -0.02504 -0.87041 0.49170 0.00000 -0.00000 -1.00000 0.57992 -0.65239 0.48793 0.00000 0.00000 -1.00000 0.74713 -0.59469 0.29688 0.00000 0.00000 -1.00000 0.94959 0.06937 0.30573 0.00000 0.00000 -1.00000 0.67269 0.68565 0.27816 0.00000 0.00000 -1.00000 0.18727 0.94130 0.28088 0.00000 0.00000 -1.00000 -0.53382 0.78926 0.30348 0.00000 0.00000 -1.00000 -0.89991 0.29491 0.32123 0.00000 0.00000 -1.00000 -0.87236 -0.38707 0.29861 -0.00000 0.00000 -1.00000 -0.54080 -0.78035 0.31400 0.00000 0.00000 -1.00000 0.32461 -0.89599 0.30303 0.00000 -0.00000 -1.00000 0.90726 0.18598 0.37722 0.00000 0.00000 -1.00000 0.48715 0.78164 0.38952 0.00000 0.00000 -1.00000 -0.10218 0.92650 0.36215 0.00000 0.00000 -1.00000 -0.67022 0.63919 0.37714 0.00000 0.00000 -1.00000 -0.91225 0.16270 0.37593 -0.00000 0.00000 -1.00000 -0.74487 -0.54762 0.38115 0.00000 0.00000 -1.00000 -0.18735 -0.90391 0.38452 0.00000 -0.00000 -1.00000 0.53129 -0.76744 0.35884 0.00000 0.00000 -1.00000 0.75964 -0.54313 0.35771 0.00000 0.00000 -1.00000 0.43815 0.85897 0.26494 0.00000 0.00000 -1.00000 -0.35754 0.90014 0.24881 0.00000 0.00000 -1.00000 -0.70741 0.66221 0.24708 0.00000 0.00000 -1.00000 -0.95088 -0.19004 0.24435 -0.00000 0.00000 -1.00000 -0.73225 -0.63929 0.23478 0.00000 0.00000 -1.00000 -0.12716 -0.95953 0.25126 0.00000 -0.00000 -1.00000 0.68808 -0.68451 0.24081 0.00000 0.00000 -1.00000 0.81105 -0.53210 0.24305 0.00000 0.00000 -1.00000 0.84570 0.46634 0.25946 0.00000 0.00000 -1.00000 -0.33103 -0.89773 0.29069 0.00000 0.00000 -1.00000 0.26751 -0.92175 0.28074 0.00000 -0.00000 -1.00000 0.88257 -0.39200 0.25963 0.00000 0.00000 -1.00000 0.96314 -0.03850 0.26622 0.00000 0.00000 -1.00000 0.49289 0.82946 0.26279 0.00000 0.00000 -1.00000 0.20069 0.94342 0.26395 0.00000 0.00000 -1.00000 -0.70361 0.65669 0.27146 0.00000 0.00000 -1.00000 -0.90143 0.33980 0.26826 -0.00000 0.00000 -1.00000 -0.86050 -0.41863 0.29032 0.00000 0.00000 -1.00000 -0.91150 0.03311 0.40996 -0.00000 0.00000 -1.00000 -0.77655 -0.47136 0.41808 0.00000 0.00000 -1.00000 -0.13615 -0.89623 0.42218 0.00000 -0.00000 -1.00000 0.47245 -0.78426 0.40216 0.00000 0.00000 -1.00000 0.81765 -0.41664 0.39731 0.00000 0.00000 -1.00000 0.83593 0.37780 0.39811 0.00000 0.00000 -1.00000 0.58687 0.70376 0.40038 0.00000 0.00000 -1.00000 -0.28777 0.86972 0.40096 0.00000 0.00000 -1.00000 -0.56782 0.72096 0.39724 0.00000 0.00000 -1.00000 0.93717 0.11628 0.32891 0.00000 0.00000 -1.00000 0.48373 0.81133 0.32825 0.00000 0.00000 -1.00000 0.04826 0.94762 0.31573 0.00000 0.00000 -1.00000 -0.62913 0.70539 0.32654 0.00000 0.00000 -1.00000 -0.93064 0.14847 0.33447 -0.00000 0.00000 -1.00000 -0.80358 -0.50515 0.31479 0.00000 0.00000 -1.00000 -0.32434 -0.88817 0.32552 0.00000 0.00000 -1.00000 0.32775 -0.89016 0.31654 0.00000 -0.00000 -1.00000 0.78091 -0.53637 0.32014 0.00000 0.00000 -1.00000 -0.55234 -0.73791 0.38783 0.00000 0.00000 -1.00000 0.21181 -0.89980 0.38145 0.00000 -0.00000 -1.00000 0.74869 -0.54463 0.37794 0.00000 0.00000 -1.00000 0.90999 -0.18486 0.37115 0.00000 0.00000 -1.00000 0.71802 0.56060 0.41252 0.00000 0.00000 -1.00000 0.10977 0.91507 0.38806 0.00000 0.00000 -1.00000 -0.44035 0.80665 0.39422 0.00000 0.00000 -1.00000 -0.81654 0.42741 0.38805 0.00000 0.00000 -1.00000 -0.88691 -0.23570 0.39729 -0.00000 0.00000 -1.00000 0.85718 -0.38577 0.34120 0.00000 0.00000 -1.00000 0.81400 0.48154 0.32485 0.00000 0.00000 -1.00000 0.55520 0.76688 0.32194 0.00000 0.00000 -1.00000 -0.10231 0.93995 0.32563 0.00000 0.00000 -1.00000 -0.73965 0.56904 0.35933 0.00000 0.00000 -1.00000 -0.93119 0.03854 0.36249 -0.00000 0.00000 -1.00000 -0.64613 -0.67784 0.35079 0.00000 0.00000 -1.00000 -0.15743 -0.93024 0.33147 0.00000 -0.00000 -1.00000 0.43514 -0.83837 0.32831 0.00000 0.00000 -1.00000 0.00985 -0.97444 0.22442 0.00000 -0.00000 -1.00000 0.45369 -0.86450 0.21635 0.00000 0.00000 -1.00000 0.94425 -0.25281 0.21090 0.00000 0.00000 -1.00000 0.91724 0.33456 0.21621 0.00000 0.00000 -1.00000 0.50106 0.83898 0.21226 0.00000 0.00000 -1.00000 -0.12672 0.96865 0.21367 0.00000 0.00000 -1.00000 -0.76464 0.61006 0.20775 0.00000 0.00000 -1.00000 -0.97295 0.04131 0.22730 -0.00000 0.00000 -1.00000 -0.68328 -0.68954 0.24014 0.00000 0.00000 -1.00000 -0.53043 0.79148 0.30365 0.00000 0.00000 -1.00000 -0.82505 0.47828 0.30091 0.00000 0.00000 -1.00000 -0.85238 -0.42576 0.30362 -0.00000 0.00000 -1.00000 -0.57253 -0.76274 0.30071 0.00000 0.00000 -1.00000 0.09160 -0.94814 0.30437 0.00000 -0.00000 -1.00000 0.78062 -0.54542 0.30521 0.00000 0.00000 -1.00000 0.95726 0.04364 0.28592 0.00000 0.00000 -1.00000 0.71607 0.63485 0.29018 0.00000 0.00000 -1.00000 0.35739 0.88587 0.29583 0.00000 0.00000 -1.00000 -0.23927 -0.95235 0.18913 0.00000 -0.00000 -1.00000 0.33586 -0.92137 0.19562 0.00000 0.00000 -1.00000 0.83918 -0.49875 0.21687 0.00000 0.00000 -1.00000 0.91273 0.35892 0.19519 0.00000 0.00000 -1.00000 0.67400 0.71358 0.19109 0.00000 0.00000 -1.00000 -0.35441 0.91587 0.18860 0.00000 0.00000 -1.00000 -0.63233 0.75372 0.17910 0.00000 0.00000 -1.00000 -0.98078 -0.00612 0.19500 -0.00000 0.00000 -1.00000 -0.80341 -0.56714 0.18134 0.00000 0.00000 -1.00000 -0.39695 0.84777 0.35174 0.00000 0.00000 -1.00000 -0.88131 0.29291 0.37079 0.00000 0.00000 -1.00000 -0.82475 -0.44901 0.34377 -0.00000 0.00000 -1.00000 -0.51999 -0.78547 0.33564 0.00000 0.00000 -1.00000 0.27392 -0.89898 0.34175 0.00000 -0.00000 -1.00000 0.71217 -0.61924 0.33068 0.00000 0.00000 -1.00000 0.94355 -0.01533 0.33088 0.00000 0.00000 -1.00000 0.67848 0.65357 0.33542 0.00000 0.00000 -1.00000 0.18016 0.92671 0.32978 0.00000 0.00000 -1.00000 -0.77848 -0.51026 0.36553 0.00000 0.00000 -1.00000 -0.32453 -0.87430 0.36094 0.00000 -0.00000 -1.00000 0.37475 -0.84777 0.37530 0.00000 0.00000 -1.00000 0.86364 -0.33629 0.37554 0.00000 0.00000 -1.00000 0.88500 0.25716 0.38812 0.00000 0.00000 -1.00000 0.36451 0.86159 0.35327 0.00000 0.00000 -1.00000 -0.11330 0.93146 0.34576 0.00000 0.00000 -1.00000 -0.57805 0.73202 0.36056 0.00000 0.00000 -1.00000 -0.93575 0.04619 0.34964 -0.00000 0.00000 -1.00000 -0.22850 0.87583 0.42509 0.00000 0.00000 -1.00000 -0.67884 0.58700 0.44114 0.00000 0.00000 -1.00000 -0.88861 -0.07205 0.45297 -0.00000 0.00000 -1.00000 -0.55125 -0.71170 0.43544 0.00000 0.00000 -1.00000 -0.15362 -0.88300 0.44353 0.00000 -0.00000 -1.00000 0.50577 -0.73836 0.44612 0.00000 0.00000 -1.00000 0.87028 -0.20859 0.44621 0.00000 0.00000 -1.00000 0.79692 0.39906 0.45351 0.00000 0.00000 -1.00000 0.32774 0.83874 0.43487 0.00000 0.00000 -1.00000 0.90960 0.23920 0.33972 0.00000 0.00000 -1.00000 0.42985 0.84044 0.32998 0.00000 0.00000 -1.00000 -0.06187 0.94040 0.33438 0.00000 0.00000 -1.00000 -0.76138 0.55633 0.33287 0.00000 0.00000 -1.00000 -0.94389 0.01545 0.32990 -0.00000 0.00000 -1.00000 -0.69622 -0.63703 0.33086 0.00000 0.00000 -1.00000 -0.15077 -0.93362 0.32498 0.00000 -0.00000 -1.00000 0.46779 -0.82469 0.31790 0.00000 0.00000 -1.00000 0.86498 -0.38417 0.32283 0.00000 0.00000 -1.00000 0.88520 -0.42279 0.19408 0.00000 0.00000 -1.00000 0.84394 0.49410 0.20889 0.00000 0.00000 -1.00000 0.39425 0.89853 0.19290 0.00000 0.00000 -1.00000 -0.06791 0.97838 0.19533 0.00000 0.00000 -1.00000 -0.81696 0.54456 0.18981 0.00000 0.00000 -1.00000 -0.97454 -0.13327 0.18030 -0.00000 0.00000 -1.00000 -0.85829 -0.47736 0.18831 0.00000 0.00000 -1.00000 0.13588 -0.97276 0.18782 0.00000 -0.00000 -1.00000 0.60400 -0.77592 0.18202 0.00000 0.00000 -1.00000 0.23885 0.89186 0.38409 0.00000 0.00000 -1.00000 -0.47426 0.79741 0.37312 0.00000 0.00000 -1.00000 -0.84868 0.38884 0.35854 0.00000 0.00000 -1.00000 -0.90945 -0.19219 0.36873 -0.00000 0.00000 -1.00000 -0.47971 -0.79552 0.37017 0.00000 0.00000 -1.00000 0.01932 -0.92997 0.36712 0.00000 -0.00000 -1.00000 0.68318 -0.62989 0.36948 0.00000 0.00000 -1.00000 0.91429 -0.12923 0.38389 0.00000 0.00000 -1.00000 0.70629 0.58528 0.39824 0.00000 0.00000 -1.00000 -0.14506 -0.97151 0.18740 0.00000 -0.00000 -1.00000 0.58939 -0.78395 0.19502 0.00000 0.00000 -1.00000 0.93977 -0.28425 0.18984 0.00000 0.00000 -1.00000 0.92622 0.32331 0.19386 0.00000 0.00000 -1.00000 0.46418 0.86439 0.19333 0.00000 0.00000 -1.00000 -0.24018 0.95068 0.19627 0.00000 0.00000 -1.00000 -0.82237 0.52994 0.20706 0.00000 0.00000 -1.00000 -0.95685 -0.21852 0.19155 -0.00000 0.00000 -1.00000 -0.72270 -0.66453 0.19000 0.00000 0.00000 -1.00000 -0.72236 -0.52249 0.45299 0.00000 0.00000 -1.00000 -0.38926 -0.79555 0.46431 0.00000 0.00000 -1.00000 0.35388 -0.81549 0.45798 0.00000 -0.00000 -1.00000 0.79149 -0.40764 0.45539 0.00000 0.00000 -1.00000 0.87443 0.11674 0.47090 0.00000 0.00000 -1.00000 0.58512 0.65550 0.47744 0.00000 0.00000 -1.00000 -0.00262 0.87973 0.47547 0.00000 0.00000 -1.00000 -0.53885 0.69784 0.47187 0.00000 0.00000 -1.00000 -0.87689 0.09002 0.47219 -0.00000 0.00000 -1.00000 -0.55051 -0.75484 0.35659 0.00000 0.00000 -1.00000 0.08685 -0.92157 0.37838 0.00000 -0.00000 -1.00000 0.73229 -0.57039 0.37203 0.00000 0.00000 -1.00000 0.93260 -0.06939 0.35417 0.00000 0.00000 -1.00000 0.72499 0.58612 0.36172 0.00000 0.00000 -1.00000 0.21855 0.90245 0.37123 0.00000 0.00000 -1.00000 -0.42276 0.82787 0.36865 0.00000 0.00000 -1.00000 -0.82632 0.42722 0.36698 0.00000 0.00000 -1.00000 -0.86493 -0.35225 0.35752 -0.00000 0.00000 -1.00000 0.41502 0.86541 0.28075 0.00000 0.00000 -1.00000 -0.23343 0.93838 0.25488 0.00000 0.00000 -1.00000 -0.58721 0.76792 0.25591 0.00000 0.00000 -1.00000 -0.95594 -0.09181 0.27883 -0.00000 0.00000 -1.00000 -0.73773 -0.61894 0.26956 0.00000 0.00000 -1.00000 -0.34770 -0.89309 0.28545 0.00000 -0.00000 -1.00000 0.39998 -0.86948 0.28988 0.00000 0.00000 -1.00000 0.93672 -0.22905 0.26476 0.00000 0.00000 -1.00000 0.95947 0.08435 0.26888 0.00000 0.00000 -1.00000 -0.37831 -0.86343 0.33371 0.00000 0.00000 -1.00000 0.16406 -0.92646 0.33876 0.00000 -0.00000 -1.00000 0.68079 -0.65382 0.33022 0.00000 0.00000 -1.00000 0.94089 -0.03676 0.33670 0.00000 0.00000 -1.00000 0.72643 0.58915 0.35385 0.00000 0.00000 -1.00000 0.11198 0.93011 0.34981 0.00000 0.00000 -1.00000 -0.55869 0.76487 0.32068 0.00000 0.00000 -1.00000 -0.81383 0.47679 0.33218 0.00000 0.00000 -1.00000 -0.84660 -0.41196 0.33699 -0.00000 0.00000 -1.00000 -0.95098 -0.19505 0.24000 -0.00000 0.00000 -1.00000 -0.78243 -0.57501 0.23910 0.00000 0.00000 -1.00000 -0.13499 -0.96200 0.23734 0.00000 -0.00000 -1.00000 0.42766 -0.87196 0.23830 0.00000 0.00000 -1.00000 0.90748 -0.34295 0.24263 0.00000 0.00000 -1.00000 0.92707 0.27382 0.25604 0.00000 0.00000 -1.00000 0.40404 0.87892 0.25349 0.00000 0.00000 -1.00000 -0.07785 0.96576 0.24749 0.00000 0.00000 -1.00000 -0.70497 0.65672 0.26784 0.00000 0.00000 -1.00000 -0.14570 -0.93452 0.32471 0.00000 -0.00000 -1.00000 0.44599 -0.83274 0.32809 0.00000 0.00000 -1.00000 0.86602 -0.37398 0.33188 0.00000 0.00000 -1.00000 0.87863 0.34987 0.32495 0.00000 0.00000 -1.00000 0.47400 0.81820 0.32538 0.00000 0.00000 -1.00000 -0.13238 0.93893 0.31764 0.00000 0.00000 -1.00000 -0.63088 0.70668 0.32030 0.00000 0.00000 -1.00000 -0.94651 0.02723 0.32153 -0.00000 0.00000 -1.00000 -0.75768 -0.56756 0.32218 0.00000 0.00000 -1.00000 0.26857 -0.85414 0.44532 0.00000 -0.00000 -1.00000 0.74817 -0.48746 0.45014 0.00000 0.00000 -1.00000 0.89184 -0.02394 0.45171 0.00000 0.00000 -1.00000 0.60407 0.65057 0.46028 0.00000 0.00000 -1.00000 0.00734 0.89469 0.44664 0.00000 0.00000 -1.00000 -0.56677 0.69645 0.44015 0.00000 0.00000 -1.00000 -0.86263 0.25416 0.43735 -0.00000 0.00000 -1.00000 -0.82947 -0.33991 0.44323 0.00000 0.00000 -1.00000 -0.37327 -0.81702 0.43948 0.00000 0.00000 -1.00000 0.88033 0.40804 0.24191 0.00000 0.00000 -1.00000 0.49819 0.83016 0.25028 0.00000 0.00000 -1.00000 -0.37295 0.89351 0.25009 0.00000 0.00000 -1.00000 -0.74427 0.62141 0.24479 0.00000 0.00000 -1.00000 -0.95273 -0.16196 0.25707 -0.00000 0.00000 -1.00000 -0.63787 -0.72920 0.24776 0.00000 0.00000 -1.00000 -0.07725 -0.96597 0.24684 0.00000 -0.00000 -1.00000 0.59922 -0.76158 0.24685 0.00000 0.00000 -1.00000 0.95296 -0.18364 0.24112 0.00000 0.00000 -1.00000 0.66522 -0.59839 0.44655 0.00000 0.00000 -1.00000 0.89216 -0.06901 0.44641 0.00000 0.00000 -1.00000 0.73767 0.51215 0.43993 0.00000 0.00000 -1.00000 0.29823 0.84606 0.44185 0.00000 0.00000 -1.00000 -0.46205 0.76620 0.44658 0.00000 0.00000 -1.00000 -0.81588 0.37709 0.43834 0.00000 0.00000 -1.00000 -0.86783 -0.22707 0.44194 -0.00000 0.00000 -1.00000 -0.51289 -0.73303 0.44678 0.00000 0.00000 -1.00000 0.07763 -0.89297 0.44337 0.00000 -0.00000 -1.00000 0.69502 0.69905 0.16817 0.00000 0.00000 -1.00000 0.12589 0.98069 0.14964 0.00000 0.00000 -1.00000 -0.49723 0.85279 0.15972 0.00000 0.00000 -1.00000 -0.90713 0.39201 0.15310 -0.00000 0.00000 -1.00000 -0.96089 -0.21941 0.16898 0.00000 0.00000 -1.00000 -0.60745 -0.77505 0.17407 0.00000 0.00000 -1.00000 0.26371 -0.95202 0.15532 0.00000 -0.00000 -1.00000 0.59952 -0.78559 0.15302 0.00000 0.00000 -1.00000 0.95517 -0.24768 0.16217 0.00000 0.00000 -1.00000 0.08698 0.95847 0.27161 0.00000 0.00000 -1.00000 -0.74441 0.62218 0.24238 0.00000 0.00000 -1.00000 -0.91351 0.32970 0.23832 0.00000 0.00000 -1.00000 -0.95141 -0.18729 0.24443 -0.00000 0.00000 -1.00000 -0.42971 -0.86672 0.25327 0.00000 0.00000 -1.00000 0.17651 -0.95467 0.23967 0.00000 -0.00000 -1.00000 0.80819 -0.53925 0.23670 0.00000 0.00000 -1.00000 0.97243 -0.02158 0.23221 0.00000 0.00000 -1.00000 0.81549 0.52490 0.24386 0.00000 0.00000 -1.00000 0.71348 0.56511 0.41425 0.00000 0.00000 -1.00000 0.28596 0.86731 0.40744 0.00000 0.00000 -1.00000 -0.30234 0.86201 0.40685 0.00000 0.00000 -1.00000 -0.79138 0.44128 0.42306 0.00000 0.00000 -1.00000 -0.88774 -0.19439 0.41729 -0.00000 0.00000 -1.00000 -0.48292 -0.77096 0.41522 0.00000 0.00000 -1.00000 -0.05499 -0.90789 0.41559 0.00000 -0.00000 -1.00000 0.65248 -0.63449 0.41436 0.00000 0.00000 -1.00000 0.89019 -0.18508 0.41630 0.00000 0.00000 -1.00000 0.83613 0.35508 0.41809 0.00000 0.00000 -1.00000 0.59235 0.68764 0.41986 0.00000 0.00000 -1.00000 -0.07587 0.90374 0.42131 0.00000 0.00000 -1.00000 -0.67529 0.60565 0.42092 0.00000 0.00000 -1.00000 -0.89133 0.15804 0.42491 -0.00000 0.00000 -1.00000 -0.75008 -0.50513 0.42688 0.00000 0.00000 -1.00000 -0.11445 -0.89840 0.42399 0.00000 -0.00000 -1.00000 0.29929 -0.85495 0.42366 0.00000 0.00000 -1.00000 0.79919 -0.40975 0.43978 0.00000 0.00000 -1.00000 -0.88211 0.18102 0.43488 -0.00000 0.00000 -1.00000 -0.73453 -0.51020 0.44739 0.00000 0.00000 -1.00000 -0.04178 -0.90612 0.42096 0.00000 -0.00000 -1.00000 0.41037 -0.80961 0.41969 0.00000 0.00000 -1.00000 0.77876 -0.45714 0.42959 0.00000 0.00000 -1.00000 0.80006 0.41765 0.43066 0.00000 0.00000 -1.00000 0.52202 0.74426 0.41662 0.00000 0.00000 -1.00000 -0.04816 0.90616 0.42019 0.00000 0.00000 -1.00000 -0.71821 0.54271 0.43547 0.00000 0.00000 -1.00000 0.34987 0.87316 0.33938 0.00000 0.00000 -1.00000 -0.27589 0.89379 0.35357 0.00000 0.00000 -1.00000 -0.83603 0.42973 0.34116 0.00000 0.00000 -1.00000 -0.93150 -0.09300 0.35165 -0.00000 0.00000 -1.00000 -0.51760 -0.78408 0.34250 0.00000 0.00000 -1.00000 -0.01288 -0.94348 0.33119 0.00000 -0.00000 -1.00000 0.57595 -0.74563 0.33513 0.00000 0.00000 -1.00000 0.91278 -0.21764 0.34565 0.00000 0.00000 -1.00000 0.77764 0.52643 0.34373 0.00000 0.00000 -1.00000 0.27133 -0.87798 0.39438 0.00000 0.00000 -1.00000 0.82027 -0.40914 0.39970 0.00000 0.00000 -1.00000 0.87252 0.28720 0.39525 0.00000 0.00000 -1.00000 0.60829 0.68864 0.39466 0.00000 0.00000 -1.00000 -0.18774 0.90738 0.37605 0.00000 0.00000 -1.00000 -0.59925 0.70919 0.37141 0.00000 0.00000 -1.00000 -0.92120 0.08053 0.38066 -0.00000 0.00000 -1.00000 -0.74882 -0.53897 0.38573 0.00000 0.00000 -1.00000 -0.11546 -0.91798 0.37946 0.00000 -0.00000 -1.00000 0.94661 -0.12176 0.29850 0.00000 0.00000 -1.00000 0.76810 0.56544 0.30049 0.00000 0.00000 -1.00000 0.18803 0.94252 0.27623 0.00000 0.00000 -1.00000 -0.38332 0.88145 0.27588 0.00000 0.00000 -1.00000 -0.88329 0.38219 0.27154 0.00000 0.00000 -1.00000 -0.93708 -0.21251 0.27699 -0.00000 0.00000 -1.00000 -0.59621 -0.75085 0.28419 0.00000 0.00000 -1.00000 0.02839 -0.95367 0.29952 0.00000 -0.00000 -1.00000 0.68270 -0.67122 0.28877 0.00000 0.00000 -1.00000 -0.57322 0.69307 0.43712 0.00000 0.00000 -1.00000 -0.89680 -0.01353 0.44222 -0.00000 0.00000 -1.00000 -0.70635 -0.54649 0.44992 0.00000 0.00000 -1.00000 -0.09747 -0.89143 0.44255 0.00000 -0.00000 -1.00000 0.33244 -0.83135 0.44536 0.00000 0.00000 -1.00000 0.81280 -0.36632 0.45295 0.00000 0.00000 -1.00000 0.83035 0.29936 0.47000 0.00000 0.00000 -1.00000 0.43133 0.77994 0.45348 0.00000 0.00000 -1.00000 -0.16023 0.89058 0.42566 0.00000 0.00000 -1.00000 0.21287 -0.92549 0.31328 0.00000 -0.00000 -1.00000 0.45582 -0.83491 0.30846 0.00000 0.00000 -1.00000 0.92491 -0.18122 0.33422 0.00000 0.00000 -1.00000 0.78059 0.54546 0.30520 0.00000 0.00000 -1.00000 0.32508 0.89734 0.29852 0.00000 0.00000 -1.00000 -0.30560 0.90072 0.30871 0.00000 0.00000 -1.00000 -0.82670 0.47221 0.30592 0.00000 0.00000 -1.00000 -0.94506 -0.11430 0.30627 -0.00000 0.00000 -1.00000 -0.63784 -0.70380 0.31278 0.00000 0.00000 -1.00000 0.08812 -0.97139 0.22054 0.00000 -0.00000 -1.00000 0.63155 -0.74061 0.22945 0.00000 0.00000 -1.00000 0.96629 -0.06996 0.24778 0.00000 0.00000 -1.00000 0.81607 0.52754 0.23608 0.00000 0.00000 -1.00000 0.23555 0.94488 0.22743 0.00000 0.00000 -1.00000 -0.46227 0.85986 0.21669 0.00000 0.00000 -1.00000 -0.84119 0.49656 0.21407 -0.00000 0.00000 -1.00000 -0.95186 -0.18718 0.24274 0.00000 0.00000 -1.00000 -0.42463 -0.87333 0.23871 0.00000 0.00000 -1.00000 -0.66726 -0.71096 0.22201 0.00000 0.00000 -1.00000 0.55427 -0.80384 0.21593 0.00000 -0.00000 -1.00000 0.57219 -0.79110 0.21623 0.00000 0.00000 -1.00000 0.96794 -0.03079 0.24929 0.00000 0.00000 -1.00000 0.53936 0.80398 0.25041 0.00000 0.00000 -1.00000 0.09862 0.96493 0.24328 0.00000 0.00000 -1.00000 -0.70347 0.67065 0.23528 0.00000 0.00000 -1.00000 -0.87318 0.42125 0.24515 -0.00000 0.00000 -1.00000 -0.70086 -0.67787 0.22201 0.00000 0.00000 -1.00000 -0.54818 -0.74809 0.37398 0.00000 0.00000 -1.00000 0.30914 -0.87644 0.36917 0.00000 -0.00000 -1.00000 0.71942 -0.58753 0.37046 0.00000 0.00000 -1.00000 0.92364 -0.02365 0.38252 0.00000 0.00000 -1.00000 0.73182 0.56338 0.38347 0.00000 0.00000 -1.00000 0.18718 0.90114 0.39104 0.00000 0.00000 -1.00000 -0.70690 0.61077 0.35671 0.00000 0.00000 -1.00000 -0.85310 0.38515 0.35197 0.00000 0.00000 -1.00000 -0.89282 -0.26908 0.36120 -0.00000 0.00000 -1.00000 0.95243 -0.13841 0.27151 0.00000 0.00000 -1.00000 0.69992 0.66316 0.26520 0.00000 0.00000 -1.00000 0.17136 0.95190 0.25401 0.00000 0.00000 -1.00000 -0.46428 0.84877 0.25304 0.00000 0.00000 -1.00000 -0.87646 0.40753 0.25640 0.00000 0.00000 -1.00000 -0.95604 -0.12807 0.26378 -0.00000 0.00000 -1.00000 -0.51381 -0.81290 0.27422 0.00000 0.00000 -1.00000 0.22565 -0.93920 0.25881 0.00000 -0.00000 -1.00000 0.64613 -0.72000 0.25323 0.00000 0.00000 -1.00000 -0.88691 -0.28378 0.36450 -0.00000 0.00000 -1.00000 -0.51415 -0.77480 0.36787 0.00000 0.00000 -1.00000 -0.11004 -0.91878 0.37912 0.00000 -0.00000 -1.00000 0.68367 -0.61514 0.39269 0.00000 0.00000 -1.00000 0.92183 0.05834 0.38318 0.00000 0.00000 -1.00000 0.72202 0.57025 0.39179 0.00000 0.00000 -1.00000 0.22150 0.90146 0.37191 0.00000 0.00000 -1.00000 -0.49663 0.77830 0.38419 0.00000 0.00000 -1.00000 -0.87753 0.28616 0.38478 0.00000 0.00000 -1.00000 -0.45283 0.84936 0.27118 0.00000 0.00000 -1.00000 -0.77698 0.57549 0.25516 0.00000 0.00000 -1.00000 -0.96311 -0.01656 0.26861 -0.00000 0.00000 -1.00000 -0.61367 -0.74277 0.26777 0.00000 0.00000 -1.00000 -0.02872 -0.96469 0.26182 0.00000 -0.00000 -1.00000 0.59772 -0.76210 0.24887 0.00000 0.00000 -1.00000 0.87154 -0.41627 0.25909 0.00000 0.00000 -1.00000 0.88878 0.36476 0.27751 0.00000 0.00000 -1.00000 0.36040 0.88913 0.28207 0.00000 0.00000 -1.00000 -0.08022 0.87738 0.47304 0.00000 0.00000 -1.00000 -0.67003 0.56787 0.47810 0.00000 0.00000 -1.00000 -0.87766 -0.01175 0.47913 -0.00000 0.00000 -1.00000 -0.64138 -0.59265 0.48724 0.00000 0.00000 -1.00000 -0.17158 -0.86100 0.47880 0.00000 -0.00000 -1.00000 0.46118 -0.74449 0.48274 0.00000 0.00000 -1.00000 0.80999 -0.32587 0.48758 0.00000 0.00000 -1.00000 0.82965 0.26738 0.49008 0.00000 0.00000 -1.00000 0.30255 0.82518 0.47702 0.00000 0.00000 -1.00000 0.97088 0.00229 0.23956 0.00000 0.00000 -1.00000 0.75220 0.61326 0.24106 0.00000 0.00000 -1.00000 0.09962 0.96436 0.24512 0.00000 0.00000 -1.00000 -0.35937 0.90250 0.23738 0.00000 0.00000 -1.00000 -0.92077 0.30869 0.23854 0.00000 0.00000 -1.00000 -0.95415 -0.18028 0.23895 -0.00000 0.00000 -1.00000 -0.50836 -0.82284 0.25397 0.00000 0.00000 -1.00000 0.19909 -0.94802 0.24825 0.00000 -0.00000 -1.00000 0.73140 -0.63513 0.24832 0.00000 0.00000 -1.00000 -0.51185 0.80321 0.30475 0.00000 0.00000 -1.00000 -0.84996 0.41943 0.31882 -0.00000 0.00000 -1.00000 -0.73966 -0.60750 0.28958 0.00000 0.00000 -1.00000 -0.52209 -0.80487 0.28214 0.00000 0.00000 -1.00000 0.35161 -0.88963 0.29144 0.00000 -0.00000 -1.00000 0.60472 -0.74171 0.29013 0.00000 0.00000 -1.00000 0.95012 0.12192 0.28708 0.00000 0.00000 -1.00000 0.83958 0.45337 0.29926 0.00000 0.00000 -1.00000 0.02164 0.95303 0.30209 0.00000 0.00000 -1.00000 0.03982 -0.93518 0.35192 0.00000 -0.00000 -1.00000 0.80240 -0.50482 0.31828 0.00000 0.00000 -1.00000 0.90176 -0.29972 0.31144 0.00000 0.00000 -1.00000 0.63638 0.70281 0.31793 0.00000 0.00000 -1.00000 0.43422 0.84527 0.31141 0.00000 0.00000 -1.00000 -0.46672 0.81072 0.35342 0.00000 0.00000 -1.00000 -0.83316 0.42603 0.35262 0.00000 0.00000 -1.00000 -0.85724 -0.39985 0.32445 -0.00000 0.00000 -1.00000 -0.54818 -0.77094 0.32427 0.00000 0.00000 -1.00000 -0.76763 -0.48441 0.41964 0.00000 0.00000 -1.00000 -0.22177 -0.86981 0.44075 0.00000 -0.00000 -1.00000 0.44182 -0.79126 0.42273 0.00000 0.00000 -1.00000 0.86466 -0.29764 0.40470 0.00000 0.00000 -1.00000 0.91127 0.01877 0.41139 0.00000 0.00000 -1.00000 0.38486 0.82771 0.40839 0.00000 0.00000 -1.00000 0.18149 0.89367 0.41039 0.00000 0.00000 -1.00000 -0.61933 0.65755 0.42901 0.00000 0.00000 -1.00000 -0.89212 0.15725 0.42356 -0.00000 0.00000 -1.00000 0.72413 0.61435 0.31338 0.00000 0.00000 -1.00000 0.36477 0.87484 0.31875 0.00000 0.00000 -1.00000 -0.46425 0.81755 0.34071 0.00000 0.00000 -1.00000 -0.80858 0.47121 0.35236 0.00000 0.00000 -1.00000 -0.87184 -0.34473 0.34794 -0.00000 0.00000 -1.00000 -0.36054 -0.87193 0.33128 0.00000 0.00000 -1.00000 -0.03091 -0.94596 0.32282 0.00000 -0.00000 -1.00000 0.77632 -0.54005 0.32506 0.00000 0.00000 -1.00000 0.94945 -0.04211 0.31107 0.00000 0.00000 -1.00000 0.74518 0.63500 0.20368 0.00000 0.00000 -1.00000 0.39507 0.89467 0.20853 0.00000 0.00000 -1.00000 -0.40254 0.88988 0.21466 0.00000 0.00000 -1.00000 -0.90732 0.35942 0.21814 0.00000 0.00000 -1.00000 -0.90695 -0.37308 0.19557 -0.00000 0.00000 -1.00000 -0.68593 -0.69946 0.20066 0.00000 0.00000 -1.00000 0.18362 -0.95861 0.21759 0.00000 -0.00000 -1.00000 0.57387 -0.79047 0.21409 0.00000 0.00000 -1.00000 0.97379 0.05423 0.22090 0.00000 0.00000 -1.00000 0.82096 -0.48622 0.29936 0.00000 0.00000 -1.00000 0.95322 -0.04463 0.29896 0.00000 0.00000 -1.00000 0.60760 0.73164 0.30906 0.00000 0.00000 -1.00000 -0.02761 0.95161 0.30605 0.00000 0.00000 -1.00000 -0.53256 0.79054 0.30236 0.00000 0.00000 -1.00000 -0.92937 0.21486 0.30018 -0.00000 0.00000 -1.00000 -0.76861 -0.57087 0.28869 0.00000 0.00000 -1.00000 -0.53772 -0.79006 0.29437 0.00000 0.00000 -1.00000 0.39239 -0.86822 0.30370 0.00000 -0.00000 -1.00000 -0.50866 -0.73584 0.44700 0.00000 0.00000 -1.00000 0.19564 -0.86764 0.45709 0.00000 -0.00000 -1.00000 0.78786 -0.43442 0.43652 0.00000 0.00000 -1.00000 0.88676 -0.13309 0.44266 0.00000 0.00000 -1.00000 0.65886 0.60662 0.44487 0.00000 0.00000 -1.00000 0.12597 0.89253 0.43304 0.00000 0.00000 -1.00000 -0.53130 0.73270 0.42529 0.00000 0.00000 -1.00000 -0.77880 0.45388 0.43298 0.00000 0.00000 -1.00000 -0.80981 -0.38521 0.44251 -0.00000 0.00000 -1.00000 0.25840 0.93730 0.23388 0.00000 0.00000 -1.00000 -0.45424 0.86168 0.22621 0.00000 0.00000 -1.00000 -0.79841 0.55708 0.22847 0.00000 0.00000 -1.00000 -0.96405 -0.05490 0.26001 -0.00000 0.00000 -1.00000 -0.41969 -0.87630 0.23654 0.00000 0.00000 -1.00000 -0.13333 -0.96306 0.23398 0.00000 -0.00000 -1.00000 0.81292 -0.52944 0.24259 0.00000 0.00000 -1.00000 0.95096 -0.20848 0.22849 0.00000 0.00000 -1.00000 0.83618 0.48959 0.24720 0.00000 0.00000 -1.00000</float_array><technique_common><accessor source="#normals-array" count="7830" stride="3"><param name="X" type="float"/><param name="Y" type="float"/><param name="Z" type="float"/></accessor></technique_common></source>
<vertices id="vertices"><input semantic="POSITION" source="#positions"/></vertices><triangles count="7830"><input semantic="VERTEX" source="#vertices" offset="0"/><input semantic="NORMAL" source="#normals" offset="1"/><p>0 0 1 0 9 0 10 1 1 1 0 1 1 2 2 2 9 2 10 3 2 3 1 3 2 4 3 4 9 4 10 5 3 5 2 5 3 6 4 6 9 6 10 7 4 7 3 7 4 8 5 8 9 8 10 9 5 9 4 9 5 10 6 10 9 10 10 11 6 11 5 11 6 12 7 12 9 12 10 13 7 13 6 13 7 14 8 14 9 14 10 15 8 15 7 15 8 16 0 16 9 16 10 17 0 17 8 17 11 18 12 18 20 18 21 19 12 19 11 19 12 20 13 20 20 20 21 21 13 21 12 21 13 22 14 22 20 22 21 23 14 23 13 23 14 24 15 24 20 24 21 25 15 25 14 25 15 26 16 26 20 26 21 27 16 27 15 27 16 28 17 28 20 28 21 29 17 29 16 29 17 30 18 30 20 30 21 31 18 31 17 31 18 32 19 32 20 32 21 33 19 33 18 33 19 34 11 34 20 34 21 35 11 35 19 35 22 36 23 36 31 36 32 37 23 37 22 37 23 38 24 38 31 38 32 39 24 39 23 39 24 40 25 40 31 40 32 41 25 41 24 41 25 42 26 42 31 42 32 43 26 43 25 43 26 44 27 44 31 44 32 45 27 45 26 45 27 46 28 46 31 46 32 47 28 47 27 47 28 48 29 48 31 48 32 49 29 49 28 49 29 50 30 50 31 50 32 51 30 51 29 51 30 52 22 52 31 52 32 53 22 53 30 53 33 54 34 54 42 54 43 55 34 55 33 55 34 56 35 56 42 56 43 57 35 57 34 57 35 58 36 58 42 58 43 59 36 59 35 59 36 60 37 60 42 60 43 61 37 61 36 61 37 62 38 62 42 62 43 63 38 63 37 63 38 64 39 64 42 64 43 65 39 65 38 65 39 66 40 66 42 66 43 67 40 67 39 67 40 68 41 68 42 68 43 69 41 69 40 69 41 70 33 70 42 70 43 71 33 71 41 71 44 72 45 72 53 72 54 73 45 73 44 73 45 74 46 74 53 74 54 75 46 75 45 75 46 76 47 76 53 76 54 77 47 77 46 77 47 78 48 78 53 78 54 79 48 79 47 79 48 80 49 80 53 80 54 81 49 81 48 81 49 82 50 82 53 82 54 83 50 83 49 83 50 84 51 84 53 84 54 85 51 85 50 85 51 86 52 86 53 86 54 87 52 87 51 87 52 88 44 88 53 88 54 89 44 89 52 89 55 90 56 90 64 90 65 91 56 91 55 91 56 92 57 92 64 92 65 93 57 93 56 93 57 94 58 94 64 94 65 95 58 95 57 95 58 96 59 96 64 96 65 97 59 97 58 97 59 98 60 98 64 98 65 99 60 99 59 99 60 100 61 100 64 100 65 101 61 101 60 101 61 102 62 102 64 102 65 103 62 103 61 103 62 104 63 104 64 104 65 105 63 105 62 105 63 106 55 106 64 106 65 107 55 107 63 107 66 108 67 108 75 108 76 109 67 109 66 109 67 110 68 110 75 110 76 111 68 111 67 111 68 112 69 112 75 112 76 113 69 113 68 113 69 114 70 114 75 114 76 115 70 115 69 115 70 116 71 116 75 116 76 117 71 117 70 117 71 118 72 118 75 118 76 119 72 119 71 119 72 120 73 120 75 120 76 121 73 121 72 121 73 122 74 122 75 122 76 123 74 123 73 123 74 124 66 124 75 124 76 125 66 125 74 125 77 126 78 126 86 126 87 127 78 127 77 127 78 128 79 128 86 128 87 129 79 129 78 129 79 130 80 130 86 130 87 131 80 131 79 131 80 132 81 132 86 132 87 133 81 133 80 133 81 134 82 134 86 134 87 135 82 135 81 135 82 136 83 136 86 136 87 137 83 137 82 137 83 138 84 138 86 138 87 139 84 139 83 139 84 140 85 140 86 140 87 141 85 141 84 141 85 142 77 142 86 142 87 143 77 143 85 143 88 144 89 144 97 144 98 145 89 145 88 145 89 146 90 146 97 146 98 147 90 147 89 147 90 148 91 148 97 148 98 149 91 149 90 149 91 150 92 150 97 150 98 151 92 151 91 151 92 152 93 152 97 152 98 153 93 153 92 153 93 154 94 154 97 154 98 155 94 155 93 155 94 156 95 156 97 156 98 157 95 157 94 157 95 158 96 158 97 158 98 159 96 159 95 159 96 160 88 160 97 160 98 161 88 161 96 161 99 162 100 162 108 162 109 163 100 163 99 163 100 164 101 164 108 164 109 165 101 165 100 165 101 166 102 166 108 166 109 167 102 167 101 167 102 168 103 168 108 168 109 169 103 169 102 169 103 170 104 170 108 170 109 171 104 171 103 171 104 172 105 172 108 172 109 173 105 173 104 173 105 174 106 174 108 174 109 175 106 175 105 175 106 176 107 176 108 176 109 177 107 177 106 177 107 178 99 178 108 178 109 179 99 179 107 179 110 180 111 180 119 180 120 181 111 181 110 181 111 182 112 182 119 182 120 183 112 183 111 183 112 184 113 184 119 184 120 185 113 185 112 185 113 186 114 186 119 186 120 187 114 187 113 187 114 188 115 188 119 188 120 189 115 189 114 189 115 190 116 190 119 190 120 191 116 191 115 191 116 192 117 192 119 192 120 193 117 193 116 193 117 194 118 194 119 194 120 195 118 195 117 195 118 196 110 196 119 196 120 197 110 197 118 197 121 198 122 198 130 198 131 199 122 199 121 199 122 200 123 200 130 200 131 201 123 201 122 201 123 202 124 202 130 202 131 203 124 203 123 203 124 204 125 204 130 204 131 205 125 205 124 205 125 206 126 206 130 206 131 207 126 207 125 207 126 208 127 208 130 208 131 209 127 209 126 209 127 210 128 210 130 210 131 211 128 211 127 211 128 212 129 212 130 212 131 213 129 213 128 213 129 214 121 214 130 214 131 215 121 215 129 215 132 216 133 216 141 216 142 217 133 217 132 217 133 218 134 218 141 218 142 219 134 219 133 219 134 220 135 220 141 220 142 221 135 221 134 221 135 222 136 222 141 222 142 223 136 223 135 223 136 224 137 224 141 224 142 225 137 225 136 225 137 226 138 226 141 226 142 227 138 227 137 227 138 228 139 228 141 228 142 229 139 229 138 229 139 230 140 230 141 230 142 231 140 231 139 231 140 232 132 232 141 232 142 233 132 233 140 233 143 234 144 234 152 234 153 235 144 235 143 235 144 236 145 236 152 236 153 237 145 237 144 237 145 238 146 238 152 238 153 239 146 239 145 239 146 240 147 240 152 240 153 241 147 241 146 241 147 242 148 242 152 242 153 243 148 243 147 243 148 244 149 244 152 244 153 245 149 245 148 245 149 246 150 246 152 246 153 247 150 247 149 247 150 248 151 248 152 248 153 249 151 249 150 249 151 250 143 250 152 250 153 251 143 251 151 251 154 252 155 252 163 252 164 253 155 253 154 253 155 254 156 254 163 254 164 255 156 255 155 255 156 256 157 256 163 256 164 257 157 257 156 257 157 258 158 258 163 258 164 259 158 259 157 259 158 260 159 260 163 260 164 261 159 261 158 261 159 262 160 262 163 262 164 263 160 263 159 263 160 264 161 264 163 264 164 265 161 265 160 265 161 266 162 266 163 266 164 267 162 267 161 267 162 268 154 268 163 268 164 269 154 269 162 269 165 270 166 270 174 270 175 271 166 271 165 271 166 272 167 272 174 272 175 273 167 273 166 273 167 274 168 274 174 274 175 275 168 275 167 275 168 276 169 276 174 276 175 277 169 277 168 277 169 278 170 278 174 278 175 279 170 279 169 279 170 280 171 280 174 280 175 281 171 281 170 281 171 282 172 282 174 282 175 283 172 283 171 283 172 284 173 284 174 284 175 285 173 285 172 285 173 286 165 286 174 286 175 287 165 287 173 287 176 288 177 288 185 288 186 289 177 289 176 289 177 290 178 290 185 290 186 291 178 291 177 291 178 292 179 292 185 292 186 293 179 293 178 293 179 294 180 294 185 294 186 295 180 295 179 295 180 296 181 296 185 296 186 297 181 297 180 297 181 298 182 298 185 298 186 299 182 299 181 299 182 300 183 300 185 300 186 301 183 301 182 301 183 302 184 302 185 302 186 303 184 303 183 303 184 304 176 304 185 304 186 305 176 305 184 305 187 306 188 306 196 306 197 307 188 307 187 307 188 308 189 308 196 308 197 309 189 309 188 309 189 310 190 310 196 310 197 311 190 311 189 311 190 312 191 312 196 312 197 313 191 313 190 313 191 314 192 314 196 314 197 315 192 315 191 315 192 316 193 316 196 316 197 317 193 317 192 317 193 318 194 318 196 318 197 319 194 319 193 319 194 320 195 320 196 320 197 321 195 321 194 321 195 322 187 322 196 322 197 323 187 323 195 323 198 324 199 324 207 324 208 325 199 325 198 325 199 326 200 326 207 326 208 327 200 327 199 327 200 328 201 328 207 328 208 329 201 329 200 329 201 330 202 330 207 330 208 331 202 331 201 331 202 332 203 332 207 332 208 333 203 333 202 333 203 334 204 334 207 334 208 335 204 335 203 335 204 336 205 336 207 336 208 337 205 337 204 337 205 338 206 338 207 338 208 339 206 339 205 339 206 340 198 340 207 340 208 341 198 341 206 341 209 342 210 342 218 342 219 343 210 343 209 343 210 344 211 344 218 344 219 345 211 345 210 345 211 346 212 346 218 346 219 347 212 347 211 347 212 348 213 348 218 348 219 349 213 349 212 349 213 350 214 350 218 350 219 351 214 351 213 351 214 352 215 352 218 352 219 353 215 353 214 353 215 354 216 354 218 354 219 355 216 355 215 355 216 356 217 356 218 356 219 357 217 357 216 357 217 358 209 358 218 358 219 359 209 359 217 359 220 360 221 360 229 360 230 361 221 361 220 361 221 362 222 362 229 362 230 363 222 363 221 363 222 364 223 364 229 364 230 365 223 365 222 365 223 366 224 366 229 366 230 367 224 367 223 367 224 368 225 368 229 368 230 369 225 369 224 369 225 370 226 370 229 370 230 371 226 371 225 371 226 372 227 372 229 372 230 373 227 373 226 373 227 374 228 374 229 374 230 375 228 375 227 375 228 376 220 376 229 376 230 377 220 377 228 377 231 378 232 378 240 378 241 379 232 379 231 379 232 380 233 380 240 380 241 381 233 381 232 381 233 382 234 382 240 382 241 383 234 383 233 383 234 384 235 384 240 384 241 385 235 385 234 385 235 386 236 386 240 386 241 387 236 387 235 387 236 388 237 388 240 388 241 389 237 389 236 389 237 390 238 390 240 390 241 391 238 391 237 391 238 392 239 392 240 392 241 393 239 393 238 393 239 394 231 394 240 394 241 395 231 395 239 395 242 396 243 396 251 396 252 397 243 397 242 397 243 398 244 398 251 398 252 399 244 399 243 399 244 400 245 400 251 400 252 401 245 401 244 401 245 402 246 402 251 402 252 403 246 403 245 403 246 404 247 404 251 404 252 405 247 405 246 405 247 406 248 406 251 406 252 407 248 407 247 407 248 408 249 408 251 408 252 409 249 409 248 409 249 410 250 410 251 410 252 411 250 411 249 411 250 412 242 412 251 412 252 413 242 413 250 413 253 414 254 414 262 414 263 415 254 415 253 415 254 416 255 416 262 416 263 417 255 417 254 417 255 418 256 418 262 418 263 419 256 419 255 419 256 420 257 420 262 420 263 421 257 421 256 421 257 422 258 422 262 422 263 423 258 423 257 423 258 424 259 424 262 424 263 425 259 425 258 425 259 426 260 426 262 426 263 427 260 427 259 427 260 428 261 428 262 428 263 429 261 429 260 429 261 430 253 430 262 430 263 431 253 431 261 431 264 432 265 432 273 432 274 433 265 433 264 433 265 434 266 434 273 434 274 435 266 435 265 435 266 436 267 436 273 436 274 437 267 437 266 437 267 438 268 438 273 438 274 439 268 439 267 439 268 440 269 440 273 440 274 441 269 441 268 441 269 442 270 442 273 442 274 443 270 443 269 443 270 444 271 444 273 444 274 445 271 445 270 445 271 446 272 446 273 446 274 447 272 447 271 447 272 448 264 448 273 448 274 449 264 449 272 449 275 450 276 450 284 450 285 451 276 451 275 451 276 452 277 452 284 452 285 453 277 453 276 453 277 454 278 454 284 454 285 455 278 455 277 455 278 456 279 456 284 456 285 457 279 457 278 457 279 458 280 458 284 458 285 459 280 459 279 459 280 460 281 460 284 460 285 461 281 461 280 461 281 462 282 462 284 462 285 463 282 463 281 463 282 464 283 464 284 464 285 465 283 465 282 465 283 466 275 466 284 466 285 467 275 467 283 467 286 468 287 468 295 468 296 469 287 469 286 469 287 470 288 470 295 470 296 471 288 471 287 471 288 472 289 472 295 472 296 473 289 473 288 473 289 474 290 474 295 474 296 475 290 475 289 475 290 476 291 476 295 476 296 477 291 477 290 477 291 478 292 478 295 478 296 479 292 479 291 479 292 480 293 480 295 480 296 481 293 481 292 481 293 482 294 482 295 482 296 483 294 483 293 483 294 484 286 484 295 484 296 485 286 485 294 485 297 486 298 486 306 486 307 487 298 487 297 487 298 488 299 488 306 488 307 489 299 489 298 489 299 490 300 490 306 490 307 491 300 491 299 491 300 492 301 492 306 492 307 493 301 493 300 493 301 494 302 494 306 494 307 495 302 495 301 495 302 496 303 496 306 496 307 497 303 497 302 497 303 498 304 498 306 498 307 499 304 499 303 499 304 500 305 500 306 500 307 501 305 501 304 501 305 502 297 502 306 502 307 503 297 503 305 503 308 504 309 504 317 504 318 505 309 505 308 505 309 506 310 506 317 506 318 507 310 507 309 507 310 508 311 508 317 508 318 509 311 509 310 509 311 510 312 510 317 510 318 511 312 511 311 511 312 512 313 512 317 512 318 513 313 513 312 513 313 514 314 514 317 514 318 515 314 515 313 515 314 516 315 516 317 516 318 517 315 517 314 517 315 518 316 518 317 518 318 519 316 519 315 519 316 520 308 520 317 520 318 521 308 521 316 521 319 522 320 522 328 522 329 523 320 523 319 523 320 524 321 524 328 524 329 525 321 525 320 525 321 526 322 526 328 526 329 527 322 527 321 527 322 528 323 528 328 528 329 529 323 529 322 529 323 530 324 530 328 530 329 531 324 531 323 531 324 532 325 532 328 532 329 533 325 533 324 533 325 534 326 534 328 534 329 535 326 535 325 535 326 536 327 536 328 536 329 537 327 537 326 537 327 538 319 538 328 538 329 539 319 539 327 539 330 540 331 540 339 540 340 541 331 541 330 541 331 542 332 542 339 542 340 543 332 543 331 543 332 544 333 544 339 544 340 545 333 545 332 545 333 546 334 546 339 546 340 547 334 547 333 547 334 548 335 548 339 548 340 549 335 549 334 549 335 550 336 550 339 550 340 551 336 551 335 551 336 552 337 552 339 552 340 553 337 553 336 553 337 554 338 554 339 554 340 555 338 555 337 555 338 556 330 556 339 556 340 557 330 557 338 557 341 558 342 558 350 558 351 559 342 559 341 559 342 560 343 560 350 560 351 561 343 561 342 561 343 562 344 562 350 562 351 563 344 563 343 563 344 564 345 564 350 564 351 565 345 565 344 565 345 566 346 566 350 566 351 567 346 567 345 567 346 568 347 568 350 568 351 569 347 569 346 569 347 570 348 570 350 570 351 571 348 571 347 571 348 572 349 572 350 572 351 573 349 573 348 573 349 574 341 574 350 574 351 575 341 575 349 575 352 576 353 576 361 576 362 577 353 577 352 577 353 578 354 578 361 578 362 579 354 579 353 579 354 580 355 580 361 580 362 581 355 581 354 581 355 582 356 582 361 582 362 583 356 583 355 583 356 584 357 584 361 584 362 585 357 585 356 585 357 586 358 586 361 586 362 587 358 587 357 587 358 588 359 588 361 588 362 589 359 589 358 589 359 590 360 590 361 590 362 591 360 591 359 591 360 592 352 592 361 592 362 593 352 593 360 593 363 594 364 594 372 594 373 595 364 595 363 595 364 596 365 596 372 596 373 597 365 597 364 597 365 598 366 598 372 598 373 599 366 599 365 599 366 600 367 600 372 600 373 601 367 601 366 601 367 602 368 602 372 602 373 603 368 603 367 603 368 604 369 604 372 604 373 605 369 605 368 605 369 606 370 606 372 606 373 607 370 607 369 607 370 608 371 608 372 608 373 609 371 609 370 609 371 610 363 610 372 610 373 611 363 611 371 611 374 612 375 612 383 612 384 613 375 613 374 613 375 614 376 614 383 614 384 615 376 615 375 615 376 616 377 616 383 616 384 617 377 617 376 617 377 618 378 618 383 618 384 619 378 619 377 619 378 620 379 620 383 620 384 621 379 621 378 621 379 622 380 622 383 622 384 623 380 623 379 623 380 624 381 624 383 624 384 625 381 625 380 625 381 626 382 626 383 626 384 627 382 627 381 627 382 628 374 628 383 628 384 629 374 629 382 629 385 630 386 630 394 630 395 631 386 631 385 631 386 632 387 632 394 632 395 633 387 633 386 633 387 634 388 634 394 634 395 635 388 635 387 635 388 636 389 636 394 636 395 637 389 637 388 637 389 638 390 638 394 638 395 639 390 639 389 639 390 640 391 640 394 640 395 641 391 641 390 641 391 642 392 642 394 642 395 643 392 643 391 643 392 644 393 644 394 644 395 645 393 645 392 645 393 646 385 646 394 646 395 647 385 647 393 647 396 648 397 648 405 648 406 649 397 649 396 649 397 650 398 650 405 650 406 651 398 651 397 651 398 652 399 652 405 652 406 653 399 653 398 653 399 654 400 654 405 654 406 655 400 655 399 655 400 656 401 656 405 656 406 657 401 657 400 657 401 658 402 658 405 658 406 659 402 659 401 659 402 660 403 660 405 660 406 661 403 661 402 661 403 662 404 662 405 662 406 663 404 663 403 663 404 664 396 664 405 664 406 665 396 665 404 665 407 666 408 666 416 666 417 667 408 667 407 667 408 668 409 668 416 668 417 669 409 669 408 669 409 670 410 670 416 670 417 671 410 671 409 671 410 672 411 672 416 672 417 673 411 673 410 673 411 674 412 674 416 674 417 675 412 675 411 675 412 676 413 676 416 676 417 677 413 677 412 677 413 678 414 678 416 678 417 679 414 679 413 679 414 680 415 680 416 680 417 681 415 681 414 681 415 682 407 682 416 682 417 683 407 683 415 683 418 684 419 684 427 684 428 685 419 685 418 685 419 686 420 686 427 686 428 687 420 687 419 687 420 688 421 688 427 688 428 689 421 689 420 689 421 690 422 690 427 690 428 691 422 691 421 691 422 692 423 692 427 692 428 693 423 693 422 693 423 694 424 694 427 694 428 695 424 695 423 695 424 696 425 696 427 696 428 697 425 697 424 697 425 698 426 698 427 698 428 699 426 699 425 699 426 700 418 700 427 700 428 701 418 701 426 701 429 702 430 702 438 702 439 703 430 703 429 703 430 704 431 704 438 704 439 705 431 705 430 705 431 706 432 706 438 706 439 707 432 707 431 707 432 708 433 708 438 708 439 709 433 709 432 709 433 710 434 710 438 710 439 711 434 711 433 711 434 712 435 712 438 712 439 713 435 713 434 713 435 714 436 714 438 714 439 715 436 715 435 715 436 716 437 716 438 716 439 717 437 717 436 717 437 718 429 718 438 718 439 719 429 719 437 719 440 720 441 720 449 720 450 721 441 721 440 721 441 722 442 722 449 722 450 723 442 723 441 723 442 724 443 724 449 724 450 725 443 725 442 725 443 726 444 726 449 726 450 727 444 727 443 727 444 728 445 728 449 728 450 729 445 729 444 729 445 730 446 730 449 730 450 731 446 731 445 731 446 732 447 732 449 732 450 733 447 733 446 733 447 734 448 734 449 734 450 735 448 735 447 735 448 736 440 736 449 736 450 737 440 737 448 737 451 738 452 738 460 738 461 739 452 739 451 739 452 740 453 740 460 740 461 741 453 741 452 741 453 742 454 742 460 742 461 743 454 743 453 743 454 744 455 744 460 744 461 745 455 745 454 745 455 746 456 746 460 746 461 747 456 747 455 747 456 748 457 748 460 748 461 749 457 749 456 749 457 750 458 750 460 750 461 751 458 751 457 751 458 752 459 752 460 752 461 753 459 753 458 753 459 754 451 754 460 754 461 755 451 755 459 755 462 756 463 756 471 756 472 757 463 757 462 757 463 758 464 758 471 758 472 759 464 759 463 759 464 760 465 760 471 760 472 761 465 761 464 761 465 762 466 762 471 762 472 763 466 763 465 763 466 764 467 764 471 764 472 765 467 765 466 765 467 766 468 766 471 766 472 767 468 767 467 767 468 768 469 768 471 768 472 769 469 769 468 769 469 770 470 770 471 770 472 771 470 771 469 771 470 772 462 772 471 772 472 773 462 773 470 773 473 774 474 774 482 774 483 775 474 775 473 775 474 776 475 776 482 776 483 777 475 777 474 777 475 778 476 778 482 778 483 779 476 779 475 779 476 780 477 780 482 780 483 781 477 781 476 781 477 782 478 782 482 782 483 783 478 783 477 783 478 784 479 784 482 784 483 785 479 785 478 785 479 786 480 786 482 786 483 787 480 787 479 787 480 788 481 788 482 788 483 789 481 789 480 789 481 790 473 790 482 790 483 791 473 791 481 791 484 792 485 792 493 792 494 793 485 793 484 793 485 794 486 794 493 794 494 795 486 795 485 795 486 796 487 796 493 796 494 797 487 797 486 797 487 798 488 798 493 798 494 799 488 799 487 799 488 800 489 800 493 800 494 801 489 801 488 801 489 802 490 802 493 802 494 803 490 803 489 803 490 804 491 804 493 804 494 805 491 805 490 805 491 806 492 806 493 806 494 807 492 807 491 807 492 808 484 808 493 808 494 809 484 809 492 809 495 810 496 810 504 810 505 811 496 811 495 811 496 812 497 812 504 812 505 813 497 813 496 813 497 814 498 814 504 814 505 815 498 815 497 815 498 816 499 816 504 816 505 817 499 817 498 817 499 818 500 818 504 818 505 819 500 819 499 819 500 820 501 820 504 820 505 821 501 821 500 821 501 822 502 822 504 822 505 823 502 823 501 823 502 824 503 824 504 824 505 825 503 825 502 825 503 826 495 826 504 826 505 827 495 827 503 827 506 828 507 828 515 828 516 829 507 829 506 829 507 830 508 830 515 830 516 831 508 831 507 831 508 832 509 832 515 832 516 833 509 833 508 833 509 834 510 834 515 834 516 835 510 835 509 835 510 836 511 836 515 836 516 837 511 837 510 837 511 838 512 838 515 838 516 839 512 839 511 839 512 840 513 840 515 840 516 841 513 841 512 841 513 842 514 842 515 842 516 843 514 843 513 843 514 844 506 844 515 844 516 845 506 845 514 845 517 846 518 846 526 846 527 847 518 847 517 847 518 848 519 848 526 848 527 849 519 849 518 849 519 850 520 850 526 850 527 851 520 851 519 851 520 852 521 852 526 852 527 853 521 853 520 853 521 854 522 854 526 854 527 855 522 855 521 855 522 856 523 856 526 856 527 857 523 857 522 857 523 858 524 858 526 858 527 859 524 859 523 859 524 860 525 860 526 860 527 861 525 861 524 861 525 862 517 862 526 862 527 863 517 863 525 863 528 864 529 864 537 864 538 865 529 865 528 865 529 866 530 866 537 866 538 867 530 867 529 867 530 868 531 868 537 868 538 869 531 869 530 869 531 870 532 870 537 870 538 871 532 871 531 871 532 872 533 872 537 872 538 873 533 873 532 873 533 874 534 874 537 874 538 875 534 875 533 875 534 876 535 876 537 876 538 877 535 877 534 877 535 878 536 878 537 878 538 879 536 879 535 879 536 880 528 880 537 880 538 881 528 881 536 881 539 882 540 882 548 882 549 883 540 883 539 883 540 884 541 884 548 884 549 885 541 885 540 885 541 886 542 886 548 886 549 887 542 887 541 887 542 888 543 888 548 888 549 889 543 889 542 889 543 890 544 890 548 890 549 891 544 891 543 891 544 892 545 892 548 892 549 893 545 893 544 893 545 894 546 894 548 894 549 895 546 895 545 895 546 896 547 896 548 896 549 897 547 897 546 897 547 898 539 898 548 898 549 899 539 899 547 899 550 900 551 900 559 900 560 901 551 901 550 901 551 902 552 902 559 902 560 903 552 903 551 903 552 904 553 904 559 904 560 905 553 905 552 905 553 906 554 906 559 906 560 907 554 907 553 907 554 908 555 908 559 908 560 909 555 909 554 909 555 910 556 910 559 910 560 911 556 911 555 911 556 912 557 912 559 912 560 913 557 913 556 913 557 914 558 914 559 914 560 915 558 915 557 915 558 916 550 916 559 916 560 917 550 917 558 917 561 918 562 918 570 918 571 919 562 919 561 919 562 920 563 920 570 920 571 921 563 921 562 921 563 922 564 922 570 922 571 923 564 923 563 923 564 924 565 924 570 924 571 925 565 925 564 925 565 926 566 926 570 926 571 927 566 927 565 927 566 928 567 928 570 928 571 929 567 929 566 929 567 930 568 930 570 930 571 931 568 931 567 931 568 932 569 932 570 932 571 933 569 933 568 933 569 934 561 934 570 934 571 935 561 935 569 935 572 936 573 936 581 936 582 937 573 937 572 937 573 938 574 938 581 938 582 939 574 939 573 939 574 940 575 940 581 940 582 941 575 941 574 941 575 942 576 942 581 942 582 943 576 943 575 943 576 944 577 944 581 944 582 945 577 945 576 945 577 946 578 946 581 946 582 947 578 947 577 947 578 948 579 948 581 948 582 949 579 949 578 949 579 950 580 950 581 950 582 951 580 951 579 951 580 952 572 952 581 952 582 953 572 953 580 953 583 954 584 954 592 954 593 955 584 955 583 955 584 956 585 956 592 956 593 957 585 957 584 957 585 958 586 958 592 958 593 959 586 959 585 959 586 960 587 960 592 960 593 961 587 961 586 961 587 962 588 962 592 962 593 963 588 963 587 963 588 964 589 964 592 964 593 965 589 965 588 965 589 966 590 966 592 966 593 967 590 967 589 967 590 968 591 968 592 968 593 969 591 969 590 969 591 970 583 970 592 970 593 971 583 971 591 971 594 972 595 972 603 972 604 973 595 973 594 973 595 974 596 974 603 974 604 975 596 975 595 975 596 976 597 976 603 976 604 977 597 977 596 977 597 978 598 978 603 978 604 979 598 979 597 979 598 980 599 980 603 980 604 981 599 981 598 981 599 982 600 982 603 982 604 983 600 983 599 983 600 984 601 984 603 984 604 985 601 985 600 985 601 986 602 986 603 986 604 987 602 987 601 987 602 988 594 988 603 988 604 989 594 989 602 989 605 990 606 990 614 990 615 991 606 991 605 991 606 992 607 992 614 992 615 993 607 993 606 993 607 994 608 994 614 994 615 995 608 995 607 995 608 996 609 996 614 996 615 997 609 997 608 997 609 998 610 998 614 998 615 999 610 999 609 999 610 1000 611 1000 614 1000 615 1001 611 1001 610 1001 611 1002 612 1002 614 1002 615 1003 612 1003 611 1003 612 1004 613 1004 614 1004 615 1005 613 1005 612 1005 613 1006 605 1006 614 1006 615 1007 605 1007 613 1007 616 1008 617 1008 625 1008 626 1009 617 1009 616 1009 617 1010 618 1010 625 1010 626 1011 618 1011 617 1011 618 1012 619 1012 625 1012 626 1013 619 1013 618 1013 619 1014 620 1014 625 1014 626 1015 620 1015 619 1015 620 1016 621 1016 625 1016 626 1017 621 1017 620 1017 621 1018 622 1018 625 1018 626 1019 622 1019 621 1019 622 1020 623 1020 625 1020 626 1021 623 1021 622 1021 623 1022 624 1022 625 1022 626 1023 624 1023 623 1023 624 1024 616 1024 625 1024 626 1025 616 1025 624 1025 627 1026 628 1026 636 1026 637 1027 628 1027 627 1027 628 1028 629 1028 636 1028 637 1029 629 1029 628 1029 629 1030 630 1030 636 1030 637 1031 630 1031 629 1031 630 1032 631 1032 636 1032 637 1033 631 1033 630 1033 631 1034 632 1034 636 1034 637 1035 632 1035 631 1035 632 1036 633 1036 636 1036 637 1037 633 1037 632 1037 633 1038 634 1038 636 1038 637 1039 634 1039 633 1039 634 1040 635 1040 636 1040 637 1041 635 1041 634 1041 635 1042 627 1042 636 1042 637 1043 627 1043 635 1043 638 1044 639 1044 647 1044 648 1045 639 1045 638 1045 639 1046 640 1046 647 1046 648 1047 640 1047 639 1047 640 1048 641 1048 647 1048 648 1049 641 1049 640 1049 641 1050 642 1050 647 1050 648 1051 642 1051 641 1051 642 1052 643 1052 647 1052 648 1053 643 1053 642 1053 643 1054 644 1054 647 1054 648 1055 644 1055 643 1055 644 1056 645 1056 647 1056 648 1057 645 1057 644 1057 645 1058 646 1058 647 1058 648 1059 646 1059 645 1059 646 1060 638 1060 647 1060 648 1061 638 1061 646 1061 649 1062 650 1062 658 1062 659 1063 650 1063 649 1063 650 1064 651 1064 658 1064 659 1065 651 1065 650 1065 651 1066 652 1066 658 1066 659 1067 652 1067 651 1067 652 1068 653 1068 658 1068 659 1069 653 1069 652 1069 653 1070 654 1070 658 1070 659 1071 654 1071 653 1071 654 1072 655 1072 658 1072 659 1073 655 1073 654 1073 655 1074 656 1074 658 1074 659 1075 656 1075 655 1075 656 1076 657 1076 658 1076 659 1077 657 1077 656 1077 657 1078 649 1078 658 1078 659 1079 649 1079 657 1079 660 1080 661 1080 669 1080 670 1081 661 1081 660 1081 661 1082 662 1082 669 1082 670 1083 662 1083 661 1083 662 1084 663 1084 669 1084 670 1085 663 1085 662 1085 663 1086 664 1086 669 1086 670 1087 664 1087 663 1087 664 1088 665 1088 669 1088 670 1089 665 1089 664 1089 665 1090 666 1090 669 1090 670 1091 666 1091 665 1091 666 1092 667 1092 669 1092 670 1093 667 1093 666 1093 667 1094 668 1094 669 1094 670 1095 668 1095 667 1095 668 1096 660 1096 669 1096 670 1097 660 1097 668 1097 671 1098 672 1098 680 1098 681 1099 672 1099 671 1099 672 1100 673 1100 680 1100 681 1101 673 1101 672 1101 673 1102 674 1102 680 1102 681 1103 674 1103 673 1103 674 1104 675 1104 680 1104 681 1105 675 1105 674 1105 675 1106 676 1106 680 1106 681 1107 676 1107 675 1107 676 1108 677 1108 680 1108 681 1109 677 1109 676 1109 677 1110 678 1110 680 1110 681 1111 678 1111 677 1111 678 1112 679 1112 680 1112 681 1113 679 1113 678 1113 679 1114 671 1114 680 1114 681 1115 671 1115 679 1115 682 1116 683 1116 691 1116 692 1117 683 1117 682 1117 683 1118 684 1118 691 1118 692 1119 684 1119 683 1119 684 1120 685 1120 691 1120 692 1121 685 1121 684 1121 685 1122 686 1122 691 1122 692 1123 686 1123 685 1123 686 1124 687 1124 691 1124 692 1125 687 1125 686 1125 687 1126 688 1126 691 1126 692 1127 688 1127 687 1127 688 1128 689 1128 691 1128 692 1129 689 1129 688 1129 689 1130 690 1130 691 1130 692 1131 690 1131 689 1131 690 1132 682 1132 691 1132 692 1133 682 1133 690 1133 693 1134 694 1134 702 1134 703 1135 694 1135 693 1135 694 1136 695 1136 702 1136 703 1137 695 1137 694 1137 695 1138 696 1138 702 1138 703 1139 696 1139 695 1139 696 1140 697 1140 702 1140 703 1141 697 1141 696 1141 697 1142 698 1142 702 1142 703 1143 698 1143 697 1143 698 1144 699 1144 702 1144 703 1145 699 1145 698 1145 699 1146 700 1146 702 1146 703 1147 700 1147 699 1147 700 1148 701 1148 702 1148 703 1149 701 1149 700 1149 701 1150 693 1150 702 1150 703 1151 693 1151 701 1151 704 1152 705 1152 713 1152 714 1153 705 1153 704 1153 705 1154 706 1154 713 1154 714 1155 706 1155 705 1155 706 1156 707 1156 713 1156 714 1157 707 1157 706 1157 707 1158 708 1158 713 1158 714 1159 708 1159 707 1159 708 1160 709 1160 713 1160 714 1161 709 1161 708 1161 709 1162 710 1162 713 1162 714 1163 710 1163 709 1163 710 1164 711 1164 713 1164 714 1165 711 1165 710 1165 711 1166 712 1166 713 1166 714 1167 712 1167 711 1167 712 1168 704 1168 713 1168 714 1169 704 1169 712 1169 715 1170 716 1170 724 1170 725 1171 716 1171 715 1171 716 1172 717 1172 724 1172 725 1173 717 1173 716 1173 717 1174 718 1174 724 1174 725 1175 718 1175 717 1175 718 1176 719 1176 724 1176 725 1177 719 1177 718 1177 719 1178 720 1178 724 1178 725 1179 720 1179 719 1179 720 1180 721 1180 724 1180 725 1181 721 1181 720 1181 721 1182 722 1182 724 1182 725 1183 722 1183 721 1183 722 1184 723 1184 724 1184 725 1185 723 1185 722 1185 723 1186 715 1186 724 1186 725 1187 715 1187 723 1187 726 1188 727 1188 735 1188 736 1189 727 1189 726 1189 727 1190 728 1190 735 1190 736 1191 728 1191 727 1191 728 1192 729 1192 735 1192 736 1193 729 1193 728 1193 729 1194 730 1194 735 1194 736 1195 730 1195 729 1195 730 1196 731 1196 735 1196 736 1197 731 1197 730 1197 731 1198 732 1198 735 1198 736 1199 732 1199 731 1199 732 1200 733 1200 735 1200 736 1201 733 1201 732 1201 733 1202 734 1202 735 1202 736 1203 734 1203 733 1203 734 1204 726 1204 735 1204 736 1205 726 1205 734 1205 737 1206 738 1206 746 1206 747 1207 738 1207 737 1207 738 1208 739 1208 746 1208 747 1209 739 1209 738 1209 739 1210 740 1210 746 1210 747 1211 740 1211 739 1211 740 1212 741 1212 746 1212 747 1213 741 1213 740 1213 741 1214 742 1214 746 1214 747 1215 742 1215 741 1215 742 1216 743 1216 746 1216 747 1217 743 1217 742 1217 743 1218 744 1218 746 1218 747 1219 744 1219 743 1219 744 1220 745 1220 746 1220 747 1221 745 1221 744 1221 745 1222 737 1222 746 1222 747 1223 737 1223 745 1223 748 1224 749 1224 757 1224 758 1225 749 1225 748 1225 749 1226 750 1226 757 1226 758 1227 750 1227 749 1227 750 1228 751 1228 757 1228 758 1229 751 1229 750 1229 751 1230 752 1230 757 1230 758 1231 752 1231 751 1231 752 1232 753 1232 757 1232 758 1233 753 1233 752 1233 753 1234 754 1234 757 1234 758 1235 754 1235 753 1235 754 1236 755 1236 757 1236 758 1237 755 1237 754 1237 755 1238 756 1238 757 1238 758 1239 756 1239 755 1239 756 1240 748 1240 757 1240 758 1241 748 1241 756 1241 759 1242 760 1242 768 1242 769 1243 760 1243 759 1243 760 1244 761 1244 768 1244 769 1245 761 1245 760 1245 761 1246 762 1246 768 1246 769 1247 762 1247 761 1247 762 1248 763 1248 768 1248 769 1249 763 1249 762 1249 763 1250 764 1250 768 1250 769 1251 764 1251 763 1251 764 1252 765 1252 768 1252 769 1253 765 1253 764 1253 765 1254 766 1254 768 1254 769 1255 766 1255 765 1255 766 1256 767 1256 768 1256 769 1257 767 1257 766 1257 767 1258 759 1258 768 1258 769 1259 759 1259 767 1259 770 1260 771 1260 779 1260 780 1261 771 1261 770 1261 771 1262 772 1262 779 1262 780 1263 772 1263 771 1263 772 1264 773 1264 779 1264 780 1265 773 1265 772 1265 773 1266 774 1266 779 1266 780 1267 774 1267 773 1267 774 1268 775 1268 779 1268 780 1269 775 1269 774 1269 775 1270 776 1270 779 1270 780 1271 776 1271 775 1271 776 1272 777 1272 779 1272 780 1273 777 1273 776 1273 777 1274 778 1274 779 1274 780 1275 778 1275 777 1275 778 1276 770 1276 779 1276 780 1277 770 1277 778 1277 781 1278 782 1278 790 1278 791 1279 782 1279 781 1279 782 1280 783 1280 790 1280 791 1281 783 1281 782 1281 783 1282 784 1282 790 1282 791 1283 784 1283 783 1283 784 1284 785 1284 790 1284 791 1285 785 1285 784 1285 785 1286 786 1286 790 1286 791 1287 786 1287 785 1287 786 1288 787 1288 790 1288 791 1289 787 1289 786 1289 787 1290 788 1290 790 1290 791 1291 788 1291 787 1291 788 1292 789 1292 790 1292 791 1293 789 1293 788 1293 789 1294 781 1294 790 1294 791 1295 781 1295 789 1295 792 1296 793 1296 801 1296 802 1297 793 1297 792 1297 793 1298 794 1298 801 1298 802 1299 794 1299 793 1299 794 1300 795 1300 801 1300 802 1301 795 1301 794 1301 795 1302 796 1302 801 1302 802 1303 796 1303 795 1303 796 1304 797 1304 801 1304 802 1305 797 1305 796 1305 797 1306 798 1306 801 1306 802 1307 798 1307 797 1307 798 1308 799 1308 801 1308 802 1309 799 1309 798 1309 799 1310 800 1310 801 1310 802 1311 800 1311 799 1311 800 1312 792 1312 801 1312 802 1313 792 1313 800 1313 803 1314 804 1314 812 1314 813 1315 804 1315 803 1315 804 1316 805 1316 812 1316 813 1317 805 1317 804 1317 805 1318 806 1318 812 1318 813 1319 806 1319 805 1319 806 1320 807 1320 812 1320 813 1321 807 1321 806 1321 807 1322 808 1322 812 1322 813 1323 808 1323 807 1323 808 1324 809 1324 812 1324 813 1325 809 1325 808 1325 809 1326 810 1326 812 1326 813 1327 810 1327 809 1327 810 1328 811 1328 812 1328 813 1329 811 1329 810 1329 811 1330 803 1330 812 1330 813 1331 803 1331 811 1331 814 1332 815 1332 823 1332 824 1333 815 1333 814 1333 815 1334 816 1334 823 1334 824 1335 816 1335 815 1335 816 1336 817 1336 823 1336 824 1337 817 1337 816 1337 817 1338 818 1338 823 1338 824 1339 818 1339 817 1339 818 1340 819 1340 823 1340 824 1341 819 1341 818 1341 819 1342 820 1342 823 1342 824 1343 820 1343 819 1343 820 1344 821 1344 823 1344 824 1345 821 1345 820 1345 821 1346 822 1346 823 1346 824 1347 822 1347 821 1347 822 1348 814 1348 823 1348 824 1349 814 1349 822 1349 825 1350 826 1350 834 1350 835 1351 826 1351 825 1351 826 1352 827 1352 834 1352 835 1353 827 1353 826 1353 827 1354 828 1354 834 1354 835 1355 828 1355 827 1355 828 1356 829 1356 834 1356 835 1357 829 1357 828 1357 829 1358 830 1358 834 1358 835 1359 830 1359 829 1359 830 1360 831 1360 834 1360 835 1361 831 1361 830 1361 831 1362 832 1362 834 1362 835 1363 832 1363 831 1363 832 1364 833 1364 834 1364 835 1365 833 1365 832 1365 833 1366 825 1366 834 1366 835 1367 825 1367 833 1367 836 1368 837 1368 845 1368 846 1369 837 1369 836 1369 837 1370 838 1370 845 1370 846 1371 838 1371 837 1371 838 1372 839 1372 845 1372 846 1373 839 1373 838 1373 839 1374 840 1374 845 1374 846 1375 840 1375 839 1375 840 1376 841 1376 845 1376 846 1377 841 1377 840 1377 841 1378 842 1378 845 1378 846 1379 842 1379 841 1379 842 1380 843 1380 845 1380 846 1381 843 1381 842 1381 843 1382 844 1382 845 1382 846 1383 844 1383 843 1383 844 1384 836 1384 845 1384 846 1385 836 1385 844 1385 847 1386 848 1386 856 1386 857 1387 848 1387 847 1387 848 1388 849 1388 856 1388 857 1389 849 1389 848 1389 849 1390 850 1390 856 1390 857 1391 850 1391 849 1391 850 1392 851 1392 856 1392 857 1393 851 1393 850 1393 851 1394 852 1394 856 1394 857 1395 852 1395 851 1395 852 1396 853 1396 856 1396 857 1397 853 1397 852 1397 853 1398 854 1398 856 1398 857 1399 854 1399 853 1399 854 1400 855 1400 856 1400 857 1401 855 1401 854 1401 855 1402 847 1402 856 1402 857 1403 847 1403 855 1403 858 1404 859 1404 867 1404 868 1405 859 1405 858 1405 859 1406 860 1406 867 1406 868 1407 860 1407 859 1407 860 1408 861 1408 867 1408 868 1409 861 1409 860 1409 861 1410 862 1410 867 1410 868 1411 862 1411 861 1411 862 1412 863 1412 867 1412 868 1413 863 1413 862 1413 863 1414 864 1414 867 1414 868 1415 864 1415 863 1415 864 1416 865 1416 867 1416 868 1417 865 1417 864 1417 865 1418 866 1418 867 1418 868 1419 866 1419 865 1419 866 1420 858 1420 867 1420 868 1421 858 1421 866 1421 869 1422 870 1422 878 1422 879 1423 870 1423 869 1423 870 1424 871 1424 878 1424 879 1425 871 1425 870 1425 871 1426 872 1426 878 1426 879 1427 872 1427 871 1427 872 1428 873 1428 878 1428 879 1429 873 1429 872 1429 873 1430 874 1430 878 1430 879 1431 874 1431 873 1431 874 1432 875 1432 878 1432 879 1433 875 1433 874 1433 875 1434 876 1434 878 1434 879 1435 876 1435 875 1435 876 1436 877 1436 878 1436 879 1437 877 1437 876 1437 877 1438 869 1438 878 1438 879 1439 869 1439 877 1439 880 1440 881 1440 889 1440 890 1441 881 1441 880 1441 881 1442 882 1442 889 1442 890 1443 882 1443 881 1443 882 1444 883 1444 889 1444 890 1445 883 1445 882 1445 883 1446 884 1446 889 1446 890 1447 884 1447 883 1447 884 1448 885 1448 889 1448 890 1449 885 1449 884 1449 885 1450 886 1450 889 1450 890 1451 886 1451 885 1451 886 1452 887 1452 889 1452 890 1453 887 1453 886 1453 887 1454 888 1454 889 1454 890 1455 888 1455 887 1455 888 1456 880 1456 889 1456 890 1457 880 1457 888 1457 891 1458 892 1458 900 1458 901 1459 892 1459 891 1459 892 1460 893 1460 900 1460 901 1461 893 1461 892 1461 893 1462 894 1462 900 1462 901 1463 894 1463 893 1463 894 1464 895 1464 900 1464 901 1465 895 1465 894 1465 895 1466 896 1466 900 1466 901 1467 896 1467 895 1467 896 1468 897 1468 900 1468 901 1469 897 1469 896 1469 897 1470 898 1470 900 1470 901 1471 898 1471 897 1471 898 1472 899 1472 900 1472 901 1473 899 1473 898 1473 899 1474 891 1474 900 1474 901 1475 891 1475 899 1475 902 1476 903 1476 911 1476 912 1477 903 1477 902 1477 903 1478 904 1478 911 1478 912 1479 904 1479 903 1479 904 1480 905 1480 911 1480 912 1481 905 1481 904 1481 905 1482 906 1482 911 1482 912 1483 906 1483 905 1483 906 1484 907 1484 911 1484 912 1485 907 1485 906 1485 907 1486 908 1486 911 1486 912 1487 908 1487 907 1487 908 1488 909 1488 911 1488 912 1489 909 1489 908 1489 909 1490 910 1490 911 1490 912 1491 910 1491 909 1491 910 1492 902 1492 911 1492 912 1493 902 1493 910 1493 913 1494 914 1494 922 1494 923 1495 914 1495 913 1495 914 1496 915 1496 922 1496 923 1497 915 1497 914 1497 915 1498 916 1498 922 1498 923 1499 916 1499 915 1499 916 1500 917 1500 922 1500 923 1501 917 1501 916 1501 917 1502 918 1502 922 1502 923 1503 918 1503 917 1503 918 1504 919 1504 922 1504 923 1505 919 1505 918 1505 919 1506 920 1506 922 1506 923 1507 920 1507 919 1507 920 1508 921 1508 922 1508 923 1509 921 1509 920 1509 921 1510 913 1510 922 1510 923 1511 913 1511 921 1511 924 1512 925 1512 933 1512 934 1513 925 1513 924 1513 925 1514 926 1514 933 1514 934 1515 926 1515 925 1515 926 1516 927 1516 933 1516 934 1517 927 1517 926 1517 927 1518 928 1518 933 1518 934 1519 928 1519 927 1519 928 1520 929 1520 933 1520 934 1521 929 1521 928 1521 929 1522 930 1522 933 1522 934 1523 930 1523 929 1523 930 1524 931 1524 933 1524 934 1525 931 1525 930 1525 931 1526 932 1526 933 1526 934 1527 932 1527 931 1527 932 1528 924 1528 933 1528 934 1529 924 1529 932 1529 935 1530 936 1530 944 1530 945 1531 936 1531 935 1531 936 1532 937 1532 944 1532 945 1533 937 1533 936 1533 937 1534 938 1534 944 1534 945 1535 938 1535 937 1535 938 1536 939 1536 944 1536 945 1537 939 1537 938 1537 939 1538 940 1538 944 1538 945 1539 940 1539 939 1539 940 1540 941 1540 944 1540 945 1541 941 1541 940 1541 941 1542 942 1542 944 1542 945 1543 942 1543 941 1543 942 1544 943 1544 944 1544 945 1545 943 1545 942 1545 943 1546 935 1546 944 1546 945 1547 935 1547 943 1547 946 1548 947 1548 955 1548 956 1549 947 1549 946 1549 947 1550 948 1550 955 1550 956 1551 948 1551 947 1551 948 1552 949 1552 955 1552 956 1553 949 1553 948 1553 949 1554 950 1554 955 1554 956 1555 950 1555 949 1555 950 1556 951 1556 955 1556 956 1557 951 1557 950 1557 951 1558 952 1558 955 1558 956 1559 952 1559 951 1559 952 1560 953 1560 955 1560 956 1561 953 1561 952 1561 953 1562 954 1562 955 1562 956 1563 954 1563 953 1563 954 1564 946 1564 955 1564 956 1565 946 1565 954 1565 957 1566 958 1566 966 1566 967 1567 958 1567 957 1567 958 1568 959 1568 966 1568 967 1569 959 1569 958 1569 959 1570 960 1570 966 1570 967 1571 960 1571 959 1571 960 1572 961 1572 966 1572 967 1573 961 1573 960 1573 961 1574 962 1574 966 1574 967 1575 962 1575 961 1575 962 1576 963 1576 966 1576 967 1577 963 1577 962 1577 963 1578 964 1578 966 1578 967 1579 964 1579 963 1579 964 1580 965 1580 966 1580 967 1581 965 1581 964 1581 965 1582 957 1582 966 1582 967 1583 957 1583 965 1583 968 1584 969 1584 977 1584 978 1585 969 1585 968 1585 969 1586 970 1586 977 1586 978 1587 970 1587 969 1587 970 1588 971 1588 977 1588 978 1589 971 1589 970 1589 971 1590 972 1590 977 1590 978 1591 972 1591 971 1591 972 1592 973 1592 977 1592 978 1593 973 1593 972 1593 973 1594 974 1594 977 1594 978 1595 974 1595 973 1595 974 1596 975 1596 977 1596 978 1597 975 1597 974 1597 975 1598 976 1598 977 1598 978 1599 976 1599 975 1599 976 1600 968 1600 977 1600 978 1601 968 1601 976 1601 979 1602 980 1602 988 1602 989 1603 980 1603 979 1603 980 1604 981 1604 988 1604 989 1605 981 1605 980 1605 981 1606 982 1606 988 1606 989 1607 982 1607 981 1607 982 1608 983 1608 988 1608 989 1609 983 1609 982 1609 983 1610 984 1610 988 1610 989 1611 984 1611 983 1611 984 1612 985 1612 988 1612 989 1613 985 1613 984 1613 985 1614 986 1614 988 1614 989 1615 986 1615 985 1615 986 1616 987 1616 988 1616 989 1617 987 1617 986 1617 987 1618 979 1618 988 1618 989 1619 979 1619 987 1619 990 1620 991 1620 999 1620 1000 1621 991 1621 990 1621 991 1622 992 1622 999 1622 1000 1623 992 1623 991 1623 992 1624 993 1624 999 1624 1000 1625 993 1625 992 1625 993 1626 994 1626 999 1626 1000 1627 994 1627 993 1627 994 1628 995 1628 999 1628 1000 1629 995 1629 994 1629 995 1630 996 1630 999 1630 1000 1631 996 1631 995 1631 996 1632 997 1632 999 1632 1000 1633 997 1633 996 1633 997 1634 998 1634 999 1634 1000 1635 998 1635 997 1635 998 1636 990 1636 999 1636 1000 1637 990 1637 998 1637 1001 1638 1002 1638 1010 1638 1011 1639 1002 1639 1001 1639 1002 1640 1003 1640 1010 1640 1011 1641 1003 1641 1002 1641 1003 1642 1004 1642 1010 1642 1011 1643 1004 1643 1003 1643 1004 1644 1005 1644 1010 1644 1011 1645 1005 1645 1004 1645 1005 1646 1006 1646 1010 1646 1011 1647 1006 1647 1005 1647 1006 1648 1007 1648 1010 1648 1011 1649 1007 1649 1006 1649 1007 1650 1008 1650 1010 1650 1011 1651 1008 1651 1007 1651 1008 1652 1009 1652 1010 1652 1011 1653 1009 1653 1008 1653 1009 1654 1001 1654 1010 1654 1011 1655 1001 1655 1009 1655 1012 1656 1013 1656 1021 1656 1022 1657 1013 1657 1012 1657 1013 1658 1014 1658 1021 1658 1022 1659 1014 1659 1013 1659 1014 1660 1015 1660 1021 1660 1022 1661 1015 1661 1014 1661 1015 1662 1016 1662 1021 1662 1022 1663 1016 1663 1015 1663 1016 1664 1017 1664 1021 1664 1022 1665 1017 1665 1016 1665 1017 1666 1018 1666 1021 1666 1022 1667 1018 1667 1017 1667 1018 1668 1019 1668 1021 1668 1022 1669 1019 1669 1018 1669 1019 1670 1020 1670 1021 1670 1022 1671 1020 1671 1019 1671 1020 1672 1012 1672 1021 1672 1022 1673 1012 1673 1020 1673 1023 1674 1024 1674 1032 1674 1033 1675 1024 1675 1023 1675 1024 1676 1025 1676 1032 1676 1033 1677 1025 1677 1024 1677 1025 1678 1026 1678 1032 1678 1033 1679 1026 1679 1025 1679 1026 1680 1027 1680 1032 1680 1033 1681 1027 1681 1026 1681 1027 1682 1028 1682 1032 1682 1033 1683 1028 1683 1027 1683 1028 1684 1029 1684 1032 1684 1033 1685 1029 1685 1028 1685 1029 1686 1030 1686 1032 1686 1033 1687 1030 1687 1029 1687 1030 1688 1031 1688 1032 1688 1033 1689 1031 1689 1030 1689 1031 1690 1023 1690 1032 1690 1033 1691 1023 1691 1031 1691 1034 1692 1035 1692 1043 1692 1044 1693 1035 1693 1034 1693 1035 1694 1036 1694 1043 1694 1044 1695 1036 1695 1035 1695 1036 1696 1037 1696 1043 1696 1044 1697 1037 1697 1036 1697 1037 1698 1038 1698 1043 1698 1044 1699 1038 1699 1037 1699 1038 1700 1039 1700 1043 1700 1044 1701 1039 1701 1038 1701 1039 1702 1040 1702 1043 1702 1044 1703 1040 1703 1039 1703 1040 1704 1041 1704 1043 1704 1044 1705 1041 1705 1040 1705 1041 1706 1042 1706 1043 1706 1044 1707 1042 1707 1041 1707 1042 1708 1034 1708 1043 1708 1044 1709 1034 1709 1042 1709 1045 1710 1046 1710 1054 1710 1055 1711 1046 1711 1045 1711 1046 1712 1047 1712 1054 1712 1055 1713 1047 1713 1046 1713 1047 1714 1048 1714 1054 1714 1055 1715 1048 1715 1047 1715 1048 1716 1049 1716 1054 1716 1055 1717 1049 1717 1048 1717 1049 1718 1050 1718 1054 1718 1055 1719 1050 1719 1049 1719 1050 1720 1051 1720 1054 1720 1055 1721 1051 1721 1050 1721 1051 1722 1052 1722 1054 1722 1055 1723 1052 1723 1051 1723 1052 1724 1053 1724 1054 1724 1055 1725 1053 1725 1052 1725 1053 1726 1045 1726 1054 1726 1055 1727 1045 1727 1053 1727 1056 1728 1057 1728 1065 1728 1066 1729 1057 1729 1056 1729 1057 1730 1058 1730 1065 1730 1066 1731 1058 1731 1057 1731 1058 1732 1059 1732 1065 1732 1066 1733 1059 1733 1058 1733 1059 1734 1060 1734 1065 1734 1066 1735 1060 1735 1059 1735 1060 1736 1061 1736 1065 1736 1066 1737 1061 1737 1060 1737 1061 1738 1062 1738 1065 1738 1066 1739 1062 1739 1061 1739 1062 1740 1063 1740 1065 1740 1066 1741 1063 1741 1062 1741 1063 1742 1064 1742 1065 1742 1066 1743 1064 1743 1063 1743 1064 1744 1056 1744 1065 1744 1066 1745 1056 1745 1064 1745 1067 1746 1068 1746 1076 1746 1077 1747 1068 1747 1067 1747 1068 1748 1069 1748 1076 1748 1077 1749 1069 1749 1068 1749 1069 1750 1070 1750 1076 1750 1077 1751 1070 1751 1069 1751 1070 1752 1071 1752 1076 1752 1077 1753 1071 1753 1070 1753 1071 1754 1072 1754 1076 1754 1077 1755 1072 1755 1071 1755 1072 1756 1073 1756 1076 1756 1077 1757 1073 1757 1072 1757 1073 1758 1074 1758 1076 1758 1077 1759 1074 1759 1073 1759 1074 1760 1075 1760 1076 1760 1077 1761 1075 1761 1074 1761 1075 1762 1067 1762 1076 1762 1077 1763 1067 1763 1075 1763 1078 1764 1079 1764 1087 1764 1088 1765 1079 1765 1078 1765 1079 1766 1080 1766 1087 1766 1088 1767 1080 1767 1079 1767 1080 1768 1081 1768 1087 1768 1088 1769 1081 1769 1080 1769 1081 1770 1082 1770 1087 1770 1088 1771 1082 1771 1081 1771 1082 1772 1083 1772 1087 1772 1088 1773 1083 1773 1082 1773 1083 1774 1084 1774 1087 1774 1088 1775 1084 1775 1083 1775 1084 1776 1085 1776 1087 1776 1088 1777 1085 1777 1084 1777 1085 1778 1086 1778 1087 1778 1088 1779 1086 1779 1085 1779 1086 1780 1078 1780 1087 1780 1088 1781 1078 1781 1086 1781 1089 1782 1090 1782 1098 1782 1099 1783 1090 1783 1089 1783 1090 1784 1091 1784 1098 1784 1099 1785 1091 1785 1090 1785 1091 1786 1092 1786 1098 1786 1099 1787 1092 1787 1091 1787 1092 1788 1093 1788 1098 1788 1099 1789 1093 1789 1092 1789 1093 1790 1094 1790 1098 1790 1099 1791 1094 1791 1093 1791 1094 1792 1095 1792 1098 1792 1099 1793 1095 1793 1094 1793 1095 1794 1096 1794 1098 1794 1099 1795 1096 1795 1095 1795 1096 1796 1097 1796 1098 1796 1099 1797 1097 1797 1096 1797 1097 1798 1089 1798 1098 1798 1099 1799 1089 1799 1097 1799 1100 1800 1101 1800 1109 1800 1110 1801 1101 1801 1100 1801 1101 1802 1102 1802 1109 1802 1110 1803 1102 1803 1101 1803 1102 1804 1103 1804 1109 1804 1110 1805 1103 1805 1102 1805 1103 1806 1104 1806 1109 1806 1110 1807 1104 1807 1103 1807 1104 1808 1105 1808 1109 1808 1110 1809 1105 1809 1104 1809 1105 1810 1106 1810 1109 1810 1110 1811 1106 1811 1105 1811 1106 1812 1107 1812 1109 1812 1110 1813 1107 1813 1106 1813 1107 1814 1108 1814 1109 1814 1110 1815 1108 1815 1107 1815 1108 1816 1100 1816 1109 1816 1110 1817 1100 1817 1108 1817 1111 1818 1112 1818 1120 1818 1121 1819 1112 1819 1111 1819 1112 1820 1113 1820 1120 1820 1121 1821 1113 1821 1112 1821 1113 1822 1114 1822 1120 1822 1121 1823 1114 1823 1113 1823 1114 1824 1115 1824 1120 1824 1121 1825 1115 1825 1114 1825 1115 1826 1116 1826 1120 1826 1121 1827 1116 1827 1115 1827 1116 1828 1117 1828 1120 1828 1121 1829 1117 1829 1116 1829 1117 1830 1118 1830 1120 1830 1121 1831 1118 1831 1117 1831 1118 1832 1119 1832 1120 1832 1121 1833 1119 1833 1118 1833 1119 1834 1111 1834 1120 1834 1121 1835 1111 1835 1119 1835 1122 1836 1123 1836 1131 1836 1132 1837 1123 1837 1122 1837 1123 1838 1124 1838 1131 1838 1132 1839 1124 1839 1123 1839 1124 1840 1125 1840 1131 1840 1132 1841 1125 1841 1124 1841 1125 1842 1126 1842 1131 1842 1132 1843 1126 1843 1125 1843 1126 1844 1127 1844 1131 1844 1132 1845 1127 1845 1126 1845 1127 1846 1128 1846 1131 1846 1132 1847 1128 1847 1127 1847 1128 1848 1129 1848 1131 1848 1132 1849 1129 1849 1128 1849 1129 1850 1130 1850 1131 1850 1132 1851 1130 1851 1129 1851 1130 1852 1122 1852 1131 1852 1132 1853 1122 1853 1130 1853 1133 1854 1134 1854 1142 1854 1143 1855 1134 1855 1133 1855 1134 1856 1135 1856 1142 1856 1143 1857 1135 1857 1134 1857 1135 1858 1136 1858 1142 1858 1143 1859 1136 1859 1135 1859 1136 1860 1137 1860 1142 1860 1143 1861 1137 1861 1136 1861 1137 1862 1138 1862 1142 1862 1143 1863 1138 1863 1137 1863 1138 1864 1139 1864 1142 1864 1143 1865 1139 1865 1138 1865 1139 1866 1140 1866 1142 1866 1143 1867 1140 1867 1139 1867 1140 1868 1141 1868 1142 1868 1143 1869 1141 1869 1140 1869 1141 1870 1133 1870 1142 1870 1143 1871 1133 1871 1141 1871 1144 1872 1145 1872 1153 1872 1154 1873 1145 1873 1144 1873 1145 1874 1146 1874 1153 1874 1154 1875 1146 1875 1145 1875 1146 1876 1147 1876 1153 1876 1154 1877 1147 1877 1146 1877 1147 1878 1148 1878 1153 1878 1154 1879 1148 1879 1147 1879 1148 1880 1149 1880 1153 1880 1154 1881 1149 1881 1148 1881 1149 1882 1150 1882 1153 1882 1154 1883 1150 1883 1149 1883 1150 1884 1151 1884 1153 1884 1154 1885 1151 1885 1150 1885 1151 1886 1152 1886 1153 1886 1154 1887 1152 1887 1151 1887 1152 1888 1144 1888 1153 1888 1154 1889 1144 1889 1152 1889 1155 1890 1156 1890 1164 1890 1165 1891 1156 1891 1155 1891 1156 1892 1157 1892 1164 1892 1165 1893 1157 1893 1156 1893 1157 1894 1158 1894 1164 1894 1165 1895 1158 1895 1157 1895 1158 1896 1159 1896 1164 1896 1165 1897 1159 1897 1158 1897 1159 1898 1160 1898 1164 1898 1165 1899 1160 1899 1159 1899 1160 1900 1161 1900 1164 1900 1165 1901 1161 1901 1160 1901 1161 1902 1162 1902 1164 1902 1165 1903 1162 1903 1161 1903 1162 1904 1163 1904 1164 1904 1165 1905 1163 1905 1162 1905 1163 1906 1155 1906 1164 1906 1165 1907 1155 1907 1163 1907 1166 1908 1167 1908 1175 1908 1176 1909 1167 1909 1166 1909 1167 1910 1168 1910 1175 1910 1176 1911 1168 1911 1167 1911 1168 1912 1169 1912 1175 1912 1176 1913 1169 1913 1168 1913 1169 1914 1170 1914 1175 1914 1176 1915 1170 1915 1169 1915 1170 1916 1171 1916 1175 1916 1176 1917 1171 1917 1170 1917 1171 1918 1172 1918 1175 1918 1176 1919 1172 1919 1171 1919 1172 1920 1173 1920 1175 1920 1176 1921 1173 1921 1172 1921 1173 1922 1174 1922 1175 1922 1176 1923 1174 1923 1173 1923 1174 1924 1166 1924 1175 1924 1176 1925 1166 1925 1174 1925 1177 1926 1178 1926 1186 1926 1187 1927 1178 1927 1177 1927 1178 1928 1179 1928 1186 1928 1187 1929 1179 1929 1178 1929 1179 1930 1180 1930 1186 1930 1187 1931 1180 1931 1179 1931 1180 1932 1181 1932 1186 1932 1187 1933 1181 1933 1180 1933 1181 1934 1182 1934 1186 1934 1187 1935 1182 1935 1181 1935 1182 1936 1183 1936 1186 1936 1187 1937 1183 1937 1182 1937 1183 1938 1184 1938 1186 1938 1187 1939 1184 1939 1183 1939 1184 1940 1185 1940 1186 1940 1187 1941 1185 1941 1184 1941 1185 1942 1177 1942 1186 1942 1187 1943 1177 1943 1185 1943 1188 1944 1189 1944 1197 1944 1198 1945 1189 1945 1188 1945 1189 1946 1190 1946 1197 1946 1198 1947 1190 1947 1189 1947 1190 1948 1191 1948 1197 1948 1198 1949 1191 1949 1190 1949 1191 1950 1192 1950 1197 1950 1198 1951 1192 1951 1191 1951 1192 1952 1193 1952 1197 1952 1198 1953 1193 1953 1192 1953 1193 1954 1194 1954 1197 1954 1198 1955 1194 1955 1193 1955 1194 1956 1195 1956 1197 1956 1198 1957 1195 1957 1194 1957 1195 1958 1196 1958 1197 1958 1198 1959 1196 1959 1195 1959 1196 1960 1188 1960 1197 1960 1198 1961 1188 1961 1196 1961 1199 1962 1200 1962 1208 1962 1209 1963 1200 1963 1199 1963 1200 1964 1201 1964 1208 1964 1209 1965 1201 1965 1200 1965 1201 1966 1202 1966 1208 1966 1209 1967 1202 1967 1201 1967 1202 1968 1203 1968 1208 1968 1209 1969 1203 1969 1202 1969 1203 1970 1204 1970 1208 1970 1209 1971 1204 1971 1203 1971 1204 1972 1205 1972 1208 1972 1209 1973 1205 1973 1204 1973 1205 1974 1206 1974 1208 1974 1209 1975 1206 1975 1205 1975 1206 1976 1207 1976 1208 1976 1209 1977 1207 1977 1206 1977 1207 1978 1199 1978 1208 1978 1209 1979 1199 1979 1207 1979 1210 1980 1211 1980 1219 1980 1220 1981 1211 1981 1210 1981 1211 1982 1212 1982 1219 1982 1220 1983 1212 1983 1211 1983 1212 1984 1213 1984 1219 1984 1220 1985 1213 1985 1212 1985 1213 1986 1214 1986 1219 1986 1220 1987 1214 1987 1213 1987 1214 1988 1215 1988 1219 1988 1220 1989 1215 1989 1214 1989 1215 1990 1216 1990 1219 1990 1220 1991 1216 1991 1215 1991 1216 1992 1217 1992 1219 1992 1220 1993 1217 1993 1216 1993 1217 1994 1218 1994 1219 1994 1220 1995 1218 1995 1217 1995 1218 1996 1210 1996 1219 1996 1220 1997 1210 1997 1218 1997 1221 1998 1222 1998 1230 1998 1231 1999 1222 1999 1221 1999 1222 2000 1223 2000 1230 2000 1231 2001 1223 2001 1222 2001 1223 2002 1224 2002 1230 2002 1231 2003 1224 2003 1223 2003 1224 2004 1225 2004 1230 2004 1231 2005 1225 2005 1224 2005 1225 2006 1226 2006 1230 2006 1231 2007 1226 2007 1225 2007 1226 2008 1227 2008 1230 2008 1231 2009 1227 2009 1226 2009 1227 2010 1228 2010 1230 2010 1231 2011 1228 2011 1227 2011 1228 2012 1229 2012 1230 2012 1231 2013 1229 2013 1228 2013 1229 2014 1221 2014 1230 2014 1231 2015 1221 2015 1229 2015 1232 2016 1233 2016 1241 2016 1242 2017 1233 2017 1232 2017 1233 2018 1234 2018 1241 2018 1242 2019 1234 2019 1233 2019 1234 2020 1235 2020 1241 2020 1242 2021 1235 2021 1234 2021 1235 2022 1236 2022 1241 2022 1242 2023 1236 2023 1235 2023 1236 2024 1237 2024 1241 2024 1242 2025 1237 2025 1236 2025 1237 2026 1238 2026 1241 2026 1242 2027 1238 2027 1237 2027 1238 2028 1239 2028 1241 2028 1242 2029 1239 2029 1238 2029 1239 2030 1240 2030 1241 2030 1242 2031 1240 2031 1239 2031 1240 2032 1232 2032 1241 2032 1242 2033 1232 2033 1240 2033 1243 2034 1244 2034 1252 2034 1253 2035 1244 2035 1243 2035 1244 2036 1245 2036 1252 2036 1253 2037 1245 2037 1244 2037 1245 2038 1246 2038 1252 2038 1253 2039 1246 2039 1245 2039 1246 2040 1247 2040 1252 2040 1253 2041 1247 2041 1246 2041 1247 2042 1248 2042 1252 2042 1253 2043 1248 2043 1247 2043 1248 2044 1249 2044 1252 2044 1253 2045 1249 2045 1248 2045 1249 2046 1250 2046 1252 2046 1253 2047 1250 2047 1249 2047 1250 2048 1251 2048 1252 2048 1253 2049 1251 2049 1250 2049 1251 2050 1243 2050 1252 2050 1253 2051 1243 2051 1251 2051 1254 2052 1255 2052 1263 2052 1264 2053 1255 2053 1254 2053 1255 2054 1256 2054 1263 2054 1264 2055 1256 2055 1255 2055 1256 2056 1257 2056 1263 2056 1264 2057 1257 2057 1256 2057 1257 2058 1258 2058 1263 2058 1264 2059 1258 2059 1257 2059 1258 2060 1259 2060 1263 2060 1264 2061 1259 2061 1258 2061 1259 2062 1260 2062 1263 2062 1264 2063 1260 2063 1259 2063 1260 2064 1261 2064 1263 2064 1264 2065 1261 2065 1260 2065 1261 2066 1262 2066 1263 2066 1264 2067 1262 2067 1261 2067 1262 2068 1254 2068 1263 2068 1264 2069 1254 2069 1262 2069 1265 2070 1266 2070 1274 2070 1275 2071 1266 2071 1265 2071 1266 2072 1267 2072 1274 2072 1275 2073 1267 2073 1266 2073 1267 2074 1268 2074 1274 2074 1275 2075 1268 2075 1267 2075 1268 2076 1269 2076 1274 2076 1275 2077 1269 2077 1268 2077 1269 2078 1270 2078 1274 2078 1275 2079 1270 2079 1269 2079 1270 2080 1271 2080 1274 2080 1275 2081 1271 2081 1270 2081 1271 2082 1272 2082 1274 2082 1275 2083 1272 2083 1271 2083 1272 2084 1273 2084 1274 2084 1275 2085 1273 2085 1272 2085 1273 2086 1265 2086 1274 2086 1275 2087 1265 2087 1273 2087 1276 2088 1277 2088 1285 2088 1286 2089 1277 2089 1276 2089 1277 2090 1278 2090 1285 2090 1286 2091 1278 2091 1277 2091 1278 2092 1279 2092 1285 2092 1286 2093 1279 2093 1278 2093 1279 2094 1280 2094 1285 2094 1286 2095 1280 2095 1279 2095 1280 2096 1281 2096 1285 2096 1286 2097 1281 2097 1280 2097 1281 2098 1282 2098 1285 2098 1286 2099 1282 2099 1281 2099 1282 2100 1283 2100 1285 2100 1286 2101 1283 2101 1282 2101 1283 2102 1284 2102 1285 2102 1286 2103 1284 2103 1283 2103 1284 2104 1276 2104 1285 2104 1286 2105 1276 2105 1284 2105 1287 2106 1288 2106 1296 2106 1297 2107 1288 2107 1287 2107 1288 2108 1289 2108 1296 2108 1297 2109 1289 2109 1288 2109 1289 2110 1290 2110 1296 2110 1297 2111 1290 2111 1289 2111 1290 2112 1291 2112 1296 2112 1297 2113 1291 2113 1290 2113 1291 2114 1292 2114 1296 2114 1297 2115 1292 2115 1291 2115 1292 2116 1293 2116 1296 2116 1297 2117 1293 2117 1292 2117 1293 2118 1294 2118 1296 2118 1297 2119 1294 2119 1293 2119 1294 2120 1295 2120 1296 2120 1297 2121 1295 2121 1294 2121 1295 2122 1287 2122 1296 2122 1297 2123 1287 2123 1295 2123 1298 2124 1299 2124 1307 2124 1308 2125 1299 2125 1298 2125 1299 2126 1300 2126 1307 2126 1308 2127 1300 2127 1299 2127 1300 2128 1301 2128 1307 2128 1308 2129 1301 2129 1300 2129 1301 2130 1302 2130 1307 2130 1308 2131 1302 2131 1301 2131 1302 2132 1303 2132 1307 2132 1308 2133 1303 2133 1302 2133 1303 2134 1304 2134 1307 2134 1308 2135 1304 2135 1303 2135 1304 2136 1305 2136 1307 2136 1308 2137 1305 2137 1304 2137 1305 2138 1306 2138 1307 2138 1308 2139 1306 2139 1305 2139 1306 2140 1298 2140 1307 2140 1308 2141 1298 2141 1306 2141 1309 2142 1310 2142 1318 2142 1319 2143 1310 2143 1309 2143 1310 2144 1311 2144 1318 2144 1319 2145 1311 2145 1310 2145 1311 2146 1312 2146 1318 2146 1319 2147 1312 2147 1311 2147 1312 2148 1313 2148 1318 2148 1319 2149 1313 2149 1312 2149 1313 2150 1314 2150 1318 2150 1319 2151 1314 2151 1313 2151 1314 2152 1315 2152 1318 2152 1319 2153 1315 2153 1314 2153 1315 2154 1316 2154 1318 2154 1319 2155 1316 2155 1315 2155 1316 2156 1317 2156 1318 2156 1319 2157 1317 2157 1316 2157 1317 2158 1309 2158 1318 2158 1319 2159 1309 2159 1317 2159 1320 2160 1321 2160 1329 2160 1330 2161 1321 2161 1320 2161 1321 2162 1322 2162 1329 2162 1330 2163 1322 2163 1321 2163 1322 2164 1323 2164 1329 2164 1330 2165 1323 2165 1322 2165 1323 2166 1324 2166 1329 2166 1330 2167 1324 2167 1323 2167 1324 2168 1325 2168 1329 2168 1330 2169 1325 2169 1324 2169 1325 2170 1326 2170 1329 2170 1330 2171 1326 2171 1325 2171 1326 2172 1327 2172 1329 2172 1330 2173 1327 2173 1326 2173 1327 2174 1328 2174 1329 2174 1330 2175 1328 2175 1327 2175 1328 2176 1320 2176 1329 2176 1330 2177 1320 2177 1328 2177 1331 2178 1332 2178 1340 2178 1341 2179 1332 2179 1331 2179 1332 2180 1333 2180 1340 2180 1341 2181 1333 2181 1332 2181 1333 2182 1334 2182 1340 2182 1341 2183 1334 2183 1333 2183 1334 2184 1335 2184 1340 2184 1341 2185 1335 2185 1334 2185 1335 2186 1336 2186 1340 2186 1341 2187 1336 2187 1335 2187 1336 2188 1337 2188 1340 2188 1341 2189 1337 2189 1336 2189 1337 2190 1338 2190 1340 2190 1341 2191 1338 2191 1337 2191 1338 2192 1339 2192 1340 2192 1341 2193 1339 2193 1338 2193 1339 2194 1331 2194 1340 2194 1341 2195 1331 2195 1339 2195 1342 2196 1343 2196 1351 2196 1352 2197 1343 2197 1342 2197 1343 2198 1344 2198 1351 2198 1352 2199 1344 2199 1343 2199 1344 2200 1345 2200 1351 2200 1352 2201 1345 2201 1344 2201 1345 2202 1346 2202 1351 2202 1352 2203 1346 2203 1345 2203 1346 2204 1347 2204 1351 2204 1352 2205 1347 2205 1346 2205 1347 2206 1348 2206 1351 2206 1352 2207 1348 2207 1347 2207 1348 2208 1349 2208 1351 2208 1352 2209 1349 2209 1348 2209 1349 2210 1350 2210 1351 2210 1352 2211 1350 2211 1349 2211 1350 2212 1342 2212 1351 2212 1352 2213 1342 2213 1350 2213 1353 2214 1354 2214 1362 2214 1363 2215 1354 2215 1353 2215 1354 2216 1355 2216 1362 2216 1363 2217 1355 2217 1354 2217 1355 2218 1356 2218 1362 2218 1363 2219 1356 2219 1355 2219 1356 2220 1357 2220 1362 2220 1363 2221 1357 2221 1356 2221 1357 2222 1358 2222 1362 2222 1363 2223 1358 2223 1357 2223 1358 2224 1359 2224 1362 2224 1363 2225 1359 2225 1358 2225 1359 2226 1360 2226 1362 2226 1363 2227 1360 2227 1359 2227 1360 2228 1361 2228 1362 2228 1363 2229 1361 2229 1360 2229 1361 2230 1353 2230 1362 2230 1363 2231 1353 2231 1361 2231 1364 2232 1365 2232 1373 2232 1374 2233 1365 2233 1364 2233 1365 2234 1366 2234 1373 2234 1374 2235 1366 2235 1365 2235 1366 2236 1367 2236 1373 2236 1374 2237 1367 2237 1366 2237 1367 2238 1368 2238 1373 2238 1374 2239 1368 2239 1367 2239 1368 2240 1369 2240 1373 2240 1374 2241 1369 2241 1368 2241 1369 2242 1370 2242 1373 2242 1374 2243 1370 2243 1369 2243 1370 2244 1371 2244 1373 2244 1374 2245 1371 2245 1370 2245 1371 2246 1372 2246 1373 2246 1374 2247 1372 2247 1371 2247 1372 2248 1364 2248 1373 2248 1374 2249 1364 2249 1372 2249 1375 2250 1376 2250 1384 2250 1385 2251 1376 2251 1375 2251 1376 2252 1377 2252 1384 2252 1385 2253 1377 2253 1376 2253 1377 2254 1378 2254 1384 2254 1385 2255 1378 2255 1377 2255 1378 2256 1379 2256 1384 2256 1385 2257 1379 2257 1378 2257 1379 2258 1380 2258 1384 2258 1385 2259 1380 2259 1379 2259 1380 2260 1381 2260 1384 2260 1385 2261 1381 2261 1380 2261 1381 2262 1382 2262 1384 2262 1385 2263 1382 2263 1381 2263 1382 2264 1383 2264 1384 2264 1385 2265 1383 2265 1382 2265 1383 2266 1375 2266 1384 2266 1385 2267 1375 2267 1383 2267 1386 2268 1387 2268 1395 2268 1396 2269 1387 2269 1386 2269 1387 2270 1388 2270 1395 2270 1396 2271 1388 2271 1387 2271 1388 2272 1389 2272 1395 2272 1396 2273 1389 2273 1388 2273 1389 2274 1390 2274 1395 2274 1396 2275 1390 2275 1389 2275 1390 2276 1391 2276 1395 2276 1396 2277 1391 2277 1390 2277 1391 2278 1392 2278 1395 2278 1396 2279 1392 2279 1391 2279 1392 2280 1393 2280 1395 2280 1396 2281 1393 2281 1392 2281 1393 2282 1394 2282 1395 2282 1396 2283 1394 2283 1393 2283 1394 2284 1386 2284 1395 2284 1396 2285 1386 2285 1394 2285 1397 2286 1398 2286 1406 2286 1407 2287 1398 2287 1397 2287 1398 2288 1399 2288 1406 2288 1407 2289 1399 2289 1398 2289 1399 2290 1400 2290 1406 2290 1407 2291 1400 2291 1399 2291 1400 2292 1401 2292 1406 2292 1407 2293 1401 2293 1400 2293 1401 2294 1402 2294 1406 2294 1407 2295 1402 2295 1401 2295 1402 2296 1403 2296 1406 2296 1407 2297 1403 2297 1402 2297 1403 2298 1404 2298 1406 2298 1407 2299 1404 2299 1403 2299 1404 2300 1405 2300 1406 2300 1407 2301 1405 2301 1404 2301 1405 2302 1397 2302 1406 2302 1407 2303 1397 2303 1405 2303 1408 2304 1409 2304 1417 2304 1418 2305 1409 2305 1408 2305 1409 2306 1410 2306 1417 2306 1418 2307 1410 2307 1409 2307 1410 2308 1411 2308 1417 2308 1418 2309 1411 2309 1410 2309 1411 2310 1412 2310 1417 2310 1418 2311 1412 2311 1411 2311 1412 2312 1413 2312 1417 2312 1418 2313 1413 2313 1412 2313 1413 2314 1414 2314 1417 2314 1418 2315 1414 2315 1413 2315 1414 2316 1415 2316 1417 2316 1418 2317 1415 2317 1414 2317 1415 2318 1416 2318 1417 2318 1418 2319 1416 2319 1415 2319 1416 2320 1408 2320 1417 2320 1418 2321 1408 2321 1416 2321 1419 2322 1420 2322 1428 2322 1429 2323 1420 2323 1419 2323 1420 2324 1421 2324 1428 2324 1429 2325 1421 2325 1420 2325 1421 2326 1422 2326 1428 2326 1429 2327 1422 2327 1421 2327 1422 2328 1423 2328 1428 2328 1429 2329 1423 2329 1422 2329 1423 2330 1424 2330 1428 2330 1429 2331 1424 2331 1423 2331 1424 2332 1425 2332 1428 2332 1429 2333 1425 2333 1424 2333 1425 2334 1426 2334 1428 2334 1429 2335 1426 2335 1425 2335 1426 2336 1427 2336 1428 2336 1429 2337 1427 2337 1426 2337 1427 2338 1419 2338 1428 2338 1429 2339 1419 2339 1427 2339 1430 2340 1431 2340 1439 2340 1440 2341 1431 2341 1430 2341 1431 2342 1432 2342 1439 2342 1440 2343 1432 2343 1431 2343 1432 2344 1433 2344 1439 2344 1440 2345 1433 2345 1432 2345 1433 2346 1434 2346 1439 2346 1440 2347 1434 2347 1433 2347 1434 2348 1435 2348 1439 2348 1440 2349 1435 2349 1434 2349 1435 2350 1436 2350 1439 2350 1440 2351 1436 2351 1435 2351 1436 2352 1437 2352 1439 2352 1440 2353 1437 2353 1436 2353 1437 2354 1438 2354 1439 2354 1440 2355 1438 2355 1437 2355 1438 2356 1430 2356 1439 2356 1440 2357 1430 2357 1438 2357 1441 2358 1442 2358 1450 2358 1451 2359 1442 2359 1441 2359 1442 2360 1443 2360 1450 2360 1451 2361 1443 2361 1442 2361 1443 2362 1444 2362 1450 2362 1451 2363 1444 2363 1443 2363 1444 2364 1445 2364 1450 2364 1451 2365 1445 2365 1444 2365 1445 2366 1446 2366 1450 2366 1451 2367 1446 2367 1445 2367 1446 2368 1447 2368 1450 2368 1451 2369 1447 2369 1446 2369 1447 2370 1448 2370 1450 2370 1451 2371 1448 2371 1447 2371 1448 2372 1449 2372 1450 2372 1451 2373 1449 2373 1448 2373 1449 2374 1441 2374 1450 2374 1451 2375 1441 2375 1449 2375 1452 2376 1453 2376 1461 2376 1462 2377 1453 2377 1452 2377 1453 2378 1454 2378 1461 2378 1462 2379 1454 2379 1453 2379 1454 2380 1455 2380 1461 2380 1462 2381 1455 2381 1454 2381 1455 2382 1456 2382 1461 2382 1462 2383 1456 2383 1455 2383 1456 2384 1457 2384 1461 2384 1462 2385 1457 2385 1456 2385 1457 2386 1458 2386 1461 2386 1462 2387 1458 2387 1457 2387 1458 2388 1459 2388 1461 2388 1462 2389 1459 2389 1458 2389 1459 2390 1460 2390 1461 2390 1462 2391 1460 2391 1459 2391 1460 2392 1452 2392 1461 2392 1462 2393 1452 2393 1460 2393 1463 2394 1464 2394 1472 2394 1473 2395 1464 2395 1463 2395 1464 2396 1465 2396 1472 2396 1473 2397 1465 2397 1464 2397 1465 2398 1466 2398 1472 2398 1473 2399 1466 2399 1465 2399 1466 2400 1467 2400 1472 2400 1473 2401 1467 2401 1466 2401 1467 2402 1468 2402 1472 2402 1473 2403 1468 2403 1467 2403 1468 2404 1469 2404 1472 2404 1473 2405 1469 2405 1468 2405 1469 2406 1470 2406 1472 2406 1473 2407 1470 2407 1469 2407 1470 2408 1471 2408 1472 2408 1473 2409 1471 2409 1470 2409 1471 2410 1463 2410 1472 2410 1473 2411 1463 2411 1471 2411 1474 2412 1475 2412 1483 2412 1484 2413 1475 2413 1474 2413 1475 2414 1476 2414 1483 2414 1484 2415 1476 2415 1475 2415 1476 2416 1477 2416 1483 2416 1484 2417 1477 2417 1476 2417 1477 2418 1478 2418 1483 2418 1484 2419 1478 2419 1477 2419 1478 2420 1479 2420 1483 2420 1484 2421 1479 2421 1478 2421 1479 2422 1480 2422 1483 2422 1484 2423 1480 2423 1479 2423 1480 2424 1481 2424 1483 2424 1484 2425 1481 2425 1480 2425 1481 2426 1482 2426 1483 2426 1484 2427 1482 2427 1481 2427 1482 2428 1474 2428 1483 2428 1484 2429 1474 2429 1482 2429 1485 2430 1486 2430 1494 2430 1495 2431 1486 2431 1485 2431 1486 2432 1487 2432 1494 2432 1495 2433 1487 2433 1486 2433 1487 2434 1488 2434 1494 2434 1495 2435 1488 2435 1487 2435 1488 2436 1489 2436 1494 2436 1495 2437 1489 2437 1488 2437 1489 2438 1490 2438 1494 2438 1495 2439 1490 2439 1489 2439 1490 2440 1491 2440 1494 2440 1495 2441 1491 2441 1490 2441 1491 2442 1492 2442 1494 2442 1495 2443 1492 2443 1491 2443 1492 2444 1493 2444 1494 2444 1495 2445 1493 2445 1492 2445 1493 2446 1485 2446 1494 2446 1495 2447 1485 2447 1493 2447 1496 2448 1497 2448 1505 2448 1506 2449 1497 2449 1496 2449 1497 2450 1498 2450 1505 2450 1506 2451 1498 2451 1497 2451 1498 2452 1499 2452 1505 2452 1506 2453 1499 2453 1498 2453 1499 2454 1500 2454 1505 2454 1506 2455 1500 2455 1499 2455 1500 2456 1501 2456 1505 2456 1506 2457 1501 2457 1500 2457 1501 2458 1502 2458 1505 2458 1506 2459 1502 2459 1501 2459 1502 2460 1503 2460 1505 2460 1506 2461 1503 2461 1502 2461 1503 2462 1504 2462 1505 2462 1506 2463 1504 2463 1503 2463 1504 2464 1496 2464 1505 2464 1506 2465 1496 2465 1504 2465 1507 2466 1508 2466 1516 2466 1517 2467 1508 2467 1507 2467 1508 2468 1509 2468 1516 2468 1517 2469 1509 2469 1508 2469 1509 2470 1510 2470 1516 2470 1517 2471 1510 2471 1509 2471 1510 2472 1511 2472 1516 2472 1517 2473 1511 2473 1510 2473 1511 2474 1512 2474 1516 2474 1517 2475 1512 2475 1511 2475 1512 2476 1513 2476 1516 2476 1517 2477 1513 2477 1512 2477 1513 2478 1514 2478 1516 2478 1517 2479 1514 2479 1513 2479 1514 2480 1515 2480 1516 2480 1517 2481 1515 2481 1514 2481 1515 2482 1507 2482 1516 2482 1517 2483 1507 2483 1515 2483 1518 2484 1519 2484 1527 2484 1528 2485 1519 2485 1518 2485 1519 2486 1520 2486 1527 2486 1528 2487 1520 2487 1519 2487 1520 2488 1521 2488 1527 2488 1528 2489 1521 2489 1520 2489 1521 2490 1522 2490 1527 2490 1528 2491 1522 2491 1521 2491 1522 2492 1523 2492 1527 2492 1528 2493 1523 2493 1522 2493 1523 2494 1524 2494 1527 2494 1528 2495 1524 2495 1523 2495 1524 2496 1525 2496 1527 2496 1528 2497 1525 2497 1524 2497 1525 2498 1526 2498 1527 2498 1528 2499 1526 2499 1525 2499 1526 2500 1518 2500 1527 2500 1528 2501 1518 2501 1526 2501 1529 2502 1530 2502 1538 2502 1539 2503 1530 2503 1529 2503 1530 2504 1531 2504 1538 2504 1539 2505 1531 2505 1530 2505 1531 2506 1532 2506 1538 2506 1539 2507 1532 2507 1531 2507 1532 2508 1533 2508 1538 2508 1539 2509 1533 2509 1532 2509 1533 2510 1534 2510 1538 2510 1539 2511 1534 2511 1533 2511 1534 2512 1535 2512 1538 2512 1539 2513 1535 2513 1534 2513 1535 2514 1536 2514 1538 2514 1539 2515 1536 2515 1535 2515 1536 2516 1537 2516 1538 2516 1539 2517 1537 2517 1536 2517 1537 2518 1529 2518 1538 2518 1539 2519 1529 2519 1537 2519 1540 2520 1541 2520 1549 2520 1550 2521 1541 2521 1540 2521 1541 2522 1542 2522 1549 2522 1550 2523 1542 2523 1541 2523 1542 2524 1543 2524 1549 2524 1550 2525 1543 2525 1542 2525 1543 2526 1544 2526 1549 2526 1550 2527 1544 2527 1543 2527 1544 2528 1545 2528 1549 2528 1550 2529 1545 2529 1544 2529 1545 2530 1546 2530 1549 2530 1550 2531 1546 2531 1545 2531 1546 2532 1547 2532 1549 2532 1550 2533 1547 2533 1546 2533 1547 2534 1548 2534 1549 2534 1550 2535 1548 2535 1547 2535 1548 2536 1540 2536 1549 2536 1550 2537 1540 2537 1548 2537 1551 2538 1552 2538 1560 2538 1561 2539 1552 2539 1551 2539 1552 2540 1553 2540 1560 2540 1561 2541 1553 2541 1552 2541 1553 2542 1554 2542 1560 2542 1561 2543 1554 2543 1553 2543 1554 2544 1555 2544 1560 2544 1561 2545 1555 2545 1554 2545 1555 2546 1556 2546 1560 2546 1561 2547 1556 2547 1555 2547 1556 2548 1557 2548 1560 2548 1561 2549 1557 2549 1556 2549 1557 2550 1558 2550 1560 2550 1561 2551 1558 2551 1557 2551 1558 2552 1559 2552 1560 2552 1561 2553 1559 2553 1558 2553 1559 2554 1551 2554 1560 2554 1561 2555 1551 2555 1559 2555 1562 2556 1563 2556 1571 2556 1572 2557 1563 2557 1562 2557 1563 2558 1564 2558 1571 2558 1572 2559 1564 2559 1563 2559 1564 2560 1565 2560 1571 2560 1572 2561 1565 2561 1564 2561 1565 2562 1566 2562 1571 2562 1572 2563 1566 2563 1565 2563 1566 2564 1567 2564 1571 2564 1572 2565 1567 2565 1566 2565 1567 2566 1568 2566 1571 2566 1572 2567 1568 2567 1567 2567 1568 2568 1569 2568 1571 2568 1572 2569 1569 2569 1568 2569 1569 2570 1570 2570 1571 2570 1572 2571 1570 2571 1569 2571 1570 2572 1562 2572 1571 2572 1572 2573 1562 2573 1570 2573 1573 2574 1574 2574 1582 2574 1583 2575 1574 2575 1573 2575 1574 2576 1575 2576 1582 2576 1583 2577 1575 2577 1574 2577 1575 2578 1576 2578 1582 2578 1583 2579 1576 2579 1575 2579 1576 2580 1577 2580 1582 2580 1583 2581 1577 2581 1576 2581 1577 2582 1578 2582 1582 2582 1583 2583 1578 2583 1577 2583 1578 2584 1579 2584 1582 2584 1583 2585 1579 2585 1578 2585 1579 2586 1580 2586 1582 2586 1583 2587 1580 2587 1579 2587 1580 2588 1581 2588 1582 2588 1583 2589 1581 2589 1580 2589 1581 2590 1573 2590 1582 2590 1583 2591 1573 2591 1581 2591 1584 2592 1585 2592 1593 2592 1594 2593 1585 2593 1584 2593 1585 2594 1586 2594 1593 2594 1594 2595 1586 2595 1585 2595 1586 2596 1587 2596 1593 2596 1594 2597 1587 2597 1586 2597 1587 2598 1588 2598 1593 2598 1594 2599 1588 2599 1587 2599 1588 2600 1589 2600 1593 2600 1594 2601 1589 2601 1588 2601 1589 2602 1590 2602 1593 2602 1594 2603 1590 2603 1589 2603 1590 2604 1591 2604 1593 2604 1594 2605 1591 2605 1590 2605 1591 2606 1592 2606 1593 2606 1594 2607 1592 2607 1591 2607 1592 2608 1584 2608 1593 2608 1594 2609 1584 2609 1592 2609 1595 2610 1596 2610 1604 2610 1605 2611 1596 2611 1595 2611 1596 2612 1597 2612 1604 2612 1605 2613 1597 2613 1596 2613 1597 2614 1598 2614 1604 2614 1605 2615 1598 2615 1597 2615 1598 2616 1599 2616 1604 2616 1605 2617 1599 2617 1598 2617 1599 2618 1600 2618 1604 2618 1605 2619 1600 2619 1599 2619 1600 2620 1601 2620 1604 2620 1605 2621 1601 2621 1600 2621 1601 2622 1602 2622 1604 2622 1605 2623 1602 2623 1601 2623 1602 2624 1603 2624 1604 2624 1605 2625 1603 2625 1602 2625 1603 2626 1595 2626 1604 2626 1605 2627 1595 2627 1603 2627 1606 2628 1607 2628 1615 2628 1616 2629 1607 2629 1606 2629 1607 2630 1608 2630 1615 2630 1616 2631 1608 2631 1607 2631 1608 2632 1609 2632 1615 2632 1616 2633 1609 2633 1608 2633 1609 2634 1610 2634 1615 2634 1616 2635 1610 2635 1609 2635 1610 2636 1611 2636 1615 2636 1616 2637 1611 2637 1610 2637 1611 2638 1612 2638 1615 2638 1616 2639 1612 2639 1611 2639 1612 2640 1613 2640 1615 2640 1616 2641 1613 2641 1612 2641 1613 2642 1614 2642 1615 2642 1616 2643 1614 2643 1613 2643 1614 2644 1606 2644 1615 2644 1616 2645 1606 2645 1614 2645 1617 2646 1618 2646 1626 2646 1627 2647 1618 2647 1617 2647 1618 2648 1619 2648 1626 2648 1627 2649 1619 2649 1618 2649 1619 2650 1620 2650 1626 2650 1627 2651 1620 2651 1619 2651 1620 2652 1621 2652 1626 2652 1627 2653 1621 2653 1620 2653 1621 2654 1622 2654 1626 2654 1627 2655 1622 2655 1621 2655 1622 2656 1623 2656 1626 2656 1627 2657 1623 2657 1622 2657 1623 2658 1624 2658 1626 2658 1627 2659 1624 2659 1623 2659 1624 2660 1625 2660 1626 2660 1627 2661 1625 2661 1624 2661 1625 2662 1617 2662 1626 2662 1627 2663 1617 2663 1625 2663 1628 2664 1629 2664 1637 2664 1638 2665 1629 2665 1628 2665 1629 2666 1630 2666 1637 2666 1638 2667 1630 2667 1629 2667 1630 2668 1631 2668 1637 2668 1638 2669 1631 2669 1630 2669 1631 2670 1632 2670 1637 2670 1638 2671 1632 2671 1631 2671 1632 2672 1633 2672 1637 2672 1638 2673 1633 2673 1632 2673 1633 2674 1634 2674 1637 2674 1638 2675 1634 2675 1633 2675 1634 2676 1635 2676 1637 2676 1638 2677 1635 2677 1634 2677 1635 2678 1636 2678 1637 2678 1638 2679 1636 2679 1635 2679 1636 2680 1628 2680 1637 2680 1638 2681 1628 2681 1636 2681 1639 2682 1640 2682 1648 2682 1649 2683 1640 2683 1639 2683 1640 2684 1641 2684 1648 2684 1649 2685 1641 2685 1640 2685 1641 2686 1642 2686 1648 2686 1649 2687 1642 2687 1641 2687 1642 2688 1643 2688 1648 2688 1649 2689 1643 2689 1642 2689 1643 2690 1644 2690 1648 2690 1649 2691 1644 2691 1643 2691 1644 2692 1645 2692 1648 2692 1649 2693 1645 2693 1644 2693 1645 2694 1646 2694 1648 2694 1649 2695 1646 2695 1645 2695 1646 2696 1647 2696 1648 2696 1649 2697 1647 2697 1646 2697 1647 2698 1639 2698 1648 2698 1649 2699 1639 2699 1647 2699 1650 2700 1651 2700 1659 2700 1660 2701 1651 2701 1650 2701 1651 2702 1652 2702 1659 2702 1660 2703 1652 2703 1651 2703 1652 2704 1653 2704 1659 2704 1660 2705 1653 2705 1652 2705 1653 2706 1654 2706 1659 2706 1660 2707 1654 2707 1653 2707 1654 2708 1655 2708 1659 2708 1660 2709 1655 2709 1654 2709 1655 2710 1656 2710 1659 2710 1660 2711 1656 2711 1655 2711 1656 2712 1657 2712 1659 2712 1660 2713 1657 2713 1656 2713 1657 2714 1658 2714 1659 2714 1660 2715 1658 2715 1657 2715 1658 2716 1650 2716 1659 2716 1660 2717 1650 2717 1658 2717 1661 2718 1662 2718 1670 2718 1671 2719 1662 2719 1661 2719 1662 2720 1663 2720 1670 2720 1671 2721 1663 2721 1662 2721 1663 2722 1664 2722 1670 2722 1671 2723 1664 2723 1663 2723 1664 2724 1665 2724 1670 2724 1671 2725 1665 2725 1664 2725 1665 2726 1666 2726 1670 2726 1671 2727 1666 2727 1665 2727 1666 2728 1667 2728 1670 2728 1671 2729 1667 2729 1666 2729 1667 2730 1668 2730 1670 2730 1671 2731 1668 2731 1667 2731 1668 2732 1669 2732 1670 2732 1671 2733 1669 2733 1668 2733 1669 2734 1661 2734 1670 2734 1671 2735 1661 2735 1669 2735 1672 2736 1673 2736 1681 2736 1682 2737 1673 2737 1672 2737 1673 2738 1674 2738 1681 2738 1682 2739 1674 2739 1673 2739 1674 2740 1675 2740 1681 2740 1682 2741 1675 2741 1674 2741 1675 2742 1676 2742 1681 2742 1682 2743 1676 2743 1675 2743 1676 2744 1677 2744 1681 2744 1682 2745 1677 2745 1676 2745 1677 2746 1678 2746 1681 2746 1682 2747 1678 2747 1677 2747 1678 2748 1679 2748 1681 2748 1682 2749 1679 2749 1678 2749 1679 2750 1680 2750 1681 2750 1682 2751 1680 2751 1679 2751 1680 2752 1672 2752 1681 2752 1682 2753 1672 2753 1680 2753 1683 2754 1684 2754 1692 2754 1693 2755 1684 2755 1683 2755 1684 2756 1685 2756 1692 2756 1693 2757 1685 2757 1684 2757 1685 2758 1686 2758 1692 2758 1693 2759 1686 2759 1685 2759 1686 2760 1687 2760 1692 2760 1693 2761 1687 2761 1686 2761 1687 2762 1688 2762 1692 2762 1693 2763 1688 2763 1687 2763 1688 2764 1689 2764 1692 2764 1693 2765 1689 2765 1688 2765 1689 2766 1690 2766 1692 2766 1693 2767 1690 2767 1689 2767 1690 2768 1691 2768 1692 2768 1693 2769 1691 2769 1690 2769 1691 2770 1683 2770 1692 2770 1693 2771 1683 2771 1691 2771 1694 2772 1695 2772 1703 2772 1704 2773 1695 2773 1694 2773 1695 2774 1696 2774 1703 2774 1704 2775 1696 2775 1695 2775 1696 2776 1697 2776 1703 2776 1704 2777 1697 2777 1696 2777 1697 2778 1698 2778 1703 2778 1704 2779 1698 2779 1697 2779 1698 2780 1699 2780 1703 2780 1704 2781 1699 2781 1698 2781 1699 2782 1700 2782 1703 2782 1704 2783 1700 2783 1699 2783 1700 2784 1701 2784 1703 2784 1704 2785 1701 2785 1700 2785 1701 2786 1702 2786 1703 2786 1704 2787 1702 2787 1701 2787 1702 2788 1694 2788 1703 2788 1704 2789 1694 2789 1702 2789 1705 2790 1706 2790 1714 2790 1715 2791 1706 2791 1705 2791 1706 2792 1707 2792 1714 2792 1715 2793 1707 2793 1706 2793 1707 2794 1708 2794 1714 2794 1715 2795 1708 2795 1707 2795 1708 2796 1709 2796 1714 2796 1715 2797 1709 2797 1708 2797 1709 2798 1710 2798 1714 2798 1715 2799 1710 2799 1709 2799 1710 2800 1711 2800 1714 2800 1715 2801 1711 2801 1710 2801 1711 2802 1712 2802 1714 2802 1715 2803 1712 2803 1711 2803 1712 2804 1713 2804 1714 2804 1715 2805 1713 2805 1712 2805 1713 2806 1705 2806 1714 2806 1715 2807 1705 2807 1713 2807 1716 2808 1717 2808 1725 2808 1726 2809 1717 2809 1716 2809 1717 2810 1718 2810 1725 2810 1726 2811 1718 2811 1717 2811 1718 2812 1719 2812 1725 2812 1726 2813 1719 2813 1718 2813 1719 2814 1720 2814 1725 2814 1726 2815 1720 2815 1719 2815 1720 2816 1721 2816 1725 2816 1726 2817 1721 2817 1720 2817 1721 2818 1722 2818 1725 2818 1726 2819 1722 2819 1721 2819 1722 2820 1723 2820 1725 2820 1726 2821 1723 2821 1722 2821 1723 2822 1724 2822 1725 2822 1726 2823 1724 2823 1723 2823 1724 2824 1716 2824 1725 2824 1726 2825 1716 2825 1724 2825 1727 2826 1728 2826 1736 2826 1737 2827 1728 2827 1727 2827 1728 2828 1729 2828 1736 2828 1737 2829 1729 2829 1728 2829 1729 2830 1730 2830 1736 2830 1737 2831 1730 2831 1729 2831 1730 2832 1731 2832 1736 2832 1737 2833 1731 2833 1730 2833 1731 2834 1732 2834 1736 2834 1737 2835 1732 2835 1731 2835 1732 2836 1733 2836 1736 2836 1737 2837 1733 2837 1732 2837 1733 2838 1734 2838 1736 2838 1737 2839 1734 2839 1733 2839 1734 2840 1735 2840 1736 2840 1737 2841 1735 2841 1734 2841 1735 2842 1727 2842 1736 2842 1737 2843 1727 2843 1735 2843 1738 2844 1739 2844 1747 2844 1748 2845 1739 2845 1738 2845 1739 2846 1740 2846 1747 2846 1748 2847 1740 2847 1739 2847 1740 2848 1741 2848 1747 2848 1748 2849 1741 2849 1740 2849 1741 2850 1742 2850 1747 2850 1748 2851 1742 2851 1741 2851 1742 2852 1743 2852 1747 2852 1748 2853 1743 2853 1742 2853 1743 2854 1744 2854 1747 2854 1748 2855 1744 2855 1743 2855 1744 2856 1745 2856 1747 2856 1748 2857 1745 2857 1744 2857 1745 2858 1746 2858 1747 2858 1748 2859 1746 2859 1745 2859 1746 2860 1738 2860 1747 2860 1748 2861 1738 2861 1746 2861 1749 2862 1750 2862 1758 2862 1759 2863 1750 2863 1749 2863 1750 2864 1751 2864 1758 2864 1759 2865 1751 2865 1750 2865 1751 2866 1752 2866 1758 2866 1759 2867 1752 2867 1751 2867 1752 2868 1753 2868 1758 2868 1759 2869 1753 2869 1752 2869 1753 2870 1754 2870 1758 2870 1759 2871 1754 2871 1753 2871 1754 2872 1755 2872 1758 2872 1759 2873 1755 2873 1754 2873 1755 2874 1756 2874 1758 2874 1759 2875 1756 2875 1755 2875 1756 2876 1757 2876 1758 2876 1759 2877 1757 2877 1756 2877 1757 2878 1749 2878 1758 2878 1759 2879 1749 2879 1757 2879 1760 2880 1761 2880 1769 2880 1770 2881 1761 2881 1760 2881 1761 2882 1762 2882 1769 2882 1770 2883 1762 2883 1761 2883 1762 2884 1763 2884 1769 2884 1770 2885 1763 2885 1762 2885 1763 2886 1764 2886 1769 2886 1770 2887 1764 2887 1763 2887 1764 2888 1765 2888 1769 2888 1770 2889 1765 2889 1764 2889 1765 2890 1766 2890 1769 2890 1770 2891 1766 2891 1765 2891 1766 2892 1767 2892 1769 2892 1770 2893 1767 2893 1766 2893 1767 2894 1768 2894 1769 2894 1770 2895 1768 2895 1767 2895 1768 2896 1760 2896 1769 2896 1770 2897 1760 2897 1768 2897 1771 2898 1772 2898 1780 2898 1781 2899 1772 2899 1771 2899 1772 2900 1773 2900 1780 2900 1781 2901 1773 2901 1772 2901 1773 2902 1774 2902 1780 2902 1781 2903 1774 2903 1773 2903 1774 2904 1775 2904 1780 2904 1781 2905 1775 2905 1774 2905 1775 2906 1776 2906 1780 2906 1781 2907 1776 2907 1775 2907 1776 2908 1777 2908 1780 2908 1781 2909 1777 2909 1776 2909 1777 2910 1778 2910 1780 2910 1781 2911 1778 2911 1777 2911 1778 2912 1779 2912 1780 2912 1781 2913 1779 2913 1778 2913 1779 2914 1771 2914 1780 2914 1781 2915 1771 2915 1779 2915 1782 2916 1783 2916 1791 2916 1792 2917 1783 2917 1782 2917 1783 2918 1784 2918 1791 2918 1792 2919 1784 2919 1783 2919 1784 2920 1785 2920 1791 2920 1792 2921 1785 2921 1784 2921 1785 2922 1786 2922 1791 2922 1792 2923 1786 2923 1785 2923 1786 2924 1787 2924 1791 2924 1792 2925 1787 2925 1786 2925 1787 2926 1788 2926 1791 2926 1792 2927 1788 2927 1787 2927 1788 2928 1789 2928 1791 2928 1792 2929 1789 2929 1788 2929 1789 2930 1790 2930 1791 2930 1792 2931 1790 2931 1789 2931 1790 2932 1782 2932 1791 2932 1792 2933 1782 2933 1790 2933 1793 2934 1794 2934 1802 2934 1803 2935 1794 2935 1793 2935 1794 2936 1795 2936 1802 2936 1803 2937 1795 2937 1794 2937 1795 2938 1796 2938 1802 2938 1803 2939 1796 2939 1795 2939 1796 2940 1797 2940 1802 2940 1803 2941 1797 2941 1796 2941 1797 2942 1798 2942 1802 2942 1803 2943 1798 2943 1797 2943 1798 2944 1799 2944 1802 2944 1803 2945 1799 2945 1798 2945 1799 2946 1800 2946 1802 2946 1803 2947 1800 2947 1799 2947 1800 2948 1801 2948 1802 2948 1803 2949 1801 2949 1800 2949 1801 2950 1793 2950 1802 2950 1803 2951 1793 2951 1801 2951 1804 2952 1805 2952 1813 2952 1814 2953 1805 2953 1804 2953 1805 2954 1806 2954 1813 2954 1814 2955 1806 2955 1805 2955 1806 2956 1807 2956 1813 2956 1814 2957 1807 2957 1806 2957 1807 2958 1808 2958 1813 2958 1814 2959 1808 2959 1807 2959 1808 2960 1809 2960 1813 2960 1814 2961 1809 2961 1808 2961 1809 2962 1810 2962 1813 2962 1814 2963 1810 2963 1809 2963 1810 2964 1811 2964 1813 2964 1814 2965 1811 2965 1810 2965 1811 2966 1812 2966 1813 2966 1814 2967 1812 2967 1811 2967 1812 2968 1804 2968 1813 2968 1814 2969 1804 2969 1812 2969 1815 2970 1816 2970 1824 2970 1825 2971 1816 2971 1815 2971 1816 2972 1817 2972 1824 2972 1825 2973 1817 2973 1816 2973 1817 2974 1818 2974 1824 2974 1825 2975 1818 2975 1817 2975 1818 2976 1819 2976 1824 2976 1825 2977 1819 2977 1818 2977 1819 2978 1820 2978 1824 2978 1825 2979 1820 2979 1819 2979 1820 2980 1821 2980 1824 2980 1825 2981 1821 2981 1820 2981 1821 2982 1822 2982 1824 2982 1825 2983 1822 2983 1821 2983 1822 2984 1823 2984 1824 2984 1825 2985 1823 2985 1822 2985 1823 2986 1815 2986 1824 2986 1825 2987 1815 2987 1823 2987 1826 2988 1827 2988 1835 2988 1836 2989 1827 2989 1826 2989 1827 2990 1828 2990 1835 2990 1836 2991 1828 2991 1827 2991 1828 2992 1829 2992 1835 2992 1836 2993 1829 2993 1828 2993 1829 2994 1830 2994 1835 2994 1836 2995 1830 2995 1829 2995 1830 2996 1831 2996 1835 2996 1836 2997 1831 2997 1830 2997 1831 2998 1832 2998 1835 2998 1836 2999 1832 2999 1831 2999 1832 3000 1833 3000 1835 3000 1836 3001 1833 3001 1832 3001 1833 3002 1834 3002 1835 3002 1836 3003 1834 3003 1833 3003 1834 3004 1826 3004 1835 3004 1836 3005 1826 3005 1834 3005 1837 3006 1838 3006 1846 3006 1847 3007 1838 3007 1837 3007 1838 3008 1839 3008 1846 3008 1847 3009 1839 3009 1838 3009 1839 3010 1840 3010 1846 3010 1847 3011 1840 3011 1839 3011 1840 3012 1841 3012 1846 3012 1847 3013 1841 3013 1840 3013 1841 3014 1842 3014 1846 3014 1847 3015 1842 3015 1841 3015 1842 3016 1843 3016 1846 3016 1847 3017 1843 3017 1842 3017 1843 3018 1844 3018 1846 3018 1847 3019 1844 3019 1843 3019 1844 3020 1845 3020 1846 3020 1847 3021 1845 3021 1844 3021 1845 3022 1837 3022 1846 3022 1847 3023 1837 3023 1845 3023 1848 3024 1849 3024 1857 3024 1858 3025 1849 3025 1848 3025 1849 3026 1850 3026 1857 3026 1858 3027 1850 3027 1849 3027 1850 3028 1851 3028 1857 3028 1858 3029 1851 3029 1850 3029 1851 3030 1852 3030 1857 3030 1858 3031 1852 3031 1851 3031 1852 3032 1853 3032 1857 3032 1858 3033 1853 3033 1852 3033 1853 3034 1854 3034 1857 3034 1858 3035 1854 3035 1853 3035 1854 3036 1855 3036 1857 3036 1858 3037 1855 3037 1854 3037 1855 3038 1856 3038 1857 3038 1858 3039 1856 3039 1855 3039 1856 3040 1848 3040 1857 3040 1858 3041 1848 3041 1856 3041 1859 3042 1860 3042 1868 3042 1869 3043 1860 3043 1859 3043 1860 3044 1861 3044 1868 3044 1869 3045 1861 3045 1860 3045 1861 3046 1862 3046 1868 3046 1869 3047 1862 3047 1861 3047 1862 3048 1863 3048 1868 3048 1869 3049 1863 3049 1862 3049 1863 3050 1864 3050 1868 3050 1869 3051 1864 3051 1863 3051 1864 3052 1865 3052 1868 3052 1869 3053 1865 3053 1864 3053 1865 3054 1866 3054 1868 3054 1869 3055 1866 3055 1865 3055 1866 3056 1867 3056 1868 3056 1869 3057 1867 3057 1866 3057 1867 3058 1859 3058 1868 3058 1869 3059 1859 3059 1867 3059 1870 3060 1871 3060 1879 3060 1880 3061 1871 3061 1870 3061 1871 3062 1872 3062 1879 3062 1880 3063 1872 3063 1871 3063 1872 3064 1873 3064 1879 3064 1880 3065 1873 3065 1872 3065 1873 3066 1874 3066 1879 3066 1880 3067 1874 3067 1873 3067 1874 3068 1875 3068 1879 3068 1880 3069 1875 3069 1874 3069 1875 3070 1876 3070 1879 3070 1880 3071 1876 3071 1875 3071 1876 3072 1877 3072 1879 3072 1880 3073 1877 3073 1876 3073 1877 3074 1878 3074 1879 3074 1880 3075 1878 3075 1877 3075 1878 3076 1870 3076 1879 3076 1880 3077 1870 3077 1878 3077 1881 3078 1882 3078 1890 3078 1891 3079 1882 3079 1881 3079 1882 3080 1883 3080 1890 3080 1891 3081 1883 3081 1882 3081 1883 3082 1884 3082 1890 3082 1891 3083 1884 3083 1883 3083 1884 3084 1885 3084 1890 3084 1891 3085 1885 3085 1884 3085 1885 3086 1886 3086 1890 3086 1891 3087 1886 3087 1885 3087 1886 3088 1887 3088 1890 3088 1891 3089 1887 3089 1886 3089 1887 3090 1888 3090 1890 3090 1891 3091 1888 3091 1887 3091 1888 3092 1889 3092 1890 3092 1891 3093 1889 3093 1888 3093 1889 3094 1881 3094 1890 3094 1891 3095 1881 3095 1889 3095 1892 3096 1893 3096 1901 3096 1902 3097 1893 3097 1892 3097 1893 3098 1894 3098 1901 3098 1902 3099 1894 3099 1893 3099 1894 3100 1895 3100 1901 3100 1902 3101 1895 3101 1894 3101 1895 3102 1896 3102 1901 3102 1902 3103 1896 3103 1895 3103 1896 3104 1897 3104 1901 3104 1902 3105 1897 3105 1896 3105 1897 3106 1898 3106 1901 3106 1902 3107 1898 3107 1897 3107 1898 3108 1899 3108 1901 3108 1902 3109 1899 3109 1898 3109 1899 3110 1900 3110 1901 3110 1902 3111 1900 3111 1899 3111 1900 3112 1892 3112 1901 3112 1902 3113 1892 3113 1900 3113 1903 3114 1904 3114 1912 3114 1913 3115 1904 3115 1903 3115 1904 3116 1905 3116 1912 3116 1913 3117 1905 3117 1904 3117 1905 3118 1906 3118 1912 3118 1913 3119 1906 3119 1905 3119 1906 3120 1907 3120 1912 3120 1913 3121 1907 3121 1906 3121 1907 3122 1908 3122 1912 3122 1913 3123 1908 3123 1907 3123 1908 3124 1909 3124 1912 3124 1913 3125 1909 3125 1908 3125 1909 3126 1910 3126 1912 3126 1913 3127 1910 3127 1909 3127 1910 3128 1911 3128 1912 3128 1913 3129 1911 3129 1910 3129 1911 3130 1903 3130 1912 3130 1913 3131 1903 3131 1911 3131 1914 3132 1915 3132 1923 3132 1924 3133 1915 3133 1914 3133 1915 3134 1916 3134 1923 3134 1924 3135 1916 3135 1915 3135 1916 3136 1917 3136 1923 3136 1924 3137 1917 3137 1916 3137 1917 3138 1918 3138 1923 3138 1924 3139 1918 3139 1917 3139 1918 3140 1919 3140 1923 3140 1924 3141 1919 3141 1918 3141 1919 3142 1920 3142 1923 3142 1924 3143 1920 3143 1919 3143 1920 3144 1921 3144 1923 3144 1924 3145 1921 3145 1920 3145 1921 3146 1922 3146 1923 3146 1924 3147 1922 3147 1921 3147 1922 3148 1914 3148 1923 3148 1924 3149 1914 3149 1922 3149 1925 3150 1926 3150 1934 3150 1935 3151 1926 3151 1925 3151 1926 3152 1927 3152 1934 3152 1935 3153 1927 3153 1926 3153 1927 3154 1928 3154 1934 3154 1935 3155 1928 3155 1927 3155 1928 3156 1929 3156 1934 3156 1935 3157 1929 3157 1928 3157 1929 3158 1930 3158 1934 3158 1935 3159 1930 3159 1929 3159 1930 3160 1931 3160 1934 3160 1935 3161 1931 3161 1930 3161 1931 3162 1932 3162 1934 3162 1935 3163 1932 3163 1931 3163 1932 3164 1933 3164 1934 3164 1935 3165 1933 3165 1932 3165 1933 3166 1925 3166 1934 3166 1935 3167 1925 3167 1933 3167 1936 3168 1937 3168 1945 3168 1946 3169 1937 3169 1936 3169 1937 3170 1938 3170 1945 3170 1946 3171 1938 3171 1937 3171 1938 3172 1939 3172 1945 3172 1946 3173 1939 3173 1938 3173 1939 3174 1940 3174 1945 3174 1946 3175 1940 3175 1939 3175 1940 3176 1941 3176 1945 3176 1946 3177 1941 3177 1940 3177 1941 3178 1942 3178 1945 3178 1946 3179 1942 3179 1941 3179 1942 3180 1943 3180 1945 3180 1946 3181 1943 3181 1942 3181 1943 3182 1944 3182 1945 3182 1946 3183 1944 3183 1943 3183 1944 3184 1936 3184 1945 3184 1946 3185 1936 3185 1944 3185 1947 3186 1948 3186 1956 3186 1957 3187 1948 3187 1947 3187 1948 3188 1949 3188 1956 3188 1957 3189 1949 3189 1948 3189 1949 3190 1950 3190 1956 3190 1957 3191 1950 3191 1949 3191 1950 3192 1951 3192 1956 3192 1957 3193 1951 3193 1950 3193 1951 3194 1952 3194 1956 3194 1957 3195 1952 3195 1951 3195 1952 3196 1953 3196 1956 3196 1957 3197 1953 3197 1952 3197 1953 3198 1954 3198 1956 3198 1957 3199 1954 3199 1953 3199 1954 3200 1955 3200 1956 3200 1957 3201 1955 3201 1954 3201 1955 3202 1947 3202 1956 3202 1957 3203 1947 3203 1955 3203 1958 3204 1959 3204 1967 3204 1968 3205 1959 3205 1958 3205 1959 3206 1960 3206 1967 3206 1968 3207 1960 3207 1959 3207 1960 3208 1961 3208 1967 3208 1968 3209 1961 3209 1960 3209 1961 3210 1962 3210 1967 3210 1968 3211 1962 3211 1961 3211 1962 3212 1963 3212 1967 3212 1968 3213 1963 3213 1962 3213 1963 3214 1964 3214 1967 3214 1968 3215 1964 3215 1963 3215 1964 3216 1965 3216 1967 3216 1968 3217 1965 3217 1964 3217 1965 3218 1966 3218 1967 3218 1968 3219 1966 3219 1965 3219 1966 3220 1958 3220 1967 3220 1968 3221 1958 3221 1966 3221 1969 3222 1970 3222 1978 3222 1979 3223 1970 3223 1969 3223 1970 3224 1971 3224 1978 3224 1979 3225 1971 3225 1970 3225 1971 3226 1972 3226 1978 3226 1979 3227 1972 3227 1971 3227 1972 3228 1973 3228 1978 3228 1979 3229 1973 3229 1972 3229 1973 3230 1974 3230 1978 3230 1979 3231 1974 3231 1973 3231 1974 3232 1975 3232 1978 3232 1979 3233 1975 3233 1974 3233 1975 3234 1976 3234 1978 3234 1979 3235 1976 3235 1975 3235 1976 3236 1977 3236 1978 3236 1979 3237 1977 3237 1976 3237 1977 3238 1969 3238 1978 3238 1979 3239 1969 3239 1977 3239 1980 3240 1981 3240 1989 3240 1990 3241 1981 3241 1980 3241 1981 3242 1982 3242 1989 3242 1990 3243 1982 3243 1981 3243 1982 3244 1983 3244 1989 3244 1990 3245 1983 3245 1982 3245 1983 3246 1984 3246 1989 3246 1990 3247 1984 3247 1983 3247 1984 3248 1985 3248 1989 3248 1990 3249 1985 3249 1984 3249 1985 3250 1986 3250 1989 3250 1990 3251 1986 3251 1985 3251 1986 3252 1987 3252 1989 3252 1990 3253 1987 3253 1986 3253 1987 3254 1988 3254 1989 3254 1990 3255 1988 3255 1987 3255 1988 3256 1980 3256 1989 3256 1990 3257 1980 3257 1988 3257 1991 3258 1992 3258 2000 3258 2001 3259 1992 3259 1991 3259 1992 3260 1993 3260 2000 3260 2001 3261 1993 3261 1992 3261 1993 3262 1994 3262 2000 3262 2001 3263 1994 3263 1993 3263 1994 3264 1995 3264 2000 3264 2001 3265 1995 3265 1994 3265 1995 3266 1996 3266 2000 3266 2001 3267 1996 3267 1995 3267 1996 3268 1997 3268 2000 3268 2001 3269 1997 3269 1996 3269 1997 3270 1998 3270 2000 3270 2001 3271 1998 3271 1997 3271 1998 3272 1999 3272 2000 3272 2001 3273 1999 3273 1998 3273 1999 3274 1991 3274 2000 3274 2001 3275 1991 3275 1999 3275 2002 3276 2003 3276 2011 3276 2012 3277 2003 3277 2002 3277 2003 3278 2004 3278 2011 3278 2012 3279 2004 3279 2003 3279 2004 3280 2005 3280 2011 3280 2012 3281 2005 3281 2004 3281 2005 3282 2006 3282 2011 3282 2012 3283 2006 3283 2005 3283 2006 3284 2007 3284 2011 3284 2012 3285 2007 3285 2006 3285 2007 3286 2008 3286 2011 3286 2012 3287 2008 3287 2007 3287 2008 3288 2009 3288 2011 3288 2012 3289 2009 3289 2008 3289 2009 3290 2010 3290 2011 3290 2012 3291 2010 3291 2009 3291 2010 3292 2002 3292 2011 3292 2012 3293 2002 3293 2010 3293 2013 3294 2014 3294 2022 3294 2023 3295 2014 3295 2013 3295 2014 3296 2015 3296 2022 3296 2023 3297 2015 3297 2014 3297 2015 3298 2016 3298 2022 3298 2023 3299 2016 3299 2015 3299 2016 3300 2017 3300 2022 3300 2023 3301 2017 3301 2016 3301 2017 3302 2018 3302 2022 3302 2023 3303 2018 3303 2017 3303 2018 3304 2019 3304 2022 3304 2023 3305 2019 3305 2018 3305 2019 3306 2020 3306 2022 3306 2023 3307 2020 3307 2019 3307 2020 3308 2021 3308 2022 3308 2023 3309 2021 3309 2020 3309 2021 3310 2013 3310 2022 3310 2023 3311 2013 3311 2021 3311 2024 3312 2025 3312 2033 3312 2034 3313 2025 3313 2024 3313 2025 3314 2026 3314 2033 3314 2034 3315 2026 3315 2025 3315 2026 3316 2027 3316 2033 3316 2034 3317 2027 3317 2026 3317 2027 3318 2028 3318 2033 3318 2034 3319 2028 3319 2027 3319 2028 3320 2029 3320 2033 3320 2034 3321 2029 3321 2028 3321 2029 3322 2030 3322 2033 3322 2034 3323 2030 3323 2029 3323 2030 3324 2031 3324 2033 3324 2034 3325 2031 3325 2030 3325 2031 3326 2032 3326 2033 3326 2034 3327 2032 3327 2031 3327 2032 3328 2024 3328 2033 3328 2034 3329 2024 3329 2032 3329 2035 3330 2036 3330 2044 3330 2045 3331 2036 3331 2035 3331 2036 3332 2037 3332 2044 3332 2045 3333 2037 3333 2036 3333 2037 3334 2038 3334 2044 3334 2045 3335 2038 3335 2037 3335 2038 3336 2039 3336 2044 3336 2045 3337 2039 3337 2038 3337 2039 3338 2040 3338 2044 3338 2045 3339 2040 3339 2039 3339 2040 3340 2041 3340 2044 3340 2045 3341 2041 3341 2040 3341 2041 3342 2042 3342 2044 3342 2045 3343 2042 3343 2041 3343 2042 3344 2043 3344 2044 3344 2045 3345 2043 3345 2042 3345 2043 3346 2035 3346 2044 3346 2045 3347 2035 3347 2043 3347 2046 3348 2047 3348 2055 3348 2056 3349 2047 3349 2046 3349 2047 3350 2048 3350 2055 3350 2056 3351 2048 3351 2047 3351 2048 3352 2049 3352 2055 3352 2056 3353 2049 3353 2048 3353 2049 3354 2050 3354 2055 3354 2056 3355 2050 3355 2049 3355 2050 3356 2051 3356 2055 3356 2056 3357 2051 3357 2050 3357 2051 3358 2052 3358 2055 3358 2056 3359 2052 3359 2051 3359 2052 3360 2053 3360 2055 3360 2056 3361 2053 3361 2052 3361 2053 3362 2054 3362 2055 3362 2056 3363 2054 3363 2053 3363 2054 3364 2046 3364 2055 3364 2056 3365 2046 3365 2054 3365 2057 3366 2058 3366 2066 3366 2067 3367 2058 3367 2057 3367 2058 3368 2059 3368 2066 3368 2067 3369 2059 3369 2058 3369 2059 3370 2060 3370 2066 3370 2067 3371 2060 3371 2059 3371 2060 3372 2061 3372 2066 3372 2067 3373 2061 3373 2060 3373 2061 3374 2062 3374 2066 3374 2067 3375 2062 3375 2061 3375 2062 3376 2063 3376 2066 3376 2067 3377 2063 3377 2062 3377 2063 3378 2064 3378 2066 3378 2067 3379 2064 3379 2063 3379 2064 3380 2065 3380 2066 3380 2067 3381 2065 3381 2064 3381 2065 3382 2057 3382 2066 3382 2067 3383 2057 3383 2065 3383 2068 3384 2069 3384 2077 3384 2078 3385 2069 3385 2068 3385 2069 3386 2070 3386 2077 3386 2078 3387 2070 3387 2069 3387 2070 3388 2071 3388 2077 3388 2078 3389 2071 3389 2070 3389 2071 3390 2072 3390 2077 3390 2078 3391 2072 3391 2071 3391 2072 3392 2073 3392 2077 3392 2078 3393 2073 3393 2072 3393 2073 3394 2074 3394 2077 3394 2078 3395 2074 3395 2073 3395 2074 3396 2075 3396 2077 3396 2078 3397 2075 3397 2074 3397 2075 3398 2076 3398 2077 3398 2078 3399 2076 3399 2075 3399 2076 3400 2068 3400 2077 3400 2078 3401 2068 3401 2076 3401 2079 3402 2080 3402 2088 3402 2089 3403 2080 3403 2079 3403 2080 3404 2081 3404 2088 3404 2089 3405 2081 3405 2080 3405 2081 3406 2082 3406 2088 3406 2089 3407 2082 3407 2081 3407 2082 3408 2083 3408 2088 3408 2089 3409 2083 3409 2082 3409 2083 3410 2084 3410 2088 3410 2089 3411 2084 3411 2083 3411 2084 3412 2085 3412 2088 3412 2089 3413 2085 3413 2084 3413 2085 3414 2086 3414 2088 3414 2089 3415 2086 3415 2085 3415 2086 3416 2087 3416 2088 3416 2089 3417 2087 3417 2086 3417 2087 3418 2079 3418 2088 3418 2089 3419 2079 3419 2087 3419 2090 3420 2091 3420 2099 3420 2100 3421 2091 3421 2090 3421 2091 3422 2092 3422 2099 3422 2100 3423 2092 3423 2091 3423 2092 3424 2093 3424 2099 3424 2100 3425 2093 3425 2092 3425 2093 3426 2094 3426 2099 3426 2100 3427 2094 3427 2093 3427 2094 3428 2095 3428 2099 3428 2100 3429 2095 3429 2094 3429 2095 3430 2096 3430 2099 3430 2100 3431 2096 3431 2095 3431 2096 3432 2097 3432 2099 3432 2100 3433 2097 3433 2096 3433 2097 3434 2098 3434 2099 3434 2100 3435 2098 3435 2097 3435 2098 3436 2090 3436 2099 3436 2100 3437 2090 3437 2098 3437 2101 3438 2102 3438 2110 3438 2111 3439 2102 3439 2101 3439 2102 3440 2103 3440 2110 3440 2111 3441 2103 3441 2102 3441 2103 3442 2104 3442 2110 3442 2111 3443 2104 3443 2103 3443 2104 3444 2105 3444 2110 3444 2111 3445 2105 3445 2104 3445 2105 3446 2106 3446 2110 3446 2111 3447 2106 3447 2105 3447 2106 3448 2107 3448 2110 3448 2111 3449 2107 3449 2106 3449 2107 3450 2108 3450 2110 3450 2111 3451 2108 3451 2107 3451 2108 3452 2109 3452 2110 3452 2111 3453 2109 3453 2108 3453 2109 3454 2101 3454 2110 3454 2111 3455 2101 3455 2109 3455 2112 3456 2113 3456 2121 3456 2122 3457 2113 3457 2112 3457 2113 3458 2114 3458 2121 3458 2122 3459 2114 3459 2113 3459 2114 3460 2115 3460 2121 3460 2122 3461 2115 3461 2114 3461 2115 3462 2116 3462 2121 3462 2122 3463 2116 3463 2115 3463 2116 3464 2117 3464 2121 3464 2122 3465 2117 3465 2116 3465 2117 3466 2118 3466 2121 3466 2122 3467 2118 3467 2117 3467 2118 3468 2119 3468 2121 3468 2122 3469 2119 3469 2118 3469 2119 3470 2120 3470 2121 3470 2122 3471 2120 3471 2119 3471 2120 3472 2112 3472 2121 3472 2122 3473 2112 3473 2120 3473 2123 3474 2124 3474 2132 3474 2133 3475 2124 3475 2123 3475 2124 3476 2125 3476 2132 3476 2133 3477 2125 3477 2124 3477 2125 3478 2126 3478 2132 3478 2133 3479 2126 3479 2125 3479 2126 3480 2127 3480 2132 3480 2133 3481 2127 3481 2126 3481 2127 3482 2128 3482 2132 3482 2133 3483 2128 3483 2127 3483 2128 3484 2129 3484 2132 3484 2133 3485 2129 3485 2128 3485 2129 3486 2130 3486 2132 3486 2133 3487 2130 3487 2129 3487 2130 3488 2131 3488 2132 3488 2133 3489 2131 3489 2130 3489 2131 3490 2123 3490 2132 3490 2133 3491 2123 3491 2131 3491 2134 3492 2135 3492 2143 3492 2144 3493 2135 3493 2134 3493 2135 3494 2136 3494 2143 3494 2144 3495 2136 3495 2135 3495 2136 3496 2137 3496 2143 3496 2144 3497 2137 3497 2136 3497 2137 3498 2138 3498 2143 3498 2144 3499 2138 3499 2137 3499 2138 3500 2139 3500 2143 3500 2144 3501 2139 3501 2138 3501 2139 3502 2140 3502 2143 3502 2144 3503 2140 3503 2139 3503 2140 3504 2141 3504 2143 3504 2144 3505 2141 3505 2140 3505 2141 3506 2142 3506 2143 3506 2144 3507 2142 3507 2141 3507 2142 3508 2134 3508 2143 3508 2144 3509 2134 3509 2142 3509 2145 3510 2146 3510 2154 3510 2155 3511 2146 3511 2145 3511 2146 3512 2147 3512 2154 3512 2155 3513 2147 3513 2146 3513 2147 3514 2148 3514 2154 3514 2155 3515 2148 3515 2147 3515 2148 3516 2149 3516 2154 3516 2155 3517 2149 3517 2148 3517 2149 3518 2150 3518 2154 3518 2155 3519 2150 3519 2149 3519 2150 3520 2151 3520 2154 3520 2155 3521 2151 3521 2150 3521 2151 3522 2152 3522 2154 3522 2155 3523 2152 3523 2151 3523 2152 3524 2153 3524 2154 3524 2155 3525 2153 3525 2152 3525 2153 3526 2145 3526 2154 3526 2155 3527 2145 3527 2153 3527 2156 3528 2157 3528 2165 3528 2166 3529 2157 3529 2156 3529 2157 3530 2158 3530 2165 3530 2166 3531 2158 3531 2157 3531 2158 3532 2159 3532 2165 3532 2166 3533 2159 3533 2158 3533 2159 3534 2160 3534 2165 3534 2166 3535 2160 3535 2159 3535 2160 3536 2161 3536 2165 3536 2166 3537 2161 3537 2160 3537 2161 3538 2162 3538 2165 3538 2166 3539 2162 3539 2161 3539 2162 3540 2163 3540 2165 3540 2166 3541 2163 3541 2162 3541 2163 3542 2164 3542 2165 3542 2166 3543 2164 3543 2163 3543 2164 3544 2156 3544 2165 3544 2166 3545 2156 3545 2164 3545 2167 3546 2168 3546 2176 3546 2177 3547 2168 3547 2167 3547 2168 3548 2169 3548 2176 3548 2177 3549 2169 3549 2168 3549 2169 3550 2170 3550 2176 3550 2177 3551 2170 3551 2169 3551 2170 3552 2171 3552 2176 3552 2177 3553 2171 3553 2170 3553 2171 3554 2172 3554 2176 3554 2177 3555 2172 3555 2171 3555 2172 3556 2173 3556 2176 3556 2177 3557 2173 3557 2172 3557 2173 3558 2174 3558 2176 3558 2177 3559 2174 3559 2173 3559 2174 3560 2175 3560 2176 3560 2177 3561 2175 3561 2174 3561 2175 3562 2167 3562 2176 3562 2177 3563 2167 3563 2175 3563 2178 3564 2179 3564 2187 3564 2188 3565 2179 3565 2178 3565 2179 3566 2180 3566 2187 3566 2188 3567 2180 3567 2179 3567 2180 3568 2181 3568 2187 3568 2188 3569 2181 3569 2180 3569 2181 3570 2182 3570 2187 3570 2188 3571 2182 3571 2181 3571 2182 3572 2183 3572 2187 3572 2188 3573 2183 3573 2182 3573 2183 3574 2184 3574 2187 3574 2188 3575 2184 3575 2183 3575 2184 3576 2185 3576 2187 3576 2188 3577 2185 3577 2184 3577 2185 3578 2186 3578 2187 3578 2188 3579 2186 3579 2185 3579 2186 3580 2178 3580 2187 3580 2188 3581 2178 3581 2186 3581 2189 3582 2190 3582 2198 3582 2199 3583 2190 3583 2189 3583 2190 3584 2191 3584 2198 3584 2199 3585 2191 3585 2190 3585 2191 3586 2192 3586 2198 3586 2199 3587 2192 3587 2191 3587 2192 3588 2193 3588 2198 3588 2199 3589 2193 3589 2192 3589 2193 3590 2194 3590 2198 3590 2199 3591 2194 3591 2193 3591 2194 3592 2195 3592 2198 3592 2199 3593 2195 3593 2194 3593 2195 3594 2196 3594 2198 3594 2199 3595 2196 3595 2195 3595 2196 3596 2197 3596 2198 3596 2199 3597 2197 3597 2196 3597 2197 3598 2189 3598 2198 3598 2199 3599 2189 3599 2197 3599 2200 3600 2201 3600 2209 3600 2210 3601 2201 3601 2200 3601 2201 3602 2202 3602 2209 3602 2210 3603 2202 3603 2201 3603 2202 3604 2203 3604 2209 3604 2210 3605 2203 3605 2202 3605 2203 3606 2204 3606 2209 3606 2210 3607 2204 3607 2203 3607 2204 3608 2205 3608 2209 3608 2210 3609 2205 3609 2204 3609 2205 3610 2206 3610 2209 3610 2210 3611 2206 3611 2205 3611 2206 3612 2207 3612 2209 3612 2210 3613 2207 3613 2206 3613 2207 3614 2208 3614 2209 3614 2210 3615 2208 3615 2207 3615 2208 3616 2200 3616 2209 3616 2210 3617 2200 3617 2208 3617 2211 3618 2212 3618 2220 3618 2221 3619 2212 3619 2211 3619 2212 3620 2213 3620 2220 3620 2221 3621 2213 3621 2212 3621 2213 3622 2214 3622 2220 3622 2221 3623 2214 3623 2213 3623 2214 3624 2215 3624 2220 3624 2221 3625 2215 3625 2214 3625 2215 3626 2216 3626 2220 3626 2221 3627 2216 3627 2215 3627 2216 3628 2217 3628 2220 3628 2221 3629 2217 3629 2216 3629 2217 3630 2218 3630 2220 3630 2221 3631 2218 3631 2217 3631 2218 3632 2219 3632 2220 3632 2221 3633 2219 3633 2218 3633 2219 3634 2211 3634 2220 3634 2221 3635 2211 3635 2219 3635 2222 3636 2223 3636 2231 3636 2232 3637 2223 3637 2222 3637 2223 3638 2224 3638 2231 3638 2232 3639 2224 3639 2223 3639 2224 3640 2225 3640 2231 3640 2232 3641 2225 3641 2224 3641 2225 3642 2226 3642 2231 3642 2232 3643 2226 3643 2225 3643 2226 3644 2227 3644 2231 3644 2232 3645 2227 3645 2226 3645 2227 3646 2228 3646 2231 3646 2232 3647 2228 3647 2227 3647 2228 3648 2229 3648 2231 3648 2232 3649 2229 3649 2228 3649 2229 3650 2230 3650 2231 3650 2232 3651 2230 3651 2229 3651 2230 3652 2222 3652 2231 3652 2232 3653 2222 3653 2230 3653 2233 3654 2234 3654 2242 3654 2243 3655 2234 3655 2233 3655 2234 3656 2235 3656 2242 3656 2243 3657 2235 3657 2234 3657 2235 3658 2236 3658 2242 3658 2243 3659 2236 3659 2235 3659 2236 3660 2237 3660 2242 3660 2243 3661 2237 3661 2236 3661 2237 3662 2238 3662 2242 3662 2243 3663 2238 3663 2237 3663 2238 3664 2239 3664 2242 3664 2243 3665 2239 3665 2238 3665 2239 3666 2240 3666 2242 3666 2243 3667 2240 3667 2239 3667 2240 3668 2241 3668 2242 3668 2243 3669 2241 3669 2240 3669 2241 3670 2233 3670 2242 3670 2243 3671 2233 3671 2241 3671 2244 3672 2245 3672 2253 3672 2254 3673 2245 3673 2244 3673 2245 3674 2246 3674 2253 3674 2254 3675 2246 3675 2245 3675 2246 3676 2247 3676 2253 3676 2254 3677 2247 3677 2246 3677 2247 3678 2248 3678 2253 3678 2254 3679 2248 3679 2247 3679 2248 3680 2249 3680 2253 3680 2254 3681 2249 3681 2248 3681 2249 3682 2250 3682 2253 3682 2254 3683 2250 3683 2249 3683 2250 3684 2251 3684 2253 3684 2254 3685 2251 3685 2250 3685 2251 3686 2252 3686 2253 3686 2254 3687 2252 3687 2251 3687 2252 3688 2244 3688 2253 3688 2254 3689 2244 3689 2252 3689 2255 3690 2256 3690 2264 3690 2265 3691 2256 3691 2255 3691 2256 3692 2257 3692 2264 3692 2265 3693 2257 3693 2256 3693 2257 3694 2258 3694 2264 3694 2265 3695 2258 3695 2257 3695 2258 3696 2259 3696 2264 3696 2265 3697 2259 3697 2258 3697 2259 3698 2260 3698 2264 3698 2265 3699 2260 3699 2259 3699 2260 3700 2261 3700 2264 3700 2265 3701 2261 3701 2260 3701 2261 3702 2262 3702 2264 3702 2265 3703 2262 3703 2261 3703 2262 3704 2263 3704 2264 3704 2265 3705 2263 3705 2262 3705 2263 3706 2255 3706 2264 3706 2265 3707 2255 3707 2263 3707 2266 3708 2267 3708 2275 3708 2276 3709 2267 3709 2266 3709 2267 3710 2268 3710 2275 3710 2276 3711 2268 3711 2267 3711 2268 3712 2269 3712 2275 3712 2276 3713 2269 3713 2268 3713 2269 3714 2270 3714 2275 3714 2276 3715 2270 3715 2269 3715 2270 3716 2271 3716 2275 3716 2276 3717 2271 3717 2270 3717 2271 3718 2272 3718 2275 3718 2276 3719 2272 3719 2271 3719 2272 3720 2273 3720 2275 3720 2276 3721 2273 3721 2272 3721 2273 3722 2274 3722 2275 3722 2276 3723 2274 3723 2273 3723 2274 3724 2266 3724 2275 3724 2276 3725 2266 3725 2274 3725 2277 3726 2278 3726 2286 3726 2287 3727 2278 3727 2277 3727 2278 3728 2279 3728 2286 3728 2287 3729 2279 3729 2278 3729 2279 3730 2280 3730 2286 3730 2287 3731 2280 3731 2279 3731 2280 3732 2281 3732 2286 3732 2287 3733 2281 3733 2280 3733 2281 3734 2282 3734 2286 3734 2287 3735 2282 3735 2281 3735 2282 3736 2283 3736 2286 3736 2287 3737 2283 3737 2282 3737 2283 3738 2284 3738 2286 3738 2287 3739 2284 3739 2283 3739 2284 3740 2285 3740 2286 3740 2287 3741 2285 3741 2284 3741 2285 3742 2277 3742 2286 3742 2287 3743 2277 3743 2285 3743 2288 3744 2289 3744 2297 3744 2298 3745 2289 3745 2288 3745 2289 3746 2290 3746 2297 3746 2298 3747 2290 3747 2289 3747 2290 3748 2291 3748 2297 3748 2298 3749 2291 3749 2290 3749 2291 3750 2292 3750 2297 3750 2298 3751 2292 3751 2291 3751 2292 3752 2293 3752 2297 3752 2298 3753 2293 3753 2292 3753 2293 3754 2294 3754 2297 3754 2298 3755 2294 3755 2293 3755 2294 3756 2295 3756 2297 3756 2298 3757 2295 3757 2294 3757 2295 3758 2296 3758 2297 3758 2298 3759 2296 3759 2295 3759 2296 3760 2288 3760 2297 3760 2298 3761 2288 3761 2296 3761 2299 3762 2300 3762 2308 3762 2309 3763 2300 3763 2299 3763 2300 3764 2301 3764 2308 3764 2309 3765 2301 3765 2300 3765 2301 3766 2302 3766 2308 3766 2309 3767 2302 3767 2301 3767 2302 3768 2303 3768 2308 3768 2309 3769 2303 3769 2302 3769 2303 3770 2304 3770 2308 3770 2309 3771 2304 3771 2303 3771 2304 3772 2305 3772 2308 3772 2309 3773 2305 3773 2304 3773 2305 3774 2306 3774 2308 3774 2309 3775 2306 3775 2305 3775 2306 3776 2307 3776 2308 3776 2309 3777 2307 3777 2306 3777 2307 3778 2299 3778 2308 3778 2309 3779 2299 3779 2307 3779 2310 3780 2311 3780 2319 3780 2320 3781 2311 3781 2310 3781 2311 3782 2312 3782 2319 3782 2320 3783 2312 3783 2311 3783 2312 3784 2313 3784 2319 3784 2320 3785 2313 3785 2312 3785 2313 3786 2314 3786 2319 3786 2320 3787 2314 3787 2313 3787 2314 3788 2315 3788 2319 3788 2320 3789 2315 3789 2314 3789 2315 3790 2316 3790 2319 3790 2320 3791 2316 3791 2315 3791 2316 3792 2317 3792 2319 3792 2320 3793 2317 3793 2316 3793 2317 3794 2318 3794 2319 3794 2320 3795 2318 3795 2317 3795 2318 3796 2310 3796 2319 3796 2320 3797 2310 3797 2318 3797 2321 3798 2322 3798 2330 3798 2331 3799 2322 3799 2321 3799 2322 3800 2323 3800 2330 3800 2331 3801 2323 3801 2322 3801 2323 3802 2324 3802 2330 3802 2331 3803 2324 3803 2323 3803 2324 3804 2325 3804 2330 3804 2331 3805 2325 3805 2324 3805 2325 3806 2326 3806 2330 3806 2331 3807 2326 3807 2325 3807 2326 3808 2327 3808 2330 3808 2331 3809 2327 3809 2326 3809 2327 3810 2328 3810 2330 3810 2331 3811 2328 3811 2327 3811 2328 3812 2329 3812 2330 3812 2331 3813 2329 3813 2328 3813 2329 3814 2321 3814 2330 3814 2331 3815 2321 3815 2329 3815 2332 3816 2333 3816 2341 3816 2342 3817 2333 3817 2332 3817 2333 3818 2334 3818 2341 3818 2342 3819 2334 3819 2333 3819 2334 3820 2335 3820 2341 3820 2342 3821 2335 3821 2334 3821 2335 3822 2336 3822 2341 3822 2342 3823 2336 3823 2335 3823 2336 3824 2337 3824 2341 3824 2342 3825 2337 3825 2336 3825 2337 3826 2338 3826 2341 3826 2342 3827 2338 3827 2337 3827 2338 3828 2339 3828 2341 3828 2342 3829 2339 3829 2338 3829 2339 3830 2340 3830 2341 3830 2342 3831 2340 3831 2339 3831 2340 3832 2332 3832 2341 3832 2342 3833 2332 3833 2340 3833 2343 3834 2344 3834 2352 3834 2353 3835 2344 3835 2343 3835 2344 3836 2345 3836 2352 3836 2353 3837 2345 3837 2344 3837 2345 3838 2346 3838 2352 3838 2353 3839 2346 3839 2345 3839 2346 3840 2347 3840 2352 3840 2353 3841 2347 3841 2346 3841 2347 3842 2348 3842 2352 3842 2353 3843 2348 3843 2347 3843 2348 3844 2349 3844 2352 3844 2353 3845 2349 3845 2348 3845 2349 3846 2350 3846 2352 3846 2353 3847 2350 3847 2349 3847 2350 3848 2351 3848 2352 3848 2353 3849 2351 3849 2350 3849 2351 3850 2343 3850 2352 3850 2353 3851 2343 3851 2351 3851 2354 3852 2355 3852 2363 3852 2364 3853 2355 3853 2354 3853 2355 3854 2356 3854 2363 3854 2364 3855 2356 3855 2355 3855 2356 3856 2357 3856 2363 3856 2364 3857 2357 3857 2356 3857 2357 3858 2358 3858 2363 3858 2364 3859 2358 3859 2357 3859 2358 3860 2359 3860 2363 3860 2364 3861 2359 3861 2358 3861 2359 3862 2360 3862 2363 3862 2364 3863 2360 3863 2359 3863 2360 3864 2361 3864 2363 3864 2364 3865 2361 3865 2360 3865 2361 3866 2362 3866 2363 3866 2364 3867 2362 3867 2361 3867 2362 3868 2354 3868 2363 3868 2364 3869 2354 3869 2362 3869 2365 3870 2366 3870 2374 3870 2375 3871 2366 3871 2365 3871 2366 3872 2367 3872 2374 3872 2375 3873 2367 3873 2366 3873 2367 3874 2368 3874 2374 3874 2375 3875 2368 3875 2367 3875 2368 3876 2369 3876 2374 3876 2375 3877 2369 3877 2368 3877 2369 3878 2370 3878 2374 3878 2375 3879 2370 3879 2369 3879 2370 3880 2371 3880 2374 3880 2375 3881 2371 3881 2370 3881 2371 3882 2372 3882 2374 3882 2375 3883 2372 3883 2371 3883 2372 3884 2373 3884 2374 3884 2375 3885 2373 3885 2372 3885 2373 3886 2365 3886 2374 3886 2375 3887 2365 3887 2373 3887 2376 3888 2377 3888 2385 3888 2386 3889 2377 3889 2376 3889 2377 3890 2378 3890 2385 3890 2386 3891 2378 3891 2377 3891 2378 3892 2379 3892 2385 3892 2386 3893 2379 3893 2378 3893 2379 3894 2380 3894 2385 3894 2386 3895 2380 3895 2379 3895 2380 3896 2381 3896 2385 3896 2386 3897 2381 3897 2380 3897 2381 3898 2382 3898 2385 3898 2386 3899 2382 3899 2381 3899 2382 3900 2383 3900 2385 3900 2386 3901 2383 3901 2382 3901 2383 3902 2384 3902 2385 3902 2386 3903 2384 3903 2383 3903 2384 3904 2376 3904 2385 3904 2386 3905 2376 3905 2384 3905 2387 3906 2388 3906 2396 3906 2397 3907 2388 3907 2387 3907 2388 3908 2389 3908 2396 3908 2397 3909 2389 3909 2388 3909 2389 3910 2390 3910 2396 3910 2397 3911 2390 3911 2389 3911 2390 3912 2391 3912 2396 3912 2397 3913 2391 3913 2390 3913 2391 3914 2392 3914 2396 3914 2397 3915 2392 3915 2391 3915 2392 3916 2393 3916 2396 3916 2397 3917 2393 3917 2392 3917 2393 3918 2394 3918 2396 3918 2397 3919 2394 3919 2393 3919 2394 3920 2395 3920 2396 3920 2397 3921 2395 3921 2394 3921 2395 3922 2387 3922 2396 3922 2397 3923 2387 3923 2395 3923 2398 3924 2399 3924 2407 3924 2408 3925 2399 3925 2398 3925 2399 3926 2400 3926 2407 3926 2408 3927 2400 3927 2399 3927 2400 3928 2401 3928 2407 3928 2408 3929 2401 3929 2400 3929 2401 3930 2402 3930 2407 3930 2408 3931 2402 3931 2401 3931 2402 3932 2403 3932 2407 3932 2408 3933 2403 3933 2402 3933 2403 3934 2404 3934 2407 3934 2408 3935 2404 3935 2403 3935 2404 3936 2405 3936 2407 3936 2408 3937 2405 3937 2404 3937 2405 3938 2406 3938 2407 3938 2408 3939 2406 3939 2405 3939 2406 3940 2398 3940 2407 3940 2408 3941 2398 3941 2406 3941 2409 3942 2410 3942 2418 3942 2419 3943 2410 3943 2409 3943 2410 3944 2411 3944 2418 3944 2419 3945 2411 3945 2410 3945 2411 3946 2412 3946 2418 3946 2419 3947 2412 3947 2411 3947 2412 3948 2413 3948 2418 3948 2419 3949 2413 3949 2412 3949 2413 3950 2414 3950 2418 3950 2419 3951 2414 3951 2413 3951 2414 3952 2415 3952 2418 3952 2419 3953 2415 3953 2414 3953 2415 3954 2416 3954 2418 3954 2419 3955 2416 3955 2415 3955 2416 3956 2417 3956 2418 3956 2419 3957 2417 3957 2416 3957 2417 3958 2409 3958 2418 3958 2419 3959 2409 3959 2417 3959 2420 3960 2421 3960 2429 3960 2430 3961 2421 3961 2420 3961 2421 3962 2422 3962 2429 3962 2430 3963 2422 3963 2421 3963 2422 3964 2423 3964 2429 3964 2430 3965 2423 3965 2422 3965 2423 3966 2424 3966 2429 3966 2430 3967 2424 3967 2423 3967 2424 3968 2425 3968 2429 3968 2430 3969 2425 3969 2424 3969 2425 3970 2426 3970 2429 3970 2430 3971 2426 3971 2425 3971 2426 3972 2427 3972 2429 3972 2430 3973 2427 3973 2426 3973 2427 3974 2428 3974 2429 3974 2430 3975 2428 3975 2427 3975 2428 3976 2420 3976 2429 3976 2430 3977 2420 3977 2428 3977 2431 3978 2432 3978 2440 3978 2441 3979 2432 3979 2431 3979 2432 3980 2433 3980 2440 3980 2441 3981 2433 3981 2432 3981 2433 3982 2434 3982 2440 3982 2441 3983 2434 3983 2433 3983 2434 3984 2435 3984 2440 3984 2441 3985 2435 3985 2434 3985 2435 3986 2436 3986 2440 3986 2441 3987 2436 3987 2435 3987 2436 3988 2437 3988 2440 3988 2441 3989 2437 3989 2436 3989 2437 3990 2438 3990 2440 3990 2441 3991 2438 3991 2437 3991 2438 3992 2439 3992 2440 3992 2441 3993 2439 3993 2438 3993 2439 3994 2431 3994 2440 3994 2441 3995 2431 3995 2439 3995 2442 3996 2443 3996 2451 3996 2452 3997 2443 3997 2442 3997 2443 3998 2444 3998 2451 3998 2452 3999 2444 3999 2443 3999 2444 4000 2445 4000 2451 4000 2452 4001 2445 4001 2444 4001 2445 4002 2446 4002 2451 4002 2452 4003 2446 4003 2445 4003 2446 4004 2447 4004 2451 4004 2452 4005 2447 4005 2446 4005 2447 4006 2448 4006 2451 4006 2452 4007 2448 4007 2447 4007 2448 4008 2449 4008 2451 4008 2452 4009 2449 4009 2448 4009 2449 4010 2450 4010 2451 4010 2452 4011 2450 4011 2449 4011 2450 4012 2442 4012 2451 4012 2452 4013 2442 4013 2450 4013 2453 4014 2454 4014 2462 4014 2463 4015 2454 4015 2453 4015 2454 4016 2455 4016 2462 4016 2463 4017 2455 4017 2454 4017 2455 4018 2456 4018 2462 4018 2463 4019 2456 4019 2455 4019 2456 4020 2457 4020 2462 4020 2463 4021 2457 4021 2456 4021 2457 4022 2458 4022 2462 4022 2463 4023 2458 4023 2457 4023 2458 4024 2459 4024 2462 4024 2463 4025 2459 4025 2458 4025 2459 4026 2460 4026 2462 4026 2463 4027 2460 4027 2459 4027 2460 4028 2461 4028 2462 4028 2463 4029 2461 4029 2460 4029 2461 4030 2453 4030 2462 4030 2463 4031 2453 4031 2461 4031 2464 4032 2465 4032 2473 4032 2474 4033 2465 4033 2464 4033 2465 4034 2466 4034 2473 4034 2474 4035 2466 4035 2465 4035 2466 4036 2467 4036 2473 4036 2474 4037 2467 4037 2466 4037 2467 4038 2468 4038 2473 4038 2474 4039 2468 4039 2467 4039 2468 4040 2469 4040 2473 4040 2474 4041 2469 4041 2468 4041 2469 4042 2470 4042 2473 4042 2474 4043 2470 4043 2469 4043 2470 4044 2471 4044 2473 4044 2474 4045 2471 4045 2470 4045 2471 4046 2472 4046 2473 4046 2474 4047 2472 4047 2471 4047 2472 4048 2464 4048 2473 4048 2474 4049 2464 4049 2472 4049 2475 4050 2476 4050 2484 4050 2485 4051 2476 4051 2475 4051 2476 4052 2477 4052 2484 4052 2485 4053 2477 4053 2476 4053 2477 4054 2478 4054 2484 4054 2485 4055 2478 4055 2477 4055 2478 4056 2479 4056 2484 4056 2485 4057 2479 4057 2478 4057 2479 4058 2480 4058 2484 4058 2485 4059 2480 4059 2479 4059 2480 4060 2481 4060 2484 4060 2485 4061 2481 4061 2480 4061 2481 4062 2482 4062 2484 4062 2485 4063 2482 4063 2481 4063 2482 4064 2483 4064 2484 4064 2485 4065 2483 4065 2482 4065 2483 4066 2475 4066 2484 4066 2485 4067 2475 4067 2483 4067 2486 4068 2487 4068 2495 4068 2496 4069 2487 4069 2486 4069 2487 4070 2488 4070 2495 4070 2496 4071 2488 4071 2487 4071 2488 4072 2489 4072 2495 4072 2496 4073 2489 4073 2488 4073 2489 4074 2490 4074 2495 4074 2496 4075 2490 4075 2489 4075 2490 4076 2491 4076 2495 4076 2496 4077 2491 4077 2490 4077 2491 4078 2492 4078 2495 4078 2496 4079 2492 4079 2491 4079 2492 4080 2493 4080 2495 4080 2496 4081 2493 4081 2492 4081 2493 4082 2494 4082 2495 4082 2496 4083 2494 4083 2493 4083 2494 4084 2486 4084 2495 4084 2496 4085 2486 4085 2494 4085 2497 4086 2498 4086 2506 4086 2507 4087 2498 4087 2497 4087 2498 4088 2499 4088 2506 4088 2507 4089 2499 4089 2498 4089 2499 4090 2500 4090 2506 4090 2507 4091 2500 4091 2499 4091 2500 4092 2501 4092 2506 4092 2507 4093 2501 4093 2500 4093 2501 4094 2502 4094 2506 4094 2507 4095 2502 4095 2501 4095 2502 4096 2503 4096 2506 4096 2507 4097 2503 4097 2502 4097 2503 4098 2504 4098 2506 4098 2507 4099 2504 4099 2503 4099 2504 4100 2505 4100 2506 4100 2507 4101 2505 4101 2504 4101 2505 4102 2497 4102 2506 4102 2507 4103 2497 4103 2505 4103 2508 4104 2509 4104 2517 4104 2518 4105 2509 4105 2508 4105 2509 4106 2510 4106 2517 4106 2518 4107 2510 4107 2509 4107 2510 4108 2511 4108 2517 4108 2518 4109 2511 4109 2510 4109 2511 4110 2512 4110 2517 4110 2518 4111 2512 4111 2511 4111 2512 4112 2513 4112 2517 4112 2518 4113 2513 4113 2512 4113 2513 4114 2514 4114 2517 4114 2518 4115 2514 4115 2513 4115 2514 4116 2515 4116 2517 4116 2518 4117 2515 4117 2514 4117 2515 4118 2516 4118 2517 4118 2518 4119 2516 4119 2515 4119 2516 4120 2508 4120 2517 4120 2518 4121 2508 4121 2516 4121 2519 4122 2520 4122 2528 4122 2529 4123 2520 4123 2519 4123 2520 4124 2521 4124 2528 4124 2529 4125 2521 4125 2520 4125 2521 4126 2522 4126 2528 4126 2529 4127 2522 4127 2521 4127 2522 4128 2523 4128 2528 4128 2529 4129 2523 4129 2522 4129 2523 4130 2524 4130 2528 4130 2529 4131 2524 4131 2523 4131 2524 4132 2525 4132 2528 4132 2529 4133 2525 4133 2524 4133 2525 4134 2526 4134 2528 4134 2529 4135 2526 4135 2525 4135 2526 4136 2527 4136 2528 4136 2529 4137 2527 4137 2526 4137 2527 4138 2519 4138 2528 4138 2529 4139 2519 4139 2527 4139 2530 4140 2531 4140 2539 4140 2540 4141 2531 4141 2530 4141 2531 4142 2532 4142 2539 4142 2540 4143 2532 4143 2531 4143 2532 4144 2533 4144 2539 4144 2540 4145 2533 4145 2532 4145 2533 4146 2534 4146 2539 4146 2540 4147 2534 4147 2533 4147 2534 4148 2535 4148 2539 4148 2540 4149 2535 4149 2534 4149 2535 4150 2536 4150 2539 4150 2540 4151 2536 4151 2535 4151 2536 4152 2537 4152 2539 4152 2540 4153 2537 4153 2536 4153 2537 4154 2538 4154 2539 4154 2540 4155 2538 4155 2537 4155 2538 4156 2530 4156 2539 4156 2540 4157 2530 4157 2538 4157 2541 4158 2542 4158 2550 4158 2551 4159 2542 4159 2541 4159 2542 4160 2543 4160 2550 4160 2551 4161 2543 4161 2542 4161 2543 4162 2544 4162 2550 4162 2551 4163 2544 4163 2543 4163 2544 4164 2545 4164 2550 4164 2551 4165 2545 4165 2544 4165 2545 4166 2546 4166 2550 4166 2551 4167 2546 4167 2545 4167 2546 4168 2547 4168 2550 4168 2551 4169 2547 4169 2546 4169 2547 4170 2548 4170 2550 4170 2551 4171 2548 4171 2547 4171 2548 4172 2549 4172 2550 4172 2551 4173 2549 4173 2548 4173 2549 4174 2541 4174 2550 4174 2551 4175 2541 4175 2549 4175 2552 4176 2553 4176 2561 4176 2562 4177 2553 4177 2552 4177 2553 4178 2554 4178 2561 4178 2562 4179 2554 4179 2553 4179 2554 4180 2555 4180 2561 4180 2562 4181 2555 4181 2554 4181 2555 4182 2556 4182 2561 4182 2562 4183 2556 4183 2555 4183 2556 4184 2557 4184 2561 4184 2562 4185 2557 4185 2556 4185 2557 4186 2558 4186 2561 4186 2562 4187 2558 4187 2557 4187 2558 4188 2559 4188 2561 4188 2562 4189 2559 4189 2558 4189 2559 4190 2560 4190 2561 4190 2562 4191 2560 4191 2559 4191 2560 4192 2552 4192 2561 4192 2562 4193 2552 4193 2560 4193 2563 4194 2564 4194 2572 4194 2573 4195 2564 4195 2563 4195 2564 4196 2565 4196 2572 4196 2573 4197 2565 4197 2564 4197 2565 4198 2566 4198 2572 4198 2573 4199 2566 4199 2565 4199 2566 4200 2567 4200 2572 4200 2573 4201 2567 4201 2566 4201 2567 4202 2568 4202 2572 4202 2573 4203 2568 4203 2567 4203 2568 4204 2569 4204 2572 4204 2573 4205 2569 4205 2568 4205 2569 4206 2570 4206 2572 4206 2573 4207 2570 4207 2569 4207 2570 4208 2571 4208 2572 4208 2573 4209 2571 4209 2570 4209 2571 4210 2563 4210 2572 4210 2573 4211 2563 4211 2571 4211 2574 4212 2575 4212 2583 4212 2584 4213 2575 4213 2574 4213 2575 4214 2576 4214 2583 4214 2584 4215 2576 4215 2575 4215 2576 4216 2577 4216 2583 4216 2584 4217 2577 4217 2576 4217 2577 4218 2578 4218 2583 4218 2584 4219 2578 4219 2577 4219 2578 4220 2579 4220 2583 4220 2584 4221 2579 4221 2578 4221 2579 4222 2580 4222 2583 4222 2584 4223 2580 4223 2579 4223 2580 4224 2581 4224 2583 4224 2584 4225 2581 4225 2580 4225 2581 4226 2582 4226 2583 4226 2584 4227 2582 4227 2581 4227 2582 4228 2574 4228 2583 4228 2584 4229 2574 4229 2582 4229 2585 4230 2586 4230 2594 4230 2595 4231 2586 4231 2585 4231 2586 4232 2587 4232 2594 4232 2595 4233 2587 4233 2586 4233 2587 4234 2588 4234 2594 4234 2595 4235 2588 4235 2587 4235 2588 4236 2589 4236 2594 4236 2595 4237 2589 4237 2588 4237 2589 4238 2590 4238 2594 4238 2595 4239 2590 4239 2589 4239 2590 4240 2591 4240 2594 4240 2595 4241 2591 4241 2590 4241 2591 4242 2592 4242 2594 4242 2595 4243 2592 4243 2591 4243 2592 4244 2593 4244 2594 4244 2595 4245 2593 4245 2592 4245 2593 4246 2585 4246 2594 4246 2595 4247 2585 4247 2593 4247 2596 4248 2597 4248 2605 4248 2606 4249 2597 4249 2596 4249 2597 4250 2598 4250 2605 4250 2606 4251 2598 4251 2597 4251 2598 4252 2599 4252 2605 4252 2606 4253 2599 4253 2598 4253 2599 4254 2600 4254 2605 4254 2606 4255 2600 4255 2599 4255 2600 4256 2601 4256 2605 4256 2606 4257 2601 4257 2600 4257 2601 4258 2602 4258 2605 4258 2606 4259 2602 4259 2601 4259 2602 4260 2603 4260 2605 4260 2606 4261 2603 4261 2602 4261 2603 4262 2604 4262 2605 4262 2606 4263 2604 4263 2603 4263 2604 4264 2596 4264 2605 4264 2606 4265 2596 4265 2604 4265 2607 4266 2608 4266 2616 4266 2617 4267 2608 4267 2607 4267 2608 4268 2609 4268 2616 4268 2617 4269 2609 4269 2608 4269 2609 4270 2610 4270 2616 4270 2617 4271 2610 4271 2609 4271 2610 4272 2611 4272 2616 4272 2617 4273 2611 4273 2610 4273 2611 4274 2612 4274 2616 4274 2617 4275 2612 4275 2611 4275 2612 4276 2613 4276 2616 4276 2617 4277 2613 4277 2612 4277 2613 4278 2614 4278 2616 4278 2617 4279 2614 4279 2613 4279 2614 4280 2615 4280 2616 4280 2617 4281 2615 4281 2614 4281 2615 4282 2607 4282 2616 4282 2617 4283 2607 4283 2615 4283 2618 4284 2619 4284 2627 4284 2628 4285 2619 4285 2618 4285 2619 4286 2620 4286 2627 4286 2628 4287 2620 4287 2619 4287 2620 4288 2621 4288 2627 4288 2628 4289 2621 4289 2620 4289 2621 4290 2622 4290 2627 4290 2628 4291 2622 4291 2621 4291 2622 4292 2623 4292 2627 4292 2628 4293 2623 4293 2622 4293 2623 4294 2624 4294 2627 4294 2628 4295 2624 4295 2623 4295 2624 4296 2625 4296 2627 4296 2628 4297 2625 4297 2624 4297 2625 4298 2626 4298 2627 4298 2628 4299 2626 4299 2625 4299 2626 4300 2618 4300 2627 4300 2628 4301 2618 4301 2626 4301 2629 4302 2630 4302 2638 4302 2639 4303 2630 4303 2629 4303 2630 4304 2631 4304 2638 4304 2639 4305 2631 4305 2630 4305 2631 4306 2632 4306 2638 4306 2639 4307 2632 4307 2631 4307 2632 4308 2633 4308 2638 4308 2639 4309 2633 4309 2632 4309 2633 4310 2634 4310 2638 4310 2639 4311 2634 4311 2633 4311 2634 4312 2635 4312 2638 4312 2639 4313 2635 4313 2634 4313 2635 4314 2636 4314 2638 4314 2639 4315 2636 4315 2635 4315 2636 4316 2637 4316 2638 4316 2639 4317 2637 4317 2636 4317 2637 4318 2629 4318 2638 4318 2639 4319 2629 4319 2637 4319 2640 4320 2641 4320 2649 4320 2650 4321 2641 4321 2640 4321 2641 4322 2642 4322 2649 4322 2650 4323 2642 4323 2641 4323 2642 4324 2643 4324 2649 4324 2650 4325 2643 4325 2642 4325 2643 4326 2644 4326 2649 4326 2650 4327 2644 4327 2643 4327 2644 4328 2645 4328 2649 4328 2650 4329 2645 4329 2644 4329 2645 4330 2646 4330 2649 4330 2650 4331 2646 4331 2645 4331 2646 4332 2647 4332 2649 4332 2650 4333 2647 4333 2646 4333 2647 4334 2648 4334 2649 4334 2650 4335 2648 4335 2647 4335 2648 4336 2640 4336 2649 4336 2650 4337 2640 4337 2648 4337 2651 4338 2652 4338 2660 4338 2661 4339 2652 4339 2651 4339 2652 4340 2653 4340 2660 4340 2661 4341 2653 4341 2652 4341 2653 4342 2654 4342 2660 4342 2661 4343 2654 4343 2653 4343 2654 4344 2655 4344 2660 4344 2661 4345 2655 4345 2654 4345 2655 4346 2656 4346 2660 4346 2661 4347 2656 4347 2655 4347 2656 4348 2657 4348 2660 4348 2661 4349 2657 4349 2656 4349 2657 4350 2658 4350 2660 4350 2661 4351 2658 4351 2657 4351 2658 4352 2659 4352 2660 4352 2661 4353 2659 4353 2658 4353 2659 4354 2651 4354 2660 4354 2661 4355 2651 4355 2659 4355 2662 4356 2663 4356 2671 4356 2672 4357 2663 4357 2662 4357 2663 4358 2664 4358 2671 4358 2672 4359 2664 4359 2663 4359 2664 4360 2665 4360 2671 4360 2672 4361 2665 4361 2664 4361 2665 4362 2666 4362 2671 4362 2672 4363 2666 4363 2665 4363 2666 4364 2667 4364 2671 4364 2672 4365 2667 4365 2666 4365 2667 4366 2668 4366 2671 4366 2672 4367 2668 4367 2667 4367 2668 4368 2669 4368 2671 4368 2672 4369 2669 4369 2668 4369 2669 4370 2670 4370 2671 4370 2672 4371 2670 4371 2669 4371 2670 4372 2662 4372 2671 4372 2672 4373 2662 4373 2670 4373 2673 4374 2674 4374 2682 4374 2683 4375 2674 4375 2673 4375 2674 4376 2675 4376 2682 4376 2683 4377 2675 4377 2674 4377 2675 4378 2676 4378 2682 4378 2683 4379 2676 4379 2675 4379 2676 4380 2677 4380 2682 4380 2683 4381 2677 4381 2676 4381 2677 4382 2678 4382 2682 4382 2683 4383 2678 4383 2677 4383 2678 4384 2679 4384 2682 4384 2683 4385 2679 4385 2678 4385 2679 4386 2680 4386 2682 4386 2683 4387 2680 4387 2679 4387 2680 4388 2681 4388 2682 4388 2683 4389 2681 4389 2680 4389 2681 4390 2673 4390 2682 4390 2683 4391 2673 4391 2681 4391 2684 4392 2685 4392 2693 4392 2694 4393 2685 4393 2684 4393 2685 4394 2686 4394 2693 4394 2694 4395 2686 4395 2685 4395 2686 4396 2687 4396 2693 4396 2694 4397 2687 4397 2686 4397 2687 4398 2688 4398 2693 4398 2694 4399 2688 4399 2687 4399 2688 4400 2689 4400 2693 4400 2694 4401 2689 4401 2688 4401 2689 4402 2690 4402 2693 4402 2694 4403 2690 4403 2689 4403 2690 4404 2691 4404 2693 4404 2694 4405 2691 4405 2690 4405 2691 4406 2692 4406 2693 4406 2694 4407 2692 4407 2691 4407 2692 4408 2684 4408 2693 4408 2694 4409 2684 4409 2692 4409 2695 4410 2696 4410 2704 4410 2705 4411 2696 4411 2695 4411 2696 4412 2697 4412 2704 4412 2705 4413 2697 4413 2696 4413 2697 4414 2698 4414 2704 4414 2705 4415 2698 4415 2697 4415 2698 4416 2699 4416 2704 4416 2705 4417 2699 4417 2698 4417 2699 4418 2700 4418 2704 4418 2705 4419 2700 4419 2699 4419 2700 4420 2701 4420 2704 4420 2705 4421 2701 4421 2700 4421 2701 4422 2702 4422 2704 4422 2705 4423 2702 4423 2701 4423 2702 4424 2703 4424 2704 4424 2705 4425 2703 4425 2702 4425 2703 4426 2695 4426 2704 4426 2705 4427 2695 4427 2703 4427 2706 4428 2707 4428 2715 4428 2716 4429 2707 4429 2706 4429 2707 4430 2708 4430 2715 4430 2716 4431 2708 4431 2707 4431 2708 4432 2709 4432 2715 4432 2716 4433 2709 4433 2708 4433 2709 4434 2710 4434 2715 4434 2716 4435 2710 4435 2709 4435 2710 4436 2711 4436 2715 4436 2716 4437 2711 4437 2710 4437 2711 4438 2712 4438 2715 4438 2716 4439 2712 4439 2711 4439 2712 4440 2713 4440 2715 4440 2716 4441 2713 4441 2712 4441 2713 4442 2714 4442 2715 4442 2716 4443 2714 4443 2713 4443 2714 4444 2706 4444 2715 4444 2716 4445 2706 4445 2714 4445 2717 4446 2718 4446 2726 4446 2727 4447 2718 4447 2717 4447 2718 4448 2719 4448 2726 4448 2727 4449 2719 4449 2718 4449 2719 4450 2720 4450 2726 4450 2727 4451 2720 4451 2719 4451 2720 4452 2721 4452 2726 4452 2727 4453 2721 4453 2720 4453 2721 4454 2722 4454 2726 4454 2727 4455 2722 4455 2721 4455 2722 4456 2723 4456 2726 4456 2727 4457 2723 4457 2722 4457 2723 4458 2724 4458 2726 4458 2727 4459 2724 4459 2723 4459 2724 4460 2725 4460 2726 4460 2727 4461 2725 4461 2724 4461 2725 4462 2717 4462 2726 4462 2727 4463 2717 4463 2725 4463 2728 4464 2729 4464 2737 4464 2738 4465 2729 4465 2728 4465 2729 4466 2730 4466 2737 4466 2738 4467 2730 4467 2729 4467 2730 4468 2731 4468 2737 4468 2738 4469 2731 4469 2730 4469 2731 4470 2732 4470 2737 4470 2738 4471 2732 4471 2731 4471 2732 4472 2733 4472 2737 4472 2738 4473 2733 4473 2732 4473 2733 4474 2734 4474 2737 4474 2738 4475 2734 4475 2733 4475 2734 4476 2735 4476 2737 4476 2738 4477 2735 4477 2734 4477 2735 4478 2736 4478 2737 4478 2738 4479 2736 4479 2735 4479 2736 4480 2728 4480 2737 4480 2738 4481 2728 4481 2736 4481 2739 4482 2740 4482 2748 4482 2749 4483 2740 4483 2739 4483 2740 4484 2741 4484 2748 4484 2749 4485 2741 4485 2740 4485 2741 4486 2742 4486 2748 4486 2749 4487 2742 4487 2741 4487 2742 4488 2743 4488 2748 4488 2749 4489 2743 4489 2742 4489 2743 4490 2744 4490 2748 4490 2749 4491 2744 4491 2743 4491 2744 4492 2745 4492 2748 4492 2749 4493 2745 4493 2744 4493 2745 4494 2746 4494 2748 4494 2749 4495 2746 4495 2745 4495 2746 4496 2747 4496 2748 4496 2749 4497 2747 4497 2746 4497 2747 4498 2739 4498 2748 4498 2749 4499 2739 4499 2747 4499 2750 4500 2751 4500 2759 4500 2760 4501 2751 4501 2750 4501 2751 4502 2752 4502 2759 4502 2760 4503 2752 4503 2751 4503 2752 4504 2753 4504 2759 4504 2760 4505 2753 4505 2752 4505 2753 4506 2754 4506 2759 4506 2760 4507 2754 4507 2753 4507 2754 4508 2755 4508 2759 4508 2760 4509 2755 4509 2754 4509 2755 4510 2756 4510 2759 4510 2760 4511 2756 4511 2755 4511 2756 4512 2757 4512 2759 4512 2760 4513 2757 4513 2756 4513 2757 4514 2758 4514 2759 4514 2760 4515 2758 4515 2757 4515 2758 4516 2750 4516 2759 4516 2760 4517 2750 4517 2758 4517 2761 4518 2762 4518 2770 4518 2771 4519 2762 4519 2761 4519 2762 4520 2763 4520 2770 4520 2771 4521 2763 4521 2762 4521 2763 4522 2764 4522 2770 4522 2771 4523 2764 4523 2763 4523 2764 4524 2765 4524 2770 4524 2771 4525 2765 4525 2764 4525 2765 4526 2766 4526 2770 4526 2771 4527 2766 4527 2765 4527 2766 4528 2767 4528 2770 4528 2771 4529 2767 4529 2766 4529 2767 4530 2768 4530 2770 4530 2771 4531 2768 4531 2767 4531 2768 4532 2769 4532 2770 4532 2771 4533 2769 4533 2768 4533 2769 4534 2761 4534 2770 4534 2771 4535 2761 4535 2769 4535 2772 4536 2773 4536 2781 4536 2782 4537 2773 4537 2772 4537 2773 4538 2774 4538 2781 4538 2782 4539 2774 4539 2773 4539 2774 4540 2775 4540 2781 4540 2782 4541 2775 4541 2774 4541 2775 4542 2776 4542 2781 4542 2782 4543 2776 4543 2775 4543 2776 4544 2777 4544 2781 4544 2782 4545 2777 4545 2776 4545 2777 4546 2778 4546 2781 4546 2782 4547 2778 4547 2777 4547 2778 4548 2779 4548 2781 4548 2782 4549 2779 4549 2778 4549 2779 4550 2780 4550 2781 4550 2782 4551 2780 4551 2779 4551 2780 4552 2772 4552 2781 4552 2782 4553 2772 4553 2780 4553 2783 4554 2784 4554 2792 4554 2793 4555 2784 4555 2783 4555 2784 4556 2785 4556 2792 4556 2793 4557 2785 4557 2784 4557 2785 4558 2786 4558 2792 4558 2793 4559 2786 4559 2785 4559 2786 4560 2787 4560 2792 4560 2793 4561 2787 4561 2786 4561 2787 4562 2788 4562 2792 4562 2793 4563 2788 4563 2787 4563 2788 4564 2789 4564 2792 4564 2793 4565 2789 4565 2788 4565 2789 4566 2790 4566 2792 4566 2793 4567 2790 4567 2789 4567 2790 4568 2791 4568 2792 4568 2793 4569 2791 4569 2790 4569 2791 4570 2783 4570 2792 4570 2793 4571 2783 4571 2791 4571 2794 4572 2795 4572 2803 4572 2804 4573 2795 4573 2794 4573 2795 4574 2796 4574 2803 4574 2804 4575 2796 4575 2795 4575 2796 4576 2797 4576 2803 4576 2804 4577 2797 4577 2796 4577 2797 4578 2798 4578 2803 4578 2804 4579 2798 4579 2797 4579 2798 4580 2799 4580 2803 4580 2804 4581 2799 4581 2798 4581 2799 4582 2800 4582 2803 4582 2804 4583 2800 4583 2799 4583 2800 4584 2801 4584 2803 4584 2804 4585 2801 4585 2800 4585 2801 4586 2802 4586 2803 4586 2804 4587 2802 4587 2801 4587 2802 4588 2794 4588 2803 4588 2804 4589 2794 4589 2802 4589 2805 4590 2806 4590 2814 4590 2815 4591 2806 4591 2805 4591 2806 4592 2807 4592 2814 4592 2815 4593 2807 4593 2806 4593 2807 4594 2808 4594 2814 4594 2815 4595 2808 4595 2807 4595 2808 4596 2809 4596 2814 4596 2815 4597 2809 4597 2808 4597 2809 4598 2810 4598 2814 4598 2815 4599 2810 4599 2809 4599 2810 4600 2811 4600 2814 4600 2815 4601 2811 4601 2810 4601 2811 4602 2812 4602 2814 4602 2815 4603 2812 4603 2811 4603 2812 4604 2813 4604 2814 4604 2815 4605 2813 4605 2812 4605 2813 4606 2805 4606 2814 4606 2815 4607 2805 4607 2813 4607 2816 4608 2817 4608 2825 4608 2826 4609 2817 4609 2816 4609 2817 4610 2818 4610 2825 4610 2826 4611 2818 4611 2817 4611 2818 4612 2819 4612 2825 4612 2826 4613 2819 4613 2818 4613 2819 4614 2820 4614 2825 4614 2826 4615 2820 4615 2819 4615 2820 4616 2821 4616 2825 4616 2826 4617 2821 4617 2820 4617 2821 4618 2822 4618 2825 4618 2826 4619 2822 4619 2821 4619 2822 4620 2823 4620 2825 4620 2826 4621 2823 4621 2822 4621 2823 4622 2824 4622 2825 4622 2826 4623 2824 4623 2823 4623 2824 4624 2816 4624 2825 4624 2826 4625 2816 4625 2824 4625 2827 4626 2828 4626 2836 4626 2837 4627 2828 4627 2827 4627 2828 4628 2829 4628 2836 4628 2837 4629 2829 4629 2828 4629 2829 4630 2830 4630 2836 4630 2837 4631 2830 4631 2829 4631 2830 4632 2831 4632 2836 4632 2837 4633 2831 4633 2830 4633 2831 4634 2832 4634 2836 4634 2837 4635 2832 4635 2831 4635 2832 4636 2833 4636 2836 4636 2837 4637 2833 4637 2832 4637 2833 4638 2834 4638 2836 4638 2837 4639 2834 4639 2833 4639 2834 4640 2835 4640 2836 4640 2837 4641 2835 4641 2834 4641 2835 4642 2827 4642 2836 4642 2837 4643 2827 4643 2835 4643 2838 4644 2839 4644 2847 4644 2848 4645 2839 4645 2838 4645 2839 4646 2840 4646 2847 4646 2848 4647 2840 4647 2839 4647 2840 4648 2841 4648 2847 4648 2848 4649 2841 4649 2840 4649 2841 4650 2842 4650 2847 4650 2848 4651 2842 4651 2841 4651 2842 4652 2843 4652 2847 4652 2848 4653 2843 4653 2842 4653 2843 4654 2844 4654 2847 4654 2848 4655 2844 4655 2843 4655 2844 4656 2845 4656 2847 4656 2848 4657 2845 4657 2844 4657 2845 4658 2846 4658 2847 4658 2848 4659 2846 4659 2845 4659 2846 4660 2838 4660 2847 4660 2848 4661 2838 4661 2846 4661 2849 4662 2850 4662 2858 4662 2859 4663 2850 4663 2849 4663 2850 4664 2851 4664 2858 4664 2859 4665 2851 4665 2850 4665 2851 4666 2852 4666 2858 4666 2859 4667 2852 4667 2851 4667 2852 4668 2853 4668 2858 4668 2859 4669 2853 4669 2852 4669 2853 4670 2854 4670 2858 4670 2859 4671 2854 4671 2853 4671 2854 4672 2855 4672 2858 4672 2859 4673 2855 4673 2854 4673 2855 4674 2856 4674 2858 4674 2859 4675 2856 4675 2855 4675 2856 4676 2857 4676 2858 4676 2859 4677 2857 4677 2856 4677 2857 4678 2849 4678 2858 4678 2859 4679 2849 4679 2857 4679 2860 4680 2861 4680 2869 4680 2870 4681 2861 4681 2860 4681 2861 4682 2862 4682 2869 4682 2870 4683 2862 4683 2861 4683 2862 4684 2863 4684 2869 4684 2870 4685 2863 4685 2862 4685 2863 4686 2864 4686 2869 4686 2870 4687 2864 4687 2863 4687 2864 4688 2865 4688 2869 4688 2870 4689 2865 4689 2864 4689 2865 4690 2866 4690 2869 4690 2870 4691 2866 4691 2865 4691 2866 4692 2867 4692 2869 4692 2870 4693 2867 4693 2866 4693 2867 4694 2868 4694 2869 4694 2870 4695 2868 4695 2867 4695 2868 4696 2860 4696 2869 4696 2870 4697 2860 4697 2868 4697 2871 4698 2872 4698 2880 4698 2881 4699 2872 4699 2871 4699 2872 4700 2873 4700 2880 4700 2881 4701 2873 4701 2872 4701 2873 4702 2874 4702 2880 4702 2881 4703 2874 4703 2873 4703 2874 4704 2875 4704 2880 4704 2881 4705 2875 4705 2874 4705 2875 4706 2876 4706 2880 4706 2881 4707 2876 4707 2875 4707 2876 4708 2877 4708 2880 4708 2881 4709 2877 4709 2876 4709 2877 4710 2878 4710 2880 4710 2881 4711 2878 4711 2877 4711 2878 4712 2879 4712 2880 4712 2881 4713 2879 4713 2878 4713 2879 4714 2871 4714 2880 4714 2881 4715 2871 4715 2879 4715 2882 4716 2883 4716 2891 4716 2892 4717 2883 4717 2882 4717 2883 4718 2884 4718 2891 4718 2892 4719 2884 4719 2883 4719 2884 4720 2885 4720 2891 4720 2892 4721 2885 4721 2884 4721 2885 4722 2886 4722 2891 4722 2892 4723 2886 4723 2885 4723 2886 4724 2887 4724 2891 4724 2892 4725 2887 4725 2886 4725 2887 4726 2888 4726 2891 4726 2892 4727 2888 4727 2887 4727 2888 4728 2889 4728 2891 4728 2892 4729 2889 4729 2888 4729 2889 4730 2890 4730 2891 4730 2892 4731 2890 4731 2889 4731 2890 4732 2882 4732 2891 4732 2892 4733 2882 4733 2890 4733 2893 4734 2894 4734 2902 4734 2903 4735 2894 4735 2893 4735 2894 4736 2895 4736 2902 4736 2903 4737 2895 4737 2894 4737 2895 4738 2896 4738 2902 4738 2903 4739 2896 4739 2895 4739 2896 4740 2897 4740 2902 4740 2903 4741 2897 4741 2896 4741 2897 4742 2898 4742 2902 4742 2903 4743 2898 4743 2897 4743 2898 4744 2899 4744 2902 4744 2903 4745 2899 4745 2898 4745 2899 4746 2900 4746 2902 4746 2903 4747 2900 4747 2899 4747 2900 4748 2901 4748 2902 4748 2903 4749 2901 4749 2900 4749 2901 4750 2893 4750 2902 4750 2903 4751 2893 4751 2901 4751 2904 4752 2905 4752 2913 4752 2914 4753 2905 4753 2904 4753 2905 4754 2906 4754 2913 4754 2914 4755 2906 4755 2905 4755 2906 4756 2907 4756 2913 4756 2914 4757 2907 4757 2906 4757 2907 4758 2908 4758 2913 4758 2914 4759 2908 4759 2907 4759 2908 4760 2909 4760 2913 4760 2914 4761 2909 4761 2908 4761 2909 4762 2910 4762 2913 4762 2914 4763 2910 4763 2909 4763 2910 4764 2911 4764 2913 4764 2914 4765 2911 4765 2910 4765 2911 4766 2912 4766 2913 4766 2914 4767 2912 4767 2911 4767 2912 4768 2904 4768 2913 4768 2914 4769 2904 4769 2912 4769 2915 4770 2916 4770 2924 4770 2925 4771 2916 4771 2915 4771 2916 4772 2917 4772 2924 4772 2925 4773 2917 4773 2916 4773 2917 4774 2918 4774 2924 4774 2925 4775 2918 4775 2917 4775 2918 4776 2919 4776 2924 4776 2925 4777 2919 4777 2918 4777 2919 4778 2920 4778 2924 4778 2925 4779 2920 4779 2919 4779 2920 4780 2921 4780 2924 4780 2925 4781 2921 4781 2920 4781 2921 4782 2922 4782 2924 4782 2925 4783 2922 4783 2921 4783 2922 4784 2923 4784 2924 4784 2925 4785 2923 4785 2922 4785 2923 4786 2915 4786 2924 4786 2925 4787 2915 4787 2923 4787 2926 4788 2927 4788 2935 4788 2936 4789 2927 4789 2926 4789 2927 4790 2928 4790 2935 4790 2936 4791 2928 4791 2927 4791 2928 4792 2929 4792 2935 4792 2936 4793 2929 4793 2928 4793 2929 4794 2930 4794 2935 4794 2936 4795 2930 4795 2929 4795 2930 4796 2931 4796 2935 4796 2936 4797 2931 4797 2930 4797 2931 4798 2932 4798 2935 4798 2936 4799 2932 4799 2931 4799 2932 4800 2933 4800 2935 4800 2936 4801 2933 4801 2932 4801 2933 4802 2934 4802 2935 4802 2936 4803 2934 4803 2933 4803 2934 4804 2926 4804 2935 4804 2936 4805 2926 4805 2934 4805 2937 4806 2938 4806 2946 4806 2947 4807 2938 4807 2937 4807 2938 4808 2939 4808 2946 4808 2947 4809 2939 4809 2938 4809 2939 4810 2940 4810 2946 4810 2947 4811 2940 4811 2939 4811 2940 4812 2941 4812 2946 4812 2947 4813 2941 4813 2940 4813 2941 4814 2942 4814 2946 4814 2947 4815 2942 4815 2941 4815 2942 4816 2943 4816 2946 4816 2947 4817 2943 4817 2942 4817 2943 4818 2944 4818 2946 4818 2947 4819 2944 4819 2943 4819 2944 4820 2945 4820 2946 4820 2947 4821 2945 4821 2944 4821 2945 4822 2937 4822 2946 4822 2947 4823 2937 4823 2945 4823 2948 4824 2949 4824 2957 4824 2958 4825 2949 4825 2948 4825 2949 4826 2950 4826 2957 4826 2958 4827 2950 4827 2949 4827 2950 4828 2951 4828 2957 4828 2958 4829 2951 4829 2950 4829 2951 4830 2952 4830 2957 4830 2958 4831 2952 4831 2951 4831 2952 4832 2953 4832 2957 4832 2958 4833 2953 4833 2952 4833 2953 4834 2954 4834 2957 4834 2958 4835 2954 4835 2953 4835 2954 4836 2955 4836 2957 4836 2958 4837 2955 4837 2954 4837 2955 4838 2956 4838 2957 4838 2958 4839 2956 4839 2955 4839 2956 4840 2948 4840 2957 4840 2958 4841 2948 4841 2956 4841 2959 4842 2960 4842 2968 4842 2969 4843 2960 4843 2959 4843 2960 4844 2961 4844 2968 4844 2969 4845 2961 4845 2960 4845 2961 4846 2962 4846 2968 4846 2969 4847 2962 4847 2961 4847 2962 4848 2963 4848 2968 4848 2969 4849 2963 4849 2962 4849 2963 4850 2964 4850 2968 4850 2969 4851 2964 4851 2963 4851 2964 4852 2965 4852 2968 4852 2969 4853 2965 4853 2964 4853 2965 4854 2966 4854 2968 4854 2969 4855 2966 4855 2965 4855 2966 4856 2967 4856 2968 4856 2969 4857 2967 4857 2966 4857 2967 4858 2959 4858 2968 4858 2969 4859 2959 4859 2967 4859 2970 4860 2971 4860 2979 4860 2980 4861 2971 4861 2970 4861 2971 4862 2972 4862 2979 4862 2980 4863 2972 4863 2971 4863 2972 4864 2973 4864 2979 4864 2980 4865 2973 4865 2972 4865 2973 4866 2974 4866 2979 4866 2980 4867 2974 4867 2973 4867 2974 4868 2975 4868 2979 4868 2980 4869 2975 4869 2974 4869 2975 4870 2976 4870 2979 4870 2980 4871 2976 4871 2975 4871 2976 4872 2977 4872 2979 4872 2980 4873 2977 4873 2976 4873 2977 4874 2978 4874 2979 4874 2980 4875 2978 4875 2977 4875 2978 4876 2970 4876 2979 4876 2980 4877 2970 4877 2978 4877 2981 4878 2982 4878 2990 4878 2991 4879 2982 4879 2981 4879 2982 4880 2983 4880 2990 4880 2991 4881 2983 4881 2982 4881 2983 4882 2984 4882 2990 4882 2991 4883 2984 4883 2983 4883 2984 4884 2985 4884 2990 4884 2991 4885 2985 4885 2984 4885 2985 4886 2986 4886 2990 4886 2991 4887 2986 4887 2985 4887 2986 4888 2987 4888 2990 4888 2991 4889 2987 4889 2986 4889 2987 4890 2988 4890 2990 4890 2991 4891 2988 4891 2987 4891 2988 4892 2989 4892 2990 4892 2991 4893 2989 4893 2988 4893 2989 4894 2981 4894 2990 4894 2991 4895 2981 4895 2989 4895 2992 4896 2993 4896 3001 4896 3002 4897 2993 4897 2992 4897 2993 4898 2994 4898 3001 4898 3002 4899 2994 4899 2993 4899 2994 4900 2995 4900 3001 4900 3002 4901 2995 4901 2994 4901 2995 4902 2996 4902 3001 4902 3002 4903 2996 4903 2995 4903 2996 4904 2997 4904 3001 4904 3002 4905 2997 4905 2996 4905 2997 4906 2998 4906 3001 4906 3002 4907 2998 4907 2997 4907 2998 4908 2999 4908 3001 4908 3002 4909 2999 4909 2998 4909 2999 4910 3000 4910 3001 4910 3002 4911 3000 4911 2999 4911 3000 4912 2992 4912 3001 4912 3002 4913 2992 4913 3000 4913 3003 4914 3004 4914 3012 4914 3013 4915 3004 4915 3003 4915 3004 4916 3005 4916 3012 4916 3013 4917 3005 4917 3004 4917 3005 4918 3006 4918 3012 4918 3013 4919 3006 4919 3005 4919 3006 4920 3007 4920 3012 4920 3013 4921 3007 4921 3006 4921 3007 4922 3008 4922 3012 4922 3013 4923 3008 4923 3007 4923 3008 4924 3009 4924 3012 4924 3013 4925 3009 4925 3008 4925 3009 4926 3010 4926 3012 4926 3013 4927 3010 4927 3009 4927 3010 4928 3011 4928 3012 4928 3013 4929 3011 4929 3010 4929 3011 4930 3003 4930 3012 4930 3013 4931 3003 4931 3011 4931 3014 4932 3015 4932 3023 4932 3024 4933 3015 4933 3014 4933 3015 4934 3016 4934 3023 4934 3024 4935 3016 4935 3015 4935 3016 4936 3017 4936 3023 4936 3024 4937 3017 4937 3016 4937 3017 4938 3018 4938 3023 4938 3024 4939 3018 4939 3017 4939 3018 4940 3019 4940 3023 4940 3024 4941 3019 4941 3018 4941 3019 4942 3020 4942 3023 4942 3024 4943 3020 4943 3019 4943 3020 4944 3021 4944 3023 4944 3024 4945 3021 4945 3020 4945 3021 4946 3022 4946 3023 4946 3024 4947 3022 4947 3021 4947 3022 4948 3014 4948 3023 4948 3024 4949 3014 4949 3022 4949 3025 4950 3026 4950 3034 4950 3035 4951 3026 4951 3025 4951 3026 4952 3027 4952 3034 4952 3035 4953 3027 4953 3026 4953 3027 4954 3028 4954 3034 4954 3035 4955 3028 4955 3027 4955 3028 4956 3029 4956 3034 4956 3035 4957 3029 4957 3028 4957 3029 4958 3030 4958 3034 4958 3035 4959 3030 4959 3029 4959 3030 4960 3031 4960 3034 4960 3035 4961 3031 4961 3030 4961 3031 4962 3032 4962 3034 4962 3035 4963 3032 4963 3031 4963 3032 4964 3033 4964 3034 4964 3035 4965 3033 4965 3032 4965 3033 4966 3025 4966 3034 4966 3035 4967 3025 4967 3033 4967 3036 4968 3037 4968 3045 4968 3046 4969 3037 4969 3036 4969 3037 4970 3038 4970 3045 4970 3046 4971 3038 4971 3037 4971 3038 4972 3039 4972 3045 4972 3046 4973 3039 4973 3038 4973 3039 4974 3040 4974 3045 4974 3046 4975 3040 4975 3039 4975 3040 4976 3041 4976 3045 4976 3046 4977 3041 4977 3040 4977 3041 4978 3042 4978 3045 4978 3046 4979 3042 4979 3041 4979 3042 4980 3043 4980 3045 4980 3046 4981 3043 4981 3042 4981 3043 4982 3044 4982 3045 4982 3046 4983 3044 4983 3043 4983 3044 4984 3036 4984 3045 4984 3046 4985 3036 4985 3044 4985 3047 4986 3048 4986 3056 4986 3057 4987 3048 4987 3047 4987 3048 4988 3049 4988 3056 4988 3057 4989 3049 4989 3048 4989 3049 4990 3050 4990 3056 4990 3057 4991 3050 4991 3049 4991 3050 4992 3051 4992 3056 4992 3057 4993 3051 4993 3050 4993 3051 4994 3052 4994 3056 4994 3057 4995 3052 4995 3051 4995 3052 4996 3053 4996 3056 4996 3057 4997 3053 4997 3052 4997 3053 4998 3054 4998 3056 4998 3057 4999 3054 4999 3053 4999 3054 5000 3055 5000 3056 5000 3057 5001 3055 5001 3054 5001 3055 5002 3047 5002 3056 5002 3057 5003 3047 5003 3055 5003 3058 5004 3059 5004 3067 5004 3068 5005 3059 5005 3058 5005 3059 5006 3060 5006 3067 5006 3068 5007 3060 5007 3059 5007 3060 5008 3061 5008 3067 5008 3068 5009 3061 5009 3060 5009 3061 5010 3062 5010 3067 5010 3068 5011 3062 5011 3061 5011 3062 5012 3063 5012 3067 5012 3068 5013 3063 5013 3062 5013 3063 5014 3064 5014 3067 5014 3068 5015 3064 5015 3063 5015 3064 5016 3065 5016 3067 5016 3068 5017 3065 5017 3064 5017 3065 5018 3066 5018 3067 5018 3068 5019 3066 5019 3065 5019 3066 5020 3058 5020 3067 5020 3068 5021 3058 5021 3066 5021 3069 5022 3070 5022 3078 5022 3079 5023 3070 5023 3069 5023 3070 5024 3071 5024 3078 5024 3079 5025 3071 5025 3070 5025 3071 5026 3072 5026 3078 5026 3079 5027 3072 5027 3071 5027 3072 5028 3073 5028 3078 5028 3079 5029 3073 5029 3072 5029 3073 5030 3074 5030 3078 5030 3079 5031 3074 5031 3073 5031 3074 5032 3075 5032 3078 5032 3079 5033 3075 5033 3074 5033 3075 5034 3076 5034 3078 5034 3079 5035 3076 5035 3075 5035 3076 5036 3077 5036 3078 5036 3079 5037 3077 5037 3076 5037 3077 5038 3069 5038 3078 5038 3079 5039 3069 5039 3077 5039 3080 5040 3081 5040 3089 5040 3090 5041 3081 5041 3080 5041 3081 5042 3082 5042 3089 5042 3090 5043 3082 5043 3081 5043 3082 5044 3083 5044 3089 5044 3090 5045 3083 5045 3082 5045 3083 5046 3084 5046 3089 5046 3090 5047 3084 5047 3083 5047 3084 5048 3085 5048 3089 5048 3090 5049 3085 5049 3084 5049 3085 5050 3086 5050 3089 5050 3090 5051 3086 5051 3085 5051 3086 5052 3087 5052 3089 5052 3090 5053 3087 5053 3086 5053 3087 5054 3088 5054 3089 5054 3090 5055 3088 5055 3087 5055 3088 5056 3080 5056 3089 5056 3090 5057 3080 5057 3088 5057 3091 5058 3092 5058 3100 5058 3101 5059 3092 5059 3091 5059 3092 5060 3093 5060 3100 5060 3101 5061 3093 5061 3092 5061 3093 5062 3094 5062 3100 5062 3101 5063 3094 5063 3093 5063 3094 5064 3095 5064 3100 5064 3101 5065 3095 5065 3094 5065 3095 5066 3096 5066 3100 5066 3101 5067 3096 5067 3095 5067 3096 5068 3097 5068 3100 5068 3101 5069 3097 5069 3096 5069 3097 5070 3098 5070 3100 5070 3101 5071 3098 5071 3097 5071 3098 5072 3099 5072 3100 5072 3101 5073 3099 5073 3098 5073 3099 5074 3091 5074 3100 5074 3101 5075 3091 5075 3099 5075 3102 5076 3103 5076 3111 5076 3112 5077 3103 5077 3102 5077 3103 5078 3104 5078 3111 5078 3112 5079 3104 5079 3103 5079 3104 5080 3105 5080 3111 5080 3112 5081 3105 5081 3104 5081 3105 5082 3106 5082 3111 5082 3112 5083 3106 5083 3105 5083 3106 5084 3107 5084 3111 5084 3112 5085 3107 5085 3106 5085 3107 5086 3108 5086 3111 5086 3112 5087 3108 5087 3107 5087 3108 5088 3109 5088 3111 5088 3112 5089 3109 5089 3108 5089 3109 5090 3110 5090 3111 5090 3112 5091 3110 5091 3109 5091 3110 5092 3102 5092 3111 5092 3112 5093 3102 5093 3110 5093 3113 5094 3114 5094 3122 5094 3123 5095 3114 5095 3113 5095 3114 5096 3115 5096 3122 5096 3123 5097 3115 5097 3114 5097 3115 5098 3116 5098 3122 5098 3123 5099 3116 5099 3115 5099 3116 5100 3117 5100 3122 5100 3123 5101 3117 5101 3116 5101 3117 5102 3118 5102 3122 5102 3123 5103 3118 5103 3117 5103 3118 5104 3119 5104 3122 5104 3123 5105 3119 5105 3118 5105 3119 5106 3120 5106 3122 5106 3123 5107 3120 5107 3119 5107 3120 5108 3121 5108 3122 5108 3123 5109 3121 5109 3120 5109 3121 5110 3113 5110 3122 5110 3123 5111 3113 5111 3121 5111 3124 5112 3125 5112 3133 5112 3134 5113 3125 5113 3124 5113 3125 5114 3126 5114 3133 5114 3134 5115 3126 5115 3125 5115 3126 5116 3127 5116 3133 5116 3134 5117 3127 5117 3126 5117 3127 5118 3128 5118 3133 5118 3134 5119 3128 5119 3127 5119 3128 5120 3129 5120 3133 5120 3134 5121 3129 5121 3128 5121 3129 5122 3130 5122 3133 5122 3134 5123 3130 5123 3129 5123 3130 5124 3131 5124 3133 5124 3134 5125 3131 5125 3130 5125 3131 5126 3132 5126 3133 5126 3134 5127 3132 5127 3131 5127 3132 5128 3124 5128 3133 5128 3134 5129 3124 5129 3132 5129 3135 5130 3136 5130 3144 5130 3145 5131 3136 5131 3135 5131 3136 5132 3137 5132 3144 5132 3145 5133 3137 5133 3136 5133 3137 5134 3138 5134 3144 5134 3145 5135 3138 5135 3137 5135 3138 5136 3139 5136 3144 5136 3145 5137 3139 5137 3138 5137 3139 5138 3140 5138 3144 5138 3145 5139 3140 5139 3139 5139 3140 5140 3141 5140 3144 5140 3145 5141 3141 5141 3140 5141 3141 5142 3142 5142 3144 5142 3145 5143 3142 5143 3141 5143 3142 5144 3143 5144 3144 5144 3145 5145 3143 5145 3142 5145 3143 5146 3135 5146 3144 5146 3145 5147 3135 5147 3143 5147 3146 5148 3147 5148 3155 5148 3156 5149 3147 5149 3146 5149 3147 5150 3148 5150 3155 5150 3156 5151 3148 5151 3147 5151 3148 5152 3149 5152 3155 5152 3156 5153 3149 5153 3148 5153 3149 5154 3150 5154 3155 5154 3156 5155 3150 5155 3149 5155 3150 5156 3151 5156 3155 5156 3156 5157 3151 5157 3150 5157 3151 5158 3152 5158 3155 5158 3156 5159 3152 5159 3151 5159 3152 5160 3153 5160 3155 5160 3156 5161 3153 5161 3152 5161 3153 5162 3154 5162 3155 5162 3156 5163 3154 5163 3153 5163 3154 5164 3146 5164 3155 5164 3156 5165 3146 5165 3154 5165 3157 5166 3158 5166 3166 5166 3167 5167 3158 5167 3157 5167 3158 5168 3159 5168 3166 5168 3167 5169 3159 5169 3158 5169 3159 5170 3160 5170 3166 5170 3167 5171 3160 5171 3159 5171 3160 5172 3161 5172 3166 5172 3167 5173 3161 5173 3160 5173 3161 5174 3162 5174 3166 5174 3167 5175 3162 5175 3161 5175 3162 5176 3163 5176 3166 5176 3167 5177 3163 5177 3162 5177 3163 5178 3164 5178 3166 5178 3167 5179 3164 5179 3163 5179 3164 5180 3165 5180 3166 5180 3167 5181 3165 5181 3164 5181 3165 5182 3157 5182 3166 5182 3167 5183 3157 5183 3165 5183 3168 5184 3169 5184 3177 5184 3178 5185 3169 5185 3168 5185 3169 5186 3170 5186 3177 5186 3178 5187 3170 5187 3169 5187 3170 5188 3171 5188 3177 5188 3178 5189 3171 5189 3170 5189 3171 5190 3172 5190 3177 5190 3178 5191 3172 5191 3171 5191 3172 5192 3173 5192 3177 5192 3178 5193 3173 5193 3172 5193 3173 5194 3174 5194 3177 5194 3178 5195 3174 5195 3173 5195 3174 5196 3175 5196 3177 5196 3178 5197 3175 5197 3174 5197 3175 5198 3176 5198 3177 5198 3178 5199 3176 5199 3175 5199 3176 5200 3168 5200 3177 5200 3178 5201 3168 5201 3176 5201 3179 5202 3180 5202 3188 5202 3189 5203 3180 5203 3179 5203 3180 5204 3181 5204 3188 5204 3189 5205 3181 5205 3180 5205 3181 5206 3182 5206 3188 5206 3189 5207 3182 5207 3181 5207 3182 5208 3183 5208 3188 5208 3189 5209 3183 5209 3182 5209 3183 5210 3184 5210 3188 5210 3189 5211 3184 5211 3183 5211 3184 5212 3185 5212 3188 5212 3189 5213 3185 5213 3184 5213 3185 5214 3186 5214 3188 5214 3189 5215 3186 5215 3185 5215 3186 5216 3187 5216 3188 5216 3189 5217 3187 5217 3186 5217 3187 5218 3179 5218 3188 5218 3189 5219 3179 5219 3187 5219 3190 5220 3191 5220 3199 5220 3200 5221 3191 5221 3190 5221 3191 5222 3192 5222 3199 5222 3200 5223 3192 5223 3191 5223 3192 5224 3193 5224 3199 5224 3200 5225 3193 5225 3192 5225 3193 5226 3194 5226 3199 5226 3200 5227 3194 5227 3193 5227 3194 5228 3195 5228 3199 5228 3200 5229 3195 5229 3194 5229 3195 5230 3196 5230 3199 5230 3200 5231 3196 5231 3195 5231 3196 5232 3197 5232 3199 5232 3200 5233 3197 5233 3196 5233 3197 5234 3198 5234 3199 5234 3200 5235 3198 5235 3197 5235 3198 5236 3190 5236 3199 5236 3200 5237 3190 5237 3198 5237 3201 5238 3202 5238 3210 5238 3211 5239 3202 5239 3201 5239 3202 5240 3203 5240 3210 5240 3211 5241 3203 5241 3202 5241 3203 5242 3204 5242 3210 5242 3211 5243 3204 5243 3203 5243 3204 5244 3205 5244 3210 5244 3211 5245 3205 5245 3204 5245 3205 5246 3206 5246 3210 5246 3211 5247 3206 5247 3205 5247 3206 5248 3207 5248 3210 5248 3211 5249 3207 5249 3206 5249 3207 5250 3208 5250 3210 5250 3211 5251 3208 5251 3207 5251 3208 5252 3209 5252 3210 5252 3211 5253 3209 5253 3208 5253 3209 5254 3201 5254 3210 5254 3211 5255 3201 5255 3209 5255 3212 5256 3213 5256 3221 5256 3222 5257 3213 5257 3212 5257 3213 5258 3214 5258 3221 5258 3222 5259 3214 5259 3213 5259 3214 5260 3215 5260 3221 5260 3222 5261 3215 5261 3214 5261 3215 5262 3216 5262 3221 5262 3222 5263 3216 5263 3215 5263 3216 5264 3217 5264 3221 5264 3222 5265 3217 5265 3216 5265 3217 5266 3218 5266 3221 5266 3222 5267 3218 5267 3217 5267 3218 5268 3219 5268 3221 5268 3222 5269 3219 5269 3218 5269 3219 5270 3220 5270 3221 5270 3222 5271 3220 5271 3219 5271 3220 5272 3212 5272 3221 5272 3222 5273 3212 5273 3220 5273 3223 5274 3224 5274 3232 5274 3233 5275 3224 5275 3223 5275 3224 5276 3225 5276 3232 5276 3233 5277 3225 5277 3224 5277 3225 5278 3226 5278 3232 5278 3233 5279 3226 5279 3225 5279 3226 5280 3227 5280 3232 5280 3233 5281 3227 5281 3226 5281 3227 5282 3228 5282 3232 5282 3233 5283 3228 5283 3227 5283 3228 5284 3229 5284 3232 5284 3233 5285 3229 5285 3228 5285 3229 5286 3230 5286 3232 5286 3233 5287 3230 5287 3229 5287 3230 5288 3231 5288 3232 5288 3233 5289 3231 5289 3230 5289 3231 5290 3223 5290 3232 5290 3233 5291 3223 5291 3231 5291 3234 5292 3235 5292 3243 5292 3244 5293 3235 5293 3234 5293 3235 5294 3236 5294 3243 5294 3244 5295 3236 5295 3235 5295 3236 5296 3237 5296 3243 5296 3244 5297 3237 5297 3236 5297 3237 5298 3238 5298 3243 5298 3244 5299 3238 5299 3237 5299 3238 5300 3239 5300 3243 5300 3244 5301 3239 5301 3238 5301 3239 5302 3240 5302 3243 5302 3244 5303 3240 5303 3239 5303 3240 5304 3241 5304 3243 5304 3244 5305 3241 5305 3240 5305 3241 5306 3242 5306 3243 5306 3244 5307 3242 5307 3241 5307 3242 5308 3234 5308 3243 5308 3244 5309 3234 5309 3242 5309 3245 5310 3246 5310 3254 5310 3255 5311 3246 5311 3245 5311 3246 5312 3247 5312 3254 5312 3255 5313 3247 5313 3246 5313 3247 5314 3248 5314 3254 5314 3255 5315 3248 5315 3247 5315 3248 5316 3249 5316 3254 5316 3255 5317 3249 5317 3248 5317 3249 5318 3250 5318 3254 5318 3255 5319 3250 5319 3249 5319 3250 5320 3251 5320 3254 5320 3255 5321 3251 5321 3250 5321 3251 5322 3252 5322 3254 5322 3255 5323 3252 5323 3251 5323 3252 5324 3253 5324 3254 5324 3255 5325 3253 5325 3252 5325 3253 5326 3245 5326 3254 5326 3255 5327 3245 5327 3253 5327 3256 5328 3257 5328 3265 5328 3266 5329 3257 5329 3256 5329 3257 5330 3258 5330 3265 5330 3266 5331 3258 5331 3257 5331 3258 5332 3259 5332 3265 5332 3266 5333 3259 5333 3258 5333 3259 5334 3260 5334 3265 5334 3266 5335 3260 5335 3259 5335 3260 5336 3261 5336 3265 5336 3266 5337 3261 5337 3260 5337 3261 5338 3262 5338 3265 5338 3266 5339 3262 5339 3261 5339 3262 5340 3263 5340 3265 5340 3266 5341 3263 5341 3262 5341 3263 5342 3264 5342 3265 5342 3266 5343 3264 5343 3263 5343 3264 5344 3256 5344 3265 5344 3266 5345 3256 5345 3264 5345 3267 5346 3268 5346 3276 5346 3277 5347 3268 5347 3267 5347 3268 5348 3269 5348 3276 5348 3277 5349 3269 5349 3268 5349 3269 5350 3270 5350 3276 5350 3277 5351 3270 5351 3269 5351 3270 5352 3271 5352 3276 5352 3277 5353 3271 5353 3270 5353 3271 5354 3272 5354 3276 5354 3277 5355 3272 5355 3271 5355 3272 5356 3273 5356 3276 5356 3277 5357 3273 5357 3272 5357 3273 5358 3274 5358 3276 5358 3277 5359 3274 5359 3273 5359 3274 5360 3275 5360 3276 5360 3277 5361 3275 5361 3274 5361 3275 5362 3267 5362 3276 5362 3277 5363 3267 5363 3275 5363 3278 5364 3279 5364 3287 5364 3288 5365 3279 5365 3278 5365 3279 5366 3280 5366 3287 5366 3288 5367 3280 5367 3279 5367 3280 5368 3281 5368 3287 5368 3288 5369 3281 5369 3280 5369 3281 5370 3282 5370 3287 5370 3288 5371 3282 5371 3281 5371 3282 5372 3283 5372 3287 5372 3288 5373 3283 5373 3282 5373 3283 5374 3284 5374 3287 5374 3288 5375 3284 5375 3283 5375 3284 5376 3285 5376 3287 5376 3288 5377 3285 5377 3284 5377 3285 5378 3286 5378 3287 5378 3288 5379 3286 5379 3285 5379 3286 5380 3278 5380 3287 5380 3288 5381 3278 5381 3286 5381 3289 5382 3290 5382 3298 5382 3299 5383 3290 5383 3289 5383 3290 5384 3291 5384 3298 5384 3299 5385 3291 5385 3290 5385 3291 5386 3292 5386 3298 5386 3299 5387 3292 5387 3291 5387 3292 5388 3293 5388 3298 5388 3299 5389 3293 5389 3292 5389 3293 5390 3294 5390 3298 5390 3299 5391 3294 5391 3293 5391 3294 5392 3295 5392 3298 5392 3299 5393 3295 5393 3294 5393 3295 5394 3296 5394 3298 5394 3299 5395 3296 5395 3295 5395 3296 5396 3297 5396 3298 5396 3299 5397 3297 5397 3296 5397 3297 5398 3289 5398 3298 5398 3299 5399 3289 5399 3297 5399 3300 5400 3301 5400 3309 5400 3310 5401 3301 5401 3300 5401 3301 5402 3302 5402 3309 5402 3310 5403 3302 5403 3301 5403 3302 5404 3303 5404 3309 5404 3310 5405 3303 5405 3302 5405 3303 5406 3304 5406 3309 5406 3310 5407 3304 5407 3303 5407 3304 5408 3305 5408 3309 5408 3310 5409 3305 5409 3304 5409 3305 5410 3306 5410 3309 5410 3310 5411 3306 5411 3305 5411 3306 5412 3307 5412 3309 5412 3310 5413 3307 5413 3306 5413 3307 5414 3308 5414 3309 5414 3310 5415 3308 5415 3307 5415 3308 5416 3300 5416 3309 5416 3310 5417 3300 5417 3308 5417 3311 5418 3312 5418 3320 5418 3321 5419 3312 5419 3311 5419 3312 5420 3313 5420 3320 5420 3321 5421 3313 5421 3312 5421 3313 5422 3314 5422 3320 5422 3321 5423 3314 5423 3313 5423 3314 5424 3315 5424 3320 5424 3321 5425 3315 5425 3314 5425 3315 5426 3316 5426 3320 5426 3321 5427 3316 5427 3315 5427 3316 5428 3317 5428 3320 5428 3321 5429 3317 5429 3316 5429 3317 5430 3318 5430 3320 5430 3321 5431 3318 5431 3317 5431 3318 5432 3319 5432 3320 5432 3321 5433 3319 5433 3318 5433 3319 5434 3311 5434 3320 5434 3321 5435 3311 5435 3319 5435 3322 5436 3323 5436 3331 5436 3332 5437 3323 5437 3322 5437 3323 5438 3324 5438 3331 5438 3332 5439 3324 5439 3323 5439 3324 5440 3325 5440 3331 5440 3332 5441 3325 5441 3324 5441 3325 5442 3326 5442 3331 5442 3332 5443 3326 5443 3325 5443 3326 5444 3327 5444 3331 5444 3332 5445 3327 5445 3326 5445 3327 5446 3328 5446 3331 5446 3332 5447 3328 5447 3327 5447 3328 5448 3329 5448 3331 5448 3332 5449 3329 5449 3328 5449 3329 5450 3330 5450 3331 5450 3332 5451 3330 5451 3329 5451 3330 5452 3322 5452 3331 5452 3332 5453 3322 5453 3330 5453 3333 5454 3334 5454 3342 5454 3343 5455 3334 5455 3333 5455 3334 5456 3335 5456 3342 5456 3343 5457 3335 5457 3334 5457 3335 5458 3336 5458 3342 5458 3343 5459 3336 5459 3335 5459 3336 5460 3337 5460 3342 5460 3343 5461 3337 5461 3336 5461 3337 5462 3338 5462 3342 5462 3343 5463 3338 5463 3337 5463 3338 5464 3339 5464 3342 5464 3343 5465 3339 5465 3338 5465 3339 5466 3340 5466 3342 5466 3343 5467 3340 5467 3339 5467 3340 5468 3341 5468 3342 5468 3343 5469 3341 5469 3340 5469 3341 5470 3333 5470 3342 5470 3343 5471 3333 5471 3341 5471 3344 5472 3345 5472 3353 5472 3354 5473 3345 5473 3344 5473 3345 5474 3346 5474 3353 5474 3354 5475 3346 5475 3345 5475 3346 5476 3347 5476 3353 5476 3354 5477 3347 5477 3346 5477 3347 5478 3348 5478 3353 5478 3354 5479 3348 5479 3347 5479 3348 5480 3349 5480 3353 5480 3354 5481 3349 5481 3348 5481 3349 5482 3350 5482 3353 5482 3354 5483 3350 5483 3349 5483 3350 5484 3351 5484 3353 5484 3354 5485 3351 5485 3350 5485 3351 5486 3352 5486 3353 5486 3354 5487 3352 5487 3351 5487 3352 5488 3344 5488 3353 5488 3354 5489 3344 5489 3352 5489 3355 5490 3356 5490 3364 5490 3365 5491 3356 5491 3355 5491 3356 5492 3357 5492 3364 5492 3365 5493 3357 5493 3356 5493 3357 5494 3358 5494 3364 5494 3365 5495 3358 5495 3357 5495 3358 5496 3359 5496 3364 5496 3365 5497 3359 5497 3358 5497 3359 5498 3360 5498 3364 5498 3365 5499 3360 5499 3359 5499 3360 5500 3361 5500 3364 5500 3365 5501 3361 5501 3360 5501 3361 5502 3362 5502 3364 5502 3365 5503 3362 5503 3361 5503 3362 5504 3363 5504 3364 5504 3365 5505 3363 5505 3362 5505 3363 5506 3355 5506 3364 5506 3365 5507 3355 5507 3363 5507 3366 5508 3367 5508 3375 5508 3376 5509 3367 5509 3366 5509 3367 5510 3368 5510 3375 5510 3376 5511 3368 5511 3367 5511 3368 5512 3369 5512 3375 5512 3376 5513 3369 5513 3368 5513 3369 5514 3370 5514 3375 5514 3376 5515 3370 5515 3369 5515 3370 5516 3371 5516 3375 5516 3376 5517 3371 5517 3370 5517 3371 5518 3372 5518 3375 5518 3376 5519 3372 5519 3371 5519 3372 5520 3373 5520 3375 5520 3376 5521 3373 5521 3372 5521 3373 5522 3374 5522 3375 5522 3376 5523 3374 5523 3373 5523 3374 5524 3366 5524 3375 5524 3376 5525 3366 5525 3374 5525 3377 5526 3378 5526 3386 5526 3387 5527 3378 5527 3377 5527 3378 5528 3379 5528 3386 5528 3387 5529 3379 5529 3378 5529 3379 5530 3380 5530 3386 5530 3387 5531 3380 5531 3379 5531 3380 5532 3381 5532 3386 5532 3387 5533 3381 5533 3380 5533 3381 5534 3382 5534 3386 5534 3387 5535 3382 5535 3381 5535 3382 5536 3383 5536 3386 5536 3387 5537 3383 5537 3382 5537 3383 5538 3384 5538 3386 5538 3387 5539 3384 5539 3383 5539 3384 5540 3385 5540 3386 5540 3387 5541 3385 5541 3384 5541 3385 5542 3377 5542 3386 5542 3387 5543 3377 5543 3385 5543 3388 5544 3389 5544 3397 5544 3398 5545 3389 5545 3388 5545 3389 5546 3390 5546 3397 5546 3398 5547 3390 5547 3389 5547 3390 5548 3391 5548 3397 5548 3398 5549 3391 5549 3390 5549 3391 5550 3392 5550 3397 5550 3398 5551 3392 5551 3391 5551 3392 5552 3393 5552 3397 5552 3398 5553 3393 5553 3392 5553 3393 5554 3394 5554 3397 5554 3398 5555 3394 5555 3393 5555 3394 5556 3395 5556 3397 5556 3398 5557 3395 5557 3394 5557 3395 5558 3396 5558 3397 5558 3398 5559 3396 5559 3395 5559 3396 5560 3388 5560 3397 5560 3398 5561 3388 5561 3396 5561 3399 5562 3400 5562 3408 5562 3409 5563 3400 5563 3399 5563 3400 5564 3401 5564 3408 5564 3409 5565 3401 5565 3400 5565 3401 5566 3402 5566 3408 5566 3409 5567 3402 5567 3401 5567 3402 5568 3403 5568 3408 5568 3409 5569 3403 5569 3402 5569 3403 5570 3404 5570 3408 5570 3409 5571 3404 5571 3403 5571 3404 5572 3405 5572 3408 5572 3409 5573 3405 5573 3404 5573 3405 5574 3406 5574 3408 5574 3409 5575 3406 5575 3405 5575 3406 5576 3407 5576 3408 5576 3409 5577 3407 5577 3406 5577 3407 5578 3399 5578 3408 5578 3409 5579 3399 5579 3407 5579 3410 5580 3411 5580 3419 5580 3420 5581 3411 5581 3410 5581 3411 5582 3412 5582 3419 5582 3420 5583 3412 5583 3411 5583 3412 5584 3413 5584 3419 5584 3420 5585 3413 5585 3412 5585 3413 5586 3414 5586 3419 5586 3420 5587 3414 5587 3413 5587 3414 5588 3415 5588 3419 5588 3420 5589 3415 5589 3414 5589 3415 5590 3416 5590 3419 5590 3420 5591 3416 5591 3415 5591 3416 5592 3417 5592 3419 5592 3420 5593 3417 5593 3416 5593 3417 5594 3418 5594 3419 5594 3420 5595 3418 5595 3417 5595 3418 5596 3410 5596 3419 5596 3420 5597 3410 5597 3418 5597 3421 5598 3422 5598 3430 5598 3431 5599 3422 5599 3421 5599 3422 5600 3423 5600 3430 5600 3431 5601 3423 5601 3422 5601 3423 5602 3424 5602 3430 5602 3431 5603 3424 5603 3423 5603 3424 5604 3425 5604 3430 5604 3431 5605 3425 5605 3424 5605 3425 5606 3426 5606 3430 5606 3431 5607 3426 5607 3425 5607 3426 5608 3427 5608 3430 5608 3431 5609 3427 5609 3426 5609 3427 5610 3428 5610 3430 5610 3431 5611 3428 5611 3427 5611 3428 5612 3429 5612 3430 5612 3431 5613 3429 5613 3428 5613 3429 5614 3421 5614 3430 5614 3431 5615 3421 5615 3429 5615 3432 5616 3433 5616 3441 5616 3442 5617 3433 5617 3432 5617 3433 5618 3434 5618 3441 5618 3442 5619 3434 5619 3433 5619 3434 5620 3435 5620 3441 5620 3442 5621 3435 5621 3434 5621 3435 5622 3436 5622 3441 5622 3442 5623 3436 5623 3435 5623 3436 5624 3437 5624 3441 5624 3442 5625 3437 5625 3436 5625 3437 5626 3438 5626 3441 5626 3442 5627 3438 5627 3437 5627 3438 5628 3439 5628 3441 5628 3442 5629 3439 5629 3438 5629 3439 5630 3440 5630 3441 5630 3442 5631 3440 5631 3439 5631 3440 5632 3432 5632 3441 5632 3442 5633 3432 5633 3440 5633 3443 5634 3444 5634 3452 5634 3453 5635 3444 5635 3443 5635 3444 5636 3445 5636 3452 5636 3453 5637 3445 5637 3444 5637 3445 5638 3446 5638 3452 5638 3453 5639 3446 5639 3445 5639 3446 5640 3447 5640 3452 5640 3453 5641 3447 5641 3446 5641 3447 5642 3448 5642 3452 5642 3453 5643 3448 5643 3447 5643 3448 5644 3449 5644 3452 5644 3453 5645 3449 5645 3448 5645 3449 5646 3450 5646 3452 5646 3453 5647 3450 5647 3449 5647 3450 5648 3451 5648 3452 5648 3453 5649 3451 5649 3450 5649 3451 5650 3443 5650 3452 5650 3453 5651 3443 5651 3451 5651 3454 5652 3455 5652 3463 5652 3464 5653 3455 5653 3454 5653 3455 5654 3456 5654 3463 5654 3464 5655 3456 5655 3455 5655 3456 5656 3457 5656 3463 5656 3464 5657 3457 5657 3456 5657 3457 5658 3458 5658 3463 5658 3464 5659 3458 5659 3457 5659 3458 5660 3459 5660 3463 5660 3464 5661 3459 5661 3458 5661 3459 5662 3460 5662 3463 5662 3464 5663 3460 5663 3459 5663 3460 5664 3461 5664 3463 5664 3464 5665 3461 5665 3460 5665 3461 5666 3462 5666 3463 5666 3464 5667 3462 5667 3461 5667 3462 5668 3454 5668 3463 5668 3464 5669 3454 5669 3462 5669 3465 5670 3466 5670 3474 5670 3475 5671 3466 5671 3465 5671 3466 5672 3467 5672 3474 5672 3475 5673 3467 5673 3466 5673 3467 5674 3468 5674 3474 5674 3475 5675 3468 5675 3467 5675 3468 5676 3469 5676 3474 5676 3475 5677 3469 5677 3468 5677 3469 5678 3470 5678 3474 5678 3475 5679 3470 5679 3469 5679 3470 5680 3471 5680 3474 5680 3475 5681 3471 5681 3470 5681 3471 5682 3472 5682 3474 5682 3475 5683 3472 5683 3471 5683 3472 5684 3473 5684 3474 5684 3475 5685 3473 5685 3472 5685 3473 5686 3465 5686 3474 5686 3475 5687 3465 5687 3473 5687 3476 5688 3477 5688 3485 5688 3486 5689 3477 5689 3476 5689 3477 5690 3478 5690 3485 5690 3486 5691 3478 5691 3477 5691 3478 5692 3479 5692 3485 5692 3486 5693 3479 5693 3478 5693 3479 5694 3480 5694 3485 5694 3486 5695 3480 5695 3479 5695 3480 5696 3481 5696 3485 5696 3486 5697 3481 5697 3480 5697 3481 5698 3482 5698 3485 5698 3486 5699 3482 5699 3481 5699 3482 5700 3483 5700 3485 5700 3486 5701 3483 5701 3482 5701 3483 5702 3484 5702 3485 5702 3486 5703 3484 5703 3483 5703 3484 5704 3476 5704 3485 5704 3486 5705 3476 5705 3484 5705 3487 5706 3488 5706 3496 5706 3497 5707 3488 5707 3487 5707 3488 5708 3489 5708 3496 5708 3497 5709 3489 5709 3488 5709 3489 5710 3490 5710 3496 5710 3497 5711 3490 5711 3489 5711 3490 5712 3491 5712 3496 5712 3497 5713 3491 5713 3490 5713 3491 5714 3492 5714 3496 5714 3497 5715 3492 5715 3491 5715 3492 5716 3493 5716 3496 5716 3497 5717 3493 5717 3492 5717 3493 5718 3494 5718 3496 5718 3497 5719 3494 5719 3493 5719 3494 5720 3495 5720 3496 5720 3497 5721 3495 5721 3494 5721 3495 5722 3487 5722 3496 5722 3497 5723 3487 5723 3495 5723 3498 5724 3499 5724 3507 5724 3508 5725 3499 5725 3498 5725 3499 5726 3500 5726 3507 5726 3508 5727 3500 5727 3499 5727 3500 5728 3501 5728 3507 5728 3508 5729 3501 5729 3500 5729 3501 5730 3502 5730 3507 5730 3508 5731 3502 5731 3501 5731 3502 5732 3503 5732 3507 5732 3508 5733 3503 5733 3502 5733 3503 5734 3504 5734 3507 5734 3508 5735 3504 5735 3503 5735 3504 5736 3505 5736 3507 5736 3508 5737 3505 5737 3504 5737 3505 5738 3506 5738 3507 5738 3508 5739 3506 5739 3505 5739 3506 5740 3498 5740 3507 5740 3508 5741 3498 5741 3506 5741 3509 5742 3510 5742 3518 5742 3519 5743 3510 5743 3509 5743 3510 5744 3511 5744 3518 5744 3519 5745 3511 5745 3510 5745 3511 5746 3512 5746 3518 5746 3519 5747 3512 5747 3511 5747 3512 5748 3513 5748 3518 5748 3519 5749 3513 5749 3512 5749 3513 5750 3514 5750 3518 5750 3519 5751 3514 5751 3513 5751 3514 5752 3515 5752 3518 5752 3519 5753 3515 5753 3514 5753 3515 5754 3516 5754 3518 5754 3519 5755 3516 5755 3515 5755 3516 5756 3517 5756 3518 5756 3519 5757 3517 5757 3516 5757 3517 5758 3509 5758 3518 5758 3519 5759 3509 5759 3517 5759 3520 5760 3521 5760 3529 5760 3530 5761 3521 5761 3520 5761 3521 5762 3522 5762 3529 5762 3530 5763 3522 5763 3521 5763 3522 5764 3523 5764 3529 5764 3530 5765 3523 5765 3522 5765 3523 5766 3524 5766 3529 5766 3530 5767 3524 5767 3523 5767 3524 5768 3525 5768 3529 5768 3530 5769 3525 5769 3524 5769 3525 5770 3526 5770 3529 5770 3530 5771 3526 5771 3525 5771 3526 5772 3527 5772 3529 5772 3530 5773 3527 5773 3526 5773 3527 5774 3528 5774 3529 5774 3530 5775 3528 5775 3527 5775 3528 5776 3520 5776 3529 5776 3530 5777 3520 5777 3528 5777 3531 5778 3532 5778 3540 5778 3541 5779 3532 5779 3531 5779 3532 5780 3533 5780 3540 5780 3541 5781 3533 5781 3532 5781 3533 5782 3534 5782 3540 5782 3541 5783 3534 5783 3533 5783 3534 5784 3535 5784 3540 5784 3541 5785 3535 5785 3534 5785 3535 5786 3536 5786 3540 5786 3541 5787 3536 5787 3535 5787 3536 5788 3537 5788 3540 5788 3541 5789 3537 5789 3536 5789 3537 5790 3538 5790 3540 5790 3541 5791 3538 5791 3537 5791 3538 5792 3539 5792 3540 5792 3541 5793 3539 5793 3538 5793 3539 5794 3531 5794 3540 5794 3541 5795 3531 5795 3539 5795 3542 5796 3543 5796 3551 5796 3552 5797 3543 5797 3542 5797 3543 5798 3544 5798 3551 5798 3552 5799 3544 5799 3543 5799 3544 5800 3545 5800 3551 5800 3552 5801 3545 5801 3544 5801 3545 5802 3546 5802 3551 5802 3552 5803 3546 5803 3545 5803 3546 5804 3547 5804 3551 5804 3552 5805 3547 5805 3546 5805 3547 5806 3548 5806 3551 5806 3552 5807 3548 5807 3547 5807 3548 5808 3549 5808 3551 5808 3552 5809 3549 5809 3548 5809 3549 5810 3550 5810 3551 5810 3552 5811 3550 5811 3549 5811 3550 5812 3542 5812 3551 5812 3552 5813 3542 5813 3550 5813 3553 5814 3554 5814 3562 5814 3563 5815 3554 5815 3553 5815 3554 5816 3555 5816 3562 5816 3563 5817 3555 5817 3554 5817 3555 5818 3556 5818 3562 5818 3563 5819 3556 5819 3555 5819 3556 5820 3557 5820 3562 5820 3563 5821 3557 5821 3556 5821 3557 5822 3558 5822 3562 5822 3563 5823 3558 5823 3557 5823 3558 5824 3559 5824 3562 5824 3563 5825 3559 5825 3558 5825 3559 5826 3560 5826 3562 5826 3563 5827 3560 5827 3559 5827 3560 5828 3561 5828 3562 5828 3563 5829 3561 5829 3560 5829 3561 5830 3553 5830 3562 5830 3563 5831 3553 5831 3561 5831 3564 5832 3565 5832 3573 5832 3574 5833 3565 5833 3564 5833 3565 5834 3566 5834 3573 5834 3574 5835 3566 5835 3565 5835 3566 5836 3567 5836 3573 5836 3574 5837 3567 5837 3566 5837 3567 5838 3568 5838 3573 5838 3574 5839 3568 5839 3567 5839 3568 5840 3569 5840 3573 5840 3574 5841 3569 5841 3568 5841 3569 5842 3570 5842 3573 5842 3574 5843 3570 5843 3569 5843 3570 5844 3571 5844 3573 5844 3574 5845 3571 5845 3570 5845 3571 5846 3572 5846 3573 5846 3574 5847 3572 5847 3571 5847 3572 5848 3564 5848 3573 5848 3574 5849 3564 5849 3572 5849 3575 5850 3576 5850 3584 5850 3585 5851 3576 5851 3575 5851 3576 5852 3577 5852 3584 5852 3585 5853 3577 5853 3576 5853 3577 5854 3578 5854 3584 5854 3585 5855 3578 5855 3577 5855 3578 5856 3579 5856 3584 5856 3585 5857 3579 5857 3578 5857 3579 5858 3580 5858 3584 5858 3585 5859 3580 5859 3579 5859 3580 5860 3581 5860 3584 5860 3585 5861 3581 5861 3580 5861 3581 5862 3582 5862 3584 5862 3585 5863 3582 5863 3581 5863 3582 5864 3583 5864 3584 5864 3585 5865 3583 5865 3582 5865 3583 5866 3575 5866 3584 5866 3585 5867 3575 5867 3583 5867 3586 5868 3587 5868 3595 5868 3596 5869 3587 5869 3586 5869 3587 5870 3588 5870 3595 5870 3596 5871 3588 5871 3587 5871 3588 5872 3589 5872 3595 5872 3596 5873 3589 5873 3588 5873 3589 5874 3590 5874 3595 5874 3596 5875 3590 5875 3589 5875 3590 5876 3591 5876 3595 5876 3596 5877 3591 5877 3590 5877 3591 5878 3592 5878 3595 5878 3596 5879 3592 5879 3591 5879 3592 5880 3593 5880 3595 5880 3596 5881 3593 5881 3592 5881 3593 5882 3594 5882 3595 5882 3596 5883 3594 5883 3593 5883 3594 5884 3586 5884 3595 5884 3596 5885 3586 5885 3594 5885 3597 5886 3598 5886 3606 5886 3607 5887 3598 5887 3597 5887 3598 5888 3599 5888 3606 5888 3607 5889 3599 5889 3598 5889 3599 5890 3600 5890 3606 5890 3607 5891 3600 5891 3599 5891 3600 5892 3601 5892 3606 5892 3607 5893 3601 5893 3600 5893 3601 5894 3602 5894 3606 5894 3607 5895 3602 5895 3601 5895 3602 5896 3603 5896 3606 5896 3607 5897 3603 5897 3602 5897 3603 5898 3604 5898 3606 5898 3607 5899 3604 5899 3603 5899 3604 5900 3605 5900 3606 5900 3607 5901 3605 5901 3604 5901 3605 5902 3597 5902 3606 5902 3607 5903 3597 5903 3605 5903 3608 5904 3609 5904 3617 5904 3618 5905 3609 5905 3608 5905 3609 5906 3610 5906 3617 5906 3618 5907 3610 5907 3609 5907 3610 5908 3611 5908 3617 5908 3618 5909 3611 5909 3610 5909 3611 5910 3612 5910 3617 5910 3618 5911 3612 5911 3611 5911 3612 5912 3613 5912 3617 5912 3618 5913 3613 5913 3612 5913 3613 5914 3614 5914 3617 5914 3618 5915 3614 5915 3613 5915 3614 5916 3615 5916 3617 5916 3618 5917 3615 5917 3614 5917 3615 5918 3616 5918 3617 5918 3618 5919 3616 5919 3615 5919 3616 5920 3608 5920 3617 5920 3618 5921 3608 5921 3616 5921 3619 5922 3620 5922 3628 5922 3629 5923 3620 5923 3619 5923 3620 5924 3621 5924 3628 5924 3629 5925 3621 5925 3620 5925 3621 5926 3622 5926 3628 5926 3629 5927 3622 5927 3621 5927 3622 5928 3623 5928 3628 5928 3629 5929 3623 5929 3622 5929 3623 5930 3624 5930 3628 5930 3629 5931 3624 5931 3623 5931 3624 5932 3625 5932 3628 5932 3629 5933 3625 5933 3624 5933 3625 5934 3626 5934 3628 5934 3629 5935 3626 5935 3625 5935 3626 5936 3627 5936 3628 5936 3629 5937 3627 5937 3626 5937 3627 5938 3619 5938 3628 5938 3629 5939 3619 5939 3627 5939 3630 5940 3631 5940 3639 5940 3640 5941 3631 5941 3630 5941 3631 5942 3632 5942 3639 5942 3640 5943 3632 5943 3631 5943 3632 5944 3633 5944 3639 5944 3640 5945 3633 5945 3632 5945 3633 5946 3634 5946 3639 5946 3640 5947 3634 5947 3633 5947 3634 5948 3635 5948 3639 5948 3640 5949 3635 5949 3634 5949 3635 5950 3636 5950 3639 5950 3640 5951 3636 5951 3635 5951 3636 5952 3637 5952 3639 5952 3640 5953 3637 5953 3636 5953 3637 5954 3638 5954 3639 5954 3640 5955 3638 5955 3637 5955 3638 5956 3630 5956 3639 5956 3640 5957 3630 5957 3638 5957 3641 5958 3642 5958 3650 5958 3651 5959 3642 5959 3641 5959 3642 5960 3643 5960 3650 5960 3651 5961 3643 5961 3642 5961 3643 5962 3644 5962 3650 5962 3651 5963 3644 5963 3643 5963 3644 5964 3645 5964 3650 5964 3651 5965 3645 5965 3644 5965 3645 5966 3646 5966 3650 5966 3651 5967 3646 5967 3645 5967 3646 5968 3647 5968 3650 5968 3651 5969 3647 5969 3646 5969 3647 5970 3648 5970 3650 5970 3651 5971 3648 5971 3647 5971 3648 5972 3649 5972 3650 5972 3651 5973 3649 5973 3648 5973 3649 5974 3641 5974 3650 5974 3651 5975 3641 5975 3649 5975 3652 5976 3653 5976 3661 5976 3662 5977 3653 5977 3652 5977 3653 5978 3654 5978 3661 5978 3662 5979 3654 5979 3653 5979 3654 5980 3655 5980 3661 5980 3662 5981 3655 5981 3654 5981 3655 5982 3656 5982 3661 5982 3662 5983 3656 5983 3655 5983 3656 5984 3657 5984 3661 5984 3662 5985 3657 5985 3656 5985 3657 5986 3658 5986 3661 5986 3662 5987 3658 5987 3657 5987 3658 5988 3659 5988 3661 5988 3662 5989 3659 5989 3658 5989 3659 5990 3660 5990 3661 5990 3662 5991 3660 5991 3659 5991 3660 5992 3652 5992 3661 5992 3662 5993 3652 5993 3660 5993 3663 5994 3664 5994 3672 5994 3673 5995 3664 5995 3663 5995 3664 5996 3665 5996 3672 5996 3673 5997 3665 5997 3664 5997 3665 5998 3666 5998 3672 5998 3673 5999 3666 5999 3665 5999 3666 6000 3667 6000 3672 6000 3673 6001 3667 6001 3666 6001 3667 6002 3668 6002 3672 6002 3673 6003 3668 6003 3667 6003 3668 6004 3669 6004 3672 6004 3673 6005 3669 6005 3668 6005 3669 6006 3670 6006 3672 6006 3673 6007 3670 6007 3669 6007 3670 6008 3671 6008 3672 6008 3673 6009 3671 6009 3670 6009 3671 6010 3663 6010 3672 6010 3673 6011 3663 6011 3671 6011 3674 6012 3675 6012 3683 6012 3684 6013 3675 6013 3674 6013 3675 6014 3676 6014 3683 6014 3684 6015 3676 6015 3675 6015 3676 6016 3677 6016 3683 6016 3684 6017 3677 6017 3676 6017 3677 6018 3678 6018 3683 6018 3684 6019 3678 6019 3677 6019 3678 6020 3679 6020 3683 6020 3684 6021 3679 6021 3678 6021 3679 6022 3680 6022 3683 6022 3684 6023 3680 6023 3679 6023 3680 6024 3681 6024 3683 6024 3684 6025 3681 6025 3680 6025 3681 6026 3682 6026 3683 6026 3684 6027 3682 6027 3681 6027 3682 6028 3674 6028 3683 6028 3684 6029 3674 6029 3682 6029 3685 6030 3686 6030 3694 6030 3695 6031 3686 6031 3685 6031 3686 6032 3687 6032 3694 6032 3695 6033 3687 6033 3686 6033 3687 6034 3688 6034 3694 6034 3695 6035 3688 6035 3687 6035 3688 6036 3689 6036 3694 6036 3695 6037 3689 6037 3688 6037 3689 6038 3690 6038 3694 6038 3695 6039 3690 6039 3689 6039 3690 6040 3691 6040 3694 6040 3695 6041 3691 6041 3690 6041 3691 6042 3692 6042 3694 6042 3695 6043 3692 6043 3691 6043 3692 6044 3693 6044 3694 6044 3695 6045 3693 6045 3692 6045 3693 6046 3685 6046 3694 6046 3695 6047 3685 6047 3693 6047 3696 6048 3697 6048 3705 6048 3706 6049 3697 6049 3696 6049 3697 6050 3698 6050 3705 6050 3706 6051 3698 6051 3697 6051 3698 6052 3699 6052 3705 6052 3706 6053 3699 6053 3698 6053 3699 6054 3700 6054 3705 6054 3706 6055 3700 6055 3699 6055 3700 6056 3701 6056 3705 6056 3706 6057 3701 6057 3700 6057 3701 6058 3702 6058 3705 6058 3706 6059 3702 6059 3701 6059 3702 6060 3703 6060 3705 6060 3706 6061 3703 6061 3702 6061 3703 6062 3704 6062 3705 6062 3706 6063 3704 6063 3703 6063 3704 6064 3696 6064 3705 6064 3706 6065 3696 6065 3704 6065 3707 6066 3708 6066 3716 6066 3717 6067 3708 6067 3707 6067 3708 6068 3709 6068 3716 6068 3717 6069 3709 6069 3708 6069 3709 6070 3710 6070 3716 6070 3717 6071 3710 6071 3709 6071 3710 6072 3711 6072 3716 6072 3717 6073 3711 6073 3710 6073 3711 6074 3712 6074 3716 6074 3717 6075 3712 6075 3711 6075 3712 6076 3713 6076 3716 6076 3717 6077 3713 6077 3712 6077 3713 6078 3714 6078 3716 6078 3717 6079 3714 6079 3713 6079 3714 6080 3715 6080 3716 6080 3717 6081 3715 6081 3714 6081 3715 6082 3707 6082 3716 6082 3717 6083 3707 6083 3715 6083 3718 6084 3719 6084 3727 6084 3728 6085 3719 6085 3718 6085 3719 6086 3720 6086 3727 6086 3728 6087 3720 6087 3719 6087 3720 6088 3721 6088 3727 6088 3728 6089 3721 6089 3720 6089 3721 6090 3722 6090 3727 6090 3728 6091 3722 6091 3721 6091 3722 6092 3723 6092 3727 6092 3728 6093 3723 6093 3722 6093 3723 6094 3724 6094 3727 6094 3728 6095 3724 6095 3723 6095 3724 6096 3725 6096 3727 6096 3728 6097 3725 6097 3724 6097 3725 6098 3726 6098 3727 6098 3728 6099 3726 6099 3725 6099 3726 6100 3718 6100 3727 6100 3728 6101 3718 6101 3726 6101 3729 6102 3730 6102 3738 6102 3739 6103 3730 6103 3729 6103 3730 6104 3731 6104 3738 6104 3739 6105 3731 6105 3730 6105 3731 6106 3732 6106 3738 6106 3739 6107 3732 6107 3731 6107 3732 6108 3733 6108 3738 6108 3739 6109 3733 6109 3732 6109 3733 6110 3734 6110 3738 6110 3739 6111 3734 6111 3733 6111 3734 6112 3735 6112 3738 6112 3739 6113 3735 6113 3734 6113 3735 6114 3736 6114 3738 6114 3739 6115 3736 6115 3735 6115 3736 6116 3737 6116 3738 6116 3739 6117 3737 6117 3736 6117 3737 6118 3729 6118 3738 6118 3739 6119 3729 6119 3737 6119 3740 6120 3741 6120 3749 6120 3750 6121 3741 6121 3740 6121 3741 6122 3742 6122 3749 6122 3750 6123 3742 6123 3741 6123 3742 6124 3743 6124 3749 6124 3750 6125 3743 6125 3742 6125 3743 6126 3744 6126 3749 6126 3750 6127 3744 6127 3743 6127 3744 6128 3745 6128 3749 6128 3750 6129 3745 6129 3744 6129 3745 6130 3746 6130 3749 6130 3750 6131 3746 6131 3745 6131 3746 6132 3747 6132 3749 6132 3750 6133 3747 6133 3746 6133 3747 6134 3748 6134 3749 6134 3750 6135 3748 6135 3747 6135 3748 6136 3740 6136 3749 6136 3750 6137 3740 6137 3748 6137 3751 6138 3752 6138 3760 6138 3761 6139 3752 6139 3751 6139 3752 6140 3753 6140 3760 6140 3761 6141 3753 6141 3752 6141 3753 6142 3754 6142 3760 6142 3761 6143 3754 6143 3753 6143 3754 6144 3755 6144 3760 6144 3761 6145 3755 6145 3754 6145 3755 6146 3756 6146 3760 6146 3761 6147 3756 6147 3755 6147 3756 6148 3757 6148 3760 6148 3761 6149 3757 6149 3756 6149 3757 6150 3758 6150 3760 6150 3761 6151 3758 6151 3757 6151 3758 6152 3759 6152 3760 6152 3761 6153 3759 6153 3758 6153 3759 6154 3751 6154 3760 6154 3761 6155 3751 6155 3759 6155 3762 6156 3763 6156 3771 6156 3772 6157 3763 6157 3762 6157 3763 6158 3764 6158 3771 6158 3772 6159 3764 6159 3763 6159 3764 6160 3765 6160 3771 6160 3772 6161 3765 6161 3764 6161 3765 6162 3766 6162 3771 6162 3772 6163 3766 6163 3765 6163 3766 6164 3767 6164 3771 6164 3772 6165 3767 6165 3766 6165 3767 6166 3768 6166 3771 6166 3772 6167 3768 6167 3767 6167 3768 6168 3769 6168 3771 6168 3772 6169 3769 6169 3768 6169 3769 6170 3770 6170 3771 6170 3772 6171 3770 6171 3769 6171 3770 6172 3762 6172 3771 6172 3772 6173 3762 6173 3770 6173 3773 6174 3774 6174 3782 6174 3783 6175 3774 6175 3773 6175 3774 6176 3775 6176 3782 6176 3783 6177 3775 6177 3774 6177 3775 6178 3776 6178 3782 6178 3783 6179 3776 6179 3775 6179 3776 6180 3777 6180 3782 6180 3783 6181 3777 6181 3776 6181 3777 6182 3778 6182 3782 6182 3783 6183 3778 6183 3777 6183 3778 6184 3779 6184 3782 6184 3783 6185 3779 6185 3778 6185 3779 6186 3780 6186 3782 6186 3783 6187 3780 6187 3779 6187 3780 6188 3781 6188 3782 6188 3783 6189 3781 6189 3780 6189 3781 6190 3773 6190 3782 6190 3783 6191 3773 6191 3781 6191 3784 6192 3785 6192 3793 6192 3794 6193 3785 6193 3784 6193 3785 6194 3786 6194 3793 6194 3794 6195 3786 6195 3785 6195 3786 6196 3787 6196 3793 6196 3794 6197 3787 6197 3786 6197 3787 6198 3788 6198 3793 6198 3794 6199 3788 6199 3787 6199 3788 6200 3789 6200 3793 6200 3794 6201 3789 6201 3788 6201 3789 6202 3790 6202 3793 6202 3794 6203 3790 6203 3789 6203 3790 6204 3791 6204 3793 6204 3794 6205 3791 6205 3790 6205 3791 6206 3792 6206 3793 6206 3794 6207 3792 6207 3791 6207 3792 6208 3784 6208 3793 6208 3794 6209 3784 6209 3792 6209 3795 6210 3796 6210 3804 6210 3805 6211 3796 6211 3795 6211 3796 6212 3797 6212 3804 6212 3805 6213 3797 6213 3796 6213 3797 6214 3798 6214 3804 6214 3805 6215 3798 6215 3797 6215 3798 6216 3799 6216 3804 6216 3805 6217 3799 6217 3798 6217 3799 6218 3800 6218 3804 6218 3805 6219 3800 6219 3799 6219 3800 6220 3801 6220 3804 6220 3805 6221 3801 6221 3800 6221 3801 6222 3802 6222 3804 6222 3805 6223 3802 6223 3801 6223 3802 6224 3803 6224 3804 6224 3805 6225 3803 6225 3802 6225 3803 6226 3795 6226 3804 6226 3805 6227 3795 6227 3803 6227 3806 6228 3807 6228 3815 6228 3816 6229 3807 6229 3806 6229 3807 6230 3808 6230 3815 6230 3816 6231 3808 6231 3807 6231 3808 6232 3809 6232 3815 6232 3816 6233 3809 6233 3808 6233 3809 6234 3810 6234 3815 6234 3816 6235 3810 6235 3809 6235 3810 6236 3811 6236 3815 6236 3816 6237 3811 6237 3810 6237 3811 6238 3812 6238 3815 6238 3816 6239 3812 6239 3811 6239 3812 6240 3813 6240 3815 6240 3816 6241 3813 6241 3812 6241 3813 6242 3814 6242 3815 6242 3816 6243 3814 6243 3813 6243 3814 6244 3806 6244 3815 6244 3816 6245 3806 6245 3814 6245 3817 6246 3818 6246 3826 6246 3827 6247 3818 6247 3817 6247 3818 6248 3819 6248 3826 6248 3827 6249 3819 6249 3818 6249 3819 6250 3820 6250 3826 6250 3827 6251 3820 6251 3819 6251 3820 6252 3821 6252 3826 6252 3827 6253 3821 6253 3820 6253 3821 6254 3822 6254 3826 6254 3827 6255 3822 6255 3821 6255 3822 6256 3823 6256 3826 6256 3827 6257 3823 6257 3822 6257 3823 6258 3824 6258 3826 6258 3827 6259 3824 6259 3823 6259 3824 6260 3825 6260 3826 6260 3827 6261 3825 6261 3824 6261 3825 6262 3817 6262 3826 6262 3827 6263 3817 6263 3825 6263 3828 6264 3829 6264 3837 6264 3838 6265 3829 6265 3828 6265 3829 6266 3830 6266 3837 6266 3838 6267 3830 6267 3829 6267 3830 6268 3831 6268 3837 6268 3838 6269 3831 6269 3830 6269 3831 6270 3832 6270 3837 6270 3838 6271 3832 6271 3831 6271 3832 6272 3833 6272 3837 6272 3838 6273 3833 6273 3832 6273 3833 6274 3834 6274 3837 6274 3838 6275 3834 6275 3833 6275 3834 6276 3835 6276 3837 6276 3838 6277 3835 6277 3834 6277 3835 6278 3836 6278 3837 6278 3838 6279 3836 6279 3835 6279 3836 6280 3828 6280 3837 6280 3838 6281 3828 6281 3836 6281 3839 6282 3840 6282 3848 6282 3849 6283 3840 6283 3839 6283 3840 6284 3841 6284 3848 6284 3849 6285 3841 6285 3840 6285 3841 6286 3842 6286 3848 6286 3849 6287 3842 6287 3841 6287 3842 6288 3843 6288 3848 6288 3849 6289 3843 6289 3842 6289 3843 6290 3844 6290 3848 6290 3849 6291 3844 6291 3843 6291 3844 6292 3845 6292 3848 6292 3849 6293 3845 6293 3844 6293 3845 6294 3846 6294 3848 6294 3849 6295 3846 6295 3845 6295 3846 6296 3847 6296 3848 6296 3849 6297 3847 6297 3846 6297 3847 6298 3839 6298 3848 6298 3849 6299 3839 6299 3847 6299 3850 6300 3851 6300 3859 6300 3860 6301 3851 6301 3850 6301 3851 6302 3852 6302 3859 6302 3860 6303 3852 6303 3851 6303 3852 6304 3853 6304 3859 6304 3860 6305 3853 6305 3852 6305 3853 6306 3854 6306 3859 6306 3860 6307 3854 6307 3853 6307 3854 6308 3855 6308 3859 6308 3860 6309 3855 6309 3854 6309 3855 6310 3856 6310 3859 6310 3860 6311 3856 6311 3855 6311 3856 6312 3857 6312 3859 6312 3860 6313 3857 6313 3856 6313 3857 6314 3858 6314 3859 6314 3860 6315 3858 6315 3857 6315 3858 6316 3850 6316 3859 6316 3860 6317 3850 6317 3858 6317 3861 6318 3862 6318 3870 6318 3871 6319 3862 6319 3861 6319 3862 6320 3863 6320 3870 6320 3871 6321 3863 6321 3862 6321 3863 6322 3864 6322 3870 6322 3871 6323 3864 6323 3863 6323 3864 6324 3865 6324 3870 6324 3871 6325 3865 6325 3864 6325 3865 6326 3866 6326 3870 6326 3871 6327 3866 6327 3865 6327 3866 6328 3867 6328 3870 6328 3871 6329 3867 6329 3866 6329 3867 6330 3868 6330 3870 6330 3871 6331 3868 6331 3867 6331 3868 6332 3869 6332 3870 6332 3871 6333 3869 6333 3868 6333 3869 6334 3861 6334 3870 6334 3871 6335 3861 6335 3869 6335 3872 6336 3873 6336 3881 6336 3882 6337 3873 6337 3872 6337 3873 6338 3874 6338 3881 6338 3882 6339 3874 6339 3873 6339 3874 6340 3875 6340 3881 6340 3882 6341 3875 6341 3874 6341 3875 6342 3876 6342 3881 6342 3882 6343 3876 6343 3875 6343 3876 6344 3877 6344 3881 6344 3882 6345 3877 6345 3876 6345 3877 6346 3878 6346 3881 6346 3882 6347 3878 6347 3877 6347 3878 6348 3879 6348 3881 6348 3882 6349 3879 6349 3878 6349 3879 6350 3880 6350 3881 6350 3882 6351 3880 6351 3879 6351 3880 6352 3872 6352 3881 6352 3882 6353 3872 6353 3880 6353 3883 6354 3884 6354 3892 6354 3893 6355 3884 6355 3883 6355 3884 6356 3885 6356 3892 6356 3893 6357 3885 6357 3884 6357 3885 6358 3886 6358 3892 6358 3893 6359 3886 6359 3885 6359 3886 6360 3887 6360 3892 6360 3893 6361 3887 6361 3886 6361 3887 6362 3888 6362 3892 6362 3893 6363 3888 6363 3887 6363 3888 6364 3889 6364 3892 6364 3893 6365 3889 6365 3888 6365 3889 6366 3890 6366 3892 6366 3893 6367 3890 6367 3889 6367 3890 6368 3891 6368 3892 6368 3893 6369 3891 6369 3890 6369 3891 6370 3883 6370 3892 6370 3893 6371 3883 6371 3891 6371 3894 6372 3895 6372 3903 6372 3904 6373 3895 6373 3894 6373 3895 6374 3896 6374 3903 6374 3904 6375 3896 6375 3895 6375 3896 6376 3897 6376 3903 6376 3904 6377 3897 6377 3896 6377 3897 6378 3898 6378 3903 6378 3904 6379 3898 6379 3897 6379 3898 6380 3899 6380 3903 6380 3904 6381 3899 6381 3898 6381 3899 6382 3900 6382 3903 6382 3904 6383 3900 6383 3899 6383 3900 6384 3901 6384 3903 6384 3904 6385 3901 6385 3900 6385 3901 6386 3902 6386 3903 6386 3904 6387 3902 6387 3901 6387 3902 6388 3894 6388 3903 6388 3904 6389 3894 6389 3902 6389 3905 6390 3906 6390 3914 6390 3915 6391 3906 6391 3905 6391 3906 6392 3907 6392 3914 6392 3915 6393 3907 6393 3906 6393 3907 6394 3908 6394 3914 6394 3915 6395 3908 6395 3907 6395 3908 6396 3909 6396 3914 6396 3915 6397 3909 6397 3908 6397 3909 6398 3910 6398 3914 6398 3915 6399 3910 6399 3909 6399 3910 6400 3911 6400 3914 6400 3915 6401 3911 6401 3910 6401 3911 6402 3912 6402 3914 6402 3915 6403 3912 6403 3911 6403 3912 6404 3913 6404 3914 6404 3915 6405 3913 6405 3912 6405 3913 6406 3905 6406 3914 6406 3915 6407 3905 6407 3913 6407 3916 6408 3917 6408 3925 6408 3926 6409 3917 6409 3916 6409 3917 6410 3918 6410 3925 6410 3926 6411 3918 6411 3917 6411 3918 6412 3919 6412 3925 6412 3926 6413 3919 6413 3918 6413 3919 6414 3920 6414 3925 6414 3926 6415 3920 6415 3919 6415 3920 6416 3921 6416 3925 6416 3926 6417 3921 6417 3920 6417 3921 6418 3922 6418 3925 6418 3926 6419 3922 6419 3921 6419 3922 6420 3923 6420 3925 6420 3926 6421 3923 6421 3922 6421 3923 6422 3924 6422 3925 6422 3926 6423 3924 6423 3923 6423 3924 6424 3916 6424 3925 6424 3926 6425 3916 6425 3924 6425 3927 6426 3928 6426 3936 6426 3937 6427 3928 6427 3927 6427 3928 6428 3929 6428 3936 6428 3937 6429 3929 6429 3928 6429 3929 6430 3930 6430 3936 6430 3937 6431 3930 6431 3929 6431 3930 6432 3931 6432 3936 6432 3937 6433 3931 6433 3930 6433 3931 6434 3932 6434 3936 6434 3937 6435 3932 6435 3931 6435 3932 6436 3933 6436 3936 6436 3937 6437 3933 6437 3932 6437 3933 6438 3934 6438 3936 6438 3937 6439 3934 6439 3933 6439 3934 6440 3935 6440 3936 6440 3937 6441 3935 6441 3934 6441 3935 6442 3927 6442 3936 6442 3937 6443 3927 6443 3935 6443 3938 6444 3939 6444 3947 6444 3948 6445 3939 6445 3938 6445 3939 6446 3940 6446 3947 6446 3948 6447 3940 6447 3939 6447 3940 6448 3941 6448 3947 6448 3948 6449 3941 6449 3940 6449 3941 6450 3942 6450 3947 6450 3948 6451 3942 6451 3941 6451 3942 6452 3943 6452 3947 6452 3948 6453 3943 6453 3942 6453 3943 6454 3944 6454 3947 6454 3948 6455 3944 6455 3943 6455 3944 6456 3945 6456 3947 6456 3948 6457 3945 6457 3944 6457 3945 6458 3946 6458 3947 6458 3948 6459 3946 6459 3945 6459 3946 6460 3938 6460 3947 6460 3948 6461 3938 6461 3946 6461 3949 6462 3950 6462 3958 6462 3959 6463 3950 6463 3949 6463 3950 6464 3951 6464 3958 6464 3959 6465 3951 6465 3950 6465 3951 6466 3952 6466 3958 6466 3959 6467 3952 6467 3951 6467 3952 6468 3953 6468 3958 6468 3959 6469 3953 6469 3952 6469 3953 6470 3954 6470 3958 6470 3959 6471 3954 6471 3953 6471 3954 6472 3955 6472 3958 6472 3959 6473 3955 6473 3954 6473 3955 6474 3956 6474 3958 6474 3959 6475 3956 6475 3955 6475 3956 6476 3957 6476 3958 6476 3959 6477 3957 6477 3956 6477 3957 6478 3949 6478 3958 6478 3959 6479 3949 6479 3957 6479 3960 6480 3961 6480 3969 6480 3970 6481 3961 6481 3960 6481 3961 6482 3962 6482 3969 6482 3970 6483 3962 6483 3961 6483 3962 6484 3963 6484 3969 6484 3970 6485 3963 6485 3962 6485 3963 6486 3964 6486 3969 6486 3970 6487 3964 6487 3963 6487 3964 6488 3965 6488 3969 6488 3970 6489 3965 6489 3964 6489 3965 6490 3966 6490 3969 6490 3970 6491 3966 6491 3965 6491 3966 6492 3967 6492 3969 6492 3970 6493 3967 6493 3966 6493 3967 6494 3968 6494 3969 6494 3970 6495 3968 6495 3967 6495 3968 6496 3960 6496 3969 6496 3970 6497 3960 6497 3968 6497 3971 6498 3972 6498 3980 6498 3981 6499 3972 6499 3971 6499 3972 6500 3973 6500 3980 6500 3981 6501 3973 6501 3972 6501 3973 6502 3974 6502 3980 6502 3981 6503 3974 6503 3973 6503 3974 6504 3975 6504 3980 6504 3981 6505 3975 6505 3974 6505 3975 6506 3976 6506 3980 6506 3981 6507 3976 6507 3975 6507 3976 6508 3977 6508 3980 6508 3981 6509 3977 6509 3976 6509 3977 6510 3978 6510 3980 6510 3981 6511 3978 6511 3977 6511 3978 6512 3979 6512 3980 6512 3981 6513 3979 6513 3978 6513 3979 6514 3971 6514 3980 6514 3981 6515 3971 6515 3979 6515 3982 6516 3983 6516 3991 6516 3992 6517 3983 6517 3982 6517 3983 6518 3984 6518 3991 6518 3992 6519 3984 6519 3983 6519 3984 6520 3985 6520 3991 6520 3992 6521 3985 6521 3984 6521 3985 6522 3986 6522 3991 6522 3992 6523 3986 6523 3985 6523 3986 6524 3987 6524 3991 6524 3992 6525 3987 6525 3986 6525 3987 6526 3988 6526 3991 6526 3992 6527 3988 6527 3987 6527 3988 6528 3989 6528 3991 6528 3992 6529 3989 6529 3988 6529 3989 6530 3990 6530 3991 6530 3992 6531 3990 6531 3989 6531 3990 6532 3982 6532 3991 6532 3992 6533 3982 6533 3990 6533 3993 6534 3994 6534 4002 6534 4003 6535 3994 6535 3993 6535 3994 6536 3995 6536 4002 6536 4003 6537 3995 6537 3994 6537 3995 6538 3996 6538 4002 6538 4003 6539 3996 6539 3995 6539 3996 6540 3997 6540 4002 6540 4003 6541 3997 6541 3996 6541 3997 6542 3998 6542 4002 6542 4003 6543 3998 6543 3997 6543 3998 6544 3999 6544 4002 6544 4003 6545 3999 6545 3998 6545 3999 6546 4000 6546 4002 6546 4003 6547 4000 6547 3999 6547 4000 6548 4001 6548 4002 6548 4003 6549 4001 6549 4000 6549 4001 6550 3993 6550 4002 6550 4003 6551 3993 6551 4001 6551 4004 6552 4005 6552 4013 6552 4014 6553 4005 6553 4004 6553 4005 6554 4006 6554 4013 6554 4014 6555 4006 6555 4005 6555 4006 6556 4007 6556 4013 6556 4014 6557 4007 6557 4006 6557 4007 6558 4008 6558 4013 6558 4014 6559 4008 6559 4007 6559 4008 6560 4009 6560 4013 6560 4014 6561 4009 6561 4008 6561 4009 6562 4010 6562 4013 6562 4014 6563 4010 6563 4009 6563 4010 6564 4011 6564 4013 6564 4014 6565 4011 6565 4010 6565 4011 6566 4012 6566 4013 6566 4014 6567 4012 6567 4011 6567 4012 6568 4004 6568 4013 6568 4014 6569 4004 6569 4012 6569 4015 6570 4016 6570 4024 6570 4025 6571 4016 6571 4015 6571 4016 6572 4017 6572 4024 6572 4025 6573 4017 6573 4016 6573 4017 6574 4018 6574 4024 6574 4025 6575 4018 6575 4017 6575 4018 6576 4019 6576 4024 6576 4025 6577 4019 6577 4018 6577 4019 6578 4020 6578 4024 6578 4025 6579 4020 6579 4019 6579 4020 6580 4021 6580 4024 6580 4025 6581 4021 6581 4020 6581 4021 6582 4022 6582 4024 6582 4025 6583 4022 6583 4021 6583 4022 6584 4023 6584 4024 6584 4025 6585 4023 6585 4022 6585 4023 6586 4015 6586 4024 6586 4025 6587 4015 6587 4023 6587 4026 6588 4027 6588 4035 6588 4036 6589 4027 6589 4026 6589 4027 6590 4028 6590 4035 6590 4036 6591 4028 6591 4027 6591 4028 6592 4029 6592 4035 6592 4036 6593 4029 6593 4028 6593 4029 6594 4030 6594 4035 6594 4036 6595 4030 6595 4029 6595 4030 6596 4031 6596 4035 6596 4036 6597 4031 6597 4030 6597 4031 6598 4032 6598 4035 6598 4036 6599 4032 6599 4031 6599 4032 6600 4033 6600 4035 6600 4036 6601 4033 6601 4032 6601 4033 6602 4034 6602 4035 6602 4036 6603 4034 6603 4033 6603 4034 6604 4026 6604 4035 6604 4036 6605 4026 6605 4034 6605 4037 6606 4038 6606 4046 6606 4047 6607 4038 6607 4037 6607 4038 6608 4039 6608 4046 6608 4047 6609 4039 6609 4038 6609 4039 6610 4040 6610 4046 6610 4047 6611 4040 6611 4039 6611 4040 6612 4041 6612 4046 6612 4047 6613 4041 6613 4040 6613 4041 6614 4042 6614 4046 6614 4047 6615 4042 6615 4041 6615 4042 6616 4043 6616 4046 6616 4047 6617 4043 6617 4042 6617 4043 6618 4044 6618 4046 6618 4047 6619 4044 6619 4043 6619 4044 6620 4045 6620 4046 6620 4047 6621 4045 6621 4044 6621 4045 6622 4037 6622 4046 6622 4047 6623 4037 6623 4045 6623 4048 6624 4049 6624 4057 6624 4058 6625 4049 6625 4048 6625 4049 6626 4050 6626 4057 6626 4058 6627 4050 6627 4049 6627 4050 6628 4051 6628 4057 6628 4058 6629 4051 6629 4050 6629 4051 6630 4052 6630 4057 6630 4058 6631 4052 6631 4051 6631 4052 6632 4053 6632 4057 6632 4058 6633 4053 6633 4052 6633 4053 6634 4054 6634 4057 6634 4058 6635 4054 6635 4053 6635 4054 6636 4055 6636 4057 6636 4058 6637 4055 6637 4054 6637 4055 6638 4056 6638 4057 6638 4058 6639 4056 6639 4055 6639 4056 6640 4048 6640 4057 6640 4058 6641 4048 6641 4056 6641 4059 6642 4060 6642 4068 6642 4069 6643 4060 6643 4059 6643 4060 6644 4061 6644 4068 6644 4069 6645 4061 6645 4060 6645 4061 6646 4062 6646 4068 6646 4069 6647 4062 6647 4061 6647 4062 6648 4063 6648 4068 6648 4069 6649 4063 6649 4062 6649 4063 6650 4064 6650 4068 6650 4069 6651 4064 6651 4063 6651 4064 6652 4065 6652 4068 6652 4069 6653 4065 6653 4064 6653 4065 6654 4066 6654 4068 6654 4069 6655 4066 6655 4065 6655 4066 6656 4067 6656 4068 6656 4069 6657 4067 6657 4066 6657 4067 6658 4059 6658 4068 6658 4069 6659 4059 6659 4067 6659 4070 6660 4071 6660 4079 6660 4080 6661 4071 6661 4070 6661 4071 6662 4072 6662 4079 6662 4080 6663 4072 6663 4071 6663 4072 6664 4073 6664 4079 6664 4080 6665 4073 6665 4072 6665 4073 6666 4074 6666 4079 6666 4080 6667 4074 6667 4073 6667 4074 6668 4075 6668 4079 6668 4080 6669 4075 6669 4074 6669 4075 6670 4076 6670 4079 6670 4080 6671 4076 6671 4075 6671 4076 6672 4077 6672 4079 6672 4080 6673 4077 6673 4076 6673 4077 6674 4078 6674 4079 6674 4080 6675 4078 6675 4077 6675 4078 6676 4070 6676 4079 6676 4080 6677 4070 6677 4078 6677 4081 6678 4082 6678 4090 6678 4091 6679 4082 6679 4081 6679 4082 6680 4083 6680 4090 6680 4091 6681 4083 6681 4082 6681 4083 6682 4084 6682 4090 6682 4091 6683 4084 6683 4083 6683 4084 6684 4085 6684 4090 6684 4091 6685 4085 6685 4084 6685 4085 6686 4086 6686 4090 6686 4091 6687 4086 6687 4085 6687 4086 6688 4087 6688 4090 6688 4091 6689 4087 6689 4086 6689 4087 6690 4088 6690 4090 6690 4091 6691 4088 6691 4087 6691 4088 6692 4089 6692 4090 6692 4091 6693 4089 6693 4088 6693 4089 6694 4081 6694 4090 6694 4091 6695 4081 6695 4089 6695 4092 6696 4093 6696 4101 6696 4102 6697 4093 6697 4092 6697 4093 6698 4094 6698 4101 6698 4102 6699 4094 6699 4093 6699 4094 6700 4095 6700 4101 6700 4102 6701 4095 6701 4094 6701 4095 6702 4096 6702 4101 6702 4102 6703 4096 6703 4095 6703 4096 6704 4097 6704 4101 6704 4102 6705 4097 6705 4096 6705 4097 6706 4098 6706 4101 6706 4102 6707 4098 6707 4097 6707 4098 6708 4099 6708 4101 6708 4102 6709 4099 6709 4098 6709 4099 6710 4100 6710 4101 6710 4102 6711 4100 6711 4099 6711 4100 6712 4092 6712 4101 6712 4102 6713 4092 6713 4100 6713 4103 6714 4104 6714 4112 6714 4113 6715 4104 6715 4103 6715 4104 6716 4105 6716 4112 6716 4113 6717 4105 6717 4104 6717 4105 6718 4106 6718 4112 6718 4113 6719 4106 6719 4105 6719 4106 6720 4107 6720 4112 6720 4113 6721 4107 6721 4106 6721 4107 6722 4108 6722 4112 6722 4113 6723 4108 6723 4107 6723 4108 6724 4109 6724 4112 6724 4113 6725 4109 6725 4108 6725 4109 6726 4110 6726 4112 6726 4113 6727 4110 6727 4109 6727 4110 6728 4111 6728 4112 6728 4113 6729 4111 6729 4110 6729 4111 6730 4103 6730 4112 6730 4113 6731 4103 6731 4111 6731 4114 6732 4115 6732 4123 6732 4124 6733 4115 6733 4114 6733 4115 6734 4116 6734 4123 6734 4124 6735 4116 6735 4115 6735 4116 6736 4117 6736 4123 6736 4124 6737 4117 6737 4116 6737 4117 6738 4118 6738 4123 6738 4124 6739 4118 6739 4117 6739 4118 6740 4119 6740 4123 6740 4124 6741 4119 6741 4118 6741 4119 6742 4120 6742 4123 6742 4124 6743 4120 6743 4119 6743 4120 6744 4121 6744 4123 6744 4124 6745 4121 6745 4120 6745 4121 6746 4122 6746 4123 6746 4124 6747 4122 6747 4121 6747 4122 6748 4114 6748 4123 6748 4124 6749 4114 6749 4122 6749 4125 6750 4126 6750 4134 6750 4135 6751 4126 6751 4125 6751 4126 6752 4127 6752 4134 6752 4135 6753 4127 6753 4126 6753 4127 6754 4128 6754 4134 6754 4135 6755 4128 6755 4127 6755 4128 6756 4129 6756 4134 6756 4135 6757 4129 6757 4128 6757 4129 6758 4130 6758 4134 6758 4135 6759 4130 6759 4129 6759 4130 6760 4131 6760 4134 6760 4135 6761 4131 6761 4130 6761 4131 6762 4132 6762 4134 6762 4135 6763 4132 6763 4131 6763 4132 6764 4133 6764 4134 6764 4135 6765 4133 6765 4132 6765 4133 6766 4125 6766 4134 6766 4135 6767 4125 6767 4133 6767 4136 6768 4137 6768 4145 6768 4146 6769 4137 6769 4136 6769 4137 6770 4138 6770 4145 6770 4146 6771 4138 6771 4137 6771 4138 6772 4139 6772 4145 6772 4146 6773 4139 6773 4138 6773 4139 6774 4140 6774 4145 6774 4146 6775 4140 6775 4139 6775 4140 6776 4141 6776 4145 6776 4146 6777 4141 6777 4140 6777 4141 6778 4142 6778 4145 6778 4146 6779 4142 6779 4141 6779 4142 6780 4143 6780 4145 6780 4146 6781 4143 6781 4142 6781 4143 6782 4144 6782 4145 6782 4146 6783 4144 6783 4143 6783 4144 6784 4136 6784 4145 6784 4146 6785 4136 6785 4144 6785 4147 6786 4148 6786 4156 6786 4157 6787 4148 6787 4147 6787 4148 6788 4149 6788 4156 6788 4157 6789 4149 6789 4148 6789 4149 6790 4150 6790 4156 6790 4157 6791 4150 6791 4149 6791 4150 6792 4151 6792 4156 6792 4157 6793 4151 6793 4150 6793 4151 6794 4152 6794 4156 6794 4157 6795 4152 6795 4151 6795 4152 6796 4153 6796 4156 6796 4157 6797 4153 6797 4152 6797 4153 6798 4154 6798 4156 6798 4157 6799 4154 6799 4153 6799 4154 6800 4155 6800 4156 6800 4157 6801 4155 6801 4154 6801 4155 6802 4147 6802 4156 6802 4157 6803 4147 6803 4155 6803 4158 6804 4159 6804 4167 6804 4168 6805 4159 6805 4158 6805 4159 6806 4160 6806 4167 6806 4168 6807 4160 6807 4159 6807 4160 6808 4161 6808 4167 6808 4168 6809 4161 6809 4160 6809 4161 6810 4162 6810 4167 6810 4168 6811 4162 6811 4161 6811 4162 6812 4163 6812 4167 6812 4168 6813 4163 6813 4162 6813 4163 6814 4164 6814 4167 6814 4168 6815 4164 6815 4163 6815 4164 6816 4165 6816 4167 6816 4168 6817 4165 6817 4164 6817 4165 6818 4166 6818 4167 6818 4168 6819 4166 6819 4165 6819 4166 6820 4158 6820 4167 6820 4168 6821 4158 6821 4166 6821 4169 6822 4170 6822 4178 6822 4179 6823 4170 6823 4169 6823 4170 6824 4171 6824 4178 6824 4179 6825 4171 6825 4170 6825 4171 6826 4172 6826 4178 6826 4179 6827 4172 6827 4171 6827 4172 6828 4173 6828 4178 6828 4179 6829 4173 6829 4172 6829 4173 6830 4174 6830 4178 6830 4179 6831 4174 6831 4173 6831 4174 6832 4175 6832 4178 6832 4179 6833 4175 6833 4174 6833 4175 6834 4176 6834 4178 6834 4179 6835 4176 6835 4175 6835 4176 6836 4177 6836 4178 6836 4179 6837 4177 6837 4176 6837 4177 6838 4169 6838 4178 6838 4179 6839 4169 6839 4177 6839 4180 6840 4181 6840 4189 6840 4190 6841 4181 6841 4180 6841 4181 6842 4182 6842 4189 6842 4190 6843 4182 6843 4181 6843 4182 6844 4183 6844 4189 6844 4190 6845 4183 6845 4182 6845 4183 6846 4184 6846 4189 6846 4190 6847 4184 6847 4183 6847 4184 6848 4185 6848 4189 6848 4190 6849 4185 6849 4184 6849 4185 6850 4186 6850 4189 6850 4190 6851 4186 6851 4185 6851 4186 6852 4187 6852 4189 6852 4190 6853 4187 6853 4186 6853 4187 6854 4188 6854 4189 6854 4190 6855 4188 6855 4187 6855 4188 6856 4180 6856 4189 6856 4190 6857 4180 6857 4188 6857 4191 6858 4192 6858 4200 6858 4201 6859 4192 6859 4191 6859 4192 6860 4193 6860 4200 6860 4201 6861 4193 6861 4192 6861 4193 6862 4194 6862 4200 6862 4201 6863 4194 6863 4193 6863 4194 6864 4195 6864 4200 6864 4201 6865 4195 6865 4194 6865 4195 6866 4196 6866 4200 6866 4201 6867 4196 6867 4195 6867 4196 6868 4197 6868 4200 6868 4201 6869 4197 6869 4196 6869 4197 6870 4198 6870 4200 6870 4201 6871 4198 6871 4197 6871 4198 6872 4199 6872 4200 6872 4201 6873 4199 6873 4198 6873 4199 6874 4191 6874 4200 6874 4201 6875 4191 6875 4199 6875 4202 6876 4203 6876 4211 6876 4212 6877 4203 6877 4202 6877 4203 6878 4204 6878 4211 6878 4212 6879 4204 6879 4203 6879 4204 6880 4205 6880 4211 6880 4212 6881 4205 6881 4204 6881 4205 6882 4206 6882 4211 6882 4212 6883 4206 6883 4205 6883 4206 6884 4207 6884 4211 6884 4212 6885 4207 6885 4206 6885 4207 6886 4208 6886 4211 6886 4212 6887 4208 6887 4207 6887 4208 6888 4209 6888 4211 6888 4212 6889 4209 6889 4208 6889 4209 6890 4210 6890 4211 6890 4212 6891 4210 6891 4209 6891 4210 6892 4202 6892 4211 6892 4212 6893 4202 6893 4210 6893 4213 6894 4214 6894 4222 6894 4223 6895 4214 6895 4213 6895 4214 6896 4215 6896 4222 6896 4223 6897 4215 6897 4214 6897 4215 6898 4216 6898 4222 6898 4223 6899 4216 6899 4215 6899 4216 6900 4217 6900 4222 6900 4223 6901 4217 6901 4216 6901 4217 6902 4218 6902 4222 6902 4223 6903 4218 6903 4217 6903 4218 6904 4219 6904 4222 6904 4223 6905 4219 6905 4218 6905 4219 6906 4220 6906 4222 6906 4223 6907 4220 6907 4219 6907 4220 6908 4221 6908 4222 6908 4223 6909 4221 6909 4220 6909 4221 6910 4213 6910 4222 6910 4223 6911 4213 6911 4221 6911 4224 6912 4225 6912 4233 6912 4234 6913 4225 6913 4224 6913 4225 6914 4226 6914 4233 6914 4234 6915 4226 6915 4225 6915 4226 6916 4227 6916 4233 6916 4234 6917 4227 6917 4226 6917 4227 6918 4228 6918 4233 6918 4234 6919 4228 6919 4227 6919 4228 6920 4229 6920 4233 6920 4234 6921 4229 6921 4228 6921 4229 6922 4230 6922 4233 6922 4234 6923 4230 6923 4229 6923 4230 6924 4231 6924 4233 6924 4234 6925 4231 6925 4230 6925 4231 6926 4232 6926 4233 6926 4234 6927 4232 6927 4231 6927 4232 6928 4224 6928 4233 6928 4234 6929 4224 6929 4232 6929 4235 6930 4236 6930 4244 6930 4245 6931 4236 6931 4235 6931 4236 6932 4237 6932 4244 6932 4245 6933 4237 6933 4236 6933 4237 6934 4238 6934 4244 6934 4245 6935 4238 6935 4237 6935 4238 6936 4239 6936 4244 6936 4245 6937 4239 6937 4238 6937 4239 6938 4240 6938 4244 6938 4245 6939 4240 6939 4239 6939 4240 6940 4241 6940 4244 6940 4245 6941 4241 6941 4240 6941 4241 6942 4242 6942 4244 6942 4245 6943 4242 6943 4241 6943 4242 6944 4243 6944 4244 6944 4245 6945 4243 6945 4242 6945 4243 6946 4235 6946 4244 6946 4245 6947 4235 6947 4243 6947 4246 6948 4247 6948 4255 6948 4256 6949 4247 6949 4246 6949 4247 6950 4248 6950 4255 6950 4256 6951 4248 6951 4247 6951 4248 6952 4249 6952 4255 6952 4256 6953 4249 6953 4248 6953 4249 6954 4250 6954 4255 6954 4256 6955 4250 6955 4249 6955 4250 6956 4251 6956 4255 6956 4256 6957 4251 6957 4250 6957 4251 6958 4252 6958 4255 6958 4256 6959 4252 6959 4251 6959 4252 6960 4253 6960 4255 6960 4256 6961 4253 6961 4252 6961 4253 6962 4254 6962 4255 6962 4256 6963 4254 6963 4253 6963 4254 6964 4246 6964 4255 6964 4256 6965 4246 6965 4254 6965 4257 6966 4258 6966 4266 6966 4267 6967 4258 6967 4257 6967 4258 6968 4259 6968 4266 6968 4267 6969 4259 6969 4258 6969 4259 6970 4260 6970 4266 6970 4267 6971 4260 6971 4259 6971 4260 6972 4261 6972 4266 6972 4267 6973 4261 6973 4260 6973 4261 6974 4262 6974 4266 6974 4267 6975 4262 6975 4261 6975 4262 6976 4263 6976 4266 6976 4267 6977 4263 6977 4262 6977 4263 6978 4264 6978 4266 6978 4267 6979 4264 6979 4263 6979 4264 6980 4265 6980 4266 6980 4267 6981 4265 6981 4264 6981 4265 6982 4257 6982 4266 6982 4267 6983 4257 6983 4265 6983 4268 6984 4269 6984 4277 6984 4278 6985 4269 6985 4268 6985 4269 6986 4270 6986 4277 6986 4278 6987 4270 6987 4269 6987 4270 6988 4271 6988 4277 6988 4278 6989 4271 6989 4270 6989 4271 6990 4272 6990 4277 6990 4278 6991 4272 6991 4271 6991 4272 6992 4273 6992 4277 6992 4278 6993 4273 6993 4272 6993 4273 6994 4274 6994 4277 6994 4278 6995 4274 6995 4273 6995 4274 6996 4275 6996 4277 6996 4278 6997 4275 6997 4274 6997 4275 6998 4276 6998 4277 6998 4278 6999 4276 6999 4275 6999 4276 7000 4268 7000 4277 7000 4278 7001 4268 7001 4276 7001 4279 7002 4280 7002 4288 7002 4289 7003 4280 7003 4279 7003 4280 7004 4281 7004 4288 7004 4289 7005 4281 7005 4280 7005 4281 7006 4282 7006 4288 7006 4289 7007 4282 7007 4281 7007 4282 7008 4283 7008 4288 7008 4289 7009 4283 7009 4282 7009 4283 7010 4284 7010 4288 7010 4289 7011 4284 7011 4283 7011 4284 7012 4285 7012 4288 7012 4289 7013 4285 7013 4284 7013 4285 7014 4286 7014 4288 7014 4289 7015 4286 7015 4285 7015 4286 7016 4287 7016 4288 7016 4289 7017 4287 7017 4286 7017 4287 7018 4279 7018 4288 7018 4289 7019 4279 7019 4287 7019 4290 7020 4291 7020 4299 7020 4300 7021 4291 7021 4290 7021 4291 7022 4292 7022 4299 7022 4300 7023 4292 7023 4291 7023 4292 7024 4293 7024 4299 7024 4300 7025 4293 7025 4292 7025 4293 7026 4294 7026 4299 7026 4300 7027 4294 7027 4293 7027 4294 7028 4295 7028 4299 7028 4300 7029 4295 7029 4294 7029 4295 7030 4296 7030 4299 7030 4300 7031 4296 7031 4295 7031 4296 7032 4297 7032 4299 7032 4300 7033 4297 7033 4296 7033 4297 7034 4298 7034 4299 7034 4300 7035 4298 7035 4297 7035 4298 7036 4290 7036 4299 7036 4300 7037 4290 7037 4298 7037 4301 7038 4302 7038 4310 7038 4311 7039 4302 7039 4301 7039 4302 7040 4303 7040 4310 7040 4311 7041 4303 7041 4302 7041 4303 7042 4304 7042 4310 7042 4311 7043 4304 7043 4303 7043 4304 7044 4305 7044 4310 7044 4311 7045 4305 7045 4304 7045 4305 7046 4306 7046 4310 7046 4311 7047 4306 7047 4305 7047 4306 7048 4307 7048 4310 7048 4311 7049 4307 7049 4306 7049 4307 7050 4308 7050 4310 7050 4311 7051 4308 7051 4307 7051 4308 7052 4309 7052 4310 7052 4311 7053 4309 7053 4308 7053 4309 7054 4301 7054 4310 7054 4311 7055 4301 7055 4309 7055 4312 7056 4313 7056 4321 7056 4322 7057 4313 7057 4312 7057 4313 7058 4314 7058 4321 7058 4322 7059 4314 7059 4313 7059 4314 7060 4315 7060 4321 7060 4322 7061 4315 7061 4314 7061 4315 7062 4316 7062 4321 7062 4322 7063 4316 7063 4315 7063 4316 7064 4317 7064 4321 7064 4322 7065 4317 7065 4316 7065 4317 7066 4318 7066 4321 7066 4322 7067 4318 7067 4317 7067 4318 7068 4319 7068 4321 7068 4322 7069 4319 7069 4318 7069 4319 7070 4320 7070 4321 7070 4322 7071 4320 7071 4319 7071 4320 7072 4312 7072 4321 7072 4322 7073 4312 7073 4320 7073 4323 7074 4324 7074 4332 7074 4333 7075 4324 7075 4323 7075 4324 7076 4325 7076 4332 7076 4333 7077 4325 7077 4324 7077 4325 7078 4326 7078 4332 7078 4333 7079 4326 7079 4325 7079 4326 7080 4327 7080 4332 7080 4333 7081 4327 7081 4326 7081 4327 7082 4328 7082 4332 7082 4333 7083 4328 7083 4327 7083 4328 7084 4329 7084 4332 7084 4333 7085 4329 7085 4328 7085 4329 7086 4330 7086 4332 7086 4333 7087 4330 7087 4329 7087 4330 7088 4331 7088 4332 7088 4333 7089 4331 7089 4330 7089 4331 7090 4323 7090 4332 7090 4333 7091 4323 7091 4331 7091 4334 7092 4335 7092 4343 7092 4344 7093 4335 7093 4334 7093 4335 7094 4336 7094 4343 7094 4344 7095 4336 7095 4335 7095 4336 7096 4337 7096 4343 7096 4344 7097 4337 7097 4336 7097 4337 7098 4338 7098 4343 7098 4344 7099 4338 7099 4337 7099 4338 7100 4339 7100 4343 7100 4344 7101 4339 7101 4338 7101 4339 7102 4340 7102 4343 7102 4344 7103 4340 7103 4339 7103 4340 7104 4341 7104 4343 7104 4344 7105 4341 7105 4340 7105 4341 7106 4342 7106 4343 7106 4344 7107 4342 7107 4341 7107 4342 7108 4334 7108 4343 7108 4344 7109 4334 7109 4342 7109 4345 7110 4346 7110 4354 7110 4355 7111 4346 7111 4345 7111 4346 7112 4347 7112 4354 7112 4355 7113 4347 7113 4346 7113 4347 7114 4348 7114 4354 7114 4355 7115 4348 7115 4347 7115 4348 7116 4349 7116 4354 7116 4355 7117 4349 7117 4348 7117 4349 7118 4350 7118 4354 7118 4355 7119 4350 7119 4349 7119 4350 7120 4351 7120 4354 7120 4355 7121 4351 7121 4350 7121 4351 7122 4352 7122 4354 7122 4355 7123 4352 7123 4351 7123 4352 7124 4353 7124 4354 7124 4355 7125 4353 7125 4352 7125 4353 7126 4345 7126 4354 7126 4355 7127 4345 7127 4353 7127 4356 7128 4357 7128 4365 7128 4366 7129 4357 7129 4356 7129 4357 7130 4358 7130 4365 7130 4366 7131 4358 7131 4357 7131 4358 7132 4359 7132 4365 7132 4366 7133 4359 7133 4358 7133 4359 7134 4360 7134 4365 7134 4366 7135 4360 7135 4359 7135 4360 7136 4361 7136 4365 7136 4366 7137 4361 7137 4360 7137 4361 7138 4362 7138 4365 7138 4366 7139 4362 7139 4361 7139 4362 7140 4363 7140 4365 7140 4366 7141 4363 7141 4362 7141 4363 7142 4364 7142 4365 7142 4366 7143 4364 7143 4363 7143 4364 7144 4356 7144 4365 7144 4366 7145 4356 7145 4364 7145 4367 7146 4368 7146 4376 7146 4377 7147 4368 7147 4367 7147 4368 7148 4369 7148 4376 7148 4377 7149 4369 7149 4368 7149 4369 7150 4370 7150 4376 7150 4377 7151 4370 7151 4369 7151 4370 7152 4371 7152 4376 7152 4377 7153 4371 7153 4370 7153 4371 7154 4372 7154 4376 7154 4377 7155 4372 7155 4371 7155 4372 7156 4373 7156 4376 7156 4377 7157 4373 7157 4372 7157 4373 7158 4374 7158 4376 7158 4377 7159 4374 7159 4373 7159 4374 7160 4375 7160 4376 7160 4377 7161 4375 7161 4374 7161 4375 7162 4367 7162 4376 7162 4377 7163 4367 7163 4375 7163 4378 7164 4379 7164 4387 7164 4388 7165 4379 7165 4378 7165 4379 7166 4380 7166 4387 7166 4388 7167 4380 7167 4379 7167 4380 7168 4381 7168 4387 7168 4388 7169 4381 7169 4380 7169 4381 7170 4382 7170 4387 7170 4388 7171 4382 7171 4381 7171 4382 7172 4383 7172 4387 7172 4388 7173 4383 7173 4382 7173 4383 7174 4384 7174 4387 7174 4388 7175 4384 7175 4383 7175 4384 7176 4385 7176 4387 7176 4388 7177 4385 7177 4384 7177 4385 7178 4386 7178 4387 7178 4388 7179 4386 7179 4385 7179 4386 7180 4378 7180 4387 7180 4388 7181 4378 7181 4386 7181 4389 7182 4390 7182 4398 7182 4399 7183 4390 7183 4389 7183 4390 7184 4391 7184 4398 7184 4399 7185 4391 7185 4390 7185 4391 7186 4392 7186 4398 7186 4399 7187 4392 7187 4391 7187 4392 7188 4393 7188 4398 7188 4399 7189 4393 7189 4392 7189 4393 7190 4394 7190 4398 7190 4399 7191 4394 7191 4393 7191 4394 7192 4395 7192 4398 7192 4399 7193 4395 7193 4394 7193 4395 7194 4396 7194 4398 7194 4399 7195 4396 7195 4395 7195 4396 7196 4397 7196 4398 7196 4399 7197 4397 7197 4396 7197 4397 7198 4389 7198 4398 7198 4399 7199 4389 7199 4397 7199 4400 7200 4401 7200 4409 7200 4410 7201 4401 7201 4400 7201 4401 7202 4402 7202 4409 7202 4410 7203 4402 7203 4401 7203 4402 7204 4403 7204 4409 7204 4410 7205 4403 7205 4402 7205 4403 7206 4404 7206 4409 7206 4410 7207 4404 7207 4403 7207 4404 7208 4405 7208 4409 7208 4410 7209 4405 7209 4404 7209 4405 7210 4406 7210 4409 7210 4410 7211 4406 7211 4405 7211 4406 7212 4407 7212 4409 7212 4410 7213 4407 7213 4406 7213 4407 7214 4408 7214 4409 7214 4410 7215 4408 7215 4407 7215 4408 7216 4400 7216 4409 7216 4410 7217 4400 7217 4408 7217 4411 7218 4412 7218 4420 7218 4421 7219 4412 7219 4411 7219 4412 7220 4413 7220 4420 7220 4421 7221 4413 7221 4412 7221 4413 7222 4414 7222 4420 7222 4421 7223 4414 7223 4413 7223 4414 7224 4415 7224 4420 7224 4421 7225 4415 7225 4414 7225 4415 7226 4416 7226 4420 7226 4421 7227 4416 7227 4415 7227 4416 7228 4417 7228 4420 7228 4421 7229 4417 7229 4416 7229 4417 7230 4418 7230 4420 7230 4421 7231 4418 7231 4417 7231 4418 7232 4419 7232 4420 7232 4421 7233 4419 7233 4418 7233 4419 7234 4411 7234 4420 7234 4421 7235 4411 7235 4419 7235 4422 7236 4423 7236 4431 7236 4432 7237 4423 7237 4422 7237 4423 7238 4424 7238 4431 7238 4432 7239 4424 7239 4423 7239 4424 7240 4425 7240 4431 7240 4432 7241 4425 7241 4424 7241 4425 7242 4426 7242 4431 7242 4432 7243 4426 7243 4425 7243 4426 7244 4427 7244 4431 7244 4432 7245 4427 7245 4426 7245 4427 7246 4428 7246 4431 7246 4432 7247 4428 7247 4427 7247 4428 7248 4429 7248 4431 7248 4432 7249 4429 7249 4428 7249 4429 7250 4430 7250 4431 7250 4432 7251 4430 7251 4429 7251 4430 7252 4422 7252 4431 7252 4432 7253 4422 7253 4430 7253 4433 7254 4434 7254 4442 7254 4443 7255 4434 7255 4433 7255 4434 7256 4435 7256 4442 7256 4443 7257 4435 7257 4434 7257 4435 7258 4436 7258 4442 7258 4443 7259 4436 7259 4435 7259 4436 7260 4437 7260 4442 7260 4443 7261 4437 7261 4436 7261 4437 7262 4438 7262 4442 7262 4443 7263 4438 7263 4437 7263 4438 7264 4439 7264 4442 7264 4443 7265 4439 7265 4438 7265 4439 7266 4440 7266 4442 7266 4443 7267 4440 7267 4439 7267 4440 7268 4441 7268 4442 7268 4443 7269 4441 7269 4440 7269 4441 7270 4433 7270 4442 7270 4443 7271 4433 7271 4441 7271 4444 7272 4445 7272 4453 7272 4454 7273 4445 7273 4444 7273 4445 7274 4446 7274 4453 7274 4454 7275 4446 7275 4445 7275 4446 7276 4447 7276 4453 7276 4454 7277 4447 7277 4446 7277 4447 7278 4448 7278 4453 7278 4454 7279 4448 7279 4447 7279 4448 7280 4449 7280 4453 7280 4454 7281 4449 7281 4448 7281 4449 7282 4450 7282 4453 7282 4454 7283 4450 7283 4449 7283 4450 7284 4451 7284 4453 7284 4454 7285 4451 7285 4450 7285 4451 7286 4452 7286 4453 7286 4454 7287 4452 7287 4451 7287 4452 7288 4444 7288 4453 7288 4454 7289 4444 7289 4452 7289 4455 7290 4456 7290 4464 7290 4465 7291 4456 7291 4455 7291 4456 7292 4457 7292 4464 7292 4465 7293 4457 7293 4456 7293 4457 7294 4458 7294 4464 7294 4465 7295 4458 7295 4457 7295 4458 7296 4459 7296 4464 7296 4465 7297 4459 7297 4458 7297 4459 7298 4460 7298 4464 7298 4465 7299 4460 7299 4459 7299 4460 7300 4461 7300 4464 7300 4465 7301 4461 7301 4460 7301 4461 7302 4462 7302 4464 7302 4465 7303 4462 7303 4461 7303 4462 7304 4463 7304 4464 7304 4465 7305 4463 7305 4462 7305 4463 7306 4455 7306 4464 7306 4465 7307 4455 7307 4463 7307 4466 7308 4467 7308 4475 7308 4476 7309 4467 7309 4466 7309 4467 7310 4468 7310 4475 7310 4476 7311 4468 7311 4467 7311 4468 7312 4469 7312 4475 7312 4476 7313 4469 7313 4468 7313 4469 7314 4470 7314 4475 7314 4476 7315 4470 7315 4469 7315 4470 7316 4471 7316 4475 7316 4476 7317 4471 7317 4470 7317 4471 7318 4472 7318 4475 7318 4476 7319 4472 7319 4471 7319 4472 7320 4473 7320 4475 7320 4476 7321 4473 7321 4472 7321 4473 7322 4474 7322 4475 7322 4476 7323 4474 7323 4473 7323 4474 7324 4466 7324 4475 7324 4476 7325 4466 7325 4474 7325 4477 7326 4478 7326 4486 7326 4487 7327 4478 7327 4477 7327 4478 7328 4479 7328 4486 7328 4487 7329 4479 7329 4478 7329 4479 7330 4480 7330 4486 7330 4487 7331 4480 7331 4479 7331 4480 7332 4481 7332 4486 7332 4487 7333 4481 7333 4480 7333 4481 7334 4482 7334 4486 7334 4487 7335 4482 7335 4481 7335 4482 7336 4483 7336 4486 7336 4487 7337 4483 7337 4482 7337 4483 7338 4484 7338 4486 7338 4487 7339 4484 7339 4483 7339 4484 7340 4485 7340 4486 7340 4487 7341 4485 7341 4484 7341 4485 7342 4477 7342 4486 7342 4487 7343 4477 7343 4485 7343 4488 7344 4489 7344 4497 7344 4498 7345 4489 7345 4488 7345 4489 7346 4490 7346 4497 7346 4498 7347 4490 7347 4489 7347 4490 7348 4491 7348 4497 7348 4498 7349 4491 7349 4490 7349 4491 7350 4492 7350 4497 7350 4498 7351 4492 7351 4491 7351 4492 7352 4493 7352 4497 7352 4498 7353 4493 7353 4492 7353 4493 7354 4494 7354 4497 7354 4498 7355 4494 7355 4493 7355 4494 7356 4495 7356 4497 7356 4498 7357 4495 7357 4494 7357 4495 7358 4496 7358 4497 7358 4498 7359 4496 7359 4495 7359 4496 7360 4488 7360 4497 7360 4498 7361 4488 7361 4496 7361 4499 7362 4500 7362 4508 7362 4509 7363 4500 7363 4499 7363 4500 7364 4501 7364 4508 7364 4509 7365 4501 7365 4500 7365 4501 7366 4502 7366 4508 7366 4509 7367 4502 7367 4501 7367 4502 7368 4503 7368 4508 7368 4509 7369 4503 7369 4502 7369 4503 7370 4504 7370 4508 7370 4509 7371 4504 7371 4503 7371 4504 7372 4505 7372 4508 7372 4509 7373 4505 7373 4504 7373 4505 7374 4506 7374 4508 7374 4509 7375 4506 7375 4505 7375 4506 7376 4507 7376 4508 7376 4509 7377 4507 7377 4506 7377 4507 7378 4499 7378 4508 7378 4509 7379 4499 7379 4507 7379 4510 7380 4511 7380 4519 7380 4520 7381 4511 7381 4510 7381 4511 7382 4512 7382 4519 7382 4520 7383 4512 7383 4511 7383 4512 7384 4513 7384 4519 7384 4520 7385 4513 7385 4512 7385 4513 7386 4514 7386 4519 7386 4520 7387 4514 7387 4513 7387 4514 7388 4515 7388 4519 7388 4520 7389 4515 7389 4514 7389 4515 7390 4516 7390 4519 7390 4520 7391 4516 7391 4515 7391 4516 7392 4517 7392 4519 7392 4520 7393 4517 7393 4516 7393 4517 7394 4518 7394 4519 7394 4520 7395 4518 7395 4517 7395 4518 7396 4510 7396 4519 7396 4520 7397 4510 7397 4518 7397 4521 7398 4522 7398 4530 7398 4531 7399 4522 7399 4521 7399 4522 7400 4523 7400 4530 7400 4531 7401 4523 7401 4522 7401 4523 7402 4524 7402 4530 7402 4531 7403 4524 7403 4523 7403 4524 7404 4525 7404 4530 7404 4531 7405 4525 7405 4524 7405 4525 7406 4526 7406 4530 7406 4531 7407 4526 7407 4525 7407 4526 7408 4527 7408 4530 7408 4531 7409 4527 7409 4526 7409 4527 7410 4528 7410 4530 7410 4531 7411 4528 7411 4527 7411 4528 7412 4529 7412 4530 7412 4531 7413 4529 7413 4528 7413 4529 7414 4521 7414 4530 7414 4531 7415 4521 7415 4529 7415 4532 7416 4533 7416 4541 7416 4542 7417 4533 7417 4532 7417 4533 7418 4534 7418 4541 7418 4542 7419 4534 7419 4533 7419 4534 7420 4535 7420 4541 7420 4542 7421 4535 7421 4534 7421 4535 7422 4536 7422 4541 7422 4542 7423 4536 7423 4535 7423 4536 7424 4537 7424 4541 7424 4542 7425 4537 7425 4536 7425 4537 7426 4538 7426 4541 7426 4542 7427 4538 7427 4537 7427 4538 7428 4539 7428 4541 7428 4542 7429 4539 7429 4538 7429 4539 7430 4540 7430 4541 7430 4542 7431 4540 7431 4539 7431 4540 7432 4532 7432 4541 7432 4542 7433 4532 7433 4540 7433 4543 7434 4544 7434 4552 7434 4553 7435 4544 7435 4543 7435 4544 7436 4545 7436 4552 7436 4553 7437 4545 7437 4544 7437 4545 7438 4546 7438 4552 7438 4553 7439 4546 7439 4545 7439 4546 7440 4547 7440 4552 7440 4553 7441 4547 7441 4546 7441 4547 7442 4548 7442 4552 7442 4553 7443 4548 7443 4547 7443 4548 7444 4549 7444 4552 7444 4553 7445 4549 7445 4548 7445 4549 7446 4550 7446 4552 7446 4553 7447 4550 7447 4549 7447 4550 7448 4551 7448 4552 7448 4553 7449 4551 7449 4550 7449 4551 7450 4543 7450 4552 7450 4553 7451 4543 7451 4551 7451 4554 7452 4555 7452 4563 7452 4564 7453 4555 7453 4554 7453 4555 7454 4556 7454 4563 7454 4564 7455 4556 7455 4555 7455 4556 7456 4557 7456 4563 7456 4564 7457 4557 7457 4556 7457 4557 7458 4558 7458 4563 7458 4564 7459 4558 7459 4557 7459 4558 7460 4559 7460 4563 7460 4564 7461 4559 7461 4558 7461 4559 7462 4560 7462 4563 7462 4564 7463 4560 7463 4559 7463 4560 7464 4561 7464 4563 7464 4564 7465 4561 7465 4560 7465 4561 7466 4562 7466 4563 7466 4564 7467 4562 7467 4561 7467 4562 7468 4554 7468 4563 7468 4564 7469 4554 7469 4562 7469 4565 7470 4566 7470 4574 7470 4575 7471 4566 7471 4565 7471 4566 7472 4567 7472 4574 7472 4575 7473 4567 7473 4566 7473 4567 7474 4568 7474 4574 7474 4575 7475 4568 7475 4567 7475 4568 7476 4569 7476 4574 7476 4575 7477 4569 7477 4568 7477 4569 7478 4570 7478 4574 7478 4575 7479 4570 7479 4569 7479 4570 7480 4571 7480 4574 7480 4575 7481 4571 7481 4570 7481 4571 7482 4572 7482 4574 7482 4575 7483 4572 7483 4571 7483 4572 7484 4573 7484 4574 7484 4575 7485 4573 7485 4572 7485 4573 7486 4565 7486 4574 7486 4575 7487 4565 7487 4573 7487 4576 7488 4577 7488 4585 7488 4586 7489 4577 7489 4576 7489 4577 7490 4578 7490 4585 7490 4586 7491 4578 7491 4577 7491 4578 7492 4579 7492 4585 7492 4586 7493 4579 7493 4578 7493 4579 7494 4580 7494 4585 7494 4586 7495 4580 7495 4579 7495 4580 7496 4581 7496 4585 7496 4586 7497 4581 7497 4580 7497 4581 7498 4582 7498 4585 7498 4586 7499 4582 7499 4581 7499 4582 7500 4583 7500 4585 7500 4586 7501 4583 7501 4582 7501 4583 7502 4584 7502 4585 7502 4586 7503 4584 7503 4583 7503 4584 7504 4576 7504 4585 7504 4586 7505 4576 7505 4584 7505 4587 7506 4588 7506 4596 7506 4597 7507 4588 7507 4587 7507 4588 7508 4589 7508 4596 7508 4597 7509 4589 7509 4588 7509 4589 7510 4590 7510 4596 7510 4597 7511 4590 7511 4589 7511 4590 7512 4591 7512 4596 7512 4597 7513 4591 7513 4590 7513 4591 7514 4592 7514 4596 7514 4597 7515 4592 7515 4591 7515 4592 7516 4593 7516 4596 7516 4597 7517 4593 7517 4592 7517 4593 7518 4594 7518 4596 7518 4597 7519 4594 7519 4593 7519 4594 7520 4595 7520 4596 7520 4597 7521 4595 7521 4594 7521 4595 7522 4587 7522 4596 7522 4597 7523 4587 7523 4595 7523 4598 7524 4599 7524 4607 7524 4608 7525 4599 7525 4598 7525 4599 7526 4600 7526 4607 7526 4608 7527 4600 7527 4599 7527 4600 7528 4601 7528 4607 7528 4608 7529 4601 7529 4600 7529 4601 7530 4602 7530 4607 7530 4608 7531 4602 7531 4601 7531 4602 7532 4603 7532 4607 7532 4608 7533 4603 7533 4602 7533 4603 7534 4604 7534 4607 7534 4608 7535 4604 7535 4603 7535 4604 7536 4605 7536 4607 7536 4608 7537 4605 7537 4604 7537 4605 7538 4606 7538 4607 7538 4608 7539 4606 7539 4605 7539 4606 7540 4598 7540 4607 7540 4608 7541 4598 7541 4606 7541 4609 7542 4610 7542 4618 7542 4619 7543 4610 7543 4609 7543 4610 7544 4611 7544 4618 7544 4619 7545 4611 7545 4610 7545 4611 7546 4612 7546 4618 7546 4619 7547 4612 7547 4611 7547 4612 7548 4613 7548 4618 7548 4619 7549 4613 7549 4612 7549 4613 7550 4614 7550 4618 7550 4619 7551 4614 7551 4613 7551 4614 7552 4615 7552 4618 7552 4619 7553 4615 7553 4614 7553 4615 7554 4616 7554 4618 7554 4619 7555 4616 7555 4615 7555 4616 7556 4617 7556 4618 7556 4619 7557 4617 7557 4616 7557 4617 7558 4609 7558 4618 7558 4619 7559 4609 7559 4617 7559 4620 7560 4621 7560 4629 7560 4630 7561 4621 7561 4620 7561 4621 7562 4622 7562 4629 7562 4630 7563 4622 7563 4621 7563 4622 7564 4623 7564 4629 7564 4630 7565 4623 7565 4622 7565 4623 7566 4624 7566 4629 7566 4630 7567 4624 7567 4623 7567 4624 7568 4625 7568 4629 7568 4630 7569 4625 7569 4624 7569 4625 7570 4626 7570 4629 7570 4630 7571 4626 7571 4625 7571 4626 7572 4627 7572 4629 7572 4630 7573 4627 7573 4626 7573 4627 7574 4628 7574 4629 7574 4630 7575 4628 7575 4627 7575 4628 7576 4620 7576 4629 7576 4630 7577 4620 7577 4628 7577 4631 7578 4632 7578 4640 7578 4641 7579 4632 7579 4631 7579 4632 7580 4633 7580 4640 7580 4641 7581 4633 7581 4632 7581 4633 7582 4634 7582 4640 7582 4641 7583 4634 7583 4633 7583 4634 7584 4635 7584 4640 7584 4641 7585 4635 7585 4634 7585 4635 7586 4636 7586 4640 7586 4641 7587 4636 7587 4635 7587 4636 7588 4637 7588 4640 7588 4641 7589 4637 7589 4636 7589 4637 7590 4638 7590 4640 7590 4641 7591 4638 7591 4637 7591 4638 7592 4639 7592 4640 7592 4641 7593 4639 7593 4638 7593 4639 7594 4631 7594 4640 7594 4641 7595 4631 7595 4639 7595 4642 7596 4643 7596 4651 7596 4652 7597 4643 7597 4642 7597 4643 7598 4644 7598 4651 7598 4652 7599 4644 7599 4643 7599 4644 7600 4645 7600 4651 7600 4652 7601 4645 7601 4644 7601 4645 7602 4646 7602 4651 7602 4652 7603 4646 7603 4645 7603 4646 7604 4647 7604 4651 7604 4652 7605 4647 7605 4646 7605 4647 7606 4648 7606 4651 7606 4652 7607 4648 7607 4647 7607 4648 7608 4649 7608 4651 7608 4652 7609 4649 7609 4648 7609 4649 7610 4650 7610 4651 7610 4652 7611 4650 7611 4649 7611 4650 7612 4642 7612 4651 7612 4652 7613 4642 7613 4650 7613 4653 7614 4654 7614 4662 7614 4663 7615 4654 7615 4653 7615 4654 7616 4655 7616 4662 7616 4663 7617 4655 7617 4654 7617 4655 7618 4656 7618 4662 7618 4663 7619 4656 7619 4655 7619 4656 7620 4657 7620 4662 7620 4663 7621 4657 7621 4656 7621 4657 7622 4658 7622 4662 7622 4663 7623 4658 7623 4657 7623 4658 7624 4659 7624 4662 7624 4663 7625 4659 7625 4658 7625 4659 7626 4660 7626 4662 7626 4663 7627 4660 7627 4659 7627 4660 7628 4661 7628 4662 7628 4663 7629 4661 7629 4660 7629 4661 7630 4653 7630 4662 7630 4663 7631 4653 7631 4661 7631 4664 7632 4665 7632 4673 7632 4674 7633 4665 7633 4664 7633 4665 7634 4666 7634 4673 7634 4674 7635 4666 7635 4665 7635 4666 7636 4667 7636 4673 7636 4674 7637 4667 7637 4666 7637 4667 7638 4668 7638 4673 7638 4674 7639 4668 7639 4667 7639 4668 7640 4669 7640 4673 7640 4674 7641 4669 7641 4668 7641 4669 7642 4670 7642 4673 7642 4674 7643 4670 7643 4669 7643 4670 7644 4671 7644 4673 7644 4674 7645 4671 7645 4670 7645 4671 7646 4672 7646 4673 7646 4674 7647 4672 7647 4671 7647 4672 7648 4664 7648 4673 7648 4674 7649 4664 7649 4672 7649 4675 7650 4676 7650 4684 7650 4685 7651 4676 7651 4675 7651 4676 7652 4677 7652 4684 7652 4685 7653 4677 7653 4676 7653 4677 7654 4678 7654 4684 7654 4685 7655 4678 7655 4677 7655 4678 7656 4679 7656 4684 7656 4685 7657 4679 7657 4678 7657 4679 7658 4680 7658 4684 7658 4685 7659 4680 7659 4679 7659 4680 7660 4681 7660 4684 7660 4685 7661 4681 7661 4680 7661 4681 7662 4682 7662 4684 7662 4685 7663 4682 7663 4681 7663 4682 7664 4683 7664 4684 7664 4685 7665 4683 7665 4682 7665 4683 7666 4675 7666 4684 7666 4685 7667 4675 7667 4683 7667 4686 7668 4687 7668 4695 7668 4696 7669 4687 7669 4686 7669 4687 7670 4688 7670 4695 7670 4696 7671 4688 7671 4687 7671 4688 7672 4689 7672 4695 7672 4696 7673 4689 7673 4688 7673 4689 7674 4690 7674 4695 7674 4696 7675 4690 7675 4689 7675 4690 7676 4691 7676 4695 7676 4696 7677 4691 7677 4690 7677 4691 7678 4692 7678 4695 7678 4696 7679 4692 7679 4691 7679 4692 7680 4693 7680 4695 7680 4696 7681 4693 7681 4692 7681 4693 7682 4694 7682 4695 7682 4696 7683 4694 7683 4693 7683 4694 7684 4686 7684 4695 7684 4696 7685 4686 7685 4694 7685 4697 7686 4698 7686 4706 7686 4707 7687 4698 7687 4697 7687 4698 7688 4699 7688 4706 7688 4707 7689 4699 7689 4698 7689 4699 7690 4700 7690 4706 7690 4707 7691 4700 7691 4699 7691 4700 7692 4701 7692 4706 7692 4707 7693 4701 7693 4700 7693 4701 7694 4702 7694 4706 7694 4707 7695 4702 7695 4701 7695 4702 7696 4703 7696 4706 7696 4707 7697 4703 7697 4702 7697 4703 7698 4704 7698 4706 7698 4707 7699 4704 7699 4703 7699 4704 7700 4705 7700 4706 7700 4707 7701 4705 7701 4704 7701 4705 7702 4697 7702 4706 7702 4707 7703 4697 7703 4705 7703 4708 7704 4709 7704 4717 7704 4718 7705 4709 7705 4708 7705 4709 7706 4710 7706 4717 7706 4718 7707 4710 7707 4709 7707 4710 7708 4711 7708 4717 7708 4718 7709 4711 7709 4710 7709 4711 7710 4712 7710 4717 7710 4718 7711 4712 7711 4711 7711 4712 7712 4713 7712 4717 7712 4718 7713 4713 7713 4712 7713 4713 7714 4714 7714 4717 7714 4718 7715 4714 7715 4713 7715 4714 7716 4715 7716 4717 7716 4718 7717 4715 7717 4714 7717 4715 7718 4716 7718 4717 7718 4718 7719 4716 7719 4715 7719 4716 7720 4708 7720 4717 7720 4718 7721 4708 7721 4716 7721 4719 7722 4720 7722 4728 7722 4729 7723 4720 7723 4719 7723 4720 7724 4721 7724 4728 7724 4729 7725 4721 7725 4720 7725 4721 7726 4722 7726 4728 7726 4729 7727 4722 7727 4721 7727 4722 7728 4723 7728 4728 7728 4729 7729 4723 7729 4722 7729 4723 7730 4724 7730 4728 7730 4729 7731 4724 7731 4723 7731 4724 7732 4725 7732 4728 7732 4729 7733 4725 7733 4724 7733 4725 7734 4726 7734 4728 7734 4729 7735 4726 7735 4725 7735 4726 7736 4727 7736 4728 7736 4729 7737 4727 7737 4726 7737 4727 7738 4719 7738 4728 7738 4729 7739 4719 7739 4727 7739 4730 7740 4731 7740 4739 7740 4740 7741 4731 7741 4730 7741 4731 7742 4732 7742 4739 7742 4740 7743 4732 7743 4731 7743 4732 7744 4733 7744 4739 7744 4740 7745 4733 7745 4732 7745 4733 7746 4734 7746 4739 7746 4740 7747 4734 7747 4733 7747 4734 7748 4735 7748 4739 7748 4740 7749 4735 7749 4734 7749 4735 7750 4736 7750 4739 7750 4740 7751 4736 7751 4735 7751 4736 7752 4737 7752 4739 7752 4740 7753 4737 7753 4736 7753 4737 7754 4738 7754 4739 7754 4740 7755 4738 7755 4737 7755 4738 7756 4730 7756 4739 7756 4740 7757 4730 7757 4738 7757 4741 7758 4742 7758 4750 7758 4751 7759 4742 7759 4741 7759 4742 7760 4743 7760 4750 7760 4751 7761 4743 7761 4742 7761 4743 7762 4744 7762 4750 7762 4751 7763 4744 7763 4743 7763 4744 7764 4745 7764 4750 7764 4751 7765 4745 7765 4744 7765 4745 7766 4746 7766 4750 7766 4751 7767 4746 7767 4745 7767 4746 7768 4747 7768 4750 7768 4751 7769 4747 7769 4746 7769 4747 7770 4748 7770 4750 7770 4751 7771 4748 7771 4747 7771 4748 7772 4749 7772 4750 7772 4751 7773 4749 7773 4748 7773 4749 7774 4741 7774 4750 7774 4751 7775 4741 7775 4749 7775 4752 7776 4753 7776 4761 7776 4762 7777 4753 7777 4752 7777 4753 7778 4754 7778 4761 7778 4762 7779 4754 7779 4753 7779 4754 7780 4755 7780 4761 7780 4762 7781 4755 7781 4754 7781 4755 7782 4756 7782 4761 7782 4762 7783 4756 7783 4755 7783 4756 7784 4757 7784 4761 7784 4762 7785 4757 7785 4756 7785 4757 7786 4758 7786 4761 7786 4762 7787 4758 7787 4757 7787 4758 7788 4759 7788 4761 7788 4762 7789 4759 7789 4758 7789 4759 7790 4760 7790 4761 7790 4762 7791 4760 7791 4759 7791 4760 7792 4752 7792 4761 7792 4762 7793 4752 7793 4760 7793 4763 7794 4764 7794 4772 7794 4773 7795 4764 7795 4763 7795 4764 7796 4765 7796 4772 7796 4773 7797 4765 7797 4764 7797 4765 7798 4766 7798 4772 7798 4773 7799 4766 7799 4765 7799 4766 7800 4767 7800 4772 7800 4773 7801 4767 7801 4766 7801 4767 7802 4768 7802 4772 7802 4773 7803 4768 7803 4767 7803 4768 7804 4769 7804 4772 7804 4773 7805 4769 7805 4768 7805 4769 7806 4770 7806 4772 7806 4773 7807 4770 7807 4769 7807 4770 7808 4771 7808 4772 7808 4773 7809 4771 7809 4770 7809 4771 7810 4763 7810 4772 7810 4773 7811 4763 7811 4771 7811 4774 7812 4775 7812 4783 7812 4784 7813 4775 7813 4774 7813 4775 7814 4776 7814 4783 7814 4784 7815 4776 7815 4775 7815 4776 7816 4777 7816 4783 7816 4784 7817 4777 7817 4776 7817 4777 7818 4778 7818 4783 7818 4784 7819 4778 7819 4777 7819 4778 7820 4779 7820 4783 7820 4784 7821 4779 7821 4778 7821 4779 7822 4780 7822 4783 7822 4784 7823 4780 7823 4779 7823 4780 7824 4781 7824 4783 7824 4784 7825 4781 7825 4780 7825 4781 7826 4782 7826 4783 7826 4784 7827 4782 7827 4781 7827 4782 7828 4774 7828 4783 7828 4784 7829 4774 7829 4782 7829</p></triangles>
</mesh></geometry></library_geometries><library_visual_scenes><visual_scene id="Scene"><node id="mesh"><instance_geometry url="#geometry"/></node></visual_scene></library_visual_scenes><scene><instance_visual_scene url="#Scene"/></scene></COLLADA>