<?xml version="1.0" encoding="UTF-8"?>
<COLLADA xmlns="http://www.collada.org/2005/11/COLLADASchema" version="1.4.1">
<asset><contributor><authoring_tool>Summit Estate procedural mesh exporter</authoring_tool></contributor><created>2026-09-11T00:00:00Z</created><modified>2026-09-11T00:00:00Z</modified><unit name="meter" meter="1"/><up_axis>Z_UP</up_axis></asset>
<library_geometries><geometry id="geometry" name="geometry"><mesh>
<source id="positions"><float_array id="positions-array" count="3960">179.45773 237.34711 80.55810 175.92931 234.79938 80.55810 176.37149 230.46982 80.55810 180.34210 228.68798 80.55810 183.87052 231.23571 80.55810 183.42833 235.56527 80.55810 179.89991 233.01754 90.72362 179.89991 233.01754 80.55810 180.19991 233.01754 78.10858 180.04991 233.27735 78.10858 179.74991 233.27735 78.10858 179.59991 233.01754 78.10858 179.74991 232.75774 78.10858 180.04991 232.75774 78.10858 180.19991 233.01754 82.76267 180.04991 233.27735 82.76267 179.74991 233.27735 82.76267 179.59991 233.01754 82.76267 179.74991 232.75774 82.76267 180.04991 232.75774 82.76267 179.89991 233.01754 78.10858 179.89991 233.01754 82.76267 112.96589 247.37957 75.04771 113.50349 243.61934 75.04771 117.02875 242.20480 75.04771 120.01640 244.55050 75.04771 119.47880 248.31073 75.04771 115.95354 249.72526 75.04771 116.49114 245.96503 88.39161 116.49114 245.96503 75.04771 116.79114 245.96503 71.83231 116.64114 246.22484 71.83231 116.34114 246.22484 71.83231 116.19114 245.96503 71.83231 116.34114 245.70523 71.83231 116.64114 245.70523 71.83231 116.79114 245.96503 77.94157 116.64114 246.22484 77.94157 116.34114 246.22484 77.94157 116.19114 245.96503 77.94157 116.34114 245.70523 77.94157 116.64114 245.70523 77.94157 116.49114 245.96503 71.83231 116.49114 245.96503 77.94157 189.16990 252.31858 80.35949 187.38534 250.42384 80.35949 188.13395 247.93100 80.35949 190.66712 247.33289 80.35949 192.45169 249.22763 80.35949 191.70308 251.72047 80.35949 189.91851 249.82573 95.98873 189.91851 249.82573 80.35949 190.21851 249.82573 76.59341 190.06851 250.08554 76.59341 189.76851 250.08554 76.59341 189.61851 249.82573 76.59341 189.76851 249.56593 76.59341 190.06851 249.56593 76.59341 190.21851 249.82573 83.74897 190.06851 250.08554 83.74897 189.76851 250.08554 83.74897 189.61851 249.82573 83.74897 189.76851 249.56593 83.74897 190.06851 249.56593 83.74897 189.91851 249.82573 76.59341 189.91851 249.82573 83.74897 22.06488 232.80208 81.18223 22.75399 229.57262 81.18223 25.89534 228.55467 81.18223 28.34759 230.76619 81.18223 27.65848 233.99565 81.18223 24.51713 235.01360 81.18223 25.20623 231.78413 92.39129 25.20623 231.78413 81.18223 25.50623 231.78413 78.48125 25.35623 232.04394 78.48125 25.05623 232.04394 78.48125 24.90623 231.78413 78.48125 25.05623 231.52433 78.48125 25.35623 231.52433 78.48125 25.50623 231.78413 83.61311 25.35623 232.04394 83.61311 25.05623 232.04394 83.61311 24.90623 231.78413 83.61311 25.05623 231.52433 83.61311 25.35623 231.52433 83.61311 25.20623 231.78413 78.48125 25.20623 231.78413 83.61311 46.24335 251.74072 77.92574 42.90737 251.69908 77.92574 41.27545 248.78921 77.92574 42.97951 245.92099 77.92574 46.31549 245.96263 77.92574 47.94741 248.87250 77.92574 44.61143 248.83085 95.00419 44.61143 248.83085 77.92574 44.91143 248.83085 73.81045 44.76143 249.09066 73.81045 44.46143 249.09066 73.81045 44.31143 248.83085 73.81045 44.46143 248.57105 73.81045 44.76143 248.57105 73.81045 44.91143 248.83085 81.62950 44.76143 249.09066 81.62950 44.46143 249.09066 81.62950 44.31143 248.83085 81.62950 44.46143 248.57105 81.62950 44.76143 248.57105 81.62950 44.61143 248.83085 73.81045 44.61143 248.83085 81.62950 68.34675 229.74272 80.38096 69.41833 227.43445 80.38096 71.95314 227.20833 80.38096 73.41636 229.29048 80.38096 72.34479 231.59874 80.38096 69.80998 231.82486 80.38096 70.88156 229.51660 90.76563 70.88156 229.51660 80.38096 71.18156 229.51660 77.87863 71.03156 229.77640 77.87863 70.73156 229.77640 77.87863 70.58156 229.51660 77.87863 70.73156 229.25679 77.87863 71.03156 229.25679 77.87863 71.18156 229.51660 82.63306 71.03156 229.77640 82.63306 70.73156 229.77640 82.63306 70.58156 229.51660 82.63306 70.73156 229.25679 82.63306 71.03156 229.25679 82.63306 70.88156 229.51660 77.87863 70.88156 229.51660 82.63306 39.36268 240.70265 79.17337 40.77684 245.08584 79.17337 37.68797 248.50213 79.17337 33.18494 247.53523 79.17337 31.77078 243.15204 79.17337 34.85965 239.73575 79.17337 36.27381 244.11894 93.22756 36.27381 244.11894 79.17337 36.57381 244.11894 75.78682 36.42381 244.37875 75.78682 36.12381 244.37875 75.78682 35.97381 244.11894 75.78682 36.12381 243.85913 75.78682 36.42381 243.85913 75.78682 36.57381 244.11894 82.22127 36.42381 244.37875 82.22127 36.12381 244.37875 82.22127 35.97381 244.11894 82.22127 36.12381 243.85913 82.22127 36.42381 243.85913 82.22127 36.27381 244.11894 75.78682 36.27381 244.11894 82.22127 78.92416 229.12756 80.77863 80.01376 224.97987 80.77863 84.15057 223.84965 80.77863 87.19777 226.86712 80.77863 86.10817 231.01481 80.77863 81.97136 232.14503 80.77863 83.06096 227.99734 92.22345 83.06096 227.99734 80.77863 83.36096 227.99734 78.02084 83.21096 228.25715 78.02084 82.91096 228.25715 78.02084 82.76096 227.99734 78.02084 82.91096 227.73754 78.02084 83.21096 227.73754 78.02084 83.36096 227.99734 83.26064 83.21096 228.25715 83.26064 82.91096 228.25715 83.26064 82.76096 227.99734 83.26064 82.91096 227.73754 83.26064 83.21096 227.73754 83.26064 83.06096 227.99734 78.02084 83.06096 227.99734 83.26064 86.57514 232.20242 79.47222 85.47622 229.67388 79.47222 87.11654 227.45792 79.47222 89.85578 227.77050 79.47222 90.95470 230.29904 79.47222 89.31438 232.51500 79.47222 88.21546 229.98646 88.25069 88.21546 229.98646 79.47222 88.51546 229.98646 77.35693 88.36546 230.24627 77.35693 88.06546 230.24627 77.35693 87.91546 229.98646 77.35693 88.06546 229.72665 77.35693 88.36546 229.72665 77.35693 88.51546 229.98646 81.37599 88.36546 230.24627 81.37599 88.06546 230.24627 81.37599 87.91546 229.98646 81.37599 88.06546 229.72665 81.37599 88.36546 229.72665 81.37599 88.21546 229.98646 77.35693 88.21546 229.98646 81.37599 190.26452 230.80534 80.08262 192.63910 234.47876 80.08262 190.64511 238.37192 80.08262 186.27654 238.59166 80.08262 183.90196 234.91823 80.08262 185.89595 231.02507 80.08262 188.27053 234.69850 88.54201 188.27053 234.69850 80.08262 188.57053 234.69850 78.04421 188.42053 234.95830 78.04421 188.12053 234.95830 78.04421 187.97053 234.69850 78.04421 188.12053 234.43869 78.04421 188.42053 234.43869 78.04421 188.57053 234.69850 81.91719 188.42053 234.95830 81.91719 188.12053 234.95830 81.91719 187.97053 234.69850 81.91719 188.12053 234.43869 81.91719 188.42053 234.43869 81.91719 188.27053 234.69850 78.04421 188.27053 234.69850 81.91719 180.14280 245.03712 80.31017 182.24905 246.24885 80.31017 182.25279 248.67878 80.31017 180.15027 249.89699 80.31017 178.04402 248.68526 80.31017 178.04028 246.25532 80.31017 180.14653 247.46705 96.19923 180.14653 247.46705 80.31017 180.44653 247.46705 76.48148 180.29653 247.72686 76.48148 179.99653 247.72686 76.48148 179.84653 247.46705 76.48148 179.99653 247.20725 76.48148 180.29653 247.20725 76.48148 180.44653 247.46705 83.75599 180.29653 247.72686 83.75599 179.99653 247.72686 83.75599 179.84653 247.46705 83.75599 179.99653 247.20725 83.75599 180.29653 247.20725 83.75599 180.14653 247.46705 76.48148 180.14653 247.46705 83.75599 177.25539 238.97275 79.16796 179.47886 239.89612 79.16796 179.79093 242.28338 79.16796 177.87954 243.74728 79.16796 175.65607 242.82391 79.16796 175.34399 240.43665 79.16796 177.56746 241.36002 88.42467 177.56746 241.36002 79.16796 177.86746 241.36002 76.93743 177.71746 241.61982 76.93743 177.41746 241.61982 76.93743 177.26746 241.36002 76.93743 177.41746 241.10021 76.93743 177.71746 241.10021 76.93743 177.86746 241.36002 81.17544 177.71746 241.61982 81.17544 177.41746 241.61982 81.17544 177.26746 241.36002 81.17544 177.41746 241.10021 81.17544 177.71746 241.10021 81.17544 177.56746 241.36002 76.93743 177.56746 241.36002 81.17544 90.56545 251.63316 72.88283 87.49188 250.70994 72.88283 86.75463 247.58653 72.88283 89.09095 245.38635 72.88283 92.16452 246.30957 72.88283 92.90178 249.43298 72.88283 89.82820 248.50975 83.38737 89.82820 248.50975 72.88283 90.12820 248.50975 70.35161 89.97820 248.76956 70.35161 89.67820 248.76956 70.35161 89.52820 248.50975 70.35161 89.67820 248.24994 70.35161 89.97820 248.24994 70.35161 90.12820 248.50975 75.16092 89.97820 248.76956 75.16092 89.67820 248.76956 75.16092 89.52820 248.50975 75.16092 89.67820 248.24994 75.16092 89.97820 248.24994 75.16092 89.82820 248.50975 70.35161 89.82820 248.50975 75.16092 197.51111 221.26432 83.15468 201.13980 223.98931 83.15468 200.59423 228.49434 83.15468 196.41998 230.27438 83.15468 192.79129 227.54939 83.15468 193.33686 223.04436 83.15468 196.96554 225.76935 99.38279 196.96554 225.76935 83.15468 197.26554 225.76935 79.24430 197.11554 226.02916 79.24430 196.81554 226.02916 79.24430 196.66554 225.76935 79.24430 196.81554 225.50954 79.24430 197.11554 225.50954 79.24430 197.26554 225.76935 86.67403 197.11554 226.02916 86.67403 196.81554 226.02916 86.67403 196.66554 225.76935 86.67403 196.81554 225.50954 86.67403 197.11554 225.50954 86.67403 196.96554 225.76935 79.24430 196.96554 225.76935 86.67403 124.09803 229.22131 79.31311 124.43271 233.15961 79.31311 121.18939 235.41861 79.31311 117.61138 233.73930 79.31311 117.27669 229.80100 79.31311 120.52001 227.54200 79.31311 120.85470 231.48031 89.89812 120.85470 231.48031 79.31311 121.15470 231.48031 76.76250 121.00470 231.74011 76.76250 120.70470 231.74011 76.76250 120.55470 231.48031 76.76250 120.70470 231.22050 76.76250 121.00470 231.22050 76.76250 121.15470 231.48031 81.60865 121.00470 231.74011 81.60865 120.70470 231.74011 81.60865 120.55470 231.48031 81.60865 120.70470 231.22050 81.60865 121.00470 231.22050 81.60865 120.85470 231.48031 76.76250 120.85470 231.48031 81.60865 121.31964 237.18998 80.22457 117.08277 238.55829 80.22457 113.77934 235.57320 80.22457 114.71279 231.21981 80.22457 118.94966 229.85151 80.22457 122.25309 232.83659 80.22457 118.01621 234.20490 98.43518 118.01621 234.20490 80.22457 118.31621 234.20490 75.83647 118.16621 234.46470 75.83647 117.86621 234.46470 75.83647 117.71621 234.20490 75.83647 117.86621 233.94509 75.83647 118.16621 233.94509 75.83647 118.31621 234.20490 84.17386 118.16621 234.46470 84.17386 117.86621 234.46470 84.17386 117.71621 234.20490 84.17386 117.86621 233.94509 84.17386 118.16621 233.94509 84.17386 118.01621 234.20490 75.83647 118.01621 234.20490 84.17386 101.59802 235.03040 79.06032 99.04387 236.07889 79.06032 96.85877 234.39118 79.06032 97.22783 231.65497 79.06032 99.78198 230.60649 79.06032 101.96707 232.29420 79.06032 99.41292 233.34269 91.45552 99.41292 233.34269 79.06032 99.71292 233.34269 76.07352 99.56292 233.60250 76.07352 99.26292 233.60250 76.07352 99.11292 233.34269 76.07352 99.26292 233.08288 76.07352 99.56292 233.08288 76.07352 99.71292 233.34269 81.74843 99.56292 233.60250 81.74843 99.26292 233.60250 81.74843 99.11292 233.34269 81.74843 99.26292 233.08288 81.74843 99.56292 233.08288 81.74843 99.41292 233.34269 76.07352 99.41292 233.34269 81.74843 55.51993 242.46115 77.14291 59.68203 243.86428 77.14291 60.54793 248.17033 77.14291 57.25174 251.07325 77.14291 53.08964 249.67012 77.14291 52.22374 245.36407 77.14291 56.38584 246.76720 93.35474 56.38584 246.76720 77.14291 56.68584 246.76720 73.23644 56.53584 247.02701 73.23644 56.23584 247.02701 73.23644 56.08584 246.76720 73.23644 56.23584 246.50739 73.23644 56.53584 246.50739 73.23644 56.68584 246.76720 80.65873 56.53584 247.02701 80.65873 56.23584 247.02701 80.65873 56.08584 246.76720 80.65873 56.23584 246.50739 80.65873 56.53584 246.50739 80.65873 56.38584 246.76720 73.23644 56.38584 246.76720 80.65873 50.90077 246.90759 76.58140 53.84886 246.95769 76.58140 55.27952 249.53586 76.58140 53.76210 252.06393 76.58140 50.81400 252.01384 76.58140 49.38334 249.43567 76.58140 52.33143 249.48576 92.44415 52.33143 249.48576 76.58140 52.63143 249.48576 72.75904 52.48143 249.74557 72.75904 52.18143 249.74557 72.75904 52.03143 249.48576 72.75904 52.18143 249.22596 72.75904 52.48143 249.22596 72.75904 52.63143 249.48576 80.02151 52.48143 249.74557 80.02151 52.18143 249.74557 80.02151 52.03143 249.48576 80.02151 52.18143 249.22596 80.02151 52.48143 249.22596 80.02151 52.33143 249.48576 72.75904 52.33143 249.48576 80.02151 110.97976 241.79672 76.66191 106.70524 240.80132 76.66191 105.43002 236.60178 76.66191 108.42932 233.39763 76.66191 112.70384 234.39303 76.66191 113.97906 238.59257 76.66191 109.70454 237.59717 85.54193 109.70454 237.59717 76.66191 110.00454 237.59717 74.52214 109.85454 237.85698 74.52214 109.55454 237.85698 74.52214 109.40454 237.59717 74.52214 109.55454 237.33737 74.52214 109.85454 237.33737 74.52214 110.00454 237.59717 78.58770 109.85454 237.85698 78.58770 109.55454 237.85698 78.58770 109.40454 237.59717 78.58770 109.55454 237.33737 78.58770 109.85454 237.33737 78.58770 109.70454 237.59717 74.52214 109.70454 237.59717 78.58770 232.69005 243.01064 80.75625 231.17150 246.52376 80.75625 227.36978 246.96521 80.75625 225.08661 243.89355 80.75625 226.60516 240.38043 80.75625 230.40688 239.93898 80.75625 228.88833 243.45210 98.24211 228.88833 243.45210 80.75625 229.18833 243.45210 76.54278 229.03833 243.71190 76.54278 228.73833 243.71190 76.54278 228.58833 243.45210 76.54278 228.73833 243.19229 76.54278 229.03833 243.19229 76.54278 229.18833 243.45210 84.54836 229.03833 243.71190 84.54836 228.73833 243.71190 84.54836 228.58833 243.45210 84.54836 228.73833 243.19229 84.54836 229.03833 243.19229 84.54836 228.88833 243.45210 76.54278 228.88833 243.45210 84.54836 61.93418 231.93026 81.43368 63.14740 228.74911 81.43368 66.50897 228.20922 81.43368 68.65732 230.85048 81.43368 67.44409 234.03163 81.43368 64.08252 234.57152 81.43368 65.29575 231.39037 97.57778 65.29575 231.39037 81.43368 65.59575 231.39037 77.54354 65.44575 231.65018 77.54354 65.14575 231.65018 77.54354 64.99575 231.39037 77.54354 65.14575 231.13056 77.54354 65.44575 231.13056 77.54354 65.59575 231.39037 84.93481 65.44575 231.65018 84.93481 65.14575 231.65018 84.93481 64.99575 231.39037 84.93481 65.14575 231.13056 84.93481 65.44575 231.13056 84.93481 65.29575 231.39037 77.54354 65.29575 231.39037 84.93481 37.48184 237.66000 80.63242 36.45713 234.22750 80.63242 38.91741 231.62383 80.63242 42.40240 232.45265 80.63242 43.42711 235.88515 80.63242 40.96683 238.48883 80.63242 39.94212 235.05633 93.30841 39.94212 235.05633 80.63242 40.24212 235.05633 77.57797 40.09212 235.31613 77.57797 39.79212 235.31613 77.57797 39.64212 235.05633 77.57797 39.79212 234.79652 77.57797 40.09212 234.79652 77.57797 40.24212 235.05633 83.38143 40.09212 235.31613 83.38143 39.79212 235.31613 83.38143 39.64212 235.05633 83.38143 39.79212 234.79652 83.38143 40.09212 234.79652 83.38143 39.94212 235.05633 77.57797 39.94212 235.05633 83.38143 62.16185 242.36493 78.54202 59.24255 238.62397 78.54202 61.02266 234.22531 78.54202 65.72208 233.56759 78.54202 68.64138 237.30855 78.54202 66.86126 241.70722 78.54202 63.94196 237.96626 90.60097 63.94196 237.96626 78.54202 64.24196 237.96626 75.63625 64.09196 238.22607 75.63625 63.79196 238.22607 75.63625 63.64196 237.96626 75.63625 63.79196 237.70645 75.63625 64.09196 237.70645 75.63625 64.24196 237.96626 81.15721 64.09196 238.22607 81.15721 63.79196 238.22607 81.15721 63.64196 237.96626 81.15721 63.79196 237.70645 81.15721 64.09196 237.70645 81.15721 63.94196 237.96626 75.63625 63.94196 237.96626 81.15721 153.22624 246.12951 76.99800 151.46188 250.45048 76.99800 146.83762 251.08298 76.99800 143.97773 247.39451 76.99800 145.74209 243.07354 76.99800 150.36635 242.44103 76.99800 148.60198 246.76201 88.08454 148.60198 246.76201 76.99800 148.90198 246.76201 74.32654 148.75198 247.02182 74.32654 148.45198 247.02182 74.32654 148.30198 246.76201 74.32654 148.45198 246.50220 74.32654 148.75198 246.50220 74.32654 148.90198 246.76201 79.40231 148.75198 247.02182 79.40231 148.45198 247.02182 79.40231 148.30198 246.76201 79.40231 148.45198 246.50220 79.40231 148.75198 246.50220 79.40231 148.60198 246.76201 74.32654 148.60198 246.76201 79.40231 144.42210 248.81853 76.90435 144.65476 245.97314 76.90435 147.23526 244.75194 76.90435 149.58311 246.37611 76.90435 149.35045 249.22150 76.90435 146.76995 250.44270 76.90435 147.00261 247.59732 88.73099 147.00261 247.59732 76.90435 147.30261 247.59732 74.05455 147.15261 247.85713 74.05455 146.85261 247.85713 74.05455 146.70261 247.59732 74.05455 146.85261 247.33751 74.05455 147.15261 247.33751 74.05455 147.30261 247.59732 79.46916 147.15261 247.85713 79.46916 146.85261 247.85713 79.46916 146.70261 247.59732 79.46916 146.85261 247.33751 79.46916 147.15261 247.33751 79.46916 147.00261 247.59732 74.05455 147.00261 247.59732 79.46916 219.58660 231.86048 82.32398 218.62764 236.55539 82.32398 214.08224 238.07236 82.32398 210.49581 234.89442 82.32398 211.45478 230.19950 82.32398 216.00017 228.68253 82.32398 215.04121 233.37745 99.18131 215.04121 233.37745 82.32398 215.34121 233.37745 78.26197 215.19121 233.63726 78.26197 214.89121 233.63726 78.26197 214.74121 233.37745 78.26197 214.89121 233.11764 78.26197 215.19121 233.11764 78.26197 215.34121 233.37745 85.97979 215.19121 233.63726 85.97979 214.89121 233.63726 85.97979 214.74121 233.37745 85.97979 214.89121 233.11764 85.97979 215.19121 233.11764 85.97979 215.04121 233.37745 78.26197 215.04121 233.37745 85.97979 71.38119 234.25062 79.69819 70.70471 230.21608 79.69819 73.86048 227.61296 79.69819 77.69274 229.04437 79.69819 78.36922 233.07891 79.69819 75.21345 235.68204 79.69819 74.53697 231.64750 90.13470 74.53697 231.64750 79.69819 74.83697 231.64750 77.18336 74.68697 231.90730 77.18336 74.38697 231.90730 77.18336 74.23697 231.64750 77.18336 74.38697 231.38769 77.18336 74.68697 231.38769 77.18336 74.83697 231.64750 81.96153 74.68697 231.90730 81.96153 74.38697 231.90730 81.96153 74.23697 231.64750 81.96153 74.38697 231.38769 81.96153 74.68697 231.38769 81.96153 74.53697 231.64750 77.18336 74.53697 231.64750 81.96153 70.84805 236.87877 77.79057 71.77605 239.15898 77.79057 70.26533 241.10276 77.79057 67.82660 240.76633 77.79057 66.89860 238.48612 77.79057 68.40932 236.54234 77.79057 69.33732 238.82255 89.18710 69.33732 238.82255 77.79057 69.63732 238.82255 75.04442 69.48732 239.08236 75.04442 69.18732 239.08236 75.04442 69.03732 238.82255 75.04442 69.18732 238.56274 75.04442 69.48732 238.56274 75.04442 69.63732 238.82255 80.26211 69.48732 239.08236 80.26211 69.18732 239.08236 80.26211 69.03732 238.82255 80.26211 69.18732 238.56274 80.26211 69.48732 238.56274 80.26211 69.33732 238.82255 75.04442 69.33732 238.82255 80.26211 211.93508 231.44481 82.79061 207.83164 232.35847 82.79061 204.98866 229.26161 82.79061 206.24913 225.25110 82.79061 210.35258 224.33744 82.79061 213.19555 227.43430 82.79061 209.09211 228.34795 98.66475 209.09211 228.34795 82.79061 209.39211 228.34795 78.96551 209.24211 228.60776 78.96551 208.94211 228.60776 78.96551 208.79211 228.34795 78.96551 208.94211 228.08815 78.96551 209.24211 228.08815 78.96551 209.39211 228.34795 86.23319 209.24211 228.60776 86.23319 208.94211 228.60776 86.23319 208.79211 228.34795 86.23319 208.94211 228.08815 86.23319 209.24211 228.08815 86.23319 209.09211 228.34795 78.96551 209.09211 228.34795 86.23319 233.11087 247.31109 78.30386 230.93826 249.11820 78.30386 228.28695 248.14023 78.30386 227.80824 245.35514 78.30386 229.98085 243.54803 78.30386 232.63216 244.52600 78.30386 230.45956 246.33312 87.19111 230.45956 246.33312 78.30386 230.75956 246.33312 76.16235 230.60956 246.59292 76.16235 230.30956 246.59292 76.16235 230.15956 246.33312 76.16235 230.30956 246.07331 76.16235 230.60956 246.07331 76.16235 230.75956 246.33312 80.23121 230.60956 246.59292 80.23121 230.30956 246.59292 80.23121 230.15956 246.33312 80.23121 230.30956 246.07331 80.23121 230.60956 246.07331 80.23121 230.45956 246.33312 76.16235 230.45956 246.33312 80.23121 9.85575 249.95744 81.19592 7.58238 246.01756 81.19592 9.85775 242.07882 81.19592 14.40647 242.07998 81.19592 16.67983 246.01987 81.19592 14.40447 249.95860 81.19592 12.13111 246.01871 99.19807 12.13111 246.01871 81.19592 12.43111 246.01871 76.85806 12.28111 246.27852 76.85806 11.98111 246.27852 76.85806 11.83111 246.01871 76.85806 11.98111 245.75890 76.85806 12.28111 245.75890 76.85806 12.43111 246.01871 85.10000 12.28111 246.27852 85.10000 11.98111 246.27852 85.10000 11.83111 246.01871 85.10000 11.98111 245.75890 85.10000 12.28111 245.75890 85.10000 12.13111 246.01871 76.85806 12.13111 246.01871 85.10000 230.88353 237.03554 79.99298 229.68872 234.58541 79.99298 231.21319 232.32561 79.99298 233.93246 232.51594 79.99298 235.12727 234.96607 79.99298 233.60280 237.22587 79.99298 232.40799 234.77574 89.02777 232.40799 234.77574 79.99298 232.70799 234.77574 77.81593 232.55799 235.03555 77.81593 232.25799 235.03555 77.81593 232.10799 234.77574 77.81593 232.25799 234.51593 77.81593 232.55799 234.51593 77.81593 232.70799 234.77574 81.95233 232.55799 235.03555 81.95233 232.25799 235.03555 81.95233 232.10799 234.77574 81.95233 232.25799 234.51593 81.95233 232.55799 234.51593 81.95233 232.40799 234.77574 77.81593 232.40799 234.77574 81.95233 71.31030 239.71659 75.39550 74.37457 241.22621 75.39550 74.59933 244.63476 75.39550 71.75983 246.53368 75.39550 68.69556 245.02406 75.39550 68.47080 241.61551 75.39550 71.53506 243.12513 83.98517 71.53506 243.12513 75.39550 71.83506 243.12513 73.32570 71.68506 243.38494 73.32570 71.38506 243.38494 73.32570 71.23506 243.12513 73.32570 71.38506 242.86533 73.32570 71.68506 242.86533 73.32570 71.83506 243.12513 77.25832 71.68506 243.38494 77.25832 71.38506 243.38494 77.25832 71.23506 243.12513 77.25832 71.38506 242.86533 77.25832 71.68506 242.86533 77.25832 71.53506 243.12513 73.32570 71.53506 243.12513 77.25832 125.65814 237.08935 79.29806 128.45357 234.00012 79.29806 132.52663 234.87643 79.29806 133.80426 238.84195 79.29806 131.00883 241.93118 79.29806 126.93577 241.05487 79.29806 129.73120 237.96565 97.19244 129.73120 237.96565 79.29806 130.03120 237.96565 74.98616 129.88120 238.22546 74.98616 129.58120 238.22546 74.98616 129.43120 237.96565 74.98616 129.58120 237.70584 74.98616 129.88120 237.70584 74.98616 130.03120 237.96565 83.17877 129.88120 238.22546 83.17877 129.58120 238.22546 83.17877 129.43120 237.96565 83.17877 129.58120 237.70584 83.17877 129.88120 237.70584 83.17877 129.73120 237.96565 74.98616 129.73120 237.96565 83.17877 16.61760 241.58029 80.71408 16.33152 244.34658 80.71408 13.79280 245.48196 80.71408 11.54018 243.85106 80.71408 11.82626 241.08478 80.71408 14.36498 239.94939 80.71408 14.07889 242.71568 95.39761 14.07889 242.71568 80.71408 14.37889 242.71568 77.17588 14.22889 242.97548 77.17588 13.92889 242.97548 77.17588 13.77889 242.71568 77.17588 13.92889 242.45587 77.17588 14.22889 242.45587 77.17588 14.37889 242.71568 83.89846 14.22889 242.97548 83.89846 13.92889 242.97548 83.89846 13.77889 242.71568 83.89846 13.92889 242.45587 83.89846 14.22889 242.45587 83.89846 14.07889 242.71568 77.17588 14.07889 242.71568 83.89846 41.23121 233.12607 80.47922 40.70200 237.59813 80.47922 36.56448 239.37584 80.47922 32.95617 236.68150 80.47922 33.48539 232.20945 80.47922 37.62291 230.43173 80.47922 37.09369 234.90379 91.98591 37.09369 234.90379 80.47922 37.39369 234.90379 77.70652 37.24369 235.16360 77.70652 36.94369 235.16360 77.70652 36.79369 234.90379 77.70652 36.94369 234.64398 77.70652 37.24369 234.64398 77.70652 37.39369 234.90379 82.97464 37.24369 235.16360 82.97464 36.94369 235.16360 82.97464 36.79369 234.90379 82.97464 36.94369 234.64398 82.97464 37.24369 234.64398 82.97464 37.09369 234.90379 77.70652 37.09369 234.90379 82.97464 61.29658 247.52346 74.11654 62.33785 249.70218 74.11654 60.97166 251.69329 74.11654 58.56420 251.50570 74.11654 57.52294 249.32698 74.11654 58.88913 247.33586 74.11654 59.93039 249.51458 83.18252 59.93039 249.51458 74.11654 60.23039 249.51458 71.93197 60.08039 249.77439 71.93197 59.78039 249.77439 71.93197 59.63039 249.51458 71.93197 59.78039 249.25477 71.93197 60.08039 249.25477 71.93197 60.23039 249.51458 76.08266 60.08039 249.77439 76.08266 59.78039 249.77439 76.08266 59.63039 249.51458 76.08266 59.78039 249.25477 76.08266 60.08039 249.25477 76.08266 59.93039 249.51458 71.93197 59.93039 249.51458 76.08266 119.72271 228.37817 80.67590 121.67780 232.77873 80.67590 118.84435 236.67217 80.67590 114.05581 236.16504 80.67590 112.10072 231.76448 80.67590 114.93417 227.87105 80.67590 116.88926 232.27161 98.16935 116.88926 232.27161 80.67590 117.18926 232.27161 76.46061 117.03926 232.53142 76.46061 116.73926 232.53142 76.46061 116.58926 232.27161 76.46061 116.73926 232.01180 76.46061 117.03926 232.01180 76.46061 117.18926 232.27161 84.46966 117.03926 232.53142 84.46966 116.73926 232.53142 84.46966 116.58926 232.27161 84.46966 116.73926 232.01180 84.46966 117.03926 232.01180 84.46966 116.88926 232.27161 76.46061 116.88926 232.27161 84.46966 243.59279 242.03199 80.98028 241.12889 238.30596 80.98028 243.12377 234.30915 80.98028 247.58255 234.03836 80.98028 250.04645 237.76438 80.98028 248.05157 241.76120 80.98028 245.58767 238.03517 98.87560 245.58767 238.03517 80.98028 245.88767 238.03517 76.66815 245.73767 238.29498 76.66815 245.43767 238.29498 76.66815 245.28767 238.03517 76.66815 245.43767 237.77536 76.66815 245.73767 237.77536 76.66815 245.88767 238.03517 84.86119 245.73767 238.29498 84.86119 245.43767 238.29498 84.86119 245.28767 238.03517 84.86119 245.43767 237.77536 84.86119 245.73767 237.77536 84.86119 245.58767 238.03517 76.66815 245.58767 238.03517 84.86119 131.69206 252.99097 75.29344 127.82291 252.53113 75.29344 126.28658 248.95042 75.29344 128.61939 245.82956 75.29344 132.48854 246.28941 75.29344 134.02487 249.87012 75.29344 130.15572 249.41027 88.80530 130.15572 249.41027 75.29344 130.45572 249.41027 72.03757 130.30572 249.67008 72.03757 130.00572 249.67008 72.03757 129.85572 249.41027 72.03757 130.00572 249.15046 72.03757 130.30572 249.15046 72.03757 130.45572 249.41027 78.22372 130.30572 249.67008 78.22372 130.00572 249.67008 78.22372 129.85572 249.41027 78.22372 130.00572 249.15046 78.22372 130.30572 249.15046 78.22372 130.15572 249.41027 72.03757 130.15572 249.41027 78.22372 224.93723 227.00225 82.94055 221.09677 229.78710 82.94055 216.76479 227.85358 82.94055 216.27328 223.13522 82.94055 220.11374 220.35038 82.94055 224.44571 222.28389 82.94055 220.60525 225.06874 97.96686 220.60525 225.06874 82.94055 220.90525 225.06874 79.31976 220.75525 225.32854 79.31976 220.45525 225.32854 79.31976 220.30525 225.06874 79.31976 220.45525 224.80893 79.31976 220.75525 224.80893 79.31976 220.90525 225.06874 86.19927 220.75525 225.32854 86.19927 220.45525 225.32854 86.19927 220.30525 225.06874 86.19927 220.45525 224.80893 86.19927 220.75525 224.80893 86.19927 220.60525 225.06874 79.31976 220.60525 225.06874 86.19927 211.97529 238.48320 80.59670 215.14812 240.99862 80.59670 214.55612 245.00407 80.59670 210.79129 246.49411 80.59670 207.61846 243.97870 80.59670 208.21046 239.97324 80.59670 211.38329 242.48866 95.25053 211.38329 242.48866 80.59670 211.68329 242.48866 77.06566 211.53329 242.74846 77.06566 211.23329 242.74846 77.06566 211.08329 242.48866 77.06566 211.23329 242.22885 77.06566 211.53329 242.22885 77.06566 211.68329 242.48866 83.77464 211.53329 242.74846 83.77464 211.23329 242.74846 83.77464 211.08329 242.48866 83.77464 211.23329 242.22885 83.77464 211.53329 242.22885 83.77464 211.38329 242.48866 77.06566 211.38329 242.48866 83.77464 228.37538 237.28224 81.03927 229.73525 241.23831 81.03927 226.98913 244.39404 81.03927 222.88313 243.59369 81.03927 221.52326 239.63762 81.03927 224.26938 236.48189 81.03927 225.62926 240.43797 97.63518 225.62926 240.43797 81.03927 225.92926 240.43797 77.04026 225.77926 240.69777 77.04026 225.47926 240.69777 77.04026 225.32926 240.43797 77.04026 225.47926 240.17816 77.04026 225.77926 240.17816 77.04026 225.92926 240.43797 84.63839 225.77926 240.69777 84.63839 225.47926 240.69777 84.63839 225.32926 240.43797 84.63839 225.47926 240.17816 84.63839 225.77926 240.17816 84.63839 225.62926 240.43797 77.04026 225.62926 240.43797 84.63839 25.66029 239.19996 81.74203 25.87544 236.70648 81.74203 28.14243 235.64606 81.74203 30.19428 237.07913 81.74203 29.97913 239.57261 81.74203 27.71213 240.63303 81.74203 27.92728 238.13954 99.66311 27.92728 238.13954 81.74203 28.22728 238.13954 77.42369 28.07728 238.39935 77.42369 27.77728 238.39935 77.42369 27.62728 238.13954 77.42369 27.77728 237.87974 77.42369 28.07728 237.87974 77.42369 28.22728 238.13954 85.62853 28.07728 238.39935 85.62853 27.77728 238.39935 85.62853 27.62728 238.13954 85.62853 27.77728 237.87974 85.62853 28.07728 237.87974 85.62853 27.92728 238.13954 77.42369 27.92728 238.13954 85.62853 85.22411 222.04757 82.03005 86.36166 226.26926 82.03005 83.27434 229.36525 82.03005 79.04947 228.23955 82.03005 77.91193 224.01786 82.03005 80.99925 220.92186 82.03005 82.13679 225.14356 95.72269 82.13679 225.14356 82.03005 82.43679 225.14356 78.73061 82.28679 225.40336 78.73061 81.98679 225.40336 78.73061 81.83679 225.14356 78.73061 81.98679 224.88375 78.73061 82.28679 224.88375 78.73061 82.43679 225.14356 84.99953 82.28679 225.40336 84.99953 81.98679 225.40336 84.99953 81.83679 225.14356 84.99953 81.98679 224.88375 84.99953 82.28679 224.88375 84.99953 82.13679 225.14356 78.73061 82.13679 225.14356 84.99953 148.56376 232.68651 78.64926 152.79360 232.36071 78.64926 155.19067 235.86095 78.64926 153.35790 239.68700 78.64926 149.12806 240.01280 78.64926 146.73099 236.51255 78.64926 150.96083 236.18675 87.65217 150.96083 236.18675 78.64926 151.26083 236.18675 76.47988 151.11083 236.44656 76.47988 150.81083 236.44656 76.47988 150.66083 236.18675 76.47988 150.81083 235.92695 76.47988 151.11083 235.92695 76.47988 151.26083 236.18675 80.60170 151.11083 236.44656 80.60170 150.81083 236.44656 80.60170 150.66083 236.18675 80.60170 150.81083 235.92695 80.60170 151.11083 235.92695 80.60170 150.96083 236.18675 76.47988 150.96083 236.18675 80.60170 236.54061 237.99156 80.00570 239.90107 241.09561 80.00570 238.89312 245.55787 80.00570 234.52471 246.91609 80.00570 231.16425 243.81205 80.00570 232.17220 239.34979 80.00570 235.53266 242.45383 94.35468 235.53266 242.45383 80.00570 235.83266 242.45383 76.54812 235.68266 242.71363 76.54812 235.38266 242.71363 76.54812 235.23266 242.45383 76.54812 235.38266 242.19402 76.54812 235.68266 242.19402 76.54812 235.83266 242.45383 83.11753 235.68266 242.71363 83.11753 235.38266 242.71363 83.11753 235.23266 242.45383 83.11753 235.38266 242.19402 83.11753 235.68266 242.19402 83.11753 235.53266 242.45383 76.54812 235.53266 242.45383 83.11753 208.73275 225.99458 82.58298 207.00801 227.96137 82.58298 204.44236 227.45110 82.58298 203.60143 224.97405 82.58298 205.32616 223.00725 82.58298 207.89182 223.51752 82.58298 206.16709 225.48431 96.21582 206.16709 225.48431 82.58298 206.46709 225.48431 79.29796 206.31709 225.74412 79.29796 206.01709 225.74412 79.29796 205.86709 225.48431 79.29796 206.01709 225.22450 79.29796 206.31709 225.22450 79.29796 206.46709 225.48431 85.53950 206.31709 225.74412 85.53950 206.01709 225.74412 85.53950 205.86709 225.48431 85.53950 206.01709 225.22450 85.53950 206.31709 225.22450 85.53950 206.16709 225.48431 79.29796 206.16709 225.48431 85.53950 129.77112 246.55196 75.38009 126.97485 247.57664 75.38009 124.68932 245.66734 75.38009 125.20005 242.73337 75.38009 127.99632 241.70869 75.38009 130.28185 243.61798 75.38009 127.48558 244.64266 85.52958 127.48558 244.64266 75.38009 127.78558 244.64266 72.93443 127.63558 244.90247 72.93443 127.33558 244.90247 72.93443 127.18558 244.64266 72.93443 127.33558 244.38285 72.93443 127.63558 244.38285 72.93443 127.78558 244.64266 77.58118 127.63558 244.90247 77.58118 127.33558 244.90247 77.58118 127.18558 244.64266 77.58118 127.33558 244.38285 77.58118 127.63558 244.38285 77.58118 127.48558 244.64266 72.93443 127.48558 244.64266 77.58118 217.08252 231.10315 80.54269 219.35062 233.81395 80.54269 218.13705 237.13358 80.54269 214.65537 237.74241 80.54269 212.38727 235.03161 80.54269 213.60084 231.71198 80.54269 215.86895 234.42278 90.66697 215.86895 234.42278 80.54269 216.16895 234.42278 78.10311 216.01895 234.68259 78.10311 215.71895 234.68259 78.10311 215.56895 234.42278 78.10311 215.71895 234.16297 78.10311 216.01895 234.16297 78.10311 216.16895 234.42278 82.73832 216.01895 234.68259 82.73832 215.71895 234.68259 82.73832 215.56895 234.42278 82.73832 215.71895 234.16297 82.73832 216.01895 234.16297 82.73832 215.86895 234.42278 78.10311 215.86895 234.42278 82.73832 124.08838 229.17796 81.76638 120.48302 230.91885 81.76638 117.17268 228.66697 81.76638 117.46770 224.67419 81.76638 121.07306 222.93330 81.76638 124.38340 225.18518 81.76638 120.77804 226.92608 97.03714 120.77804 226.92608 81.76638 121.07804 226.92608 78.08668 120.92804 227.18588 78.08668 120.62804 227.18588 78.08668 120.47804 226.92608 78.08668 120.62804 226.66627 78.08668 120.92804 226.66627 78.08668 121.07804 226.92608 85.07811 120.92804 227.18588 85.07811 120.62804 227.18588 85.07811 120.47804 226.92608 85.07811 120.62804 226.66627 85.07811 120.92804 226.66627 85.07811 120.77804 226.92608 78.08668 120.77804 226.92608 85.07811 237.67103 245.73981 78.53205 235.33484 248.65872 78.53205 231.63890 248.09498 78.53205 230.27915 244.61233 78.53205 232.61533 241.69342 78.53205 236.31127 242.25716 78.53205 233.97509 245.17607 88.11339 233.97509 245.17607 78.53205 234.27509 245.17607 76.22329 234.12509 245.43588 76.22329 233.82509 245.43588 76.22329 233.67509 245.17607 76.22329 233.82509 244.91626 76.22329 234.12509 244.91626 76.22329 234.27509 245.17607 80.60993 234.12509 245.43588 80.60993 233.82509 245.43588 80.60993 233.67509 245.17607 80.60993 233.82509 244.91626 80.60993 234.12509 244.91626 80.60993 233.97509 245.17607 76.22329 233.97509 245.17607 80.60993 219.88798 225.84794 81.83674 223.17668 224.75601 81.83674 225.76668 227.05815 81.83674 225.06796 230.45221 81.83674 221.77926 231.54414 81.83674 219.18927 229.24201 81.83674 222.47797 228.15008 93.89397 222.47797 228.15008 81.83674 222.77797 228.15008 78.93138 222.62797 228.40988 78.93138 222.32797 228.40988 78.93138 222.17797 228.15008 78.93138 222.32797 227.89027 78.93138 222.62797 227.89027 78.93138 222.77797 228.15008 84.45156 222.62797 228.40988 84.45156 222.32797 228.40988 84.45156 222.17797 228.15008 84.45156 222.32797 227.89027 84.45156 222.62797 227.89027 84.45156 222.47797 228.15008 78.93138 222.47797 228.15008 84.45156 244.52638 237.59653 80.27629 241.97002 236.33502 80.27629 241.78433 233.49040 80.27629 244.15501 231.90728 80.27629 246.71137 233.16878 80.27629 246.89705 236.01341 80.27629 244.34069 234.75190 92.68534 244.34069 234.75190 80.27629 244.64069 234.75190 77.28616 244.49069 235.01171 77.28616 244.19069 235.01171 77.28616 244.04069 234.75190 77.28616 244.19069 234.49210 77.28616 244.49069 234.49210 77.28616 244.64069 234.75190 82.96741 244.49069 235.01171 82.96741 244.19069 235.01171 82.96741 244.04069 234.75190 82.96741 244.19069 234.49210 82.96741 244.49069 234.49210 82.96741 244.34069 234.75190 77.28616 244.34069 234.75190 82.96741 16.18515 246.23910 79.82604 15.52397 242.15655 79.82604 18.72897 239.54266 79.82604 22.59516 241.01133 79.82604 23.25635 245.09389 79.82604 20.05135 247.70777 79.82604 19.39016 243.62522 92.06173 19.39016 243.62522 79.82604 19.69016 243.62522 76.87768 19.54016 243.88502 76.87768 19.24016 243.88502 76.87768 19.09016 243.62522 76.87768 19.24016 243.36541 76.87768 19.54016 243.36541 76.87768 19.69016 243.62522 82.47956 19.54016 243.88502 82.47956 19.24016 243.88502 82.47956 19.09016 243.62522 82.47956 19.24016 243.36541 82.47956 19.54016 243.36541 82.47956 19.39016 243.62522 76.87768 19.39016 243.62522 82.47956 159.20091 233.81579 80.72489 162.16854 236.80175 80.72489 161.06644 240.86478 80.72489 156.99670 241.94184 80.72489 154.02907 238.95588 80.72489 155.13117 234.89285 80.72489 158.09880 237.87881 98.22538 158.09880 237.87881 80.72489 158.39880 237.87881 76.50791 158.24880 238.13862 76.50791 157.94880 238.13862 76.50791 157.79880 237.87881 76.50791 157.94880 237.61901 76.50791 158.24880 237.61901 76.50791 158.39880 237.87881 84.52018 158.24880 238.13862 84.52018 157.94880 238.13862 84.52018 157.79880 237.87881 84.52018 157.94880 237.61901 84.52018 158.24880 237.61901 84.52018 158.09880 237.87881 76.50791 158.09880 237.87881 84.52018 138.66834 234.17865 78.68143 136.12461 237.22015 78.68143 132.21873 236.53796 78.68143 130.85658 232.81427 78.68143 133.40031 229.77278 78.68143 137.30619 230.45496 78.68143 134.76246 233.49646 87.81668 134.76246 233.49646 78.68143 135.06246 233.49646 76.48017 134.91246 233.75627 76.48017 134.61246 233.75627 76.48017 134.46246 233.49646 76.48017 134.61246 233.23665 76.48017 134.91246 233.23665 76.48017 135.06246 233.49646 80.66257 134.91246 233.75627 80.66257 134.61246 233.75627 80.66257 134.46246 233.49646 80.66257 134.61246 233.23665 80.66257 134.91246 233.23665 80.66257 134.76246 233.49646 76.48017 134.76246 233.49646 80.66257 97.95348 239.56861 76.64281 95.56136 242.62298 76.64281 91.72013 242.07853 76.64281 90.27103 238.47971 76.64281 92.66315 235.42533 76.64281 96.50438 235.96978 76.64281 94.11226 239.02416 87.56163 94.11226 239.02416 76.64281 94.41226 239.02416 74.01177 94.26226 239.28396 74.01177 93.96226 239.28396 74.01177 93.81226 239.02416 74.01177 93.96226 238.76435 74.01177 94.26226 238.76435 74.01177 94.41226 239.02416 79.01075 94.26226 239.28396 79.01075 93.96226 239.28396 79.01075 93.81226 239.02416 79.01075 93.96226 238.76435 79.01075 94.26226 238.76435 79.01075 94.11226 239.02416 74.01177 94.11226 239.02416 79.01075 131.70682 238.64640 78.03872 135.93209 237.25373 78.03872 139.25082 240.21659 78.03872 138.34427 244.57212 78.03872 134.11900 245.96479 78.03872 130.80027 243.00193 78.03872 135.02554 241.60926 93.71999 135.02554 241.60926 78.03872 135.32554 241.60926 74.26010 135.17554 241.86907 74.26010 134.87554 241.86907 74.26010 134.72554 241.60926 74.26010 134.87554 241.34945 74.26010 135.17554 241.34945 74.26010 135.32554 241.60926 81.43948 135.17554 241.86907 81.43948 134.87554 241.86907 81.43948 134.72554 241.60926 81.43948 134.87554 241.34945 81.43948 135.17554 241.34945 81.43948 135.02554 241.60926 74.26010 135.02554 241.60926 81.43948</float_array><technique_common><accessor source="#positions-array" count="1320" stride="3"><param name="X" type="float"/><param name="Y" type="float"/><param name="Z" type="float"/></accessor></technique_common></source>
<source id="normals"><float_array id="normals-array" count="6480">-0.54889 0.76017 0.34764 0.00000 0.00000 -1.00000 -0.93278 -0.09527 0.34764 -0.00000 0.00000 -1.00000 -0.38388 -0.85544 0.34764 0.00000 -0.00000 -1.00000 0.54889 -0.76017 0.34764 0.00000 0.00000 -1.00000 0.93278 0.09527 0.34764 0.00000 0.00000 -1.00000 0.38388 0.85544 0.34764 0.00000 0.00000 -1.00000 0.86603 0.50000 0.00000 0.86603 0.50000 -0.00000 0.00000 0.00000 -1.00000 0.00000 0.00000 1.00000 0.00000 1.00000 0.00000 0.00000 1.00000 -0.00000 0.00000 0.00000 -1.00000 0.00000 -0.00000 1.00000 -0.86603 0.50000 0.00000 -0.86603 0.50000 0.00000 0.00000 0.00000 -1.00000 0.00000 0.00000 1.00000 -0.86603 -0.50000 0.00000 -0.86603 -0.50000 0.00000 -0.00000 0.00000 -1.00000 0.00000 0.00000 1.00000 0.00000 -1.00000 0.00000 0.00000 -1.00000 0.00000 0.00000 -0.00000 -1.00000 0.00000 0.00000 1.00000 0.86603 -0.50000 0.00000 0.86603 -0.50000 0.00000 0.00000 0.00000 -1.00000 -0.00000 0.00000 1.00000 -0.96116 -0.13742 0.23936 -0.00000 0.00000 -1.00000 -0.36157 -0.90110 0.23936 0.00000 -0.00000 -1.00000 0.59959 -0.76368 0.23936 0.00000 0.00000 -1.00000 0.96116 0.13742 0.23936 0.00000 0.00000 -1.00000 0.36157 0.90110 0.23936 0.00000 0.00000 -1.00000 -0.59959 0.76368 0.23936 0.00000 0.00000 -1.00000 0.86603 0.50000 0.00000 0.86603 0.50000 -0.00000 0.00000 0.00000 -1.00000 0.00000 0.00000 1.00000 0.00000 1.00000 0.00000 0.00000 1.00000 -0.00000 0.00000 0.00000 -1.00000 0.00000 -0.00000 1.00000 -0.86603 0.50000 0.00000 -0.86603 0.50000 0.00000 0.00000 0.00000 -1.00000 0.00000 0.00000 1.00000 -0.86603 -0.50000 0.00000 -0.86603 -0.50000 0.00000 -0.00000 0.00000 -1.00000 0.00000 0.00000 1.00000 0.00000 -1.00000 0.00000 0.00000 -1.00000 0.00000 0.00000 -0.00000 -1.00000 0.00000 0.00000 1.00000 0.86603 -0.50000 0.00000 0.86603 -0.50000 0.00000 0.00000 0.00000 -1.00000 -0.00000 0.00000 1.00000 -0.72050 0.67860 0.14275 0.00000 0.00000 -1.00000 -0.94794 -0.28467 0.14275 -0.00000 0.00000 -1.00000 -0.22744 -0.96327 0.14275 0.00000 -0.00000 -1.00000 0.72050 -0.67860 0.14275 0.00000 0.00000 -1.00000 0.94794 0.28467 0.14275 0.00000 0.00000 -1.00000 0.22744 0.96327 0.14275 0.00000 0.00000 -1.00000 0.86603 0.50000 0.00000 0.86603 0.50000 -0.00000 0.00000 0.00000 -1.00000 0.00000 0.00000 1.00000 0.00000 1.00000 0.00000 0.00000 1.00000 -0.00000 0.00000 0.00000 -1.00000 0.00000 -0.00000 1.00000 -0.86603 0.50000 0.00000 -0.86603 0.50000 0.00000 0.00000 0.00000 -1.00000 0.00000 0.00000 1.00000 -0.86603 -0.50000 0.00000 -0.86603 -0.50000 0.00000 -0.00000 0.00000 -1.00000 0.00000 0.00000 1.00000 0.00000 -1.00000 0.00000 0.00000 -1.00000 0.00000 0.00000 -0.00000 -1.00000 0.00000 0.00000 1.00000 0.86603 -0.50000 0.00000 0.86603 -0.50000 0.00000 0.00000 0.00000 -1.00000 -0.00000 0.00000 1.00000 -0.94763 -0.20221 0.24721 -0.00000 0.00000 -1.00000 -0.29870 -0.92177 0.24721 0.00000 -0.00000 -1.00000 0.64893 -0.71957 0.24721 0.00000 0.00000 -1.00000 0.94763 0.20221 0.24721 0.00000 0.00000 -1.00000 0.29870 0.92177 0.24721 0.00000 0.00000 -1.00000 -0.64893 0.71957 0.24721 0.00000 0.00000 -1.00000 0.86603 0.50000 0.00000 0.86603 0.50000 -0.00000 0.00000 0.00000 -1.00000 0.00000 0.00000 1.00000 0.00000 1.00000 0.00000 0.00000 1.00000 -0.00000 0.00000 0.00000 -1.00000 0.00000 -0.00000 1.00000 -0.86603 0.50000 0.00000 -0.86603 0.50000 0.00000 0.00000 0.00000 -1.00000 0.00000 0.00000 1.00000 -0.86603 -0.50000 0.00000 -0.86603 -0.50000 0.00000 -0.00000 0.00000 -1.00000 0.00000 0.00000 1.00000 0.00000 -1.00000 0.00000 0.00000 -1.00000 0.00000 0.00000 -0.00000 -1.00000 0.00000 0.00000 1.00000 0.86603 -0.50000 0.00000 0.86603 -0.50000 0.00000 0.00000 0.00000 -1.00000 -0.00000 0.00000 1.00000 -0.01231 0.98591 0.16681 0.00000 0.00000 -1.00000 -0.85998 0.48230 0.16681 -0.00000 0.00000 -1.00000 -0.84767 -0.50362 0.16681 0.00000 0.00000 -1.00000 0.01231 -0.98591 0.16681 0.00000 -0.00000 -1.00000 0.85998 -0.48230 0.16681 0.00000 0.00000 -1.00000 0.84767 0.50362 0.16681 0.00000 0.00000 -1.00000 0.86603 0.50000 0.00000 0.86603 0.50000 -0.00000 0.00000 0.00000 -1.00000 0.00000 0.00000 1.00000 0.00000 1.00000 0.00000 0.00000 1.00000 -0.00000 0.00000 0.00000 -1.00000 0.00000 -0.00000 1.00000 -0.86603 0.50000 0.00000 -0.86603 0.50000 0.00000 0.00000 0.00000 -1.00000 0.00000 0.00000 1.00000 -0.86603 -0.50000 0.00000 -0.86603 -0.50000 0.00000 -0.00000 0.00000 -1.00000 0.00000 0.00000 1.00000 0.00000 -1.00000 0.00000 0.00000 -1.00000 0.00000 0.00000 -0.00000 -1.00000 0.00000 0.00000 1.00000 0.86603 -0.50000 0.00000 0.86603 -0.50000 0.00000 0.00000 0.00000 -1.00000 -0.00000 0.00000 1.00000 -0.88726 -0.41190 0.20760 -0.00000 0.00000 -1.00000 -0.08692 -0.97434 0.20760 0.00000 -0.00000 -1.00000 0.80035 -0.56244 0.20760 0.00000 0.00000 -1.00000 0.88726 0.41190 0.20760 0.00000 0.00000 -1.00000 0.08692 0.97434 0.20760 0.00000 0.00000 -1.00000 -0.80035 0.56244 0.20760 0.00000 0.00000 -1.00000 0.86603 0.50000 0.00000 0.86603 0.50000 -0.00000 0.00000 0.00000 -1.00000 0.00000 0.00000 1.00000 0.00000 1.00000 0.00000 0.00000 1.00000 -0.00000 0.00000 0.00000 -1.00000 0.00000 -0.00000 1.00000 -0.86603 0.50000 0.00000 -0.86603 0.50000 0.00000 0.00000 0.00000 -1.00000 0.00000 0.00000 1.00000 -0.86603 -0.50000 0.00000 -0.86603 -0.50000 0.00000 -0.00000 0.00000 -1.00000 0.00000 0.00000 1.00000 0.00000 -1.00000 0.00000 0.00000 -1.00000 0.00000 0.00000 -0.00000 -1.00000 0.00000 0.00000 1.00000 0.86603 -0.50000 0.00000 0.86603 -0.50000 0.00000 0.00000 0.00000 -1.00000 -0.00000 0.00000 1.00000 0.91554 -0.29538 0.27302 0.00000 0.00000 -1.00000 0.71358 0.64519 0.27302 0.00000 0.00000 -1.00000 -0.20196 0.94057 0.27302 0.00000 0.00000 -1.00000 -0.91554 0.29538 0.27302 -0.00000 0.00000 -1.00000 -0.71358 -0.64519 0.27302 0.00000 0.00000 -1.00000 0.20196 -0.94057 0.27302 0.00000 -0.00000 -1.00000 0.86603 0.50000 0.00000 0.86603 0.50000 -0.00000 0.00000 0.00000 -1.00000 0.00000 0.00000 1.00000 0.00000 1.00000 0.00000 0.00000 1.00000 -0.00000 0.00000 0.00000 -1.00000 0.00000 -0.00000 1.00000 -0.86603 0.50000 0.00000 -0.86603 0.50000 0.00000 0.00000 0.00000 -1.00000 0.00000 0.00000 1.00000 -0.86603 -0.50000 0.00000 -0.86603 -0.50000 0.00000 -0.00000 0.00000 -1.00000 0.00000 0.00000 1.00000 0.00000 -1.00000 0.00000 0.00000 -1.00000 0.00000 0.00000 -0.00000 -1.00000 0.00000 0.00000 1.00000 0.86603 -0.50000 0.00000 0.86603 -0.50000 0.00000 0.00000 0.00000 -1.00000 -0.00000 0.00000 1.00000 -0.91996 -0.24167 0.30866 -0.00000 0.00000 -1.00000 -0.25068 -0.91754 0.30866 0.00000 -0.00000 -1.00000 0.66928 -0.67587 0.30866 0.00000 0.00000 -1.00000 0.91996 0.24167 0.30866 0.00000 0.00000 -1.00000 0.25068 0.91754 0.30866 0.00000 0.00000 -1.00000 -0.66928 0.67587 0.30866 0.00000 0.00000 -1.00000 0.86603 0.50000 0.00000 0.86603 0.50000 -0.00000 0.00000 0.00000 -1.00000 0.00000 0.00000 1.00000 0.00000 1.00000 0.00000 0.00000 1.00000 -0.00000 0.00000 0.00000 -1.00000 0.00000 -0.00000 1.00000 -0.86603 0.50000 0.00000 -0.86603 0.50000 0.00000 0.00000 0.00000 -1.00000 0.00000 0.00000 1.00000 -0.86603 -0.50000 0.00000 -0.86603 -0.50000 0.00000 -0.00000 0.00000 -1.00000 0.00000 0.00000 1.00000 0.00000 -1.00000 0.00000 0.00000 -1.00000 0.00000 0.00000 -0.00000 -1.00000 0.00000 0.00000 1.00000 0.86603 -0.50000 0.00000 0.86603 -0.50000 0.00000 0.00000 0.00000 -1.00000 -0.00000 0.00000 1.00000 -0.88498 0.38462 0.26245 -0.00000 0.00000 -1.00000 -0.77558 -0.57411 0.26245 0.00000 0.00000 -1.00000 0.10940 -0.95872 0.26245 0.00000 -0.00000 -1.00000 0.88498 -0.38462 0.26245 0.00000 0.00000 -1.00000 0.77558 0.57411 0.26245 0.00000 0.00000 -1.00000 -0.10940 0.95872 0.26245 0.00000 0.00000 -1.00000 0.86603 0.50000 0.00000 0.86603 0.50000 -0.00000 0.00000 0.00000 -1.00000 0.00000 0.00000 1.00000 0.00000 1.00000 0.00000 0.00000 1.00000 -0.00000 0.00000 0.00000 -1.00000 0.00000 -0.00000 1.00000 -0.86603 0.50000 0.00000 -0.86603 0.50000 0.00000 0.00000 0.00000 -1.00000 0.00000 0.00000 1.00000 -0.86603 -0.50000 0.00000 -0.86603 -0.50000 0.00000 -0.00000 0.00000 -1.00000 0.00000 0.00000 1.00000 0.00000 -1.00000 0.00000 0.00000 -1.00000 0.00000 0.00000 -0.00000 -1.00000 0.00000 0.00000 1.00000 0.86603 -0.50000 0.00000 0.86603 -0.50000 0.00000 0.00000 0.00000 -1.00000 -0.00000 0.00000 1.00000 0.76648 -0.49547 0.40869 0.00000 0.00000 -1.00000 0.81232 0.41605 0.40869 0.00000 0.00000 -1.00000 0.04585 0.91152 0.40869 0.00000 0.00000 -1.00000 -0.76648 0.49547 0.40869 0.00000 0.00000 -1.00000 -0.81232 -0.41605 0.40869 -0.00000 0.00000 -1.00000 -0.04585 -0.91152 0.40869 0.00000 -0.00000 -1.00000 0.86603 0.50000 0.00000 0.86603 0.50000 -0.00000 0.00000 0.00000 -1.00000 0.00000 0.00000 1.00000 0.00000 1.00000 0.00000 0.00000 1.00000 -0.00000 0.00000 0.00000 -1.00000 0.00000 -0.00000 1.00000 -0.86603 0.50000 0.00000 -0.86603 0.50000 0.00000 0.00000 0.00000 -1.00000 0.00000 0.00000 1.00000 -0.86603 -0.50000 0.00000 -0.86603 -0.50000 0.00000 -0.00000 0.00000 -1.00000 0.00000 0.00000 1.00000 0.00000 -1.00000 0.00000 0.00000 -1.00000 0.00000 0.00000 -0.00000 -1.00000 0.00000 0.00000 1.00000 0.86603 -0.50000 0.00000 0.86603 -0.50000 0.00000 0.00000 0.00000 -1.00000 -0.00000 0.00000 1.00000 0.49435 -0.85929 0.13130 0.00000 -0.00000 -1.00000 0.99134 -0.00152 0.13130 0.00000 0.00000 -1.00000 0.49699 0.85776 0.13130 0.00000 0.00000 -1.00000 -0.49435 0.85929 0.13130 0.00000 0.00000 -1.00000 -0.99134 0.00152 0.13130 -0.00000 0.00000 -1.00000 -0.49699 -0.85776 0.13130 0.00000 0.00000 -1.00000 0.86603 0.50000 0.00000 0.86603 0.50000 -0.00000 0.00000 0.00000 -1.00000 0.00000 0.00000 1.00000 0.00000 1.00000 0.00000 0.00000 1.00000 -0.00000 0.00000 0.00000 -1.00000 0.00000 -0.00000 1.00000 -0.86603 0.50000 0.00000 -0.86603 0.50000 0.00000 0.00000 0.00000 -1.00000 0.00000 0.00000 1.00000 -0.86603 -0.50000 0.00000 -0.86603 -0.50000 0.00000 -0.00000 0.00000 -1.00000 0.00000 0.00000 1.00000 0.00000 -1.00000 0.00000 0.00000 -1.00000 0.00000 0.00000 -0.00000 -1.00000 0.00000 0.00000 1.00000 0.86603 -0.50000 0.00000 0.86603 -0.50000 0.00000 0.00000 0.00000 -1.00000 -0.00000 0.00000 1.00000 0.37415 -0.90096 0.21974 0.00000 -0.00000 -1.00000 0.96733 -0.12645 0.21974 0.00000 0.00000 -1.00000 0.59318 0.77450 0.21974 0.00000 0.00000 -1.00000 -0.37415 0.90096 0.21974 0.00000 0.00000 -1.00000 -0.96733 0.12645 0.21974 -0.00000 0.00000 -1.00000 -0.59318 -0.77450 0.21974 0.00000 0.00000 -1.00000 0.86603 0.50000 0.00000 0.86603 0.50000 -0.00000 0.00000 0.00000 -1.00000 0.00000 0.00000 1.00000 0.00000 1.00000 0.00000 0.00000 1.00000 -0.00000 0.00000 0.00000 -1.00000 0.00000 -0.00000 1.00000 -0.86603 0.50000 0.00000 -0.86603 0.50000 0.00000 0.00000 0.00000 -1.00000 0.00000 0.00000 1.00000 -0.86603 -0.50000 0.00000 -0.86603 -0.50000 0.00000 -0.00000 0.00000 -1.00000 0.00000 0.00000 1.00000 0.00000 -1.00000 0.00000 0.00000 -1.00000 0.00000 0.00000 -0.00000 -1.00000 0.00000 0.00000 1.00000 0.86603 -0.50000 0.00000 0.86603 -0.50000 0.00000 0.00000 0.00000 -1.00000 -0.00000 0.00000 1.00000 -0.27811 0.92587 0.25578 0.00000 0.00000 -1.00000 -0.94088 0.22209 0.25578 -0.00000 0.00000 -1.00000 -0.66277 -0.70378 0.25578 0.00000 0.00000 -1.00000 0.27811 -0.92587 0.25578 0.00000 -0.00000 -1.00000 0.94088 -0.22209 0.25578 0.00000 0.00000 -1.00000 0.66277 0.70378 0.25578 0.00000 0.00000 -1.00000 0.86603 0.50000 0.00000 0.86603 0.50000 -0.00000 0.00000 0.00000 -1.00000 0.00000 0.00000 1.00000 0.00000 1.00000 0.00000 0.00000 1.00000 -0.00000 0.00000 0.00000 -1.00000 0.00000 -0.00000 1.00000 -0.86603 0.50000 0.00000 -0.86603 0.50000 0.00000 0.00000 0.00000 -1.00000 0.00000 0.00000 1.00000 -0.86603 -0.50000 0.00000 -0.86603 -0.50000 0.00000 -0.00000 0.00000 -1.00000 0.00000 0.00000 1.00000 0.00000 -1.00000 0.00000 0.00000 -1.00000 0.00000 0.00000 -0.00000 -1.00000 0.00000 0.00000 1.00000 0.86603 -0.50000 0.00000 0.86603 -0.50000 0.00000 0.00000 0.00000 -1.00000 -0.00000 0.00000 1.00000 0.58362 -0.77717 0.23537 0.00000 0.00000 -1.00000 0.96486 0.11685 0.23537 0.00000 0.00000 -1.00000 0.38124 0.89401 0.23537 0.00000 0.00000 -1.00000 -0.58362 0.77717 0.23537 0.00000 0.00000 -1.00000 -0.96486 -0.11685 0.23537 -0.00000 0.00000 -1.00000 -0.38124 -0.89401 0.23537 0.00000 -0.00000 -1.00000 0.86603 0.50000 0.00000 0.86603 0.50000 -0.00000 0.00000 0.00000 -1.00000 0.00000 0.00000 1.00000 0.00000 1.00000 0.00000 0.00000 1.00000 -0.00000 0.00000 0.00000 -1.00000 0.00000 -0.00000 1.00000 -0.86603 0.50000 0.00000 -0.86603 0.50000 0.00000 0.00000 0.00000 -1.00000 0.00000 0.00000 1.00000 -0.86603 -0.50000 0.00000 -0.86603 -0.50000 0.00000 -0.00000 0.00000 -1.00000 0.00000 0.00000 1.00000 0.00000 -1.00000 0.00000 0.00000 -1.00000 0.00000 0.00000 -0.00000 -1.00000 0.00000 0.00000 1.00000 0.86603 -0.50000 0.00000 0.86603 -0.50000 0.00000 0.00000 0.00000 -1.00000 -0.00000 0.00000 1.00000 0.94807 -0.08057 0.30769 0.00000 0.00000 -1.00000 0.54381 0.78077 0.30769 0.00000 0.00000 -1.00000 -0.40426 0.86134 0.30769 0.00000 0.00000 -1.00000 -0.94807 0.08057 0.30769 -0.00000 0.00000 -1.00000 -0.54381 -0.78077 0.30769 0.00000 0.00000 -1.00000 0.40426 -0.86134 0.30769 0.00000 -0.00000 -1.00000 0.86603 0.50000 0.00000 0.86603 0.50000 -0.00000 0.00000 0.00000 -1.00000 0.00000 0.00000 1.00000 0.00000 1.00000 0.00000 0.00000 1.00000 -0.00000 0.00000 0.00000 -1.00000 0.00000 -0.00000 1.00000 -0.86603 0.50000 0.00000 -0.86603 0.50000 0.00000 0.00000 0.00000 -1.00000 0.00000 0.00000 1.00000 -0.86603 -0.50000 0.00000 -0.86603 -0.50000 0.00000 -0.00000 0.00000 -1.00000 0.00000 0.00000 1.00000 0.00000 -1.00000 0.00000 0.00000 -1.00000 0.00000 0.00000 -0.00000 -1.00000 0.00000 0.00000 1.00000 0.86603 -0.50000 0.00000 0.86603 -0.50000 0.00000 0.00000 0.00000 -1.00000 -0.00000 0.00000 1.00000 0.30066 0.93097 0.20714 0.00000 0.00000 -1.00000 -0.65591 0.72586 0.20714 0.00000 0.00000 -1.00000 -0.95657 -0.20511 0.20714 -0.00000 0.00000 -1.00000 -0.30066 -0.93097 0.20714 0.00000 -0.00000 -1.00000 0.65591 -0.72586 0.20714 0.00000 0.00000 -1.00000 0.95657 0.20511 0.20714 0.00000 0.00000 -1.00000 0.86603 0.50000 0.00000 0.86603 0.50000 -0.00000 0.00000 0.00000 -1.00000 0.00000 0.00000 1.00000 0.00000 1.00000 0.00000 0.00000 1.00000 -0.00000 0.00000 0.00000 -1.00000 0.00000 -0.00000 1.00000 -0.86603 0.50000 0.00000 -0.86603 0.50000 0.00000 0.00000 0.00000 -1.00000 0.00000 0.00000 1.00000 -0.86603 -0.50000 0.00000 -0.86603 -0.50000 0.00000 -0.00000 0.00000 -1.00000 0.00000 0.00000 1.00000 0.00000 -1.00000 0.00000 0.00000 -1.00000 0.00000 0.00000 -0.00000 -1.00000 0.00000 0.00000 1.00000 0.86603 -0.50000 0.00000 0.86603 -0.50000 0.00000 0.00000 0.00000 -1.00000 -0.00000 0.00000 1.00000 0.37288 0.90834 0.18941 0.00000 0.00000 -1.00000 -0.60021 0.77709 0.18941 0.00000 0.00000 -1.00000 -0.97309 -0.13125 0.18941 -0.00000 0.00000 -1.00000 -0.37288 -0.90834 0.18941 0.00000 -0.00000 -1.00000 0.60021 -0.77709 0.18941 0.00000 0.00000 -1.00000 0.97309 0.13125 0.18941 0.00000 0.00000 -1.00000 0.86603 0.50000 0.00000 0.86603 0.50000 -0.00000 0.00000 0.00000 -1.00000 0.00000 0.00000 1.00000 0.00000 1.00000 0.00000 0.00000 1.00000 -0.00000 0.00000 0.00000 -1.00000 0.00000 -0.00000 1.00000 -0.86603 0.50000 0.00000 -0.86603 0.50000 0.00000 0.00000 0.00000 -1.00000 0.00000 0.00000 1.00000 -0.86603 -0.50000 0.00000 -0.86603 -0.50000 0.00000 -0.00000 0.00000 -1.00000 0.00000 0.00000 1.00000 0.00000 -1.00000 0.00000 0.00000 -1.00000 0.00000 0.00000 -0.00000 -1.00000 0.00000 0.00000 1.00000 0.86603 -0.50000 0.00000 0.86603 -0.50000 0.00000 0.00000 0.00000 -1.00000 -0.00000 0.00000 1.00000 0.31101 -0.92255 0.22843 0.00000 -0.00000 -1.00000 0.95445 -0.19193 0.22843 0.00000 0.00000 -1.00000 0.64344 0.73062 0.22843 0.00000 0.00000 -1.00000 -0.31101 0.92255 0.22843 0.00000 0.00000 -1.00000 -0.95445 0.19193 0.22843 -0.00000 0.00000 -1.00000 -0.64344 -0.73062 0.22843 0.00000 0.00000 -1.00000 0.86603 0.50000 0.00000 0.86603 0.50000 -0.00000 0.00000 0.00000 -1.00000 0.00000 0.00000 1.00000 0.00000 1.00000 0.00000 0.00000 1.00000 -0.00000 0.00000 0.00000 -1.00000 0.00000 -0.00000 1.00000 -0.86603 0.50000 0.00000 -0.86603 0.50000 0.00000 0.00000 0.00000 -1.00000 0.00000 0.00000 1.00000 -0.86603 -0.50000 0.00000 -0.86603 -0.50000 0.00000 -0.00000 0.00000 -1.00000 0.00000 0.00000 1.00000 0.00000 -1.00000 0.00000 0.00000 -1.00000 0.00000 0.00000 -0.00000 -1.00000 0.00000 0.00000 1.00000 0.86603 -0.50000 0.00000 0.86603 -0.50000 0.00000 0.00000 0.00000 -1.00000 -0.00000 0.00000 1.00000 0.01677 -0.98715 0.15893 0.00000 -0.00000 -1.00000 0.86328 -0.47905 0.15893 0.00000 0.00000 -1.00000 0.84651 0.50810 0.15893 0.00000 0.00000 -1.00000 -0.01677 0.98715 0.15893 0.00000 0.00000 -1.00000 -0.86328 0.47905 0.15893 -0.00000 0.00000 -1.00000 -0.84651 -0.50810 0.15893 0.00000 0.00000 -1.00000 0.86603 0.50000 0.00000 0.86603 0.50000 -0.00000 0.00000 0.00000 -1.00000 0.00000 0.00000 1.00000 0.00000 1.00000 0.00000 0.00000 1.00000 -0.00000 0.00000 0.00000 -1.00000 0.00000 -0.00000 1.00000 -0.86603 0.50000 0.00000 -0.86603 0.50000 0.00000 0.00000 0.00000 -1.00000 0.00000 0.00000 1.00000 -0.86603 -0.50000 0.00000 -0.86603 -0.50000 0.00000 -0.00000 0.00000 -1.00000 0.00000 0.00000 1.00000 0.00000 -1.00000 0.00000 0.00000 -1.00000 0.00000 0.00000 -0.00000 -1.00000 0.00000 0.00000 1.00000 0.86603 -0.50000 0.00000 0.86603 -0.50000 0.00000 0.00000 0.00000 -1.00000 -0.00000 0.00000 1.00000 -0.20850 0.89537 0.39350 0.00000 0.00000 -1.00000 -0.87966 0.26712 0.39350 -0.00000 0.00000 -1.00000 -0.67116 -0.62825 0.39350 0.00000 0.00000 -1.00000 0.20850 -0.89537 0.39350 0.00000 -0.00000 -1.00000 0.87966 -0.26712 0.39350 0.00000 0.00000 -1.00000 0.67116 0.62825 0.39350 0.00000 0.00000 -1.00000 0.86603 0.50000 0.00000 0.86603 0.50000 -0.00000 0.00000 0.00000 -1.00000 0.00000 0.00000 1.00000 0.00000 1.00000 0.00000 0.00000 1.00000 -0.00000 0.00000 0.00000 -1.00000 0.00000 -0.00000 1.00000 -0.86603 0.50000 0.00000 -0.86603 0.50000 0.00000 0.00000 0.00000 -1.00000 0.00000 0.00000 1.00000 -0.86603 -0.50000 0.00000 -0.86603 -0.50000 0.00000 -0.00000 0.00000 -1.00000 0.00000 0.00000 1.00000 0.00000 -1.00000 0.00000 0.00000 -1.00000 0.00000 0.00000 -0.00000 -1.00000 0.00000 0.00000 1.00000 0.86603 -0.50000 0.00000 0.86603 -0.50000 0.00000 0.00000 0.00000 -1.00000 -0.00000 0.00000 1.00000 0.90186 0.38983 0.18624 0.00000 0.00000 -1.00000 0.11333 0.97595 0.18624 0.00000 0.00000 -1.00000 -0.78853 0.58612 0.18624 0.00000 0.00000 -1.00000 -0.90186 -0.38983 0.18624 -0.00000 0.00000 -1.00000 -0.11333 -0.97595 0.18624 0.00000 -0.00000 -1.00000 0.78853 -0.58612 0.18624 0.00000 0.00000 -1.00000 0.86603 0.50000 0.00000 0.86603 0.50000 -0.00000 0.00000 0.00000 -1.00000 0.00000 0.00000 1.00000 0.00000 1.00000 0.00000 0.00000 1.00000 -0.00000 0.00000 0.00000 -1.00000 0.00000 -0.00000 1.00000 -0.86603 0.50000 0.00000 -0.86603 0.50000 0.00000 0.00000 0.00000 -1.00000 0.00000 0.00000 1.00000 -0.86603 -0.50000 0.00000 -0.86603 -0.50000 0.00000 -0.00000 0.00000 -1.00000 0.00000 0.00000 1.00000 0.00000 -1.00000 0.00000 0.00000 -1.00000 0.00000 0.00000 -0.00000 -1.00000 0.00000 0.00000 1.00000 0.86603 -0.50000 0.00000 0.86603 -0.50000 0.00000 0.00000 0.00000 -1.00000 -0.00000 0.00000 1.00000 -0.91915 -0.35054 0.17967 -0.00000 0.00000 -1.00000 -0.15599 -0.97128 0.17967 0.00000 -0.00000 -1.00000 0.76316 -0.62074 0.17967 0.00000 0.00000 -1.00000 0.91915 0.35054 0.17967 0.00000 0.00000 -1.00000 0.15599 0.97128 0.17967 0.00000 0.00000 -1.00000 -0.76316 0.62074 0.17967 0.00000 0.00000 -1.00000 0.86603 0.50000 0.00000 0.86603 0.50000 -0.00000 0.00000 0.00000 -1.00000 0.00000 0.00000 1.00000 0.00000 1.00000 0.00000 0.00000 1.00000 -0.00000 0.00000 0.00000 -1.00000 0.00000 -0.00000 1.00000 -0.86603 0.50000 0.00000 -0.86603 0.50000 0.00000 0.00000 0.00000 -1.00000 0.00000 0.00000 1.00000 -0.86603 -0.50000 0.00000 -0.86603 -0.50000 0.00000 -0.00000 0.00000 -1.00000 0.00000 0.00000 1.00000 0.00000 -1.00000 0.00000 0.00000 -1.00000 0.00000 0.00000 -0.00000 -1.00000 0.00000 0.00000 1.00000 0.86603 -0.50000 0.00000 0.86603 -0.50000 0.00000 0.00000 0.00000 -1.00000 -0.00000 0.00000 1.00000 -0.93074 0.27786 0.23772 -0.00000 0.00000 -1.00000 -0.70600 -0.66712 0.23772 0.00000 0.00000 -1.00000 0.22474 -0.94498 0.23772 0.00000 -0.00000 -1.00000 0.93074 -0.27786 0.23772 0.00000 0.00000 -1.00000 0.70600 0.66712 0.23772 0.00000 0.00000 -1.00000 -0.22474 0.94498 0.23772 0.00000 0.00000 -1.00000 0.86603 0.50000 0.00000 0.86603 0.50000 -0.00000 0.00000 0.00000 -1.00000 0.00000 0.00000 1.00000 0.00000 1.00000 0.00000 0.00000 1.00000 -0.00000 0.00000 0.00000 -1.00000 0.00000 -0.00000 1.00000 -0.86603 0.50000 0.00000 -0.86603 0.50000 0.00000 0.00000 0.00000 -1.00000 0.00000 0.00000 1.00000 -0.86603 -0.50000 0.00000 -0.86603 -0.50000 0.00000 -0.00000 0.00000 -1.00000 0.00000 0.00000 1.00000 0.00000 -1.00000 0.00000 0.00000 -1.00000 0.00000 0.00000 -0.00000 -1.00000 0.00000 0.00000 1.00000 0.86603 -0.50000 0.00000 0.86603 -0.50000 0.00000 0.00000 0.00000 -1.00000 -0.00000 0.00000 1.00000 -0.74622 0.58232 0.32257 0.00000 0.00000 -1.00000 -0.87742 -0.35509 0.32257 -0.00000 0.00000 -1.00000 -0.13120 -0.93741 0.32257 0.00000 -0.00000 -1.00000 0.74622 -0.58232 0.32257 0.00000 0.00000 -1.00000 0.87742 0.35509 0.32257 0.00000 0.00000 -1.00000 0.13120 0.93741 0.32257 0.00000 0.00000 -1.00000 0.86603 0.50000 0.00000 0.86603 0.50000 -0.00000 0.00000 0.00000 -1.00000 0.00000 0.00000 1.00000 0.00000 1.00000 0.00000 0.00000 1.00000 -0.00000 0.00000 0.00000 -1.00000 0.00000 -0.00000 1.00000 -0.86603 0.50000 0.00000 -0.86603 0.50000 0.00000 0.00000 0.00000 -1.00000 0.00000 0.00000 1.00000 -0.86603 -0.50000 0.00000 -0.86603 -0.50000 0.00000 -0.00000 0.00000 -1.00000 0.00000 0.00000 1.00000 0.00000 -1.00000 0.00000 0.00000 -1.00000 0.00000 0.00000 -0.00000 -1.00000 0.00000 0.00000 1.00000 0.86603 -0.50000 0.00000 0.86603 -0.50000 0.00000 0.00000 0.00000 -1.00000 -0.00000 0.00000 1.00000 0.86979 0.35516 0.34253 0.00000 0.00000 -1.00000 0.12732 0.93084 0.34253 0.00000 0.00000 -1.00000 -0.74247 0.57568 0.34253 0.00000 0.00000 -1.00000 -0.86979 -0.35516 0.34253 -0.00000 0.00000 -1.00000 -0.12732 -0.93084 0.34253 0.00000 -0.00000 -1.00000 0.74247 -0.57568 0.34253 0.00000 0.00000 -1.00000 0.86603 0.50000 0.00000 0.86603 0.50000 -0.00000 0.00000 0.00000 -1.00000 0.00000 0.00000 1.00000 0.00000 1.00000 0.00000 0.00000 1.00000 -0.00000 0.00000 0.00000 -1.00000 0.00000 -0.00000 1.00000 -0.86603 0.50000 0.00000 -0.86603 0.50000 0.00000 0.00000 0.00000 -1.00000 0.00000 0.00000 1.00000 -0.86603 -0.50000 0.00000 -0.86603 -0.50000 0.00000 -0.00000 0.00000 -1.00000 0.00000 0.00000 1.00000 0.00000 -1.00000 0.00000 0.00000 -1.00000 0.00000 0.00000 -0.00000 -1.00000 0.00000 0.00000 1.00000 0.86603 -0.50000 0.00000 0.86603 -0.50000 0.00000 0.00000 0.00000 -1.00000 -0.00000 0.00000 1.00000 -0.97558 -0.07977 0.20463 -0.00000 0.00000 -1.00000 -0.41871 -0.88476 0.20463 0.00000 -0.00000 -1.00000 0.55687 -0.80500 0.20463 0.00000 0.00000 -1.00000 0.97558 0.07977 0.20463 0.00000 0.00000 -1.00000 0.41871 0.88476 0.20463 0.00000 0.00000 -1.00000 -0.55687 0.80500 0.20463 0.00000 0.00000 -1.00000 0.86603 0.50000 0.00000 0.86603 0.50000 -0.00000 0.00000 0.00000 -1.00000 0.00000 0.00000 1.00000 0.00000 1.00000 0.00000 0.00000 1.00000 -0.00000 0.00000 0.00000 -1.00000 0.00000 -0.00000 1.00000 -0.86603 0.50000 0.00000 -0.86603 0.50000 0.00000 0.00000 0.00000 -1.00000 0.00000 0.00000 1.00000 -0.86603 -0.50000 0.00000 -0.86603 -0.50000 0.00000 -0.00000 0.00000 -1.00000 0.00000 0.00000 1.00000 0.00000 -1.00000 0.00000 0.00000 -1.00000 0.00000 0.00000 -0.00000 -1.00000 0.00000 0.00000 1.00000 0.86603 -0.50000 0.00000 0.86603 -0.50000 0.00000 0.00000 0.00000 -1.00000 -0.00000 0.00000 1.00000 0.95137 0.19432 0.23904 0.00000 0.00000 -1.00000 0.30740 0.92107 0.23904 0.00000 0.00000 -1.00000 -0.64397 0.72675 0.23904 0.00000 0.00000 -1.00000 -0.95137 -0.19432 0.23904 -0.00000 0.00000 -1.00000 -0.30740 -0.92107 0.23904 0.00000 -0.00000 -1.00000 0.64397 -0.72675 0.23904 0.00000 0.00000 -1.00000 0.86603 0.50000 0.00000 0.86603 0.50000 -0.00000 0.00000 0.00000 -1.00000 0.00000 0.00000 1.00000 0.00000 1.00000 0.00000 0.00000 1.00000 -0.00000 0.00000 0.00000 -1.00000 0.00000 -0.00000 1.00000 -0.86603 0.50000 0.00000 -0.86603 0.50000 0.00000 0.00000 0.00000 -1.00000 0.00000 0.00000 1.00000 -0.86603 -0.50000 0.00000 -0.86603 -0.50000 0.00000 -0.00000 0.00000 -1.00000 0.00000 0.00000 1.00000 0.00000 -1.00000 0.00000 0.00000 -1.00000 0.00000 0.00000 -0.00000 -1.00000 0.00000 0.00000 1.00000 0.86603 -0.50000 0.00000 0.86603 -0.50000 0.00000 0.00000 0.00000 -1.00000 -0.00000 0.00000 1.00000 -0.93389 0.15659 0.32145 -0.00000 0.00000 -1.00000 -0.60256 -0.73048 0.32145 0.00000 0.00000 -1.00000 0.33134 -0.88707 0.32145 0.00000 -0.00000 -1.00000 0.93389 -0.15659 0.32145 0.00000 0.00000 -1.00000 0.60256 0.73048 0.32145 0.00000 0.00000 -1.00000 -0.33134 0.88707 0.32145 0.00000 0.00000 -1.00000 0.86603 0.50000 0.00000 0.86603 0.50000 -0.00000 0.00000 0.00000 -1.00000 0.00000 0.00000 1.00000 0.00000 1.00000 0.00000 0.00000 1.00000 -0.00000 0.00000 0.00000 -1.00000 0.00000 -0.00000 1.00000 -0.86603 0.50000 0.00000 -0.86603 0.50000 0.00000 0.00000 0.00000 -1.00000 0.00000 0.00000 1.00000 -0.86603 -0.50000 0.00000 -0.86603 -0.50000 0.00000 -0.00000 0.00000 -1.00000 0.00000 0.00000 1.00000 0.00000 -1.00000 0.00000 0.00000 -1.00000 0.00000 0.00000 -0.00000 -1.00000 0.00000 0.00000 1.00000 0.86603 -0.50000 0.00000 0.86603 -0.50000 0.00000 0.00000 0.00000 -1.00000 -0.00000 0.00000 1.00000 0.91044 -0.37053 0.18388 0.00000 0.00000 -1.00000 0.77611 0.60320 0.18388 0.00000 0.00000 -1.00000 -0.13433 0.97373 0.18388 0.00000 0.00000 -1.00000 -0.91044 0.37053 0.18388 -0.00000 0.00000 -1.00000 -0.77611 -0.60320 0.18388 0.00000 0.00000 -1.00000 0.13433 -0.97373 0.18388 0.00000 -0.00000 -1.00000 0.86603 0.50000 0.00000 0.86603 0.50000 -0.00000 0.00000 0.00000 -1.00000 0.00000 0.00000 1.00000 0.00000 1.00000 0.00000 0.00000 1.00000 -0.00000 0.00000 0.00000 -1.00000 0.00000 -0.00000 1.00000 -0.86603 0.50000 0.00000 -0.86603 0.50000 0.00000 0.00000 0.00000 -1.00000 0.00000 0.00000 1.00000 -0.86603 -0.50000 0.00000 -0.86603 -0.50000 0.00000 -0.00000 0.00000 -1.00000 0.00000 0.00000 1.00000 0.00000 -1.00000 0.00000 0.00000 -1.00000 0.00000 0.00000 -0.00000 -1.00000 0.00000 0.00000 1.00000 0.86603 -0.50000 0.00000 0.86603 -0.50000 0.00000 0.00000 0.00000 -1.00000 -0.00000 0.00000 1.00000 0.21183 0.95140 0.22354 0.00000 0.00000 -1.00000 -0.71802 0.65915 0.22354 0.00000 0.00000 -1.00000 -0.92985 -0.29224 0.22354 -0.00000 0.00000 -1.00000 -0.21183 -0.95140 0.22354 0.00000 -0.00000 -1.00000 0.71802 -0.65915 0.22354 0.00000 0.00000 -1.00000 0.92985 0.29224 0.22354 0.00000 0.00000 -1.00000 0.86603 0.50000 0.00000 0.86603 0.50000 -0.00000 0.00000 0.00000 -1.00000 0.00000 0.00000 1.00000 0.00000 1.00000 0.00000 0.00000 1.00000 -0.00000 0.00000 0.00000 -1.00000 0.00000 -0.00000 1.00000 -0.86603 0.50000 0.00000 -0.86603 0.50000 0.00000 0.00000 0.00000 -1.00000 0.00000 0.00000 1.00000 -0.86603 -0.50000 0.00000 -0.86603 -0.50000 0.00000 -0.00000 0.00000 -1.00000 0.00000 0.00000 1.00000 0.00000 -1.00000 0.00000 0.00000 -1.00000 0.00000 0.00000 -0.00000 -1.00000 0.00000 0.00000 1.00000 0.86603 -0.50000 0.00000 0.86603 -0.50000 0.00000 0.00000 0.00000 -1.00000 -0.00000 0.00000 1.00000 0.61653 0.74122 0.26549 0.00000 0.00000 -1.00000 -0.33365 0.90454 0.26549 0.00000 0.00000 -1.00000 -0.95018 0.16332 0.26549 -0.00000 0.00000 -1.00000 -0.61653 -0.74122 0.26549 0.00000 0.00000 -1.00000 0.33365 -0.90454 0.26549 0.00000 -0.00000 -1.00000 0.95018 -0.16332 0.26549 0.00000 0.00000 -1.00000 0.86603 0.50000 0.00000 0.86603 0.50000 -0.00000 0.00000 0.00000 -1.00000 0.00000 0.00000 1.00000 0.00000 1.00000 0.00000 0.00000 1.00000 -0.00000 0.00000 0.00000 -1.00000 0.00000 -0.00000 1.00000 -0.86603 0.50000 0.00000 -0.86603 0.50000 0.00000 0.00000 0.00000 -1.00000 0.00000 0.00000 1.00000 -0.86603 -0.50000 0.00000 -0.86603 -0.50000 0.00000 -0.00000 0.00000 -1.00000 0.00000 0.00000 1.00000 0.00000 -1.00000 0.00000 0.00000 -1.00000 0.00000 0.00000 -0.00000 -1.00000 0.00000 0.00000 1.00000 0.86603 -0.50000 0.00000 0.86603 -0.50000 0.00000 0.00000 0.00000 -1.00000 -0.00000 0.00000 1.00000 -0.84613 0.48823 0.21377 -0.00000 0.00000 -1.00000 -0.84588 -0.48866 0.21377 0.00000 0.00000 -1.00000 0.00025 -0.97688 0.21377 0.00000 -0.00000 -1.00000 0.84613 -0.48823 0.21377 0.00000 0.00000 -1.00000 0.84588 0.48866 0.21377 0.00000 0.00000 -1.00000 -0.00025 0.97688 0.21377 0.00000 0.00000 -1.00000 0.86603 0.50000 0.00000 0.86603 0.50000 -0.00000 0.00000 0.00000 -1.00000 0.00000 0.00000 1.00000 0.00000 1.00000 0.00000 0.00000 1.00000 -0.00000 0.00000 0.00000 -1.00000 0.00000 -0.00000 1.00000 -0.86603 0.50000 0.00000 -0.86603 0.50000 0.00000 0.00000 0.00000 -1.00000 0.00000 0.00000 1.00000 -0.86603 -0.50000 0.00000 -0.86603 -0.50000 0.00000 -0.00000 0.00000 -1.00000 0.00000 0.00000 1.00000 0.00000 -1.00000 0.00000 0.00000 -1.00000 0.00000 0.00000 -0.00000 -1.00000 0.00000 0.00000 1.00000 0.86603 -0.50000 0.00000 0.86603 -0.50000 0.00000 0.00000 0.00000 -1.00000 -0.00000 0.00000 1.00000 -0.86963 0.42407 0.25281 -0.00000 0.00000 -1.00000 -0.80207 -0.54108 0.25281 0.00000 0.00000 -1.00000 0.06755 -0.96516 0.25281 0.00000 -0.00000 -1.00000 0.86963 -0.42407 0.25281 0.00000 0.00000 -1.00000 0.80207 0.54108 0.25281 0.00000 0.00000 -1.00000 -0.06755 0.96516 0.25281 0.00000 0.00000 -1.00000 0.86603 0.50000 0.00000 0.86603 0.50000 -0.00000 0.00000 0.00000 -1.00000 0.00000 0.00000 1.00000 0.00000 1.00000 0.00000 0.00000 1.00000 -0.00000 0.00000 0.00000 -1.00000 0.00000 -0.00000 1.00000 -0.86603 0.50000 0.00000 -0.86603 0.50000 0.00000 0.00000 0.00000 -1.00000 0.00000 0.00000 1.00000 -0.86603 -0.50000 0.00000 -0.86603 -0.50000 0.00000 -0.00000 0.00000 -1.00000 0.00000 0.00000 1.00000 0.00000 -1.00000 0.00000 0.00000 -1.00000 0.00000 0.00000 -0.00000 -1.00000 0.00000 0.00000 1.00000 0.86603 -0.50000 0.00000 0.86603 -0.50000 0.00000 0.00000 0.00000 -1.00000 -0.00000 0.00000 1.00000 0.41785 -0.84816 0.32563 0.00000 -0.00000 -1.00000 0.94345 -0.06221 0.32563 0.00000 0.00000 -1.00000 0.52560 0.78594 0.32563 0.00000 0.00000 -1.00000 -0.41785 0.84816 0.32563 0.00000 0.00000 -1.00000 -0.94345 0.06221 0.32563 -0.00000 0.00000 -1.00000 -0.52560 -0.78594 0.32563 0.00000 0.00000 -1.00000 0.86603 0.50000 0.00000 0.86603 0.50000 -0.00000 0.00000 0.00000 -1.00000 0.00000 0.00000 1.00000 0.00000 1.00000 0.00000 0.00000 1.00000 -0.00000 0.00000 0.00000 -1.00000 0.00000 -0.00000 1.00000 -0.86603 0.50000 0.00000 -0.86603 0.50000 0.00000 0.00000 0.00000 -1.00000 0.00000 0.00000 1.00000 -0.86603 -0.50000 0.00000 -0.86603 -0.50000 0.00000 -0.00000 0.00000 -1.00000 0.00000 0.00000 1.00000 0.00000 -1.00000 0.00000 0.00000 -1.00000 0.00000 0.00000 -0.00000 -1.00000 0.00000 0.00000 1.00000 0.86603 -0.50000 0.00000 0.86603 -0.50000 0.00000 0.00000 0.00000 -1.00000 -0.00000 0.00000 1.00000 -0.72686 -0.65773 0.19765 0.00000 0.00000 -1.00000 0.20618 -0.95834 0.19765 0.00000 -0.00000 -1.00000 0.93304 -0.30061 0.19765 0.00000 0.00000 -1.00000 0.72686 0.65773 0.19765 0.00000 0.00000 -1.00000 -0.20618 0.95834 0.19765 0.00000 0.00000 -1.00000 -0.93304 0.30061 0.19765 -0.00000 0.00000 -1.00000 0.86603 0.50000 0.00000 0.86603 0.50000 -0.00000 0.00000 0.00000 -1.00000 0.00000 0.00000 1.00000 0.00000 1.00000 0.00000 0.00000 1.00000 -0.00000 0.00000 0.00000 -1.00000 0.00000 -0.00000 1.00000 -0.86603 0.50000 0.00000 -0.86603 0.50000 0.00000 0.00000 0.00000 -1.00000 0.00000 0.00000 1.00000 -0.86603 -0.50000 0.00000 -0.86603 -0.50000 0.00000 -0.00000 0.00000 -1.00000 0.00000 0.00000 1.00000 0.00000 -1.00000 0.00000 0.00000 -1.00000 0.00000 0.00000 -0.00000 -1.00000 0.00000 0.00000 1.00000 0.86603 -0.50000 0.00000 0.86603 -0.50000 0.00000 0.00000 0.00000 -1.00000 -0.00000 0.00000 1.00000 0.98158 0.10151 0.16186 0.00000 0.00000 -1.00000 0.40288 0.90083 0.16186 0.00000 0.00000 -1.00000 -0.57870 0.79931 0.16186 0.00000 0.00000 -1.00000 -0.98158 -0.10151 0.16186 -0.00000 0.00000 -1.00000 -0.40288 -0.90083 0.16186 0.00000 -0.00000 -1.00000 0.57870 -0.79931 0.16186 0.00000 0.00000 -1.00000 0.86603 0.50000 0.00000 0.86603 0.50000 -0.00000 0.00000 0.00000 -1.00000 0.00000 0.00000 1.00000 0.00000 1.00000 0.00000 0.00000 1.00000 -0.00000 0.00000 0.00000 -1.00000 0.00000 -0.00000 1.00000 -0.86603 0.50000 0.00000 -0.86603 0.50000 0.00000 0.00000 0.00000 -1.00000 0.00000 0.00000 1.00000 -0.86603 -0.50000 0.00000 -0.86603 -0.50000 0.00000 -0.00000 0.00000 -1.00000 0.00000 0.00000 1.00000 0.00000 -1.00000 0.00000 0.00000 -1.00000 0.00000 0.00000 -0.00000 -1.00000 0.00000 0.00000 1.00000 0.86603 -0.50000 0.00000 0.86603 -0.50000 0.00000 0.00000 0.00000 -1.00000 -0.00000 0.00000 1.00000 0.94052 0.11130 0.32099 0.00000 0.00000 -1.00000 0.37387 0.87016 0.32099 0.00000 0.00000 -1.00000 -0.56665 0.75886 0.32099 0.00000 0.00000 -1.00000 -0.94052 -0.11130 0.32099 -0.00000 0.00000 -1.00000 -0.37387 -0.87016 0.32099 0.00000 -0.00000 -1.00000 0.56665 -0.75886 0.32099 0.00000 0.00000 -1.00000 0.86603 0.50000 0.00000 0.86603 0.50000 -0.00000 0.00000 0.00000 -1.00000 0.00000 0.00000 1.00000 0.00000 1.00000 0.00000 0.00000 1.00000 -0.00000 0.00000 0.00000 -1.00000 0.00000 -0.00000 1.00000 -0.86603 0.50000 0.00000 -0.86603 0.50000 0.00000 0.00000 0.00000 -1.00000 0.00000 0.00000 1.00000 -0.86603 -0.50000 0.00000 -0.86603 -0.50000 0.00000 -0.00000 0.00000 -1.00000 0.00000 0.00000 1.00000 0.00000 -1.00000 0.00000 0.00000 -1.00000 0.00000 0.00000 -0.00000 -1.00000 0.00000 0.00000 1.00000 0.86603 -0.50000 0.00000 0.86603 -0.50000 0.00000 0.00000 0.00000 -1.00000 -0.00000 0.00000 1.00000 0.87917 -0.42018 0.22477 0.00000 0.00000 -1.00000 0.80347 0.55129 0.22477 0.00000 0.00000 -1.00000 -0.07570 0.97147 0.22477 0.00000 0.00000 -1.00000 -0.87917 0.42018 0.22477 -0.00000 0.00000 -1.00000 -0.80347 -0.55129 0.22477 0.00000 0.00000 -1.00000 0.07570 -0.97147 0.22477 0.00000 -0.00000 -1.00000 0.86603 0.50000 0.00000 0.86603 0.50000 -0.00000 0.00000 0.00000 -1.00000 0.00000 0.00000 1.00000 0.00000 1.00000 0.00000 0.00000 1.00000 -0.00000 0.00000 0.00000 -1.00000 0.00000 -0.00000 1.00000 -0.86603 0.50000 0.00000 -0.86603 0.50000 0.00000 0.00000 0.00000 -1.00000 0.00000 0.00000 1.00000 -0.86603 -0.50000 0.00000 -0.86603 -0.50000 0.00000 -0.00000 0.00000 -1.00000 0.00000 0.00000 1.00000 0.00000 -1.00000 0.00000 0.00000 -1.00000 0.00000 0.00000 -0.00000 -1.00000 0.00000 0.00000 1.00000 0.86603 -0.50000 0.00000 0.86603 -0.50000 0.00000 0.00000 0.00000 -1.00000 -0.00000 0.00000 1.00000 0.88896 -0.39495 0.23189 0.00000 0.00000 -1.00000 0.78651 0.57239 0.23189 0.00000 0.00000 -1.00000 -0.10244 0.96733 0.23189 0.00000 0.00000 -1.00000 -0.88896 0.39495 0.23189 -0.00000 0.00000 -1.00000 -0.78651 -0.57239 0.23189 0.00000 0.00000 -1.00000 0.10244 -0.96733 0.23189 0.00000 -0.00000 -1.00000 0.86603 0.50000 0.00000 0.86603 0.50000 -0.00000 0.00000 0.00000 -1.00000 0.00000 0.00000 1.00000 0.00000 1.00000 0.00000 0.00000 1.00000 -0.00000 0.00000 0.00000 -1.00000 0.00000 -0.00000 1.00000 -0.86603 0.50000 0.00000 -0.86603 0.50000 0.00000 0.00000 0.00000 -1.00000 0.00000 0.00000 1.00000 -0.86603 -0.50000 0.00000 -0.86603 -0.50000 0.00000 -0.00000 0.00000 -1.00000 0.00000 0.00000 1.00000 0.00000 -1.00000 0.00000 0.00000 -1.00000 0.00000 0.00000 -0.00000 -1.00000 0.00000 0.00000 1.00000 0.86603 -0.50000 0.00000 0.86603 -0.50000 0.00000 0.00000 0.00000 -1.00000 -0.00000 0.00000 1.00000 -0.81529 0.53913 0.21130 0.00000 0.00000 -1.00000 -0.87454 -0.43650 0.21130 -0.00000 0.00000 -1.00000 -0.05925 -0.97562 0.21130 0.00000 -0.00000 -1.00000 0.81529 -0.53913 0.21130 0.00000 0.00000 -1.00000 0.87454 0.43650 0.21130 0.00000 0.00000 -1.00000 0.05925 0.97562 0.21130 0.00000 0.00000 -1.00000 0.86603 0.50000 0.00000 0.86603 0.50000 -0.00000 0.00000 0.00000 -1.00000 0.00000 0.00000 1.00000 0.00000 1.00000 0.00000 0.00000 1.00000 -0.00000 0.00000 0.00000 -1.00000 0.00000 -0.00000 1.00000 -0.86603 0.50000 0.00000 -0.86603 0.50000 0.00000 0.00000 0.00000 -1.00000 0.00000 0.00000 1.00000 -0.86603 -0.50000 0.00000 -0.86603 -0.50000 0.00000 -0.00000 0.00000 -1.00000 0.00000 0.00000 1.00000 0.00000 -1.00000 0.00000 0.00000 -1.00000 0.00000 0.00000 -0.00000 -1.00000 0.00000 0.00000 1.00000 0.86603 -0.50000 0.00000 0.86603 -0.50000 0.00000 0.00000 0.00000 -1.00000 -0.00000 0.00000 1.00000 -0.11450 0.96342 0.24229 0.00000 0.00000 -1.00000 -0.89160 0.38255 0.24229 -0.00000 0.00000 -1.00000 -0.77710 -0.58087 0.24229 0.00000 0.00000 -1.00000 0.11450 -0.96342 0.24229 0.00000 -0.00000 -1.00000 0.89160 -0.38255 0.24229 0.00000 0.00000 -1.00000 0.77710 0.58087 0.24229 0.00000 0.00000 -1.00000 0.86603 0.50000 0.00000 0.86603 0.50000 -0.00000 0.00000 0.00000 -1.00000 0.00000 0.00000 1.00000 0.00000 1.00000 0.00000 0.00000 1.00000 -0.00000 0.00000 0.00000 -1.00000 0.00000 -0.00000 1.00000 -0.86603 0.50000 0.00000 -0.86603 0.50000 0.00000 0.00000 0.00000 -1.00000 0.00000 0.00000 1.00000 -0.86603 -0.50000 0.00000 -0.86603 -0.50000 0.00000 -0.00000 0.00000 -1.00000 0.00000 0.00000 1.00000 0.00000 -1.00000 0.00000 0.00000 -1.00000 0.00000 0.00000 -0.00000 -1.00000 0.00000 0.00000 1.00000 0.86603 -0.50000 0.00000 0.86603 -0.50000 0.00000 0.00000 0.00000 -1.00000 -0.00000 0.00000 1.00000 0.56626 0.78090 0.26373 0.00000 0.00000 -1.00000 -0.39315 0.88084 0.26373 0.00000 0.00000 -1.00000 -0.95941 0.09994 0.26373 -0.00000 0.00000 -1.00000 -0.56626 -0.78090 0.26373 0.00000 0.00000 -1.00000 0.39315 -0.88084 0.26373 0.00000 -0.00000 -1.00000 0.95941 -0.09994 0.26373 0.00000 0.00000 -1.00000 0.86603 0.50000 0.00000 0.86603 0.50000 -0.00000 0.00000 0.00000 -1.00000 0.00000 0.00000 1.00000 0.00000 1.00000 0.00000 0.00000 1.00000 -0.00000 0.00000 0.00000 -1.00000 0.00000 -0.00000 1.00000 -0.86603 0.50000 0.00000 -0.86603 0.50000 0.00000 0.00000 0.00000 -1.00000 0.00000 0.00000 1.00000 -0.86603 -0.50000 0.00000 -0.86603 -0.50000 0.00000 -0.00000 0.00000 -1.00000 0.00000 0.00000 1.00000 0.00000 -1.00000 0.00000 0.00000 -1.00000 0.00000 0.00000 -0.00000 -1.00000 0.00000 0.00000 1.00000 0.86603 -0.50000 0.00000 0.86603 -0.50000 0.00000 0.00000 0.00000 -1.00000 -0.00000 0.00000 1.00000 0.60419 -0.76210 0.23272 0.00000 0.00000 -1.00000 0.96209 0.14220 0.23272 0.00000 0.00000 -1.00000 0.35790 0.90429 0.23272 0.00000 0.00000 -1.00000 -0.60419 0.76210 0.23272 0.00000 0.00000 -1.00000 -0.96209 -0.14220 0.23272 -0.00000 0.00000 -1.00000 -0.35790 -0.90429 0.23272 0.00000 -0.00000 -1.00000 0.86603 0.50000 0.00000 0.86603 0.50000 -0.00000 0.00000 0.00000 -1.00000 0.00000 0.00000 1.00000 0.00000 1.00000 0.00000 0.00000 1.00000 -0.00000 0.00000 0.00000 -1.00000 0.00000 -0.00000 1.00000 -0.86603 0.50000 0.00000 -0.86603 0.50000 0.00000 0.00000 0.00000 -1.00000 0.00000 0.00000 1.00000 -0.86603 -0.50000 0.00000 -0.86603 -0.50000 0.00000 -0.00000 0.00000 -1.00000 0.00000 0.00000 1.00000 0.00000 -1.00000 0.00000 0.00000 -1.00000 0.00000 0.00000 -0.00000 -1.00000 0.00000 0.00000 1.00000 0.86603 -0.50000 0.00000 0.86603 -0.50000 0.00000 0.00000 0.00000 -1.00000 -0.00000 0.00000 1.00000 0.92393 -0.31760 0.21327 0.00000 0.00000 -1.00000 0.73701 0.64135 0.21327 0.00000 0.00000 -1.00000 -0.18692 0.95895 0.21327 0.00000 0.00000 -1.00000 -0.92393 0.31760 0.21327 -0.00000 0.00000 -1.00000 -0.73701 -0.64135 0.21327 0.00000 0.00000 -1.00000 0.18692 -0.95895 0.21327 0.00000 -0.00000 -1.00000 0.86603 0.50000 0.00000 0.86603 0.50000 -0.00000 0.00000 0.00000 -1.00000 0.00000 0.00000 1.00000 0.00000 1.00000 0.00000 0.00000 1.00000 -0.00000 0.00000 0.00000 -1.00000 0.00000 -0.00000 1.00000 -0.86603 0.50000 0.00000 -0.86603 0.50000 0.00000 0.00000 0.00000 -1.00000 0.00000 0.00000 1.00000 -0.86603 -0.50000 0.00000 -0.86603 -0.50000 0.00000 -0.00000 0.00000 -1.00000 0.00000 0.00000 1.00000 0.00000 -1.00000 0.00000 0.00000 -1.00000 0.00000 0.00000 -0.00000 -1.00000 0.00000 0.00000 1.00000 0.86603 -0.50000 0.00000 0.86603 -0.50000 0.00000 0.00000 0.00000 -1.00000 -0.00000 0.00000 1.00000 -0.98909 -0.08534 0.12007 -0.00000 0.00000 -1.00000 -0.42064 -0.89925 0.12007 0.00000 -0.00000 -1.00000 0.56846 -0.81391 0.12007 0.00000 0.00000 -1.00000 0.98909 0.08534 0.12007 0.00000 0.00000 -1.00000 0.42064 0.89925 0.12007 0.00000 0.00000 -1.00000 -0.56846 0.81391 0.12007 0.00000 0.00000 -1.00000 0.86603 0.50000 0.00000 0.86603 0.50000 -0.00000 0.00000 0.00000 -1.00000 0.00000 0.00000 1.00000 0.00000 1.00000 0.00000 0.00000 1.00000 -0.00000 0.00000 0.00000 -1.00000 0.00000 -0.00000 1.00000 -0.86603 0.50000 0.00000 -0.86603 0.50000 0.00000 0.00000 0.00000 -1.00000 0.00000 0.00000 1.00000 -0.86603 -0.50000 0.00000 -0.86603 -0.50000 0.00000 -0.00000 0.00000 -1.00000 0.00000 0.00000 1.00000 0.00000 -1.00000 0.00000 0.00000 -1.00000 0.00000 0.00000 -0.00000 -1.00000 0.00000 0.00000 1.00000 0.86603 -0.50000 0.00000 0.86603 -0.50000 0.00000 0.00000 0.00000 -1.00000 -0.00000 0.00000 1.00000 0.93063 -0.25076 0.26653 0.00000 0.00000 -1.00000 0.68248 0.68057 0.26653 0.00000 0.00000 -1.00000 -0.24815 0.93133 0.26653 0.00000 0.00000 -1.00000 -0.93063 0.25076 0.26653 -0.00000 0.00000 -1.00000 -0.68248 -0.68057 0.26653 0.00000 0.00000 -1.00000 0.24815 -0.93133 0.26653 0.00000 -0.00000 -1.00000 0.86603 0.50000 0.00000 0.86603 0.50000 -0.00000 0.00000 0.00000 -1.00000 0.00000 0.00000 1.00000 0.00000 1.00000 0.00000 0.00000 1.00000 -0.00000 0.00000 0.00000 -1.00000 0.00000 -0.00000 1.00000 -0.86603 0.50000 0.00000 -0.86603 0.50000 0.00000 0.00000 0.00000 -1.00000 0.00000 0.00000 1.00000 -0.86603 -0.50000 0.00000 -0.86603 -0.50000 0.00000 -0.00000 0.00000 -1.00000 0.00000 0.00000 1.00000 0.00000 -1.00000 0.00000 0.00000 -1.00000 0.00000 0.00000 -0.00000 -1.00000 0.00000 0.00000 1.00000 0.86603 -0.50000 0.00000 0.86603 -0.50000 0.00000 0.00000 0.00000 -1.00000 -0.00000 0.00000 1.00000 -0.07110 -0.92314 0.37784 0.00000 -0.00000 -1.00000 0.76391 -0.52315 0.37784 0.00000 0.00000 -1.00000 0.83501 0.39999 0.37784 0.00000 0.00000 -1.00000 0.07110 0.92314 0.37784 0.00000 0.00000 -1.00000 -0.76391 0.52315 0.37784 0.00000 0.00000 -1.00000 -0.83501 -0.39999 0.37784 -0.00000 0.00000 -1.00000 0.86603 0.50000 0.00000 0.86603 0.50000 -0.00000 0.00000 0.00000 -1.00000 0.00000 0.00000 1.00000 0.00000 1.00000 0.00000 0.00000 1.00000 -0.00000 0.00000 0.00000 -1.00000 0.00000 -0.00000 1.00000 -0.86603 0.50000 0.00000 -0.86603 0.50000 0.00000 0.00000 0.00000 -1.00000 0.00000 0.00000 1.00000 -0.86603 -0.50000 0.00000 -0.86603 -0.50000 0.00000 -0.00000 0.00000 -1.00000 0.00000 0.00000 1.00000 0.00000 -1.00000 0.00000 0.00000 -1.00000 0.00000 0.00000 -0.00000 -1.00000 0.00000 0.00000 1.00000 0.86603 -0.50000 0.00000 0.86603 -0.50000 0.00000 0.00000 0.00000 -1.00000 -0.00000 0.00000 1.00000 0.65405 -0.70808 0.26614 0.00000 0.00000 -1.00000 0.94024 0.21239 0.26614 0.00000 0.00000 -1.00000 0.28619 0.92047 0.26614 0.00000 0.00000 -1.00000 -0.65405 0.70808 0.26614 0.00000 0.00000 -1.00000 -0.94024 -0.21239 0.26614 -0.00000 0.00000 -1.00000 -0.28619 -0.92047 0.26614 0.00000 -0.00000 -1.00000 0.86603 0.50000 0.00000 0.86603 0.50000 -0.00000 0.00000 0.00000 -1.00000 0.00000 0.00000 1.00000 0.00000 1.00000 0.00000 0.00000 1.00000 -0.00000 0.00000 0.00000 -1.00000 0.00000 -0.00000 1.00000 -0.86603 0.50000 0.00000 -0.86603 0.50000 0.00000 0.00000 0.00000 -1.00000 0.00000 0.00000 1.00000 -0.86603 -0.50000 0.00000 -0.86603 -0.50000 0.00000 -0.00000 0.00000 -1.00000 0.00000 0.00000 1.00000 0.00000 -1.00000 0.00000 0.00000 -1.00000 0.00000 0.00000 -0.00000 -1.00000 0.00000 0.00000 1.00000 0.86603 -0.50000 0.00000 0.86603 -0.50000 0.00000 0.00000 0.00000 -1.00000 -0.00000 0.00000 1.00000 0.74169 0.65041 0.16393 0.00000 0.00000 -1.00000 -0.19242 0.96752 0.16393 0.00000 0.00000 -1.00000 -0.93411 0.31712 0.16393 -0.00000 0.00000 -1.00000 -0.74169 -0.65041 0.16393 0.00000 0.00000 -1.00000 0.19242 -0.96752 0.16393 0.00000 -0.00000 -1.00000 0.93411 -0.31712 0.16393 0.00000 0.00000 -1.00000 0.86603 0.50000 0.00000 0.86603 0.50000 -0.00000 0.00000 0.00000 -1.00000 0.00000 0.00000 1.00000 0.00000 1.00000 0.00000 0.00000 1.00000 -0.00000 0.00000 0.00000 -1.00000 0.00000 -0.00000 1.00000 -0.86603 0.50000 0.00000 -0.86603 0.50000 0.00000 0.00000 0.00000 -1.00000 0.00000 0.00000 1.00000 -0.86603 -0.50000 0.00000 -0.86603 -0.50000 0.00000 -0.00000 0.00000 -1.00000 0.00000 0.00000 1.00000 0.00000 -1.00000 0.00000 0.00000 -1.00000 0.00000 0.00000 -0.00000 -1.00000 0.00000 0.00000 1.00000 0.86603 -0.50000 0.00000 0.86603 -0.50000 0.00000 0.00000 0.00000 -1.00000 -0.00000 0.00000 1.00000 0.33347 0.91002 0.24628 0.00000 0.00000 -1.00000 -0.62136 0.74381 0.24628 0.00000 0.00000 -1.00000 -0.95484 -0.16621 0.24628 -0.00000 0.00000 -1.00000 -0.33347 -0.91002 0.24628 0.00000 -0.00000 -1.00000 0.62136 -0.74381 0.24628 0.00000 0.00000 -1.00000 0.95484 0.16621 0.24628 0.00000 0.00000 -1.00000 0.86603 0.50000 0.00000 0.86603 0.50000 -0.00000 0.00000 0.00000 -1.00000 0.00000 0.00000 1.00000 0.00000 1.00000 0.00000 0.00000 1.00000 -0.00000 0.00000 0.00000 -1.00000 0.00000 -0.00000 1.00000 -0.86603 0.50000 0.00000 -0.86603 0.50000 0.00000 0.00000 0.00000 -1.00000 0.00000 0.00000 1.00000 -0.86603 -0.50000 0.00000 -0.86603 -0.50000 0.00000 -0.00000 0.00000 -1.00000 0.00000 0.00000 1.00000 0.00000 -1.00000 0.00000 0.00000 -1.00000 0.00000 0.00000 -0.00000 -1.00000 0.00000 0.00000 1.00000 0.86603 -0.50000 0.00000 0.86603 -0.50000 0.00000 0.00000 0.00000 -1.00000 -0.00000 0.00000 1.00000 0.73413 -0.61424 0.28940 0.00000 0.00000 -1.00000 0.89902 0.32866 0.28940 0.00000 0.00000 -1.00000 0.16488 0.94290 0.28940 0.00000 0.00000 -1.00000 -0.73413 0.61424 0.28940 0.00000 0.00000 -1.00000 -0.89902 -0.32866 0.28940 -0.00000 0.00000 -1.00000 -0.16488 -0.94290 0.28940 0.00000 -0.00000 -1.00000 0.86603 0.50000 0.00000 0.86603 0.50000 -0.00000 0.00000 0.00000 -1.00000 0.00000 0.00000 1.00000 0.00000 1.00000 0.00000 0.00000 1.00000 -0.00000 0.00000 0.00000 -1.00000 0.00000 -0.00000 1.00000 -0.86603 0.50000 0.00000 -0.86603 0.50000 0.00000 0.00000 0.00000 -1.00000 0.00000 0.00000 1.00000 -0.86603 -0.50000 0.00000 -0.86603 -0.50000 0.00000 -0.00000 0.00000 -1.00000 0.00000 0.00000 1.00000 0.00000 -1.00000 0.00000 0.00000 -1.00000 0.00000 0.00000 -0.00000 -1.00000 0.00000 0.00000 1.00000 0.86603 -0.50000 0.00000 0.86603 -0.50000 0.00000 0.00000 0.00000 -1.00000 -0.00000 0.00000 1.00000 0.42403 0.87816 0.22142 0.00000 0.00000 -1.00000 -0.54850 0.80630 0.22142 0.00000 0.00000 -1.00000 -0.97253 -0.07186 0.22142 -0.00000 0.00000 -1.00000 -0.42403 -0.87816 0.22142 0.00000 -0.00000 -1.00000 0.54850 -0.80630 0.22142 0.00000 0.00000 -1.00000 0.97253 0.07186 0.22142 0.00000 0.00000 -1.00000 0.86603 0.50000 0.00000 0.86603 0.50000 -0.00000 0.00000 0.00000 -1.00000 0.00000 0.00000 1.00000 0.00000 1.00000 0.00000 0.00000 1.00000 -0.00000 0.00000 0.00000 -1.00000 0.00000 -0.00000 1.00000 -0.86603 0.50000 0.00000 -0.86603 0.50000 0.00000 0.00000 0.00000 -1.00000 0.00000 0.00000 1.00000 -0.86603 -0.50000 0.00000 -0.86603 -0.50000 0.00000 -0.00000 0.00000 -1.00000 0.00000 0.00000 1.00000 0.00000 -1.00000 0.00000 0.00000 -1.00000 0.00000 0.00000 -0.00000 -1.00000 0.00000 0.00000 1.00000 0.86603 -0.50000 0.00000 0.86603 -0.50000 0.00000 0.00000 0.00000 -1.00000 -0.00000 0.00000 1.00000 0.73964 0.59198 0.32014 0.00000 0.00000 -1.00000 -0.14285 0.93654 0.32014 0.00000 0.00000 -1.00000 -0.88249 0.34456 0.32014 -0.00000 0.00000 -1.00000 -0.73964 -0.59198 0.32014 0.00000 0.00000 -1.00000 0.14285 -0.93654 0.32014 0.00000 -0.00000 -1.00000 0.88249 -0.34456 0.32014 0.00000 0.00000 -1.00000 0.86603 0.50000 0.00000 0.86603 0.50000 -0.00000 0.00000 0.00000 -1.00000 0.00000 0.00000 1.00000 0.00000 1.00000 0.00000 0.00000 1.00000 -0.00000 0.00000 0.00000 -1.00000 0.00000 -0.00000 1.00000 -0.86603 0.50000 0.00000 -0.86603 0.50000 0.00000 0.00000 0.00000 -1.00000 0.00000 0.00000 1.00000 -0.86603 -0.50000 0.00000 -0.86603 -0.50000 0.00000 -0.00000 0.00000 -1.00000 0.00000 0.00000 1.00000 0.00000 -1.00000 0.00000 0.00000 -1.00000 0.00000 0.00000 -0.00000 -1.00000 0.00000 0.00000 1.00000 0.86603 -0.50000 0.00000 0.86603 -0.50000 0.00000 0.00000 0.00000 -1.00000 -0.00000 0.00000 1.00000 -0.30578 -0.92096 0.24153 0.00000 -0.00000 -1.00000 0.64468 -0.72529 0.24153 0.00000 0.00000 -1.00000 0.95046 0.19567 0.24153 0.00000 0.00000 -1.00000 0.30578 0.92096 0.24153 0.00000 0.00000 -1.00000 -0.64468 0.72529 0.24153 0.00000 0.00000 -1.00000 -0.95046 -0.19567 0.24153 -0.00000 0.00000 -1.00000 0.86603 0.50000 0.00000 0.86603 0.50000 -0.00000 0.00000 0.00000 -1.00000 0.00000 0.00000 1.00000 0.00000 1.00000 0.00000 0.00000 1.00000 -0.00000 0.00000 0.00000 -1.00000 0.00000 -0.00000 1.00000 -0.86603 0.50000 0.00000 -0.86603 0.50000 0.00000 0.00000 0.00000 -1.00000 0.00000 0.00000 1.00000 -0.86603 -0.50000 0.00000 -0.86603 -0.50000 0.00000 -0.00000 0.00000 -1.00000 0.00000 0.00000 1.00000 0.00000 -1.00000 0.00000 0.00000 -1.00000 0.00000 0.00000 -0.00000 -1.00000 0.00000 0.00000 1.00000 0.86603 -0.50000 0.00000 0.86603 -0.50000 0.00000 0.00000 0.00000 -1.00000 -0.00000 0.00000 1.00000 -0.43402 0.87952 0.19512 0.00000 0.00000 -1.00000 -0.97870 0.06389 0.19512 -0.00000 0.00000 -1.00000 -0.54467 -0.81563 0.19512 0.00000 0.00000 -1.00000 0.43402 -0.87952 0.19512 0.00000 -0.00000 -1.00000 0.97870 -0.06389 0.19512 0.00000 0.00000 -1.00000 0.54467 0.81563 0.19512 0.00000 0.00000 -1.00000 0.86603 0.50000 0.00000 0.86603 0.50000 -0.00000 0.00000 0.00000 -1.00000 0.00000 0.00000 1.00000 0.00000 1.00000 0.00000 0.00000 1.00000 -0.00000 0.00000 0.00000 -1.00000 0.00000 -0.00000 1.00000 -0.86603 0.50000 0.00000 -0.86603 0.50000 0.00000 0.00000 0.00000 -1.00000 0.00000 0.00000 1.00000 -0.86603 -0.50000 0.00000 -0.86603 -0.50000 0.00000 -0.00000 0.00000 -1.00000 0.00000 0.00000 1.00000 0.00000 -1.00000 0.00000 0.00000 -1.00000 0.00000 0.00000 -0.00000 -1.00000 0.00000 0.00000 1.00000 0.86603 -0.50000 0.00000 0.86603 -0.50000 0.00000 0.00000 0.00000 -1.00000 -0.00000 0.00000 1.00000 -0.94738 0.15343 0.28093 -0.00000 0.00000 -1.00000 -0.60657 -0.74374 0.28093 0.00000 0.00000 -1.00000 0.34081 -0.89717 0.28093 0.00000 -0.00000 -1.00000 0.94738 -0.15343 0.28093 0.00000 0.00000 -1.00000 0.60657 0.74374 0.28093 0.00000 0.00000 -1.00000 -0.34081 0.89717 0.28093 0.00000 0.00000 -1.00000 0.86603 0.50000 0.00000 0.86603 0.50000 -0.00000 0.00000 0.00000 -1.00000 0.00000 0.00000 1.00000 0.00000 1.00000 0.00000 0.00000 1.00000 -0.00000 0.00000 0.00000 -1.00000 0.00000 -0.00000 1.00000 -0.86603 0.50000 0.00000 -0.86603 0.50000 0.00000 0.00000 0.00000 -1.00000 0.00000 0.00000 1.00000 -0.86603 -0.50000 0.00000 -0.86603 -0.50000 0.00000 -0.00000 0.00000 -1.00000 0.00000 0.00000 1.00000 0.00000 -1.00000 0.00000 0.00000 -1.00000 0.00000 0.00000 -0.00000 -1.00000 0.00000 0.00000 1.00000 0.86603 -0.50000 0.00000 0.86603 -0.50000 0.00000 0.00000 0.00000 -1.00000 -0.00000 0.00000 1.00000 0.69437 -0.69011 0.20395 0.00000 0.00000 -1.00000 0.94484 0.25629 0.20395 0.00000 0.00000 -1.00000 0.25047 0.94640 0.20395 0.00000 0.00000 -1.00000 -0.69437 0.69011 0.20395 0.00000 0.00000 -1.00000 -0.94484 -0.25629 0.20395 -0.00000 0.00000 -1.00000 -0.25047 -0.94640 0.20395 0.00000 -0.00000 -1.00000 0.86603 0.50000 0.00000 0.86603 0.50000 -0.00000 0.00000 0.00000 -1.00000 0.00000 0.00000 1.00000 0.00000 1.00000 0.00000 0.00000 1.00000 -0.00000 0.00000 0.00000 -1.00000 0.00000 -0.00000 1.00000 -0.86603 0.50000 0.00000 -0.86603 0.50000 0.00000 0.00000 0.00000 -1.00000 0.00000 0.00000 1.00000 -0.86603 -0.50000 0.00000 -0.86603 -0.50000 0.00000 -0.00000 0.00000 -1.00000 0.00000 0.00000 1.00000 0.00000 -1.00000 0.00000 0.00000 -1.00000 0.00000 0.00000 -0.00000 -1.00000 0.00000 0.00000 1.00000 0.86603 -0.50000 0.00000 0.86603 -0.50000 0.00000 0.00000 0.00000 -1.00000 -0.00000 0.00000 1.00000 0.71804 0.60052 0.35185 0.00000 0.00000 -1.00000 -0.16105 0.92210 0.35185 0.00000 0.00000 -1.00000 -0.87909 0.32158 0.35185 -0.00000 0.00000 -1.00000 -0.71804 -0.60052 0.35185 0.00000 0.00000 -1.00000 0.16105 -0.92210 0.35185 0.00000 -0.00000 -1.00000 0.87909 -0.32158 0.35185 0.00000 0.00000 -1.00000 0.86603 0.50000 0.00000 0.86603 0.50000 -0.00000 0.00000 0.00000 -1.00000 0.00000 0.00000 1.00000 0.00000 1.00000 0.00000 0.00000 1.00000 -0.00000 0.00000 0.00000 -1.00000 0.00000 -0.00000 1.00000 -0.86603 0.50000 0.00000 -0.86603 0.50000 0.00000 0.00000 0.00000 -1.00000 0.00000 0.00000 1.00000 -0.86603 -0.50000 0.00000 -0.86603 -0.50000 0.00000 -0.00000 0.00000 -1.00000 0.00000 0.00000 1.00000 0.00000 -1.00000 0.00000 0.00000 -1.00000 0.00000 0.00000 -0.00000 -1.00000 0.00000 0.00000 1.00000 0.86603 -0.50000 0.00000 0.86603 -0.50000 0.00000 0.00000 0.00000 -1.00000 -0.00000 0.00000 1.00000 0.75247 0.58932 0.29410 0.00000 0.00000 -1.00000 -0.13413 0.94632 0.29410 0.00000 0.00000 -1.00000 -0.88660 0.35700 0.29410 -0.00000 0.00000 -1.00000 -0.75247 -0.58932 0.29410 0.00000 0.00000 -1.00000 0.13413 -0.94632 0.29410 0.00000 -0.00000 -1.00000 0.88660 -0.35700 0.29410 0.00000 0.00000 -1.00000 0.86603 0.50000 0.00000 0.86603 0.50000 -0.00000 0.00000 0.00000 -1.00000 0.00000 0.00000 1.00000 0.00000 1.00000 0.00000 0.00000 1.00000 -0.00000 0.00000 0.00000 -1.00000 0.00000 -0.00000 1.00000 -0.86603 0.50000 0.00000 -0.86603 0.50000 0.00000 0.00000 0.00000 -1.00000 0.00000 0.00000 1.00000 -0.86603 -0.50000 0.00000 -0.86603 -0.50000 0.00000 -0.00000 0.00000 -1.00000 0.00000 0.00000 1.00000 0.00000 -1.00000 0.00000 0.00000 -1.00000 0.00000 0.00000 -0.00000 -1.00000 0.00000 0.00000 1.00000 0.86603 -0.50000 0.00000 0.86603 -0.50000 0.00000 0.00000 0.00000 -1.00000 -0.00000 0.00000 1.00000 -0.30400 -0.92231 0.23860 0.00000 -0.00000 -1.00000 0.64674 -0.72442 0.23860 0.00000 0.00000 -1.00000 0.95074 0.19788 0.23860 0.00000 0.00000 -1.00000 0.30400 0.92231 0.23860 0.00000 0.00000 -1.00000 -0.64674 0.72442 0.23860 0.00000 0.00000 -1.00000 -0.95074 -0.19788 0.23860 -0.00000 0.00000 -1.00000 0.86603 0.50000 0.00000 0.86603 0.50000 -0.00000 0.00000 0.00000 -1.00000 0.00000 0.00000 1.00000 0.00000 1.00000 0.00000 0.00000 1.00000 -0.00000 0.00000 0.00000 -1.00000 0.00000 -0.00000 1.00000 -0.86603 0.50000 0.00000 -0.86603 0.50000 0.00000 0.00000 0.00000 -1.00000 0.00000 0.00000 1.00000 -0.86603 -0.50000 0.00000 -0.86603 -0.50000 0.00000 -0.00000 0.00000 -1.00000 0.00000 0.00000 1.00000 0.00000 -1.00000 0.00000 0.00000 -1.00000 0.00000 0.00000 -0.00000 -1.00000 0.00000 0.00000 1.00000 0.86603 -0.50000 0.00000 0.86603 -0.50000 0.00000 0.00000 0.00000 -1.00000 -0.00000 0.00000 1.00000</float_array><technique_common><accessor source="#normals-array" count="2160" stride="3"><param name="X" type="float"/><param name="Y" type="float"/><param name="Z" type="float"/></accessor></technique_common></source>
<vertices id="vertices"><input semantic="POSITION" source="#positions"/></vertices><triangles count="2160"><input semantic="VERTEX" source="#vertices" offset="0"/><input semantic="NORMAL" source="#normals" offset="1"/><p>0 0 1 0 6 0 7 1 1 1 0 1 1 2 2 2 6 2 7 3 2 3 1 3 2 4 3 4 6 4 7 5 3 5 2 5 3 6 4 6 6 6 7 7 4 7 3 7 4 8 5 8 6 8 7 9 5 9 4 9 5 10 0 10 6 10 7 11 0 11 5 11 8 12 9 12 15 12 8 13 15 13 14 13 20 14 9 14 8 14 21 15 14 15 15 15 9 16 10 16 16 16 9 17 16 17 15 17 20 18 10 18 9 18 21 19 15 19 16 19 10 20 11 20 17 20 10 21 17 21 16 21 20 22 11 22 10 22 21 23 16 23 17 23 11 24 12 24 18 24 11 25 18 25 17 25 20 26 12 26 11 26 21 27 17 27 18 27 12 28 13 28 19 28 12 29 19 29 18 29 20 30 13 30 12 30 21 31 18 31 19 31 13 32 8 32 14 32 13 33 14 33 19 33 20 34 8 34 13 34 21 35 19 35 14 35 22 36 23 36 28 36 29 37 23 37 22 37 23 38 24 38 28 38 29 39 24 39 23 39 24 40 25 40 28 40 29 41 25 41 24 41 25 42 26 42 28 42 29 43 26 43 25 43 26 44 27 44 28 44 29 45 27 45 26 45 27 46 22 46 28 46 29 47 22 47 27 47 30 48 31 48 37 48 30 49 37 49 36 49 42 50 31 50 30 50 43 51 36 51 37 51 31 52 32 52 38 52 31 53 38 53 37 53 42 54 32 54 31 54 43 55 37 55 38 55 32 56 33 56 39 56 32 57 39 57 38 57 42 58 33 58 32 58 43 59 38 59 39 59 33 60 34 60 40 60 33 61 40 61 39 61 42 62 34 62 33 62 43 63 39 63 40 63 34 64 35 64 41 64 34 65 41 65 40 65 42 66 35 66 34 66 43 67 40 67 41 67 35 68 30 68 36 68 35 69 36 69 41 69 42 70 30 70 35 70 43 71 41 71 36 71 44 72 45 72 50 72 51 73 45 73 44 73 45 74 46 74 50 74 51 75 46 75 45 75 46 76 47 76 50 76 51 77 47 77 46 77 47 78 48 78 50 78 51 79 48 79 47 79 48 80 49 80 50 80 51 81 49 81 48 81 49 82 44 82 50 82 51 83 44 83 49 83 52 84 53 84 59 84 52 85 59 85 58 85 64 86 53 86 52 86 65 87 58 87 59 87 53 88 54 88 60 88 53 89 60 89 59 89 64 90 54 90 53 90 65 91 59 91 60 91 54 92 55 92 61 92 54 93 61 93 60 93 64 94 55 94 54 94 65 95 60 95 61 95 55 96 56 96 62 96 55 97 62 97 61 97 64 98 56 98 55 98 65 99 61 99 62 99 56 100 57 100 63 100 56 101 63 101 62 101 64 102 57 102 56 102 65 103 62 103 63 103 57 104 52 104 58 104 57 105 58 105 63 105 64 106 52 106 57 106 65 107 63 107 58 107 66 108 67 108 72 108 73 109 67 109 66 109 67 110 68 110 72 110 73 111 68 111 67 111 68 112 69 112 72 112 73 113 69 113 68 113 69 114 70 114 72 114 73 115 70 115 69 115 70 116 71 116 72 116 73 117 71 117 70 117 71 118 66 118 72 118 73 119 66 119 71 119 74 120 75 120 81 120 74 121 81 121 80 121 86 122 75 122 74 122 87 123 80 123 81 123 75 124 76 124 82 124 75 125 82 125 81 125 86 126 76 126 75 126 87 127 81 127 82 127 76 128 77 128 83 128 76 129 83 129 82 129 86 130 77 130 76 130 87 131 82 131 83 131 77 132 78 132 84 132 77 133 84 133 83 133 86 134 78 134 77 134 87 135 83 135 84 135 78 136 79 136 85 136 78 137 85 137 84 137 86 138 79 138 78 138 87 139 84 139 85 139 79 140 74 140 80 140 79 141 80 141 85 141 86 142 74 142 79 142 87 143 85 143 80 143 88 144 89 144 94 144 95 145 89 145 88 145 89 146 90 146 94 146 95 147 90 147 89 147 90 148 91 148 94 148 95 149 91 149 90 149 91 150 92 150 94 150 95 151 92 151 91 151 92 152 93 152 94 152 95 153 93 153 92 153 93 154 88 154 94 154 95 155 88 155 93 155 96 156 97 156 103 156 96 157 103 157 102 157 108 158 97 158 96 158 109 159 102 159 103 159 97 160 98 160 104 160 97 161 104 161 103 161 108 162 98 162 97 162 109 163 103 163 104 163 98 164 99 164 105 164 98 165 105 165 104 165 108 166 99 166 98 166 109 167 104 167 105 167 99 168 100 168 106 168 99 169 106 169 105 169 108 170 100 170 99 170 109 171 105 171 106 171 100 172 101 172 107 172 100 173 107 173 106 173 108 174 101 174 100 174 109 175 106 175 107 175 101 176 96 176 102 176 101 177 102 177 107 177 108 178 96 178 101 178 109 179 107 179 102 179 110 180 111 180 116 180 117 181 111 181 110 181 111 182 112 182 116 182 117 183 112 183 111 183 112 184 113 184 116 184 117 185 113 185 112 185 113 186 114 186 116 186 117 187 114 187 113 187 114 188 115 188 116 188 117 189 115 189 114 189 115 190 110 190 116 190 117 191 110 191 115 191 118 192 119 192 125 192 118 193 125 193 124 193 130 194 119 194 118 194 131 195 124 195 125 195 119 196 120 196 126 196 119 197 126 197 125 197 130 198 120 198 119 198 131 199 125 199 126 199 120 200 121 200 127 200 120 201 127 201 126 201 130 202 121 202 120 202 131 203 126 203 127 203 121 204 122 204 128 204 121 205 128 205 127 205 130 206 122 206 121 206 131 207 127 207 128 207 122 208 123 208 129 208 122 209 129 209 128 209 130 210 123 210 122 210 131 211 128 211 129 211 123 212 118 212 124 212 123 213 124 213 129 213 130 214 118 214 123 214 131 215 129 215 124 215 132 216 133 216 138 216 139 217 133 217 132 217 133 218 134 218 138 218 139 219 134 219 133 219 134 220 135 220 138 220 139 221 135 221 134 221 135 222 136 222 138 222 139 223 136 223 135 223 136 224 137 224 138 224 139 225 137 225 136 225 137 226 132 226 138 226 139 227 132 227 137 227 140 228 141 228 147 228 140 229 147 229 146 229 152 230 141 230 140 230 153 231 146 231 147 231 141 232 142 232 148 232 141 233 148 233 147 233 152 234 142 234 141 234 153 235 147 235 148 235 142 236 143 236 149 236 142 237 149 237 148 237 152 238 143 238 142 238 153 239 148 239 149 239 143 240 144 240 150 240 143 241 150 241 149 241 152 242 144 242 143 242 153 243 149 243 150 243 144 244 145 244 151 244 144 245 151 245 150 245 152 246 145 246 144 246 153 247 150 247 151 247 145 248 140 248 146 248 145 249 146 249 151 249 152 250 140 250 145 250 153 251 151 251 146 251 154 252 155 252 160 252 161 253 155 253 154 253 155 254 156 254 160 254 161 255 156 255 155 255 156 256 157 256 160 256 161 257 157 257 156 257 157 258 158 258 160 258 161 259 158 259 157 259 158 260 159 260 160 260 161 261 159 261 158 261 159 262 154 262 160 262 161 263 154 263 159 263 162 264 163 264 169 264 162 265 169 265 168 265 174 266 163 266 162 266 175 267 168 267 169 267 163 268 164 268 170 268 163 269 170 269 169 269 174 270 164 270 163 270 175 271 169 271 170 271 164 272 165 272 171 272 164 273 171 273 170 273 174 274 165 274 164 274 175 275 170 275 171 275 165 276 166 276 172 276 165 277 172 277 171 277 174 278 166 278 165 278 175 279 171 279 172 279 166 280 167 280 173 280 166 281 173 281 172 281 174 282 167 282 166 282 175 283 172 283 173 283 167 284 162 284 168 284 167 285 168 285 173 285 174 286 162 286 167 286 175 287 173 287 168 287 176 288 177 288 182 288 183 289 177 289 176 289 177 290 178 290 182 290 183 291 178 291 177 291 178 292 179 292 182 292 183 293 179 293 178 293 179 294 180 294 182 294 183 295 180 295 179 295 180 296 181 296 182 296 183 297 181 297 180 297 181 298 176 298 182 298 183 299 176 299 181 299 184 300 185 300 191 300 184 301 191 301 190 301 196 302 185 302 184 302 197 303 190 303 191 303 185 304 186 304 192 304 185 305 192 305 191 305 196 306 186 306 185 306 197 307 191 307 192 307 186 308 187 308 193 308 186 309 193 309 192 309 196 310 187 310 186 310 197 311 192 311 193 311 187 312 188 312 194 312 187 313 194 313 193 313 196 314 188 314 187 314 197 315 193 315 194 315 188 316 189 316 195 316 188 317 195 317 194 317 196 318 189 318 188 318 197 319 194 319 195 319 189 320 184 320 190 320 189 321 190 321 195 321 196 322 184 322 189 322 197 323 195 323 190 323 198 324 199 324 204 324 205 325 199 325 198 325 199 326 200 326 204 326 205 327 200 327 199 327 200 328 201 328 204 328 205 329 201 329 200 329 201 330 202 330 204 330 205 331 202 331 201 331 202 332 203 332 204 332 205 333 203 333 202 333 203 334 198 334 204 334 205 335 198 335 203 335 206 336 207 336 213 336 206 337 213 337 212 337 218 338 207 338 206 338 219 339 212 339 213 339 207 340 208 340 214 340 207 341 214 341 213 341 218 342 208 342 207 342 219 343 213 343 214 343 208 344 209 344 215 344 208 345 215 345 214 345 218 346 209 346 208 346 219 347 214 347 215 347 209 348 210 348 216 348 209 349 216 349 215 349 218 350 210 350 209 350 219 351 215 351 216 351 210 352 211 352 217 352 210 353 217 353 216 353 218 354 211 354 210 354 219 355 216 355 217 355 211 356 206 356 212 356 211 357 212 357 217 357 218 358 206 358 211 358 219 359 217 359 212 359 220 360 221 360 226 360 227 361 221 361 220 361 221 362 222 362 226 362 227 363 222 363 221 363 222 364 223 364 226 364 227 365 223 365 222 365 223 366 224 366 226 366 227 367 224 367 223 367 224 368 225 368 226 368 227 369 225 369 224 369 225 370 220 370 226 370 227 371 220 371 225 371 228 372 229 372 235 372 228 373 235 373 234 373 240 374 229 374 228 374 241 375 234 375 235 375 229 376 230 376 236 376 229 377 236 377 235 377 240 378 230 378 229 378 241 379 235 379 236 379 230 380 231 380 237 380 230 381 237 381 236 381 240 382 231 382 230 382 241 383 236 383 237 383 231 384 232 384 238 384 231 385 238 385 237 385 240 386 232 386 231 386 241 387 237 387 238 387 232 388 233 388 239 388 232 389 239 389 238 389 240 390 233 390 232 390 241 391 238 391 239 391 233 392 228 392 234 392 233 393 234 393 239 393 240 394 228 394 233 394 241 395 239 395 234 395 242 396 243 396 248 396 249 397 243 397 242 397 243 398 244 398 248 398 249 399 244 399 243 399 244 400 245 400 248 400 249 401 245 401 244 401 245 402 246 402 248 402 249 403 246 403 245 403 246 404 247 404 248 404 249 405 247 405 246 405 247 406 242 406 248 406 249 407 242 407 247 407 250 408 251 408 257 408 250 409 257 409 256 409 262 410 251 410 250 410 263 411 256 411 257 411 251 412 252 412 258 412 251 413 258 413 257 413 262 414 252 414 251 414 263 415 257 415 258 415 252 416 253 416 259 416 252 417 259 417 258 417 262 418 253 418 252 418 263 419 258 419 259 419 253 420 254 420 260 420 253 421 260 421 259 421 262 422 254 422 253 422 263 423 259 423 260 423 254 424 255 424 261 424 254 425 261 425 260 425 262 426 255 426 254 426 263 427 260 427 261 427 255 428 250 428 256 428 255 429 256 429 261 429 262 430 250 430 255 430 263 431 261 431 256 431 264 432 265 432 270 432 271 433 265 433 264 433 265 434 266 434 270 434 271 435 266 435 265 435 266 436 267 436 270 436 271 437 267 437 266 437 267 438 268 438 270 438 271 439 268 439 267 439 268 440 269 440 270 440 271 441 269 441 268 441 269 442 264 442 270 442 271 443 264 443 269 443 272 444 273 444 279 444 272 445 279 445 278 445 284 446 273 446 272 446 285 447 278 447 279 447 273 448 274 448 280 448 273 449 280 449 279 449 284 450 274 450 273 450 285 451 279 451 280 451 274 452 275 452 281 452 274 453 281 453 280 453 284 454 275 454 274 454 285 455 280 455 281 455 275 456 276 456 282 456 275 457 282 457 281 457 284 458 276 458 275 458 285 459 281 459 282 459 276 460 277 460 283 460 276 461 283 461 282 461 284 462 277 462 276 462 285 463 282 463 283 463 277 464 272 464 278 464 277 465 278 465 283 465 284 466 272 466 277 466 285 467 283 467 278 467 286 468 287 468 292 468 293 469 287 469 286 469 287 470 288 470 292 470 293 471 288 471 287 471 288 472 289 472 292 472 293 473 289 473 288 473 289 474 290 474 292 474 293 475 290 475 289 475 290 476 291 476 292 476 293 477 291 477 290 477 291 478 286 478 292 478 293 479 286 479 291 479 294 480 295 480 301 480 294 481 301 481 300 481 306 482 295 482 294 482 307 483 300 483 301 483 295 484 296 484 302 484 295 485 302 485 301 485 306 486 296 486 295 486 307 487 301 487 302 487 296 488 297 488 303 488 296 489 303 489 302 489 306 490 297 490 296 490 307 491 302 491 303 491 297 492 298 492 304 492 297 493 304 493 303 493 306 494 298 494 297 494 307 495 303 495 304 495 298 496 299 496 305 496 298 497 305 497 304 497 306 498 299 498 298 498 307 499 304 499 305 499 299 500 294 500 300 500 299 501 300 501 305 501 306 502 294 502 299 502 307 503 305 503 300 503 308 504 309 504 314 504 315 505 309 505 308 505 309 506 310 506 314 506 315 507 310 507 309 507 310 508 311 508 314 508 315 509 311 509 310 509 311 510 312 510 314 510 315 511 312 511 311 511 312 512 313 512 314 512 315 513 313 513 312 513 313 514 308 514 314 514 315 515 308 515 313 515 316 516 317 516 323 516 316 517 323 517 322 517 328 518 317 518 316 518 329 519 322 519 323 519 317 520 318 520 324 520 317 521 324 521 323 521 328 522 318 522 317 522 329 523 323 523 324 523 318 524 319 524 325 524 318 525 325 525 324 525 328 526 319 526 318 526 329 527 324 527 325 527 319 528 320 528 326 528 319 529 326 529 325 529 328 530 320 530 319 530 329 531 325 531 326 531 320 532 321 532 327 532 320 533 327 533 326 533 328 534 321 534 320 534 329 535 326 535 327 535 321 536 316 536 322 536 321 537 322 537 327 537 328 538 316 538 321 538 329 539 327 539 322 539 330 540 331 540 336 540 337 541 331 541 330 541 331 542 332 542 336 542 337 543 332 543 331 543 332 544 333 544 336 544 337 545 333 545 332 545 333 546 334 546 336 546 337 547 334 547 333 547 334 548 335 548 336 548 337 549 335 549 334 549 335 550 330 550 336 550 337 551 330 551 335 551 338 552 339 552 345 552 338 553 345 553 344 553 350 554 339 554 338 554 351 555 344 555 345 555 339 556 340 556 346 556 339 557 346 557 345 557 350 558 340 558 339 558 351 559 345 559 346 559 340 560 341 560 347 560 340 561 347 561 346 561 350 562 341 562 340 562 351 563 346 563 347 563 341 564 342 564 348 564 341 565 348 565 347 565 350 566 342 566 341 566 351 567 347 567 348 567 342 568 343 568 349 568 342 569 349 569 348 569 350 570 343 570 342 570 351 571 348 571 349 571 343 572 338 572 344 572 343 573 344 573 349 573 350 574 338 574 343 574 351 575 349 575 344 575 352 576 353 576 358 576 359 577 353 577 352 577 353 578 354 578 358 578 359 579 354 579 353 579 354 580 355 580 358 580 359 581 355 581 354 581 355 582 356 582 358 582 359 583 356 583 355 583 356 584 357 584 358 584 359 585 357 585 356 585 357 586 352 586 358 586 359 587 352 587 357 587 360 588 361 588 367 588 360 589 367 589 366 589 372 590 361 590 360 590 373 591 366 591 367 591 361 592 362 592 368 592 361 593 368 593 367 593 372 594 362 594 361 594 373 595 367 595 368 595 362 596 363 596 369 596 362 597 369 597 368 597 372 598 363 598 362 598 373 599 368 599 369 599 363 600 364 600 370 600 363 601 370 601 369 601 372 602 364 602 363 602 373 603 369 603 370 603 364 604 365 604 371 604 364 605 371 605 370 605 372 606 365 606 364 606 373 607 370 607 371 607 365 608 360 608 366 608 365 609 366 609 371 609 372 610 360 610 365 610 373 611 371 611 366 611 374 612 375 612 380 612 381 613 375 613 374 613 375 614 376 614 380 614 381 615 376 615 375 615 376 616 377 616 380 616 381 617 377 617 376 617 377 618 378 618 380 618 381 619 378 619 377 619 378 620 379 620 380 620 381 621 379 621 378 621 379 622 374 622 380 622 381 623 374 623 379 623 382 624 383 624 389 624 382 625 389 625 388 625 394 626 383 626 382 626 395 627 388 627 389 627 383 628 384 628 390 628 383 629 390 629 389 629 394 630 384 630 383 630 395 631 389 631 390 631 384 632 385 632 391 632 384 633 391 633 390 633 394 634 385 634 384 634 395 635 390 635 391 635 385 636 386 636 392 636 385 637 392 637 391 637 394 638 386 638 385 638 395 639 391 639 392 639 386 640 387 640 393 640 386 641 393 641 392 641 394 642 387 642 386 642 395 643 392 643 393 643 387 644 382 644 388 644 387 645 388 645 393 645 394 646 382 646 387 646 395 647 393 647 388 647 396 648 397 648 402 648 403 649 397 649 396 649 397 650 398 650 402 650 403 651 398 651 397 651 398 652 399 652 402 652 403 653 399 653 398 653 399 654 400 654 402 654 403 655 400 655 399 655 400 656 401 656 402 656 403 657 401 657 400 657 401 658 396 658 402 658 403 659 396 659 401 659 404 660 405 660 411 660 404 661 411 661 410 661 416 662 405 662 404 662 417 663 410 663 411 663 405 664 406 664 412 664 405 665 412 665 411 665 416 666 406 666 405 666 417 667 411 667 412 667 406 668 407 668 413 668 406 669 413 669 412 669 416 670 407 670 406 670 417 671 412 671 413 671 407 672 408 672 414 672 407 673 414 673 413 673 416 674 408 674 407 674 417 675 413 675 414 675 408 676 409 676 415 676 408 677 415 677 414 677 416 678 409 678 408 678 417 679 414 679 415 679 409 680 404 680 410 680 409 681 410 681 415 681 416 682 404 682 409 682 417 683 415 683 410 683 418 684 419 684 424 684 425 685 419 685 418 685 419 686 420 686 424 686 425 687 420 687 419 687 420 688 421 688 424 688 425 689 421 689 420 689 421 690 422 690 424 690 425 691 422 691 421 691 422 692 423 692 424 692 425 693 423 693 422 693 423 694 418 694 424 694 425 695 418 695 423 695 426 696 427 696 433 696 426 697 433 697 432 697 438 698 427 698 426 698 439 699 432 699 433 699 427 700 428 700 434 700 427 701 434 701 433 701 438 702 428 702 427 702 439 703 433 703 434 703 428 704 429 704 435 704 428 705 435 705 434 705 438 706 429 706 428 706 439 707 434 707 435 707 429 708 430 708 436 708 429 709 436 709 435 709 438 710 430 710 429 710 439 711 435 711 436 711 430 712 431 712 437 712 430 713 437 713 436 713 438 714 431 714 430 714 439 715 436 715 437 715 431 716 426 716 432 716 431 717 432 717 437 717 438 718 426 718 431 718 439 719 437 719 432 719 440 720 441 720 446 720 447 721 441 721 440 721 441 722 442 722 446 722 447 723 442 723 441 723 442 724 443 724 446 724 447 725 443 725 442 725 443 726 444 726 446 726 447 727 444 727 443 727 444 728 445 728 446 728 447 729 445 729 444 729 445 730 440 730 446 730 447 731 440 731 445 731 448 732 449 732 455 732 448 733 455 733 454 733 460 734 449 734 448 734 461 735 454 735 455 735 449 736 450 736 456 736 449 737 456 737 455 737 460 738 450 738 449 738 461 739 455 739 456 739 450 740 451 740 457 740 450 741 457 741 456 741 460 742 451 742 450 742 461 743 456 743 457 743 451 744 452 744 458 744 451 745 458 745 457 745 460 746 452 746 451 746 461 747 457 747 458 747 452 748 453 748 459 748 452 749 459 749 458 749 460 750 453 750 452 750 461 751 458 751 459 751 453 752 448 752 454 752 453 753 454 753 459 753 460 754 448 754 453 754 461 755 459 755 454 755 462 756 463 756 468 756 469 757 463 757 462 757 463 758 464 758 468 758 469 759 464 759 463 759 464 760 465 760 468 760 469 761 465 761 464 761 465 762 466 762 468 762 469 763 466 763 465 763 466 764 467 764 468 764 469 765 467 765 466 765 467 766 462 766 468 766 469 767 462 767 467 767 470 768 471 768 477 768 470 769 477 769 476 769 482 770 471 770 470 770 483 771 476 771 477 771 471 772 472 772 478 772 471 773 478 773 477 773 482 774 472 774 471 774 483 775 477 775 478 775 472 776 473 776 479 776 472 777 479 777 478 777 482 778 473 778 472 778 483 779 478 779 479 779 473 780 474 780 480 780 473 781 480 781 479 781 482 782 474 782 473 782 483 783 479 783 480 783 474 784 475 784 481 784 474 785 481 785 480 785 482 786 475 786 474 786 483 787 480 787 481 787 475 788 470 788 476 788 475 789 476 789 481 789 482 790 470 790 475 790 483 791 481 791 476 791 484 792 485 792 490 792 491 793 485 793 484 793 485 794 486 794 490 794 491 795 486 795 485 795 486 796 487 796 490 796 491 797 487 797 486 797 487 798 488 798 490 798 491 799 488 799 487 799 488 800 489 800 490 800 491 801 489 801 488 801 489 802 484 802 490 802 491 803 484 803 489 803 492 804 493 804 499 804 492 805 499 805 498 805 504 806 493 806 492 806 505 807 498 807 499 807 493 808 494 808 500 808 493 809 500 809 499 809 504 810 494 810 493 810 505 811 499 811 500 811 494 812 495 812 501 812 494 813 501 813 500 813 504 814 495 814 494 814 505 815 500 815 501 815 495 816 496 816 502 816 495 817 502 817 501 817 504 818 496 818 495 818 505 819 501 819 502 819 496 820 497 820 503 820 496 821 503 821 502 821 504 822 497 822 496 822 505 823 502 823 503 823 497 824 492 824 498 824 497 825 498 825 503 825 504 826 492 826 497 826 505 827 503 827 498 827 506 828 507 828 512 828 513 829 507 829 506 829 507 830 508 830 512 830 513 831 508 831 507 831 508 832 509 832 512 832 513 833 509 833 508 833 509 834 510 834 512 834 513 835 510 835 509 835 510 836 511 836 512 836 513 837 511 837 510 837 511 838 506 838 512 838 513 839 506 839 511 839 514 840 515 840 521 840 514 841 521 841 520 841 526 842 515 842 514 842 527 843 520 843 521 843 515 844 516 844 522 844 515 845 522 845 521 845 526 846 516 846 515 846 527 847 521 847 522 847 516 848 517 848 523 848 516 849 523 849 522 849 526 850 517 850 516 850 527 851 522 851 523 851 517 852 518 852 524 852 517 853 524 853 523 853 526 854 518 854 517 854 527 855 523 855 524 855 518 856 519 856 525 856 518 857 525 857 524 857 526 858 519 858 518 858 527 859 524 859 525 859 519 860 514 860 520 860 519 861 520 861 525 861 526 862 514 862 519 862 527 863 525 863 520 863 528 864 529 864 534 864 535 865 529 865 528 865 529 866 530 866 534 866 535 867 530 867 529 867 530 868 531 868 534 868 535 869 531 869 530 869 531 870 532 870 534 870 535 871 532 871 531 871 532 872 533 872 534 872 535 873 533 873 532 873 533 874 528 874 534 874 535 875 528 875 533 875 536 876 537 876 543 876 536 877 543 877 542 877 548 878 537 878 536 878 549 879 542 879 543 879 537 880 538 880 544 880 537 881 544 881 543 881 548 882 538 882 537 882 549 883 543 883 544 883 538 884 539 884 545 884 538 885 545 885 544 885 548 886 539 886 538 886 549 887 544 887 545 887 539 888 540 888 546 888 539 889 546 889 545 889 548 890 540 890 539 890 549 891 545 891 546 891 540 892 541 892 547 892 540 893 547 893 546 893 548 894 541 894 540 894 549 895 546 895 547 895 541 896 536 896 542 896 541 897 542 897 547 897 548 898 536 898 541 898 549 899 547 899 542 899 550 900 551 900 556 900 557 901 551 901 550 901 551 902 552 902 556 902 557 903 552 903 551 903 552 904 553 904 556 904 557 905 553 905 552 905 553 906 554 906 556 906 557 907 554 907 553 907 554 908 555 908 556 908 557 909 555 909 554 909 555 910 550 910 556 910 557 911 550 911 555 911 558 912 559 912 565 912 558 913 565 913 564 913 570 914 559 914 558 914 571 915 564 915 565 915 559 916 560 916 566 916 559 917 566 917 565 917 570 918 560 918 559 918 571 919 565 919 566 919 560 920 561 920 567 920 560 921 567 921 566 921 570 922 561 922 560 922 571 923 566 923 567 923 561 924 562 924 568 924 561 925 568 925 567 925 570 926 562 926 561 926 571 927 567 927 568 927 562 928 563 928 569 928 562 929 569 929 568 929 570 930 563 930 562 930 571 931 568 931 569 931 563 932 558 932 564 932 563 933 564 933 569 933 570 934 558 934 563 934 571 935 569 935 564 935 572 936 573 936 578 936 579 937 573 937 572 937 573 938 574 938 578 938 579 939 574 939 573 939 574 940 575 940 578 940 579 941 575 941 574 941 575 942 576 942 578 942 579 943 576 943 575 943 576 944 577 944 578 944 579 945 577 945 576 945 577 946 572 946 578 946 579 947 572 947 577 947 580 948 581 948 587 948 580 949 587 949 586 949 592 950 581 950 580 950 593 951 586 951 587 951 581 952 582 952 588 952 581 953 588 953 587 953 592 954 582 954 581 954 593 955 587 955 588 955 582 956 583 956 589 956 582 957 589 957 588 957 592 958 583 958 582 958 593 959 588 959 589 959 583 960 584 960 590 960 583 961 590 961 589 961 592 962 584 962 583 962 593 963 589 963 590 963 584 964 585 964 591 964 584 965 591 965 590 965 592 966 585 966 584 966 593 967 590 967 591 967 585 968 580 968 586 968 585 969 586 969 591 969 592 970 580 970 585 970 593 971 591 971 586 971 594 972 595 972 600 972 601 973 595 973 594 973 595 974 596 974 600 974 601 975 596 975 595 975 596 976 597 976 600 976 601 977 597 977 596 977 597 978 598 978 600 978 601 979 598 979 597 979 598 980 599 980 600 980 601 981 599 981 598 981 599 982 594 982 600 982 601 983 594 983 599 983 602 984 603 984 609 984 602 985 609 985 608 985 614 986 603 986 602 986 615 987 608 987 609 987 603 988 604 988 610 988 603 989 610 989 609 989 614 990 604 990 603 990 615 991 609 991 610 991 604 992 605 992 611 992 604 993 611 993 610 993 614 994 605 994 604 994 615 995 610 995 611 995 605 996 606 996 612 996 605 997 612 997 611 997 614 998 606 998 605 998 615 999 611 999 612 999 606 1000 607 1000 613 1000 606 1001 613 1001 612 1001 614 1002 607 1002 606 1002 615 1003 612 1003 613 1003 607 1004 602 1004 608 1004 607 1005 608 1005 613 1005 614 1006 602 1006 607 1006 615 1007 613 1007 608 1007 616 1008 617 1008 622 1008 623 1009 617 1009 616 1009 617 1010 618 1010 622 1010 623 1011 618 1011 617 1011 618 1012 619 1012 622 1012 623 1013 619 1013 618 1013 619 1014 620 1014 622 1014 623 1015 620 1015 619 1015 620 1016 621 1016 622 1016 623 1017 621 1017 620 1017 621 1018 616 1018 622 1018 623 1019 616 1019 621 1019 624 1020 625 1020 631 1020 624 1021 631 1021 630 1021 636 1022 625 1022 624 1022 637 1023 630 1023 631 1023 625 1024 626 1024 632 1024 625 1025 632 1025 631 1025 636 1026 626 1026 625 1026 637 1027 631 1027 632 1027 626 1028 627 1028 633 1028 626 1029 633 1029 632 1029 636 1030 627 1030 626 1030 637 1031 632 1031 633 1031 627 1032 628 1032 634 1032 627 1033 634 1033 633 1033 636 1034 628 1034 627 1034 637 1035 633 1035 634 1035 628 1036 629 1036 635 1036 628 1037 635 1037 634 1037 636 1038 629 1038 628 1038 637 1039 634 1039 635 1039 629 1040 624 1040 630 1040 629 1041 630 1041 635 1041 636 1042 624 1042 629 1042 637 1043 635 1043 630 1043 638 1044 639 1044 644 1044 645 1045 639 1045 638 1045 639 1046 640 1046 644 1046 645 1047 640 1047 639 1047 640 1048 641 1048 644 1048 645 1049 641 1049 640 1049 641 1050 642 1050 644 1050 645 1051 642 1051 641 1051 642 1052 643 1052 644 1052 645 1053 643 1053 642 1053 643 1054 638 1054 644 1054 645 1055 638 1055 643 1055 646 1056 647 1056 653 1056 646 1057 653 1057 652 1057 658 1058 647 1058 646 1058 659 1059 652 1059 653 1059 647 1060 648 1060 654 1060 647 1061 654 1061 653 1061 658 1062 648 1062 647 1062 659 1063 653 1063 654 1063 648 1064 649 1064 655 1064 648 1065 655 1065 654 1065 658 1066 649 1066 648 1066 659 1067 654 1067 655 1067 649 1068 650 1068 656 1068 649 1069 656 1069 655 1069 658 1070 650 1070 649 1070 659 1071 655 1071 656 1071 650 1072 651 1072 657 1072 650 1073 657 1073 656 1073 658 1074 651 1074 650 1074 659 1075 656 1075 657 1075 651 1076 646 1076 652 1076 651 1077 652 1077 657 1077 658 1078 646 1078 651 1078 659 1079 657 1079 652 1079 660 1080 661 1080 666 1080 667 1081 661 1081 660 1081 661 1082 662 1082 666 1082 667 1083 662 1083 661 1083 662 1084 663 1084 666 1084 667 1085 663 1085 662 1085 663 1086 664 1086 666 1086 667 1087 664 1087 663 1087 664 1088 665 1088 666 1088 667 1089 665 1089 664 1089 665 1090 660 1090 666 1090 667 1091 660 1091 665 1091 668 1092 669 1092 675 1092 668 1093 675 1093 674 1093 680 1094 669 1094 668 1094 681 1095 674 1095 675 1095 669 1096 670 1096 676 1096 669 1097 676 1097 675 1097 680 1098 670 1098 669 1098 681 1099 675 1099 676 1099 670 1100 671 1100 677 1100 670 1101 677 1101 676 1101 680 1102 671 1102 670 1102 681 1103 676 1103 677 1103 671 1104 672 1104 678 1104 671 1105 678 1105 677 1105 680 1106 672 1106 671 1106 681 1107 677 1107 678 1107 672 1108 673 1108 679 1108 672 1109 679 1109 678 1109 680 1110 673 1110 672 1110 681 1111 678 1111 679 1111 673 1112 668 1112 674 1112 673 1113 674 1113 679 1113 680 1114 668 1114 673 1114 681 1115 679 1115 674 1115 682 1116 683 1116 688 1116 689 1117 683 1117 682 1117 683 1118 684 1118 688 1118 689 1119 684 1119 683 1119 684 1120 685 1120 688 1120 689 1121 685 1121 684 1121 685 1122 686 1122 688 1122 689 1123 686 1123 685 1123 686 1124 687 1124 688 1124 689 1125 687 1125 686 1125 687 1126 682 1126 688 1126 689 1127 682 1127 687 1127 690 1128 691 1128 697 1128 690 1129 697 1129 696 1129 702 1130 691 1130 690 1130 703 1131 696 1131 697 1131 691 1132 692 1132 698 1132 691 1133 698 1133 697 1133 702 1134 692 1134 691 1134 703 1135 697 1135 698 1135 692 1136 693 1136 699 1136 692 1137 699 1137 698 1137 702 1138 693 1138 692 1138 703 1139 698 1139 699 1139 693 1140 694 1140 700 1140 693 1141 700 1141 699 1141 702 1142 694 1142 693 1142 703 1143 699 1143 700 1143 694 1144 695 1144 701 1144 694 1145 701 1145 700 1145 702 1146 695 1146 694 1146 703 1147 700 1147 701 1147 695 1148 690 1148 696 1148 695 1149 696 1149 701 1149 702 1150 690 1150 695 1150 703 1151 701 1151 696 1151 704 1152 705 1152 710 1152 711 1153 705 1153 704 1153 705 1154 706 1154 710 1154 711 1155 706 1155 705 1155 706 1156 707 1156 710 1156 711 1157 707 1157 706 1157 707 1158 708 1158 710 1158 711 1159 708 1159 707 1159 708 1160 709 1160 710 1160 711 1161 709 1161 708 1161 709 1162 704 1162 710 1162 711 1163 704 1163 709 1163 712 1164 713 1164 719 1164 712 1165 719 1165 718 1165 724 1166 713 1166 712 1166 725 1167 718 1167 719 1167 713 1168 714 1168 720 1168 713 1169 720 1169 719 1169 724 1170 714 1170 713 1170 725 1171 719 1171 720 1171 714 1172 715 1172 721 1172 714 1173 721 1173 720 1173 724 1174 715 1174 714 1174 725 1175 720 1175 721 1175 715 1176 716 1176 722 1176 715 1177 722 1177 721 1177 724 1178 716 1178 715 1178 725 1179 721 1179 722 1179 716 1180 717 1180 723 1180 716 1181 723 1181 722 1181 724 1182 717 1182 716 1182 725 1183 722 1183 723 1183 717 1184 712 1184 718 1184 717 1185 718 1185 723 1185 724 1186 712 1186 717 1186 725 1187 723 1187 718 1187 726 1188 727 1188 732 1188 733 1189 727 1189 726 1189 727 1190 728 1190 732 1190 733 1191 728 1191 727 1191 728 1192 729 1192 732 1192 733 1193 729 1193 728 1193 729 1194 730 1194 732 1194 733 1195 730 1195 729 1195 730 1196 731 1196 732 1196 733 1197 731 1197 730 1197 731 1198 726 1198 732 1198 733 1199 726 1199 731 1199 734 1200 735 1200 741 1200 734 1201 741 1201 740 1201 746 1202 735 1202 734 1202 747 1203 740 1203 741 1203 735 1204 736 1204 742 1204 735 1205 742 1205 741 1205 746 1206 736 1206 735 1206 747 1207 741 1207 742 1207 736 1208 737 1208 743 1208 736 1209 743 1209 742 1209 746 1210 737 1210 736 1210 747 1211 742 1211 743 1211 737 1212 738 1212 744 1212 737 1213 744 1213 743 1213 746 1214 738 1214 737 1214 747 1215 743 1215 744 1215 738 1216 739 1216 745 1216 738 1217 745 1217 744 1217 746 1218 739 1218 738 1218 747 1219 744 1219 745 1219 739 1220 734 1220 740 1220 739 1221 740 1221 745 1221 746 1222 734 1222 739 1222 747 1223 745 1223 740 1223 748 1224 749 1224 754 1224 755 1225 749 1225 748 1225 749 1226 750 1226 754 1226 755 1227 750 1227 749 1227 750 1228 751 1228 754 1228 755 1229 751 1229 750 1229 751 1230 752 1230 754 1230 755 1231 752 1231 751 1231 752 1232 753 1232 754 1232 755 1233 753 1233 752 1233 753 1234 748 1234 754 1234 755 1235 748 1235 753 1235 756 1236 757 1236 763 1236 756 1237 763 1237 762 1237 768 1238 757 1238 756 1238 769 1239 762 1239 763 1239 757 1240 758 1240 764 1240 757 1241 764 1241 763 1241 768 1242 758 1242 757 1242 769 1243 763 1243 764 1243 758 1244 759 1244 765 1244 758 1245 765 1245 764 1245 768 1246 759 1246 758 1246 769 1247 764 1247 765 1247 759 1248 760 1248 766 1248 759 1249 766 1249 765 1249 768 1250 760 1250 759 1250 769 1251 765 1251 766 1251 760 1252 761 1252 767 1252 760 1253 767 1253 766 1253 768 1254 761 1254 760 1254 769 1255 766 1255 767 1255 761 1256 756 1256 762 1256 761 1257 762 1257 767 1257 768 1258 756 1258 761 1258 769 1259 767 1259 762 1259 770 1260 771 1260 776 1260 777 1261 771 1261 770 1261 771 1262 772 1262 776 1262 777 1263 772 1263 771 1263 772 1264 773 1264 776 1264 777 1265 773 1265 772 1265 773 1266 774 1266 776 1266 777 1267 774 1267 773 1267 774 1268 775 1268 776 1268 777 1269 775 1269 774 1269 775 1270 770 1270 776 1270 777 1271 770 1271 775 1271 778 1272 779 1272 785 1272 778 1273 785 1273 784 1273 790 1274 779 1274 778 1274 791 1275 784 1275 785 1275 779 1276 780 1276 786 1276 779 1277 786 1277 785 1277 790 1278 780 1278 779 1278 791 1279 785 1279 786 1279 780 1280 781 1280 787 1280 780 1281 787 1281 786 1281 790 1282 781 1282 780 1282 791 1283 786 1283 787 1283 781 1284 782 1284 788 1284 781 1285 788 1285 787 1285 790 1286 782 1286 781 1286 791 1287 787 1287 788 1287 782 1288 783 1288 789 1288 782 1289 789 1289 788 1289 790 1290 783 1290 782 1290 791 1291 788 1291 789 1291 783 1292 778 1292 784 1292 783 1293 784 1293 789 1293 790 1294 778 1294 783 1294 791 1295 789 1295 784 1295 792 1296 793 1296 798 1296 799 1297 793 1297 792 1297 793 1298 794 1298 798 1298 799 1299 794 1299 793 1299 794 1300 795 1300 798 1300 799 1301 795 1301 794 1301 795 1302 796 1302 798 1302 799 1303 796 1303 795 1303 796 1304 797 1304 798 1304 799 1305 797 1305 796 1305 797 1306 792 1306 798 1306 799 1307 792 1307 797 1307 800 1308 801 1308 807 1308 800 1309 807 1309 806 1309 812 1310 801 1310 800 1310 813 1311 806 1311 807 1311 801 1312 802 1312 808 1312 801 1313 808 1313 807 1313 812 1314 802 1314 801 1314 813 1315 807 1315 808 1315 802 1316 803 1316 809 1316 802 1317 809 1317 808 1317 812 1318 803 1318 802 1318 813 1319 808 1319 809 1319 803 1320 804 1320 810 1320 803 1321 810 1321 809 1321 812 1322 804 1322 803 1322 813 1323 809 1323 810 1323 804 1324 805 1324 811 1324 804 1325 811 1325 810 1325 812 1326 805 1326 804 1326 813 1327 810 1327 811 1327 805 1328 800 1328 806 1328 805 1329 806 1329 811 1329 812 1330 800 1330 805 1330 813 1331 811 1331 806 1331 814 1332 815 1332 820 1332 821 1333 815 1333 814 1333 815 1334 816 1334 820 1334 821 1335 816 1335 815 1335 816 1336 817 1336 820 1336 821 1337 817 1337 816 1337 817 1338 818 1338 820 1338 821 1339 818 1339 817 1339 818 1340 819 1340 820 1340 821 1341 819 1341 818 1341 819 1342 814 1342 820 1342 821 1343 814 1343 819 1343 822 1344 823 1344 829 1344 822 1345 829 1345 828 1345 834 1346 823 1346 822 1346 835 1347 828 1347 829 1347 823 1348 824 1348 830 1348 823 1349 830 1349 829 1349 834 1350 824 1350 823 1350 835 1351 829 1351 830 1351 824 1352 825 1352 831 1352 824 1353 831 1353 830 1353 834 1354 825 1354 824 1354 835 1355 830 1355 831 1355 825 1356 826 1356 832 1356 825 1357 832 1357 831 1357 834 1358 826 1358 825 1358 835 1359 831 1359 832 1359 826 1360 827 1360 833 1360 826 1361 833 1361 832 1361 834 1362 827 1362 826 1362 835 1363 832 1363 833 1363 827 1364 822 1364 828 1364 827 1365 828 1365 833 1365 834 1366 822 1366 827 1366 835 1367 833 1367 828 1367 836 1368 837 1368 842 1368 843 1369 837 1369 836 1369 837 1370 838 1370 842 1370 843 1371 838 1371 837 1371 838 1372 839 1372 842 1372 843 1373 839 1373 838 1373 839 1374 840 1374 842 1374 843 1375 840 1375 839 1375 840 1376 841 1376 842 1376 843 1377 841 1377 840 1377 841 1378 836 1378 842 1378 843 1379 836 1379 841 1379 844 1380 845 1380 851 1380 844 1381 851 1381 850 1381 856 1382 845 1382 844 1382 857 1383 850 1383 851 1383 845 1384 846 1384 852 1384 845 1385 852 1385 851 1385 856 1386 846 1386 845 1386 857 1387 851 1387 852 1387 846 1388 847 1388 853 1388 846 1389 853 1389 852 1389 856 1390 847 1390 846 1390 857 1391 852 1391 853 1391 847 1392 848 1392 854 1392 847 1393 854 1393 853 1393 856 1394 848 1394 847 1394 857 1395 853 1395 854 1395 848 1396 849 1396 855 1396 848 1397 855 1397 854 1397 856 1398 849 1398 848 1398 857 1399 854 1399 855 1399 849 1400 844 1400 850 1400 849 1401 850 1401 855 1401 856 1402 844 1402 849 1402 857 1403 855 1403 850 1403 858 1404 859 1404 864 1404 865 1405 859 1405 858 1405 859 1406 860 1406 864 1406 865 1407 860 1407 859 1407 860 1408 861 1408 864 1408 865 1409 861 1409 860 1409 861 1410 862 1410 864 1410 865 1411 862 1411 861 1411 862 1412 863 1412 864 1412 865 1413 863 1413 862 1413 863 1414 858 1414 864 1414 865 1415 858 1415 863 1415 866 1416 867 1416 873 1416 866 1417 873 1417 872 1417 878 1418 867 1418 866 1418 879 1419 872 1419 873 1419 867 1420 868 1420 874 1420 867 1421 874 1421 873 1421 878 1422 868 1422 867 1422 879 1423 873 1423 874 1423 868 1424 869 1424 875 1424 868 1425 875 1425 874 1425 878 1426 869 1426 868 1426 879 1427 874 1427 875 1427 869 1428 870 1428 876 1428 869 1429 876 1429 875 1429 878 1430 870 1430 869 1430 879 1431 875 1431 876 1431 870 1432 871 1432 877 1432 870 1433 877 1433 876 1433 878 1434 871 1434 870 1434 879 1435 876 1435 877 1435 871 1436 866 1436 872 1436 871 1437 872 1437 877 1437 878 1438 866 1438 871 1438 879 1439 877 1439 872 1439 880 1440 881 1440 886 1440 887 1441 881 1441 880 1441 881 1442 882 1442 886 1442 887 1443 882 1443 881 1443 882 1444 883 1444 886 1444 887 1445 883 1445 882 1445 883 1446 884 1446 886 1446 887 1447 884 1447 883 1447 884 1448 885 1448 886 1448 887 1449 885 1449 884 1449 885 1450 880 1450 886 1450 887 1451 880 1451 885 1451 888 1452 889 1452 895 1452 888 1453 895 1453 894 1453 900 1454 889 1454 888 1454 901 1455 894 1455 895 1455 889 1456 890 1456 896 1456 889 1457 896 1457 895 1457 900 1458 890 1458 889 1458 901 1459 895 1459 896 1459 890 1460 891 1460 897 1460 890 1461 897 1461 896 1461 900 1462 891 1462 890 1462 901 1463 896 1463 897 1463 891 1464 892 1464 898 1464 891 1465 898 1465 897 1465 900 1466 892 1466 891 1466 901 1467 897 1467 898 1467 892 1468 893 1468 899 1468 892 1469 899 1469 898 1469 900 1470 893 1470 892 1470 901 1471 898 1471 899 1471 893 1472 888 1472 894 1472 893 1473 894 1473 899 1473 900 1474 888 1474 893 1474 901 1475 899 1475 894 1475 902 1476 903 1476 908 1476 909 1477 903 1477 902 1477 903 1478 904 1478 908 1478 909 1479 904 1479 903 1479 904 1480 905 1480 908 1480 909 1481 905 1481 904 1481 905 1482 906 1482 908 1482 909 1483 906 1483 905 1483 906 1484 907 1484 908 1484 909 1485 907 1485 906 1485 907 1486 902 1486 908 1486 909 1487 902 1487 907 1487 910 1488 911 1488 917 1488 910 1489 917 1489 916 1489 922 1490 911 1490 910 1490 923 1491 916 1491 917 1491 911 1492 912 1492 918 1492 911 1493 918 1493 917 1493 922 1494 912 1494 911 1494 923 1495 917 1495 918 1495 912 1496 913 1496 919 1496 912 1497 919 1497 918 1497 922 1498 913 1498 912 1498 923 1499 918 1499 919 1499 913 1500 914 1500 920 1500 913 1501 920 1501 919 1501 922 1502 914 1502 913 1502 923 1503 919 1503 920 1503 914 1504 915 1504 921 1504 914 1505 921 1505 920 1505 922 1506 915 1506 914 1506 923 1507 920 1507 921 1507 915 1508 910 1508 916 1508 915 1509 916 1509 921 1509 922 1510 910 1510 915 1510 923 1511 921 1511 916 1511 924 1512 925 1512 930 1512 931 1513 925 1513 924 1513 925 1514 926 1514 930 1514 931 1515 926 1515 925 1515 926 1516 927 1516 930 1516 931 1517 927 1517 926 1517 927 1518 928 1518 930 1518 931 1519 928 1519 927 1519 928 1520 929 1520 930 1520 931 1521 929 1521 928 1521 929 1522 924 1522 930 1522 931 1523 924 1523 929 1523 932 1524 933 1524 939 1524 932 1525 939 1525 938 1525 944 1526 933 1526 932 1526 945 1527 938 1527 939 1527 933 1528 934 1528 940 1528 933 1529 940 1529 939 1529 944 1530 934 1530 933 1530 945 1531 939 1531 940 1531 934 1532 935 1532 941 1532 934 1533 941 1533 940 1533 944 1534 935 1534 934 1534 945 1535 940 1535 941 1535 935 1536 936 1536 942 1536 935 1537 942 1537 941 1537 944 1538 936 1538 935 1538 945 1539 941 1539 942 1539 936 1540 937 1540 943 1540 936 1541 943 1541 942 1541 944 1542 937 1542 936 1542 945 1543 942 1543 943 1543 937 1544 932 1544 938 1544 937 1545 938 1545 943 1545 944 1546 932 1546 937 1546 945 1547 943 1547 938 1547 946 1548 947 1548 952 1548 953 1549 947 1549 946 1549 947 1550 948 1550 952 1550 953 1551 948 1551 947 1551 948 1552 949 1552 952 1552 953 1553 949 1553 948 1553 949 1554 950 1554 952 1554 953 1555 950 1555 949 1555 950 1556 951 1556 952 1556 953 1557 951 1557 950 1557 951 1558 946 1558 952 1558 953 1559 946 1559 951 1559 954 1560 955 1560 961 1560 954 1561 961 1561 960 1561 966 1562 955 1562 954 1562 967 1563 960 1563 961 1563 955 1564 956 1564 962 1564 955 1565 962 1565 961 1565 966 1566 956 1566 955 1566 967 1567 961 1567 962 1567 956 1568 957 1568 963 1568 956 1569 963 1569 962 1569 966 1570 957 1570 956 1570 967 1571 962 1571 963 1571 957 1572 958 1572 964 1572 957 1573 964 1573 963 1573 966 1574 958 1574 957 1574 967 1575 963 1575 964 1575 958 1576 959 1576 965 1576 958 1577 965 1577 964 1577 966 1578 959 1578 958 1578 967 1579 964 1579 965 1579 959 1580 954 1580 960 1580 959 1581 960 1581 965 1581 966 1582 954 1582 959 1582 967 1583 965 1583 960 1583 968 1584 969 1584 974 1584 975 1585 969 1585 968 1585 969 1586 970 1586 974 1586 975 1587 970 1587 969 1587 970 1588 971 1588 974 1588 975 1589 971 1589 970 1589 971 1590 972 1590 974 1590 975 1591 972 1591 971 1591 972 1592 973 1592 974 1592 975 1593 973 1593 972 1593 973 1594 968 1594 974 1594 975 1595 968 1595 973 1595 976 1596 977 1596 983 1596 976 1597 983 1597 982 1597 988 1598 977 1598 976 1598 989 1599 982 1599 983 1599 977 1600 978 1600 984 1600 977 1601 984 1601 983 1601 988 1602 978 1602 977 1602 989 1603 983 1603 984 1603 978 1604 979 1604 985 1604 978 1605 985 1605 984 1605 988 1606 979 1606 978 1606 989 1607 984 1607 985 1607 979 1608 980 1608 986 1608 979 1609 986 1609 985 1609 988 1610 980 1610 979 1610 989 1611 985 1611 986 1611 980 1612 981 1612 987 1612 980 1613 987 1613 986 1613 988 1614 981 1614 980 1614 989 1615 986 1615 987 1615 981 1616 976 1616 982 1616 981 1617 982 1617 987 1617 988 1618 976 1618 981 1618 989 1619 987 1619 982 1619 990 1620 991 1620 996 1620 997 1621 991 1621 990 1621 991 1622 992 1622 996 1622 997 1623 992 1623 991 1623 992 1624 993 1624 996 1624 997 1625 993 1625 992 1625 993 1626 994 1626 996 1626 997 1627 994 1627 993 1627 994 1628 995 1628 996 1628 997 1629 995 1629 994 1629 995 1630 990 1630 996 1630 997 1631 990 1631 995 1631 998 1632 999 1632 1005 1632 998 1633 1005 1633 1004 1633 1010 1634 999 1634 998 1634 1011 1635 1004 1635 1005 1635 999 1636 1000 1636 1006 1636 999 1637 1006 1637 1005 1637 1010 1638 1000 1638 999 1638 1011 1639 1005 1639 1006 1639 1000 1640 1001 1640 1007 1640 1000 1641 1007 1641 1006 1641 1010 1642 1001 1642 1000 1642 1011 1643 1006 1643 1007 1643 1001 1644 1002 1644 1008 1644 1001 1645 1008 1645 1007 1645 1010 1646 1002 1646 1001 1646 1011 1647 1007 1647 1008 1647 1002 1648 1003 1648 1009 1648 1002 1649 1009 1649 1008 1649 1010 1650 1003 1650 1002 1650 1011 1651 1008 1651 1009 1651 1003 1652 998 1652 1004 1652 1003 1653 1004 1653 1009 1653 1010 1654 998 1654 1003 1654 1011 1655 1009 1655 1004 1655 1012 1656 1013 1656 1018 1656 1019 1657 1013 1657 1012 1657 1013 1658 1014 1658 1018 1658 1019 1659 1014 1659 1013 1659 1014 1660 1015 1660 1018 1660 1019 1661 1015 1661 1014 1661 1015 1662 1016 1662 1018 1662 1019 1663 1016 1663 1015 1663 1016 1664 1017 1664 1018 1664 1019 1665 1017 1665 1016 1665 1017 1666 1012 1666 1018 1666 1019 1667 1012 1667 1017 1667 1020 1668 1021 1668 1027 1668 1020 1669 1027 1669 1026 1669 1032 1670 1021 1670 1020 1670 1033 1671 1026 1671 1027 1671 1021 1672 1022 1672 1028 1672 1021 1673 1028 1673 1027 1673 1032 1674 1022 1674 1021 1674 1033 1675 1027 1675 1028 1675 1022 1676 1023 1676 1029 1676 1022 1677 1029 1677 1028 1677 1032 1678 1023 1678 1022 1678 1033 1679 1028 1679 1029 1679 1023 1680 1024 1680 1030 1680 1023 1681 1030 1681 1029 1681 1032 1682 1024 1682 1023 1682 1033 1683 1029 1683 1030 1683 1024 1684 1025 1684 1031 1684 1024 1685 1031 1685 1030 1685 1032 1686 1025 1686 1024 1686 1033 1687 1030 1687 1031 1687 1025 1688 1020 1688 1026 1688 1025 1689 1026 1689 1031 1689 1032 1690 1020 1690 1025 1690 1033 1691 1031 1691 1026 1691 1034 1692 1035 1692 1040 1692 1041 1693 1035 1693 1034 1693 1035 1694 1036 1694 1040 1694 1041 1695 1036 1695 1035 1695 1036 1696 1037 1696 1040 1696 1041 1697 1037 1697 1036 1697 1037 1698 1038 1698 1040 1698 1041 1699 1038 1699 1037 1699 1038 1700 1039 1700 1040 1700 1041 1701 1039 1701 1038 1701 1039 1702 1034 1702 1040 1702 1041 1703 1034 1703 1039 1703 1042 1704 1043 1704 1049 1704 1042 1705 1049 1705 1048 1705 1054 1706 1043 1706 1042 1706 1055 1707 1048 1707 1049 1707 1043 1708 1044 1708 1050 1708 1043 1709 1050 1709 1049 1709 1054 1710 1044 1710 1043 1710 1055 1711 1049 1711 1050 1711 1044 1712 1045 1712 1051 1712 1044 1713 1051 1713 1050 1713 1054 1714 1045 1714 1044 1714 1055 1715 1050 1715 1051 1715 1045 1716 1046 1716 1052 1716 1045 1717 1052 1717 1051 1717 1054 1718 1046 1718 1045 1718 1055 1719 1051 1719 1052 1719 1046 1720 1047 1720 1053 1720 1046 1721 1053 1721 1052 1721 1054 1722 1047 1722 1046 1722 1055 1723 1052 1723 1053 1723 1047 1724 1042 1724 1048 1724 1047 1725 1048 1725 1053 1725 1054 1726 1042 1726 1047 1726 1055 1727 1053 1727 1048 1727 1056 1728 1057 1728 1062 1728 1063 1729 1057 1729 1056 1729 1057 1730 1058 1730 1062 1730 1063 1731 1058 1731 1057 1731 1058 1732 1059 1732 1062 1732 1063 1733 1059 1733 1058 1733 1059 1734 1060 1734 1062 1734 1063 1735 1060 1735 1059 1735 1060 1736 1061 1736 1062 1736 1063 1737 1061 1737 1060 1737 1061 1738 1056 1738 1062 1738 1063 1739 1056 1739 1061 1739 1064 1740 1065 1740 1071 1740 1064 1741 1071 1741 1070 1741 1076 1742 1065 1742 1064 1742 1077 1743 1070 1743 1071 1743 1065 1744 1066 1744 1072 1744 1065 1745 1072 1745 1071 1745 1076 1746 1066 1746 1065 1746 1077 1747 1071 1747 1072 1747 1066 1748 1067 1748 1073 1748 1066 1749 1073 1749 1072 1749 1076 1750 1067 1750 1066 1750 1077 1751 1072 1751 1073 1751 1067 1752 1068 1752 1074 1752 1067 1753 1074 1753 1073 1753 1076 1754 1068 1754 1067 1754 1077 1755 1073 1755 1074 1755 1068 1756 1069 1756 1075 1756 1068 1757 1075 1757 1074 1757 1076 1758 1069 1758 1068 1758 1077 1759 1074 1759 1075 1759 1069 1760 1064 1760 1070 1760 1069 1761 1070 1761 1075 1761 1076 1762 1064 1762 1069 1762 1077 1763 1075 1763 1070 1763 1078 1764 1079 1764 1084 1764 1085 1765 1079 1765 1078 1765 1079 1766 1080 1766 1084 1766 1085 1767 1080 1767 1079 1767 1080 1768 1081 1768 1084 1768 1085 1769 1081 1769 1080 1769 1081 1770 1082 1770 1084 1770 1085 1771 1082 1771 1081 1771 1082 1772 1083 1772 1084 1772 1085 1773 1083 1773 1082 1773 1083 1774 1078 1774 1084 1774 1085 1775 1078 1775 1083 1775 1086 1776 1087 1776 1093 1776 1086 1777 1093 1777 1092 1777 1098 1778 1087 1778 1086 1778 1099 1779 1092 1779 1093 1779 1087 1780 1088 1780 1094 1780 1087 1781 1094 1781 1093 1781 1098 1782 1088 1782 1087 1782 1099 1783 1093 1783 1094 1783 1088 1784 1089 1784 1095 1784 1088 1785 1095 1785 1094 1785 1098 1786 1089 1786 1088 1786 1099 1787 1094 1787 1095 1787 1089 1788 1090 1788 1096 1788 1089 1789 1096 1789 1095 1789 1098 1790 1090 1790 1089 1790 1099 1791 1095 1791 1096 1791 1090 1792 1091 1792 1097 1792 1090 1793 1097 1793 1096 1793 1098 1794 1091 1794 1090 1794 1099 1795 1096 1795 1097 1795 1091 1796 1086 1796 1092 1796 1091 1797 1092 1797 1097 1797 1098 1798 1086 1798 1091 1798 1099 1799 1097 1799 1092 1799 1100 1800 1101 1800 1106 1800 1107 1801 1101 1801 1100 1801 1101 1802 1102 1802 1106 1802 1107 1803 1102 1803 1101 1803 1102 1804 1103 1804 1106 1804 1107 1805 1103 1805 1102 1805 1103 1806 1104 1806 1106 1806 1107 1807 1104 1807 1103 1807 1104 1808 1105 1808 1106 1808 1107 1809 1105 1809 1104 1809 1105 1810 1100 1810 1106 1810 1107 1811 1100 1811 1105 1811 1108 1812 1109 1812 1115 1812 1108 1813 1115 1813 1114 1813 1120 1814 1109 1814 1108 1814 1121 1815 1114 1815 1115 1815 1109 1816 1110 1816 1116 1816 1109 1817 1116 1817 1115 1817 1120 1818 1110 1818 1109 1818 1121 1819 1115 1819 1116 1819 1110 1820 1111 1820 1117 1820 1110 1821 1117 1821 1116 1821 1120 1822 1111 1822 1110 1822 1121 1823 1116 1823 1117 1823 1111 1824 1112 1824 1118 1824 1111 1825 1118 1825 1117 1825 1120 1826 1112 1826 1111 1826 1121 1827 1117 1827 1118 1827 1112 1828 1113 1828 1119 1828 1112 1829 1119 1829 1118 1829 1120 1830 1113 1830 1112 1830 1121 1831 1118 1831 1119 1831 1113 1832 1108 1832 1114 1832 1113 1833 1114 1833 1119 1833 1120 1834 1108 1834 1113 1834 1121 1835 1119 1835 1114 1835 1122 1836 1123 1836 1128 1836 1129 1837 1123 1837 1122 1837 1123 1838 1124 1838 1128 1838 1129 1839 1124 1839 1123 1839 1124 1840 1125 1840 1128 1840 1129 1841 1125 1841 1124 1841 1125 1842 1126 1842 1128 1842 1129 1843 1126 1843 1125 1843 1126 1844 1127 1844 1128 1844 1129 1845 1127 1845 1126 1845 1127 1846 1122 1846 1128 1846 1129 1847 1122 1847 1127 1847 1130 1848 1131 1848 1137 1848 1130 1849 1137 1849 1136 1849 1142 1850 1131 1850 1130 1850 1143 1851 1136 1851 1137 1851 1131 1852 1132 1852 1138 1852 1131 1853 1138 1853 1137 1853 1142 1854 1132 1854 1131 1854 1143 1855 1137 1855 1138 1855 1132 1856 1133 1856 1139 1856 1132 1857 1139 1857 1138 1857 1142 1858 1133 1858 1132 1858 1143 1859 1138 1859 1139 1859 1133 1860 1134 1860 1140 1860 1133 1861 1140 1861 1139 1861 1142 1862 1134 1862 1133 1862 1143 1863 1139 1863 1140 1863 1134 1864 1135 1864 1141 1864 1134 1865 1141 1865 1140 1865 1142 1866 1135 1866 1134 1866 1143 1867 1140 1867 1141 1867 1135 1868 1130 1868 1136 1868 1135 1869 1136 1869 1141 1869 1142 1870 1130 1870 1135 1870 1143 1871 1141 1871 1136 1871 1144 1872 1145 1872 1150 1872 1151 1873 1145 1873 1144 1873 1145 1874 1146 1874 1150 1874 1151 1875 1146 1875 1145 1875 1146 1876 1147 1876 1150 1876 1151 1877 1147 1877 1146 1877 1147 1878 1148 1878 1150 1878 1151 1879 1148 1879 1147 1879 1148 1880 1149 1880 1150 1880 1151 1881 1149 1881 1148 1881 1149 1882 1144 1882 1150 1882 1151 1883 1144 1883 1149 1883 1152 1884 1153 1884 1159 1884 1152 1885 1159 1885 1158 1885 1164 1886 1153 1886 1152 1886 1165 1887 1158 1887 1159 1887 1153 1888 1154 1888 1160 1888 1153 1889 1160 1889 1159 1889 1164 1890 1154 1890 1153 1890 1165 1891 1159 1891 1160 1891 1154 1892 1155 1892 1161 1892 1154 1893 1161 1893 1160 1893 1164 1894 1155 1894 1154 1894 1165 1895 1160 1895 1161 1895 1155 1896 1156 1896 1162 1896 1155 1897 1162 1897 1161 1897 1164 1898 1156 1898 1155 1898 1165 1899 1161 1899 1162 1899 1156 1900 1157 1900 1163 1900 1156 1901 1163 1901 1162 1901 1164 1902 1157 1902 1156 1902 1165 1903 1162 1903 1163 1903 1157 1904 1152 1904 1158 1904 1157 1905 1158 1905 1163 1905 1164 1906 1152 1906 1157 1906 1165 1907 1163 1907 1158 1907 1166 1908 1167 1908 1172 1908 1173 1909 1167 1909 1166 1909 1167 1910 1168 1910 1172 1910 1173 1911 1168 1911 1167 1911 1168 1912 1169 1912 1172 1912 1173 1913 1169 1913 1168 1913 1169 1914 1170 1914 1172 1914 1173 1915 1170 1915 1169 1915 1170 1916 1171 1916 1172 1916 1173 1917 1171 1917 1170 1917 1171 1918 1166 1918 1172 1918 1173 1919 1166 1919 1171 1919 1174 1920 1175 1920 1181 1920 1174 1921 1181 1921 1180 1921 1186 1922 1175 1922 1174 1922 1187 1923 1180 1923 1181 1923 1175 1924 1176 1924 1182 1924 1175 1925 1182 1925 1181 1925 1186 1926 1176 1926 1175 1926 1187 1927 1181 1927 1182 1927 1176 1928 1177 1928 1183 1928 1176 1929 1183 1929 1182 1929 1186 1930 1177 1930 1176 1930 1187 1931 1182 1931 1183 1931 1177 1932 1178 1932 1184 1932 1177 1933 1184 1933 1183 1933 1186 1934 1178 1934 1177 1934 1187 1935 1183 1935 1184 1935 1178 1936 1179 1936 1185 1936 1178 1937 1185 1937 1184 1937 1186 1938 1179 1938 1178 1938 1187 1939 1184 1939 1185 1939 1179 1940 1174 1940 1180 1940 1179 1941 1180 1941 1185 1941 1186 1942 1174 1942 1179 1942 1187 1943 1185 1943 1180 1943 1188 1944 1189 1944 1194 1944 1195 1945 1189 1945 1188 1945 1189 1946 1190 1946 1194 1946 1195 1947 1190 1947 1189 1947 1190 1948 1191 1948 1194 1948 1195 1949 1191 1949 1190 1949 1191 1950 1192 1950 1194 1950 1195 1951 1192 1951 1191 1951 1192 1952 1193 1952 1194 1952 1195 1953 1193 1953 1192 1953 1193 1954 1188 1954 1194 1954 1195 1955 1188 1955 1193 1955 1196 1956 1197 1956 1203 1956 1196 1957 1203 1957 1202 1957 1208 1958 1197 1958 1196 1958 1209 1959 1202 1959 1203 1959 1197 1960 1198 1960 1204 1960 1197 1961 1204 1961 1203 1961 1208 1962 1198 1962 1197 1962 1209 1963 1203 1963 1204 1963 1198 1964 1199 1964 1205 1964 1198 1965 1205 1965 1204 1965 1208 1966 1199 1966 1198 1966 1209 1967 1204 1967 1205 1967 1199 1968 1200 1968 1206 1968 1199 1969 1206 1969 1205 1969 1208 1970 1200 1970 1199 1970 1209 1971 1205 1971 1206 1971 1200 1972 1201 1972 1207 1972 1200 1973 1207 1973 1206 1973 1208 1974 1201 1974 1200 1974 1209 1975 1206 1975 1207 1975 1201 1976 1196 1976 1202 1976 1201 1977 1202 1977 1207 1977 1208 1978 1196 1978 1201 1978 1209 1979 1207 1979 1202 1979 1210 1980 1211 1980 1216 1980 1217 1981 1211 1981 1210 1981 1211 1982 1212 1982 1216 1982 1217 1983 1212 1983 1211 1983 1212 1984 1213 1984 1216 1984 1217 1985 1213 1985 1212 1985 1213 1986 1214 1986 1216 1986 1217 1987 1214 1987 1213 1987 1214 1988 1215 1988 1216 1988 1217 1989 1215 1989 1214 1989 1215 1990 1210 1990 1216 1990 1217 1991 1210 1991 1215 1991 1218 1992 1219 1992 1225 1992 1218 1993 1225 1993 1224 1993 1230 1994 1219 1994 1218 1994 1231 1995 1224 1995 1225 1995 1219 1996 1220 1996 1226 1996 1219 1997 1226 1997 1225 1997 1230 1998 1220 1998 1219 1998 1231 1999 1225 1999 1226 1999 1220 2000 1221 2000 1227 2000 1220 2001 1227 2001 1226 2001 1230 2002 1221 2002 1220 2002 1231 2003 1226 2003 1227 2003 1221 2004 1222 2004 1228 2004 1221 2005 1228 2005 1227 2005 1230 2006 1222 2006 1221 2006 1231 2007 1227 2007 1228 2007 1222 2008 1223 2008 1229 2008 1222 2009 1229 2009 1228 2009 1230 2010 1223 2010 1222 2010 1231 2011 1228 2011 1229 2011 1223 2012 1218 2012 1224 2012 1223 2013 1224 2013 1229 2013 1230 2014 1218 2014 1223 2014 1231 2015 1229 2015 1224 2015 1232 2016 1233 2016 1238 2016 1239 2017 1233 2017 1232 2017 1233 2018 1234 2018 1238 2018 1239 2019 1234 2019 1233 2019 1234 2020 1235 2020 1238 2020 1239 2021 1235 2021 1234 2021 1235 2022 1236 2022 1238 2022 1239 2023 1236 2023 1235 2023 1236 2024 1237 2024 1238 2024 1239 2025 1237 2025 1236 2025 1237 2026 1232 2026 1238 2026 1239 2027 1232 2027 1237 2027 1240 2028 1241 2028 1247 2028 1240 2029 1247 2029 1246 2029 1252 2030 1241 2030 1240 2030 1253 2031 1246 2031 1247 2031 1241 2032 1242 2032 1248 2032 1241 2033 1248 2033 1247 2033 1252 2034 1242 2034 1241 2034 1253 2035 1247 2035 1248 2035 1242 2036 1243 2036 1249 2036 1242 2037 1249 2037 1248 2037 1252 2038 1243 2038 1242 2038 1253 2039 1248 2039 1249 2039 1243 2040 1244 2040 1250 2040 1243 2041 1250 2041 1249 2041 1252 2042 1244 2042 1243 2042 1253 2043 1249 2043 1250 2043 1244 2044 1245 2044 1251 2044 1244 2045 1251 2045 1250 2045 1252 2046 1245 2046 1244 2046 1253 2047 1250 2047 1251 2047 1245 2048 1240 2048 1246 2048 1245 2049 1246 2049 1251 2049 1252 2050 1240 2050 1245 2050 1253 2051 1251 2051 1246 2051 1254 2052 1255 2052 1260 2052 1261 2053 1255 2053 1254 2053 1255 2054 1256 2054 1260 2054 1261 2055 1256 2055 1255 2055 1256 2056 1257 2056 1260 2056 1261 2057 1257 2057 1256 2057 1257 2058 1258 2058 1260 2058 1261 2059 1258 2059 1257 2059 1258 2060 1259 2060 1260 2060 1261 2061 1259 2061 1258 2061 1259 2062 1254 2062 1260 2062 1261 2063 1254 2063 1259 2063 1262 2064 1263 2064 1269 2064 1262 2065 1269 2065 1268 2065 1274 2066 1263 2066 1262 2066 1275 2067 1268 2067 1269 2067 1263 2068 1264 2068 1270 2068 1263 2069 1270 2069 1269 2069 1274 2070 1264 2070 1263 2070 1275 2071 1269 2071 1270 2071 1264 2072 1265 2072 1271 2072 1264 2073 1271 2073 1270 2073 1274 2074 1265 2074 1264 2074 1275 2075 1270 2075 1271 2075 1265 2076 1266 2076 1272 2076 1265 2077 1272 2077 1271 2077 1274 2078 1266 2078 1265 2078 1275 2079 1271 2079 1272 2079 1266 2080 1267 2080 1273 2080 1266 2081 1273 2081 1272 2081 1274 2082 1267 2082 1266 2082 1275 2083 1272 2083 1273 2083 1267 2084 1262 2084 1268 2084 1267 2085 1268 2085 1273 2085 1274 2086 1262 2086 1267 2086 1275 2087 1273 2087 1268 2087 1276 2088 1277 2088 1282 2088 1283 2089 1277 2089 1276 2089 1277 2090 1278 2090 1282 2090 1283 2091 1278 2091 1277 2091 1278 2092 1279 2092 1282 2092 1283 2093 1279 2093 1278 2093 1279 2094 1280 2094 1282 2094 1283 2095 1280 2095 1279 2095 1280 2096 1281 2096 1282 2096 1283 2097 1281 2097 1280 2097 1281 2098 1276 2098 1282 2098 1283 2099 1276 2099 1281 2099 1284 2100 1285 2100 1291 2100 1284 2101 1291 2101 1290 2101 1296 2102 1285 2102 1284 2102 1297 2103 1290 2103 1291 2103 1285 2104 1286 2104 1292 2104 1285 2105 1292 2105 1291 2105 1296 2106 1286 2106 1285 2106 1297 2107 1291 2107 1292 2107 1286 2108 1287 2108 1293 2108 1286 2109 1293 2109 1292 2109 1296 2110 1287 2110 1286 2110 1297 2111 1292 2111 1293 2111 1287 2112 1288 2112 1294 2112 1287 2113 1294 2113 1293 2113 1296 2114 1288 2114 1287 2114 1297 2115 1293 2115 1294 2115 1288 2116 1289 2116 1295 2116 1288 2117 1295 2117 1294 2117 1296 2118 1289 2118 1288 2118 1297 2119 1294 2119 1295 2119 1289 2120 1284 2120 1290 2120 1289 2121 1290 2121 1295 2121 1296 2122 1284 2122 1289 2122 1297 2123 1295 2123 1290 2123 1298 2124 1299 2124 1304 2124 1305 2125 1299 2125 1298 2125 1299 2126 1300 2126 1304 2126 1305 2127 1300 2127 1299 2127 1300 2128 1301 2128 1304 2128 1305 2129 1301 2129 1300 2129 1301 2130 1302 2130 1304 2130 1305 2131 1302 2131 1301 2131 1302 2132 1303 2132 1304 2132 1305 2133 1303 2133 1302 2133 1303 2134 1298 2134 1304 2134 1305 2135 1298 2135 1303 2135 1306 2136 1307 2136 1313 2136 1306 2137 1313 2137 1312 2137 1318 2138 1307 2138 1306 2138 1319 2139 1312 2139 1313 2139 1307 2140 1308 2140 1314 2140 1307 2141 1314 2141 1313 2141 1318 2142 1308 2142 1307 2142 1319 2143 1313 2143 1314 2143 1308 2144 1309 2144 1315 2144 1308 2145 1315 2145 1314 2145 1318 2146 1309 2146 1308 2146 1319 2147 1314 2147 1315 2147 1309 2148 1310 2148 1316 2148 1309 2149 1316 2149 1315 2149 1318 2150 1310 2150 1309 2150 1319 2151 1315 2151 1316 2151 1310 2152 1311 2152 1317 2152 1310 2153 1317 2153 1316 2153 1318 2154 1311 2154 1310 2154 1319 2155 1316 2155 1317 2155 1311 2156 1306 2156 1312 2156 1311 2157 1312 2157 1317 2157 1318 2158 1306 2158 1311 2158 1319 2159 1317 2159 1312 2159</p></triangles>
</mesh></geometry></library_geometries><library_visual_scenes><visual_scene id="Scene"><node id="mesh"><instance_geometry url="#geometry"/></node></visual_scene></library_visual_scenes><scene><instance_visual_scene url="#Scene"/></scene></COLLADA>