<?xml version="1.0" encoding="UTF-8"?>
<COLLADA xmlns="http://www.collada.org/2005/11/COLLADASchema" version="1.4.1">
<asset><contributor><authoring_tool>Summit Estate procedural mesh exporter</authoring_tool></contributor><created>2026-09-11T00:00:00Z</created><modified>2026-09-11T00:00:00Z</modified><unit name="meter" meter="1"/><up_axis>Z_UP</up_axis></asset>
<library_geometries><geometry id="geometry" name="geometry"><mesh>
<source id="positions"><float_array id="positions-array" count="14421">-261.73377 463.11160 111.23998 -261.02062 462.45066 111.23998 -259.90497 462.25359 111.23998 -258.85901 463.03652 111.23998 -258.70649 464.24755 111.23998 -258.88905 465.40831 111.23998 -259.91757 465.70853 111.23998 -261.21448 465.50781 111.23998 -262.02165 464.57237 111.23998 -260.20173 463.99442 116.99430 -260.20173 463.99442 111.23998 -286.70787 476.30349 108.93035 -286.19777 474.51809 108.93035 -285.01755 473.27368 108.93035 -283.23098 473.40944 108.93035 -281.41386 474.66867 108.93035 -281.49583 476.24781 108.93035 -282.00448 477.80404 108.93035 -283.69736 478.48835 108.93035 -285.47198 477.98143 108.93035 -283.91082 475.84128 117.14781 -283.91082 475.84128 108.93035 -382.87653 474.05936 116.36398 -381.03900 473.83458 116.36398 -379.97689 474.60054 116.36398 -379.45825 476.33769 116.36398 -379.99922 477.61092 116.36398 -381.59038 478.52893 116.36398 -383.38129 478.26817 116.36398 -384.00031 476.81060 116.36398 -384.00067 475.13457 116.36398 -381.84389 476.15823 125.38650 -381.84389 476.15823 116.36398 -287.34404 411.01412 145.18654 -286.12068 411.75443 145.18654 -285.42494 413.96522 145.18654 -286.31510 415.55022 145.18654 -288.21322 415.86103 145.18654 -290.12378 415.41959 145.18654 -290.76680 413.89692 145.18654 -290.44021 412.06897 145.18654 -289.18560 410.66295 145.18654 -288.26005 413.34667 153.38725 -288.26005 413.34667 145.18654 -458.26501 464.19400 112.19338 -457.18339 464.07717 112.19338 -455.92104 465.22414 112.19338 -455.90039 466.53252 112.19338 -456.59998 467.83296 112.19338 -457.96582 468.27945 112.19338 -459.14808 467.54378 112.19338 -459.72632 466.28555 112.19338 -459.63605 465.10711 112.19338 -457.78821 466.13829 121.45601 -457.78821 466.13829 112.19338 -307.08692 295.19041 174.48327 -306.02517 295.41108 174.48327 -305.15980 295.97872 174.48327 -304.93701 297.30500 174.48327 -305.51868 298.16840 174.48327 -306.86938 298.27132 174.48327 -307.79223 297.91626 174.48327 -308.01527 296.98792 174.48327 -307.63003 296.01093 174.48327 -306.57352 296.75758 179.39836 -306.57352 296.75758 174.48327 -324.19337 256.83838 122.34927 -323.08758 256.95223 122.34927 -321.98835 257.78009 122.34927 -322.04078 258.89088 122.34927 -322.64542 260.04944 122.34927 -323.53122 260.36609 122.34927 -324.74696 260.08119 122.34927 -325.53991 258.71825 122.34927 -325.22316 257.83412 122.34927 -323.65776 258.60134 127.70704 -323.65776 258.60134 122.34927 -443.12031 389.83982 147.88390 -442.78244 387.47831 147.88390 -441.15096 385.79228 147.88390 -439.09745 385.53643 147.88390 -437.02169 386.85754 147.88390 -436.29959 388.98434 147.88390 -437.47156 391.08295 147.88390 -439.37096 392.05260 147.88390 -441.67772 391.38025 147.88390 -439.74586 388.73086 155.65724 -439.74586 388.73086 147.88390 -377.67432 410.98265 148.76179 -378.70135 413.02952 148.76179 -380.47282 413.55716 148.76179 -382.15315 412.89720 148.76179 -383.05489 411.22007 148.76179 -382.60105 409.32424 148.76179 -381.31761 408.00204 148.76179 -379.12589 408.08077 148.76179 -377.91954 409.21897 148.76179 -380.28115 410.67719 155.76364 -380.28115 410.67719 148.76179 -427.81132 287.27247 163.77125 -425.66249 288.08417 163.77125 -424.64137 289.77688 163.77125 -425.15756 291.83837 163.77125 -426.71993 293.46706 163.77125 -429.14574 293.72230 163.77125 -430.65136 292.29087 163.77125 -431.31412 290.07096 163.77125 -430.09126 287.79910 163.77125 -427.89398 290.43519 169.07645 -427.89398 290.43519 163.77125 -356.09795 286.12125 188.75088 -354.12557 284.40518 188.75088 -351.52573 284.02441 188.75088 -349.69119 285.47921 188.75088 -348.84068 288.12410 188.75088 -349.67734 290.30709 188.75088 -352.26360 291.71877 188.75088 -354.99609 290.78759 188.75088 -356.40160 288.67982 188.75088 -352.62016 287.66524 193.58134 -352.62016 287.66524 188.75088 -433.46850 343.91756 172.76364 -431.28354 345.14753 172.76364 -430.24666 347.49958 172.76364 -430.78799 349.87564 172.76364 -433.27903 351.27936 172.76364 -435.77681 350.84918 172.76364 -437.48753 349.12891 172.76364 -437.34480 346.58997 172.76364 -435.96245 344.47682 172.76364 -433.96909 347.67636 182.67830 -433.96909 347.67636 172.76364 -269.25787 440.44621 124.80245 -268.48629 440.00280 124.80245 -267.50841 441.05485 124.80245 -267.20328 442.03665 124.80245 -267.82430 442.88779 124.80245 -268.77080 443.17883 124.80245 -269.73800 443.02737 124.80245 -270.37037 441.94259 124.80245 -270.26005 440.86863 124.80245 -268.71384 441.70314 131.70221 -268.71384 441.70314 124.80245 -348.33951 446.13218 135.46221 -347.06367 444.72913 135.46221 -345.32686 444.66556 135.46221 -343.88810 445.72734 135.46221 -343.51610 447.63402 135.46221 -344.23622 449.40101 135.46221 -346.05511 450.10080 135.46221 -347.81038 449.59478 135.46221 -348.84955 448.04767 135.46221 -346.11113 447.33793 142.51211 -346.11113 447.33793 135.46221 -393.16138 457.51364 116.91135 -391.50593 455.78565 116.91135 -389.19321 455.78617 116.91135 -387.35611 457.51368 116.91135 -386.84690 459.98352 116.91135 -388.29056 461.60315 116.91135 -390.56402 462.64709 116.91135 -392.57226 461.73301 116.91135 -393.73471 459.70080 116.91135 -390.36876 459.12920 128.85126 -390.36876 459.12920 116.91135 -483.07138 426.84509 119.13198 -483.50448 427.63946 119.13198 -484.72114 427.90162 119.13198 -485.58619 427.34571 119.13198 -485.94352 426.59017 119.13198 -485.83629 425.58209 119.13198 -485.13091 424.83059 119.13198 -483.83736 424.86884 119.13198 -482.95918 425.98462 119.13198 -484.54573 426.42351 126.67356 -484.54573 426.42351 119.13198 -366.64011 338.57097 194.48102 -368.08476 341.16598 194.48102 -370.86426 342.43199 194.48102 -373.59315 341.46111 194.48102 -375.15578 339.22764 194.48102 -374.75520 335.89165 194.48102 -372.52184 333.96832 194.48102 -369.87656 333.76354 194.48102 -367.28033 335.72924 194.48102 -370.95559 338.05828 205.21297 -370.95559 338.05828 194.48102 -279.19410 285.73141 154.90635 -279.72708 286.72018 154.90635 -280.63586 287.18298 154.90635 -281.49941 286.71528 154.90635 -282.34376 285.73433 154.90635 -282.31848 284.60098 154.90635 -281.37862 284.04685 154.90635 -280.27925 284.11361 154.90635 -279.17265 284.73322 154.90635 -280.70736 285.48365 159.83851 -280.70736 285.48365 154.90635 -335.87270 400.86257 157.58139 -335.86597 398.38859 157.58139 -334.23654 397.16028 157.58139 -331.80645 396.79282 157.58139 -330.12544 398.07843 157.58139 -329.49098 400.14094 157.58139 -330.80172 402.24309 157.58139 -332.47453 403.18251 157.58139 -334.68853 402.67116 157.58139 -332.83381 399.92782 169.60389 -332.83381 399.92782 157.58139 -478.44427 413.31255 120.78942 -476.30275 414.35531 120.78942 -475.54224 416.89812 120.78942 -476.53841 418.90744 120.78942 -478.72493 420.08975 120.78942 -480.88631 419.35309 120.78942 -482.23918 417.34735 120.78942 -482.33052 415.31671 120.78942 -480.49265 413.66661 120.78942 -478.97779 416.54491 129.03461 -478.97779 416.54491 120.78942 -348.15685 465.98681 123.50909 -347.67958 465.00478 123.50909 -347.02093 464.26968 123.50909 -345.84920 464.54126 123.50909 -345.31669 465.21070 123.50909 -345.20711 466.19030 123.50909 -346.27524 466.98213 123.50909 -347.00915 467.29086 123.50909 -347.88555 466.77245 123.50909 -346.74605 465.87370 128.32306 -346.74605 465.87370 123.50909 -306.96413 375.81591 166.50068 -308.02105 372.44900 166.50068 -307.02447 369.49390 166.50068 -304.28642 367.45583 166.50068 -301.27649 368.13957 166.50068 -298.99001 370.39372 166.50068 -298.39875 373.74771 166.50068 -300.76740 376.31668 166.50068 -303.71669 377.12992 166.50068 -303.27002 372.30586 178.42582 -303.27002 372.30586 166.50068 -391.07916 470.16583 117.07105 -390.63065 468.24629 117.07105 -389.35430 466.99338 117.07105 -387.20124 466.94755 117.07105 -385.51507 468.32642 117.07105 -385.21049 470.01863 117.07105 -386.34515 471.74469 117.07105 -388.09978 472.69896 117.07105 -390.07848 472.02557 117.07105 -388.21817 469.66379 126.32427 -388.21817 469.66379 117.07105 -361.28557 338.58120 197.51717 -359.96046 339.16687 197.51717 -359.50125 339.92042 197.51717 -359.70822 341.20211 197.51717 -360.39534 342.23837 197.51717 -361.77557 342.13008 197.51717 -362.94120 341.56250 197.51717 -362.99041 340.17369 197.51717 -362.47212 338.87934 197.51717 -361.16027 340.49178 203.89620 -361.16027 340.49178 197.51717 -486.96732 327.71060 128.81702 -487.92517 328.90318 128.81702 -489.30810 329.59133 128.81702 -490.79242 328.72342 128.81702 -491.44801 326.98474 128.81702 -491.13640 325.27538 128.81702 -489.42230 324.28357 128.81702 -487.72518 324.62675 128.81702 -486.99948 326.10729 128.81702 -489.12852 326.94436 136.90859 -489.12852 326.94436 128.81702 -253.09821 394.99702 142.64423 -254.30194 395.46188 142.64423 -255.71157 394.89920 142.64423 -256.67624 393.83363 142.64423 -256.13670 392.08167 142.64423 -255.27277 391.40000 142.64423 -254.00488 391.37167 142.64423 -252.89402 392.27464 142.64423 -252.48288 393.72989 142.64423 -254.49314 393.25624 147.90154 -254.49314 393.25624 142.64423 -424.24674 418.35245 135.25543 -426.36934 418.21535 135.25543 -428.03236 416.58828 135.25543 -428.40924 414.14200 135.25543 -427.18874 412.33495 135.25543 -425.10889 411.77570 135.25543 -422.89483 412.82376 135.25543 -421.92753 414.72764 135.25543 -422.62109 417.10381 135.25543 -425.18024 415.12216 143.06885 -425.18024 415.12216 135.25543 -284.32667 482.79497 102.58405 -285.09777 480.38362 102.58405 -284.58998 478.06674 102.58405 -282.89419 476.43666 102.58405 -280.20653 476.56603 102.58405 -278.62491 478.28790 102.58405 -278.12212 480.65783 102.58405 -279.55763 482.94053 102.58405 -282.01011 483.57141 102.58405 -281.67133 479.99041 109.60492 -281.67133 479.99041 102.58405 -382.79466 312.20060 198.21211 -382.75281 313.86945 198.21211 -384.27698 314.84031 198.21211 -386.01738 314.88803 198.21211 -387.34411 314.12406 198.21211 -387.93518 312.43269 198.21211 -387.25930 310.75066 198.21211 -385.50679 310.14372 198.21211 -383.82344 310.46687 198.21211 -385.25621 312.60531 203.26931 -385.25621 312.60531 198.21211 -483.94628 418.22813 122.93305 -483.16547 418.96407 122.93305 -483.16872 420.36804 122.93305 -483.81332 421.10182 122.93305 -485.05328 421.56473 122.93305 -486.02049 420.92026 122.93305 -486.80168 419.53767 122.93305 -486.22027 418.63916 122.93305 -485.04548 417.82941 122.93305 -484.76054 419.66514 132.04800 -484.76054 419.66514 122.93305 -453.70625 430.34527 118.82033 -451.64629 429.74129 118.82033 -449.78676 430.80414 118.82033 -448.85698 432.65855 118.82033 -449.70818 434.68263 118.82033 -451.33147 435.93726 118.82033 -453.45426 435.44847 118.82033 -454.79032 434.02192 118.82033 -455.02566 431.86392 118.82033 -452.03269 432.87860 127.65924 -452.03269 432.87860 118.82033 -402.63832 396.11069 153.18834 -400.82854 394.85927 153.18834 -399.32619 395.33349 153.18834 -397.67660 396.68297 153.18834 -397.78290 398.26243 153.18834 -398.96692 399.76038 153.18834 -400.48616 400.11775 153.18834 -402.37565 399.51155 153.18834 -402.95906 397.74541 153.18834 -400.34820 397.65180 160.64881 -400.34820 397.65180 153.18834 -402.41202 408.14526 146.49600 -400.30165 406.95044 146.49600 -397.67349 407.59884 146.49600 -396.47532 409.32146 146.49600 -396.52608 411.53930 146.49600 -398.08076 413.54522 146.49600 -400.70491 413.77382 146.49600 -402.41574 412.39682 146.49600 -403.21403 410.27997 146.49600 -399.75754 410.36762 153.72094 -399.75754 410.36762 146.49600 -331.90517 457.65758 125.62038 -332.96777 459.56841 125.62038 -334.69602 461.06702 125.62038 -336.97655 460.60761 125.62038 -338.58425 459.07139 125.62038 -338.77061 456.71202 125.62038 -337.17876 454.72998 125.62038 -335.11245 454.19259 125.62038 -333.13811 455.50078 125.62038 -335.46325 457.66324 131.43224 -335.46325 457.66324 125.62038 -340.20293 466.39641 129.81909 -341.34838 466.74608 129.81909 -342.19763 466.10517 129.81909 -342.93535 464.95538 129.81909 -342.58241 463.90912 129.81909 -341.48884 463.25467 129.81909 -340.28227 463.31008 129.81909 -339.08103 464.18320 129.81909 -339.29255 465.51080 129.81909 -340.96835 464.99454 138.92632 -340.96835 464.99454 129.81909 -453.77352 302.46416 153.75427 -452.70746 301.87773 153.75427 -451.54333 301.97489 153.75427 -450.32849 302.79392 153.75427 -450.27108 304.35406 153.75427 -450.76623 305.16142 153.75427 -452.46611 305.80327 153.75427 -453.35917 305.22249 153.75427 -454.02452 303.83912 153.75427 -452.15242 303.73038 162.44279 -452.15242 303.73038 153.75427 -367.41845 480.29234 115.54968 -365.72869 481.42712 115.54968 -365.16313 483.38948 115.54968 -366.42035 485.16983 115.54968 -368.36930 485.84072 115.54968 -370.00540 485.31307 115.54968 -371.07828 483.51151 115.54968 -370.70849 481.57023 115.54968 -369.18707 480.14982 115.54968 -368.28468 482.86514 123.29980 -368.28468 482.86514 115.54968 -357.83707 291.66508 189.08738 -356.46208 289.41875 189.08738 -354.27502 288.39386 189.08738 -351.74302 289.01178 189.08738 -350.51727 290.73663 189.08738 -350.68433 293.69494 189.08738 -352.13886 295.30063 189.08738 -354.73965 295.53077 189.08738 -356.89458 294.02135 189.08738 -353.95033 291.96380 195.33876 -353.95033 291.96380 189.08738 -267.00846 362.18220 154.73339 -266.22619 360.90304 154.73339 -264.29602 360.28121 154.73339 -262.90082 361.18507 154.73339 -262.09638 362.63055 154.73339 -262.53541 364.30159 154.73339 -264.09068 365.36716 154.73339 -265.77687 365.16137 154.73339 -267.09177 364.07158 154.73339 -264.66609 362.81100 165.70237 -264.66609 362.81100 154.73339 -479.49512 345.49899 135.89910 -480.64180 343.11645 135.89910 -480.41445 340.53608 135.89910 -478.04990 338.86256 135.89910 -475.34324 339.12244 135.89910 -473.75200 340.76512 135.89910 -473.25997 343.46723 135.89910 -474.38887 345.65468 135.89910 -476.78133 346.42201 135.89910 -476.91926 342.64273 142.99742 -476.91926 342.64273 135.89910 -384.88472 333.05848 194.43571 -383.83501 331.03239 194.43571 -381.41988 330.13434 194.43571 -379.55595 330.79933 194.43571 -378.17811 332.70964 194.43571 -378.39311 334.99124 194.43571 -379.97959 336.63215 194.43571 -382.40166 336.51840 194.43571 -384.12037 335.51277 194.43571 -381.41189 333.54025 202.65726 -381.41189 333.54025 194.43571 -490.70247 266.75633 123.82219 -490.89002 264.00176 123.82219 -489.14714 262.16670 123.82219 -486.75515 261.86185 123.82219 -484.46658 263.11783 123.82219 -483.55405 265.46559 123.82219 -484.62519 268.00480 123.82219 -486.67848 268.97317 123.82219 -489.52832 268.56538 123.82219 -487.35815 265.45542 131.89208 -487.35815 265.45542 123.82219 -273.08110 324.84975 167.79265 -274.04323 326.00389 167.79265 -275.51111 326.37814 167.79265 -276.69785 325.71470 167.79265 -277.18713 324.34611 167.79265 -277.10084 322.96948 167.79265 -275.48867 322.37203 167.79265 -274.01018 322.47981 167.79265 -273.06059 323.36890 167.79265 -275.25751 324.37802 175.97980 -275.25751 324.37802 167.79265 -320.01367 372.89862 171.42123 -317.56988 373.57424 171.42123 -316.32899 375.28701 171.42123 -316.63066 377.86280 171.42123 -318.51726 379.19576 171.42123 -320.81261 379.65031 171.42123 -322.63692 377.99172 171.42123 -323.13666 376.14403 171.42123 -322.01467 373.78969 171.42123 -319.73961 376.21664 179.99911 -319.73961 376.21664 171.42123 -344.34275 345.27015 186.15986 -344.33739 347.34073 186.15986 -346.07465 349.01404 186.15986 -348.09949 349.16211 186.15986 -350.01634 347.94990 186.15986 -350.44969 345.57179 186.15986 -349.30913 344.05008 186.15986 -347.64649 342.89948 186.15986 -345.25977 343.42466 186.15986 -347.29789 346.12631 192.96516 -347.29789 346.12631 186.15986 -409.83435 370.80431 179.04877 -409.64811 371.88847 179.04877 -410.06974 372.71993 179.04877 -410.73384 373.32196 179.04877 -412.05228 372.94085 179.04877 -412.47824 371.96637 179.04877 -412.27067 371.19969 179.04877 -411.33940 370.21166 179.04877 -410.68984 370.26543 179.04877 -410.96948 371.72379 187.72021 -410.96948 371.72379 179.04877 -437.14405 476.72596 100.32118 -434.80300 476.46612 100.32118 -433.05321 477.89853 100.32118 -432.16787 480.10003 100.32118 -433.17874 482.54021 100.32118 -435.42704 483.65571 100.32118 -437.74367 482.84284 100.32118 -439.09436 481.10212 100.32118 -438.80207 478.64600 100.32118 -435.79811 480.02245 110.05911 -435.79811 480.02245 100.32118 -472.53441 396.63110 136.39606 -471.43143 395.99288 136.39606 -470.16012 396.45556 136.39606 -469.53896 397.88964 136.39606 -469.83474 398.79581 136.39606 -470.77208 399.56210 136.39606 -471.95981 399.53966 136.39606 -472.92851 398.87018 136.39606 -473.05220 397.70797 136.39606 -471.34767 397.93712 145.64707 -471.34767 397.93712 136.39606 -365.35451 270.94502 185.26476 -363.04405 271.19647 185.26476 -361.91686 272.91677 185.26476 -361.96447 274.49983 185.26476 -363.08221 276.17174 185.26476 -365.32076 276.40758 185.26476 -366.88792 275.34329 185.26476 -367.62848 273.82563 185.26476 -367.13722 271.96299 185.26476 -364.70831 273.69118 195.51007 -364.70831 273.69118 185.26476 -353.84843 326.14398 192.02523 -351.06321 325.23175 192.02523 -348.87341 326.46300 192.02523 -347.74537 328.91390 192.02523 -348.36426 331.21368 192.02523 -350.18481 333.05640 192.02523 -352.88048 333.07216 192.02523 -355.17653 331.05820 192.02523 -355.38696 328.24647 192.02523 -351.48569 329.26252 197.85408 -351.48569 329.26252 192.02523 -323.39790 251.35316 99.28288 -321.26617 251.43744 99.28288 -320.05146 253.19131 99.28288 -319.57879 255.28920 99.28288 -320.84127 256.97909 99.28288 -322.79978 257.69655 99.28288 -324.55800 256.83744 99.28288 -325.84800 254.94788 99.28288 -325.09209 252.93463 99.28288 -322.59581 254.46318 106.49447 -322.59581 254.46318 99.28288 -470.09011 367.80884 144.94535 -468.98405 366.04297 144.94535 -467.62565 365.60725 144.94535 -466.03117 365.94417 144.94535 -464.97465 367.46317 144.94535 -465.48689 369.05533 144.94535 -466.38127 370.27462 144.94535 -467.98185 370.21400 144.94535 -469.42106 369.49750 144.94535 -467.49042 367.99802 152.68378 -467.49042 367.99802 144.94535 -345.29468 464.81167 121.67839 -347.28313 463.67860 121.67839 -347.68994 461.32782 121.67839 -346.96486 459.43672 121.67839 -344.65641 458.00539 121.67839 -342.70977 458.49493 121.67839 -341.01613 460.62613 121.67839 -341.18067 462.95051 121.67839 -342.78122 464.59569 121.67839 -344.38000 461.59875 129.28007 -344.38000 461.59875 121.67839 -332.82780 248.66865 109.30474 -330.75431 247.69515 109.30474 -328.74010 248.21226 109.30474 -327.52480 250.05542 109.30474 -327.65684 252.16450 109.30474 -329.28237 253.84726 109.30474 -331.50382 253.74881 109.30474 -333.01380 252.57138 109.30474 -333.89449 250.68552 109.30474 -330.65209 250.94192 115.81091 -330.65209 250.94192 109.30474 -407.68216 469.96759 109.69938 -408.05798 471.88219 109.69938 -409.04391 473.11657 109.69938 -411.13886 473.27397 109.69938 -412.38208 472.02983 109.69938 -412.74093 470.46605 109.69938 -412.01564 468.70599 109.69938 -410.68751 467.83300 109.69938 -408.98776 468.35164 109.69938 -410.26646 470.63270 116.57760 -410.26646 470.63270 109.69938 -293.47970 408.19057 149.97387 -292.73184 406.43667 149.97387 -290.53398 405.70452 149.97387 -288.79882 406.15273 149.97387 -287.35137 407.71796 149.97387 -287.68728 410.03808 149.97387 -289.32427 411.37330 149.97387 -291.47893 411.31222 149.97387 -292.83380 410.36607 149.97387 -290.45929 408.50669 159.77618 -290.45929 408.50669 149.97387 -417.01662 360.77342 174.29034 -415.84123 359.16218 174.29034 -414.11534 358.52363 174.29034 -412.75801 359.11680 174.29034 -411.66558 360.97677 174.29034 -412.03126 362.73895 174.29034 -413.63773 363.41158 174.29034 -415.22782 363.33985 174.29034 -416.73230 362.43741 174.29034 -414.30880 361.14246 181.32196 -414.30880 361.14246 174.29034 -377.90997 250.75884 158.61754 -376.95201 247.97097 158.61754 -374.59895 246.05289 158.61754 -371.61296 246.60316 158.61754 -369.46853 248.87328 158.61754 -369.75800 251.73629 158.61754 -371.52258 253.69532 158.61754 -374.26969 254.37340 158.61754 -376.73327 253.16235 158.61754 -373.59125 250.35477 167.67140 -373.59125 250.35477 158.61754 -309.75781 264.52249 116.20963 -309.02862 263.67619 116.20963 -307.33547 263.53642 116.20963 -306.47446 263.91335 116.20963 -306.20729 265.51531 116.20963 -306.46934 266.77166 116.20963 -307.90332 267.33989 116.20963 -308.93155 267.13956 116.20963 -309.73735 266.08005 116.20963 -307.96624 265.30308 122.89920 -307.96624 265.30308 116.20963 -362.13514 414.63498 146.87570 -361.83782 412.34052 146.87570 -360.33079 410.94071 146.87570 -358.11770 410.75412 146.87570 -356.20827 412.23653 146.87570 -355.90601 414.23981 146.87570 -356.66934 416.25084 146.87570 -358.90856 417.43835 146.87570 -361.06295 416.56448 146.87570 -358.99115 413.93116 156.65742 -358.99115 413.93116 146.87570 -418.69671 403.97637 149.16392 -417.75485 402.72736 149.16392 -416.51814 402.62668 149.16392 -415.04015 403.13323 149.16392 -414.75410 404.65450 149.16392 -414.97138 406.18459 149.16392 -416.42791 406.59691 149.16392 -417.77963 406.20457 149.16392 -418.58581 405.44882 149.16392 -416.73631 404.58023 154.36273 -416.73631 404.58023 149.16392 -439.25411 258.77963 136.35254 -441.96999 257.92419 136.35254 -443.55614 255.56879 136.35254 -443.30174 252.78230 136.35254 -441.17002 250.55379 136.35254 -438.34967 250.53631 136.35254 -435.91767 252.31347 136.35254 -435.36428 254.99359 136.35254 -436.68659 257.82096 136.35254 -439.56925 254.58850 143.37243 -439.56925 254.58850 136.35254 -404.48592 395.12859 153.75683 -404.01436 397.47001 153.75683 -404.81989 399.30855 153.75683 -406.80473 400.69787 153.75683 -409.24287 400.18917 153.75683 -410.66882 398.44816 153.75683 -410.53249 396.02890 153.75683 -408.93558 394.17420 153.75683 -406.70661 393.98904 153.75683 -407.31482 397.28327 158.76434 -407.31482 397.28327 153.75683 -401.54854 283.31543 178.79184 -400.95271 281.15461 178.79184 -399.28989 279.92139 178.79184 -397.02654 280.47025 178.79184 -395.43042 281.78959 178.79184 -395.29406 284.14211 178.79184 -396.75506 286.22292 178.79184 -398.69577 286.43406 178.79184 -400.97215 285.39210 178.79184 -398.39242 283.24132 185.51051 -398.39242 283.24132 178.79184 -454.49410 261.12452 140.76967 -453.14888 260.44190 140.76967 -452.20195 260.37393 140.76967 -451.31202 261.26019 140.76967 -450.95817 262.49850 140.76967 -451.46313 263.36718 140.76967 -452.98177 263.59069 140.76967 -453.94454 263.39017 140.76967 -454.71314 262.26869 140.76967 -452.75387 262.02507 147.46411 -452.75387 262.02507 140.76967 -391.63560 266.45922 166.09864 -391.95532 269.27999 166.09864 -394.37945 271.60513 166.09864 -397.00638 271.91743 166.09864 -399.48323 270.17052 166.09864 -400.20890 267.10384 166.09864 -398.94946 264.30189 166.09864 -396.21047 263.48305 166.09864 -393.25897 264.00182 166.09864 -395.97461 267.60571 174.86657 -395.97461 267.60571 166.09864 -432.03196 370.48147 163.63194 -433.93500 368.77454 163.63194 -433.74167 366.23261 163.63194 -432.68344 364.47993 163.63194 -430.00343 363.72137 163.63194 -427.77235 364.76434 163.63194 -427.01821 367.12122 163.63194 -427.50639 369.55424 163.63194 -429.72522 370.69247 163.63194 -430.50788 367.41288 171.82336 -430.50788 367.41288 163.63194 -379.02016 444.79742 123.16955 -377.00879 444.06683 123.16955 -374.42426 444.65912 123.16955 -373.69584 446.84530 123.16955 -374.06914 449.18257 123.16955 -375.98243 450.48357 123.16955 -377.97398 450.59079 123.16955 -379.96428 448.92602 123.16955 -380.36246 446.88883 123.16955 -376.89560 447.37970 129.65585 -376.89560 447.37970 123.16955 -356.18433 438.99619 138.38998 -357.29678 438.71547 138.38998 -357.48413 437.63205 138.38998 -357.15517 436.97053 138.38998 -356.34768 436.31113 138.38998 -355.57904 436.68858 138.38998 -354.74702 437.25142 138.38998 -354.77414 438.11377 138.38998 -355.35877 438.75383 138.38998 -356.07833 437.75440 144.78756 -356.07833 437.75440 138.38998 -312.89585 371.49592 174.01134 -314.19846 371.24300 174.01134 -314.88151 370.09825 174.01134 -314.94254 368.91191 174.01134 -313.94994 368.25494 174.01134 -312.77609 368.06156 174.01134 -312.03098 368.66450 174.01134 -311.67590 369.83545 174.01134 -311.82617 371.22760 174.01134 -313.27604 369.82005 180.15190 -313.27604 369.82005 174.01134 -292.51934 391.44872 157.59299 -291.17498 392.70212 157.59299 -290.79189 394.43822 157.59299 -291.61997 396.31825 157.59299 -293.38887 396.82140 157.59299 -295.25773 396.29629 157.59299 -296.12772 394.65829 157.59299 -295.68898 392.79753 157.59299 -294.30291 391.44674 157.59299 -293.35289 393.99914 166.33045 -293.35289 393.99914 157.59299 -441.80771 272.93505 143.77327 -442.98236 271.40492 143.77327 -443.06065 269.60199 143.77327 -441.88493 268.41903 143.77327 -439.96446 268.11902 143.77327 -438.78878 269.21187 143.77327 -437.99360 270.90719 143.77327 -438.76768 272.15667 143.77327 -440.15170 273.00070 143.77327 -440.61226 270.68435 149.82855 -440.61226 270.68435 143.77327 -356.87175 371.64284 176.89798 -358.98346 370.50862 176.89798 -360.02770 368.28542 176.89798 -359.50127 366.16148 176.89798 -357.38405 364.69003 176.89798 -355.09891 364.68087 176.89798 -353.18957 366.26476 176.89798 -353.20661 368.98293 176.89798 -354.56861 371.03037 176.89798 -356.60113 367.99958 184.56585 -356.60113 367.99958 176.89798 -384.91326 364.76914 187.27725 -383.68474 364.77355 187.27725 -382.41962 365.26749 187.27725 -382.28765 366.62997 187.27725 -382.77274 367.45619 187.27725 -383.83599 367.84020 187.27725 -385.26666 367.75967 187.27725 -385.81559 366.66251 187.27725 -385.78211 365.40388 187.27725 -384.02855 366.26305 195.44990 -384.02855 366.26305 187.27725 -267.36983 285.50019 143.48650 -269.16616 285.72727 143.48650 -270.96218 285.09486 143.48650 -271.77935 283.24901 143.48650 -271.12892 281.75030 143.48650 -269.93903 280.64445 143.48650 -267.98162 281.11464 143.48650 -266.89820 282.30950 143.48650 -266.64344 283.95225 143.48650 -269.04124 283.21974 152.15209 -269.04124 283.21974 143.48650 -328.83104 371.30374 174.56392 -328.54333 373.29639 174.56392 -329.92036 374.52727 174.56392 -331.66502 375.12124 174.56392 -333.28099 374.00659 174.56392 -334.15974 372.38581 174.56392 -333.46032 370.59484 174.56392 -332.11113 369.51096 174.56392 -329.95410 369.84508 174.56392 -331.30982 372.23940 182.25137 -331.30982 372.23940 174.56392 -266.74260 288.41313 149.94343 -264.32853 288.90223 149.94343 -262.91557 290.79913 149.94343 -263.00331 293.07353 149.94343 -264.59764 294.89500 149.94343 -267.14580 295.32526 149.94343 -269.21910 293.95858 149.94343 -269.96946 291.70977 149.94343 -268.82607 289.57652 149.94343 -266.41041 291.92073 158.61868 -266.41041 291.92073 149.94343 -340.37933 389.83831 165.37865 -339.19606 387.77880 165.37865 -336.77272 386.52789 165.37865 -334.26548 387.43019 165.37865 -333.14194 389.58887 165.37865 -333.76800 392.32563 165.37865 -335.44101 393.83591 165.37865 -338.15997 393.62960 165.37865 -339.96377 392.19380 165.37865 -336.79724 390.37434 173.15130 -336.79724 390.37434 165.37865 -436.10756 281.28948 161.33871 -437.03592 280.33521 161.33871 -437.13640 278.70672 161.33871 -436.28023 277.37049 161.33871 -434.72172 276.84375 161.33871 -433.52597 277.44332 161.33871 -432.66422 278.88109 161.33871 -432.90025 280.50305 161.33871 -434.28360 281.18375 161.33871 -435.04052 279.11358 170.31699 -435.04052 279.11358 161.33871 -255.10200 483.11589 104.54189 -253.95926 485.35785 104.54189 -254.28760 487.86225 104.54189 -256.27169 489.56550 104.54189 -259.03660 489.31275 104.54189 -260.81163 487.67213 104.54189 -261.24948 484.90971 104.54189 -259.77987 482.91483 104.54189 -257.46683 481.85972 104.54189 -257.52968 485.77940 113.61660 -257.52968 485.77940 104.54189 -420.64523 400.46196 143.13144 -417.71061 400.95603 143.13144 -415.82439 403.94568 143.13144 -416.10424 406.88224 143.13144 -418.38393 409.59839 143.13144 -421.67855 409.87166 143.13144 -424.38289 407.97925 143.13144 -425.04978 404.67038 143.13144 -424.00827 401.45673 143.13144 -420.43694 405.06146 149.39402 -420.43694 405.06146 143.13144 -292.29286 291.66629 157.75043 -293.40162 288.17286 157.75043 -292.25451 285.47036 157.75043 -289.23016 283.96410 157.75043 -286.29032 284.43613 157.75043 -284.07950 287.24478 157.75043 -284.40919 290.27955 157.75043 -286.51948 292.91866 157.75043 -289.50335 293.44241 157.75043 -288.66145 288.57763 167.63661 -288.66145 288.57763 157.75043 -403.30661 362.53311 181.09479 -404.84785 362.81831 181.09479 -406.47393 362.35903 181.09479 -406.76869 360.72111 181.09479 -406.39921 359.36832 181.09479 -404.93562 358.72074 181.09479 -403.61540 358.94266 181.09479 -402.58852 360.14907 181.09479 -402.36664 361.67368 181.09479 -404.68674 360.75972 187.75926 -404.68674 360.75972 181.09479 -413.65532 260.56966 156.61373 -415.11398 259.68915 156.61373 -414.84170 257.88103 156.61373 -414.09396 256.92348 156.61373 -412.76943 256.41767 156.61373 -410.99924 257.16736 156.61373 -410.71348 258.60363 156.61373 -411.02449 259.99035 156.61373 -412.37150 260.67866 156.61373 -412.83969 258.67665 162.74521 -412.83969 258.67665 156.61373 -301.34440 337.38431 181.98420 -301.07510 339.19425 181.98420 -301.74119 340.73545 181.98420 -303.09989 341.18221 181.98420 -304.84457 341.10913 181.98420 -306.08863 339.70816 181.98420 -305.72385 337.91865 181.98420 -304.29924 336.52934 181.98420 -302.95954 336.35262 181.98420 -303.47152 338.89086 190.79524 -303.47152 338.89086 181.98420 -397.08267 426.15996 139.86427 -398.08791 426.90112 139.86427 -399.22854 426.68834 139.86427 -400.30534 425.66310 139.86427 -400.15868 424.39355 139.86427 -399.22999 422.99066 139.86427 -398.13044 423.08448 139.86427 -396.93343 423.56323 139.86427 -396.78683 424.90538 139.86427 -398.46795 424.83147 147.13192 -398.46795 424.83147 139.86427 -289.44992 290.45026 161.48005 -289.02397 292.33126 161.48005 -290.41286 294.23558 161.48005 -292.50165 294.61782 161.48005 -294.22217 293.57158 161.48005 -295.07445 291.57732 161.48005 -294.43170 289.63288 161.48005 -292.73671 288.54419 161.48005 -290.49194 288.81425 161.48005 -292.01188 291.50229 166.55281 -292.01188 291.50229 161.48005 -330.42925 460.23436 121.96193 -328.21112 458.99455 121.96193 -325.75633 459.29328 121.96193 -324.14345 460.92450 121.96193 -323.86490 463.59502 121.96193 -325.70450 465.64691 121.96193 -328.04972 466.03201 121.96193 -330.13990 464.94032 121.96193 -331.34010 462.53686 121.96193 -327.44829 462.40777 133.62716 -327.44829 462.40777 121.96193 -452.47500 295.27436 148.87271 -451.77942 296.73916 148.87271 -451.85317 298.08704 148.87271 -452.99198 299.09739 148.87271 -454.51105 298.98622 148.87271 -455.76046 297.68793 148.87271 -455.62833 296.35541 148.87271 -454.95836 295.16335 148.87271 -453.62008 295.00523 148.87271 -453.77075 296.96355 155.25824 -453.77075 296.96355 148.87271 -383.10349 487.47841 110.80112 -385.21981 486.83491 110.80112 -386.07513 484.90110 110.80112 -386.09744 483.01787 110.80112 -384.60618 481.40236 110.80112 -382.35308 481.64035 110.80112 -381.08489 482.80471 110.80112 -380.32535 484.70146 110.80112 -381.54755 486.51189 110.80112 -383.38297 484.34359 122.71509 -383.38297 484.34359 110.80112 -374.81280 358.75129 193.02268 -374.39355 357.61575 193.02268 -373.17825 356.78955 193.02268 -371.33438 357.23776 193.02268 -370.53155 358.20564 193.02268 -370.80528 359.77717 193.02268 -371.53616 361.05793 193.02268 -373.30034 361.12812 193.02268 -374.32488 360.61759 193.02268 -372.72006 359.05794 201.89728 -372.72006 359.05794 193.02268 -490.69638 470.84911 100.99497 -490.02956 468.91707 100.99497 -488.53739 467.76937 100.99497 -486.55040 468.14784 100.99497 -484.90665 469.65280 100.99497 -485.04157 471.50971 100.99497 -486.15673 473.18312 100.99497 -488.24792 473.76272 100.99497 -489.81707 472.54195 100.99497 -487.75100 470.73670 112.37966 -487.75100 470.73670 100.99497 -422.61994 388.83915 161.89087 -423.36192 390.27362 161.89087 -424.99480 390.75273 161.89087 -426.03221 390.18269 161.89087 -426.74418 389.13021 161.89087 -426.41039 387.46783 161.89087 -425.33264 386.52453 161.89087 -424.04882 386.86267 161.89087 -422.91988 387.53423 161.89087 -424.81931 388.63739 169.57208 -424.81931 388.63739 161.89087 -440.11375 260.52606 145.25509 -439.72501 261.30985 145.25509 -439.66120 262.52393 145.25509 -440.25632 263.51577 145.25509 -441.28649 263.68366 145.25509 -442.28668 262.83614 145.25509 -442.52588 262.06379 145.25509 -442.28819 260.82061 145.25509 -441.49670 260.30270 145.25509 -441.15427 261.96300 151.32438 -441.15427 261.96300 145.25509 -292.31309 368.40798 172.25239 -293.44178 369.08582 172.25239 -294.90640 368.39161 172.25239 -295.63151 367.35857 172.25239 -295.15590 365.67320 172.25239 -294.10221 364.91941 172.25239 -292.96190 364.75412 172.25239 -291.79182 365.97870 172.25239 -291.56661 367.05500 172.25239 -293.56442 366.84111 180.40644 -293.56442 366.84111 172.25239 -309.40568 406.26048 156.62873 -310.55515 407.92894 156.62873 -312.60608 407.97264 156.62873 -314.01668 407.00020 156.62873 -314.32491 405.25265 156.62873 -313.64863 403.44295 156.62873 -312.12305 402.85204 156.62873 -310.11970 403.07227 156.62873 -309.34505 404.65738 156.62873 -311.77793 405.37167 166.48338 -311.77793 405.37167 156.62873 -411.23930 443.54434 117.65486 -411.24049 445.43670 117.65486 -413.19092 447.07575 117.65486 -415.19704 447.26255 117.65486 -416.91197 445.66419 117.65486 -417.43205 443.68590 117.65486 -416.56305 441.96077 117.65486 -414.47702 440.71570 117.65486 -412.59055 441.36714 117.65486 -414.31107 444.08825 125.33329 -414.31107 444.08825 117.65486 -259.44990 383.68502 144.51946 -258.25808 382.33803 144.51946 -256.65614 382.09732 144.51946 -254.69655 382.71764 144.51946 -254.26282 384.59014 144.51946 -254.71996 386.44309 144.51946 -255.99404 387.35113 144.51946 -258.04582 387.16739 144.51946 -259.02079 385.80138 144.51946 -256.78100 384.67980 156.56958 -256.78100 384.67980 144.51946 -393.90281 464.96580 115.20622 -396.42671 463.07065 115.20622 -397.46699 459.88349 115.20622 -395.59425 457.00268 115.20622 -392.94692 455.65659 115.20622 -389.59594 456.30851 115.20622 -387.84784 459.30098 115.20622 -388.19999 462.53702 115.20622 -390.69106 464.59969 115.20622 -392.46889 460.37353 125.14873 -392.46889 460.37353 115.20622 -430.58674 467.81555 106.04851 -431.93304 466.07508 106.04851 -431.82153 463.77171 106.04851 -430.08968 462.07741 106.04851 -427.46536 461.45177 106.04851 -425.56743 462.91159 106.04851 -425.15153 465.19901 106.04851 -425.76081 467.55085 106.04851 -428.18064 468.78360 106.04851 -428.47610 465.08742 115.61301 -428.47610 465.08742 106.04851 -403.83762 284.10429 179.77969 -405.15891 283.64570 179.77969 -405.94753 282.58156 179.77969 -405.65758 281.15790 179.77969 -404.54942 280.32590 179.77969 -403.29306 280.07538 179.77969 -402.47612 280.93894 179.77969 -401.98686 282.48580 179.77969 -402.81346 283.64090 179.77969 -404.04562 282.03068 187.30297 -404.04562 282.03068 179.77969 -477.27083 302.21208 130.41418 -480.38960 301.06793 130.41418 -482.30054 298.49348 130.41418 -482.04868 295.07748 130.41418 -479.72361 292.82903 130.41418 -476.50545 292.92099 130.41418 -473.63346 294.85311 130.41418 -473.12923 298.02860 130.41418 -474.37990 300.65888 130.41418 -477.67881 297.33154 136.76738 -477.67881 297.33154 130.41418 -254.89556 394.44860 139.67567 -255.81136 396.74748 139.67567 -257.32481 397.71757 139.67567 -259.50368 397.55225 139.67567 -260.98512 395.69901 139.67567 -260.94958 393.79146 139.67567 -259.78577 391.84064 139.67567 -257.59559 391.63253 139.67567 -255.89722 392.66980 139.67567 -258.09943 394.68703 148.67721 -258.09943 394.68703 139.67567 -310.65000 480.16748 114.62669 -312.16364 479.41691 114.62669 -312.63039 477.71569 114.62669 -312.24058 476.03158 114.62669 -310.44165 475.02664 114.62669 -308.78558 475.06888 114.62669 -307.61053 476.88535 114.62669 -307.63605 478.60097 114.62669 -308.59103 479.96739 114.62669 -310.08523 477.61773 124.02210 -310.08523 477.61773 114.62669 -430.95775 252.38529 144.94231 -430.89910 249.93847 144.94231 -428.89754 248.12812 144.94231 -426.56169 247.91678 144.94231 -424.52957 249.37820 144.94231 -423.83387 251.33970 144.94231 -424.95101 253.41812 144.94231 -426.90095 254.64536 144.94231 -429.36635 254.17067 144.94231 -427.51172 251.24047 154.73917 -427.51172 251.24047 144.94231 -415.86142 332.02634 181.07904 -413.51286 332.29019 181.07904 -411.92647 334.12566 181.07904 -411.82174 336.57461 181.07904 -413.46259 338.65106 181.07904 -415.75765 338.97526 181.07904 -417.82398 337.64851 181.07904 -418.89916 335.46154 181.07904 -417.80975 333.08148 181.07904 -415.23580 335.43812 187.33007 -415.23580 335.43812 181.07904 -323.21515 386.88925 166.61811 -322.47757 385.08333 166.61811 -321.24140 384.31668 166.61811 -319.19557 384.60500 166.61811 -318.32667 385.79423 166.61811 -318.33899 387.66235 166.61811 -319.53622 389.06248 166.61811 -321.22480 389.58561 166.61811 -322.70140 388.49639 166.61811 -320.62867 386.89420 171.94314 -320.62867 386.89420 166.61811 -283.58263 407.87942 144.95526 -282.75569 409.86010 144.95526 -282.70148 411.96667 144.95526 -284.51155 413.41533 144.95526 -286.82950 413.46384 144.95526 -288.39602 412.40507 144.95526 -289.15970 409.89322 144.95526 -288.18193 408.10985 144.95526 -285.83643 407.33211 144.95526 -285.80502 410.49259 151.87027 -285.80502 410.49259 144.95526 -432.01193 393.05950 155.80588 -431.45164 392.17453 155.80588 -430.76918 391.72012 155.80588 -429.55354 391.72580 155.80588 -428.84479 392.42553 155.80588 -428.83875 393.62633 155.80588 -429.46597 394.43593 155.80588 -430.32396 394.45605 155.80588 -431.29778 394.37224 155.80588 -430.32979 393.06638 162.63274 -430.32979 393.06638 155.80588 -471.76752 420.69971 119.87762 -472.38273 419.01795 119.87762 -472.05087 417.30262 119.87762 -470.59810 416.25327 119.87762 -468.61014 416.54434 119.87762 -467.51567 418.22909 119.87762 -467.22176 419.90110 119.87762 -468.56857 421.33215 119.87762 -470.37371 421.90424 119.87762 -469.89270 419.08207 127.95733 -469.89270 419.08207 119.87762 -463.21053 432.68429 114.91351 -464.03188 434.73665 114.91351 -465.97109 435.74372 114.91351 -468.04589 435.24848 114.91351 -469.01120 433.93394 114.91351 -469.18720 431.52798 114.91351 -467.92552 429.98242 114.91351 -465.56245 429.85935 114.91351 -464.01801 431.09655 114.91351 -466.31254 432.82499 121.69386 -466.31254 432.82499 114.91351 -382.65280 258.77758 167.33833 -383.52908 259.35162 167.33833 -384.84583 258.88612 167.33833 -385.72332 257.58519 167.33833 -385.81899 256.18015 167.33833 -384.57158 255.65022 167.33833 -383.19517 255.41118 167.33833 -382.28817 256.14926 167.33833 -381.69006 257.32641 167.33833 -383.83380 257.20835 173.59762 -383.83380 257.20835 167.33833 -486.45180 459.86835 102.74455 -484.79597 459.74352 102.74455 -483.37609 460.53910 102.74455 -482.92568 462.22560 102.74455 -483.39442 463.85390 102.74455 -484.75895 464.87834 102.74455 -486.58322 464.24371 102.74455 -487.51233 462.94545 102.74455 -487.54236 461.25427 102.74455 -485.26782 462.15263 112.72977 -485.26782 462.15263 102.74455 -277.65900 320.49283 160.01622 -277.05293 318.77840 160.01622 -275.48845 318.07401 160.01622 -273.38297 318.75014 160.01622 -272.49995 319.85915 160.01622 -272.63570 321.60741 160.01622 -274.04900 322.89294 160.01622 -275.81954 323.36577 160.01622 -277.11560 322.25577 160.01622 -275.06546 320.66152 165.03000 -275.06546 320.66152 160.01622 -327.69040 393.55978 160.87844 -328.36282 395.60218 160.87844 -330.74072 396.24154 160.87844 -332.91011 395.82714 160.87844 -334.02692 393.78728 160.87844 -333.73140 391.78894 160.87844 -332.24307 390.42377 160.87844 -330.10006 389.92702 160.87844 -328.14505 391.56507 160.87844 -330.82105 393.14427 171.59195 -330.82105 393.14427 160.87844 -283.88378 384.53428 159.45268 -285.20145 384.61343 159.45268 -285.66826 383.58812 159.45268 -285.84073 382.33658 159.45268 -285.03583 380.97238 159.45268 -283.87607 380.91428 159.45268 -282.60815 381.53778 159.45268 -282.03752 382.85047 159.45268 -282.80503 384.08544 159.45268 -284.07163 382.81978 164.62355 -284.07163 382.81978 159.45268 -365.90768 323.28553 200.85275 -367.68135 324.09076 200.85275 -369.82792 323.53721 200.85275 -370.44604 321.41822 200.85275 -370.04542 319.78301 200.85275 -368.43322 318.52038 200.85275 -366.64188 318.48096 200.85275 -365.27028 319.89308 200.85275 -365.22349 321.98889 200.85275 -367.76033 321.25387 209.53655 -367.76033 321.25387 200.85275 -431.71669 386.99761 158.23373 -432.73768 387.14620 158.23373 -433.84510 386.67383 158.23373 -433.73360 385.70591 158.23373 -433.65840 385.05522 158.23373 -432.89760 384.62555 158.23373 -431.97714 384.71321 158.23373 -431.00365 385.64050 158.23373 -431.30455 386.59484 158.23373 -432.53411 385.84893 164.20945 -432.53411 385.84893 158.23373 -436.90653 482.47221 104.00103 -436.36832 480.77321 104.00103 -434.70050 479.84949 104.00103 -432.96540 479.92335 104.00103 -431.81898 480.91766 104.00103 -431.30364 482.77692 104.00103 -432.40536 484.25500 104.00103 -434.32819 484.88999 104.00103 -435.95931 484.15668 104.00103 -434.05065 482.21275 109.47418 -434.05065 482.21275 104.00103 -276.64993 459.83065 114.64570 -277.37138 458.19070 114.64570 -277.00693 456.72191 114.64570 -275.46837 455.98426 114.64570 -273.82322 456.19069 114.64570 -272.70951 456.98519 114.64570 -272.68932 458.93463 114.64570 -273.65969 460.19820 114.64570 -275.49293 460.53389 114.64570 -275.03562 458.13867 119.17235 -275.03562 458.13867 114.64570 -480.15300 364.43031 126.27138 -477.65086 366.59394 126.27138 -476.89944 369.96712 126.27138 -478.47900 372.91874 126.27138 -481.21456 373.96632 126.27138 -484.42249 372.99354 126.27138 -486.22684 370.10026 126.27138 -485.79897 366.89917 126.27138 -483.36945 364.61613 126.27138 -481.58672 369.18068 134.64852 -481.58672 369.18068 126.27138 -462.04272 403.94818 131.70470 -463.21023 403.72170 131.70470 -464.12215 402.81256 131.70470 -463.91336 401.42692 131.70470 -463.07787 400.05694 131.70470 -461.73384 400.24016 131.70470 -460.46381 400.85679 131.70470 -460.11306 401.95222 131.70470 -460.85277 403.42378 131.70470 -462.15955 402.00437 136.94773 -462.15955 402.00437 131.70470 -356.07632 457.73881 123.28060 -355.63558 459.89856 123.28060 -356.46879 461.21139 123.28060 -358.22811 462.10585 123.28060 -360.01268 461.47467 123.28060 -360.87544 459.80043 123.28060 -360.60637 457.76465 123.28060 -359.42381 456.59363 123.28060 -357.56746 456.85896 123.28060 -358.39642 459.28817 128.57396 -358.39642 459.28817 123.28060 -304.60994 285.91534 174.21113 -303.38007 285.38123 174.21113 -301.64205 285.73523 174.21113 -300.45439 287.00632 174.21113 -300.58146 288.35627 174.21113 -301.51669 289.44389 174.21113 -303.19236 290.08458 174.21113 -304.63059 289.12795 174.21113 -305.27768 287.60338 174.21113 -302.73723 287.60150 182.73495 -302.73723 287.60150 174.21113 -439.35281 341.87774 170.38223 -439.14011 343.14393 170.38223 -440.09577 344.14416 170.38223 -441.12978 344.48054 170.38223 -442.19965 344.04588 170.38223 -443.14375 342.67050 170.38223 -442.35466 341.68325 170.38223 -441.50913 340.96406 170.38223 -440.42920 341.10658 170.38223 -441.04249 342.67734 178.16530 -441.04249 342.67734 170.38223 -313.57325 266.08196 128.55598 -312.02166 264.77238 128.55598 -309.80149 264.86127 128.55598 -308.01523 266.08963 128.55598 -307.60004 268.02725 128.55598 -308.70193 270.08833 128.55598 -310.64033 270.50409 128.55598 -312.79675 269.84270 128.55598 -313.87894 268.25003 128.55598 -310.72571 267.60933 138.02886 -310.72571 267.60933 128.55598 -332.37126 445.42790 134.42127 -333.53067 447.06876 134.42127 -335.32732 447.50890 134.42127 -337.28001 446.69410 134.42127 -337.98521 444.83185 134.42127 -337.66915 443.07616 134.42127 -336.05242 441.78469 134.42127 -333.86521 441.93111 134.42127 -332.35781 443.46851 134.42127 -335.23684 444.63716 142.57415 -335.23684 444.63716 134.42127 -362.84153 463.62579 119.54243 -361.29156 465.00397 119.54243 -360.78835 467.05489 119.54243 -362.05361 469.17740 119.54243 -363.95401 469.79225 119.54243 -366.15326 469.22561 119.54243 -367.26728 467.10859 119.54243 -366.61921 465.26379 119.54243 -364.88838 463.89233 119.54243 -364.03824 466.63703 124.85999 -364.03824 466.63703 119.54243 -356.17981 389.81579 171.48525 -357.14498 390.78247 171.48525 -358.39668 390.49435 171.48525 -359.41567 389.71933 171.48525 -359.39177 388.81672 171.48525 -358.73031 387.79728 171.48525 -357.81001 387.37608 171.48525 -356.55572 387.62417 171.48525 -356.14360 388.87204 171.48525 -357.72131 388.98508 179.64998 -357.72131 388.98508 171.48525 -284.16577 310.78259 160.68975 -282.62526 309.35480 160.68975 -280.38435 308.65783 160.68975 -278.68272 309.94718 160.68975 -278.13908 312.11835 160.68975 -278.69328 314.04768 160.68975 -280.72618 315.19309 160.68975 -282.61239 314.79096 160.68975 -284.11798 312.93498 160.68975 -281.14059 311.94812 170.75650 -281.14059 311.94812 160.68975 -282.62642 404.62399 146.57971 -282.30209 406.64685 146.57971 -283.38946 408.90268 146.57971 -285.59458 409.39044 146.57971 -287.76530 408.52330 146.57971 -288.65506 406.57957 146.57971 -288.19041 404.77441 146.57971 -286.52273 403.10746 146.57971 -284.47763 403.20133 146.57971 -285.52161 406.25230 152.70247 -285.52161 406.25230 146.57971 -378.06090 366.15965 186.90072 -376.51686 366.39381 186.90072 -375.13367 367.55325 186.90072 -374.81898 369.59187 186.90072 -375.81264 370.79175 186.90072 -377.89330 371.45482 186.90072 -379.17989 370.49369 186.90072 -380.01781 369.03169 186.90072 -379.39726 367.25275 186.90072 -377.47019 368.66806 195.77124 -377.47019 368.66806 186.90072 -335.53154 326.49777 194.29020 -337.16708 326.72727 194.29020 -338.43469 326.51171 194.29020 -339.05395 325.40785 194.29020 -338.89477 323.98793 194.29020 -338.12919 322.94796 194.29020 -336.41789 322.47570 194.29020 -335.29188 323.56862 194.29020 -334.69751 324.95044 194.29020 -337.09163 324.76083 200.43366 -337.09163 324.76083 194.29020 -468.03488 319.98839 143.49203 -467.95939 321.34294 143.49203 -468.74209 322.46081 143.49203 -470.18306 322.53786 143.49203 -471.31903 322.08755 143.49203 -471.55801 320.49041 143.49203 -471.09967 319.40256 143.49203 -470.12328 318.48787 143.49203 -468.72437 318.71405 143.49203 -469.72012 320.60763 149.15869 -469.72012 320.60763 143.49203 -453.49545 271.92319 140.99765 -454.52752 270.44948 140.99765 -454.61319 268.86372 140.99765 -453.59256 267.60235 140.99765 -452.06021 267.56944 140.99765 -450.62418 268.11428 140.99765 -449.93267 269.91070 140.99765 -450.42283 271.33257 140.99765 -451.78909 271.81647 140.99765 -452.32103 269.72014 148.22621 -452.32103 269.72014 140.99765 -354.75872 392.46814 170.55062 -354.42509 391.35107 170.55062 -353.84472 390.68332 170.55062 -352.68444 390.64886 170.55062 -351.94091 391.43992 170.55062 -352.07580 392.65426 170.55062 -352.62270 393.17464 170.55062 -353.28678 393.76427 170.55062 -354.23116 393.36779 170.55062 -353.34460 392.08034 179.55375 -353.34460 392.08034 170.55062 -345.40525 445.66848 135.32938 -346.91830 446.05048 135.32938 -348.19995 445.18107 135.32938 -349.10999 443.43139 135.32938 -348.31614 441.54479 135.32938 -346.99964 440.87668 135.32938 -345.24679 441.33990 135.32938 -344.23300 442.53577 135.32938 -343.93445 444.30919 135.32938 -346.42245 443.38905 144.36848 -346.42245 443.38905 135.32938 -404.00998 436.80758 130.26499 -403.20567 436.75449 130.26499 -402.03335 436.76713 130.26499 -401.58785 437.77210 130.26499 -401.62624 439.08149 130.26499 -402.79362 439.70036 130.26499 -403.47443 439.67541 130.26499 -404.51733 438.97852 130.26499 -404.57627 438.00715 130.26499 -403.14480 438.19975 137.52989 -403.14480 438.19975 130.26499 -362.36068 470.73158 117.48103 -362.36032 467.58263 117.48103 -360.23872 465.70286 117.48103 -357.24571 465.55401 117.48103 -355.04821 467.29176 117.48103 -354.16273 469.78813 117.48103 -355.73065 472.77222 117.48103 -358.22284 473.63827 117.48103 -361.04583 473.08278 117.48103 -358.46602 469.52203 125.21175 -358.46602 469.52203 117.48103 -374.14054 393.82954 163.08470 -374.31853 394.42606 163.08470 -375.03045 395.02347 163.08470 -376.00184 395.09634 163.08470 -376.43721 394.48626 163.08470 -376.77575 393.42202 163.08470 -376.07038 392.70933 163.08470 -375.40577 392.66547 163.08470 -374.34761 392.83820 163.08470 -375.33264 393.80116 168.10836 -375.33264 393.80116 163.08470 -342.58383 259.02888 159.23359 -344.26183 258.35246 159.23359 -344.81193 256.61052 159.23359 -344.33595 254.80701 159.23359 -342.65376 253.85258 159.23359 -340.54729 254.46383 159.23359 -339.63738 255.50161 159.23359 -339.36304 257.56566 159.23359 -340.84620 258.95441 159.23359 -342.07325 256.62469 165.17470 -342.07325 256.62469 159.23359 -262.90231 400.16388 140.67957 -263.96626 401.90068 140.67957 -266.32701 402.65469 140.67957 -268.34539 401.71665 140.67957 -268.87517 399.73720 140.67957 -268.34704 397.49379 140.67957 -266.37056 396.24023 140.67957 -264.48389 396.42181 140.67957 -263.09101 397.94951 140.67957 -265.85445 399.37387 149.34386 -265.85445 399.37387 140.67957 -377.70942 262.60841 167.70325 -379.14629 260.99509 167.70325 -378.91462 259.22032 167.70325 -377.56943 257.18967 167.70325 -375.32843 257.08566 167.70325 -373.82642 258.17207 167.70325 -373.11657 260.25193 167.70325 -373.63526 262.26309 167.70325 -375.74992 263.39182 167.70325 -376.07501 260.12833 172.59242 -376.07501 260.12833 167.70325 -403.33135 313.61880 184.85321 -405.60068 315.65637 184.85321 -408.42655 316.47807 184.85321 -411.18623 314.86905 184.85321 -412.19466 312.08231 184.85321 -410.99666 309.21520 184.85321 -408.33886 307.56316 184.85321 -405.53884 308.32330 184.85321 -403.70584 310.52271 184.85321 -407.67647 312.09823 194.15025 -407.67647 312.09823 184.85321 -419.37456 453.68579 114.05256 -417.79434 451.83859 114.05256 -415.01715 451.48454 114.05256 -413.01243 452.56789 114.05256 -411.73067 454.90724 114.05256 -412.53555 457.37390 114.05256 -414.81166 458.93115 114.05256 -417.62758 458.15425 114.05256 -419.25130 456.33035 114.05256 -415.67164 455.02098 120.18093 -415.67164 455.02098 114.05256 -359.02294 308.45615 198.48188 -360.12802 307.50037 198.48188 -360.92037 305.69494 198.48188 -359.73230 303.90016 198.48188 -358.15959 303.36389 198.48188 -356.43009 304.24540 198.48188 -355.26223 305.80556 198.48188 -355.51555 307.42165 198.48188 -357.23415 308.73731 198.48188 -358.06691 306.11821 206.68474 -358.06691 306.11821 198.48188 -369.47574 385.41539 170.00800 -367.76298 385.25057 170.00800 -366.16374 386.21735 170.00800 -365.81210 387.90126 170.00800 -366.98745 389.84206 170.00800 -368.50793 390.33642 170.00800 -369.98386 389.46908 170.00800 -370.88132 387.97516 170.00800 -370.62391 386.53408 170.00800 -368.48000 387.66815 176.49625 -368.48000 387.66815 170.00800 -457.64909 457.17493 106.70419 -460.07714 459.34260 106.70419 -463.26113 459.53458 106.70419 -465.36156 457.87399 106.70419 -466.26923 455.05629 106.70419 -464.97972 452.20346 106.70419 -462.20112 450.73857 106.70419 -459.13939 451.68301 106.70419 -457.51348 454.30470 106.70419 -461.79480 455.35602 115.58048 -461.79480 455.35602 106.70419 -376.09531 409.18484 152.68277 -375.21784 407.49730 152.68277 -373.72727 406.79260 152.68277 -371.82420 407.32660 152.68277 -371.13941 408.83587 152.68277 -371.23045 410.77036 152.68277 -372.72375 411.67433 152.68277 -374.15959 411.93731 152.68277 -375.71896 410.97807 152.68277 -373.58214 409.40030 158.50571 -373.58214 409.40030 152.68277 -439.01079 349.04902 166.14308 -439.48480 346.38721 166.14308 -437.73967 343.37329 166.14308 -434.56874 342.45489 166.14308 -431.82138 343.71515 166.14308 -430.58149 346.48864 166.14308 -431.15869 349.40879 166.14308 -433.67440 351.21573 166.14308 -436.39603 351.48224 166.14308 -434.89932 347.10966 172.27903 -434.89932 347.10966 166.14308 -355.42019 277.41213 186.49489 -356.62820 278.00490 186.49489 -357.90456 277.89321 186.49489 -358.78117 276.54190 186.49489 -358.27194 275.50953 186.49489 -357.61976 274.37808 186.49489 -356.11677 274.27567 186.49489 -354.92848 275.24235 186.49489 -354.92096 276.33800 186.49489 -356.69550 276.17518 195.91529 -356.69550 276.17518 186.49489 -373.09869 267.96106 177.24192 -372.48727 266.44595 177.24192 -371.38195 265.70047 177.24192 -369.43068 265.79893 177.24192 -368.30497 266.90801 177.24192 -368.45014 268.59273 177.24192 -369.30697 269.96092 177.24192 -371.10013 270.35607 177.24192 -372.50727 269.31568 177.24192 -370.68827 267.83919 184.26065 -370.68827 267.83919 177.24192 -382.24010 450.60802 125.89464 -383.02963 449.04174 125.89464 -382.14931 448.12977 125.89464 -381.26511 447.22548 125.89464 -379.69674 447.68958 125.89464 -378.91153 448.93038 125.89464 -379.27399 450.05969 125.89464 -379.93552 451.19260 125.89464 -381.19742 451.12956 125.89464 -380.93284 449.26698 130.90400 -380.93284 449.26698 125.89464 -267.16764 267.79136 94.41706 -265.83538 269.86996 94.41706 -266.56317 272.35593 94.41706 -268.74291 273.78083 94.41706 -271.34018 273.61304 94.41706 -273.24337 271.67030 94.41706 -273.28964 269.03674 94.41706 -272.07190 267.07754 94.41706 -269.40963 266.55080 94.41706 -269.81384 270.25598 102.15434 -269.81384 270.25598 94.41706 -368.09893 470.26266 124.67086 -369.52544 470.63781 124.67086 -370.72772 469.73499 124.67086 -371.17950 468.49894 124.67086 -370.55322 467.53250 124.67086 -369.78463 466.52031 124.67086 -368.08785 466.72684 124.67086 -367.40638 467.73738 124.67086 -367.37466 469.01873 124.67086 -369.16042 468.58822 132.73839 -369.16042 468.58822 124.67086 -439.71872 285.78909 154.95311 -438.27311 284.95344 154.95311 -437.13230 285.61445 154.95311 -435.88817 286.94549 154.95311 -436.23129 288.41074 154.95311 -437.30161 289.42641 154.95311 -438.56846 289.79043 154.95311 -440.27799 288.68485 154.95311 -440.46695 287.38687 154.95311 -438.19453 287.49462 159.77144 -438.19453 287.49462 154.95311 -365.75153 296.17576 192.89425 -364.36447 298.18197 192.89425 -364.29006 301.09620 192.89425 -366.41321 303.35977 192.89425 -368.92820 303.53571 192.89425 -371.47391 302.01057 192.89425 -372.07433 299.42362 192.89425 -371.22599 296.61818 192.89425 -368.75177 295.29675 192.89425 -368.16911 299.52870 199.51319 -368.16911 299.52870 192.89425 -366.97272 410.45099 150.14954 -366.49798 411.68683 150.14954 -366.69482 412.87450 150.14954 -368.09490 413.65312 150.14954 -369.55262 413.65067 150.14954 -370.22595 412.81742 150.14954 -370.16781 411.19876 150.14954 -369.29828 409.91792 150.14954 -368.28131 409.79806 150.14954 -368.41767 411.84185 154.92700 -368.41767 411.84185 150.14954 -386.58462 314.77610 198.57610 -384.75859 314.95265 198.57610 -383.82286 316.27582 198.57610 -383.62543 317.69599 198.57610 -384.82431 319.08095 198.57610 -386.49190 319.43831 198.57610 -387.97649 318.62222 198.57610 -388.51131 317.11652 198.57610 -388.15015 315.50028 198.57610 -386.14161 317.10351 206.89461 -386.14161 317.10351 198.57610 -286.79891 345.34554 166.02282 -285.21017 347.05420 166.02282 -285.02193 349.50200 166.02282 -286.16765 351.59402 166.02282 -288.85711 352.07939 166.02282 -290.71147 350.69219 166.02282 -291.63545 348.87646 166.02282 -291.24837 346.30812 166.02282 -289.25986 345.11058 166.02282 -288.29028 348.47743 174.76022 -288.29028 348.47743 166.02282 -434.91471 476.28160 109.56113 -434.54862 478.06739 109.56113 -435.50004 479.11930 109.56113 -436.77447 479.50083 109.56113 -438.18787 479.10950 109.56113 -438.81662 477.68876 109.56113 -438.51886 476.37545 109.56113 -437.41161 475.15934 109.56113 -436.04327 475.42030 109.56113 -436.75125 477.40966 118.45647 -436.75125 477.40966 109.56113 -314.09941 267.42011 153.26392 -312.77642 269.42421 153.26392 -313.21074 271.84570 153.26392 -315.44870 273.60452 153.26392 -317.81695 273.69952 153.26392 -319.83751 271.98349 153.26392 -320.58251 269.79555 153.26392 -319.07494 267.55889 153.26392 -316.89785 266.55325 153.26392 -316.67905 270.23150 162.93539 -316.67905 270.23150 153.26392 -255.29052 353.29431 161.53793 -255.72197 354.71704 161.53793 -256.78912 355.02881 161.53793 -258.18236 355.01953 161.53793 -258.82068 354.10061 161.53793 -258.65110 352.53267 161.53793 -257.90313 351.85672 161.53793 -257.00072 351.49971 161.53793 -255.81264 352.39820 161.53793 -257.10822 353.37048 170.80790 -257.10822 353.37048 161.53793 -478.88526 270.91951 134.70419 -478.17365 270.01391 134.70419 -476.66040 270.11356 134.70419 -475.54391 270.66783 134.70419 -475.26190 272.16515 134.70419 -475.61253 273.31796 134.70419 -477.10656 273.76147 134.70419 -478.50597 273.63907 134.70419 -479.09155 272.58725 134.70419 -477.15661 271.91285 142.88699 -477.15661 271.91285 134.70419 -251.69180 303.41607 148.14111 -250.51702 303.38626 148.14111 -248.95891 303.86813 148.14111 -248.42321 305.09574 148.14111 -249.01267 306.39299 148.14111 -250.24463 307.24815 148.14111 -251.36104 307.26792 148.14111 -252.41309 306.20473 148.14111 -252.46317 304.62071 148.14111 -250.58232 305.28319 154.01059 -250.58232 305.28319 148.14111 -360.75474 353.72416 186.69252 -361.39029 355.46043 186.69252 -363.15102 356.34869 186.69252 -364.91013 356.06481 186.69252 -366.12130 354.79887 186.69252 -366.22943 352.75465 186.69252 -365.31495 351.29569 186.69252 -363.44616 350.93674 186.69252 -361.72509 352.04834 186.69252 -363.65677 353.76190 196.38422 -363.65677 353.76190 186.69252 -347.23294 470.96423 115.99435 -345.01187 469.10587 115.99435 -342.04092 469.40586 115.99435 -340.33906 471.62292 115.99435 -340.01254 474.55844 115.99435 -341.62255 476.73805 115.99435 -344.61571 477.49685 115.99435 -347.26658 476.15450 115.99435 -348.32323 473.75024 115.99435 -344.04833 473.35334 122.56831 -344.04833 473.35334 115.99435 -367.15471 444.79649 129.82671 -367.19320 447.09156 129.82671 -368.87758 448.66786 129.82671 -371.01871 448.82091 129.82671 -372.99372 447.55819 129.82671 -373.22512 445.32078 129.82671 -372.53945 443.19215 129.82671 -370.21919 442.40565 129.82671 -368.33373 442.88840 129.82671 -370.15710 445.63208 137.92894 -370.15710 445.63208 129.82671 -398.46635 355.37442 189.18920 -399.47312 354.77303 189.18920 -400.32280 353.89087 189.18920 -400.22811 352.40311 189.18920 -399.36772 351.38437 189.18920 -398.01742 351.03589 189.18920 -396.46834 352.23159 189.18920 -396.32468 353.66675 189.18920 -396.80889 354.66111 189.18920 -398.40046 353.26296 198.83358 -398.40046 353.26296 189.18920 -294.82435 441.82879 130.18826 -295.75139 442.71277 130.18826 -297.27113 442.78671 130.18826 -298.14216 441.80263 130.18826 -298.12271 440.68566 130.18826 -297.78038 439.64108 130.18826 -296.40950 439.20645 130.18826 -295.22507 439.49034 130.18826 -294.71903 440.74572 130.18826 -296.43632 440.93922 134.64297 -296.43632 440.93922 130.18826 -294.32823 305.75314 167.47167 -291.80130 305.71927 167.47167 -290.20756 307.20798 167.47167 -289.71816 308.91748 167.47167 -291.12288 311.14395 167.47167 -292.79482 311.73810 167.47167 -295.19471 311.08719 167.47167 -296.34367 309.42689 167.47167 -295.67186 306.99869 167.47167 -293.02065 308.61094 173.20847 -293.02065 308.61094 167.47167 -360.64618 403.02437 155.99278 -359.85677 402.08325 155.99278 -358.49137 402.21339 155.99278 -357.68980 403.40804 155.99278 -357.68169 404.75941 155.99278 -358.41937 405.27655 155.99278 -359.83895 405.48392 155.99278 -360.82923 405.04851 155.99278 -361.23868 403.87317 155.99278 -359.40180 403.95314 160.42141 -359.40180 403.95314 155.99278 -309.81853 394.04635 158.44600 -311.66461 393.32263 158.44600 -312.37132 391.53945 158.44600 -312.18676 389.77178 158.44600 -310.84681 388.23797 158.44600 -308.91370 388.53439 158.44600 -307.38852 389.59215 158.44600 -307.04658 391.32744 158.44600 -307.90588 393.13787 158.44600 -309.66174 391.05872 166.42225 -309.66174 391.05872 158.44600 -342.72629 471.23381 121.58994 -341.85585 472.61078 121.58994 -342.27348 474.43483 121.58994 -343.35638 475.26184 121.58994 -345.18241 475.50196 121.58994 -346.46285 474.26685 121.58994 -346.55181 472.86833 121.58994 -345.75144 471.43493 121.58994 -344.29068 470.63744 121.58994 -344.34145 473.22512 127.36425 -344.34145 473.22512 121.58994 -339.73731 394.53243 160.98540 -340.60114 392.48212 160.98540 -340.19818 390.26057 160.98540 -338.28239 388.78262 160.98540 -336.20870 389.04250 160.98540 -334.18071 390.20808 160.98540 -334.22484 392.76577 160.98540 -335.10527 394.59569 160.98540 -337.57709 395.42133 160.98540 -337.35964 392.03942 169.31927 -337.35964 392.03942 160.98540 -295.08347 412.03098 142.54590 -293.85902 411.72657 142.54590 -292.24756 412.45125 142.54590 -291.33347 413.87484 142.54590 -291.46089 415.35777 142.54590 -292.86581 416.69545 142.54590 -294.42068 416.49811 142.54590 -295.79320 415.42159 142.54590 -296.27712 413.68709 142.54590 -293.71115 414.15218 150.83863 -293.71115 414.15218 142.54590 -349.41334 394.01771 163.85465 -351.03626 392.60120 163.85465 -351.52162 389.97212 163.85465 -350.15787 388.10488 163.85465 -347.87182 387.12127 163.85465 -346.00778 388.28682 163.85465 -344.81507 390.25155 163.85465 -345.13455 392.52040 163.85465 -346.89939 394.12678 163.85465 -348.11394 390.75252 169.63293 -348.11394 390.75252 163.85465 -393.77285 413.46519 142.27532 -391.88240 411.81237 142.27532 -389.53254 411.72812 142.27532 -387.28144 413.33736 142.27532 -387.06763 415.95401 142.27532 -388.25694 418.31001 142.27532 -390.84430 418.97647 142.27532 -393.02508 418.39278 142.27532 -394.45806 416.18170 142.27532 -390.72128 415.28821 153.91518 -390.72128 415.28821 142.27532 -439.27289 447.98163 114.65070 -437.07680 448.36485 114.65070 -435.95457 450.02731 114.65070 -436.03003 452.27657 114.65070 -437.80518 453.89775 114.65070 -439.75006 453.96878 114.65070 -441.18229 452.59051 114.65070 -441.87902 450.80160 114.65070 -441.10628 448.84973 114.65070 -438.85844 450.97396 122.98436 -438.85844 450.97396 114.65070 -385.82319 397.80935 158.80027 -387.06974 399.68166 158.80027 -389.40345 400.44577 158.80027 -391.48402 399.21953 158.80027 -392.20600 397.07440 158.80027 -391.66865 394.74587 158.80027 -389.77064 393.57302 158.80027 -387.77929 393.92062 158.80027 -385.81030 395.40532 158.80027 -389.03307 396.93633 166.31856 -389.03307 396.93633 158.80027 -336.73867 396.93082 164.19197 -338.62660 398.27827 164.19197 -340.57380 397.79494 164.19197 -341.92125 396.20407 164.19197 -342.09866 394.21021 164.19197 -340.87613 392.38371 164.19197 -338.71782 392.10757 164.19197 -336.95349 392.88093 164.19197 -336.04052 394.97741 164.19197 -339.07329 395.19781 173.85717 -339.07329 395.19781 164.19197 -457.98670 319.64041 152.78665 -459.73657 319.12853 152.78665 -460.77906 317.13555 152.78665 -460.10653 315.40393 152.78665 -458.88607 314.13147 152.78665 -457.03292 314.23149 152.78665 -455.68750 315.78772 152.78665 -455.06240 317.60230 152.78665 -456.28834 319.01421 152.78665 -457.99471 316.92946 162.73380 -457.99471 316.92946 152.78665 -392.10000 379.50010 165.30166 -389.54183 382.16255 165.30166 -389.64831 385.36104 165.30166 -391.82981 387.82610 165.30166 -395.02452 388.46767 165.30166 -397.94180 387.08259 165.30166 -399.16442 383.81346 165.30166 -398.08233 380.77420 165.30166 -395.14313 379.17320 165.30166 -394.31497 383.80797 173.61716 -394.31497 383.80797 165.30166 -488.78808 337.60536 126.94323 -488.62620 338.19512 126.94323 -488.82477 339.31384 126.94323 -489.81502 339.87171 126.94323 -490.46913 339.80660 126.94323 -491.21307 339.19854 126.94323 -491.24544 338.06699 126.94323 -490.66874 337.29834 126.94323 -489.70813 336.86599 126.94323 -489.93156 338.45532 131.43830 -489.93156 338.45532 126.94323 -314.79759 277.80182 170.37435 -314.02784 280.27298 170.37435 -315.11826 282.25465 170.37435 -317.42707 283.50067 170.37435 -319.57647 282.57196 170.37435 -321.22775 280.51618 170.37435 -320.51378 278.27226 170.37435 -318.89326 276.41283 170.37435 -316.56759 276.39392 170.37435 -317.59212 279.85445 176.28604 -317.59212 279.85445 170.37435 -271.35313 461.03769 118.22806 -272.16885 462.55478 118.22806 -273.47225 463.06202 118.22806 -274.92884 462.61856 118.22806 -275.80964 461.13067 118.22806 -275.46841 459.40186 118.22806 -274.36276 458.46661 118.22806 -272.73257 458.31592 118.22806 -271.40919 459.28228 118.22806 -273.55053 460.55302 126.45623 -273.55053 460.55302 118.22806 -377.55780 478.16989 114.17849 -378.85392 477.17012 114.17849 -379.49447 475.72753 114.17849 -378.35735 474.07643 114.17849 -376.85035 473.13367 114.17849 -375.24097 473.62329 114.17849 -374.14711 475.02688 114.17849 -374.16217 477.07780 114.17849 -375.56478 478.21052 114.17849 -376.66005 475.77901 125.80446 -376.66005 475.77901 114.17849 -461.00003 318.03581 143.57639 -463.81697 317.71728 143.57639 -466.04419 315.41999 143.57639 -465.64073 312.59573 143.57639 -464.17980 310.40744 143.57639 -460.97861 309.55513 143.57639 -458.77181 310.97519 143.57639 -457.51926 314.09632 143.57639 -458.47019 316.59171 143.57639 -461.88155 313.93994 150.50154 -461.88155 313.93994 143.57639 -450.03826 344.03735 155.29656 -452.55455 343.68493 155.29656 -454.20148 341.94944 155.29656 -454.18225 339.46601 155.29656 -452.31037 337.59171 155.29656 -449.83833 336.99690 155.29656 -447.91164 338.15840 155.29656 -447.05813 340.54629 155.29656 -448.00895 343.01529 155.29656 -450.67853 340.54009 164.72845 -450.67853 340.54009 155.29656 -252.76154 293.35709 145.37908 -254.29232 292.67595 145.37908 -255.02423 291.55473 145.37908 -254.33091 290.12301 145.37908 -253.08644 289.24098 145.37908 -251.66097 289.59847 145.37908 -250.60809 290.49241 145.37908 -250.52788 292.04065 145.37908 -251.52752 293.20791 145.37908 -252.66689 291.38176 152.41958 -252.66689 291.38176 145.37908 -252.10608 302.36317 146.04363 -251.26159 302.50447 146.04363 -250.08316 302.58736 146.04363 -249.81311 303.52680 146.04363 -250.11123 304.85142 146.04363 -250.76153 305.12895 146.04363 -252.03944 305.35885 146.04363 -252.88290 304.40167 146.04363 -252.50416 303.16922 146.04363 -251.27339 303.79274 150.52569 -251.27339 303.79274 146.04363 -358.79027 420.29807 147.21333 -360.37368 419.80058 147.21333 -361.51834 417.92354 147.21333 -360.79249 415.71502 147.21333 -358.99201 414.95618 147.21333 -357.26500 414.87561 147.21333 -355.59378 416.18968 147.21333 -355.39214 418.09193 147.21333 -356.74384 420.14290 147.21333 -358.43525 417.57277 154.60126 -358.43525 417.57277 147.21333 -268.46524 417.21080 134.49723 -270.65817 415.29524 134.49723 -271.00224 412.84820 134.49723 -269.91343 410.81104 134.49723 -267.48467 409.85437 134.49723 -265.40312 410.41209 134.49723 -263.74508 412.46867 134.49723 -264.22897 415.11413 134.49723 -265.81313 416.82801 134.49723 -267.40881 413.48952 145.03872 -267.40881 413.48952 134.49723 -284.48875 340.05704 168.51499 -284.12325 341.31173 168.51499 -284.65490 342.40196 168.51499 -285.83497 343.01974 168.51499 -287.34164 342.68604 168.51499 -288.02025 341.74563 168.51499 -287.97230 340.37022 168.51499 -287.23717 339.65257 168.51499 -285.88361 339.45294 168.51499 -286.13410 341.21257 175.75180 -286.13410 341.21257 168.51499 -298.69754 384.81645 164.47366 -298.06697 384.87745 164.47366 -297.26951 385.12747 164.47366 -296.68390 386.41982 164.47366 -297.13633 387.33102 164.47366 -298.09195 387.69000 164.47366 -299.21889 387.18317 164.47366 -299.67660 386.63746 164.47366 -299.44002 385.39057 164.47366 -298.24298 386.16480 171.16266 -298.24298 386.16480 164.47366 -384.39346 413.04798 143.61171 -382.53867 411.10957 143.61171 -379.50036 410.40027 143.61171 -377.30323 411.76657 143.61171 -376.11417 414.40335 143.61171 -377.27250 417.24753 143.61171 -379.77901 418.55941 143.61171 -382.55955 417.90672 143.61171 -384.22719 416.20731 143.61171 -380.38864 414.60070 153.40656 -380.38864 414.60070 143.61171 -461.00894 326.69940 155.01417 -459.72172 326.70873 155.01417 -458.99067 327.42972 155.01417 -458.79556 328.45488 155.01417 -459.37497 329.25640 155.01417 -460.44298 329.56481 155.01417 -461.27262 329.50170 155.01417 -461.77755 328.51870 155.01417 -461.88667 327.50006 155.01417 -460.40519 328.08244 163.36930 -460.40519 328.08244 155.01417 -406.74676 253.64104 159.08210 -405.89716 254.05145 159.08210 -405.02228 254.32461 159.08210 -405.27338 255.28713 159.08210 -405.82732 256.11385 159.08210 -406.47300 256.57943 159.08210 -407.42434 256.06775 159.08210 -407.80431 255.19371 159.08210 -407.50266 254.15522 159.08210 -406.47534 255.09611 166.97551 -406.47534 255.09611 159.08210 -259.65275 276.41798 119.67045 -260.95792 277.83177 119.67045 -262.41922 278.16594 119.67045 -263.88602 277.18678 119.67045 -264.53430 275.84352 119.67045 -264.12898 274.33458 119.67045 -262.85527 273.16253 119.67045 -260.86147 273.67346 119.67045 -260.05135 274.83392 119.67045 -262.17263 275.70815 126.71898 -262.17263 275.70815 119.67045 -451.23976 409.65704 137.97506 -452.54737 410.58665 137.97506 -454.46159 410.72122 137.97506 -455.73962 409.45915 137.97506 -456.12506 407.59087 137.97506 -455.05874 405.72640 137.97506 -453.21744 405.50477 137.97506 -451.27388 406.26405 137.97506 -450.65669 407.91676 137.97506 -453.30590 408.07814 144.81820 -453.30590 408.07814 137.97506 -286.19961 443.21734 125.97697 -288.65798 444.66384 125.97697 -291.56673 444.18823 125.97697 -293.25468 442.11143 125.97697 -293.48778 439.58367 125.97697 -291.74756 437.23218 125.97697 -289.09555 436.68089 125.97697 -286.39717 437.92271 125.97697 -285.43715 440.74417 125.97697 -289.58139 440.75073 136.28712 -289.58139 440.75073 125.97697 -302.30120 310.24384 173.57224 -300.33265 309.67954 173.57224 -298.14132 310.63784 173.57224 -297.33848 312.33501 173.57224 -297.72385 314.64938 173.57224 -299.40053 315.84193 173.57224 -301.76820 316.03206 173.57224 -303.08924 314.35074 173.57224 -303.54627 312.35255 173.57224 -300.39892 312.83395 180.77473 -300.39892 312.83395 173.57224 -303.31195 342.53309 175.62550 -304.88049 342.82196 175.62550 -306.53539 341.75748 175.62550 -306.94070 340.27452 175.62550 -306.28554 338.61021 175.62550 -304.68001 337.73122 175.62550 -303.32316 337.78952 175.62550 -302.19266 339.18593 175.62550 -301.94039 340.83781 175.62550 -304.46747 340.10231 182.14962 -304.46747 340.10231 175.62550 -321.00579 394.43655 159.39286 -321.41314 397.32001 159.39286 -323.39130 398.80263 159.39286 -326.37657 398.90804 159.39286 -328.34586 397.28464 159.39286 -328.74895 394.55113 159.39286 -327.34862 392.45674 159.39286 -325.02199 391.30194 159.39286 -322.70287 392.17757 159.39286 -324.94010 395.34440 170.53110 -324.94010 395.34440 159.39286 -324.74829 364.38676 177.77296 -324.83805 362.62492 177.77296 -323.36883 361.59535 177.77296 -321.74557 361.61539 177.77296 -320.28741 362.57096 177.77296 -320.03893 364.09747 177.77296 -320.72719 365.68059 177.77296 -322.40177 366.19291 177.77296 -324.16163 365.91173 177.77296 -322.43733 363.81500 183.37000 -322.43733 363.81500 177.77296 -267.35844 310.54886 153.38594 -268.70612 311.66672 153.38594 -270.54257 311.15456 153.38594 -271.67619 309.42634 153.38594 -271.57473 307.80133 153.38594 -270.21999 306.44069 153.38594 -268.74016 306.22435 153.38594 -266.81921 306.89798 153.38594 -266.41108 308.92282 153.38594 -269.17253 308.78545 162.49637 -269.17253 308.78545 153.38594 -467.59198 415.68115 125.86599 -465.60928 415.16572 125.86599 -464.34682 416.14482 125.86599 -463.51352 417.78550 125.86599 -464.30619 419.76345 125.86599 -465.75032 420.61153 125.86599 -467.53109 420.23088 125.86599 -468.62831 418.74424 125.86599 -468.63556 417.06045 125.86599 -466.29738 417.87574 134.30698 -466.29738 417.87574 125.86599 -436.71775 440.93908 118.41957 -439.47259 442.24680 118.41957 -442.34358 441.10444 118.41957 -443.84905 439.04102 118.41957 -443.62752 436.06561 118.41957 -441.68872 434.19497 118.41957 -438.58831 434.10060 118.41957 -436.32566 435.64082 118.41957 -435.68978 438.53641 118.41957 -439.79902 437.98274 128.52809 -439.79902 437.98274 118.41957 -405.13406 347.70943 190.04477 -405.89939 346.92398 190.04477 -406.03630 346.01131 190.04477 -405.23818 345.03661 190.04477 -404.57715 344.86539 190.04477 -403.23620 345.32576 190.04477 -402.89604 345.84814 190.04477 -403.19041 347.20724 190.04477 -404.21949 347.90647 190.04477 -404.47045 346.28130 195.98688 -404.47045 346.28130 190.04477 -446.74981 431.55391 121.40824 -447.72679 433.41810 121.40824 -449.61137 434.24392 121.40824 -451.36925 433.77162 121.40824 -452.87977 431.94292 121.40824 -452.38580 430.17500 121.40824 -451.24953 428.84273 121.40824 -449.33928 428.37745 121.40824 -447.50694 429.89726 121.40824 -449.86013 431.38124 126.87031 -449.86013 431.38124 121.40824 -389.99226 471.36135 114.34430 -390.83321 473.13550 114.34430 -392.89911 473.80127 114.34430 -394.30400 472.87541 114.34430 -395.46139 471.52726 114.34430 -395.36934 469.38833 114.34430 -394.02700 468.25110 114.34430 -391.91170 468.37784 114.34430 -390.31937 469.68104 114.34430 -392.82963 470.89159 122.06354 -392.82963 470.89159 114.34430 -411.97711 386.08283 157.71429 -409.61203 386.40668 157.71429 -407.91629 388.10822 157.71429 -407.93088 389.87034 157.71429 -409.04910 391.94021 157.71429 -411.29386 392.53954 157.71429 -413.08773 391.64643 157.71429 -413.92863 389.64091 157.71429 -413.39050 387.56524 157.71429 -410.90549 389.32121 165.28336 -410.90549 389.32121 157.71429 -348.85422 413.78249 148.29184 -350.93792 416.46617 148.29184 -354.06378 416.96878 148.29184 -356.92928 415.42465 148.29184 -358.00099 412.29661 148.29184 -357.08426 409.33740 148.29184 -354.36598 407.53120 148.29184 -351.03508 408.14925 148.29184 -348.64163 410.77054 148.29184 -353.29283 412.34540 157.55067 -353.29283 412.34540 148.29184 -343.12591 285.81183 184.79684 -344.03300 287.42327 184.79684 -345.92476 288.16527 184.79684 -347.92063 287.96723 184.79684 -349.12127 286.37184 184.79684 -348.59156 284.00102 184.79684 -347.57704 282.81035 184.79684 -345.51180 282.72010 184.79684 -343.61669 283.66905 184.79684 -346.12342 285.37899 191.52028 -346.12342 285.37899 184.79684 -327.52870 343.44181 188.15412 -327.89014 342.44093 188.15412 -327.23413 341.82720 188.15412 -326.54887 341.31705 188.15412 -325.35330 341.08743 188.15412 -324.83198 341.98568 188.15412 -324.98739 342.94624 188.15412 -325.65112 343.73209 188.15412 -326.22896 344.10703 188.15412 -326.23445 342.58125 195.37480 -326.23445 342.58125 188.15412 -394.56162 445.69117 126.71317 -395.33269 444.18856 126.71317 -394.59102 441.98352 126.71317 -393.26825 441.15265 126.71317 -391.23903 441.14206 126.71317 -389.64134 442.60496 126.71317 -389.78232 444.53009 126.71317 -390.52861 446.10429 126.71317 -392.36575 446.78066 126.71317 -392.32942 443.77331 135.65150 -392.32942 443.77331 126.71317 -471.62247 384.06000 137.18318 -473.58605 382.45994 137.18318 -474.27876 379.91579 137.18318 -472.94308 377.53614 137.18318 -470.44842 376.64670 137.18318 -468.08640 377.25341 137.18318 -466.54035 379.63902 137.18318 -466.95740 382.27187 137.18318 -468.73086 383.88032 137.18318 -470.37345 380.43037 146.60695 -470.37345 380.43037 137.18318 -474.32804 441.96335 114.29818 -472.15598 440.42761 114.29818 -469.65436 440.42616 114.29818 -467.65322 442.62344 114.29818 -467.35732 444.92144 114.29818 -469.15241 447.05484 114.29818 -471.65034 447.84433 114.29818 -473.76653 446.79385 114.29818 -474.96547 444.49406 114.29818 -471.10039 444.00809 123.23080 -471.10039 444.00809 114.29818 -466.94827 302.80889 139.94667 -468.82726 302.85925 139.94667 -470.48793 301.27559 139.94667 -470.50161 299.10901 139.94667 -469.39463 297.55050 139.94667 -467.25015 297.13412 139.94667 -465.61752 297.86733 139.94667 -464.54052 299.78838 139.94667 -465.43333 301.84589 139.94667 -467.72727 300.07033 146.20671 -467.72727 300.07033 139.94667 -327.95050 465.26130 125.35274 -329.43647 464.58940 125.35274 -330.40149 462.99511 125.35274 -329.81010 461.00728 125.35274 -328.52302 460.01999 125.35274 -326.56461 460.11165 125.35274 -325.30293 461.47735 125.35274 -324.93620 463.09074 125.35274 -325.81489 464.67800 125.35274 -327.60946 462.49110 130.93415 -327.60946 462.49110 125.35274 -344.71415 473.44722 119.76441 -342.25461 473.67255 119.76441 -340.79938 475.22923 119.76441 -340.50644 477.69330 119.76441 -341.91579 479.30552 119.76441 -344.08672 479.70612 119.76441 -346.18562 478.83272 119.76441 -346.77430 476.85196 119.76441 -346.32160 474.81157 119.76441 -343.71727 476.69112 128.89483 -343.71727 476.69112 119.76441 -394.83694 287.06258 184.62882 -393.30040 286.80245 184.62882 -391.41908 287.08365 184.62882 -390.78947 288.84154 184.62882 -391.01050 290.70869 184.62882 -392.19927 291.55774 184.62882 -394.10378 291.70739 184.62882 -395.26174 290.38692 184.62882 -395.72858 288.88753 184.62882 -393.18878 289.27260 190.93662 -393.18878 289.27260 184.62882 -272.08936 424.68426 135.40728 -272.79019 426.03321 135.40728 -274.54989 426.65233 135.40728 -276.27476 425.97821 135.40728 -276.73521 424.87437 135.40728 -276.67742 422.93319 135.40728 -275.43040 422.15952 135.40728 -273.91432 422.10920 135.40728 -272.29336 423.23750 135.40728 -274.56154 424.27786 141.40678 -274.56154 424.27786 135.40728 -374.57503 392.10428 164.52281 -376.57266 389.46262 164.52281 -376.86349 386.64541 164.52281 -375.08908 383.82404 164.52281 -371.98981 382.91042 164.52281 -369.28151 384.39985 164.52281 -367.78428 387.14511 164.52281 -368.89998 390.46181 164.52281 -371.27187 392.26698 164.52281 -372.49625 387.69878 174.30156 -372.49625 387.69878 164.52281 -402.38959 427.38465 138.65414 -400.98164 426.61846 138.65414 -399.93412 427.38157 138.65414 -399.19051 428.47026 138.65414 -399.04335 429.83630 138.65414 -400.54407 430.83855 138.65414 -401.78437 430.63858 138.65414 -402.80891 429.94694 138.65414 -403.33106 428.72342 138.65414 -401.08055 428.89419 147.40581 -401.08055 428.89419 138.65414 -378.31063 378.34257 180.58718 -378.75519 378.98661 180.58718 -379.81669 379.04568 180.58718 -381.01916 378.35780 180.58718 -381.47195 377.31713 180.58718 -380.78765 376.55498 180.58718 -380.05733 376.01697 180.58718 -378.65560 376.30966 180.58718 -378.18868 376.86318 180.58718 -379.69012 377.54945 189.51849 -379.69012 377.54945 180.58718 -342.70218 481.94595 113.95548 -344.62289 479.95800 113.95548 -344.94040 477.27844 113.95548 -343.76456 475.28380 113.95548 -341.24191 474.53185 113.95548 -338.83511 475.56328 113.95548 -337.49158 477.94374 113.95548 -338.07318 480.28913 113.95548 -340.43727 481.91954 113.95548 -341.34794 478.36862 121.23979 -341.34794 478.36862 113.95548 -299.86829 402.63847 154.63265 -300.61328 401.70937 154.63265 -300.80691 400.53794 154.63265 -299.91325 400.25552 154.63265 -299.06087 399.75646 154.63265 -298.44603 400.15675 154.63265 -297.89382 401.42630 154.63265 -298.09406 402.04314 154.63265 -299.21221 402.77043 154.63265 -299.31480 401.26134 159.32798 -299.31480 401.26134 154.63265 -331.57727 340.16123 182.15191 -328.77679 339.79220 182.15191 -326.15998 341.96494 182.15191 -325.72339 344.90985 182.15191 -326.77670 347.55463 182.15191 -329.80613 348.70775 182.15191 -332.61987 347.56416 182.15191 -334.24430 345.30991 182.15191 -333.86926 341.96291 182.15191 -329.91703 344.21399 190.54838 -329.91703 344.21399 182.15191 -471.45050 368.83652 132.36079 -470.73762 370.71825 132.36079 -471.29199 372.86337 132.36079 -472.71112 373.50993 132.36079 -474.63608 373.36316 132.36079 -476.27230 372.12531 132.36079 -476.19131 370.12090 132.36079 -475.15017 368.67731 132.36079 -473.32262 367.94295 132.36079 -473.50512 370.89770 141.35221 -473.50512 370.89770 132.36079 -439.37920 313.25096 164.00764 -440.26852 310.36592 164.00764 -439.57947 307.09818 164.00764 -436.89304 305.86263 164.00764 -433.61999 306.12932 164.00764 -431.50082 308.43268 164.00764 -431.70464 311.40850 164.00764 -433.45669 314.22995 164.00764 -436.71826 314.65180 164.00764 -435.89573 310.11456 172.68201 -435.89573 310.11456 164.00764 -478.93541 275.03702 134.96736 -479.33103 274.30964 134.96736 -479.53711 273.47346 134.96736 -478.81134 272.47608 134.96736 -477.92381 272.48304 134.96736 -477.22452 272.98217 134.96736 -476.90471 273.56698 134.96736 -477.16178 274.65677 134.96736 -477.82221 275.04853 134.96736 -478.16060 273.82076 143.34703 -478.16060 273.82076 134.96736 -378.70515 411.20663 147.52937 -380.92317 412.75487 147.52937 -382.99646 412.13708 147.52937 -384.50295 410.44730 147.52937 -384.49182 407.87468 147.52937 -383.13566 406.15263 147.52937 -380.55788 405.75694 147.52937 -378.51557 406.84098 147.52937 -378.09732 409.38618 147.52937 -381.40378 409.14514 157.44651 -381.40378 409.14514 147.52937 -432.26994 346.51412 169.11570 -430.46386 346.04001 169.11570 -429.19860 347.14850 169.11570 -428.69000 348.75948 169.11570 -429.64642 350.41146 169.11570 -431.29120 351.14323 169.11570 -432.93683 350.73379 169.11570 -433.81418 349.41524 169.11570 -433.47043 347.39741 169.11570 -431.25225 348.65404 176.94819 -431.25225 348.65404 169.11570 -445.70804 382.90019 147.39659 -448.72733 384.31107 147.39659 -451.98967 383.61946 147.39659 -453.55432 381.42473 147.39659 -453.53319 377.97157 147.39659 -451.56493 375.75229 147.39659 -448.45507 375.34112 147.39659 -445.68563 376.81004 147.39659 -444.46882 379.99638 147.39659 -449.35751 379.72640 156.81638 -449.35751 379.72640 147.39659 -329.71415 353.14561 183.32643 -329.22046 352.07559 183.32643 -328.42712 351.74230 183.32643 -327.45300 351.52620 183.32643 -326.70341 352.64536 183.32643 -326.65590 353.76439 183.32643 -327.22752 354.92441 183.32643 -328.53555 355.03971 183.32643 -329.27846 354.22021 183.32643 -328.08452 353.24254 188.97137 -328.08452 353.24254 183.32643 -324.23200 447.16709 132.13181 -325.91343 445.65227 132.13181 -326.09389 443.08126 132.13181 -324.74886 441.34545 132.13181 -322.58363 440.93758 132.13181 -320.72283 441.60655 132.13181 -319.61017 443.70325 132.13181 -320.10549 445.60067 132.13181 -322.19355 447.00156 132.13181 -322.91142 444.03305 137.86975 -322.91142 444.03305 132.13181 -392.20336 435.76279 128.35115 -395.13080 435.68212 128.35115 -397.41260 433.74746 128.35115 -398.04836 430.82812 128.35115 -396.12989 428.09998 128.35115 -393.59019 427.39139 128.35115 -390.82437 428.42080 128.35115 -389.19854 431.16847 128.35115 -389.67089 434.15963 128.35115 -393.60914 431.66774 134.42665 -393.60914 431.66774 128.35115 -347.67355 424.90113 140.50910 -347.30533 427.32475 140.50910 -348.71254 429.58580 140.50910 -350.98039 430.24838 140.50910 -353.33155 429.56493 140.50910 -354.51241 427.31272 140.50910 -354.16533 425.04275 140.50910 -352.29584 423.04017 140.50910 -349.72116 423.32013 140.50910 -351.01747 426.68541 151.61687 -351.01747 426.68541 140.50910 -445.49231 354.31063 159.51346 -444.16686 354.25444 159.51346 -442.61198 354.85464 159.51346 -441.80347 356.82334 159.51346 -442.62054 358.22857 159.51346 -443.88121 358.90259 159.51346 -445.65615 358.66973 159.51346 -446.72586 357.51403 159.51346 -446.96244 355.84448 159.51346 -444.46260 356.62354 165.16277 -444.46260 356.62354 159.51346 -370.54585 369.19794 177.83168 -369.50791 367.22537 177.83168 -367.45455 366.47057 177.83168 -364.80023 367.29939 177.83168 -363.66690 369.12760 177.83168 -364.11690 371.37497 177.83168 -366.05312 373.29131 177.83168 -368.54905 373.36225 177.83168 -370.24793 371.88992 177.83168 -367.21672 369.90722 189.15136 -367.21672 369.90722 177.83168 -475.18826 456.20762 112.23494 -473.96491 456.33119 112.23494 -472.96976 457.74814 112.23494 -473.32950 459.14988 112.23494 -474.02707 459.84602 112.23494 -475.53072 460.20183 112.23494 -476.60720 459.54164 112.23494 -477.12275 458.17198 112.23494 -476.59378 456.84466 112.23494 -475.10963 458.22255 120.26013 -475.10963 458.22255 112.23494 -443.50718 482.73720 100.66711 -442.65098 483.74175 100.66711 -443.03043 484.95611 100.66711 -444.15510 485.80303 100.66711 -445.41880 485.94214 100.66711 -446.63412 485.04880 100.66711 -446.76489 483.52132 100.66711 -445.82729 482.46011 100.66711 -444.78665 482.01146 100.66711 -444.76169 484.00581 107.72229 -444.76169 484.00581 100.66711 -260.65533 376.15057 153.91109 -261.51162 378.18390 153.91109 -263.80299 379.08270 153.91109 -266.07725 378.10831 153.91109 -267.25499 376.13544 153.91109 -266.91989 373.79551 153.91109 -264.80730 372.27682 153.91109 -262.77773 372.31763 153.91109 -260.77960 373.95692 153.91109 -263.79068 375.51556 162.44601 -263.79068 375.51556 153.91109 -389.94906 444.53541 128.41978 -388.21368 443.95877 128.41978 -386.95375 444.26946 128.41978 -386.11649 445.48295 128.41978 -386.31056 447.04646 128.41978 -387.47587 448.13268 128.41978 -389.11680 448.09239 128.41978 -390.23925 447.47436 128.41978 -390.61519 445.89551 128.41978 -388.34428 446.09269 135.34322 -388.34428 446.09269 128.41978 -477.97988 333.48221 142.71713 -479.36890 332.36923 142.71713 -479.18206 330.17822 142.71713 -477.92004 328.84244 142.71713 -476.32423 328.69370 142.71713 -474.54209 329.67267 142.71713 -474.15144 331.31827 142.71713 -474.50423 332.89293 142.71713 -476.34171 333.64523 142.71713 -476.76069 331.23049 151.55130 -476.76069 331.23049 142.71713 -352.68659 266.70700 171.88259 -353.89796 265.16516 171.88259 -353.83661 262.54344 171.88259 -352.28290 260.98886 171.88259 -350.14388 260.79172 171.88259 -347.96339 262.27256 171.88259 -347.61636 264.53871 171.88259 -348.56070 266.45077 171.88259 -350.58616 267.40279 171.88259 -350.82240 264.09635 178.03723 -350.82240 264.09635 171.88259 -317.38346 372.07168 176.37808 -316.33906 371.01702 176.37808 -315.14552 371.34432 176.37808 -314.34020 371.62247 176.37808 -314.29632 372.83546 176.37808 -314.67362 373.85979 176.37808 -315.42138 374.18635 176.37808 -316.49666 374.14256 176.37808 -317.39262 373.25476 176.37808 -315.74977 372.68374 184.66681 -315.74977 372.68374 176.37808 -493.91251 480.64654 99.05592 -494.27998 477.44858 99.05592 -492.54720 474.75788 99.05592 -489.09526 473.76547 99.05592 -486.54164 474.96546 99.05592 -484.99606 477.59317 99.05592 -485.74302 480.82379 99.05592 -488.00819 482.74434 99.05592 -491.52187 482.72146 99.05592 -489.53207 478.35587 109.78392 -489.53207 478.35587 99.05592 -472.97038 429.69701 120.11635 -474.77338 430.69270 120.11635 -476.88081 429.96272 120.11635 -478.12214 428.28193 120.11635 -477.65179 426.26095 120.11635 -476.00986 424.51660 120.11635 -473.97520 424.63091 120.11635 -472.21736 425.61235 120.11635 -471.95389 427.82982 120.11635 -474.89854 427.49787 129.86417 -474.89854 427.49787 120.11635 -283.59468 481.15086 107.21342 -286.27736 481.09611 107.21342 -288.21455 479.86264 107.21342 -289.31229 477.22068 107.21342 -288.12827 475.11305 107.21342 -285.82334 473.80113 107.21342 -283.16039 474.56999 107.21342 -281.60573 476.39487 107.21342 -282.02929 479.22136 107.21342 -285.39797 477.58975 113.93356 -285.39797 477.58975 107.21342 -286.04817 480.97314 108.87972 -286.71129 480.58823 108.87972 -287.31097 479.96859 108.87972 -287.09451 478.81404 108.87972 -286.61006 478.22144 108.87972 -285.57354 478.27160 108.87972 -284.90935 478.80426 108.87972 -284.78761 479.61115 108.87972 -285.13877 480.39166 108.87972 -285.97622 479.42251 114.65475 -285.97622 479.42251 108.87972 -350.26467 425.27341 139.24949 -349.89948 427.22081 139.24949 -350.75428 428.84110 139.24949 -352.71560 429.28543 139.24949 -354.07188 428.70020 139.24949 -355.15158 427.24929 139.24949 -354.93306 425.12765 139.24949 -353.15524 423.83133 139.24949 -351.37447 424.24332 139.24949 -352.47808 426.62062 147.27372 -352.47808 426.62062 139.24949 -385.36544 422.70385 139.01855 -384.60162 423.32492 139.01855 -384.49433 424.46093 139.01855 -384.87712 425.22634 139.01855 -385.64932 425.56517 139.01855 -386.81579 425.07009 139.01855 -387.06734 424.60196 139.01855 -386.80703 423.53956 139.01855 -386.34799 423.10798 139.01855 -385.74985 424.20766 143.78620 -385.74985 424.20766 139.01855 -476.56394 433.65389 112.90922 -478.30271 434.82554 112.90922 -480.87137 434.70668 112.90922 -482.61504 433.52971 112.90922 -482.74884 431.28438 112.90922 -481.58381 428.94982 112.90922 -479.28248 428.44870 112.90922 -477.35488 429.21162 112.90922 -476.34990 431.31486 112.90922 -479.54922 431.71213 123.50973 -479.54922 431.71213 112.90922 -434.41587 376.51485 162.88042 -433.11045 375.96546 162.88042 -431.84148 376.73456 162.88042 -431.35362 378.24505 162.88042 -431.72572 379.32228 162.88042 -432.84462 380.28398 162.88042 -434.10565 379.93581 162.88042 -435.00516 379.01990 162.88042 -435.10685 377.47834 162.88042 -433.25756 378.18181 169.37928 -433.25756 378.18181 162.88042 -427.28859 488.78760 99.27458 -429.27324 489.17063 99.27458 -431.19337 487.56816 99.27458 -432.12440 485.51356 99.27458 -430.99554 483.25168 99.27458 -428.83022 482.51024 99.27458 -426.74199 482.91031 99.27458 -425.09648 485.10116 99.27458 -425.39446 487.12164 99.27458 -428.51781 485.82383 106.57083 -428.51781 485.82383 99.27458 -437.05366 308.51908 160.37914 -436.24416 310.54702 160.37914 -436.72209 312.75297 160.37914 -438.53586 314.13361 160.37914 -440.98720 313.70715 160.37914 -442.62889 312.18517 160.37914 -442.67165 309.92223 160.37914 -441.48997 308.27614 160.37914 -439.28538 307.49271 160.37914 -439.57866 310.85296 166.57674 -439.57866 310.85296 160.37914 -375.63785 312.35008 200.33566 -376.02097 310.08618 200.33566 -374.76357 308.44365 200.33566 -372.68255 307.63825 200.33566 -370.51537 308.20510 200.33566 -369.32924 310.41246 200.33566 -369.62585 312.51741 200.33566 -371.65995 314.07486 200.33566 -373.99799 314.04959 200.33566 -372.64753 310.83903 209.07503 -372.64753 310.83903 200.33566 -298.49657 370.88995 163.04786 -295.61744 371.66519 163.04786 -293.61359 374.91359 163.04786 -294.27175 377.96819 163.04786 -296.60704 380.36935 163.04786 -300.04241 380.47269 163.04786 -302.91710 378.14351 163.04786 -303.24515 374.80150 163.04786 -301.93275 371.86236 163.04786 -298.55043 375.68404 172.39394 -298.55043 375.68404 163.04786 -388.71422 333.02940 193.84208 -390.88696 333.16065 193.84208 -392.99295 331.12975 193.84208 -393.33187 328.95174 193.84208 -391.61432 326.82071 193.84208 -389.22388 325.99983 193.84208 -387.00633 326.80306 193.84208 -385.99839 329.16550 193.84208 -386.58459 331.53274 193.84208 -389.58773 329.66798 202.79868 -389.58773 329.66798 193.84208 -440.09259 350.92739 163.50108 -438.27186 351.09153 163.50108 -437.30953 352.37522 163.50108 -437.25586 354.01104 163.50108 -438.42341 355.36781 163.50108 -439.70469 355.98144 163.50108 -441.24515 354.96411 163.50108 -441.98392 353.42730 163.50108 -441.64466 351.61402 163.50108 -439.55191 353.33530 168.60950 -439.55191 353.33530 163.50108 -434.26940 310.63887 167.49982 -432.43621 310.98208 167.49982 -431.59823 312.39456 167.49982 -431.41127 314.20499 167.49982 -432.84827 315.93244 167.49982 -434.78225 315.98799 167.49982 -436.41555 314.83015 167.49982 -436.92555 313.26531 167.49982 -436.24969 311.43880 167.49982 -434.03206 313.33582 179.44974 -434.03206 313.33582 167.49982 -414.84058 465.43584 111.96310 -415.50507 466.17221 111.96310 -416.37270 466.40508 111.96310 -417.42076 466.06932 111.96310 -417.60923 464.91704 111.96310 -417.24257 464.21966 111.96310 -416.50573 463.75805 111.96310 -415.42651 464.02487 111.96310 -414.73913 464.57696 111.96310 -416.14521 465.07484 117.29751 -416.14521 465.07484 111.96310 -285.87018 442.42327 126.26472 -285.83814 443.96820 126.26472 -286.64092 445.33924 126.26472 -288.14265 446.30024 126.26472 -289.71093 445.48688 126.26472 -290.41523 444.12703 126.26472 -290.42571 442.40681 126.26472 -289.14241 441.15616 126.26472 -287.41768 441.17316 126.26472 -288.19206 443.62193 130.76600 -288.19206 443.62193 126.26472 -427.11558 344.34396 177.82877 -427.75665 345.87157 177.82877 -429.35496 346.38559 177.82877 -430.80796 345.64200 177.82877 -431.47496 344.27692 177.82877 -431.00916 342.82544 177.82877 -429.75697 341.86276 177.82877 -428.58434 341.97936 177.82877 -427.52409 342.88034 177.82877 -429.25806 344.05427 184.62507 -429.25806 344.05427 177.82877 -263.21791 316.04933 155.70619 -264.46157 313.51668 155.70619 -264.05225 311.05889 155.70619 -262.25554 309.41057 155.70619 -259.54651 309.46255 155.70619 -257.74745 310.89999 155.70619 -256.90632 313.11066 155.70619 -258.36467 315.77666 155.70619 -260.61342 316.48784 155.70619 -260.78893 312.86315 165.94805 -260.78893 312.86315 155.70619 -474.26992 400.64199 125.11912 -473.84664 402.72230 125.11912 -474.94486 405.29159 125.11912 -476.95727 405.98739 125.11912 -479.37460 405.58934 125.11912 -480.75574 403.51391 125.11912 -480.52915 401.09590 125.11912 -478.97805 399.30981 125.11912 -476.49990 399.25383 125.11912 -477.38954 402.60787 132.72569 -477.38954 402.60787 125.11912 -419.54030 386.52036 164.50531 -420.61390 387.46932 164.50531 -421.80317 387.07969 164.50531 -422.54554 386.59784 164.50531 -422.68262 385.29537 164.50531 -421.81093 384.30751 164.50531 -420.78809 384.04012 164.50531 -419.80275 384.43103 164.50531 -419.42261 385.35280 164.50531 -420.94258 385.74662 171.69676 -420.94258 385.74662 164.50531 -398.44154 363.64989 183.68560 -399.60823 361.43468 183.68560 -398.96789 359.09997 183.68560 -396.70134 357.74686 183.68560 -394.51674 357.89156 183.68560 -392.37210 359.40418 183.68560 -392.37709 362.27339 183.68560 -393.87473 364.33698 183.68560 -396.14771 364.91784 183.68560 -395.89048 361.21525 190.99189 -395.89048 361.21525 183.68560 -484.91640 279.06527 133.59215 -483.32387 279.41553 133.59215 -482.36994 280.69877 133.59215 -482.60332 282.63561 133.59215 -483.48286 283.53599 133.59215 -485.23478 283.81305 133.59215 -486.44467 282.71681 133.59215 -486.95035 281.47206 133.59215 -486.32014 280.02731 133.59215 -484.66531 281.48721 142.11353 -484.66531 281.48721 133.59215 -300.76931 374.46429 168.29369 -300.95480 375.95779 168.29369 -301.79158 376.82060 168.29369 -303.23825 377.40926 168.29369 -304.19358 376.65925 168.29369 -304.94635 375.08461 168.29369 -304.45802 373.80638 168.29369 -303.10971 373.21553 168.29369 -302.04259 373.40993 168.29369 -302.82592 375.13098 177.03860 -302.82592 375.13098 168.29369 -316.71083 455.75705 122.97747 -315.28922 456.39669 122.97747 -314.90836 457.93250 122.97747 -315.04268 459.54656 122.97747 -316.39057 460.34307 122.97747 -317.87572 459.96716 122.97747 -319.23627 458.88760 122.97747 -319.63143 457.27085 122.97747 -318.43642 455.85809 122.97747 -317.09526 457.99920 128.19798 -317.09526 457.99920 122.97747 -382.80748 477.03075 110.01198 -381.16725 479.55335 110.01198 -381.57466 482.95654 110.01198 -383.42117 484.86931 110.01198 -386.60451 485.29358 110.01198 -389.21135 483.31226 110.01198 -390.26232 480.29383 110.01198 -388.62197 477.52402 110.01198 -386.02272 476.47565 110.01198 -385.57295 480.88166 118.68426 -385.57295 480.88166 110.01198 -374.65671 308.34834 195.28630 -375.12383 311.76118 195.28630 -377.23897 313.95151 195.28630 -380.28251 313.79813 195.28630 -382.87156 312.19854 195.28630 -383.48027 308.85586 195.28630 -382.14458 306.16482 195.28630 -379.08718 305.07426 195.28630 -376.22744 305.70600 195.28630 -379.03664 309.53389 204.17431 -379.03664 309.53389 195.28630 -288.13603 393.20602 153.55614 -289.76125 396.04957 153.55614 -292.69456 397.22107 153.55614 -295.94737 396.35133 153.55614 -297.36948 393.56219 153.55614 -296.88308 390.59137 153.55614 -294.70286 388.15644 153.55614 -291.47427 388.31372 153.55614 -289.03051 390.17858 153.55614 -292.87609 392.56295 160.94671 -292.87609 392.56295 153.55614 -330.90716 278.48532 176.12313 -330.32936 276.13177 176.12313 -328.47392 274.82757 176.12313 -326.39525 274.96644 176.12313 -324.97515 276.34592 176.12313 -324.47708 278.81412 176.12313 -325.74654 280.59344 176.12313 -327.96793 281.20899 176.12313 -329.94981 280.56782 176.12313 -327.74236 278.00902 186.37762 -327.74236 278.00902 176.12313 -394.18632 473.27308 113.39748 -395.30423 473.56698 113.39748 -396.22337 472.62304 113.39748 -396.77276 471.54103 113.39748 -396.34817 470.39675 113.39748 -395.46045 470.07045 113.39748 -394.02329 470.19876 113.39748 -393.38954 471.27274 113.39748 -393.46781 472.28552 113.39748 -394.95559 471.63551 117.92013 -394.95559 471.63551 113.39748 -378.03000 454.31149 122.90780 -380.56933 454.79052 122.90780 -383.06782 453.01756 122.90780 -383.88656 450.37863 122.90780 -382.81779 447.74456 122.90780 -380.25554 446.78354 122.90780 -377.15660 447.54945 122.90780 -375.52202 449.81623 122.90780 -375.91738 452.60294 122.90780 -379.68276 450.80802 134.79959 -379.68276 450.80802 122.90780 -293.95336 350.72017 167.51851 -294.82747 348.39346 167.51851 -294.16807 345.61137 167.51851 -292.04691 344.20244 167.51851 -289.13241 344.43125 167.51851 -287.64395 346.16067 167.51851 -287.37449 349.04366 167.51851 -289.07603 351.04385 167.51851 -291.46799 351.66363 167.51851 -291.05409 347.96460 177.22505 -291.05409 347.96460 167.51851 -484.75374 394.06188 121.52729 -486.00117 394.70524 121.52729 -487.43626 393.78286 121.52729 -488.13345 392.65125 121.52729 -487.74944 391.37707 121.52729 -486.51153 390.56869 121.52729 -485.04685 390.47454 121.52729 -484.08315 391.46297 121.52729 -484.08184 392.96280 121.52729 -485.99300 392.51815 128.34434 -485.99300 392.51815 121.52729 -346.36273 329.59260 196.69752 -345.13327 328.61595 196.69752 -343.32451 328.73236 196.69752 -342.45643 329.76556 196.69752 -342.13019 331.04133 196.69752 -343.24215 332.43297 196.69752 -344.49925 332.77981 196.69752 -346.09057 332.35788 196.69752 -346.52392 330.72820 196.69752 -344.39083 330.66284 203.37203 -344.39083 330.66284 196.69752 -454.50317 252.32135 138.05958 -454.17600 251.06061 138.05958 -453.50564 250.29142 138.05958 -452.05814 250.16510 138.05958 -450.77190 251.18277 138.05958 -450.71166 252.56196 138.05958 -451.17683 253.66167 138.05958 -452.44613 254.25929 138.05958 -453.79992 253.73052 138.05958 -452.59485 252.09353 145.86076 -452.59485 252.09353 138.05958 -437.54457 379.39972 157.65772 -436.21871 379.67570 157.65772 -435.15984 380.47390 157.65772 -435.09966 382.21084 157.65772 -435.97950 383.27490 157.65772 -437.33501 383.50635 157.65772 -438.56464 382.64184 157.65772 -439.14475 381.18123 157.65772 -438.50322 380.34065 157.65772 -437.16425 381.37864 163.03582 -437.16425 381.37864 157.65772 -439.25608 290.46936 157.21176 -440.99602 290.70454 157.21176 -442.13130 289.26431 157.21176 -442.28956 287.46909 157.21176 -441.45885 285.92502 157.21176 -439.73185 285.14276 157.21176 -437.70340 286.05037 157.21176 -437.20200 287.96635 157.21176 -437.78361 289.51546 157.21176 -439.79904 288.04201 165.75769 -439.79904 288.04201 157.21176 -403.81231 298.63043 185.06049 -403.31321 295.48183 185.06049 -400.73018 293.58314 185.06049 -397.50661 293.42958 185.06049 -395.24516 295.60817 185.06049 -394.58965 298.70894 185.06049 -396.51282 301.33592 185.06049 -399.51774 302.65117 185.06049 -402.16746 301.20948 185.06049 -399.22097 297.89118 196.23406 -399.22097 297.89118 185.06049 -335.11680 381.11663 165.87333 -335.20770 384.20069 165.87333 -337.18534 386.67526 165.87333 -339.88982 387.20894 165.87333 -342.77518 385.85203 165.87333 -343.65356 382.76331 165.87333 -342.56552 379.78342 165.87333 -340.07046 378.45072 165.87333 -337.12626 378.79637 165.87333 -339.25920 382.81369 172.52285 -339.25920 382.81369 165.87333 -294.33702 364.45591 167.16032 -296.94499 365.96611 167.16032 -299.80644 364.87282 167.16032 -301.31683 362.56936 167.16032 -300.86885 359.72890 167.16032 -299.08366 358.08141 167.16032 -296.17099 357.71878 167.16032 -293.88266 359.15950 167.16032 -293.15207 362.11339 167.16032 -297.31770 361.69639 176.72663 -297.31770 361.69639 167.16032 -453.05228 266.75199 135.44445 -455.45110 266.88799 135.44445 -457.46140 265.96046 135.44445 -458.27640 263.84878 135.44445 -457.44116 261.29134 135.44445 -455.46210 260.29597 135.44445 -453.38154 260.56644 135.44445 -451.61383 262.25174 135.44445 -451.70168 264.69457 135.44445 -454.84784 263.60452 146.90954 -454.84784 263.60452 135.44445 -331.69794 422.24448 152.55539 -333.04401 422.08508 152.55539 -333.90438 421.55520 152.55539 -333.83210 420.18756 152.55539 -333.33739 419.01800 152.55539 -332.13397 418.65535 152.55539 -330.96829 419.31965 152.55539 -330.32719 420.21381 152.55539 -330.64920 421.73125 152.55539 -332.06700 420.50929 160.79585 -332.06700 420.50929 152.55539 -465.55401 479.46955 100.49782 -463.99506 478.84729 100.49782 -462.49768 479.45524 100.49782 -461.12009 480.69108 100.49782 -461.60188 482.46838 100.49782 -462.65569 483.92804 100.49782 -464.52740 483.96496 100.49782 -465.87064 483.03623 100.49782 -466.50069 481.35437 100.49782 -463.79691 481.45556 104.91863 -463.79691 481.45556 100.49782 -455.04016 420.95729 127.17240 -456.93352 422.83544 127.17240 -459.58185 422.59114 127.17240 -461.21614 420.79165 127.17240 -461.56769 417.87875 127.17240 -460.28392 415.87074 127.17240 -457.43524 415.09413 127.17240 -455.10741 416.50043 127.17240 -454.15948 418.80525 127.17240 -457.95062 418.99464 134.18710 -457.95062 418.99464 127.17240 -326.03716 255.97352 109.97641 -327.00355 255.10109 109.97641 -327.26377 253.64158 109.97641 -326.22399 252.33169 109.97641 -324.76853 252.14290 109.97641 -323.32218 252.66985 109.97641 -322.83397 254.04209 109.97641 -323.26953 255.13285 109.97641 -324.28350 256.24640 109.97641 -324.97615 254.10211 118.05213 -324.97615 254.10211 109.97641 -417.41743 377.61721 164.56800 -417.38009 379.73075 164.56800 -418.62671 382.01166 164.56800 -421.13409 382.48652 164.56800 -423.14685 381.30188 164.56800 -423.89827 379.32358 164.56800 -423.50782 376.87069 164.56800 -421.41210 375.34639 164.56800 -419.20933 375.52810 164.56800 -420.58423 378.89530 170.97140 -420.58423 378.89530 164.56800 -364.02049 355.78960 184.74746 -362.76418 357.87327 184.74746 -362.92180 360.16076 184.74746 -364.78307 361.88115 184.74746 -367.32758 362.20428 184.74746 -369.15320 360.46268 184.74746 -369.81680 358.51539 184.74746 -368.55958 356.11801 184.74746 -366.47132 355.36235 184.74746 -366.18122 358.65518 189.59254 -366.18122 358.65518 184.74746 -334.91251 339.30391 193.78318 -333.91363 340.61507 193.78318 -333.63378 342.12646 193.78318 -334.74716 343.57597 193.78318 -336.20308 344.11275 193.78318 -337.67628 343.53246 193.78318 -338.54563 341.70890 193.78318 -338.38197 340.19784 193.78318 -336.70011 339.35120 193.78318 -336.11728 341.55039 202.37981 -336.11728 341.55039 193.78318 -360.41378 431.15915 136.04404 -359.02970 430.39979 136.04404 -357.90781 430.92368 136.04404 -357.18513 432.28939 136.04404 -357.48371 433.67573 136.04404 -358.69079 434.89625 136.04404 -359.88412 434.93086 136.04404 -361.00133 433.86252 136.04404 -361.49597 432.04750 136.04404 -359.16935 432.69979 141.00557 -359.16935 432.69979 136.04404 -476.51642 325.06144 133.22864 -476.16261 326.56640 133.22864 -476.76767 328.51216 133.22864 -478.09472 329.14269 133.22864 -479.64549 328.90433 133.22864 -480.83202 327.76092 133.22864 -481.24275 326.03545 133.22864 -479.86893 324.66428 133.22864 -478.09405 324.05620 133.22864 -478.62553 326.76955 144.11033 -478.62553 326.76955 133.22864 -453.88991 430.04768 123.34476 -455.93283 428.19596 123.34476 -456.30528 425.51227 123.34476 -454.88100 423.43414 123.34476 -452.45801 422.45225 123.34476 -449.97049 423.29641 123.34476 -448.48965 425.55152 123.34476 -448.86325 428.45790 123.34476 -450.94895 429.94239 123.34476 -452.41709 426.35898 128.48102 -452.41709 426.35898 123.34476 -304.15799 412.19429 148.59895 -302.75528 413.31467 148.59895 -302.41741 415.40210 148.59895 -303.34184 417.10346 148.59895 -305.12299 418.11207 148.59895 -307.34099 417.35254 148.59895 -308.38846 415.76692 148.59895 -307.91141 413.39137 148.59895 -306.52532 411.94884 148.59895 -305.31465 414.99741 156.68776 -305.31465 414.99741 148.59895 -369.79674 403.13496 161.94222 -369.30192 402.08755 161.94222 -367.85606 400.91989 161.94222 -366.24187 401.41523 161.94222 -365.22207 402.62902 161.94222 -365.47517 404.14768 161.94222 -366.22707 405.29320 161.94222 -368.09251 405.70556 161.94222 -369.42821 404.74332 161.94222 -367.49233 403.43787 170.92567 -367.49233 403.43787 161.94222 -336.85294 279.92138 190.96166 -336.26530 280.90455 190.96166 -336.15642 282.16560 190.96166 -337.00905 282.93147 190.96166 -337.81962 283.26336 190.96166 -339.10794 282.48254 190.96166 -339.47530 281.33036 190.96166 -338.77578 280.41007 190.96166 -337.81768 279.96122 190.96166 -337.67200 281.48636 200.40346 -337.67200 281.48636 190.96166 -405.83078 393.63643 151.33319 -402.66248 394.02078 151.33319 -400.16305 396.10671 151.33319 -399.92066 399.61643 151.33319 -402.18402 402.40838 151.33319 -405.41110 403.05848 151.33319 -408.25500 401.74682 151.33319 -409.45692 398.36789 151.33319 -408.81066 395.26373 151.33319 -404.76698 398.20238 156.87841 -404.76698 398.20238 151.33319 -288.74761 345.40944 173.24763 -290.44945 347.20899 173.24763 -292.28045 347.72584 173.24763 -294.29996 346.98434 173.24763 -295.35637 344.73859 173.24763 -294.68715 342.47193 173.24763 -292.93725 341.33933 173.24763 -290.60802 341.63027 173.24763 -288.95122 343.36538 173.24763 -292.08996 344.62157 183.46242 -292.08996 344.62157 173.24763 -421.21234 373.93679 161.64209 -419.26638 375.79318 161.64209 -418.84202 378.24647 161.64209 -420.37110 380.42844 161.64209 -422.70542 381.50479 161.64209 -425.32270 380.53290 161.64209 -426.57878 378.11510 161.64209 -425.70408 375.44206 161.64209 -423.71121 373.81319 161.64209 -422.63722 377.44232 168.07101 -422.63722 377.44232 161.64209 -410.61056 380.92095 170.50023 -411.29293 382.56928 170.50023 -413.02256 383.32984 170.50023 -414.42749 382.85718 170.50023 -415.44263 381.51590 170.50023 -415.61469 379.61943 170.50023 -414.14196 378.38748 170.50023 -412.45867 378.15591 170.50023 -411.03727 379.19918 170.50023 -413.15237 380.70058 177.73317 -413.15237 380.70058 170.50023 -477.12633 299.83724 134.24717 -476.59947 297.13278 134.24717 -474.25027 295.46475 134.24717 -471.23656 295.55645 134.24717 -469.34226 297.42023 134.24717 -469.03458 300.11139 134.24717 -470.73868 302.64221 134.24717 -473.24771 303.31899 134.24717 -475.96744 302.48042 134.24717 -473.08562 299.28278 142.72415 -473.08562 299.28278 134.24717 -313.31050 359.59928 173.43005 -314.90491 357.66469 173.43005 -314.83378 354.95602 173.43005 -313.01897 353.27972 173.43005 -310.61465 352.80937 173.43005 -308.46724 354.02636 173.43005 -307.96271 356.71866 173.43005 -308.52840 358.92362 173.43005 -310.69159 359.82639 173.43005 -311.44194 356.41971 184.12262 -311.44194 356.41971 173.43005 -278.89997 317.04854 164.20039 -277.76688 318.07693 164.20039 -277.62295 319.75072 164.20039 -278.70392 320.80131 164.20039 -280.17152 321.43612 164.20039 -281.41160 320.74092 164.20039 -282.35964 319.19799 164.20039 -281.86704 317.87677 164.20039 -280.77377 317.00255 164.20039 -279.95403 319.05810 171.72592 -279.95403 319.05810 164.20039 -311.01591 276.50507 169.59962 -309.72504 278.36151 169.59962 -309.83511 280.73440 169.59962 -311.39650 282.29856 169.59962 -313.82692 282.61576 169.59962 -315.84814 281.25539 169.59962 -316.45924 278.91200 169.59962 -315.63193 276.99168 169.59962 -313.19747 275.68173 169.59962 -313.02724 279.31621 181.02245 -313.02724 279.31621 169.59962 -447.63251 268.31029 141.39744 -445.01484 270.05761 141.39744 -444.60391 273.30596 141.39744 -445.94406 276.43831 141.39744 -449.09032 277.57113 141.39744 -452.11926 276.02557 141.39744 -453.91688 273.20626 141.39744 -453.25780 270.35463 141.39744 -450.55350 268.24734 141.39744 -449.11274 272.61345 151.15713 -449.11274 272.61345 141.39744 -328.70396 293.72187 183.34613 -327.95439 291.93876 183.34613 -326.52872 290.92492 183.34613 -324.54210 291.26734 183.34613 -323.17633 292.63851 183.34613 -323.04718 294.33075 183.34613 -324.44324 295.97185 183.34613 -326.04371 296.66915 183.34613 -327.69006 295.70365 183.34613 -325.85729 293.73042 190.10532 -325.85729 293.73042 183.34613 -279.17364 299.01364 157.70934 -278.94023 301.96062 157.70934 -280.02736 304.32457 157.70934 -282.73727 305.06321 157.70934 -285.29283 304.31461 157.70934 -287.04274 301.95974 157.70934 -286.50047 299.24156 157.70934 -284.28711 297.52913 157.70934 -281.70259 297.25316 157.70934 -282.87187 301.14041 165.13040 -282.87187 301.14041 157.70934 -421.00674 435.97181 124.65717 -422.51514 436.23825 124.65717 -423.74953 435.02570 124.65717 -424.20569 433.04032 124.65717 -423.18704 431.46887 124.65717 -421.41180 431.14164 124.65717 -419.60572 431.72981 124.65717 -418.99032 433.16943 124.65717 -419.22678 435.08999 124.65717 -421.60527 433.59773 130.04859 -421.60527 433.59773 124.65717 -254.57061 303.62847 150.75771 -255.87119 303.29660 150.75771 -256.69853 301.81434 150.75771 -256.24963 300.76541 150.75771 -254.84193 299.99521 150.75771 -253.86334 300.00356 150.75771 -252.93258 300.91297 150.75771 -252.59317 302.27629 150.75771 -253.60098 303.45306 150.75771 -254.53609 301.83436 158.08496 -254.53609 301.83436 150.75771 -462.52631 420.21948 124.08145 -464.03652 422.17634 124.08145 -466.77274 422.49415 124.08145 -468.87503 420.76825 124.08145 -469.85563 418.39059 124.08145 -468.43208 416.02252 124.08145 -466.19662 414.63658 124.08145 -463.32367 415.34975 124.08145 -461.97782 417.99765 124.08145 -465.78530 418.68854 130.55674 -465.78530 418.68854 124.08145 -353.13898 306.51634 194.77198 -354.56049 307.52781 194.77198 -356.64775 307.71429 194.77198 -358.13626 306.67582 194.77198 -358.58711 304.49964 194.77198 -357.81515 302.53650 194.77198 -355.76452 302.08640 194.77198 -353.73546 302.53209 194.77198 -352.78553 304.12205 194.77198 -355.68608 304.93988 205.04640 -355.68608 304.93988 194.77198 -321.54009 293.62312 184.68877 -320.29675 294.47107 184.68877 -319.79816 295.88288 184.68877 -320.23824 297.48519 184.68877 -321.59251 298.44202 184.68877 -323.34055 298.36868 184.68877 -324.37955 296.74657 184.68877 -324.44721 295.27079 184.68877 -323.51326 293.88866 184.68877 -322.09153 296.11379 190.70516 -322.09153 296.11379 184.68877 -295.06439 452.45979 120.20900 -293.92874 452.06233 120.20900 -292.24399 452.37414 120.20900 -291.41692 453.52194 120.20900 -291.59955 455.10683 120.20900 -292.69919 456.55496 120.20900 -293.96696 456.62953 120.20900 -295.28500 455.77347 120.20900 -296.04795 453.82438 120.20900 -293.54977 454.22299 126.00489 -293.54977 454.22299 120.20900 -409.12395 412.36129 146.51958 -410.81777 412.23597 146.51958 -411.88135 411.00611 146.51958 -411.91892 409.39961 146.51958 -410.97709 408.07373 146.51958 -409.73298 407.66605 146.51958 -408.10063 408.42490 146.51958 -407.41838 409.78989 146.51958 -408.04750 411.55376 146.51958 -409.82403 410.13382 151.96114 -409.82403 410.13382 146.51958 -422.69188 249.49539 148.31321 -421.26113 250.28183 148.31321 -420.91144 251.58734 148.31321 -421.48149 252.83688 148.31321 -422.71969 253.34719 148.31321 -423.88140 253.12779 148.31321 -424.99801 251.91422 148.31321 -424.89102 250.46829 148.31321 -423.88171 249.79605 148.31321 -422.92888 251.35344 155.32982 -422.92888 251.35344 148.31321 -326.09822 468.60047 123.64635 -328.40600 468.49502 123.64635 -330.23631 467.25495 123.64635 -330.48503 464.99347 123.64635 -329.84478 463.11606 123.64635 -327.69439 462.33172 123.64635 -325.63623 462.78569 123.64635 -324.22896 464.79580 123.64635 -324.61149 467.13688 123.64635 -327.51653 465.54587 132.70430 -327.51653 465.54587 123.64635 -457.44528 333.34495 152.27386 -457.48566 334.35384 152.27386 -458.06236 335.38258 152.27386 -458.95228 335.28178 152.27386 -459.71832 334.75895 152.27386 -460.14969 333.76483 152.27386 -459.68290 333.20161 152.27386 -458.99509 332.60742 152.27386 -458.03135 332.61757 152.27386 -458.64252 333.94961 157.42606 -458.64252 333.94961 152.27386 -289.07938 458.82637 119.72727 -289.92420 457.38067 119.72727 -289.61852 456.20695 119.72727 -288.67178 455.21570 119.72727 -287.39604 455.29694 119.72727 -286.12323 456.38003 119.72727 -286.15129 457.80484 119.72727 -286.53786 458.68671 119.72727 -287.91847 459.13729 119.72727 -287.93995 457.21981 128.78718 -287.93995 457.21981 119.72727 -261.04653 330.79032 155.61877 -258.52112 332.20020 155.61877 -257.88004 334.87744 155.61877 -259.08786 337.76450 155.61877 -261.69896 339.30751 155.61877 -264.50097 338.43947 155.61877 -266.34122 336.28896 155.61877 -266.34469 333.14856 155.61877 -264.19637 330.96252 155.61877 -262.13714 334.82544 166.46295 -262.13714 334.82544 155.61877 -296.41518 300.43684 174.42809 -295.80182 301.03762 174.42809 -295.49003 302.40099 174.42809 -295.78751 303.02421 174.42809 -296.92035 303.89180 174.42809 -297.74579 303.43160 174.42809 -298.77007 302.50004 174.42809 -298.61568 301.16674 174.42809 -297.55763 300.48964 174.42809 -296.98753 302.01970 182.45738 -296.98753 302.01970 174.42809 -332.26079 428.55550 141.04038 -334.08245 428.10630 141.04038 -335.11240 426.32937 141.04038 -334.50747 424.28098 141.04038 -333.08365 423.30225 141.04038 -330.96877 423.16713 141.04038 -329.59668 424.43075 141.04038 -329.46784 426.37672 141.04038 -330.21760 428.13073 141.04038 -332.12395 425.83775 148.92396 -332.12395 425.83775 141.04038 -440.57667 345.36339 161.77447 -443.68008 344.78540 161.77447 -445.19480 342.65332 161.77447 -445.05519 339.76939 161.77447 -443.27061 337.50912 161.77447 -440.45393 337.01107 161.77447 -438.06657 338.57806 161.77447 -436.99697 341.64159 161.77447 -438.31807 344.34668 161.77447 -441.29441 341.36273 167.74051 -441.29441 341.36273 161.77447 -345.34635 262.02830 177.47746 -345.59803 264.74326 177.47746 -347.20696 266.70424 177.47746 -349.82684 267.03870 177.47746 -352.07546 265.51614 177.47746 -352.86998 262.97019 177.47746 -352.13459 260.64554 177.47746 -349.54980 259.20687 177.47746 -347.13497 260.00218 177.47746 -349.00577 263.23807 187.84515 -349.00577 263.23807 177.47746 -321.28622 259.23800 123.02364 -322.37589 260.62268 123.02364 -324.29638 261.16284 123.02364 -325.90621 260.81761 123.02364 -327.10848 259.33900 123.02364 -326.77655 257.14237 123.02364 -325.28302 256.05154 123.02364 -323.09508 256.18806 123.02364 -321.89378 257.37608 123.02364 -324.21604 258.59673 130.67567 -324.21604 258.59673 123.02364 -472.74116 315.89167 144.24404 -471.24229 315.52984 144.24404 -469.43943 316.10397 144.24404 -468.83783 317.23305 144.24404 -468.93782 319.30384 144.24404 -470.54546 320.11399 144.24404 -472.14879 320.23941 144.24404 -473.45188 319.04474 144.24404 -473.87913 317.57365 144.24404 -471.21569 317.85911 151.39882 -471.21569 317.85911 144.24404 -342.87943 253.29455 167.42804 -343.37006 254.74785 167.42804 -344.77232 255.92215 167.42804 -346.59847 255.26830 167.42804 -347.36572 254.28407 167.42804 -347.73999 252.39404 167.42804 -346.47434 251.08310 167.42804 -344.66454 250.70265 167.42804 -343.55491 251.47701 167.42804 -345.25544 253.30376 176.87611 -345.25544 253.30376 167.42804 -368.42407 416.48064 147.11818 -365.99473 415.95391 147.11818 -363.96364 416.89449 147.11818 -362.94224 418.67037 147.11818 -363.27386 421.26697 147.11818 -365.37817 422.70306 147.11818 -367.70100 422.53670 147.11818 -369.57832 420.60258 147.11818 -369.48265 418.35326 147.11818 -366.30183 419.21017 156.92709 -366.30183 419.21017 147.11818 -343.44381 432.60060 136.82155 -344.91760 434.60093 136.82155 -347.27392 435.55819 136.82155 -349.71067 434.42547 136.82155 -350.74357 431.89419 136.82155 -349.70448 429.74689 136.82155 -347.82320 428.31282 136.82155 -345.41436 428.32837 136.82155 -343.51851 430.41025 136.82155 -346.92268 431.73207 144.45297 -346.92268 431.73207 136.82155 -419.51096 354.65432 179.51188 -418.85661 356.32189 179.51188 -419.39031 357.99034 179.51188 -420.92614 359.11548 179.51188 -422.81005 358.59393 179.51188 -423.77944 357.40159 179.51188 -423.88689 355.68116 179.51188 -422.97374 354.25024 179.51188 -421.30835 353.82494 179.51188 -421.58121 356.40581 186.33003 -421.58121 356.40581 179.51188 -292.54943 321.25793 165.20080 -294.40621 319.21000 165.20080 -294.22424 316.10694 165.20080 -292.10344 314.05008 165.20080 -289.19598 313.77013 165.20080 -286.96997 315.62064 165.20080 -286.28310 318.30915 165.20080 -287.56674 320.66936 165.20080 -290.03773 321.97120 165.20080 -290.35713 317.88465 171.28412 -290.35713 317.88465 165.20080 -482.14083 348.43704 132.14198 -480.09522 348.66638 132.14198 -478.79371 350.61989 132.14198 -479.01176 352.77611 132.14198 -480.21728 354.43374 132.14198 -482.44671 354.58626 132.14198 -484.33287 353.22661 132.14198 -484.96966 351.18845 132.14198 -484.11397 349.46983 132.14198 -481.77219 351.47134 140.16798 -481.77219 351.47134 132.14198 -355.02769 339.39795 189.29656 -352.93863 340.34528 189.29656 -352.15107 341.93941 189.29656 -352.47052 344.39028 189.29656 -354.17779 345.58619 189.29656 -355.98448 345.69541 189.29656 -357.71893 344.03487 189.29656 -357.96079 341.89754 189.29656 -356.93983 340.11224 189.29656 -355.03685 342.60581 195.99386 -355.03685 342.60581 189.29656 -456.65968 426.88938 126.45075 -455.10329 425.28377 126.45075 -452.80328 424.29185 126.45075 -450.93148 425.20602 126.45075 -449.67603 427.50244 126.45075 -450.27162 429.57435 126.45075 -452.26124 431.09445 126.45075 -454.29736 430.76515 126.45075 -456.21633 429.08648 126.45075 -453.19781 427.75685 136.44876 -453.19781 427.75685 126.45075 -387.15126 265.36795 167.27050 -388.65663 263.85426 167.27050 -389.12960 261.85838 167.27050 -387.90158 259.94438 167.27050 -385.84057 259.15375 167.27050 -383.47568 260.05190 167.27050 -382.58825 261.98406 167.27050 -383.02945 264.26407 167.27050 -384.88530 265.46518 167.27050 -385.81850 262.54862 172.69318 -385.81850 262.54862 167.27050 -259.64269 436.30137 119.42964 -258.19607 437.60352 119.42964 -257.69327 439.75091 119.42964 -258.43842 441.86097 119.42964 -260.53964 442.62393 119.42964 -262.53452 441.76131 119.42964 -263.70510 439.89677 119.42964 -263.37856 438.02617 119.42964 -262.07654 436.33207 119.42964 -260.77799 439.38580 125.51436 -260.77799 439.38580 119.42964 -431.11612 400.41473 143.47378 -432.57208 402.48821 143.47378 -435.70488 403.30784 143.47378 -437.84936 401.93032 143.47378 -439.21846 399.57760 143.47378 -438.18317 396.73276 143.47378 -436.17062 395.46740 143.47378 -433.22151 395.37221 143.47378 -431.38826 397.81030 143.47378 -435.04190 399.27563 151.07959 -435.04190 399.27563 143.47378 -357.41553 251.62017 163.73995 -355.44972 252.01799 163.73995 -354.89381 253.62362 163.73995 -354.86889 254.92815 163.73995 -355.84853 256.22568 163.73995 -357.67032 256.33429 163.73995 -358.97665 255.37111 163.73995 -359.77521 253.70625 163.73995 -358.76269 252.17679 163.73995 -357.10029 254.05628 170.60088 -357.10029 254.05628 163.73995 -460.04971 439.78325 114.66290 -460.76326 441.44074 114.66290 -462.64762 442.19196 114.66290 -464.64236 441.75819 114.66290 -465.84584 440.10682 114.66290 -465.99193 438.24395 114.66290 -464.34586 436.80442 114.66290 -462.28758 436.67750 114.66290 -460.50295 437.60006 114.66290 -463.14583 439.41555 119.97699 -463.14583 439.41555 114.66290 -413.22893 312.00373 182.17471 -413.88782 314.47158 182.17471 -415.91167 315.96275 182.17471 -418.33081 315.59921 182.17471 -420.25847 313.93990 182.17471 -420.22470 311.44016 182.17471 -419.03255 309.42616 182.17471 -416.40082 308.67706 182.17471 -414.29732 310.01134 182.17471 -416.76612 312.36292 189.87095 -416.76612 312.36292 182.17471 -463.15880 262.14486 134.40906 -464.81490 261.00293 134.40906 -465.93483 259.41488 134.40906 -465.15392 257.06008 134.40906 -463.34567 255.93639 134.40906 -461.32690 256.09450 134.40906 -459.90978 257.65622 134.40906 -459.73022 259.94230 134.40906 -461.10161 261.70380 134.40906 -462.67197 259.01130 144.46561 -462.67197 259.01130 134.40906 -345.79511 344.56204 191.59515 -345.29190 343.04446 191.59515 -343.65819 342.51672 191.59515 -342.18686 342.76444 191.59515 -341.31223 344.24870 191.59515 -341.33020 345.97224 191.59515 -342.34088 346.80832 191.59515 -344.31723 346.89309 191.59515 -345.39977 346.02598 191.59515 -343.53106 344.78201 197.72017 -343.53106 344.78201 191.59515 -342.26262 370.11671 174.98869 -339.93746 368.77599 174.98869 -337.95650 369.16892 174.98869 -336.37197 371.06697 174.98869 -336.33611 373.58841 174.98869 -337.97753 374.99128 174.98869 -339.93581 375.55599 174.98869 -342.16653 374.21669 174.98869 -342.97709 372.32771 174.98869 -339.49779 372.23253 181.65189 -339.49779 372.23253 174.98869 -358.69942 285.95062 191.54082 -359.97923 284.82466 191.54082 -360.20052 283.41057 191.54082 -359.14100 281.86468 191.54082 -357.43534 281.79062 191.54082 -356.17454 282.32341 191.54082 -355.64066 283.82603 191.54082 -355.86918 285.30115 191.54082 -357.20611 286.02126 191.54082 -357.83781 283.96451 197.47116 -357.83781 283.96451 191.54082 -327.64301 289.20400 182.39904 -326.01645 289.37761 182.39904 -325.29587 290.64229 182.39904 -325.28025 292.58143 182.39904 -326.46996 293.31501 182.39904 -328.07566 293.61245 182.39904 -329.03246 292.68359 182.39904 -329.80515 291.18960 182.39904 -329.11309 289.83373 182.39904 -327.30140 291.39323 188.04214 -327.30140 291.39323 182.39904 -294.95551 279.61293 156.38424 -293.00572 278.03994 156.38424 -290.77225 278.58935 156.38424 -289.40765 280.00264 156.38424 -289.11171 282.08439 156.38424 -290.37770 283.93792 156.38424 -292.70925 284.69969 156.38424 -294.44657 283.49962 156.38424 -295.57960 281.73494 156.38424 -292.24424 281.39815 166.33693 -292.24424 281.39815 156.38424 -339.47522 332.37152 195.18933 -340.63734 333.68302 195.18933 -342.40355 333.66133 195.18933 -343.51231 332.54308 195.18933 -344.03927 331.01007 195.18933 -342.93740 329.36623 195.18933 -341.71799 328.82036 195.18933 -339.83213 329.58307 195.18933 -339.12957 330.70272 195.18933 -341.53031 331.27364 201.55086 -341.53031 331.27364 195.18933 -413.52221 476.04936 105.94878 -414.27225 473.85157 105.94878 -413.19508 471.60746 105.94878 -411.35749 470.45508 105.94878 -408.93286 471.37363 105.94878 -407.43856 472.84015 105.94878 -407.61812 475.44234 105.94878 -409.49575 476.99750 105.94878 -411.84054 477.16913 105.94878 -410.83768 474.00417 114.44144 -410.83768 474.00417 105.94878 -255.22115 449.01401 116.14548 -257.13217 447.63144 116.14548 -257.55821 445.28462 116.14548 -256.60550 443.22944 116.14548 -254.38123 442.48985 116.14548 -251.75734 443.22807 116.14548 -250.59872 445.43509 116.14548 -251.19621 447.48509 116.14548 -253.08296 449.05149 116.14548 -254.17619 445.85876 123.67706 -254.17619 445.85876 116.14548 -463.39400 417.94585 124.20755 -462.43139 416.00364 124.20755 -460.92942 415.38071 124.20755 -459.24570 415.71651 124.20755 -457.92157 417.42276 124.20755 -458.00129 419.20820 124.20755 -459.44754 420.58752 124.20755 -461.35909 420.49869 124.20755 -462.88466 419.50308 124.20755 -460.62036 418.00525 133.34088 -460.62036 418.00525 124.20755 -409.43222 349.91547 184.75697 -407.87758 348.99793 184.75697 -405.57276 349.31363 184.75697 -404.42239 350.92524 184.75697 -404.51844 352.85962 184.75697 -405.88164 354.51320 184.75697 -407.91488 354.83685 184.75697 -409.43197 353.81763 184.75697 -410.19928 351.93357 184.75697 -407.16571 352.01603 191.97949 -407.16571 352.01603 184.75697 -351.63416 259.43733 171.84146 -353.24848 259.01589 171.84146 -354.07352 257.91531 171.84146 -353.80126 256.67603 171.84146 -353.07160 255.47630 171.84146 -351.63601 255.22308 171.84146 -350.38475 256.29638 171.84146 -350.07379 257.45814 171.84146 -350.75844 258.60740 171.84146 -352.06333 257.36464 177.38868 -352.06333 257.36464 171.84146 -455.47808 253.64427 130.36523 -455.47317 256.27541 130.36523 -457.07479 258.12648 130.36523 -459.21044 259.03141 130.36523 -461.49963 257.66113 130.36523 -462.31156 255.51806 130.36523 -461.88133 253.03020 130.36523 -459.78940 251.90709 130.36523 -457.15588 252.17002 130.36523 -458.91890 255.24945 141.95137 -458.91890 255.24945 130.36523 -400.89882 266.81287 162.36994 -402.02693 267.82852 162.36994 -403.88946 268.11400 162.36994 -405.34439 267.24231 162.36994 -405.90209 265.40041 162.36994 -405.41488 263.83773 162.36994 -403.53815 262.94451 162.36994 -402.02534 263.30481 162.36994 -401.03816 264.75111 162.36994 -403.34213 265.64072 174.46151 -403.34213 265.64072 162.36994 -455.05193 371.69743 149.28728 -455.72470 368.56541 149.28728 -453.98730 365.64905 149.28728 -450.74478 364.71916 149.28728 -447.62277 365.72904 149.28728 -446.11005 368.56849 149.28728 -446.59295 371.92090 149.28728 -449.14242 374.02287 149.28728 -452.69460 373.89384 149.28728 -450.88677 369.52860 156.80852 -450.88677 369.52860 149.28728 -489.50517 459.32791 102.63348 -490.44063 456.59006 102.63348 -488.86078 454.55238 102.63348 -486.67433 453.33056 102.63348 -483.88517 454.22948 102.63348 -482.66772 456.44724 102.63348 -482.77752 458.78311 102.63348 -484.78856 460.66391 102.63348 -487.35470 460.72431 102.63348 -486.38132 457.21471 109.19966 -486.38132 457.21471 102.63348 -424.90501 423.93385 133.96910 -425.59372 424.96339 133.96910 -426.63166 425.56132 133.96910 -427.44270 425.51348 133.96910 -428.27970 424.78739 133.96910 -428.16755 423.61535 133.96910 -427.69060 422.63189 133.96910 -426.24613 422.73171 133.96910 -425.51105 423.20692 133.96910 -426.69110 424.12748 139.96309 -426.69110 424.12748 133.96910 -280.55881 295.71372 159.00634 -282.84649 294.92224 159.00634 -283.93227 292.34332 159.00634 -283.34137 289.56162 159.00634 -281.06934 288.07816 159.00634 -278.45721 288.23084 159.00634 -276.54606 290.10494 159.00634 -276.43504 292.80286 159.00634 -277.92459 295.33974 159.00634 -280.07948 291.96671 169.47049 -280.07948 291.96671 159.00634 -446.76405 353.46223 165.63513 -447.62018 352.74325 165.63513 -448.07373 351.56070 165.63513 -447.29541 350.94646 165.63513 -445.92967 350.28228 165.63513 -445.13223 350.98495 165.63513 -444.34855 351.97699 165.63513 -445.06806 353.27584 165.63513 -446.00675 353.94761 165.63513 -446.25076 352.09897 173.89257 -446.25076 352.09897 165.63513 -262.88937 294.72915 150.89749 -261.61444 295.66900 150.89749 -261.18402 297.19489 150.89749 -261.42745 298.54244 150.89749 -262.86402 299.68395 150.89749 -264.84488 299.31911 150.89749 -265.86238 298.09707 150.89749 -265.61235 296.18876 150.89749 -264.40812 294.96342 150.89749 -263.39550 297.11657 156.49670 -263.39550 297.11657 150.89749 -320.64527 341.69467 182.81974 -320.09521 340.17015 182.81974 -319.14921 339.34021 182.81974 -317.61722 339.12904 182.81974 -316.39949 340.39216 182.81974 -316.01774 341.98719 182.81974 -316.65531 343.12520 182.81974 -318.48187 343.90639 182.81974 -319.80202 342.98453 182.81974 -318.25574 341.45298 191.59542 -318.25574 341.45298 182.81974 -385.21974 407.32727 154.16212 -384.93181 405.70384 154.16212 -383.49439 405.24494 154.16212 -382.19206 405.27620 154.16212 -380.88979 406.57448 154.16212 -380.81399 408.02433 154.16212 -381.93582 409.03327 154.16212 -383.24155 409.57656 154.16212 -384.50059 408.84662 154.16212 -383.02539 407.22226 160.71226 -383.02539 407.22226 154.16212 -414.39767 284.24982 171.96925 -413.41546 284.97234 171.96925 -413.21868 286.68289 171.96925 -414.22889 287.71836 171.96925 -415.76540 288.30074 171.96925 -416.85942 287.44202 171.96925 -417.49310 285.86088 171.96925 -417.15179 284.49581 171.96925 -415.64567 283.71045 171.96925 -415.33340 285.96207 180.01085 -415.33340 285.96207 171.96925 -386.04974 372.53756 178.43680 -385.78876 373.97278 178.43680 -386.39675 375.11666 178.43680 -387.68505 376.01520 178.43680 -389.12856 375.46958 178.43680 -389.96089 374.34058 178.43680 -389.93221 372.80387 178.43680 -388.84030 371.58699 178.43680 -387.27577 371.87588 178.43680 -387.81113 373.71760 184.15907 -387.81113 373.71760 178.43680 -388.21856 253.51790 161.85692 -386.72225 251.81455 161.85692 -384.65237 251.06453 161.85692 -382.18666 251.74845 161.85692 -381.35600 253.92147 161.85692 -381.98834 256.28956 161.85692 -383.92096 257.86773 161.85692 -386.22071 257.55728 161.85692 -388.20084 255.96764 161.85692 -384.82298 254.49775 168.88771 -384.82298 254.49775 161.85692 -416.58396 486.38428 105.61575 -417.09123 484.41683 105.61575 -415.87120 482.64120 105.61575 -413.66435 481.74477 105.61575 -411.61114 482.97705 105.61575 -410.60696 484.96539 105.61575 -411.12707 487.10957 105.61575 -412.97244 488.30060 105.61575 -415.34072 488.07179 105.61575 -413.81983 485.14199 112.73646 -413.81983 485.14199 105.61575 -296.00597 326.59487 177.02591 -297.13233 327.35793 177.02591 -298.60377 327.22027 177.02591 -299.37389 326.46282 177.02591 -299.39206 324.94044 177.02591 -298.84460 323.94015 177.02591 -297.48602 323.19929 177.02591 -296.13228 323.94210 177.02591 -295.68419 324.88280 177.02591 -297.65826 325.34569 183.99361 -297.65826 325.34569 177.02591 -481.94449 303.33327 136.74505 -482.14089 304.69215 136.74505 -483.44699 305.61551 136.74505 -484.62221 305.19015 136.74505 -486.00626 304.45499 136.74505 -486.20140 302.69207 136.74505 -485.01269 301.74685 136.74505 -483.61205 301.28602 136.74505 -482.31027 301.62792 136.74505 -483.93503 303.34388 145.27962 -483.93503 303.34388 136.74505 -284.29267 429.38787 132.93266 -286.84367 430.34769 132.93266 -289.51032 429.48187 132.93266 -291.35982 427.55502 132.93266 -290.95724 424.48836 132.93266 -288.75439 422.81395 132.93266 -286.14376 422.46163 132.93266 -284.06632 424.06374 132.93266 -283.40543 426.79506 132.93266 -287.28507 426.37244 140.24873 -287.28507 426.37244 132.93266 -346.35420 454.93096 127.70381 -345.02045 454.28954 127.70381 -343.72201 454.11561 127.70381 -342.60320 455.11301 127.70381 -342.39704 456.89352 127.70381 -342.83028 458.23999 127.70381 -344.75003 458.68594 127.70381 -346.05921 458.07354 127.70381 -346.77482 456.78232 127.70381 -344.47570 456.39320 135.27806 -344.47570 456.39320 127.70381 -253.28430 483.38850 100.04913 -250.66590 483.99953 100.04913 -249.06333 486.22682 100.04913 -249.28358 488.63840 100.04913 -251.03420 490.84357 100.04913 -253.42613 491.13359 100.04913 -256.08552 489.56597 100.04913 -256.91989 486.89993 100.04913 -255.69193 484.43327 100.04913 -252.76405 487.25570 108.40039 -252.76405 487.25570 100.04913 -275.89694 395.66530 155.25452 -275.73529 394.03296 155.25452 -274.55403 393.32202 155.25452 -272.80551 393.24790 155.25452 -271.68397 394.39802 155.25452 -271.50729 396.12546 155.25452 -272.34589 397.17163 155.25452 -274.14792 397.69152 155.25452 -275.27736 397.03207 155.25452 -273.77054 395.44618 164.34909 -273.77054 395.44618 155.25452 -358.35888 320.52179 201.70323 -360.45208 320.20584 201.70323 -361.35815 319.04292 201.70323 -361.38972 317.26896 201.70323 -360.34797 315.79687 201.70323 -358.47117 315.26591 201.70323 -357.12785 316.36408 201.70323 -356.48721 318.09994 201.70323 -356.99358 319.60725 201.70323 -359.06814 317.95054 208.18907 -359.06814 317.95054 201.70323 -467.45598 252.88597 128.88661 -466.45282 251.39561 128.88661 -465.06054 250.46965 128.88661 -463.68257 250.88380 128.88661 -462.67013 252.19587 128.88661 -462.88347 254.23503 128.88661 -463.91717 255.27655 128.88661 -465.44829 255.16997 128.88661 -466.78341 254.57900 128.88661 -464.93134 253.02359 133.28292 -464.93134 253.02359 128.88661 -440.85059 310.77421 165.05932 -439.72343 310.64341 165.05932 -438.52033 311.38666 165.05932 -438.57660 312.95708 165.05932 -438.96366 313.77544 165.05932 -440.49719 314.19570 165.05932 -441.29378 313.73551 165.05932 -442.08618 312.49388 165.05932 -441.71520 311.46779 165.05932 -440.26914 312.44329 170.23269 -440.26914 312.44329 165.05932 -356.80547 308.20846 198.00905 -356.30036 306.78160 198.00905 -354.67172 305.91915 198.00905 -353.06783 306.16771 198.00905 -352.04850 307.41333 198.00905 -351.77641 309.04945 198.00905 -353.18963 310.50414 198.00905 -354.80066 310.85005 198.00905 -356.54984 310.03715 198.00905 -354.33522 308.27388 202.87440 -354.33522 308.27388 198.00905 -277.56050 394.85815 148.92678 -277.08565 397.08164 148.92678 -278.06939 398.81956 148.92678 -279.82831 399.75166 148.92678 -281.92151 399.16448 148.92678 -282.84605 397.31172 148.92678 -282.65485 395.01298 148.92678 -280.84939 393.83218 148.92678 -278.97971 393.88510 148.92678 -279.92070 396.62636 154.14965 -279.92070 396.62636 148.92678 -391.58965 397.09095 157.64969 -393.30963 397.57608 157.64969 -394.49586 396.48579 157.64969 -395.35758 394.89194 157.64969 -394.74265 393.37779 157.64969 -393.04978 392.77864 157.64969 -391.55807 393.05876 157.64969 -390.82092 394.21859 157.64969 -390.80998 396.04263 157.64969 -392.81558 395.13120 162.58854 -392.81558 395.13120 157.64969 -420.53525 432.91583 129.17151 -421.81492 432.89054 129.17151 -422.85753 432.39384 129.17151 -423.17347 431.41837 129.17151 -422.89782 430.48094 129.17151 -421.73494 429.62790 129.17151 -420.47959 429.86657 129.17151 -419.75228 430.78090 129.17151 -420.01730 432.09389 129.17151 -421.46557 431.34442 134.63529 -421.46557 431.34442 129.17151 -332.17397 445.38856 130.02105 -329.97026 445.07564 130.02105 -328.52567 446.40235 130.02105 -328.01086 448.50198 130.02105 -329.00760 450.25123 130.02105 -330.53839 450.90193 130.02105 -332.56226 450.62351 130.02105 -334.02813 448.87611 130.02105 -333.90674 446.88554 130.02105 -330.99029 448.08010 141.99985 -330.99029 448.08010 130.02105 -457.18127 312.37749 149.78137 -458.85665 312.12645 149.78137 -460.14538 310.87984 149.78137 -460.06059 309.09489 149.78137 -458.83714 307.54320 149.78137 -457.15726 307.13524 149.78137 -455.82106 307.92312 149.78137 -455.19649 309.87650 149.78137 -455.66375 311.56317 149.78137 -457.63405 309.77807 157.12909 -457.63405 309.77807 149.78137 -261.97252 440.06884 124.00295 -262.79817 442.86066 124.00295 -265.37487 443.63320 124.00295 -268.00349 442.98885 124.00295 -269.32701 440.97730 124.00295 -269.31509 438.09899 124.00295 -267.16600 436.64577 124.00295 -264.76038 436.39720 124.00295 -262.36317 437.54306 124.00295 -265.72589 439.94627 134.30128 -265.72589 439.94627 124.00295 -298.52837 314.02222 171.56853 -298.08235 316.47377 171.56853 -299.16823 318.96497 171.56853 -301.75327 320.08486 171.56853 -304.31736 319.22520 171.56853 -306.04172 317.08245 171.56853 -305.78888 314.25283 171.56853 -303.69994 312.33183 171.56853 -301.02341 312.19938 171.56853 -302.00123 316.04390 178.97487 -302.00123 316.04390 171.56853 -433.67966 483.01297 103.36027 -432.28813 481.47800 103.36027 -430.49631 481.01213 103.36027 -428.78581 481.57890 103.36027 -428.11717 483.44238 103.36027 -428.29916 485.35556 103.36027 -430.15366 486.60874 103.36027 -431.92046 486.23377 103.36027 -433.50075 485.06006 103.36027 -430.74481 483.74127 111.39959 -430.74481 483.74127 103.36027 -309.13506 302.41002 178.44984 -309.30510 304.96399 178.44984 -310.72395 307.17688 178.44984 -313.39630 307.36549 178.44984 -315.15651 306.24165 178.44984 -316.25834 303.73619 178.44984 -315.57005 301.50200 178.44984 -313.17570 300.14405 178.44984 -310.75484 300.80991 178.44984 -312.59521 303.85132 185.09001 -312.59521 303.85132 178.44984 -399.88460 294.45345 190.74265 -399.78435 292.93815 190.74265 -398.61925 292.20761 190.74265 -397.63715 291.93326 190.74265 -396.51175 292.98878 190.74265 -396.04959 294.17457 190.74265 -396.86793 295.75662 190.74265 -398.16743 296.12812 190.74265 -399.44137 295.70626 190.74265 -398.12876 294.02481 198.82370 -398.12876 294.02481 190.74265 -441.88465 309.92934 163.02823 -441.95634 308.38170 163.02823 -441.05444 307.02014 163.02823 -439.54752 306.94901 163.02823 -438.40364 307.32957 163.02823 -437.70155 308.51412 163.02823 -438.22206 309.90306 163.02823 -439.51740 310.77975 163.02823 -440.67834 310.50860 163.02823 -439.87890 308.87667 169.81662 -439.87890 308.87667 163.02823 -481.23640 345.66640 130.03141 -479.26879 345.52514 130.03141 -477.32903 346.21711 130.03141 -476.61783 348.03614 130.03141 -477.25267 350.26993 130.03141 -478.86684 351.39893 130.03141 -480.93998 350.80146 130.03141 -482.34200 349.26817 130.03141 -482.69222 347.32832 130.03141 -479.62948 348.34638 137.22961 -479.62948 348.34638 130.03141 -305.51280 485.21391 103.69474 -303.65413 483.19807 103.69474 -300.74314 482.20510 103.69474 -297.97942 483.70423 103.69474 -296.77884 486.36094 103.69474 -298.08108 489.41369 103.69474 -300.31044 491.25322 103.69474 -303.56512 490.64873 103.69474 -305.54288 488.40885 103.69474 -301.43360 486.77359 111.69844 -301.43360 486.77359 103.69474 -393.84758 388.42554 163.66253 -395.96595 389.04236 163.66253 -397.93081 387.86992 163.66253 -398.95233 385.61623 163.66253 -398.13944 383.50793 163.66253 -396.00391 382.63807 163.66253 -393.70361 382.80190 163.66253 -392.33124 384.56276 163.66253 -392.33564 386.85684 163.66253 -395.43145 385.71063 171.94539 -395.43145 385.71063 163.66253 -355.63143 475.59055 118.28900 -356.91678 476.51103 118.28900 -358.58349 476.57176 118.28900 -359.97482 475.58896 118.28900 -360.17636 473.96429 118.28900 -359.48348 472.53056 118.28900 -357.59581 471.99567 118.28900 -356.15622 472.50744 118.28900 -355.20863 474.13257 118.28900 -357.80897 474.27245 124.73688 -357.80897 474.27245 118.28900 -484.96703 355.46869 125.05782 -488.08963 356.30808 125.05782 -490.95536 355.07716 125.05782 -492.37824 352.22374 125.05782 -491.51018 348.93775 125.05782 -489.05650 347.14800 125.05782 -485.61119 347.47066 125.05782 -483.41748 349.49371 125.05782 -482.98931 352.84021 125.05782 -487.63451 351.64896 136.01727 -487.63451 351.64896 125.05782 -352.18059 433.65186 138.49503 -350.20594 433.56903 138.49503 -348.47612 434.12565 138.49503 -347.81204 436.23658 138.49503 -348.14963 437.74547 138.49503 -349.69701 438.73180 138.49503 -351.77381 438.63785 138.49503 -353.04351 437.16703 138.49503 -353.02479 435.42040 138.49503 -350.51478 436.17860 147.24558 -350.51478 436.17860 138.49503 -292.33284 403.43642 148.94571 -292.96349 405.02334 148.94571 -294.26561 406.20594 148.94571 -296.24415 405.78078 148.94571 -297.00074 404.67551 148.94571 -297.28765 402.96183 148.94571 -296.25773 401.83688 148.94571 -294.59469 401.39839 148.94571 -293.29840 402.24432 148.94571 -294.90022 403.72556 157.78737 -294.90022 403.72556 148.94571 -393.56720 368.73503 177.87776 -395.61240 369.89070 177.87776 -398.20235 369.36339 177.87776 -399.70243 367.19678 177.87776 -399.39879 364.81944 177.87776 -397.77295 362.97051 177.87776 -395.47632 362.67661 177.87776 -393.27705 364.01014 177.87776 -392.74779 366.50293 177.87776 -396.19751 366.21823 187.17508 -396.19751 366.21823 177.87776 -306.51327 390.44277 158.50433 -306.69100 387.79053 158.50433 -304.51994 386.07015 158.50433 -302.19974 385.77305 158.50433 -299.91595 387.14723 158.50433 -299.00517 389.98166 158.50433 -299.95045 392.24995 158.50433 -302.65494 393.54673 158.50433 -305.13277 392.60021 158.50433 -302.95414 389.54542 168.41100 -302.95414 389.54542 158.50433 -483.46915 386.29868 129.33594 -483.59061 383.98112 129.33594 -482.21884 382.96365 129.33594 -480.10687 382.39561 129.33594 -478.56833 383.54927 129.33594 -478.04174 385.73897 129.33594 -478.96856 387.37287 129.33594 -480.69070 388.03532 129.33594 -482.22739 387.67978 129.33594 -480.81348 385.33267 139.57626 -480.81348 385.33267 129.33594 -431.65316 407.16645 140.84309 -429.90324 407.68949 140.84309 -428.84861 409.11039 140.84309 -429.11917 411.03241 140.84309 -430.83297 412.16712 140.84309 -432.69318 412.22102 140.84309 -433.71192 410.82134 140.84309 -434.27522 409.36951 140.84309 -433.24522 407.70301 140.84309 -431.54943 409.68228 145.24694 -431.54943 409.68228 140.84309 -453.31285 459.87780 114.39573 -453.52265 461.37692 114.39573 -455.06218 462.42422 114.39573 -456.80188 462.50876 114.39573 -457.83900 460.99406 114.39573 -457.81899 459.32651 114.39573 -457.05406 458.21489 114.39573 -455.30800 457.89750 114.39573 -453.86840 458.17535 114.39573 -455.58340 460.10930 123.44452 -455.58340 460.10930 114.39573 -473.32923 350.97865 138.88031 -472.36595 352.49388 138.88031 -473.03390 354.11561 138.88031 -474.28665 354.85957 138.88031 -476.24700 354.58404 138.88031 -477.46239 353.49393 138.88031 -477.41620 351.76429 138.88031 -476.24758 350.32716 138.88031 -474.44439 350.00373 138.88031 -474.97975 352.59956 148.74968 -474.97975 352.59956 138.88031 -432.76641 395.58761 149.30630 -435.03952 394.59346 149.30630 -435.89752 392.55911 149.30630 -435.48507 390.24346 149.30630 -433.73861 388.73760 149.30630 -431.35660 389.08709 149.30630 -429.46871 390.69068 149.30630 -429.13467 392.80247 149.30630 -430.52173 395.12669 149.30630 -432.57041 392.18196 157.97643 -432.57041 392.18196 149.30630 -407.42353 344.35478 183.33372 -405.48155 344.56832 183.33372 -403.89623 346.03034 183.33372 -403.75715 347.79962 183.33372 -404.89486 349.44358 183.33372 -406.64210 350.02216 183.33372 -408.31693 349.11857 183.33372 -409.23123 347.77326 183.33372 -409.23946 345.76992 183.33372 -406.61179 347.21281 190.53727 -406.61179 347.21281 183.33372 -397.68224 365.39243 174.64427 -394.89358 365.88700 174.64427 -393.34342 368.26012 174.64427 -393.74367 370.92948 174.64427 -395.55219 373.06564 174.64427 -398.38950 373.07714 174.64427 -400.61700 371.72802 174.64427 -401.37330 369.10029 174.64427 -400.07444 366.45993 174.64427 -397.41993 369.30625 181.20603 -397.41993 369.30625 174.64427 -363.86431 391.37815 166.80272 -363.77682 390.07317 166.80272 -363.18178 388.49985 166.80272 -361.61407 388.00535 166.80272 -359.80584 388.92501 166.80272 -359.07202 390.07295 166.80272 -359.65317 391.84893 166.80272 -360.80815 392.89848 166.80272 -362.52741 392.52226 166.80272 -361.65574 390.45266 172.32617 -361.65574 390.45266 166.80272 -412.71161 379.20959 168.83600 -411.63040 376.99178 168.83600 -409.65785 376.08658 168.83600 -407.35094 376.43842 168.83600 -406.04916 378.64016 168.83600 -406.60456 380.65620 168.83600 -407.88056 382.27193 168.83600 -410.47820 382.32076 168.83600 -411.94530 380.99220 168.83600 -409.42851 379.31622 176.32199 -409.42851 379.31622 168.83600 -347.18720 472.81976 115.45199 -345.59686 474.17615 115.45199 -345.14867 476.45930 115.45199 -346.72502 478.27464 115.45199 -348.64866 478.58436 115.45199 -350.50016 477.87989 115.45199 -351.78358 476.15083 115.45199 -351.16468 473.97816 115.45199 -349.19472 472.62657 115.45199 -348.47933 475.60137 122.96149 -348.47933 475.60137 115.45199 -384.22790 389.35409 161.88205 -384.53526 391.70556 161.88205 -385.94737 393.32002 161.88205 -387.74707 393.70714 161.88205 -389.81211 392.77079 161.88205 -390.77320 390.41722 161.88205 -389.75823 388.42790 161.88205 -387.90762 387.24847 161.88205 -385.87040 387.76708 161.88205 -387.42327 390.50047 166.76110 -387.42327 390.50047 161.88205 -333.25706 257.97195 161.33034 -331.12448 259.61243 161.33034 -330.29809 262.25157 161.33034 -331.69835 264.92460 161.33034 -334.28618 266.53476 161.33034 -336.84748 265.66693 161.33034 -338.88949 263.15801 161.33034 -338.25243 260.19538 161.33034 -336.32644 258.03648 161.33034 -334.54786 262.03251 171.36300 -334.54786 262.03251 161.33034 -381.94572 380.00089 170.73289 -382.59651 381.96443 170.73289 -384.00348 382.77042 170.73289 -385.90891 382.29837 170.73289 -387.26470 381.04561 170.73289 -387.03325 378.87140 170.73289 -385.74900 377.71643 170.73289 -383.89090 377.52402 170.73289 -382.35371 378.36581 170.73289 -384.60222 380.05844 176.21182 -384.60222 380.05844 170.73289 -303.19608 429.96051 140.26330 -304.46805 430.21957 140.26330 -305.48087 429.59554 140.26330 -306.06280 428.68626 140.26330 -305.47886 427.34989 140.26330 -304.72877 426.96594 140.26330 -303.37712 427.04008 140.26330 -302.74017 427.83437 140.26330 -302.48338 428.88871 140.26330 -304.24010 428.42897 145.08283 -304.24010 428.42897 140.26330 -451.11418 277.11214 139.45326 -453.50558 276.26379 139.45326 -454.80268 274.13020 139.45326 -454.64335 271.99256 139.45326 -452.68109 270.22360 139.45326 -450.28657 270.14303 139.45326 -448.25881 271.74040 139.45326 -448.01771 273.72647 139.45326 -449.12231 275.92109 139.45326 -451.32133 273.47845 146.17046 -451.32133 273.47845 139.45326 -418.87961 372.03622 176.22174 -419.79440 372.51993 176.22174 -421.55714 372.11965 176.22174 -422.17470 371.27316 176.22174 -422.15905 369.61685 176.22174 -421.21805 368.61352 176.22174 -419.99286 368.05296 176.22174 -418.63190 368.90513 176.22174 -417.99699 370.59735 176.22174 -420.30449 370.37868 184.87166 -420.30449 370.37868 176.22174 -391.07636 305.21140 188.51570 -393.71410 306.00983 188.51570 -395.80922 304.89737 188.51570 -397.18234 302.74911 188.51570 -396.91441 300.42258 188.51570 -395.10226 298.72332 188.51570 -392.21115 298.69719 188.51570 -390.47084 300.35967 188.51570 -389.71265 302.68624 188.51570 -393.59191 302.20324 196.92523 -393.59191 302.20324 188.51570 -404.45985 355.91440 186.85205 -403.50738 354.79993 186.85205 -401.75494 355.18120 186.85205 -400.58417 355.98046 186.85205 -400.13467 357.73369 186.85205 -401.05344 359.20794 186.85205 -402.43746 359.57163 186.85205 -404.00058 358.90344 186.85205 -404.69384 357.73890 186.85205 -402.50735 357.26263 193.28414 -402.50735 357.26263 186.85205 -368.72938 441.26504 129.94112 -371.69561 442.40911 129.94112 -374.90159 441.32146 129.94112 -376.32523 438.47039 129.94112 -375.50933 434.94167 129.94112 -373.31121 432.89968 129.94112 -369.77546 433.25999 129.94112 -367.37203 435.12450 129.94112 -366.70394 438.52332 129.94112 -371.57807 437.58687 138.10355 -371.57807 437.58687 129.94112 -357.28405 367.43851 174.38703 -355.50417 369.50805 174.38703 -355.33437 372.34117 174.38703 -356.77567 374.43680 174.38703 -359.13744 375.24239 174.38703 -361.81265 374.21658 174.38703 -363.08461 371.64461 174.38703 -362.21779 368.73726 174.38703 -360.18847 367.17807 174.38703 -358.98254 371.20776 180.09527 -358.98254 371.20776 174.38703 -389.02801 468.19900 115.11270 -390.26887 469.01709 115.11270 -391.96981 469.48189 115.11270 -393.05183 468.34116 115.11270 -393.43564 466.79999 115.11270 -392.54176 465.20172 115.11270 -391.16363 464.87131 115.11270 -389.58879 465.21257 115.11270 -388.93440 466.70425 115.11270 -391.21966 467.06483 121.85726 -391.21966 467.06483 115.11270 -440.45241 401.48541 146.74939 -439.06942 401.81757 146.74939 -438.47555 403.33185 146.74939 -438.58671 404.39839 146.74939 -439.84266 405.58379 146.74939 -441.13967 405.43261 146.74939 -442.20360 404.28639 146.74939 -442.47916 403.12428 146.74939 -441.72236 401.98527 146.74939 -440.41315 403.48512 154.48687 -440.41315 403.48512 146.74939 -385.01865 323.05265 204.06243 -383.33777 322.88924 204.06243 -381.88068 323.93085 204.06243 -381.32630 325.45859 204.06243 -382.10916 327.35174 204.06243 -383.55065 327.95606 204.06243 -385.20167 327.78239 204.06243 -386.53167 326.40590 204.06243 -386.15847 324.49591 204.06243 -383.93627 325.48965 212.67921 -383.93627 325.48965 204.06243 -394.94628 350.90942 187.84828 -397.25174 351.35885 187.84828 -399.18350 350.41788 187.84828 -400.04387 348.59815 187.84828 -399.32354 346.15559 187.84828 -397.29749 345.24196 187.84828 -395.21893 345.77446 187.84828 -393.73374 347.22365 187.84828 -393.85716 349.63680 187.84828 -396.67092 348.37944 199.14633 -396.67092 348.37944 187.84828 -475.65550 257.86587 127.15734 -476.03497 256.79588 127.15734 -475.86506 255.80229 127.15734 -474.88880 254.79378 127.15734 -473.61293 255.05362 127.15734 -472.81717 256.12432 127.15734 -472.45071 257.28067 127.15734 -473.21855 258.32051 127.15734 -474.44569 258.68123 127.15734 -474.30218 256.71865 132.16241 -474.30218 256.71865 127.15734 -399.24642 446.90873 122.08896 -398.08947 447.67869 122.08896 -398.06264 449.56017 122.08896 -398.82841 450.91029 122.08896 -400.47589 451.46687 122.08896 -402.04922 450.86120 122.08896 -402.58783 449.41474 122.08896 -402.34666 447.65777 122.08896 -400.89760 446.84772 122.08896 -400.39477 448.95398 130.75128 -400.39477 448.95398 122.08896 -440.46417 274.37415 147.57768 -441.46177 273.55446 147.57768 -441.58734 271.92911 147.57768 -440.69307 270.73384 147.57768 -439.35599 270.21614 147.57768 -438.30422 271.15752 147.57768 -437.61773 272.40133 147.57768 -437.74445 273.43205 147.57768 -438.85007 274.25831 147.57768 -439.47990 272.46539 152.98116 -439.47990 272.46539 147.57768 -281.16981 338.29076 165.87492 -280.76134 340.65921 165.87492 -281.77296 342.78481 165.87492 -283.96542 343.74708 165.87492 -286.14644 342.76845 165.87492 -287.57442 340.83613 165.87492 -287.17268 338.31308 165.87492 -285.33688 336.93177 165.87492 -283.06134 336.69863 165.87492 -284.06595 340.12532 177.54007 -284.06595 340.12532 165.87492 -461.09160 471.88263 100.62040 -460.62825 474.25162 100.62040 -461.63733 476.40766 100.62040 -463.42706 477.04973 100.62040 -465.85486 476.44621 100.62040 -467.18907 474.54196 100.62040 -466.91171 472.31371 100.62040 -465.23887 470.66094 100.62040 -463.00354 470.61086 100.62040 -463.78360 473.83389 111.59569 -463.78360 473.83389 100.62040 -329.18052 468.72560 125.87367 -330.47534 468.35216 125.87367 -331.02285 467.20186 125.87367 -330.83302 465.47658 125.87367 -329.73410 464.88498 125.87367 -328.47349 464.97648 125.87367 -327.54925 465.76052 125.87367 -327.13851 466.99864 125.87367 -328.08226 468.29381 125.87367 -329.17863 466.75380 133.30603 -329.17863 466.75380 125.87367 -342.97734 437.86138 133.97443 -340.34486 436.16064 133.97443 -337.21809 436.95128 133.97443 -335.32252 438.98700 133.97443 -334.92972 442.26760 133.97443 -337.02134 444.70301 133.97443 -339.78983 445.51718 133.97443 -342.91394 443.71556 133.97443 -344.04592 440.85976 133.97443 -339.39796 440.82458 145.99274 -339.39796 440.82458 133.97443 -426.91375 436.33158 126.20241 -426.85427 438.01446 126.20241 -428.00126 439.00737 126.20241 -429.62576 438.86679 126.20241 -430.72909 437.88398 126.20241 -431.08489 436.51721 126.20241 -430.65784 435.13268 126.20241 -429.01929 434.44044 126.20241 -427.40690 434.90097 126.20241 -428.98247 436.79379 132.89418 -428.98247 436.79379 126.20241 -470.60376 279.55672 134.46080 -471.98006 277.91493 134.46080 -471.98295 276.25633 134.46080 -471.24891 274.35183 134.46080 -469.06114 273.79789 134.46080 -467.33558 274.48120 134.46080 -466.65999 276.55625 134.46080 -466.98199 278.31226 134.46080 -468.70388 279.59506 134.46080 -469.38632 276.78624 141.51919 -469.38632 276.78624 134.46080 -340.76866 317.53004 197.11218 -340.71023 316.73130 197.11218 -339.74173 316.13451 197.11218 -338.95786 316.67110 197.11218 -338.27970 317.25894 197.11218 -338.27048 318.33499 197.11218 -339.03603 319.06160 197.11218 -340.00329 319.25013 197.11218 -340.64574 318.55340 197.11218 -339.54452 317.72284 204.26706 -339.54452 317.72284 197.11218 -246.59968 325.69084 148.17388 -247.09102 328.55077 148.17388 -248.71593 330.39039 148.17388 -251.51801 330.54006 148.17388 -253.59794 328.74304 148.17388 -254.17994 326.57949 148.17388 -252.88361 324.04904 148.17388 -250.69033 322.94578 148.17388 -248.23201 323.54970 148.17388 -250.44608 326.78512 156.08099 -250.44608 326.78512 148.17388 -366.71504 476.15493 117.15029 -368.14676 476.44477 117.15029 -369.37355 475.79071 117.15029 -369.89178 474.55499 117.15029 -369.56923 473.43000 117.15029 -368.39074 472.72886 117.15029 -367.36739 472.62448 117.15029 -366.17314 473.60931 117.15029 -366.03958 475.23976 117.15029 -368.01017 474.55329 123.65555 -368.01017 474.55329 117.15029</float_array><technique_common><accessor source="#positions-array" count="4807" stride="3"><param name="X" type="float"/><param name="Y" type="float"/><param name="Z" type="float"/></accessor></technique_common></source>
<source id="normals"><float_array id="normals-array" count="23598">-0.65224 -0.70376 0.28162 0.00000 0.00000 -1.00000 -0.16711 -0.94605 0.27759 0.00000 -0.00000 -1.00000 0.57807 -0.77229 0.26345 0.00000 0.00000 -1.00000 0.96201 -0.12116 0.24465 0.00000 0.00000 -1.00000 0.95524 0.15024 0.25483 0.00000 0.00000 -1.00000 0.26840 0.91951 0.28716 0.00000 0.00000 -1.00000 -0.14702 0.94993 0.27571 0.00000 0.00000 -1.00000 -0.72416 0.62486 0.29179 0.00000 0.00000 -1.00000 -0.94208 -0.18566 0.27931 -0.00000 0.00000 -1.00000 -0.91793 -0.26226 0.29769 -0.00000 0.00000 -1.00000 -0.69250 -0.65678 0.29848 0.00000 0.00000 -1.00000 0.07255 -0.95472 0.28854 0.00000 -0.00000 -1.00000 0.54699 -0.78933 0.27885 0.00000 0.00000 -1.00000 0.95757 0.04971 0.28388 0.00000 0.00000 -1.00000 0.91175 0.29800 0.28269 0.00000 0.00000 -1.00000 0.35812 0.88595 0.29469 0.00000 0.00000 -1.00000 -0.26289 0.92033 0.28963 0.00000 0.00000 -1.00000 -0.76962 0.56687 0.29385 0.00000 0.00000 -1.00000 -0.11794 -0.96413 0.23778 0.00000 -0.00000 -1.00000 0.56596 -0.78478 0.25260 0.00000 0.00000 -1.00000 0.93011 -0.27769 0.24041 0.00000 0.00000 -1.00000 0.89265 0.37927 0.24357 0.00000 0.00000 -1.00000 0.48576 0.84195 0.23487 0.00000 0.00000 -1.00000 -0.13958 0.95866 0.24797 0.00000 0.00000 -1.00000 -0.89332 0.37939 0.24094 0.00000 0.00000 -1.00000 -0.97260 0.00021 0.23247 -0.00000 0.00000 -1.00000 -0.67101 -0.70154 0.23999 0.00000 0.00000 -1.00000 0.49574 -0.81920 0.28838 0.00000 0.00000 -1.00000 0.91184 -0.28696 0.29359 0.00000 0.00000 -1.00000 0.82591 0.46384 0.32051 0.00000 0.00000 -1.00000 0.15463 0.94432 0.29042 0.00000 0.00000 -1.00000 -0.21578 0.93389 0.28510 0.00000 0.00000 -1.00000 -0.88049 0.37183 0.29409 0.00000 0.00000 -1.00000 -0.94568 -0.16896 0.27773 -0.00000 0.00000 -1.00000 -0.71426 -0.63734 0.28919 0.00000 0.00000 -1.00000 0.17940 -0.94079 0.28763 0.00000 -0.00000 -1.00000 -0.10501 -0.97216 0.20947 0.00000 -0.00000 -1.00000 0.65830 -0.72453 0.20421 0.00000 0.00000 -1.00000 0.97987 -0.01546 0.19905 0.00000 0.00000 -1.00000 0.86361 0.46459 0.19579 0.00000 0.00000 -1.00000 0.30385 0.92950 0.20904 0.00000 0.00000 -1.00000 -0.51742 0.83152 0.20214 0.00000 0.00000 -1.00000 -0.89154 0.40973 0.19306 0.00000 0.00000 -1.00000 -0.97630 -0.07479 0.20309 -0.00000 0.00000 -1.00000 -0.54321 -0.81563 0.19917 0.00000 0.00000 -1.00000 0.19539 -0.94010 0.27934 0.00000 -0.00000 -1.00000 0.52674 -0.80302 0.27875 0.00000 0.00000 -1.00000 0.94198 -0.15824 0.29602 0.00000 0.00000 -1.00000 0.78560 0.52925 0.32052 0.00000 0.00000 -1.00000 0.07272 0.95439 0.28955 0.00000 0.00000 -1.00000 -0.34307 0.89169 0.29527 0.00000 0.00000 -1.00000 -0.93230 0.22400 0.28397 0.00000 0.00000 -1.00000 -0.90129 -0.35539 0.24772 -0.00000 0.00000 -1.00000 -0.80644 -0.53378 0.25443 0.00000 0.00000 -1.00000 0.09763 -0.94822 0.30225 0.00000 -0.00000 -1.00000 0.57464 -0.76300 0.29600 0.00000 0.00000 -1.00000 0.95570 0.04511 0.29087 0.00000 0.00000 -1.00000 0.85087 0.44406 0.28079 0.00000 0.00000 -1.00000 0.32077 0.89734 0.30314 0.00000 0.00000 -1.00000 -0.21760 0.92856 0.30071 0.00000 0.00000 -1.00000 -0.82451 0.47970 0.30011 0.00000 0.00000 -1.00000 -0.89575 -0.32090 0.30767 -0.00000 0.00000 -1.00000 -0.66469 -0.68742 0.29264 0.00000 0.00000 -1.00000 -0.91608 -0.13107 0.37898 -0.00000 0.00000 -1.00000 -0.66889 -0.64725 0.36559 0.00000 0.00000 -1.00000 -0.11489 -0.92215 0.36937 0.00000 -0.00000 -1.00000 0.49998 -0.78558 0.36454 0.00000 0.00000 -1.00000 0.87634 -0.29754 0.37882 0.00000 0.00000 -1.00000 0.80980 0.45224 0.37377 0.00000 0.00000 -1.00000 0.42179 0.82623 0.37341 0.00000 0.00000 -1.00000 -0.26010 0.89238 0.36879 0.00000 0.00000 -1.00000 -0.67431 0.63148 0.38281 0.00000 0.00000 -1.00000 0.84300 0.42298 0.33231 0.00000 0.00000 -1.00000 0.26627 0.89398 0.36042 0.00000 0.00000 -1.00000 -0.34025 0.86633 0.36565 0.00000 0.00000 -1.00000 -0.82178 0.44184 0.35980 0.00000 0.00000 -1.00000 -0.91292 -0.21854 0.34470 -0.00000 0.00000 -1.00000 -0.67245 -0.65274 0.34893 0.00000 0.00000 -1.00000 0.03360 -0.93526 0.35236 0.00000 -0.00000 -1.00000 0.64088 -0.67925 0.35762 0.00000 0.00000 -1.00000 0.93110 -0.12946 0.34101 0.00000 0.00000 -1.00000 0.30789 -0.81510 0.49072 0.00000 0.00000 -1.00000 0.73778 -0.44506 0.50755 0.00000 0.00000 -1.00000 0.84472 0.21151 0.49165 0.00000 0.00000 -1.00000 0.63089 0.60521 0.48549 0.00000 0.00000 -1.00000 0.09006 0.85598 0.50911 0.00000 0.00000 -1.00000 -0.58780 0.61826 0.52177 0.00000 0.00000 -1.00000 -0.82235 0.24551 0.51329 -0.00000 0.00000 -1.00000 -0.75499 -0.40638 0.51463 0.00000 0.00000 -1.00000 -0.19491 -0.84381 0.50000 0.00000 -0.00000 -1.00000 -0.53427 -0.61406 0.58093 0.00000 0.00000 -1.00000 -0.11799 -0.80566 0.58051 0.00000 -0.00000 -1.00000 0.50153 -0.63245 0.59032 0.00000 0.00000 -1.00000 0.77412 -0.24893 0.58204 0.00000 0.00000 -1.00000 0.74178 0.28430 0.60740 0.00000 0.00000 -1.00000 0.37926 0.69482 0.61106 0.00000 0.00000 -1.00000 -0.25552 0.74980 0.61034 0.00000 0.00000 -1.00000 -0.65990 0.44003 0.60902 0.00000 0.00000 -1.00000 -0.79342 -0.09416 0.60134 -0.00000 0.00000 -1.00000 0.46226 -0.82117 0.33466 0.00000 0.00000 -1.00000 0.86346 -0.38065 0.33097 0.00000 0.00000 -1.00000 0.91676 0.20886 0.34047 0.00000 0.00000 -1.00000 0.46326 0.82209 0.33099 0.00000 0.00000 -1.00000 -0.16038 0.93123 0.32725 0.00000 0.00000 -1.00000 -0.66823 0.66452 0.33449 0.00000 0.00000 -1.00000 -0.94351 -0.05304 0.32706 -0.00000 0.00000 -1.00000 -0.79111 -0.51752 0.32606 0.00000 0.00000 -1.00000 -0.20595 -0.91841 0.33779 0.00000 -0.00000 -1.00000 -0.48885 -0.85064 0.19350 0.00000 -0.00000 -1.00000 0.71932 -0.66862 0.18849 0.00000 0.00000 -1.00000 0.93734 -0.29131 0.19113 0.00000 0.00000 -1.00000 0.79132 0.57737 0.20115 0.00000 0.00000 -1.00000 0.28809 0.93691 0.19800 0.00000 0.00000 -1.00000 -0.15133 0.96637 0.20793 0.00000 0.00000 -1.00000 -0.84287 0.49135 0.21941 0.00000 0.00000 -1.00000 -0.96832 -0.09947 0.22903 -0.00000 0.00000 -1.00000 -0.38098 -0.90385 0.19469 0.00000 0.00000 -1.00000 -0.69855 -0.63522 0.32944 0.00000 0.00000 -1.00000 -0.03425 -0.93578 0.35091 0.00000 -0.00000 -1.00000 0.55671 -0.75436 0.34788 0.00000 0.00000 -1.00000 0.92545 -0.18056 0.33307 0.00000 0.00000 -1.00000 0.87221 0.35546 0.33599 0.00000 0.00000 -1.00000 0.33692 0.87571 0.34587 0.00000 0.00000 -1.00000 -0.25942 0.89988 0.35060 0.00000 0.00000 -1.00000 -0.77635 0.52146 0.35406 0.00000 0.00000 -1.00000 -0.91223 -0.24290 0.32989 -0.00000 0.00000 -1.00000 -0.69844 -0.66912 0.25389 0.00000 0.00000 -1.00000 0.00022 -0.96296 0.26964 0.00000 -0.00000 -1.00000 0.66113 -0.70306 0.26194 0.00000 0.00000 -1.00000 0.94448 -0.19473 0.26466 0.00000 0.00000 -1.00000 0.72108 0.64274 0.25868 0.00000 0.00000 -1.00000 0.40378 0.87933 0.25248 0.00000 0.00000 -1.00000 -0.39945 0.87759 0.26510 0.00000 0.00000 -1.00000 -0.83834 0.47954 0.25929 0.00000 0.00000 -1.00000 -0.93606 -0.24538 0.25214 -0.00000 0.00000 -1.00000 0.86120 0.46954 0.19461 0.00000 0.00000 -1.00000 0.20707 0.96096 0.18353 0.00000 0.00000 -1.00000 -0.53231 0.82832 0.17473 0.00000 0.00000 -1.00000 -0.89016 0.42099 0.17429 0.00000 0.00000 -1.00000 -0.97833 -0.10406 0.17903 -0.00000 0.00000 -1.00000 -0.71481 -0.67095 0.19718 0.00000 0.00000 -1.00000 0.02893 -0.97846 0.20442 0.00000 -0.00000 -1.00000 0.77035 -0.60631 0.19735 0.00000 0.00000 -1.00000 0.97215 0.12676 0.19714 0.00000 0.00000 -1.00000 0.81821 0.45550 0.35078 0.00000 0.00000 -1.00000 0.38819 0.85227 0.35064 0.00000 0.00000 -1.00000 -0.31322 0.88038 0.35613 0.00000 0.00000 -1.00000 -0.76513 0.53532 0.35778 0.00000 0.00000 -1.00000 -0.92947 -0.11161 0.35161 -0.00000 0.00000 -1.00000 -0.60918 -0.70738 0.35849 0.00000 0.00000 -1.00000 -0.07188 -0.92849 0.36434 0.00000 -0.00000 -1.00000 0.56431 -0.74533 0.35501 0.00000 0.00000 -1.00000 0.91139 -0.20533 0.35667 0.00000 0.00000 -1.00000 0.84454 0.45524 0.28199 0.00000 0.00000 -1.00000 0.43301 0.85027 0.29923 0.00000 0.00000 -1.00000 -0.45665 0.84314 0.28388 0.00000 0.00000 -1.00000 -0.72896 0.62745 0.27374 0.00000 0.00000 -1.00000 -0.94923 -0.02117 0.31386 -0.00000 0.00000 -1.00000 -0.48371 -0.82043 0.30483 0.00000 0.00000 -1.00000 0.05833 -0.96056 0.27188 0.00000 -0.00000 -1.00000 0.46987 -0.83917 0.27389 0.00000 0.00000 -1.00000 0.95552 0.02053 0.29420 0.00000 0.00000 -1.00000 -0.96955 -0.00264 0.24487 -0.00000 0.00000 -1.00000 -0.58342 -0.77394 0.24623 0.00000 0.00000 -1.00000 -0.14522 -0.96035 0.23801 0.00000 -0.00000 -1.00000 0.58808 -0.76895 0.25076 0.00000 0.00000 -1.00000 0.92492 -0.28452 0.25213 0.00000 0.00000 -1.00000 0.82412 0.51386 0.23826 0.00000 0.00000 -1.00000 0.47496 0.84575 0.24315 0.00000 0.00000 -1.00000 -0.21795 0.94367 0.24895 0.00000 0.00000 -1.00000 -0.81086 0.53091 0.24624 0.00000 0.00000 -1.00000 0.40913 -0.84022 0.35587 0.00000 0.00000 -1.00000 0.89351 -0.26724 0.36086 0.00000 0.00000 -1.00000 0.83404 0.41350 0.36524 0.00000 0.00000 -1.00000 0.44272 0.81875 0.36558 0.00000 0.00000 -1.00000 -0.29984 0.87973 0.36902 0.00000 0.00000 -1.00000 -0.77437 0.52231 0.35713 0.00000 0.00000 -1.00000 -0.92769 0.04173 0.37101 -0.00000 0.00000 -1.00000 -0.62399 -0.69499 0.35726 0.00000 0.00000 -1.00000 -0.15947 -0.92256 0.35135 0.00000 -0.00000 -1.00000 -0.87187 -0.42373 0.24556 -0.00000 0.00000 -1.00000 -0.71994 -0.64507 0.25605 0.00000 0.00000 -1.00000 0.21556 -0.93004 0.29758 0.00000 -0.00000 -1.00000 0.74578 -0.59323 0.30314 0.00000 0.00000 -1.00000 0.94913 -0.10617 0.29644 0.00000 0.00000 -1.00000 0.57866 0.78058 0.23632 0.00000 0.00000 -1.00000 0.37616 0.89421 0.24268 0.00000 0.00000 -1.00000 -0.49011 0.82856 0.27070 0.00000 0.00000 -1.00000 -0.90911 0.31394 0.27380 0.00000 0.00000 -1.00000 -0.89077 0.27963 0.35824 0.00000 0.00000 -1.00000 -0.88762 -0.29934 0.35004 -0.00000 0.00000 -1.00000 -0.55869 -0.75056 0.35288 0.00000 0.00000 -1.00000 0.20723 -0.91225 0.35336 0.00000 -0.00000 -1.00000 0.65925 -0.66871 0.34383 0.00000 0.00000 -1.00000 0.92019 -0.16222 0.35627 0.00000 0.00000 -1.00000 0.68672 0.63318 0.35707 0.00000 0.00000 -1.00000 0.24849 0.90115 0.35523 0.00000 0.00000 -1.00000 -0.34957 0.86391 0.36257 0.00000 0.00000 -1.00000 -0.93555 -0.21860 0.27740 -0.00000 0.00000 -1.00000 -0.67245 -0.68503 0.28026 0.00000 0.00000 -1.00000 -0.02043 -0.95992 0.27953 0.00000 -0.00000 -1.00000 0.60687 -0.74212 0.28454 0.00000 0.00000 -1.00000 0.93922 -0.16905 0.29880 0.00000 0.00000 -1.00000 0.80197 0.52720 0.28089 0.00000 0.00000 -1.00000 0.45834 0.84275 0.28230 0.00000 0.00000 -1.00000 -0.30804 0.90515 0.29296 0.00000 0.00000 -1.00000 -0.84394 0.45410 0.28557 0.00000 0.00000 -1.00000 0.39067 -0.88391 0.25707 0.00000 -0.00000 -1.00000 0.82468 -0.50256 0.25949 0.00000 0.00000 -1.00000 0.95941 0.15493 0.23564 0.00000 0.00000 -1.00000 0.80831 0.53597 0.24368 0.00000 0.00000 -1.00000 -0.07563 0.96401 0.25488 0.00000 0.00000 -1.00000 -0.42232 0.86731 0.26348 0.00000 0.00000 -1.00000 -0.96111 0.03406 0.27404 -0.00000 0.00000 -1.00000 -0.89282 -0.35751 0.27398 0.00000 0.00000 -1.00000 -0.23372 -0.93015 0.28318 0.00000 0.00000 -1.00000 0.75317 0.60493 0.25845 0.00000 0.00000 -1.00000 0.42866 0.86146 0.27229 0.00000 0.00000 -1.00000 -0.48432 0.82830 0.28171 0.00000 0.00000 -1.00000 -0.90335 0.34062 0.26065 0.00000 0.00000 -1.00000 -0.94708 -0.17265 0.27062 -0.00000 0.00000 -1.00000 -0.47933 -0.82840 0.28981 0.00000 0.00000 -1.00000 0.18904 -0.93485 0.30055 0.00000 -0.00000 -1.00000 0.86427 -0.42363 0.27123 0.00000 0.00000 -1.00000 0.96641 -0.01938 0.25629 0.00000 0.00000 -1.00000 0.33397 0.86479 0.37496 0.00000 0.00000 -1.00000 -0.34699 0.86928 0.35207 0.00000 0.00000 -1.00000 -0.69263 0.62705 0.35648 0.00000 0.00000 -1.00000 -0.89791 -0.27652 0.34249 -0.00000 0.00000 -1.00000 -0.58113 -0.73650 0.34622 0.00000 0.00000 -1.00000 -0.02104 -0.94176 0.33563 0.00000 -0.00000 -1.00000 0.59778 -0.73540 0.31913 0.00000 0.00000 -1.00000 0.91014 -0.25713 0.32485 0.00000 0.00000 -1.00000 0.83995 0.40789 0.35792 0.00000 0.00000 -1.00000 -0.05975 0.92499 0.37528 0.00000 0.00000 -1.00000 -0.65167 0.66607 0.36286 0.00000 0.00000 -1.00000 -0.92100 0.14189 0.36281 -0.00000 0.00000 -1.00000 -0.76603 -0.51738 0.38147 0.00000 0.00000 -1.00000 -0.24015 -0.89313 0.38033 0.00000 -0.00000 -1.00000 0.39847 -0.84178 0.36417 0.00000 0.00000 -1.00000 0.82947 -0.42143 0.36658 0.00000 0.00000 -1.00000 0.89570 0.26144 0.35968 0.00000 0.00000 -1.00000 0.56544 0.73618 0.37191 0.00000 0.00000 -1.00000 -0.85805 0.27439 0.43413 0.00000 0.00000 -1.00000 -0.88583 -0.19415 0.42144 -0.00000 0.00000 -1.00000 -0.62338 -0.64851 0.43684 0.00000 0.00000 -1.00000 0.04305 -0.89439 0.44521 0.00000 -0.00000 -1.00000 0.66301 -0.60900 0.43536 0.00000 0.00000 -1.00000 0.88368 -0.18748 0.42890 0.00000 0.00000 -1.00000 0.76360 0.48020 0.43166 0.00000 0.00000 -1.00000 0.22443 0.87243 0.43416 0.00000 0.00000 -1.00000 -0.28436 0.84842 0.44646 0.00000 0.00000 -1.00000 0.89821 -0.02252 0.43900 0.00000 0.00000 -1.00000 0.48495 0.76132 0.43036 0.00000 0.00000 -1.00000 0.02502 0.91257 0.40815 0.00000 0.00000 -1.00000 -0.45227 0.78541 0.42259 0.00000 0.00000 -1.00000 -0.84811 0.29639 0.43916 -0.00000 0.00000 -1.00000 -0.82851 -0.33292 0.45026 0.00000 0.00000 -1.00000 -0.29547 -0.85315 0.42991 0.00000 0.00000 -1.00000 0.17071 -0.88925 0.42438 0.00000 -0.00000 -1.00000 0.78146 -0.46371 0.41748 0.00000 0.00000 -1.00000 0.67551 -0.71669 0.17333 0.00000 0.00000 -1.00000 0.98506 0.00228 0.17221 0.00000 0.00000 -1.00000 0.73913 0.64930 0.17915 0.00000 0.00000 -1.00000 0.34398 0.92137 0.18097 0.00000 0.00000 -1.00000 -0.54463 0.81737 0.18784 0.00000 0.00000 -1.00000 -0.85563 0.48345 0.18484 -0.00000 0.00000 -1.00000 -0.82394 -0.53317 0.19196 0.00000 0.00000 -1.00000 -0.55819 -0.80983 0.18055 0.00000 0.00000 -1.00000 0.33568 -0.92541 0.17588 0.00000 -0.00000 -1.00000 -0.26732 -0.91172 0.31192 0.00000 -0.00000 -1.00000 0.47126 -0.82449 0.31325 0.00000 0.00000 -1.00000 0.84831 -0.42533 0.31538 0.00000 0.00000 -1.00000 0.87756 0.36904 0.30611 0.00000 0.00000 -1.00000 0.58204 0.75307 0.30677 0.00000 0.00000 -1.00000 -0.21375 0.92829 0.30427 0.00000 0.00000 -1.00000 -0.69593 0.65179 0.30143 0.00000 0.00000 -1.00000 -0.94566 0.10313 0.30837 -0.00000 0.00000 -1.00000 -0.71667 -0.62265 0.31415 0.00000 0.00000 -1.00000 -0.53774 -0.77766 0.32571 0.00000 0.00000 -1.00000 0.28520 -0.90353 0.31984 0.00000 -0.00000 -1.00000 0.60178 -0.73561 0.31103 0.00000 0.00000 -1.00000 0.94215 0.06341 0.32915 0.00000 0.00000 -1.00000 0.74708 0.59051 0.30522 0.00000 0.00000 -1.00000 0.21824 0.92778 0.30263 0.00000 0.00000 -1.00000 -0.29093 0.90679 0.30511 0.00000 0.00000 -1.00000 -0.90002 0.29731 0.31870 0.00000 0.00000 -1.00000 -0.92878 -0.18223 0.32275 -0.00000 0.00000 -1.00000 -0.44951 -0.79395 0.40937 0.00000 0.00000 -1.00000 0.21915 -0.88829 0.40363 0.00000 -0.00000 -1.00000 0.74705 -0.51962 0.41462 0.00000 0.00000 -1.00000 0.91139 0.02086 0.41101 0.00000 0.00000 -1.00000 0.72001 0.55804 0.41253 0.00000 0.00000 -1.00000 0.07890 0.90565 0.41662 0.00000 0.00000 -1.00000 -0.57189 0.71054 0.40997 0.00000 0.00000 -1.00000 -0.85538 0.32257 0.40531 -0.00000 0.00000 -1.00000 -0.85299 -0.32046 0.41197 0.00000 0.00000 -1.00000 0.77074 0.42860 0.47144 0.00000 0.00000 -1.00000 0.57910 0.66784 0.46758 0.00000 0.00000 -1.00000 -0.17318 0.85966 0.48061 0.00000 0.00000 -1.00000 -0.60631 0.63453 0.47933 0.00000 0.00000 -1.00000 -0.87186 0.06887 0.48488 -0.00000 0.00000 -1.00000 -0.68427 -0.54956 0.47934 0.00000 0.00000 -1.00000 -0.21935 -0.84343 0.49043 0.00000 -0.00000 -1.00000 0.48781 -0.73621 0.46908 0.00000 0.00000 -1.00000 0.76646 -0.43814 0.46966 0.00000 0.00000 -1.00000 0.28775 0.94263 0.16928 0.00000 0.00000 -1.00000 -0.59300 0.78576 0.17587 0.00000 0.00000 -1.00000 -0.82842 0.53153 0.17664 -0.00000 0.00000 -1.00000 -0.92805 -0.31307 0.20179 0.00000 0.00000 -1.00000 -0.50419 -0.84249 0.18977 0.00000 0.00000 -1.00000 0.04508 -0.98171 0.18497 0.00000 -0.00000 -1.00000 0.57719 -0.79411 0.19036 0.00000 0.00000 -1.00000 0.97007 0.15456 0.18726 0.00000 0.00000 -1.00000 0.68754 0.70678 0.16658 0.00000 0.00000 -1.00000 -0.47096 -0.85614 0.21264 0.00000 0.00000 -1.00000 0.08144 -0.97581 0.20287 0.00000 -0.00000 -1.00000 0.54743 -0.81199 0.20244 0.00000 0.00000 -1.00000 0.97725 -0.03596 0.20902 0.00000 0.00000 -1.00000 0.83218 0.51036 0.21683 0.00000 0.00000 -1.00000 0.34567 0.91548 0.20593 0.00000 0.00000 -1.00000 -0.53248 0.81879 0.21457 0.00000 0.00000 -1.00000 -0.88375 0.42505 0.19574 0.00000 0.00000 -1.00000 -0.96280 -0.17576 0.20525 -0.00000 0.00000 -1.00000 0.52817 -0.78648 0.32012 0.00000 0.00000 -1.00000 0.90168 -0.25987 0.34559 0.00000 0.00000 -1.00000 0.76659 0.54134 0.34539 0.00000 0.00000 -1.00000 0.30629 0.88980 0.33829 0.00000 0.00000 -1.00000 -0.28798 0.89295 0.34598 0.00000 0.00000 -1.00000 -0.81035 0.48258 0.33234 0.00000 0.00000 -1.00000 -0.93048 -0.17725 0.32062 -0.00000 0.00000 -1.00000 -0.64697 -0.69298 0.31812 0.00000 0.00000 -1.00000 0.07605 -0.94375 0.32180 0.00000 -0.00000 -1.00000 -0.74567 -0.45643 0.48543 0.00000 0.00000 -1.00000 -0.37351 -0.79704 0.47456 0.00000 0.00000 -1.00000 0.20840 -0.85394 0.47683 0.00000 -0.00000 -1.00000 0.71080 -0.50512 0.48951 0.00000 0.00000 -1.00000 0.87952 0.04967 0.47326 0.00000 0.00000 -1.00000 0.64301 0.58248 0.49724 0.00000 0.00000 -1.00000 0.07700 0.87013 0.48677 0.00000 0.00000 -1.00000 -0.50485 0.72076 0.47500 0.00000 0.00000 -1.00000 -0.81027 0.32410 0.48829 -0.00000 0.00000 -1.00000 -0.83455 -0.51037 0.20747 0.00000 0.00000 -1.00000 -0.30015 -0.93166 0.20474 0.00000 -0.00000 -1.00000 0.53190 -0.82104 0.20730 0.00000 0.00000 -1.00000 0.85468 -0.47564 0.20805 0.00000 0.00000 -1.00000 0.94411 0.24805 0.21710 0.00000 0.00000 -1.00000 0.55178 0.80536 0.21662 0.00000 0.00000 -1.00000 -0.11819 0.96843 0.21948 0.00000 0.00000 -1.00000 -0.62194 0.75041 0.22377 0.00000 0.00000 -1.00000 -0.97654 -0.04306 0.21100 -0.00000 0.00000 -1.00000 -0.80546 0.38766 0.44828 0.00000 0.00000 -1.00000 -0.88504 -0.07798 0.45893 -0.00000 0.00000 -1.00000 -0.51114 -0.72220 0.46602 0.00000 0.00000 -1.00000 0.08497 -0.88500 0.45777 0.00000 -0.00000 -1.00000 0.64127 -0.62119 0.45045 0.00000 0.00000 -1.00000 0.88473 -0.16110 0.43738 0.00000 0.00000 -1.00000 0.79119 0.40832 0.45530 0.00000 0.00000 -1.00000 0.27174 0.84727 0.45638 0.00000 0.00000 -1.00000 -0.28826 0.84753 0.44564 0.00000 0.00000 -1.00000 -0.82383 -0.42682 0.37300 0.00000 0.00000 -1.00000 -0.32486 -0.87364 0.36224 0.00000 0.00000 -1.00000 0.31307 -0.87753 0.36322 0.00000 -0.00000 -1.00000 0.75863 -0.54717 0.35367 0.00000 0.00000 -1.00000 0.93001 0.08763 0.35694 0.00000 0.00000 -1.00000 0.67055 0.64831 0.36063 0.00000 0.00000 -1.00000 -0.04403 0.93759 0.34493 0.00000 0.00000 -1.00000 -0.47310 0.80857 0.34985 0.00000 0.00000 -1.00000 -0.89075 0.27741 0.36000 -0.00000 0.00000 -1.00000 -0.91840 0.06253 0.39068 -0.00000 0.00000 -1.00000 -0.66334 -0.63002 0.40380 0.00000 0.00000 -1.00000 -0.11604 -0.91054 0.39680 0.00000 -0.00000 -1.00000 0.44257 -0.80643 0.39218 0.00000 0.00000 -1.00000 0.85348 -0.33173 0.40191 0.00000 0.00000 -1.00000 0.84496 0.35643 0.39876 0.00000 0.00000 -1.00000 0.39184 0.83084 0.39517 0.00000 0.00000 -1.00000 -0.13062 0.91282 0.38691 0.00000 0.00000 -1.00000 -0.76908 0.49917 0.39919 0.00000 0.00000 -1.00000 0.74671 0.62249 0.23437 0.00000 0.00000 -1.00000 0.24082 0.94454 0.22329 0.00000 0.00000 -1.00000 -0.47572 0.85096 0.22262 0.00000 0.00000 -1.00000 -0.91952 0.32873 0.21544 -0.00000 0.00000 -1.00000 -0.97147 -0.06089 0.22920 0.00000 0.00000 -1.00000 -0.33793 -0.91188 0.23297 0.00000 0.00000 -1.00000 0.07066 -0.96930 0.23550 0.00000 -0.00000 -1.00000 0.65928 -0.70414 0.26370 0.00000 0.00000 -1.00000 0.96616 0.01338 0.25761 0.00000 0.00000 -1.00000 0.25037 -0.90562 0.34230 0.00000 -0.00000 -1.00000 0.75559 -0.54742 0.35975 0.00000 0.00000 -1.00000 0.92773 0.10865 0.35709 0.00000 0.00000 -1.00000 0.54191 0.76699 0.34360 0.00000 0.00000 -1.00000 0.18228 0.92048 0.34566 0.00000 0.00000 -1.00000 -0.62876 0.69158 0.35549 0.00000 0.00000 -1.00000 -0.90234 0.24406 0.35528 -0.00000 0.00000 -1.00000 -0.84906 -0.40463 0.33967 0.00000 0.00000 -1.00000 -0.38197 -0.85777 0.34400 0.00000 0.00000 -1.00000 0.91714 -0.00237 0.39856 0.00000 0.00000 -1.00000 0.63723 0.66159 0.39528 0.00000 0.00000 -1.00000 0.06685 0.91411 0.39991 0.00000 0.00000 -1.00000 -0.48923 0.77361 0.40273 0.00000 0.00000 -1.00000 -0.90014 0.16403 0.40353 -0.00000 0.00000 -1.00000 -0.73789 -0.55307 0.38681 0.00000 0.00000 -1.00000 -0.52484 -0.75840 0.38649 0.00000 0.00000 -1.00000 0.19582 -0.88992 0.41194 0.00000 -0.00000 -1.00000 0.81822 -0.40657 0.40646 0.00000 0.00000 -1.00000 0.97509 -0.16750 0.14540 0.00000 0.00000 -1.00000 0.88272 0.44762 0.14301 0.00000 0.00000 -1.00000 0.66372 0.73217 0.15298 0.00000 0.00000 -1.00000 -0.27379 0.94716 0.16712 0.00000 0.00000 -1.00000 -0.90323 0.39482 0.16820 0.00000 0.00000 -1.00000 -0.95303 -0.25802 0.15860 -0.00000 0.00000 -1.00000 -0.71958 -0.67825 0.14897 0.00000 0.00000 -1.00000 0.08133 -0.98245 0.16785 0.00000 -0.00000 -1.00000 0.52633 -0.83557 0.15750 0.00000 0.00000 -1.00000 -0.10407 -0.93760 0.33178 0.00000 -0.00000 -1.00000 0.59837 -0.73096 0.32810 0.00000 0.00000 -1.00000 0.87762 -0.35294 0.32436 0.00000 0.00000 -1.00000 0.87269 0.36152 0.32821 0.00000 0.00000 -1.00000 0.41935 0.84520 0.33133 0.00000 0.00000 -1.00000 -0.31352 0.89352 0.32143 0.00000 0.00000 -1.00000 -0.74905 0.58121 0.31799 0.00000 0.00000 -1.00000 -0.94492 -0.11245 0.30738 -0.00000 0.00000 -1.00000 -0.71962 -0.62142 0.30982 0.00000 0.00000 -1.00000 -0.49234 -0.85089 0.18328 0.00000 0.00000 -1.00000 0.33571 -0.92243 0.19082 0.00000 -0.00000 -1.00000 0.90288 -0.39108 0.17853 0.00000 0.00000 -1.00000 0.93490 0.30516 0.18122 0.00000 0.00000 -1.00000 0.62341 0.76258 0.17274 0.00000 0.00000 -1.00000 -0.01861 0.98495 0.17185 0.00000 0.00000 -1.00000 -0.55953 0.80963 0.17727 0.00000 0.00000 -1.00000 -0.97856 0.10414 0.17772 -0.00000 0.00000 -1.00000 -0.88747 -0.42672 0.17409 0.00000 0.00000 -1.00000 0.10472 -0.96223 0.25131 0.00000 -0.00000 -1.00000 0.80766 -0.52920 0.26006 0.00000 0.00000 -1.00000 0.96498 0.02902 0.26072 0.00000 0.00000 -1.00000 0.80329 0.53703 0.25752 0.00000 0.00000 -1.00000 0.10147 0.96310 0.24929 0.00000 0.00000 -1.00000 -0.54466 0.80201 0.24520 0.00000 0.00000 -1.00000 -0.86939 0.42423 0.25336 0.00000 0.00000 -1.00000 -0.93298 -0.24607 0.26269 -0.00000 0.00000 -1.00000 -0.47944 -0.83962 0.25529 0.00000 0.00000 -1.00000 -0.26280 -0.80239 0.53582 0.00000 -0.00000 -1.00000 0.41312 -0.73474 0.53803 0.00000 0.00000 -1.00000 0.77622 -0.35726 0.51946 0.00000 0.00000 -1.00000 0.82653 0.22243 0.51708 0.00000 0.00000 -1.00000 0.60562 0.59834 0.52461 0.00000 0.00000 -1.00000 0.00490 0.83760 0.54627 0.00000 0.00000 -1.00000 -0.55310 0.63057 0.54448 0.00000 0.00000 -1.00000 -0.83441 0.06245 0.54759 -0.00000 0.00000 -1.00000 -0.67877 -0.49670 0.54089 0.00000 0.00000 -1.00000 0.03634 -0.91911 0.39233 0.00000 -0.00000 -1.00000 0.76578 -0.53037 0.36372 0.00000 0.00000 -1.00000 0.91103 -0.20526 0.35762 0.00000 0.00000 -1.00000 0.74287 0.55498 0.37435 0.00000 0.00000 -1.00000 0.31812 0.86840 0.38036 0.00000 0.00000 -1.00000 -0.40545 0.82978 0.38351 0.00000 0.00000 -1.00000 -0.76406 0.52163 0.37963 0.00000 0.00000 -1.00000 -0.86966 -0.32653 0.37024 -0.00000 0.00000 -1.00000 -0.63549 -0.68078 0.36427 0.00000 0.00000 -1.00000 -0.81226 -0.50876 0.28531 0.00000 0.00000 -1.00000 -0.29259 -0.91218 0.28693 0.00000 0.00000 -1.00000 0.19809 -0.93748 0.28617 0.00000 -0.00000 -1.00000 0.78494 -0.54595 0.29292 0.00000 0.00000 -1.00000 0.91469 0.29428 0.27703 0.00000 0.00000 -1.00000 0.77451 0.56812 0.27815 0.00000 0.00000 -1.00000 -0.03636 0.96011 0.27725 0.00000 0.00000 -1.00000 -0.42864 0.86100 0.27378 0.00000 0.00000 -1.00000 -0.88966 0.35249 0.29026 -0.00000 0.00000 -1.00000 -0.45535 0.79911 0.39254 0.00000 0.00000 -1.00000 -0.90751 0.15705 0.38955 -0.00000 0.00000 -1.00000 -0.86108 -0.33015 0.38670 0.00000 0.00000 -1.00000 -0.48569 -0.78333 0.38794 0.00000 0.00000 -1.00000 0.22244 -0.88453 0.41003 0.00000 -0.00000 -1.00000 0.72025 -0.57237 0.39196 0.00000 0.00000 -1.00000 0.91558 0.06481 0.39687 0.00000 0.00000 -1.00000 0.65950 0.64161 0.39166 0.00000 0.00000 -1.00000 0.07919 0.92159 0.37999 0.00000 0.00000 -1.00000 -0.38633 -0.82286 0.41670 0.00000 0.00000 -1.00000 0.22423 -0.87339 0.43233 0.00000 -0.00000 -1.00000 0.75373 -0.49698 0.43001 0.00000 0.00000 -1.00000 0.90283 0.05652 0.42626 0.00000 0.00000 -1.00000 0.65300 0.63079 0.41915 0.00000 0.00000 -1.00000 -0.04057 0.91550 0.40027 0.00000 0.00000 -1.00000 -0.56680 0.72688 0.38779 0.00000 0.00000 -1.00000 -0.83090 0.38803 0.39879 -0.00000 0.00000 -1.00000 -0.80340 -0.42491 0.41713 0.00000 0.00000 -1.00000 0.92617 0.18180 0.33040 0.00000 0.00000 -1.00000 0.73417 0.58640 0.34225 0.00000 0.00000 -1.00000 0.07019 0.93418 0.34983 0.00000 0.00000 -1.00000 -0.66531 0.66482 0.33968 0.00000 0.00000 -1.00000 -0.92131 0.21142 0.32632 -0.00000 0.00000 -1.00000 -0.87487 -0.36052 0.32347 0.00000 0.00000 -1.00000 -0.51451 -0.78276 0.35011 0.00000 0.00000 -1.00000 0.27358 -0.89661 0.34821 0.00000 -0.00000 -1.00000 0.73348 -0.59261 0.33289 0.00000 0.00000 -1.00000 -0.88202 -0.37609 0.28391 0.00000 0.00000 -1.00000 -0.30484 -0.91511 0.26392 0.00000 0.00000 -1.00000 0.24116 -0.93359 0.26505 0.00000 -0.00000 -1.00000 0.70562 -0.65253 0.27623 0.00000 0.00000 -1.00000 0.94735 0.13716 0.28933 0.00000 0.00000 -1.00000 0.60544 0.74227 0.28718 0.00000 0.00000 -1.00000 -0.02722 0.96029 0.27768 0.00000 0.00000 -1.00000 -0.54926 0.78654 0.28225 0.00000 0.00000 -1.00000 -0.92164 0.27363 0.27516 -0.00000 0.00000 -1.00000 -0.76441 -0.55763 0.32363 0.00000 0.00000 -1.00000 -0.32855 -0.88802 0.32169 0.00000 -0.00000 -1.00000 0.37769 -0.86426 0.33227 0.00000 0.00000 -1.00000 0.81735 -0.48006 0.31856 0.00000 0.00000 -1.00000 0.92030 0.19098 0.34144 0.00000 0.00000 -1.00000 0.36627 0.87476 0.31724 0.00000 0.00000 -1.00000 -0.04295 0.95199 0.30311 0.00000 0.00000 -1.00000 -0.48772 0.81309 0.31783 0.00000 0.00000 -1.00000 -0.92424 0.15792 0.34763 -0.00000 0.00000 -1.00000 -0.86672 -0.29782 0.40013 -0.00000 0.00000 -1.00000 -0.57861 -0.70983 0.40167 0.00000 0.00000 -1.00000 0.16545 -0.89779 0.40816 0.00000 -0.00000 -1.00000 0.66455 -0.62776 0.40533 0.00000 0.00000 -1.00000 0.91182 0.09219 0.40012 0.00000 0.00000 -1.00000 0.68585 0.61778 0.38465 0.00000 0.00000 -1.00000 0.22150 0.89735 0.38170 0.00000 0.00000 -1.00000 -0.40507 0.82402 0.39610 0.00000 0.00000 -1.00000 -0.81963 0.40127 0.40888 0.00000 0.00000 -1.00000 -0.72970 -0.62872 0.26879 0.00000 0.00000 -1.00000 -0.07971 -0.96561 0.24749 0.00000 -0.00000 -1.00000 0.38620 -0.88220 0.26940 0.00000 0.00000 -1.00000 0.95599 -0.15943 0.24631 0.00000 0.00000 -1.00000 0.94653 0.19743 0.25514 0.00000 0.00000 -1.00000 0.35414 0.89371 0.27544 0.00000 0.00000 -1.00000 -0.18331 0.94091 0.28476 0.00000 0.00000 -1.00000 -0.76627 0.58278 0.27056 0.00000 0.00000 -1.00000 -0.96625 0.01269 0.25729 -0.00000 0.00000 -1.00000 -0.94737 -0.12276 0.29567 -0.00000 0.00000 -1.00000 -0.64871 -0.69840 0.30236 0.00000 0.00000 -1.00000 -0.08011 -0.95011 0.30144 0.00000 -0.00000 -1.00000 0.58553 -0.75419 0.29724 0.00000 0.00000 -1.00000 0.94522 -0.14262 0.29362 0.00000 0.00000 -1.00000 0.89398 0.33933 0.29267 0.00000 0.00000 -1.00000 0.44613 0.84125 0.30539 0.00000 0.00000 -1.00000 -0.35704 0.88023 0.31259 0.00000 0.00000 -1.00000 -0.83351 0.46317 0.30123 0.00000 0.00000 -1.00000 -0.74857 -0.56448 0.34784 0.00000 0.00000 -1.00000 -0.07607 -0.93443 0.34794 0.00000 -0.00000 -1.00000 0.30416 -0.88747 0.34625 0.00000 0.00000 -1.00000 0.92109 -0.17320 0.34872 0.00000 0.00000 -1.00000 0.92565 0.13145 0.35481 0.00000 0.00000 -1.00000 0.25382 0.89661 0.36286 0.00000 0.00000 -1.00000 -0.26261 0.90474 0.33538 0.00000 0.00000 -1.00000 -0.64242 0.68529 0.34304 0.00000 0.00000 -1.00000 -0.93603 0.07050 0.34478 -0.00000 0.00000 -1.00000 -0.26257 0.83363 0.48592 0.00000 0.00000 -1.00000 -0.72707 0.48961 0.48130 0.00000 0.00000 -1.00000 -0.87152 -0.07957 0.48386 -0.00000 0.00000 -1.00000 -0.62994 -0.60258 0.48998 0.00000 0.00000 -1.00000 -0.00537 -0.86646 0.49922 0.00000 -0.00000 -1.00000 0.51290 -0.70188 0.49427 0.00000 0.00000 -1.00000 0.84901 -0.17531 0.49845 0.00000 0.00000 -1.00000 0.78796 0.36852 0.49326 0.00000 0.00000 -1.00000 0.30324 0.81213 0.49849 0.00000 0.00000 -1.00000 0.82616 -0.16639 0.53831 0.00000 0.00000 -1.00000 0.77893 0.34128 0.52612 0.00000 0.00000 -1.00000 0.48802 0.69720 0.52513 0.00000 0.00000 -1.00000 -0.17151 0.82200 0.54305 0.00000 0.00000 -1.00000 -0.64402 0.52748 0.55407 0.00000 0.00000 -1.00000 -0.83496 -0.04705 0.54830 -0.00000 0.00000 -1.00000 -0.63527 -0.54697 0.54522 0.00000 0.00000 -1.00000 -0.06955 -0.83727 0.54235 0.00000 -0.00000 -1.00000 0.38441 -0.74911 0.53950 0.00000 0.00000 -1.00000 -0.87914 -0.24242 0.41030 -0.00000 0.00000 -1.00000 -0.53777 -0.72511 0.43014 0.00000 0.00000 -1.00000 0.21501 -0.88665 0.40941 0.00000 -0.00000 -1.00000 0.58155 -0.70356 0.40841 0.00000 0.00000 -1.00000 0.90950 -0.05272 0.41235 0.00000 0.00000 -1.00000 0.74508 0.52314 0.41374 0.00000 0.00000 -1.00000 0.09798 0.90057 0.42353 0.00000 0.00000 -1.00000 -0.37941 0.82891 0.41103 0.00000 0.00000 -1.00000 -0.87686 0.24338 0.41459 0.00000 0.00000 -1.00000 -0.44026 -0.86761 0.23116 0.00000 0.00000 -1.00000 -0.06962 -0.96987 0.23347 0.00000 -0.00000 -1.00000 0.68724 -0.69009 0.22687 0.00000 0.00000 -1.00000 0.93529 -0.26726 0.23198 0.00000 0.00000 -1.00000 0.83519 0.48549 0.25836 0.00000 0.00000 -1.00000 0.14201 0.96492 0.22083 0.00000 0.00000 -1.00000 -0.19845 0.95284 0.22960 0.00000 0.00000 -1.00000 -0.79794 0.54687 0.25344 0.00000 0.00000 -1.00000 -0.94564 -0.18104 0.27017 -0.00000 0.00000 -1.00000 0.89683 0.10165 0.43053 0.00000 0.00000 -1.00000 0.63004 0.65685 0.41424 0.00000 0.00000 -1.00000 0.10666 0.89716 0.42864 0.00000 0.00000 -1.00000 -0.52169 0.73967 0.42513 0.00000 0.00000 -1.00000 -0.88516 0.20946 0.41548 -0.00000 0.00000 -1.00000 -0.82739 -0.37190 0.42086 0.00000 0.00000 -1.00000 -0.26040 -0.87102 0.41656 0.00000 0.00000 -1.00000 0.15736 -0.89530 0.41674 0.00000 -0.00000 -1.00000 0.75075 -0.49594 0.43637 0.00000 0.00000 -1.00000 -0.61929 0.69044 0.37387 0.00000 0.00000 -1.00000 -0.92434 -0.07030 0.37504 -0.00000 0.00000 -1.00000 -0.79140 -0.47783 0.38127 0.00000 0.00000 -1.00000 -0.25138 -0.88813 0.38476 0.00000 -0.00000 -1.00000 0.38843 -0.83091 0.39838 0.00000 0.00000 -1.00000 0.87919 -0.28132 0.38456 0.00000 0.00000 -1.00000 0.90695 0.18198 0.37990 0.00000 0.00000 -1.00000 0.42381 0.82616 0.37126 0.00000 0.00000 -1.00000 -0.08487 0.92778 0.36335 0.00000 0.00000 -1.00000 -0.30706 -0.84536 0.43713 0.00000 0.00000 -1.00000 0.20028 -0.87393 0.44287 0.00000 -0.00000 -1.00000 0.85058 -0.28341 0.44295 0.00000 0.00000 -1.00000 0.89227 0.14251 0.42842 0.00000 0.00000 -1.00000 0.50794 0.74699 0.42896 0.00000 0.00000 -1.00000 0.04836 0.89832 0.43668 0.00000 0.00000 -1.00000 -0.57696 0.68978 0.43740 0.00000 0.00000 -1.00000 -0.87428 0.17088 0.45436 -0.00000 0.00000 -1.00000 -0.75552 -0.48490 0.44052 0.00000 0.00000 -1.00000 -0.24028 0.95217 0.18880 0.00000 0.00000 -1.00000 -0.96370 0.16665 0.20858 -0.00000 0.00000 -1.00000 -0.87711 -0.43617 0.20108 0.00000 0.00000 -1.00000 -0.62006 -0.75932 0.19740 0.00000 0.00000 -1.00000 0.43351 -0.88280 0.18091 0.00000 -0.00000 -1.00000 0.55128 -0.81494 0.17879 0.00000 0.00000 -1.00000 0.97904 0.03078 0.20131 0.00000 0.00000 -1.00000 0.72559 0.66275 0.18514 0.00000 0.00000 -1.00000 0.27715 0.94407 0.17865 0.00000 0.00000 -1.00000 -0.18464 0.95097 0.24810 0.00000 0.00000 -1.00000 -0.83355 0.49737 0.24047 0.00000 0.00000 -1.00000 -0.96573 0.04968 0.25474 -0.00000 0.00000 -1.00000 -0.53243 -0.80443 0.26347 0.00000 0.00000 -1.00000 -0.15695 -0.95275 0.26006 0.00000 -0.00000 -1.00000 0.60671 -0.74977 0.26411 0.00000 0.00000 -1.00000 0.92869 -0.28162 0.24130 0.00000 0.00000 -1.00000 0.96239 0.10388 0.25104 0.00000 0.00000 -1.00000 0.23431 0.93408 0.26943 0.00000 0.00000 -1.00000 0.65692 -0.70459 0.26834 0.00000 0.00000 -1.00000 0.94146 -0.20775 0.26551 0.00000 0.00000 -1.00000 0.87930 0.38730 0.27719 0.00000 0.00000 -1.00000 0.26136 0.91883 0.29571 0.00000 0.00000 -1.00000 -0.25822 0.91901 0.29791 0.00000 0.00000 -1.00000 -0.84215 0.44729 0.30119 0.00000 0.00000 -1.00000 -0.93435 -0.22031 0.28011 -0.00000 0.00000 -1.00000 -0.67119 -0.68872 0.27417 0.00000 0.00000 -1.00000 0.00107 -0.95991 0.28030 0.00000 -0.00000 -1.00000 -0.74076 0.56867 0.35761 0.00000 0.00000 -1.00000 -0.92881 0.04033 0.36835 -0.00000 0.00000 -1.00000 -0.65561 -0.65160 0.38156 0.00000 0.00000 -1.00000 -0.14320 -0.91670 0.37304 0.00000 -0.00000 -1.00000 0.63577 -0.68396 0.35777 0.00000 0.00000 -1.00000 0.84746 -0.39750 0.35186 0.00000 0.00000 -1.00000 0.79279 0.49115 0.36092 0.00000 0.00000 -1.00000 0.48891 0.80170 0.34386 0.00000 0.00000 -1.00000 -0.03704 0.93429 0.35458 0.00000 0.00000 -1.00000 -0.43386 0.80776 0.39911 0.00000 0.00000 -1.00000 -0.83442 0.39192 0.38749 0.00000 0.00000 -1.00000 -0.89337 -0.22143 0.39097 -0.00000 0.00000 -1.00000 -0.52754 -0.75906 0.38148 0.00000 0.00000 -1.00000 -0.00368 -0.91799 0.39659 0.00000 -0.00000 -1.00000 0.58044 -0.69970 0.41655 0.00000 0.00000 -1.00000 0.91412 0.00573 0.40541 0.00000 0.00000 -1.00000 0.76220 0.50703 0.40245 0.00000 0.00000 -1.00000 0.23435 0.88126 0.41044 0.00000 0.00000 -1.00000 0.00353 -0.98376 0.17944 0.00000 -0.00000 -1.00000 0.35762 -0.91596 0.18198 0.00000 0.00000 -1.00000 0.97454 -0.09440 0.20335 0.00000 0.00000 -1.00000 0.84455 0.49586 0.20216 0.00000 0.00000 -1.00000 0.33375 0.92409 0.18619 0.00000 0.00000 -1.00000 -0.05520 0.98063 0.18794 0.00000 0.00000 -1.00000 -0.87390 0.43723 0.21246 0.00000 0.00000 -1.00000 -0.97685 -0.02599 0.21233 -0.00000 0.00000 -1.00000 -0.57713 -0.79001 0.20688 0.00000 0.00000 -1.00000 0.12060 0.95404 0.27433 0.00000 0.00000 -1.00000 -0.32001 0.90884 0.26760 0.00000 0.00000 -1.00000 -0.87815 0.38876 0.27879 0.00000 0.00000 -1.00000 -0.88139 -0.38252 0.27720 -0.00000 0.00000 -1.00000 -0.65414 -0.70385 0.27695 0.00000 0.00000 -1.00000 0.22579 -0.93995 0.25595 0.00000 -0.00000 -1.00000 0.71805 -0.65108 0.24597 0.00000 0.00000 -1.00000 0.95628 -0.14830 0.25207 0.00000 0.00000 -1.00000 0.87029 0.40839 0.27533 0.00000 0.00000 -1.00000 0.93804 -0.13544 0.31895 0.00000 0.00000 -1.00000 0.63051 0.70537 0.32389 0.00000 0.00000 -1.00000 0.30513 0.89626 0.32189 0.00000 0.00000 -1.00000 -0.53842 0.78058 0.31750 0.00000 0.00000 -1.00000 -0.83358 0.45195 0.31763 0.00000 0.00000 -1.00000 -0.88234 -0.34457 0.32054 -0.00000 0.00000 -1.00000 -0.59259 -0.73765 0.32358 0.00000 0.00000 -1.00000 0.14515 -0.93710 0.31746 0.00000 -0.00000 -1.00000 0.75250 -0.57937 0.31316 0.00000 0.00000 -1.00000 0.18508 -0.91351 0.36227 0.00000 -0.00000 -1.00000 0.74453 -0.55458 0.37164 0.00000 0.00000 -1.00000 0.92856 0.03582 0.36944 0.00000 0.00000 -1.00000 0.70268 0.61505 0.35770 0.00000 0.00000 -1.00000 0.15600 0.92391 0.34936 0.00000 0.00000 -1.00000 -0.51544 0.78194 0.35056 0.00000 0.00000 -1.00000 -0.88629 0.29573 0.35641 -0.00000 0.00000 -1.00000 -0.82578 -0.44261 0.34954 0.00000 0.00000 -1.00000 -0.45699 -0.81840 0.34840 0.00000 0.00000 -1.00000 -0.79541 -0.45700 0.39809 0.00000 0.00000 -1.00000 -0.42011 -0.81386 0.40143 0.00000 -0.00000 -1.00000 0.30685 -0.85264 0.42291 0.00000 0.00000 -1.00000 0.80470 -0.41883 0.42076 0.00000 0.00000 -1.00000 0.89361 0.20442 0.39959 0.00000 0.00000 -1.00000 0.61164 0.67754 0.40847 0.00000 0.00000 -1.00000 -0.06949 0.91575 0.39571 0.00000 0.00000 -1.00000 -0.57069 0.71697 0.40033 0.00000 0.00000 -1.00000 -0.90077 0.15891 0.40417 -0.00000 0.00000 -1.00000 -0.69468 0.67582 0.24635 0.00000 0.00000 -1.00000 -0.97266 0.06001 0.22434 -0.00000 0.00000 -1.00000 -0.82215 -0.52678 0.21579 0.00000 0.00000 -1.00000 -0.31216 -0.92362 0.22242 0.00000 -0.00000 -1.00000 0.43566 -0.86886 0.23513 0.00000 0.00000 -1.00000 0.83399 -0.49986 0.23368 0.00000 0.00000 -1.00000 0.95816 0.13943 0.24999 0.00000 0.00000 -1.00000 0.42891 0.87166 0.23714 0.00000 0.00000 -1.00000 0.05634 0.97183 0.22883 0.00000 0.00000 -1.00000 0.83513 -0.42567 0.34836 0.00000 0.00000 -1.00000 0.92559 0.12135 0.35854 0.00000 0.00000 -1.00000 0.60334 0.70282 0.37687 0.00000 0.00000 -1.00000 -0.08444 0.92371 0.37368 0.00000 0.00000 -1.00000 -0.63050 0.68216 0.37031 0.00000 0.00000 -1.00000 -0.92021 0.14585 0.36322 -0.00000 0.00000 -1.00000 -0.75088 -0.55317 0.36081 0.00000 0.00000 -1.00000 -0.38664 -0.84760 0.36343 0.00000 -0.00000 -1.00000 0.43783 -0.82425 0.35905 0.00000 0.00000 -1.00000 0.13482 -0.80075 0.58362 0.00000 -0.00000 -1.00000 0.68701 -0.43344 0.58322 0.00000 0.00000 -1.00000 0.80929 0.07712 0.58232 0.00000 0.00000 -1.00000 0.62254 0.52250 0.58261 0.00000 0.00000 -1.00000 0.06616 0.79762 0.59952 0.00000 0.00000 -1.00000 -0.46021 0.65767 0.59639 0.00000 0.00000 -1.00000 -0.79942 0.16112 0.57877 -0.00000 0.00000 -1.00000 -0.77202 -0.25021 0.58427 0.00000 0.00000 -1.00000 -0.23088 -0.78052 0.58093 0.00000 0.00000 -1.00000 -0.87094 0.27642 0.40627 -0.00000 0.00000 -1.00000 -0.83711 -0.35532 0.41592 0.00000 0.00000 -1.00000 -0.40755 -0.81830 0.40532 0.00000 0.00000 -1.00000 0.14448 -0.89983 0.41161 0.00000 -0.00000 -1.00000 0.71721 -0.56455 0.40852 0.00000 0.00000 -1.00000 0.90787 0.09863 0.40748 0.00000 0.00000 -1.00000 0.71396 0.57090 0.40537 0.00000 0.00000 -1.00000 0.15647 0.89141 0.42532 0.00000 0.00000 -1.00000 -0.48778 0.76610 0.41852 0.00000 0.00000 -1.00000 0.17432 0.94201 0.28676 0.00000 0.00000 -1.00000 -0.26007 0.92079 0.29071 0.00000 0.00000 -1.00000 -0.94100 0.16934 0.29298 -0.00000 0.00000 -1.00000 -0.92325 -0.25216 0.28988 0.00000 0.00000 -1.00000 -0.38810 -0.87714 0.28285 0.00000 0.00000 -1.00000 0.15897 -0.94573 0.28341 0.00000 -0.00000 -1.00000 0.72955 -0.62098 0.28659 0.00000 0.00000 -1.00000 0.94119 -0.13697 0.30887 0.00000 0.00000 -1.00000 0.63961 0.69956 0.31861 0.00000 0.00000 -1.00000 -0.49031 0.81225 0.31599 0.00000 0.00000 -1.00000 -0.93559 -0.14089 0.32376 -0.00000 0.00000 -1.00000 -0.74684 -0.58320 0.31953 0.00000 0.00000 -1.00000 -0.33775 -0.88445 0.32198 0.00000 -0.00000 -1.00000 0.36880 -0.87082 0.32506 0.00000 0.00000 -1.00000 0.92788 -0.18461 0.32396 0.00000 0.00000 -1.00000 0.92501 0.20746 0.31830 0.00000 0.00000 -1.00000 0.43268 0.84675 0.30951 0.00000 0.00000 -1.00000 -0.08060 0.94932 0.30381 0.00000 0.00000 -1.00000 0.95636 -0.14229 0.25521 0.00000 0.00000 -1.00000 0.88768 0.38365 0.25464 0.00000 0.00000 -1.00000 0.30230 0.91935 0.25183 0.00000 0.00000 -1.00000 -0.04052 0.96743 0.24988 0.00000 0.00000 -1.00000 -0.71935 0.63878 0.27292 0.00000 0.00000 -1.00000 -0.94537 -0.19271 0.26293 -0.00000 0.00000 -1.00000 -0.67613 -0.69331 0.24934 0.00000 0.00000 -1.00000 -0.12599 -0.95519 0.26784 0.00000 -0.00000 -1.00000 0.51917 -0.81278 0.26431 0.00000 0.00000 -1.00000 0.57431 0.77894 0.25185 0.00000 0.00000 -1.00000 -0.17703 0.94897 0.26099 0.00000 0.00000 -1.00000 -0.66782 0.70140 0.24910 0.00000 0.00000 -1.00000 -0.96640 -0.11164 0.23155 -0.00000 0.00000 -1.00000 -0.81312 -0.53827 0.22160 0.00000 0.00000 -1.00000 0.08260 -0.96810 0.23655 0.00000 -0.00000 -1.00000 0.36106 -0.90276 0.23377 0.00000 0.00000 -1.00000 0.96904 -0.10584 0.22308 0.00000 0.00000 -1.00000 0.94906 0.22379 0.22181 0.00000 0.00000 -1.00000 0.85876 -0.19447 0.47404 0.00000 0.00000 -1.00000 0.70126 0.51146 0.49663 0.00000 0.00000 -1.00000 0.15525 0.84840 0.50607 0.00000 0.00000 -1.00000 -0.45043 0.74073 0.49842 0.00000 0.00000 -1.00000 -0.80198 0.34274 0.48925 0.00000 0.00000 -1.00000 -0.82538 -0.27284 0.49427 -0.00000 0.00000 -1.00000 -0.46994 -0.73166 0.49380 0.00000 0.00000 -1.00000 0.10413 -0.86556 0.48986 0.00000 -0.00000 -1.00000 0.74296 -0.47321 0.47337 0.00000 0.00000 -1.00000 -0.46893 -0.83896 0.27614 0.00000 0.00000 -1.00000 0.11625 -0.95528 0.27191 0.00000 -0.00000 -1.00000 0.68280 -0.67512 0.27928 0.00000 0.00000 -1.00000 0.95397 -0.09950 0.28292 0.00000 0.00000 -1.00000 0.71383 0.63997 0.28441 0.00000 0.00000 -1.00000 0.15527 0.94563 0.28579 0.00000 0.00000 -1.00000 -0.44352 0.84917 0.28669 0.00000 0.00000 -1.00000 -0.85611 0.42751 0.29035 0.00000 0.00000 -1.00000 -0.88915 -0.35174 0.29275 -0.00000 0.00000 -1.00000 0.86599 -0.41123 0.28451 0.00000 0.00000 -1.00000 0.95388 0.05219 0.29563 0.00000 0.00000 -1.00000 0.63006 0.71017 0.31416 0.00000 0.00000 -1.00000 -0.06943 0.94867 0.30855 0.00000 0.00000 -1.00000 -0.68954 0.66359 0.29014 0.00000 0.00000 -1.00000 -0.95344 -0.09454 0.28637 -0.00000 0.00000 -1.00000 -0.83493 -0.46925 0.28757 0.00000 0.00000 -1.00000 -0.11233 -0.95074 0.28892 0.00000 -0.00000 -1.00000 0.21891 -0.93140 0.29081 0.00000 0.00000 -1.00000 -0.28256 0.92928 0.23789 0.00000 0.00000 -1.00000 -0.89212 0.39459 0.22005 0.00000 0.00000 -1.00000 -0.97523 0.01155 0.22091 -0.00000 0.00000 -1.00000 -0.71404 -0.65912 0.23603 0.00000 0.00000 -1.00000 0.10227 -0.96816 0.22851 0.00000 -0.00000 -1.00000 0.65973 -0.71856 0.22007 0.00000 0.00000 -1.00000 0.90529 -0.36252 0.22145 0.00000 0.00000 -1.00000 0.80781 0.54535 0.22370 0.00000 0.00000 -1.00000 0.51357 0.82676 0.22959 0.00000 0.00000 -1.00000 -0.91359 -0.33731 0.22709 0.00000 0.00000 -1.00000 -0.54664 -0.80408 0.23375 0.00000 0.00000 -1.00000 0.22987 -0.94569 0.22985 0.00000 -0.00000 -1.00000 0.74651 -0.61920 0.24356 0.00000 0.00000 -1.00000 0.96084 0.16736 0.22087 0.00000 0.00000 -1.00000 0.84688 0.48328 0.22189 0.00000 0.00000 -1.00000 0.03874 0.97368 0.22460 0.00000 0.00000 -1.00000 -0.43388 0.87073 0.23148 0.00000 0.00000 -1.00000 -0.94500 0.24706 0.21431 -0.00000 0.00000 -1.00000 -0.91890 -0.31715 0.23460 -0.00000 0.00000 -1.00000 -0.59165 -0.76922 0.24136 0.00000 0.00000 -1.00000 0.18182 -0.95453 0.23623 0.00000 -0.00000 -1.00000 0.65679 -0.71737 0.23239 0.00000 0.00000 -1.00000 0.96933 0.07043 0.23547 0.00000 0.00000 -1.00000 0.80996 0.53976 0.22941 0.00000 0.00000 -1.00000 0.25945 0.93610 0.23749 0.00000 0.00000 -1.00000 -0.59755 0.76807 0.23023 0.00000 0.00000 -1.00000 -0.86406 0.44882 0.22797 0.00000 0.00000 -1.00000 0.85828 0.44395 0.25741 0.00000 0.00000 -1.00000 0.27263 0.92916 0.24965 0.00000 0.00000 -1.00000 -0.46693 0.84977 0.24469 0.00000 0.00000 -1.00000 -0.80477 0.54440 0.23660 0.00000 0.00000 -1.00000 -0.95484 -0.19172 0.22698 -0.00000 0.00000 -1.00000 -0.63879 -0.72985 0.24345 0.00000 0.00000 -1.00000 0.24715 -0.93837 0.24160 0.00000 -0.00000 -1.00000 0.49600 -0.83380 0.24240 0.00000 0.00000 -1.00000 0.94014 -0.21609 0.26352 0.00000 0.00000 -1.00000 0.86729 -0.43016 0.25053 0.00000 0.00000 -1.00000 0.97087 -0.05103 0.23412 0.00000 0.00000 -1.00000 0.83020 0.49813 0.25027 0.00000 0.00000 -1.00000 0.15504 0.95133 0.26633 0.00000 0.00000 -1.00000 -0.62998 0.74345 0.22450 0.00000 0.00000 -1.00000 -0.93277 0.28888 0.21560 0.00000 0.00000 -1.00000 -0.95950 -0.18345 0.21379 -0.00000 0.00000 -1.00000 -0.52996 -0.80989 0.25145 0.00000 0.00000 -1.00000 0.15428 -0.95519 0.25260 0.00000 -0.00000 -1.00000 0.50020 0.83290 0.23681 0.00000 0.00000 -1.00000 -0.41627 0.87822 0.23550 0.00000 0.00000 -1.00000 -0.79517 0.55815 0.23700 0.00000 0.00000 -1.00000 -0.93859 -0.26487 0.22113 -0.00000 0.00000 -1.00000 -0.56702 -0.79261 0.22420 0.00000 0.00000 -1.00000 -0.13941 -0.96174 0.23585 0.00000 -0.00000 -1.00000 0.70458 -0.67322 0.22437 0.00000 0.00000 -1.00000 0.95296 -0.19941 0.22825 0.00000 0.00000 -1.00000 0.85382 0.47108 0.22155 0.00000 0.00000 -1.00000 0.79901 0.55047 0.24199 0.00000 0.00000 -1.00000 0.02061 0.96711 0.25352 0.00000 0.00000 -1.00000 -0.54864 0.79585 0.25616 0.00000 0.00000 -1.00000 -0.95485 0.16841 0.24475 -0.00000 0.00000 -1.00000 -0.90954 -0.33990 0.23918 0.00000 0.00000 -1.00000 -0.35032 -0.90442 0.24351 0.00000 0.00000 -1.00000 0.10600 -0.96426 0.24283 0.00000 -0.00000 -1.00000 0.87088 -0.42560 0.24585 0.00000 0.00000 -1.00000 0.97081 0.03672 0.23701 0.00000 0.00000 -1.00000 0.92847 0.00058 0.37140 0.00000 0.00000 -1.00000 0.59903 0.71283 0.36473 0.00000 0.00000 -1.00000 0.08606 0.92418 0.37213 0.00000 0.00000 -1.00000 -0.63711 0.68358 0.35611 0.00000 0.00000 -1.00000 -0.90413 0.23769 0.35504 -0.00000 0.00000 -1.00000 -0.83301 -0.41962 0.36057 0.00000 0.00000 -1.00000 -0.47777 -0.80047 0.36191 0.00000 0.00000 -1.00000 0.30221 -0.87515 0.37786 0.00000 -0.00000 -1.00000 0.79497 -0.49339 0.35298 0.00000 0.00000 -1.00000 -0.73135 -0.64710 0.21540 0.00000 0.00000 -1.00000 -0.14541 -0.96771 0.20589 0.00000 -0.00000 -1.00000 0.29551 -0.93350 0.20312 0.00000 0.00000 -1.00000 0.95431 -0.22105 0.20107 0.00000 0.00000 -1.00000 0.95183 0.23482 0.19716 0.00000 0.00000 -1.00000 0.56701 0.79559 0.21340 0.00000 0.00000 -1.00000 -0.08720 0.97377 0.21017 0.00000 0.00000 -1.00000 -0.79731 0.56906 0.20116 0.00000 0.00000 -1.00000 -0.96090 0.19483 0.19674 -0.00000 0.00000 -1.00000 -0.54634 0.72760 0.41486 0.00000 0.00000 -1.00000 -0.86280 0.28162 0.41985 -0.00000 0.00000 -1.00000 -0.76504 -0.49734 0.40910 0.00000 0.00000 -1.00000 -0.41414 -0.81449 0.40632 0.00000 0.00000 -1.00000 0.17372 -0.89295 0.41528 0.00000 -0.00000 -1.00000 0.78572 -0.45899 0.41470 0.00000 0.00000 -1.00000 0.90644 0.09864 0.41065 0.00000 0.00000 -1.00000 0.58345 0.70463 0.40384 0.00000 0.00000 -1.00000 0.10357 0.90856 0.40471 0.00000 0.00000 -1.00000 -0.74679 0.57766 0.32957 0.00000 0.00000 -1.00000 -0.94098 -0.04555 0.33540 -0.00000 0.00000 -1.00000 -0.66150 -0.67616 0.32439 0.00000 0.00000 -1.00000 -0.21921 -0.91948 0.32635 0.00000 -0.00000 -1.00000 0.57259 -0.74442 0.34348 0.00000 0.00000 -1.00000 0.93153 -0.16937 0.32182 0.00000 0.00000 -1.00000 0.91668 0.23748 0.32140 0.00000 0.00000 -1.00000 0.42732 0.83880 0.33735 0.00000 0.00000 -1.00000 -0.35263 0.87646 0.32781 0.00000 0.00000 -1.00000 -0.31800 0.91622 0.24374 0.00000 0.00000 -1.00000 -0.78004 0.57807 0.23952 0.00000 0.00000 -1.00000 -0.95430 -0.19436 0.22702 -0.00000 0.00000 -1.00000 -0.58621 -0.78079 0.21618 0.00000 0.00000 -1.00000 -0.19036 -0.95462 0.22906 0.00000 -0.00000 -1.00000 0.70455 -0.66650 0.24370 0.00000 0.00000 -1.00000 0.92655 -0.29306 0.23582 0.00000 0.00000 -1.00000 0.78749 0.56353 0.24959 0.00000 0.00000 -1.00000 0.39872 0.88122 0.25391 0.00000 0.00000 -1.00000 -0.28228 0.76944 0.57296 0.00000 0.00000 -1.00000 -0.65994 0.48985 0.56967 0.00000 0.00000 -1.00000 -0.81239 -0.05990 0.58003 -0.00000 0.00000 -1.00000 -0.56062 -0.57973 0.59129 0.00000 0.00000 -1.00000 0.02341 -0.81920 0.57303 0.00000 -0.00000 -1.00000 0.46177 -0.68640 0.56180 0.00000 0.00000 -1.00000 0.81288 -0.12908 0.56795 0.00000 0.00000 -1.00000 0.74199 0.35281 0.57006 0.00000 0.00000 -1.00000 0.38643 0.71926 0.57735 0.00000 0.00000 -1.00000 0.88458 0.35239 0.30551 0.00000 0.00000 -1.00000 0.51247 0.79952 0.31327 0.00000 0.00000 -1.00000 -0.07186 0.94713 0.31269 0.00000 0.00000 -1.00000 -0.74381 0.59459 0.30530 0.00000 0.00000 -1.00000 -0.95269 -0.01775 0.30342 -0.00000 0.00000 -1.00000 -0.81724 -0.48755 0.30727 0.00000 0.00000 -1.00000 -0.08976 -0.94466 0.31553 0.00000 -0.00000 -1.00000 0.49660 -0.81311 0.30371 0.00000 0.00000 -1.00000 0.82914 -0.46690 0.30748 0.00000 0.00000 -1.00000 -0.42891 0.86497 0.26052 0.00000 0.00000 -1.00000 -0.93242 0.25582 0.25525 0.00000 0.00000 -1.00000 -0.94253 -0.21816 0.25305 -0.00000 0.00000 -1.00000 -0.47209 -0.84507 0.25097 0.00000 0.00000 -1.00000 0.02459 -0.96396 0.26491 0.00000 -0.00000 -1.00000 0.81192 -0.52522 0.25480 0.00000 0.00000 -1.00000 0.96719 0.01439 0.25363 0.00000 0.00000 -1.00000 0.79060 0.55254 0.26392 0.00000 0.00000 -1.00000 0.09351 0.96227 0.25552 0.00000 0.00000 -1.00000 -0.94393 -0.02263 0.32938 -0.00000 0.00000 -1.00000 -0.63691 -0.70418 0.31380 0.00000 0.00000 -1.00000 -0.08559 -0.94601 0.31264 0.00000 -0.00000 -1.00000 0.55411 -0.77049 0.31513 0.00000 0.00000 -1.00000 0.88944 -0.31546 0.33071 0.00000 0.00000 -1.00000 0.83509 0.44885 0.31805 0.00000 0.00000 -1.00000 0.50623 0.80433 0.31111 0.00000 0.00000 -1.00000 -0.17957 0.93264 0.31294 0.00000 0.00000 -1.00000 -0.70669 0.62991 0.32219 0.00000 0.00000 -1.00000 0.09860 -0.87761 0.46913 0.00000 -0.00000 -1.00000 0.66632 -0.57590 0.47367 0.00000 0.00000 -1.00000 0.87988 -0.03763 0.47371 0.00000 0.00000 -1.00000 0.69001 0.54526 0.47599 0.00000 0.00000 -1.00000 0.12263 0.86811 0.48098 0.00000 0.00000 -1.00000 -0.47911 0.74619 0.46223 0.00000 0.00000 -1.00000 -0.79372 0.39022 0.46662 0.00000 0.00000 -1.00000 -0.80297 -0.36754 0.46920 -0.00000 0.00000 -1.00000 -0.42119 -0.77772 0.46663 0.00000 0.00000 -1.00000 -0.84422 -0.34480 0.41037 0.00000 0.00000 -1.00000 -0.47662 -0.76853 0.42684 0.00000 0.00000 -1.00000 0.12662 -0.89849 0.42033 0.00000 -0.00000 -1.00000 0.73050 -0.53373 0.42604 0.00000 0.00000 -1.00000 0.91834 0.00605 0.39575 0.00000 0.00000 -1.00000 0.70059 0.59907 0.38766 0.00000 0.00000 -1.00000 0.26990 0.87119 0.41011 0.00000 0.00000 -1.00000 -0.53658 0.72742 0.42772 0.00000 0.00000 -1.00000 -0.86457 0.27637 0.41968 -0.00000 0.00000 -1.00000 0.84398 -0.35236 0.40440 0.00000 0.00000 -1.00000 0.91394 -0.02352 0.40517 0.00000 0.00000 -1.00000 0.57048 0.71281 0.40799 0.00000 0.00000 -1.00000 0.01925 0.91964 0.39230 0.00000 0.00000 -1.00000 -0.51275 0.75864 0.40194 0.00000 0.00000 -1.00000 -0.87608 0.26635 0.40193 -0.00000 0.00000 -1.00000 -0.79447 -0.43559 0.42318 0.00000 0.00000 -1.00000 -0.28859 -0.87031 0.39909 0.00000 0.00000 -1.00000 0.21575 -0.88846 0.40509 0.00000 -0.00000 -1.00000 -0.82708 -0.52363 0.20432 0.00000 0.00000 -1.00000 -0.54348 -0.81623 0.19594 0.00000 0.00000 -1.00000 0.00459 -0.98115 0.19319 0.00000 -0.00000 -1.00000 0.68621 -0.69505 0.21451 0.00000 0.00000 -1.00000 0.97704 -0.00491 0.21299 0.00000 0.00000 -1.00000 0.77159 0.59776 0.21755 0.00000 0.00000 -1.00000 0.02297 0.97964 0.19944 0.00000 0.00000 -1.00000 -0.08404 0.97645 0.19869 0.00000 0.00000 -1.00000 -0.85863 0.46711 0.21110 -0.00000 0.00000 -1.00000 -0.90277 0.33024 0.27560 -0.00000 0.00000 -1.00000 -0.93933 -0.18173 0.29093 0.00000 0.00000 -1.00000 -0.55522 -0.76868 0.31760 0.00000 0.00000 -1.00000 0.13742 -0.93855 0.31660 0.00000 -0.00000 -1.00000 0.80228 -0.52119 0.29105 0.00000 0.00000 -1.00000 0.94126 -0.16546 0.29438 0.00000 0.00000 -1.00000 0.69552 0.65457 0.29627 0.00000 0.00000 -1.00000 0.28816 0.90923 0.30043 0.00000 0.00000 -1.00000 -0.62573 0.72406 0.29016 0.00000 0.00000 -1.00000 0.85688 0.34292 0.38491 0.00000 0.00000 -1.00000 0.42714 0.82250 0.37557 0.00000 0.00000 -1.00000 -0.21504 0.90091 0.37699 0.00000 0.00000 -1.00000 -0.74377 0.54618 0.38536 0.00000 0.00000 -1.00000 -0.92315 0.06753 0.37847 -0.00000 0.00000 -1.00000 -0.70659 -0.57681 0.40991 0.00000 0.00000 -1.00000 -0.04776 -0.91708 0.39583 0.00000 -0.00000 -1.00000 0.57836 -0.72199 0.37977 0.00000 0.00000 -1.00000 0.82263 -0.41837 0.38503 0.00000 0.00000 -1.00000 0.52294 0.79828 0.29880 0.00000 0.00000 -1.00000 -0.31866 0.90140 0.29314 0.00000 0.00000 -1.00000 -0.79751 0.53793 0.27313 0.00000 0.00000 -1.00000 -0.95422 0.06498 0.29196 -0.00000 0.00000 -1.00000 -0.37699 -0.88740 0.26534 0.00000 0.00000 -1.00000 -0.16538 -0.95228 0.25655 0.00000 -0.00000 -1.00000 0.60667 -0.74552 0.27595 0.00000 0.00000 -1.00000 0.85467 -0.43425 0.28453 0.00000 0.00000 -1.00000 0.79907 0.53012 0.28367 0.00000 0.00000 -1.00000 -0.07315 -0.97029 0.23064 0.00000 -0.00000 -1.00000 0.47600 -0.84952 0.22746 0.00000 0.00000 -1.00000 0.94263 -0.25175 0.21926 0.00000 0.00000 -1.00000 0.93705 0.26975 0.22177 0.00000 0.00000 -1.00000 0.58261 0.77603 0.24153 0.00000 0.00000 -1.00000 -0.31942 0.91818 0.23436 0.00000 0.00000 -1.00000 -0.79269 0.56729 0.22322 0.00000 0.00000 -1.00000 -0.97521 0.01732 0.22059 -0.00000 0.00000 -1.00000 -0.76509 -0.60204 0.22845 0.00000 0.00000 -1.00000 -0.84365 -0.29824 0.44644 0.00000 0.00000 -1.00000 -0.36643 -0.81387 0.45094 0.00000 0.00000 -1.00000 0.27718 -0.86315 0.42207 0.00000 -0.00000 -1.00000 0.69972 -0.55713 0.44720 0.00000 0.00000 -1.00000 0.89254 0.06930 0.44561 0.00000 0.00000 -1.00000 0.60999 0.67062 0.42213 0.00000 0.00000 -1.00000 0.23240 0.87022 0.43441 0.00000 0.00000 -1.00000 -0.58006 0.67729 0.45255 0.00000 0.00000 -1.00000 -0.86004 0.26509 0.43596 -0.00000 0.00000 -1.00000 0.91234 0.30037 0.27825 0.00000 0.00000 -1.00000 0.24997 0.92966 0.27064 0.00000 0.00000 -1.00000 -0.18056 0.94523 0.27191 0.00000 0.00000 -1.00000 -0.84214 0.46107 0.27967 0.00000 0.00000 -1.00000 -0.95080 -0.14061 0.27607 -0.00000 0.00000 -1.00000 -0.65145 -0.71022 0.26682 0.00000 0.00000 -1.00000 -0.21760 -0.93874 0.26726 0.00000 -0.00000 -1.00000 0.61950 -0.73937 0.26372 0.00000 0.00000 -1.00000 0.93979 -0.21420 0.26631 0.00000 0.00000 -1.00000 0.05688 0.94703 0.31607 0.00000 0.00000 -1.00000 -0.86099 0.39199 0.32410 0.00000 0.00000 -1.00000 -0.94181 0.12979 0.31009 -0.00000 0.00000 -1.00000 -0.81489 -0.48079 0.32372 0.00000 0.00000 -1.00000 -0.04698 -0.93786 0.34383 0.00000 -0.00000 -1.00000 0.41685 -0.84768 0.32814 0.00000 0.00000 -1.00000 0.86332 -0.37529 0.33739 0.00000 0.00000 -1.00000 0.80480 0.50017 0.31956 0.00000 0.00000 -1.00000 0.36587 0.87932 0.30485 0.00000 0.00000 -1.00000 0.39582 0.87186 0.28843 0.00000 0.00000 -1.00000 -0.23823 0.92383 0.29964 0.00000 0.00000 -1.00000 -0.91894 0.26806 0.28928 0.00000 0.00000 -1.00000 -0.93136 -0.22818 0.28373 -0.00000 0.00000 -1.00000 -0.59129 -0.75500 0.28348 0.00000 0.00000 -1.00000 -0.02097 -0.95318 0.30167 0.00000 -0.00000 -1.00000 0.68421 -0.66457 0.30034 0.00000 0.00000 -1.00000 0.96015 -0.02144 0.27868 0.00000 0.00000 -1.00000 0.84762 0.44726 0.28548 0.00000 0.00000 -1.00000 0.14095 0.96847 0.20544 0.00000 0.00000 -1.00000 -0.38373 0.89963 0.20837 0.00000 0.00000 -1.00000 -0.97373 -0.11218 0.19814 -0.00000 0.00000 -1.00000 -0.97369 -0.11253 0.19814 0.00000 0.00000 -1.00000 -0.48144 -0.85245 0.20380 0.00000 0.00000 -1.00000 0.09301 -0.97653 0.19426 0.00000 -0.00000 -1.00000 0.67607 -0.70976 0.19791 0.00000 0.00000 -1.00000 0.92868 0.29281 0.22763 0.00000 0.00000 -1.00000 0.68068 0.69652 0.22700 0.00000 0.00000 -1.00000 -0.85838 -0.27192 0.43501 -0.00000 0.00000 -1.00000 -0.44424 -0.80211 0.39909 0.00000 0.00000 -1.00000 0.03912 -0.91905 0.39219 0.00000 -0.00000 -1.00000 0.59841 -0.68996 0.40726 0.00000 0.00000 -1.00000 0.87676 -0.24302 0.41500 0.00000 0.00000 -1.00000 0.72729 0.54210 0.42091 0.00000 0.00000 -1.00000 0.28611 0.86638 0.40929 0.00000 0.00000 -1.00000 -0.37153 0.82641 0.42309 0.00000 0.00000 -1.00000 -0.78640 0.44221 0.43131 0.00000 0.00000 -1.00000 -0.82618 0.36346 0.43049 0.00000 0.00000 -1.00000 -0.86878 -0.21557 0.44582 -0.00000 0.00000 -1.00000 -0.39119 -0.81592 0.42573 0.00000 0.00000 -1.00000 0.11310 -0.90131 0.41816 0.00000 -0.00000 -1.00000 0.51821 -0.72642 0.45140 0.00000 0.00000 -1.00000 0.88845 -0.00920 0.45889 0.00000 0.00000 -1.00000 0.70418 0.54078 0.46009 0.00000 0.00000 -1.00000 0.16095 0.87899 0.44885 0.00000 0.00000 -1.00000 -0.46370 0.76290 0.45052 0.00000 0.00000 -1.00000 0.57532 -0.66533 0.47575 0.00000 0.00000 -1.00000 0.86395 -0.19246 0.46534 0.00000 0.00000 -1.00000 0.77657 0.41558 0.47353 0.00000 0.00000 -1.00000 0.31344 0.81848 0.48150 0.00000 0.00000 -1.00000 -0.25600 0.84422 0.47091 0.00000 0.00000 -1.00000 -0.75032 0.46793 0.46697 0.00000 0.00000 -1.00000 -0.87416 -0.11684 0.47137 -0.00000 0.00000 -1.00000 -0.60185 -0.64046 0.47706 0.00000 0.00000 -1.00000 -0.05040 -0.87245 0.48611 0.00000 -0.00000 -1.00000 -0.17919 0.92375 0.33848 0.00000 0.00000 -1.00000 -0.66141 0.66343 0.34985 0.00000 0.00000 -1.00000 -0.93414 -0.14075 0.32798 -0.00000 0.00000 -1.00000 -0.80759 -0.49252 0.32439 0.00000 0.00000 -1.00000 0.12771 -0.93684 0.32560 0.00000 -0.00000 -1.00000 0.41375 -0.85217 0.32034 0.00000 0.00000 -1.00000 0.89180 -0.28555 0.35093 0.00000 0.00000 -1.00000 0.84481 0.42466 0.32553 0.00000 0.00000 -1.00000 0.38084 0.86418 0.32887 0.00000 0.00000 -1.00000 0.88056 -0.17970 0.43855 0.00000 0.00000 -1.00000 0.75452 0.47887 0.44875 0.00000 0.00000 -1.00000 0.40714 0.80082 0.43923 0.00000 0.00000 -1.00000 -0.29928 0.84618 0.44091 0.00000 0.00000 -1.00000 -0.80738 0.41605 0.41838 0.00000 0.00000 -1.00000 -0.90351 -0.11942 0.41158 -0.00000 0.00000 -1.00000 -0.62978 -0.63599 0.44598 0.00000 0.00000 -1.00000 0.12773 -0.89368 0.43013 0.00000 -0.00000 -1.00000 0.45906 -0.77800 0.42893 0.00000 0.00000 -1.00000 -0.38467 -0.88576 0.25973 0.00000 0.00000 -1.00000 0.19407 -0.95278 0.23354 0.00000 -0.00000 -1.00000 0.70996 -0.66336 0.23646 0.00000 0.00000 -1.00000 0.96354 0.09069 0.25172 0.00000 0.00000 -1.00000 0.73568 0.63260 0.24208 0.00000 0.00000 -1.00000 0.34622 0.90551 0.24530 0.00000 0.00000 -1.00000 -0.53439 0.80342 0.26258 0.00000 0.00000 -1.00000 -0.88769 0.37677 0.26465 0.00000 0.00000 -1.00000 -0.89613 -0.35448 0.26701 -0.00000 0.00000 -1.00000 0.96085 -0.16141 0.22518 0.00000 0.00000 -1.00000 0.70642 0.67494 0.21313 0.00000 0.00000 -1.00000 0.30233 0.92935 0.21192 0.00000 0.00000 -1.00000 -0.36769 0.90504 0.21380 0.00000 0.00000 -1.00000 -0.80484 0.55247 0.21681 -0.00000 0.00000 -1.00000 -0.76424 -0.61085 0.20687 0.00000 0.00000 -1.00000 -0.63451 -0.74598 0.20225 0.00000 0.00000 -1.00000 0.12803 -0.97016 0.20588 0.00000 -0.00000 -1.00000 0.56996 -0.79556 0.20547 0.00000 0.00000 -1.00000 -0.61482 -0.72844 0.30227 0.00000 0.00000 -1.00000 0.03838 -0.95869 0.28186 0.00000 -0.00000 -1.00000 0.54357 -0.79045 0.28234 0.00000 0.00000 -1.00000 0.93306 -0.19993 0.29905 0.00000 0.00000 -1.00000 0.84191 0.45010 0.29765 0.00000 0.00000 -1.00000 0.20084 0.93635 0.28794 0.00000 0.00000 -1.00000 -0.28166 0.91833 0.27809 0.00000 0.00000 -1.00000 -0.78929 0.53631 0.29900 0.00000 0.00000 -1.00000 -0.94305 -0.13297 0.30492 -0.00000 0.00000 -1.00000 0.77251 0.54585 0.32446 0.00000 0.00000 -1.00000 0.22531 0.91973 0.32146 0.00000 0.00000 -1.00000 -0.36576 0.87656 0.31282 0.00000 0.00000 -1.00000 -0.88974 0.33693 0.30798 0.00000 0.00000 -1.00000 -0.93529 -0.16837 0.31127 -0.00000 0.00000 -1.00000 -0.59166 -0.74068 0.31833 0.00000 0.00000 -1.00000 0.06319 -0.94396 0.32395 0.00000 -0.00000 -1.00000 0.67342 -0.66028 0.33245 0.00000 0.00000 -1.00000 0.94321 0.00648 0.33215 0.00000 0.00000 -1.00000 0.57661 -0.64848 0.49699 0.00000 0.00000 -1.00000 0.84199 -0.20659 0.49836 0.00000 0.00000 -1.00000 0.74778 0.44577 0.49205 0.00000 0.00000 -1.00000 0.26750 0.82680 0.49482 0.00000 0.00000 -1.00000 -0.21671 0.84107 0.49562 0.00000 0.00000 -1.00000 -0.76595 0.40306 0.50086 0.00000 0.00000 -1.00000 -0.82894 -0.29121 0.47754 -0.00000 0.00000 -1.00000 -0.55462 -0.69995 0.44996 0.00000 0.00000 -1.00000 -0.11398 -0.87528 0.47000 0.00000 -0.00000 -1.00000 0.69317 0.69209 0.20129 0.00000 0.00000 -1.00000 -0.22001 0.95583 0.19489 0.00000 0.00000 -1.00000 -0.59393 0.78090 0.19348 0.00000 0.00000 -1.00000 -0.97927 -0.02593 0.20089 -0.00000 0.00000 -1.00000 -0.82520 -0.53543 0.17987 0.00000 0.00000 -1.00000 -0.40931 -0.89432 0.18069 0.00000 0.00000 -1.00000 0.19059 -0.96354 0.18781 0.00000 -0.00000 -1.00000 0.93323 -0.30821 0.18460 0.00000 0.00000 -1.00000 0.98124 0.03765 0.18909 0.00000 0.00000 -1.00000 -0.65301 -0.70456 0.27781 0.00000 0.00000 -1.00000 -0.28525 -0.91715 0.27834 0.00000 -0.00000 -1.00000 0.57752 -0.76218 0.29250 0.00000 0.00000 -1.00000 0.93287 -0.23359 0.27420 0.00000 0.00000 -1.00000 0.92279 0.26507 0.27962 0.00000 0.00000 -1.00000 0.47004 0.83424 0.28826 0.00000 0.00000 -1.00000 -0.19934 0.93504 0.29320 0.00000 0.00000 -1.00000 -0.74558 0.60482 0.27981 0.00000 0.00000 -1.00000 -0.95815 0.02127 0.28547 -0.00000 0.00000 -1.00000 0.87996 -0.14108 0.45362 0.00000 0.00000 -1.00000 0.80518 0.38812 0.44839 0.00000 0.00000 -1.00000 0.19334 0.87406 0.44569 0.00000 0.00000 -1.00000 -0.33439 0.83707 0.43301 0.00000 0.00000 -1.00000 -0.81729 0.37412 0.43826 0.00000 0.00000 -1.00000 -0.87228 -0.22452 0.43441 -0.00000 0.00000 -1.00000 -0.63762 -0.63790 0.43190 0.00000 0.00000 -1.00000 0.04092 -0.89148 0.45120 0.00000 -0.00000 -1.00000 0.54524 -0.70948 0.44650 0.00000 0.00000 -1.00000 0.14477 -0.95461 0.26030 0.00000 -0.00000 -1.00000 0.62088 -0.74070 0.25663 0.00000 0.00000 -1.00000 0.95182 -0.14693 0.26918 0.00000 0.00000 -1.00000 0.73839 0.61148 0.28437 0.00000 0.00000 -1.00000 0.29202 0.91634 0.27395 0.00000 0.00000 -1.00000 -0.57628 0.77142 0.26984 0.00000 0.00000 -1.00000 -0.83770 0.48012 0.26027 0.00000 0.00000 -1.00000 -0.91434 -0.31895 0.24952 -0.00000 0.00000 -1.00000 -0.61261 -0.74894 0.25258 0.00000 0.00000 -1.00000 0.13253 0.94447 0.30068 0.00000 0.00000 -1.00000 -0.15978 0.93959 0.30271 0.00000 0.00000 -1.00000 -0.82818 0.46461 0.31347 0.00000 0.00000 -1.00000 -0.95036 -0.10654 0.29234 -0.00000 0.00000 -1.00000 -0.76900 -0.56611 0.29693 0.00000 0.00000 -1.00000 -0.25267 -0.91558 0.31285 0.00000 -0.00000 -1.00000 0.65875 -0.67869 0.32469 0.00000 0.00000 -1.00000 0.86818 -0.37344 0.32681 0.00000 0.00000 -1.00000 0.82884 0.44676 0.33679 0.00000 0.00000 -1.00000 0.95555 -0.05325 0.29000 0.00000 0.00000 -1.00000 0.77815 0.54483 0.31248 0.00000 0.00000 -1.00000 0.05061 0.94663 0.31832 0.00000 0.00000 -1.00000 -0.34817 0.87832 0.32762 0.00000 0.00000 -1.00000 -0.94256 0.14104 0.30279 -0.00000 0.00000 -1.00000 -0.88098 -0.37119 0.29341 0.00000 0.00000 -1.00000 -0.65084 -0.69474 0.30619 0.00000 0.00000 -1.00000 0.15027 -0.92944 0.33699 0.00000 -0.00000 -1.00000 0.83922 -0.45407 0.29920 0.00000 0.00000 -1.00000 -0.78284 0.54824 0.29427 0.00000 0.00000 -1.00000 -0.95370 0.05152 0.29631 -0.00000 0.00000 -1.00000 -0.74018 -0.59891 0.30567 0.00000 0.00000 -1.00000 -0.02059 -0.95848 0.28443 0.00000 -0.00000 -1.00000 0.34061 -0.89773 0.27939 0.00000 0.00000 -1.00000 0.89416 -0.34420 0.28636 0.00000 0.00000 -1.00000 0.90017 0.31032 0.30560 0.00000 0.00000 -1.00000 0.31996 0.90338 0.28553 0.00000 0.00000 -1.00000 0.05989 0.95752 0.28209 0.00000 0.00000 -1.00000 -0.94916 -0.28348 0.13687 -0.00000 0.00000 -1.00000 -0.74709 -0.64933 0.14226 0.00000 0.00000 -1.00000 -0.02933 -0.98750 0.15486 0.00000 -0.00000 -1.00000 0.71924 -0.67603 0.16023 0.00000 0.00000 -1.00000 0.98330 0.10923 0.14554 0.00000 0.00000 -1.00000 0.68236 0.71712 0.14188 0.00000 0.00000 -1.00000 0.65715 0.74014 0.14265 0.00000 0.00000 -1.00000 -0.38163 0.90900 0.16757 0.00000 0.00000 -1.00000 -0.85214 0.49971 0.15537 0.00000 0.00000 -1.00000 0.23621 0.93557 0.26251 0.00000 0.00000 -1.00000 -0.54136 0.79805 0.26467 0.00000 0.00000 -1.00000 -0.85737 0.44594 0.25701 0.00000 0.00000 -1.00000 -0.88936 -0.37423 0.26267 -0.00000 0.00000 -1.00000 -0.43615 -0.85943 0.26673 0.00000 0.00000 -1.00000 0.24773 -0.93741 0.24473 0.00000 -0.00000 -1.00000 0.74074 -0.62796 0.23870 0.00000 0.00000 -1.00000 0.95565 -0.16088 0.24667 0.00000 0.00000 -1.00000 0.65663 0.71050 0.25306 0.00000 0.00000 -1.00000 -0.06460 -0.97863 0.19523 0.00000 0.00000 -1.00000 0.01058 -0.98074 0.19502 0.00000 -0.00000 -1.00000 0.89289 -0.39582 0.21466 0.00000 0.00000 -1.00000 0.97774 0.02867 0.20785 0.00000 0.00000 -1.00000 0.45883 0.86550 0.20095 0.00000 0.00000 -1.00000 -0.03587 0.97904 0.20049 0.00000 0.00000 -1.00000 -0.54542 0.81622 0.19054 0.00000 0.00000 -1.00000 -0.97970 0.05944 0.19146 -0.00000 0.00000 -1.00000 -0.88849 -0.41944 0.18619 0.00000 0.00000 -1.00000 -0.89308 -0.00010 0.44991 -0.00000 0.00000 -1.00000 -0.58793 -0.66356 0.46263 0.00000 0.00000 -1.00000 -0.04434 -0.89160 0.45064 0.00000 -0.00000 -1.00000 0.55468 -0.70143 0.44758 0.00000 0.00000 -1.00000 0.83852 -0.29743 0.45652 0.00000 0.00000 -1.00000 0.78899 0.41456 0.45346 0.00000 0.00000 -1.00000 0.29203 0.84036 0.45664 0.00000 0.00000 -1.00000 -0.17155 0.87182 0.45881 0.00000 0.00000 -1.00000 -0.77560 0.43374 0.45860 0.00000 0.00000 -1.00000 0.93408 0.27870 0.22323 0.00000 0.00000 -1.00000 0.62712 0.74734 0.21956 0.00000 0.00000 -1.00000 0.07262 0.96807 0.23991 0.00000 0.00000 -1.00000 -0.78814 0.56244 0.24999 0.00000 0.00000 -1.00000 -0.92430 0.29403 0.24333 -0.00000 0.00000 -1.00000 -0.68834 -0.68126 0.24915 0.00000 0.00000 -1.00000 -0.06422 -0.97317 0.22094 0.00000 0.00000 -1.00000 0.15732 -0.96373 0.21558 0.00000 -0.00000 -1.00000 0.95373 -0.19922 0.22519 0.00000 0.00000 -1.00000 -0.34624 0.85892 0.37733 0.00000 0.00000 -1.00000 -0.87320 0.27575 0.40186 -0.00000 0.00000 -1.00000 -0.88294 -0.23303 0.40757 0.00000 0.00000 -1.00000 -0.44933 -0.79195 0.41343 0.00000 0.00000 -1.00000 0.25686 -0.88518 0.38792 0.00000 -0.00000 -1.00000 0.69003 -0.60501 0.39728 0.00000 0.00000 -1.00000 0.91022 -0.12098 0.39606 0.00000 0.00000 -1.00000 0.62849 0.67122 0.39302 0.00000 0.00000 -1.00000 0.03975 0.92743 0.37189 0.00000 0.00000 -1.00000 0.80778 0.49484 0.32035 0.00000 0.00000 -1.00000 0.28769 0.90075 0.32539 0.00000 0.00000 -1.00000 -0.39573 0.85150 0.34401 0.00000 0.00000 -1.00000 -0.91244 0.24420 0.32835 0.00000 0.00000 -1.00000 -0.92443 -0.21762 0.31317 -0.00000 0.00000 -1.00000 -0.50750 -0.80017 0.31963 0.00000 0.00000 -1.00000 0.09030 -0.93825 0.33396 0.00000 -0.00000 -1.00000 0.69824 -0.63662 0.32736 0.00000 0.00000 -1.00000 0.94571 -0.08059 0.31488 0.00000 0.00000 -1.00000 -0.64400 0.57357 0.50624 0.00000 0.00000 -1.00000 -0.85030 -0.11099 0.51446 -0.00000 0.00000 -1.00000 -0.71903 -0.47632 0.50607 0.00000 0.00000 -1.00000 -0.03950 -0.85105 0.52360 0.00000 -0.00000 -1.00000 0.50393 -0.69671 0.51053 0.00000 0.00000 -1.00000 0.82415 -0.28128 0.49158 0.00000 0.00000 -1.00000 0.83316 0.21488 0.50958 0.00000 0.00000 -1.00000 0.40017 0.74972 0.52704 0.00000 0.00000 -1.00000 -0.31901 0.79793 0.51140 0.00000 0.00000 -1.00000 0.61287 0.68259 0.39807 0.00000 0.00000 -1.00000 0.25652 0.88219 0.39490 0.00000 0.00000 -1.00000 -0.45973 0.78850 0.40855 0.00000 0.00000 -1.00000 -0.85544 0.30956 0.41520 -0.00000 0.00000 -1.00000 -0.84171 -0.35171 0.40966 0.00000 0.00000 -1.00000 -0.48107 -0.77394 0.41180 0.00000 0.00000 -1.00000 0.23873 -0.87938 0.41195 0.00000 -0.00000 -1.00000 0.70403 -0.58674 0.40011 0.00000 0.00000 -1.00000 0.90723 -0.10973 0.40606 0.00000 0.00000 -1.00000 -0.65137 -0.55723 0.51498 0.00000 0.00000 -1.00000 -0.11039 -0.86590 0.48789 0.00000 -0.00000 -1.00000 0.41508 -0.76810 0.48757 0.00000 0.00000 -1.00000 0.76096 -0.41694 0.49709 0.00000 0.00000 -1.00000 0.81318 0.26535 0.51801 0.00000 0.00000 -1.00000 0.48295 0.70589 0.51816 0.00000 0.00000 -1.00000 -0.23029 0.83469 0.50026 0.00000 0.00000 -1.00000 -0.64656 0.57560 0.50065 0.00000 0.00000 -1.00000 -0.85904 0.04004 0.51033 -0.00000 0.00000 -1.00000 -0.62797 0.72607 0.28013 0.00000 0.00000 -1.00000 -0.87761 0.38516 0.28541 -0.00000 0.00000 -1.00000 -0.79452 -0.52594 0.30352 0.00000 0.00000 -1.00000 -0.30725 -0.90108 0.30603 0.00000 0.00000 -1.00000 0.43567 -0.85476 0.28209 0.00000 -0.00000 -1.00000 0.76752 -0.57452 0.28432 0.00000 0.00000 -1.00000 0.93764 0.14698 0.31499 0.00000 0.00000 -1.00000 0.57975 0.75730 0.30066 0.00000 0.00000 -1.00000 -0.14874 0.94630 0.28704 0.00000 0.00000 -1.00000 -0.09012 -0.93647 0.33898 0.00000 -0.00000 -1.00000 0.48424 -0.80101 0.35198 0.00000 0.00000 -1.00000 0.91038 -0.19011 0.36751 0.00000 0.00000 -1.00000 0.80213 0.48577 0.34728 0.00000 0.00000 -1.00000 0.28809 0.88607 0.36315 0.00000 0.00000 -1.00000 -0.47719 0.81203 0.33600 0.00000 0.00000 -1.00000 -0.81118 0.48731 0.32328 0.00000 0.00000 -1.00000 -0.92740 -0.16565 0.33540 -0.00000 0.00000 -1.00000 -0.65748 -0.67481 0.33520 0.00000 0.00000 -1.00000 0.60413 0.67670 0.42083 0.00000 0.00000 -1.00000 0.05468 0.90686 0.41787 0.00000 0.00000 -1.00000 -0.56091 0.70947 0.42665 0.00000 0.00000 -1.00000 -0.86161 0.27755 0.42496 -0.00000 0.00000 -1.00000 -0.82366 -0.37230 0.42777 0.00000 0.00000 -1.00000 -0.42019 -0.79701 0.43384 0.00000 0.00000 -1.00000 0.26536 -0.86026 0.43536 0.00000 -0.00000 -1.00000 0.76843 -0.47656 0.42708 0.00000 0.00000 -1.00000 0.90185 0.04261 0.42994 0.00000 0.00000 -1.00000 -0.82377 -0.42834 0.37139 0.00000 0.00000 -1.00000 -0.39469 -0.83486 0.38371 0.00000 0.00000 -1.00000 0.24869 -0.88629 0.39071 0.00000 -0.00000 -1.00000 0.83898 -0.38067 0.38885 0.00000 0.00000 -1.00000 0.92277 0.04343 0.38289 0.00000 0.00000 -1.00000 0.47908 0.79140 0.37969 0.00000 0.00000 -1.00000 0.16665 0.90989 0.37991 0.00000 0.00000 -1.00000 -0.48254 0.78444 0.38963 0.00000 0.00000 -1.00000 -0.90399 0.18973 0.38314 -0.00000 0.00000 -1.00000 -0.80082 0.14261 0.58168 -0.00000 0.00000 -1.00000 -0.70706 -0.40940 0.57660 0.00000 0.00000 -1.00000 -0.22644 -0.78184 0.58091 0.00000 -0.00000 -1.00000 0.33965 -0.74043 0.58000 0.00000 0.00000 -1.00000 0.75361 -0.33691 0.56441 0.00000 0.00000 -1.00000 0.81473 0.16104 0.55702 0.00000 0.00000 -1.00000 0.48690 0.67788 0.55083 0.00000 0.00000 -1.00000 0.08039 0.82090 0.56538 0.00000 0.00000 -1.00000 -0.56128 0.60315 0.56673 0.00000 0.00000 -1.00000 0.43374 0.88392 0.17478 0.00000 0.00000 -1.00000 -0.08560 0.97817 0.18938 0.00000 0.00000 -1.00000 -0.82153 0.53294 0.20263 0.00000 0.00000 -1.00000 -0.88244 -0.43528 0.17843 -0.00000 0.00000 -1.00000 -0.85264 -0.49146 0.17741 0.00000 0.00000 -1.00000 -0.06670 -0.97887 0.19328 0.00000 -0.00000 -1.00000 0.61937 -0.76136 0.19157 0.00000 0.00000 -1.00000 0.98272 -0.00674 0.18500 0.00000 0.00000 -1.00000 0.89279 0.41494 0.17535 0.00000 0.00000 -1.00000 -0.88526 -0.35724 0.29782 -0.00000 0.00000 -1.00000 -0.53440 -0.79236 0.29426 0.00000 0.00000 -1.00000 0.04828 -0.95678 0.28677 0.00000 -0.00000 -1.00000 0.66591 -0.67590 0.31579 0.00000 0.00000 -1.00000 0.94699 0.08160 0.31073 0.00000 0.00000 -1.00000 0.80549 0.50443 0.31101 0.00000 0.00000 -1.00000 0.20390 0.92527 0.31983 0.00000 0.00000 -1.00000 -0.56570 0.76511 0.30756 0.00000 0.00000 -1.00000 -0.87243 0.38090 0.30623 0.00000 0.00000 -1.00000 -0.84190 0.42438 0.33332 -0.00000 0.00000 -1.00000 -0.68275 -0.65906 0.31542 0.00000 0.00000 -1.00000 -0.67851 -0.66344 0.31538 0.00000 0.00000 -1.00000 0.26595 -0.89874 0.34863 0.00000 -0.00000 -1.00000 0.79072 -0.50038 0.35268 0.00000 0.00000 -1.00000 0.89482 0.28720 0.34177 0.00000 0.00000 -1.00000 0.81101 0.47357 0.34351 0.00000 0.00000 -1.00000 -0.04673 0.93547 0.35030 0.00000 0.00000 -1.00000 -0.42142 0.84251 0.33552 0.00000 0.00000 -1.00000 0.76492 -0.49027 0.41778 0.00000 0.00000 -1.00000 0.86539 0.25335 0.43234 0.00000 0.00000 -1.00000 0.49765 0.76128 0.41569 0.00000 0.00000 -1.00000 -0.05888 0.91149 0.40709 0.00000 0.00000 -1.00000 -0.65275 0.63946 0.40622 0.00000 0.00000 -1.00000 -0.91301 0.01604 0.40762 -0.00000 0.00000 -1.00000 -0.77021 -0.47872 0.42143 0.00000 0.00000 -1.00000 -0.17635 -0.89134 0.41763 0.00000 -0.00000 -1.00000 0.44245 -0.79961 0.40603 0.00000 0.00000 -1.00000 0.24764 0.94164 0.22802 0.00000 0.00000 -1.00000 -0.58515 0.77924 0.22445 0.00000 0.00000 -1.00000 -0.91508 0.33447 0.22532 -0.00000 0.00000 -1.00000 -0.82027 -0.53156 0.21117 0.00000 0.00000 -1.00000 -0.77836 -0.59104 0.21172 0.00000 0.00000 -1.00000 0.11735 -0.96414 0.23805 0.00000 -0.00000 -1.00000 0.80634 -0.54377 0.23266 0.00000 0.00000 -1.00000 0.97635 -0.02417 0.21483 0.00000 0.00000 -1.00000 0.84433 0.49161 0.21313 0.00000 0.00000 -1.00000 -0.45384 -0.78511 0.42147 0.00000 0.00000 -1.00000 0.45750 -0.78958 0.40896 0.00000 -0.00000 -1.00000 0.67174 -0.62788 0.39310 0.00000 0.00000 -1.00000 0.89118 0.20869 0.40279 0.00000 0.00000 -1.00000 0.63501 0.66918 0.38597 0.00000 0.00000 -1.00000 0.25311 0.88085 0.40006 0.00000 0.00000 -1.00000 -0.49665 0.76796 0.40445 0.00000 0.00000 -1.00000 -0.89782 0.13070 0.42051 -0.00000 0.00000 -1.00000 -0.82997 -0.38866 0.40012 0.00000 0.00000 -1.00000 0.70889 -0.49012 0.50720 0.00000 0.00000 -1.00000 0.86482 -0.02208 0.50160 0.00000 0.00000 -1.00000 0.62833 0.58935 0.50781 0.00000 0.00000 -1.00000 0.05995 0.85695 0.51191 0.00000 0.00000 -1.00000 -0.44490 0.74261 0.50059 0.00000 0.00000 -1.00000 -0.84587 0.19632 0.49595 -0.00000 0.00000 -1.00000 -0.83182 -0.25154 0.49477 0.00000 0.00000 -1.00000 -0.40300 -0.75456 0.51792 0.00000 0.00000 -1.00000 0.24228 -0.82695 0.50740 0.00000 -0.00000 -1.00000 0.87065 -0.33446 0.36070 0.00000 0.00000 -1.00000 0.91877 0.15228 0.36424 0.00000 0.00000 -1.00000 0.45668 0.82119 0.34219 0.00000 0.00000 -1.00000 -0.00157 0.93509 0.35441 0.00000 0.00000 -1.00000 -0.71641 0.57891 0.38938 0.00000 0.00000 -1.00000 -0.93697 -0.03366 0.34778 -0.00000 0.00000 -1.00000 -0.77374 -0.52527 0.35415 0.00000 0.00000 -1.00000 -0.10786 -0.91515 0.38842 0.00000 -0.00000 -1.00000 0.41517 -0.83207 0.36781 0.00000 0.00000 -1.00000 0.09283 -0.96013 0.26369 0.00000 -0.00000 -1.00000 0.78519 -0.55528 0.27412 0.00000 0.00000 -1.00000 0.95133 -0.13225 0.27834 0.00000 0.00000 -1.00000 0.72895 0.63101 0.26544 0.00000 0.00000 -1.00000 0.20252 0.94503 0.25672 0.00000 0.00000 -1.00000 -0.46551 0.84682 0.25728 0.00000 0.00000 -1.00000 -0.90998 0.32322 0.25973 0.00000 0.00000 -1.00000 -0.94035 -0.21013 0.26755 -0.00000 0.00000 -1.00000 -0.40468 -0.87482 0.26632 0.00000 0.00000 -1.00000 0.68704 -0.63882 0.34625 0.00000 0.00000 -1.00000 0.93693 -0.07205 0.34202 0.00000 0.00000 -1.00000 0.81867 0.44836 0.35881 0.00000 0.00000 -1.00000 0.16523 0.91555 0.36671 0.00000 0.00000 -1.00000 -0.56198 0.75124 0.34615 0.00000 0.00000 -1.00000 -0.83804 0.42646 0.34032 0.00000 0.00000 -1.00000 -0.92685 -0.13969 0.34847 -0.00000 0.00000 -1.00000 -0.48107 -0.79882 0.36120 0.00000 0.00000 -1.00000 0.08905 -0.93269 0.34952 0.00000 -0.00000 -1.00000 0.95517 -0.19581 0.22204 0.00000 0.00000 -1.00000 0.72226 0.65326 0.22715 0.00000 0.00000 -1.00000 0.27983 0.93473 0.21901 0.00000 0.00000 -1.00000 -0.26020 0.93978 0.22161 0.00000 0.00000 -1.00000 -0.89214 0.39482 0.21953 0.00000 0.00000 -1.00000 -0.95257 -0.21597 0.21440 -0.00000 0.00000 -1.00000 -0.72136 -0.65679 0.21970 0.00000 0.00000 -1.00000 0.18239 -0.95633 0.22839 0.00000 -0.00000 -1.00000 0.59176 -0.77537 0.22050 0.00000 0.00000 -1.00000 0.77942 -0.51452 0.35746 0.00000 0.00000 -1.00000 0.91935 0.16490 0.35721 0.00000 0.00000 -1.00000 0.58271 0.74145 0.33272 0.00000 0.00000 -1.00000 0.03779 0.94204 0.33335 0.00000 0.00000 -1.00000 -0.61109 0.71953 0.32991 0.00000 0.00000 -1.00000 -0.88852 0.30254 0.34497 -0.00000 0.00000 -1.00000 -0.78024 -0.52590 0.33861 0.00000 0.00000 -1.00000 -0.39521 -0.85559 0.33434 0.00000 0.00000 -1.00000 0.27871 -0.89973 0.33588 0.00000 -0.00000 -1.00000 0.94095 0.28535 0.18216 0.00000 0.00000 -1.00000 0.27592 0.94447 0.17846 0.00000 0.00000 -1.00000 -0.00655 0.98439 0.17587 0.00000 0.00000 -1.00000 -0.80586 0.55978 0.19296 0.00000 0.00000 -1.00000 -0.97929 -0.10592 0.17256 -0.00000 0.00000 -1.00000 -0.66004 -0.73036 0.17586 0.00000 0.00000 -1.00000 -0.36183 -0.91463 0.18038 0.00000 -0.00000 -1.00000 0.59485 -0.78658 0.16564 0.00000 0.00000 -1.00000 0.85131 -0.49601 0.17100 0.00000 0.00000 -1.00000 -0.76439 -0.60064 0.23439 0.00000 0.00000 -1.00000 0.06412 -0.97383 0.21802 0.00000 -0.00000 -1.00000 0.43392 -0.87405 0.21851 0.00000 0.00000 -1.00000 0.95940 -0.18070 0.21658 0.00000 0.00000 -1.00000 0.93228 0.28356 0.22461 0.00000 0.00000 -1.00000 0.27803 0.93659 0.21329 0.00000 0.00000 -1.00000 -0.08502 0.97200 0.21907 0.00000 0.00000 -1.00000 -0.84829 0.47227 0.23951 0.00000 0.00000 -1.00000 -0.96832 -0.11977 0.21910 -0.00000 0.00000 -1.00000 -0.02414 -0.95134 0.30719 0.00000 -0.00000 -1.00000 0.28205 -0.91199 0.29788 0.00000 0.00000 -1.00000 0.86510 -0.37752 0.33029 0.00000 0.00000 -1.00000 0.86668 0.39381 0.30623 0.00000 0.00000 -1.00000 0.54499 0.78513 0.29420 0.00000 0.00000 -1.00000 0.01678 0.94785 0.31828 0.00000 0.00000 -1.00000 -0.67458 0.66751 0.31522 0.00000 0.00000 -1.00000 -0.95285 0.03012 0.30194 -0.00000 0.00000 -1.00000 -0.79955 -0.51198 0.31400 0.00000 0.00000 -1.00000 0.90432 0.33102 0.26950 0.00000 0.00000 -1.00000 0.43573 0.86371 0.25327 0.00000 0.00000 -1.00000 -0.15437 0.95657 0.24726 0.00000 0.00000 -1.00000 -0.69970 0.66943 0.24956 0.00000 0.00000 -1.00000 -0.96657 0.05113 0.25126 -0.00000 0.00000 -1.00000 -0.81591 -0.51141 0.26973 0.00000 0.00000 -1.00000 -0.18154 -0.94514 0.27157 0.00000 -0.00000 -1.00000 0.52552 -0.81365 0.24860 0.00000 0.00000 -1.00000 0.83733 -0.48484 0.25261 0.00000 0.00000 -1.00000 -0.55278 -0.66067 0.50788 0.00000 0.00000 -1.00000 0.08507 -0.84253 0.53189 0.00000 -0.00000 -1.00000 0.67784 -0.52032 0.51942 0.00000 0.00000 -1.00000 0.85604 -0.09522 0.50807 0.00000 0.00000 -1.00000 0.68890 0.50887 0.51620 0.00000 0.00000 -1.00000 0.21167 0.83495 0.50799 0.00000 0.00000 -1.00000 -0.38716 0.76457 0.51531 0.00000 0.00000 -1.00000 -0.77821 0.34202 0.52670 0.00000 0.00000 -1.00000 -0.80430 -0.31476 0.50401 -0.00000 0.00000 -1.00000 0.93810 0.01574 0.34600 0.00000 0.00000 -1.00000 0.63842 0.68219 0.35643 0.00000 0.00000 -1.00000 0.06654 0.93085 0.35928 0.00000 0.00000 -1.00000 -0.50204 0.78524 0.36244 0.00000 0.00000 -1.00000 -0.93206 0.09640 0.34923 -0.00000 0.00000 -1.00000 -0.89205 -0.28735 0.34883 0.00000 0.00000 -1.00000 -0.30013 -0.88542 0.35489 0.00000 0.00000 -1.00000 0.23156 -0.90441 0.35837 0.00000 -0.00000 -1.00000 0.79798 -0.49308 0.34655 0.00000 0.00000 -1.00000 -0.50367 0.84318 0.18804 0.00000 0.00000 -1.00000 -0.70775 0.68169 0.18545 0.00000 0.00000 -1.00000 -0.97957 -0.06234 0.19119 -0.00000 0.00000 -1.00000 -0.74881 -0.63243 0.19829 0.00000 0.00000 -1.00000 -0.24437 -0.94690 0.20895 0.00000 -0.00000 -1.00000 0.59833 -0.77517 0.20276 0.00000 0.00000 -1.00000 0.97379 -0.09748 0.20551 0.00000 0.00000 -1.00000 0.87955 0.42830 0.20724 0.00000 0.00000 -1.00000 0.38775 0.90099 0.19460 0.00000 0.00000 -1.00000 0.64201 0.67328 0.36676 0.00000 0.00000 -1.00000 0.04504 0.92573 0.37549 0.00000 0.00000 -1.00000 -0.69157 0.61212 0.38346 0.00000 0.00000 -1.00000 -0.93480 -0.01627 0.35481 -0.00000 0.00000 -1.00000 -0.88904 -0.29136 0.35314 0.00000 0.00000 -1.00000 -0.28354 -0.89431 0.34616 0.00000 -0.00000 -1.00000 0.21791 -0.90914 0.35494 0.00000 0.00000 -1.00000 0.86878 -0.35020 0.35012 0.00000 0.00000 -1.00000 0.93055 0.09049 0.35480 0.00000 0.00000 -1.00000 -0.01198 -0.89393 0.44805 0.00000 -0.00000 -1.00000 0.60725 -0.65009 0.45675 0.00000 0.00000 -1.00000 0.84637 -0.24230 0.47428 0.00000 0.00000 -1.00000 0.75177 0.47431 0.45812 0.00000 0.00000 -1.00000 0.29625 0.83366 0.46609 0.00000 0.00000 -1.00000 -0.23264 0.85775 0.45841 0.00000 0.00000 -1.00000 -0.71830 0.49708 0.48678 0.00000 0.00000 -1.00000 -0.85497 -0.23654 0.46160 -0.00000 0.00000 -1.00000 -0.60309 -0.65058 0.46155 0.00000 0.00000 -1.00000 -0.72313 -0.60656 0.33040 0.00000 0.00000 -1.00000 0.08777 -0.92089 0.37981 0.00000 -0.00000 -1.00000 0.77375 -0.51916 0.36302 0.00000 0.00000 -1.00000 0.93248 -0.00560 0.36117 0.00000 0.00000 -1.00000 0.53800 0.76745 0.34868 0.00000 0.00000 -1.00000 0.13736 0.94028 0.31146 0.00000 0.00000 -1.00000 -0.37917 0.86236 0.33551 0.00000 0.00000 -1.00000 -0.88106 0.30693 0.35990 -0.00000 0.00000 -1.00000 -0.77384 -0.54018 0.33072 0.00000 0.00000 -1.00000 -0.34386 0.87712 0.33530 0.00000 0.00000 -1.00000 -0.88070 0.34904 0.32022 0.00000 0.00000 -1.00000 -0.94404 -0.09857 0.31476 -0.00000 0.00000 -1.00000 -0.71201 -0.62202 0.32576 0.00000 0.00000 -1.00000 0.14406 -0.93948 0.31084 0.00000 -0.00000 -1.00000 0.54379 -0.78409 0.29915 0.00000 0.00000 -1.00000 0.93576 -0.18439 0.30059 0.00000 0.00000 -1.00000 0.86274 0.40949 0.29666 0.00000 0.00000 -1.00000 0.40745 0.85781 0.31330 0.00000 0.00000 -1.00000 0.77913 -0.49252 0.38778 0.00000 0.00000 -1.00000 0.90635 0.20751 0.36807 0.00000 0.00000 -1.00000 0.56663 0.74196 0.35837 0.00000 0.00000 -1.00000 0.12219 0.92927 0.34862 0.00000 0.00000 -1.00000 -0.64791 0.67169 0.35921 0.00000 0.00000 -1.00000 -0.93349 0.05938 0.35366 -0.00000 0.00000 -1.00000 -0.82036 -0.45806 0.34233 0.00000 0.00000 -1.00000 -0.44657 -0.81797 0.36264 0.00000 -0.00000 -1.00000 0.32820 -0.86093 0.38870 0.00000 0.00000 -1.00000 -0.86172 0.36305 0.35445 0.00000 0.00000 -1.00000 -0.92183 -0.16721 0.34967 -0.00000 0.00000 -1.00000 -0.57154 -0.74086 0.35280 0.00000 0.00000 -1.00000 0.11647 -0.92937 0.35029 0.00000 -0.00000 -1.00000 0.46571 -0.81030 0.35571 0.00000 0.00000 -1.00000 0.93539 0.01614 0.35325 0.00000 0.00000 -1.00000 0.84326 0.40572 0.35256 0.00000 0.00000 -1.00000 0.29648 0.88762 0.35246 0.00000 0.00000 -1.00000 -0.35509 0.86296 0.35946 0.00000 0.00000 -1.00000 -0.23184 -0.93251 0.27689 0.00000 0.00000 -1.00000 0.39700 -0.88279 0.25114 0.00000 -0.00000 -1.00000 0.81452 -0.52301 0.25103 0.00000 0.00000 -1.00000 0.95873 0.08238 0.27213 0.00000 0.00000 -1.00000 0.66185 0.69512 0.28065 0.00000 0.00000 -1.00000 -0.12088 0.95243 0.27977 0.00000 0.00000 -1.00000 -0.59500 0.75860 0.26551 0.00000 0.00000 -1.00000 -0.92682 0.25858 0.27228 -0.00000 0.00000 -1.00000 -0.78042 -0.56249 0.27303 0.00000 0.00000 -1.00000 -0.57040 0.65351 0.49756 0.00000 0.00000 -1.00000 -0.85968 0.15871 0.48555 -0.00000 0.00000 -1.00000 -0.70582 -0.51550 0.48587 0.00000 0.00000 -1.00000 -0.34474 -0.80123 0.48907 0.00000 -0.00000 -1.00000 0.46355 -0.74135 0.48531 0.00000 0.00000 -1.00000 0.75435 -0.45794 0.47037 0.00000 0.00000 -1.00000 0.86647 0.12201 0.48410 0.00000 0.00000 -1.00000 0.58396 0.64156 0.49739 0.00000 0.00000 -1.00000 -0.03759 0.86635 0.49801 0.00000 0.00000 -1.00000 -0.63208 -0.72296 0.27894 0.00000 0.00000 -1.00000 -0.03430 -0.95668 0.28910 0.00000 -0.00000 -1.00000 0.55576 -0.77742 0.29453 0.00000 0.00000 -1.00000 0.95247 -0.07783 0.29452 0.00000 0.00000 -1.00000 0.85364 0.43091 0.29260 0.00000 0.00000 -1.00000 0.23864 0.92647 0.29104 0.00000 0.00000 -1.00000 -0.24704 0.92299 0.29507 0.00000 0.00000 -1.00000 -0.80128 0.51930 0.29710 0.00000 0.00000 -1.00000 -0.93063 -0.23474 0.28075 -0.00000 0.00000 -1.00000 0.16250 -0.93120 0.32628 0.00000 -0.00000 -1.00000 0.78172 -0.52770 0.33234 0.00000 0.00000 -1.00000 0.94495 0.03170 0.32567 0.00000 0.00000 -1.00000 0.63763 0.69818 0.32554 0.00000 0.00000 -1.00000 0.03439 0.94169 0.33473 0.00000 0.00000 -1.00000 -0.65786 0.68362 0.31605 0.00000 0.00000 -1.00000 -0.88482 0.34461 0.31358 -0.00000 0.00000 -1.00000 -0.87905 -0.34802 0.32581 0.00000 0.00000 -1.00000 -0.40445 -0.85417 0.32682 0.00000 0.00000 -1.00000 0.76752 0.51100 0.38703 0.00000 0.00000 -1.00000 0.28604 0.87360 0.39370 0.00000 0.00000 -1.00000 -0.46694 0.79225 0.39282 0.00000 0.00000 -1.00000 -0.87819 0.29557 0.37605 0.00000 0.00000 -1.00000 -0.90248 -0.20826 0.37705 -0.00000 0.00000 -1.00000 -0.48254 -0.78090 0.39667 0.00000 0.00000 -1.00000 0.15832 -0.90701 0.39022 0.00000 -0.00000 -1.00000 0.55496 -0.73598 0.38776 0.00000 0.00000 -1.00000 0.91947 0.00493 0.39313 0.00000 0.00000 -1.00000 0.55850 0.78252 0.27521 0.00000 0.00000 -1.00000 -0.23086 0.93008 0.28576 0.00000 0.00000 -1.00000 -0.73246 0.62038 0.28041 0.00000 0.00000 -1.00000 -0.95334 0.08483 0.28974 -0.00000 0.00000 -1.00000 -0.79219 -0.53023 0.30215 0.00000 0.00000 -1.00000 -0.12113 -0.94677 0.29825 0.00000 -0.00000 -1.00000 0.38372 -0.87540 0.29400 0.00000 0.00000 -1.00000 0.87894 -0.38276 0.28452 0.00000 0.00000 -1.00000 0.90493 0.32342 0.27658 0.00000 0.00000 -1.00000 -0.27163 0.92859 0.25286 0.00000 0.00000 -1.00000 -0.85808 0.44884 0.24949 0.00000 0.00000 -1.00000 -0.90360 -0.35094 0.24566 -0.00000 0.00000 -1.00000 -0.69858 -0.67004 0.25107 0.00000 0.00000 -1.00000 0.05195 -0.96255 0.26609 0.00000 -0.00000 -1.00000 0.73381 -0.63440 0.24302 0.00000 0.00000 -1.00000 0.91578 -0.31548 0.24862 0.00000 0.00000 -1.00000 0.72954 0.63345 0.25791 0.00000 0.00000 -1.00000 0.33514 0.90895 0.24799 0.00000 0.00000 -1.00000 0.63156 -0.60682 0.48259 0.00000 0.00000 -1.00000 0.86938 0.02894 0.49330 0.00000 0.00000 -1.00000 0.65782 0.58215 0.47789 0.00000 0.00000 -1.00000 0.17378 0.86535 0.47008 0.00000 0.00000 -1.00000 -0.37695 0.79393 0.47705 0.00000 0.00000 -1.00000 -0.82192 0.30739 0.47953 0.00000 0.00000 -1.00000 -0.82574 -0.29400 0.48136 -0.00000 0.00000 -1.00000 -0.42141 -0.77364 0.47317 0.00000 0.00000 -1.00000 0.09384 -0.87358 0.47755 0.00000 -0.00000 -1.00000 0.92484 -0.25384 0.28326 0.00000 0.00000 -1.00000 0.94917 0.16847 0.26589 0.00000 0.00000 -1.00000 0.47175 0.83739 0.27609 0.00000 0.00000 -1.00000 -0.09458 0.95020 0.29695 0.00000 0.00000 -1.00000 -0.60474 0.73988 0.29474 0.00000 0.00000 -1.00000 -0.96011 0.02747 0.27826 -0.00000 0.00000 -1.00000 -0.76913 -0.57706 0.27466 0.00000 0.00000 -1.00000 -0.39290 -0.87295 0.28912 0.00000 -0.00000 -1.00000 0.59888 -0.74522 0.29326 0.00000 0.00000 -1.00000 0.83495 -0.26008 0.48499 0.00000 0.00000 -1.00000 0.76365 0.42020 0.49017 0.00000 0.00000 -1.00000 0.41508 0.76912 0.48597 0.00000 0.00000 -1.00000 -0.34679 0.80261 0.48535 0.00000 0.00000 -1.00000 -0.68325 0.54882 0.48163 0.00000 0.00000 -1.00000 -0.83423 -0.26544 0.48333 -0.00000 0.00000 -1.00000 -0.66100 -0.57607 0.48085 0.00000 0.00000 -1.00000 -0.00702 -0.86352 0.50426 0.00000 -0.00000 -1.00000 0.54175 -0.68108 0.49257 0.00000 0.00000 -1.00000 0.85177 0.45799 0.25445 0.00000 0.00000 -1.00000 0.34854 0.89561 0.27641 0.00000 0.00000 -1.00000 -0.27981 0.91905 0.27758 0.00000 0.00000 -1.00000 -0.83035 0.49155 0.26249 0.00000 0.00000 -1.00000 -0.95048 -0.18760 0.24779 -0.00000 0.00000 -1.00000 -0.62544 -0.73940 0.24923 0.00000 0.00000 -1.00000 -0.08905 -0.96334 0.25306 0.00000 -0.00000 -1.00000 0.56815 -0.77805 0.26802 0.00000 0.00000 -1.00000 0.96613 -0.03086 0.25620 0.00000 0.00000 -1.00000 -0.59773 0.77491 0.20552 0.00000 0.00000 -1.00000 -0.89242 0.39626 0.21582 -0.00000 0.00000 -1.00000 -0.80707 -0.55583 0.19923 0.00000 0.00000 -1.00000 -0.51990 -0.83106 0.19761 0.00000 0.00000 -1.00000 0.28468 -0.93573 0.20825 0.00000 -0.00000 -1.00000 0.77188 -0.60155 0.20576 0.00000 0.00000 -1.00000 0.97750 0.00718 0.21082 0.00000 0.00000 -1.00000 0.61336 0.75951 0.21663 0.00000 0.00000 -1.00000 -0.01995 0.97900 0.20287 0.00000 0.00000 -1.00000 -0.09747 0.86201 0.49743 0.00000 0.00000 -1.00000 -0.62098 0.60204 0.50193 0.00000 0.00000 -1.00000 -0.86196 -0.12314 0.49180 -0.00000 0.00000 -1.00000 -0.72589 -0.48461 0.48810 0.00000 0.00000 -1.00000 -0.22272 -0.83652 0.50062 0.00000 -0.00000 -1.00000 0.46340 -0.72014 0.51639 0.00000 0.00000 -1.00000 0.80412 -0.32270 0.49925 0.00000 0.00000 -1.00000 0.80246 0.30580 0.51239 0.00000 0.00000 -1.00000 0.42944 0.75231 0.49962 0.00000 0.00000 -1.00000 -0.13059 0.93245 0.33688 0.00000 0.00000 -1.00000 -0.67946 0.64478 0.35013 0.00000 0.00000 -1.00000 -0.93712 -0.00725 0.34894 -0.00000 0.00000 -1.00000 -0.66922 -0.66836 0.32471 0.00000 0.00000 -1.00000 -0.22119 -0.91926 0.32563 0.00000 -0.00000 -1.00000 0.48457 -0.80380 0.34512 0.00000 0.00000 -1.00000 0.88564 -0.31656 0.33974 0.00000 0.00000 -1.00000 0.87847 0.33830 0.33742 0.00000 0.00000 -1.00000 0.42300 0.83987 0.34013 0.00000 0.00000 -1.00000 -0.39328 0.88385 0.25327 0.00000 0.00000 -1.00000 -0.80342 0.52445 0.28189 0.00000 0.00000 -1.00000 -0.86426 -0.41852 0.27909 -0.00000 0.00000 -1.00000 -0.55647 -0.78513 0.27189 0.00000 0.00000 -1.00000 0.23422 -0.93393 0.27002 0.00000 -0.00000 -1.00000 0.62235 -0.73300 0.27458 0.00000 0.00000 -1.00000 0.95692 -0.04957 0.28609 0.00000 0.00000 -1.00000 0.72916 0.62445 0.27997 0.00000 0.00000 -1.00000 0.11566 0.95676 0.26688 0.00000 0.00000 -1.00000 0.15875 -0.94879 0.27313 0.00000 -0.00000 -1.00000 0.06744 -0.95885 0.27578 0.00000 0.00000 -1.00000 0.91280 -0.26239 0.31297 0.00000 0.00000 -1.00000 0.93320 0.21002 0.29158 0.00000 0.00000 -1.00000 0.37396 0.87623 0.30393 0.00000 0.00000 -1.00000 0.16894 0.93910 0.29926 0.00000 0.00000 -1.00000 -0.70609 0.62221 0.33809 0.00000 0.00000 -1.00000 -0.91472 -0.28111 0.29029 -0.00000 0.00000 -1.00000 -0.85694 -0.42321 0.29419 0.00000 0.00000 -1.00000 -0.28145 0.89580 0.34397 0.00000 0.00000 -1.00000 -0.79783 0.48653 0.35604 0.00000 0.00000 -1.00000 -0.88757 -0.29171 0.35655 -0.00000 0.00000 -1.00000 -0.36593 -0.86823 0.33508 0.00000 0.00000 -1.00000 -0.04389 -0.94067 0.33647 0.00000 -0.00000 -1.00000 0.57685 -0.73363 0.35921 0.00000 0.00000 -1.00000 0.92260 -0.09780 0.37315 0.00000 0.00000 -1.00000 0.77984 0.51396 0.35734 0.00000 0.00000 -1.00000 0.07105 0.93693 0.34221 0.00000 0.00000 -1.00000 -0.62440 0.71481 0.31491 0.00000 0.00000 -1.00000 -0.94063 0.13226 0.31260 -0.00000 0.00000 -1.00000 -0.83768 -0.44772 0.31279 0.00000 0.00000 -1.00000 -0.34869 -0.88526 0.30778 0.00000 0.00000 -1.00000 0.24568 -0.91694 0.31443 0.00000 -0.00000 -1.00000 0.73899 -0.59579 0.31454 0.00000 0.00000 -1.00000 0.93566 0.17114 0.30862 0.00000 0.00000 -1.00000 0.69816 0.64532 0.31005 0.00000 0.00000 -1.00000 0.13545 0.93846 0.31771 0.00000 0.00000 -1.00000 0.92853 -0.27049 0.25430 0.00000 0.00000 -1.00000 0.87080 0.42464 0.24778 0.00000 0.00000 -1.00000 0.45095 0.86140 0.23375 0.00000 0.00000 -1.00000 -0.21051 0.95048 0.22865 0.00000 0.00000 -1.00000 -0.78587 0.56709 0.24660 0.00000 0.00000 -1.00000 -0.96773 -0.03373 0.24974 -0.00000 0.00000 -1.00000 -0.67595 -0.69242 0.25229 0.00000 0.00000 -1.00000 -0.14202 -0.96296 0.22923 0.00000 -0.00000 -1.00000 0.38672 -0.89293 0.23050 0.00000 0.00000 -1.00000 0.09453 -0.97712 0.19054 0.00000 -0.00000 -1.00000 0.29381 -0.93717 0.18810 0.00000 0.00000 -1.00000 0.89375 -0.40499 0.19288 0.00000 0.00000 -1.00000 0.87369 0.43381 0.22018 0.00000 0.00000 -1.00000 0.34335 0.91399 0.21616 0.00000 0.00000 -1.00000 -0.40231 0.89452 0.19488 0.00000 0.00000 -1.00000 -0.74988 0.62896 0.20516 0.00000 0.00000 -1.00000 -0.96387 -0.18288 0.19366 -0.00000 0.00000 -1.00000 -0.59971 -0.77557 0.19709 0.00000 0.00000 -1.00000 -0.66968 -0.64079 0.37539 0.00000 0.00000 -1.00000 -0.21130 -0.90510 0.36898 0.00000 -0.00000 -1.00000 0.48825 -0.78515 0.38098 0.00000 0.00000 -1.00000 0.84461 -0.38088 0.37626 0.00000 0.00000 -1.00000 0.86091 0.35062 0.36864 0.00000 0.00000 -1.00000 0.43247 0.82628 0.36087 0.00000 0.00000 -1.00000 -0.21367 0.91028 0.35460 0.00000 0.00000 -1.00000 -0.66393 0.65152 0.36706 0.00000 0.00000 -1.00000 -0.92720 0.04880 0.37137 -0.00000 0.00000 -1.00000 0.00715 -0.98663 0.16280 0.00000 -0.00000 -1.00000 0.69174 -0.70139 0.17191 0.00000 0.00000 -1.00000 0.96667 -0.18398 0.17803 0.00000 0.00000 -1.00000 0.79729 0.57635 0.17929 0.00000 0.00000 -1.00000 0.27355 0.94728 0.16683 0.00000 0.00000 -1.00000 -0.07470 0.98181 0.17453 0.00000 0.00000 -1.00000 -0.87694 0.45045 0.16756 0.00000 0.00000 -1.00000 -0.98043 0.10503 0.16652 -0.00000 0.00000 -1.00000 -0.66428 -0.72823 0.16855 0.00000 0.00000 -1.00000 0.43010 -0.89035 0.14934 0.00000 -0.00000 -1.00000 0.29482 -0.94425 0.14656 0.00000 0.00000 -1.00000 0.95642 0.24951 0.15168 0.00000 0.00000 -1.00000 0.82273 0.55127 0.13862 0.00000 0.00000 -1.00000 0.57818 0.80184 0.15085 0.00000 0.00000 -1.00000 -0.46734 0.86890 0.16314 0.00000 0.00000 -1.00000 -0.90566 0.39372 0.15735 0.00000 0.00000 -1.00000 -0.94851 -0.27551 0.15629 -0.00000 0.00000 -1.00000 -0.55432 -0.81491 0.16928 0.00000 0.00000 -1.00000 0.69755 0.64396 0.31423 0.00000 0.00000 -1.00000 0.21156 0.92515 0.31519 0.00000 0.00000 -1.00000 -0.53040 0.79454 0.29561 0.00000 0.00000 -1.00000 -0.86019 0.41514 0.29619 0.00000 0.00000 -1.00000 -0.92019 -0.24718 0.30357 -0.00000 0.00000 -1.00000 -0.64277 -0.69852 0.31452 0.00000 0.00000 -1.00000 0.23603 -0.92105 0.30978 0.00000 -0.00000 -1.00000 0.78145 -0.54554 0.30285 0.00000 0.00000 -1.00000 0.92306 -0.23227 0.30661 0.00000 0.00000 -1.00000 0.54465 0.76611 0.34121 0.00000 0.00000 -1.00000 0.06570 0.93450 0.34984 0.00000 0.00000 -1.00000 -0.65385 0.66212 0.36616 0.00000 0.00000 -1.00000 -0.91272 0.18830 0.36260 -0.00000 0.00000 -1.00000 -0.80792 -0.46206 0.36574 0.00000 0.00000 -1.00000 -0.11201 -0.93059 0.34850 0.00000 -0.00000 -1.00000 0.34292 -0.87778 0.33452 0.00000 0.00000 -1.00000 0.87833 -0.32800 0.34777 0.00000 0.00000 -1.00000 0.89226 0.29895 0.33838 0.00000 0.00000 -1.00000 0.47522 0.80765 0.34910 0.00000 0.00000 -1.00000 -0.15182 0.92852 0.33881 0.00000 0.00000 -1.00000 -0.73021 0.59349 0.33848 0.00000 0.00000 -1.00000 -0.93484 0.08621 0.34444 -0.00000 0.00000 -1.00000 -0.75341 -0.55756 0.34857 0.00000 0.00000 -1.00000 -0.19045 -0.91616 0.35267 0.00000 -0.00000 -1.00000 0.39102 -0.84966 0.35382 0.00000 0.00000 -1.00000 0.88474 -0.30104 0.35582 0.00000 0.00000 -1.00000 0.89213 0.27504 0.35842 0.00000 0.00000 -1.00000 -0.25420 -0.88677 0.38603 0.00000 -0.00000 -1.00000 0.37138 -0.84923 0.37535 0.00000 0.00000 -1.00000 0.83529 -0.39513 0.38230 0.00000 0.00000 -1.00000 0.91340 0.15209 0.37758 0.00000 0.00000 -1.00000 0.53426 0.75114 0.38776 0.00000 0.00000 -1.00000 0.07360 0.91659 0.39300 0.00000 0.00000 -1.00000 -0.72398 0.56884 0.39022 0.00000 0.00000 -1.00000 -0.90162 0.20622 0.38021 -0.00000 0.00000 -1.00000 -0.79666 -0.47038 0.37956 0.00000 0.00000 -1.00000 0.16825 0.91359 0.37019 0.00000 0.00000 -1.00000 -0.50488 0.78492 0.35916 0.00000 0.00000 -1.00000 -0.90390 0.24705 0.34918 0.00000 0.00000 -1.00000 -0.88014 -0.34647 0.32451 -0.00000 0.00000 -1.00000 -0.45542 -0.83186 0.31716 0.00000 0.00000 -1.00000 0.04037 -0.93951 0.34014 0.00000 -0.00000 -1.00000 0.73143 -0.59214 0.33820 0.00000 0.00000 -1.00000 0.92835 -0.14177 0.34361 0.00000 0.00000 -1.00000 0.72863 0.58950 0.34869 0.00000 0.00000 -1.00000 0.93793 0.13250 0.32050 0.00000 0.00000 -1.00000 0.56922 0.75947 0.31495 0.00000 0.00000 -1.00000 0.03365 0.95315 0.30062 0.00000 0.00000 -1.00000 -0.60424 0.73299 0.31244 0.00000 0.00000 -1.00000 -0.94005 0.13862 0.31159 -0.00000 0.00000 -1.00000 -0.79086 -0.52878 0.30810 0.00000 0.00000 -1.00000 -0.42240 -0.85103 0.31197 0.00000 0.00000 -1.00000 0.33474 -0.88656 0.31930 0.00000 -0.00000 -1.00000 0.75894 -0.57016 0.31455 0.00000 0.00000 -1.00000 -0.92159 0.04696 0.38531 -0.00000 0.00000 -1.00000 -0.52905 -0.75497 0.38745 0.00000 0.00000 -1.00000 0.01148 -0.93016 0.36697 0.00000 -0.00000 -1.00000 0.50954 -0.77753 0.36854 0.00000 0.00000 -1.00000 0.91168 -0.14840 0.38317 0.00000 0.00000 -1.00000 0.84760 0.36850 0.38181 0.00000 0.00000 -1.00000 0.27087 0.88535 0.37786 0.00000 0.00000 -1.00000 -0.14554 0.91091 0.38608 0.00000 0.00000 -1.00000 -0.85988 0.33080 0.38883 0.00000 0.00000 -1.00000 0.61540 0.74192 0.26615 0.00000 0.00000 -1.00000 -0.25794 0.92491 0.27931 0.00000 0.00000 -1.00000 -0.80759 0.52973 0.25920 0.00000 0.00000 -1.00000 -0.96358 -0.06016 0.26057 -0.00000 0.00000 -1.00000 -0.68532 -0.68235 0.25441 0.00000 0.00000 -1.00000 -0.13961 -0.95496 0.26183 0.00000 -0.00000 -1.00000 0.31858 -0.90848 0.27051 0.00000 0.00000 -1.00000 0.94044 -0.18956 0.28220 0.00000 0.00000 -1.00000 0.83429 0.48607 0.26021 0.00000 0.00000 -1.00000 -0.24163 -0.92948 0.27872 0.00000 -0.00000 -1.00000 0.58640 -0.75611 0.29056 0.00000 0.00000 -1.00000 0.85425 -0.43387 0.28637 0.00000 0.00000 -1.00000 0.88856 0.35609 0.28924 0.00000 0.00000 -1.00000 0.48337 0.82310 0.29810 0.00000 0.00000 -1.00000 -0.20003 0.93579 0.29033 0.00000 0.00000 -1.00000 -0.77413 0.57135 0.27256 0.00000 0.00000 -1.00000 -0.96380 0.00415 0.26658 -0.00000 0.00000 -1.00000 -0.76809 -0.58114 0.26890 0.00000 0.00000 -1.00000 0.39886 0.84023 0.36731 0.00000 0.00000 -1.00000 -0.34560 0.86855 0.35522 0.00000 0.00000 -1.00000 -0.75380 0.54997 0.35959 0.00000 0.00000 -1.00000 -0.92852 -0.06913 0.36478 -0.00000 0.00000 -1.00000 -0.64480 -0.66830 0.37096 0.00000 0.00000 -1.00000 -0.02844 -0.93428 0.35540 0.00000 -0.00000 -1.00000 0.52516 -0.77149 0.35919 0.00000 0.00000 -1.00000 0.91141 -0.20015 0.35954 0.00000 0.00000 -1.00000 0.85501 0.36581 0.36761 0.00000 0.00000 -1.00000 -0.69520 0.67740 0.24045 0.00000 0.00000 -1.00000 -0.95853 0.14379 0.24606 -0.00000 0.00000 -1.00000 -0.75358 -0.61706 0.22662 0.00000 0.00000 -1.00000 -0.24408 -0.94235 0.22893 0.00000 0.00000 -1.00000 0.31716 -0.92381 0.21443 0.00000 -0.00000 -1.00000 0.81067 -0.52788 0.25328 0.00000 0.00000 -1.00000 0.94959 0.20567 0.23661 0.00000 0.00000 -1.00000 0.54523 0.80244 0.24250 0.00000 0.00000 -1.00000 -0.20391 0.94647 0.25025 0.00000 0.00000 -1.00000 0.78614 0.41200 0.46069 0.00000 0.00000 -1.00000 0.35923 0.81978 0.44601 0.00000 0.00000 -1.00000 -0.23260 0.86575 0.44315 0.00000 0.00000 -1.00000 -0.69187 0.57149 0.44126 0.00000 0.00000 -1.00000 -0.85979 -0.24023 0.45062 -0.00000 0.00000 -1.00000 -0.68185 -0.58154 0.44372 0.00000 0.00000 -1.00000 -0.21067 -0.86492 0.45556 0.00000 -0.00000 -1.00000 0.57461 -0.69277 0.43577 0.00000 0.00000 -1.00000 0.81194 -0.37108 0.45062 0.00000 0.00000 -1.00000 0.85070 0.40323 0.33723 0.00000 0.00000 -1.00000 0.28897 0.89667 0.33539 0.00000 0.00000 -1.00000 -0.52414 0.79533 0.30451 0.00000 0.00000 -1.00000 -0.72425 0.62177 0.29812 0.00000 0.00000 -1.00000 -0.94674 -0.04074 0.31942 -0.00000 0.00000 -1.00000 -0.60795 -0.71760 0.33977 0.00000 0.00000 -1.00000 0.05676 -0.94731 0.31524 0.00000 -0.00000 -1.00000 0.60192 -0.73547 0.31108 0.00000 0.00000 -1.00000 0.92671 -0.18040 0.32965 0.00000 0.00000 -1.00000 0.12576 -0.91840 0.37513 0.00000 -0.00000 -1.00000 0.65926 -0.65702 0.36565 0.00000 0.00000 -1.00000 0.93049 0.00770 0.36624 0.00000 0.00000 -1.00000 0.82237 0.44428 0.35542 0.00000 0.00000 -1.00000 0.23971 0.89780 0.36944 0.00000 0.00000 -1.00000 -0.41331 0.83016 0.37419 0.00000 0.00000 -1.00000 -0.86073 0.36090 0.35902 0.00000 0.00000 -1.00000 -0.90606 -0.23490 0.35196 -0.00000 0.00000 -1.00000 -0.67252 -0.64121 0.36955 0.00000 0.00000 -1.00000 0.71379 0.55421 0.42820 0.00000 0.00000 -1.00000 0.14313 0.89016 0.43258 0.00000 0.00000 -1.00000 -0.42781 0.79391 0.43206 0.00000 0.00000 -1.00000 -0.85307 0.29227 0.43225 -0.00000 0.00000 -1.00000 -0.85869 -0.26601 0.43805 0.00000 0.00000 -1.00000 -0.49555 -0.74579 0.44522 0.00000 0.00000 -1.00000 0.16382 -0.88289 0.44008 0.00000 -0.00000 -1.00000 0.66427 -0.60654 0.43687 0.00000 0.00000 -1.00000 0.89607 0.06325 0.43938 0.00000 0.00000 -1.00000 0.80341 0.45224 0.38730 0.00000 0.00000 -1.00000 0.33942 0.86538 0.36865 0.00000 0.00000 -1.00000 -0.09137 0.92090 0.37893 0.00000 0.00000 -1.00000 -0.72998 0.54936 0.40661 0.00000 0.00000 -1.00000 -0.90521 -0.20225 0.37375 -0.00000 0.00000 -1.00000 -0.70369 -0.59958 0.38120 0.00000 0.00000 -1.00000 -0.04066 -0.93041 0.36425 0.00000 -0.00000 -1.00000 0.41652 -0.83182 0.36685 0.00000 0.00000 -1.00000 0.89865 -0.20582 0.38739 0.00000 0.00000 -1.00000 -0.92065 0.33246 0.20464 -0.00000 0.00000 -1.00000 -0.67342 -0.71982 0.16840 0.00000 0.00000 -1.00000 -0.58905 -0.79124 0.16418 0.00000 0.00000 -1.00000 -0.18562 -0.96649 0.17730 0.00000 -0.00000 -1.00000 0.84653 -0.49130 0.20495 0.00000 0.00000 -1.00000 0.97179 0.15723 0.17578 0.00000 0.00000 -1.00000 0.75383 0.63669 0.16238 0.00000 0.00000 -1.00000 0.53593 0.82594 0.17493 0.00000 0.00000 -1.00000 -0.44778 0.87489 0.18453 0.00000 0.00000 -1.00000 -0.84733 0.43481 0.30490 0.00000 0.00000 -1.00000 -0.90693 -0.30505 0.29056 -0.00000 0.00000 -1.00000 -0.50889 -0.81016 0.29098 0.00000 0.00000 -1.00000 -0.00501 -0.95945 0.28183 0.00000 -0.00000 -1.00000 0.64692 -0.70653 0.28690 0.00000 0.00000 -1.00000 0.95777 0.07014 0.27887 0.00000 0.00000 -1.00000 0.86697 0.41101 0.28185 0.00000 0.00000 -1.00000 0.32959 0.89524 0.29987 0.00000 0.00000 -1.00000 -0.42534 0.85726 0.29016 0.00000 0.00000 -1.00000 -0.59005 0.72410 0.35710 0.00000 0.00000 -1.00000 -0.90029 0.24513 0.35970 -0.00000 0.00000 -1.00000 -0.81295 -0.45630 0.36181 0.00000 0.00000 -1.00000 -0.31384 -0.88024 0.35592 0.00000 0.00000 -1.00000 0.23202 -0.90331 0.36083 0.00000 -0.00000 -1.00000 0.78262 -0.50719 0.36092 0.00000 0.00000 -1.00000 0.92062 0.14583 0.36221 0.00000 0.00000 -1.00000 0.62626 0.69051 0.36195 0.00000 0.00000 -1.00000 0.05805 0.93416 0.35210 0.00000 0.00000 -1.00000 -0.53685 -0.75929 0.36779 0.00000 0.00000 -1.00000 -0.00054 -0.92819 0.37211 0.00000 -0.00000 -1.00000 0.68888 -0.62739 0.36309 0.00000 0.00000 -1.00000 0.92006 -0.11847 0.37343 0.00000 0.00000 -1.00000 0.71373 0.60054 0.36048 0.00000 0.00000 -1.00000 0.28068 0.88806 0.36411 0.00000 0.00000 -1.00000 -0.41110 0.82816 0.38098 0.00000 0.00000 -1.00000 -0.82079 0.42790 0.37843 0.00000 0.00000 -1.00000 -0.89839 -0.22628 0.37642 -0.00000 0.00000 -1.00000 0.02452 0.91477 0.40323 0.00000 0.00000 -1.00000 -0.63083 0.66150 0.40555 0.00000 0.00000 -1.00000 -0.91455 0.00578 0.40443 -0.00000 0.00000 -1.00000 -0.74340 -0.52802 0.41055 0.00000 0.00000 -1.00000 -0.17408 -0.89657 0.40726 0.00000 -0.00000 -1.00000 0.37232 -0.82904 0.41723 0.00000 0.00000 -1.00000 0.79062 -0.44324 0.42244 0.00000 0.00000 -1.00000 0.83685 0.36313 0.40965 0.00000 0.00000 -1.00000 0.49176 0.77361 0.39962 0.00000 0.00000 -1.00000 -0.37180 0.82228 0.43084 0.00000 0.00000 -1.00000 -0.77283 0.46779 0.42884 0.00000 0.00000 -1.00000 -0.87284 -0.25968 0.41318 -0.00000 0.00000 -1.00000 -0.55484 -0.72332 0.41106 0.00000 0.00000 -1.00000 0.04288 -0.91613 0.39859 0.00000 -0.00000 -1.00000 0.67557 -0.62411 0.39254 0.00000 0.00000 -1.00000 0.89148 -0.20264 0.40521 0.00000 0.00000 -1.00000 0.79147 0.43815 0.42615 0.00000 0.00000 -1.00000 0.23912 0.87549 0.41992 0.00000 0.00000 -1.00000 0.08628 -0.94172 0.32516 0.00000 -0.00000 -1.00000 0.69103 -0.64600 0.32427 0.00000 0.00000 -1.00000 0.94122 -0.11190 0.31871 0.00000 0.00000 -1.00000 0.71346 0.62368 0.31936 0.00000 0.00000 -1.00000 0.17296 0.93732 0.30252 0.00000 0.00000 -1.00000 -0.36586 0.87922 0.30514 0.00000 0.00000 -1.00000 -0.91137 0.27086 0.30991 0.00000 0.00000 -1.00000 -0.92899 -0.20611 0.30741 -0.00000 0.00000 -1.00000 -0.61237 -0.72149 0.32319 0.00000 0.00000 -1.00000 -0.15556 -0.91888 0.36259 0.00000 0.00000 -1.00000 0.13797 -0.92307 0.35903 0.00000 -0.00000 -1.00000 0.87971 -0.31508 0.35615 0.00000 0.00000 -1.00000 0.93145 0.11026 0.34676 0.00000 0.00000 -1.00000 0.54222 0.75917 0.36008 0.00000 0.00000 -1.00000 0.07339 0.93393 0.34985 0.00000 0.00000 -1.00000 -0.70661 0.61965 0.34168 0.00000 0.00000 -1.00000 -0.89654 0.27914 0.34395 -0.00000 0.00000 -1.00000 -0.83749 -0.40918 0.36219 0.00000 0.00000 -1.00000 0.82480 0.42851 0.36890 0.00000 0.00000 -1.00000 0.31086 0.88355 0.35029 0.00000 0.00000 -1.00000 -0.34162 0.87411 0.34529 0.00000 0.00000 -1.00000 -0.86482 0.36075 0.34920 0.00000 0.00000 -1.00000 -0.94071 -0.02801 0.33804 -0.00000 0.00000 -1.00000 -0.49340 -0.79528 0.35226 0.00000 0.00000 -1.00000 -0.03124 -0.94106 0.33680 0.00000 -0.00000 -1.00000 0.53781 -0.77264 0.33731 0.00000 0.00000 -1.00000 0.91984 -0.12970 0.37025 0.00000 0.00000 -1.00000 -0.72972 0.55182 0.40373 0.00000 0.00000 -1.00000 -0.91276 0.09422 0.39749 -0.00000 0.00000 -1.00000 -0.77613 -0.48812 0.39920 0.00000 0.00000 -1.00000 -0.25736 -0.87305 0.41418 0.00000 -0.00000 -1.00000 0.43878 -0.79785 0.41341 0.00000 0.00000 -1.00000 0.80055 -0.43661 0.41047 0.00000 0.00000 -1.00000 0.86797 0.29198 0.40171 0.00000 0.00000 -1.00000 0.55278 0.72632 0.40852 0.00000 0.00000 -1.00000 -0.04469 0.90724 0.41823 0.00000 0.00000 -1.00000 -0.46654 -0.85730 0.21766 0.00000 -0.00000 -1.00000 0.57545 -0.78991 0.21191 0.00000 0.00000 -1.00000 0.80883 -0.55246 0.20144 0.00000 0.00000 -1.00000 0.97105 -0.10460 0.21478 0.00000 0.00000 -1.00000 0.54255 0.81238 0.21374 0.00000 0.00000 -1.00000 -0.15579 0.96626 0.20512 0.00000 0.00000 -1.00000 -0.54755 0.81110 0.20570 0.00000 0.00000 -1.00000 -0.89657 0.38262 0.22309 -0.00000 0.00000 -1.00000 -0.79862 -0.56162 0.21632 0.00000 0.00000 -1.00000 0.81030 0.55933 0.17482 0.00000 0.00000 -1.00000 0.05480 0.98490 0.16422 0.00000 0.00000 -1.00000 -0.49088 0.85809 0.15071 0.00000 0.00000 -1.00000 -0.90361 0.39316 0.17005 -0.00000 0.00000 -1.00000 -0.73406 -0.65908 0.16359 0.00000 0.00000 -1.00000 -0.58543 -0.79469 0.16043 0.00000 0.00000 -1.00000 0.20185 -0.96666 0.15757 0.00000 -0.00000 -1.00000 0.75253 -0.63480 0.17529 0.00000 0.00000 -1.00000 0.98391 0.08111 0.15917 0.00000 0.00000 -1.00000 -0.64962 0.62765 0.42901 0.00000 0.00000 -1.00000 -0.89799 0.10641 0.42695 -0.00000 0.00000 -1.00000 -0.77025 -0.45406 0.44782 0.00000 0.00000 -1.00000 -0.25544 -0.85695 0.44765 0.00000 -0.00000 -1.00000 0.35374 -0.82543 0.43992 0.00000 0.00000 -1.00000 0.78212 -0.44143 0.43981 0.00000 0.00000 -1.00000 0.86820 0.21529 0.44707 0.00000 0.00000 -1.00000 0.51336 0.74437 0.42704 0.00000 0.00000 -1.00000 0.01047 0.89832 0.43922 0.00000 0.00000 -1.00000 -0.75216 0.60310 0.26556 0.00000 0.00000 -1.00000 -0.94797 0.15670 0.27711 -0.00000 0.00000 -1.00000 -0.29283 -0.92663 0.23582 0.00000 0.00000 -1.00000 -0.49026 -0.83734 0.24186 0.00000 -0.00000 -1.00000 0.52287 -0.80311 0.28568 0.00000 0.00000 -1.00000 0.88674 -0.38570 0.25481 0.00000 0.00000 -1.00000 0.91135 0.29584 0.28620 0.00000 0.00000 -1.00000 0.52487 0.80695 0.27082 0.00000 0.00000 -1.00000 -0.18831 0.93620 0.29678 0.00000 0.00000 -1.00000 -0.11665 -0.88521 0.45033 0.00000 -0.00000 -1.00000 0.57321 -0.69036 0.44140 0.00000 0.00000 -1.00000 0.89111 -0.13211 0.43412 0.00000 0.00000 -1.00000 0.83272 0.33164 0.44339 0.00000 0.00000 -1.00000 0.31756 0.83428 0.45070 0.00000 0.00000 -1.00000 -0.33800 0.83163 0.44062 0.00000 0.00000 -1.00000 -0.72726 0.52407 0.44321 0.00000 0.00000 -1.00000 -0.88971 -0.09970 0.44551 -0.00000 0.00000 -1.00000 -0.55239 -0.70271 0.44840 0.00000 0.00000 -1.00000 0.89695 -0.33980 0.28286 0.00000 0.00000 -1.00000 0.92913 0.24012 0.28119 0.00000 0.00000 -1.00000 0.39701 0.87139 0.28822 0.00000 0.00000 -1.00000 -0.07316 0.95943 0.27228 0.00000 0.00000 -1.00000 -0.57874 0.76500 0.28256 0.00000 0.00000 -1.00000 -0.95652 -0.03865 0.28910 -0.00000 0.00000 -1.00000 -0.77838 -0.56138 0.28104 0.00000 0.00000 -1.00000 -0.35739 -0.88940 0.28502 0.00000 -0.00000 -1.00000 0.41198 -0.86314 0.29201 0.00000 0.00000 -1.00000 -0.85805 0.26449 0.44021 0.00000 0.00000 -1.00000 -0.87961 -0.18548 0.43804 -0.00000 0.00000 -1.00000 -0.37472 -0.81475 0.44245 0.00000 0.00000 -1.00000 0.07324 -0.89882 0.43216 0.00000 -0.00000 -1.00000 0.65713 -0.60459 0.45016 0.00000 0.00000 -1.00000 0.89510 0.06131 0.44162 0.00000 0.00000 -1.00000 0.76313 0.47388 0.43940 0.00000 0.00000 -1.00000 0.11443 0.88470 0.45190 0.00000 0.00000 -1.00000 -0.41548 0.78923 0.45221 0.00000 0.00000 -1.00000 -0.86868 0.47247 0.14890 0.00000 0.00000 -1.00000 -0.96026 0.23666 0.14793 -0.00000 0.00000 -1.00000 -0.79877 -0.58124 0.15530 0.00000 0.00000 -1.00000 0.00775 -0.98743 0.15785 0.00000 -0.00000 -1.00000 0.57484 -0.80535 0.14481 0.00000 0.00000 -1.00000 0.86816 -0.47478 0.14449 0.00000 0.00000 -1.00000 0.96403 0.22741 0.13760 0.00000 0.00000 -1.00000 0.50479 0.85097 0.14507 0.00000 0.00000 -1.00000 -0.01023 0.98944 0.14456 0.00000 0.00000 -1.00000 0.54416 0.77956 0.31012 0.00000 0.00000 -1.00000 -0.27078 0.90872 0.31764 0.00000 0.00000 -1.00000 -0.71078 0.63369 0.30533 0.00000 0.00000 -1.00000 -0.95462 -0.00413 0.29778 -0.00000 0.00000 -1.00000 -0.74740 -0.58860 0.30813 0.00000 0.00000 -1.00000 -0.14430 -0.94009 0.30887 0.00000 -0.00000 -1.00000 0.44364 -0.83582 0.32340 0.00000 0.00000 -1.00000 0.93843 -0.15421 0.30913 0.00000 0.00000 -1.00000 0.90236 0.30129 0.30818 0.00000 0.00000 -1.00000 -0.24338 -0.92714 0.28493 0.00000 -0.00000 -1.00000 0.62810 -0.71693 0.30249 0.00000 0.00000 -1.00000 0.91138 -0.28773 0.29427 0.00000 0.00000 -1.00000 0.83121 0.48123 0.27839 0.00000 0.00000 -1.00000 0.39057 0.87789 0.27705 0.00000 0.00000 -1.00000 -0.23064 0.92700 0.29575 0.00000 0.00000 -1.00000 -0.79151 0.52666 0.31008 0.00000 0.00000 -1.00000 -0.94262 -0.16058 0.29272 -0.00000 0.00000 -1.00000 -0.56811 -0.77211 0.28477 0.00000 0.00000 -1.00000 0.38325 0.82015 0.42481 0.00000 0.00000 -1.00000 -0.18825 0.88798 0.41959 0.00000 0.00000 -1.00000 -0.73765 0.52588 0.42346 0.00000 0.00000 -1.00000 -0.91380 -0.00559 0.40612 -0.00000 0.00000 -1.00000 -0.68091 -0.60389 0.41434 0.00000 0.00000 -1.00000 -0.11957 -0.90440 0.40958 0.00000 -0.00000 -1.00000 0.42631 -0.80375 0.41502 0.00000 0.00000 -1.00000 0.84397 -0.32230 0.42877 0.00000 0.00000 -1.00000 0.82639 0.35267 0.43899 0.00000 0.00000 -1.00000 -0.87677 -0.40453 0.26006 0.00000 0.00000 -1.00000 -0.37406 -0.89040 0.25934 0.00000 0.00000 -1.00000 -0.20896 -0.94189 0.26301 0.00000 -0.00000 -1.00000 0.80370 -0.53830 0.25358 0.00000 0.00000 -1.00000 0.96951 -0.04117 0.24156 0.00000 0.00000 -1.00000 0.86646 0.42697 0.25875 0.00000 0.00000 -1.00000 0.08386 0.95144 0.29621 0.00000 0.00000 -1.00000 -0.71472 0.64793 0.26338 0.00000 0.00000 -1.00000 -0.89667 0.36355 0.25262 -0.00000 0.00000 -1.00000 -0.58404 0.64828 0.48850 0.00000 0.00000 -1.00000 -0.87714 0.06157 0.47628 -0.00000 0.00000 -1.00000 -0.69553 -0.53894 0.47516 0.00000 0.00000 -1.00000 -0.16427 -0.87203 0.46106 0.00000 -0.00000 -1.00000 0.29929 -0.83251 0.46621 0.00000 0.00000 -1.00000 0.77882 -0.41330 0.47184 0.00000 0.00000 -1.00000 0.85060 0.22205 0.47662 0.00000 0.00000 -1.00000 0.49845 0.74295 0.44673 0.00000 0.00000 -1.00000 0.07164 0.88221 0.46537 0.00000 0.00000 -1.00000 -0.02291 0.83145 0.55512 0.00000 0.00000 -1.00000 -0.53827 0.63485 0.55429 0.00000 0.00000 -1.00000 -0.80628 0.17559 0.56487 -0.00000 0.00000 -1.00000 -0.67731 -0.47629 0.56071 0.00000 0.00000 -1.00000 -0.22253 -0.79757 0.56069 0.00000 -0.00000 -1.00000 0.29102 -0.78192 0.55128 0.00000 0.00000 -1.00000 0.71609 -0.42372 0.55468 0.00000 0.00000 -1.00000 0.80758 0.12753 0.57580 0.00000 0.00000 -1.00000 0.43958 0.69438 0.56974 0.00000 0.00000 -1.00000 0.94114 -0.14299 0.30629 0.00000 0.00000 -1.00000 0.80997 0.50410 0.29970 0.00000 0.00000 -1.00000 0.26795 0.91713 0.29508 0.00000 0.00000 -1.00000 -0.26683 0.91795 0.29355 0.00000 0.00000 -1.00000 -0.84715 0.44417 0.29163 0.00000 0.00000 -1.00000 -0.94617 -0.14467 0.28953 -0.00000 0.00000 -1.00000 -0.69858 -0.65215 0.29442 0.00000 0.00000 -1.00000 0.10314 -0.94853 0.29941 0.00000 -0.00000 -1.00000 0.58355 -0.75578 0.29708 0.00000 0.00000 -1.00000 -0.03910 -0.92222 0.38469 0.00000 -0.00000 -1.00000 0.33319 -0.86315 0.37941 0.00000 0.00000 -1.00000 0.85226 -0.35001 0.38878 0.00000 0.00000 -1.00000 0.79570 0.46266 0.39090 0.00000 0.00000 -1.00000 0.43712 0.81758 0.37482 0.00000 0.00000 -1.00000 -0.12133 0.92480 0.36060 0.00000 0.00000 -1.00000 -0.68114 0.63046 0.37226 0.00000 0.00000 -1.00000 -0.91326 0.12941 0.38627 -0.00000 0.00000 -1.00000 -0.66683 -0.63913 0.38321 0.00000 0.00000 -1.00000 -0.85007 -0.44730 0.27803 0.00000 0.00000 -1.00000 -0.33118 -0.90092 0.28048 0.00000 0.00000 -1.00000 0.28676 -0.91835 0.27278 0.00000 -0.00000 -1.00000 0.81345 -0.50427 0.28983 0.00000 0.00000 -1.00000 0.94073 0.18837 0.28204 0.00000 0.00000 -1.00000 0.67655 0.68356 0.27390 0.00000 0.00000 -1.00000 0.02720 0.95698 0.28889 0.00000 0.00000 -1.00000 -0.62595 0.72227 0.29413 0.00000 0.00000 -1.00000 -0.95576 0.10577 0.27446 -0.00000 0.00000 -1.00000 0.09753 -0.96550 0.24146 0.00000 -0.00000 -1.00000 0.79350 -0.55729 0.24453 0.00000 0.00000 -1.00000 0.94110 0.24152 0.23666 0.00000 0.00000 -1.00000 0.68711 0.68852 0.23197 0.00000 0.00000 -1.00000 0.22451 0.94879 0.22222 0.00000 0.00000 -1.00000 -0.50863 0.82935 0.23123 0.00000 0.00000 -1.00000 -0.91157 0.34312 0.22651 -0.00000 0.00000 -1.00000 -0.90424 -0.36036 0.22910 0.00000 0.00000 -1.00000 -0.40207 -0.88711 0.22667 0.00000 0.00000 -1.00000 0.73800 -0.62901 0.24433 0.00000 0.00000 -1.00000 0.92047 0.28761 0.26461 0.00000 0.00000 -1.00000 0.58287 0.77402 0.24729 0.00000 0.00000 -1.00000 0.10583 0.96140 0.25400 0.00000 0.00000 -1.00000 -0.57088 0.77664 0.26632 0.00000 0.00000 -1.00000 -0.96019 0.08220 0.26698 -0.00000 0.00000 -1.00000 -0.72560 -0.64108 0.25005 0.00000 0.00000 -1.00000 -0.38307 -0.88853 0.25252 0.00000 0.00000 -1.00000 0.47930 -0.84500 0.23717 0.00000 -0.00000 -1.00000 0.86506 0.36430 0.34489 0.00000 0.00000 -1.00000 0.34037 0.86774 0.36218 0.00000 0.00000 -1.00000 -0.36755 0.85789 0.35908 0.00000 0.00000 -1.00000 -0.80111 0.47823 0.35990 0.00000 0.00000 -1.00000 -0.92178 -0.13200 0.36456 -0.00000 0.00000 -1.00000 -0.54606 -0.75961 0.35329 0.00000 0.00000 -1.00000 0.01881 -0.93552 0.35276 0.00000 -0.00000 -1.00000 0.59583 -0.72626 0.34284 0.00000 0.00000 -1.00000 0.93861 -0.05317 0.34085 0.00000 0.00000 -1.00000 -0.30313 -0.91227 0.27546 0.00000 -0.00000 -1.00000 0.22909 -0.92900 0.29065 0.00000 0.00000 -1.00000 0.78510 -0.54169 0.30033 0.00000 0.00000 -1.00000 0.94829 0.11771 0.29477 0.00000 0.00000 -1.00000 0.65290 0.70044 0.28828 0.00000 0.00000 -1.00000 -0.02356 0.95976 0.27984 0.00000 0.00000 -1.00000 -0.46111 0.83746 0.29333 0.00000 0.00000 -1.00000 -0.92852 0.22109 0.29826 -0.00000 0.00000 -1.00000 -0.85850 -0.42046 0.29357 0.00000 0.00000 -1.00000 -0.60132 0.75046 0.27427 0.00000 0.00000 -1.00000 -0.95868 -0.08175 0.27250 -0.00000 0.00000 -1.00000 -0.69978 -0.66114 0.27056 0.00000 0.00000 -1.00000 -0.08933 -0.95848 0.27082 0.00000 -0.00000 -1.00000 0.46417 -0.84499 0.26558 0.00000 0.00000 -1.00000 0.93568 -0.22212 0.27415 0.00000 0.00000 -1.00000 0.93710 0.20995 0.27887 0.00000 0.00000 -1.00000 0.36571 0.89324 0.26150 0.00000 0.00000 -1.00000 -0.09567 0.96133 0.25823 0.00000 0.00000 -1.00000 -0.70326 0.55252 0.44738 0.00000 0.00000 -1.00000 -0.89578 -0.02096 0.44400 -0.00000 0.00000 -1.00000 -0.62631 -0.62595 0.46467 0.00000 0.00000 -1.00000 -0.08127 -0.88182 0.46452 0.00000 -0.00000 -1.00000 0.50127 -0.73811 0.45158 0.00000 0.00000 -1.00000 0.88269 -0.13517 0.45009 0.00000 0.00000 -1.00000 0.80231 0.39625 0.44642 0.00000 0.00000 -1.00000 0.38009 0.80865 0.44902 0.00000 0.00000 -1.00000 -0.28149 0.84977 0.44571 0.00000 0.00000 -1.00000 -0.69781 -0.69102 0.18856 0.00000 0.00000 -1.00000 0.26050 -0.94994 0.17250 0.00000 -0.00000 -1.00000 0.32150 -0.93081 0.17385 0.00000 0.00000 -1.00000 0.98446 -0.03562 0.17198 0.00000 0.00000 -1.00000 0.92496 0.34070 0.16843 0.00000 0.00000 -1.00000 0.39375 0.90161 0.17905 0.00000 0.00000 -1.00000 -0.04005 0.98345 0.17670 0.00000 0.00000 -1.00000 -0.69169 0.69804 0.18518 0.00000 0.00000 -1.00000 -0.98099 -0.00760 0.19391 -0.00000 0.00000 -1.00000 -0.91266 0.10487 0.39505 -0.00000 0.00000 -1.00000 -0.77574 -0.49957 0.38557 0.00000 0.00000 -1.00000 -0.25654 -0.89234 0.37138 0.00000 -0.00000 -1.00000 0.39426 -0.83899 0.37505 0.00000 0.00000 -1.00000 0.80017 -0.47065 0.37179 0.00000 0.00000 -1.00000 0.90588 0.20945 0.36813 0.00000 0.00000 -1.00000 0.59964 0.70724 0.37449 0.00000 0.00000 -1.00000 -0.00603 0.92584 0.37787 0.00000 0.00000 -1.00000 -0.60241 0.69407 0.39417 0.00000 0.00000 -1.00000 0.46391 0.84004 0.28128 0.00000 0.00000 -1.00000 -0.31302 0.90369 0.29216 0.00000 0.00000 -1.00000 -0.76750 0.56683 0.29941 0.00000 0.00000 -1.00000 -0.93190 -0.21689 0.29073 -0.00000 0.00000 -1.00000 -0.69885 -0.65782 0.28086 0.00000 0.00000 -1.00000 0.05374 -0.95659 0.28644 0.00000 -0.00000 -1.00000 0.46654 -0.83562 0.28996 0.00000 0.00000 -1.00000 0.95219 -0.11313 0.28379 0.00000 0.00000 -1.00000 0.84541 0.46023 0.27106 0.00000 0.00000 -1.00000 -0.01807 0.88546 0.46437 0.00000 0.00000 -1.00000 -0.47839 0.75131 0.45461 0.00000 0.00000 -1.00000 -0.82037 0.34087 0.45913 -0.00000 0.00000 -1.00000 -0.76883 -0.43191 0.47155 0.00000 0.00000 -1.00000 -0.43865 -0.77066 0.46224 0.00000 0.00000 -1.00000 0.24570 -0.85097 0.46420 0.00000 -0.00000 -1.00000 0.66843 -0.56945 0.47846 0.00000 0.00000 -1.00000 0.87319 0.13085 0.46948 0.00000 0.00000 -1.00000 0.68267 0.55384 0.47668 0.00000 0.00000 -1.00000 -0.48833 0.84127 0.23197 0.00000 0.00000 -1.00000 -0.70002 0.67747 0.22585 0.00000 0.00000 -1.00000 -0.96194 -0.18035 0.20527 -0.00000 0.00000 -1.00000 -0.75667 -0.61857 0.21170 0.00000 0.00000 -1.00000 0.04738 -0.97897 0.19840 0.00000 -0.00000 -1.00000 0.61359 -0.76510 0.19526 0.00000 0.00000 -1.00000 0.96986 -0.14633 0.19484 0.00000 0.00000 -1.00000 0.89405 0.40224 0.19715 0.00000 0.00000 -1.00000 0.52618 0.82290 0.21440 0.00000 0.00000 -1.00000 0.94088 -0.17644 0.28916 0.00000 0.00000 -1.00000 0.84260 0.44452 0.30402 0.00000 0.00000 -1.00000 0.21060 0.92960 0.30248 0.00000 0.00000 -1.00000 -0.37770 0.87534 0.30188 0.00000 0.00000 -1.00000 -0.76539 0.56956 0.29963 0.00000 0.00000 -1.00000 -0.94647 -0.09748 0.30771 -0.00000 0.00000 -1.00000 -0.55939 -0.76717 0.31388 0.00000 0.00000 -1.00000 0.21470 -0.92801 0.30447 0.00000 -0.00000 -1.00000 0.64966 -0.69993 0.29672 0.00000 0.00000 -1.00000 0.60500 -0.74406 0.28347 0.00000 0.00000 -1.00000 0.96419 -0.09106 0.24907 0.00000 0.00000 -1.00000 0.86576 0.43297 0.25099 0.00000 0.00000 -1.00000 0.38800 0.88424 0.25996 0.00000 0.00000 -1.00000 -0.37868 0.89222 0.24606 0.00000 0.00000 -1.00000 -0.84769 0.45550 0.27192 0.00000 0.00000 -1.00000 -0.94255 -0.23095 0.24136 -0.00000 0.00000 -1.00000 -0.66390 -0.70614 0.24617 0.00000 0.00000 -1.00000 -0.36805 -0.89484 0.25257 0.00000 -0.00000 -1.00000 0.53386 0.79227 0.29547 0.00000 0.00000 -1.00000 -0.04442 0.95993 0.27671 0.00000 0.00000 -1.00000 -0.53529 0.79303 0.29079 0.00000 0.00000 -1.00000 -0.95642 0.05699 0.28638 -0.00000 0.00000 -1.00000 -0.85980 -0.42907 0.27683 0.00000 0.00000 -1.00000 -0.20404 -0.93706 0.28335 0.00000 -0.00000 -1.00000 0.35292 -0.89170 0.28340 0.00000 0.00000 -1.00000 0.86694 -0.41424 0.27717 0.00000 0.00000 -1.00000 0.95459 0.08735 0.28483 0.00000 0.00000 -1.00000 -0.37097 -0.88147 0.29222 0.00000 -0.00000 -1.00000 0.49599 -0.81836 0.29032 0.00000 0.00000 -1.00000 0.91735 -0.29628 0.26587 0.00000 0.00000 -1.00000 0.91017 0.31439 0.26971 0.00000 0.00000 -1.00000 0.62658 0.72900 0.27562 0.00000 0.00000 -1.00000 -0.25527 0.92457 0.28285 0.00000 0.00000 -1.00000 -0.68665 0.67435 0.27161 0.00000 0.00000 -1.00000 -0.96167 0.06344 0.26678 -0.00000 0.00000 -1.00000 -0.77956 -0.55907 0.28235 0.00000 0.00000 -1.00000 0.17404 0.90177 0.39562 0.00000 0.00000 -1.00000 -0.59106 0.70823 0.38607 0.00000 0.00000 -1.00000 -0.83595 0.37880 0.39711 -0.00000 0.00000 -1.00000 -0.81248 -0.40549 0.41886 0.00000 0.00000 -1.00000 -0.29613 -0.86483 0.40544 0.00000 0.00000 -1.00000 0.17235 -0.89963 0.40119 0.00000 -0.00000 -1.00000 0.73337 -0.55082 0.39845 0.00000 0.00000 -1.00000 0.90235 0.13308 0.40995 0.00000 0.00000 -1.00000 0.60971 0.69322 0.38431 0.00000 0.00000 -1.00000 0.82467 -0.32919 0.45995 0.00000 0.00000 -1.00000 0.86874 0.18822 0.45812 0.00000 0.00000 -1.00000 0.53669 0.70506 0.46352 0.00000 0.00000 -1.00000 -0.15375 0.88377 0.44195 0.00000 0.00000 -1.00000 -0.60997 0.65795 0.44163 0.00000 0.00000 -1.00000 -0.89565 0.01693 0.44444 -0.00000 0.00000 -1.00000 -0.72862 -0.52306 0.44218 0.00000 0.00000 -1.00000 -0.30009 -0.84446 0.44365 0.00000 -0.00000 -1.00000 0.37186 -0.80857 0.45599 0.00000 0.00000 -1.00000 -0.92585 0.15668 0.34388 -0.00000 0.00000 -1.00000 -0.74738 -0.57213 0.33778 0.00000 0.00000 -1.00000 -0.34141 -0.88214 0.32445 0.00000 0.00000 -1.00000 0.23859 -0.91219 0.33313 0.00000 -0.00000 -1.00000 0.82945 -0.44571 0.33669 0.00000 0.00000 -1.00000 0.92894 0.13090 0.34632 0.00000 0.00000 -1.00000 0.57151 0.74641 0.34095 0.00000 0.00000 -1.00000 -0.01014 0.93811 0.34620 0.00000 0.00000 -1.00000 -0.67572 0.65201 0.34394 0.00000 0.00000 -1.00000 0.23285 -0.86477 0.44493 0.00000 0.00000 -1.00000 0.76341 -0.47093 0.44207 0.00000 0.00000 -1.00000 0.87471 0.18847 0.44651 0.00000 0.00000 -1.00000 0.64155 0.62395 0.44620 0.00000 0.00000 -1.00000 0.02681 0.89139 0.45244 0.00000 0.00000 -1.00000 -0.56339 0.69534 0.44621 0.00000 0.00000 -1.00000 -0.89345 0.08770 0.44052 -0.00000 0.00000 -1.00000 -0.81763 -0.36509 0.44519 0.00000 0.00000 -1.00000 -0.24433 -0.86337 0.44146 0.00000 -0.00000 -1.00000 0.05635 0.93293 0.35562 0.00000 0.00000 -1.00000 -0.64859 0.67257 0.35635 0.00000 0.00000 -1.00000 -0.91719 0.14272 0.37200 -0.00000 0.00000 -1.00000 -0.72886 -0.58744 0.35166 0.00000 0.00000 -1.00000 -0.30419 -0.88582 0.35043 0.00000 -0.00000 -1.00000 0.31632 -0.87330 0.37051 0.00000 0.00000 -1.00000 0.85674 -0.36553 0.36384 0.00000 0.00000 -1.00000 0.90872 0.22503 0.35154 0.00000 0.00000 -1.00000 0.54046 0.76903 0.34133 0.00000 0.00000 -1.00000 0.08157 -0.90484 0.41787 0.00000 -0.00000 -1.00000 0.72582 -0.54412 0.42087 0.00000 0.00000 -1.00000 0.91317 -0.02996 0.40647 0.00000 0.00000 -1.00000 0.69710 0.59988 0.39267 0.00000 0.00000 -1.00000 0.39326 0.82115 0.41359 0.00000 0.00000 -1.00000 -0.50278 0.76132 0.40940 0.00000 0.00000 -1.00000 -0.82590 0.39702 0.40034 0.00000 0.00000 -1.00000 -0.89142 -0.16678 0.42138 -0.00000 0.00000 -1.00000 -0.36560 -0.82641 0.42823 0.00000 0.00000 -1.00000 0.17979 -0.96033 0.21316 0.00000 -0.00000 -1.00000 0.84076 -0.49880 0.21053 0.00000 0.00000 -1.00000 0.97334 -0.10052 0.20616 0.00000 0.00000 -1.00000 0.75158 0.62521 0.21031 0.00000 0.00000 -1.00000 0.02804 0.97623 0.21490 0.00000 0.00000 -1.00000 -0.56513 0.79719 0.21241 0.00000 0.00000 -1.00000 -0.92691 0.30209 0.22265 -0.00000 0.00000 -1.00000 -0.91416 -0.33827 0.22335 0.00000 0.00000 -1.00000 -0.36605 -0.90618 0.21178 0.00000 0.00000 -1.00000 0.72401 0.65333 0.22128 0.00000 0.00000 -1.00000 0.25264 0.94129 0.22396 0.00000 0.00000 -1.00000 -0.29595 0.92378 0.24299 0.00000 0.00000 -1.00000 -0.95370 0.15599 0.25713 -0.00000 0.00000 -1.00000 -0.85732 -0.45076 0.24863 0.00000 0.00000 -1.00000 -0.51564 -0.82308 0.23803 0.00000 0.00000 -1.00000 0.23423 -0.94741 0.21804 0.00000 -0.00000 -1.00000 0.60921 -0.75850 0.23137 0.00000 0.00000 -1.00000 0.96326 0.11379 0.24328 0.00000 0.00000 -1.00000 0.88658 -0.01839 0.46222 0.00000 0.00000 -1.00000 0.77488 0.45371 0.44012 0.00000 0.00000 -1.00000 0.48073 0.75123 0.45227 0.00000 0.00000 -1.00000 -0.40795 0.78658 0.46355 0.00000 0.00000 -1.00000 -0.79733 0.41296 0.44014 0.00000 0.00000 -1.00000 -0.89635 0.00546 0.44332 -0.00000 0.00000 -1.00000 -0.61421 -0.63024 0.47492 0.00000 0.00000 -1.00000 0.00865 -0.87777 0.47901 0.00000 -0.00000 -1.00000 0.55494 -0.68695 0.46919 0.00000 0.00000 -1.00000 0.88145 0.36991 0.29364 0.00000 0.00000 -1.00000 0.29141 0.90611 0.30667 0.00000 0.00000 -1.00000 -0.43491 0.84983 0.29772 0.00000 0.00000 -1.00000 -0.85881 0.41963 0.29388 0.00000 0.00000 -1.00000 -0.91187 -0.29263 0.28786 -0.00000 0.00000 -1.00000 -0.58372 -0.75928 0.28768 0.00000 0.00000 -1.00000 0.09441 -0.94950 0.29924 0.00000 -0.00000 -1.00000 0.62078 -0.73052 0.28456 0.00000 0.00000 -1.00000 0.92453 -0.25805 0.28045 0.00000 0.00000 -1.00000 -0.84722 0.41603 0.33035 0.00000 0.00000 -1.00000 -0.93299 -0.15538 0.32465 -0.00000 0.00000 -1.00000 -0.63902 -0.69654 0.32631 0.00000 0.00000 -1.00000 0.01819 -0.94823 0.31705 0.00000 -0.00000 -1.00000 0.59186 -0.74076 0.31775 0.00000 0.00000 -1.00000 0.88333 -0.33610 0.32674 0.00000 0.00000 -1.00000 0.82956 0.45378 0.32545 0.00000 0.00000 -1.00000 0.28526 0.90199 0.32411 0.00000 0.00000 -1.00000 -0.15690 0.93187 0.32711 0.00000 0.00000 -1.00000 0.89247 -0.18159 0.41295 0.00000 0.00000 -1.00000 0.84345 0.36052 0.39827 0.00000 0.00000 -1.00000 0.29927 0.86555 0.40156 0.00000 0.00000 -1.00000 -0.14931 0.90674 0.39437 0.00000 0.00000 -1.00000 -0.76357 0.50814 0.39844 0.00000 0.00000 -1.00000 -0.91483 -0.08573 0.39464 -0.00000 0.00000 -1.00000 -0.69058 -0.59973 0.40425 0.00000 0.00000 -1.00000 -0.02068 -0.91569 0.40135 0.00000 -0.00000 -1.00000 0.48440 -0.77816 0.39978 0.00000 0.00000 -1.00000 0.64817 0.73331 0.20529 0.00000 0.00000 -1.00000 -0.30448 0.92937 0.20871 0.00000 0.00000 -1.00000 -0.53165 0.81910 0.21546 0.00000 0.00000 -1.00000 -0.96834 0.10192 0.22790 -0.00000 0.00000 -1.00000 -0.73185 -0.64579 0.21760 0.00000 0.00000 -1.00000 -0.24679 -0.94406 0.21872 0.00000 -0.00000 -1.00000 0.35950 -0.90617 0.22275 0.00000 0.00000 -1.00000 0.90358 -0.37264 0.21139 0.00000 0.00000 -1.00000 0.97473 0.09825 0.20064 0.00000 0.00000 -1.00000 -0.80253 0.42267 0.42106 0.00000 0.00000 -1.00000 -0.86847 -0.23819 0.43476 -0.00000 0.00000 -1.00000 -0.46489 -0.77873 0.42126 0.00000 0.00000 -1.00000 0.05990 -0.90432 0.42264 0.00000 -0.00000 -1.00000 0.51959 -0.73668 0.43282 0.00000 0.00000 -1.00000 0.90113 0.00157 0.43355 0.00000 0.00000 -1.00000 0.73126 0.53071 0.42850 0.00000 0.00000 -1.00000 0.22301 0.87268 0.43439 0.00000 0.00000 -1.00000 -0.43942 0.79494 0.41832 0.00000 0.00000 -1.00000 0.20731 -0.94259 0.26180 0.00000 -0.00000 -1.00000 0.77453 -0.57577 0.26191 0.00000 0.00000 -1.00000 0.96172 0.11589 0.24833 0.00000 0.00000 -1.00000 0.69108 0.67508 0.25821 0.00000 0.00000 -1.00000 0.15121 0.95614 0.25087 0.00000 0.00000 -1.00000 -0.65183 0.71941 0.23992 0.00000 0.00000 -1.00000 -0.89927 0.36533 0.24049 -0.00000 0.00000 -1.00000 -0.88995 -0.38821 0.23933 0.00000 0.00000 -1.00000 -0.54830 -0.80003 0.24354 0.00000 0.00000 -1.00000 0.96838 0.12027 0.21857 0.00000 0.00000 -1.00000 0.70117 0.68002 0.21432 0.00000 0.00000 -1.00000 0.36782 0.90395 0.21816 0.00000 0.00000 -1.00000 -0.60127 0.76586 0.22788 0.00000 0.00000 -1.00000 -0.88178 0.42154 0.21157 -0.00000 0.00000 -1.00000 -0.91070 -0.34792 0.22267 0.00000 0.00000 -1.00000 -0.39251 -0.89570 0.20893 0.00000 0.00000 -1.00000 0.17541 -0.96287 0.20521 0.00000 -0.00000 -1.00000 0.62433 -0.75397 0.20431 0.00000 0.00000 -1.00000 0.37805 -0.84023 0.38871 0.00000 0.00000 -1.00000 0.89816 -0.22273 0.37909 0.00000 0.00000 -1.00000 0.91998 0.07656 0.38441 0.00000 0.00000 -1.00000 0.46303 0.78356 0.41430 0.00000 0.00000 -1.00000 -0.22766 0.89943 0.37309 0.00000 0.00000 -1.00000 -0.57944 0.73026 0.36191 0.00000 0.00000 -1.00000 -0.88954 0.21742 0.40181 -0.00000 0.00000 -1.00000 -0.69336 -0.58650 0.41867 0.00000 0.00000 -1.00000 -0.05381 -0.91894 0.39071 0.00000 -0.00000 -1.00000 0.74702 -0.48572 0.45390 0.00000 0.00000 -1.00000 0.89296 0.10690 0.43727 0.00000 0.00000 -1.00000 0.64405 0.62174 0.44569 0.00000 0.00000 -1.00000 0.11870 0.89062 0.43897 0.00000 0.00000 -1.00000 -0.54615 0.71858 0.43053 0.00000 0.00000 -1.00000 -0.84860 0.29547 0.43884 -0.00000 0.00000 -1.00000 -0.76965 -0.45581 0.44707 0.00000 0.00000 -1.00000 -0.33582 -0.83261 0.44043 0.00000 0.00000 -1.00000 0.15266 -0.88426 0.44134 0.00000 -0.00000 -1.00000 0.89661 0.12272 0.42547 0.00000 0.00000 -1.00000 0.64577 0.62360 0.44056 0.00000 0.00000 -1.00000 -0.04526 0.89819 0.43727 0.00000 0.00000 -1.00000 -0.47351 0.76640 0.43407 0.00000 0.00000 -1.00000 -0.88756 0.16163 0.43141 -0.00000 0.00000 -1.00000 -0.80697 -0.40054 0.43401 0.00000 0.00000 -1.00000 -0.30353 -0.85094 0.42869 0.00000 0.00000 -1.00000 0.19380 -0.87729 0.43909 0.00000 -0.00000 -1.00000 0.77137 -0.45854 0.44129 0.00000 0.00000 -1.00000 0.74447 0.42550 0.51450 0.00000 0.00000 -1.00000 0.31882 0.79829 0.51097 0.00000 0.00000 -1.00000 -0.22125 0.82746 0.51610 0.00000 0.00000 -1.00000 -0.76289 0.38898 0.51642 0.00000 0.00000 -1.00000 -0.85435 -0.13988 0.50052 -0.00000 0.00000 -1.00000 -0.64392 -0.57657 0.50293 0.00000 0.00000 -1.00000 0.04202 -0.86269 0.50398 0.00000 -0.00000 -1.00000 0.52656 -0.69002 0.49660 0.00000 0.00000 -1.00000 0.82582 -0.24399 0.50842 0.00000 0.00000 -1.00000 -0.93307 -0.22907 0.27733 -0.00000 0.00000 -1.00000 -0.55158 -0.78471 0.28281 0.00000 0.00000 -1.00000 0.06376 -0.95442 0.29156 0.00000 -0.00000 -1.00000 0.66658 -0.68621 0.29117 0.00000 0.00000 -1.00000 0.93977 -0.18964 0.28436 0.00000 0.00000 -1.00000 0.77868 0.55555 0.29157 0.00000 0.00000 -1.00000 0.25613 0.92434 0.28281 0.00000 0.00000 -1.00000 -0.29453 0.91040 0.29057 0.00000 0.00000 -1.00000 -0.87032 0.40009 0.28719 0.00000 0.00000 -1.00000 0.23661 0.89999 0.36611 0.00000 0.00000 -1.00000 -0.67556 0.65782 0.33301 0.00000 0.00000 -1.00000 -0.84190 0.42748 0.32934 -0.00000 0.00000 -1.00000 -0.87524 -0.32476 0.35845 0.00000 0.00000 -1.00000 -0.32426 -0.88218 0.34148 0.00000 0.00000 -1.00000 0.08433 -0.94452 0.31744 0.00000 -0.00000 -1.00000 0.81564 -0.48131 0.32104 0.00000 0.00000 -1.00000 0.94423 0.07298 0.32110 0.00000 0.00000 -1.00000 0.76310 0.55519 0.33082 0.00000 0.00000 -1.00000 0.17680 0.93719 0.30068 0.00000 0.00000 -1.00000 -0.55177 0.77757 0.30154 0.00000 0.00000 -1.00000 -0.90781 0.28165 0.31074 -0.00000 0.00000 -1.00000 -0.87700 -0.35584 0.32287 0.00000 0.00000 -1.00000 -0.33311 -0.88814 0.31661 0.00000 0.00000 -1.00000 0.22872 -0.92541 0.30217 0.00000 -0.00000 -1.00000 0.76966 -0.55500 0.31558 0.00000 0.00000 -1.00000 0.93889 0.13320 0.31739 0.00000 0.00000 -1.00000 0.59952 0.74131 0.30172 0.00000 0.00000 -1.00000 -0.87523 0.32881 0.35477 0.00000 0.00000 -1.00000 -0.91315 -0.21643 0.34542 -0.00000 0.00000 -1.00000 -0.51730 -0.77881 0.35477 0.00000 0.00000 -1.00000 0.07320 -0.93241 0.35391 0.00000 -0.00000 -1.00000 0.70673 -0.60826 0.36133 0.00000 0.00000 -1.00000 0.93467 -0.08736 0.34461 0.00000 0.00000 -1.00000 0.71648 0.60950 0.33936 0.00000 0.00000 -1.00000 0.23614 0.91133 0.33723 0.00000 0.00000 -1.00000 -0.33269 0.87641 0.34817 0.00000 0.00000 -1.00000 0.44087 0.85482 0.27372 0.00000 0.00000 -1.00000 -0.52192 0.81203 0.26115 0.00000 0.00000 -1.00000 -0.82037 0.50543 0.26745 0.00000 0.00000 -1.00000 -0.91834 -0.27677 0.28294 -0.00000 0.00000 -1.00000 -0.52638 -0.80606 0.27055 0.00000 0.00000 -1.00000 -0.06160 -0.95839 0.27875 0.00000 -0.00000 -1.00000 0.68416 -0.66705 0.29492 0.00000 0.00000 -1.00000 0.96289 -0.00084 0.26989 0.00000 0.00000 -1.00000 0.82303 0.50314 0.26356 0.00000 0.00000 -1.00000 -0.59423 -0.74804 0.29550 0.00000 0.00000 -1.00000 0.06154 -0.95614 0.28638 0.00000 -0.00000 -1.00000 0.73164 -0.61471 0.29468 0.00000 0.00000 -1.00000 0.92430 -0.23636 0.29966 0.00000 0.00000 -1.00000 0.74829 0.59790 0.28735 0.00000 0.00000 -1.00000 0.25465 0.92296 0.28860 0.00000 0.00000 -1.00000 -0.24474 0.92306 0.29674 0.00000 0.00000 -1.00000 -0.92272 0.24536 0.29729 0.00000 0.00000 -1.00000 -0.94432 -0.13404 0.30048 -0.00000 0.00000 -1.00000 -0.94343 -0.24482 0.22363 -0.00000 0.00000 -1.00000 -0.73309 -0.63891 0.23318 0.00000 0.00000 -1.00000 -0.08453 -0.96864 0.23363 0.00000 -0.00000 -1.00000 0.60382 -0.76316 0.23019 0.00000 0.00000 -1.00000 0.97178 -0.04244 0.23204 0.00000 0.00000 -1.00000 0.89439 0.37832 0.23862 0.00000 0.00000 -1.00000 0.41234 0.87577 0.25099 0.00000 0.00000 -1.00000 -0.35282 0.90330 0.24405 0.00000 0.00000 -1.00000 -0.87163 0.43499 0.22592 0.00000 0.00000 -1.00000 0.19259 -0.92525 0.32683 0.00000 -0.00000 -1.00000 0.56661 -0.75164 0.33762 0.00000 0.00000 -1.00000 0.93475 -0.03239 0.35383 0.00000 0.00000 -1.00000 0.71690 0.59279 0.36694 0.00000 0.00000 -1.00000 0.15709 0.92002 0.35900 0.00000 0.00000 -1.00000 -0.54422 0.77406 0.32352 0.00000 0.00000 -1.00000 -0.88291 0.35067 0.31226 -0.00000 0.00000 -1.00000 -0.75821 -0.57866 0.30045 0.00000 0.00000 -1.00000 -0.66866 -0.68126 0.29796 0.00000 0.00000 -1.00000 0.12865 0.95178 0.27851 0.00000 0.00000 -1.00000 -0.75163 0.59248 0.28987 0.00000 0.00000 -1.00000 -0.95814 0.08447 0.27357 -0.00000 0.00000 -1.00000 -0.84615 -0.45523 0.27711 0.00000 0.00000 -1.00000 -0.39457 -0.87109 0.29242 0.00000 -0.00000 -1.00000 0.38979 -0.87115 0.29861 0.00000 0.00000 -1.00000 0.92758 -0.24274 0.28403 0.00000 0.00000 -1.00000 0.90119 0.33835 0.27087 0.00000 0.00000 -1.00000 0.52452 0.80966 0.26330 0.00000 0.00000 -1.00000 -0.91845 -0.14559 0.36777 -0.00000 0.00000 -1.00000 -0.55167 -0.75050 0.36388 0.00000 0.00000 -1.00000 -0.04431 -0.93011 0.36460 0.00000 -0.00000 -1.00000 0.64549 -0.67004 0.36659 0.00000 0.00000 -1.00000 0.91139 -0.19267 0.36366 0.00000 0.00000 -1.00000 0.75484 0.55261 0.35332 0.00000 0.00000 -1.00000 0.37487 0.85646 0.35490 0.00000 0.00000 -1.00000 -0.44573 0.81922 0.36083 0.00000 0.00000 -1.00000 -0.78761 0.50231 0.35687 0.00000 0.00000 -1.00000 0.85137 0.02509 0.52397 0.00000 0.00000 -1.00000 0.66803 0.53388 0.51838 0.00000 0.00000 -1.00000 0.16379 0.83004 0.53311 0.00000 0.00000 -1.00000 -0.35868 0.76271 0.53816 0.00000 0.00000 -1.00000 -0.81251 0.23106 0.53520 -0.00000 0.00000 -1.00000 -0.79715 -0.29106 0.52900 0.00000 0.00000 -1.00000 -0.39751 -0.74420 0.53679 0.00000 0.00000 -1.00000 0.09832 -0.83750 0.53752 0.00000 -0.00000 -1.00000 0.63727 -0.55191 0.53785 0.00000 0.00000 -1.00000 0.46434 0.80188 0.37599 0.00000 0.00000 -1.00000 -0.33104 0.86642 0.37381 0.00000 0.00000 -1.00000 -0.77654 0.50918 0.37109 0.00000 0.00000 -1.00000 -0.91754 -0.14471 0.37037 -0.00000 0.00000 -1.00000 -0.62906 -0.68164 0.37371 0.00000 0.00000 -1.00000 -0.11480 -0.92206 0.36963 0.00000 -0.00000 -1.00000 0.49197 -0.78141 0.38388 0.00000 0.00000 -1.00000 0.89748 -0.22198 0.38113 0.00000 0.00000 -1.00000 0.82614 0.41790 0.37796 0.00000 0.00000 -1.00000 0.05447 0.96068 0.27226 0.00000 0.00000 -1.00000 -0.40321 0.87391 0.27149 0.00000 0.00000 -1.00000 -0.89681 0.34612 0.27556 0.00000 0.00000 -1.00000 -0.91594 -0.29914 0.26753 -0.00000 0.00000 -1.00000 -0.43247 -0.85986 0.27131 0.00000 0.00000 -1.00000 0.12416 -0.95511 0.26897 0.00000 -0.00000 -1.00000 0.66447 -0.69696 0.26967 0.00000 0.00000 -1.00000 0.96293 0.03463 0.26753 0.00000 0.00000 -1.00000 0.80468 0.52824 0.27104 0.00000 0.00000 -1.00000 -0.11523 0.97305 0.19973 0.00000 0.00000 -1.00000 -0.51161 0.83071 0.21951 0.00000 0.00000 -1.00000 -0.97610 -0.05158 0.21109 -0.00000 0.00000 -1.00000 -0.90088 -0.38107 0.20785 0.00000 0.00000 -1.00000 -0.28192 -0.93555 0.21277 0.00000 0.00000 -1.00000 0.48629 -0.85332 0.18803 0.00000 -0.00000 -1.00000 0.79804 -0.57219 0.18901 0.00000 0.00000 -1.00000 0.95939 0.20359 0.19526 0.00000 0.00000 -1.00000 0.43029 0.87924 0.20441 0.00000 0.00000 -1.00000 -0.32282 -0.80875 0.49163 0.00000 0.00000 -1.00000 0.33242 -0.81874 0.46815 0.00000 -0.00000 -1.00000 0.58928 -0.65687 0.47040 0.00000 0.00000 -1.00000 0.84955 0.23030 0.47458 0.00000 0.00000 -1.00000 0.71440 0.51576 0.47288 0.00000 0.00000 -1.00000 0.01717 0.87075 0.49143 0.00000 0.00000 -1.00000 -0.49602 0.71740 0.48918 0.00000 0.00000 -1.00000 -0.81542 0.30547 0.49172 -0.00000 0.00000 -1.00000 -0.78074 -0.39214 0.48648 0.00000 0.00000 -1.00000 0.63220 0.63732 0.44062 0.00000 0.00000 -1.00000 -0.08110 0.87914 0.46960 0.00000 0.00000 -1.00000 -0.65763 0.59726 0.45915 0.00000 0.00000 -1.00000 -0.89051 0.10748 0.44209 -0.00000 0.00000 -1.00000 -0.74747 -0.47787 0.46144 0.00000 0.00000 -1.00000 -0.23363 -0.85698 0.45935 0.00000 -0.00000 -1.00000 0.45991 -0.76128 0.45710 0.00000 0.00000 -1.00000 0.82384 -0.33883 0.45440 0.00000 0.00000 -1.00000 0.83110 0.34011 0.43999 0.00000 0.00000 -1.00000 -0.64853 0.71838 0.25168 0.00000 0.00000 -1.00000 -0.95071 0.16951 0.25964 -0.00000 0.00000 -1.00000 -0.75853 -0.60211 0.24920 0.00000 0.00000 -1.00000 -0.12516 -0.96490 0.23087 0.00000 -0.00000 -1.00000 0.33311 -0.91431 0.23038 0.00000 0.00000 -1.00000 0.91350 -0.32500 0.24473 0.00000 0.00000 -1.00000 0.90231 0.36031 0.23667 0.00000 0.00000 -1.00000 0.71862 0.65435 0.23538 0.00000 0.00000 -1.00000 -0.14919 0.95879 0.24178 0.00000 0.00000 -1.00000 0.89500 -0.01581 0.44578 0.00000 0.00000 -1.00000 0.78433 0.42867 0.44839 0.00000 0.00000 -1.00000 0.16407 0.86632 0.47177 0.00000 0.00000 -1.00000 -0.44875 0.76245 0.46614 0.00000 0.00000 -1.00000 -0.83360 0.31663 0.45260 0.00000 0.00000 -1.00000 -0.88310 -0.14057 0.44764 -0.00000 0.00000 -1.00000 -0.52096 -0.71625 0.46431 0.00000 0.00000 -1.00000 0.07229 -0.87630 0.47632 0.00000 -0.00000 -1.00000 0.67745 -0.58107 0.45101 0.00000 0.00000 -1.00000 0.70576 -0.42552 0.56642 0.00000 0.00000 -1.00000 0.82017 0.05651 0.56932 0.00000 0.00000 -1.00000 0.56003 0.60589 0.56503 0.00000 0.00000 -1.00000 0.10336 0.81390 0.57174 0.00000 0.00000 -1.00000 -0.56725 0.59462 0.56978 0.00000 0.00000 -1.00000 -0.77509 0.26414 0.57398 -0.00000 0.00000 -1.00000 -0.73304 -0.38442 0.56114 0.00000 0.00000 -1.00000 -0.28406 -0.78501 0.55052 0.00000 0.00000 -1.00000 0.14338 -0.82250 0.55040 0.00000 -0.00000 -1.00000 0.76799 -0.58508 0.26052 0.00000 0.00000 -1.00000 0.94885 -0.17569 0.26234 0.00000 0.00000 -1.00000 0.76565 0.58810 0.26060 0.00000 0.00000 -1.00000 0.33344 0.90440 0.26624 0.00000 0.00000 -1.00000 -0.35282 0.89573 0.27051 0.00000 0.00000 -1.00000 -0.87300 0.41619 0.25428 0.00000 0.00000 -1.00000 -0.95765 -0.10372 0.26860 -0.00000 0.00000 -1.00000 -0.43528 -0.86468 0.25071 0.00000 0.00000 -1.00000 -0.02561 -0.96807 0.24939 0.00000 -0.00000 -1.00000 -0.44769 -0.81600 0.36567 0.00000 -0.00000 -1.00000 0.38843 -0.83180 0.39653 0.00000 0.00000 -1.00000 0.82286 -0.43543 0.36510 0.00000 0.00000 -1.00000 0.91578 0.19724 0.34992 0.00000 0.00000 -1.00000 0.66467 0.65735 0.35512 0.00000 0.00000 -1.00000 0.02649 0.91313 0.40680 0.00000 0.00000 -1.00000 -0.63616 0.66526 0.39080 0.00000 0.00000 -1.00000 -0.89022 0.24260 0.38556 -0.00000 0.00000 -1.00000 -0.58928 -0.71786 0.37071 0.00000 0.00000 -1.00000 0.94980 -0.22329 0.21914 0.00000 0.00000 -1.00000 0.93440 0.29057 0.20607 0.00000 0.00000 -1.00000 0.41932 0.88252 0.21292 0.00000 0.00000 -1.00000 -0.14873 0.96765 0.20378 0.00000 0.00000 -1.00000 -0.67959 0.70522 0.20205 0.00000 0.00000 -1.00000 -0.95042 0.22624 0.21333 -0.00000 0.00000 -1.00000 -0.69026 -0.69160 0.21268 0.00000 0.00000 -1.00000 -0.31654 -0.92391 0.21492 0.00000 -0.00000 -1.00000 0.52294 -0.82070 0.23018 0.00000 0.00000 -1.00000 -0.54380 0.59995 0.58680 0.00000 0.00000 -1.00000 -0.80110 0.11118 0.58811 -0.00000 0.00000 -1.00000 -0.67016 -0.45930 0.58303 0.00000 0.00000 -1.00000 -0.30653 -0.75643 0.57780 0.00000 0.00000 -1.00000 0.26108 -0.76932 0.58308 0.00000 -0.00000 -1.00000 0.67660 -0.44430 0.58721 0.00000 0.00000 -1.00000 0.79790 0.10257 0.59399 0.00000 0.00000 -1.00000 0.46743 0.65673 0.59179 0.00000 0.00000 -1.00000 0.02921 0.81584 0.57754 0.00000 0.00000 -1.00000 0.58720 -0.73516 0.33873 0.00000 0.00000 -1.00000 0.93301 -0.15102 0.32663 0.00000 0.00000 -1.00000 0.83226 0.45220 0.32072 0.00000 0.00000 -1.00000 0.46556 0.82215 0.32761 0.00000 0.00000 -1.00000 -0.30515 0.89110 0.33590 0.00000 0.00000 -1.00000 -0.78266 0.51702 0.34660 0.00000 0.00000 -1.00000 -0.92427 -0.18561 0.33357 -0.00000 0.00000 -1.00000 -0.67648 -0.65001 0.34623 0.00000 0.00000 -1.00000 0.09705 -0.93604 0.33825 0.00000 -0.00000 -1.00000 -0.87793 -0.41475 0.23919 0.00000 0.00000 -1.00000 -0.61045 -0.75589 0.23659 0.00000 0.00000 -1.00000 0.28419 -0.92612 0.24808 0.00000 -0.00000 -1.00000 0.74253 -0.62386 0.24382 0.00000 0.00000 -1.00000 0.96035 0.16005 0.22829 0.00000 0.00000 -1.00000 0.81453 0.53465 0.22514 0.00000 0.00000 -1.00000 0.21025 0.95115 0.22605 0.00000 0.00000 -1.00000 -0.56788 0.78828 0.23692 0.00000 0.00000 -1.00000 -0.94728 0.21705 0.23568 -0.00000 0.00000 -1.00000 0.84765 -0.50664 0.15751 0.00000 0.00000 -1.00000 0.98472 -0.08502 0.15195 0.00000 0.00000 -1.00000 0.65977 0.73451 0.15875 0.00000 0.00000 -1.00000 0.37367 0.91260 0.16591 0.00000 0.00000 -1.00000 -0.51106 0.84323 0.16669 0.00000 0.00000 -1.00000 -0.93817 0.29912 0.17424 -0.00000 0.00000 -1.00000 -0.78587 -0.59734 0.15996 0.00000 0.00000 -1.00000 -0.41936 -0.89516 0.15107 0.00000 0.00000 -1.00000 -0.04073 -0.98629 0.15994 0.00000 -0.00000 -1.00000 0.09430 -0.77734 0.62197 0.00000 -0.00000 -1.00000 0.49495 -0.59306 0.63506 0.00000 0.00000 -1.00000 0.75851 -0.05238 0.64955 0.00000 0.00000 -1.00000 0.59496 0.48232 0.64296 0.00000 0.00000 -1.00000 0.15155 0.75227 0.64118 0.00000 0.00000 -1.00000 -0.32008 0.69399 0.64492 0.00000 0.00000 -1.00000 -0.73325 0.26082 0.62794 0.00000 0.00000 -1.00000 -0.75632 -0.15746 0.63497 -0.00000 0.00000 -1.00000 -0.37160 -0.68046 0.63158 0.00000 0.00000 -1.00000 0.69767 0.65979 0.27917 0.00000 0.00000 -1.00000 0.26109 0.92495 0.27622 0.00000 0.00000 -1.00000 -0.33088 0.90117 0.28003 0.00000 0.00000 -1.00000 -0.86809 0.40835 0.28227 0.00000 0.00000 -1.00000 -0.91775 -0.27096 0.29037 -0.00000 0.00000 -1.00000 -0.51828 -0.80076 0.30029 0.00000 0.00000 -1.00000 0.11843 -0.94818 0.29485 0.00000 -0.00000 -1.00000 0.69136 -0.66016 0.29362 0.00000 0.00000 -1.00000 0.94830 -0.09446 0.30300 0.00000 0.00000 -1.00000 0.60545 -0.63466 0.48025 0.00000 0.00000 -1.00000 0.85960 -0.14869 0.48885 0.00000 0.00000 -1.00000 0.71598 0.50174 0.48542 0.00000 0.00000 -1.00000 0.36388 0.78915 0.49481 0.00000 0.00000 -1.00000 -0.29902 0.80525 0.51202 0.00000 0.00000 -1.00000 -0.76351 0.39665 0.50962 0.00000 0.00000 -1.00000 -0.83271 -0.27249 0.48202 -0.00000 0.00000 -1.00000 -0.55620 -0.68049 0.47705 0.00000 0.00000 -1.00000 0.04318 -0.87309 0.48564 0.00000 -0.00000 -1.00000 0.87575 0.36254 0.31880 0.00000 0.00000 -1.00000 0.38110 0.86669 0.32189 0.00000 0.00000 -1.00000 -0.30200 0.89768 0.32090 0.00000 0.00000 -1.00000 -0.75933 0.57469 0.30522 0.00000 0.00000 -1.00000 -0.94700 0.08592 0.30954 -0.00000 0.00000 -1.00000 -0.60874 -0.72772 0.31601 0.00000 0.00000 -1.00000 -0.12921 -0.93923 0.31804 0.00000 -0.00000 -1.00000 0.56014 -0.76316 0.32222 0.00000 0.00000 -1.00000 0.92070 -0.22818 0.31660 0.00000 0.00000 -1.00000 -0.89329 -0.17402 0.41442 -0.00000 0.00000 -1.00000 -0.52859 -0.74444 0.40792 0.00000 0.00000 -1.00000 0.02778 -0.91286 0.40733 0.00000 -0.00000 -1.00000 0.63563 -0.64604 0.42263 0.00000 0.00000 -1.00000 0.90134 -0.10305 0.42067 0.00000 0.00000 -1.00000 0.75614 0.50914 0.41112 0.00000 0.00000 -1.00000 0.23707 0.87889 0.41394 0.00000 0.00000 -1.00000 -0.26761 0.86795 0.41838 0.00000 0.00000 -1.00000 -0.83114 0.36441 0.42001 0.00000 0.00000 -1.00000 -0.73413 0.60504 0.30821 0.00000 0.00000 -1.00000 -0.95190 -0.02500 0.30538 -0.00000 0.00000 -1.00000 -0.64702 -0.70049 0.30113 0.00000 0.00000 -1.00000 -0.18304 -0.93565 0.30176 0.00000 -0.00000 -1.00000 0.46795 -0.82571 0.31501 0.00000 0.00000 -1.00000 0.93757 -0.17570 0.30016 0.00000 0.00000 -1.00000 0.92198 0.23653 0.30661 0.00000 0.00000 -1.00000 0.36670 0.87868 0.30568 0.00000 0.00000 -1.00000 -0.08249 0.95122 0.29727 0.00000 0.00000 -1.00000 0.64515 -0.71083 0.28018 0.00000 0.00000 -1.00000 0.95411 -0.08204 0.28799 0.00000 0.00000 -1.00000 0.67082 0.69021 0.27131 0.00000 0.00000 -1.00000 0.38244 0.88416 0.26834 0.00000 0.00000 -1.00000 -0.46968 0.83782 0.27832 0.00000 0.00000 -1.00000 -0.82001 0.50385 0.27149 0.00000 0.00000 -1.00000 -0.89918 -0.33525 0.28120 -0.00000 0.00000 -1.00000 -0.60118 -0.75182 0.27084 0.00000 0.00000 -1.00000 0.02369 -0.96504 0.26102 0.00000 -0.00000 -1.00000 0.78957 -0.54903 0.27414 0.00000 0.00000 -1.00000 0.96070 0.04456 0.27400 0.00000 0.00000 -1.00000 0.68054 0.67934 0.27452 0.00000 0.00000 -1.00000 0.12471 0.95552 0.26728 0.00000 0.00000 -1.00000 -0.53786 0.79914 0.26849 0.00000 0.00000 -1.00000 -0.93137 0.24288 0.27124 -0.00000 0.00000 -1.00000 -0.88207 -0.38001 0.27847 0.00000 0.00000 -1.00000 -0.45542 -0.84638 0.27609 0.00000 0.00000 -1.00000 0.33890 -0.89798 0.28067 0.00000 -0.00000 -1.00000 0.50611 -0.75821 0.41106 0.00000 0.00000 -1.00000 0.90491 -0.11447 0.40993 0.00000 0.00000 -1.00000 0.83758 0.35835 0.41237 0.00000 0.00000 -1.00000 0.30556 0.84864 0.43179 0.00000 0.00000 -1.00000 -0.41426 0.81185 0.41145 0.00000 0.00000 -1.00000 -0.76958 0.49069 0.40862 0.00000 0.00000 -1.00000 -0.88316 -0.20412 0.42233 -0.00000 0.00000 -1.00000 -0.56185 -0.72103 0.40550 0.00000 0.00000 -1.00000 0.01969 -0.91372 0.40586 0.00000 -0.00000 -1.00000 -0.85922 -0.36119 0.36232 0.00000 0.00000 -1.00000 -0.53886 -0.75775 0.36804 0.00000 0.00000 -1.00000 0.15814 -0.91744 0.36509 0.00000 -0.00000 -1.00000 0.65895 -0.65636 0.36740 0.00000 0.00000 -1.00000 0.92329 -0.07047 0.37760 0.00000 0.00000 -1.00000 0.71337 0.60685 0.35048 0.00000 0.00000 -1.00000 0.37242 0.85481 0.36138 0.00000 0.00000 -1.00000 -0.47146 0.80393 0.36253 0.00000 0.00000 -1.00000 -0.83375 0.42655 0.35060 -0.00000 0.00000 -1.00000 0.88466 -0.07007 0.46094 0.00000 0.00000 -1.00000 0.80358 0.36955 0.46658 0.00000 0.00000 -1.00000 0.23382 0.85782 0.45769 0.00000 0.00000 -1.00000 -0.25122 0.85761 0.44878 0.00000 0.00000 -1.00000 -0.71301 0.52984 0.45923 0.00000 0.00000 -1.00000 -0.86665 -0.17289 0.46800 -0.00000 0.00000 -1.00000 -0.54697 -0.70697 0.44834 0.00000 0.00000 -1.00000 -0.09481 -0.88790 0.45016 0.00000 -0.00000 -1.00000 0.50691 -0.72818 0.46130 0.00000 0.00000 -1.00000 0.15845 0.89703 0.41259 0.00000 0.00000 -1.00000 -0.63478 0.64622 0.42362 0.00000 0.00000 -1.00000 -0.88979 0.20444 0.40803 -0.00000 0.00000 -1.00000 -0.76206 -0.49398 0.41863 0.00000 0.00000 -1.00000 -0.16583 -0.89965 0.40389 0.00000 -0.00000 -1.00000 0.28299 -0.86895 0.40601 0.00000 0.00000 -1.00000 0.82986 -0.35474 0.43068 0.00000 0.00000 -1.00000 0.89766 0.11052 0.42660 0.00000 0.00000 -1.00000 0.40575 0.81901 0.40569 0.00000 0.00000 -1.00000 -0.24050 0.94254 0.23192 0.00000 0.00000 -1.00000 -0.84584 0.47211 0.24834 -0.00000 0.00000 -1.00000 -0.88703 -0.37961 0.26282 0.00000 0.00000 -1.00000 -0.46671 -0.85300 0.23359 0.00000 0.00000 -1.00000 0.00828 -0.96996 0.24312 0.00000 -0.00000 -1.00000 0.67911 -0.69506 0.23602 0.00000 0.00000 -1.00000 0.94300 -0.23476 0.23589 0.00000 0.00000 -1.00000 0.73845 0.63242 0.23395 0.00000 0.00000 -1.00000 0.17309 0.95683 0.23347 0.00000 0.00000 -1.00000 0.69574 0.53694 0.47711 0.00000 0.00000 -1.00000 0.10040 0.86439 0.49270 0.00000 0.00000 -1.00000 -0.55574 0.67694 0.48260 0.00000 0.00000 -1.00000 -0.80537 0.33215 0.49097 -0.00000 0.00000 -1.00000 -0.74701 -0.44906 0.49023 0.00000 0.00000 -1.00000 -0.45871 -0.73987 0.49212 0.00000 0.00000 -1.00000 0.20732 -0.83516 0.50944 0.00000 -0.00000 -1.00000 0.77364 -0.39322 0.49685 0.00000 0.00000 -1.00000 0.85237 0.21042 0.47874 0.00000 0.00000 -1.00000 0.55989 0.78687 0.25953 0.00000 0.00000 -1.00000 0.08611 0.96383 0.25221 0.00000 0.00000 -1.00000 -0.55169 0.79077 0.26517 0.00000 0.00000 -1.00000 -0.94588 0.19596 0.25868 -0.00000 0.00000 -1.00000 -0.89653 -0.35254 0.26824 0.00000 0.00000 -1.00000 -0.20683 -0.94229 0.26328 0.00000 0.00000 -1.00000 0.20714 -0.94304 0.26033 0.00000 -0.00000 -1.00000 0.82598 -0.49349 0.27246 0.00000 0.00000 -1.00000 0.95564 0.14107 0.25856 0.00000 0.00000 -1.00000 0.52427 -0.76874 0.36630 0.00000 0.00000 -1.00000 0.88370 -0.31208 0.34883 0.00000 0.00000 -1.00000 0.90804 0.24939 0.33656 0.00000 0.00000 -1.00000 0.54224 0.76748 0.34198 0.00000 0.00000 -1.00000 -0.03915 0.93298 0.35780 0.00000 0.00000 -1.00000 -0.78795 0.50470 0.35274 0.00000 0.00000 -1.00000 -0.93233 0.04275 0.35906 -0.00000 0.00000 -1.00000 -0.76854 -0.51933 0.37368 0.00000 0.00000 -1.00000 -0.12392 -0.92080 0.36983 0.00000 -0.00000 -1.00000 -0.30946 -0.88421 0.34986 0.00000 0.00000 -1.00000 0.17152 -0.92674 0.33427 0.00000 -0.00000 -1.00000 0.76108 -0.54842 0.34641 0.00000 0.00000 -1.00000 0.93715 0.10799 0.33180 0.00000 0.00000 -1.00000 0.74929 0.56897 0.33889 0.00000 0.00000 -1.00000 0.05432 0.92357 0.37957 0.00000 0.00000 -1.00000 -0.50791 0.78200 0.36126 0.00000 0.00000 -1.00000 -0.87153 0.34116 0.35219 -0.00000 0.00000 -1.00000 -0.75582 -0.54478 0.36325 0.00000 0.00000 -1.00000 -0.06854 0.92635 0.37038 0.00000 0.00000 -1.00000 -0.70449 0.60925 0.36402 0.00000 0.00000 -1.00000 -0.93399 0.02184 0.35662 -0.00000 0.00000 -1.00000 -0.75902 -0.53916 0.36495 0.00000 0.00000 -1.00000 -0.28650 -0.87434 0.39172 0.00000 -0.00000 -1.00000 0.38890 -0.83656 0.38589 0.00000 0.00000 -1.00000 0.82361 -0.41166 0.39013 0.00000 0.00000 -1.00000 0.87597 0.31243 0.36751 0.00000 0.00000 -1.00000 0.55627 0.74152 0.37510 0.00000 0.00000 -1.00000 0.46750 -0.85051 0.24101 0.00000 0.00000 -1.00000 0.93276 -0.24985 0.25986 0.00000 0.00000 -1.00000 0.87713 0.40016 0.26554 0.00000 0.00000 -1.00000 0.36750 0.89167 0.26432 0.00000 0.00000 -1.00000 -0.17900 0.94778 0.26397 0.00000 0.00000 -1.00000 -0.71025 0.65350 0.26168 0.00000 0.00000 -1.00000 -0.95827 -0.07090 0.27692 -0.00000 0.00000 -1.00000 -0.53650 -0.80551 0.25164 0.00000 0.00000 -1.00000 -0.23776 -0.94092 0.24113 0.00000 -0.00000 -1.00000 -0.04335 0.94871 0.31315 0.00000 0.00000 -1.00000 -0.53350 0.78743 0.30877 0.00000 0.00000 -1.00000 -0.94696 0.10415 0.30399 -0.00000 0.00000 -1.00000 -0.89884 -0.30653 0.31326 0.00000 0.00000 -1.00000 -0.32441 -0.88943 0.32198 0.00000 0.00000 -1.00000 0.20379 -0.92390 0.32384 0.00000 -0.00000 -1.00000 0.77445 -0.54219 0.32598 0.00000 0.00000 -1.00000 0.93299 0.15245 0.32601 0.00000 0.00000 -1.00000 0.66212 0.67259 0.33049 0.00000 0.00000 -1.00000 0.97431 0.03899 0.22183 0.00000 0.00000 -1.00000 0.84930 0.47611 0.22805 0.00000 0.00000 -1.00000 -0.10883 0.96080 0.25497 0.00000 0.00000 -1.00000 -0.54723 0.80178 0.24021 0.00000 0.00000 -1.00000 -0.88911 0.38581 0.24625 -0.00000 0.00000 -1.00000 -0.74728 -0.61934 0.24081 0.00000 0.00000 -1.00000 -0.63540 -0.73552 0.23509 0.00000 0.00000 -1.00000 0.01019 -0.96782 0.25143 0.00000 -0.00000 -1.00000 0.75462 -0.60801 0.24671 0.00000 0.00000 -1.00000 -0.84694 0.49492 0.19428 0.00000 0.00000 -1.00000 -0.94754 -0.24677 0.20314 -0.00000 0.00000 -1.00000 -0.70755 -0.67578 0.20664 0.00000 0.00000 -1.00000 0.06213 -0.97556 0.21078 0.00000 -0.00000 -1.00000 0.63541 -0.74672 0.19663 0.00000 0.00000 -1.00000 0.98064 0.01931 0.19485 0.00000 0.00000 -1.00000 0.89690 0.39316 0.20246 0.00000 0.00000 -1.00000 0.30412 0.93184 0.19794 0.00000 0.00000 -1.00000 -0.25350 0.94649 0.19972 0.00000 0.00000 -1.00000 0.45658 -0.81784 0.35024 0.00000 0.00000 -1.00000 0.90888 -0.21764 0.35576 0.00000 0.00000 -1.00000 0.86688 0.36266 0.34205 0.00000 0.00000 -1.00000 0.47614 0.80573 0.35226 0.00000 0.00000 -1.00000 -0.27636 0.89207 0.35754 0.00000 0.00000 -1.00000 -0.70969 0.60730 0.35710 0.00000 0.00000 -1.00000 -0.93234 0.00103 0.36159 -0.00000 0.00000 -1.00000 -0.66558 -0.65410 0.35939 0.00000 0.00000 -1.00000 -0.05126 -0.93766 0.34375 0.00000 -0.00000 -1.00000 0.68735 -0.70175 0.18734 0.00000 0.00000 -1.00000 0.96085 -0.21974 0.16877 0.00000 0.00000 -1.00000 0.88680 0.42330 0.18549 0.00000 0.00000 -1.00000 0.59732 0.77994 0.18685 0.00000 0.00000 -1.00000 -0.47754 0.85653 0.19571 0.00000 0.00000 -1.00000 -0.66056 0.72631 0.19010 0.00000 0.00000 -1.00000 -0.97144 -0.11249 0.20894 -0.00000 0.00000 -1.00000 -0.52868 -0.82613 0.19496 0.00000 0.00000 -1.00000 -0.04532 -0.98072 0.19010 0.00000 -0.00000 -1.00000 -0.22675 0.91956 0.32094 0.00000 0.00000 -1.00000 -0.81423 0.47195 0.33808 0.00000 0.00000 -1.00000 -0.90636 -0.26767 0.32689 -0.00000 0.00000 -1.00000 -0.53729 -0.78164 0.31680 0.00000 0.00000 -1.00000 -0.06057 -0.94806 0.31229 0.00000 -0.00000 -1.00000 0.63971 -0.69462 0.32905 0.00000 0.00000 -1.00000 0.94708 -0.06271 0.31480 0.00000 0.00000 -1.00000 0.87145 0.37251 0.31907 0.00000 0.00000 -1.00000 0.19306 0.92864 0.31678 0.00000 0.00000 -1.00000 -0.15441 0.82908 0.53738 0.00000 0.00000 -1.00000 -0.68093 0.48376 0.54982 0.00000 0.00000 -1.00000 -0.84032 -0.04068 0.54057 -0.00000 0.00000 -1.00000 -0.65498 -0.51713 0.55098 0.00000 0.00000 -1.00000 -0.14307 -0.80909 0.57000 0.00000 -0.00000 -1.00000 0.45226 -0.68903 0.56630 0.00000 0.00000 -1.00000 0.78628 -0.27452 0.55354 0.00000 0.00000 -1.00000 0.74727 0.36495 0.55533 0.00000 0.00000 -1.00000 0.34245 0.76076 0.55134 0.00000 0.00000 -1.00000 0.94253 0.08737 0.32248 0.00000 0.00000 -1.00000 0.73055 0.59939 0.32714 0.00000 0.00000 -1.00000 0.11939 0.93520 0.33338 0.00000 0.00000 -1.00000 -0.52953 0.78205 0.32862 0.00000 0.00000 -1.00000 -0.90154 0.28134 0.32875 -0.00000 0.00000 -1.00000 -0.89617 -0.28350 0.34134 0.00000 0.00000 -1.00000 -0.45681 -0.82074 0.34309 0.00000 0.00000 -1.00000 0.29499 -0.89568 0.33278 0.00000 -0.00000 -1.00000 0.70938 -0.62623 0.32346 0.00000 0.00000 -1.00000 0.74110 0.58320 0.33263 0.00000 0.00000 -1.00000 0.25788 0.91685 0.30476 0.00000 0.00000 -1.00000 -0.19912 0.92849 0.31346 0.00000 0.00000 -1.00000 -0.73130 0.59462 0.33411 0.00000 0.00000 -1.00000 -0.93055 -0.14061 0.33810 -0.00000 0.00000 -1.00000 -0.55655 -0.76201 0.33106 0.00000 0.00000 -1.00000 0.05925 -0.94967 0.30761 0.00000 -0.00000 -1.00000 0.66838 -0.67585 0.31065 0.00000 0.00000 -1.00000 0.90062 -0.29388 0.32020 0.00000 0.00000 -1.00000 -0.22367 -0.92654 0.30247 0.00000 0.00000 -1.00000 0.28991 -0.91036 0.29529 0.00000 -0.00000 -1.00000 0.83697 -0.44595 0.31718 0.00000 0.00000 -1.00000 0.94916 0.04583 0.31144 0.00000 0.00000 -1.00000 0.42816 0.84964 0.30788 0.00000 0.00000 -1.00000 0.07424 0.94911 0.30607 0.00000 0.00000 -1.00000 -0.64109 0.69928 0.31625 0.00000 0.00000 -1.00000 -0.90743 0.26355 0.32728 -0.00000 0.00000 -1.00000 -0.78637 -0.53203 0.31396 0.00000 0.00000 -1.00000 0.92173 0.31118 0.23149 0.00000 0.00000 -1.00000 0.62355 0.74460 0.23824 0.00000 0.00000 -1.00000 -0.32751 0.91471 0.23675 0.00000 0.00000 -1.00000 -0.76691 0.59784 0.23332 0.00000 0.00000 -1.00000 -0.95403 0.18892 0.23269 -0.00000 0.00000 -1.00000 -0.69694 -0.67286 0.24806 0.00000 0.00000 -1.00000 -0.19927 -0.94791 0.24850 0.00000 -0.00000 -1.00000 0.55365 -0.79337 0.25305 0.00000 0.00000 -1.00000 0.91228 -0.33905 0.22975 0.00000 0.00000 -1.00000 -0.20194 -0.93139 0.30287 0.00000 -0.00000 -1.00000 0.40088 -0.86565 0.29992 0.00000 0.00000 -1.00000 0.82456 -0.47425 0.30851 0.00000 0.00000 -1.00000 0.94120 0.12020 0.31575 0.00000 0.00000 -1.00000 0.53251 0.78029 0.32800 0.00000 0.00000 -1.00000 -0.06746 0.94190 0.32905 0.00000 0.00000 -1.00000 -0.67967 0.65971 0.32068 0.00000 0.00000 -1.00000 -0.94942 -0.04038 0.31140 -0.00000 0.00000 -1.00000 -0.82784 -0.46797 0.30933 0.00000 0.00000 -1.00000 0.73839 0.54403 0.39852 0.00000 0.00000 -1.00000 0.34359 0.84576 0.40822 0.00000 0.00000 -1.00000 -0.38090 0.81941 0.42835 0.00000 0.00000 -1.00000 -0.83743 0.34171 0.42654 0.00000 0.00000 -1.00000 -0.82348 -0.39849 0.40384 -0.00000 0.00000 -1.00000 -0.55736 -0.73117 0.39337 0.00000 0.00000 -1.00000 0.00589 -0.91283 0.40830 0.00000 -0.00000 -1.00000 0.67514 -0.61482 0.40765 0.00000 0.00000 -1.00000 0.91081 -0.03106 0.41167 0.00000 0.00000 -1.00000 0.87120 -0.34185 0.35235 0.00000 0.00000 -1.00000 0.89127 0.28510 0.35265 0.00000 0.00000 -1.00000 0.55291 0.75474 0.35307 0.00000 0.00000 -1.00000 -0.25125 0.90754 0.33653 0.00000 0.00000 -1.00000 -0.73410 0.59684 0.32385 0.00000 0.00000 -1.00000 -0.94753 0.05918 0.31414 -0.00000 0.00000 -1.00000 -0.79756 -0.50897 0.32380 0.00000 0.00000 -1.00000 -0.23304 -0.91254 0.33610 0.00000 -0.00000 -1.00000 0.39415 -0.85419 0.33911 0.00000 0.00000 -1.00000 -0.62414 0.56589 0.53872 0.00000 0.00000 -1.00000 -0.83635 -0.04904 0.54599 -0.00000 0.00000 -1.00000 -0.58310 -0.60123 0.54637 0.00000 0.00000 -1.00000 -0.08018 -0.83269 0.54790 0.00000 -0.00000 -1.00000 0.53791 -0.64707 0.54033 0.00000 0.00000 -1.00000 0.81917 -0.20928 0.53400 0.00000 0.00000 -1.00000 0.74607 0.40576 0.52796 0.00000 0.00000 -1.00000 0.39637 0.75233 0.52620 0.00000 0.00000 -1.00000 -0.23094 0.81322 0.53417 0.00000 0.00000 -1.00000 0.10447 -0.93184 0.34749 0.00000 -0.00000 -1.00000 0.78110 -0.52040 0.34507 0.00000 0.00000 -1.00000 0.93655 0.09471 0.33751 0.00000 0.00000 -1.00000 0.75756 0.55093 0.35011 0.00000 0.00000 -1.00000 0.06377 0.93215 0.35641 0.00000 0.00000 -1.00000 -0.54950 0.76228 0.34202 0.00000 0.00000 -1.00000 -0.89526 0.27971 0.34680 -0.00000 0.00000 -1.00000 -0.83892 -0.41769 0.34894 0.00000 0.00000 -1.00000 -0.43684 -0.83459 0.33559 0.00000 0.00000 -1.00000 0.37847 -0.83459 0.40027 0.00000 0.00000 -1.00000 0.82352 -0.40685 0.39533 0.00000 0.00000 -1.00000 0.91607 0.11940 0.38284 0.00000 0.00000 -1.00000 0.52552 0.75021 0.40126 0.00000 0.00000 -1.00000 0.05499 0.90960 0.41184 0.00000 0.00000 -1.00000 -0.63506 0.66332 0.39586 0.00000 0.00000 -1.00000 -0.91550 0.10360 0.38874 -0.00000 0.00000 -1.00000 -0.79705 -0.45580 0.39618 0.00000 0.00000 -1.00000 -0.31933 -0.85483 0.40901 0.00000 -0.00000 -1.00000 -0.68602 -0.66499 0.29524 0.00000 0.00000 -1.00000 -0.37903 -0.87889 0.28964 0.00000 -0.00000 -1.00000 0.41690 -0.85362 0.31229 0.00000 0.00000 -1.00000 0.83538 -0.45670 0.30588 0.00000 0.00000 -1.00000 0.91226 0.26224 0.31467 0.00000 0.00000 -1.00000 0.57786 0.75635 0.30662 0.00000 0.00000 -1.00000 -0.15230 0.94168 0.30009 0.00000 0.00000 -1.00000 -0.63083 0.72114 0.28636 0.00000 0.00000 -1.00000 -0.93299 0.18827 0.30672 -0.00000 0.00000 -1.00000 -0.62367 0.62024 0.47575 0.00000 0.00000 -1.00000 -0.84726 0.20078 0.49178 -0.00000 0.00000 -1.00000 -0.72722 -0.46658 0.50343 0.00000 0.00000 -1.00000 -0.30902 -0.80555 0.50557 0.00000 0.00000 -1.00000 0.30661 -0.80733 0.50418 0.00000 -0.00000 -1.00000 0.78445 -0.36029 0.50480 0.00000 0.00000 -1.00000 0.85476 0.16540 0.49196 0.00000 0.00000 -1.00000 0.47708 0.73714 0.47857 0.00000 0.00000 -1.00000 -0.03788 0.88277 0.46828 0.00000 0.00000 -1.00000 0.59801 -0.66435 0.44835 0.00000 0.00000 -1.00000 0.87781 -0.20553 0.43268 0.00000 0.00000 -1.00000 0.84405 0.29807 0.44579 0.00000 0.00000 -1.00000 0.30360 0.83613 0.45686 0.00000 0.00000 -1.00000 -0.35880 0.82975 0.42752 0.00000 0.00000 -1.00000 -0.77173 0.48450 0.41193 0.00000 0.00000 -1.00000 -0.89514 -0.15626 0.41749 -0.00000 0.00000 -1.00000 -0.71618 -0.55043 0.42908 0.00000 0.00000 -1.00000 -0.01126 -0.89274 0.45044 0.00000 -0.00000 -1.00000 0.72950 0.51224 0.45325 0.00000 0.00000 -1.00000 0.22722 0.86847 0.44061 0.00000 0.00000 -1.00000 -0.48472 0.75460 0.44230 0.00000 0.00000 -1.00000 -0.77473 0.45083 0.44333 0.00000 0.00000 -1.00000 -0.83968 -0.30558 0.44896 -0.00000 0.00000 -1.00000 -0.47553 -0.75633 0.44926 0.00000 0.00000 -1.00000 -0.02879 -0.89209 0.45094 0.00000 -0.00000 -1.00000 0.71496 -0.53759 0.44702 0.00000 0.00000 -1.00000 0.89037 -0.09304 0.44563 0.00000 0.00000 -1.00000 0.18785 -0.92827 0.32097 0.00000 -0.00000 -1.00000 0.89882 -0.31120 0.30869 0.00000 0.00000 -1.00000 0.95149 -0.01817 0.30715 0.00000 0.00000 -1.00000 0.75649 0.57115 0.31862 0.00000 0.00000 -1.00000 0.05657 0.94893 0.31037 0.00000 0.00000 -1.00000 -0.56578 0.76735 0.30179 0.00000 0.00000 -1.00000 -0.85636 0.41076 0.31292 -0.00000 0.00000 -1.00000 -0.78622 -0.52049 0.33308 0.00000 0.00000 -1.00000 -0.36091 -0.87349 0.32673 0.00000 0.00000 -1.00000 0.80054 0.34463 0.49026 0.00000 0.00000 -1.00000 0.32855 0.82413 0.46138 0.00000 0.00000 -1.00000 -0.19077 0.87727 0.44046 0.00000 0.00000 -1.00000 -0.72651 0.52946 0.43800 0.00000 0.00000 -1.00000 -0.88569 0.06946 0.45904 -0.00000 0.00000 -1.00000 -0.58441 -0.66826 0.46033 0.00000 0.00000 -1.00000 -0.05495 -0.89118 0.45030 0.00000 -0.00000 -1.00000 0.40544 -0.78429 0.46958 0.00000 0.00000 -1.00000 0.85560 -0.17763 0.48620 0.00000 0.00000 -1.00000 0.88693 0.23680 0.39658 0.00000 0.00000 -1.00000 0.54246 0.73624 0.40459 0.00000 0.00000 -1.00000 -0.13572 0.90313 0.40736 0.00000 0.00000 -1.00000 -0.59463 0.69079 0.41137 0.00000 0.00000 -1.00000 -0.91151 -0.01231 0.41110 -0.00000 0.00000 -1.00000 -0.78539 -0.46490 0.40869 0.00000 0.00000 -1.00000 -0.24988 -0.87786 0.40856 0.00000 -0.00000 -1.00000 0.49210 -0.77581 0.39491 0.00000 0.00000 -1.00000 0.81046 -0.43460 0.39277 0.00000 0.00000 -1.00000 -0.54607 0.79194 0.27320 0.00000 0.00000 -1.00000 -0.78524 0.55377 0.27700 0.00000 0.00000 -1.00000 -0.91030 -0.30188 0.28323 -0.00000 0.00000 -1.00000 -0.50624 -0.81464 0.28300 0.00000 0.00000 -1.00000 0.07480 -0.95501 0.28699 0.00000 -0.00000 -1.00000 0.71050 -0.64471 0.28202 0.00000 0.00000 -1.00000 0.95891 -0.07532 0.27353 0.00000 0.00000 -1.00000 0.75831 0.59037 0.27648 0.00000 0.00000 -1.00000 0.20109 0.93795 0.28252 0.00000 0.00000 -1.00000 -0.89246 -0.29593 0.34052 0.00000 0.00000 -1.00000 -0.28938 -0.89581 0.33732 0.00000 0.00000 -1.00000 0.15615 -0.92745 0.33977 0.00000 -0.00000 -1.00000 0.81157 -0.47823 0.33564 0.00000 0.00000 -1.00000 0.94044 0.00981 0.33983 0.00000 0.00000 -1.00000 0.59609 0.72057 0.35421 0.00000 0.00000 -1.00000 0.04059 0.94623 0.32092 0.00000 0.00000 -1.00000 -0.59021 0.73684 0.32972 0.00000 0.00000 -1.00000 -0.91193 0.24627 0.32824 -0.00000 0.00000 -1.00000 -0.44992 -0.78027 0.43445 0.00000 0.00000 -1.00000 0.17430 -0.87874 0.44434 0.00000 -0.00000 -1.00000 0.69415 -0.57949 0.42701 0.00000 0.00000 -1.00000 0.90439 -0.01286 0.42651 0.00000 0.00000 -1.00000 0.58959 0.68984 0.42013 0.00000 0.00000 -1.00000 0.25162 0.87258 0.41868 0.00000 0.00000 -1.00000 -0.46738 0.77846 0.41900 0.00000 0.00000 -1.00000 -0.82669 0.35473 0.43674 0.00000 0.00000 -1.00000 -0.85365 -0.27585 0.44181 -0.00000 0.00000 -1.00000 -0.62396 0.70921 0.32817 0.00000 0.00000 -1.00000 -0.92380 0.14456 0.35455 -0.00000 0.00000 -1.00000 -0.77069 -0.52822 0.35639 0.00000 0.00000 -1.00000 -0.04077 -0.93902 0.34145 0.00000 -0.00000 -1.00000 0.36576 -0.86555 0.34211 0.00000 0.00000 -1.00000 0.88746 -0.31531 0.33616 0.00000 0.00000 -1.00000 0.92904 0.14392 0.34084 0.00000 0.00000 -1.00000 0.44677 0.82945 0.33526 0.00000 0.00000 -1.00000 -0.04472 0.94531 0.32309 0.00000 0.00000 -1.00000 0.09923 -0.92971 0.35467 0.00000 -0.00000 -1.00000 0.81363 -0.46358 0.35085 0.00000 0.00000 -1.00000 0.94192 -0.00759 0.33576 0.00000 0.00000 -1.00000 0.49268 0.79903 0.34470 0.00000 0.00000 -1.00000 0.17128 0.92465 0.34013 0.00000 0.00000 -1.00000 -0.65161 0.67122 0.35337 0.00000 0.00000 -1.00000 -0.83099 0.42979 0.35319 -0.00000 0.00000 -1.00000 -0.82365 -0.42041 0.38061 0.00000 0.00000 -1.00000 -0.36803 -0.85914 0.35558 0.00000 0.00000 -1.00000 -0.59963 -0.74326 0.29667 0.00000 0.00000 -1.00000 0.22820 -0.92767 0.29555 0.00000 -0.00000 -1.00000 0.68859 -0.66487 0.28948 0.00000 0.00000 -1.00000 0.94779 -0.13474 0.28902 0.00000 0.00000 -1.00000 0.79120 0.54040 0.28629 0.00000 0.00000 -1.00000 0.29740 0.91026 0.28806 0.00000 0.00000 -1.00000 -0.54445 0.78820 0.28690 0.00000 0.00000 -1.00000 -0.80593 0.51746 0.28760 0.00000 0.00000 -1.00000 -0.91584 -0.26935 0.29780 -0.00000 0.00000 -1.00000 0.70504 0.62474 0.33558 0.00000 0.00000 -1.00000 -0.01149 0.93564 0.35276 0.00000 0.00000 -1.00000 -0.66777 0.66210 0.34017 0.00000 0.00000 -1.00000 -0.88993 0.30590 0.33831 -0.00000 0.00000 -1.00000 -0.78385 -0.52542 0.33092 0.00000 0.00000 -1.00000 -0.38394 -0.85766 0.34208 0.00000 0.00000 -1.00000 0.35427 -0.87597 0.32736 0.00000 -0.00000 -1.00000 0.79510 -0.49891 0.34483 0.00000 0.00000 -1.00000 0.92386 0.19135 0.33148 0.00000 0.00000 -1.00000 -0.88558 0.30222 0.35271 -0.00000 0.00000 -1.00000 -0.84485 -0.40553 0.34896 0.00000 0.00000 -1.00000 -0.49555 -0.79021 0.36056 0.00000 0.00000 -1.00000 0.33235 -0.87729 0.34628 0.00000 -0.00000 -1.00000 0.65516 -0.66757 0.35372 0.00000 0.00000 -1.00000 0.92949 0.06414 0.36323 0.00000 0.00000 -1.00000 0.59780 0.72176 0.34885 0.00000 0.00000 -1.00000 0.06862 0.93746 0.34126 0.00000 0.00000 -1.00000 -0.51884 0.77920 0.35165 0.00000 0.00000 -1.00000 -0.54028 0.74679 0.38782 0.00000 0.00000 -1.00000 -0.90448 0.16420 0.39364 -0.00000 0.00000 -1.00000 -0.83059 -0.38503 0.40232 0.00000 0.00000 -1.00000 -0.28954 -0.87078 0.39738 0.00000 0.00000 -1.00000 0.24941 -0.88650 0.38975 0.00000 -0.00000 -1.00000 0.80842 -0.42439 0.40787 0.00000 0.00000 -1.00000 0.87866 0.25609 0.40295 0.00000 0.00000 -1.00000 0.58917 0.70966 0.38635 0.00000 0.00000 -1.00000 -0.01615 0.92141 0.38825 0.00000 0.00000 -1.00000 -0.86392 -0.42818 0.26514 0.00000 0.00000 -1.00000 -0.36907 -0.88987 0.26820 0.00000 0.00000 -1.00000 0.18857 -0.94554 0.26533 0.00000 -0.00000 -1.00000 0.76222 -0.59151 0.26295 0.00000 0.00000 -1.00000 0.95887 0.04281 0.28060 0.00000 0.00000 -1.00000 0.66228 0.69441 0.28138 0.00000 0.00000 -1.00000 -0.04474 0.96280 0.26647 0.00000 0.00000 -1.00000 -0.52725 0.80791 0.26321 0.00000 0.00000 -1.00000 -0.91366 0.29884 0.27552 -0.00000 0.00000 -1.00000 -0.47029 -0.79683 0.37933 0.00000 0.00000 -1.00000 0.12597 -0.91969 0.37190 0.00000 -0.00000 -1.00000 0.75651 -0.54000 0.36890 0.00000 0.00000 -1.00000 0.93614 0.04648 0.34855 0.00000 0.00000 -1.00000 0.72666 0.59905 0.33631 0.00000 0.00000 -1.00000 0.14746 0.92638 0.34651 0.00000 0.00000 -1.00000 -0.52094 0.77541 0.35688 0.00000 0.00000 -1.00000 -0.86439 0.35203 0.35904 -0.00000 0.00000 -1.00000 -0.86889 -0.33025 0.36872 0.00000 0.00000 -1.00000 -0.23901 0.91551 0.32359 0.00000 0.00000 -1.00000 -0.75533 0.56623 0.32993 0.00000 0.00000 -1.00000 -0.92678 -0.20361 0.31563 -0.00000 0.00000 -1.00000 -0.81083 -0.49313 0.31525 0.00000 0.00000 -1.00000 -0.16308 -0.92456 0.34437 0.00000 -0.00000 -1.00000 0.61581 -0.71792 0.32460 0.00000 0.00000 -1.00000 0.91399 -0.24464 0.32368 0.00000 0.00000 -1.00000 0.81901 0.48790 0.30196 0.00000 0.00000 -1.00000 0.65430 0.69041 0.30859 0.00000 0.00000 -1.00000 0.95855 -0.00179 0.28492 0.00000 0.00000 -1.00000 0.72768 0.62961 0.27216 0.00000 0.00000 -1.00000 0.37464 0.88414 0.27918 0.00000 0.00000 -1.00000 -0.49288 0.82341 0.28118 0.00000 0.00000 -1.00000 -0.90002 0.34099 0.27145 0.00000 0.00000 -1.00000 -0.94774 -0.16389 0.27372 -0.00000 0.00000 -1.00000 -0.45433 -0.84626 0.27826 0.00000 0.00000 -1.00000 0.09568 -0.95830 0.26926 0.00000 -0.00000 -1.00000 0.63221 -0.71950 0.28744 0.00000 0.00000 -1.00000 0.65517 0.72772 0.20293 0.00000 0.00000 -1.00000 0.14870 0.97012 0.19170 0.00000 0.00000 -1.00000 -0.50409 0.84137 0.19492 0.00000 0.00000 -1.00000 -0.93906 0.28434 0.19316 -0.00000 0.00000 -1.00000 -0.93466 -0.29141 0.20367 0.00000 0.00000 -1.00000 -0.42072 -0.88397 0.20393 0.00000 0.00000 -1.00000 0.22660 -0.95142 0.20848 0.00000 -0.00000 -1.00000 0.81008 -0.55293 0.19504 0.00000 0.00000 -1.00000 0.97927 -0.06618 0.19146 0.00000 0.00000 -1.00000 -0.83763 0.17993 0.51575 -0.00000 0.00000 -1.00000 -0.73076 -0.43534 0.52580 0.00000 0.00000 -1.00000 -0.23539 -0.82082 0.52043 0.00000 -0.00000 -1.00000 0.26225 -0.81074 0.52338 0.00000 0.00000 -1.00000 0.74992 -0.39952 0.52727 0.00000 0.00000 -1.00000 0.84483 0.12169 0.52101 0.00000 0.00000 -1.00000 0.54342 0.65911 0.51988 0.00000 0.00000 -1.00000 -0.03128 0.86118 0.50734 0.00000 0.00000 -1.00000 -0.58751 0.63055 0.50718 0.00000 0.00000 -1.00000 -0.82766 0.28279 0.48477 -0.00000 0.00000 -1.00000 -0.69338 -0.53759 0.47980 0.00000 0.00000 -1.00000 -0.42956 -0.76870 0.47389 0.00000 0.00000 -1.00000 0.26886 -0.83421 0.48147 0.00000 -0.00000 -1.00000 0.76744 -0.42129 0.48328 0.00000 0.00000 -1.00000 0.87175 0.04098 0.48824 0.00000 0.00000 -1.00000 0.59868 0.64013 0.48148 0.00000 0.00000 -1.00000 0.02078 0.88301 0.46889 0.00000 0.00000 -1.00000 -0.48139 0.74135 0.46761 0.00000 0.00000 -1.00000 0.81008 0.54190 0.22388 0.00000 0.00000 -1.00000 0.48829 0.84763 0.20760 0.00000 0.00000 -1.00000 -0.05728 0.97109 0.23173 0.00000 0.00000 -1.00000 -0.63469 0.73163 0.24876 0.00000 0.00000 -1.00000 -0.96497 -0.09234 0.24558 -0.00000 0.00000 -1.00000 -0.87105 -0.42243 0.25065 0.00000 0.00000 -1.00000 0.06707 -0.97064 0.23100 0.00000 -0.00000 -1.00000 0.52841 -0.81736 0.22956 0.00000 0.00000 -1.00000 0.74523 -0.62130 0.24213 0.00000 0.00000 -1.00000 -0.30828 0.89104 0.33319 0.00000 0.00000 -1.00000 -0.86900 0.36587 0.33313 0.00000 0.00000 -1.00000 -0.92249 -0.19596 0.33260 -0.00000 0.00000 -1.00000 -0.51392 -0.78711 0.34111 0.00000 0.00000 -1.00000 0.05481 -0.93764 0.34325 0.00000 -0.00000 -1.00000 0.65804 -0.67105 0.34159 0.00000 0.00000 -1.00000 0.94461 -0.03887 0.32588 0.00000 0.00000 -1.00000 0.81624 0.47926 0.32258 0.00000 0.00000 -1.00000 0.13275 0.93504 0.32874 0.00000 0.00000 -1.00000 -0.63438 0.75539 0.16414 0.00000 0.00000 -1.00000 -0.91847 0.35226 0.17980 -0.00000 0.00000 -1.00000 -0.60885 -0.77148 0.18470 0.00000 0.00000 -1.00000 -0.43036 -0.88494 0.17796 0.00000 -0.00000 -1.00000 0.64941 -0.73699 0.18740 0.00000 0.00000 -1.00000 0.77091 -0.60900 0.18659 0.00000 0.00000 -1.00000 0.85868 0.47567 0.19078 0.00000 0.00000 -1.00000 0.57075 0.79753 0.19541 0.00000 0.00000 -1.00000 -0.53175 0.82966 0.17003 0.00000 0.00000 -1.00000 0.55153 -0.74817 0.36886 0.00000 0.00000 -1.00000 0.90077 -0.25409 0.35222 0.00000 0.00000 -1.00000 0.91646 0.16556 0.36428 0.00000 0.00000 -1.00000 0.57398 0.72235 0.38570 0.00000 0.00000 -1.00000 -0.16618 0.90224 0.39793 0.00000 0.00000 -1.00000 -0.70064 0.58337 0.41084 0.00000 0.00000 -1.00000 -0.91609 -0.12003 0.38259 -0.00000 0.00000 -1.00000 -0.66255 -0.65113 0.37021 0.00000 0.00000 -1.00000 -0.14117 -0.91520 0.37747 0.00000 -0.00000 -1.00000 -0.91325 -0.32951 0.23959 -0.00000 0.00000 -1.00000 -0.64008 -0.72959 0.24082 0.00000 0.00000 -1.00000 -0.13240 -0.96051 0.24473 0.00000 -0.00000 -1.00000 0.70065 -0.67547 0.22985 0.00000 0.00000 -1.00000 0.94698 -0.22665 0.22771 0.00000 0.00000 -1.00000 0.84592 0.47393 0.24458 0.00000 0.00000 -1.00000 0.38177 0.89263 0.23972 0.00000 0.00000 -1.00000 -0.55621 0.79652 0.23702 0.00000 0.00000 -1.00000 -0.81334 0.53172 0.23611 0.00000 0.00000 -1.00000 -0.93585 -0.16598 0.31086 -0.00000 0.00000 -1.00000 -0.29055 -0.91008 0.29553 0.00000 0.00000 -1.00000 0.02299 -0.95753 0.28741 0.00000 -0.00000 -1.00000 0.67620 -0.67828 0.28755 0.00000 0.00000 -1.00000 0.94812 -0.04957 0.31403 0.00000 0.00000 -1.00000 0.63748 0.70881 0.30201 0.00000 0.00000 -1.00000 0.36596 0.87956 0.30406 0.00000 0.00000 -1.00000 -0.47665 0.82216 0.31124 0.00000 0.00000 -1.00000 -0.86342 0.40867 0.29580 0.00000 0.00000 -1.00000 0.57613 -0.78320 0.23380 0.00000 0.00000 -1.00000 0.96356 -0.11085 0.24345 0.00000 0.00000 -1.00000 0.69428 0.67734 0.24329 0.00000 0.00000 -1.00000 0.34360 0.90654 0.24518 0.00000 0.00000 -1.00000 -0.59729 0.76095 0.25339 0.00000 0.00000 -1.00000 -0.90165 0.36136 0.23760 -0.00000 0.00000 -1.00000 -0.93809 -0.23455 0.25489 0.00000 0.00000 -1.00000 -0.44680 -0.85684 0.25726 0.00000 0.00000 -1.00000 0.38562 -0.89226 0.23486 0.00000 -0.00000 -1.00000 0.93157 -0.16940 0.32168 0.00000 0.00000 -1.00000 0.83779 0.44529 0.31595 0.00000 0.00000 -1.00000 0.54129 0.77609 0.32354 0.00000 0.00000 -1.00000 -0.33184 0.87791 0.34519 0.00000 0.00000 -1.00000 -0.75563 0.55707 0.34452 0.00000 0.00000 -1.00000 -0.93660 -0.01748 0.34996 -0.00000 0.00000 -1.00000 -0.69517 -0.62377 0.35728 0.00000 0.00000 -1.00000 0.17225 -0.93287 0.31636 0.00000 -0.00000 -1.00000 0.45133 -0.83627 0.31138 0.00000 0.00000 -1.00000 -0.68388 -0.60075 0.41401 0.00000 0.00000 -1.00000 -0.31057 -0.85710 0.41100 0.00000 -0.00000 -1.00000 0.24124 -0.86973 0.43055 0.00000 0.00000 -1.00000 0.83884 -0.32065 0.43992 0.00000 0.00000 -1.00000 0.87931 0.23479 0.41435 0.00000 0.00000 -1.00000 0.57627 0.70570 0.41219 0.00000 0.00000 -1.00000 -0.12163 0.90106 0.41629 0.00000 0.00000 -1.00000 -0.56792 0.70742 0.42075 0.00000 0.00000 -1.00000 -0.90082 0.00651 0.43415 -0.00000 0.00000 -1.00000 -0.89296 0.23023 0.38680 -0.00000 0.00000 -1.00000 -0.75542 -0.51904 0.39991 0.00000 0.00000 -1.00000 -0.34525 -0.84995 0.39797 0.00000 -0.00000 -1.00000 0.47440 -0.79045 0.38747 0.00000 0.00000 -1.00000 0.82476 -0.41653 0.38246 0.00000 0.00000 -1.00000 0.89192 0.21635 0.39707 0.00000 0.00000 -1.00000 0.49686 0.76983 0.40061 0.00000 0.00000 -1.00000 -0.08834 0.91438 0.39509 0.00000 0.00000 -1.00000 -0.74334 0.54764 0.38410 0.00000 0.00000 -1.00000 0.53990 0.79694 0.27091 0.00000 0.00000 -1.00000 -0.08969 0.95865 0.27008 0.00000 0.00000 -1.00000 -0.67401 0.68529 0.27583 0.00000 0.00000 -1.00000 -0.97050 0.01158 0.24082 -0.00000 0.00000 -1.00000 -0.85178 -0.46618 0.23906 0.00000 0.00000 -1.00000 -0.46351 -0.84998 0.25038 0.00000 -0.00000 -1.00000 0.46300 -0.84379 0.27138 0.00000 0.00000 -1.00000 0.86838 -0.41365 0.27351 0.00000 0.00000 -1.00000 0.94973 0.17850 0.25722 0.00000 0.00000 -1.00000 0.96440 0.13938 0.22475 0.00000 0.00000 -1.00000 0.55999 0.79211 0.24286 0.00000 0.00000 -1.00000 -0.33161 0.91621 0.22490 0.00000 0.00000 -1.00000 -0.45728 0.86090 0.22306 0.00000 0.00000 -1.00000 -0.96299 0.10659 0.24758 -0.00000 0.00000 -1.00000 -0.60720 -0.76361 0.21956 0.00000 0.00000 -1.00000 -0.30541 -0.92826 0.21227 0.00000 -0.00000 -1.00000 0.24685 -0.93988 0.23597 0.00000 0.00000 -1.00000 0.95323 -0.20446 0.22258 0.00000 0.00000 -1.00000 0.31118 0.82704 0.46816 0.00000 0.00000 -1.00000 -0.27641 0.85133 0.44590 0.00000 0.00000 -1.00000 -0.64171 0.61595 0.45697 0.00000 0.00000 -1.00000 -0.87563 -0.11495 0.46911 -0.00000 0.00000 -1.00000 -0.53935 -0.70957 0.45345 0.00000 0.00000 -1.00000 -0.11920 -0.88323 0.45354 0.00000 -0.00000 -1.00000 0.54213 -0.70298 0.46035 0.00000 0.00000 -1.00000 0.86870 -0.21020 0.44852 0.00000 0.00000 -1.00000 0.83928 0.28720 0.46165 0.00000 0.00000 -1.00000 -0.41719 -0.86749 0.27094 0.00000 0.00000 -1.00000 -0.12769 -0.95323 0.27393 0.00000 -0.00000 -1.00000 0.63900 -0.71678 0.27912 0.00000 0.00000 -1.00000 0.96021 -0.11118 0.25617 0.00000 0.00000 -1.00000 0.91633 0.29484 0.27095 0.00000 0.00000 -1.00000 0.21751 0.93635 0.27556 0.00000 0.00000 -1.00000 -0.40700 0.87006 0.27811 0.00000 0.00000 -1.00000 -0.83995 0.46552 0.27888 0.00000 0.00000 -1.00000 -0.93790 -0.21309 0.27375 -0.00000 0.00000 -1.00000 0.20826 -0.89242 0.40028 0.00000 -0.00000 -1.00000 0.74525 -0.53622 0.39631 0.00000 0.00000 -1.00000 0.91483 0.08355 0.39510 0.00000 0.00000 -1.00000 0.71967 0.57133 0.39453 0.00000 0.00000 -1.00000 0.10971 0.90481 0.41145 0.00000 0.00000 -1.00000 -0.46475 0.78844 0.40295 0.00000 0.00000 -1.00000 -0.86630 0.27112 0.41955 -0.00000 0.00000 -1.00000 -0.81190 -0.40418 0.42125 0.00000 0.00000 -1.00000 -0.36307 -0.83668 0.41006 0.00000 0.00000 -1.00000 -0.96975 -0.09603 0.22442 -0.00000 0.00000 -1.00000 -0.50090 -0.83227 0.23754 0.00000 0.00000 -1.00000 -0.04121 -0.97217 0.23061 0.00000 -0.00000 -1.00000 0.69542 -0.67814 0.23771 0.00000 0.00000 -1.00000 0.96735 -0.09894 0.23334 0.00000 0.00000 -1.00000 0.75856 0.60806 0.23419 0.00000 0.00000 -1.00000 0.27040 0.93723 0.22017 0.00000 0.00000 -1.00000 -0.49095 0.84084 0.22796 0.00000 0.00000 -1.00000 -0.88897 0.40299 0.21756 0.00000 0.00000 -1.00000 -0.13971 0.92564 0.35168 0.00000 0.00000 -1.00000 -0.73689 0.57413 0.35688 0.00000 0.00000 -1.00000 -0.94193 0.01676 0.33540 -0.00000 0.00000 -1.00000 -0.76976 -0.54473 0.33278 0.00000 0.00000 -1.00000 -0.25504 -0.90149 0.34967 0.00000 -0.00000 -1.00000 0.59190 -0.72403 0.35417 0.00000 0.00000 -1.00000 0.88118 -0.32521 0.34316 0.00000 0.00000 -1.00000 0.88477 0.29724 0.35893 0.00000 0.00000 -1.00000 0.51845 0.77399 0.36353 0.00000 0.00000 -1.00000 -0.74381 -0.50066 0.44282 0.00000 0.00000 -1.00000 -0.49532 -0.74476 0.44721 0.00000 0.00000 -1.00000 0.25243 -0.83988 0.48049 0.00000 -0.00000 -1.00000 0.70177 -0.54151 0.46290 0.00000 0.00000 -1.00000 0.89242 0.09337 0.44143 0.00000 0.00000 -1.00000 0.62849 0.62378 0.46465 0.00000 0.00000 -1.00000 -0.06223 0.89397 0.44378 0.00000 0.00000 -1.00000 -0.36289 0.81983 0.44293 0.00000 0.00000 -1.00000 -0.82381 0.32727 0.46284 -0.00000 0.00000 -1.00000 -0.10934 -0.94233 0.31631 0.00000 -0.00000 -1.00000 0.49585 -0.80263 0.33155 0.00000 0.00000 -1.00000 0.94888 0.03400 0.31381 0.00000 0.00000 -1.00000 0.85634 0.40502 0.32039 0.00000 0.00000 -1.00000 0.25209 0.91987 0.30048 0.00000 0.00000 -1.00000 -0.47706 0.82580 0.30076 0.00000 0.00000 -1.00000 -0.80712 0.51509 0.28852 0.00000 0.00000 -1.00000 -0.89385 -0.32317 0.31079 -0.00000 0.00000 -1.00000 -0.59562 -0.74249 0.30649 0.00000 0.00000 -1.00000 -0.84881 -0.30048 0.43500 0.00000 0.00000 -1.00000 -0.42515 -0.80284 0.41796 0.00000 0.00000 -1.00000 0.13872 -0.89515 0.42364 0.00000 -0.00000 -1.00000 0.69885 -0.57188 0.42961 0.00000 0.00000 -1.00000 0.88490 -0.14716 0.44193 0.00000 0.00000 -1.00000 0.64452 0.62615 0.43878 0.00000 0.00000 -1.00000 0.18795 0.87533 0.44550 0.00000 0.00000 -1.00000 -0.37384 0.80441 0.46170 0.00000 0.00000 -1.00000 -0.88547 0.12378 0.44791 -0.00000 0.00000 -1.00000 0.87026 -0.18585 0.45619 0.00000 0.00000 -1.00000 0.77358 0.43788 0.45808 0.00000 0.00000 -1.00000 0.41252 0.77845 0.47311 0.00000 0.00000 -1.00000 -0.23451 0.83600 0.49610 0.00000 0.00000 -1.00000 -0.78078 0.38962 0.48845 0.00000 0.00000 -1.00000 -0.87420 -0.07271 0.48010 -0.00000 0.00000 -1.00000 -0.48059 -0.73484 0.47858 0.00000 0.00000 -1.00000 0.02500 -0.88331 0.46812 0.00000 -0.00000 -1.00000 0.49866 -0.72730 0.47157 0.00000 0.00000 -1.00000 0.24762 0.87791 0.40982 0.00000 0.00000 -1.00000 -0.62118 0.67584 0.39670 0.00000 0.00000 -1.00000 -0.80820 0.43696 0.39481 -0.00000 0.00000 -1.00000 -0.83032 -0.33721 0.44370 0.00000 0.00000 -1.00000 -0.30255 -0.85485 0.42154 0.00000 0.00000 -1.00000 0.16771 -0.89309 0.41746 0.00000 -0.00000 -1.00000 0.77250 -0.49098 0.40272 0.00000 0.00000 -1.00000 0.92686 -0.00556 0.37536 0.00000 0.00000 -1.00000 0.73554 0.54704 0.39965 0.00000 0.00000 -1.00000 -0.01901 0.96172 0.27336 0.00000 0.00000 -1.00000 -0.41384 0.86868 0.27228 0.00000 0.00000 -1.00000 -0.91084 0.29500 0.28871 0.00000 0.00000 -1.00000 -0.91991 -0.27049 0.28389 -0.00000 0.00000 -1.00000 -0.56921 -0.77596 0.27184 0.00000 0.00000 -1.00000 0.17892 -0.94112 0.28684 0.00000 -0.00000 -1.00000 0.74759 -0.59467 0.29576 0.00000 0.00000 -1.00000 0.94220 0.19018 0.27583 0.00000 0.00000 -1.00000 0.81093 0.51102 0.28505 0.00000 0.00000 -1.00000 -0.13682 -0.96352 0.23002 0.00000 -0.00000 -1.00000 0.65739 -0.71580 0.23551 0.00000 0.00000 -1.00000 0.94586 -0.23192 0.22709 0.00000 0.00000 -1.00000 0.84608 0.48211 0.22742 0.00000 0.00000 -1.00000 0.38111 0.89658 0.22558 0.00000 0.00000 -1.00000 -0.13287 0.96583 0.22251 0.00000 0.00000 -1.00000 -0.74547 0.62537 0.23061 0.00000 0.00000 -1.00000 -0.96855 -0.05907 0.24170 -0.00000 0.00000 -1.00000 -0.63646 -0.73671 0.22842 0.00000 0.00000 -1.00000 -0.14026 0.93611 0.32253 0.00000 0.00000 -1.00000 -0.65717 0.67937 0.32648 0.00000 0.00000 -1.00000 -0.94734 -0.04500 0.31704 -0.00000 0.00000 -1.00000 -0.74858 -0.59023 0.30209 0.00000 0.00000 -1.00000 -0.22382 -0.92165 0.31697 0.00000 -0.00000 -1.00000 0.48048 -0.81486 0.32427 0.00000 0.00000 -1.00000 0.90929 -0.29073 0.29776 0.00000 0.00000 -1.00000 0.91698 0.25403 0.30760 0.00000 0.00000 -1.00000 0.44755 0.83403 0.32263 0.00000 0.00000 -1.00000 0.90429 0.26743 0.33277 0.00000 0.00000 -1.00000 0.27083 0.90333 0.33263 0.00000 0.00000 -1.00000 -0.22543 0.91966 0.32157 0.00000 0.00000 -1.00000 -0.78919 0.51925 0.32795 0.00000 0.00000 -1.00000 -0.94407 -0.00391 0.32973 -0.00000 0.00000 -1.00000 -0.52972 -0.78338 0.32514 0.00000 0.00000 -1.00000 -0.09751 -0.94371 0.31608 0.00000 -0.00000 -1.00000 0.40688 -0.85121 0.33150 0.00000 0.00000 -1.00000 0.93032 -0.14389 0.33735 0.00000 0.00000 -1.00000 0.87638 -0.15944 0.45446 0.00000 0.00000 -1.00000 0.81721 0.35621 0.45308 0.00000 0.00000 -1.00000 0.35355 0.81612 0.45712 0.00000 0.00000 -1.00000 -0.28356 0.84577 0.45196 0.00000 0.00000 -1.00000 -0.69319 0.55784 0.45639 0.00000 0.00000 -1.00000 -0.87974 -0.07861 0.46891 -0.00000 0.00000 -1.00000 -0.59953 -0.65194 0.46426 0.00000 0.00000 -1.00000 -0.04400 -0.88905 0.45569 0.00000 -0.00000 -1.00000 0.52827 -0.72307 0.44508 0.00000 0.00000 -1.00000 -0.70328 -0.63756 0.31450 0.00000 0.00000 -1.00000 -0.23961 -0.92157 0.30544 0.00000 -0.00000 -1.00000 0.29851 -0.90090 0.31506 0.00000 0.00000 -1.00000 0.89641 -0.32164 0.30495 0.00000 0.00000 -1.00000 0.94763 0.09014 0.30638 0.00000 0.00000 -1.00000 0.53063 0.78524 0.31910 0.00000 0.00000 -1.00000 -0.19694 0.92793 0.31649 0.00000 0.00000 -1.00000 -0.56519 0.76097 0.31858 0.00000 0.00000 -1.00000 -0.93857 0.08203 0.33520 -0.00000 0.00000 -1.00000 0.89048 0.05928 0.45115 0.00000 0.00000 -1.00000 0.75066 0.48131 0.45260 0.00000 0.00000 -1.00000 0.06248 0.88522 0.46095 0.00000 0.00000 -1.00000 -0.47920 0.75055 0.45502 0.00000 0.00000 -1.00000 -0.81940 0.36035 0.44579 -0.00000 0.00000 -1.00000 -0.84360 -0.25989 0.46989 0.00000 0.00000 -1.00000 -0.43611 -0.76896 0.46744 0.00000 0.00000 -1.00000 0.23576 -0.85715 0.45794 0.00000 -0.00000 -1.00000 0.62335 -0.63101 0.46179 0.00000 0.00000 -1.00000 -0.97587 -0.06456 0.20861 -0.00000 0.00000 -1.00000 -0.51852 -0.82696 0.21743 0.00000 0.00000 -1.00000 -0.26203 -0.93802 0.22684 0.00000 -0.00000 -1.00000 0.66663 -0.71077 0.22452 0.00000 0.00000 -1.00000 0.90743 -0.35367 0.22692 0.00000 0.00000 -1.00000 0.86426 0.44705 0.23065 0.00000 0.00000 -1.00000 0.26672 0.93301 0.24156 0.00000 0.00000 -1.00000 -0.30507 0.92127 0.24124 0.00000 0.00000 -1.00000 -0.92023 0.32556 0.21721 0.00000 0.00000 -1.00000 -0.95619 0.04429 0.28939 -0.00000 0.00000 -1.00000 -0.79953 -0.52961 0.28330 0.00000 0.00000 -1.00000 -0.04539 -0.96156 0.27083 0.00000 -0.00000 -1.00000 0.30361 -0.91256 0.27396 0.00000 0.00000 -1.00000 0.82325 -0.48795 0.29011 0.00000 0.00000 -1.00000 0.90135 0.33778 0.27106 0.00000 0.00000 -1.00000 0.54219 0.80111 0.25346 0.00000 0.00000 -1.00000 -0.22007 0.94226 0.25244 0.00000 0.00000 -1.00000 -0.41815 0.87080 0.25858 0.00000 0.00000 -1.00000 -0.06677 -0.93010 0.36119 0.00000 -0.00000 -1.00000 0.31345 -0.87868 0.36009 0.00000 0.00000 -1.00000 0.86313 -0.33747 0.37567 0.00000 0.00000 -1.00000 0.89596 0.25463 0.36389 0.00000 0.00000 -1.00000 0.53064 0.75867 0.37795 0.00000 0.00000 -1.00000 -0.25902 0.89878 0.35370 0.00000 0.00000 -1.00000 -0.69336 0.63400 0.34247 0.00000 0.00000 -1.00000 -0.91571 0.16533 0.36624 -0.00000 0.00000 -1.00000 -0.69519 -0.60898 0.38192 0.00000 0.00000 -1.00000 -0.65578 -0.60465 0.45206 0.00000 0.00000 -1.00000 -0.28732 -0.84232 0.45601 0.00000 -0.00000 -1.00000 0.41904 -0.77252 0.47710 0.00000 0.00000 -1.00000 0.79806 -0.36065 0.48273 0.00000 0.00000 -1.00000 0.81783 0.34887 0.45764 0.00000 0.00000 -1.00000 0.56443 0.68404 0.46206 0.00000 0.00000 -1.00000 -0.16170 0.87063 0.46460 0.00000 0.00000 -1.00000 -0.66504 0.58721 0.46142 0.00000 0.00000 -1.00000 -0.89026 -0.00838 0.45537 -0.00000 0.00000 -1.00000 0.26235 0.90100 0.34549 0.00000 0.00000 -1.00000 -0.47923 0.80314 0.35398 0.00000 0.00000 -1.00000 -0.85071 0.38560 0.35722 -0.00000 0.00000 -1.00000 -0.86610 -0.33394 0.37197 0.00000 0.00000 -1.00000 -0.35384 -0.86868 0.34669 0.00000 0.00000 -1.00000 0.06673 -0.93698 0.34296 0.00000 -0.00000 -1.00000 0.73720 -0.57456 0.35555 0.00000 0.00000 -1.00000 0.93663 0.00179 0.35032 0.00000 0.00000 -1.00000 0.67633 0.65187 0.34299 0.00000 0.00000 -1.00000 0.54732 0.76427 0.34107 0.00000 0.00000 -1.00000 0.03435 0.94265 0.33202 0.00000 0.00000 -1.00000 -0.54275 0.76836 0.33919 0.00000 0.00000 -1.00000 -0.93418 0.11589 0.33745 -0.00000 0.00000 -1.00000 -0.84946 -0.41052 0.33151 0.00000 0.00000 -1.00000 -0.25884 -0.91346 0.31399 0.00000 -0.00000 -1.00000 0.31676 -0.89105 0.32511 0.00000 0.00000 -1.00000 0.81299 -0.47404 0.33815 0.00000 0.00000 -1.00000 0.89741 0.26024 0.35627 0.00000 0.00000 -1.00000 0.24105 0.89672 0.37121 0.00000 0.00000 -1.00000 -0.36555 0.85104 0.37698 0.00000 0.00000 -1.00000 -0.82779 0.41279 0.37995 0.00000 0.00000 -1.00000 -0.89610 -0.23672 0.37546 -0.00000 0.00000 -1.00000 -0.54558 -0.74798 0.37798 0.00000 0.00000 -1.00000 0.08667 -0.92545 0.36883 0.00000 -0.00000 -1.00000 0.62826 -0.68126 0.37572 0.00000 0.00000 -1.00000 0.91885 -0.11756 0.37668 0.00000 0.00000 -1.00000 0.74088 0.55745 0.37462 0.00000 0.00000 -1.00000 -0.04018 -0.95791 0.28425 0.00000 -0.00000 -1.00000 0.29382 -0.91311 0.28268 0.00000 0.00000 -1.00000 0.91551 -0.28801 0.28086 0.00000 0.00000 -1.00000 0.93398 0.20897 0.28986 0.00000 0.00000 -1.00000 0.51537 0.80852 0.28407 0.00000 0.00000 -1.00000 -0.04344 0.96015 0.27609 0.00000 0.00000 -1.00000 -0.72651 0.62717 0.28079 0.00000 0.00000 -1.00000 -0.96095 -0.01029 0.27653 -0.00000 0.00000 -1.00000 -0.86530 -0.41304 0.28399 0.00000 0.00000 -1.00000 0.89989 0.35762 0.24961 0.00000 0.00000 -1.00000 0.65133 0.71715 0.24793 0.00000 0.00000 -1.00000 -0.20337 0.94641 0.25090 0.00000 0.00000 -1.00000 -0.79927 0.54712 0.24866 0.00000 0.00000 -1.00000 -0.95636 0.16012 0.24441 -0.00000 0.00000 -1.00000 -0.71427 -0.65394 0.24936 0.00000 0.00000 -1.00000 -0.24759 -0.93903 0.23860 0.00000 -0.00000 -1.00000 0.53149 -0.81446 0.23274 0.00000 0.00000 -1.00000 0.75454 -0.61115 0.23908 0.00000 0.00000 -1.00000 0.46065 0.81523 0.35101 0.00000 0.00000 -1.00000 -0.18683 0.91765 0.35072 0.00000 0.00000 -1.00000 -0.77112 0.53389 0.34689 0.00000 0.00000 -1.00000 -0.93312 -0.11918 0.33923 -0.00000 0.00000 -1.00000 -0.70703 -0.62173 0.33699 0.00000 0.00000 -1.00000 -0.11913 -0.93088 0.34536 0.00000 -0.00000 -1.00000 0.48690 -0.80301 0.34366 0.00000 0.00000 -1.00000 0.92137 -0.19562 0.33588 0.00000 0.00000 -1.00000 0.88357 0.32436 0.33778 0.00000 0.00000 -1.00000 -0.93742 0.06282 0.34247 -0.00000 0.00000 -1.00000 -0.58188 -0.73431 0.34957 0.00000 0.00000 -1.00000 -0.11920 -0.93086 0.34539 0.00000 -0.00000 -1.00000 0.48424 -0.80476 0.34332 0.00000 0.00000 -1.00000 0.89405 -0.28728 0.34373 0.00000 0.00000 -1.00000 0.86145 0.35900 0.35920 0.00000 0.00000 -1.00000 0.40453 0.84366 0.35297 0.00000 0.00000 -1.00000 -0.33505 0.87710 0.34414 0.00000 0.00000 -1.00000 -0.79467 0.50849 0.33156 0.00000 0.00000 -1.00000 -0.96557 0.05060 0.25518 -0.00000 0.00000 -1.00000 -0.57549 -0.77589 0.25847 0.00000 0.00000 -1.00000 -0.25143 -0.93482 0.25077 0.00000 -0.00000 -1.00000 0.57905 -0.77223 0.26144 0.00000 0.00000 -1.00000 0.94238 -0.22663 0.24608 0.00000 0.00000 -1.00000 0.84284 0.47809 0.24710 0.00000 0.00000 -1.00000 0.34825 0.90533 0.24311 0.00000 0.00000 -1.00000 -0.21845 0.94418 0.24657 0.00000 0.00000 -1.00000 -0.72041 0.64772 0.24793 0.00000 0.00000 -1.00000 0.25192 -0.84284 0.47556 0.00000 -0.00000 -1.00000 0.69766 -0.51782 0.49511 0.00000 0.00000 -1.00000 0.85316 0.12010 0.50764 0.00000 0.00000 -1.00000 0.48162 0.72741 0.48879 0.00000 0.00000 -1.00000 0.02518 0.86889 0.49436 0.00000 0.00000 -1.00000 -0.70867 0.51580 0.48140 0.00000 0.00000 -1.00000 -0.81642 0.31676 0.48283 -0.00000 0.00000 -1.00000 -0.74097 -0.45797 0.49115 0.00000 0.00000 -1.00000 -0.27997 -0.83072 0.48117 0.00000 0.00000 -1.00000 0.96191 0.13462 0.23792 0.00000 0.00000 -1.00000 0.54645 0.80327 0.23697 0.00000 0.00000 -1.00000 0.04699 0.96708 0.25011 0.00000 0.00000 -1.00000 -0.79839 0.54666 0.25247 0.00000 0.00000 -1.00000 -0.97051 -0.01165 0.24078 -0.00000 0.00000 -1.00000 -0.79872 -0.54962 0.24488 0.00000 0.00000 -1.00000 -0.17410 -0.95778 0.22881 0.00000 -0.00000 -1.00000 0.18403 -0.95350 0.23867 0.00000 0.00000 -1.00000 0.92304 -0.30121 0.23932 0.00000 0.00000 -1.00000 0.82256 -0.52293 0.22345 0.00000 0.00000 -1.00000 0.89895 0.37025 0.23411 0.00000 0.00000 -1.00000 0.49732 0.83743 0.22669 0.00000 0.00000 -1.00000 -0.13602 0.96775 0.21205 0.00000 0.00000 -1.00000 -0.64993 0.72462 0.22916 0.00000 0.00000 -1.00000 -0.97002 -0.02591 0.24166 -0.00000 0.00000 -1.00000 -0.75359 -0.61279 0.23790 0.00000 0.00000 -1.00000 -0.17130 -0.95506 0.24191 0.00000 -0.00000 -1.00000 0.64091 -0.73310 0.22759 0.00000 0.00000 -1.00000 -0.37593 0.85957 0.34614 0.00000 0.00000 -1.00000 -0.86401 0.36440 0.34741 0.00000 0.00000 -1.00000 -0.92328 -0.16445 0.34715 -0.00000 0.00000 -1.00000 -0.60862 -0.70586 0.36242 0.00000 0.00000 -1.00000 0.13599 -0.92687 0.34989 0.00000 -0.00000 -1.00000 0.60859 -0.71649 0.34096 0.00000 0.00000 -1.00000 0.92324 -0.14604 0.35540 0.00000 0.00000 -1.00000 0.80352 0.47953 0.35273 0.00000 0.00000 -1.00000 0.18801 0.91561 0.35540 0.00000 0.00000 -1.00000 0.10211 -0.92855 0.35690 0.00000 -0.00000 -1.00000 0.63452 -0.68803 0.35214 0.00000 0.00000 -1.00000 0.92920 -0.07304 0.36228 0.00000 0.00000 -1.00000 0.77064 0.53332 0.34884 0.00000 0.00000 -1.00000 0.29492 0.89064 0.34610 0.00000 0.00000 -1.00000 -0.44882 0.83191 0.32633 0.00000 0.00000 -1.00000 -0.78197 0.53145 0.32570 0.00000 0.00000 -1.00000 -0.93969 0.00386 0.34200 -0.00000 0.00000 -1.00000 -0.57417 -0.73679 0.35702 0.00000 0.00000 -1.00000 0.15103 -0.85162 0.50192 0.00000 -0.00000 -1.00000 0.71559 -0.46743 0.51908 0.00000 0.00000 -1.00000 0.85147 0.12767 0.50862 0.00000 0.00000 -1.00000 0.65807 0.55713 0.50651 0.00000 0.00000 -1.00000 0.00351 0.86725 0.49787 0.00000 0.00000 -1.00000 -0.45044 0.74372 0.49395 0.00000 0.00000 -1.00000 -0.83478 0.24026 0.49540 -0.00000 0.00000 -1.00000 -0.78475 -0.38604 0.48492 0.00000 0.00000 -1.00000 -0.35541 -0.79644 0.48925 0.00000 0.00000 -1.00000 -0.93028 -0.06237 0.36152 -0.00000 0.00000 -1.00000 -0.87332 -0.33030 0.35806 0.00000 0.00000 -1.00000 -0.27732 -0.87919 0.38745 0.00000 -0.00000 -1.00000 0.42115 -0.82806 0.37007 0.00000 0.00000 -1.00000 0.77371 -0.49459 0.39592 0.00000 0.00000 -1.00000 0.87526 0.28641 0.38973 0.00000 0.00000 -1.00000 0.61762 0.67966 0.39574 0.00000 0.00000 -1.00000 -0.19850 0.90709 0.37120 0.00000 0.00000 -1.00000 -0.60632 0.70849 0.36115 0.00000 0.00000 -1.00000 -0.83445 -0.40681 0.37176 0.00000 0.00000 -1.00000 -0.38659 -0.84244 0.37529 0.00000 0.00000 -1.00000 0.13892 -0.91083 0.38870 0.00000 -0.00000 -1.00000 0.78948 -0.46678 0.39854 0.00000 0.00000 -1.00000 0.89164 0.24564 0.38032 0.00000 0.00000 -1.00000 0.72689 0.57405 0.37696 0.00000 0.00000 -1.00000 0.01746 0.92874 0.37031 0.00000 0.00000 -1.00000 -0.62502 0.69020 0.36466 0.00000 0.00000 -1.00000 -0.85380 0.36703 0.36922 -0.00000 0.00000 -1.00000 0.60386 -0.70801 0.36616 0.00000 0.00000 -1.00000 0.90690 -0.17803 0.38189 0.00000 0.00000 -1.00000 0.69867 0.60669 0.37919 0.00000 0.00000 -1.00000 0.14817 0.92025 0.36221 0.00000 0.00000 -1.00000 -0.33250 0.87389 0.35463 0.00000 0.00000 -1.00000 -0.74633 0.55397 0.36893 0.00000 0.00000 -1.00000 -0.89199 -0.25409 0.37389 -0.00000 0.00000 -1.00000 -0.52875 -0.77066 0.35566 0.00000 0.00000 -1.00000 0.08939 -0.92887 0.35945 0.00000 -0.00000 -1.00000 0.84313 0.11021 0.52629 0.00000 0.00000 -1.00000 0.64311 0.56251 0.51961 0.00000 0.00000 -1.00000 0.17804 0.82770 0.53218 0.00000 0.00000 -1.00000 -0.35004 0.77197 0.53060 0.00000 0.00000 -1.00000 -0.78359 0.31998 0.53255 -0.00000 0.00000 -1.00000 -0.75728 -0.38637 0.52654 0.00000 0.00000 -1.00000 -0.45772 -0.71819 0.52413 0.00000 0.00000 -1.00000 0.20954 -0.82311 0.52782 0.00000 -0.00000 -1.00000 0.58949 -0.61010 0.52941 0.00000 0.00000 -1.00000 0.56626 -0.73612 0.37079 0.00000 0.00000 -1.00000 0.88675 -0.27767 0.36956 0.00000 0.00000 -1.00000 0.82657 0.43300 0.35958 0.00000 0.00000 -1.00000 0.49138 0.78974 0.36722 0.00000 0.00000 -1.00000 -0.29622 0.87426 0.38461 0.00000 0.00000 -1.00000 -0.71850 0.58479 0.37653 0.00000 0.00000 -1.00000 -0.90789 -0.19522 0.37099 -0.00000 0.00000 -1.00000 -0.69345 -0.61864 0.36934 0.00000 0.00000 -1.00000 -0.01950 -0.92765 0.37294 0.00000 -0.00000 -1.00000 0.86336 0.28615 0.41560 0.00000 0.00000 -1.00000 0.44745 0.78109 0.43553 0.00000 0.00000 -1.00000 -0.21895 0.88377 0.41353 0.00000 0.00000 -1.00000 -0.61605 0.66672 0.41949 0.00000 0.00000 -1.00000 -0.90196 -0.09602 0.42101 -0.00000 0.00000 -1.00000 -0.60801 -0.67607 0.41625 0.00000 0.00000 -1.00000 -0.09404 -0.90817 0.40789 0.00000 -0.00000 -1.00000 0.43501 -0.79438 0.42394 0.00000 0.00000 -1.00000 0.87709 -0.21885 0.42757 0.00000 0.00000 -1.00000 0.18809 0.92353 0.33422 0.00000 0.00000 -1.00000 -0.49647 0.80578 0.32285 0.00000 0.00000 -1.00000 -0.79565 0.50921 0.32809 0.00000 0.00000 -1.00000 -0.87143 -0.38078 0.30924 -0.00000 0.00000 -1.00000 -0.43442 -0.84869 0.30168 0.00000 0.00000 -1.00000 0.05250 -0.95703 0.28520 0.00000 -0.00000 -1.00000 0.74302 -0.59585 0.30476 0.00000 0.00000 -1.00000 0.92222 -0.22461 0.31473 0.00000 0.00000 -1.00000 0.78439 0.52159 0.33567 0.00000 0.00000 -1.00000 -0.29910 0.84312 0.44686 0.00000 0.00000 -1.00000 -0.76633 0.46588 0.44237 0.00000 0.00000 -1.00000 -0.88851 -0.06622 0.45406 -0.00000 0.00000 -1.00000 -0.59998 -0.66554 0.44394 0.00000 0.00000 -1.00000 -0.03019 -0.89710 0.44080 0.00000 -0.00000 -1.00000 0.55670 -0.70669 0.43666 0.00000 0.00000 -1.00000 0.89363 -0.10849 0.43550 0.00000 0.00000 -1.00000 0.81276 0.40908 0.41483 0.00000 0.00000 -1.00000 0.46265 0.77371 0.43281 0.00000 0.00000 -1.00000 0.45386 0.85835 0.23925 0.00000 0.00000 -1.00000 -0.21588 0.95070 0.22261 0.00000 0.00000 -1.00000 -0.78633 0.57366 0.22934 0.00000 0.00000 -1.00000 -0.97757 -0.00924 0.21041 -0.00000 0.00000 -1.00000 -0.71286 -0.66858 0.21172 0.00000 0.00000 -1.00000 -0.40551 -0.88630 0.22369 0.00000 -0.00000 -1.00000 0.51522 -0.82283 0.23980 0.00000 0.00000 -1.00000 0.91023 -0.34151 0.23419 0.00000 0.00000 -1.00000 0.82876 0.50837 0.23393 0.00000 0.00000 -1.00000 0.26624 0.87958 0.39427 0.00000 0.00000 -1.00000 -0.43443 0.81817 0.37666 0.00000 0.00000 -1.00000 -0.78375 0.50095 0.36714 0.00000 0.00000 -1.00000 -0.91700 -0.10560 0.38466 -0.00000 0.00000 -1.00000 -0.62959 -0.67142 0.39091 0.00000 0.00000 -1.00000 -0.00835 -0.92345 0.38363 0.00000 -0.00000 -1.00000 0.63802 -0.66789 0.38321 0.00000 0.00000 -1.00000 0.87636 -0.28559 0.38786 0.00000 0.00000 -1.00000 0.80739 0.43603 0.39749 0.00000 0.00000 -1.00000 -0.71367 -0.60993 0.34448 0.00000 0.00000 -1.00000 0.20121 -0.92483 0.32281 0.00000 -0.00000 -1.00000 0.53491 -0.78354 0.31613 0.00000 0.00000 -1.00000 0.91735 -0.23519 0.32117 0.00000 0.00000 -1.00000 0.80058 0.49893 0.33186 0.00000 0.00000 -1.00000 0.23989 0.91288 0.33031 0.00000 0.00000 -1.00000 -0.37373 0.87428 0.30979 0.00000 0.00000 -1.00000 -0.81599 0.48576 0.31335 0.00000 0.00000 -1.00000 -0.94254 -0.12088 0.31145 -0.00000 0.00000 -1.00000 0.31584 0.81889 0.47924 0.00000 0.00000 -1.00000 -0.27982 0.82481 0.49131 0.00000 0.00000 -1.00000 -0.77770 0.38834 0.49434 0.00000 0.00000 -1.00000 -0.85648 -0.19803 0.47668 -0.00000 0.00000 -1.00000 -0.59251 -0.63781 0.49207 0.00000 0.00000 -1.00000 0.08884 -0.87179 0.48175 0.00000 -0.00000 -1.00000 0.53612 -0.69108 0.48474 0.00000 0.00000 -1.00000 0.85473 -0.16801 0.49112 0.00000 0.00000 -1.00000 0.70522 0.52098 0.48088 0.00000 0.00000 -1.00000 0.63390 -0.54517 0.54860 0.00000 0.00000 -1.00000 0.84607 -0.05071 0.53066 0.00000 0.00000 -1.00000 0.69426 0.47749 0.53852 0.00000 0.00000 -1.00000 0.26941 0.78985 0.55096 0.00000 0.00000 -1.00000 -0.29749 0.77582 0.55643 0.00000 0.00000 -1.00000 -0.74190 0.36690 0.56122 0.00000 0.00000 -1.00000 -0.79732 -0.23772 0.55478 -0.00000 0.00000 -1.00000 -0.50182 -0.65313 0.56709 0.00000 0.00000 -1.00000 0.07371 -0.82199 0.56471 0.00000 -0.00000 -1.00000 0.52436 0.79533 0.30413 0.00000 0.00000 -1.00000 0.25132 0.91970 0.30164 0.00000 0.00000 -1.00000 -0.68953 0.65404 0.31108 0.00000 0.00000 -1.00000 -0.92702 0.23086 0.29552 -0.00000 0.00000 -1.00000 -0.83459 -0.46677 0.29254 0.00000 0.00000 -1.00000 -0.22242 -0.92769 0.29986 0.00000 -0.00000 -1.00000 0.20172 -0.93093 0.30444 0.00000 0.00000 -1.00000 0.86917 -0.38130 0.31489 0.00000 0.00000 -1.00000 0.94640 0.05927 0.31750 0.00000 0.00000 -1.00000 0.22655 -0.94329 0.24264 0.00000 -0.00000 -1.00000 0.90518 -0.35500 0.23371 0.00000 0.00000 -1.00000 0.96559 0.10065 0.23981 0.00000 0.00000 -1.00000 0.66623 0.70588 0.24058 0.00000 0.00000 -1.00000 -0.11203 0.96111 0.25243 0.00000 0.00000 -1.00000 -0.71268 0.66152 0.23342 0.00000 0.00000 -1.00000 -0.94418 0.22388 0.24167 -0.00000 0.00000 -1.00000 -0.80838 -0.53712 0.24090 0.00000 0.00000 -1.00000 -0.35595 -0.90434 0.23553 0.00000 0.00000 -1.00000 -0.09284 -0.95499 0.28175 0.00000 -0.00000 -1.00000 0.55914 -0.78217 0.27489 0.00000 0.00000 -1.00000 0.90380 -0.32797 0.27494 0.00000 0.00000 -1.00000 0.89022 0.36813 0.26832 0.00000 0.00000 -1.00000 0.37219 0.88778 0.27077 0.00000 0.00000 -1.00000 -0.10074 0.95769 0.26961 0.00000 0.00000 -1.00000 -0.69060 0.66727 0.27896 0.00000 0.00000 -1.00000 -0.94626 -0.18489 0.26535 -0.00000 0.00000 -1.00000 -0.75691 -0.59776 0.26414 0.00000 0.00000 -1.00000 0.18567 0.95244 0.24162 0.00000 0.00000 -1.00000 -0.42387 0.87017 0.25126 0.00000 0.00000 -1.00000 -0.87098 0.41180 0.26800 0.00000 0.00000 -1.00000 -0.92343 -0.27233 0.27041 -0.00000 0.00000 -1.00000 -0.39627 -0.87876 0.26601 0.00000 0.00000 -1.00000 0.24046 -0.93862 0.24732 0.00000 -0.00000 -1.00000 0.67676 -0.69357 0.24689 0.00000 0.00000 -1.00000 0.96786 0.04950 0.24655 0.00000 0.00000 -1.00000 0.73503 0.62904 0.25306 0.00000 0.00000 -1.00000 -0.89462 0.31728 0.31462 0.00000 0.00000 -1.00000 -0.93361 -0.15966 0.32076 -0.00000 0.00000 -1.00000 -0.67781 -0.65613 0.33178 0.00000 0.00000 -1.00000 0.18816 -0.92387 0.33325 0.00000 -0.00000 -1.00000 0.76684 -0.56993 0.29520 0.00000 0.00000 -1.00000 0.90826 -0.28784 0.30366 0.00000 0.00000 -1.00000 0.75586 0.55814 0.34228 0.00000 0.00000 -1.00000 0.26466 0.90034 0.34545 0.00000 0.00000 -1.00000 -0.52894 0.78483 0.32291 0.00000 0.00000 -1.00000 0.53488 -0.80371 0.26067 0.00000 0.00000 -1.00000 0.96577 -0.01377 0.25905 0.00000 0.00000 -1.00000 0.84003 0.47646 0.25950 0.00000 0.00000 -1.00000 0.30885 0.91422 0.26232 0.00000 0.00000 -1.00000 -0.34648 0.90004 0.26434 0.00000 0.00000 -1.00000 -0.90790 0.33807 0.24784 0.00000 0.00000 -1.00000 -0.96256 -0.13213 0.23667 -0.00000 0.00000 -1.00000 -0.47442 -0.84866 0.23389 0.00000 0.00000 -1.00000 0.03590 -0.97154 0.23415 0.00000 -0.00000 -1.00000 -0.59174 0.72018 0.36219 0.00000 0.00000 -1.00000 -0.93163 0.07197 0.35621 -0.00000 0.00000 -1.00000 -0.75052 -0.56152 0.34845 0.00000 0.00000 -1.00000 -0.33753 -0.87175 0.35514 0.00000 -0.00000 -1.00000 0.63418 -0.70855 0.30948 0.00000 0.00000 -1.00000 0.83685 -0.46187 0.29387 0.00000 0.00000 -1.00000 0.93953 0.11551 0.32241 0.00000 0.00000 -1.00000 0.56753 0.75941 0.31813 0.00000 0.00000 -1.00000 0.06778 0.94455 0.32131 0.00000 0.00000 -1.00000 0.95105 -0.16402 0.26192 0.00000 0.00000 -1.00000 0.87053 0.41430 0.26557 0.00000 0.00000 -1.00000 0.38622 0.87998 0.27654 0.00000 0.00000 -1.00000 -0.39425 0.87863 0.26940 0.00000 0.00000 -1.00000 -0.77482 0.57259 0.26793 0.00000 0.00000 -1.00000 -0.94913 -0.15113 0.27626 -0.00000 0.00000 -1.00000 -0.57833 -0.76861 0.27343 0.00000 0.00000 -1.00000 -0.09806 -0.95709 0.27270 0.00000 -0.00000 -1.00000 0.62008 -0.73669 0.26981 0.00000 0.00000 -1.00000 0.94631 -0.18509 0.26502 0.00000 0.00000 -1.00000 0.87295 0.40856 0.26652 0.00000 0.00000 -1.00000 0.32459 0.90479 0.27566 0.00000 0.00000 -1.00000 -0.23252 0.93536 0.26652 0.00000 0.00000 -1.00000 -0.78633 0.55094 0.27953 0.00000 0.00000 -1.00000 -0.95051 -0.11832 0.28730 -0.00000 0.00000 -1.00000 -0.67340 -0.68158 0.28633 0.00000 0.00000 -1.00000 -0.02150 -0.95967 0.28029 0.00000 -0.00000 -1.00000 0.53279 -0.80098 0.27308 0.00000 0.00000 -1.00000 -0.26852 0.93105 0.24707 0.00000 0.00000 -1.00000 -0.87599 0.41694 0.24250 0.00000 0.00000 -1.00000 -0.96654 -0.10635 0.23342 -0.00000 0.00000 -1.00000 -0.45912 -0.85284 0.24875 0.00000 0.00000 -1.00000 0.07031 -0.96864 0.23830 0.00000 -0.00000 -1.00000 0.62850 -0.74089 0.23680 0.00000 0.00000 -1.00000 0.92076 -0.30545 0.24268 0.00000 0.00000 -1.00000 0.78566 0.57248 0.23452 0.00000 0.00000 -1.00000 0.35523 0.90355 0.23962 0.00000 0.00000 -1.00000 -0.50915 -0.78809 0.34595 0.00000 0.00000 -1.00000 0.23088 -0.91307 0.33615 0.00000 -0.00000 -1.00000 0.69025 -0.64273 0.33234 0.00000 0.00000 -1.00000 0.93573 -0.11204 0.33444 0.00000 0.00000 -1.00000 0.71371 0.61297 0.33895 0.00000 0.00000 -1.00000 0.26500 0.90110 0.34320 0.00000 0.00000 -1.00000 -0.47085 0.81648 0.33415 0.00000 0.00000 -1.00000 -0.87451 0.34664 0.33922 0.00000 0.00000 -1.00000 -0.88535 -0.31553 0.34148 -0.00000 0.00000 -1.00000 0.95419 -0.03372 0.29731 0.00000 0.00000 -1.00000 0.61851 0.71449 0.32704 0.00000 0.00000 -1.00000 -0.08219 0.94972 0.30211 0.00000 0.00000 -1.00000 -0.63792 0.71615 0.28318 0.00000 0.00000 -1.00000 -0.92854 0.24172 0.28174 -0.00000 0.00000 -1.00000 -0.91210 -0.28133 0.29819 0.00000 0.00000 -1.00000 -0.36999 -0.87578 0.31003 0.00000 0.00000 -1.00000 0.26029 -0.91129 0.31905 0.00000 -0.00000 -1.00000 0.90179 -0.31086 0.30025 0.00000 0.00000 -1.00000 -0.71533 0.59966 0.35875 0.00000 0.00000 -1.00000 -0.93855 0.00164 0.34515 -0.00000 0.00000 -1.00000 -0.87504 -0.33726 0.34723 0.00000 0.00000 -1.00000 -0.22797 -0.90035 0.37068 0.00000 -0.00000 -1.00000 0.34059 -0.86008 0.37983 0.00000 0.00000 -1.00000 0.88964 -0.28965 0.35306 0.00000 0.00000 -1.00000 0.92126 0.16893 0.35034 0.00000 0.00000 -1.00000 0.55904 0.75040 0.35267 0.00000 0.00000 -1.00000 -0.01876 0.92959 0.36811 0.00000 0.00000 -1.00000 -0.98280 -0.07190 0.17009 0.00000 0.00000 -1.00000 -0.51407 -0.83426 0.19937 0.00000 0.00000 -1.00000 0.55709 -0.81383 0.16531 0.00000 -0.00000 -1.00000 0.64628 -0.74558 0.16259 0.00000 0.00000 -1.00000 0.98460 -0.00844 0.17460 0.00000 0.00000 -1.00000 0.67697 0.71326 0.18157 0.00000 0.00000 -1.00000 0.18770 0.96297 0.19352 0.00000 0.00000 -1.00000 -0.72200 0.66575 0.18841 0.00000 0.00000 -1.00000 -0.97936 0.11764 0.16439 -0.00000 0.00000 -1.00000 0.89673 0.15406 0.41489 0.00000 0.00000 -1.00000 0.67939 0.60009 0.42227 0.00000 0.00000 -1.00000 0.04833 0.90479 0.42311 0.00000 0.00000 -1.00000 -0.59664 0.69057 0.40882 0.00000 0.00000 -1.00000 -0.88086 0.23695 0.40979 -0.00000 0.00000 -1.00000 -0.81699 -0.41854 0.39668 0.00000 0.00000 -1.00000 -0.41015 -0.81538 0.40858 0.00000 0.00000 -1.00000 0.21640 -0.88086 0.42102 0.00000 -0.00000 -1.00000 0.71952 -0.54853 0.42592 0.00000 0.00000 -1.00000 0.19103 0.94362 0.27036 0.00000 0.00000 -1.00000 -0.45460 0.85267 0.25747 0.00000 0.00000 -1.00000 -0.89101 0.37367 0.25782 0.00000 0.00000 -1.00000 -0.92615 -0.26555 0.26782 -0.00000 0.00000 -1.00000 -0.49351 -0.82950 0.26151 0.00000 0.00000 -1.00000 -0.09759 -0.95676 0.27403 0.00000 -0.00000 -1.00000 0.61078 -0.74066 0.27996 0.00000 0.00000 -1.00000 0.95638 -0.07835 0.28144 0.00000 0.00000 -1.00000 0.76928 0.56779 0.29295 0.00000 0.00000 -1.00000</float_array><technique_common><accessor source="#normals-array" count="7866" stride="3"><param name="X" type="float"/><param name="Y" type="float"/><param name="Z" type="float"/></accessor></technique_common></source>
<vertices id="vertices"><input semantic="POSITION" source="#positions"/></vertices><triangles count="7866"><input semantic="VERTEX" source="#vertices" offset="0"/><input semantic="NORMAL" source="#normals" offset="1"/><p>0 0 1 0 9 0 10 1 1 1 0 1 1 2 2 2 9 2 10 3 2 3 1 3 2 4 3 4 9 4 10 5 3 5 2 5 3 6 4 6 9 6 10 7 4 7 3 7 4 8 5 8 9 8 10 9 5 9 4 9 5 10 6 10 9 10 10 11 6 11 5 11 6 12 7 12 9 12 10 13 7 13 6 13 7 14 8 14 9 14 10 15 8 15 7 15 8 16 0 16 9 16 10 17 0 17 8 17 11 18 12 18 20 18 21 19 12 19 11 19 12 20 13 20 20 20 21 21 13 21 12 21 13 22 14 22 20 22 21 23 14 23 13 23 14 24 15 24 20 24 21 25 15 25 14 25 15 26 16 26 20 26 21 27 16 27 15 27 16 28 17 28 20 28 21 29 17 29 16 29 17 30 18 30 20 30 21 31 18 31 17 31 18 32 19 32 20 32 21 33 19 33 18 33 19 34 11 34 20 34 21 35 11 35 19 35 22 36 23 36 31 36 32 37 23 37 22 37 23 38 24 38 31 38 32 39 24 39 23 39 24 40 25 40 31 40 32 41 25 41 24 41 25 42 26 42 31 42 32 43 26 43 25 43 26 44 27 44 31 44 32 45 27 45 26 45 27 46 28 46 31 46 32 47 28 47 27 47 28 48 29 48 31 48 32 49 29 49 28 49 29 50 30 50 31 50 32 51 30 51 29 51 30 52 22 52 31 52 32 53 22 53 30 53 33 54 34 54 42 54 43 55 34 55 33 55 34 56 35 56 42 56 43 57 35 57 34 57 35 58 36 58 42 58 43 59 36 59 35 59 36 60 37 60 42 60 43 61 37 61 36 61 37 62 38 62 42 62 43 63 38 63 37 63 38 64 39 64 42 64 43 65 39 65 38 65 39 66 40 66 42 66 43 67 40 67 39 67 40 68 41 68 42 68 43 69 41 69 40 69 41 70 33 70 42 70 43 71 33 71 41 71 44 72 45 72 53 72 54 73 45 73 44 73 45 74 46 74 53 74 54 75 46 75 45 75 46 76 47 76 53 76 54 77 47 77 46 77 47 78 48 78 53 78 54 79 48 79 47 79 48 80 49 80 53 80 54 81 49 81 48 81 49 82 50 82 53 82 54 83 50 83 49 83 50 84 51 84 53 84 54 85 51 85 50 85 51 86 52 86 53 86 54 87 52 87 51 87 52 88 44 88 53 88 54 89 44 89 52 89 55 90 56 90 64 90 65 91 56 91 55 91 56 92 57 92 64 92 65 93 57 93 56 93 57 94 58 94 64 94 65 95 58 95 57 95 58 96 59 96 64 96 65 97 59 97 58 97 59 98 60 98 64 98 65 99 60 99 59 99 60 100 61 100 64 100 65 101 61 101 60 101 61 102 62 102 64 102 65 103 62 103 61 103 62 104 63 104 64 104 65 105 63 105 62 105 63 106 55 106 64 106 65 107 55 107 63 107 66 108 67 108 75 108 76 109 67 109 66 109 67 110 68 110 75 110 76 111 68 111 67 111 68 112 69 112 75 112 76 113 69 113 68 113 69 114 70 114 75 114 76 115 70 115 69 115 70 116 71 116 75 116 76 117 71 117 70 117 71 118 72 118 75 118 76 119 72 119 71 119 72 120 73 120 75 120 76 121 73 121 72 121 73 122 74 122 75 122 76 123 74 123 73 123 74 124 66 124 75 124 76 125 66 125 74 125 77 126 78 126 86 126 87 127 78 127 77 127 78 128 79 128 86 128 87 129 79 129 78 129 79 130 80 130 86 130 87 131 80 131 79 131 80 132 81 132 86 132 87 133 81 133 80 133 81 134 82 134 86 134 87 135 82 135 81 135 82 136 83 136 86 136 87 137 83 137 82 137 83 138 84 138 86 138 87 139 84 139 83 139 84 140 85 140 86 140 87 141 85 141 84 141 85 142 77 142 86 142 87 143 77 143 85 143 88 144 89 144 97 144 98 145 89 145 88 145 89 146 90 146 97 146 98 147 90 147 89 147 90 148 91 148 97 148 98 149 91 149 90 149 91 150 92 150 97 150 98 151 92 151 91 151 92 152 93 152 97 152 98 153 93 153 92 153 93 154 94 154 97 154 98 155 94 155 93 155 94 156 95 156 97 156 98 157 95 157 94 157 95 158 96 158 97 158 98 159 96 159 95 159 96 160 88 160 97 160 98 161 88 161 96 161 99 162 100 162 108 162 109 163 100 163 99 163 100 164 101 164 108 164 109 165 101 165 100 165 101 166 102 166 108 166 109 167 102 167 101 167 102 168 103 168 108 168 109 169 103 169 102 169 103 170 104 170 108 170 109 171 104 171 103 171 104 172 105 172 108 172 109 173 105 173 104 173 105 174 106 174 108 174 109 175 106 175 105 175 106 176 107 176 108 176 109 177 107 177 106 177 107 178 99 178 108 178 109 179 99 179 107 179 110 180 111 180 119 180 120 181 111 181 110 181 111 182 112 182 119 182 120 183 112 183 111 183 112 184 113 184 119 184 120 185 113 185 112 185 113 186 114 186 119 186 120 187 114 187 113 187 114 188 115 188 119 188 120 189 115 189 114 189 115 190 116 190 119 190 120 191 116 191 115 191 116 192 117 192 119 192 120 193 117 193 116 193 117 194 118 194 119 194 120 195 118 195 117 195 118 196 110 196 119 196 120 197 110 197 118 197 121 198 122 198 130 198 131 199 122 199 121 199 122 200 123 200 130 200 131 201 123 201 122 201 123 202 124 202 130 202 131 203 124 203 123 203 124 204 125 204 130 204 131 205 125 205 124 205 125 206 126 206 130 206 131 207 126 207 125 207 126 208 127 208 130 208 131 209 127 209 126 209 127 210 128 210 130 210 131 211 128 211 127 211 128 212 129 212 130 212 131 213 129 213 128 213 129 214 121 214 130 214 131 215 121 215 129 215 132 216 133 216 141 216 142 217 133 217 132 217 133 218 134 218 141 218 142 219 134 219 133 219 134 220 135 220 141 220 142 221 135 221 134 221 135 222 136 222 141 222 142 223 136 223 135 223 136 224 137 224 141 224 142 225 137 225 136 225 137 226 138 226 141 226 142 227 138 227 137 227 138 228 139 228 141 228 142 229 139 229 138 229 139 230 140 230 141 230 142 231 140 231 139 231 140 232 132 232 141 232 142 233 132 233 140 233 143 234 144 234 152 234 153 235 144 235 143 235 144 236 145 236 152 236 153 237 145 237 144 237 145 238 146 238 152 238 153 239 146 239 145 239 146 240 147 240 152 240 153 241 147 241 146 241 147 242 148 242 152 242 153 243 148 243 147 243 148 244 149 244 152 244 153 245 149 245 148 245 149 246 150 246 152 246 153 247 150 247 149 247 150 248 151 248 152 248 153 249 151 249 150 249 151 250 143 250 152 250 153 251 143 251 151 251 154 252 155 252 163 252 164 253 155 253 154 253 155 254 156 254 163 254 164 255 156 255 155 255 156 256 157 256 163 256 164 257 157 257 156 257 157 258 158 258 163 258 164 259 158 259 157 259 158 260 159 260 163 260 164 261 159 261 158 261 159 262 160 262 163 262 164 263 160 263 159 263 160 264 161 264 163 264 164 265 161 265 160 265 161 266 162 266 163 266 164 267 162 267 161 267 162 268 154 268 163 268 164 269 154 269 162 269 165 270 166 270 174 270 175 271 166 271 165 271 166 272 167 272 174 272 175 273 167 273 166 273 167 274 168 274 174 274 175 275 168 275 167 275 168 276 169 276 174 276 175 277 169 277 168 277 169 278 170 278 174 278 175 279 170 279 169 279 170 280 171 280 174 280 175 281 171 281 170 281 171 282 172 282 174 282 175 283 172 283 171 283 172 284 173 284 174 284 175 285 173 285 172 285 173 286 165 286 174 286 175 287 165 287 173 287 176 288 177 288 185 288 186 289 177 289 176 289 177 290 178 290 185 290 186 291 178 291 177 291 178 292 179 292 185 292 186 293 179 293 178 293 179 294 180 294 185 294 186 295 180 295 179 295 180 296 181 296 185 296 186 297 181 297 180 297 181 298 182 298 185 298 186 299 182 299 181 299 182 300 183 300 185 300 186 301 183 301 182 301 183 302 184 302 185 302 186 303 184 303 183 303 184 304 176 304 185 304 186 305 176 305 184 305 187 306 188 306 196 306 197 307 188 307 187 307 188 308 189 308 196 308 197 309 189 309 188 309 189 310 190 310 196 310 197 311 190 311 189 311 190 312 191 312 196 312 197 313 191 313 190 313 191 314 192 314 196 314 197 315 192 315 191 315 192 316 193 316 196 316 197 317 193 317 192 317 193 318 194 318 196 318 197 319 194 319 193 319 194 320 195 320 196 320 197 321 195 321 194 321 195 322 187 322 196 322 197 323 187 323 195 323 198 324 199 324 207 324 208 325 199 325 198 325 199 326 200 326 207 326 208 327 200 327 199 327 200 328 201 328 207 328 208 329 201 329 200 329 201 330 202 330 207 330 208 331 202 331 201 331 202 332 203 332 207 332 208 333 203 333 202 333 203 334 204 334 207 334 208 335 204 335 203 335 204 336 205 336 207 336 208 337 205 337 204 337 205 338 206 338 207 338 208 339 206 339 205 339 206 340 198 340 207 340 208 341 198 341 206 341 209 342 210 342 218 342 219 343 210 343 209 343 210 344 211 344 218 344 219 345 211 345 210 345 211 346 212 346 218 346 219 347 212 347 211 347 212 348 213 348 218 348 219 349 213 349 212 349 213 350 214 350 218 350 219 351 214 351 213 351 214 352 215 352 218 352 219 353 215 353 214 353 215 354 216 354 218 354 219 355 216 355 215 355 216 356 217 356 218 356 219 357 217 357 216 357 217 358 209 358 218 358 219 359 209 359 217 359 220 360 221 360 229 360 230 361 221 361 220 361 221 362 222 362 229 362 230 363 222 363 221 363 222 364 223 364 229 364 230 365 223 365 222 365 223 366 224 366 229 366 230 367 224 367 223 367 224 368 225 368 229 368 230 369 225 369 224 369 225 370 226 370 229 370 230 371 226 371 225 371 226 372 227 372 229 372 230 373 227 373 226 373 227 374 228 374 229 374 230 375 228 375 227 375 228 376 220 376 229 376 230 377 220 377 228 377 231 378 232 378 240 378 241 379 232 379 231 379 232 380 233 380 240 380 241 381 233 381 232 381 233 382 234 382 240 382 241 383 234 383 233 383 234 384 235 384 240 384 241 385 235 385 234 385 235 386 236 386 240 386 241 387 236 387 235 387 236 388 237 388 240 388 241 389 237 389 236 389 237 390 238 390 240 390 241 391 238 391 237 391 238 392 239 392 240 392 241 393 239 393 238 393 239 394 231 394 240 394 241 395 231 395 239 395 242 396 243 396 251 396 252 397 243 397 242 397 243 398 244 398 251 398 252 399 244 399 243 399 244 400 245 400 251 400 252 401 245 401 244 401 245 402 246 402 251 402 252 403 246 403 245 403 246 404 247 404 251 404 252 405 247 405 246 405 247 406 248 406 251 406 252 407 248 407 247 407 248 408 249 408 251 408 252 409 249 409 248 409 249 410 250 410 251 410 252 411 250 411 249 411 250 412 242 412 251 412 252 413 242 413 250 413 253 414 254 414 262 414 263 415 254 415 253 415 254 416 255 416 262 416 263 417 255 417 254 417 255 418 256 418 262 418 263 419 256 419 255 419 256 420 257 420 262 420 263 421 257 421 256 421 257 422 258 422 262 422 263 423 258 423 257 423 258 424 259 424 262 424 263 425 259 425 258 425 259 426 260 426 262 426 263 427 260 427 259 427 260 428 261 428 262 428 263 429 261 429 260 429 261 430 253 430 262 430 263 431 253 431 261 431 264 432 265 432 273 432 274 433 265 433 264 433 265 434 266 434 273 434 274 435 266 435 265 435 266 436 267 436 273 436 274 437 267 437 266 437 267 438 268 438 273 438 274 439 268 439 267 439 268 440 269 440 273 440 274 441 269 441 268 441 269 442 270 442 273 442 274 443 270 443 269 443 270 444 271 444 273 444 274 445 271 445 270 445 271 446 272 446 273 446 274 447 272 447 271 447 272 448 264 448 273 448 274 449 264 449 272 449 275 450 276 450 284 450 285 451 276 451 275 451 276 452 277 452 284 452 285 453 277 453 276 453 277 454 278 454 284 454 285 455 278 455 277 455 278 456 279 456 284 456 285 457 279 457 278 457 279 458 280 458 284 458 285 459 280 459 279 459 280 460 281 460 284 460 285 461 281 461 280 461 281 462 282 462 284 462 285 463 282 463 281 463 282 464 283 464 284 464 285 465 283 465 282 465 283 466 275 466 284 466 285 467 275 467 283 467 286 468 287 468 295 468 296 469 287 469 286 469 287 470 288 470 295 470 296 471 288 471 287 471 288 472 289 472 295 472 296 473 289 473 288 473 289 474 290 474 295 474 296 475 290 475 289 475 290 476 291 476 295 476 296 477 291 477 290 477 291 478 292 478 295 478 296 479 292 479 291 479 292 480 293 480 295 480 296 481 293 481 292 481 293 482 294 482 295 482 296 483 294 483 293 483 294 484 286 484 295 484 296 485 286 485 294 485 297 486 298 486 306 486 307 487 298 487 297 487 298 488 299 488 306 488 307 489 299 489 298 489 299 490 300 490 306 490 307 491 300 491 299 491 300 492 301 492 306 492 307 493 301 493 300 493 301 494 302 494 306 494 307 495 302 495 301 495 302 496 303 496 306 496 307 497 303 497 302 497 303 498 304 498 306 498 307 499 304 499 303 499 304 500 305 500 306 500 307 501 305 501 304 501 305 502 297 502 306 502 307 503 297 503 305 503 308 504 309 504 317 504 318 505 309 505 308 505 309 506 310 506 317 506 318 507 310 507 309 507 310 508 311 508 317 508 318 509 311 509 310 509 311 510 312 510 317 510 318 511 312 511 311 511 312 512 313 512 317 512 318 513 313 513 312 513 313 514 314 514 317 514 318 515 314 515 313 515 314 516 315 516 317 516 318 517 315 517 314 517 315 518 316 518 317 518 318 519 316 519 315 519 316 520 308 520 317 520 318 521 308 521 316 521 319 522 320 522 328 522 329 523 320 523 319 523 320 524 321 524 328 524 329 525 321 525 320 525 321 526 322 526 328 526 329 527 322 527 321 527 322 528 323 528 328 528 329 529 323 529 322 529 323 530 324 530 328 530 329 531 324 531 323 531 324 532 325 532 328 532 329 533 325 533 324 533 325 534 326 534 328 534 329 535 326 535 325 535 326 536 327 536 328 536 329 537 327 537 326 537 327 538 319 538 328 538 329 539 319 539 327 539 330 540 331 540 339 540 340 541 331 541 330 541 331 542 332 542 339 542 340 543 332 543 331 543 332 544 333 544 339 544 340 545 333 545 332 545 333 546 334 546 339 546 340 547 334 547 333 547 334 548 335 548 339 548 340 549 335 549 334 549 335 550 336 550 339 550 340 551 336 551 335 551 336 552 337 552 339 552 340 553 337 553 336 553 337 554 338 554 339 554 340 555 338 555 337 555 338 556 330 556 339 556 340 557 330 557 338 557 341 558 342 558 350 558 351 559 342 559 341 559 342 560 343 560 350 560 351 561 343 561 342 561 343 562 344 562 350 562 351 563 344 563 343 563 344 564 345 564 350 564 351 565 345 565 344 565 345 566 346 566 350 566 351 567 346 567 345 567 346 568 347 568 350 568 351 569 347 569 346 569 347 570 348 570 350 570 351 571 348 571 347 571 348 572 349 572 350 572 351 573 349 573 348 573 349 574 341 574 350 574 351 575 341 575 349 575 352 576 353 576 361 576 362 577 353 577 352 577 353 578 354 578 361 578 362 579 354 579 353 579 354 580 355 580 361 580 362 581 355 581 354 581 355 582 356 582 361 582 362 583 356 583 355 583 356 584 357 584 361 584 362 585 357 585 356 585 357 586 358 586 361 586 362 587 358 587 357 587 358 588 359 588 361 588 362 589 359 589 358 589 359 590 360 590 361 590 362 591 360 591 359 591 360 592 352 592 361 592 362 593 352 593 360 593 363 594 364 594 372 594 373 595 364 595 363 595 364 596 365 596 372 596 373 597 365 597 364 597 365 598 366 598 372 598 373 599 366 599 365 599 366 600 367 600 372 600 373 601 367 601 366 601 367 602 368 602 372 602 373 603 368 603 367 603 368 604 369 604 372 604 373 605 369 605 368 605 369 606 370 606 372 606 373 607 370 607 369 607 370 608 371 608 372 608 373 609 371 609 370 609 371 610 363 610 372 610 373 611 363 611 371 611 374 612 375 612 383 612 384 613 375 613 374 613 375 614 376 614 383 614 384 615 376 615 375 615 376 616 377 616 383 616 384 617 377 617 376 617 377 618 378 618 383 618 384 619 378 619 377 619 378 620 379 620 383 620 384 621 379 621 378 621 379 622 380 622 383 622 384 623 380 623 379 623 380 624 381 624 383 624 384 625 381 625 380 625 381 626 382 626 383 626 384 627 382 627 381 627 382 628 374 628 383 628 384 629 374 629 382 629 385 630 386 630 394 630 395 631 386 631 385 631 386 632 387 632 394 632 395 633 387 633 386 633 387 634 388 634 394 634 395 635 388 635 387 635 388 636 389 636 394 636 395 637 389 637 388 637 389 638 390 638 394 638 395 639 390 639 389 639 390 640 391 640 394 640 395 641 391 641 390 641 391 642 392 642 394 642 395 643 392 643 391 643 392 644 393 644 394 644 395 645 393 645 392 645 393 646 385 646 394 646 395 647 385 647 393 647 396 648 397 648 405 648 406 649 397 649 396 649 397 650 398 650 405 650 406 651 398 651 397 651 398 652 399 652 405 652 406 653 399 653 398 653 399 654 400 654 405 654 406 655 400 655 399 655 400 656 401 656 405 656 406 657 401 657 400 657 401 658 402 658 405 658 406 659 402 659 401 659 402 660 403 660 405 660 406 661 403 661 402 661 403 662 404 662 405 662 406 663 404 663 403 663 404 664 396 664 405 664 406 665 396 665 404 665 407 666 408 666 416 666 417 667 408 667 407 667 408 668 409 668 416 668 417 669 409 669 408 669 409 670 410 670 416 670 417 671 410 671 409 671 410 672 411 672 416 672 417 673 411 673 410 673 411 674 412 674 416 674 417 675 412 675 411 675 412 676 413 676 416 676 417 677 413 677 412 677 413 678 414 678 416 678 417 679 414 679 413 679 414 680 415 680 416 680 417 681 415 681 414 681 415 682 407 682 416 682 417 683 407 683 415 683 418 684 419 684 427 684 428 685 419 685 418 685 419 686 420 686 427 686 428 687 420 687 419 687 420 688 421 688 427 688 428 689 421 689 420 689 421 690 422 690 427 690 428 691 422 691 421 691 422 692 423 692 427 692 428 693 423 693 422 693 423 694 424 694 427 694 428 695 424 695 423 695 424 696 425 696 427 696 428 697 425 697 424 697 425 698 426 698 427 698 428 699 426 699 425 699 426 700 418 700 427 700 428 701 418 701 426 701 429 702 430 702 438 702 439 703 430 703 429 703 430 704 431 704 438 704 439 705 431 705 430 705 431 706 432 706 438 706 439 707 432 707 431 707 432 708 433 708 438 708 439 709 433 709 432 709 433 710 434 710 438 710 439 711 434 711 433 711 434 712 435 712 438 712 439 713 435 713 434 713 435 714 436 714 438 714 439 715 436 715 435 715 436 716 437 716 438 716 439 717 437 717 436 717 437 718 429 718 438 718 439 719 429 719 437 719 440 720 441 720 449 720 450 721 441 721 440 721 441 722 442 722 449 722 450 723 442 723 441 723 442 724 443 724 449 724 450 725 443 725 442 725 443 726 444 726 449 726 450 727 444 727 443 727 444 728 445 728 449 728 450 729 445 729 444 729 445 730 446 730 449 730 450 731 446 731 445 731 446 732 447 732 449 732 450 733 447 733 446 733 447 734 448 734 449 734 450 735 448 735 447 735 448 736 440 736 449 736 450 737 440 737 448 737 451 738 452 738 460 738 461 739 452 739 451 739 452 740 453 740 460 740 461 741 453 741 452 741 453 742 454 742 460 742 461 743 454 743 453 743 454 744 455 744 460 744 461 745 455 745 454 745 455 746 456 746 460 746 461 747 456 747 455 747 456 748 457 748 460 748 461 749 457 749 456 749 457 750 458 750 460 750 461 751 458 751 457 751 458 752 459 752 460 752 461 753 459 753 458 753 459 754 451 754 460 754 461 755 451 755 459 755 462 756 463 756 471 756 472 757 463 757 462 757 463 758 464 758 471 758 472 759 464 759 463 759 464 760 465 760 471 760 472 761 465 761 464 761 465 762 466 762 471 762 472 763 466 763 465 763 466 764 467 764 471 764 472 765 467 765 466 765 467 766 468 766 471 766 472 767 468 767 467 767 468 768 469 768 471 768 472 769 469 769 468 769 469 770 470 770 471 770 472 771 470 771 469 771 470 772 462 772 471 772 472 773 462 773 470 773 473 774 474 774 482 774 483 775 474 775 473 775 474 776 475 776 482 776 483 777 475 777 474 777 475 778 476 778 482 778 483 779 476 779 475 779 476 780 477 780 482 780 483 781 477 781 476 781 477 782 478 782 482 782 483 783 478 783 477 783 478 784 479 784 482 784 483 785 479 785 478 785 479 786 480 786 482 786 483 787 480 787 479 787 480 788 481 788 482 788 483 789 481 789 480 789 481 790 473 790 482 790 483 791 473 791 481 791 484 792 485 792 493 792 494 793 485 793 484 793 485 794 486 794 493 794 494 795 486 795 485 795 486 796 487 796 493 796 494 797 487 797 486 797 487 798 488 798 493 798 494 799 488 799 487 799 488 800 489 800 493 800 494 801 489 801 488 801 489 802 490 802 493 802 494 803 490 803 489 803 490 804 491 804 493 804 494 805 491 805 490 805 491 806 492 806 493 806 494 807 492 807 491 807 492 808 484 808 493 808 494 809 484 809 492 809 495 810 496 810 504 810 505 811 496 811 495 811 496 812 497 812 504 812 505 813 497 813 496 813 497 814 498 814 504 814 505 815 498 815 497 815 498 816 499 816 504 816 505 817 499 817 498 817 499 818 500 818 504 818 505 819 500 819 499 819 500 820 501 820 504 820 505 821 501 821 500 821 501 822 502 822 504 822 505 823 502 823 501 823 502 824 503 824 504 824 505 825 503 825 502 825 503 826 495 826 504 826 505 827 495 827 503 827 506 828 507 828 515 828 516 829 507 829 506 829 507 830 508 830 515 830 516 831 508 831 507 831 508 832 509 832 515 832 516 833 509 833 508 833 509 834 510 834 515 834 516 835 510 835 509 835 510 836 511 836 515 836 516 837 511 837 510 837 511 838 512 838 515 838 516 839 512 839 511 839 512 840 513 840 515 840 516 841 513 841 512 841 513 842 514 842 515 842 516 843 514 843 513 843 514 844 506 844 515 844 516 845 506 845 514 845 517 846 518 846 526 846 527 847 518 847 517 847 518 848 519 848 526 848 527 849 519 849 518 849 519 850 520 850 526 850 527 851 520 851 519 851 520 852 521 852 526 852 527 853 521 853 520 853 521 854 522 854 526 854 527 855 522 855 521 855 522 856 523 856 526 856 527 857 523 857 522 857 523 858 524 858 526 858 527 859 524 859 523 859 524 860 525 860 526 860 527 861 525 861 524 861 525 862 517 862 526 862 527 863 517 863 525 863 528 864 529 864 537 864 538 865 529 865 528 865 529 866 530 866 537 866 538 867 530 867 529 867 530 868 531 868 537 868 538 869 531 869 530 869 531 870 532 870 537 870 538 871 532 871 531 871 532 872 533 872 537 872 538 873 533 873 532 873 533 874 534 874 537 874 538 875 534 875 533 875 534 876 535 876 537 876 538 877 535 877 534 877 535 878 536 878 537 878 538 879 536 879 535 879 536 880 528 880 537 880 538 881 528 881 536 881 539 882 540 882 548 882 549 883 540 883 539 883 540 884 541 884 548 884 549 885 541 885 540 885 541 886 542 886 548 886 549 887 542 887 541 887 542 888 543 888 548 888 549 889 543 889 542 889 543 890 544 890 548 890 549 891 544 891 543 891 544 892 545 892 548 892 549 893 545 893 544 893 545 894 546 894 548 894 549 895 546 895 545 895 546 896 547 896 548 896 549 897 547 897 546 897 547 898 539 898 548 898 549 899 539 899 547 899 550 900 551 900 559 900 560 901 551 901 550 901 551 902 552 902 559 902 560 903 552 903 551 903 552 904 553 904 559 904 560 905 553 905 552 905 553 906 554 906 559 906 560 907 554 907 553 907 554 908 555 908 559 908 560 909 555 909 554 909 555 910 556 910 559 910 560 911 556 911 555 911 556 912 557 912 559 912 560 913 557 913 556 913 557 914 558 914 559 914 560 915 558 915 557 915 558 916 550 916 559 916 560 917 550 917 558 917 561 918 562 918 570 918 571 919 562 919 561 919 562 920 563 920 570 920 571 921 563 921 562 921 563 922 564 922 570 922 571 923 564 923 563 923 564 924 565 924 570 924 571 925 565 925 564 925 565 926 566 926 570 926 571 927 566 927 565 927 566 928 567 928 570 928 571 929 567 929 566 929 567 930 568 930 570 930 571 931 568 931 567 931 568 932 569 932 570 932 571 933 569 933 568 933 569 934 561 934 570 934 571 935 561 935 569 935 572 936 573 936 581 936 582 937 573 937 572 937 573 938 574 938 581 938 582 939 574 939 573 939 574 940 575 940 581 940 582 941 575 941 574 941 575 942 576 942 581 942 582 943 576 943 575 943 576 944 577 944 581 944 582 945 577 945 576 945 577 946 578 946 581 946 582 947 578 947 577 947 578 948 579 948 581 948 582 949 579 949 578 949 579 950 580 950 581 950 582 951 580 951 579 951 580 952 572 952 581 952 582 953 572 953 580 953 583 954 584 954 592 954 593 955 584 955 583 955 584 956 585 956 592 956 593 957 585 957 584 957 585 958 586 958 592 958 593 959 586 959 585 959 586 960 587 960 592 960 593 961 587 961 586 961 587 962 588 962 592 962 593 963 588 963 587 963 588 964 589 964 592 964 593 965 589 965 588 965 589 966 590 966 592 966 593 967 590 967 589 967 590 968 591 968 592 968 593 969 591 969 590 969 591 970 583 970 592 970 593 971 583 971 591 971 594 972 595 972 603 972 604 973 595 973 594 973 595 974 596 974 603 974 604 975 596 975 595 975 596 976 597 976 603 976 604 977 597 977 596 977 597 978 598 978 603 978 604 979 598 979 597 979 598 980 599 980 603 980 604 981 599 981 598 981 599 982 600 982 603 982 604 983 600 983 599 983 600 984 601 984 603 984 604 985 601 985 600 985 601 986 602 986 603 986 604 987 602 987 601 987 602 988 594 988 603 988 604 989 594 989 602 989 605 990 606 990 614 990 615 991 606 991 605 991 606 992 607 992 614 992 615 993 607 993 606 993 607 994 608 994 614 994 615 995 608 995 607 995 608 996 609 996 614 996 615 997 609 997 608 997 609 998 610 998 614 998 615 999 610 999 609 999 610 1000 611 1000 614 1000 615 1001 611 1001 610 1001 611 1002 612 1002 614 1002 615 1003 612 1003 611 1003 612 1004 613 1004 614 1004 615 1005 613 1005 612 1005 613 1006 605 1006 614 1006 615 1007 605 1007 613 1007 616 1008 617 1008 625 1008 626 1009 617 1009 616 1009 617 1010 618 1010 625 1010 626 1011 618 1011 617 1011 618 1012 619 1012 625 1012 626 1013 619 1013 618 1013 619 1014 620 1014 625 1014 626 1015 620 1015 619 1015 620 1016 621 1016 625 1016 626 1017 621 1017 620 1017 621 1018 622 1018 625 1018 626 1019 622 1019 621 1019 622 1020 623 1020 625 1020 626 1021 623 1021 622 1021 623 1022 624 1022 625 1022 626 1023 624 1023 623 1023 624 1024 616 1024 625 1024 626 1025 616 1025 624 1025 627 1026 628 1026 636 1026 637 1027 628 1027 627 1027 628 1028 629 1028 636 1028 637 1029 629 1029 628 1029 629 1030 630 1030 636 1030 637 1031 630 1031 629 1031 630 1032 631 1032 636 1032 637 1033 631 1033 630 1033 631 1034 632 1034 636 1034 637 1035 632 1035 631 1035 632 1036 633 1036 636 1036 637 1037 633 1037 632 1037 633 1038 634 1038 636 1038 637 1039 634 1039 633 1039 634 1040 635 1040 636 1040 637 1041 635 1041 634 1041 635 1042 627 1042 636 1042 637 1043 627 1043 635 1043 638 1044 639 1044 647 1044 648 1045 639 1045 638 1045 639 1046 640 1046 647 1046 648 1047 640 1047 639 1047 640 1048 641 1048 647 1048 648 1049 641 1049 640 1049 641 1050 642 1050 647 1050 648 1051 642 1051 641 1051 642 1052 643 1052 647 1052 648 1053 643 1053 642 1053 643 1054 644 1054 647 1054 648 1055 644 1055 643 1055 644 1056 645 1056 647 1056 648 1057 645 1057 644 1057 645 1058 646 1058 647 1058 648 1059 646 1059 645 1059 646 1060 638 1060 647 1060 648 1061 638 1061 646 1061 649 1062 650 1062 658 1062 659 1063 650 1063 649 1063 650 1064 651 1064 658 1064 659 1065 651 1065 650 1065 651 1066 652 1066 658 1066 659 1067 652 1067 651 1067 652 1068 653 1068 658 1068 659 1069 653 1069 652 1069 653 1070 654 1070 658 1070 659 1071 654 1071 653 1071 654 1072 655 1072 658 1072 659 1073 655 1073 654 1073 655 1074 656 1074 658 1074 659 1075 656 1075 655 1075 656 1076 657 1076 658 1076 659 1077 657 1077 656 1077 657 1078 649 1078 658 1078 659 1079 649 1079 657 1079 660 1080 661 1080 669 1080 670 1081 661 1081 660 1081 661 1082 662 1082 669 1082 670 1083 662 1083 661 1083 662 1084 663 1084 669 1084 670 1085 663 1085 662 1085 663 1086 664 1086 669 1086 670 1087 664 1087 663 1087 664 1088 665 1088 669 1088 670 1089 665 1089 664 1089 665 1090 666 1090 669 1090 670 1091 666 1091 665 1091 666 1092 667 1092 669 1092 670 1093 667 1093 666 1093 667 1094 668 1094 669 1094 670 1095 668 1095 667 1095 668 1096 660 1096 669 1096 670 1097 660 1097 668 1097 671 1098 672 1098 680 1098 681 1099 672 1099 671 1099 672 1100 673 1100 680 1100 681 1101 673 1101 672 1101 673 1102 674 1102 680 1102 681 1103 674 1103 673 1103 674 1104 675 1104 680 1104 681 1105 675 1105 674 1105 675 1106 676 1106 680 1106 681 1107 676 1107 675 1107 676 1108 677 1108 680 1108 681 1109 677 1109 676 1109 677 1110 678 1110 680 1110 681 1111 678 1111 677 1111 678 1112 679 1112 680 1112 681 1113 679 1113 678 1113 679 1114 671 1114 680 1114 681 1115 671 1115 679 1115 682 1116 683 1116 691 1116 692 1117 683 1117 682 1117 683 1118 684 1118 691 1118 692 1119 684 1119 683 1119 684 1120 685 1120 691 1120 692 1121 685 1121 684 1121 685 1122 686 1122 691 1122 692 1123 686 1123 685 1123 686 1124 687 1124 691 1124 692 1125 687 1125 686 1125 687 1126 688 1126 691 1126 692 1127 688 1127 687 1127 688 1128 689 1128 691 1128 692 1129 689 1129 688 1129 689 1130 690 1130 691 1130 692 1131 690 1131 689 1131 690 1132 682 1132 691 1132 692 1133 682 1133 690 1133 693 1134 694 1134 702 1134 703 1135 694 1135 693 1135 694 1136 695 1136 702 1136 703 1137 695 1137 694 1137 695 1138 696 1138 702 1138 703 1139 696 1139 695 1139 696 1140 697 1140 702 1140 703 1141 697 1141 696 1141 697 1142 698 1142 702 1142 703 1143 698 1143 697 1143 698 1144 699 1144 702 1144 703 1145 699 1145 698 1145 699 1146 700 1146 702 1146 703 1147 700 1147 699 1147 700 1148 701 1148 702 1148 703 1149 701 1149 700 1149 701 1150 693 1150 702 1150 703 1151 693 1151 701 1151 704 1152 705 1152 713 1152 714 1153 705 1153 704 1153 705 1154 706 1154 713 1154 714 1155 706 1155 705 1155 706 1156 707 1156 713 1156 714 1157 707 1157 706 1157 707 1158 708 1158 713 1158 714 1159 708 1159 707 1159 708 1160 709 1160 713 1160 714 1161 709 1161 708 1161 709 1162 710 1162 713 1162 714 1163 710 1163 709 1163 710 1164 711 1164 713 1164 714 1165 711 1165 710 1165 711 1166 712 1166 713 1166 714 1167 712 1167 711 1167 712 1168 704 1168 713 1168 714 1169 704 1169 712 1169 715 1170 716 1170 724 1170 725 1171 716 1171 715 1171 716 1172 717 1172 724 1172 725 1173 717 1173 716 1173 717 1174 718 1174 724 1174 725 1175 718 1175 717 1175 718 1176 719 1176 724 1176 725 1177 719 1177 718 1177 719 1178 720 1178 724 1178 725 1179 720 1179 719 1179 720 1180 721 1180 724 1180 725 1181 721 1181 720 1181 721 1182 722 1182 724 1182 725 1183 722 1183 721 1183 722 1184 723 1184 724 1184 725 1185 723 1185 722 1185 723 1186 715 1186 724 1186 725 1187 715 1187 723 1187 726 1188 727 1188 735 1188 736 1189 727 1189 726 1189 727 1190 728 1190 735 1190 736 1191 728 1191 727 1191 728 1192 729 1192 735 1192 736 1193 729 1193 728 1193 729 1194 730 1194 735 1194 736 1195 730 1195 729 1195 730 1196 731 1196 735 1196 736 1197 731 1197 730 1197 731 1198 732 1198 735 1198 736 1199 732 1199 731 1199 732 1200 733 1200 735 1200 736 1201 733 1201 732 1201 733 1202 734 1202 735 1202 736 1203 734 1203 733 1203 734 1204 726 1204 735 1204 736 1205 726 1205 734 1205 737 1206 738 1206 746 1206 747 1207 738 1207 737 1207 738 1208 739 1208 746 1208 747 1209 739 1209 738 1209 739 1210 740 1210 746 1210 747 1211 740 1211 739 1211 740 1212 741 1212 746 1212 747 1213 741 1213 740 1213 741 1214 742 1214 746 1214 747 1215 742 1215 741 1215 742 1216 743 1216 746 1216 747 1217 743 1217 742 1217 743 1218 744 1218 746 1218 747 1219 744 1219 743 1219 744 1220 745 1220 746 1220 747 1221 745 1221 744 1221 745 1222 737 1222 746 1222 747 1223 737 1223 745 1223 748 1224 749 1224 757 1224 758 1225 749 1225 748 1225 749 1226 750 1226 757 1226 758 1227 750 1227 749 1227 750 1228 751 1228 757 1228 758 1229 751 1229 750 1229 751 1230 752 1230 757 1230 758 1231 752 1231 751 1231 752 1232 753 1232 757 1232 758 1233 753 1233 752 1233 753 1234 754 1234 757 1234 758 1235 754 1235 753 1235 754 1236 755 1236 757 1236 758 1237 755 1237 754 1237 755 1238 756 1238 757 1238 758 1239 756 1239 755 1239 756 1240 748 1240 757 1240 758 1241 748 1241 756 1241 759 1242 760 1242 768 1242 769 1243 760 1243 759 1243 760 1244 761 1244 768 1244 769 1245 761 1245 760 1245 761 1246 762 1246 768 1246 769 1247 762 1247 761 1247 762 1248 763 1248 768 1248 769 1249 763 1249 762 1249 763 1250 764 1250 768 1250 769 1251 764 1251 763 1251 764 1252 765 1252 768 1252 769 1253 765 1253 764 1253 765 1254 766 1254 768 1254 769 1255 766 1255 765 1255 766 1256 767 1256 768 1256 769 1257 767 1257 766 1257 767 1258 759 1258 768 1258 769 1259 759 1259 767 1259 770 1260 771 1260 779 1260 780 1261 771 1261 770 1261 771 1262 772 1262 779 1262 780 1263 772 1263 771 1263 772 1264 773 1264 779 1264 780 1265 773 1265 772 1265 773 1266 774 1266 779 1266 780 1267 774 1267 773 1267 774 1268 775 1268 779 1268 780 1269 775 1269 774 1269 775 1270 776 1270 779 1270 780 1271 776 1271 775 1271 776 1272 777 1272 779 1272 780 1273 777 1273 776 1273 777 1274 778 1274 779 1274 780 1275 778 1275 777 1275 778 1276 770 1276 779 1276 780 1277 770 1277 778 1277 781 1278 782 1278 790 1278 791 1279 782 1279 781 1279 782 1280 783 1280 790 1280 791 1281 783 1281 782 1281 783 1282 784 1282 790 1282 791 1283 784 1283 783 1283 784 1284 785 1284 790 1284 791 1285 785 1285 784 1285 785 1286 786 1286 790 1286 791 1287 786 1287 785 1287 786 1288 787 1288 790 1288 791 1289 787 1289 786 1289 787 1290 788 1290 790 1290 791 1291 788 1291 787 1291 788 1292 789 1292 790 1292 791 1293 789 1293 788 1293 789 1294 781 1294 790 1294 791 1295 781 1295 789 1295 792 1296 793 1296 801 1296 802 1297 793 1297 792 1297 793 1298 794 1298 801 1298 802 1299 794 1299 793 1299 794 1300 795 1300 801 1300 802 1301 795 1301 794 1301 795 1302 796 1302 801 1302 802 1303 796 1303 795 1303 796 1304 797 1304 801 1304 802 1305 797 1305 796 1305 797 1306 798 1306 801 1306 802 1307 798 1307 797 1307 798 1308 799 1308 801 1308 802 1309 799 1309 798 1309 799 1310 800 1310 801 1310 802 1311 800 1311 799 1311 800 1312 792 1312 801 1312 802 1313 792 1313 800 1313 803 1314 804 1314 812 1314 813 1315 804 1315 803 1315 804 1316 805 1316 812 1316 813 1317 805 1317 804 1317 805 1318 806 1318 812 1318 813 1319 806 1319 805 1319 806 1320 807 1320 812 1320 813 1321 807 1321 806 1321 807 1322 808 1322 812 1322 813 1323 808 1323 807 1323 808 1324 809 1324 812 1324 813 1325 809 1325 808 1325 809 1326 810 1326 812 1326 813 1327 810 1327 809 1327 810 1328 811 1328 812 1328 813 1329 811 1329 810 1329 811 1330 803 1330 812 1330 813 1331 803 1331 811 1331 814 1332 815 1332 823 1332 824 1333 815 1333 814 1333 815 1334 816 1334 823 1334 824 1335 816 1335 815 1335 816 1336 817 1336 823 1336 824 1337 817 1337 816 1337 817 1338 818 1338 823 1338 824 1339 818 1339 817 1339 818 1340 819 1340 823 1340 824 1341 819 1341 818 1341 819 1342 820 1342 823 1342 824 1343 820 1343 819 1343 820 1344 821 1344 823 1344 824 1345 821 1345 820 1345 821 1346 822 1346 823 1346 824 1347 822 1347 821 1347 822 1348 814 1348 823 1348 824 1349 814 1349 822 1349 825 1350 826 1350 834 1350 835 1351 826 1351 825 1351 826 1352 827 1352 834 1352 835 1353 827 1353 826 1353 827 1354 828 1354 834 1354 835 1355 828 1355 827 1355 828 1356 829 1356 834 1356 835 1357 829 1357 828 1357 829 1358 830 1358 834 1358 835 1359 830 1359 829 1359 830 1360 831 1360 834 1360 835 1361 831 1361 830 1361 831 1362 832 1362 834 1362 835 1363 832 1363 831 1363 832 1364 833 1364 834 1364 835 1365 833 1365 832 1365 833 1366 825 1366 834 1366 835 1367 825 1367 833 1367 836 1368 837 1368 845 1368 846 1369 837 1369 836 1369 837 1370 838 1370 845 1370 846 1371 838 1371 837 1371 838 1372 839 1372 845 1372 846 1373 839 1373 838 1373 839 1374 840 1374 845 1374 846 1375 840 1375 839 1375 840 1376 841 1376 845 1376 846 1377 841 1377 840 1377 841 1378 842 1378 845 1378 846 1379 842 1379 841 1379 842 1380 843 1380 845 1380 846 1381 843 1381 842 1381 843 1382 844 1382 845 1382 846 1383 844 1383 843 1383 844 1384 836 1384 845 1384 846 1385 836 1385 844 1385 847 1386 848 1386 856 1386 857 1387 848 1387 847 1387 848 1388 849 1388 856 1388 857 1389 849 1389 848 1389 849 1390 850 1390 856 1390 857 1391 850 1391 849 1391 850 1392 851 1392 856 1392 857 1393 851 1393 850 1393 851 1394 852 1394 856 1394 857 1395 852 1395 851 1395 852 1396 853 1396 856 1396 857 1397 853 1397 852 1397 853 1398 854 1398 856 1398 857 1399 854 1399 853 1399 854 1400 855 1400 856 1400 857 1401 855 1401 854 1401 855 1402 847 1402 856 1402 857 1403 847 1403 855 1403 858 1404 859 1404 867 1404 868 1405 859 1405 858 1405 859 1406 860 1406 867 1406 868 1407 860 1407 859 1407 860 1408 861 1408 867 1408 868 1409 861 1409 860 1409 861 1410 862 1410 867 1410 868 1411 862 1411 861 1411 862 1412 863 1412 867 1412 868 1413 863 1413 862 1413 863 1414 864 1414 867 1414 868 1415 864 1415 863 1415 864 1416 865 1416 867 1416 868 1417 865 1417 864 1417 865 1418 866 1418 867 1418 868 1419 866 1419 865 1419 866 1420 858 1420 867 1420 868 1421 858 1421 866 1421 869 1422 870 1422 878 1422 879 1423 870 1423 869 1423 870 1424 871 1424 878 1424 879 1425 871 1425 870 1425 871 1426 872 1426 878 1426 879 1427 872 1427 871 1427 872 1428 873 1428 878 1428 879 1429 873 1429 872 1429 873 1430 874 1430 878 1430 879 1431 874 1431 873 1431 874 1432 875 1432 878 1432 879 1433 875 1433 874 1433 875 1434 876 1434 878 1434 879 1435 876 1435 875 1435 876 1436 877 1436 878 1436 879 1437 877 1437 876 1437 877 1438 869 1438 878 1438 879 1439 869 1439 877 1439 880 1440 881 1440 889 1440 890 1441 881 1441 880 1441 881 1442 882 1442 889 1442 890 1443 882 1443 881 1443 882 1444 883 1444 889 1444 890 1445 883 1445 882 1445 883 1446 884 1446 889 1446 890 1447 884 1447 883 1447 884 1448 885 1448 889 1448 890 1449 885 1449 884 1449 885 1450 886 1450 889 1450 890 1451 886 1451 885 1451 886 1452 887 1452 889 1452 890 1453 887 1453 886 1453 887 1454 888 1454 889 1454 890 1455 888 1455 887 1455 888 1456 880 1456 889 1456 890 1457 880 1457 888 1457 891 1458 892 1458 900 1458 901 1459 892 1459 891 1459 892 1460 893 1460 900 1460 901 1461 893 1461 892 1461 893 1462 894 1462 900 1462 901 1463 894 1463 893 1463 894 1464 895 1464 900 1464 901 1465 895 1465 894 1465 895 1466 896 1466 900 1466 901 1467 896 1467 895 1467 896 1468 897 1468 900 1468 901 1469 897 1469 896 1469 897 1470 898 1470 900 1470 901 1471 898 1471 897 1471 898 1472 899 1472 900 1472 901 1473 899 1473 898 1473 899 1474 891 1474 900 1474 901 1475 891 1475 899 1475 902 1476 903 1476 911 1476 912 1477 903 1477 902 1477 903 1478 904 1478 911 1478 912 1479 904 1479 903 1479 904 1480 905 1480 911 1480 912 1481 905 1481 904 1481 905 1482 906 1482 911 1482 912 1483 906 1483 905 1483 906 1484 907 1484 911 1484 912 1485 907 1485 906 1485 907 1486 908 1486 911 1486 912 1487 908 1487 907 1487 908 1488 909 1488 911 1488 912 1489 909 1489 908 1489 909 1490 910 1490 911 1490 912 1491 910 1491 909 1491 910 1492 902 1492 911 1492 912 1493 902 1493 910 1493 913 1494 914 1494 922 1494 923 1495 914 1495 913 1495 914 1496 915 1496 922 1496 923 1497 915 1497 914 1497 915 1498 916 1498 922 1498 923 1499 916 1499 915 1499 916 1500 917 1500 922 1500 923 1501 917 1501 916 1501 917 1502 918 1502 922 1502 923 1503 918 1503 917 1503 918 1504 919 1504 922 1504 923 1505 919 1505 918 1505 919 1506 920 1506 922 1506 923 1507 920 1507 919 1507 920 1508 921 1508 922 1508 923 1509 921 1509 920 1509 921 1510 913 1510 922 1510 923 1511 913 1511 921 1511 924 1512 925 1512 933 1512 934 1513 925 1513 924 1513 925 1514 926 1514 933 1514 934 1515 926 1515 925 1515 926 1516 927 1516 933 1516 934 1517 927 1517 926 1517 927 1518 928 1518 933 1518 934 1519 928 1519 927 1519 928 1520 929 1520 933 1520 934 1521 929 1521 928 1521 929 1522 930 1522 933 1522 934 1523 930 1523 929 1523 930 1524 931 1524 933 1524 934 1525 931 1525 930 1525 931 1526 932 1526 933 1526 934 1527 932 1527 931 1527 932 1528 924 1528 933 1528 934 1529 924 1529 932 1529 935 1530 936 1530 944 1530 945 1531 936 1531 935 1531 936 1532 937 1532 944 1532 945 1533 937 1533 936 1533 937 1534 938 1534 944 1534 945 1535 938 1535 937 1535 938 1536 939 1536 944 1536 945 1537 939 1537 938 1537 939 1538 940 1538 944 1538 945 1539 940 1539 939 1539 940 1540 941 1540 944 1540 945 1541 941 1541 940 1541 941 1542 942 1542 944 1542 945 1543 942 1543 941 1543 942 1544 943 1544 944 1544 945 1545 943 1545 942 1545 943 1546 935 1546 944 1546 945 1547 935 1547 943 1547 946 1548 947 1548 955 1548 956 1549 947 1549 946 1549 947 1550 948 1550 955 1550 956 1551 948 1551 947 1551 948 1552 949 1552 955 1552 956 1553 949 1553 948 1553 949 1554 950 1554 955 1554 956 1555 950 1555 949 1555 950 1556 951 1556 955 1556 956 1557 951 1557 950 1557 951 1558 952 1558 955 1558 956 1559 952 1559 951 1559 952 1560 953 1560 955 1560 956 1561 953 1561 952 1561 953 1562 954 1562 955 1562 956 1563 954 1563 953 1563 954 1564 946 1564 955 1564 956 1565 946 1565 954 1565 957 1566 958 1566 966 1566 967 1567 958 1567 957 1567 958 1568 959 1568 966 1568 967 1569 959 1569 958 1569 959 1570 960 1570 966 1570 967 1571 960 1571 959 1571 960 1572 961 1572 966 1572 967 1573 961 1573 960 1573 961 1574 962 1574 966 1574 967 1575 962 1575 961 1575 962 1576 963 1576 966 1576 967 1577 963 1577 962 1577 963 1578 964 1578 966 1578 967 1579 964 1579 963 1579 964 1580 965 1580 966 1580 967 1581 965 1581 964 1581 965 1582 957 1582 966 1582 967 1583 957 1583 965 1583 968 1584 969 1584 977 1584 978 1585 969 1585 968 1585 969 1586 970 1586 977 1586 978 1587 970 1587 969 1587 970 1588 971 1588 977 1588 978 1589 971 1589 970 1589 971 1590 972 1590 977 1590 978 1591 972 1591 971 1591 972 1592 973 1592 977 1592 978 1593 973 1593 972 1593 973 1594 974 1594 977 1594 978 1595 974 1595 973 1595 974 1596 975 1596 977 1596 978 1597 975 1597 974 1597 975 1598 976 1598 977 1598 978 1599 976 1599 975 1599 976 1600 968 1600 977 1600 978 1601 968 1601 976 1601 979 1602 980 1602 988 1602 989 1603 980 1603 979 1603 980 1604 981 1604 988 1604 989 1605 981 1605 980 1605 981 1606 982 1606 988 1606 989 1607 982 1607 981 1607 982 1608 983 1608 988 1608 989 1609 983 1609 982 1609 983 1610 984 1610 988 1610 989 1611 984 1611 983 1611 984 1612 985 1612 988 1612 989 1613 985 1613 984 1613 985 1614 986 1614 988 1614 989 1615 986 1615 985 1615 986 1616 987 1616 988 1616 989 1617 987 1617 986 1617 987 1618 979 1618 988 1618 989 1619 979 1619 987 1619 990 1620 991 1620 999 1620 1000 1621 991 1621 990 1621 991 1622 992 1622 999 1622 1000 1623 992 1623 991 1623 992 1624 993 1624 999 1624 1000 1625 993 1625 992 1625 993 1626 994 1626 999 1626 1000 1627 994 1627 993 1627 994 1628 995 1628 999 1628 1000 1629 995 1629 994 1629 995 1630 996 1630 999 1630 1000 1631 996 1631 995 1631 996 1632 997 1632 999 1632 1000 1633 997 1633 996 1633 997 1634 998 1634 999 1634 1000 1635 998 1635 997 1635 998 1636 990 1636 999 1636 1000 1637 990 1637 998 1637 1001 1638 1002 1638 1010 1638 1011 1639 1002 1639 1001 1639 1002 1640 1003 1640 1010 1640 1011 1641 1003 1641 1002 1641 1003 1642 1004 1642 1010 1642 1011 1643 1004 1643 1003 1643 1004 1644 1005 1644 1010 1644 1011 1645 1005 1645 1004 1645 1005 1646 1006 1646 1010 1646 1011 1647 1006 1647 1005 1647 1006 1648 1007 1648 1010 1648 1011 1649 1007 1649 1006 1649 1007 1650 1008 1650 1010 1650 1011 1651 1008 1651 1007 1651 1008 1652 1009 1652 1010 1652 1011 1653 1009 1653 1008 1653 1009 1654 1001 1654 1010 1654 1011 1655 1001 1655 1009 1655 1012 1656 1013 1656 1021 1656 1022 1657 1013 1657 1012 1657 1013 1658 1014 1658 1021 1658 1022 1659 1014 1659 1013 1659 1014 1660 1015 1660 1021 1660 1022 1661 1015 1661 1014 1661 1015 1662 1016 1662 1021 1662 1022 1663 1016 1663 1015 1663 1016 1664 1017 1664 1021 1664 1022 1665 1017 1665 1016 1665 1017 1666 1018 1666 1021 1666 1022 1667 1018 1667 1017 1667 1018 1668 1019 1668 1021 1668 1022 1669 1019 1669 1018 1669 1019 1670 1020 1670 1021 1670 1022 1671 1020 1671 1019 1671 1020 1672 1012 1672 1021 1672 1022 1673 1012 1673 1020 1673 1023 1674 1024 1674 1032 1674 1033 1675 1024 1675 1023 1675 1024 1676 1025 1676 1032 1676 1033 1677 1025 1677 1024 1677 1025 1678 1026 1678 1032 1678 1033 1679 1026 1679 1025 1679 1026 1680 1027 1680 1032 1680 1033 1681 1027 1681 1026 1681 1027 1682 1028 1682 1032 1682 1033 1683 1028 1683 1027 1683 1028 1684 1029 1684 1032 1684 1033 1685 1029 1685 1028 1685 1029 1686 1030 1686 1032 1686 1033 1687 1030 1687 1029 1687 1030 1688 1031 1688 1032 1688 1033 1689 1031 1689 1030 1689 1031 1690 1023 1690 1032 1690 1033 1691 1023 1691 1031 1691 1034 1692 1035 1692 1043 1692 1044 1693 1035 1693 1034 1693 1035 1694 1036 1694 1043 1694 1044 1695 1036 1695 1035 1695 1036 1696 1037 1696 1043 1696 1044 1697 1037 1697 1036 1697 1037 1698 1038 1698 1043 1698 1044 1699 1038 1699 1037 1699 1038 1700 1039 1700 1043 1700 1044 1701 1039 1701 1038 1701 1039 1702 1040 1702 1043 1702 1044 1703 1040 1703 1039 1703 1040 1704 1041 1704 1043 1704 1044 1705 1041 1705 1040 1705 1041 1706 1042 1706 1043 1706 1044 1707 1042 1707 1041 1707 1042 1708 1034 1708 1043 1708 1044 1709 1034 1709 1042 1709 1045 1710 1046 1710 1054 1710 1055 1711 1046 1711 1045 1711 1046 1712 1047 1712 1054 1712 1055 1713 1047 1713 1046 1713 1047 1714 1048 1714 1054 1714 1055 1715 1048 1715 1047 1715 1048 1716 1049 1716 1054 1716 1055 1717 1049 1717 1048 1717 1049 1718 1050 1718 1054 1718 1055 1719 1050 1719 1049 1719 1050 1720 1051 1720 1054 1720 1055 1721 1051 1721 1050 1721 1051 1722 1052 1722 1054 1722 1055 1723 1052 1723 1051 1723 1052 1724 1053 1724 1054 1724 1055 1725 1053 1725 1052 1725 1053 1726 1045 1726 1054 1726 1055 1727 1045 1727 1053 1727 1056 1728 1057 1728 1065 1728 1066 1729 1057 1729 1056 1729 1057 1730 1058 1730 1065 1730 1066 1731 1058 1731 1057 1731 1058 1732 1059 1732 1065 1732 1066 1733 1059 1733 1058 1733 1059 1734 1060 1734 1065 1734 1066 1735 1060 1735 1059 1735 1060 1736 1061 1736 1065 1736 1066 1737 1061 1737 1060 1737 1061 1738 1062 1738 1065 1738 1066 1739 1062 1739 1061 1739 1062 1740 1063 1740 1065 1740 1066 1741 1063 1741 1062 1741 1063 1742 1064 1742 1065 1742 1066 1743 1064 1743 1063 1743 1064 1744 1056 1744 1065 1744 1066 1745 1056 1745 1064 1745 1067 1746 1068 1746 1076 1746 1077 1747 1068 1747 1067 1747 1068 1748 1069 1748 1076 1748 1077 1749 1069 1749 1068 1749 1069 1750 1070 1750 1076 1750 1077 1751 1070 1751 1069 1751 1070 1752 1071 1752 1076 1752 1077 1753 1071 1753 1070 1753 1071 1754 1072 1754 1076 1754 1077 1755 1072 1755 1071 1755 1072 1756 1073 1756 1076 1756 1077 1757 1073 1757 1072 1757 1073 1758 1074 1758 1076 1758 1077 1759 1074 1759 1073 1759 1074 1760 1075 1760 1076 1760 1077 1761 1075 1761 1074 1761 1075 1762 1067 1762 1076 1762 1077 1763 1067 1763 1075 1763 1078 1764 1079 1764 1087 1764 1088 1765 1079 1765 1078 1765 1079 1766 1080 1766 1087 1766 1088 1767 1080 1767 1079 1767 1080 1768 1081 1768 1087 1768 1088 1769 1081 1769 1080 1769 1081 1770 1082 1770 1087 1770 1088 1771 1082 1771 1081 1771 1082 1772 1083 1772 1087 1772 1088 1773 1083 1773 1082 1773 1083 1774 1084 1774 1087 1774 1088 1775 1084 1775 1083 1775 1084 1776 1085 1776 1087 1776 1088 1777 1085 1777 1084 1777 1085 1778 1086 1778 1087 1778 1088 1779 1086 1779 1085 1779 1086 1780 1078 1780 1087 1780 1088 1781 1078 1781 1086 1781 1089 1782 1090 1782 1098 1782 1099 1783 1090 1783 1089 1783 1090 1784 1091 1784 1098 1784 1099 1785 1091 1785 1090 1785 1091 1786 1092 1786 1098 1786 1099 1787 1092 1787 1091 1787 1092 1788 1093 1788 1098 1788 1099 1789 1093 1789 1092 1789 1093 1790 1094 1790 1098 1790 1099 1791 1094 1791 1093 1791 1094 1792 1095 1792 1098 1792 1099 1793 1095 1793 1094 1793 1095 1794 1096 1794 1098 1794 1099 1795 1096 1795 1095 1795 1096 1796 1097 1796 1098 1796 1099 1797 1097 1797 1096 1797 1097 1798 1089 1798 1098 1798 1099 1799 1089 1799 1097 1799 1100 1800 1101 1800 1109 1800 1110 1801 1101 1801 1100 1801 1101 1802 1102 1802 1109 1802 1110 1803 1102 1803 1101 1803 1102 1804 1103 1804 1109 1804 1110 1805 1103 1805 1102 1805 1103 1806 1104 1806 1109 1806 1110 1807 1104 1807 1103 1807 1104 1808 1105 1808 1109 1808 1110 1809 1105 1809 1104 1809 1105 1810 1106 1810 1109 1810 1110 1811 1106 1811 1105 1811 1106 1812 1107 1812 1109 1812 1110 1813 1107 1813 1106 1813 1107 1814 1108 1814 1109 1814 1110 1815 1108 1815 1107 1815 1108 1816 1100 1816 1109 1816 1110 1817 1100 1817 1108 1817 1111 1818 1112 1818 1120 1818 1121 1819 1112 1819 1111 1819 1112 1820 1113 1820 1120 1820 1121 1821 1113 1821 1112 1821 1113 1822 1114 1822 1120 1822 1121 1823 1114 1823 1113 1823 1114 1824 1115 1824 1120 1824 1121 1825 1115 1825 1114 1825 1115 1826 1116 1826 1120 1826 1121 1827 1116 1827 1115 1827 1116 1828 1117 1828 1120 1828 1121 1829 1117 1829 1116 1829 1117 1830 1118 1830 1120 1830 1121 1831 1118 1831 1117 1831 1118 1832 1119 1832 1120 1832 1121 1833 1119 1833 1118 1833 1119 1834 1111 1834 1120 1834 1121 1835 1111 1835 1119 1835 1122 1836 1123 1836 1131 1836 1132 1837 1123 1837 1122 1837 1123 1838 1124 1838 1131 1838 1132 1839 1124 1839 1123 1839 1124 1840 1125 1840 1131 1840 1132 1841 1125 1841 1124 1841 1125 1842 1126 1842 1131 1842 1132 1843 1126 1843 1125 1843 1126 1844 1127 1844 1131 1844 1132 1845 1127 1845 1126 1845 1127 1846 1128 1846 1131 1846 1132 1847 1128 1847 1127 1847 1128 1848 1129 1848 1131 1848 1132 1849 1129 1849 1128 1849 1129 1850 1130 1850 1131 1850 1132 1851 1130 1851 1129 1851 1130 1852 1122 1852 1131 1852 1132 1853 1122 1853 1130 1853 1133 1854 1134 1854 1142 1854 1143 1855 1134 1855 1133 1855 1134 1856 1135 1856 1142 1856 1143 1857 1135 1857 1134 1857 1135 1858 1136 1858 1142 1858 1143 1859 1136 1859 1135 1859 1136 1860 1137 1860 1142 1860 1143 1861 1137 1861 1136 1861 1137 1862 1138 1862 1142 1862 1143 1863 1138 1863 1137 1863 1138 1864 1139 1864 1142 1864 1143 1865 1139 1865 1138 1865 1139 1866 1140 1866 1142 1866 1143 1867 1140 1867 1139 1867 1140 1868 1141 1868 1142 1868 1143 1869 1141 1869 1140 1869 1141 1870 1133 1870 1142 1870 1143 1871 1133 1871 1141 1871 1144 1872 1145 1872 1153 1872 1154 1873 1145 1873 1144 1873 1145 1874 1146 1874 1153 1874 1154 1875 1146 1875 1145 1875 1146 1876 1147 1876 1153 1876 1154 1877 1147 1877 1146 1877 1147 1878 1148 1878 1153 1878 1154 1879 1148 1879 1147 1879 1148 1880 1149 1880 1153 1880 1154 1881 1149 1881 1148 1881 1149 1882 1150 1882 1153 1882 1154 1883 1150 1883 1149 1883 1150 1884 1151 1884 1153 1884 1154 1885 1151 1885 1150 1885 1151 1886 1152 1886 1153 1886 1154 1887 1152 1887 1151 1887 1152 1888 1144 1888 1153 1888 1154 1889 1144 1889 1152 1889 1155 1890 1156 1890 1164 1890 1165 1891 1156 1891 1155 1891 1156 1892 1157 1892 1164 1892 1165 1893 1157 1893 1156 1893 1157 1894 1158 1894 1164 1894 1165 1895 1158 1895 1157 1895 1158 1896 1159 1896 1164 1896 1165 1897 1159 1897 1158 1897 1159 1898 1160 1898 1164 1898 1165 1899 1160 1899 1159 1899 1160 1900 1161 1900 1164 1900 1165 1901 1161 1901 1160 1901 1161 1902 1162 1902 1164 1902 1165 1903 1162 1903 1161 1903 1162 1904 1163 1904 1164 1904 1165 1905 1163 1905 1162 1905 1163 1906 1155 1906 1164 1906 1165 1907 1155 1907 1163 1907 1166 1908 1167 1908 1175 1908 1176 1909 1167 1909 1166 1909 1167 1910 1168 1910 1175 1910 1176 1911 1168 1911 1167 1911 1168 1912 1169 1912 1175 1912 1176 1913 1169 1913 1168 1913 1169 1914 1170 1914 1175 1914 1176 1915 1170 1915 1169 1915 1170 1916 1171 1916 1175 1916 1176 1917 1171 1917 1170 1917 1171 1918 1172 1918 1175 1918 1176 1919 1172 1919 1171 1919 1172 1920 1173 1920 1175 1920 1176 1921 1173 1921 1172 1921 1173 1922 1174 1922 1175 1922 1176 1923 1174 1923 1173 1923 1174 1924 1166 1924 1175 1924 1176 1925 1166 1925 1174 1925 1177 1926 1178 1926 1186 1926 1187 1927 1178 1927 1177 1927 1178 1928 1179 1928 1186 1928 1187 1929 1179 1929 1178 1929 1179 1930 1180 1930 1186 1930 1187 1931 1180 1931 1179 1931 1180 1932 1181 1932 1186 1932 1187 1933 1181 1933 1180 1933 1181 1934 1182 1934 1186 1934 1187 1935 1182 1935 1181 1935 1182 1936 1183 1936 1186 1936 1187 1937 1183 1937 1182 1937 1183 1938 1184 1938 1186 1938 1187 1939 1184 1939 1183 1939 1184 1940 1185 1940 1186 1940 1187 1941 1185 1941 1184 1941 1185 1942 1177 1942 1186 1942 1187 1943 1177 1943 1185 1943 1188 1944 1189 1944 1197 1944 1198 1945 1189 1945 1188 1945 1189 1946 1190 1946 1197 1946 1198 1947 1190 1947 1189 1947 1190 1948 1191 1948 1197 1948 1198 1949 1191 1949 1190 1949 1191 1950 1192 1950 1197 1950 1198 1951 1192 1951 1191 1951 1192 1952 1193 1952 1197 1952 1198 1953 1193 1953 1192 1953 1193 1954 1194 1954 1197 1954 1198 1955 1194 1955 1193 1955 1194 1956 1195 1956 1197 1956 1198 1957 1195 1957 1194 1957 1195 1958 1196 1958 1197 1958 1198 1959 1196 1959 1195 1959 1196 1960 1188 1960 1197 1960 1198 1961 1188 1961 1196 1961 1199 1962 1200 1962 1208 1962 1209 1963 1200 1963 1199 1963 1200 1964 1201 1964 1208 1964 1209 1965 1201 1965 1200 1965 1201 1966 1202 1966 1208 1966 1209 1967 1202 1967 1201 1967 1202 1968 1203 1968 1208 1968 1209 1969 1203 1969 1202 1969 1203 1970 1204 1970 1208 1970 1209 1971 1204 1971 1203 1971 1204 1972 1205 1972 1208 1972 1209 1973 1205 1973 1204 1973 1205 1974 1206 1974 1208 1974 1209 1975 1206 1975 1205 1975 1206 1976 1207 1976 1208 1976 1209 1977 1207 1977 1206 1977 1207 1978 1199 1978 1208 1978 1209 1979 1199 1979 1207 1979 1210 1980 1211 1980 1219 1980 1220 1981 1211 1981 1210 1981 1211 1982 1212 1982 1219 1982 1220 1983 1212 1983 1211 1983 1212 1984 1213 1984 1219 1984 1220 1985 1213 1985 1212 1985 1213 1986 1214 1986 1219 1986 1220 1987 1214 1987 1213 1987 1214 1988 1215 1988 1219 1988 1220 1989 1215 1989 1214 1989 1215 1990 1216 1990 1219 1990 1220 1991 1216 1991 1215 1991 1216 1992 1217 1992 1219 1992 1220 1993 1217 1993 1216 1993 1217 1994 1218 1994 1219 1994 1220 1995 1218 1995 1217 1995 1218 1996 1210 1996 1219 1996 1220 1997 1210 1997 1218 1997 1221 1998 1222 1998 1230 1998 1231 1999 1222 1999 1221 1999 1222 2000 1223 2000 1230 2000 1231 2001 1223 2001 1222 2001 1223 2002 1224 2002 1230 2002 1231 2003 1224 2003 1223 2003 1224 2004 1225 2004 1230 2004 1231 2005 1225 2005 1224 2005 1225 2006 1226 2006 1230 2006 1231 2007 1226 2007 1225 2007 1226 2008 1227 2008 1230 2008 1231 2009 1227 2009 1226 2009 1227 2010 1228 2010 1230 2010 1231 2011 1228 2011 1227 2011 1228 2012 1229 2012 1230 2012 1231 2013 1229 2013 1228 2013 1229 2014 1221 2014 1230 2014 1231 2015 1221 2015 1229 2015 1232 2016 1233 2016 1241 2016 1242 2017 1233 2017 1232 2017 1233 2018 1234 2018 1241 2018 1242 2019 1234 2019 1233 2019 1234 2020 1235 2020 1241 2020 1242 2021 1235 2021 1234 2021 1235 2022 1236 2022 1241 2022 1242 2023 1236 2023 1235 2023 1236 2024 1237 2024 1241 2024 1242 2025 1237 2025 1236 2025 1237 2026 1238 2026 1241 2026 1242 2027 1238 2027 1237 2027 1238 2028 1239 2028 1241 2028 1242 2029 1239 2029 1238 2029 1239 2030 1240 2030 1241 2030 1242 2031 1240 2031 1239 2031 1240 2032 1232 2032 1241 2032 1242 2033 1232 2033 1240 2033 1243 2034 1244 2034 1252 2034 1253 2035 1244 2035 1243 2035 1244 2036 1245 2036 1252 2036 1253 2037 1245 2037 1244 2037 1245 2038 1246 2038 1252 2038 1253 2039 1246 2039 1245 2039 1246 2040 1247 2040 1252 2040 1253 2041 1247 2041 1246 2041 1247 2042 1248 2042 1252 2042 1253 2043 1248 2043 1247 2043 1248 2044 1249 2044 1252 2044 1253 2045 1249 2045 1248 2045 1249 2046 1250 2046 1252 2046 1253 2047 1250 2047 1249 2047 1250 2048 1251 2048 1252 2048 1253 2049 1251 2049 1250 2049 1251 2050 1243 2050 1252 2050 1253 2051 1243 2051 1251 2051 1254 2052 1255 2052 1263 2052 1264 2053 1255 2053 1254 2053 1255 2054 1256 2054 1263 2054 1264 2055 1256 2055 1255 2055 1256 2056 1257 2056 1263 2056 1264 2057 1257 2057 1256 2057 1257 2058 1258 2058 1263 2058 1264 2059 1258 2059 1257 2059 1258 2060 1259 2060 1263 2060 1264 2061 1259 2061 1258 2061 1259 2062 1260 2062 1263 2062 1264 2063 1260 2063 1259 2063 1260 2064 1261 2064 1263 2064 1264 2065 1261 2065 1260 2065 1261 2066 1262 2066 1263 2066 1264 2067 1262 2067 1261 2067 1262 2068 1254 2068 1263 2068 1264 2069 1254 2069 1262 2069 1265 2070 1266 2070 1274 2070 1275 2071 1266 2071 1265 2071 1266 2072 1267 2072 1274 2072 1275 2073 1267 2073 1266 2073 1267 2074 1268 2074 1274 2074 1275 2075 1268 2075 1267 2075 1268 2076 1269 2076 1274 2076 1275 2077 1269 2077 1268 2077 1269 2078 1270 2078 1274 2078 1275 2079 1270 2079 1269 2079 1270 2080 1271 2080 1274 2080 1275 2081 1271 2081 1270 2081 1271 2082 1272 2082 1274 2082 1275 2083 1272 2083 1271 2083 1272 2084 1273 2084 1274 2084 1275 2085 1273 2085 1272 2085 1273 2086 1265 2086 1274 2086 1275 2087 1265 2087 1273 2087 1276 2088 1277 2088 1285 2088 1286 2089 1277 2089 1276 2089 1277 2090 1278 2090 1285 2090 1286 2091 1278 2091 1277 2091 1278 2092 1279 2092 1285 2092 1286 2093 1279 2093 1278 2093 1279 2094 1280 2094 1285 2094 1286 2095 1280 2095 1279 2095 1280 2096 1281 2096 1285 2096 1286 2097 1281 2097 1280 2097 1281 2098 1282 2098 1285 2098 1286 2099 1282 2099 1281 2099 1282 2100 1283 2100 1285 2100 1286 2101 1283 2101 1282 2101 1283 2102 1284 2102 1285 2102 1286 2103 1284 2103 1283 2103 1284 2104 1276 2104 1285 2104 1286 2105 1276 2105 1284 2105 1287 2106 1288 2106 1296 2106 1297 2107 1288 2107 1287 2107 1288 2108 1289 2108 1296 2108 1297 2109 1289 2109 1288 2109 1289 2110 1290 2110 1296 2110 1297 2111 1290 2111 1289 2111 1290 2112 1291 2112 1296 2112 1297 2113 1291 2113 1290 2113 1291 2114 1292 2114 1296 2114 1297 2115 1292 2115 1291 2115 1292 2116 1293 2116 1296 2116 1297 2117 1293 2117 1292 2117 1293 2118 1294 2118 1296 2118 1297 2119 1294 2119 1293 2119 1294 2120 1295 2120 1296 2120 1297 2121 1295 2121 1294 2121 1295 2122 1287 2122 1296 2122 1297 2123 1287 2123 1295 2123 1298 2124 1299 2124 1307 2124 1308 2125 1299 2125 1298 2125 1299 2126 1300 2126 1307 2126 1308 2127 1300 2127 1299 2127 1300 2128 1301 2128 1307 2128 1308 2129 1301 2129 1300 2129 1301 2130 1302 2130 1307 2130 1308 2131 1302 2131 1301 2131 1302 2132 1303 2132 1307 2132 1308 2133 1303 2133 1302 2133 1303 2134 1304 2134 1307 2134 1308 2135 1304 2135 1303 2135 1304 2136 1305 2136 1307 2136 1308 2137 1305 2137 1304 2137 1305 2138 1306 2138 1307 2138 1308 2139 1306 2139 1305 2139 1306 2140 1298 2140 1307 2140 1308 2141 1298 2141 1306 2141 1309 2142 1310 2142 1318 2142 1319 2143 1310 2143 1309 2143 1310 2144 1311 2144 1318 2144 1319 2145 1311 2145 1310 2145 1311 2146 1312 2146 1318 2146 1319 2147 1312 2147 1311 2147 1312 2148 1313 2148 1318 2148 1319 2149 1313 2149 1312 2149 1313 2150 1314 2150 1318 2150 1319 2151 1314 2151 1313 2151 1314 2152 1315 2152 1318 2152 1319 2153 1315 2153 1314 2153 1315 2154 1316 2154 1318 2154 1319 2155 1316 2155 1315 2155 1316 2156 1317 2156 1318 2156 1319 2157 1317 2157 1316 2157 1317 2158 1309 2158 1318 2158 1319 2159 1309 2159 1317 2159 1320 2160 1321 2160 1329 2160 1330 2161 1321 2161 1320 2161 1321 2162 1322 2162 1329 2162 1330 2163 1322 2163 1321 2163 1322 2164 1323 2164 1329 2164 1330 2165 1323 2165 1322 2165 1323 2166 1324 2166 1329 2166 1330 2167 1324 2167 1323 2167 1324 2168 1325 2168 1329 2168 1330 2169 1325 2169 1324 2169 1325 2170 1326 2170 1329 2170 1330 2171 1326 2171 1325 2171 1326 2172 1327 2172 1329 2172 1330 2173 1327 2173 1326 2173 1327 2174 1328 2174 1329 2174 1330 2175 1328 2175 1327 2175 1328 2176 1320 2176 1329 2176 1330 2177 1320 2177 1328 2177 1331 2178 1332 2178 1340 2178 1341 2179 1332 2179 1331 2179 1332 2180 1333 2180 1340 2180 1341 2181 1333 2181 1332 2181 1333 2182 1334 2182 1340 2182 1341 2183 1334 2183 1333 2183 1334 2184 1335 2184 1340 2184 1341 2185 1335 2185 1334 2185 1335 2186 1336 2186 1340 2186 1341 2187 1336 2187 1335 2187 1336 2188 1337 2188 1340 2188 1341 2189 1337 2189 1336 2189 1337 2190 1338 2190 1340 2190 1341 2191 1338 2191 1337 2191 1338 2192 1339 2192 1340 2192 1341 2193 1339 2193 1338 2193 1339 2194 1331 2194 1340 2194 1341 2195 1331 2195 1339 2195 1342 2196 1343 2196 1351 2196 1352 2197 1343 2197 1342 2197 1343 2198 1344 2198 1351 2198 1352 2199 1344 2199 1343 2199 1344 2200 1345 2200 1351 2200 1352 2201 1345 2201 1344 2201 1345 2202 1346 2202 1351 2202 1352 2203 1346 2203 1345 2203 1346 2204 1347 2204 1351 2204 1352 2205 1347 2205 1346 2205 1347 2206 1348 2206 1351 2206 1352 2207 1348 2207 1347 2207 1348 2208 1349 2208 1351 2208 1352 2209 1349 2209 1348 2209 1349 2210 1350 2210 1351 2210 1352 2211 1350 2211 1349 2211 1350 2212 1342 2212 1351 2212 1352 2213 1342 2213 1350 2213 1353 2214 1354 2214 1362 2214 1363 2215 1354 2215 1353 2215 1354 2216 1355 2216 1362 2216 1363 2217 1355 2217 1354 2217 1355 2218 1356 2218 1362 2218 1363 2219 1356 2219 1355 2219 1356 2220 1357 2220 1362 2220 1363 2221 1357 2221 1356 2221 1357 2222 1358 2222 1362 2222 1363 2223 1358 2223 1357 2223 1358 2224 1359 2224 1362 2224 1363 2225 1359 2225 1358 2225 1359 2226 1360 2226 1362 2226 1363 2227 1360 2227 1359 2227 1360 2228 1361 2228 1362 2228 1363 2229 1361 2229 1360 2229 1361 2230 1353 2230 1362 2230 1363 2231 1353 2231 1361 2231 1364 2232 1365 2232 1373 2232 1374 2233 1365 2233 1364 2233 1365 2234 1366 2234 1373 2234 1374 2235 1366 2235 1365 2235 1366 2236 1367 2236 1373 2236 1374 2237 1367 2237 1366 2237 1367 2238 1368 2238 1373 2238 1374 2239 1368 2239 1367 2239 1368 2240 1369 2240 1373 2240 1374 2241 1369 2241 1368 2241 1369 2242 1370 2242 1373 2242 1374 2243 1370 2243 1369 2243 1370 2244 1371 2244 1373 2244 1374 2245 1371 2245 1370 2245 1371 2246 1372 2246 1373 2246 1374 2247 1372 2247 1371 2247 1372 2248 1364 2248 1373 2248 1374 2249 1364 2249 1372 2249 1375 2250 1376 2250 1384 2250 1385 2251 1376 2251 1375 2251 1376 2252 1377 2252 1384 2252 1385 2253 1377 2253 1376 2253 1377 2254 1378 2254 1384 2254 1385 2255 1378 2255 1377 2255 1378 2256 1379 2256 1384 2256 1385 2257 1379 2257 1378 2257 1379 2258 1380 2258 1384 2258 1385 2259 1380 2259 1379 2259 1380 2260 1381 2260 1384 2260 1385 2261 1381 2261 1380 2261 1381 2262 1382 2262 1384 2262 1385 2263 1382 2263 1381 2263 1382 2264 1383 2264 1384 2264 1385 2265 1383 2265 1382 2265 1383 2266 1375 2266 1384 2266 1385 2267 1375 2267 1383 2267 1386 2268 1387 2268 1395 2268 1396 2269 1387 2269 1386 2269 1387 2270 1388 2270 1395 2270 1396 2271 1388 2271 1387 2271 1388 2272 1389 2272 1395 2272 1396 2273 1389 2273 1388 2273 1389 2274 1390 2274 1395 2274 1396 2275 1390 2275 1389 2275 1390 2276 1391 2276 1395 2276 1396 2277 1391 2277 1390 2277 1391 2278 1392 2278 1395 2278 1396 2279 1392 2279 1391 2279 1392 2280 1393 2280 1395 2280 1396 2281 1393 2281 1392 2281 1393 2282 1394 2282 1395 2282 1396 2283 1394 2283 1393 2283 1394 2284 1386 2284 1395 2284 1396 2285 1386 2285 1394 2285 1397 2286 1398 2286 1406 2286 1407 2287 1398 2287 1397 2287 1398 2288 1399 2288 1406 2288 1407 2289 1399 2289 1398 2289 1399 2290 1400 2290 1406 2290 1407 2291 1400 2291 1399 2291 1400 2292 1401 2292 1406 2292 1407 2293 1401 2293 1400 2293 1401 2294 1402 2294 1406 2294 1407 2295 1402 2295 1401 2295 1402 2296 1403 2296 1406 2296 1407 2297 1403 2297 1402 2297 1403 2298 1404 2298 1406 2298 1407 2299 1404 2299 1403 2299 1404 2300 1405 2300 1406 2300 1407 2301 1405 2301 1404 2301 1405 2302 1397 2302 1406 2302 1407 2303 1397 2303 1405 2303 1408 2304 1409 2304 1417 2304 1418 2305 1409 2305 1408 2305 1409 2306 1410 2306 1417 2306 1418 2307 1410 2307 1409 2307 1410 2308 1411 2308 1417 2308 1418 2309 1411 2309 1410 2309 1411 2310 1412 2310 1417 2310 1418 2311 1412 2311 1411 2311 1412 2312 1413 2312 1417 2312 1418 2313 1413 2313 1412 2313 1413 2314 1414 2314 1417 2314 1418 2315 1414 2315 1413 2315 1414 2316 1415 2316 1417 2316 1418 2317 1415 2317 1414 2317 1415 2318 1416 2318 1417 2318 1418 2319 1416 2319 1415 2319 1416 2320 1408 2320 1417 2320 1418 2321 1408 2321 1416 2321 1419 2322 1420 2322 1428 2322 1429 2323 1420 2323 1419 2323 1420 2324 1421 2324 1428 2324 1429 2325 1421 2325 1420 2325 1421 2326 1422 2326 1428 2326 1429 2327 1422 2327 1421 2327 1422 2328 1423 2328 1428 2328 1429 2329 1423 2329 1422 2329 1423 2330 1424 2330 1428 2330 1429 2331 1424 2331 1423 2331 1424 2332 1425 2332 1428 2332 1429 2333 1425 2333 1424 2333 1425 2334 1426 2334 1428 2334 1429 2335 1426 2335 1425 2335 1426 2336 1427 2336 1428 2336 1429 2337 1427 2337 1426 2337 1427 2338 1419 2338 1428 2338 1429 2339 1419 2339 1427 2339 1430 2340 1431 2340 1439 2340 1440 2341 1431 2341 1430 2341 1431 2342 1432 2342 1439 2342 1440 2343 1432 2343 1431 2343 1432 2344 1433 2344 1439 2344 1440 2345 1433 2345 1432 2345 1433 2346 1434 2346 1439 2346 1440 2347 1434 2347 1433 2347 1434 2348 1435 2348 1439 2348 1440 2349 1435 2349 1434 2349 1435 2350 1436 2350 1439 2350 1440 2351 1436 2351 1435 2351 1436 2352 1437 2352 1439 2352 1440 2353 1437 2353 1436 2353 1437 2354 1438 2354 1439 2354 1440 2355 1438 2355 1437 2355 1438 2356 1430 2356 1439 2356 1440 2357 1430 2357 1438 2357 1441 2358 1442 2358 1450 2358 1451 2359 1442 2359 1441 2359 1442 2360 1443 2360 1450 2360 1451 2361 1443 2361 1442 2361 1443 2362 1444 2362 1450 2362 1451 2363 1444 2363 1443 2363 1444 2364 1445 2364 1450 2364 1451 2365 1445 2365 1444 2365 1445 2366 1446 2366 1450 2366 1451 2367 1446 2367 1445 2367 1446 2368 1447 2368 1450 2368 1451 2369 1447 2369 1446 2369 1447 2370 1448 2370 1450 2370 1451 2371 1448 2371 1447 2371 1448 2372 1449 2372 1450 2372 1451 2373 1449 2373 1448 2373 1449 2374 1441 2374 1450 2374 1451 2375 1441 2375 1449 2375 1452 2376 1453 2376 1461 2376 1462 2377 1453 2377 1452 2377 1453 2378 1454 2378 1461 2378 1462 2379 1454 2379 1453 2379 1454 2380 1455 2380 1461 2380 1462 2381 1455 2381 1454 2381 1455 2382 1456 2382 1461 2382 1462 2383 1456 2383 1455 2383 1456 2384 1457 2384 1461 2384 1462 2385 1457 2385 1456 2385 1457 2386 1458 2386 1461 2386 1462 2387 1458 2387 1457 2387 1458 2388 1459 2388 1461 2388 1462 2389 1459 2389 1458 2389 1459 2390 1460 2390 1461 2390 1462 2391 1460 2391 1459 2391 1460 2392 1452 2392 1461 2392 1462 2393 1452 2393 1460 2393 1463 2394 1464 2394 1472 2394 1473 2395 1464 2395 1463 2395 1464 2396 1465 2396 1472 2396 1473 2397 1465 2397 1464 2397 1465 2398 1466 2398 1472 2398 1473 2399 1466 2399 1465 2399 1466 2400 1467 2400 1472 2400 1473 2401 1467 2401 1466 2401 1467 2402 1468 2402 1472 2402 1473 2403 1468 2403 1467 2403 1468 2404 1469 2404 1472 2404 1473 2405 1469 2405 1468 2405 1469 2406 1470 2406 1472 2406 1473 2407 1470 2407 1469 2407 1470 2408 1471 2408 1472 2408 1473 2409 1471 2409 1470 2409 1471 2410 1463 2410 1472 2410 1473 2411 1463 2411 1471 2411 1474 2412 1475 2412 1483 2412 1484 2413 1475 2413 1474 2413 1475 2414 1476 2414 1483 2414 1484 2415 1476 2415 1475 2415 1476 2416 1477 2416 1483 2416 1484 2417 1477 2417 1476 2417 1477 2418 1478 2418 1483 2418 1484 2419 1478 2419 1477 2419 1478 2420 1479 2420 1483 2420 1484 2421 1479 2421 1478 2421 1479 2422 1480 2422 1483 2422 1484 2423 1480 2423 1479 2423 1480 2424 1481 2424 1483 2424 1484 2425 1481 2425 1480 2425 1481 2426 1482 2426 1483 2426 1484 2427 1482 2427 1481 2427 1482 2428 1474 2428 1483 2428 1484 2429 1474 2429 1482 2429 1485 2430 1486 2430 1494 2430 1495 2431 1486 2431 1485 2431 1486 2432 1487 2432 1494 2432 1495 2433 1487 2433 1486 2433 1487 2434 1488 2434 1494 2434 1495 2435 1488 2435 1487 2435 1488 2436 1489 2436 1494 2436 1495 2437 1489 2437 1488 2437 1489 2438 1490 2438 1494 2438 1495 2439 1490 2439 1489 2439 1490 2440 1491 2440 1494 2440 1495 2441 1491 2441 1490 2441 1491 2442 1492 2442 1494 2442 1495 2443 1492 2443 1491 2443 1492 2444 1493 2444 1494 2444 1495 2445 1493 2445 1492 2445 1493 2446 1485 2446 1494 2446 1495 2447 1485 2447 1493 2447 1496 2448 1497 2448 1505 2448 1506 2449 1497 2449 1496 2449 1497 2450 1498 2450 1505 2450 1506 2451 1498 2451 1497 2451 1498 2452 1499 2452 1505 2452 1506 2453 1499 2453 1498 2453 1499 2454 1500 2454 1505 2454 1506 2455 1500 2455 1499 2455 1500 2456 1501 2456 1505 2456 1506 2457 1501 2457 1500 2457 1501 2458 1502 2458 1505 2458 1506 2459 1502 2459 1501 2459 1502 2460 1503 2460 1505 2460 1506 2461 1503 2461 1502 2461 1503 2462 1504 2462 1505 2462 1506 2463 1504 2463 1503 2463 1504 2464 1496 2464 1505 2464 1506 2465 1496 2465 1504 2465 1507 2466 1508 2466 1516 2466 1517 2467 1508 2467 1507 2467 1508 2468 1509 2468 1516 2468 1517 2469 1509 2469 1508 2469 1509 2470 1510 2470 1516 2470 1517 2471 1510 2471 1509 2471 1510 2472 1511 2472 1516 2472 1517 2473 1511 2473 1510 2473 1511 2474 1512 2474 1516 2474 1517 2475 1512 2475 1511 2475 1512 2476 1513 2476 1516 2476 1517 2477 1513 2477 1512 2477 1513 2478 1514 2478 1516 2478 1517 2479 1514 2479 1513 2479 1514 2480 1515 2480 1516 2480 1517 2481 1515 2481 1514 2481 1515 2482 1507 2482 1516 2482 1517 2483 1507 2483 1515 2483 1518 2484 1519 2484 1527 2484 1528 2485 1519 2485 1518 2485 1519 2486 1520 2486 1527 2486 1528 2487 1520 2487 1519 2487 1520 2488 1521 2488 1527 2488 1528 2489 1521 2489 1520 2489 1521 2490 1522 2490 1527 2490 1528 2491 1522 2491 1521 2491 1522 2492 1523 2492 1527 2492 1528 2493 1523 2493 1522 2493 1523 2494 1524 2494 1527 2494 1528 2495 1524 2495 1523 2495 1524 2496 1525 2496 1527 2496 1528 2497 1525 2497 1524 2497 1525 2498 1526 2498 1527 2498 1528 2499 1526 2499 1525 2499 1526 2500 1518 2500 1527 2500 1528 2501 1518 2501 1526 2501 1529 2502 1530 2502 1538 2502 1539 2503 1530 2503 1529 2503 1530 2504 1531 2504 1538 2504 1539 2505 1531 2505 1530 2505 1531 2506 1532 2506 1538 2506 1539 2507 1532 2507 1531 2507 1532 2508 1533 2508 1538 2508 1539 2509 1533 2509 1532 2509 1533 2510 1534 2510 1538 2510 1539 2511 1534 2511 1533 2511 1534 2512 1535 2512 1538 2512 1539 2513 1535 2513 1534 2513 1535 2514 1536 2514 1538 2514 1539 2515 1536 2515 1535 2515 1536 2516 1537 2516 1538 2516 1539 2517 1537 2517 1536 2517 1537 2518 1529 2518 1538 2518 1539 2519 1529 2519 1537 2519 1540 2520 1541 2520 1549 2520 1550 2521 1541 2521 1540 2521 1541 2522 1542 2522 1549 2522 1550 2523 1542 2523 1541 2523 1542 2524 1543 2524 1549 2524 1550 2525 1543 2525 1542 2525 1543 2526 1544 2526 1549 2526 1550 2527 1544 2527 1543 2527 1544 2528 1545 2528 1549 2528 1550 2529 1545 2529 1544 2529 1545 2530 1546 2530 1549 2530 1550 2531 1546 2531 1545 2531 1546 2532 1547 2532 1549 2532 1550 2533 1547 2533 1546 2533 1547 2534 1548 2534 1549 2534 1550 2535 1548 2535 1547 2535 1548 2536 1540 2536 1549 2536 1550 2537 1540 2537 1548 2537 1551 2538 1552 2538 1560 2538 1561 2539 1552 2539 1551 2539 1552 2540 1553 2540 1560 2540 1561 2541 1553 2541 1552 2541 1553 2542 1554 2542 1560 2542 1561 2543 1554 2543 1553 2543 1554 2544 1555 2544 1560 2544 1561 2545 1555 2545 1554 2545 1555 2546 1556 2546 1560 2546 1561 2547 1556 2547 1555 2547 1556 2548 1557 2548 1560 2548 1561 2549 1557 2549 1556 2549 1557 2550 1558 2550 1560 2550 1561 2551 1558 2551 1557 2551 1558 2552 1559 2552 1560 2552 1561 2553 1559 2553 1558 2553 1559 2554 1551 2554 1560 2554 1561 2555 1551 2555 1559 2555 1562 2556 1563 2556 1571 2556 1572 2557 1563 2557 1562 2557 1563 2558 1564 2558 1571 2558 1572 2559 1564 2559 1563 2559 1564 2560 1565 2560 1571 2560 1572 2561 1565 2561 1564 2561 1565 2562 1566 2562 1571 2562 1572 2563 1566 2563 1565 2563 1566 2564 1567 2564 1571 2564 1572 2565 1567 2565 1566 2565 1567 2566 1568 2566 1571 2566 1572 2567 1568 2567 1567 2567 1568 2568 1569 2568 1571 2568 1572 2569 1569 2569 1568 2569 1569 2570 1570 2570 1571 2570 1572 2571 1570 2571 1569 2571 1570 2572 1562 2572 1571 2572 1572 2573 1562 2573 1570 2573 1573 2574 1574 2574 1582 2574 1583 2575 1574 2575 1573 2575 1574 2576 1575 2576 1582 2576 1583 2577 1575 2577 1574 2577 1575 2578 1576 2578 1582 2578 1583 2579 1576 2579 1575 2579 1576 2580 1577 2580 1582 2580 1583 2581 1577 2581 1576 2581 1577 2582 1578 2582 1582 2582 1583 2583 1578 2583 1577 2583 1578 2584 1579 2584 1582 2584 1583 2585 1579 2585 1578 2585 1579 2586 1580 2586 1582 2586 1583 2587 1580 2587 1579 2587 1580 2588 1581 2588 1582 2588 1583 2589 1581 2589 1580 2589 1581 2590 1573 2590 1582 2590 1583 2591 1573 2591 1581 2591 1584 2592 1585 2592 1593 2592 1594 2593 1585 2593 1584 2593 1585 2594 1586 2594 1593 2594 1594 2595 1586 2595 1585 2595 1586 2596 1587 2596 1593 2596 1594 2597 1587 2597 1586 2597 1587 2598 1588 2598 1593 2598 1594 2599 1588 2599 1587 2599 1588 2600 1589 2600 1593 2600 1594 2601 1589 2601 1588 2601 1589 2602 1590 2602 1593 2602 1594 2603 1590 2603 1589 2603 1590 2604 1591 2604 1593 2604 1594 2605 1591 2605 1590 2605 1591 2606 1592 2606 1593 2606 1594 2607 1592 2607 1591 2607 1592 2608 1584 2608 1593 2608 1594 2609 1584 2609 1592 2609 1595 2610 1596 2610 1604 2610 1605 2611 1596 2611 1595 2611 1596 2612 1597 2612 1604 2612 1605 2613 1597 2613 1596 2613 1597 2614 1598 2614 1604 2614 1605 2615 1598 2615 1597 2615 1598 2616 1599 2616 1604 2616 1605 2617 1599 2617 1598 2617 1599 2618 1600 2618 1604 2618 1605 2619 1600 2619 1599 2619 1600 2620 1601 2620 1604 2620 1605 2621 1601 2621 1600 2621 1601 2622 1602 2622 1604 2622 1605 2623 1602 2623 1601 2623 1602 2624 1603 2624 1604 2624 1605 2625 1603 2625 1602 2625 1603 2626 1595 2626 1604 2626 1605 2627 1595 2627 1603 2627 1606 2628 1607 2628 1615 2628 1616 2629 1607 2629 1606 2629 1607 2630 1608 2630 1615 2630 1616 2631 1608 2631 1607 2631 1608 2632 1609 2632 1615 2632 1616 2633 1609 2633 1608 2633 1609 2634 1610 2634 1615 2634 1616 2635 1610 2635 1609 2635 1610 2636 1611 2636 1615 2636 1616 2637 1611 2637 1610 2637 1611 2638 1612 2638 1615 2638 1616 2639 1612 2639 1611 2639 1612 2640 1613 2640 1615 2640 1616 2641 1613 2641 1612 2641 1613 2642 1614 2642 1615 2642 1616 2643 1614 2643 1613 2643 1614 2644 1606 2644 1615 2644 1616 2645 1606 2645 1614 2645 1617 2646 1618 2646 1626 2646 1627 2647 1618 2647 1617 2647 1618 2648 1619 2648 1626 2648 1627 2649 1619 2649 1618 2649 1619 2650 1620 2650 1626 2650 1627 2651 1620 2651 1619 2651 1620 2652 1621 2652 1626 2652 1627 2653 1621 2653 1620 2653 1621 2654 1622 2654 1626 2654 1627 2655 1622 2655 1621 2655 1622 2656 1623 2656 1626 2656 1627 2657 1623 2657 1622 2657 1623 2658 1624 2658 1626 2658 1627 2659 1624 2659 1623 2659 1624 2660 1625 2660 1626 2660 1627 2661 1625 2661 1624 2661 1625 2662 1617 2662 1626 2662 1627 2663 1617 2663 1625 2663 1628 2664 1629 2664 1637 2664 1638 2665 1629 2665 1628 2665 1629 2666 1630 2666 1637 2666 1638 2667 1630 2667 1629 2667 1630 2668 1631 2668 1637 2668 1638 2669 1631 2669 1630 2669 1631 2670 1632 2670 1637 2670 1638 2671 1632 2671 1631 2671 1632 2672 1633 2672 1637 2672 1638 2673 1633 2673 1632 2673 1633 2674 1634 2674 1637 2674 1638 2675 1634 2675 1633 2675 1634 2676 1635 2676 1637 2676 1638 2677 1635 2677 1634 2677 1635 2678 1636 2678 1637 2678 1638 2679 1636 2679 1635 2679 1636 2680 1628 2680 1637 2680 1638 2681 1628 2681 1636 2681 1639 2682 1640 2682 1648 2682 1649 2683 1640 2683 1639 2683 1640 2684 1641 2684 1648 2684 1649 2685 1641 2685 1640 2685 1641 2686 1642 2686 1648 2686 1649 2687 1642 2687 1641 2687 1642 2688 1643 2688 1648 2688 1649 2689 1643 2689 1642 2689 1643 2690 1644 2690 1648 2690 1649 2691 1644 2691 1643 2691 1644 2692 1645 2692 1648 2692 1649 2693 1645 2693 1644 2693 1645 2694 1646 2694 1648 2694 1649 2695 1646 2695 1645 2695 1646 2696 1647 2696 1648 2696 1649 2697 1647 2697 1646 2697 1647 2698 1639 2698 1648 2698 1649 2699 1639 2699 1647 2699 1650 2700 1651 2700 1659 2700 1660 2701 1651 2701 1650 2701 1651 2702 1652 2702 1659 2702 1660 2703 1652 2703 1651 2703 1652 2704 1653 2704 1659 2704 1660 2705 1653 2705 1652 2705 1653 2706 1654 2706 1659 2706 1660 2707 1654 2707 1653 2707 1654 2708 1655 2708 1659 2708 1660 2709 1655 2709 1654 2709 1655 2710 1656 2710 1659 2710 1660 2711 1656 2711 1655 2711 1656 2712 1657 2712 1659 2712 1660 2713 1657 2713 1656 2713 1657 2714 1658 2714 1659 2714 1660 2715 1658 2715 1657 2715 1658 2716 1650 2716 1659 2716 1660 2717 1650 2717 1658 2717 1661 2718 1662 2718 1670 2718 1671 2719 1662 2719 1661 2719 1662 2720 1663 2720 1670 2720 1671 2721 1663 2721 1662 2721 1663 2722 1664 2722 1670 2722 1671 2723 1664 2723 1663 2723 1664 2724 1665 2724 1670 2724 1671 2725 1665 2725 1664 2725 1665 2726 1666 2726 1670 2726 1671 2727 1666 2727 1665 2727 1666 2728 1667 2728 1670 2728 1671 2729 1667 2729 1666 2729 1667 2730 1668 2730 1670 2730 1671 2731 1668 2731 1667 2731 1668 2732 1669 2732 1670 2732 1671 2733 1669 2733 1668 2733 1669 2734 1661 2734 1670 2734 1671 2735 1661 2735 1669 2735 1672 2736 1673 2736 1681 2736 1682 2737 1673 2737 1672 2737 1673 2738 1674 2738 1681 2738 1682 2739 1674 2739 1673 2739 1674 2740 1675 2740 1681 2740 1682 2741 1675 2741 1674 2741 1675 2742 1676 2742 1681 2742 1682 2743 1676 2743 1675 2743 1676 2744 1677 2744 1681 2744 1682 2745 1677 2745 1676 2745 1677 2746 1678 2746 1681 2746 1682 2747 1678 2747 1677 2747 1678 2748 1679 2748 1681 2748 1682 2749 1679 2749 1678 2749 1679 2750 1680 2750 1681 2750 1682 2751 1680 2751 1679 2751 1680 2752 1672 2752 1681 2752 1682 2753 1672 2753 1680 2753 1683 2754 1684 2754 1692 2754 1693 2755 1684 2755 1683 2755 1684 2756 1685 2756 1692 2756 1693 2757 1685 2757 1684 2757 1685 2758 1686 2758 1692 2758 1693 2759 1686 2759 1685 2759 1686 2760 1687 2760 1692 2760 1693 2761 1687 2761 1686 2761 1687 2762 1688 2762 1692 2762 1693 2763 1688 2763 1687 2763 1688 2764 1689 2764 1692 2764 1693 2765 1689 2765 1688 2765 1689 2766 1690 2766 1692 2766 1693 2767 1690 2767 1689 2767 1690 2768 1691 2768 1692 2768 1693 2769 1691 2769 1690 2769 1691 2770 1683 2770 1692 2770 1693 2771 1683 2771 1691 2771 1694 2772 1695 2772 1703 2772 1704 2773 1695 2773 1694 2773 1695 2774 1696 2774 1703 2774 1704 2775 1696 2775 1695 2775 1696 2776 1697 2776 1703 2776 1704 2777 1697 2777 1696 2777 1697 2778 1698 2778 1703 2778 1704 2779 1698 2779 1697 2779 1698 2780 1699 2780 1703 2780 1704 2781 1699 2781 1698 2781 1699 2782 1700 2782 1703 2782 1704 2783 1700 2783 1699 2783 1700 2784 1701 2784 1703 2784 1704 2785 1701 2785 1700 2785 1701 2786 1702 2786 1703 2786 1704 2787 1702 2787 1701 2787 1702 2788 1694 2788 1703 2788 1704 2789 1694 2789 1702 2789 1705 2790 1706 2790 1714 2790 1715 2791 1706 2791 1705 2791 1706 2792 1707 2792 1714 2792 1715 2793 1707 2793 1706 2793 1707 2794 1708 2794 1714 2794 1715 2795 1708 2795 1707 2795 1708 2796 1709 2796 1714 2796 1715 2797 1709 2797 1708 2797 1709 2798 1710 2798 1714 2798 1715 2799 1710 2799 1709 2799 1710 2800 1711 2800 1714 2800 1715 2801 1711 2801 1710 2801 1711 2802 1712 2802 1714 2802 1715 2803 1712 2803 1711 2803 1712 2804 1713 2804 1714 2804 1715 2805 1713 2805 1712 2805 1713 2806 1705 2806 1714 2806 1715 2807 1705 2807 1713 2807 1716 2808 1717 2808 1725 2808 1726 2809 1717 2809 1716 2809 1717 2810 1718 2810 1725 2810 1726 2811 1718 2811 1717 2811 1718 2812 1719 2812 1725 2812 1726 2813 1719 2813 1718 2813 1719 2814 1720 2814 1725 2814 1726 2815 1720 2815 1719 2815 1720 2816 1721 2816 1725 2816 1726 2817 1721 2817 1720 2817 1721 2818 1722 2818 1725 2818 1726 2819 1722 2819 1721 2819 1722 2820 1723 2820 1725 2820 1726 2821 1723 2821 1722 2821 1723 2822 1724 2822 1725 2822 1726 2823 1724 2823 1723 2823 1724 2824 1716 2824 1725 2824 1726 2825 1716 2825 1724 2825 1727 2826 1728 2826 1736 2826 1737 2827 1728 2827 1727 2827 1728 2828 1729 2828 1736 2828 1737 2829 1729 2829 1728 2829 1729 2830 1730 2830 1736 2830 1737 2831 1730 2831 1729 2831 1730 2832 1731 2832 1736 2832 1737 2833 1731 2833 1730 2833 1731 2834 1732 2834 1736 2834 1737 2835 1732 2835 1731 2835 1732 2836 1733 2836 1736 2836 1737 2837 1733 2837 1732 2837 1733 2838 1734 2838 1736 2838 1737 2839 1734 2839 1733 2839 1734 2840 1735 2840 1736 2840 1737 2841 1735 2841 1734 2841 1735 2842 1727 2842 1736 2842 1737 2843 1727 2843 1735 2843 1738 2844 1739 2844 1747 2844 1748 2845 1739 2845 1738 2845 1739 2846 1740 2846 1747 2846 1748 2847 1740 2847 1739 2847 1740 2848 1741 2848 1747 2848 1748 2849 1741 2849 1740 2849 1741 2850 1742 2850 1747 2850 1748 2851 1742 2851 1741 2851 1742 2852 1743 2852 1747 2852 1748 2853 1743 2853 1742 2853 1743 2854 1744 2854 1747 2854 1748 2855 1744 2855 1743 2855 1744 2856 1745 2856 1747 2856 1748 2857 1745 2857 1744 2857 1745 2858 1746 2858 1747 2858 1748 2859 1746 2859 1745 2859 1746 2860 1738 2860 1747 2860 1748 2861 1738 2861 1746 2861 1749 2862 1750 2862 1758 2862 1759 2863 1750 2863 1749 2863 1750 2864 1751 2864 1758 2864 1759 2865 1751 2865 1750 2865 1751 2866 1752 2866 1758 2866 1759 2867 1752 2867 1751 2867 1752 2868 1753 2868 1758 2868 1759 2869 1753 2869 1752 2869 1753 2870 1754 2870 1758 2870 1759 2871 1754 2871 1753 2871 1754 2872 1755 2872 1758 2872 1759 2873 1755 2873 1754 2873 1755 2874 1756 2874 1758 2874 1759 2875 1756 2875 1755 2875 1756 2876 1757 2876 1758 2876 1759 2877 1757 2877 1756 2877 1757 2878 1749 2878 1758 2878 1759 2879 1749 2879 1757 2879 1760 2880 1761 2880 1769 2880 1770 2881 1761 2881 1760 2881 1761 2882 1762 2882 1769 2882 1770 2883 1762 2883 1761 2883 1762 2884 1763 2884 1769 2884 1770 2885 1763 2885 1762 2885 1763 2886 1764 2886 1769 2886 1770 2887 1764 2887 1763 2887 1764 2888 1765 2888 1769 2888 1770 2889 1765 2889 1764 2889 1765 2890 1766 2890 1769 2890 1770 2891 1766 2891 1765 2891 1766 2892 1767 2892 1769 2892 1770 2893 1767 2893 1766 2893 1767 2894 1768 2894 1769 2894 1770 2895 1768 2895 1767 2895 1768 2896 1760 2896 1769 2896 1770 2897 1760 2897 1768 2897 1771 2898 1772 2898 1780 2898 1781 2899 1772 2899 1771 2899 1772 2900 1773 2900 1780 2900 1781 2901 1773 2901 1772 2901 1773 2902 1774 2902 1780 2902 1781 2903 1774 2903 1773 2903 1774 2904 1775 2904 1780 2904 1781 2905 1775 2905 1774 2905 1775 2906 1776 2906 1780 2906 1781 2907 1776 2907 1775 2907 1776 2908 1777 2908 1780 2908 1781 2909 1777 2909 1776 2909 1777 2910 1778 2910 1780 2910 1781 2911 1778 2911 1777 2911 1778 2912 1779 2912 1780 2912 1781 2913 1779 2913 1778 2913 1779 2914 1771 2914 1780 2914 1781 2915 1771 2915 1779 2915 1782 2916 1783 2916 1791 2916 1792 2917 1783 2917 1782 2917 1783 2918 1784 2918 1791 2918 1792 2919 1784 2919 1783 2919 1784 2920 1785 2920 1791 2920 1792 2921 1785 2921 1784 2921 1785 2922 1786 2922 1791 2922 1792 2923 1786 2923 1785 2923 1786 2924 1787 2924 1791 2924 1792 2925 1787 2925 1786 2925 1787 2926 1788 2926 1791 2926 1792 2927 1788 2927 1787 2927 1788 2928 1789 2928 1791 2928 1792 2929 1789 2929 1788 2929 1789 2930 1790 2930 1791 2930 1792 2931 1790 2931 1789 2931 1790 2932 1782 2932 1791 2932 1792 2933 1782 2933 1790 2933 1793 2934 1794 2934 1802 2934 1803 2935 1794 2935 1793 2935 1794 2936 1795 2936 1802 2936 1803 2937 1795 2937 1794 2937 1795 2938 1796 2938 1802 2938 1803 2939 1796 2939 1795 2939 1796 2940 1797 2940 1802 2940 1803 2941 1797 2941 1796 2941 1797 2942 1798 2942 1802 2942 1803 2943 1798 2943 1797 2943 1798 2944 1799 2944 1802 2944 1803 2945 1799 2945 1798 2945 1799 2946 1800 2946 1802 2946 1803 2947 1800 2947 1799 2947 1800 2948 1801 2948 1802 2948 1803 2949 1801 2949 1800 2949 1801 2950 1793 2950 1802 2950 1803 2951 1793 2951 1801 2951 1804 2952 1805 2952 1813 2952 1814 2953 1805 2953 1804 2953 1805 2954 1806 2954 1813 2954 1814 2955 1806 2955 1805 2955 1806 2956 1807 2956 1813 2956 1814 2957 1807 2957 1806 2957 1807 2958 1808 2958 1813 2958 1814 2959 1808 2959 1807 2959 1808 2960 1809 2960 1813 2960 1814 2961 1809 2961 1808 2961 1809 2962 1810 2962 1813 2962 1814 2963 1810 2963 1809 2963 1810 2964 1811 2964 1813 2964 1814 2965 1811 2965 1810 2965 1811 2966 1812 2966 1813 2966 1814 2967 1812 2967 1811 2967 1812 2968 1804 2968 1813 2968 1814 2969 1804 2969 1812 2969 1815 2970 1816 2970 1824 2970 1825 2971 1816 2971 1815 2971 1816 2972 1817 2972 1824 2972 1825 2973 1817 2973 1816 2973 1817 2974 1818 2974 1824 2974 1825 2975 1818 2975 1817 2975 1818 2976 1819 2976 1824 2976 1825 2977 1819 2977 1818 2977 1819 2978 1820 2978 1824 2978 1825 2979 1820 2979 1819 2979 1820 2980 1821 2980 1824 2980 1825 2981 1821 2981 1820 2981 1821 2982 1822 2982 1824 2982 1825 2983 1822 2983 1821 2983 1822 2984 1823 2984 1824 2984 1825 2985 1823 2985 1822 2985 1823 2986 1815 2986 1824 2986 1825 2987 1815 2987 1823 2987 1826 2988 1827 2988 1835 2988 1836 2989 1827 2989 1826 2989 1827 2990 1828 2990 1835 2990 1836 2991 1828 2991 1827 2991 1828 2992 1829 2992 1835 2992 1836 2993 1829 2993 1828 2993 1829 2994 1830 2994 1835 2994 1836 2995 1830 2995 1829 2995 1830 2996 1831 2996 1835 2996 1836 2997 1831 2997 1830 2997 1831 2998 1832 2998 1835 2998 1836 2999 1832 2999 1831 2999 1832 3000 1833 3000 1835 3000 1836 3001 1833 3001 1832 3001 1833 3002 1834 3002 1835 3002 1836 3003 1834 3003 1833 3003 1834 3004 1826 3004 1835 3004 1836 3005 1826 3005 1834 3005 1837 3006 1838 3006 1846 3006 1847 3007 1838 3007 1837 3007 1838 3008 1839 3008 1846 3008 1847 3009 1839 3009 1838 3009 1839 3010 1840 3010 1846 3010 1847 3011 1840 3011 1839 3011 1840 3012 1841 3012 1846 3012 1847 3013 1841 3013 1840 3013 1841 3014 1842 3014 1846 3014 1847 3015 1842 3015 1841 3015 1842 3016 1843 3016 1846 3016 1847 3017 1843 3017 1842 3017 1843 3018 1844 3018 1846 3018 1847 3019 1844 3019 1843 3019 1844 3020 1845 3020 1846 3020 1847 3021 1845 3021 1844 3021 1845 3022 1837 3022 1846 3022 1847 3023 1837 3023 1845 3023 1848 3024 1849 3024 1857 3024 1858 3025 1849 3025 1848 3025 1849 3026 1850 3026 1857 3026 1858 3027 1850 3027 1849 3027 1850 3028 1851 3028 1857 3028 1858 3029 1851 3029 1850 3029 1851 3030 1852 3030 1857 3030 1858 3031 1852 3031 1851 3031 1852 3032 1853 3032 1857 3032 1858 3033 1853 3033 1852 3033 1853 3034 1854 3034 1857 3034 1858 3035 1854 3035 1853 3035 1854 3036 1855 3036 1857 3036 1858 3037 1855 3037 1854 3037 1855 3038 1856 3038 1857 3038 1858 3039 1856 3039 1855 3039 1856 3040 1848 3040 1857 3040 1858 3041 1848 3041 1856 3041 1859 3042 1860 3042 1868 3042 1869 3043 1860 3043 1859 3043 1860 3044 1861 3044 1868 3044 1869 3045 1861 3045 1860 3045 1861 3046 1862 3046 1868 3046 1869 3047 1862 3047 1861 3047 1862 3048 1863 3048 1868 3048 1869 3049 1863 3049 1862 3049 1863 3050 1864 3050 1868 3050 1869 3051 1864 3051 1863 3051 1864 3052 1865 3052 1868 3052 1869 3053 1865 3053 1864 3053 1865 3054 1866 3054 1868 3054 1869 3055 1866 3055 1865 3055 1866 3056 1867 3056 1868 3056 1869 3057 1867 3057 1866 3057 1867 3058 1859 3058 1868 3058 1869 3059 1859 3059 1867 3059 1870 3060 1871 3060 1879 3060 1880 3061 1871 3061 1870 3061 1871 3062 1872 3062 1879 3062 1880 3063 1872 3063 1871 3063 1872 3064 1873 3064 1879 3064 1880 3065 1873 3065 1872 3065 1873 3066 1874 3066 1879 3066 1880 3067 1874 3067 1873 3067 1874 3068 1875 3068 1879 3068 1880 3069 1875 3069 1874 3069 1875 3070 1876 3070 1879 3070 1880 3071 1876 3071 1875 3071 1876 3072 1877 3072 1879 3072 1880 3073 1877 3073 1876 3073 1877 3074 1878 3074 1879 3074 1880 3075 1878 3075 1877 3075 1878 3076 1870 3076 1879 3076 1880 3077 1870 3077 1878 3077 1881 3078 1882 3078 1890 3078 1891 3079 1882 3079 1881 3079 1882 3080 1883 3080 1890 3080 1891 3081 1883 3081 1882 3081 1883 3082 1884 3082 1890 3082 1891 3083 1884 3083 1883 3083 1884 3084 1885 3084 1890 3084 1891 3085 1885 3085 1884 3085 1885 3086 1886 3086 1890 3086 1891 3087 1886 3087 1885 3087 1886 3088 1887 3088 1890 3088 1891 3089 1887 3089 1886 3089 1887 3090 1888 3090 1890 3090 1891 3091 1888 3091 1887 3091 1888 3092 1889 3092 1890 3092 1891 3093 1889 3093 1888 3093 1889 3094 1881 3094 1890 3094 1891 3095 1881 3095 1889 3095 1892 3096 1893 3096 1901 3096 1902 3097 1893 3097 1892 3097 1893 3098 1894 3098 1901 3098 1902 3099 1894 3099 1893 3099 1894 3100 1895 3100 1901 3100 1902 3101 1895 3101 1894 3101 1895 3102 1896 3102 1901 3102 1902 3103 1896 3103 1895 3103 1896 3104 1897 3104 1901 3104 1902 3105 1897 3105 1896 3105 1897 3106 1898 3106 1901 3106 1902 3107 1898 3107 1897 3107 1898 3108 1899 3108 1901 3108 1902 3109 1899 3109 1898 3109 1899 3110 1900 3110 1901 3110 1902 3111 1900 3111 1899 3111 1900 3112 1892 3112 1901 3112 1902 3113 1892 3113 1900 3113 1903 3114 1904 3114 1912 3114 1913 3115 1904 3115 1903 3115 1904 3116 1905 3116 1912 3116 1913 3117 1905 3117 1904 3117 1905 3118 1906 3118 1912 3118 1913 3119 1906 3119 1905 3119 1906 3120 1907 3120 1912 3120 1913 3121 1907 3121 1906 3121 1907 3122 1908 3122 1912 3122 1913 3123 1908 3123 1907 3123 1908 3124 1909 3124 1912 3124 1913 3125 1909 3125 1908 3125 1909 3126 1910 3126 1912 3126 1913 3127 1910 3127 1909 3127 1910 3128 1911 3128 1912 3128 1913 3129 1911 3129 1910 3129 1911 3130 1903 3130 1912 3130 1913 3131 1903 3131 1911 3131 1914 3132 1915 3132 1923 3132 1924 3133 1915 3133 1914 3133 1915 3134 1916 3134 1923 3134 1924 3135 1916 3135 1915 3135 1916 3136 1917 3136 1923 3136 1924 3137 1917 3137 1916 3137 1917 3138 1918 3138 1923 3138 1924 3139 1918 3139 1917 3139 1918 3140 1919 3140 1923 3140 1924 3141 1919 3141 1918 3141 1919 3142 1920 3142 1923 3142 1924 3143 1920 3143 1919 3143 1920 3144 1921 3144 1923 3144 1924 3145 1921 3145 1920 3145 1921 3146 1922 3146 1923 3146 1924 3147 1922 3147 1921 3147 1922 3148 1914 3148 1923 3148 1924 3149 1914 3149 1922 3149 1925 3150 1926 3150 1934 3150 1935 3151 1926 3151 1925 3151 1926 3152 1927 3152 1934 3152 1935 3153 1927 3153 1926 3153 1927 3154 1928 3154 1934 3154 1935 3155 1928 3155 1927 3155 1928 3156 1929 3156 1934 3156 1935 3157 1929 3157 1928 3157 1929 3158 1930 3158 1934 3158 1935 3159 1930 3159 1929 3159 1930 3160 1931 3160 1934 3160 1935 3161 1931 3161 1930 3161 1931 3162 1932 3162 1934 3162 1935 3163 1932 3163 1931 3163 1932 3164 1933 3164 1934 3164 1935 3165 1933 3165 1932 3165 1933 3166 1925 3166 1934 3166 1935 3167 1925 3167 1933 3167 1936 3168 1937 3168 1945 3168 1946 3169 1937 3169 1936 3169 1937 3170 1938 3170 1945 3170 1946 3171 1938 3171 1937 3171 1938 3172 1939 3172 1945 3172 1946 3173 1939 3173 1938 3173 1939 3174 1940 3174 1945 3174 1946 3175 1940 3175 1939 3175 1940 3176 1941 3176 1945 3176 1946 3177 1941 3177 1940 3177 1941 3178 1942 3178 1945 3178 1946 3179 1942 3179 1941 3179 1942 3180 1943 3180 1945 3180 1946 3181 1943 3181 1942 3181 1943 3182 1944 3182 1945 3182 1946 3183 1944 3183 1943 3183 1944 3184 1936 3184 1945 3184 1946 3185 1936 3185 1944 3185 1947 3186 1948 3186 1956 3186 1957 3187 1948 3187 1947 3187 1948 3188 1949 3188 1956 3188 1957 3189 1949 3189 1948 3189 1949 3190 1950 3190 1956 3190 1957 3191 1950 3191 1949 3191 1950 3192 1951 3192 1956 3192 1957 3193 1951 3193 1950 3193 1951 3194 1952 3194 1956 3194 1957 3195 1952 3195 1951 3195 1952 3196 1953 3196 1956 3196 1957 3197 1953 3197 1952 3197 1953 3198 1954 3198 1956 3198 1957 3199 1954 3199 1953 3199 1954 3200 1955 3200 1956 3200 1957 3201 1955 3201 1954 3201 1955 3202 1947 3202 1956 3202 1957 3203 1947 3203 1955 3203 1958 3204 1959 3204 1967 3204 1968 3205 1959 3205 1958 3205 1959 3206 1960 3206 1967 3206 1968 3207 1960 3207 1959 3207 1960 3208 1961 3208 1967 3208 1968 3209 1961 3209 1960 3209 1961 3210 1962 3210 1967 3210 1968 3211 1962 3211 1961 3211 1962 3212 1963 3212 1967 3212 1968 3213 1963 3213 1962 3213 1963 3214 1964 3214 1967 3214 1968 3215 1964 3215 1963 3215 1964 3216 1965 3216 1967 3216 1968 3217 1965 3217 1964 3217 1965 3218 1966 3218 1967 3218 1968 3219 1966 3219 1965 3219 1966 3220 1958 3220 1967 3220 1968 3221 1958 3221 1966 3221 1969 3222 1970 3222 1978 3222 1979 3223 1970 3223 1969 3223 1970 3224 1971 3224 1978 3224 1979 3225 1971 3225 1970 3225 1971 3226 1972 3226 1978 3226 1979 3227 1972 3227 1971 3227 1972 3228 1973 3228 1978 3228 1979 3229 1973 3229 1972 3229 1973 3230 1974 3230 1978 3230 1979 3231 1974 3231 1973 3231 1974 3232 1975 3232 1978 3232 1979 3233 1975 3233 1974 3233 1975 3234 1976 3234 1978 3234 1979 3235 1976 3235 1975 3235 1976 3236 1977 3236 1978 3236 1979 3237 1977 3237 1976 3237 1977 3238 1969 3238 1978 3238 1979 3239 1969 3239 1977 3239 1980 3240 1981 3240 1989 3240 1990 3241 1981 3241 1980 3241 1981 3242 1982 3242 1989 3242 1990 3243 1982 3243 1981 3243 1982 3244 1983 3244 1989 3244 1990 3245 1983 3245 1982 3245 1983 3246 1984 3246 1989 3246 1990 3247 1984 3247 1983 3247 1984 3248 1985 3248 1989 3248 1990 3249 1985 3249 1984 3249 1985 3250 1986 3250 1989 3250 1990 3251 1986 3251 1985 3251 1986 3252 1987 3252 1989 3252 1990 3253 1987 3253 1986 3253 1987 3254 1988 3254 1989 3254 1990 3255 1988 3255 1987 3255 1988 3256 1980 3256 1989 3256 1990 3257 1980 3257 1988 3257 1991 3258 1992 3258 2000 3258 2001 3259 1992 3259 1991 3259 1992 3260 1993 3260 2000 3260 2001 3261 1993 3261 1992 3261 1993 3262 1994 3262 2000 3262 2001 3263 1994 3263 1993 3263 1994 3264 1995 3264 2000 3264 2001 3265 1995 3265 1994 3265 1995 3266 1996 3266 2000 3266 2001 3267 1996 3267 1995 3267 1996 3268 1997 3268 2000 3268 2001 3269 1997 3269 1996 3269 1997 3270 1998 3270 2000 3270 2001 3271 1998 3271 1997 3271 1998 3272 1999 3272 2000 3272 2001 3273 1999 3273 1998 3273 1999 3274 1991 3274 2000 3274 2001 3275 1991 3275 1999 3275 2002 3276 2003 3276 2011 3276 2012 3277 2003 3277 2002 3277 2003 3278 2004 3278 2011 3278 2012 3279 2004 3279 2003 3279 2004 3280 2005 3280 2011 3280 2012 3281 2005 3281 2004 3281 2005 3282 2006 3282 2011 3282 2012 3283 2006 3283 2005 3283 2006 3284 2007 3284 2011 3284 2012 3285 2007 3285 2006 3285 2007 3286 2008 3286 2011 3286 2012 3287 2008 3287 2007 3287 2008 3288 2009 3288 2011 3288 2012 3289 2009 3289 2008 3289 2009 3290 2010 3290 2011 3290 2012 3291 2010 3291 2009 3291 2010 3292 2002 3292 2011 3292 2012 3293 2002 3293 2010 3293 2013 3294 2014 3294 2022 3294 2023 3295 2014 3295 2013 3295 2014 3296 2015 3296 2022 3296 2023 3297 2015 3297 2014 3297 2015 3298 2016 3298 2022 3298 2023 3299 2016 3299 2015 3299 2016 3300 2017 3300 2022 3300 2023 3301 2017 3301 2016 3301 2017 3302 2018 3302 2022 3302 2023 3303 2018 3303 2017 3303 2018 3304 2019 3304 2022 3304 2023 3305 2019 3305 2018 3305 2019 3306 2020 3306 2022 3306 2023 3307 2020 3307 2019 3307 2020 3308 2021 3308 2022 3308 2023 3309 2021 3309 2020 3309 2021 3310 2013 3310 2022 3310 2023 3311 2013 3311 2021 3311 2024 3312 2025 3312 2033 3312 2034 3313 2025 3313 2024 3313 2025 3314 2026 3314 2033 3314 2034 3315 2026 3315 2025 3315 2026 3316 2027 3316 2033 3316 2034 3317 2027 3317 2026 3317 2027 3318 2028 3318 2033 3318 2034 3319 2028 3319 2027 3319 2028 3320 2029 3320 2033 3320 2034 3321 2029 3321 2028 3321 2029 3322 2030 3322 2033 3322 2034 3323 2030 3323 2029 3323 2030 3324 2031 3324 2033 3324 2034 3325 2031 3325 2030 3325 2031 3326 2032 3326 2033 3326 2034 3327 2032 3327 2031 3327 2032 3328 2024 3328 2033 3328 2034 3329 2024 3329 2032 3329 2035 3330 2036 3330 2044 3330 2045 3331 2036 3331 2035 3331 2036 3332 2037 3332 2044 3332 2045 3333 2037 3333 2036 3333 2037 3334 2038 3334 2044 3334 2045 3335 2038 3335 2037 3335 2038 3336 2039 3336 2044 3336 2045 3337 2039 3337 2038 3337 2039 3338 2040 3338 2044 3338 2045 3339 2040 3339 2039 3339 2040 3340 2041 3340 2044 3340 2045 3341 2041 3341 2040 3341 2041 3342 2042 3342 2044 3342 2045 3343 2042 3343 2041 3343 2042 3344 2043 3344 2044 3344 2045 3345 2043 3345 2042 3345 2043 3346 2035 3346 2044 3346 2045 3347 2035 3347 2043 3347 2046 3348 2047 3348 2055 3348 2056 3349 2047 3349 2046 3349 2047 3350 2048 3350 2055 3350 2056 3351 2048 3351 2047 3351 2048 3352 2049 3352 2055 3352 2056 3353 2049 3353 2048 3353 2049 3354 2050 3354 2055 3354 2056 3355 2050 3355 2049 3355 2050 3356 2051 3356 2055 3356 2056 3357 2051 3357 2050 3357 2051 3358 2052 3358 2055 3358 2056 3359 2052 3359 2051 3359 2052 3360 2053 3360 2055 3360 2056 3361 2053 3361 2052 3361 2053 3362 2054 3362 2055 3362 2056 3363 2054 3363 2053 3363 2054 3364 2046 3364 2055 3364 2056 3365 2046 3365 2054 3365 2057 3366 2058 3366 2066 3366 2067 3367 2058 3367 2057 3367 2058 3368 2059 3368 2066 3368 2067 3369 2059 3369 2058 3369 2059 3370 2060 3370 2066 3370 2067 3371 2060 3371 2059 3371 2060 3372 2061 3372 2066 3372 2067 3373 2061 3373 2060 3373 2061 3374 2062 3374 2066 3374 2067 3375 2062 3375 2061 3375 2062 3376 2063 3376 2066 3376 2067 3377 2063 3377 2062 3377 2063 3378 2064 3378 2066 3378 2067 3379 2064 3379 2063 3379 2064 3380 2065 3380 2066 3380 2067 3381 2065 3381 2064 3381 2065 3382 2057 3382 2066 3382 2067 3383 2057 3383 2065 3383 2068 3384 2069 3384 2077 3384 2078 3385 2069 3385 2068 3385 2069 3386 2070 3386 2077 3386 2078 3387 2070 3387 2069 3387 2070 3388 2071 3388 2077 3388 2078 3389 2071 3389 2070 3389 2071 3390 2072 3390 2077 3390 2078 3391 2072 3391 2071 3391 2072 3392 2073 3392 2077 3392 2078 3393 2073 3393 2072 3393 2073 3394 2074 3394 2077 3394 2078 3395 2074 3395 2073 3395 2074 3396 2075 3396 2077 3396 2078 3397 2075 3397 2074 3397 2075 3398 2076 3398 2077 3398 2078 3399 2076 3399 2075 3399 2076 3400 2068 3400 2077 3400 2078 3401 2068 3401 2076 3401 2079 3402 2080 3402 2088 3402 2089 3403 2080 3403 2079 3403 2080 3404 2081 3404 2088 3404 2089 3405 2081 3405 2080 3405 2081 3406 2082 3406 2088 3406 2089 3407 2082 3407 2081 3407 2082 3408 2083 3408 2088 3408 2089 3409 2083 3409 2082 3409 2083 3410 2084 3410 2088 3410 2089 3411 2084 3411 2083 3411 2084 3412 2085 3412 2088 3412 2089 3413 2085 3413 2084 3413 2085 3414 2086 3414 2088 3414 2089 3415 2086 3415 2085 3415 2086 3416 2087 3416 2088 3416 2089 3417 2087 3417 2086 3417 2087 3418 2079 3418 2088 3418 2089 3419 2079 3419 2087 3419 2090 3420 2091 3420 2099 3420 2100 3421 2091 3421 2090 3421 2091 3422 2092 3422 2099 3422 2100 3423 2092 3423 2091 3423 2092 3424 2093 3424 2099 3424 2100 3425 2093 3425 2092 3425 2093 3426 2094 3426 2099 3426 2100 3427 2094 3427 2093 3427 2094 3428 2095 3428 2099 3428 2100 3429 2095 3429 2094 3429 2095 3430 2096 3430 2099 3430 2100 3431 2096 3431 2095 3431 2096 3432 2097 3432 2099 3432 2100 3433 2097 3433 2096 3433 2097 3434 2098 3434 2099 3434 2100 3435 2098 3435 2097 3435 2098 3436 2090 3436 2099 3436 2100 3437 2090 3437 2098 3437 2101 3438 2102 3438 2110 3438 2111 3439 2102 3439 2101 3439 2102 3440 2103 3440 2110 3440 2111 3441 2103 3441 2102 3441 2103 3442 2104 3442 2110 3442 2111 3443 2104 3443 2103 3443 2104 3444 2105 3444 2110 3444 2111 3445 2105 3445 2104 3445 2105 3446 2106 3446 2110 3446 2111 3447 2106 3447 2105 3447 2106 3448 2107 3448 2110 3448 2111 3449 2107 3449 2106 3449 2107 3450 2108 3450 2110 3450 2111 3451 2108 3451 2107 3451 2108 3452 2109 3452 2110 3452 2111 3453 2109 3453 2108 3453 2109 3454 2101 3454 2110 3454 2111 3455 2101 3455 2109 3455 2112 3456 2113 3456 2121 3456 2122 3457 2113 3457 2112 3457 2113 3458 2114 3458 2121 3458 2122 3459 2114 3459 2113 3459 2114 3460 2115 3460 2121 3460 2122 3461 2115 3461 2114 3461 2115 3462 2116 3462 2121 3462 2122 3463 2116 3463 2115 3463 2116 3464 2117 3464 2121 3464 2122 3465 2117 3465 2116 3465 2117 3466 2118 3466 2121 3466 2122 3467 2118 3467 2117 3467 2118 3468 2119 3468 2121 3468 2122 3469 2119 3469 2118 3469 2119 3470 2120 3470 2121 3470 2122 3471 2120 3471 2119 3471 2120 3472 2112 3472 2121 3472 2122 3473 2112 3473 2120 3473 2123 3474 2124 3474 2132 3474 2133 3475 2124 3475 2123 3475 2124 3476 2125 3476 2132 3476 2133 3477 2125 3477 2124 3477 2125 3478 2126 3478 2132 3478 2133 3479 2126 3479 2125 3479 2126 3480 2127 3480 2132 3480 2133 3481 2127 3481 2126 3481 2127 3482 2128 3482 2132 3482 2133 3483 2128 3483 2127 3483 2128 3484 2129 3484 2132 3484 2133 3485 2129 3485 2128 3485 2129 3486 2130 3486 2132 3486 2133 3487 2130 3487 2129 3487 2130 3488 2131 3488 2132 3488 2133 3489 2131 3489 2130 3489 2131 3490 2123 3490 2132 3490 2133 3491 2123 3491 2131 3491 2134 3492 2135 3492 2143 3492 2144 3493 2135 3493 2134 3493 2135 3494 2136 3494 2143 3494 2144 3495 2136 3495 2135 3495 2136 3496 2137 3496 2143 3496 2144 3497 2137 3497 2136 3497 2137 3498 2138 3498 2143 3498 2144 3499 2138 3499 2137 3499 2138 3500 2139 3500 2143 3500 2144 3501 2139 3501 2138 3501 2139 3502 2140 3502 2143 3502 2144 3503 2140 3503 2139 3503 2140 3504 2141 3504 2143 3504 2144 3505 2141 3505 2140 3505 2141 3506 2142 3506 2143 3506 2144 3507 2142 3507 2141 3507 2142 3508 2134 3508 2143 3508 2144 3509 2134 3509 2142 3509 2145 3510 2146 3510 2154 3510 2155 3511 2146 3511 2145 3511 2146 3512 2147 3512 2154 3512 2155 3513 2147 3513 2146 3513 2147 3514 2148 3514 2154 3514 2155 3515 2148 3515 2147 3515 2148 3516 2149 3516 2154 3516 2155 3517 2149 3517 2148 3517 2149 3518 2150 3518 2154 3518 2155 3519 2150 3519 2149 3519 2150 3520 2151 3520 2154 3520 2155 3521 2151 3521 2150 3521 2151 3522 2152 3522 2154 3522 2155 3523 2152 3523 2151 3523 2152 3524 2153 3524 2154 3524 2155 3525 2153 3525 2152 3525 2153 3526 2145 3526 2154 3526 2155 3527 2145 3527 2153 3527 2156 3528 2157 3528 2165 3528 2166 3529 2157 3529 2156 3529 2157 3530 2158 3530 2165 3530 2166 3531 2158 3531 2157 3531 2158 3532 2159 3532 2165 3532 2166 3533 2159 3533 2158 3533 2159 3534 2160 3534 2165 3534 2166 3535 2160 3535 2159 3535 2160 3536 2161 3536 2165 3536 2166 3537 2161 3537 2160 3537 2161 3538 2162 3538 2165 3538 2166 3539 2162 3539 2161 3539 2162 3540 2163 3540 2165 3540 2166 3541 2163 3541 2162 3541 2163 3542 2164 3542 2165 3542 2166 3543 2164 3543 2163 3543 2164 3544 2156 3544 2165 3544 2166 3545 2156 3545 2164 3545 2167 3546 2168 3546 2176 3546 2177 3547 2168 3547 2167 3547 2168 3548 2169 3548 2176 3548 2177 3549 2169 3549 2168 3549 2169 3550 2170 3550 2176 3550 2177 3551 2170 3551 2169 3551 2170 3552 2171 3552 2176 3552 2177 3553 2171 3553 2170 3553 2171 3554 2172 3554 2176 3554 2177 3555 2172 3555 2171 3555 2172 3556 2173 3556 2176 3556 2177 3557 2173 3557 2172 3557 2173 3558 2174 3558 2176 3558 2177 3559 2174 3559 2173 3559 2174 3560 2175 3560 2176 3560 2177 3561 2175 3561 2174 3561 2175 3562 2167 3562 2176 3562 2177 3563 2167 3563 2175 3563 2178 3564 2179 3564 2187 3564 2188 3565 2179 3565 2178 3565 2179 3566 2180 3566 2187 3566 2188 3567 2180 3567 2179 3567 2180 3568 2181 3568 2187 3568 2188 3569 2181 3569 2180 3569 2181 3570 2182 3570 2187 3570 2188 3571 2182 3571 2181 3571 2182 3572 2183 3572 2187 3572 2188 3573 2183 3573 2182 3573 2183 3574 2184 3574 2187 3574 2188 3575 2184 3575 2183 3575 2184 3576 2185 3576 2187 3576 2188 3577 2185 3577 2184 3577 2185 3578 2186 3578 2187 3578 2188 3579 2186 3579 2185 3579 2186 3580 2178 3580 2187 3580 2188 3581 2178 3581 2186 3581 2189 3582 2190 3582 2198 3582 2199 3583 2190 3583 2189 3583 2190 3584 2191 3584 2198 3584 2199 3585 2191 3585 2190 3585 2191 3586 2192 3586 2198 3586 2199 3587 2192 3587 2191 3587 2192 3588 2193 3588 2198 3588 2199 3589 2193 3589 2192 3589 2193 3590 2194 3590 2198 3590 2199 3591 2194 3591 2193 3591 2194 3592 2195 3592 2198 3592 2199 3593 2195 3593 2194 3593 2195 3594 2196 3594 2198 3594 2199 3595 2196 3595 2195 3595 2196 3596 2197 3596 2198 3596 2199 3597 2197 3597 2196 3597 2197 3598 2189 3598 2198 3598 2199 3599 2189 3599 2197 3599 2200 3600 2201 3600 2209 3600 2210 3601 2201 3601 2200 3601 2201 3602 2202 3602 2209 3602 2210 3603 2202 3603 2201 3603 2202 3604 2203 3604 2209 3604 2210 3605 2203 3605 2202 3605 2203 3606 2204 3606 2209 3606 2210 3607 2204 3607 2203 3607 2204 3608 2205 3608 2209 3608 2210 3609 2205 3609 2204 3609 2205 3610 2206 3610 2209 3610 2210 3611 2206 3611 2205 3611 2206 3612 2207 3612 2209 3612 2210 3613 2207 3613 2206 3613 2207 3614 2208 3614 2209 3614 2210 3615 2208 3615 2207 3615 2208 3616 2200 3616 2209 3616 2210 3617 2200 3617 2208 3617 2211 3618 2212 3618 2220 3618 2221 3619 2212 3619 2211 3619 2212 3620 2213 3620 2220 3620 2221 3621 2213 3621 2212 3621 2213 3622 2214 3622 2220 3622 2221 3623 2214 3623 2213 3623 2214 3624 2215 3624 2220 3624 2221 3625 2215 3625 2214 3625 2215 3626 2216 3626 2220 3626 2221 3627 2216 3627 2215 3627 2216 3628 2217 3628 2220 3628 2221 3629 2217 3629 2216 3629 2217 3630 2218 3630 2220 3630 2221 3631 2218 3631 2217 3631 2218 3632 2219 3632 2220 3632 2221 3633 2219 3633 2218 3633 2219 3634 2211 3634 2220 3634 2221 3635 2211 3635 2219 3635 2222 3636 2223 3636 2231 3636 2232 3637 2223 3637 2222 3637 2223 3638 2224 3638 2231 3638 2232 3639 2224 3639 2223 3639 2224 3640 2225 3640 2231 3640 2232 3641 2225 3641 2224 3641 2225 3642 2226 3642 2231 3642 2232 3643 2226 3643 2225 3643 2226 3644 2227 3644 2231 3644 2232 3645 2227 3645 2226 3645 2227 3646 2228 3646 2231 3646 2232 3647 2228 3647 2227 3647 2228 3648 2229 3648 2231 3648 2232 3649 2229 3649 2228 3649 2229 3650 2230 3650 2231 3650 2232 3651 2230 3651 2229 3651 2230 3652 2222 3652 2231 3652 2232 3653 2222 3653 2230 3653 2233 3654 2234 3654 2242 3654 2243 3655 2234 3655 2233 3655 2234 3656 2235 3656 2242 3656 2243 3657 2235 3657 2234 3657 2235 3658 2236 3658 2242 3658 2243 3659 2236 3659 2235 3659 2236 3660 2237 3660 2242 3660 2243 3661 2237 3661 2236 3661 2237 3662 2238 3662 2242 3662 2243 3663 2238 3663 2237 3663 2238 3664 2239 3664 2242 3664 2243 3665 2239 3665 2238 3665 2239 3666 2240 3666 2242 3666 2243 3667 2240 3667 2239 3667 2240 3668 2241 3668 2242 3668 2243 3669 2241 3669 2240 3669 2241 3670 2233 3670 2242 3670 2243 3671 2233 3671 2241 3671 2244 3672 2245 3672 2253 3672 2254 3673 2245 3673 2244 3673 2245 3674 2246 3674 2253 3674 2254 3675 2246 3675 2245 3675 2246 3676 2247 3676 2253 3676 2254 3677 2247 3677 2246 3677 2247 3678 2248 3678 2253 3678 2254 3679 2248 3679 2247 3679 2248 3680 2249 3680 2253 3680 2254 3681 2249 3681 2248 3681 2249 3682 2250 3682 2253 3682 2254 3683 2250 3683 2249 3683 2250 3684 2251 3684 2253 3684 2254 3685 2251 3685 2250 3685 2251 3686 2252 3686 2253 3686 2254 3687 2252 3687 2251 3687 2252 3688 2244 3688 2253 3688 2254 3689 2244 3689 2252 3689 2255 3690 2256 3690 2264 3690 2265 3691 2256 3691 2255 3691 2256 3692 2257 3692 2264 3692 2265 3693 2257 3693 2256 3693 2257 3694 2258 3694 2264 3694 2265 3695 2258 3695 2257 3695 2258 3696 2259 3696 2264 3696 2265 3697 2259 3697 2258 3697 2259 3698 2260 3698 2264 3698 2265 3699 2260 3699 2259 3699 2260 3700 2261 3700 2264 3700 2265 3701 2261 3701 2260 3701 2261 3702 2262 3702 2264 3702 2265 3703 2262 3703 2261 3703 2262 3704 2263 3704 2264 3704 2265 3705 2263 3705 2262 3705 2263 3706 2255 3706 2264 3706 2265 3707 2255 3707 2263 3707 2266 3708 2267 3708 2275 3708 2276 3709 2267 3709 2266 3709 2267 3710 2268 3710 2275 3710 2276 3711 2268 3711 2267 3711 2268 3712 2269 3712 2275 3712 2276 3713 2269 3713 2268 3713 2269 3714 2270 3714 2275 3714 2276 3715 2270 3715 2269 3715 2270 3716 2271 3716 2275 3716 2276 3717 2271 3717 2270 3717 2271 3718 2272 3718 2275 3718 2276 3719 2272 3719 2271 3719 2272 3720 2273 3720 2275 3720 2276 3721 2273 3721 2272 3721 2273 3722 2274 3722 2275 3722 2276 3723 2274 3723 2273 3723 2274 3724 2266 3724 2275 3724 2276 3725 2266 3725 2274 3725 2277 3726 2278 3726 2286 3726 2287 3727 2278 3727 2277 3727 2278 3728 2279 3728 2286 3728 2287 3729 2279 3729 2278 3729 2279 3730 2280 3730 2286 3730 2287 3731 2280 3731 2279 3731 2280 3732 2281 3732 2286 3732 2287 3733 2281 3733 2280 3733 2281 3734 2282 3734 2286 3734 2287 3735 2282 3735 2281 3735 2282 3736 2283 3736 2286 3736 2287 3737 2283 3737 2282 3737 2283 3738 2284 3738 2286 3738 2287 3739 2284 3739 2283 3739 2284 3740 2285 3740 2286 3740 2287 3741 2285 3741 2284 3741 2285 3742 2277 3742 2286 3742 2287 3743 2277 3743 2285 3743 2288 3744 2289 3744 2297 3744 2298 3745 2289 3745 2288 3745 2289 3746 2290 3746 2297 3746 2298 3747 2290 3747 2289 3747 2290 3748 2291 3748 2297 3748 2298 3749 2291 3749 2290 3749 2291 3750 2292 3750 2297 3750 2298 3751 2292 3751 2291 3751 2292 3752 2293 3752 2297 3752 2298 3753 2293 3753 2292 3753 2293 3754 2294 3754 2297 3754 2298 3755 2294 3755 2293 3755 2294 3756 2295 3756 2297 3756 2298 3757 2295 3757 2294 3757 2295 3758 2296 3758 2297 3758 2298 3759 2296 3759 2295 3759 2296 3760 2288 3760 2297 3760 2298 3761 2288 3761 2296 3761 2299 3762 2300 3762 2308 3762 2309 3763 2300 3763 2299 3763 2300 3764 2301 3764 2308 3764 2309 3765 2301 3765 2300 3765 2301 3766 2302 3766 2308 3766 2309 3767 2302 3767 2301 3767 2302 3768 2303 3768 2308 3768 2309 3769 2303 3769 2302 3769 2303 3770 2304 3770 2308 3770 2309 3771 2304 3771 2303 3771 2304 3772 2305 3772 2308 3772 2309 3773 2305 3773 2304 3773 2305 3774 2306 3774 2308 3774 2309 3775 2306 3775 2305 3775 2306 3776 2307 3776 2308 3776 2309 3777 2307 3777 2306 3777 2307 3778 2299 3778 2308 3778 2309 3779 2299 3779 2307 3779 2310 3780 2311 3780 2319 3780 2320 3781 2311 3781 2310 3781 2311 3782 2312 3782 2319 3782 2320 3783 2312 3783 2311 3783 2312 3784 2313 3784 2319 3784 2320 3785 2313 3785 2312 3785 2313 3786 2314 3786 2319 3786 2320 3787 2314 3787 2313 3787 2314 3788 2315 3788 2319 3788 2320 3789 2315 3789 2314 3789 2315 3790 2316 3790 2319 3790 2320 3791 2316 3791 2315 3791 2316 3792 2317 3792 2319 3792 2320 3793 2317 3793 2316 3793 2317 3794 2318 3794 2319 3794 2320 3795 2318 3795 2317 3795 2318 3796 2310 3796 2319 3796 2320 3797 2310 3797 2318 3797 2321 3798 2322 3798 2330 3798 2331 3799 2322 3799 2321 3799 2322 3800 2323 3800 2330 3800 2331 3801 2323 3801 2322 3801 2323 3802 2324 3802 2330 3802 2331 3803 2324 3803 2323 3803 2324 3804 2325 3804 2330 3804 2331 3805 2325 3805 2324 3805 2325 3806 2326 3806 2330 3806 2331 3807 2326 3807 2325 3807 2326 3808 2327 3808 2330 3808 2331 3809 2327 3809 2326 3809 2327 3810 2328 3810 2330 3810 2331 3811 2328 3811 2327 3811 2328 3812 2329 3812 2330 3812 2331 3813 2329 3813 2328 3813 2329 3814 2321 3814 2330 3814 2331 3815 2321 3815 2329 3815 2332 3816 2333 3816 2341 3816 2342 3817 2333 3817 2332 3817 2333 3818 2334 3818 2341 3818 2342 3819 2334 3819 2333 3819 2334 3820 2335 3820 2341 3820 2342 3821 2335 3821 2334 3821 2335 3822 2336 3822 2341 3822 2342 3823 2336 3823 2335 3823 2336 3824 2337 3824 2341 3824 2342 3825 2337 3825 2336 3825 2337 3826 2338 3826 2341 3826 2342 3827 2338 3827 2337 3827 2338 3828 2339 3828 2341 3828 2342 3829 2339 3829 2338 3829 2339 3830 2340 3830 2341 3830 2342 3831 2340 3831 2339 3831 2340 3832 2332 3832 2341 3832 2342 3833 2332 3833 2340 3833 2343 3834 2344 3834 2352 3834 2353 3835 2344 3835 2343 3835 2344 3836 2345 3836 2352 3836 2353 3837 2345 3837 2344 3837 2345 3838 2346 3838 2352 3838 2353 3839 2346 3839 2345 3839 2346 3840 2347 3840 2352 3840 2353 3841 2347 3841 2346 3841 2347 3842 2348 3842 2352 3842 2353 3843 2348 3843 2347 3843 2348 3844 2349 3844 2352 3844 2353 3845 2349 3845 2348 3845 2349 3846 2350 3846 2352 3846 2353 3847 2350 3847 2349 3847 2350 3848 2351 3848 2352 3848 2353 3849 2351 3849 2350 3849 2351 3850 2343 3850 2352 3850 2353 3851 2343 3851 2351 3851 2354 3852 2355 3852 2363 3852 2364 3853 2355 3853 2354 3853 2355 3854 2356 3854 2363 3854 2364 3855 2356 3855 2355 3855 2356 3856 2357 3856 2363 3856 2364 3857 2357 3857 2356 3857 2357 3858 2358 3858 2363 3858 2364 3859 2358 3859 2357 3859 2358 3860 2359 3860 2363 3860 2364 3861 2359 3861 2358 3861 2359 3862 2360 3862 2363 3862 2364 3863 2360 3863 2359 3863 2360 3864 2361 3864 2363 3864 2364 3865 2361 3865 2360 3865 2361 3866 2362 3866 2363 3866 2364 3867 2362 3867 2361 3867 2362 3868 2354 3868 2363 3868 2364 3869 2354 3869 2362 3869 2365 3870 2366 3870 2374 3870 2375 3871 2366 3871 2365 3871 2366 3872 2367 3872 2374 3872 2375 3873 2367 3873 2366 3873 2367 3874 2368 3874 2374 3874 2375 3875 2368 3875 2367 3875 2368 3876 2369 3876 2374 3876 2375 3877 2369 3877 2368 3877 2369 3878 2370 3878 2374 3878 2375 3879 2370 3879 2369 3879 2370 3880 2371 3880 2374 3880 2375 3881 2371 3881 2370 3881 2371 3882 2372 3882 2374 3882 2375 3883 2372 3883 2371 3883 2372 3884 2373 3884 2374 3884 2375 3885 2373 3885 2372 3885 2373 3886 2365 3886 2374 3886 2375 3887 2365 3887 2373 3887 2376 3888 2377 3888 2385 3888 2386 3889 2377 3889 2376 3889 2377 3890 2378 3890 2385 3890 2386 3891 2378 3891 2377 3891 2378 3892 2379 3892 2385 3892 2386 3893 2379 3893 2378 3893 2379 3894 2380 3894 2385 3894 2386 3895 2380 3895 2379 3895 2380 3896 2381 3896 2385 3896 2386 3897 2381 3897 2380 3897 2381 3898 2382 3898 2385 3898 2386 3899 2382 3899 2381 3899 2382 3900 2383 3900 2385 3900 2386 3901 2383 3901 2382 3901 2383 3902 2384 3902 2385 3902 2386 3903 2384 3903 2383 3903 2384 3904 2376 3904 2385 3904 2386 3905 2376 3905 2384 3905 2387 3906 2388 3906 2396 3906 2397 3907 2388 3907 2387 3907 2388 3908 2389 3908 2396 3908 2397 3909 2389 3909 2388 3909 2389 3910 2390 3910 2396 3910 2397 3911 2390 3911 2389 3911 2390 3912 2391 3912 2396 3912 2397 3913 2391 3913 2390 3913 2391 3914 2392 3914 2396 3914 2397 3915 2392 3915 2391 3915 2392 3916 2393 3916 2396 3916 2397 3917 2393 3917 2392 3917 2393 3918 2394 3918 2396 3918 2397 3919 2394 3919 2393 3919 2394 3920 2395 3920 2396 3920 2397 3921 2395 3921 2394 3921 2395 3922 2387 3922 2396 3922 2397 3923 2387 3923 2395 3923 2398 3924 2399 3924 2407 3924 2408 3925 2399 3925 2398 3925 2399 3926 2400 3926 2407 3926 2408 3927 2400 3927 2399 3927 2400 3928 2401 3928 2407 3928 2408 3929 2401 3929 2400 3929 2401 3930 2402 3930 2407 3930 2408 3931 2402 3931 2401 3931 2402 3932 2403 3932 2407 3932 2408 3933 2403 3933 2402 3933 2403 3934 2404 3934 2407 3934 2408 3935 2404 3935 2403 3935 2404 3936 2405 3936 2407 3936 2408 3937 2405 3937 2404 3937 2405 3938 2406 3938 2407 3938 2408 3939 2406 3939 2405 3939 2406 3940 2398 3940 2407 3940 2408 3941 2398 3941 2406 3941 2409 3942 2410 3942 2418 3942 2419 3943 2410 3943 2409 3943 2410 3944 2411 3944 2418 3944 2419 3945 2411 3945 2410 3945 2411 3946 2412 3946 2418 3946 2419 3947 2412 3947 2411 3947 2412 3948 2413 3948 2418 3948 2419 3949 2413 3949 2412 3949 2413 3950 2414 3950 2418 3950 2419 3951 2414 3951 2413 3951 2414 3952 2415 3952 2418 3952 2419 3953 2415 3953 2414 3953 2415 3954 2416 3954 2418 3954 2419 3955 2416 3955 2415 3955 2416 3956 2417 3956 2418 3956 2419 3957 2417 3957 2416 3957 2417 3958 2409 3958 2418 3958 2419 3959 2409 3959 2417 3959 2420 3960 2421 3960 2429 3960 2430 3961 2421 3961 2420 3961 2421 3962 2422 3962 2429 3962 2430 3963 2422 3963 2421 3963 2422 3964 2423 3964 2429 3964 2430 3965 2423 3965 2422 3965 2423 3966 2424 3966 2429 3966 2430 3967 2424 3967 2423 3967 2424 3968 2425 3968 2429 3968 2430 3969 2425 3969 2424 3969 2425 3970 2426 3970 2429 3970 2430 3971 2426 3971 2425 3971 2426 3972 2427 3972 2429 3972 2430 3973 2427 3973 2426 3973 2427 3974 2428 3974 2429 3974 2430 3975 2428 3975 2427 3975 2428 3976 2420 3976 2429 3976 2430 3977 2420 3977 2428 3977 2431 3978 2432 3978 2440 3978 2441 3979 2432 3979 2431 3979 2432 3980 2433 3980 2440 3980 2441 3981 2433 3981 2432 3981 2433 3982 2434 3982 2440 3982 2441 3983 2434 3983 2433 3983 2434 3984 2435 3984 2440 3984 2441 3985 2435 3985 2434 3985 2435 3986 2436 3986 2440 3986 2441 3987 2436 3987 2435 3987 2436 3988 2437 3988 2440 3988 2441 3989 2437 3989 2436 3989 2437 3990 2438 3990 2440 3990 2441 3991 2438 3991 2437 3991 2438 3992 2439 3992 2440 3992 2441 3993 2439 3993 2438 3993 2439 3994 2431 3994 2440 3994 2441 3995 2431 3995 2439 3995 2442 3996 2443 3996 2451 3996 2452 3997 2443 3997 2442 3997 2443 3998 2444 3998 2451 3998 2452 3999 2444 3999 2443 3999 2444 4000 2445 4000 2451 4000 2452 4001 2445 4001 2444 4001 2445 4002 2446 4002 2451 4002 2452 4003 2446 4003 2445 4003 2446 4004 2447 4004 2451 4004 2452 4005 2447 4005 2446 4005 2447 4006 2448 4006 2451 4006 2452 4007 2448 4007 2447 4007 2448 4008 2449 4008 2451 4008 2452 4009 2449 4009 2448 4009 2449 4010 2450 4010 2451 4010 2452 4011 2450 4011 2449 4011 2450 4012 2442 4012 2451 4012 2452 4013 2442 4013 2450 4013 2453 4014 2454 4014 2462 4014 2463 4015 2454 4015 2453 4015 2454 4016 2455 4016 2462 4016 2463 4017 2455 4017 2454 4017 2455 4018 2456 4018 2462 4018 2463 4019 2456 4019 2455 4019 2456 4020 2457 4020 2462 4020 2463 4021 2457 4021 2456 4021 2457 4022 2458 4022 2462 4022 2463 4023 2458 4023 2457 4023 2458 4024 2459 4024 2462 4024 2463 4025 2459 4025 2458 4025 2459 4026 2460 4026 2462 4026 2463 4027 2460 4027 2459 4027 2460 4028 2461 4028 2462 4028 2463 4029 2461 4029 2460 4029 2461 4030 2453 4030 2462 4030 2463 4031 2453 4031 2461 4031 2464 4032 2465 4032 2473 4032 2474 4033 2465 4033 2464 4033 2465 4034 2466 4034 2473 4034 2474 4035 2466 4035 2465 4035 2466 4036 2467 4036 2473 4036 2474 4037 2467 4037 2466 4037 2467 4038 2468 4038 2473 4038 2474 4039 2468 4039 2467 4039 2468 4040 2469 4040 2473 4040 2474 4041 2469 4041 2468 4041 2469 4042 2470 4042 2473 4042 2474 4043 2470 4043 2469 4043 2470 4044 2471 4044 2473 4044 2474 4045 2471 4045 2470 4045 2471 4046 2472 4046 2473 4046 2474 4047 2472 4047 2471 4047 2472 4048 2464 4048 2473 4048 2474 4049 2464 4049 2472 4049 2475 4050 2476 4050 2484 4050 2485 4051 2476 4051 2475 4051 2476 4052 2477 4052 2484 4052 2485 4053 2477 4053 2476 4053 2477 4054 2478 4054 2484 4054 2485 4055 2478 4055 2477 4055 2478 4056 2479 4056 2484 4056 2485 4057 2479 4057 2478 4057 2479 4058 2480 4058 2484 4058 2485 4059 2480 4059 2479 4059 2480 4060 2481 4060 2484 4060 2485 4061 2481 4061 2480 4061 2481 4062 2482 4062 2484 4062 2485 4063 2482 4063 2481 4063 2482 4064 2483 4064 2484 4064 2485 4065 2483 4065 2482 4065 2483 4066 2475 4066 2484 4066 2485 4067 2475 4067 2483 4067 2486 4068 2487 4068 2495 4068 2496 4069 2487 4069 2486 4069 2487 4070 2488 4070 2495 4070 2496 4071 2488 4071 2487 4071 2488 4072 2489 4072 2495 4072 2496 4073 2489 4073 2488 4073 2489 4074 2490 4074 2495 4074 2496 4075 2490 4075 2489 4075 2490 4076 2491 4076 2495 4076 2496 4077 2491 4077 2490 4077 2491 4078 2492 4078 2495 4078 2496 4079 2492 4079 2491 4079 2492 4080 2493 4080 2495 4080 2496 4081 2493 4081 2492 4081 2493 4082 2494 4082 2495 4082 2496 4083 2494 4083 2493 4083 2494 4084 2486 4084 2495 4084 2496 4085 2486 4085 2494 4085 2497 4086 2498 4086 2506 4086 2507 4087 2498 4087 2497 4087 2498 4088 2499 4088 2506 4088 2507 4089 2499 4089 2498 4089 2499 4090 2500 4090 2506 4090 2507 4091 2500 4091 2499 4091 2500 4092 2501 4092 2506 4092 2507 4093 2501 4093 2500 4093 2501 4094 2502 4094 2506 4094 2507 4095 2502 4095 2501 4095 2502 4096 2503 4096 2506 4096 2507 4097 2503 4097 2502 4097 2503 4098 2504 4098 2506 4098 2507 4099 2504 4099 2503 4099 2504 4100 2505 4100 2506 4100 2507 4101 2505 4101 2504 4101 2505 4102 2497 4102 2506 4102 2507 4103 2497 4103 2505 4103 2508 4104 2509 4104 2517 4104 2518 4105 2509 4105 2508 4105 2509 4106 2510 4106 2517 4106 2518 4107 2510 4107 2509 4107 2510 4108 2511 4108 2517 4108 2518 4109 2511 4109 2510 4109 2511 4110 2512 4110 2517 4110 2518 4111 2512 4111 2511 4111 2512 4112 2513 4112 2517 4112 2518 4113 2513 4113 2512 4113 2513 4114 2514 4114 2517 4114 2518 4115 2514 4115 2513 4115 2514 4116 2515 4116 2517 4116 2518 4117 2515 4117 2514 4117 2515 4118 2516 4118 2517 4118 2518 4119 2516 4119 2515 4119 2516 4120 2508 4120 2517 4120 2518 4121 2508 4121 2516 4121 2519 4122 2520 4122 2528 4122 2529 4123 2520 4123 2519 4123 2520 4124 2521 4124 2528 4124 2529 4125 2521 4125 2520 4125 2521 4126 2522 4126 2528 4126 2529 4127 2522 4127 2521 4127 2522 4128 2523 4128 2528 4128 2529 4129 2523 4129 2522 4129 2523 4130 2524 4130 2528 4130 2529 4131 2524 4131 2523 4131 2524 4132 2525 4132 2528 4132 2529 4133 2525 4133 2524 4133 2525 4134 2526 4134 2528 4134 2529 4135 2526 4135 2525 4135 2526 4136 2527 4136 2528 4136 2529 4137 2527 4137 2526 4137 2527 4138 2519 4138 2528 4138 2529 4139 2519 4139 2527 4139 2530 4140 2531 4140 2539 4140 2540 4141 2531 4141 2530 4141 2531 4142 2532 4142 2539 4142 2540 4143 2532 4143 2531 4143 2532 4144 2533 4144 2539 4144 2540 4145 2533 4145 2532 4145 2533 4146 2534 4146 2539 4146 2540 4147 2534 4147 2533 4147 2534 4148 2535 4148 2539 4148 2540 4149 2535 4149 2534 4149 2535 4150 2536 4150 2539 4150 2540 4151 2536 4151 2535 4151 2536 4152 2537 4152 2539 4152 2540 4153 2537 4153 2536 4153 2537 4154 2538 4154 2539 4154 2540 4155 2538 4155 2537 4155 2538 4156 2530 4156 2539 4156 2540 4157 2530 4157 2538 4157 2541 4158 2542 4158 2550 4158 2551 4159 2542 4159 2541 4159 2542 4160 2543 4160 2550 4160 2551 4161 2543 4161 2542 4161 2543 4162 2544 4162 2550 4162 2551 4163 2544 4163 2543 4163 2544 4164 2545 4164 2550 4164 2551 4165 2545 4165 2544 4165 2545 4166 2546 4166 2550 4166 2551 4167 2546 4167 2545 4167 2546 4168 2547 4168 2550 4168 2551 4169 2547 4169 2546 4169 2547 4170 2548 4170 2550 4170 2551 4171 2548 4171 2547 4171 2548 4172 2549 4172 2550 4172 2551 4173 2549 4173 2548 4173 2549 4174 2541 4174 2550 4174 2551 4175 2541 4175 2549 4175 2552 4176 2553 4176 2561 4176 2562 4177 2553 4177 2552 4177 2553 4178 2554 4178 2561 4178 2562 4179 2554 4179 2553 4179 2554 4180 2555 4180 2561 4180 2562 4181 2555 4181 2554 4181 2555 4182 2556 4182 2561 4182 2562 4183 2556 4183 2555 4183 2556 4184 2557 4184 2561 4184 2562 4185 2557 4185 2556 4185 2557 4186 2558 4186 2561 4186 2562 4187 2558 4187 2557 4187 2558 4188 2559 4188 2561 4188 2562 4189 2559 4189 2558 4189 2559 4190 2560 4190 2561 4190 2562 4191 2560 4191 2559 4191 2560 4192 2552 4192 2561 4192 2562 4193 2552 4193 2560 4193 2563 4194 2564 4194 2572 4194 2573 4195 2564 4195 2563 4195 2564 4196 2565 4196 2572 4196 2573 4197 2565 4197 2564 4197 2565 4198 2566 4198 2572 4198 2573 4199 2566 4199 2565 4199 2566 4200 2567 4200 2572 4200 2573 4201 2567 4201 2566 4201 2567 4202 2568 4202 2572 4202 2573 4203 2568 4203 2567 4203 2568 4204 2569 4204 2572 4204 2573 4205 2569 4205 2568 4205 2569 4206 2570 4206 2572 4206 2573 4207 2570 4207 2569 4207 2570 4208 2571 4208 2572 4208 2573 4209 2571 4209 2570 4209 2571 4210 2563 4210 2572 4210 2573 4211 2563 4211 2571 4211 2574 4212 2575 4212 2583 4212 2584 4213 2575 4213 2574 4213 2575 4214 2576 4214 2583 4214 2584 4215 2576 4215 2575 4215 2576 4216 2577 4216 2583 4216 2584 4217 2577 4217 2576 4217 2577 4218 2578 4218 2583 4218 2584 4219 2578 4219 2577 4219 2578 4220 2579 4220 2583 4220 2584 4221 2579 4221 2578 4221 2579 4222 2580 4222 2583 4222 2584 4223 2580 4223 2579 4223 2580 4224 2581 4224 2583 4224 2584 4225 2581 4225 2580 4225 2581 4226 2582 4226 2583 4226 2584 4227 2582 4227 2581 4227 2582 4228 2574 4228 2583 4228 2584 4229 2574 4229 2582 4229 2585 4230 2586 4230 2594 4230 2595 4231 2586 4231 2585 4231 2586 4232 2587 4232 2594 4232 2595 4233 2587 4233 2586 4233 2587 4234 2588 4234 2594 4234 2595 4235 2588 4235 2587 4235 2588 4236 2589 4236 2594 4236 2595 4237 2589 4237 2588 4237 2589 4238 2590 4238 2594 4238 2595 4239 2590 4239 2589 4239 2590 4240 2591 4240 2594 4240 2595 4241 2591 4241 2590 4241 2591 4242 2592 4242 2594 4242 2595 4243 2592 4243 2591 4243 2592 4244 2593 4244 2594 4244 2595 4245 2593 4245 2592 4245 2593 4246 2585 4246 2594 4246 2595 4247 2585 4247 2593 4247 2596 4248 2597 4248 2605 4248 2606 4249 2597 4249 2596 4249 2597 4250 2598 4250 2605 4250 2606 4251 2598 4251 2597 4251 2598 4252 2599 4252 2605 4252 2606 4253 2599 4253 2598 4253 2599 4254 2600 4254 2605 4254 2606 4255 2600 4255 2599 4255 2600 4256 2601 4256 2605 4256 2606 4257 2601 4257 2600 4257 2601 4258 2602 4258 2605 4258 2606 4259 2602 4259 2601 4259 2602 4260 2603 4260 2605 4260 2606 4261 2603 4261 2602 4261 2603 4262 2604 4262 2605 4262 2606 4263 2604 4263 2603 4263 2604 4264 2596 4264 2605 4264 2606 4265 2596 4265 2604 4265 2607 4266 2608 4266 2616 4266 2617 4267 2608 4267 2607 4267 2608 4268 2609 4268 2616 4268 2617 4269 2609 4269 2608 4269 2609 4270 2610 4270 2616 4270 2617 4271 2610 4271 2609 4271 2610 4272 2611 4272 2616 4272 2617 4273 2611 4273 2610 4273 2611 4274 2612 4274 2616 4274 2617 4275 2612 4275 2611 4275 2612 4276 2613 4276 2616 4276 2617 4277 2613 4277 2612 4277 2613 4278 2614 4278 2616 4278 2617 4279 2614 4279 2613 4279 2614 4280 2615 4280 2616 4280 2617 4281 2615 4281 2614 4281 2615 4282 2607 4282 2616 4282 2617 4283 2607 4283 2615 4283 2618 4284 2619 4284 2627 4284 2628 4285 2619 4285 2618 4285 2619 4286 2620 4286 2627 4286 2628 4287 2620 4287 2619 4287 2620 4288 2621 4288 2627 4288 2628 4289 2621 4289 2620 4289 2621 4290 2622 4290 2627 4290 2628 4291 2622 4291 2621 4291 2622 4292 2623 4292 2627 4292 2628 4293 2623 4293 2622 4293 2623 4294 2624 4294 2627 4294 2628 4295 2624 4295 2623 4295 2624 4296 2625 4296 2627 4296 2628 4297 2625 4297 2624 4297 2625 4298 2626 4298 2627 4298 2628 4299 2626 4299 2625 4299 2626 4300 2618 4300 2627 4300 2628 4301 2618 4301 2626 4301 2629 4302 2630 4302 2638 4302 2639 4303 2630 4303 2629 4303 2630 4304 2631 4304 2638 4304 2639 4305 2631 4305 2630 4305 2631 4306 2632 4306 2638 4306 2639 4307 2632 4307 2631 4307 2632 4308 2633 4308 2638 4308 2639 4309 2633 4309 2632 4309 2633 4310 2634 4310 2638 4310 2639 4311 2634 4311 2633 4311 2634 4312 2635 4312 2638 4312 2639 4313 2635 4313 2634 4313 2635 4314 2636 4314 2638 4314 2639 4315 2636 4315 2635 4315 2636 4316 2637 4316 2638 4316 2639 4317 2637 4317 2636 4317 2637 4318 2629 4318 2638 4318 2639 4319 2629 4319 2637 4319 2640 4320 2641 4320 2649 4320 2650 4321 2641 4321 2640 4321 2641 4322 2642 4322 2649 4322 2650 4323 2642 4323 2641 4323 2642 4324 2643 4324 2649 4324 2650 4325 2643 4325 2642 4325 2643 4326 2644 4326 2649 4326 2650 4327 2644 4327 2643 4327 2644 4328 2645 4328 2649 4328 2650 4329 2645 4329 2644 4329 2645 4330 2646 4330 2649 4330 2650 4331 2646 4331 2645 4331 2646 4332 2647 4332 2649 4332 2650 4333 2647 4333 2646 4333 2647 4334 2648 4334 2649 4334 2650 4335 2648 4335 2647 4335 2648 4336 2640 4336 2649 4336 2650 4337 2640 4337 2648 4337 2651 4338 2652 4338 2660 4338 2661 4339 2652 4339 2651 4339 2652 4340 2653 4340 2660 4340 2661 4341 2653 4341 2652 4341 2653 4342 2654 4342 2660 4342 2661 4343 2654 4343 2653 4343 2654 4344 2655 4344 2660 4344 2661 4345 2655 4345 2654 4345 2655 4346 2656 4346 2660 4346 2661 4347 2656 4347 2655 4347 2656 4348 2657 4348 2660 4348 2661 4349 2657 4349 2656 4349 2657 4350 2658 4350 2660 4350 2661 4351 2658 4351 2657 4351 2658 4352 2659 4352 2660 4352 2661 4353 2659 4353 2658 4353 2659 4354 2651 4354 2660 4354 2661 4355 2651 4355 2659 4355 2662 4356 2663 4356 2671 4356 2672 4357 2663 4357 2662 4357 2663 4358 2664 4358 2671 4358 2672 4359 2664 4359 2663 4359 2664 4360 2665 4360 2671 4360 2672 4361 2665 4361 2664 4361 2665 4362 2666 4362 2671 4362 2672 4363 2666 4363 2665 4363 2666 4364 2667 4364 2671 4364 2672 4365 2667 4365 2666 4365 2667 4366 2668 4366 2671 4366 2672 4367 2668 4367 2667 4367 2668 4368 2669 4368 2671 4368 2672 4369 2669 4369 2668 4369 2669 4370 2670 4370 2671 4370 2672 4371 2670 4371 2669 4371 2670 4372 2662 4372 2671 4372 2672 4373 2662 4373 2670 4373 2673 4374 2674 4374 2682 4374 2683 4375 2674 4375 2673 4375 2674 4376 2675 4376 2682 4376 2683 4377 2675 4377 2674 4377 2675 4378 2676 4378 2682 4378 2683 4379 2676 4379 2675 4379 2676 4380 2677 4380 2682 4380 2683 4381 2677 4381 2676 4381 2677 4382 2678 4382 2682 4382 2683 4383 2678 4383 2677 4383 2678 4384 2679 4384 2682 4384 2683 4385 2679 4385 2678 4385 2679 4386 2680 4386 2682 4386 2683 4387 2680 4387 2679 4387 2680 4388 2681 4388 2682 4388 2683 4389 2681 4389 2680 4389 2681 4390 2673 4390 2682 4390 2683 4391 2673 4391 2681 4391 2684 4392 2685 4392 2693 4392 2694 4393 2685 4393 2684 4393 2685 4394 2686 4394 2693 4394 2694 4395 2686 4395 2685 4395 2686 4396 2687 4396 2693 4396 2694 4397 2687 4397 2686 4397 2687 4398 2688 4398 2693 4398 2694 4399 2688 4399 2687 4399 2688 4400 2689 4400 2693 4400 2694 4401 2689 4401 2688 4401 2689 4402 2690 4402 2693 4402 2694 4403 2690 4403 2689 4403 2690 4404 2691 4404 2693 4404 2694 4405 2691 4405 2690 4405 2691 4406 2692 4406 2693 4406 2694 4407 2692 4407 2691 4407 2692 4408 2684 4408 2693 4408 2694 4409 2684 4409 2692 4409 2695 4410 2696 4410 2704 4410 2705 4411 2696 4411 2695 4411 2696 4412 2697 4412 2704 4412 2705 4413 2697 4413 2696 4413 2697 4414 2698 4414 2704 4414 2705 4415 2698 4415 2697 4415 2698 4416 2699 4416 2704 4416 2705 4417 2699 4417 2698 4417 2699 4418 2700 4418 2704 4418 2705 4419 2700 4419 2699 4419 2700 4420 2701 4420 2704 4420 2705 4421 2701 4421 2700 4421 2701 4422 2702 4422 2704 4422 2705 4423 2702 4423 2701 4423 2702 4424 2703 4424 2704 4424 2705 4425 2703 4425 2702 4425 2703 4426 2695 4426 2704 4426 2705 4427 2695 4427 2703 4427 2706 4428 2707 4428 2715 4428 2716 4429 2707 4429 2706 4429 2707 4430 2708 4430 2715 4430 2716 4431 2708 4431 2707 4431 2708 4432 2709 4432 2715 4432 2716 4433 2709 4433 2708 4433 2709 4434 2710 4434 2715 4434 2716 4435 2710 4435 2709 4435 2710 4436 2711 4436 2715 4436 2716 4437 2711 4437 2710 4437 2711 4438 2712 4438 2715 4438 2716 4439 2712 4439 2711 4439 2712 4440 2713 4440 2715 4440 2716 4441 2713 4441 2712 4441 2713 4442 2714 4442 2715 4442 2716 4443 2714 4443 2713 4443 2714 4444 2706 4444 2715 4444 2716 4445 2706 4445 2714 4445 2717 4446 2718 4446 2726 4446 2727 4447 2718 4447 2717 4447 2718 4448 2719 4448 2726 4448 2727 4449 2719 4449 2718 4449 2719 4450 2720 4450 2726 4450 2727 4451 2720 4451 2719 4451 2720 4452 2721 4452 2726 4452 2727 4453 2721 4453 2720 4453 2721 4454 2722 4454 2726 4454 2727 4455 2722 4455 2721 4455 2722 4456 2723 4456 2726 4456 2727 4457 2723 4457 2722 4457 2723 4458 2724 4458 2726 4458 2727 4459 2724 4459 2723 4459 2724 4460 2725 4460 2726 4460 2727 4461 2725 4461 2724 4461 2725 4462 2717 4462 2726 4462 2727 4463 2717 4463 2725 4463 2728 4464 2729 4464 2737 4464 2738 4465 2729 4465 2728 4465 2729 4466 2730 4466 2737 4466 2738 4467 2730 4467 2729 4467 2730 4468 2731 4468 2737 4468 2738 4469 2731 4469 2730 4469 2731 4470 2732 4470 2737 4470 2738 4471 2732 4471 2731 4471 2732 4472 2733 4472 2737 4472 2738 4473 2733 4473 2732 4473 2733 4474 2734 4474 2737 4474 2738 4475 2734 4475 2733 4475 2734 4476 2735 4476 2737 4476 2738 4477 2735 4477 2734 4477 2735 4478 2736 4478 2737 4478 2738 4479 2736 4479 2735 4479 2736 4480 2728 4480 2737 4480 2738 4481 2728 4481 2736 4481 2739 4482 2740 4482 2748 4482 2749 4483 2740 4483 2739 4483 2740 4484 2741 4484 2748 4484 2749 4485 2741 4485 2740 4485 2741 4486 2742 4486 2748 4486 2749 4487 2742 4487 2741 4487 2742 4488 2743 4488 2748 4488 2749 4489 2743 4489 2742 4489 2743 4490 2744 4490 2748 4490 2749 4491 2744 4491 2743 4491 2744 4492 2745 4492 2748 4492 2749 4493 2745 4493 2744 4493 2745 4494 2746 4494 2748 4494 2749 4495 2746 4495 2745 4495 2746 4496 2747 4496 2748 4496 2749 4497 2747 4497 2746 4497 2747 4498 2739 4498 2748 4498 2749 4499 2739 4499 2747 4499 2750 4500 2751 4500 2759 4500 2760 4501 2751 4501 2750 4501 2751 4502 2752 4502 2759 4502 2760 4503 2752 4503 2751 4503 2752 4504 2753 4504 2759 4504 2760 4505 2753 4505 2752 4505 2753 4506 2754 4506 2759 4506 2760 4507 2754 4507 2753 4507 2754 4508 2755 4508 2759 4508 2760 4509 2755 4509 2754 4509 2755 4510 2756 4510 2759 4510 2760 4511 2756 4511 2755 4511 2756 4512 2757 4512 2759 4512 2760 4513 2757 4513 2756 4513 2757 4514 2758 4514 2759 4514 2760 4515 2758 4515 2757 4515 2758 4516 2750 4516 2759 4516 2760 4517 2750 4517 2758 4517 2761 4518 2762 4518 2770 4518 2771 4519 2762 4519 2761 4519 2762 4520 2763 4520 2770 4520 2771 4521 2763 4521 2762 4521 2763 4522 2764 4522 2770 4522 2771 4523 2764 4523 2763 4523 2764 4524 2765 4524 2770 4524 2771 4525 2765 4525 2764 4525 2765 4526 2766 4526 2770 4526 2771 4527 2766 4527 2765 4527 2766 4528 2767 4528 2770 4528 2771 4529 2767 4529 2766 4529 2767 4530 2768 4530 2770 4530 2771 4531 2768 4531 2767 4531 2768 4532 2769 4532 2770 4532 2771 4533 2769 4533 2768 4533 2769 4534 2761 4534 2770 4534 2771 4535 2761 4535 2769 4535 2772 4536 2773 4536 2781 4536 2782 4537 2773 4537 2772 4537 2773 4538 2774 4538 2781 4538 2782 4539 2774 4539 2773 4539 2774 4540 2775 4540 2781 4540 2782 4541 2775 4541 2774 4541 2775 4542 2776 4542 2781 4542 2782 4543 2776 4543 2775 4543 2776 4544 2777 4544 2781 4544 2782 4545 2777 4545 2776 4545 2777 4546 2778 4546 2781 4546 2782 4547 2778 4547 2777 4547 2778 4548 2779 4548 2781 4548 2782 4549 2779 4549 2778 4549 2779 4550 2780 4550 2781 4550 2782 4551 2780 4551 2779 4551 2780 4552 2772 4552 2781 4552 2782 4553 2772 4553 2780 4553 2783 4554 2784 4554 2792 4554 2793 4555 2784 4555 2783 4555 2784 4556 2785 4556 2792 4556 2793 4557 2785 4557 2784 4557 2785 4558 2786 4558 2792 4558 2793 4559 2786 4559 2785 4559 2786 4560 2787 4560 2792 4560 2793 4561 2787 4561 2786 4561 2787 4562 2788 4562 2792 4562 2793 4563 2788 4563 2787 4563 2788 4564 2789 4564 2792 4564 2793 4565 2789 4565 2788 4565 2789 4566 2790 4566 2792 4566 2793 4567 2790 4567 2789 4567 2790 4568 2791 4568 2792 4568 2793 4569 2791 4569 2790 4569 2791 4570 2783 4570 2792 4570 2793 4571 2783 4571 2791 4571 2794 4572 2795 4572 2803 4572 2804 4573 2795 4573 2794 4573 2795 4574 2796 4574 2803 4574 2804 4575 2796 4575 2795 4575 2796 4576 2797 4576 2803 4576 2804 4577 2797 4577 2796 4577 2797 4578 2798 4578 2803 4578 2804 4579 2798 4579 2797 4579 2798 4580 2799 4580 2803 4580 2804 4581 2799 4581 2798 4581 2799 4582 2800 4582 2803 4582 2804 4583 2800 4583 2799 4583 2800 4584 2801 4584 2803 4584 2804 4585 2801 4585 2800 4585 2801 4586 2802 4586 2803 4586 2804 4587 2802 4587 2801 4587 2802 4588 2794 4588 2803 4588 2804 4589 2794 4589 2802 4589 2805 4590 2806 4590 2814 4590 2815 4591 2806 4591 2805 4591 2806 4592 2807 4592 2814 4592 2815 4593 2807 4593 2806 4593 2807 4594 2808 4594 2814 4594 2815 4595 2808 4595 2807 4595 2808 4596 2809 4596 2814 4596 2815 4597 2809 4597 2808 4597 2809 4598 2810 4598 2814 4598 2815 4599 2810 4599 2809 4599 2810 4600 2811 4600 2814 4600 2815 4601 2811 4601 2810 4601 2811 4602 2812 4602 2814 4602 2815 4603 2812 4603 2811 4603 2812 4604 2813 4604 2814 4604 2815 4605 2813 4605 2812 4605 2813 4606 2805 4606 2814 4606 2815 4607 2805 4607 2813 4607 2816 4608 2817 4608 2825 4608 2826 4609 2817 4609 2816 4609 2817 4610 2818 4610 2825 4610 2826 4611 2818 4611 2817 4611 2818 4612 2819 4612 2825 4612 2826 4613 2819 4613 2818 4613 2819 4614 2820 4614 2825 4614 2826 4615 2820 4615 2819 4615 2820 4616 2821 4616 2825 4616 2826 4617 2821 4617 2820 4617 2821 4618 2822 4618 2825 4618 2826 4619 2822 4619 2821 4619 2822 4620 2823 4620 2825 4620 2826 4621 2823 4621 2822 4621 2823 4622 2824 4622 2825 4622 2826 4623 2824 4623 2823 4623 2824 4624 2816 4624 2825 4624 2826 4625 2816 4625 2824 4625 2827 4626 2828 4626 2836 4626 2837 4627 2828 4627 2827 4627 2828 4628 2829 4628 2836 4628 2837 4629 2829 4629 2828 4629 2829 4630 2830 4630 2836 4630 2837 4631 2830 4631 2829 4631 2830 4632 2831 4632 2836 4632 2837 4633 2831 4633 2830 4633 2831 4634 2832 4634 2836 4634 2837 4635 2832 4635 2831 4635 2832 4636 2833 4636 2836 4636 2837 4637 2833 4637 2832 4637 2833 4638 2834 4638 2836 4638 2837 4639 2834 4639 2833 4639 2834 4640 2835 4640 2836 4640 2837 4641 2835 4641 2834 4641 2835 4642 2827 4642 2836 4642 2837 4643 2827 4643 2835 4643 2838 4644 2839 4644 2847 4644 2848 4645 2839 4645 2838 4645 2839 4646 2840 4646 2847 4646 2848 4647 2840 4647 2839 4647 2840 4648 2841 4648 2847 4648 2848 4649 2841 4649 2840 4649 2841 4650 2842 4650 2847 4650 2848 4651 2842 4651 2841 4651 2842 4652 2843 4652 2847 4652 2848 4653 2843 4653 2842 4653 2843 4654 2844 4654 2847 4654 2848 4655 2844 4655 2843 4655 2844 4656 2845 4656 2847 4656 2848 4657 2845 4657 2844 4657 2845 4658 2846 4658 2847 4658 2848 4659 2846 4659 2845 4659 2846 4660 2838 4660 2847 4660 2848 4661 2838 4661 2846 4661 2849 4662 2850 4662 2858 4662 2859 4663 2850 4663 2849 4663 2850 4664 2851 4664 2858 4664 2859 4665 2851 4665 2850 4665 2851 4666 2852 4666 2858 4666 2859 4667 2852 4667 2851 4667 2852 4668 2853 4668 2858 4668 2859 4669 2853 4669 2852 4669 2853 4670 2854 4670 2858 4670 2859 4671 2854 4671 2853 4671 2854 4672 2855 4672 2858 4672 2859 4673 2855 4673 2854 4673 2855 4674 2856 4674 2858 4674 2859 4675 2856 4675 2855 4675 2856 4676 2857 4676 2858 4676 2859 4677 2857 4677 2856 4677 2857 4678 2849 4678 2858 4678 2859 4679 2849 4679 2857 4679 2860 4680 2861 4680 2869 4680 2870 4681 2861 4681 2860 4681 2861 4682 2862 4682 2869 4682 2870 4683 2862 4683 2861 4683 2862 4684 2863 4684 2869 4684 2870 4685 2863 4685 2862 4685 2863 4686 2864 4686 2869 4686 2870 4687 2864 4687 2863 4687 2864 4688 2865 4688 2869 4688 2870 4689 2865 4689 2864 4689 2865 4690 2866 4690 2869 4690 2870 4691 2866 4691 2865 4691 2866 4692 2867 4692 2869 4692 2870 4693 2867 4693 2866 4693 2867 4694 2868 4694 2869 4694 2870 4695 2868 4695 2867 4695 2868 4696 2860 4696 2869 4696 2870 4697 2860 4697 2868 4697 2871 4698 2872 4698 2880 4698 2881 4699 2872 4699 2871 4699 2872 4700 2873 4700 2880 4700 2881 4701 2873 4701 2872 4701 2873 4702 2874 4702 2880 4702 2881 4703 2874 4703 2873 4703 2874 4704 2875 4704 2880 4704 2881 4705 2875 4705 2874 4705 2875 4706 2876 4706 2880 4706 2881 4707 2876 4707 2875 4707 2876 4708 2877 4708 2880 4708 2881 4709 2877 4709 2876 4709 2877 4710 2878 4710 2880 4710 2881 4711 2878 4711 2877 4711 2878 4712 2879 4712 2880 4712 2881 4713 2879 4713 2878 4713 2879 4714 2871 4714 2880 4714 2881 4715 2871 4715 2879 4715 2882 4716 2883 4716 2891 4716 2892 4717 2883 4717 2882 4717 2883 4718 2884 4718 2891 4718 2892 4719 2884 4719 2883 4719 2884 4720 2885 4720 2891 4720 2892 4721 2885 4721 2884 4721 2885 4722 2886 4722 2891 4722 2892 4723 2886 4723 2885 4723 2886 4724 2887 4724 2891 4724 2892 4725 2887 4725 2886 4725 2887 4726 2888 4726 2891 4726 2892 4727 2888 4727 2887 4727 2888 4728 2889 4728 2891 4728 2892 4729 2889 4729 2888 4729 2889 4730 2890 4730 2891 4730 2892 4731 2890 4731 2889 4731 2890 4732 2882 4732 2891 4732 2892 4733 2882 4733 2890 4733 2893 4734 2894 4734 2902 4734 2903 4735 2894 4735 2893 4735 2894 4736 2895 4736 2902 4736 2903 4737 2895 4737 2894 4737 2895 4738 2896 4738 2902 4738 2903 4739 2896 4739 2895 4739 2896 4740 2897 4740 2902 4740 2903 4741 2897 4741 2896 4741 2897 4742 2898 4742 2902 4742 2903 4743 2898 4743 2897 4743 2898 4744 2899 4744 2902 4744 2903 4745 2899 4745 2898 4745 2899 4746 2900 4746 2902 4746 2903 4747 2900 4747 2899 4747 2900 4748 2901 4748 2902 4748 2903 4749 2901 4749 2900 4749 2901 4750 2893 4750 2902 4750 2903 4751 2893 4751 2901 4751 2904 4752 2905 4752 2913 4752 2914 4753 2905 4753 2904 4753 2905 4754 2906 4754 2913 4754 2914 4755 2906 4755 2905 4755 2906 4756 2907 4756 2913 4756 2914 4757 2907 4757 2906 4757 2907 4758 2908 4758 2913 4758 2914 4759 2908 4759 2907 4759 2908 4760 2909 4760 2913 4760 2914 4761 2909 4761 2908 4761 2909 4762 2910 4762 2913 4762 2914 4763 2910 4763 2909 4763 2910 4764 2911 4764 2913 4764 2914 4765 2911 4765 2910 4765 2911 4766 2912 4766 2913 4766 2914 4767 2912 4767 2911 4767 2912 4768 2904 4768 2913 4768 2914 4769 2904 4769 2912 4769 2915 4770 2916 4770 2924 4770 2925 4771 2916 4771 2915 4771 2916 4772 2917 4772 2924 4772 2925 4773 2917 4773 2916 4773 2917 4774 2918 4774 2924 4774 2925 4775 2918 4775 2917 4775 2918 4776 2919 4776 2924 4776 2925 4777 2919 4777 2918 4777 2919 4778 2920 4778 2924 4778 2925 4779 2920 4779 2919 4779 2920 4780 2921 4780 2924 4780 2925 4781 2921 4781 2920 4781 2921 4782 2922 4782 2924 4782 2925 4783 2922 4783 2921 4783 2922 4784 2923 4784 2924 4784 2925 4785 2923 4785 2922 4785 2923 4786 2915 4786 2924 4786 2925 4787 2915 4787 2923 4787 2926 4788 2927 4788 2935 4788 2936 4789 2927 4789 2926 4789 2927 4790 2928 4790 2935 4790 2936 4791 2928 4791 2927 4791 2928 4792 2929 4792 2935 4792 2936 4793 2929 4793 2928 4793 2929 4794 2930 4794 2935 4794 2936 4795 2930 4795 2929 4795 2930 4796 2931 4796 2935 4796 2936 4797 2931 4797 2930 4797 2931 4798 2932 4798 2935 4798 2936 4799 2932 4799 2931 4799 2932 4800 2933 4800 2935 4800 2936 4801 2933 4801 2932 4801 2933 4802 2934 4802 2935 4802 2936 4803 2934 4803 2933 4803 2934 4804 2926 4804 2935 4804 2936 4805 2926 4805 2934 4805 2937 4806 2938 4806 2946 4806 2947 4807 2938 4807 2937 4807 2938 4808 2939 4808 2946 4808 2947 4809 2939 4809 2938 4809 2939 4810 2940 4810 2946 4810 2947 4811 2940 4811 2939 4811 2940 4812 2941 4812 2946 4812 2947 4813 2941 4813 2940 4813 2941 4814 2942 4814 2946 4814 2947 4815 2942 4815 2941 4815 2942 4816 2943 4816 2946 4816 2947 4817 2943 4817 2942 4817 2943 4818 2944 4818 2946 4818 2947 4819 2944 4819 2943 4819 2944 4820 2945 4820 2946 4820 2947 4821 2945 4821 2944 4821 2945 4822 2937 4822 2946 4822 2947 4823 2937 4823 2945 4823 2948 4824 2949 4824 2957 4824 2958 4825 2949 4825 2948 4825 2949 4826 2950 4826 2957 4826 2958 4827 2950 4827 2949 4827 2950 4828 2951 4828 2957 4828 2958 4829 2951 4829 2950 4829 2951 4830 2952 4830 2957 4830 2958 4831 2952 4831 2951 4831 2952 4832 2953 4832 2957 4832 2958 4833 2953 4833 2952 4833 2953 4834 2954 4834 2957 4834 2958 4835 2954 4835 2953 4835 2954 4836 2955 4836 2957 4836 2958 4837 2955 4837 2954 4837 2955 4838 2956 4838 2957 4838 2958 4839 2956 4839 2955 4839 2956 4840 2948 4840 2957 4840 2958 4841 2948 4841 2956 4841 2959 4842 2960 4842 2968 4842 2969 4843 2960 4843 2959 4843 2960 4844 2961 4844 2968 4844 2969 4845 2961 4845 2960 4845 2961 4846 2962 4846 2968 4846 2969 4847 2962 4847 2961 4847 2962 4848 2963 4848 2968 4848 2969 4849 2963 4849 2962 4849 2963 4850 2964 4850 2968 4850 2969 4851 2964 4851 2963 4851 2964 4852 2965 4852 2968 4852 2969 4853 2965 4853 2964 4853 2965 4854 2966 4854 2968 4854 2969 4855 2966 4855 2965 4855 2966 4856 2967 4856 2968 4856 2969 4857 2967 4857 2966 4857 2967 4858 2959 4858 2968 4858 2969 4859 2959 4859 2967 4859 2970 4860 2971 4860 2979 4860 2980 4861 2971 4861 2970 4861 2971 4862 2972 4862 2979 4862 2980 4863 2972 4863 2971 4863 2972 4864 2973 4864 2979 4864 2980 4865 2973 4865 2972 4865 2973 4866 2974 4866 2979 4866 2980 4867 2974 4867 2973 4867 2974 4868 2975 4868 2979 4868 2980 4869 2975 4869 2974 4869 2975 4870 2976 4870 2979 4870 2980 4871 2976 4871 2975 4871 2976 4872 2977 4872 2979 4872 2980 4873 2977 4873 2976 4873 2977 4874 2978 4874 2979 4874 2980 4875 2978 4875 2977 4875 2978 4876 2970 4876 2979 4876 2980 4877 2970 4877 2978 4877 2981 4878 2982 4878 2990 4878 2991 4879 2982 4879 2981 4879 2982 4880 2983 4880 2990 4880 2991 4881 2983 4881 2982 4881 2983 4882 2984 4882 2990 4882 2991 4883 2984 4883 2983 4883 2984 4884 2985 4884 2990 4884 2991 4885 2985 4885 2984 4885 2985 4886 2986 4886 2990 4886 2991 4887 2986 4887 2985 4887 2986 4888 2987 4888 2990 4888 2991 4889 2987 4889 2986 4889 2987 4890 2988 4890 2990 4890 2991 4891 2988 4891 2987 4891 2988 4892 2989 4892 2990 4892 2991 4893 2989 4893 2988 4893 2989 4894 2981 4894 2990 4894 2991 4895 2981 4895 2989 4895 2992 4896 2993 4896 3001 4896 3002 4897 2993 4897 2992 4897 2993 4898 2994 4898 3001 4898 3002 4899 2994 4899 2993 4899 2994 4900 2995 4900 3001 4900 3002 4901 2995 4901 2994 4901 2995 4902 2996 4902 3001 4902 3002 4903 2996 4903 2995 4903 2996 4904 2997 4904 3001 4904 3002 4905 2997 4905 2996 4905 2997 4906 2998 4906 3001 4906 3002 4907 2998 4907 2997 4907 2998 4908 2999 4908 3001 4908 3002 4909 2999 4909 2998 4909 2999 4910 3000 4910 3001 4910 3002 4911 3000 4911 2999 4911 3000 4912 2992 4912 3001 4912 3002 4913 2992 4913 3000 4913 3003 4914 3004 4914 3012 4914 3013 4915 3004 4915 3003 4915 3004 4916 3005 4916 3012 4916 3013 4917 3005 4917 3004 4917 3005 4918 3006 4918 3012 4918 3013 4919 3006 4919 3005 4919 3006 4920 3007 4920 3012 4920 3013 4921 3007 4921 3006 4921 3007 4922 3008 4922 3012 4922 3013 4923 3008 4923 3007 4923 3008 4924 3009 4924 3012 4924 3013 4925 3009 4925 3008 4925 3009 4926 3010 4926 3012 4926 3013 4927 3010 4927 3009 4927 3010 4928 3011 4928 3012 4928 3013 4929 3011 4929 3010 4929 3011 4930 3003 4930 3012 4930 3013 4931 3003 4931 3011 4931 3014 4932 3015 4932 3023 4932 3024 4933 3015 4933 3014 4933 3015 4934 3016 4934 3023 4934 3024 4935 3016 4935 3015 4935 3016 4936 3017 4936 3023 4936 3024 4937 3017 4937 3016 4937 3017 4938 3018 4938 3023 4938 3024 4939 3018 4939 3017 4939 3018 4940 3019 4940 3023 4940 3024 4941 3019 4941 3018 4941 3019 4942 3020 4942 3023 4942 3024 4943 3020 4943 3019 4943 3020 4944 3021 4944 3023 4944 3024 4945 3021 4945 3020 4945 3021 4946 3022 4946 3023 4946 3024 4947 3022 4947 3021 4947 3022 4948 3014 4948 3023 4948 3024 4949 3014 4949 3022 4949 3025 4950 3026 4950 3034 4950 3035 4951 3026 4951 3025 4951 3026 4952 3027 4952 3034 4952 3035 4953 3027 4953 3026 4953 3027 4954 3028 4954 3034 4954 3035 4955 3028 4955 3027 4955 3028 4956 3029 4956 3034 4956 3035 4957 3029 4957 3028 4957 3029 4958 3030 4958 3034 4958 3035 4959 3030 4959 3029 4959 3030 4960 3031 4960 3034 4960 3035 4961 3031 4961 3030 4961 3031 4962 3032 4962 3034 4962 3035 4963 3032 4963 3031 4963 3032 4964 3033 4964 3034 4964 3035 4965 3033 4965 3032 4965 3033 4966 3025 4966 3034 4966 3035 4967 3025 4967 3033 4967 3036 4968 3037 4968 3045 4968 3046 4969 3037 4969 3036 4969 3037 4970 3038 4970 3045 4970 3046 4971 3038 4971 3037 4971 3038 4972 3039 4972 3045 4972 3046 4973 3039 4973 3038 4973 3039 4974 3040 4974 3045 4974 3046 4975 3040 4975 3039 4975 3040 4976 3041 4976 3045 4976 3046 4977 3041 4977 3040 4977 3041 4978 3042 4978 3045 4978 3046 4979 3042 4979 3041 4979 3042 4980 3043 4980 3045 4980 3046 4981 3043 4981 3042 4981 3043 4982 3044 4982 3045 4982 3046 4983 3044 4983 3043 4983 3044 4984 3036 4984 3045 4984 3046 4985 3036 4985 3044 4985 3047 4986 3048 4986 3056 4986 3057 4987 3048 4987 3047 4987 3048 4988 3049 4988 3056 4988 3057 4989 3049 4989 3048 4989 3049 4990 3050 4990 3056 4990 3057 4991 3050 4991 3049 4991 3050 4992 3051 4992 3056 4992 3057 4993 3051 4993 3050 4993 3051 4994 3052 4994 3056 4994 3057 4995 3052 4995 3051 4995 3052 4996 3053 4996 3056 4996 3057 4997 3053 4997 3052 4997 3053 4998 3054 4998 3056 4998 3057 4999 3054 4999 3053 4999 3054 5000 3055 5000 3056 5000 3057 5001 3055 5001 3054 5001 3055 5002 3047 5002 3056 5002 3057 5003 3047 5003 3055 5003 3058 5004 3059 5004 3067 5004 3068 5005 3059 5005 3058 5005 3059 5006 3060 5006 3067 5006 3068 5007 3060 5007 3059 5007 3060 5008 3061 5008 3067 5008 3068 5009 3061 5009 3060 5009 3061 5010 3062 5010 3067 5010 3068 5011 3062 5011 3061 5011 3062 5012 3063 5012 3067 5012 3068 5013 3063 5013 3062 5013 3063 5014 3064 5014 3067 5014 3068 5015 3064 5015 3063 5015 3064 5016 3065 5016 3067 5016 3068 5017 3065 5017 3064 5017 3065 5018 3066 5018 3067 5018 3068 5019 3066 5019 3065 5019 3066 5020 3058 5020 3067 5020 3068 5021 3058 5021 3066 5021 3069 5022 3070 5022 3078 5022 3079 5023 3070 5023 3069 5023 3070 5024 3071 5024 3078 5024 3079 5025 3071 5025 3070 5025 3071 5026 3072 5026 3078 5026 3079 5027 3072 5027 3071 5027 3072 5028 3073 5028 3078 5028 3079 5029 3073 5029 3072 5029 3073 5030 3074 5030 3078 5030 3079 5031 3074 5031 3073 5031 3074 5032 3075 5032 3078 5032 3079 5033 3075 5033 3074 5033 3075 5034 3076 5034 3078 5034 3079 5035 3076 5035 3075 5035 3076 5036 3077 5036 3078 5036 3079 5037 3077 5037 3076 5037 3077 5038 3069 5038 3078 5038 3079 5039 3069 5039 3077 5039 3080 5040 3081 5040 3089 5040 3090 5041 3081 5041 3080 5041 3081 5042 3082 5042 3089 5042 3090 5043 3082 5043 3081 5043 3082 5044 3083 5044 3089 5044 3090 5045 3083 5045 3082 5045 3083 5046 3084 5046 3089 5046 3090 5047 3084 5047 3083 5047 3084 5048 3085 5048 3089 5048 3090 5049 3085 5049 3084 5049 3085 5050 3086 5050 3089 5050 3090 5051 3086 5051 3085 5051 3086 5052 3087 5052 3089 5052 3090 5053 3087 5053 3086 5053 3087 5054 3088 5054 3089 5054 3090 5055 3088 5055 3087 5055 3088 5056 3080 5056 3089 5056 3090 5057 3080 5057 3088 5057 3091 5058 3092 5058 3100 5058 3101 5059 3092 5059 3091 5059 3092 5060 3093 5060 3100 5060 3101 5061 3093 5061 3092 5061 3093 5062 3094 5062 3100 5062 3101 5063 3094 5063 3093 5063 3094 5064 3095 5064 3100 5064 3101 5065 3095 5065 3094 5065 3095 5066 3096 5066 3100 5066 3101 5067 3096 5067 3095 5067 3096 5068 3097 5068 3100 5068 3101 5069 3097 5069 3096 5069 3097 5070 3098 5070 3100 5070 3101 5071 3098 5071 3097 5071 3098 5072 3099 5072 3100 5072 3101 5073 3099 5073 3098 5073 3099 5074 3091 5074 3100 5074 3101 5075 3091 5075 3099 5075 3102 5076 3103 5076 3111 5076 3112 5077 3103 5077 3102 5077 3103 5078 3104 5078 3111 5078 3112 5079 3104 5079 3103 5079 3104 5080 3105 5080 3111 5080 3112 5081 3105 5081 3104 5081 3105 5082 3106 5082 3111 5082 3112 5083 3106 5083 3105 5083 3106 5084 3107 5084 3111 5084 3112 5085 3107 5085 3106 5085 3107 5086 3108 5086 3111 5086 3112 5087 3108 5087 3107 5087 3108 5088 3109 5088 3111 5088 3112 5089 3109 5089 3108 5089 3109 5090 3110 5090 3111 5090 3112 5091 3110 5091 3109 5091 3110 5092 3102 5092 3111 5092 3112 5093 3102 5093 3110 5093 3113 5094 3114 5094 3122 5094 3123 5095 3114 5095 3113 5095 3114 5096 3115 5096 3122 5096 3123 5097 3115 5097 3114 5097 3115 5098 3116 5098 3122 5098 3123 5099 3116 5099 3115 5099 3116 5100 3117 5100 3122 5100 3123 5101 3117 5101 3116 5101 3117 5102 3118 5102 3122 5102 3123 5103 3118 5103 3117 5103 3118 5104 3119 5104 3122 5104 3123 5105 3119 5105 3118 5105 3119 5106 3120 5106 3122 5106 3123 5107 3120 5107 3119 5107 3120 5108 3121 5108 3122 5108 3123 5109 3121 5109 3120 5109 3121 5110 3113 5110 3122 5110 3123 5111 3113 5111 3121 5111 3124 5112 3125 5112 3133 5112 3134 5113 3125 5113 3124 5113 3125 5114 3126 5114 3133 5114 3134 5115 3126 5115 3125 5115 3126 5116 3127 5116 3133 5116 3134 5117 3127 5117 3126 5117 3127 5118 3128 5118 3133 5118 3134 5119 3128 5119 3127 5119 3128 5120 3129 5120 3133 5120 3134 5121 3129 5121 3128 5121 3129 5122 3130 5122 3133 5122 3134 5123 3130 5123 3129 5123 3130 5124 3131 5124 3133 5124 3134 5125 3131 5125 3130 5125 3131 5126 3132 5126 3133 5126 3134 5127 3132 5127 3131 5127 3132 5128 3124 5128 3133 5128 3134 5129 3124 5129 3132 5129 3135 5130 3136 5130 3144 5130 3145 5131 3136 5131 3135 5131 3136 5132 3137 5132 3144 5132 3145 5133 3137 5133 3136 5133 3137 5134 3138 5134 3144 5134 3145 5135 3138 5135 3137 5135 3138 5136 3139 5136 3144 5136 3145 5137 3139 5137 3138 5137 3139 5138 3140 5138 3144 5138 3145 5139 3140 5139 3139 5139 3140 5140 3141 5140 3144 5140 3145 5141 3141 5141 3140 5141 3141 5142 3142 5142 3144 5142 3145 5143 3142 5143 3141 5143 3142 5144 3143 5144 3144 5144 3145 5145 3143 5145 3142 5145 3143 5146 3135 5146 3144 5146 3145 5147 3135 5147 3143 5147 3146 5148 3147 5148 3155 5148 3156 5149 3147 5149 3146 5149 3147 5150 3148 5150 3155 5150 3156 5151 3148 5151 3147 5151 3148 5152 3149 5152 3155 5152 3156 5153 3149 5153 3148 5153 3149 5154 3150 5154 3155 5154 3156 5155 3150 5155 3149 5155 3150 5156 3151 5156 3155 5156 3156 5157 3151 5157 3150 5157 3151 5158 3152 5158 3155 5158 3156 5159 3152 5159 3151 5159 3152 5160 3153 5160 3155 5160 3156 5161 3153 5161 3152 5161 3153 5162 3154 5162 3155 5162 3156 5163 3154 5163 3153 5163 3154 5164 3146 5164 3155 5164 3156 5165 3146 5165 3154 5165 3157 5166 3158 5166 3166 5166 3167 5167 3158 5167 3157 5167 3158 5168 3159 5168 3166 5168 3167 5169 3159 5169 3158 5169 3159 5170 3160 5170 3166 5170 3167 5171 3160 5171 3159 5171 3160 5172 3161 5172 3166 5172 3167 5173 3161 5173 3160 5173 3161 5174 3162 5174 3166 5174 3167 5175 3162 5175 3161 5175 3162 5176 3163 5176 3166 5176 3167 5177 3163 5177 3162 5177 3163 5178 3164 5178 3166 5178 3167 5179 3164 5179 3163 5179 3164 5180 3165 5180 3166 5180 3167 5181 3165 5181 3164 5181 3165 5182 3157 5182 3166 5182 3167 5183 3157 5183 3165 5183 3168 5184 3169 5184 3177 5184 3178 5185 3169 5185 3168 5185 3169 5186 3170 5186 3177 5186 3178 5187 3170 5187 3169 5187 3170 5188 3171 5188 3177 5188 3178 5189 3171 5189 3170 5189 3171 5190 3172 5190 3177 5190 3178 5191 3172 5191 3171 5191 3172 5192 3173 5192 3177 5192 3178 5193 3173 5193 3172 5193 3173 5194 3174 5194 3177 5194 3178 5195 3174 5195 3173 5195 3174 5196 3175 5196 3177 5196 3178 5197 3175 5197 3174 5197 3175 5198 3176 5198 3177 5198 3178 5199 3176 5199 3175 5199 3176 5200 3168 5200 3177 5200 3178 5201 3168 5201 3176 5201 3179 5202 3180 5202 3188 5202 3189 5203 3180 5203 3179 5203 3180 5204 3181 5204 3188 5204 3189 5205 3181 5205 3180 5205 3181 5206 3182 5206 3188 5206 3189 5207 3182 5207 3181 5207 3182 5208 3183 5208 3188 5208 3189 5209 3183 5209 3182 5209 3183 5210 3184 5210 3188 5210 3189 5211 3184 5211 3183 5211 3184 5212 3185 5212 3188 5212 3189 5213 3185 5213 3184 5213 3185 5214 3186 5214 3188 5214 3189 5215 3186 5215 3185 5215 3186 5216 3187 5216 3188 5216 3189 5217 3187 5217 3186 5217 3187 5218 3179 5218 3188 5218 3189 5219 3179 5219 3187 5219 3190 5220 3191 5220 3199 5220 3200 5221 3191 5221 3190 5221 3191 5222 3192 5222 3199 5222 3200 5223 3192 5223 3191 5223 3192 5224 3193 5224 3199 5224 3200 5225 3193 5225 3192 5225 3193 5226 3194 5226 3199 5226 3200 5227 3194 5227 3193 5227 3194 5228 3195 5228 3199 5228 3200 5229 3195 5229 3194 5229 3195 5230 3196 5230 3199 5230 3200 5231 3196 5231 3195 5231 3196 5232 3197 5232 3199 5232 3200 5233 3197 5233 3196 5233 3197 5234 3198 5234 3199 5234 3200 5235 3198 5235 3197 5235 3198 5236 3190 5236 3199 5236 3200 5237 3190 5237 3198 5237 3201 5238 3202 5238 3210 5238 3211 5239 3202 5239 3201 5239 3202 5240 3203 5240 3210 5240 3211 5241 3203 5241 3202 5241 3203 5242 3204 5242 3210 5242 3211 5243 3204 5243 3203 5243 3204 5244 3205 5244 3210 5244 3211 5245 3205 5245 3204 5245 3205 5246 3206 5246 3210 5246 3211 5247 3206 5247 3205 5247 3206 5248 3207 5248 3210 5248 3211 5249 3207 5249 3206 5249 3207 5250 3208 5250 3210 5250 3211 5251 3208 5251 3207 5251 3208 5252 3209 5252 3210 5252 3211 5253 3209 5253 3208 5253 3209 5254 3201 5254 3210 5254 3211 5255 3201 5255 3209 5255 3212 5256 3213 5256 3221 5256 3222 5257 3213 5257 3212 5257 3213 5258 3214 5258 3221 5258 3222 5259 3214 5259 3213 5259 3214 5260 3215 5260 3221 5260 3222 5261 3215 5261 3214 5261 3215 5262 3216 5262 3221 5262 3222 5263 3216 5263 3215 5263 3216 5264 3217 5264 3221 5264 3222 5265 3217 5265 3216 5265 3217 5266 3218 5266 3221 5266 3222 5267 3218 5267 3217 5267 3218 5268 3219 5268 3221 5268 3222 5269 3219 5269 3218 5269 3219 5270 3220 5270 3221 5270 3222 5271 3220 5271 3219 5271 3220 5272 3212 5272 3221 5272 3222 5273 3212 5273 3220 5273 3223 5274 3224 5274 3232 5274 3233 5275 3224 5275 3223 5275 3224 5276 3225 5276 3232 5276 3233 5277 3225 5277 3224 5277 3225 5278 3226 5278 3232 5278 3233 5279 3226 5279 3225 5279 3226 5280 3227 5280 3232 5280 3233 5281 3227 5281 3226 5281 3227 5282 3228 5282 3232 5282 3233 5283 3228 5283 3227 5283 3228 5284 3229 5284 3232 5284 3233 5285 3229 5285 3228 5285 3229 5286 3230 5286 3232 5286 3233 5287 3230 5287 3229 5287 3230 5288 3231 5288 3232 5288 3233 5289 3231 5289 3230 5289 3231 5290 3223 5290 3232 5290 3233 5291 3223 5291 3231 5291 3234 5292 3235 5292 3243 5292 3244 5293 3235 5293 3234 5293 3235 5294 3236 5294 3243 5294 3244 5295 3236 5295 3235 5295 3236 5296 3237 5296 3243 5296 3244 5297 3237 5297 3236 5297 3237 5298 3238 5298 3243 5298 3244 5299 3238 5299 3237 5299 3238 5300 3239 5300 3243 5300 3244 5301 3239 5301 3238 5301 3239 5302 3240 5302 3243 5302 3244 5303 3240 5303 3239 5303 3240 5304 3241 5304 3243 5304 3244 5305 3241 5305 3240 5305 3241 5306 3242 5306 3243 5306 3244 5307 3242 5307 3241 5307 3242 5308 3234 5308 3243 5308 3244 5309 3234 5309 3242 5309 3245 5310 3246 5310 3254 5310 3255 5311 3246 5311 3245 5311 3246 5312 3247 5312 3254 5312 3255 5313 3247 5313 3246 5313 3247 5314 3248 5314 3254 5314 3255 5315 3248 5315 3247 5315 3248 5316 3249 5316 3254 5316 3255 5317 3249 5317 3248 5317 3249 5318 3250 5318 3254 5318 3255 5319 3250 5319 3249 5319 3250 5320 3251 5320 3254 5320 3255 5321 3251 5321 3250 5321 3251 5322 3252 5322 3254 5322 3255 5323 3252 5323 3251 5323 3252 5324 3253 5324 3254 5324 3255 5325 3253 5325 3252 5325 3253 5326 3245 5326 3254 5326 3255 5327 3245 5327 3253 5327 3256 5328 3257 5328 3265 5328 3266 5329 3257 5329 3256 5329 3257 5330 3258 5330 3265 5330 3266 5331 3258 5331 3257 5331 3258 5332 3259 5332 3265 5332 3266 5333 3259 5333 3258 5333 3259 5334 3260 5334 3265 5334 3266 5335 3260 5335 3259 5335 3260 5336 3261 5336 3265 5336 3266 5337 3261 5337 3260 5337 3261 5338 3262 5338 3265 5338 3266 5339 3262 5339 3261 5339 3262 5340 3263 5340 3265 5340 3266 5341 3263 5341 3262 5341 3263 5342 3264 5342 3265 5342 3266 5343 3264 5343 3263 5343 3264 5344 3256 5344 3265 5344 3266 5345 3256 5345 3264 5345 3267 5346 3268 5346 3276 5346 3277 5347 3268 5347 3267 5347 3268 5348 3269 5348 3276 5348 3277 5349 3269 5349 3268 5349 3269 5350 3270 5350 3276 5350 3277 5351 3270 5351 3269 5351 3270 5352 3271 5352 3276 5352 3277 5353 3271 5353 3270 5353 3271 5354 3272 5354 3276 5354 3277 5355 3272 5355 3271 5355 3272 5356 3273 5356 3276 5356 3277 5357 3273 5357 3272 5357 3273 5358 3274 5358 3276 5358 3277 5359 3274 5359 3273 5359 3274 5360 3275 5360 3276 5360 3277 5361 3275 5361 3274 5361 3275 5362 3267 5362 3276 5362 3277 5363 3267 5363 3275 5363 3278 5364 3279 5364 3287 5364 3288 5365 3279 5365 3278 5365 3279 5366 3280 5366 3287 5366 3288 5367 3280 5367 3279 5367 3280 5368 3281 5368 3287 5368 3288 5369 3281 5369 3280 5369 3281 5370 3282 5370 3287 5370 3288 5371 3282 5371 3281 5371 3282 5372 3283 5372 3287 5372 3288 5373 3283 5373 3282 5373 3283 5374 3284 5374 3287 5374 3288 5375 3284 5375 3283 5375 3284 5376 3285 5376 3287 5376 3288 5377 3285 5377 3284 5377 3285 5378 3286 5378 3287 5378 3288 5379 3286 5379 3285 5379 3286 5380 3278 5380 3287 5380 3288 5381 3278 5381 3286 5381 3289 5382 3290 5382 3298 5382 3299 5383 3290 5383 3289 5383 3290 5384 3291 5384 3298 5384 3299 5385 3291 5385 3290 5385 3291 5386 3292 5386 3298 5386 3299 5387 3292 5387 3291 5387 3292 5388 3293 5388 3298 5388 3299 5389 3293 5389 3292 5389 3293 5390 3294 5390 3298 5390 3299 5391 3294 5391 3293 5391 3294 5392 3295 5392 3298 5392 3299 5393 3295 5393 3294 5393 3295 5394 3296 5394 3298 5394 3299 5395 3296 5395 3295 5395 3296 5396 3297 5396 3298 5396 3299 5397 3297 5397 3296 5397 3297 5398 3289 5398 3298 5398 3299 5399 3289 5399 3297 5399 3300 5400 3301 5400 3309 5400 3310 5401 3301 5401 3300 5401 3301 5402 3302 5402 3309 5402 3310 5403 3302 5403 3301 5403 3302 5404 3303 5404 3309 5404 3310 5405 3303 5405 3302 5405 3303 5406 3304 5406 3309 5406 3310 5407 3304 5407 3303 5407 3304 5408 3305 5408 3309 5408 3310 5409 3305 5409 3304 5409 3305 5410 3306 5410 3309 5410 3310 5411 3306 5411 3305 5411 3306 5412 3307 5412 3309 5412 3310 5413 3307 5413 3306 5413 3307 5414 3308 5414 3309 5414 3310 5415 3308 5415 3307 5415 3308 5416 3300 5416 3309 5416 3310 5417 3300 5417 3308 5417 3311 5418 3312 5418 3320 5418 3321 5419 3312 5419 3311 5419 3312 5420 3313 5420 3320 5420 3321 5421 3313 5421 3312 5421 3313 5422 3314 5422 3320 5422 3321 5423 3314 5423 3313 5423 3314 5424 3315 5424 3320 5424 3321 5425 3315 5425 3314 5425 3315 5426 3316 5426 3320 5426 3321 5427 3316 5427 3315 5427 3316 5428 3317 5428 3320 5428 3321 5429 3317 5429 3316 5429 3317 5430 3318 5430 3320 5430 3321 5431 3318 5431 3317 5431 3318 5432 3319 5432 3320 5432 3321 5433 3319 5433 3318 5433 3319 5434 3311 5434 3320 5434 3321 5435 3311 5435 3319 5435 3322 5436 3323 5436 3331 5436 3332 5437 3323 5437 3322 5437 3323 5438 3324 5438 3331 5438 3332 5439 3324 5439 3323 5439 3324 5440 3325 5440 3331 5440 3332 5441 3325 5441 3324 5441 3325 5442 3326 5442 3331 5442 3332 5443 3326 5443 3325 5443 3326 5444 3327 5444 3331 5444 3332 5445 3327 5445 3326 5445 3327 5446 3328 5446 3331 5446 3332 5447 3328 5447 3327 5447 3328 5448 3329 5448 3331 5448 3332 5449 3329 5449 3328 5449 3329 5450 3330 5450 3331 5450 3332 5451 3330 5451 3329 5451 3330 5452 3322 5452 3331 5452 3332 5453 3322 5453 3330 5453 3333 5454 3334 5454 3342 5454 3343 5455 3334 5455 3333 5455 3334 5456 3335 5456 3342 5456 3343 5457 3335 5457 3334 5457 3335 5458 3336 5458 3342 5458 3343 5459 3336 5459 3335 5459 3336 5460 3337 5460 3342 5460 3343 5461 3337 5461 3336 5461 3337 5462 3338 5462 3342 5462 3343 5463 3338 5463 3337 5463 3338 5464 3339 5464 3342 5464 3343 5465 3339 5465 3338 5465 3339 5466 3340 5466 3342 5466 3343 5467 3340 5467 3339 5467 3340 5468 3341 5468 3342 5468 3343 5469 3341 5469 3340 5469 3341 5470 3333 5470 3342 5470 3343 5471 3333 5471 3341 5471 3344 5472 3345 5472 3353 5472 3354 5473 3345 5473 3344 5473 3345 5474 3346 5474 3353 5474 3354 5475 3346 5475 3345 5475 3346 5476 3347 5476 3353 5476 3354 5477 3347 5477 3346 5477 3347 5478 3348 5478 3353 5478 3354 5479 3348 5479 3347 5479 3348 5480 3349 5480 3353 5480 3354 5481 3349 5481 3348 5481 3349 5482 3350 5482 3353 5482 3354 5483 3350 5483 3349 5483 3350 5484 3351 5484 3353 5484 3354 5485 3351 5485 3350 5485 3351 5486 3352 5486 3353 5486 3354 5487 3352 5487 3351 5487 3352 5488 3344 5488 3353 5488 3354 5489 3344 5489 3352 5489 3355 5490 3356 5490 3364 5490 3365 5491 3356 5491 3355 5491 3356 5492 3357 5492 3364 5492 3365 5493 3357 5493 3356 5493 3357 5494 3358 5494 3364 5494 3365 5495 3358 5495 3357 5495 3358 5496 3359 5496 3364 5496 3365 5497 3359 5497 3358 5497 3359 5498 3360 5498 3364 5498 3365 5499 3360 5499 3359 5499 3360 5500 3361 5500 3364 5500 3365 5501 3361 5501 3360 5501 3361 5502 3362 5502 3364 5502 3365 5503 3362 5503 3361 5503 3362 5504 3363 5504 3364 5504 3365 5505 3363 5505 3362 5505 3363 5506 3355 5506 3364 5506 3365 5507 3355 5507 3363 5507 3366 5508 3367 5508 3375 5508 3376 5509 3367 5509 3366 5509 3367 5510 3368 5510 3375 5510 3376 5511 3368 5511 3367 5511 3368 5512 3369 5512 3375 5512 3376 5513 3369 5513 3368 5513 3369 5514 3370 5514 3375 5514 3376 5515 3370 5515 3369 5515 3370 5516 3371 5516 3375 5516 3376 5517 3371 5517 3370 5517 3371 5518 3372 5518 3375 5518 3376 5519 3372 5519 3371 5519 3372 5520 3373 5520 3375 5520 3376 5521 3373 5521 3372 5521 3373 5522 3374 5522 3375 5522 3376 5523 3374 5523 3373 5523 3374 5524 3366 5524 3375 5524 3376 5525 3366 5525 3374 5525 3377 5526 3378 5526 3386 5526 3387 5527 3378 5527 3377 5527 3378 5528 3379 5528 3386 5528 3387 5529 3379 5529 3378 5529 3379 5530 3380 5530 3386 5530 3387 5531 3380 5531 3379 5531 3380 5532 3381 5532 3386 5532 3387 5533 3381 5533 3380 5533 3381 5534 3382 5534 3386 5534 3387 5535 3382 5535 3381 5535 3382 5536 3383 5536 3386 5536 3387 5537 3383 5537 3382 5537 3383 5538 3384 5538 3386 5538 3387 5539 3384 5539 3383 5539 3384 5540 3385 5540 3386 5540 3387 5541 3385 5541 3384 5541 3385 5542 3377 5542 3386 5542 3387 5543 3377 5543 3385 5543 3388 5544 3389 5544 3397 5544 3398 5545 3389 5545 3388 5545 3389 5546 3390 5546 3397 5546 3398 5547 3390 5547 3389 5547 3390 5548 3391 5548 3397 5548 3398 5549 3391 5549 3390 5549 3391 5550 3392 5550 3397 5550 3398 5551 3392 5551 3391 5551 3392 5552 3393 5552 3397 5552 3398 5553 3393 5553 3392 5553 3393 5554 3394 5554 3397 5554 3398 5555 3394 5555 3393 5555 3394 5556 3395 5556 3397 5556 3398 5557 3395 5557 3394 5557 3395 5558 3396 5558 3397 5558 3398 5559 3396 5559 3395 5559 3396 5560 3388 5560 3397 5560 3398 5561 3388 5561 3396 5561 3399 5562 3400 5562 3408 5562 3409 5563 3400 5563 3399 5563 3400 5564 3401 5564 3408 5564 3409 5565 3401 5565 3400 5565 3401 5566 3402 5566 3408 5566 3409 5567 3402 5567 3401 5567 3402 5568 3403 5568 3408 5568 3409 5569 3403 5569 3402 5569 3403 5570 3404 5570 3408 5570 3409 5571 3404 5571 3403 5571 3404 5572 3405 5572 3408 5572 3409 5573 3405 5573 3404 5573 3405 5574 3406 5574 3408 5574 3409 5575 3406 5575 3405 5575 3406 5576 3407 5576 3408 5576 3409 5577 3407 5577 3406 5577 3407 5578 3399 5578 3408 5578 3409 5579 3399 5579 3407 5579 3410 5580 3411 5580 3419 5580 3420 5581 3411 5581 3410 5581 3411 5582 3412 5582 3419 5582 3420 5583 3412 5583 3411 5583 3412 5584 3413 5584 3419 5584 3420 5585 3413 5585 3412 5585 3413 5586 3414 5586 3419 5586 3420 5587 3414 5587 3413 5587 3414 5588 3415 5588 3419 5588 3420 5589 3415 5589 3414 5589 3415 5590 3416 5590 3419 5590 3420 5591 3416 5591 3415 5591 3416 5592 3417 5592 3419 5592 3420 5593 3417 5593 3416 5593 3417 5594 3418 5594 3419 5594 3420 5595 3418 5595 3417 5595 3418 5596 3410 5596 3419 5596 3420 5597 3410 5597 3418 5597 3421 5598 3422 5598 3430 5598 3431 5599 3422 5599 3421 5599 3422 5600 3423 5600 3430 5600 3431 5601 3423 5601 3422 5601 3423 5602 3424 5602 3430 5602 3431 5603 3424 5603 3423 5603 3424 5604 3425 5604 3430 5604 3431 5605 3425 5605 3424 5605 3425 5606 3426 5606 3430 5606 3431 5607 3426 5607 3425 5607 3426 5608 3427 5608 3430 5608 3431 5609 3427 5609 3426 5609 3427 5610 3428 5610 3430 5610 3431 5611 3428 5611 3427 5611 3428 5612 3429 5612 3430 5612 3431 5613 3429 5613 3428 5613 3429 5614 3421 5614 3430 5614 3431 5615 3421 5615 3429 5615 3432 5616 3433 5616 3441 5616 3442 5617 3433 5617 3432 5617 3433 5618 3434 5618 3441 5618 3442 5619 3434 5619 3433 5619 3434 5620 3435 5620 3441 5620 3442 5621 3435 5621 3434 5621 3435 5622 3436 5622 3441 5622 3442 5623 3436 5623 3435 5623 3436 5624 3437 5624 3441 5624 3442 5625 3437 5625 3436 5625 3437 5626 3438 5626 3441 5626 3442 5627 3438 5627 3437 5627 3438 5628 3439 5628 3441 5628 3442 5629 3439 5629 3438 5629 3439 5630 3440 5630 3441 5630 3442 5631 3440 5631 3439 5631 3440 5632 3432 5632 3441 5632 3442 5633 3432 5633 3440 5633 3443 5634 3444 5634 3452 5634 3453 5635 3444 5635 3443 5635 3444 5636 3445 5636 3452 5636 3453 5637 3445 5637 3444 5637 3445 5638 3446 5638 3452 5638 3453 5639 3446 5639 3445 5639 3446 5640 3447 5640 3452 5640 3453 5641 3447 5641 3446 5641 3447 5642 3448 5642 3452 5642 3453 5643 3448 5643 3447 5643 3448 5644 3449 5644 3452 5644 3453 5645 3449 5645 3448 5645 3449 5646 3450 5646 3452 5646 3453 5647 3450 5647 3449 5647 3450 5648 3451 5648 3452 5648 3453 5649 3451 5649 3450 5649 3451 5650 3443 5650 3452 5650 3453 5651 3443 5651 3451 5651 3454 5652 3455 5652 3463 5652 3464 5653 3455 5653 3454 5653 3455 5654 3456 5654 3463 5654 3464 5655 3456 5655 3455 5655 3456 5656 3457 5656 3463 5656 3464 5657 3457 5657 3456 5657 3457 5658 3458 5658 3463 5658 3464 5659 3458 5659 3457 5659 3458 5660 3459 5660 3463 5660 3464 5661 3459 5661 3458 5661 3459 5662 3460 5662 3463 5662 3464 5663 3460 5663 3459 5663 3460 5664 3461 5664 3463 5664 3464 5665 3461 5665 3460 5665 3461 5666 3462 5666 3463 5666 3464 5667 3462 5667 3461 5667 3462 5668 3454 5668 3463 5668 3464 5669 3454 5669 3462 5669 3465 5670 3466 5670 3474 5670 3475 5671 3466 5671 3465 5671 3466 5672 3467 5672 3474 5672 3475 5673 3467 5673 3466 5673 3467 5674 3468 5674 3474 5674 3475 5675 3468 5675 3467 5675 3468 5676 3469 5676 3474 5676 3475 5677 3469 5677 3468 5677 3469 5678 3470 5678 3474 5678 3475 5679 3470 5679 3469 5679 3470 5680 3471 5680 3474 5680 3475 5681 3471 5681 3470 5681 3471 5682 3472 5682 3474 5682 3475 5683 3472 5683 3471 5683 3472 5684 3473 5684 3474 5684 3475 5685 3473 5685 3472 5685 3473 5686 3465 5686 3474 5686 3475 5687 3465 5687 3473 5687 3476 5688 3477 5688 3485 5688 3486 5689 3477 5689 3476 5689 3477 5690 3478 5690 3485 5690 3486 5691 3478 5691 3477 5691 3478 5692 3479 5692 3485 5692 3486 5693 3479 5693 3478 5693 3479 5694 3480 5694 3485 5694 3486 5695 3480 5695 3479 5695 3480 5696 3481 5696 3485 5696 3486 5697 3481 5697 3480 5697 3481 5698 3482 5698 3485 5698 3486 5699 3482 5699 3481 5699 3482 5700 3483 5700 3485 5700 3486 5701 3483 5701 3482 5701 3483 5702 3484 5702 3485 5702 3486 5703 3484 5703 3483 5703 3484 5704 3476 5704 3485 5704 3486 5705 3476 5705 3484 5705 3487 5706 3488 5706 3496 5706 3497 5707 3488 5707 3487 5707 3488 5708 3489 5708 3496 5708 3497 5709 3489 5709 3488 5709 3489 5710 3490 5710 3496 5710 3497 5711 3490 5711 3489 5711 3490 5712 3491 5712 3496 5712 3497 5713 3491 5713 3490 5713 3491 5714 3492 5714 3496 5714 3497 5715 3492 5715 3491 5715 3492 5716 3493 5716 3496 5716 3497 5717 3493 5717 3492 5717 3493 5718 3494 5718 3496 5718 3497 5719 3494 5719 3493 5719 3494 5720 3495 5720 3496 5720 3497 5721 3495 5721 3494 5721 3495 5722 3487 5722 3496 5722 3497 5723 3487 5723 3495 5723 3498 5724 3499 5724 3507 5724 3508 5725 3499 5725 3498 5725 3499 5726 3500 5726 3507 5726 3508 5727 3500 5727 3499 5727 3500 5728 3501 5728 3507 5728 3508 5729 3501 5729 3500 5729 3501 5730 3502 5730 3507 5730 3508 5731 3502 5731 3501 5731 3502 5732 3503 5732 3507 5732 3508 5733 3503 5733 3502 5733 3503 5734 3504 5734 3507 5734 3508 5735 3504 5735 3503 5735 3504 5736 3505 5736 3507 5736 3508 5737 3505 5737 3504 5737 3505 5738 3506 5738 3507 5738 3508 5739 3506 5739 3505 5739 3506 5740 3498 5740 3507 5740 3508 5741 3498 5741 3506 5741 3509 5742 3510 5742 3518 5742 3519 5743 3510 5743 3509 5743 3510 5744 3511 5744 3518 5744 3519 5745 3511 5745 3510 5745 3511 5746 3512 5746 3518 5746 3519 5747 3512 5747 3511 5747 3512 5748 3513 5748 3518 5748 3519 5749 3513 5749 3512 5749 3513 5750 3514 5750 3518 5750 3519 5751 3514 5751 3513 5751 3514 5752 3515 5752 3518 5752 3519 5753 3515 5753 3514 5753 3515 5754 3516 5754 3518 5754 3519 5755 3516 5755 3515 5755 3516 5756 3517 5756 3518 5756 3519 5757 3517 5757 3516 5757 3517 5758 3509 5758 3518 5758 3519 5759 3509 5759 3517 5759 3520 5760 3521 5760 3529 5760 3530 5761 3521 5761 3520 5761 3521 5762 3522 5762 3529 5762 3530 5763 3522 5763 3521 5763 3522 5764 3523 5764 3529 5764 3530 5765 3523 5765 3522 5765 3523 5766 3524 5766 3529 5766 3530 5767 3524 5767 3523 5767 3524 5768 3525 5768 3529 5768 3530 5769 3525 5769 3524 5769 3525 5770 3526 5770 3529 5770 3530 5771 3526 5771 3525 5771 3526 5772 3527 5772 3529 5772 3530 5773 3527 5773 3526 5773 3527 5774 3528 5774 3529 5774 3530 5775 3528 5775 3527 5775 3528 5776 3520 5776 3529 5776 3530 5777 3520 5777 3528 5777 3531 5778 3532 5778 3540 5778 3541 5779 3532 5779 3531 5779 3532 5780 3533 5780 3540 5780 3541 5781 3533 5781 3532 5781 3533 5782 3534 5782 3540 5782 3541 5783 3534 5783 3533 5783 3534 5784 3535 5784 3540 5784 3541 5785 3535 5785 3534 5785 3535 5786 3536 5786 3540 5786 3541 5787 3536 5787 3535 5787 3536 5788 3537 5788 3540 5788 3541 5789 3537 5789 3536 5789 3537 5790 3538 5790 3540 5790 3541 5791 3538 5791 3537 5791 3538 5792 3539 5792 3540 5792 3541 5793 3539 5793 3538 5793 3539 5794 3531 5794 3540 5794 3541 5795 3531 5795 3539 5795 3542 5796 3543 5796 3551 5796 3552 5797 3543 5797 3542 5797 3543 5798 3544 5798 3551 5798 3552 5799 3544 5799 3543 5799 3544 5800 3545 5800 3551 5800 3552 5801 3545 5801 3544 5801 3545 5802 3546 5802 3551 5802 3552 5803 3546 5803 3545 5803 3546 5804 3547 5804 3551 5804 3552 5805 3547 5805 3546 5805 3547 5806 3548 5806 3551 5806 3552 5807 3548 5807 3547 5807 3548 5808 3549 5808 3551 5808 3552 5809 3549 5809 3548 5809 3549 5810 3550 5810 3551 5810 3552 5811 3550 5811 3549 5811 3550 5812 3542 5812 3551 5812 3552 5813 3542 5813 3550 5813 3553 5814 3554 5814 3562 5814 3563 5815 3554 5815 3553 5815 3554 5816 3555 5816 3562 5816 3563 5817 3555 5817 3554 5817 3555 5818 3556 5818 3562 5818 3563 5819 3556 5819 3555 5819 3556 5820 3557 5820 3562 5820 3563 5821 3557 5821 3556 5821 3557 5822 3558 5822 3562 5822 3563 5823 3558 5823 3557 5823 3558 5824 3559 5824 3562 5824 3563 5825 3559 5825 3558 5825 3559 5826 3560 5826 3562 5826 3563 5827 3560 5827 3559 5827 3560 5828 3561 5828 3562 5828 3563 5829 3561 5829 3560 5829 3561 5830 3553 5830 3562 5830 3563 5831 3553 5831 3561 5831 3564 5832 3565 5832 3573 5832 3574 5833 3565 5833 3564 5833 3565 5834 3566 5834 3573 5834 3574 5835 3566 5835 3565 5835 3566 5836 3567 5836 3573 5836 3574 5837 3567 5837 3566 5837 3567 5838 3568 5838 3573 5838 3574 5839 3568 5839 3567 5839 3568 5840 3569 5840 3573 5840 3574 5841 3569 5841 3568 5841 3569 5842 3570 5842 3573 5842 3574 5843 3570 5843 3569 5843 3570 5844 3571 5844 3573 5844 3574 5845 3571 5845 3570 5845 3571 5846 3572 5846 3573 5846 3574 5847 3572 5847 3571 5847 3572 5848 3564 5848 3573 5848 3574 5849 3564 5849 3572 5849 3575 5850 3576 5850 3584 5850 3585 5851 3576 5851 3575 5851 3576 5852 3577 5852 3584 5852 3585 5853 3577 5853 3576 5853 3577 5854 3578 5854 3584 5854 3585 5855 3578 5855 3577 5855 3578 5856 3579 5856 3584 5856 3585 5857 3579 5857 3578 5857 3579 5858 3580 5858 3584 5858 3585 5859 3580 5859 3579 5859 3580 5860 3581 5860 3584 5860 3585 5861 3581 5861 3580 5861 3581 5862 3582 5862 3584 5862 3585 5863 3582 5863 3581 5863 3582 5864 3583 5864 3584 5864 3585 5865 3583 5865 3582 5865 3583 5866 3575 5866 3584 5866 3585 5867 3575 5867 3583 5867 3586 5868 3587 5868 3595 5868 3596 5869 3587 5869 3586 5869 3587 5870 3588 5870 3595 5870 3596 5871 3588 5871 3587 5871 3588 5872 3589 5872 3595 5872 3596 5873 3589 5873 3588 5873 3589 5874 3590 5874 3595 5874 3596 5875 3590 5875 3589 5875 3590 5876 3591 5876 3595 5876 3596 5877 3591 5877 3590 5877 3591 5878 3592 5878 3595 5878 3596 5879 3592 5879 3591 5879 3592 5880 3593 5880 3595 5880 3596 5881 3593 5881 3592 5881 3593 5882 3594 5882 3595 5882 3596 5883 3594 5883 3593 5883 3594 5884 3586 5884 3595 5884 3596 5885 3586 5885 3594 5885 3597 5886 3598 5886 3606 5886 3607 5887 3598 5887 3597 5887 3598 5888 3599 5888 3606 5888 3607 5889 3599 5889 3598 5889 3599 5890 3600 5890 3606 5890 3607 5891 3600 5891 3599 5891 3600 5892 3601 5892 3606 5892 3607 5893 3601 5893 3600 5893 3601 5894 3602 5894 3606 5894 3607 5895 3602 5895 3601 5895 3602 5896 3603 5896 3606 5896 3607 5897 3603 5897 3602 5897 3603 5898 3604 5898 3606 5898 3607 5899 3604 5899 3603 5899 3604 5900 3605 5900 3606 5900 3607 5901 3605 5901 3604 5901 3605 5902 3597 5902 3606 5902 3607 5903 3597 5903 3605 5903 3608 5904 3609 5904 3617 5904 3618 5905 3609 5905 3608 5905 3609 5906 3610 5906 3617 5906 3618 5907 3610 5907 3609 5907 3610 5908 3611 5908 3617 5908 3618 5909 3611 5909 3610 5909 3611 5910 3612 5910 3617 5910 3618 5911 3612 5911 3611 5911 3612 5912 3613 5912 3617 5912 3618 5913 3613 5913 3612 5913 3613 5914 3614 5914 3617 5914 3618 5915 3614 5915 3613 5915 3614 5916 3615 5916 3617 5916 3618 5917 3615 5917 3614 5917 3615 5918 3616 5918 3617 5918 3618 5919 3616 5919 3615 5919 3616 5920 3608 5920 3617 5920 3618 5921 3608 5921 3616 5921 3619 5922 3620 5922 3628 5922 3629 5923 3620 5923 3619 5923 3620 5924 3621 5924 3628 5924 3629 5925 3621 5925 3620 5925 3621 5926 3622 5926 3628 5926 3629 5927 3622 5927 3621 5927 3622 5928 3623 5928 3628 5928 3629 5929 3623 5929 3622 5929 3623 5930 3624 5930 3628 5930 3629 5931 3624 5931 3623 5931 3624 5932 3625 5932 3628 5932 3629 5933 3625 5933 3624 5933 3625 5934 3626 5934 3628 5934 3629 5935 3626 5935 3625 5935 3626 5936 3627 5936 3628 5936 3629 5937 3627 5937 3626 5937 3627 5938 3619 5938 3628 5938 3629 5939 3619 5939 3627 5939 3630 5940 3631 5940 3639 5940 3640 5941 3631 5941 3630 5941 3631 5942 3632 5942 3639 5942 3640 5943 3632 5943 3631 5943 3632 5944 3633 5944 3639 5944 3640 5945 3633 5945 3632 5945 3633 5946 3634 5946 3639 5946 3640 5947 3634 5947 3633 5947 3634 5948 3635 5948 3639 5948 3640 5949 3635 5949 3634 5949 3635 5950 3636 5950 3639 5950 3640 5951 3636 5951 3635 5951 3636 5952 3637 5952 3639 5952 3640 5953 3637 5953 3636 5953 3637 5954 3638 5954 3639 5954 3640 5955 3638 5955 3637 5955 3638 5956 3630 5956 3639 5956 3640 5957 3630 5957 3638 5957 3641 5958 3642 5958 3650 5958 3651 5959 3642 5959 3641 5959 3642 5960 3643 5960 3650 5960 3651 5961 3643 5961 3642 5961 3643 5962 3644 5962 3650 5962 3651 5963 3644 5963 3643 5963 3644 5964 3645 5964 3650 5964 3651 5965 3645 5965 3644 5965 3645 5966 3646 5966 3650 5966 3651 5967 3646 5967 3645 5967 3646 5968 3647 5968 3650 5968 3651 5969 3647 5969 3646 5969 3647 5970 3648 5970 3650 5970 3651 5971 3648 5971 3647 5971 3648 5972 3649 5972 3650 5972 3651 5973 3649 5973 3648 5973 3649 5974 3641 5974 3650 5974 3651 5975 3641 5975 3649 5975 3652 5976 3653 5976 3661 5976 3662 5977 3653 5977 3652 5977 3653 5978 3654 5978 3661 5978 3662 5979 3654 5979 3653 5979 3654 5980 3655 5980 3661 5980 3662 5981 3655 5981 3654 5981 3655 5982 3656 5982 3661 5982 3662 5983 3656 5983 3655 5983 3656 5984 3657 5984 3661 5984 3662 5985 3657 5985 3656 5985 3657 5986 3658 5986 3661 5986 3662 5987 3658 5987 3657 5987 3658 5988 3659 5988 3661 5988 3662 5989 3659 5989 3658 5989 3659 5990 3660 5990 3661 5990 3662 5991 3660 5991 3659 5991 3660 5992 3652 5992 3661 5992 3662 5993 3652 5993 3660 5993 3663 5994 3664 5994 3672 5994 3673 5995 3664 5995 3663 5995 3664 5996 3665 5996 3672 5996 3673 5997 3665 5997 3664 5997 3665 5998 3666 5998 3672 5998 3673 5999 3666 5999 3665 5999 3666 6000 3667 6000 3672 6000 3673 6001 3667 6001 3666 6001 3667 6002 3668 6002 3672 6002 3673 6003 3668 6003 3667 6003 3668 6004 3669 6004 3672 6004 3673 6005 3669 6005 3668 6005 3669 6006 3670 6006 3672 6006 3673 6007 3670 6007 3669 6007 3670 6008 3671 6008 3672 6008 3673 6009 3671 6009 3670 6009 3671 6010 3663 6010 3672 6010 3673 6011 3663 6011 3671 6011 3674 6012 3675 6012 3683 6012 3684 6013 3675 6013 3674 6013 3675 6014 3676 6014 3683 6014 3684 6015 3676 6015 3675 6015 3676 6016 3677 6016 3683 6016 3684 6017 3677 6017 3676 6017 3677 6018 3678 6018 3683 6018 3684 6019 3678 6019 3677 6019 3678 6020 3679 6020 3683 6020 3684 6021 3679 6021 3678 6021 3679 6022 3680 6022 3683 6022 3684 6023 3680 6023 3679 6023 3680 6024 3681 6024 3683 6024 3684 6025 3681 6025 3680 6025 3681 6026 3682 6026 3683 6026 3684 6027 3682 6027 3681 6027 3682 6028 3674 6028 3683 6028 3684 6029 3674 6029 3682 6029 3685 6030 3686 6030 3694 6030 3695 6031 3686 6031 3685 6031 3686 6032 3687 6032 3694 6032 3695 6033 3687 6033 3686 6033 3687 6034 3688 6034 3694 6034 3695 6035 3688 6035 3687 6035 3688 6036 3689 6036 3694 6036 3695 6037 3689 6037 3688 6037 3689 6038 3690 6038 3694 6038 3695 6039 3690 6039 3689 6039 3690 6040 3691 6040 3694 6040 3695 6041 3691 6041 3690 6041 3691 6042 3692 6042 3694 6042 3695 6043 3692 6043 3691 6043 3692 6044 3693 6044 3694 6044 3695 6045 3693 6045 3692 6045 3693 6046 3685 6046 3694 6046 3695 6047 3685 6047 3693 6047 3696 6048 3697 6048 3705 6048 3706 6049 3697 6049 3696 6049 3697 6050 3698 6050 3705 6050 3706 6051 3698 6051 3697 6051 3698 6052 3699 6052 3705 6052 3706 6053 3699 6053 3698 6053 3699 6054 3700 6054 3705 6054 3706 6055 3700 6055 3699 6055 3700 6056 3701 6056 3705 6056 3706 6057 3701 6057 3700 6057 3701 6058 3702 6058 3705 6058 3706 6059 3702 6059 3701 6059 3702 6060 3703 6060 3705 6060 3706 6061 3703 6061 3702 6061 3703 6062 3704 6062 3705 6062 3706 6063 3704 6063 3703 6063 3704 6064 3696 6064 3705 6064 3706 6065 3696 6065 3704 6065 3707 6066 3708 6066 3716 6066 3717 6067 3708 6067 3707 6067 3708 6068 3709 6068 3716 6068 3717 6069 3709 6069 3708 6069 3709 6070 3710 6070 3716 6070 3717 6071 3710 6071 3709 6071 3710 6072 3711 6072 3716 6072 3717 6073 3711 6073 3710 6073 3711 6074 3712 6074 3716 6074 3717 6075 3712 6075 3711 6075 3712 6076 3713 6076 3716 6076 3717 6077 3713 6077 3712 6077 3713 6078 3714 6078 3716 6078 3717 6079 3714 6079 3713 6079 3714 6080 3715 6080 3716 6080 3717 6081 3715 6081 3714 6081 3715 6082 3707 6082 3716 6082 3717 6083 3707 6083 3715 6083 3718 6084 3719 6084 3727 6084 3728 6085 3719 6085 3718 6085 3719 6086 3720 6086 3727 6086 3728 6087 3720 6087 3719 6087 3720 6088 3721 6088 3727 6088 3728 6089 3721 6089 3720 6089 3721 6090 3722 6090 3727 6090 3728 6091 3722 6091 3721 6091 3722 6092 3723 6092 3727 6092 3728 6093 3723 6093 3722 6093 3723 6094 3724 6094 3727 6094 3728 6095 3724 6095 3723 6095 3724 6096 3725 6096 3727 6096 3728 6097 3725 6097 3724 6097 3725 6098 3726 6098 3727 6098 3728 6099 3726 6099 3725 6099 3726 6100 3718 6100 3727 6100 3728 6101 3718 6101 3726 6101 3729 6102 3730 6102 3738 6102 3739 6103 3730 6103 3729 6103 3730 6104 3731 6104 3738 6104 3739 6105 3731 6105 3730 6105 3731 6106 3732 6106 3738 6106 3739 6107 3732 6107 3731 6107 3732 6108 3733 6108 3738 6108 3739 6109 3733 6109 3732 6109 3733 6110 3734 6110 3738 6110 3739 6111 3734 6111 3733 6111 3734 6112 3735 6112 3738 6112 3739 6113 3735 6113 3734 6113 3735 6114 3736 6114 3738 6114 3739 6115 3736 6115 3735 6115 3736 6116 3737 6116 3738 6116 3739 6117 3737 6117 3736 6117 3737 6118 3729 6118 3738 6118 3739 6119 3729 6119 3737 6119 3740 6120 3741 6120 3749 6120 3750 6121 3741 6121 3740 6121 3741 6122 3742 6122 3749 6122 3750 6123 3742 6123 3741 6123 3742 6124 3743 6124 3749 6124 3750 6125 3743 6125 3742 6125 3743 6126 3744 6126 3749 6126 3750 6127 3744 6127 3743 6127 3744 6128 3745 6128 3749 6128 3750 6129 3745 6129 3744 6129 3745 6130 3746 6130 3749 6130 3750 6131 3746 6131 3745 6131 3746 6132 3747 6132 3749 6132 3750 6133 3747 6133 3746 6133 3747 6134 3748 6134 3749 6134 3750 6135 3748 6135 3747 6135 3748 6136 3740 6136 3749 6136 3750 6137 3740 6137 3748 6137 3751 6138 3752 6138 3760 6138 3761 6139 3752 6139 3751 6139 3752 6140 3753 6140 3760 6140 3761 6141 3753 6141 3752 6141 3753 6142 3754 6142 3760 6142 3761 6143 3754 6143 3753 6143 3754 6144 3755 6144 3760 6144 3761 6145 3755 6145 3754 6145 3755 6146 3756 6146 3760 6146 3761 6147 3756 6147 3755 6147 3756 6148 3757 6148 3760 6148 3761 6149 3757 6149 3756 6149 3757 6150 3758 6150 3760 6150 3761 6151 3758 6151 3757 6151 3758 6152 3759 6152 3760 6152 3761 6153 3759 6153 3758 6153 3759 6154 3751 6154 3760 6154 3761 6155 3751 6155 3759 6155 3762 6156 3763 6156 3771 6156 3772 6157 3763 6157 3762 6157 3763 6158 3764 6158 3771 6158 3772 6159 3764 6159 3763 6159 3764 6160 3765 6160 3771 6160 3772 6161 3765 6161 3764 6161 3765 6162 3766 6162 3771 6162 3772 6163 3766 6163 3765 6163 3766 6164 3767 6164 3771 6164 3772 6165 3767 6165 3766 6165 3767 6166 3768 6166 3771 6166 3772 6167 3768 6167 3767 6167 3768 6168 3769 6168 3771 6168 3772 6169 3769 6169 3768 6169 3769 6170 3770 6170 3771 6170 3772 6171 3770 6171 3769 6171 3770 6172 3762 6172 3771 6172 3772 6173 3762 6173 3770 6173 3773 6174 3774 6174 3782 6174 3783 6175 3774 6175 3773 6175 3774 6176 3775 6176 3782 6176 3783 6177 3775 6177 3774 6177 3775 6178 3776 6178 3782 6178 3783 6179 3776 6179 3775 6179 3776 6180 3777 6180 3782 6180 3783 6181 3777 6181 3776 6181 3777 6182 3778 6182 3782 6182 3783 6183 3778 6183 3777 6183 3778 6184 3779 6184 3782 6184 3783 6185 3779 6185 3778 6185 3779 6186 3780 6186 3782 6186 3783 6187 3780 6187 3779 6187 3780 6188 3781 6188 3782 6188 3783 6189 3781 6189 3780 6189 3781 6190 3773 6190 3782 6190 3783 6191 3773 6191 3781 6191 3784 6192 3785 6192 3793 6192 3794 6193 3785 6193 3784 6193 3785 6194 3786 6194 3793 6194 3794 6195 3786 6195 3785 6195 3786 6196 3787 6196 3793 6196 3794 6197 3787 6197 3786 6197 3787 6198 3788 6198 3793 6198 3794 6199 3788 6199 3787 6199 3788 6200 3789 6200 3793 6200 3794 6201 3789 6201 3788 6201 3789 6202 3790 6202 3793 6202 3794 6203 3790 6203 3789 6203 3790 6204 3791 6204 3793 6204 3794 6205 3791 6205 3790 6205 3791 6206 3792 6206 3793 6206 3794 6207 3792 6207 3791 6207 3792 6208 3784 6208 3793 6208 3794 6209 3784 6209 3792 6209 3795 6210 3796 6210 3804 6210 3805 6211 3796 6211 3795 6211 3796 6212 3797 6212 3804 6212 3805 6213 3797 6213 3796 6213 3797 6214 3798 6214 3804 6214 3805 6215 3798 6215 3797 6215 3798 6216 3799 6216 3804 6216 3805 6217 3799 6217 3798 6217 3799 6218 3800 6218 3804 6218 3805 6219 3800 6219 3799 6219 3800 6220 3801 6220 3804 6220 3805 6221 3801 6221 3800 6221 3801 6222 3802 6222 3804 6222 3805 6223 3802 6223 3801 6223 3802 6224 3803 6224 3804 6224 3805 6225 3803 6225 3802 6225 3803 6226 3795 6226 3804 6226 3805 6227 3795 6227 3803 6227 3806 6228 3807 6228 3815 6228 3816 6229 3807 6229 3806 6229 3807 6230 3808 6230 3815 6230 3816 6231 3808 6231 3807 6231 3808 6232 3809 6232 3815 6232 3816 6233 3809 6233 3808 6233 3809 6234 3810 6234 3815 6234 3816 6235 3810 6235 3809 6235 3810 6236 3811 6236 3815 6236 3816 6237 3811 6237 3810 6237 3811 6238 3812 6238 3815 6238 3816 6239 3812 6239 3811 6239 3812 6240 3813 6240 3815 6240 3816 6241 3813 6241 3812 6241 3813 6242 3814 6242 3815 6242 3816 6243 3814 6243 3813 6243 3814 6244 3806 6244 3815 6244 3816 6245 3806 6245 3814 6245 3817 6246 3818 6246 3826 6246 3827 6247 3818 6247 3817 6247 3818 6248 3819 6248 3826 6248 3827 6249 3819 6249 3818 6249 3819 6250 3820 6250 3826 6250 3827 6251 3820 6251 3819 6251 3820 6252 3821 6252 3826 6252 3827 6253 3821 6253 3820 6253 3821 6254 3822 6254 3826 6254 3827 6255 3822 6255 3821 6255 3822 6256 3823 6256 3826 6256 3827 6257 3823 6257 3822 6257 3823 6258 3824 6258 3826 6258 3827 6259 3824 6259 3823 6259 3824 6260 3825 6260 3826 6260 3827 6261 3825 6261 3824 6261 3825 6262 3817 6262 3826 6262 3827 6263 3817 6263 3825 6263 3828 6264 3829 6264 3837 6264 3838 6265 3829 6265 3828 6265 3829 6266 3830 6266 3837 6266 3838 6267 3830 6267 3829 6267 3830 6268 3831 6268 3837 6268 3838 6269 3831 6269 3830 6269 3831 6270 3832 6270 3837 6270 3838 6271 3832 6271 3831 6271 3832 6272 3833 6272 3837 6272 3838 6273 3833 6273 3832 6273 3833 6274 3834 6274 3837 6274 3838 6275 3834 6275 3833 6275 3834 6276 3835 6276 3837 6276 3838 6277 3835 6277 3834 6277 3835 6278 3836 6278 3837 6278 3838 6279 3836 6279 3835 6279 3836 6280 3828 6280 3837 6280 3838 6281 3828 6281 3836 6281 3839 6282 3840 6282 3848 6282 3849 6283 3840 6283 3839 6283 3840 6284 3841 6284 3848 6284 3849 6285 3841 6285 3840 6285 3841 6286 3842 6286 3848 6286 3849 6287 3842 6287 3841 6287 3842 6288 3843 6288 3848 6288 3849 6289 3843 6289 3842 6289 3843 6290 3844 6290 3848 6290 3849 6291 3844 6291 3843 6291 3844 6292 3845 6292 3848 6292 3849 6293 3845 6293 3844 6293 3845 6294 3846 6294 3848 6294 3849 6295 3846 6295 3845 6295 3846 6296 3847 6296 3848 6296 3849 6297 3847 6297 3846 6297 3847 6298 3839 6298 3848 6298 3849 6299 3839 6299 3847 6299 3850 6300 3851 6300 3859 6300 3860 6301 3851 6301 3850 6301 3851 6302 3852 6302 3859 6302 3860 6303 3852 6303 3851 6303 3852 6304 3853 6304 3859 6304 3860 6305 3853 6305 3852 6305 3853 6306 3854 6306 3859 6306 3860 6307 3854 6307 3853 6307 3854 6308 3855 6308 3859 6308 3860 6309 3855 6309 3854 6309 3855 6310 3856 6310 3859 6310 3860 6311 3856 6311 3855 6311 3856 6312 3857 6312 3859 6312 3860 6313 3857 6313 3856 6313 3857 6314 3858 6314 3859 6314 3860 6315 3858 6315 3857 6315 3858 6316 3850 6316 3859 6316 3860 6317 3850 6317 3858 6317 3861 6318 3862 6318 3870 6318 3871 6319 3862 6319 3861 6319 3862 6320 3863 6320 3870 6320 3871 6321 3863 6321 3862 6321 3863 6322 3864 6322 3870 6322 3871 6323 3864 6323 3863 6323 3864 6324 3865 6324 3870 6324 3871 6325 3865 6325 3864 6325 3865 6326 3866 6326 3870 6326 3871 6327 3866 6327 3865 6327 3866 6328 3867 6328 3870 6328 3871 6329 3867 6329 3866 6329 3867 6330 3868 6330 3870 6330 3871 6331 3868 6331 3867 6331 3868 6332 3869 6332 3870 6332 3871 6333 3869 6333 3868 6333 3869 6334 3861 6334 3870 6334 3871 6335 3861 6335 3869 6335 3872 6336 3873 6336 3881 6336 3882 6337 3873 6337 3872 6337 3873 6338 3874 6338 3881 6338 3882 6339 3874 6339 3873 6339 3874 6340 3875 6340 3881 6340 3882 6341 3875 6341 3874 6341 3875 6342 3876 6342 3881 6342 3882 6343 3876 6343 3875 6343 3876 6344 3877 6344 3881 6344 3882 6345 3877 6345 3876 6345 3877 6346 3878 6346 3881 6346 3882 6347 3878 6347 3877 6347 3878 6348 3879 6348 3881 6348 3882 6349 3879 6349 3878 6349 3879 6350 3880 6350 3881 6350 3882 6351 3880 6351 3879 6351 3880 6352 3872 6352 3881 6352 3882 6353 3872 6353 3880 6353 3883 6354 3884 6354 3892 6354 3893 6355 3884 6355 3883 6355 3884 6356 3885 6356 3892 6356 3893 6357 3885 6357 3884 6357 3885 6358 3886 6358 3892 6358 3893 6359 3886 6359 3885 6359 3886 6360 3887 6360 3892 6360 3893 6361 3887 6361 3886 6361 3887 6362 3888 6362 3892 6362 3893 6363 3888 6363 3887 6363 3888 6364 3889 6364 3892 6364 3893 6365 3889 6365 3888 6365 3889 6366 3890 6366 3892 6366 3893 6367 3890 6367 3889 6367 3890 6368 3891 6368 3892 6368 3893 6369 3891 6369 3890 6369 3891 6370 3883 6370 3892 6370 3893 6371 3883 6371 3891 6371 3894 6372 3895 6372 3903 6372 3904 6373 3895 6373 3894 6373 3895 6374 3896 6374 3903 6374 3904 6375 3896 6375 3895 6375 3896 6376 3897 6376 3903 6376 3904 6377 3897 6377 3896 6377 3897 6378 3898 6378 3903 6378 3904 6379 3898 6379 3897 6379 3898 6380 3899 6380 3903 6380 3904 6381 3899 6381 3898 6381 3899 6382 3900 6382 3903 6382 3904 6383 3900 6383 3899 6383 3900 6384 3901 6384 3903 6384 3904 6385 3901 6385 3900 6385 3901 6386 3902 6386 3903 6386 3904 6387 3902 6387 3901 6387 3902 6388 3894 6388 3903 6388 3904 6389 3894 6389 3902 6389 3905 6390 3906 6390 3914 6390 3915 6391 3906 6391 3905 6391 3906 6392 3907 6392 3914 6392 3915 6393 3907 6393 3906 6393 3907 6394 3908 6394 3914 6394 3915 6395 3908 6395 3907 6395 3908 6396 3909 6396 3914 6396 3915 6397 3909 6397 3908 6397 3909 6398 3910 6398 3914 6398 3915 6399 3910 6399 3909 6399 3910 6400 3911 6400 3914 6400 3915 6401 3911 6401 3910 6401 3911 6402 3912 6402 3914 6402 3915 6403 3912 6403 3911 6403 3912 6404 3913 6404 3914 6404 3915 6405 3913 6405 3912 6405 3913 6406 3905 6406 3914 6406 3915 6407 3905 6407 3913 6407 3916 6408 3917 6408 3925 6408 3926 6409 3917 6409 3916 6409 3917 6410 3918 6410 3925 6410 3926 6411 3918 6411 3917 6411 3918 6412 3919 6412 3925 6412 3926 6413 3919 6413 3918 6413 3919 6414 3920 6414 3925 6414 3926 6415 3920 6415 3919 6415 3920 6416 3921 6416 3925 6416 3926 6417 3921 6417 3920 6417 3921 6418 3922 6418 3925 6418 3926 6419 3922 6419 3921 6419 3922 6420 3923 6420 3925 6420 3926 6421 3923 6421 3922 6421 3923 6422 3924 6422 3925 6422 3926 6423 3924 6423 3923 6423 3924 6424 3916 6424 3925 6424 3926 6425 3916 6425 3924 6425 3927 6426 3928 6426 3936 6426 3937 6427 3928 6427 3927 6427 3928 6428 3929 6428 3936 6428 3937 6429 3929 6429 3928 6429 3929 6430 3930 6430 3936 6430 3937 6431 3930 6431 3929 6431 3930 6432 3931 6432 3936 6432 3937 6433 3931 6433 3930 6433 3931 6434 3932 6434 3936 6434 3937 6435 3932 6435 3931 6435 3932 6436 3933 6436 3936 6436 3937 6437 3933 6437 3932 6437 3933 6438 3934 6438 3936 6438 3937 6439 3934 6439 3933 6439 3934 6440 3935 6440 3936 6440 3937 6441 3935 6441 3934 6441 3935 6442 3927 6442 3936 6442 3937 6443 3927 6443 3935 6443 3938 6444 3939 6444 3947 6444 3948 6445 3939 6445 3938 6445 3939 6446 3940 6446 3947 6446 3948 6447 3940 6447 3939 6447 3940 6448 3941 6448 3947 6448 3948 6449 3941 6449 3940 6449 3941 6450 3942 6450 3947 6450 3948 6451 3942 6451 3941 6451 3942 6452 3943 6452 3947 6452 3948 6453 3943 6453 3942 6453 3943 6454 3944 6454 3947 6454 3948 6455 3944 6455 3943 6455 3944 6456 3945 6456 3947 6456 3948 6457 3945 6457 3944 6457 3945 6458 3946 6458 3947 6458 3948 6459 3946 6459 3945 6459 3946 6460 3938 6460 3947 6460 3948 6461 3938 6461 3946 6461 3949 6462 3950 6462 3958 6462 3959 6463 3950 6463 3949 6463 3950 6464 3951 6464 3958 6464 3959 6465 3951 6465 3950 6465 3951 6466 3952 6466 3958 6466 3959 6467 3952 6467 3951 6467 3952 6468 3953 6468 3958 6468 3959 6469 3953 6469 3952 6469 3953 6470 3954 6470 3958 6470 3959 6471 3954 6471 3953 6471 3954 6472 3955 6472 3958 6472 3959 6473 3955 6473 3954 6473 3955 6474 3956 6474 3958 6474 3959 6475 3956 6475 3955 6475 3956 6476 3957 6476 3958 6476 3959 6477 3957 6477 3956 6477 3957 6478 3949 6478 3958 6478 3959 6479 3949 6479 3957 6479 3960 6480 3961 6480 3969 6480 3970 6481 3961 6481 3960 6481 3961 6482 3962 6482 3969 6482 3970 6483 3962 6483 3961 6483 3962 6484 3963 6484 3969 6484 3970 6485 3963 6485 3962 6485 3963 6486 3964 6486 3969 6486 3970 6487 3964 6487 3963 6487 3964 6488 3965 6488 3969 6488 3970 6489 3965 6489 3964 6489 3965 6490 3966 6490 3969 6490 3970 6491 3966 6491 3965 6491 3966 6492 3967 6492 3969 6492 3970 6493 3967 6493 3966 6493 3967 6494 3968 6494 3969 6494 3970 6495 3968 6495 3967 6495 3968 6496 3960 6496 3969 6496 3970 6497 3960 6497 3968 6497 3971 6498 3972 6498 3980 6498 3981 6499 3972 6499 3971 6499 3972 6500 3973 6500 3980 6500 3981 6501 3973 6501 3972 6501 3973 6502 3974 6502 3980 6502 3981 6503 3974 6503 3973 6503 3974 6504 3975 6504 3980 6504 3981 6505 3975 6505 3974 6505 3975 6506 3976 6506 3980 6506 3981 6507 3976 6507 3975 6507 3976 6508 3977 6508 3980 6508 3981 6509 3977 6509 3976 6509 3977 6510 3978 6510 3980 6510 3981 6511 3978 6511 3977 6511 3978 6512 3979 6512 3980 6512 3981 6513 3979 6513 3978 6513 3979 6514 3971 6514 3980 6514 3981 6515 3971 6515 3979 6515 3982 6516 3983 6516 3991 6516 3992 6517 3983 6517 3982 6517 3983 6518 3984 6518 3991 6518 3992 6519 3984 6519 3983 6519 3984 6520 3985 6520 3991 6520 3992 6521 3985 6521 3984 6521 3985 6522 3986 6522 3991 6522 3992 6523 3986 6523 3985 6523 3986 6524 3987 6524 3991 6524 3992 6525 3987 6525 3986 6525 3987 6526 3988 6526 3991 6526 3992 6527 3988 6527 3987 6527 3988 6528 3989 6528 3991 6528 3992 6529 3989 6529 3988 6529 3989 6530 3990 6530 3991 6530 3992 6531 3990 6531 3989 6531 3990 6532 3982 6532 3991 6532 3992 6533 3982 6533 3990 6533 3993 6534 3994 6534 4002 6534 4003 6535 3994 6535 3993 6535 3994 6536 3995 6536 4002 6536 4003 6537 3995 6537 3994 6537 3995 6538 3996 6538 4002 6538 4003 6539 3996 6539 3995 6539 3996 6540 3997 6540 4002 6540 4003 6541 3997 6541 3996 6541 3997 6542 3998 6542 4002 6542 4003 6543 3998 6543 3997 6543 3998 6544 3999 6544 4002 6544 4003 6545 3999 6545 3998 6545 3999 6546 4000 6546 4002 6546 4003 6547 4000 6547 3999 6547 4000 6548 4001 6548 4002 6548 4003 6549 4001 6549 4000 6549 4001 6550 3993 6550 4002 6550 4003 6551 3993 6551 4001 6551 4004 6552 4005 6552 4013 6552 4014 6553 4005 6553 4004 6553 4005 6554 4006 6554 4013 6554 4014 6555 4006 6555 4005 6555 4006 6556 4007 6556 4013 6556 4014 6557 4007 6557 4006 6557 4007 6558 4008 6558 4013 6558 4014 6559 4008 6559 4007 6559 4008 6560 4009 6560 4013 6560 4014 6561 4009 6561 4008 6561 4009 6562 4010 6562 4013 6562 4014 6563 4010 6563 4009 6563 4010 6564 4011 6564 4013 6564 4014 6565 4011 6565 4010 6565 4011 6566 4012 6566 4013 6566 4014 6567 4012 6567 4011 6567 4012 6568 4004 6568 4013 6568 4014 6569 4004 6569 4012 6569 4015 6570 4016 6570 4024 6570 4025 6571 4016 6571 4015 6571 4016 6572 4017 6572 4024 6572 4025 6573 4017 6573 4016 6573 4017 6574 4018 6574 4024 6574 4025 6575 4018 6575 4017 6575 4018 6576 4019 6576 4024 6576 4025 6577 4019 6577 4018 6577 4019 6578 4020 6578 4024 6578 4025 6579 4020 6579 4019 6579 4020 6580 4021 6580 4024 6580 4025 6581 4021 6581 4020 6581 4021 6582 4022 6582 4024 6582 4025 6583 4022 6583 4021 6583 4022 6584 4023 6584 4024 6584 4025 6585 4023 6585 4022 6585 4023 6586 4015 6586 4024 6586 4025 6587 4015 6587 4023 6587 4026 6588 4027 6588 4035 6588 4036 6589 4027 6589 4026 6589 4027 6590 4028 6590 4035 6590 4036 6591 4028 6591 4027 6591 4028 6592 4029 6592 4035 6592 4036 6593 4029 6593 4028 6593 4029 6594 4030 6594 4035 6594 4036 6595 4030 6595 4029 6595 4030 6596 4031 6596 4035 6596 4036 6597 4031 6597 4030 6597 4031 6598 4032 6598 4035 6598 4036 6599 4032 6599 4031 6599 4032 6600 4033 6600 4035 6600 4036 6601 4033 6601 4032 6601 4033 6602 4034 6602 4035 6602 4036 6603 4034 6603 4033 6603 4034 6604 4026 6604 4035 6604 4036 6605 4026 6605 4034 6605 4037 6606 4038 6606 4046 6606 4047 6607 4038 6607 4037 6607 4038 6608 4039 6608 4046 6608 4047 6609 4039 6609 4038 6609 4039 6610 4040 6610 4046 6610 4047 6611 4040 6611 4039 6611 4040 6612 4041 6612 4046 6612 4047 6613 4041 6613 4040 6613 4041 6614 4042 6614 4046 6614 4047 6615 4042 6615 4041 6615 4042 6616 4043 6616 4046 6616 4047 6617 4043 6617 4042 6617 4043 6618 4044 6618 4046 6618 4047 6619 4044 6619 4043 6619 4044 6620 4045 6620 4046 6620 4047 6621 4045 6621 4044 6621 4045 6622 4037 6622 4046 6622 4047 6623 4037 6623 4045 6623 4048 6624 4049 6624 4057 6624 4058 6625 4049 6625 4048 6625 4049 6626 4050 6626 4057 6626 4058 6627 4050 6627 4049 6627 4050 6628 4051 6628 4057 6628 4058 6629 4051 6629 4050 6629 4051 6630 4052 6630 4057 6630 4058 6631 4052 6631 4051 6631 4052 6632 4053 6632 4057 6632 4058 6633 4053 6633 4052 6633 4053 6634 4054 6634 4057 6634 4058 6635 4054 6635 4053 6635 4054 6636 4055 6636 4057 6636 4058 6637 4055 6637 4054 6637 4055 6638 4056 6638 4057 6638 4058 6639 4056 6639 4055 6639 4056 6640 4048 6640 4057 6640 4058 6641 4048 6641 4056 6641 4059 6642 4060 6642 4068 6642 4069 6643 4060 6643 4059 6643 4060 6644 4061 6644 4068 6644 4069 6645 4061 6645 4060 6645 4061 6646 4062 6646 4068 6646 4069 6647 4062 6647 4061 6647 4062 6648 4063 6648 4068 6648 4069 6649 4063 6649 4062 6649 4063 6650 4064 6650 4068 6650 4069 6651 4064 6651 4063 6651 4064 6652 4065 6652 4068 6652 4069 6653 4065 6653 4064 6653 4065 6654 4066 6654 4068 6654 4069 6655 4066 6655 4065 6655 4066 6656 4067 6656 4068 6656 4069 6657 4067 6657 4066 6657 4067 6658 4059 6658 4068 6658 4069 6659 4059 6659 4067 6659 4070 6660 4071 6660 4079 6660 4080 6661 4071 6661 4070 6661 4071 6662 4072 6662 4079 6662 4080 6663 4072 6663 4071 6663 4072 6664 4073 6664 4079 6664 4080 6665 4073 6665 4072 6665 4073 6666 4074 6666 4079 6666 4080 6667 4074 6667 4073 6667 4074 6668 4075 6668 4079 6668 4080 6669 4075 6669 4074 6669 4075 6670 4076 6670 4079 6670 4080 6671 4076 6671 4075 6671 4076 6672 4077 6672 4079 6672 4080 6673 4077 6673 4076 6673 4077 6674 4078 6674 4079 6674 4080 6675 4078 6675 4077 6675 4078 6676 4070 6676 4079 6676 4080 6677 4070 6677 4078 6677 4081 6678 4082 6678 4090 6678 4091 6679 4082 6679 4081 6679 4082 6680 4083 6680 4090 6680 4091 6681 4083 6681 4082 6681 4083 6682 4084 6682 4090 6682 4091 6683 4084 6683 4083 6683 4084 6684 4085 6684 4090 6684 4091 6685 4085 6685 4084 6685 4085 6686 4086 6686 4090 6686 4091 6687 4086 6687 4085 6687 4086 6688 4087 6688 4090 6688 4091 6689 4087 6689 4086 6689 4087 6690 4088 6690 4090 6690 4091 6691 4088 6691 4087 6691 4088 6692 4089 6692 4090 6692 4091 6693 4089 6693 4088 6693 4089 6694 4081 6694 4090 6694 4091 6695 4081 6695 4089 6695 4092 6696 4093 6696 4101 6696 4102 6697 4093 6697 4092 6697 4093 6698 4094 6698 4101 6698 4102 6699 4094 6699 4093 6699 4094 6700 4095 6700 4101 6700 4102 6701 4095 6701 4094 6701 4095 6702 4096 6702 4101 6702 4102 6703 4096 6703 4095 6703 4096 6704 4097 6704 4101 6704 4102 6705 4097 6705 4096 6705 4097 6706 4098 6706 4101 6706 4102 6707 4098 6707 4097 6707 4098 6708 4099 6708 4101 6708 4102 6709 4099 6709 4098 6709 4099 6710 4100 6710 4101 6710 4102 6711 4100 6711 4099 6711 4100 6712 4092 6712 4101 6712 4102 6713 4092 6713 4100 6713 4103 6714 4104 6714 4112 6714 4113 6715 4104 6715 4103 6715 4104 6716 4105 6716 4112 6716 4113 6717 4105 6717 4104 6717 4105 6718 4106 6718 4112 6718 4113 6719 4106 6719 4105 6719 4106 6720 4107 6720 4112 6720 4113 6721 4107 6721 4106 6721 4107 6722 4108 6722 4112 6722 4113 6723 4108 6723 4107 6723 4108 6724 4109 6724 4112 6724 4113 6725 4109 6725 4108 6725 4109 6726 4110 6726 4112 6726 4113 6727 4110 6727 4109 6727 4110 6728 4111 6728 4112 6728 4113 6729 4111 6729 4110 6729 4111 6730 4103 6730 4112 6730 4113 6731 4103 6731 4111 6731 4114 6732 4115 6732 4123 6732 4124 6733 4115 6733 4114 6733 4115 6734 4116 6734 4123 6734 4124 6735 4116 6735 4115 6735 4116 6736 4117 6736 4123 6736 4124 6737 4117 6737 4116 6737 4117 6738 4118 6738 4123 6738 4124 6739 4118 6739 4117 6739 4118 6740 4119 6740 4123 6740 4124 6741 4119 6741 4118 6741 4119 6742 4120 6742 4123 6742 4124 6743 4120 6743 4119 6743 4120 6744 4121 6744 4123 6744 4124 6745 4121 6745 4120 6745 4121 6746 4122 6746 4123 6746 4124 6747 4122 6747 4121 6747 4122 6748 4114 6748 4123 6748 4124 6749 4114 6749 4122 6749 4125 6750 4126 6750 4134 6750 4135 6751 4126 6751 4125 6751 4126 6752 4127 6752 4134 6752 4135 6753 4127 6753 4126 6753 4127 6754 4128 6754 4134 6754 4135 6755 4128 6755 4127 6755 4128 6756 4129 6756 4134 6756 4135 6757 4129 6757 4128 6757 4129 6758 4130 6758 4134 6758 4135 6759 4130 6759 4129 6759 4130 6760 4131 6760 4134 6760 4135 6761 4131 6761 4130 6761 4131 6762 4132 6762 4134 6762 4135 6763 4132 6763 4131 6763 4132 6764 4133 6764 4134 6764 4135 6765 4133 6765 4132 6765 4133 6766 4125 6766 4134 6766 4135 6767 4125 6767 4133 6767 4136 6768 4137 6768 4145 6768 4146 6769 4137 6769 4136 6769 4137 6770 4138 6770 4145 6770 4146 6771 4138 6771 4137 6771 4138 6772 4139 6772 4145 6772 4146 6773 4139 6773 4138 6773 4139 6774 4140 6774 4145 6774 4146 6775 4140 6775 4139 6775 4140 6776 4141 6776 4145 6776 4146 6777 4141 6777 4140 6777 4141 6778 4142 6778 4145 6778 4146 6779 4142 6779 4141 6779 4142 6780 4143 6780 4145 6780 4146 6781 4143 6781 4142 6781 4143 6782 4144 6782 4145 6782 4146 6783 4144 6783 4143 6783 4144 6784 4136 6784 4145 6784 4146 6785 4136 6785 4144 6785 4147 6786 4148 6786 4156 6786 4157 6787 4148 6787 4147 6787 4148 6788 4149 6788 4156 6788 4157 6789 4149 6789 4148 6789 4149 6790 4150 6790 4156 6790 4157 6791 4150 6791 4149 6791 4150 6792 4151 6792 4156 6792 4157 6793 4151 6793 4150 6793 4151 6794 4152 6794 4156 6794 4157 6795 4152 6795 4151 6795 4152 6796 4153 6796 4156 6796 4157 6797 4153 6797 4152 6797 4153 6798 4154 6798 4156 6798 4157 6799 4154 6799 4153 6799 4154 6800 4155 6800 4156 6800 4157 6801 4155 6801 4154 6801 4155 6802 4147 6802 4156 6802 4157 6803 4147 6803 4155 6803 4158 6804 4159 6804 4167 6804 4168 6805 4159 6805 4158 6805 4159 6806 4160 6806 4167 6806 4168 6807 4160 6807 4159 6807 4160 6808 4161 6808 4167 6808 4168 6809 4161 6809 4160 6809 4161 6810 4162 6810 4167 6810 4168 6811 4162 6811 4161 6811 4162 6812 4163 6812 4167 6812 4168 6813 4163 6813 4162 6813 4163 6814 4164 6814 4167 6814 4168 6815 4164 6815 4163 6815 4164 6816 4165 6816 4167 6816 4168 6817 4165 6817 4164 6817 4165 6818 4166 6818 4167 6818 4168 6819 4166 6819 4165 6819 4166 6820 4158 6820 4167 6820 4168 6821 4158 6821 4166 6821 4169 6822 4170 6822 4178 6822 4179 6823 4170 6823 4169 6823 4170 6824 4171 6824 4178 6824 4179 6825 4171 6825 4170 6825 4171 6826 4172 6826 4178 6826 4179 6827 4172 6827 4171 6827 4172 6828 4173 6828 4178 6828 4179 6829 4173 6829 4172 6829 4173 6830 4174 6830 4178 6830 4179 6831 4174 6831 4173 6831 4174 6832 4175 6832 4178 6832 4179 6833 4175 6833 4174 6833 4175 6834 4176 6834 4178 6834 4179 6835 4176 6835 4175 6835 4176 6836 4177 6836 4178 6836 4179 6837 4177 6837 4176 6837 4177 6838 4169 6838 4178 6838 4179 6839 4169 6839 4177 6839 4180 6840 4181 6840 4189 6840 4190 6841 4181 6841 4180 6841 4181 6842 4182 6842 4189 6842 4190 6843 4182 6843 4181 6843 4182 6844 4183 6844 4189 6844 4190 6845 4183 6845 4182 6845 4183 6846 4184 6846 4189 6846 4190 6847 4184 6847 4183 6847 4184 6848 4185 6848 4189 6848 4190 6849 4185 6849 4184 6849 4185 6850 4186 6850 4189 6850 4190 6851 4186 6851 4185 6851 4186 6852 4187 6852 4189 6852 4190 6853 4187 6853 4186 6853 4187 6854 4188 6854 4189 6854 4190 6855 4188 6855 4187 6855 4188 6856 4180 6856 4189 6856 4190 6857 4180 6857 4188 6857 4191 6858 4192 6858 4200 6858 4201 6859 4192 6859 4191 6859 4192 6860 4193 6860 4200 6860 4201 6861 4193 6861 4192 6861 4193 6862 4194 6862 4200 6862 4201 6863 4194 6863 4193 6863 4194 6864 4195 6864 4200 6864 4201 6865 4195 6865 4194 6865 4195 6866 4196 6866 4200 6866 4201 6867 4196 6867 4195 6867 4196 6868 4197 6868 4200 6868 4201 6869 4197 6869 4196 6869 4197 6870 4198 6870 4200 6870 4201 6871 4198 6871 4197 6871 4198 6872 4199 6872 4200 6872 4201 6873 4199 6873 4198 6873 4199 6874 4191 6874 4200 6874 4201 6875 4191 6875 4199 6875 4202 6876 4203 6876 4211 6876 4212 6877 4203 6877 4202 6877 4203 6878 4204 6878 4211 6878 4212 6879 4204 6879 4203 6879 4204 6880 4205 6880 4211 6880 4212 6881 4205 6881 4204 6881 4205 6882 4206 6882 4211 6882 4212 6883 4206 6883 4205 6883 4206 6884 4207 6884 4211 6884 4212 6885 4207 6885 4206 6885 4207 6886 4208 6886 4211 6886 4212 6887 4208 6887 4207 6887 4208 6888 4209 6888 4211 6888 4212 6889 4209 6889 4208 6889 4209 6890 4210 6890 4211 6890 4212 6891 4210 6891 4209 6891 4210 6892 4202 6892 4211 6892 4212 6893 4202 6893 4210 6893 4213 6894 4214 6894 4222 6894 4223 6895 4214 6895 4213 6895 4214 6896 4215 6896 4222 6896 4223 6897 4215 6897 4214 6897 4215 6898 4216 6898 4222 6898 4223 6899 4216 6899 4215 6899 4216 6900 4217 6900 4222 6900 4223 6901 4217 6901 4216 6901 4217 6902 4218 6902 4222 6902 4223 6903 4218 6903 4217 6903 4218 6904 4219 6904 4222 6904 4223 6905 4219 6905 4218 6905 4219 6906 4220 6906 4222 6906 4223 6907 4220 6907 4219 6907 4220 6908 4221 6908 4222 6908 4223 6909 4221 6909 4220 6909 4221 6910 4213 6910 4222 6910 4223 6911 4213 6911 4221 6911 4224 6912 4225 6912 4233 6912 4234 6913 4225 6913 4224 6913 4225 6914 4226 6914 4233 6914 4234 6915 4226 6915 4225 6915 4226 6916 4227 6916 4233 6916 4234 6917 4227 6917 4226 6917 4227 6918 4228 6918 4233 6918 4234 6919 4228 6919 4227 6919 4228 6920 4229 6920 4233 6920 4234 6921 4229 6921 4228 6921 4229 6922 4230 6922 4233 6922 4234 6923 4230 6923 4229 6923 4230 6924 4231 6924 4233 6924 4234 6925 4231 6925 4230 6925 4231 6926 4232 6926 4233 6926 4234 6927 4232 6927 4231 6927 4232 6928 4224 6928 4233 6928 4234 6929 4224 6929 4232 6929 4235 6930 4236 6930 4244 6930 4245 6931 4236 6931 4235 6931 4236 6932 4237 6932 4244 6932 4245 6933 4237 6933 4236 6933 4237 6934 4238 6934 4244 6934 4245 6935 4238 6935 4237 6935 4238 6936 4239 6936 4244 6936 4245 6937 4239 6937 4238 6937 4239 6938 4240 6938 4244 6938 4245 6939 4240 6939 4239 6939 4240 6940 4241 6940 4244 6940 4245 6941 4241 6941 4240 6941 4241 6942 4242 6942 4244 6942 4245 6943 4242 6943 4241 6943 4242 6944 4243 6944 4244 6944 4245 6945 4243 6945 4242 6945 4243 6946 4235 6946 4244 6946 4245 6947 4235 6947 4243 6947 4246 6948 4247 6948 4255 6948 4256 6949 4247 6949 4246 6949 4247 6950 4248 6950 4255 6950 4256 6951 4248 6951 4247 6951 4248 6952 4249 6952 4255 6952 4256 6953 4249 6953 4248 6953 4249 6954 4250 6954 4255 6954 4256 6955 4250 6955 4249 6955 4250 6956 4251 6956 4255 6956 4256 6957 4251 6957 4250 6957 4251 6958 4252 6958 4255 6958 4256 6959 4252 6959 4251 6959 4252 6960 4253 6960 4255 6960 4256 6961 4253 6961 4252 6961 4253 6962 4254 6962 4255 6962 4256 6963 4254 6963 4253 6963 4254 6964 4246 6964 4255 6964 4256 6965 4246 6965 4254 6965 4257 6966 4258 6966 4266 6966 4267 6967 4258 6967 4257 6967 4258 6968 4259 6968 4266 6968 4267 6969 4259 6969 4258 6969 4259 6970 4260 6970 4266 6970 4267 6971 4260 6971 4259 6971 4260 6972 4261 6972 4266 6972 4267 6973 4261 6973 4260 6973 4261 6974 4262 6974 4266 6974 4267 6975 4262 6975 4261 6975 4262 6976 4263 6976 4266 6976 4267 6977 4263 6977 4262 6977 4263 6978 4264 6978 4266 6978 4267 6979 4264 6979 4263 6979 4264 6980 4265 6980 4266 6980 4267 6981 4265 6981 4264 6981 4265 6982 4257 6982 4266 6982 4267 6983 4257 6983 4265 6983 4268 6984 4269 6984 4277 6984 4278 6985 4269 6985 4268 6985 4269 6986 4270 6986 4277 6986 4278 6987 4270 6987 4269 6987 4270 6988 4271 6988 4277 6988 4278 6989 4271 6989 4270 6989 4271 6990 4272 6990 4277 6990 4278 6991 4272 6991 4271 6991 4272 6992 4273 6992 4277 6992 4278 6993 4273 6993 4272 6993 4273 6994 4274 6994 4277 6994 4278 6995 4274 6995 4273 6995 4274 6996 4275 6996 4277 6996 4278 6997 4275 6997 4274 6997 4275 6998 4276 6998 4277 6998 4278 6999 4276 6999 4275 6999 4276 7000 4268 7000 4277 7000 4278 7001 4268 7001 4276 7001 4279 7002 4280 7002 4288 7002 4289 7003 4280 7003 4279 7003 4280 7004 4281 7004 4288 7004 4289 7005 4281 7005 4280 7005 4281 7006 4282 7006 4288 7006 4289 7007 4282 7007 4281 7007 4282 7008 4283 7008 4288 7008 4289 7009 4283 7009 4282 7009 4283 7010 4284 7010 4288 7010 4289 7011 4284 7011 4283 7011 4284 7012 4285 7012 4288 7012 4289 7013 4285 7013 4284 7013 4285 7014 4286 7014 4288 7014 4289 7015 4286 7015 4285 7015 4286 7016 4287 7016 4288 7016 4289 7017 4287 7017 4286 7017 4287 7018 4279 7018 4288 7018 4289 7019 4279 7019 4287 7019 4290 7020 4291 7020 4299 7020 4300 7021 4291 7021 4290 7021 4291 7022 4292 7022 4299 7022 4300 7023 4292 7023 4291 7023 4292 7024 4293 7024 4299 7024 4300 7025 4293 7025 4292 7025 4293 7026 4294 7026 4299 7026 4300 7027 4294 7027 4293 7027 4294 7028 4295 7028 4299 7028 4300 7029 4295 7029 4294 7029 4295 7030 4296 7030 4299 7030 4300 7031 4296 7031 4295 7031 4296 7032 4297 7032 4299 7032 4300 7033 4297 7033 4296 7033 4297 7034 4298 7034 4299 7034 4300 7035 4298 7035 4297 7035 4298 7036 4290 7036 4299 7036 4300 7037 4290 7037 4298 7037 4301 7038 4302 7038 4310 7038 4311 7039 4302 7039 4301 7039 4302 7040 4303 7040 4310 7040 4311 7041 4303 7041 4302 7041 4303 7042 4304 7042 4310 7042 4311 7043 4304 7043 4303 7043 4304 7044 4305 7044 4310 7044 4311 7045 4305 7045 4304 7045 4305 7046 4306 7046 4310 7046 4311 7047 4306 7047 4305 7047 4306 7048 4307 7048 4310 7048 4311 7049 4307 7049 4306 7049 4307 7050 4308 7050 4310 7050 4311 7051 4308 7051 4307 7051 4308 7052 4309 7052 4310 7052 4311 7053 4309 7053 4308 7053 4309 7054 4301 7054 4310 7054 4311 7055 4301 7055 4309 7055 4312 7056 4313 7056 4321 7056 4322 7057 4313 7057 4312 7057 4313 7058 4314 7058 4321 7058 4322 7059 4314 7059 4313 7059 4314 7060 4315 7060 4321 7060 4322 7061 4315 7061 4314 7061 4315 7062 4316 7062 4321 7062 4322 7063 4316 7063 4315 7063 4316 7064 4317 7064 4321 7064 4322 7065 4317 7065 4316 7065 4317 7066 4318 7066 4321 7066 4322 7067 4318 7067 4317 7067 4318 7068 4319 7068 4321 7068 4322 7069 4319 7069 4318 7069 4319 7070 4320 7070 4321 7070 4322 7071 4320 7071 4319 7071 4320 7072 4312 7072 4321 7072 4322 7073 4312 7073 4320 7073 4323 7074 4324 7074 4332 7074 4333 7075 4324 7075 4323 7075 4324 7076 4325 7076 4332 7076 4333 7077 4325 7077 4324 7077 4325 7078 4326 7078 4332 7078 4333 7079 4326 7079 4325 7079 4326 7080 4327 7080 4332 7080 4333 7081 4327 7081 4326 7081 4327 7082 4328 7082 4332 7082 4333 7083 4328 7083 4327 7083 4328 7084 4329 7084 4332 7084 4333 7085 4329 7085 4328 7085 4329 7086 4330 7086 4332 7086 4333 7087 4330 7087 4329 7087 4330 7088 4331 7088 4332 7088 4333 7089 4331 7089 4330 7089 4331 7090 4323 7090 4332 7090 4333 7091 4323 7091 4331 7091 4334 7092 4335 7092 4343 7092 4344 7093 4335 7093 4334 7093 4335 7094 4336 7094 4343 7094 4344 7095 4336 7095 4335 7095 4336 7096 4337 7096 4343 7096 4344 7097 4337 7097 4336 7097 4337 7098 4338 7098 4343 7098 4344 7099 4338 7099 4337 7099 4338 7100 4339 7100 4343 7100 4344 7101 4339 7101 4338 7101 4339 7102 4340 7102 4343 7102 4344 7103 4340 7103 4339 7103 4340 7104 4341 7104 4343 7104 4344 7105 4341 7105 4340 7105 4341 7106 4342 7106 4343 7106 4344 7107 4342 7107 4341 7107 4342 7108 4334 7108 4343 7108 4344 7109 4334 7109 4342 7109 4345 7110 4346 7110 4354 7110 4355 7111 4346 7111 4345 7111 4346 7112 4347 7112 4354 7112 4355 7113 4347 7113 4346 7113 4347 7114 4348 7114 4354 7114 4355 7115 4348 7115 4347 7115 4348 7116 4349 7116 4354 7116 4355 7117 4349 7117 4348 7117 4349 7118 4350 7118 4354 7118 4355 7119 4350 7119 4349 7119 4350 7120 4351 7120 4354 7120 4355 7121 4351 7121 4350 7121 4351 7122 4352 7122 4354 7122 4355 7123 4352 7123 4351 7123 4352 7124 4353 7124 4354 7124 4355 7125 4353 7125 4352 7125 4353 7126 4345 7126 4354 7126 4355 7127 4345 7127 4353 7127 4356 7128 4357 7128 4365 7128 4366 7129 4357 7129 4356 7129 4357 7130 4358 7130 4365 7130 4366 7131 4358 7131 4357 7131 4358 7132 4359 7132 4365 7132 4366 7133 4359 7133 4358 7133 4359 7134 4360 7134 4365 7134 4366 7135 4360 7135 4359 7135 4360 7136 4361 7136 4365 7136 4366 7137 4361 7137 4360 7137 4361 7138 4362 7138 4365 7138 4366 7139 4362 7139 4361 7139 4362 7140 4363 7140 4365 7140 4366 7141 4363 7141 4362 7141 4363 7142 4364 7142 4365 7142 4366 7143 4364 7143 4363 7143 4364 7144 4356 7144 4365 7144 4366 7145 4356 7145 4364 7145 4367 7146 4368 7146 4376 7146 4377 7147 4368 7147 4367 7147 4368 7148 4369 7148 4376 7148 4377 7149 4369 7149 4368 7149 4369 7150 4370 7150 4376 7150 4377 7151 4370 7151 4369 7151 4370 7152 4371 7152 4376 7152 4377 7153 4371 7153 4370 7153 4371 7154 4372 7154 4376 7154 4377 7155 4372 7155 4371 7155 4372 7156 4373 7156 4376 7156 4377 7157 4373 7157 4372 7157 4373 7158 4374 7158 4376 7158 4377 7159 4374 7159 4373 7159 4374 7160 4375 7160 4376 7160 4377 7161 4375 7161 4374 7161 4375 7162 4367 7162 4376 7162 4377 7163 4367 7163 4375 7163 4378 7164 4379 7164 4387 7164 4388 7165 4379 7165 4378 7165 4379 7166 4380 7166 4387 7166 4388 7167 4380 7167 4379 7167 4380 7168 4381 7168 4387 7168 4388 7169 4381 7169 4380 7169 4381 7170 4382 7170 4387 7170 4388 7171 4382 7171 4381 7171 4382 7172 4383 7172 4387 7172 4388 7173 4383 7173 4382 7173 4383 7174 4384 7174 4387 7174 4388 7175 4384 7175 4383 7175 4384 7176 4385 7176 4387 7176 4388 7177 4385 7177 4384 7177 4385 7178 4386 7178 4387 7178 4388 7179 4386 7179 4385 7179 4386 7180 4378 7180 4387 7180 4388 7181 4378 7181 4386 7181 4389 7182 4390 7182 4398 7182 4399 7183 4390 7183 4389 7183 4390 7184 4391 7184 4398 7184 4399 7185 4391 7185 4390 7185 4391 7186 4392 7186 4398 7186 4399 7187 4392 7187 4391 7187 4392 7188 4393 7188 4398 7188 4399 7189 4393 7189 4392 7189 4393 7190 4394 7190 4398 7190 4399 7191 4394 7191 4393 7191 4394 7192 4395 7192 4398 7192 4399 7193 4395 7193 4394 7193 4395 7194 4396 7194 4398 7194 4399 7195 4396 7195 4395 7195 4396 7196 4397 7196 4398 7196 4399 7197 4397 7197 4396 7197 4397 7198 4389 7198 4398 7198 4399 7199 4389 7199 4397 7199 4400 7200 4401 7200 4409 7200 4410 7201 4401 7201 4400 7201 4401 7202 4402 7202 4409 7202 4410 7203 4402 7203 4401 7203 4402 7204 4403 7204 4409 7204 4410 7205 4403 7205 4402 7205 4403 7206 4404 7206 4409 7206 4410 7207 4404 7207 4403 7207 4404 7208 4405 7208 4409 7208 4410 7209 4405 7209 4404 7209 4405 7210 4406 7210 4409 7210 4410 7211 4406 7211 4405 7211 4406 7212 4407 7212 4409 7212 4410 7213 4407 7213 4406 7213 4407 7214 4408 7214 4409 7214 4410 7215 4408 7215 4407 7215 4408 7216 4400 7216 4409 7216 4410 7217 4400 7217 4408 7217 4411 7218 4412 7218 4420 7218 4421 7219 4412 7219 4411 7219 4412 7220 4413 7220 4420 7220 4421 7221 4413 7221 4412 7221 4413 7222 4414 7222 4420 7222 4421 7223 4414 7223 4413 7223 4414 7224 4415 7224 4420 7224 4421 7225 4415 7225 4414 7225 4415 7226 4416 7226 4420 7226 4421 7227 4416 7227 4415 7227 4416 7228 4417 7228 4420 7228 4421 7229 4417 7229 4416 7229 4417 7230 4418 7230 4420 7230 4421 7231 4418 7231 4417 7231 4418 7232 4419 7232 4420 7232 4421 7233 4419 7233 4418 7233 4419 7234 4411 7234 4420 7234 4421 7235 4411 7235 4419 7235 4422 7236 4423 7236 4431 7236 4432 7237 4423 7237 4422 7237 4423 7238 4424 7238 4431 7238 4432 7239 4424 7239 4423 7239 4424 7240 4425 7240 4431 7240 4432 7241 4425 7241 4424 7241 4425 7242 4426 7242 4431 7242 4432 7243 4426 7243 4425 7243 4426 7244 4427 7244 4431 7244 4432 7245 4427 7245 4426 7245 4427 7246 4428 7246 4431 7246 4432 7247 4428 7247 4427 7247 4428 7248 4429 7248 4431 7248 4432 7249 4429 7249 4428 7249 4429 7250 4430 7250 4431 7250 4432 7251 4430 7251 4429 7251 4430 7252 4422 7252 4431 7252 4432 7253 4422 7253 4430 7253 4433 7254 4434 7254 4442 7254 4443 7255 4434 7255 4433 7255 4434 7256 4435 7256 4442 7256 4443 7257 4435 7257 4434 7257 4435 7258 4436 7258 4442 7258 4443 7259 4436 7259 4435 7259 4436 7260 4437 7260 4442 7260 4443 7261 4437 7261 4436 7261 4437 7262 4438 7262 4442 7262 4443 7263 4438 7263 4437 7263 4438 7264 4439 7264 4442 7264 4443 7265 4439 7265 4438 7265 4439 7266 4440 7266 4442 7266 4443 7267 4440 7267 4439 7267 4440 7268 4441 7268 4442 7268 4443 7269 4441 7269 4440 7269 4441 7270 4433 7270 4442 7270 4443 7271 4433 7271 4441 7271 4444 7272 4445 7272 4453 7272 4454 7273 4445 7273 4444 7273 4445 7274 4446 7274 4453 7274 4454 7275 4446 7275 4445 7275 4446 7276 4447 7276 4453 7276 4454 7277 4447 7277 4446 7277 4447 7278 4448 7278 4453 7278 4454 7279 4448 7279 4447 7279 4448 7280 4449 7280 4453 7280 4454 7281 4449 7281 4448 7281 4449 7282 4450 7282 4453 7282 4454 7283 4450 7283 4449 7283 4450 7284 4451 7284 4453 7284 4454 7285 4451 7285 4450 7285 4451 7286 4452 7286 4453 7286 4454 7287 4452 7287 4451 7287 4452 7288 4444 7288 4453 7288 4454 7289 4444 7289 4452 7289 4455 7290 4456 7290 4464 7290 4465 7291 4456 7291 4455 7291 4456 7292 4457 7292 4464 7292 4465 7293 4457 7293 4456 7293 4457 7294 4458 7294 4464 7294 4465 7295 4458 7295 4457 7295 4458 7296 4459 7296 4464 7296 4465 7297 4459 7297 4458 7297 4459 7298 4460 7298 4464 7298 4465 7299 4460 7299 4459 7299 4460 7300 4461 7300 4464 7300 4465 7301 4461 7301 4460 7301 4461 7302 4462 7302 4464 7302 4465 7303 4462 7303 4461 7303 4462 7304 4463 7304 4464 7304 4465 7305 4463 7305 4462 7305 4463 7306 4455 7306 4464 7306 4465 7307 4455 7307 4463 7307 4466 7308 4467 7308 4475 7308 4476 7309 4467 7309 4466 7309 4467 7310 4468 7310 4475 7310 4476 7311 4468 7311 4467 7311 4468 7312 4469 7312 4475 7312 4476 7313 4469 7313 4468 7313 4469 7314 4470 7314 4475 7314 4476 7315 4470 7315 4469 7315 4470 7316 4471 7316 4475 7316 4476 7317 4471 7317 4470 7317 4471 7318 4472 7318 4475 7318 4476 7319 4472 7319 4471 7319 4472 7320 4473 7320 4475 7320 4476 7321 4473 7321 4472 7321 4473 7322 4474 7322 4475 7322 4476 7323 4474 7323 4473 7323 4474 7324 4466 7324 4475 7324 4476 7325 4466 7325 4474 7325 4477 7326 4478 7326 4486 7326 4487 7327 4478 7327 4477 7327 4478 7328 4479 7328 4486 7328 4487 7329 4479 7329 4478 7329 4479 7330 4480 7330 4486 7330 4487 7331 4480 7331 4479 7331 4480 7332 4481 7332 4486 7332 4487 7333 4481 7333 4480 7333 4481 7334 4482 7334 4486 7334 4487 7335 4482 7335 4481 7335 4482 7336 4483 7336 4486 7336 4487 7337 4483 7337 4482 7337 4483 7338 4484 7338 4486 7338 4487 7339 4484 7339 4483 7339 4484 7340 4485 7340 4486 7340 4487 7341 4485 7341 4484 7341 4485 7342 4477 7342 4486 7342 4487 7343 4477 7343 4485 7343 4488 7344 4489 7344 4497 7344 4498 7345 4489 7345 4488 7345 4489 7346 4490 7346 4497 7346 4498 7347 4490 7347 4489 7347 4490 7348 4491 7348 4497 7348 4498 7349 4491 7349 4490 7349 4491 7350 4492 7350 4497 7350 4498 7351 4492 7351 4491 7351 4492 7352 4493 7352 4497 7352 4498 7353 4493 7353 4492 7353 4493 7354 4494 7354 4497 7354 4498 7355 4494 7355 4493 7355 4494 7356 4495 7356 4497 7356 4498 7357 4495 7357 4494 7357 4495 7358 4496 7358 4497 7358 4498 7359 4496 7359 4495 7359 4496 7360 4488 7360 4497 7360 4498 7361 4488 7361 4496 7361 4499 7362 4500 7362 4508 7362 4509 7363 4500 7363 4499 7363 4500 7364 4501 7364 4508 7364 4509 7365 4501 7365 4500 7365 4501 7366 4502 7366 4508 7366 4509 7367 4502 7367 4501 7367 4502 7368 4503 7368 4508 7368 4509 7369 4503 7369 4502 7369 4503 7370 4504 7370 4508 7370 4509 7371 4504 7371 4503 7371 4504 7372 4505 7372 4508 7372 4509 7373 4505 7373 4504 7373 4505 7374 4506 7374 4508 7374 4509 7375 4506 7375 4505 7375 4506 7376 4507 7376 4508 7376 4509 7377 4507 7377 4506 7377 4507 7378 4499 7378 4508 7378 4509 7379 4499 7379 4507 7379 4510 7380 4511 7380 4519 7380 4520 7381 4511 7381 4510 7381 4511 7382 4512 7382 4519 7382 4520 7383 4512 7383 4511 7383 4512 7384 4513 7384 4519 7384 4520 7385 4513 7385 4512 7385 4513 7386 4514 7386 4519 7386 4520 7387 4514 7387 4513 7387 4514 7388 4515 7388 4519 7388 4520 7389 4515 7389 4514 7389 4515 7390 4516 7390 4519 7390 4520 7391 4516 7391 4515 7391 4516 7392 4517 7392 4519 7392 4520 7393 4517 7393 4516 7393 4517 7394 4518 7394 4519 7394 4520 7395 4518 7395 4517 7395 4518 7396 4510 7396 4519 7396 4520 7397 4510 7397 4518 7397 4521 7398 4522 7398 4530 7398 4531 7399 4522 7399 4521 7399 4522 7400 4523 7400 4530 7400 4531 7401 4523 7401 4522 7401 4523 7402 4524 7402 4530 7402 4531 7403 4524 7403 4523 7403 4524 7404 4525 7404 4530 7404 4531 7405 4525 7405 4524 7405 4525 7406 4526 7406 4530 7406 4531 7407 4526 7407 4525 7407 4526 7408 4527 7408 4530 7408 4531 7409 4527 7409 4526 7409 4527 7410 4528 7410 4530 7410 4531 7411 4528 7411 4527 7411 4528 7412 4529 7412 4530 7412 4531 7413 4529 7413 4528 7413 4529 7414 4521 7414 4530 7414 4531 7415 4521 7415 4529 7415 4532 7416 4533 7416 4541 7416 4542 7417 4533 7417 4532 7417 4533 7418 4534 7418 4541 7418 4542 7419 4534 7419 4533 7419 4534 7420 4535 7420 4541 7420 4542 7421 4535 7421 4534 7421 4535 7422 4536 7422 4541 7422 4542 7423 4536 7423 4535 7423 4536 7424 4537 7424 4541 7424 4542 7425 4537 7425 4536 7425 4537 7426 4538 7426 4541 7426 4542 7427 4538 7427 4537 7427 4538 7428 4539 7428 4541 7428 4542 7429 4539 7429 4538 7429 4539 7430 4540 7430 4541 7430 4542 7431 4540 7431 4539 7431 4540 7432 4532 7432 4541 7432 4542 7433 4532 7433 4540 7433 4543 7434 4544 7434 4552 7434 4553 7435 4544 7435 4543 7435 4544 7436 4545 7436 4552 7436 4553 7437 4545 7437 4544 7437 4545 7438 4546 7438 4552 7438 4553 7439 4546 7439 4545 7439 4546 7440 4547 7440 4552 7440 4553 7441 4547 7441 4546 7441 4547 7442 4548 7442 4552 7442 4553 7443 4548 7443 4547 7443 4548 7444 4549 7444 4552 7444 4553 7445 4549 7445 4548 7445 4549 7446 4550 7446 4552 7446 4553 7447 4550 7447 4549 7447 4550 7448 4551 7448 4552 7448 4553 7449 4551 7449 4550 7449 4551 7450 4543 7450 4552 7450 4553 7451 4543 7451 4551 7451 4554 7452 4555 7452 4563 7452 4564 7453 4555 7453 4554 7453 4555 7454 4556 7454 4563 7454 4564 7455 4556 7455 4555 7455 4556 7456 4557 7456 4563 7456 4564 7457 4557 7457 4556 7457 4557 7458 4558 7458 4563 7458 4564 7459 4558 7459 4557 7459 4558 7460 4559 7460 4563 7460 4564 7461 4559 7461 4558 7461 4559 7462 4560 7462 4563 7462 4564 7463 4560 7463 4559 7463 4560 7464 4561 7464 4563 7464 4564 7465 4561 7465 4560 7465 4561 7466 4562 7466 4563 7466 4564 7467 4562 7467 4561 7467 4562 7468 4554 7468 4563 7468 4564 7469 4554 7469 4562 7469 4565 7470 4566 7470 4574 7470 4575 7471 4566 7471 4565 7471 4566 7472 4567 7472 4574 7472 4575 7473 4567 7473 4566 7473 4567 7474 4568 7474 4574 7474 4575 7475 4568 7475 4567 7475 4568 7476 4569 7476 4574 7476 4575 7477 4569 7477 4568 7477 4569 7478 4570 7478 4574 7478 4575 7479 4570 7479 4569 7479 4570 7480 4571 7480 4574 7480 4575 7481 4571 7481 4570 7481 4571 7482 4572 7482 4574 7482 4575 7483 4572 7483 4571 7483 4572 7484 4573 7484 4574 7484 4575 7485 4573 7485 4572 7485 4573 7486 4565 7486 4574 7486 4575 7487 4565 7487 4573 7487 4576 7488 4577 7488 4585 7488 4586 7489 4577 7489 4576 7489 4577 7490 4578 7490 4585 7490 4586 7491 4578 7491 4577 7491 4578 7492 4579 7492 4585 7492 4586 7493 4579 7493 4578 7493 4579 7494 4580 7494 4585 7494 4586 7495 4580 7495 4579 7495 4580 7496 4581 7496 4585 7496 4586 7497 4581 7497 4580 7497 4581 7498 4582 7498 4585 7498 4586 7499 4582 7499 4581 7499 4582 7500 4583 7500 4585 7500 4586 7501 4583 7501 4582 7501 4583 7502 4584 7502 4585 7502 4586 7503 4584 7503 4583 7503 4584 7504 4576 7504 4585 7504 4586 7505 4576 7505 4584 7505 4587 7506 4588 7506 4596 7506 4597 7507 4588 7507 4587 7507 4588 7508 4589 7508 4596 7508 4597 7509 4589 7509 4588 7509 4589 7510 4590 7510 4596 7510 4597 7511 4590 7511 4589 7511 4590 7512 4591 7512 4596 7512 4597 7513 4591 7513 4590 7513 4591 7514 4592 7514 4596 7514 4597 7515 4592 7515 4591 7515 4592 7516 4593 7516 4596 7516 4597 7517 4593 7517 4592 7517 4593 7518 4594 7518 4596 7518 4597 7519 4594 7519 4593 7519 4594 7520 4595 7520 4596 7520 4597 7521 4595 7521 4594 7521 4595 7522 4587 7522 4596 7522 4597 7523 4587 7523 4595 7523 4598 7524 4599 7524 4607 7524 4608 7525 4599 7525 4598 7525 4599 7526 4600 7526 4607 7526 4608 7527 4600 7527 4599 7527 4600 7528 4601 7528 4607 7528 4608 7529 4601 7529 4600 7529 4601 7530 4602 7530 4607 7530 4608 7531 4602 7531 4601 7531 4602 7532 4603 7532 4607 7532 4608 7533 4603 7533 4602 7533 4603 7534 4604 7534 4607 7534 4608 7535 4604 7535 4603 7535 4604 7536 4605 7536 4607 7536 4608 7537 4605 7537 4604 7537 4605 7538 4606 7538 4607 7538 4608 7539 4606 7539 4605 7539 4606 7540 4598 7540 4607 7540 4608 7541 4598 7541 4606 7541 4609 7542 4610 7542 4618 7542 4619 7543 4610 7543 4609 7543 4610 7544 4611 7544 4618 7544 4619 7545 4611 7545 4610 7545 4611 7546 4612 7546 4618 7546 4619 7547 4612 7547 4611 7547 4612 7548 4613 7548 4618 7548 4619 7549 4613 7549 4612 7549 4613 7550 4614 7550 4618 7550 4619 7551 4614 7551 4613 7551 4614 7552 4615 7552 4618 7552 4619 7553 4615 7553 4614 7553 4615 7554 4616 7554 4618 7554 4619 7555 4616 7555 4615 7555 4616 7556 4617 7556 4618 7556 4619 7557 4617 7557 4616 7557 4617 7558 4609 7558 4618 7558 4619 7559 4609 7559 4617 7559 4620 7560 4621 7560 4629 7560 4630 7561 4621 7561 4620 7561 4621 7562 4622 7562 4629 7562 4630 7563 4622 7563 4621 7563 4622 7564 4623 7564 4629 7564 4630 7565 4623 7565 4622 7565 4623 7566 4624 7566 4629 7566 4630 7567 4624 7567 4623 7567 4624 7568 4625 7568 4629 7568 4630 7569 4625 7569 4624 7569 4625 7570 4626 7570 4629 7570 4630 7571 4626 7571 4625 7571 4626 7572 4627 7572 4629 7572 4630 7573 4627 7573 4626 7573 4627 7574 4628 7574 4629 7574 4630 7575 4628 7575 4627 7575 4628 7576 4620 7576 4629 7576 4630 7577 4620 7577 4628 7577 4631 7578 4632 7578 4640 7578 4641 7579 4632 7579 4631 7579 4632 7580 4633 7580 4640 7580 4641 7581 4633 7581 4632 7581 4633 7582 4634 7582 4640 7582 4641 7583 4634 7583 4633 7583 4634 7584 4635 7584 4640 7584 4641 7585 4635 7585 4634 7585 4635 7586 4636 7586 4640 7586 4641 7587 4636 7587 4635 7587 4636 7588 4637 7588 4640 7588 4641 7589 4637 7589 4636 7589 4637 7590 4638 7590 4640 7590 4641 7591 4638 7591 4637 7591 4638 7592 4639 7592 4640 7592 4641 7593 4639 7593 4638 7593 4639 7594 4631 7594 4640 7594 4641 7595 4631 7595 4639 7595 4642 7596 4643 7596 4651 7596 4652 7597 4643 7597 4642 7597 4643 7598 4644 7598 4651 7598 4652 7599 4644 7599 4643 7599 4644 7600 4645 7600 4651 7600 4652 7601 4645 7601 4644 7601 4645 7602 4646 7602 4651 7602 4652 7603 4646 7603 4645 7603 4646 7604 4647 7604 4651 7604 4652 7605 4647 7605 4646 7605 4647 7606 4648 7606 4651 7606 4652 7607 4648 7607 4647 7607 4648 7608 4649 7608 4651 7608 4652 7609 4649 7609 4648 7609 4649 7610 4650 7610 4651 7610 4652 7611 4650 7611 4649 7611 4650 7612 4642 7612 4651 7612 4652 7613 4642 7613 4650 7613 4653 7614 4654 7614 4662 7614 4663 7615 4654 7615 4653 7615 4654 7616 4655 7616 4662 7616 4663 7617 4655 7617 4654 7617 4655 7618 4656 7618 4662 7618 4663 7619 4656 7619 4655 7619 4656 7620 4657 7620 4662 7620 4663 7621 4657 7621 4656 7621 4657 7622 4658 7622 4662 7622 4663 7623 4658 7623 4657 7623 4658 7624 4659 7624 4662 7624 4663 7625 4659 7625 4658 7625 4659 7626 4660 7626 4662 7626 4663 7627 4660 7627 4659 7627 4660 7628 4661 7628 4662 7628 4663 7629 4661 7629 4660 7629 4661 7630 4653 7630 4662 7630 4663 7631 4653 7631 4661 7631 4664 7632 4665 7632 4673 7632 4674 7633 4665 7633 4664 7633 4665 7634 4666 7634 4673 7634 4674 7635 4666 7635 4665 7635 4666 7636 4667 7636 4673 7636 4674 7637 4667 7637 4666 7637 4667 7638 4668 7638 4673 7638 4674 7639 4668 7639 4667 7639 4668 7640 4669 7640 4673 7640 4674 7641 4669 7641 4668 7641 4669 7642 4670 7642 4673 7642 4674 7643 4670 7643 4669 7643 4670 7644 4671 7644 4673 7644 4674 7645 4671 7645 4670 7645 4671 7646 4672 7646 4673 7646 4674 7647 4672 7647 4671 7647 4672 7648 4664 7648 4673 7648 4674 7649 4664 7649 4672 7649 4675 7650 4676 7650 4684 7650 4685 7651 4676 7651 4675 7651 4676 7652 4677 7652 4684 7652 4685 7653 4677 7653 4676 7653 4677 7654 4678 7654 4684 7654 4685 7655 4678 7655 4677 7655 4678 7656 4679 7656 4684 7656 4685 7657 4679 7657 4678 7657 4679 7658 4680 7658 4684 7658 4685 7659 4680 7659 4679 7659 4680 7660 4681 7660 4684 7660 4685 7661 4681 7661 4680 7661 4681 7662 4682 7662 4684 7662 4685 7663 4682 7663 4681 7663 4682 7664 4683 7664 4684 7664 4685 7665 4683 7665 4682 7665 4683 7666 4675 7666 4684 7666 4685 7667 4675 7667 4683 7667 4686 7668 4687 7668 4695 7668 4696 7669 4687 7669 4686 7669 4687 7670 4688 7670 4695 7670 4696 7671 4688 7671 4687 7671 4688 7672 4689 7672 4695 7672 4696 7673 4689 7673 4688 7673 4689 7674 4690 7674 4695 7674 4696 7675 4690 7675 4689 7675 4690 7676 4691 7676 4695 7676 4696 7677 4691 7677 4690 7677 4691 7678 4692 7678 4695 7678 4696 7679 4692 7679 4691 7679 4692 7680 4693 7680 4695 7680 4696 7681 4693 7681 4692 7681 4693 7682 4694 7682 4695 7682 4696 7683 4694 7683 4693 7683 4694 7684 4686 7684 4695 7684 4696 7685 4686 7685 4694 7685 4697 7686 4698 7686 4706 7686 4707 7687 4698 7687 4697 7687 4698 7688 4699 7688 4706 7688 4707 7689 4699 7689 4698 7689 4699 7690 4700 7690 4706 7690 4707 7691 4700 7691 4699 7691 4700 7692 4701 7692 4706 7692 4707 7693 4701 7693 4700 7693 4701 7694 4702 7694 4706 7694 4707 7695 4702 7695 4701 7695 4702 7696 4703 7696 4706 7696 4707 7697 4703 7697 4702 7697 4703 7698 4704 7698 4706 7698 4707 7699 4704 7699 4703 7699 4704 7700 4705 7700 4706 7700 4707 7701 4705 7701 4704 7701 4705 7702 4697 7702 4706 7702 4707 7703 4697 7703 4705 7703 4708 7704 4709 7704 4717 7704 4718 7705 4709 7705 4708 7705 4709 7706 4710 7706 4717 7706 4718 7707 4710 7707 4709 7707 4710 7708 4711 7708 4717 7708 4718 7709 4711 7709 4710 7709 4711 7710 4712 7710 4717 7710 4718 7711 4712 7711 4711 7711 4712 7712 4713 7712 4717 7712 4718 7713 4713 7713 4712 7713 4713 7714 4714 7714 4717 7714 4718 7715 4714 7715 4713 7715 4714 7716 4715 7716 4717 7716 4718 7717 4715 7717 4714 7717 4715 7718 4716 7718 4717 7718 4718 7719 4716 7719 4715 7719 4716 7720 4708 7720 4717 7720 4718 7721 4708 7721 4716 7721 4719 7722 4720 7722 4728 7722 4729 7723 4720 7723 4719 7723 4720 7724 4721 7724 4728 7724 4729 7725 4721 7725 4720 7725 4721 7726 4722 7726 4728 7726 4729 7727 4722 7727 4721 7727 4722 7728 4723 7728 4728 7728 4729 7729 4723 7729 4722 7729 4723 7730 4724 7730 4728 7730 4729 7731 4724 7731 4723 7731 4724 7732 4725 7732 4728 7732 4729 7733 4725 7733 4724 7733 4725 7734 4726 7734 4728 7734 4729 7735 4726 7735 4725 7735 4726 7736 4727 7736 4728 7736 4729 7737 4727 7737 4726 7737 4727 7738 4719 7738 4728 7738 4729 7739 4719 7739 4727 7739 4730 7740 4731 7740 4739 7740 4740 7741 4731 7741 4730 7741 4731 7742 4732 7742 4739 7742 4740 7743 4732 7743 4731 7743 4732 7744 4733 7744 4739 7744 4740 7745 4733 7745 4732 7745 4733 7746 4734 7746 4739 7746 4740 7747 4734 7747 4733 7747 4734 7748 4735 7748 4739 7748 4740 7749 4735 7749 4734 7749 4735 7750 4736 7750 4739 7750 4740 7751 4736 7751 4735 7751 4736 7752 4737 7752 4739 7752 4740 7753 4737 7753 4736 7753 4737 7754 4738 7754 4739 7754 4740 7755 4738 7755 4737 7755 4738 7756 4730 7756 4739 7756 4740 7757 4730 7757 4738 7757 4741 7758 4742 7758 4750 7758 4751 7759 4742 7759 4741 7759 4742 7760 4743 7760 4750 7760 4751 7761 4743 7761 4742 7761 4743 7762 4744 7762 4750 7762 4751 7763 4744 7763 4743 7763 4744 7764 4745 7764 4750 7764 4751 7765 4745 7765 4744 7765 4745 7766 4746 7766 4750 7766 4751 7767 4746 7767 4745 7767 4746 7768 4747 7768 4750 7768 4751 7769 4747 7769 4746 7769 4747 7770 4748 7770 4750 7770 4751 7771 4748 7771 4747 7771 4748 7772 4749 7772 4750 7772 4751 7773 4749 7773 4748 7773 4749 7774 4741 7774 4750 7774 4751 7775 4741 7775 4749 7775 4752 7776 4753 7776 4761 7776 4762 7777 4753 7777 4752 7777 4753 7778 4754 7778 4761 7778 4762 7779 4754 7779 4753 7779 4754 7780 4755 7780 4761 7780 4762 7781 4755 7781 4754 7781 4755 7782 4756 7782 4761 7782 4762 7783 4756 7783 4755 7783 4756 7784 4757 7784 4761 7784 4762 7785 4757 7785 4756 7785 4757 7786 4758 7786 4761 7786 4762 7787 4758 7787 4757 7787 4758 7788 4759 7788 4761 7788 4762 7789 4759 7789 4758 7789 4759 7790 4760 7790 4761 7790 4762 7791 4760 7791 4759 7791 4760 7792 4752 7792 4761 7792 4762 7793 4752 7793 4760 7793 4763 7794 4764 7794 4772 7794 4773 7795 4764 7795 4763 7795 4764 7796 4765 7796 4772 7796 4773 7797 4765 7797 4764 7797 4765 7798 4766 7798 4772 7798 4773 7799 4766 7799 4765 7799 4766 7800 4767 7800 4772 7800 4773 7801 4767 7801 4766 7801 4767 7802 4768 7802 4772 7802 4773 7803 4768 7803 4767 7803 4768 7804 4769 7804 4772 7804 4773 7805 4769 7805 4768 7805 4769 7806 4770 7806 4772 7806 4773 7807 4770 7807 4769 7807 4770 7808 4771 7808 4772 7808 4773 7809 4771 7809 4770 7809 4771 7810 4763 7810 4772 7810 4773 7811 4763 7811 4771 7811 4774 7812 4775 7812 4783 7812 4784 7813 4775 7813 4774 7813 4775 7814 4776 7814 4783 7814 4784 7815 4776 7815 4775 7815 4776 7816 4777 7816 4783 7816 4784 7817 4777 7817 4776 7817 4777 7818 4778 7818 4783 7818 4784 7819 4778 7819 4777 7819 4778 7820 4779 7820 4783 7820 4784 7821 4779 7821 4778 7821 4779 7822 4780 7822 4783 7822 4784 7823 4780 7823 4779 7823 4780 7824 4781 7824 4783 7824 4784 7825 4781 7825 4780 7825 4781 7826 4782 7826 4783 7826 4784 7827 4782 7827 4781 7827 4782 7828 4774 7828 4783 7828 4784 7829 4774 7829 4782 7829 4785 7830 4786 7830 4794 7830 4795 7831 4786 7831 4785 7831 4786 7832 4787 7832 4794 7832 4795 7833 4787 7833 4786 7833 4787 7834 4788 7834 4794 7834 4795 7835 4788 7835 4787 7835 4788 7836 4789 7836 4794 7836 4795 7837 4789 7837 4788 7837 4789 7838 4790 7838 4794 7838 4795 7839 4790 7839 4789 7839 4790 7840 4791 7840 4794 7840 4795 7841 4791 7841 4790 7841 4791 7842 4792 7842 4794 7842 4795 7843 4792 7843 4791 7843 4792 7844 4793 7844 4794 7844 4795 7845 4793 7845 4792 7845 4793 7846 4785 7846 4794 7846 4795 7847 4785 7847 4793 7847 4796 7848 4797 7848 4805 7848 4806 7849 4797 7849 4796 7849 4797 7850 4798 7850 4805 7850 4806 7851 4798 7851 4797 7851 4798 7852 4799 7852 4805 7852 4806 7853 4799 7853 4798 7853 4799 7854 4800 7854 4805 7854 4806 7855 4800 7855 4799 7855 4800 7856 4801 7856 4805 7856 4806 7857 4801 7857 4800 7857 4801 7858 4802 7858 4805 7858 4806 7859 4802 7859 4801 7859 4802 7860 4803 7860 4805 7860 4806 7861 4803 7861 4802 7861 4803 7862 4804 7862 4805 7862 4806 7863 4804 7863 4803 7863 4804 7864 4796 7864 4805 7864 4806 7865 4796 7865 4804 7865</p></triangles>
</mesh></geometry></library_geometries><library_visual_scenes><visual_scene id="Scene"><node id="mesh"><instance_geometry url="#geometry"/></node></visual_scene></library_visual_scenes><scene><instance_visual_scene url="#Scene"/></scene></COLLADA>