<?xml version="1.0" encoding="UTF-8"?>
<COLLADA xmlns="http://www.collada.org/2005/11/COLLADASchema" version="1.4.1">
<asset><contributor><authoring_tool>Summit Estate procedural mesh exporter</authoring_tool></contributor><created>2026-09-11T00:00:00Z</created><modified>2026-09-11T00:00:00Z</modified><unit name="meter" meter="1"/><up_axis>Z_UP</up_axis></asset>
<library_geometries><geometry id="geometry" name="geometry"><mesh>
<source id="positions"><float_array id="positions-array" count="15015">-318.06830 -447.67456 35.16986 -317.05674 -447.11567 35.16986 -316.75687 -445.52423 35.16986 -317.45341 -444.26585 35.16986 -318.52065 -443.37362 35.16986 -320.14911 -443.66065 35.16986 -321.09156 -444.88498 35.16986 -321.09178 -446.62041 35.16986 -320.01430 -447.87536 35.16986 -318.85731 -445.68531 42.97650 -318.85731 -445.68531 35.16986 -285.45494 -366.80252 36.04510 -287.01670 -367.25475 36.04510 -288.35500 -368.86919 36.04510 -288.23526 -370.97515 36.04510 -286.80907 -371.95866 36.04510 -284.90113 -372.42785 36.04510 -283.56958 -371.17150 36.04510 -283.13080 -369.64238 36.04510 -283.84248 -367.96941 36.04510 -285.63224 -369.70407 45.24930 -285.63224 -369.70407 36.04510 -399.30019 -304.24254 47.38958 -398.47496 -303.09780 47.38958 -398.77856 -301.42620 47.38958 -399.91006 -300.73980 47.38958 -401.53527 -300.74383 47.38958 -402.34657 -301.74162 47.38958 -402.97204 -303.03446 47.38958 -402.00741 -304.39132 47.38958 -400.75074 -304.79966 47.38958 -400.69884 -302.67265 55.89399 -400.69884 -302.67265 47.38958 -275.41229 -281.50462 43.79217 -274.42118 -283.12180 43.79217 -272.54731 -283.24496 43.79217 -270.98174 -282.22034 43.79217 -270.36232 -280.76085 43.79217 -271.13948 -279.07894 43.79217 -272.67530 -277.97960 43.79217 -274.38212 -278.31409 43.79217 -275.51162 -279.86246 43.79217 -273.04183 -280.66148 51.62466 -273.04183 -280.66148 43.79217 -482.94683 -325.90292 30.89578 -483.82816 -327.20947 30.89578 -483.35329 -328.96830 30.89578 -482.18050 -329.76083 30.89578 -480.24408 -329.69477 30.89578 -479.30409 -328.43819 30.89578 -478.98284 -327.04984 30.89578 -480.20434 -325.78037 30.89578 -481.33358 -325.39891 30.89578 -481.36492 -327.50903 41.33632 -481.36492 -327.50903 30.89578 -372.58499 -316.48220 47.20485 -373.22515 -315.18655 47.20485 -374.21105 -313.92984 47.20485 -375.91442 -313.92536 47.20485 -377.20196 -315.13466 47.20485 -377.45700 -316.57105 47.20485 -376.43055 -318.23279 47.20485 -375.20327 -318.83382 47.20485 -373.70883 -318.12420 47.20485 -375.10127 -316.25169 55.97035 -375.10127 -316.25169 47.20485 -447.68764 -390.25951 28.41432 -449.04605 -391.27838 28.41432 -449.79767 -392.66562 28.41432 -449.25252 -394.35459 28.41432 -448.14304 -394.98720 28.41432 -446.53561 -395.07362 28.41432 -445.18605 -393.76672 28.41432 -445.27778 -392.21430 28.41432 -446.08829 -390.64675 28.41432 -447.41218 -392.76514 33.90366 -447.41218 -392.76514 28.41432 -423.22621 -428.32253 26.67683 -424.72859 -425.90192 26.67683 -426.77401 -425.23360 26.67683 -429.22674 -425.70714 26.67683 -430.84392 -427.86472 26.67683 -430.28348 -430.37222 26.67683 -428.40185 -432.14953 26.67683 -425.81790 -432.20454 26.67683 -423.95403 -430.91331 26.67683 -427.09151 -428.71736 32.35614 -427.09151 -428.71736 26.67683 -351.79049 -252.15418 45.91243 -352.85339 -253.10548 45.91243 -353.07397 -253.96576 45.91243 -352.80525 -255.37607 45.91243 -351.77811 -255.68660 45.91243 -350.51879 -255.56242 45.91243 -349.62392 -254.62748 45.91243 -349.43752 -253.49837 45.91243 -350.55182 -252.67908 45.91243 -351.32575 -254.06847 51.47340 -351.32575 -254.06847 45.91243 -290.18379 -408.92696 36.28542 -289.83420 -410.99143 36.28542 -288.04060 -412.52187 36.28542 -285.72479 -412.34600 36.28542 -284.42390 -410.74652 36.28542 -284.09376 -408.44771 36.28542 -285.44212 -406.97014 36.28542 -287.30928 -405.95797 36.28542 -289.22352 -407.16879 36.28542 -287.13865 -409.37191 43.43003 -287.13865 -409.37191 36.28542 -453.31326 -273.45546 43.24694 -454.37372 -275.24271 43.24694 -454.18495 -277.49038 43.24694 -452.36065 -278.47255 43.24694 -450.22865 -278.59062 43.24694 -448.88898 -277.12781 43.24694 -448.37975 -275.22050 43.24694 -449.53429 -273.53078 43.24694 -451.32797 -272.46348 43.24694 -451.38064 -275.70892 51.52215 -451.38064 -275.70892 43.24694 -255.19011 -454.17172 37.97472 -254.52962 -452.95194 37.97472 -255.24977 -451.35068 37.97472 -256.31357 -450.49565 37.97472 -257.91586 -450.66547 37.97472 -258.96707 -451.99379 37.97472 -259.15570 -453.52544 37.97472 -258.07229 -454.64062 37.97472 -256.81348 -455.25377 37.97472 -256.95829 -452.77128 45.79758 -256.95829 -452.77128 37.97472 -316.73703 -441.56366 28.84542 -313.80502 -442.01193 28.84542 -311.71588 -440.23589 28.84542 -310.98316 -437.57422 28.84542 -312.26735 -435.10741 28.84542 -314.50481 -433.77330 28.84542 -317.43801 -434.47814 28.84542 -318.90383 -436.68223 28.84542 -318.74205 -439.46665 28.84542 -315.04282 -437.88938 34.56192 -315.04282 -437.88938 28.84542 -470.03532 -412.65005 32.28835 -471.39599 -411.98329 32.28835 -472.74586 -411.90375 32.28835 -473.69325 -412.69902 32.28835 -473.82235 -413.78328 32.28835 -473.32574 -415.06036 32.28835 -471.89255 -415.70421 32.28835 -470.57830 -415.16927 32.28835 -470.00737 -414.33757 32.28835 -471.95650 -413.70195 39.25866 -471.95650 -413.70195 32.28835 -361.90127 -432.01647 22.99449 -363.56563 -430.16840 22.99449 -366.41514 -429.24016 22.99449 -368.82862 -430.67522 22.99449 -370.01644 -433.49189 22.99449 -369.05067 -435.92774 22.99449 -366.51572 -437.30999 22.99449 -364.10828 -436.89910 22.99449 -361.96563 -435.12032 22.99449 -365.90557 -433.47477 33.91527 -365.90557 -433.47477 22.99449 -285.65446 -481.86163 26.74452 -285.40517 -483.85845 26.74452 -283.60253 -485.50429 26.74452 -282.03300 -485.59457 26.74452 -280.38530 -484.39161 26.74452 -280.02750 -482.15331 26.74452 -280.99682 -480.71924 26.74452 -282.77143 -479.97107 26.74452 -284.62554 -480.40525 26.74452 -282.71024 -482.66173 35.23843 -282.71024 -482.66173 26.74452 -486.97020 -263.26336 38.91336 -484.34725 -261.44127 38.91336 -483.74319 -258.45339 38.91336 -484.94294 -255.84545 38.91336 -487.72265 -254.71781 38.91336 -490.77305 -255.31964 38.91336 -492.07154 -258.00140 38.91336 -492.17466 -260.95405 38.91336 -489.68939 -262.71763 38.91336 -488.05565 -258.90165 50.00872 -488.05565 -258.90165 38.91336 -374.17277 -293.82582 42.11666 -372.13850 -293.91205 42.11666 -370.44235 -292.94731 42.11666 -369.65122 -290.60032 42.11666 -370.73672 -288.68276 42.11666 -372.86889 -288.08632 42.11666 -374.73248 -288.52342 42.11666 -375.70990 -290.35045 42.11666 -375.48878 -292.23532 42.11666 -372.90395 -291.01670 47.55970 -372.90395 -291.01670 42.11666 -255.15968 -283.43833 46.09561 -255.81190 -285.09723 46.09561 -255.04157 -286.90697 46.09561 -253.60078 -287.81218 46.09561 -251.95430 -287.20327 46.09561 -251.16467 -285.77987 46.09561 -251.21668 -284.00608 46.09561 -252.27147 -282.98700 46.09561 -253.91593 -282.75559 46.09561 -253.38177 -285.13329 52.42557 -253.38177 -285.13329 46.09561 -294.50315 -256.32015 45.08095 -292.81331 -253.96681 45.08095 -293.01606 -251.36003 45.08095 -294.73886 -249.66899 45.08095 -297.25045 -249.07198 45.08095 -299.16034 -250.34036 45.08095 -300.29105 -252.65477 45.08095 -299.53263 -255.36175 45.08095 -296.98062 -256.42223 45.08095 -296.43244 -252.81842 54.07652 -296.43244 -252.81842 45.08095 -340.48497 -425.27138 28.84521 -341.89791 -425.23819 28.84521 -342.88220 -425.85539 28.84521 -343.31460 -427.01632 28.84521 -342.61952 -428.44982 28.84521 -341.43959 -429.12462 28.84521 -340.16732 -428.88062 28.84521 -339.25344 -427.38862 28.84521 -339.19291 -426.01170 28.84521 -341.22541 -427.00309 35.54118 -341.22541 -427.00309 28.84521 -296.08935 -385.18547 41.72955 -295.30447 -384.59350 41.72955 -294.86818 -383.82013 41.72955 -295.01303 -382.65607 41.72955 -295.94758 -382.24644 41.72955 -296.99620 -382.23725 41.72955 -297.92599 -382.86649 41.72955 -297.91471 -384.03181 41.72955 -297.13159 -384.89514 41.72955 -296.35878 -383.59710 47.45999 -296.35878 -383.59710 41.72955 -355.89808 -362.23468 36.62879 -356.62315 -360.66886 36.62879 -357.78832 -359.90341 36.62879 -359.76706 -360.32788 36.62879 -360.85283 -361.65862 36.62879 -360.57951 -363.37661 36.62879 -359.64161 -364.39542 36.62879 -358.07576 -364.82521 36.62879 -356.55266 -363.92230 36.62879 -358.35441 -362.26718 43.52822 -358.35441 -362.26718 36.62879 -274.04796 -377.99240 39.13804 -273.11794 -375.39407 39.13804 -274.04164 -372.95975 39.13804 -275.98379 -371.32128 39.13804 -278.66734 -371.84257 39.13804 -280.39753 -373.41567 39.13804 -280.54125 -376.22665 39.13804 -279.19886 -378.43320 39.13804 -276.71172 -379.20578 39.13804 -276.99713 -375.12334 47.24118 -276.99713 -375.12334 39.13804 -248.51636 -440.28298 36.79021 -250.20568 -439.05768 36.79021 -252.91884 -439.24731 36.79021 -254.45805 -441.19967 36.79021 -254.54885 -443.56497 36.79021 -253.08886 -445.18331 36.79021 -250.94341 -445.76739 36.79021 -248.45471 -444.80766 36.79021 -247.75079 -442.50646 36.79021 -251.14842 -442.41601 42.88258 -251.14842 -442.41601 36.79021 -303.44847 -424.08509 34.84623 -304.03303 -425.86168 34.84623 -302.81657 -427.27096 34.84623 -300.89802 -428.23062 34.84623 -299.36788 -427.47903 34.84623 -298.53562 -425.40501 34.84623 -298.74990 -423.56572 34.84623 -300.11907 -422.62622 34.84623 -302.31912 -422.61419 34.84623 -301.13418 -425.23928 44.17942 -301.13418 -425.23928 34.84623 -344.93765 -287.59263 42.99274 -347.62881 -287.95009 42.99274 -349.47983 -290.06663 42.99274 -349.25194 -292.79303 42.99274 -347.11765 -294.96172 42.99274 -344.61245 -295.17015 42.99274 -342.38889 -293.79726 42.99274 -341.63278 -291.16319 42.99274 -342.89785 -288.47248 42.99274 -345.57258 -291.27579 53.19562 -345.57258 -291.27579 42.99274 -255.64653 -328.16168 38.58904 -258.51655 -327.33973 38.58904 -261.35225 -328.76414 38.58904 -262.69151 -331.57544 38.58904 -262.30084 -334.41105 38.58904 -259.37212 -336.42551 38.58904 -256.46691 -335.88911 38.58904 -254.07431 -333.80476 38.58904 -253.91923 -330.69253 38.58904 -258.31875 -331.87577 47.19328 -258.31875 -331.87577 38.58904 -448.72830 -444.52588 33.57222 -448.75874 -443.89886 33.57222 -449.88534 -443.10734 33.57222 -450.60336 -443.33621 33.57222 -451.30165 -444.14344 33.57222 -451.47334 -445.02021 33.57222 -450.83289 -445.66112 33.57222 -450.10879 -445.85265 33.57222 -448.93360 -445.57901 33.57222 -450.10414 -444.59288 41.41640 -450.10414 -444.59288 33.57222 -401.79159 -259.10311 53.18483 -401.07645 -257.56221 53.18483 -401.69927 -255.81594 53.18483 -402.74962 -254.61735 53.18483 -404.52331 -254.80039 53.18483 -406.04071 -255.85515 53.18483 -406.26018 -257.50166 53.18483 -405.38434 -259.00605 53.18483 -403.79303 -259.79010 53.18483 -403.66244 -257.17135 58.21684 -403.66244 -257.17135 53.18483 -445.79805 -327.77491 29.87489 -443.29704 -327.22585 29.87489 -442.39170 -325.24843 29.87489 -442.59804 -322.94154 29.87489 -444.23016 -321.17009 29.87489 -446.40140 -321.03637 29.87489 -448.23755 -322.50006 29.87489 -449.15336 -324.79837 29.87489 -447.74864 -326.65728 29.87489 -445.57542 -324.31177 38.79290 -445.57542 -324.31177 29.87489 -441.13422 -360.89648 23.65168 -441.45697 -362.28616 23.65168 -440.30795 -363.60472 23.65168 -438.50764 -363.77026 23.65168 -437.04575 -362.92662 23.65168 -436.63449 -361.46085 23.65168 -437.18976 -359.95680 23.65168 -438.35948 -359.03470 23.65168 -440.19917 -359.28838 23.65168 -438.98875 -361.56281 29.41202 -438.98875 -361.56281 23.65168 -318.65610 -461.76179 24.62650 -316.74296 -461.94506 24.62650 -315.22867 -461.47840 24.62650 -314.34433 -460.19385 24.62650 -314.53320 -458.18006 24.62650 -315.77261 -456.98846 24.62650 -317.76764 -456.94781 24.62650 -319.26271 -458.10376 24.62650 -319.28841 -459.92391 24.62650 -316.87705 -459.58392 31.19310 -316.87705 -459.58392 24.62650 -321.54898 -286.81172 38.69852 -319.65719 -288.85096 38.69852 -317.06857 -288.74075 38.69852 -314.82497 -287.55073 38.69852 -314.23049 -284.98980 38.69852 -315.25582 -282.62640 38.69852 -317.93595 -281.47578 38.69852 -320.37474 -282.09711 38.69852 -321.97349 -284.08928 38.69852 -318.15358 -285.22337 44.82079 -318.15358 -285.22337 38.69852 -417.58431 -398.66524 26.73353 -419.49017 -399.05554 26.73353 -420.62804 -400.03099 26.73353 -420.50868 -401.84980 26.73353 -419.58783 -403.22266 26.73353 -417.62164 -403.62641 26.73353 -416.09576 -402.44864 26.73353 -415.91935 -400.80096 26.73353 -416.31357 -399.25899 26.73353 -418.16294 -401.00432 32.53759 -418.16294 -401.00432 26.73353 -482.51225 -491.55579 17.66266 -480.86389 -490.21176 17.66266 -480.31837 -488.09222 17.66266 -481.47680 -486.19156 17.66266 -483.22718 -485.46509 17.66266 -485.22887 -485.85441 17.66266 -486.62845 -487.79813 17.66266 -486.45026 -489.88888 17.66266 -484.84289 -491.12281 17.66266 -483.50880 -488.40340 24.32750 -483.50880 -488.40340 17.66266 -415.61686 -465.64446 35.11431 -414.49399 -465.15050 35.11431 -413.99837 -463.70205 35.11431 -414.37280 -462.54993 35.11431 -415.64460 -461.94341 35.11431 -416.93746 -462.05353 35.11431 -418.02826 -463.16559 35.11431 -418.04195 -464.47150 35.11431 -416.92982 -465.48812 35.11431 -415.88954 -463.79111 43.50638 -415.88954 -463.79111 35.11431 -482.33900 -406.00029 29.61885 -483.76249 -404.68470 29.61885 -485.39139 -404.31224 29.61885 -486.83702 -405.36774 29.61885 -487.77232 -407.33694 29.61885 -486.71839 -408.63705 29.61885 -485.19285 -409.61073 29.61885 -483.80552 -409.33517 29.61885 -482.30876 -407.89737 29.61885 -484.96197 -407.07206 38.35854 -484.96197 -407.07206 29.61885 -456.98989 -291.84496 40.46047 -457.74798 -290.93655 40.46047 -458.72645 -291.10488 40.46047 -459.36401 -291.88650 40.46047 -459.54111 -292.87433 40.46047 -458.99773 -293.63614 40.46047 -458.01545 -294.00385 40.46047 -457.25920 -293.86736 40.46047 -456.81728 -292.53595 40.46047 -458.22235 -292.50758 48.95804 -458.22235 -292.50758 40.46047 -275.11061 -305.30040 40.40012 -276.11202 -304.98060 40.40012 -277.21197 -305.75617 40.40012 -277.79767 -307.12998 40.40012 -277.19889 -308.35584 40.40012 -275.67141 -308.76327 40.40012 -274.39591 -308.69740 40.40012 -273.85373 -307.58813 40.40012 -274.11102 -306.14506 40.40012 -275.71331 -306.97704 45.68082 -275.71331 -306.97704 40.40012 -278.24585 -262.61251 50.97180 -280.57519 -262.15361 50.97180 -282.51189 -263.00034 50.97180 -283.24644 -265.00737 50.97180 -282.78755 -267.09515 50.97180 -280.86654 -268.50085 50.97180 -278.63302 -268.04809 50.97180 -277.16754 -266.48622 50.97180 -277.17616 -264.27607 50.97180 -280.10992 -265.32525 61.50017 -280.10992 -265.32525 50.97180 -439.51789 -429.96614 25.90502 -442.01742 -429.33277 25.90502 -444.38499 -430.88715 25.90502 -445.50012 -433.12993 25.90502 -444.48650 -435.98737 25.90502 -442.09554 -437.04277 25.90502 -439.75034 -436.45724 25.90502 -438.17965 -434.50356 25.90502 -437.93112 -431.91942 25.90502 -441.55572 -433.31496 33.77462 -441.55572 -433.31496 25.90502 -421.33504 -287.91479 44.07115 -421.54167 -289.59050 44.07115 -420.49355 -291.23173 44.07115 -419.04718 -291.28084 44.07115 -417.33922 -290.55027 44.07115 -416.87802 -289.40945 44.07115 -417.50400 -287.42572 44.07115 -418.70560 -286.69698 44.07115 -420.22834 -287.02955 44.07115 -419.21338 -289.04479 52.23738 -419.21338 -289.04479 44.07115 -454.32696 -335.51539 27.16722 -455.24778 -336.49361 27.16722 -455.64178 -337.50210 27.16722 -454.89314 -338.54497 27.16722 -453.52080 -339.26630 27.16722 -452.43430 -338.42999 27.16722 -451.79215 -337.20862 27.16722 -452.04488 -336.20944 27.16722 -453.29952 -335.15638 27.16722 -453.70319 -337.20337 32.20083 -453.70319 -337.20337 27.16722 -268.75352 -369.82931 38.70191 -268.57154 -368.19617 38.70191 -269.28638 -367.22815 38.70191 -270.90359 -366.89123 38.70191 -271.95401 -367.29456 38.70191 -272.63174 -368.78374 38.70191 -272.35827 -369.84769 38.70191 -271.06990 -370.95237 38.70191 -269.69117 -370.57851 38.70191 -270.55824 -368.79485 46.80523 -270.55824 -368.79485 38.70191 -264.47309 -309.05619 39.24606 -267.31382 -309.36317 39.24606 -269.70683 -311.07911 39.24606 -270.08252 -313.61366 39.24606 -268.77436 -316.15297 39.24606 -266.25515 -317.22996 39.24606 -263.74436 -316.13663 39.24606 -261.94378 -313.75622 39.24606 -262.52706 -311.10551 39.24606 -266.09366 -313.03171 45.69750 -266.09366 -313.03171 39.24606 -484.37601 -325.75299 28.61851 -486.24970 -327.41532 28.61851 -486.94507 -329.62146 28.61851 -485.58304 -332.22085 28.61851 -482.76616 -332.83494 28.61851 -480.47098 -331.83358 28.61851 -479.47973 -329.50876 28.61851 -479.69737 -326.94593 28.61851 -481.69033 -325.72347 28.61851 -483.00839 -329.09296 36.15991 -483.00839 -329.09296 28.61851 -345.92345 -310.10117 37.20277 -343.42019 -310.23474 37.20277 -341.05690 -308.62126 37.20277 -340.37127 -306.29702 37.20277 -341.62735 -303.89061 37.20277 -343.91101 -302.63363 37.20277 -346.54654 -303.30433 37.20277 -347.95179 -305.70958 37.20277 -347.89191 -308.06832 37.20277 -344.38728 -306.49698 45.18365 -344.38728 -306.49698 37.20277 -403.04966 -309.02647 36.56413 -404.18356 -311.26583 36.56413 -403.80847 -313.67750 36.56413 -401.86300 -315.61616 36.56413 -399.27202 -315.58627 36.56413 -397.16281 -313.41653 36.56413 -397.12204 -311.03385 36.56413 -398.20532 -308.92466 36.56413 -400.57387 -308.07560 36.56413 -400.62720 -311.87324 44.98501 -400.62720 -311.87324 36.56413 -302.48231 -352.21793 41.20821 -301.34477 -354.29263 41.20821 -299.48612 -355.14794 41.20821 -297.42391 -355.09501 41.20821 -295.80933 -352.95193 41.20821 -295.76059 -350.99142 41.20821 -297.40556 -349.11689 41.20821 -299.69393 -348.65877 41.20821 -301.39159 -349.94187 41.20821 -298.97608 -352.07043 51.41982 -298.97608 -352.07043 41.20821 -407.63373 -414.23581 22.19706 -404.98433 -415.40424 22.19706 -402.31712 -414.68074 22.19706 -400.30893 -412.23816 22.19706 -400.74744 -408.98481 22.19706 -402.95470 -407.03295 22.19706 -406.01357 -406.62523 22.19706 -408.24791 -408.36325 22.19706 -408.96118 -411.38015 22.19706 -404.68014 -410.96877 32.17705 -404.68014 -410.96877 22.19706 -347.76520 -410.75016 30.20544 -345.83397 -409.18590 30.20544 -345.57042 -406.94708 30.20544 -346.68449 -405.26404 30.20544 -348.90331 -404.28001 30.20544 -351.12177 -405.37207 30.20544 -352.01978 -406.91154 30.20544 -351.54564 -409.13759 30.20544 -350.05249 -410.86369 30.20544 -348.86773 -407.60759 36.43157 -348.86773 -407.60759 30.20544 -339.53864 -343.47824 38.09059 -337.02590 -342.39894 38.09059 -336.01522 -340.30324 38.09059 -336.57482 -337.37956 38.09059 -338.27035 -335.97862 38.09059 -340.78107 -336.11654 38.09059 -343.17197 -337.50474 38.09059 -343.58759 -340.36904 38.09059 -342.22707 -342.37494 38.09059 -339.65117 -339.46970 48.62090 -339.65117 -339.46970 38.09059 -336.43341 -385.46631 36.00432 -338.95197 -385.41461 36.00432 -340.81453 -386.77449 36.00432 -341.34547 -389.20915 36.00432 -340.19747 -390.92977 36.00432 -338.25322 -391.88741 36.00432 -335.88756 -391.37559 36.00432 -334.49369 -389.18150 36.00432 -334.98766 -386.90188 36.00432 -337.97520 -388.60626 42.43319 -337.97520 -388.60626 36.00432 -337.75756 -351.03174 37.05437 -338.37160 -353.78114 37.05437 -337.09386 -356.14582 37.05437 -334.45322 -357.34498 37.05437 -332.03799 -356.19893 37.05437 -330.35619 -353.88651 37.05437 -330.75750 -351.16616 37.05437 -332.85868 -349.27498 37.05437 -335.87556 -349.34748 37.05437 -334.49299 -353.08559 45.22568 -334.49299 -353.08559 37.05437 -472.95685 -467.78177 22.88242 -475.25042 -469.65046 22.88242 -475.66370 -472.17840 22.88242 -474.47571 -474.32356 22.88242 -471.98120 -475.27106 22.88242 -469.15526 -474.20908 22.88242 -467.81068 -472.09068 22.88242 -468.24454 -469.52212 22.88242 -470.66961 -467.68294 22.88242 -471.79435 -471.41532 29.36084 -471.79435 -471.41532 22.88242 -398.00533 -332.94829 41.06267 -399.20865 -332.94609 41.06267 -399.58639 -333.90423 41.06267 -399.40379 -334.75454 41.06267 -398.96745 -335.48021 41.06267 -397.92039 -335.85389 41.06267 -397.16269 -335.09404 41.06267 -396.82315 -334.09827 41.06267 -397.35423 -333.35120 41.06267 -398.25741 -334.24685 50.21832 -398.25741 -334.24685 41.06267 -398.30876 -481.28634 26.50431 -401.39699 -481.08307 26.50431 -404.20394 -482.85597 26.50431 -404.95247 -486.07956 26.50431 -403.42596 -488.93840 26.50431 -400.46495 -490.45050 26.50431 -397.18235 -489.39889 26.50431 -395.38369 -486.69938 26.50431 -395.77526 -483.38111 26.50431 -400.06700 -485.48590 33.59075 -400.06700 -485.48590 26.50431 -287.92168 -347.19035 36.35081 -288.62172 -345.02354 36.35081 -290.67992 -343.87812 36.35081 -292.80740 -344.05243 36.35081 -294.03314 -345.67729 36.35081 -294.09104 -348.00695 36.35081 -292.99002 -349.84471 36.35081 -290.68306 -350.10925 36.35081 -288.67171 -349.03130 36.35081 -291.22689 -346.95066 47.88500 -291.22689 -346.95066 36.35081 -458.08276 -480.83791 24.55978 -458.81044 -479.93684 24.55978 -459.92162 -479.48644 24.55978 -461.00720 -480.02011 24.55978 -461.72997 -481.03752 24.55978 -461.36070 -482.42665 24.55978 -460.63639 -482.95798 24.55978 -459.37908 -483.20779 24.55978 -458.34850 -482.18845 24.55978 -459.84799 -481.37559 29.12475 -459.84799 -481.37559 24.55978 -327.62998 -302.38820 44.59598 -326.21601 -302.60176 44.59598 -325.05939 -302.44910 44.59598 -323.94182 -301.00775 44.59598 -324.27548 -299.75576 44.59598 -325.39226 -298.84723 44.59598 -326.77733 -299.01541 44.59598 -327.65602 -299.61759 44.59598 -328.11339 -300.95161 44.59598 -326.07580 -300.72861 53.17161 -326.07580 -300.72861 44.59598 -433.53012 -357.95453 21.16251 -432.35401 -359.66740 21.16251 -430.78420 -360.25382 21.16251 -429.16241 -359.89348 21.16251 -427.82662 -357.99562 21.16251 -428.28762 -356.18197 21.16251 -429.50967 -355.13790 21.16251 -431.53585 -354.95596 21.16251 -432.99872 -355.88826 21.16251 -430.64195 -357.50412 26.76145 -430.64195 -357.50412 21.16251 -322.16987 -327.53036 36.42600 -324.02778 -327.87594 36.42600 -325.55653 -329.20485 36.42600 -325.49903 -331.37394 36.42600 -324.25266 -332.97670 36.42600 -322.73542 -333.26969 36.42600 -320.98897 -332.52346 36.42600 -320.01292 -330.67183 36.42600 -320.43242 -328.97669 36.42600 -322.86090 -330.47521 45.26017 -322.86090 -330.47521 36.42600 -346.34090 -467.01824 22.94070 -348.77154 -467.43823 22.94070 -350.42126 -469.97942 22.94070 -349.91089 -472.58872 22.94070 -347.90065 -474.41760 22.94070 -345.36854 -474.48440 22.94070 -343.46869 -472.99430 22.94070 -342.86082 -470.15422 22.94070 -343.71581 -468.13520 22.94070 -346.56525 -470.75190 34.99892 -346.56525 -470.75190 22.94070 -405.13189 -463.95173 36.13883 -406.73341 -463.34928 36.13883 -408.23879 -463.91138 36.13883 -408.91949 -465.32209 36.13883 -408.21301 -467.15903 36.13883 -406.92430 -468.35191 36.13883 -405.50763 -467.96676 36.13883 -404.04851 -466.70737 36.13883 -403.82591 -465.37891 36.13883 -406.37304 -465.80784 45.50167 -406.37304 -465.80784 36.13883 -457.94371 -480.10316 26.76477 -458.84206 -480.83010 26.76477 -458.71590 -481.86634 26.76477 -458.03237 -482.81551 26.76477 -457.00248 -482.98841 26.76477 -456.31658 -482.47491 26.76477 -455.94798 -481.63799 26.76477 -456.11345 -480.34729 26.76477 -456.89760 -479.91346 26.76477 -457.31881 -481.44694 32.65287 -457.31881 -481.44694 26.76477 -476.80172 -485.79234 21.02298 -476.28263 -487.55899 21.02298 -475.16606 -488.56038 21.02298 -473.36935 -488.56596 21.02298 -471.88612 -487.83457 21.02298 -471.22754 -485.89250 21.02298 -472.04287 -484.16384 21.02298 -473.88992 -483.74787 21.02298 -475.50643 -483.86469 21.02298 -473.98754 -486.20836 27.03470 -473.98754 -486.20836 21.02298 -320.05922 -419.35864 34.50796 -318.10966 -421.51160 34.50796 -315.30244 -422.19858 34.50796 -312.63183 -420.91752 34.50796 -311.79444 -418.36134 34.50796 -312.42326 -415.65971 34.50796 -314.78183 -413.86916 34.50796 -317.75523 -414.41554 34.50796 -319.61002 -416.64175 34.50796 -315.83535 -418.15126 46.43711 -315.83535 -418.15126 34.50796 -253.54926 -376.18462 37.03838 -252.71606 -375.34449 37.03838 -253.25626 -373.76060 37.03838 -254.40884 -372.92674 37.03838 -255.74713 -373.05575 37.03838 -256.90768 -373.90870 37.03838 -256.85600 -375.14135 37.03838 -256.32512 -376.20461 37.03838 -254.83358 -376.83422 37.03838 -254.92994 -374.83151 43.37634 -254.92994 -374.83151 37.03838 -369.67392 -476.33074 28.64284 -371.68709 -476.24671 28.64284 -372.96675 -477.18883 28.64284 -372.94817 -478.76036 28.64284 -372.46712 -480.09358 28.64284 -371.12415 -480.98242 28.64284 -369.60836 -480.48936 28.64284 -368.71216 -479.19865 28.64284 -368.76097 -477.47500 28.64284 -370.82349 -478.55827 34.28466 -370.82349 -478.55827 28.64284 -361.60746 -323.48842 40.94778 -359.31098 -323.31975 40.94778 -357.58318 -321.38419 40.94778 -357.23770 -319.39619 40.94778 -358.72398 -317.37536 40.94778 -361.00302 -316.65208 40.94778 -363.06550 -317.76971 40.94778 -364.44977 -319.90673 40.94778 -363.59673 -322.19923 40.94778 -360.74908 -320.14187 48.00267 -360.74908 -320.14187 40.94778 -378.80230 -315.04914 41.92084 -377.44675 -316.23368 41.92084 -376.28960 -315.95630 41.92084 -374.89848 -315.16348 41.92084 -374.52958 -313.81963 41.92084 -375.18909 -312.56362 41.92084 -376.70759 -311.85084 41.92084 -378.22535 -312.48272 41.92084 -378.74485 -313.68626 41.92084 -376.80622 -314.12121 46.69141 -376.80622 -314.12121 41.92084 -420.60552 -413.93087 26.29149 -422.99201 -412.56679 26.29149 -425.31750 -412.93834 26.29149 -427.40376 -414.71155 26.29149 -427.25639 -417.18357 26.29149 -425.92743 -419.53132 26.29149 -423.18673 -419.90044 26.29149 -420.75178 -418.57169 26.29149 -419.86186 -416.51709 26.29149 -423.65529 -416.17162 33.29313 -423.65529 -416.17162 26.29149 -397.82691 -296.92780 39.45262 -399.49237 -296.54980 39.45262 -401.39269 -297.37688 39.45262 -402.36242 -298.81249 39.45262 -401.51092 -300.79254 39.45262 -399.91801 -301.94583 39.45262 -398.29973 -301.73306 39.45262 -396.84173 -300.45927 39.45262 -396.67186 -298.39522 39.45262 -399.37367 -299.18158 47.12500 -399.37367 -299.18158 39.45262 -418.90620 -395.82061 27.34369 -417.29607 -396.30807 27.34369 -415.82391 -394.98890 27.34369 -415.54951 -393.54941 27.34369 -416.12104 -392.01357 27.34369 -417.69517 -391.25763 27.34369 -419.48238 -391.65830 27.34369 -420.29941 -393.08012 27.34369 -420.36133 -394.68894 27.34369 -418.03133 -393.77989 33.83539 -418.03133 -393.77989 27.34369 -256.34898 -400.26388 40.67082 -257.35403 -399.17661 40.67082 -258.78117 -399.09701 40.67082 -259.88274 -399.86650 40.67082 -260.33986 -401.43067 40.67082 -259.66601 -402.74144 40.67082 -258.61009 -403.22105 40.67082 -257.28596 -402.84152 40.67082 -256.14000 -401.97411 40.67082 -258.22339 -401.17389 47.07681 -258.22339 -401.17389 40.67082 -457.74624 -424.48982 25.09006 -458.44980 -422.57249 25.09006 -460.40045 -420.96234 25.09006 -462.69257 -421.22046 25.09006 -464.33782 -422.92784 25.09006 -464.74201 -425.22662 25.09006 -463.24924 -427.14343 25.09006 -460.95389 -427.93475 25.09006 -458.76027 -427.03556 25.09006 -461.22294 -424.41737 31.31269 -461.22294 -424.41737 25.09006 -300.30025 -411.61793 44.74585 -299.60351 -411.91312 44.74585 -298.59270 -411.83941 44.74585 -297.91355 -411.09810 44.74585 -297.98844 -410.20894 44.74585 -298.57145 -409.19094 44.74585 -299.55783 -409.34444 44.74585 -300.63922 -409.64284 44.74585 -300.53830 -410.79865 44.74585 -299.34286 -410.53431 53.14656 -299.34286 -410.53431 44.74585 -317.08984 -439.42649 34.42672 -316.81803 -437.92556 34.42672 -317.34673 -436.92441 34.42672 -318.66315 -436.01966 34.42672 -320.25097 -436.72174 34.42672 -320.99682 -437.78736 34.42672 -320.82049 -439.05017 34.42672 -319.63673 -440.13499 34.42672 -318.10229 -440.23866 34.42672 -318.84087 -438.20465 40.63428 -318.84087 -438.20465 34.42672 -413.30050 -470.54019 31.90417 -414.97414 -468.68334 31.90417 -417.57763 -468.05768 31.90417 -419.83554 -468.79315 31.90417 -421.16843 -471.16266 31.90417 -420.36094 -474.14501 31.90417 -418.15528 -475.54815 31.90417 -415.42869 -475.15161 31.90417 -413.73240 -473.26178 31.90417 -417.22976 -471.72999 41.63848 -417.22976 -471.72999 31.90417 -302.28900 -414.91478 34.95728 -302.73040 -417.26025 34.95728 -301.08433 -418.97312 34.95728 -298.75104 -419.65709 34.95728 -296.75915 -418.45206 34.95728 -295.81554 -416.49800 34.95728 -296.61057 -414.18586 34.95728 -298.47822 -412.78769 34.95728 -300.71420 -413.15529 34.95728 -299.24124 -416.09840 41.04064 -299.24124 -416.09840 34.95728 -285.77590 -295.91478 39.34499 -283.23262 -297.95705 39.34499 -279.93399 -297.98160 39.34499 -277.66991 -296.00656 39.34499 -277.03088 -292.74847 39.34499 -278.32942 -290.07586 39.34499 -281.49706 -289.02232 39.34499 -284.42272 -289.87169 39.34499 -286.16440 -292.83255 39.34499 -281.52463 -293.54378 45.68788 -281.52463 -293.54378 39.34499 -388.30010 -275.97629 47.28026 -387.34540 -276.54653 47.28026 -386.30003 -276.13109 47.28026 -386.19639 -275.11527 47.28026 -386.34634 -274.21888 47.28026 -387.16754 -273.50616 47.28026 -388.06911 -273.28130 47.28026 -388.93061 -274.26449 47.28026 -389.03961 -275.27516 47.28026 -387.48398 -274.83916 51.90434 -387.48398 -274.83916 47.28026 -391.57312 -370.54371 30.94390 -388.97374 -370.25827 30.94390 -387.53809 -368.62267 30.94390 -387.35482 -365.93398 30.94390 -388.86294 -364.14705 30.94390 -391.02746 -363.16718 30.94390 -393.32516 -364.62019 30.94390 -394.15440 -366.84152 30.94390 -393.57936 -369.03528 30.94390 -390.75815 -366.95930 40.33045 -390.75815 -366.95930 30.94390 -392.10978 -338.58507 35.67231 -390.78690 -339.85343 35.67231 -388.84211 -340.20966 35.67231 -387.28946 -339.23591 35.67231 -386.87447 -337.49963 35.67231 -387.44229 -335.83969 35.67231 -389.28091 -334.91553 35.67231 -390.97733 -335.26579 35.67231 -391.94214 -336.67281 35.67231 -389.51558 -337.52516 43.04767 -389.51558 -337.52516 35.67231 -302.95302 -427.51977 36.88023 -300.92734 -429.36759 36.88023 -298.73061 -429.48857 36.88023 -296.43207 -427.63156 36.88023 -296.03615 -425.06216 36.88023 -297.22358 -423.02984 36.88023 -299.53271 -422.01601 36.88023 -302.10368 -422.90686 36.88023 -303.24581 -425.12431 36.88023 -299.76217 -425.72754 43.25335 -299.76217 -425.72754 36.88023 -355.85026 -461.03778 20.86242 -355.16751 -464.40185 20.86242 -352.86481 -466.89222 20.86242 -349.71021 -466.72384 20.86242 -347.38839 -464.79309 20.86242 -346.53544 -461.91767 20.86242 -347.71473 -459.08473 20.86242 -350.99472 -457.68140 20.86242 -353.75493 -458.38876 20.86242 -351.10240 -462.36353 26.88931 -351.10240 -462.36353 20.86242 -396.52704 -258.88027 53.54581 -397.62484 -257.84612 53.54581 -398.95516 -257.37681 53.54581 -400.46185 -258.01911 53.54581 -400.90165 -259.55602 53.54581 -400.20677 -260.87573 53.54581 -399.10525 -261.62971 53.54581 -397.63611 -261.72007 53.54581 -396.26692 -260.51101 53.54581 -398.58730 -259.60546 63.71604 -398.58730 -259.60546 53.54581 -445.27373 -330.12279 29.33399 -444.82775 -332.49930 29.33399 -442.87642 -333.77395 29.33399 -440.30702 -333.77469 29.33399 -438.46478 -331.87027 29.33399 -438.52785 -329.33362 29.33399 -439.67582 -327.34330 29.33399 -441.83700 -326.93630 29.33399 -444.11781 -327.88859 29.33399 -441.82598 -330.36425 38.47309 -441.82598 -330.36425 29.33399 -289.65364 -281.72800 42.04238 -290.16727 -283.25446 42.04238 -289.81273 -284.59109 42.04238 -288.32452 -285.60694 42.04238 -286.62615 -285.02258 42.04238 -285.79512 -283.78342 42.04238 -285.72761 -282.07742 42.04238 -286.56101 -280.97410 42.04238 -288.12097 -280.87388 42.04238 -287.88593 -283.04890 47.35351 -287.88593 -283.04890 42.04238 -433.99503 -472.77633 35.83828 -434.05049 -474.03930 35.83828 -433.35504 -475.38540 35.83828 -432.21422 -475.50989 35.83828 -430.73756 -474.87345 35.83828 -430.52134 -473.72868 35.83828 -430.73376 -472.22621 35.83828 -431.67253 -471.89305 35.83828 -433.23054 -471.93156 35.83828 -432.27924 -473.60774 45.24574 -432.27924 -473.60774 35.83828 -446.26911 -404.75360 24.47798 -448.46785 -406.96650 24.47798 -448.97210 -410.10233 24.47798 -447.13387 -412.62898 24.47798 -444.33941 -413.94219 24.47798 -441.16422 -412.61457 24.47798 -439.81569 -409.82492 24.47798 -440.35575 -406.42504 24.47798 -442.98881 -404.59979 24.47798 -444.41639 -409.09115 31.70318 -444.41639 -409.09115 24.47798 -376.52552 -438.28732 28.00534 -375.80970 -439.83572 28.00534 -373.94261 -440.26789 28.00534 -372.88272 -439.45290 28.00534 -372.07953 -438.10126 28.00534 -372.13761 -436.58788 28.00534 -373.49116 -435.68864 28.00534 -375.08744 -435.77507 28.00534 -376.21724 -436.55172 28.00534 -374.22351 -437.79750 34.78906 -374.22351 -437.79750 28.00534 -422.44160 -350.27402 25.66817 -420.21768 -352.11170 25.66817 -417.28909 -352.35337 25.66817 -414.98681 -350.91680 25.66817 -413.92728 -348.03478 25.66817 -415.52549 -344.96574 25.66817 -417.83209 -343.67284 25.66817 -420.84156 -344.82260 25.66817 -422.57356 -346.97316 25.66817 -418.38108 -348.24007 37.07291 -418.38108 -348.24007 25.66817 -484.39458 -273.27901 33.53912 -484.00950 -271.65802 33.53912 -484.28184 -269.52531 33.53912 -486.18107 -268.81304 33.53912 -488.11657 -268.97245 33.53912 -489.41330 -270.40597 33.53912 -489.40288 -272.11076 33.53912 -488.04467 -273.79228 33.53912 -486.04609 -274.10322 33.53912 -486.66116 -271.39432 40.89902 -486.66116 -271.39432 33.53912 -271.49076 -341.09388 45.23212 -272.49274 -341.44238 45.23212 -273.43290 -342.31920 45.23212 -273.21680 -343.54150 45.23212 -272.31687 -344.13549 45.23212 -271.20084 -344.26910 45.23212 -270.45868 -343.40529 45.23212 -270.22823 -342.60319 45.23212 -270.57392 -341.64994 45.23212 -271.72096 -342.78958 54.45775 -271.72096 -342.78958 45.23212 -490.39769 -388.99134 28.61881 -491.15247 -391.51235 28.61881 -490.13793 -393.95482 28.61881 -487.76742 -395.06563 28.61881 -485.42762 -394.30077 28.61881 -483.86828 -392.40976 28.61881 -483.92972 -389.93403 28.61881 -485.31680 -387.94258 28.61881 -488.03208 -387.70867 28.61881 -487.23532 -391.33171 35.16371 -487.23532 -391.33171 28.61881 -331.07559 -273.11615 42.23262 -328.98149 -273.37063 42.23262 -327.00001 -272.14082 42.23262 -326.21967 -270.13579 42.23262 -327.05659 -268.06897 42.23262 -329.06114 -266.94528 42.23262 -331.44532 -267.55948 42.23262 -332.78687 -269.19492 42.23262 -332.63881 -271.35704 42.23262 -329.70141 -270.16396 50.88853 -329.70141 -270.16396 42.23262 -359.35996 -474.09809 31.74086 -360.27423 -474.16556 31.74086 -361.01828 -474.65085 31.74086 -361.13567 -475.54883 31.74086 -360.77481 -476.31833 31.74086 -359.63407 -476.76239 31.74086 -359.09105 -476.42200 31.74086 -358.32413 -475.82067 31.74086 -358.60437 -474.65936 31.74086 -359.77646 -475.49449 40.68050 -359.77646 -475.49449 31.74086 -415.43763 -261.50147 53.61887 -413.86326 -260.34490 53.61887 -413.76262 -258.24285 53.61887 -414.90757 -256.09994 53.61887 -416.75765 -255.63541 53.61887 -418.90273 -256.35786 53.61887 -419.81384 -258.40851 53.61887 -419.30536 -260.44444 53.61887 -417.48290 -261.73697 53.61887 -416.72366 -258.68637 61.67615 -416.72366 -258.68637 53.61887 -312.03307 -313.99952 35.46944 -309.75926 -313.55478 35.46944 -308.72199 -311.69921 35.46944 -308.84617 -309.45622 35.46944 -310.30559 -307.83435 35.46944 -312.51912 -307.77189 35.46944 -314.16481 -308.88212 35.46944 -314.65191 -311.24334 35.46944 -313.91236 -312.81227 35.46944 -311.60058 -310.80683 44.23227 -311.60058 -310.80683 35.46944 -439.24450 -322.78050 27.92963 -440.61341 -322.41874 27.92963 -442.08635 -323.11034 27.92963 -442.88470 -324.15066 27.92963 -442.66358 -325.84718 27.92963 -441.22557 -326.56996 27.92963 -439.72452 -326.47609 27.92963 -438.90524 -325.57074 27.92963 -438.72530 -323.87424 27.92963 -440.66305 -324.57982 33.88743 -440.66305 -324.57982 27.92963 -259.42565 -411.99196 40.85199 -259.20576 -410.16299 40.85199 -260.01959 -409.08300 40.85199 -261.87740 -408.60237 40.85199 -263.44543 -409.20807 40.85199 -264.25472 -410.67158 40.85199 -263.79756 -412.26228 40.85199 -262.46229 -413.15320 40.85199 -260.78099 -413.34475 40.85199 -261.68218 -410.92155 50.97312 -261.68218 -410.92155 40.85199 -441.95243 -363.33822 23.13344 -439.74691 -362.25208 23.13344 -438.71884 -360.49923 23.13344 -439.18464 -358.14014 23.13344 -441.24741 -356.81167 23.13344 -443.72718 -356.83771 23.13344 -445.13137 -358.41768 23.13344 -445.73735 -360.63385 23.13344 -444.36611 -362.64476 23.13344 -442.16514 -359.96966 28.12858 -442.16514 -359.96966 23.13344 -356.23491 -344.80960 45.46056 -354.97193 -343.55301 45.46056 -354.42177 -342.30914 45.46056 -355.20974 -340.79864 45.46056 -356.54460 -340.08405 45.46056 -357.86366 -340.84101 45.46056 -358.83862 -341.75633 45.46056 -358.54431 -343.41505 45.46056 -357.57980 -344.33822 45.46056 -356.63260 -342.49361 54.12637 -356.63260 -342.49361 45.46056 -287.58078 -290.26895 39.78069 -284.63411 -290.89879 39.78069 -281.63341 -289.32404 39.78069 -279.97786 -286.57741 39.78069 -280.81060 -283.37993 39.78069 -283.53762 -281.61891 39.78069 -286.76542 -281.83034 39.78069 -289.32358 -284.10981 39.78069 -289.73589 -287.46979 39.78069 -284.91770 -286.13332 45.66103 -284.91770 -286.13332 39.78069 -451.18964 -269.52638 44.54317 -452.94061 -268.15794 44.54317 -455.10625 -268.40351 44.54317 -457.05442 -269.88971 44.54317 -457.14105 -272.03541 44.54317 -455.86125 -273.88950 44.54317 -453.71718 -274.58167 44.54317 -451.77131 -273.79824 44.54317 -450.76298 -271.61951 44.54317 -453.98908 -271.24632 52.85343 -453.98908 -271.24632 44.54317 -394.81059 -424.80876 30.25707 -395.39772 -426.85894 30.25707 -394.37191 -428.05889 30.25707 -392.37797 -428.66131 30.25707 -390.86225 -428.20676 30.25707 -389.96700 -426.42643 30.25707 -390.26613 -424.45408 30.25707 -391.79716 -423.36350 30.25707 -393.93017 -423.86726 30.25707 -392.60758 -426.07598 38.62809 -392.60758 -426.07598 30.25707 -397.75820 -251.47901 53.70998 -398.82788 -250.61460 53.70998 -400.16447 -250.49974 53.70998 -401.52131 -251.11398 53.70998 -401.97037 -252.64771 53.70998 -401.12799 -254.31485 53.70998 -399.76348 -254.77380 53.70998 -398.56946 -254.51262 53.70998 -397.39768 -252.92307 53.70998 -399.70302 -252.58421 62.03735 -399.70302 -252.58421 53.70998 -485.88920 -381.73368 30.08831 -485.80910 -384.13692 30.08831 -484.21200 -385.94874 30.08831 -481.67226 -386.68669 30.08831 -479.47194 -385.44894 30.08831 -478.59348 -382.92818 30.08831 -479.45964 -380.76547 30.08831 -481.82459 -379.21605 30.08831 -484.30135 -379.59270 30.08831 -482.36900 -382.90105 38.24131 -482.36900 -382.90105 30.08831 -455.56025 -378.46987 32.08166 -457.25146 -377.91806 32.08166 -458.47872 -378.97170 32.08166 -459.15862 -380.34926 32.08166 -458.52008 -381.84523 32.08166 -456.93792 -382.62938 32.08166 -455.37923 -382.16125 32.08166 -454.71351 -381.20653 32.08166 -454.86325 -379.65110 32.08166 -456.78543 -380.30529 40.15425 -456.78543 -380.30529 32.08166 -302.67523 -361.65009 38.89909 -301.35593 -362.24479 38.89909 -300.15390 -361.66693 38.89909 -299.58812 -360.02770 38.89909 -299.97629 -358.82655 38.89909 -301.33401 -358.32925 38.89909 -302.65743 -358.30891 38.89909 -303.55970 -359.35878 38.89909 -303.76967 -360.51840 38.89909 -301.72210 -360.06021 45.68017 -301.72210 -360.06021 38.89909 -375.69664 -339.76343 34.01783 -378.42373 -339.61646 34.01783 -380.56508 -341.42309 34.01783 -381.07503 -343.98532 34.01783 -380.11819 -346.45609 34.01783 -377.73487 -347.44222 34.01783 -374.92178 -346.71201 34.01783 -373.42446 -344.46730 34.01783 -373.51421 -341.79921 34.01783 -377.21936 -343.49957 43.26454 -377.21936 -343.49957 34.01783 -475.19413 -268.25201 38.33462 -475.58183 -271.48577 38.33462 -473.59834 -274.03252 38.33462 -470.43887 -274.94152 38.33462 -467.50550 -273.69924 38.33462 -466.12219 -270.69283 38.33462 -467.05931 -267.53027 38.33462 -469.54423 -265.47753 38.33462 -472.83017 -265.97206 38.33462 -470.96130 -270.19125 49.58808 -470.96130 -270.19125 38.33462 -306.30317 -444.34361 33.09780 -307.28423 -443.44239 33.09780 -308.71069 -442.72957 33.09780 -309.99263 -443.57722 33.09780 -310.22091 -444.87818 33.09780 -310.02557 -445.83957 33.09780 -308.80068 -446.80828 33.09780 -307.48259 -446.61692 33.09780 -306.44588 -445.72539 33.09780 -308.33325 -444.89286 40.69182 -308.33325 -444.89286 33.09780 -471.93011 -473.50850 21.05798 -470.15307 -474.71530 21.05798 -468.11367 -474.18823 21.05798 -466.93697 -472.50136 21.05798 -467.20284 -470.42359 21.05798 -468.52066 -468.84077 21.05798 -470.41547 -468.79214 21.05798 -472.24920 -469.60243 21.05798 -472.93685 -471.97072 21.05798 -469.76584 -471.54844 30.08600 -469.76584 -471.54844 21.05798 -465.55494 -339.88529 24.75402 -462.85706 -339.40554 24.75402 -461.33856 -337.86471 24.75402 -460.65117 -335.31514 24.75402 -461.96528 -333.25689 24.75402 -464.36088 -332.51440 24.75402 -466.84680 -333.62514 24.75402 -467.79182 -335.89448 24.75402 -467.32838 -338.34099 24.75402 -464.39769 -336.25795 29.71090 -464.39769 -336.25795 24.75402 -453.42787 -357.48205 24.24135 -454.90554 -355.53887 24.24135 -457.38293 -354.91454 24.24135 -459.56676 -355.89991 24.24135 -460.69384 -358.31254 24.24135 -460.14040 -360.78522 24.24135 -458.15069 -361.92711 24.24135 -455.67290 -362.04313 24.24135 -453.71957 -360.18943 24.24135 -457.03151 -358.57287 36.08841 -457.03151 -358.57287 24.24135 -394.73014 -250.79424 51.09167 -395.98890 -250.19275 51.09167 -397.37162 -250.44616 51.09167 -398.71985 -252.01030 51.09167 -398.69511 -253.41172 51.09167 -397.26573 -254.48046 51.09167 -395.86019 -254.88492 51.09167 -394.41363 -254.16251 51.09167 -393.84948 -252.23770 51.09167 -396.32333 -252.51509 56.94775 -396.32333 -252.51509 51.09167 -272.54525 -442.57591 35.10032 -271.35428 -445.13133 35.10032 -268.63083 -445.79753 35.10032 -266.09438 -444.82713 35.10032 -264.74007 -442.38353 35.10032 -265.22617 -439.76843 35.10032 -267.34675 -437.81526 35.10032 -270.10677 -438.21297 35.10032 -272.28745 -439.61173 35.10032 -268.66266 -441.83117 43.03977 -268.66266 -441.83117 35.10032 -463.87955 -254.67655 51.05491 -464.42385 -253.47044 51.05491 -465.87353 -252.40320 51.05491 -466.99446 -252.45007 51.05491 -467.99483 -253.58135 51.05491 -468.45650 -255.28048 51.05491 -467.46343 -256.47506 51.05491 -466.08979 -256.45871 51.05491 -464.52838 -256.03516 51.05491 -466.21567 -254.53670 57.58318 -466.21567 -254.53670 51.05491 -380.84209 -414.62592 26.80872 -382.54535 -416.57120 26.80872 -382.27935 -418.95568 26.80872 -380.39695 -420.45292 26.80872 -378.31319 -420.55775 26.80872 -376.62666 -419.22097 26.80872 -375.76277 -417.16422 26.80872 -376.97674 -414.96118 26.80872 -378.96776 -414.14532 26.80872 -379.17740 -417.41501 36.33159 -379.17740 -417.41501 26.80872 -291.74876 -471.37129 28.34221 -288.82479 -472.69195 28.34221 -285.88939 -472.13429 28.34221 -284.22280 -469.73624 28.34221 -283.97036 -466.39947 28.34221 -286.12605 -464.00102 28.34221 -289.12545 -463.82064 28.34221 -291.84910 -465.15733 28.34221 -293.00478 -468.26231 28.34221 -288.37227 -468.16818 35.28808 -288.37227 -468.16818 28.34221 -317.98192 -322.72832 37.71088 -316.45189 -320.36737 37.71088 -316.79417 -317.81868 37.71088 -318.90153 -315.92900 37.71088 -321.47403 -315.82034 37.71088 -323.51341 -317.48059 37.71088 -324.01735 -320.30563 37.71088 -322.77602 -322.32066 37.71088 -320.42832 -323.27369 37.71088 -320.20892 -319.59790 43.77510 -320.20892 -319.59790 37.71088 -425.24761 -445.45226 28.53437 -423.60527 -445.80561 28.53437 -421.82072 -445.25458 28.53437 -420.83334 -443.46503 28.53437 -421.20732 -441.87404 28.53437 -423.01747 -440.73458 28.53437 -424.69412 -440.93491 28.53437 -425.85626 -442.24274 28.53437 -426.44874 -443.83328 28.53437 -423.60307 -443.21388 35.39578 -423.60307 -443.21388 28.53437 -309.11850 -323.37749 39.45379 -308.43180 -324.77011 39.45379 -306.74368 -325.62768 39.45379 -305.20228 -325.44352 39.45379 -304.20960 -324.14492 39.45379 -304.04822 -322.12219 39.45379 -305.35261 -320.76492 39.45379 -307.03694 -320.51095 39.45379 -308.69758 -321.46363 39.45379 -306.61545 -323.15046 44.77569 -306.61545 -323.15046 39.45379 -416.68764 -432.74238 29.87582 -415.55309 -432.17919 29.87582 -415.14876 -430.95912 29.87582 -415.17561 -429.52490 29.87582 -416.24181 -429.01360 29.87582 -417.28739 -429.01085 29.87582 -418.60768 -430.01593 29.87582 -418.58480 -431.27838 29.87582 -417.74878 -432.01866 29.87582 -416.76305 -430.68738 36.22776 -416.76305 -430.68738 29.87582 -476.81946 -471.27056 23.28684 -479.49632 -470.64625 23.28684 -481.89815 -471.63854 23.28684 -482.59266 -474.34874 23.28684 -481.94808 -476.76227 23.28684 -479.75929 -478.23600 23.28684 -477.08073 -477.80889 23.28684 -475.24011 -475.87401 23.28684 -475.22762 -473.03977 23.28684 -478.77868 -474.43534 31.70433 -478.77868 -474.43534 23.28684 -478.90048 -446.60919 28.10839 -477.04371 -447.51593 28.10839 -474.57776 -447.26200 28.10839 -473.04525 -445.46060 28.10839 -473.28610 -443.30881 28.10839 -474.35826 -441.58132 28.10839 -476.60684 -441.17722 28.10839 -478.94391 -442.12337 28.10839 -479.49623 -444.23451 28.10839 -476.31615 -444.34333 38.15396 -476.31615 -444.34333 28.10839 -485.44747 -328.98505 24.71769 -487.12315 -330.04179 24.71769 -487.22193 -331.49978 24.71769 -486.51198 -333.42723 24.71769 -484.95961 -333.96552 24.71769 -483.24911 -333.51734 24.71769 -482.31799 -331.93657 24.71769 -482.40451 -330.09223 24.71769 -483.89791 -328.97186 24.71769 -484.84714 -331.32684 30.75773 -484.84714 -331.32684 24.71769 -443.36733 -466.61896 29.94169 -440.61250 -467.31951 29.94169 -438.43530 -466.21068 29.94169 -437.53466 -463.48933 29.94169 -437.96601 -460.96126 29.94169 -440.23020 -459.46917 29.94169 -442.73633 -459.95800 29.94169 -444.88021 -461.73521 29.94169 -444.99267 -464.39085 29.94169 -441.16285 -463.35955 38.67912 -441.16285 -463.35955 29.94169 -375.41412 -268.07819 49.06923 -375.70419 -269.57849 49.06923 -374.99436 -271.50102 49.06923 -373.23618 -272.20449 49.06923 -371.44702 -271.34391 49.06923 -370.37464 -270.04912 49.06923 -370.73046 -268.15280 49.06923 -372.15580 -267.23600 49.06923 -373.81771 -266.91292 49.06923 -373.06926 -269.44400 56.04423 -373.06926 -269.44400 49.06923 -354.11371 -445.88054 24.30276 -351.81319 -445.48035 24.30276 -350.36599 -444.05353 24.30276 -350.22073 -441.49006 24.30276 -351.52296 -439.40295 24.30276 -353.63454 -439.23152 24.30276 -355.83570 -440.27318 24.30276 -356.94766 -442.28923 24.30276 -356.14652 -444.78814 24.30276 -353.47241 -442.54169 30.15694 -353.47241 -442.54169 24.30276 -338.55991 -297.91389 41.60212 -337.83188 -298.69569 41.60212 -336.99491 -299.06661 41.60212 -335.84854 -298.33819 41.60212 -335.66453 -297.51509 41.60212 -335.89062 -296.66676 41.60212 -336.86825 -296.47918 41.60212 -337.71202 -296.22191 41.60212 -338.33051 -297.06780 41.60212 -337.03662 -297.61362 47.43650 -337.03662 -297.61362 41.60212 -478.12547 -419.84661 28.84800 -478.88442 -418.29915 28.84800 -480.55556 -417.41439 28.84800 -482.58458 -417.99562 28.84800 -483.30932 -419.45513 28.84800 -482.97793 -421.35763 28.84800 -481.85461 -422.73495 28.84800 -480.16875 -422.78799 28.84800 -478.34775 -421.64331 28.84800 -480.80982 -420.10298 34.10284 -480.80982 -420.10298 28.84800 -445.36192 -416.89945 34.88396 -444.49859 -417.57401 34.88396 -443.20025 -417.23201 34.88396 -442.62475 -416.48845 34.88396 -442.65050 -415.34413 34.88396 -443.55295 -414.39722 34.88396 -444.48837 -414.18474 34.88396 -445.35429 -414.86690 34.88396 -445.83193 -415.96171 34.88396 -444.10022 -415.84064 44.05858 -444.10022 -415.84064 34.88396 -288.00295 -453.53754 32.62101 -285.40802 -451.81973 32.62101 -284.70643 -448.96083 32.62101 -286.17761 -446.45245 32.62101 -288.94148 -445.23578 32.62101 -291.48289 -445.79407 32.62101 -293.08539 -448.15271 32.62101 -292.99890 -451.19658 32.62101 -290.71740 -453.32013 32.62101 -289.09962 -449.43749 41.48727 -289.09962 -449.43749 32.62101 -355.21743 -389.36006 34.99010 -356.18792 -388.79650 34.99010 -357.18977 -388.87510 34.99010 -357.87659 -389.30978 34.99010 -357.75693 -390.21713 34.99010 -357.53835 -391.05685 34.99010 -356.42423 -391.25275 34.99010 -355.84637 -390.81042 34.99010 -355.00428 -390.32093 34.99010 -356.56550 -389.95507 41.19971 -356.56550 -389.95507 34.99010 -335.00397 -351.24397 40.69314 -336.59802 -352.26786 40.69314 -336.63728 -353.93983 40.69314 -336.03305 -355.50802 40.69314 -334.19692 -355.95236 40.69314 -332.76646 -355.41464 40.69314 -331.96145 -354.14767 40.69314 -332.20975 -352.39177 40.69314 -333.67297 -351.03800 40.69314 -334.37414 -353.50337 48.63370 -334.37414 -353.50337 40.69314 -453.93300 -417.87284 31.13836 -455.04561 -417.66251 31.13836 -456.25842 -418.26772 31.13836 -456.46173 -419.80855 31.13836 -455.75784 -420.87079 31.13836 -455.01166 -421.09288 31.13836 -453.76338 -420.88731 31.13836 -453.13189 -419.84047 31.13836 -453.21966 -418.76042 31.13836 -454.69832 -419.40409 37.13290 -454.69832 -419.40409 31.13836 -252.26408 -381.59685 40.33991 -254.10266 -380.11164 40.33991 -256.32215 -380.03730 40.33991 -258.25516 -381.42298 40.33991 -258.68686 -384.00182 40.33991 -257.44763 -386.01003 40.33991 -254.93373 -386.99691 40.33991 -252.78506 -385.74771 40.33991 -251.54803 -383.78805 40.33991 -255.15682 -383.27595 50.88307 -255.15682 -383.27595 40.33991 -257.80880 -291.59420 51.29980 -255.48921 -291.06271 51.29980 -254.42464 -289.34536 51.29980 -254.36349 -287.45211 51.29980 -255.70871 -285.90749 51.29980 -257.71262 -285.58109 51.29980 -259.52352 -286.43308 51.29980 -260.05118 -288.49078 51.29980 -259.39587 -290.60022 51.29980 -257.15604 -288.48844 61.59140 -257.15604 -288.48844 51.29980 -401.77337 -293.73176 44.63088 -401.19928 -294.94287 44.63088 -399.56660 -294.98176 44.63088 -398.66096 -294.29470 44.63088 -398.24194 -292.87585 44.63088 -398.77359 -291.87362 44.63088 -399.69681 -290.95615 44.63088 -401.23345 -291.63498 44.63088 -402.18545 -292.61582 44.63088 -400.11452 -293.10030 52.59031 -400.11452 -293.10030 44.63088 -387.31802 -387.60666 24.66470 -387.17040 -390.36661 24.66470 -385.31176 -392.80003 24.66470 -382.47812 -392.99874 24.66470 -379.71473 -391.30575 24.66470 -378.89521 -388.74122 24.66470 -380.09279 -385.63358 24.66470 -382.55902 -384.49326 24.66470 -385.63059 -385.16512 24.66470 -383.33012 -388.75557 34.68587 -383.33012 -388.75557 24.66470 -409.87526 -294.50164 41.56034 -407.85064 -296.44946 41.56034 -405.77948 -296.39310 41.56034 -403.43432 -295.24288 41.56034 -402.79144 -292.71186 41.56034 -404.12061 -290.71275 41.56034 -405.99735 -289.41703 41.56034 -408.44376 -289.84927 41.56034 -410.08057 -292.20848 41.56034 -406.46848 -293.00600 52.53847 -406.46848 -293.00600 41.56034 -442.47778 -401.71811 26.46240 -443.70357 -401.66332 26.46240 -444.84648 -402.23957 26.46240 -445.61630 -403.62449 26.46240 -445.01201 -404.98058 26.46240 -443.82861 -405.62245 26.46240 -442.62414 -405.27515 26.46240 -441.36621 -404.27715 26.46240 -441.55968 -402.95498 26.46240 -443.49244 -403.53310 32.61665 -443.49244 -403.53310 26.46240 -351.71599 -346.69223 39.27795 -353.18398 -345.29704 39.27795 -355.67244 -344.92827 39.27795 -357.78459 -346.47299 39.27795 -358.33081 -348.98755 39.27795 -357.20183 -351.17081 39.27795 -354.98546 -352.08669 39.27795 -352.46364 -351.52041 39.27795 -351.07344 -349.09330 39.27795 -354.65552 -348.48977 46.60914 -354.65552 -348.48977 39.27795 -422.77645 -356.00350 26.90423 -422.23168 -353.92158 26.90423 -422.97750 -351.58646 26.90423 -425.22251 -350.13374 26.90423 -427.76423 -351.04187 26.90423 -429.18651 -352.73278 26.90423 -429.36595 -355.35917 26.90423 -427.53921 -356.99109 26.90423 -424.84517 -357.46183 26.90423 -425.82851 -353.92987 35.44224 -425.82851 -353.92987 26.90423 -292.87963 -282.61654 44.54603 -293.84956 -283.58717 44.54603 -294.15354 -285.42461 44.54603 -293.26155 -286.75808 44.54603 -291.53370 -287.41228 44.54603 -290.09223 -286.80334 44.54603 -289.32367 -285.20527 44.54603 -289.91046 -283.52591 44.54603 -291.06518 -282.81187 44.54603 -291.80708 -284.88793 50.34312 -291.80708 -284.88793 44.54603 -421.46456 -340.02768 28.40211 -421.78840 -342.36714 28.40211 -420.28119 -343.61202 28.40211 -418.50345 -344.22591 28.40211 -416.89145 -343.16495 28.40211 -416.01712 -341.65597 28.40211 -416.48882 -339.74807 28.40211 -418.39181 -338.46530 28.40211 -420.27921 -338.85442 28.40211 -418.88210 -341.36043 35.19067 -418.88210 -341.36043 28.40211 -426.08331 -440.15123 28.86121 -427.13588 -438.94822 28.86121 -428.58084 -438.47922 28.86121 -429.60847 -438.76516 28.86121 -430.74335 -440.35947 28.86121 -430.20243 -441.53608 28.86121 -429.06739 -442.73754 28.86121 -427.69585 -442.54249 28.86121 -426.38846 -441.48005 28.86121 -428.43387 -440.60145 35.99401 -428.43387 -440.60145 28.86121 -291.09479 -415.25655 36.87135 -291.84218 -418.75346 36.87135 -289.85696 -421.51493 36.87135 -286.83707 -422.19611 36.87135 -283.50750 -421.14168 36.87135 -281.92849 -418.24669 36.87135 -282.65373 -414.91965 36.87135 -285.66435 -412.66250 36.87135 -288.77335 -413.14855 36.87135 -286.91465 -417.46175 46.48601 -286.91465 -417.46175 36.87135 -297.64336 -364.98181 40.29581 -297.95600 -366.52634 40.29581 -297.03665 -368.40277 40.29581 -295.47706 -368.65133 40.29581 -293.80341 -368.17699 40.29581 -292.78139 -366.61811 40.29581 -293.19132 -364.95470 40.29581 -294.40765 -363.97859 40.29581 -296.03036 -363.83008 40.29581 -295.29366 -366.27657 48.87118 -295.29366 -366.27657 40.29581 -429.00895 -315.78086 35.07660 -427.66486 -315.27015 35.07660 -427.06301 -313.84471 35.07660 -427.91433 -312.42848 35.07660 -429.08303 -311.70431 35.07660 -430.43251 -311.87649 35.07660 -431.55904 -312.92802 35.07660 -431.37712 -314.36969 35.07660 -430.55667 -315.77901 35.07660 -429.42059 -313.71393 40.51077 -429.42059 -313.71393 35.07660 -245.96718 -414.21135 34.59127 -248.06423 -411.91844 34.59127 -250.74971 -411.19539 34.59127 -253.28667 -412.66556 34.59127 -254.25081 -415.33792 34.59127 -253.61626 -418.14680 34.59127 -251.01749 -419.91975 34.59127 -247.83869 -419.60471 34.59127 -246.16436 -417.35226 34.59127 -250.09748 -415.59026 43.11393 -250.09748 -415.59026 34.59127 -322.75491 -484.34007 26.13607 -324.65541 -485.26487 26.13607 -325.69710 -487.29262 26.13607 -324.75926 -489.54780 26.13607 -323.09462 -490.84514 26.13607 -320.83754 -490.35525 26.13607 -319.15732 -488.98787 26.13607 -319.33259 -486.61509 26.13607 -320.60903 -484.74058 26.13607 -322.25869 -487.62241 35.89162 -322.25869 -487.62241 26.13607 -310.27585 -404.28848 40.41099 -311.96518 -405.19714 40.41099 -312.67824 -407.20609 40.41099 -312.13881 -409.25148 40.41099 -310.34142 -410.58782 40.41099 -308.10619 -410.43427 40.41099 -306.48573 -408.39852 40.41099 -306.29919 -406.46416 40.41099 -308.01098 -404.74215 40.41099 -309.59925 -407.40272 49.83757 -309.59925 -407.40272 40.41099 -384.06946 -299.39733 47.28188 -384.01303 -297.79987 47.28188 -385.50837 -296.70715 47.28188 -387.04828 -297.01092 47.28188 -388.39597 -297.78209 47.28188 -389.05228 -299.74054 47.28188 -388.06584 -300.89237 47.28188 -386.29409 -301.56502 47.28188 -384.83616 -301.12940 47.28188 -386.39447 -299.15584 54.58766 -386.39447 -299.15584 47.28188 -464.71503 -399.55245 25.57548 -464.95491 -401.87743 25.57548 -463.96587 -404.03534 25.57548 -461.74031 -405.29582 25.57548 -458.93052 -404.42895 25.57548 -457.74991 -402.48562 25.57548 -458.14594 -399.97089 25.57548 -459.86517 -397.78343 25.57548 -462.41962 -398.01384 25.57548 -461.35973 -401.45574 33.65830 -461.35973 -401.45574 25.57548 -440.33817 -263.34323 52.78117 -439.22176 -263.28908 52.78117 -438.32471 -262.79783 52.78117 -438.04542 -261.95431 52.78117 -438.30807 -260.98974 52.78117 -438.92293 -260.64987 52.78117 -439.95208 -260.87166 52.78117 -440.87118 -261.35057 52.78117 -440.87440 -262.39135 52.78117 -439.38587 -261.98406 58.93832 -439.38587 -261.98406 52.78117 -419.39009 -313.93235 37.87393 -418.54629 -315.11249 37.87393 -416.81490 -315.28019 37.87393 -415.14403 -314.74756 37.87393 -414.50401 -312.90997 37.87393 -415.17335 -311.19855 37.87393 -416.79743 -310.53651 37.87393 -418.19718 -310.70028 37.87393 -419.49359 -312.08816 37.87393 -417.12620 -312.96270 46.97948 -417.12620 -312.96270 37.87393 -478.14972 -283.42166 37.82526 -476.69847 -284.56611 37.82526 -474.72584 -284.37369 37.82526 -473.65297 -282.95619 37.82526 -473.26841 -281.54755 37.82526 -474.23270 -279.94886 37.82526 -476.01839 -279.49985 37.82526 -477.64023 -279.89038 37.82526 -478.48334 -281.36135 37.82526 -475.82958 -281.92481 44.07198 -475.82958 -281.92481 37.82526 -274.79031 -327.28508 42.42791 -273.17715 -325.82036 42.42791 -273.19849 -324.26197 42.42791 -274.16544 -322.61116 42.42791 -276.02266 -322.31033 42.42791 -277.44096 -322.97705 42.42791 -278.13816 -324.34138 42.42791 -277.66780 -326.03515 42.42791 -276.45704 -327.41693 42.42791 -275.64108 -324.77671 52.91238 -275.64108 -324.77671 42.42791 -295.36322 -369.50893 41.85436 -295.01992 -367.64889 41.85436 -295.79520 -366.32840 41.85436 -297.62202 -365.74535 41.85436 -299.34273 -366.23077 41.85436 -300.04566 -367.99988 41.85436 -299.81773 -369.72194 41.85436 -298.63770 -370.89296 41.85436 -296.84080 -370.88605 41.85436 -297.61420 -368.28084 48.02691 -297.61420 -368.28084 41.85436 -254.58964 -459.41115 35.43199 -251.85092 -458.98815 35.43199 -249.87305 -456.92676 35.43199 -249.60029 -454.25512 35.43199 -251.23347 -451.75321 35.43199 -253.87963 -450.82476 35.43199 -256.73554 -452.19873 35.43199 -257.87850 -454.85979 35.43199 -257.17193 -457.71787 35.43199 -253.63805 -455.19281 46.95188 -253.63805 -455.19281 35.43199 -331.05147 -298.31901 35.51103 -333.01495 -299.57706 35.51103 -333.57093 -302.03533 35.51103 -332.29482 -303.87057 35.51103 -330.04166 -304.85951 35.51103 -327.99609 -304.09505 35.51103 -326.53306 -302.39774 35.51103 -326.75194 -300.23966 35.51103 -328.49854 -298.51747 35.51103 -329.99287 -301.56852 42.28884 -329.99287 -301.56852 35.51103 -266.77991 -280.38727 46.37464 -267.93909 -281.63307 46.37464 -267.86604 -283.35411 46.37464 -267.13259 -284.41481 46.37464 -265.46925 -285.06662 46.37464 -263.81693 -284.31939 46.37464 -263.34102 -283.10097 46.37464 -263.54426 -281.40059 46.37464 -264.87454 -280.47096 46.37464 -265.64815 -282.62117 51.57378 -265.64815 -282.62117 46.37464 -369.33056 -374.78081 34.43723 -368.24149 -375.14235 34.43723 -366.67782 -374.97919 34.43723 -365.64731 -373.50783 34.43723 -365.72603 -372.18606 34.43723 -366.89019 -370.99940 34.43723 -368.51241 -370.83512 34.43723 -369.49706 -371.65310 34.43723 -370.20396 -373.07947 34.43723 -367.90282 -372.99728 39.83596 -367.90282 -372.99728 34.43723 -401.80446 -317.51892 40.59616 -401.31870 -316.18974 40.59616 -401.60090 -314.80998 40.59616 -402.59780 -314.33400 40.59616 -403.88689 -314.23481 40.59616 -404.80052 -315.05442 40.59616 -404.79227 -316.49484 40.59616 -404.12109 -317.46200 40.59616 -402.76604 -318.05753 40.59616 -403.04652 -316.00071 46.80317 -403.04652 -316.00071 40.59616 -382.87322 -410.25622 30.86683 -381.99991 -409.90765 30.86683 -381.26604 -408.72788 30.86683 -381.65977 -407.83957 30.86683 -382.15919 -407.47991 30.86683 -383.33288 -407.42801 30.86683 -383.76384 -407.80265 30.86683 -384.12971 -409.10883 30.86683 -383.42603 -409.70588 30.86683 -382.70837 -408.65395 39.46441 -382.70837 -408.65395 30.86683 -478.52172 -358.38114 26.59036 -477.11292 -358.83517 26.59036 -475.60385 -358.80304 26.59036 -474.68307 -357.60846 26.59036 -474.98238 -355.80775 26.59036 -476.10184 -354.88981 26.59036 -477.43261 -354.45633 26.59036 -478.80912 -355.36881 26.59036 -479.29638 -356.80193 26.59036 -476.99616 -356.76045 31.96932 -476.99616 -356.76045 26.59036 -316.81458 -336.31359 36.23861 -319.68496 -335.37622 36.23861 -322.54006 -335.81752 36.23861 -324.47716 -338.62409 36.23861 -323.97023 -341.97612 36.23861 -321.73951 -343.94306 36.23861 -318.72193 -344.38226 36.23861 -316.21871 -342.25541 36.23861 -315.25343 -339.44630 36.23861 -319.91091 -339.80372 44.01424 -319.91091 -339.80372 36.23861 -348.46971 -405.36055 33.33708 -346.49795 -405.44001 33.33708 -345.41674 -403.99301 33.33708 -345.22174 -402.53360 33.33708 -346.18603 -400.80896 33.33708 -347.91444 -400.64928 33.33708 -349.62363 -401.22562 33.33708 -350.03786 -402.57767 33.33708 -349.96093 -404.55597 33.33708 -347.67385 -402.99058 38.59426 -347.67385 -402.99058 33.33708 -403.16523 -385.18577 23.02633 -403.78761 -386.57909 23.02633 -403.69625 -388.20701 23.02633 -402.33227 -389.36595 23.02633 -400.63881 -389.17353 23.02633 -399.40568 -387.98723 23.02633 -399.29525 -386.31723 23.02633 -400.10683 -384.77113 23.02633 -401.68800 -384.54947 23.02633 -401.51592 -386.94619 28.02681 -401.51592 -386.94619 23.02633 -481.69676 -479.30215 18.25187 -479.38244 -479.24626 18.25187 -477.54865 -477.31856 18.25187 -477.51981 -475.05641 18.25187 -478.98451 -473.15999 18.25187 -481.29660 -472.33848 18.25187 -483.26879 -473.42302 18.25187 -484.37615 -475.72699 18.25187 -483.74975 -478.26232 18.25187 -480.87891 -475.98586 24.64888 -480.87891 -475.98586 18.25187 -360.07004 -335.21614 42.14174 -360.22541 -336.11782 42.14174 -359.91207 -336.60565 42.14174 -359.27298 -337.10698 42.14174 -358.33872 -337.04522 42.14174 -357.61911 -336.37642 42.14174 -357.62070 -335.72405 42.14174 -358.44109 -334.59373 42.14174 -359.45887 -334.83918 42.14174 -359.05764 -335.96504 48.08731 -359.05764 -335.96504 42.14174 -472.08374 -278.57981 39.78404 -469.85781 -278.94022 39.78404 -468.01015 -277.87713 39.78404 -467.56017 -275.91722 39.78404 -468.38284 -274.07848 39.78404 -469.89945 -272.96520 39.78404 -472.30538 -273.58210 39.78404 -473.30031 -274.83064 39.78404 -473.29589 -276.85226 39.78404 -470.54866 -275.91154 48.91096 -470.54866 -275.91154 39.78404 -321.62852 -396.55321 40.40649 -323.21673 -395.48507 40.40649 -325.04418 -395.66755 40.40649 -326.72502 -396.74880 40.40649 -326.54475 -398.65321 40.40649 -325.49686 -400.40736 40.40649 -323.64439 -400.79318 40.40649 -322.09850 -399.96897 40.40649 -321.51129 -398.47420 40.40649 -324.04297 -398.01061 50.84539 -324.04297 -398.01061 40.40649 -457.87889 -479.14862 20.21299 -459.71243 -477.04370 20.21299 -462.04985 -476.14386 20.21299 -464.79606 -477.04816 20.21299 -465.76275 -479.75917 20.21299 -465.13200 -482.08856 20.21299 -463.36242 -483.74623 20.21299 -460.43455 -483.77010 20.21299 -458.25366 -482.17188 20.21299 -461.94297 -480.16774 26.03502 -461.94297 -480.16774 20.21299 -459.29656 -379.26584 22.92206 -458.16594 -381.67766 22.92206 -455.85036 -382.58409 22.92206 -453.31971 -382.11034 22.92206 -451.81287 -379.78000 22.92206 -451.96640 -377.06136 22.92206 -454.04874 -375.60056 22.92206 -456.52437 -375.30802 22.92206 -458.80982 -376.89760 22.92206 -455.56191 -378.86256 28.83074 -455.56191 -378.86256 22.92206 -399.23018 -414.72811 29.42495 -398.65986 -414.78955 29.42495 -397.52998 -414.24060 29.42495 -397.09750 -413.63291 29.42495 -397.49465 -412.74132 29.42495 -398.37122 -412.00396 29.42495 -398.98486 -411.92718 29.42495 -399.86882 -412.70331 29.42495 -400.05139 -413.86923 29.42495 -398.55564 -413.34563 37.41272 -398.55564 -413.34563 29.42495 -377.49300 -428.69802 23.01928 -378.41139 -427.54587 23.01928 -380.71956 -427.09023 23.01928 -381.93996 -428.36894 23.01928 -382.44750 -430.14143 23.01928 -381.94113 -431.83817 23.01928 -380.26163 -432.94982 23.01928 -378.08502 -432.50912 23.01928 -377.23060 -430.80449 23.01928 -379.81873 -429.98354 28.29527 -379.81873 -429.98354 23.01928 -413.01190 -266.75701 50.74877 -413.38376 -268.36150 50.74877 -412.66024 -269.87306 50.74877 -411.10892 -270.37943 50.74877 -409.92112 -269.59709 50.74877 -408.89272 -268.41541 50.74877 -409.11556 -266.77496 50.74877 -410.40008 -265.53585 50.74877 -411.88273 -265.49497 50.74877 -411.22533 -267.92037 58.73847 -411.22533 -267.92037 50.74877 -474.42694 -272.76889 36.96668 -474.53641 -271.60767 36.96668 -475.59534 -270.50739 36.96668 -476.89492 -270.36673 36.96668 -478.09520 -271.49212 36.96668 -478.48319 -272.40858 36.96668 -477.66304 -273.73008 36.96668 -476.46221 -274.39978 36.96668 -474.95455 -274.04248 36.96668 -476.27276 -272.40155 42.53765 -476.27276 -272.40155 36.96668 -410.81370 -428.94859 24.50150 -411.88456 -431.30885 24.50150 -411.05950 -433.71220 24.50150 -408.78325 -435.07148 24.50150 -406.48294 -434.97372 24.50150 -404.65852 -432.88034 24.50150 -404.41031 -430.58629 24.50150 -405.95850 -428.47392 24.50150 -408.39282 -428.12441 24.50150 -408.02547 -431.55970 29.45350 -408.02547 -431.55970 24.50150 -410.99930 -354.19508 28.42650 -411.06574 -355.82081 28.42650 -409.82058 -357.37236 28.42650 -408.16875 -357.27090 28.42650 -406.92707 -356.55443 28.42650 -406.36648 -355.03480 28.42650 -406.78710 -353.45160 28.42650 -408.51042 -352.65924 28.42650 -409.96541 -352.99743 28.42650 -408.72197 -355.03803 36.28694 -408.72197 -355.03803 28.42650 -359.05678 -351.85931 37.06825 -359.26084 -350.21791 37.06825 -360.41636 -349.08621 37.06825 -361.96068 -349.00726 37.06825 -363.51437 -349.72862 37.06825 -364.15876 -351.40145 37.06825 -363.12093 -352.91496 37.06825 -361.64990 -353.54711 37.06825 -360.29541 -353.24197 37.06825 -361.52233 -351.21018 43.16707 -361.52233 -351.21018 37.06825 -281.93263 -334.35693 37.30733 -281.36445 -336.42912 37.30733 -279.42962 -337.88391 37.30733 -277.53838 -337.78535 37.30733 -275.64361 -336.11484 37.30733 -275.78473 -333.72963 37.30733 -276.86577 -332.00297 37.30733 -279.12873 -331.44855 37.30733 -281.07244 -332.24188 37.30733 -278.75610 -334.73545 43.01009 -278.75610 -334.73545 37.30733 -263.71662 -264.91764 56.58200 -262.62673 -264.18627 56.58200 -262.13596 -263.00689 56.58200 -262.25687 -261.55931 56.58200 -263.67860 -260.99912 56.58200 -264.86906 -260.74525 56.58200 -266.21978 -262.18646 56.58200 -266.32231 -263.39257 56.58200 -265.48404 -264.58871 56.58200 -264.07433 -262.86356 65.18223 -264.07433 -262.86356 56.58200 -295.25476 -368.42534 37.53669 -297.02898 -366.95993 37.53669 -299.27938 -366.92070 37.53669 -301.37760 -368.32034 37.53669 -301.92929 -370.79875 37.53669 -300.69011 -372.86061 37.53669 -298.31490 -373.55588 37.53669 -296.08648 -372.70772 37.53669 -294.78861 -370.94317 37.53669 -298.29838 -370.25490 48.60593 -298.29838 -370.25490 37.53669 -311.33431 -467.79580 26.44779 -308.52479 -467.64406 26.44779 -306.67863 -466.03845 26.44779 -306.23670 -463.12978 26.44779 -307.83665 -460.71979 26.44779 -310.44144 -460.16335 26.44779 -312.78295 -461.01918 26.44779 -314.23777 -463.61250 26.44779 -313.45707 -466.56618 26.44779 -310.15842 -464.11378 37.04544 -310.15842 -464.11378 26.44779 -276.14984 -491.48163 32.17405 -274.16218 -490.16064 32.17405 -273.26433 -487.60232 32.17405 -274.28744 -484.94193 32.17405 -276.42371 -483.92869 32.17405 -278.86293 -484.03754 32.17405 -280.85627 -486.08202 32.17405 -280.52101 -489.00580 32.17405 -278.85637 -490.81377 32.17405 -277.06103 -487.56899 42.55252 -277.06103 -487.56899 32.17405 -340.09397 -305.39000 43.42613 -341.88649 -305.91021 43.42613 -342.75416 -307.50777 43.42613 -342.11505 -308.98885 43.42613 -341.15475 -309.83230 43.42613 -339.47982 -309.89676 43.42613 -338.30021 -308.98630 43.42613 -337.91418 -307.41184 43.42613 -338.78018 -306.21839 43.42613 -340.28933 -307.84855 50.34329 -340.28933 -307.84855 43.42613 -451.73589 -368.72135 26.36622 -453.07811 -369.97382 26.36622 -453.11558 -371.15165 26.36622 -452.01393 -372.65357 26.36622 -450.56425 -372.90428 26.36622 -449.51930 -372.28883 26.36622 -448.82962 -370.77986 26.36622 -449.14055 -369.46263 26.36622 -450.34034 -368.55352 26.36622 -450.88490 -370.66331 34.25775 -450.88490 -370.66331 26.36622 -302.15847 -276.60017 37.66503 -304.34499 -276.15231 37.66503 -306.59910 -277.54360 37.66503 -307.88532 -279.51681 37.66503 -307.02343 -282.18333 37.66503 -304.64997 -283.18277 37.66503 -302.16418 -282.78280 37.66503 -300.93899 -280.98841 37.66503 -300.45683 -278.70747 37.66503 -304.06114 -279.78379 43.54062 -304.06114 -279.78379 37.66503 -450.49465 -309.35967 32.07484 -450.12883 -310.70241 32.07484 -449.02921 -311.69278 32.07484 -447.75090 -311.47772 32.07484 -446.71659 -310.52010 32.07484 -446.55945 -308.95013 32.07484 -447.20190 -307.86924 32.07484 -448.70466 -307.35684 32.07484 -450.32960 -308.00954 32.07484 -448.59437 -309.49401 40.05696 -448.59437 -309.49401 32.07484 -287.92637 -435.08945 40.05094 -286.71491 -434.76123 40.05094 -286.04664 -433.90056 40.05094 -285.73037 -432.39501 40.05094 -286.57297 -431.60366 40.05094 -288.05141 -431.29203 40.05094 -289.08391 -431.66467 40.05094 -289.49792 -432.97148 40.05094 -289.33883 -434.03001 40.05094 -287.70412 -433.00903 49.70331 -287.70412 -433.00903 40.05094 -265.07147 -371.12853 35.71413 -265.36562 -372.90298 35.71413 -264.37818 -374.27461 35.71413 -262.57917 -375.19274 35.71413 -260.59914 -374.32844 35.71413 -259.55131 -372.93388 35.71413 -259.97161 -370.91675 35.71413 -261.51414 -369.55032 35.71413 -263.25726 -369.91438 35.71413 -262.45810 -372.28645 46.47941 -262.45810 -372.28645 35.71413 -274.08322 -386.08741 35.92231 -274.84881 -387.65664 35.92231 -274.66081 -389.56245 35.92231 -272.81583 -390.56963 35.92231 -271.32374 -390.70133 35.92231 -269.80336 -389.42126 35.92231 -269.55069 -387.63767 35.92231 -270.35312 -385.97683 35.92231 -272.20867 -385.49911 35.92231 -272.14784 -388.09932 45.23975 -272.14784 -388.09932 35.92231 -281.04558 -418.54062 40.46168 -278.78131 -417.11369 40.46168 -278.29986 -415.00412 40.46168 -279.19272 -412.46194 40.46168 -281.40998 -411.59003 40.46168 -283.46084 -411.74191 40.46168 -285.16885 -414.05934 40.46168 -285.08862 -416.37783 40.46168 -283.40855 -418.28724 40.46168 -281.67252 -414.94786 48.79425 -281.67252 -414.94786 40.46168 -348.38794 -350.55931 36.95057 -346.91113 -351.63291 36.95057 -345.04002 -351.39846 36.95057 -344.18961 -350.25416 36.95057 -343.70156 -348.33400 36.95057 -344.91143 -346.79555 36.95057 -346.44068 -346.52382 36.95057 -347.93330 -347.53101 36.95057 -349.04007 -349.09801 36.95057 -346.30174 -349.05379 45.63485 -346.30174 -349.05379 36.95057 -324.55312 -312.09062 38.94903 -325.72143 -312.49745 38.94903 -325.87718 -313.43707 38.94903 -325.73519 -314.88128 38.94903 -324.75837 -315.49758 38.94903 -323.45398 -315.14492 38.94903 -322.90066 -314.25946 38.94903 -322.38993 -313.09804 38.94903 -323.36444 -312.10772 38.94903 -324.31023 -313.71927 43.44684 -324.31023 -313.71927 38.94903 -474.76897 -270.02802 43.66407 -472.42310 -271.00176 43.66407 -470.29467 -270.40681 43.66407 -468.98095 -268.36670 43.66407 -468.86318 -266.22551 43.66407 -470.37403 -264.25661 43.66407 -473.05672 -263.90119 43.66407 -474.85499 -265.40671 43.66407 -475.73586 -267.66218 43.66407 -472.09442 -267.47450 53.98515 -472.09442 -267.47450 43.66407 -261.29352 -315.78468 41.02047 -264.01758 -316.69861 41.02047 -265.17661 -319.56919 41.02047 -264.04453 -321.98692 41.02047 -262.00499 -323.73005 41.02047 -258.99224 -323.37026 41.02047 -257.16193 -321.24297 41.02047 -257.12994 -318.31452 41.02047 -258.84860 -316.10723 41.02047 -260.92395 -319.64849 52.45881 -260.92395 -319.64849 41.02047 -337.17220 -292.70839 41.63267 -338.07459 -293.96800 41.63267 -337.71753 -294.98601 41.63267 -336.58019 -295.99267 41.63267 -335.20895 -295.66360 41.63267 -334.47802 -294.68529 41.63267 -334.13040 -293.38261 41.63267 -335.08825 -292.70340 41.63267 -336.14341 -292.25572 41.63267 -336.00724 -294.06339 47.51782 -336.00724 -294.06339 41.63267 -450.99313 -469.25339 28.81502 -452.09369 -470.18115 28.81502 -452.30282 -471.79837 28.81502 -451.62698 -472.79060 28.81502 -450.40824 -473.24586 28.81502 -448.87657 -472.77523 28.81502 -448.03535 -471.79615 28.81502 -448.51960 -470.38248 28.81502 -449.44805 -469.45322 28.81502 -450.27905 -471.34567 38.36187 -450.27905 -471.34567 28.81502 -353.63242 -453.82196 23.35144 -351.04517 -452.50878 23.35144 -349.72850 -449.23962 23.35144 -350.97599 -446.36072 23.35144 -353.43125 -444.86719 23.35144 -356.72032 -445.30967 23.35144 -358.56485 -447.51696 23.35144 -358.83031 -450.58177 23.35144 -356.98884 -453.17494 23.35144 -354.41640 -449.30956 35.43501 -354.41640 -449.30956 23.35144 -316.62601 -423.89516 32.08760 -315.55681 -425.82717 32.08760 -314.23786 -426.44694 32.08760 -312.26246 -425.81411 32.08760 -311.22952 -424.44125 32.08760 -311.49603 -422.82109 32.08760 -312.80421 -421.34764 32.08760 -314.39245 -421.43565 32.08760 -316.15887 -422.41818 32.08760 -313.87253 -423.80205 38.94202 -313.87253 -423.80205 32.08760 -465.11591 -440.52971 24.33670 -464.98027 -443.48874 24.33670 -462.64488 -445.67953 24.33670 -459.73666 -445.79211 24.33670 -457.26503 -444.19552 24.33670 -456.29494 -441.07939 24.33670 -457.54876 -438.10185 24.33670 -460.70323 -436.69635 24.33670 -463.57545 -437.57817 24.33670 -460.89398 -441.46992 30.64103 -460.89398 -441.46992 24.33670 -442.07917 -289.17176 40.51909 -442.01067 -288.34443 40.51909 -442.46477 -287.16992 40.51909 -443.46921 -286.86404 40.51909 -444.40456 -287.46771 40.51909 -444.91021 -288.37868 40.51909 -444.87549 -289.52466 40.51909 -444.09154 -289.86151 40.51909 -443.17560 -290.11413 40.51909 -443.48753 -288.55748 45.95992 -443.48753 -288.55748 40.51909 -275.52621 -483.95180 31.84046 -274.64966 -483.23052 31.84046 -274.33673 -481.71518 31.84046 -275.28522 -480.53834 31.84046 -276.36362 -480.06469 31.84046 -277.59716 -480.72670 31.84046 -278.23699 -482.01946 31.84046 -277.95851 -483.07572 31.84046 -276.93067 -483.87128 31.84046 -276.39996 -482.10018 36.91837 -276.39996 -482.10018 31.84046 -310.94386 -443.15070 37.96610 -312.47453 -442.00454 37.96610 -314.06338 -441.59563 37.96610 -315.84687 -442.46223 37.96610 -316.38785 -444.31009 37.96610 -315.73655 -445.79177 37.96610 -314.05411 -446.74093 37.96610 -312.13768 -446.69011 37.96610 -310.99767 -445.05191 37.96610 -313.58060 -444.18357 46.80583 -313.58060 -444.18357 37.96610 -460.22472 -457.96785 28.73918 -460.31927 -459.59285 28.73918 -460.10152 -461.09047 28.73918 -458.73937 -461.96787 28.73918 -457.21267 -461.62107 28.73918 -456.15283 -460.29084 28.73918 -455.95416 -458.68215 28.73918 -457.02600 -457.72313 28.73918 -458.54069 -457.44990 28.73918 -458.22552 -459.54170 34.49103 -458.22552 -459.54170 28.73918 -479.25438 -468.35535 23.83085 -479.19541 -470.44994 23.83085 -478.18681 -472.65289 23.83085 -476.16844 -473.33798 23.83085 -473.76064 -472.35648 23.83085 -472.70538 -470.51123 23.83085 -473.24191 -467.96735 23.83085 -475.05259 -466.89665 23.83085 -477.33878 -466.61554 23.83085 -476.11633 -469.88737 32.01974 -476.11633 -469.88737 23.83085 -329.49045 -261.50055 43.12150 -328.17442 -262.79867 43.12150 -326.96699 -262.84041 43.12150 -325.67486 -262.12503 43.12150 -325.23729 -260.50150 43.12150 -325.67333 -259.09760 43.12150 -327.35182 -258.45852 43.12150 -328.47179 -259.00180 43.12150 -329.52774 -260.21536 43.12150 -327.36644 -260.68006 50.98837 -327.36644 -260.68006 43.12150 -413.39223 -387.36403 28.93301 -412.66181 -388.66033 28.93301 -411.52075 -389.31059 28.93301 -410.52572 -388.94363 28.93301 -409.63453 -388.03665 28.93301 -409.43803 -386.89359 28.93301 -410.48758 -385.62234 28.93301 -411.79312 -385.78063 28.93301 -412.90586 -386.10135 28.93301 -411.36122 -387.41225 36.66301 -411.36122 -387.41225 28.93301 -481.07316 -464.62909 25.20494 -482.50959 -465.67862 25.20494 -482.93890 -467.14191 25.20494 -482.12565 -468.74293 25.20494 -480.48032 -469.49989 25.20494 -478.60972 -469.09792 25.20494 -477.70532 -467.71198 25.20494 -478.22373 -465.96283 25.20494 -479.26159 -464.84645 25.20494 -480.29203 -467.04508 31.40770 -480.29203 -467.04508 25.20494 -399.56852 -373.12603 25.13624 -396.53895 -374.30163 25.13624 -393.84482 -372.89388 25.13624 -392.02291 -370.13911 25.13624 -392.99128 -366.75688 25.13624 -395.32309 -364.83121 25.13624 -398.75304 -365.11097 25.13624 -401.13058 -367.19753 25.13624 -401.45797 -370.37633 25.13624 -396.84333 -369.43886 35.07579 -396.84333 -369.43886 25.13624 -430.55354 -324.93588 31.90322 -432.09908 -326.28776 31.90322 -432.25465 -327.88151 31.90322 -430.77663 -329.63474 31.90322 -429.38886 -329.66760 31.90322 -427.37067 -329.03614 31.90322 -426.63688 -327.44663 31.90322 -427.17451 -325.53138 31.90322 -429.10322 -324.36432 31.90322 -429.50791 -327.18058 37.62404 -429.50791 -327.18058 31.90322 -313.02345 -480.64124 22.53137 -314.93992 -482.58368 22.53137 -315.28215 -484.96591 22.53137 -313.58009 -487.39809 22.53137 -310.86374 -488.09816 22.53137 -308.59769 -487.04450 22.53137 -307.17119 -484.58386 22.53137 -308.15688 -482.06274 22.53137 -310.26946 -480.44475 22.53137 -311.27140 -484.09127 32.03279 -311.27140 -484.09127 22.53137 -456.83425 -478.24824 23.73467 -455.25810 -479.56538 23.73467 -452.92798 -479.69731 23.73467 -451.17212 -478.05810 23.73467 -451.12856 -476.08497 23.73467 -451.92625 -474.39544 23.73467 -453.75675 -473.32078 23.73467 -456.01917 -474.36636 23.73467 -456.84096 -475.79784 23.73467 -453.99231 -476.60422 34.73241 -453.99231 -476.60422 23.73467 -296.52438 -359.59800 38.88185 -295.53508 -358.10234 38.88185 -295.70276 -355.79033 38.88185 -297.28232 -354.34466 38.88185 -299.13387 -354.04884 38.88185 -300.81459 -355.56659 38.88185 -301.55112 -357.52683 38.88185 -300.29407 -359.08060 38.88185 -298.75490 -360.02556 38.88185 -298.35902 -357.11516 46.06101 -298.35902 -357.11516 38.88185 -432.76067 -366.13867 24.68005 -431.27117 -365.11333 24.68005 -430.35531 -363.06408 24.68005 -431.15831 -361.21690 24.68005 -432.72243 -359.83052 24.68005 -434.73108 -360.34210 24.68005 -436.31050 -361.86602 24.68005 -436.31938 -364.10568 24.68005 -434.79570 -365.50981 24.68005 -433.37226 -362.99882 31.79642 -433.37226 -362.99882 24.68005 -376.43936 -428.98967 21.60752 -378.30010 -427.68786 21.60752 -380.71199 -427.47652 21.60752 -382.17581 -429.16515 21.60752 -382.67729 -431.06531 21.60752 -381.62851 -433.17578 21.60752 -379.60351 -433.88241 21.60752 -377.27482 -433.04612 21.60752 -375.97177 -431.03238 21.60752 -379.46712 -430.65641 29.79766 -379.46712 -430.65641 21.60752 -395.50816 -261.93547 55.79064 -395.08299 -260.70351 55.79064 -395.86085 -259.37615 55.79064 -396.70542 -258.75923 55.79064 -398.29417 -259.15541 55.79064 -399.16142 -259.98115 55.79064 -399.05070 -261.69230 55.79064 -397.84154 -262.31634 55.79064 -396.72766 -262.68711 55.79064 -397.10588 -260.70780 63.91964 -397.10588 -260.70780 55.79064 -268.77355 -305.99018 42.08222 -266.68313 -304.74031 42.08222 -265.80120 -302.54233 42.08222 -266.89991 -300.08145 42.08222 -269.12220 -298.94653 42.08222 -271.45416 -299.41190 42.08222 -273.30363 -301.28028 42.08222 -273.20017 -303.94817 42.08222 -271.62925 -305.68291 42.08222 -269.67226 -302.53913 47.09640 -269.67226 -302.53913 42.08222 -479.66168 -311.72755 35.74302 -481.08676 -310.82356 35.74302 -482.77058 -311.24755 35.74302 -484.35294 -312.47300 35.74302 -484.28172 -313.79202 35.74302 -483.16598 -315.55634 35.74302 -481.41741 -315.52033 35.74302 -479.98428 -315.20550 35.74302 -479.43454 -313.48035 35.74302 -481.87412 -313.26870 45.05169 -481.87412 -313.26870 35.74302 -483.69036 -481.40475 26.98203 -482.51462 -479.90697 26.98203 -482.77099 -477.95329 26.98203 -484.35137 -476.83271 26.98203 -485.91566 -476.85526 26.98203 -487.56450 -477.68498 26.98203 -487.66906 -479.46580 26.98203 -487.06451 -481.17202 26.98203 -485.35736 -481.93284 26.98203 -485.23265 -479.35344 35.45161 -485.23265 -479.35344 26.98203 -471.38500 -489.27480 21.15841 -472.32888 -487.06561 21.15841 -474.41221 -485.68311 21.15841 -476.57871 -486.00233 21.15841 -478.32164 -487.83021 21.15841 -478.82480 -490.10563 21.15841 -476.95078 -492.31717 21.15841 -474.51593 -492.69726 21.15841 -472.21251 -491.96449 21.15841 -475.10932 -489.20374 27.64064 -475.10932 -489.20374 21.15841 -310.70060 -395.36498 37.47175 -312.99093 -395.64630 37.47175 -314.45150 -397.33727 37.47175 -314.90116 -399.33921 37.47175 -313.53605 -401.25541 37.47175 -311.46209 -401.96981 37.47175 -309.46064 -400.82084 37.47175 -308.38907 -398.92494 37.47175 -308.84631 -397.00473 37.47175 -311.62591 -398.57123 49.29348 -311.62591 -398.57123 37.47175 -285.33590 -432.21918 42.84758 -286.31016 -432.28995 42.84758 -287.07378 -432.44799 42.84758 -287.66213 -433.64632 42.84758 -287.14373 -434.31245 42.84758 -286.63365 -434.95328 42.84758 -285.39251 -434.61686 42.84758 -284.87747 -434.00961 42.84758 -284.93310 -433.12932 42.84758 -286.16615 -433.53913 50.69208 -286.16615 -433.53913 42.84758 -344.53198 -475.43088 27.01208 -343.80427 -476.56471 27.01208 -342.29676 -476.82779 27.01208 -341.09254 -476.43126 27.01208 -340.46192 -475.29235 27.01208 -340.64688 -473.60172 27.01208 -341.45059 -472.76405 27.01208 -342.99010 -472.96037 27.01208 -344.28310 -473.91806 27.01208 -342.38123 -474.85966 33.25374 -342.38123 -474.85966 27.01208 -457.26348 -439.28767 32.97612 -456.31905 -437.89582 32.97612 -455.98068 -436.16857 32.97612 -456.98899 -435.00758 32.97612 -458.63006 -434.59295 32.97612 -459.73872 -435.07702 32.97612 -460.53335 -436.66694 32.97612 -460.30552 -438.07452 32.97612 -458.88194 -439.03295 32.97612 -458.30570 -436.89343 40.57705 -458.30570 -436.89343 32.97612 -350.49744 -354.07967 35.94997 -348.78413 -352.06711 35.94997 -348.75964 -349.59500 35.94997 -350.13762 -347.79979 35.94997 -352.65309 -346.94965 35.94997 -354.80702 -348.28893 35.94997 -355.64883 -350.54699 35.94997 -354.89821 -352.82625 35.94997 -352.87338 -354.33036 35.94997 -352.03195 -350.69494 43.47793 -352.03195 -350.69494 35.94997 -293.26061 -461.47828 33.69824 -292.16305 -459.73653 33.69824 -292.58857 -457.42037 33.69824 -294.07094 -455.84443 33.69824 -296.05722 -456.17618 33.69824 -298.09122 -457.08119 33.69824 -298.45217 -459.19154 33.69824 -297.51536 -461.23786 33.69824 -295.40726 -462.13808 33.69824 -295.31516 -458.88383 42.35815 -295.31516 -458.88383 33.69824 -373.98509 -401.34197 27.61080 -372.94660 -401.61577 27.61080 -372.36677 -400.93956 27.61080 -372.24605 -400.05603 27.61080 -372.47549 -399.23171 27.61080 -373.30253 -399.03420 27.61080 -374.19566 -399.37164 27.61080 -374.90200 -399.85436 27.61080 -374.71726 -400.91708 27.61080 -373.40086 -400.18498 32.29535 -373.40086 -400.18498 27.61080 -465.56375 -396.49013 29.98508 -467.25578 -396.88346 29.98508 -468.66455 -398.08068 29.98508 -468.96785 -399.80357 29.98508 -467.68283 -401.06776 29.98508 -465.82590 -401.71695 29.98508 -464.60302 -401.01447 29.98508 -463.79089 -399.45479 29.98508 -464.21056 -397.61077 29.98508 -466.30281 -399.07543 38.59648 -466.30281 -399.07543 29.98508 -442.51843 -333.41364 33.70450 -441.09166 -334.74534 33.70450 -439.41815 -334.50022 33.70450 -438.25142 -332.96700 33.70450 -437.85476 -331.27336 33.70450 -438.95122 -329.92095 33.70450 -440.61658 -329.64352 33.70450 -442.37621 -330.33358 33.70450 -443.05996 -331.88705 33.70450 -440.53042 -332.10725 42.56564 -440.53042 -332.10725 33.70450 -454.01831 -483.12285 27.15972 -452.43561 -482.57680 27.15972 -451.85281 -481.72724 27.15972 -451.82534 -480.15481 27.15972 -452.52513 -479.34772 27.15972 -454.18937 -479.27606 27.15972 -455.33077 -479.80444 27.15972 -455.44992 -481.17523 27.15972 -454.89154 -482.51284 27.15972 -453.58292 -481.07829 36.56629 -453.58292 -481.07829 27.15972 -384.06356 -271.87454 43.61622 -385.77933 -270.97017 43.61622 -387.43020 -271.26159 43.61622 -388.54416 -272.71380 43.61622 -388.42417 -274.30370 43.61622 -387.65446 -275.73558 43.61622 -385.90352 -276.26684 43.61622 -384.43099 -275.16522 43.61622 -383.66290 -273.79950 43.61622 -386.23178 -273.61158 50.90994 -386.23178 -273.61158 43.61622 -424.51588 -252.94132 49.96626 -427.43650 -253.69328 49.96626 -429.43799 -256.03728 49.96626 -429.55139 -259.03648 49.96626 -427.60748 -261.44309 49.96626 -424.28068 -261.87263 49.96626 -421.74973 -260.58197 49.96626 -420.62715 -257.64976 49.96626 -421.87446 -254.67338 49.96626 -425.18389 -257.51219 57.26985 -425.18389 -257.51219 49.96626 -342.60823 -314.57322 42.69627 -343.63589 -315.68430 42.69627 -343.91277 -316.96768 42.69627 -343.44015 -318.47196 42.69627 -342.31728 -319.02999 42.69627 -340.59426 -318.44017 42.69627 -339.85399 -317.34186 42.69627 -339.73794 -316.07559 42.69627 -341.07856 -314.77742 42.69627 -341.91758 -316.79589 48.88454 -341.91758 -316.79589 42.69627 -276.48863 -368.98498 35.50286 -277.92888 -367.39786 35.50286 -280.33714 -367.45500 35.50286 -281.99070 -368.88190 35.50286 -282.07709 -370.92820 35.50286 -281.07276 -372.70521 35.50286 -279.02227 -373.47040 35.50286 -277.25521 -372.84998 35.50286 -276.07604 -370.81877 35.50286 -279.08006 -370.44976 44.19561 -279.08006 -370.44976 35.50286 -367.92510 -420.38577 26.61184 -367.75597 -421.14121 26.61184 -367.27221 -422.05558 26.61184 -366.19968 -422.17249 26.61184 -365.26106 -421.52801 26.61184 -364.84518 -420.89279 26.61184 -365.44063 -419.90151 26.61184 -366.31761 -419.24654 26.61184 -367.01350 -419.57101 26.61184 -366.44014 -420.76828 31.52895 -366.44014 -420.76828 26.61184 -452.32664 -319.37049 27.47932 -451.35849 -320.22197 27.47932 -449.38944 -320.43223 27.47932 -448.15702 -319.42245 27.47932 -447.58708 -317.60394 27.47932 -448.53842 -316.25404 27.47932 -449.94447 -315.32085 27.47932 -451.55721 -316.05902 27.47932 -452.68758 -317.30238 27.47932 -450.20593 -318.04775 32.61153 -450.20593 -318.04775 27.47932 -297.47155 -403.72872 41.26814 -297.10233 -405.36288 41.26814 -295.54234 -406.18827 41.26814 -293.69014 -405.39103 41.26814 -292.85444 -404.19352 41.26814 -292.94340 -402.31820 41.26814 -293.95607 -401.15359 41.26814 -295.63666 -401.27189 41.26814 -297.13503 -401.90503 41.26814 -295.14451 -403.48217 50.24405 -295.14451 -403.48217 41.26814 -448.59396 -482.51819 23.79058 -449.71953 -480.47582 23.79058 -451.45247 -479.84018 23.79058 -453.58585 -480.63655 23.79058 -454.93498 -482.34434 23.79058 -454.30093 -484.56848 23.79058 -452.80523 -486.08431 23.79058 -450.75635 -485.77844 23.79058 -448.94557 -484.64115 23.79058 -451.72128 -482.99560 29.04344 -451.72128 -482.99560 23.79058 -267.90506 -487.40446 30.17124 -267.30657 -484.92452 30.17124 -268.12398 -483.09729 30.17124 -270.20447 -481.77579 30.17124 -272.37818 -482.24988 30.17124 -273.86066 -484.15843 30.17124 -273.60109 -486.24786 30.17124 -272.43184 -488.09507 30.17124 -269.94422 -488.24056 30.17124 -270.62313 -485.09973 36.19096 -270.62313 -485.09973 30.17124 -449.22913 -376.44742 22.71406 -445.88706 -377.65964 22.71406 -443.37785 -376.23839 22.71406 -441.69221 -373.22369 22.71406 -442.30117 -370.28285 22.71406 -445.27011 -368.29616 22.71406 -448.29936 -368.75374 22.71406 -450.37013 -370.99343 22.71406 -450.69038 -374.19687 22.71406 -446.37374 -372.92370 31.64230 -446.37374 -372.92370 22.71406 -308.74851 -418.78900 39.99379 -310.22646 -417.95759 39.99379 -311.88197 -418.03638 39.99379 -313.05475 -419.20622 39.99379 -313.31679 -420.82763 39.99379 -312.24449 -421.99109 39.99379 -310.42527 -422.57543 39.99379 -309.09571 -421.83301 39.99379 -308.41009 -420.46712 39.99379 -310.75261 -420.12603 46.73751 -310.75261 -420.12603 39.99379 -442.31409 -438.32896 28.60282 -440.60075 -436.70057 28.60282 -440.49767 -434.41407 28.60282 -441.60807 -432.13315 28.60282 -444.00003 -431.57401 28.60282 -446.21896 -432.76981 28.60282 -447.02876 -434.71369 28.60282 -446.28754 -437.01405 28.60282 -444.63743 -438.29067 28.60282 -443.62956 -435.10948 35.19167 -443.62956 -435.10948 28.60282 -416.18472 -450.79383 29.65091 -414.64287 -452.46265 29.65091 -412.77274 -452.96555 29.65091 -410.54598 -451.90738 29.65091 -409.78498 -449.58226 29.65091 -410.52897 -447.54958 29.65091 -412.36477 -446.32228 29.65091 -414.38018 -447.03748 29.65091 -416.23505 -448.60385 29.65091 -413.11156 -449.61817 38.15103 -413.11156 -449.61817 29.65091 -443.08252 -383.93192 27.49058 -443.91111 -383.88698 27.49058 -444.75464 -384.43089 27.49058 -445.02675 -385.31386 27.49058 -444.51961 -385.96895 27.49058 -443.89187 -386.46489 27.49058 -442.91703 -386.19929 27.49058 -442.07068 -385.36542 27.49058 -442.39593 -384.68544 27.49058 -443.58021 -385.15191 33.01802 -443.58021 -385.15191 27.49058 -251.87094 -461.35784 39.13193 -253.05279 -460.88363 39.13193 -254.35244 -460.74640 39.13193 -255.49707 -462.09555 39.13193 -255.78172 -463.45004 39.13193 -254.70366 -464.52036 39.13193 -253.56902 -464.98519 39.13193 -251.80085 -464.18991 39.13193 -251.50390 -463.09444 39.13193 -253.57726 -462.85056 45.36049 -253.57726 -462.85056 39.13193 -275.80461 -289.27712 45.12937 -275.94615 -291.40139 45.12937 -274.09982 -293.04609 45.12937 -272.14893 -293.38849 45.12937 -270.08560 -292.04571 45.12937 -269.46938 -289.82439 45.12937 -270.29139 -287.73760 45.12937 -272.23009 -286.92000 45.12937 -274.65657 -287.30663 45.12937 -272.73387 -290.21691 52.03503 -272.73387 -290.21691 45.12937 -400.54896 -467.51182 29.41059 -398.27756 -466.83318 29.41059 -396.70285 -464.75122 29.41059 -397.18364 -462.49708 29.41059 -398.78773 -460.68345 29.41059 -401.45275 -460.62437 29.41059 -403.36990 -462.04623 29.41059 -403.88727 -464.67169 29.41059 -402.66474 -466.55090 29.41059 -400.25203 -464.11176 37.44619 -400.25203 -464.11176 29.41059 -285.60985 -421.10522 35.34671 -287.16313 -420.15481 35.34671 -289.82818 -420.49321 35.34671 -291.34868 -422.18364 35.34671 -291.38274 -424.44261 35.34671 -289.80612 -426.22969 35.34671 -287.65405 -426.67346 35.34671 -285.55853 -425.58404 35.34671 -284.71236 -423.65928 35.34671 -288.10653 -423.29351 41.97880 -288.10653 -423.29351 35.34671 -473.10920 -329.73578 32.94023 -472.42690 -330.55977 32.94023 -471.22651 -330.37659 32.94023 -470.46622 -329.53355 32.94023 -470.54267 -328.42591 32.94023 -471.33732 -327.57259 32.94023 -472.36681 -327.09485 32.94023 -473.33897 -327.76348 32.94023 -473.74644 -328.94379 32.94023 -472.00365 -328.82683 41.35198 -472.00365 -328.82683 32.94023 -470.64613 -349.36955 30.84455 -470.71337 -347.70211 30.84455 -472.29602 -346.39558 30.84455 -473.83243 -346.42807 30.84455 -475.56055 -347.43909 30.84455 -475.94992 -349.28331 30.84455 -474.74754 -350.52699 30.84455 -473.41110 -351.36250 30.84455 -471.62849 -350.74159 30.84455 -473.17355 -348.80971 37.74347 -473.17355 -348.80971 30.84455 -324.56793 -374.07103 43.84225 -324.65035 -375.45213 43.84225 -324.29838 -376.66734 43.84225 -322.79679 -377.20530 43.84225 -321.69255 -376.63229 43.84225 -321.08277 -375.79295 43.84225 -320.99952 -374.19269 43.84225 -321.98998 -373.46188 43.84225 -323.75132 -373.55017 43.84225 -322.86814 -375.28184 51.16035 -322.86814 -375.28184 43.84225 -419.49613 -295.72604 38.14866 -420.05244 -297.23492 38.14866 -419.47879 -298.74877 38.14866 -417.78760 -299.84869 38.14866 -416.01843 -299.57892 38.14866 -415.12417 -298.19875 38.14866 -415.02353 -296.17814 38.14866 -416.45279 -295.01696 38.14866 -417.94042 -294.64321 38.14866 -417.52154 -297.25435 46.96699 -417.52154 -297.25435 38.14866 -317.16619 -366.12889 41.44132 -317.78824 -364.06760 41.44132 -319.77210 -363.17805 41.44132 -321.66802 -363.47656 41.44132 -323.03996 -365.03164 41.44132 -323.07327 -366.99632 41.44132 -321.68230 -368.73253 41.44132 -319.66082 -368.86998 41.44132 -317.98851 -367.92605 41.44132 -320.17677 -366.05271 50.26411 -320.17677 -366.05271 41.44132 -321.62742 -373.59118 41.01816 -323.17393 -375.01435 41.01816 -323.00463 -377.48909 41.01816 -321.57233 -378.72776 41.01816 -319.38281 -379.42468 41.01816 -317.56862 -378.21775 41.01816 -317.16391 -376.15595 41.01816 -317.74568 -374.29991 41.01816 -319.48398 -373.16698 41.01816 -320.12279 -376.21602 49.56352 -320.12279 -376.21602 41.01816 -430.69352 -411.45146 32.50303 -429.06315 -411.61621 32.50303 -427.69360 -410.38172 32.50303 -427.53175 -408.63886 32.50303 -428.47669 -407.14962 32.50303 -430.36340 -406.57173 32.50303 -431.88258 -407.41183 32.50303 -432.68837 -408.83739 32.50303 -432.29934 -410.81002 32.50303 -430.08904 -409.19456 41.27580 -430.08904 -409.19456 32.50303 -477.42061 -329.99902 26.13083 -479.93674 -330.19299 26.13083 -482.07111 -332.19315 26.13083 -482.40037 -334.46055 26.13083 -481.17505 -336.94295 26.13083 -478.63090 -337.57444 26.13083 -476.04343 -336.73183 26.13083 -474.71869 -334.28486 26.13083 -475.33841 -331.60465 26.13083 -478.71417 -333.81538 31.28234 -478.71417 -333.81538 26.13083 -464.85094 -366.81436 32.35178 -464.75225 -367.44274 32.35178 -464.03355 -368.28659 32.35178 -463.21445 -368.37438 32.35178 -462.56568 -368.28427 32.35178 -461.86685 -367.22025 32.35178 -462.53322 -366.25728 32.35178 -463.10883 -366.01164 32.35178 -463.94990 -366.06897 32.35178 -463.40700 -367.23353 40.64214 -463.40700 -367.23353 32.35178 -314.71005 -402.59907 35.04801 -311.82713 -402.14496 35.04801 -310.25497 -400.42342 35.04801 -310.05984 -397.68469 35.04801 -311.19734 -395.66680 35.04801 -313.88057 -395.15084 35.04801 -316.06937 -396.04120 35.04801 -317.33639 -398.54822 35.04801 -316.91410 -401.08921 35.04801 -313.58680 -398.82042 40.78198 -313.58680 -398.82042 35.04801 -347.85027 -319.54144 40.36696 -347.27483 -320.71935 40.36696 -345.93073 -321.12913 40.36696 -344.48212 -320.60774 40.36696 -343.97480 -319.62262 40.36696 -344.02378 -317.85346 40.36696 -345.16830 -316.99958 40.36696 -346.86108 -317.21437 40.36696 -347.62545 -317.89580 40.36696 -345.98255 -319.08263 47.38765 -345.98255 -319.08263 40.36696 -481.96911 -342.67681 29.55161 -481.54466 -341.10318 29.55161 -481.89574 -339.60436 29.55161 -483.51124 -338.53824 29.55161 -484.99741 -338.97942 29.55161 -486.22219 -340.19916 29.55161 -485.90352 -342.00789 29.55161 -485.02331 -343.18200 29.55161 -483.50239 -343.40802 29.55161 -483.81386 -341.04666 38.03056 -483.81386 -341.04666 29.55161 -390.37517 -478.69559 29.16953 -390.96027 -476.35791 29.16953 -393.07428 -474.80833 29.16953 -395.27334 -475.07409 29.16953 -397.44924 -477.06350 29.16953 -397.65625 -479.30098 29.16953 -396.09283 -481.61659 29.16953 -393.80442 -482.18274 29.16953 -391.47440 -481.27906 29.16953 -393.97916 -478.48159 36.22366 -393.97916 -478.48159 29.16953 -454.89485 -400.33551 24.44144 -455.98624 -402.67054 24.44144 -455.08605 -405.43933 24.44144 -452.91001 -407.06953 24.44144 -450.44872 -406.76232 24.44144 -448.46317 -404.56317 24.44144 -448.55714 -402.08587 24.44144 -449.75614 -399.96575 24.44144 -452.49021 -399.33793 24.44144 -452.03861 -403.17037 30.92947 -452.03861 -403.17037 24.44144 -445.01167 -301.01098 32.31081 -444.18394 -302.28084 32.31081 -442.09101 -302.80564 32.31081 -440.47522 -302.28059 32.31081 -439.48233 -300.59680 32.31081 -440.36614 -298.61825 32.31081 -441.44896 -297.70177 32.31081 -443.60840 -297.70110 32.31081 -444.65259 -299.19428 32.31081 -442.38962 -300.20310 40.73233 -442.38962 -300.20310 32.31081 -391.99787 -309.42562 44.26140 -390.92476 -307.91969 44.26140 -390.54496 -305.79725 44.26140 -392.10038 -304.14473 44.26140 -393.97842 -303.47757 44.26140 -395.88114 -304.76643 44.26140 -396.71710 -306.69656 44.26140 -396.08589 -308.80550 44.26140 -394.32430 -309.82935 44.26140 -393.65525 -306.75971 54.76855 -393.65525 -306.75971 44.26140 -414.16700 -441.25575 28.29886 -416.77752 -441.92385 28.29886 -418.22425 -443.66712 28.29886 -418.19108 -446.15528 28.29886 -416.51731 -447.85102 28.29886 -414.32953 -448.14749 28.29886 -412.33023 -447.03467 28.29886 -411.53507 -444.75910 28.29886 -412.38671 -442.72455 28.29886 -414.88682 -444.84847 35.48770 -414.88682 -444.84847 28.29886 -398.52733 -459.93040 24.26615 -396.85428 -459.19023 24.26615 -396.38924 -457.66519 24.26615 -397.01838 -455.63309 24.26615 -398.41875 -454.91423 24.26615 -400.19957 -454.93924 24.26615 -401.33286 -456.53942 24.26615 -401.46090 -458.33293 24.26615 -400.60138 -459.77033 24.26615 -399.00678 -457.40147 30.50161 -399.00678 -457.40147 24.26615 -326.06851 -468.63943 27.31652 -328.37322 -469.83281 27.31652 -329.86683 -472.11339 27.31652 -329.08413 -474.48400 27.31652 -326.98472 -475.70135 27.31652 -324.46889 -475.61266 27.31652 -322.86988 -474.19007 27.31652 -322.26410 -471.41142 27.31652 -323.82968 -469.64367 27.31652 -326.04307 -472.40786 37.12916 -326.04307 -472.40786 27.31652 -405.97695 -285.84413 45.98579 -407.11562 -287.17046 45.98579 -407.23422 -288.98596 45.98579 -406.13892 -290.14776 45.98579 -404.41435 -290.15275 45.98579 -402.95035 -289.55343 45.98579 -402.83657 -287.71401 45.98579 -403.22371 -286.26071 45.98579 -404.51787 -285.45368 45.98579 -404.95608 -287.94304 54.40668 -404.95608 -287.94304 45.98579 -258.59543 -305.30837 44.31067 -259.27472 -304.26469 44.31067 -260.46278 -303.41293 44.31067 -261.61640 -304.02451 44.31067 -262.61259 -305.19082 44.31067 -262.22828 -306.21802 44.31067 -261.11940 -307.35778 44.31067 -260.22682 -307.37071 44.31067 -258.84172 -306.39414 44.31067 -260.51704 -305.47648 50.29360 -260.51704 -305.47648 44.31067 -254.23814 -373.36144 34.89754 -254.24032 -375.10676 34.89754 -253.20256 -376.45554 34.89754 -251.51650 -376.55968 34.89754 -250.32956 -376.01658 34.89754 -249.34783 -374.58485 34.89754 -250.11757 -372.75722 34.89754 -251.29478 -371.94249 34.89754 -253.19189 -372.06144 34.89754 -251.91718 -374.25981 43.28389 -251.91718 -374.25981 34.89754 -336.81872 -314.56142 35.92734 -335.15311 -315.10439 35.92734 -333.65047 -314.72138 35.92734 -332.35370 -313.67136 35.92734 -332.86786 -311.67752 35.92734 -333.87480 -310.41345 35.92734 -335.42389 -310.35916 35.92734 -336.84185 -311.11256 35.92734 -337.39548 -312.78988 35.92734 -334.99232 -312.77366 42.43950 -334.99232 -312.77366 35.92734 -431.41925 -384.28944 25.84155 -432.82301 -383.15010 25.84155 -434.62276 -383.51690 25.84155 -435.28267 -384.35047 25.84155 -435.60986 -386.04074 25.84155 -434.56379 -387.12975 25.84155 -433.00096 -387.84889 25.84155 -431.56015 -386.77027 25.84155 -430.98576 -385.47762 25.84155 -433.40550 -385.42259 30.83480 -433.40550 -385.42259 25.84155 -255.80708 -306.75181 44.36906 -255.41459 -308.34381 44.36906 -254.15628 -309.62675 44.36906 -252.03033 -309.60277 44.36906 -250.60200 -308.35482 44.36906 -250.59685 -306.16525 44.36906 -251.43073 -304.64935 44.36906 -253.40114 -304.02249 44.36906 -254.86495 -304.80906 44.36906 -253.18667 -306.92885 54.67509 -253.18667 -306.92885 44.36906 -449.79863 -484.40940 32.01455 -448.99624 -485.24973 32.01455 -448.06478 -485.03732 32.01455 -447.33559 -484.08987 32.01455 -447.28278 -483.35774 32.01455 -447.99200 -482.48301 32.01455 -448.59500 -482.34097 32.01455 -449.61058 -482.53502 32.01455 -450.05544 -483.75445 32.01455 -448.63622 -483.68097 40.89304 -448.63622 -483.68097 32.01455 -460.14125 -299.94037 27.79586 -462.32799 -300.80851 27.79586 -463.35209 -302.68434 27.79586 -463.05504 -305.09416 27.79586 -461.42192 -306.48742 27.79586 -458.85348 -306.77648 27.79586 -457.26952 -305.39874 27.79586 -456.75302 -302.94879 27.79586 -457.92072 -300.90782 27.79586 -460.04022 -303.43762 34.34541 -460.04022 -303.43762 27.79586 -443.90834 -414.50670 28.11839 -442.19558 -415.38786 28.11839 -440.93474 -414.88018 28.11839 -439.71905 -413.66313 28.11839 -440.21033 -412.05376 28.11839 -441.25100 -411.09463 28.11839 -442.58594 -410.96552 28.11839 -444.22076 -411.67526 28.11839 -444.47147 -413.21513 28.11839 -442.12246 -413.02579 32.61546 -442.12246 -413.02579 28.11839 -291.68851 -293.00779 42.14247 -291.99132 -291.39469 42.14247 -293.64333 -290.19606 42.14247 -294.98531 -290.46294 42.14247 -296.27706 -291.39550 42.14247 -296.78687 -293.32507 42.14247 -295.81900 -294.79162 42.14247 -294.39139 -295.17198 42.14247 -292.46940 -294.41697 42.14247 -294.25698 -292.63794 50.72341 -294.25698 -292.63794 42.14247 -320.53055 -338.95250 37.63369 -322.63870 -337.19923 37.63369 -325.33924 -337.48981 37.63369 -327.46166 -339.59694 37.63369 -327.61896 -342.15693 37.63369 -326.29233 -344.66189 37.63369 -323.50521 -345.14131 37.63369 -320.63063 -343.92260 37.63369 -319.74773 -341.57489 37.63369 -323.74228 -341.18846 48.46828 -323.74228 -341.18846 37.63369 -361.92196 -391.72158 31.08481 -361.50432 -393.69015 31.08481 -359.91941 -394.57471 31.08481 -358.25516 -394.57763 31.08481 -357.18234 -392.98496 31.08481 -356.96695 -391.37360 31.08481 -357.99273 -389.81476 31.08481 -359.93666 -389.63376 31.08481 -361.51814 -390.44944 31.08481 -359.51453 -392.09306 37.90210 -359.51453 -392.09306 31.08481 -486.06094 -386.78076 31.20864 -486.80873 -387.78803 31.20864 -486.91164 -388.86834 31.20864 -486.44423 -389.75145 31.20864 -485.40667 -390.39206 31.20864 -484.16107 -389.75870 31.20864 -483.38542 -388.68920 31.20864 -483.71504 -387.82345 31.20864 -484.65571 -386.84500 31.20864 -485.25804 -388.61366 36.99006 -485.25804 -388.61366 31.20864 -453.52184 -307.10281 31.92144 -452.70005 -308.14014 31.92144 -451.02577 -308.13385 31.92144 -450.14178 -307.61764 31.92144 -449.70135 -306.44953 31.92144 -450.30266 -305.20762 31.92144 -451.58147 -304.51003 31.92144 -452.70805 -305.03281 31.92144 -453.55179 -305.88005 31.92144 -451.69283 -306.54475 36.42552 -451.69283 -306.54475 31.92144 -308.71250 -445.84070 31.00260 -306.00946 -445.60027 31.00260 -303.61959 -443.91403 31.00260 -303.03935 -441.22295 31.00260 -304.52093 -438.84832 31.00260 -307.14203 -437.54089 31.00260 -309.71990 -438.47583 31.00260 -311.03147 -440.92998 31.00260 -310.60276 -443.73439 31.00260 -307.13556 -441.87302 40.35883 -307.13556 -441.87302 31.00260 -329.25457 -366.74500 39.85002 -327.94945 -367.22825 39.85002 -326.91705 -366.70572 39.85002 -326.44555 -365.95705 39.85002 -326.86987 -364.47415 39.85002 -327.68259 -363.79537 39.85002 -328.75084 -364.08028 39.85002 -329.43929 -364.91435 39.85002 -329.86637 -365.73493 39.85002 -328.12766 -365.54524 44.16482 -328.12766 -365.54524 39.85002 -359.27328 -267.21289 40.74098 -356.30003 -265.96757 40.74098 -354.57966 -263.26046 40.74098 -355.35161 -260.36531 40.74098 -358.03627 -258.43751 40.74098 -361.07346 -258.46576 40.74098 -363.55442 -260.40847 40.74098 -363.91260 -263.73490 40.74098 -362.08641 -266.37115 40.74098 -359.34782 -262.73535 48.21759 -359.34782 -262.73535 40.74098 -259.52319 -417.96012 37.15589 -260.73872 -416.71731 37.15589 -262.23737 -416.67674 37.15589 -263.32451 -417.72220 37.15589 -263.39255 -419.18452 37.15589 -262.55966 -420.21299 37.15589 -261.30156 -420.78556 37.15589 -260.32555 -420.28198 37.15589 -259.54174 -419.12334 37.15589 -261.44898 -418.77270 42.68555 -261.44898 -418.77270 37.15589 -456.65519 -438.71802 28.39301 -456.86389 -436.69807 28.39301 -458.21703 -435.01385 28.39301 -460.66897 -434.89082 28.39301 -462.27971 -436.01654 28.39301 -462.91145 -438.18568 28.39301 -462.09910 -439.99410 28.39301 -460.00399 -441.00178 28.39301 -458.22710 -440.59787 28.39301 -459.74421 -437.80288 35.60407 -459.74421 -437.80288 28.39301 -455.56515 -420.80581 27.22829 -455.74233 -418.94777 27.22829 -457.07226 -417.32907 27.22829 -458.77875 -417.23271 27.22829 -460.15812 -418.43913 27.22829 -460.93370 -420.12533 27.22829 -459.91824 -421.78351 27.22829 -458.48926 -422.62134 27.22829 -456.51786 -422.25091 27.22829 -458.05207 -419.87748 32.37649 -458.05207 -419.87748 27.22829 -389.97928 -454.19792 23.41865 -386.81599 -453.73634 23.41865 -384.90490 -451.26863 23.41865 -385.05392 -448.08504 23.41865 -386.94902 -446.19227 23.41865 -389.80844 -445.53452 23.41865 -392.72321 -447.11301 23.41865 -393.50109 -449.85396 23.41865 -392.62989 -452.59441 23.41865 -389.16842 -449.83765 32.10495 -389.16842 -449.83765 23.41865 -451.35552 -394.48121 28.11140 -452.79345 -393.59658 28.11140 -454.71429 -393.79808 28.11140 -455.84793 -394.71009 28.11140 -456.35320 -396.45004 28.11140 -455.10429 -398.20305 28.11140 -453.39287 -398.57424 28.11140 -451.84035 -397.67259 28.11140 -451.00503 -396.08809 28.11140 -453.61769 -395.99428 32.74826 -453.61769 -395.99428 28.11140 -438.77749 -299.82625 37.18176 -439.62853 -300.64959 37.18176 -439.70060 -301.46866 37.18176 -439.31904 -302.81809 37.18176 -438.51558 -303.35083 37.18176 -437.21583 -302.75128 37.18176 -436.39305 -301.90036 37.18176 -436.75510 -300.63589 37.18176 -437.26101 -299.77234 37.18176 -438.15253 -301.50190 42.66603 -438.15253 -301.50190 37.18176 -471.91302 -355.19573 34.08587 -472.65298 -354.48148 34.08587 -473.47269 -353.92719 34.08587 -474.60233 -354.29196 34.08587 -475.14970 -354.77490 34.08587 -475.03699 -356.10158 34.08587 -473.98846 -356.53795 34.08587 -473.29202 -356.59843 34.08587 -472.11981 -356.21829 34.08587 -473.55802 -355.32672 43.15943 -473.55802 -355.32672 34.08587 -327.89045 -484.08450 24.95389 -327.46059 -484.75127 24.95389 -326.16298 -485.25857 24.95389 -325.33238 -484.60863 24.95389 -324.60529 -483.85925 24.95389 -325.01272 -482.56325 24.95389 -325.94854 -481.73603 24.95389 -327.21894 -482.00531 24.95389 -327.79467 -482.92005 24.95389 -326.35781 -483.53029 29.89084 -326.35781 -483.53029 24.95389 -364.05417 -311.19038 38.69682 -366.28796 -310.75484 38.69682 -367.65915 -312.15822 38.69682 -368.19422 -314.06527 38.69682 -367.11848 -316.01753 38.69682 -365.08514 -316.75513 38.69682 -363.18947 -316.43957 38.69682 -362.10627 -314.40250 38.69682 -362.60627 -312.33135 38.69682 -365.16672 -313.87595 47.44109 -365.16672 -313.87595 38.69682 -456.07608 -399.63306 25.49477 -457.21567 -400.91304 25.49477 -456.92884 -403.11700 25.49477 -455.63623 -404.19293 25.49477 -453.75114 -404.45025 25.49477 -452.21894 -403.62456 25.49477 -451.69421 -401.87569 25.49477 -452.66688 -399.93843 25.49477 -454.04881 -399.31850 25.49477 -454.51926 -401.88742 34.55356 -454.51926 -401.88742 25.49477 -408.52985 -269.52740 55.23189 -407.44842 -268.35009 55.23189 -406.79801 -267.19426 55.23189 -407.76098 -265.80923 55.23189 -409.10574 -265.21114 55.23189 -410.46891 -265.36394 55.23189 -411.15644 -266.83944 55.23189 -410.98966 -268.20133 55.23189 -409.76155 -269.47897 55.23189 -409.03815 -267.30876 63.27619 -409.03815 -267.30876 55.23189 -413.90134 -362.30374 29.88648 -414.44472 -363.63888 29.88648 -414.33658 -365.25558 29.88648 -412.97159 -366.32573 29.88648 -411.59272 -366.29778 29.88648 -410.14693 -365.05895 29.88648 -410.31044 -363.42984 29.88648 -410.96001 -362.41880 29.88648 -412.35463 -361.65932 29.88648 -412.30677 -364.00658 37.11028 -412.30677 -364.00658 29.88648 -440.84987 -392.09748 26.61008 -443.05309 -392.21134 26.61008 -444.89770 -394.02450 26.61008 -444.83468 -396.59676 26.61008 -443.62770 -398.57754 26.61008 -441.23811 -398.92342 26.61008 -438.80348 -397.65123 26.61008 -437.83329 -395.42534 26.61008 -438.55851 -393.20690 26.61008 -441.51774 -395.42200 33.98102 -441.51774 -395.42200 26.61008 -393.26646 -400.99409 31.38369 -394.29125 -402.07290 31.38369 -394.65520 -403.91404 31.38369 -393.55920 -405.33249 31.38369 -392.28320 -405.74515 31.38369 -390.56530 -405.25797 31.38369 -389.95246 -403.79348 31.38369 -390.30225 -402.10286 31.38369 -391.26494 -401.15423 31.38369 -392.25234 -403.42714 40.68066 -392.25234 -403.42714 31.38369 -461.93034 -469.79884 21.71078 -463.34533 -471.13475 21.71078 -463.99626 -473.01773 21.71078 -462.73565 -475.00866 21.71078 -460.80913 -475.49838 21.71078 -459.05411 -474.54374 21.71078 -458.28846 -472.87733 21.71078 -458.49615 -471.14021 21.71078 -460.12976 -469.89905 21.71078 -461.01279 -472.58155 29.04778 -461.01279 -472.58155 21.71078 -321.77746 -408.85977 36.80496 -322.55628 -409.80157 36.80496 -322.22898 -411.11415 36.80496 -321.20442 -411.82657 36.80496 -320.33682 -411.71733 36.80496 -318.99102 -411.15788 36.80496 -318.75388 -409.78990 36.80496 -319.75516 -408.83395 36.80496 -320.83061 -408.44385 36.80496 -320.75534 -410.13085 41.36629 -320.75534 -410.13085 36.80496 -361.69584 -373.69124 33.50807 -362.99515 -374.91394 33.50807 -363.88855 -377.13316 33.50807 -362.94509 -378.95736 33.50807 -360.67476 -379.57839 33.50807 -358.95725 -379.30160 33.50807 -357.74289 -377.43581 33.50807 -358.07519 -375.41359 33.50807 -359.65946 -373.99861 33.50807 -360.68067 -376.65188 40.15383 -360.68067 -376.65188 33.50807 -356.07653 -293.70699 47.90914 -355.76593 -292.27591 47.90914 -356.74572 -291.18399 47.90914 -358.22922 -290.88209 47.90914 -359.67606 -291.50680 47.90914 -360.40354 -293.13373 47.90914 -359.54401 -294.46855 47.90914 -358.68630 -295.00262 47.90914 -357.06100 -294.94271 47.90914 -358.04516 -293.06422 56.68390 -358.04516 -293.06422 47.90914 -255.40538 -283.25904 46.90667 -253.66091 -281.81369 46.90667 -252.80638 -279.03237 46.90667 -254.28368 -276.67753 46.90667 -256.45032 -275.75494 46.90667 -259.13762 -276.43298 46.90667 -260.57265 -278.72209 46.90667 -260.19121 -281.21494 46.90667 -258.01630 -283.17031 46.90667 -256.78502 -279.57387 55.05308 -256.78502 -279.57387 46.90667 -304.68973 -370.45898 42.78450 -305.43226 -371.31609 42.78450 -304.83987 -372.44204 42.78450 -303.61902 -373.45603 42.78450 -302.79495 -372.85847 42.78450 -301.96152 -371.93561 42.78450 -301.63718 -370.80147 42.78450 -302.57493 -370.05252 42.78450 -303.77002 -369.89952 42.78450 -303.44243 -371.46700 49.32016 -303.44243 -371.46700 42.78450 -355.11798 -260.00152 45.23966 -357.53757 -260.19664 45.23966 -358.74228 -261.49151 45.23966 -359.25886 -263.41776 45.23966 -358.23024 -265.37472 45.23966 -356.28227 -266.23121 45.23966 -354.33549 -265.32309 45.23966 -353.09894 -263.35895 45.23966 -353.36045 -261.35922 45.23966 -356.20093 -263.01255 54.45372 -356.20093 -263.01255 45.23966 -466.85634 -391.99429 32.83478 -466.47835 -390.39201 32.83478 -467.36763 -389.20114 32.83478 -468.77808 -388.70303 32.83478 -469.92859 -389.19090 32.83478 -471.07159 -390.50005 32.83478 -470.63043 -391.78317 32.83478 -469.52686 -392.87883 32.83478 -467.86214 -392.78199 32.83478 -468.66123 -390.79371 40.22264 -468.66123 -390.79371 32.83478 -303.39789 -458.50556 32.84917 -304.12349 -459.13849 32.84917 -303.88747 -460.63507 32.84917 -302.81817 -461.15932 32.84917 -301.73141 -461.44915 32.84917 -300.97063 -460.65079 32.84917 -300.85400 -459.27093 32.84917 -301.52498 -458.46980 32.84917 -302.40436 -458.09255 32.84917 -302.42105 -459.62467 38.59920 -302.42105 -459.62467 32.84917 -416.06392 -306.86119 35.36571 -415.23515 -304.12937 35.36571 -416.10328 -301.80131 35.36571 -418.01007 -300.67026 35.36571 -420.54119 -300.89145 35.36571 -422.38595 -302.87655 35.36571 -422.13127 -305.36759 35.36571 -420.73433 -307.29592 35.36571 -418.18594 -308.03401 35.36571 -418.78957 -304.28720 43.09168 -418.78957 -304.28720 35.36571 -353.88256 -427.64604 27.81434 -354.13075 -428.60524 27.81434 -354.14121 -429.81002 27.81434 -352.86014 -430.39201 27.81434 -351.97329 -430.32332 27.81434 -351.20869 -429.78793 27.81434 -350.88590 -428.55203 27.81434 -351.35806 -427.53664 27.81434 -352.40244 -426.94215 27.81434 -352.54609 -428.80372 32.82844 -352.54609 -428.80372 27.81434 -393.56874 -324.20748 38.87170 -391.88704 -326.71801 38.87170 -389.41708 -327.27158 38.87170 -387.22242 -326.41708 38.87170 -386.06967 -324.17036 38.87170 -386.46978 -321.64976 38.87170 -388.40680 -319.99426 38.87170 -391.45467 -320.16516 38.87170 -393.01688 -321.96611 38.87170 -389.75032 -323.54793 46.53272 -389.75032 -323.54793 38.87170 -358.84408 -317.16866 41.79763 -358.92244 -315.61052 41.79763 -359.78710 -314.33595 41.79763 -361.64974 -314.47215 41.79763 -362.71137 -315.07792 41.79763 -363.34253 -316.23155 41.79763 -362.87887 -318.00575 41.79763 -361.41742 -318.48206 41.79763 -359.94454 -318.33218 41.79763 -361.06733 -316.45511 49.62418 -361.06733 -316.45511 41.79763 -448.31549 -419.64671 25.70370 -446.80965 -420.14771 25.70370 -444.91714 -419.34719 25.70370 -444.12354 -417.81813 25.70370 -444.66220 -416.43748 25.70370 -445.66707 -415.21985 25.70370 -447.76399 -415.38479 25.70370 -448.83895 -416.12637 25.70370 -449.12394 -417.91554 25.70370 -446.71072 -417.52269 34.35185 -446.71072 -417.52269 25.70370 -315.27217 -366.11179 45.45020 -316.07773 -365.13547 45.45020 -317.45487 -365.10670 45.45020 -318.87149 -365.33984 45.45020 -319.22165 -366.85862 45.45020 -318.99870 -367.93816 45.45020 -317.96920 -368.59195 45.45020 -316.67463 -368.68532 45.45020 -315.64570 -367.44884 45.45020 -317.30291 -366.79311 53.73353 -317.30291 -366.79311 45.45020 -262.12871 -481.81438 30.66320 -261.02246 -479.46002 30.66320 -261.37964 -476.47655 30.66320 -263.61939 -475.01582 30.66320 -266.34965 -475.04815 30.66320 -268.33349 -476.97167 30.66320 -268.75446 -479.54022 30.66320 -267.26516 -482.02313 30.66320 -264.46326 -482.87518 30.66320 -264.79895 -478.81357 39.81740 -264.79895 -478.81357 30.66320 -388.71298 -357.55812 33.03765 -390.30233 -357.95623 33.03765 -391.23085 -359.20149 33.03765 -391.11395 -360.82801 33.03765 -390.03598 -362.29102 33.03765 -388.74617 -362.46102 33.03765 -387.34529 -361.44761 33.03765 -386.55248 -359.87972 33.03765 -387.34709 -358.31694 33.03765 -389.09287 -360.09813 42.92196 -389.09287 -360.09813 33.03765 -407.63697 -384.69840 25.74906 -408.71671 -385.68790 25.74906 -408.39934 -387.26530 25.74906 -407.70617 -388.17645 25.74906 -406.07541 -388.52784 25.74906 -404.69892 -387.92317 25.74906 -404.11644 -386.56466 25.74906 -404.89472 -385.07114 25.74906 -406.20937 -384.16514 25.74906 -406.44896 -386.41134 30.99531 -406.44896 -386.41134 25.74906 -282.12500 -482.44932 30.10816 -282.67472 -481.11683 30.10816 -284.52115 -480.30304 30.10816 -285.92787 -480.54212 30.10816 -287.05688 -481.99177 30.10816 -286.99512 -483.82752 30.10816 -285.92232 -484.91072 30.10816 -284.22252 -485.10635 30.10816 -282.63922 -484.24169 30.10816 -284.65075 -482.77077 38.28886 -284.65075 -482.77077 30.10816 -335.66482 -368.06023 37.45126 -333.16910 -368.13527 37.45126 -331.21014 -366.82671 37.45126 -330.65228 -364.46744 37.45126 -331.62520 -362.32227 37.45126 -333.52854 -361.01416 37.45126 -336.31763 -361.91681 37.45126 -337.65407 -363.67662 37.45126 -337.43840 -366.20452 37.45126 -334.04230 -364.76991 47.91095 -334.04230 -364.76991 37.45126 -443.99238 -336.61131 25.93360 -445.95957 -337.74699 25.93360 -446.62597 -339.23450 25.93360 -446.12687 -341.30639 25.93360 -444.56365 -342.20527 25.93360 -442.32231 -342.02426 25.93360 -441.04736 -340.61801 25.93360 -441.32159 -338.63180 25.93360 -442.39010 -336.96610 25.93360 -443.83539 -339.57403 32.75641 -443.83539 -339.57403 25.93360 -342.62025 -255.78247 48.80987 -343.66993 -254.70528 48.80987 -345.38815 -254.55176 48.80987 -346.49506 -255.54766 48.80987 -347.05956 -257.26926 48.80987 -346.27575 -258.85566 48.80987 -344.78102 -259.51183 48.80987 -343.07647 -258.80644 48.80987 -342.49941 -257.27836 48.80987 -344.58427 -256.96186 57.20009 -344.58427 -256.96186 48.80987 -338.62962 -387.55364 34.15781 -335.69955 -388.12117 34.15781 -332.66830 -386.89706 34.15781 -331.29777 -384.37554 34.15781 -332.33077 -381.29159 34.15781 -334.63239 -379.35629 34.15781 -337.99529 -379.33251 34.15781 -340.01935 -381.56071 34.15781 -340.40490 -384.92957 34.15781 -336.02982 -383.69181 41.02630 -336.02982 -383.69181 34.15781 -355.26509 -470.18999 27.64944 -356.66996 -470.24243 27.64944 -357.50335 -471.07994 27.64944 -357.33999 -472.37433 27.64944 -356.89469 -473.47360 27.64944 -355.36390 -473.51058 27.64944 -354.56655 -473.02829 27.64944 -354.00911 -472.22112 27.64944 -354.38342 -470.81649 27.64944 -355.76500 -471.90854 33.97470 -355.76500 -471.90854 27.64944 -301.61318 -470.86072 27.35984 -300.78942 -468.37360 27.35984 -301.24111 -465.97935 27.35984 -303.51274 -464.59717 27.35984 -305.99181 -464.49822 27.35984 -307.92510 -466.50365 27.35984 -308.24222 -469.04242 27.35984 -306.72560 -471.20672 27.35984 -304.00652 -471.97495 27.35984 -304.38306 -468.06823 32.75499 -304.38306 -468.06823 27.35984 -477.42653 -430.72942 29.18015 -479.34490 -432.32238 29.18015 -479.26830 -434.44842 29.18015 -478.03516 -436.51744 29.18015 -476.00541 -437.25174 29.18015 -473.88771 -436.40057 29.18015 -472.69412 -434.25606 29.18015 -473.19744 -431.93064 29.18015 -475.01552 -430.49389 29.18015 -476.17825 -433.85005 39.13942 -476.17825 -433.85005 29.18015 -446.65633 -486.50760 32.28389 -447.40312 -485.83440 32.28389 -448.36744 -485.88922 32.28389 -448.99925 -486.68017 32.28389 -449.20618 -487.88324 32.28389 -448.56158 -488.41951 32.28389 -447.27902 -488.74604 32.28389 -446.66208 -488.08442 32.28389 -446.11900 -487.32565 32.28389 -447.66962 -487.30251 41.52993 -447.66962 -487.30251 32.28389 -399.27028 -400.82006 21.93130 -399.43041 -403.46142 21.93130 -398.13871 -406.10039 21.93130 -395.04130 -407.39917 21.93130 -392.47321 -406.12639 21.93130 -390.86058 -403.47317 21.93130 -391.73406 -400.70420 21.93130 -393.80212 -398.67618 21.93130 -396.70157 -398.67172 21.93130 -395.26445 -402.85018 31.39275 -395.26445 -402.85018 21.93130 -428.52404 -376.15548 26.71947 -429.32077 -377.20458 26.71947 -429.29215 -378.10481 26.71947 -428.65205 -378.84251 26.71947 -427.50773 -379.15509 26.71947 -426.58060 -378.62538 26.71947 -426.09181 -377.35327 26.71947 -426.68122 -376.37362 26.71947 -427.64381 -376.02209 26.71947 -427.80472 -377.58533 32.74621 -427.80472 -377.58533 26.71947 -418.40708 -431.02499 25.30323 -417.94841 -428.14587 25.30323 -419.51755 -426.00260 25.30323 -422.56210 -425.04117 25.30323 -425.14076 -426.16690 25.30323 -426.44633 -428.66230 25.30323 -426.20178 -431.25905 25.30323 -423.69142 -433.17528 25.30323 -420.94013 -433.35237 25.30323 -422.34529 -429.15392 35.61164 -422.34529 -429.15392 25.30323 -397.00304 -397.29484 31.17360 -397.86642 -396.97264 31.17360 -398.89989 -396.85279 31.17360 -399.58895 -397.76164 31.17360 -399.31104 -398.65104 31.17360 -398.73288 -399.63988 31.17360 -397.56202 -399.65667 31.17360 -396.67258 -398.87571 31.17360 -396.73171 -398.23139 31.17360 -398.04022 -398.22053 40.40594 -398.04022 -398.22053 31.17360 -265.66875 -333.39187 37.56651 -265.61326 -330.87047 37.56651 -266.97668 -328.83353 37.56651 -269.90211 -328.02363 37.56651 -271.99556 -329.33296 37.56651 -273.18214 -331.71345 37.56651 -272.41201 -334.27724 37.56651 -270.17566 -335.66380 37.56651 -267.62697 -335.18666 37.56651 -269.33700 -331.85690 48.04566 -269.33700 -331.85690 37.56651 -443.82991 -297.93401 38.59034 -443.88380 -296.79577 38.59034 -444.97927 -296.04872 38.59034 -446.26266 -296.30277 38.59034 -446.89915 -297.25017 38.59034 -447.23118 -298.24687 38.59034 -446.17805 -299.17861 38.59034 -445.42146 -299.28596 38.59034 -444.25629 -299.04756 38.59034 -445.44688 -297.71536 45.23819 -445.44688 -297.71536 38.59034 -257.47550 -463.68485 32.37285 -256.94735 -466.92166 32.37285 -254.84391 -468.97628 32.37285 -251.88638 -469.24486 32.37285 -249.49841 -467.64375 32.37285 -248.47036 -464.71978 32.37285 -249.53975 -461.76336 32.37285 -252.63769 -460.80039 32.37285 -255.27755 -461.26695 32.37285 -252.94667 -465.08515 37.89684 -252.94667 -465.08515 32.37285 -314.54591 -337.55286 44.66557 -315.42787 -338.40306 44.66557 -315.75057 -340.17193 44.66557 -314.58545 -341.35643 44.66557 -313.09752 -341.96584 44.66557 -311.64761 -341.14703 44.66557 -310.98558 -339.35055 44.66557 -311.33571 -338.00678 44.66557 -312.94744 -336.92323 44.66557 -313.39095 -339.47992 53.18053 -313.39095 -339.47992 44.66557 -371.32271 -251.20603 50.13835 -372.40374 -249.04311 50.13835 -374.04383 -247.59973 50.13835 -376.74257 -248.09722 50.13835 -378.34014 -249.61268 50.13835 -378.33032 -251.92052 50.13835 -377.00679 -254.10382 50.13835 -374.49144 -254.45880 50.13835 -372.20627 -253.24798 50.13835 -374.96684 -251.08445 59.52535 -374.96684 -251.08445 50.13835 -326.45506 -306.84122 39.45207 -326.73262 -308.98242 39.45207 -325.49607 -310.84590 39.45207 -323.04283 -311.52594 39.45207 -321.05719 -310.90051 39.45207 -320.07368 -308.75711 39.45207 -320.35199 -306.32860 39.45207 -322.30348 -305.00414 39.45207 -324.73891 -305.16414 39.45207 -323.32536 -308.27872 47.60748 -323.32536 -308.27872 39.45207 -301.75351 -309.01239 38.70163 -302.82048 -309.23882 38.70163 -303.69528 -310.18474 38.70163 -303.60784 -311.07064 38.70163 -302.81105 -311.82730 38.70163 -301.31487 -311.98798 38.70163 -300.72227 -311.23780 38.70163 -300.40099 -310.09737 38.70163 -300.70813 -309.22748 38.70163 -302.02318 -310.49256 43.24495 -302.02318 -310.49256 38.70163 -307.32338 -253.04914 46.66972 -309.42213 -254.14760 46.66972 -310.19984 -256.13176 46.66972 -309.69465 -258.28526 46.66972 -307.63911 -259.34461 46.66972 -305.33973 -259.30380 46.66972 -303.74038 -257.46502 46.66972 -303.51011 -255.09612 46.66972 -305.36734 -253.28537 46.66972 -306.89978 -256.22317 55.23099 -306.89978 -256.22317 46.66972 -471.54863 -463.89218 24.10977 -471.74375 -462.55617 24.10977 -472.44486 -461.86639 24.10977 -473.84631 -461.86894 24.10977 -474.87775 -462.35064 24.10977 -475.17827 -463.58137 24.10977 -474.56796 -464.55408 24.10977 -473.44234 -465.14505 24.10977 -472.14157 -465.10784 24.10977 -473.25829 -463.45746 28.50178 -473.25829 -463.45746 24.10977 -274.44046 -362.59611 36.75379 -275.87109 -363.15923 36.75379 -277.19043 -364.32558 36.75379 -277.05787 -366.08117 36.75379 -276.08192 -367.16576 36.75379 -274.20381 -367.50329 36.75379 -272.98335 -366.56518 36.75379 -272.60457 -365.10109 36.75379 -272.86207 -363.60471 36.75379 -274.82663 -365.19098 42.42473 -274.82663 -365.19098 36.75379 -486.54313 -342.60625 26.70862 -484.15405 -341.60852 26.70862 -483.12804 -339.18650 26.70862 -483.58068 -336.79863 26.70862 -485.72050 -335.48561 26.70862 -487.94700 -335.32788 26.70862 -489.88213 -337.24833 26.70862 -490.08202 -339.77946 26.70862 -488.98608 -341.64053 26.70862 -486.69700 -338.80746 37.43925 -486.69700 -338.80746 26.70862 -293.82005 -382.43064 38.79673 -292.75468 -381.05950 38.79673 -292.71281 -378.95064 38.79673 -294.35828 -377.49717 38.79673 -296.60901 -377.15766 38.79673 -298.20460 -378.38103 38.79673 -298.92313 -380.70837 38.79673 -297.98025 -382.34105 38.79673 -295.66233 -383.23665 38.79673 -295.64684 -380.17105 44.86131 -295.64684 -380.17105 38.79673 -292.73871 -438.90385 35.52668 -290.08102 -440.96086 35.52668 -286.80721 -440.86368 35.52668 -284.62880 -438.73719 35.52668 -284.49100 -435.33276 35.52668 -286.29881 -432.80447 35.52668 -289.11231 -431.85273 35.52668 -292.19450 -433.07468 35.52668 -293.51396 -436.18944 35.52668 -288.85511 -436.52564 46.74162 -288.85511 -436.52564 35.52668 -277.68498 -363.07025 36.51410 -276.20447 -362.71619 36.51410 -275.22912 -361.24521 36.51410 -275.49871 -359.79983 36.51410 -276.47645 -359.06114 36.51410 -277.91956 -359.07452 36.51410 -279.11119 -359.66582 36.51410 -279.27990 -361.39825 36.51410 -278.86414 -362.47337 36.51410 -277.40283 -360.96527 41.88273 -277.40283 -360.96527 36.51410 -484.03214 -492.41938 19.40249 -482.22799 -491.52724 19.40249 -481.20949 -489.96276 19.40249 -481.72849 -487.68778 19.40249 -483.40752 -486.72890 19.40249 -485.47680 -486.67167 19.40249 -487.00281 -488.07820 19.40249 -487.23437 -489.96352 19.40249 -485.92126 -492.02984 19.40249 -484.13390 -489.48685 24.43873 -484.13390 -489.48685 19.40249 -313.86012 -293.23778 37.31240 -315.75828 -291.80402 37.31240 -318.08122 -291.59225 37.31240 -320.01892 -293.08436 37.31240 -320.43323 -295.45183 37.31240 -319.71982 -297.51209 37.31240 -317.34150 -298.65208 37.31240 -314.93179 -297.78433 37.31240 -313.73672 -295.61377 37.31240 -317.11100 -294.93135 42.64928 -317.11100 -294.93135 37.31240 -482.13679 -354.21405 25.74834 -479.80980 -355.38571 25.74834 -477.13575 -354.23636 25.74834 -475.62198 -352.14793 25.74834 -476.29643 -349.08466 25.74834 -478.31652 -347.36847 25.74834 -481.20559 -347.23151 25.74834 -483.06456 -349.28447 25.74834 -483.82279 -351.88336 25.74834 -479.63062 -351.20523 35.42021 -479.63062 -351.20523 25.74834 -396.56043 -435.47765 23.32750 -394.91888 -434.24339 23.32750 -394.36404 -431.90603 23.32750 -395.21316 -430.05458 23.32750 -397.21776 -428.76196 23.32750 -399.67841 -429.47439 23.32750 -401.09858 -431.27563 23.32750 -400.78081 -433.80238 23.32750 -399.00116 -435.47304 23.32750 -397.64442 -432.29911 33.85893 -397.64442 -432.29911 23.32750 -265.91735 -250.82388 54.45338 -266.03414 -249.73799 54.45338 -266.83402 -249.32829 54.45338 -267.99737 -249.21462 54.45338 -268.53067 -249.91812 54.45338 -268.74088 -250.90855 54.45338 -268.36426 -251.72595 54.45338 -267.25362 -251.95132 54.45338 -266.55898 -251.48004 54.45338 -267.38306 -250.63526 60.98460 -267.38306 -250.63526 54.45338 -431.08698 -353.05246 30.82042 -430.29262 -352.33770 30.82042 -430.88179 -351.08754 30.82042 -431.48085 -350.71112 30.82042 -432.72694 -350.36467 30.82042 -433.38529 -351.33333 30.82042 -433.40290 -352.24646 30.82042 -432.99477 -353.36388 30.82042 -432.11458 -353.60653 30.82042 -432.04624 -351.98083 39.03813 -432.04624 -351.98083 30.82042 -380.16075 -314.31142 42.43493 -378.69872 -315.12923 42.43493 -377.04759 -314.97826 42.43493 -375.77955 -313.72643 42.43493 -375.70729 -311.88211 42.43493 -376.67190 -310.82130 42.43493 -378.28806 -310.50206 42.43493 -379.73882 -310.96379 42.43493 -380.43442 -312.56039 42.43493 -377.96830 -312.83587 50.76126 -377.96830 -312.83587 42.43493 -410.74548 -304.14948 40.58002 -412.65041 -304.31211 40.58002 -414.31304 -305.70435 40.58002 -414.54935 -307.96401 40.58002 -413.59765 -309.53496 40.58002 -411.34595 -309.99547 40.58002 -409.74353 -309.45104 40.58002 -408.66953 -307.71977 40.58002 -409.36163 -305.72228 40.58002 -411.71279 -307.16125 49.71138 -411.71279 -307.16125 40.58002 -255.87094 -356.54353 37.37065 -254.44609 -356.23213 37.37065 -253.80276 -354.63568 37.37065 -254.07326 -353.21977 37.37065 -255.09138 -352.22399 37.37065 -256.52973 -352.16119 37.37065 -257.75613 -353.08045 37.37065 -257.80641 -354.43728 37.37065 -257.16566 -355.92944 37.37065 -255.86451 -354.35872 42.55890 -255.86451 -354.35872 37.37065 -478.64751 -341.46632 26.83143 -478.12460 -339.30823 26.83143 -478.76083 -337.18743 26.83143 -481.20434 -336.00939 26.83143 -483.18337 -336.29042 26.83143 -484.67156 -338.02186 26.83143 -484.82246 -340.45126 26.83143 -483.08179 -342.26262 26.83143 -480.98479 -342.54995 26.83143 -481.53621 -339.33212 32.41416 -481.53621 -339.33212 26.83143 -366.88049 -325.22381 37.98195 -364.11106 -325.73851 37.98195 -361.84867 -324.50056 37.98195 -361.01540 -321.74484 37.98195 -361.84545 -319.62855 37.98195 -364.11818 -317.95607 37.98195 -366.68650 -318.55363 37.98195 -368.56118 -320.67497 37.98195 -368.24411 -323.32101 37.98195 -364.78832 -321.92907 46.39771 -364.78832 -321.92907 37.98195 -402.08942 -357.48263 29.13931 -403.18239 -357.17772 29.13931 -404.36908 -357.66824 29.13931 -405.26695 -359.34936 29.13931 -404.84774 -360.59639 29.13931 -403.79457 -361.47438 29.13931 -402.09288 -361.21477 29.13931 -401.15793 -360.28738 29.13931 -401.16796 -358.63880 29.13931 -403.08526 -359.32110 37.57424 -403.08526 -359.32110 29.13931 -442.98030 -274.13910 44.11813 -441.69513 -272.24333 44.11813 -441.22120 -270.22635 44.11813 -442.58782 -268.45723 44.11813 -444.78390 -267.95339 44.11813 -446.78237 -268.98516 44.11813 -447.79600 -270.79514 44.11813 -446.92783 -272.65613 44.11813 -445.34313 -274.05566 44.11813 -444.46725 -271.07623 49.43048 -444.46725 -271.07623 44.11813 -398.38439 -369.56561 24.12770 -396.06650 -368.59990 24.12770 -394.75776 -365.70013 24.12770 -395.87831 -363.18676 24.12770 -398.16906 -361.90315 24.12770 -400.76512 -362.03689 24.12770 -402.41218 -364.40831 24.12770 -402.54671 -366.71529 24.12770 -400.94155 -369.11574 24.12770 -398.81412 -365.70862 30.58180 -398.81412 -365.70862 24.12770 -324.35059 -395.69673 40.29910 -323.52002 -394.66352 40.29910 -324.23699 -393.39925 40.29910 -325.36961 -392.54761 40.29910 -326.67999 -392.90495 40.29910 -327.21754 -393.66331 40.29910 -327.51390 -395.14702 40.29910 -326.52968 -395.98527 40.29910 -325.32774 -396.25072 40.29910 -325.61800 -394.55393 46.41840 -325.61800 -394.55393 40.29910 -462.41541 -353.30170 31.63074 -462.48474 -352.04917 31.63074 -463.15388 -351.27329 31.63074 -464.26473 -350.81180 31.63074 -465.50059 -351.41384 31.63074 -465.79497 -352.44982 31.63074 -465.45461 -353.74699 31.63074 -464.37409 -354.39151 31.63074 -463.41928 -353.98973 31.63074 -464.13181 -352.59464 39.75644 -464.13181 -352.59464 31.63074 -424.35823 -290.86051 41.92361 -425.48599 -290.38114 41.92361 -427.13214 -290.94827 41.92361 -427.56112 -291.57494 41.92361 -427.81047 -293.05597 41.92361 -426.61726 -293.87655 41.92361 -425.35893 -294.17322 41.92361 -424.51385 -293.66562 41.92361 -424.18332 -292.14172 41.92361 -425.90421 -292.33059 46.88028 -425.90421 -292.33059 41.92361 -255.99012 -356.75029 40.82169 -257.41623 -357.95725 40.82169 -257.76143 -359.81823 40.82169 -256.93817 -361.23270 40.82169 -255.13485 -362.04768 40.82169 -253.07229 -361.45597 40.82169 -252.22581 -359.64438 40.82169 -252.63968 -357.89464 40.82169 -254.08763 -356.59636 40.82169 -255.13581 -359.20746 50.59239 -255.13581 -359.20746 40.82169 -326.62844 -307.33339 35.82385 -324.79898 -306.01014 35.82385 -324.30568 -303.83979 35.82385 -325.47168 -301.55311 35.82385 -327.67364 -300.49553 35.82385 -330.21374 -301.51038 35.82385 -331.15146 -303.45873 35.82385 -331.00789 -305.68119 35.82385 -329.13958 -307.26148 35.82385 -327.94169 -304.16849 43.83548 -327.94169 -304.16849 35.82385 -294.01907 -330.64327 40.48245 -294.97891 -331.50403 40.48245 -295.32875 -333.23582 40.48245 -294.25910 -334.47458 40.48245 -292.89314 -334.72398 40.48245 -291.42841 -334.44633 40.48245 -290.83893 -332.78334 40.48245 -290.96988 -331.19534 40.48245 -292.24466 -330.24627 40.48245 -292.95162 -332.64537 50.58639 -292.95162 -332.64537 40.48245 -319.25476 -437.58982 34.80654 -318.49158 -437.64962 34.80654 -317.53048 -437.12386 34.80654 -317.06211 -435.85224 34.80654 -317.32607 -435.30997 34.80654 -318.12638 -434.50331 34.80654 -319.51432 -434.70569 34.80654 -320.10337 -435.63678 34.80654 -319.75867 -436.69836 34.80654 -318.56848 -436.08461 40.95002 -318.56848 -436.08461 34.80654 -369.94071 -389.92349 28.92220 -368.45832 -389.17323 28.92220 -367.47010 -387.99736 28.92220 -368.02946 -385.99927 28.92220 -369.00362 -384.64045 28.92220 -371.01482 -384.98712 28.92220 -372.43062 -386.25609 28.92220 -372.63335 -387.70028 28.92220 -371.72781 -389.37831 28.92220 -370.10946 -387.35018 34.97966 -370.10946 -387.35018 28.92220 -406.74569 -403.40611 26.86724 -408.95323 -402.00944 26.86724 -411.05917 -402.87581 26.86724 -412.57396 -404.56245 26.86724 -412.48842 -406.91002 26.86724 -410.62037 -408.44863 26.86724 -408.78173 -408.87790 26.86724 -406.46390 -407.57863 26.86724 -405.79815 -405.56162 26.86724 -409.30660 -405.51295 36.88077 -409.30660 -405.51295 26.86724 -405.51794 -296.44181 43.91394 -406.26254 -297.80154 43.91394 -405.60500 -299.35502 43.91394 -404.68196 -300.28307 43.91394 -403.33720 -300.41939 43.91394 -402.15163 -299.19339 43.91394 -401.93248 -297.85111 43.91394 -402.49913 -296.62021 43.91394 -403.74881 -296.01306 43.91394 -403.93018 -298.18621 52.83026 -403.93018 -298.18621 43.91394 -372.60535 -399.33139 25.01521 -373.05390 -396.01335 25.01521 -375.63871 -394.43044 25.01521 -378.85513 -394.16271 25.01521 -381.19511 -396.56307 25.01521 -381.42040 -399.59208 25.01521 -379.57618 -402.25628 25.01521 -376.92289 -403.31137 25.01521 -373.96802 -401.89796 25.01521 -376.95253 -398.62455 36.64859 -376.95253 -398.62455 25.01521 -282.64732 -406.12023 38.48438 -285.07597 -406.41501 38.48438 -286.59633 -408.46761 38.48438 -286.54654 -411.29453 38.48438 -284.62010 -413.20735 38.48438 -282.33473 -413.70815 38.48438 -280.07048 -412.00071 38.48438 -278.88493 -409.82941 38.48438 -280.13292 -407.38181 38.48438 -282.95533 -409.83075 44.30527 -282.95533 -409.83075 38.48438 -270.52717 -463.45432 37.85966 -271.31924 -465.34682 37.85966 -270.83966 -467.39941 37.85966 -269.11661 -468.79770 37.85966 -266.99286 -468.66875 37.85966 -265.33914 -467.19515 37.85966 -265.07284 -465.01758 37.85966 -266.65635 -463.10427 37.85966 -268.41067 -462.37064 37.85966 -268.30728 -465.68682 48.11256 -268.30728 -465.68682 37.85966 -252.63163 -367.18237 35.00153 -250.73359 -364.28471 35.00153 -251.13937 -360.87382 35.00153 -253.58572 -358.91035 35.00153 -256.80610 -358.27296 35.00153 -259.12354 -360.33735 35.00153 -260.09619 -363.74904 35.00153 -258.92730 -366.42033 35.00153 -255.84920 -368.04779 35.00153 -255.38804 -363.11092 42.26446 -255.38804 -363.11092 35.00153 -365.66836 -485.47564 25.46122 -366.43157 -487.37744 25.46122 -366.01376 -489.16156 25.46122 -364.04465 -490.52700 25.46122 -362.46236 -490.37059 25.46122 -360.98762 -488.59470 25.46122 -360.79250 -486.51461 25.46122 -361.68843 -484.88180 25.46122 -363.58036 -484.73313 25.46122 -363.47861 -487.48299 31.07070 -363.47861 -487.48299 25.46122 -471.19959 -334.87971 29.86611 -470.55274 -333.69286 29.86611 -470.80575 -332.78428 29.86611 -471.60548 -332.36728 29.86611 -472.51788 -332.55241 29.86611 -473.30823 -333.19492 29.86611 -473.19886 -333.87829 29.86611 -472.86366 -334.81725 29.86611 -471.79768 -334.98581 29.86611 -471.98700 -333.69378 36.16812 -471.98700 -333.69378 29.86611 -356.79301 -376.66717 37.17280 -356.41056 -377.60186 37.17280 -355.50712 -378.26872 37.17280 -354.45832 -378.12377 37.17280 -353.82813 -377.40453 37.17280 -354.24412 -376.28458 37.17280 -354.56868 -375.36610 37.17280 -355.66856 -375.51451 37.17280 -356.28449 -375.94941 37.17280 -355.34310 -376.79855 43.05850 -355.34310 -376.79855 37.17280 -380.00411 -436.02256 29.34090 -378.83223 -436.25543 29.34090 -377.41483 -435.69373 29.34090 -377.21753 -434.75171 29.34090 -377.42681 -433.58252 29.34090 -378.19973 -432.73637 29.34090 -379.75352 -432.43669 29.34090 -380.53973 -433.43552 29.34090 -380.77392 -434.84598 29.34090 -378.96696 -434.46455 37.10865 -378.96696 -434.46455 29.34090 -476.77784 -303.88485 34.31007 -476.35631 -305.63735 34.31007 -475.63454 -306.44394 34.31007 -473.94915 -306.89744 34.31007 -472.60025 -306.14457 34.31007 -472.47162 -304.51542 34.31007 -473.07423 -303.09877 34.31007 -474.12316 -302.58766 34.31007 -475.55544 -302.80226 34.31007 -474.52558 -304.65594 41.82494 -474.52558 -304.65594 34.31007 -364.56944 -389.73614 27.31264 -365.21218 -391.82779 27.31264 -364.19239 -393.48470 27.31264 -362.18517 -394.36130 27.31264 -360.34073 -393.56500 27.31264 -359.32785 -391.94954 27.31264 -359.75050 -390.00861 27.31264 -361.13268 -388.25949 27.31264 -363.05698 -388.61150 27.31264 -362.23832 -391.24482 33.84375 -362.23832 -391.24482 27.31264 -297.99619 -490.39955 24.11570 -296.47728 -489.89484 24.11570 -296.02987 -488.08467 24.11570 -296.26564 -486.67414 24.11570 -297.93503 -485.26833 24.11570 -299.28152 -485.73035 24.11570 -300.64736 -486.63156 24.11570 -300.89502 -488.38810 24.11570 -299.70658 -489.95437 24.11570 -298.40604 -487.90665 35.42363 -298.40604 -487.90665 24.11570 -386.70161 -295.14202 41.12644 -385.89508 -292.72947 41.12644 -387.06493 -290.18715 41.12644 -389.41538 -288.95979 41.12644 -392.02893 -289.88969 41.12644 -393.47046 -291.87592 41.12644 -393.56776 -294.23430 41.12644 -391.83173 -296.48275 41.12644 -389.02552 -296.81345 41.12644 -389.93901 -292.94670 48.99987 -389.93901 -292.94670 41.12644 -323.64697 -382.24452 41.46623 -324.19541 -384.35648 41.46623 -323.40160 -386.46754 41.46623 -321.31929 -387.37695 41.46623 -318.98901 -386.97937 41.46623 -317.90615 -385.11216 41.46623 -318.21136 -382.78216 41.46623 -319.59991 -381.30643 41.46623 -321.81881 -381.11221 41.46623 -321.03659 -384.19646 51.11204 -321.03659 -384.19646 41.46623 -328.77698 -287.46829 39.96217 -330.61759 -287.00580 39.96217 -332.61747 -287.66089 39.96217 -333.56936 -289.33435 39.96217 -333.51868 -291.32289 39.96217 -331.76012 -292.85342 39.96217 -329.81749 -293.04193 39.96217 -327.92342 -291.41555 39.96217 -327.43211 -289.55344 39.96217 -330.63192 -289.90718 47.90387 -330.63192 -289.90718 39.96217 -283.45209 -249.47097 46.56049 -283.84021 -251.73023 46.56049 -282.72487 -252.95311 46.56049 -280.53255 -253.64114 46.56049 -279.17221 -252.70479 46.56049 -278.32928 -250.86707 46.56049 -278.93736 -249.27518 46.56049 -280.41341 -247.94556 46.56049 -282.27339 -248.50284 46.56049 -281.02823 -250.76658 52.83624 -281.02823 -250.76658 46.56049 -434.15809 -450.23539 27.63447 -434.61332 -448.24095 27.63447 -436.48913 -446.88310 27.63447 -438.41350 -447.55583 27.63447 -439.83498 -448.95578 27.63447 -439.83354 -451.16173 27.63447 -438.60396 -452.87397 27.63447 -436.42438 -452.98867 27.63447 -434.57422 -452.27070 27.63447 -437.01362 -450.07610 32.80801 -437.01362 -450.07610 27.63447 -268.95336 -408.14896 36.84475 -268.76932 -410.03292 36.84475 -267.58980 -411.30525 36.84475 -265.74548 -411.65218 36.84475 -264.12806 -410.39550 36.84475 -263.59966 -408.42049 36.84475 -264.53357 -406.62105 36.84475 -266.60828 -406.26260 36.84475 -268.08166 -406.94085 36.84475 -266.43836 -408.85038 48.09754 -266.43836 -408.85038 36.84475 -448.91097 -361.17458 31.63027 -450.29373 -360.74384 31.63027 -451.48697 -361.41606 31.63027 -452.19938 -362.40826 31.63027 -452.09805 -363.78227 31.63027 -451.18822 -364.52956 31.63027 -449.70650 -364.62649 31.63027 -448.64967 -363.79847 31.63027 -448.54296 -362.18342 31.63027 -450.31435 -362.74316 40.50455 -450.31435 -362.74316 31.63027 -452.94058 -286.47346 34.23674 -455.01296 -288.18687 34.23674 -455.62755 -291.18522 34.23674 -453.98176 -293.76956 34.23674 -451.14754 -294.80459 34.23674 -448.66851 -293.66949 34.23674 -447.15913 -290.93676 34.23674 -447.51305 -288.11470 34.23674 -449.91158 -286.13337 34.23674 -451.30614 -290.30961 43.59046 -451.30614 -290.30961 34.23674 -293.85012 -256.60179 49.11623 -291.91211 -256.38517 49.11623 -290.37027 -255.15935 49.11623 -290.21713 -253.61238 49.11623 -291.29698 -252.34017 49.11623 -293.02920 -251.45434 49.11623 -294.59296 -252.14427 49.11623 -295.35983 -253.60239 49.11623 -294.86240 -255.54098 49.11623 -292.80707 -254.13086 54.22362 -292.80707 -254.13086 49.11623 -402.20536 -297.97628 40.41847 -400.11860 -295.75016 40.41847 -399.66660 -292.92246 40.41847 -401.49075 -290.90288 40.41847 -403.94046 -289.90304 40.41847 -406.63624 -291.31631 40.41847 -407.83007 -293.75429 40.41847 -407.05535 -296.47389 40.41847 -404.79890 -297.86295 40.41847 -403.78016 -294.11532 48.40780 -403.78016 -294.11532 40.41847 -269.20750 -465.50589 35.96481 -271.27131 -463.73807 35.96481 -273.78305 -464.18012 35.96481 -275.76241 -465.73110 35.96481 -275.81254 -468.47171 35.96481 -274.56418 -470.26897 35.96481 -272.06227 -470.84348 35.96481 -269.64437 -469.94907 35.96481 -268.56952 -467.58265 35.96481 -272.26629 -467.39795 44.86606 -272.26629 -467.39795 35.96481 -313.34619 -477.29579 32.27813 -314.33140 -478.03753 32.27813 -314.70135 -479.98342 32.27813 -313.88352 -480.95759 32.27813 -312.53165 -481.72942 32.27813 -311.14692 -480.95208 32.27813 -310.03387 -479.80724 32.27813 -310.68510 -478.45974 32.27813 -311.81175 -477.01336 32.27813 -312.50978 -479.37607 41.50469 -312.50978 -479.37607 32.27813 -348.80633 -481.86823 21.11920 -350.40765 -484.57631 21.11920 -349.44246 -487.89613 21.11920 -346.84485 -489.79176 21.11920 -343.36060 -489.53517 21.11920 -341.40576 -487.34259 21.11920 -340.90855 -483.97263 21.11920 -342.57895 -481.06623 21.11920 -345.93662 -480.59734 21.11920 -345.56689 -485.16893 27.68791 -345.56689 -485.16893 21.11920 -402.07338 -311.68278 42.04494 -402.72220 -309.94182 42.04494 -404.60683 -308.97703 42.04494 -406.10460 -309.37927 42.04494 -407.31285 -311.09288 42.04494 -407.12442 -312.64220 42.04494 -406.01997 -314.10992 42.04494 -404.22478 -314.19779 42.04494 -402.61382 -313.58674 42.04494 -404.80147 -311.76018 48.72606 -404.80147 -311.76018 42.04494 -288.50197 -378.70421 37.92939 -289.29865 -375.95882 37.92939 -291.86290 -374.35394 37.92939 -294.84167 -374.73608 37.92939 -296.81231 -376.97559 37.92939 -296.67099 -379.65218 37.92939 -295.02275 -382.27953 37.92939 -292.24166 -382.87431 37.92939 -289.53580 -381.16496 37.92939 -292.80715 -378.48763 50.01596 -292.80715 -378.48763 37.92939 -284.28899 -421.36642 36.98248 -285.22240 -423.09034 36.98248 -284.82521 -425.05195 36.98248 -283.31720 -426.57839 36.98248 -281.07646 -426.34109 36.98248 -279.76794 -425.23710 36.98248 -279.24742 -423.17283 36.98248 -280.05734 -421.32078 36.98248 -282.39843 -420.72237 36.98248 -282.24296 -423.65025 47.52174 -282.24296 -423.65025 36.98248 -354.64606 -370.11230 41.23064 -354.45494 -371.08796 41.23064 -353.62458 -371.52884 41.23064 -352.34512 -371.44272 41.23064 -351.79903 -370.70154 41.23064 -351.67464 -369.72067 41.23064 -352.54240 -368.81441 41.23064 -353.22292 -368.45955 41.23064 -354.39309 -369.00251 41.23064 -353.17390 -370.13373 48.97019 -353.17390 -370.13373 41.23064 -408.84600 -296.56040 45.95464 -407.93049 -296.89403 45.95464 -406.71290 -296.92040 45.95464 -405.59147 -295.86566 45.95464 -405.70535 -294.48468 45.95464 -406.40785 -293.80810 45.95464 -407.49493 -293.30709 45.95464 -409.00231 -294.10327 45.95464 -409.25580 -295.01312 45.95464 -407.43365 -295.25694 52.56832 -407.43365 -295.25694 45.95464 -399.45119 -359.30612 29.80670 -397.82019 -357.58870 29.80670 -397.52631 -354.80176 29.80670 -399.23228 -352.99828 29.80670 -401.51162 -352.47461 29.80670 -403.78153 -353.87016 29.80670 -404.50104 -356.15133 29.80670 -403.69781 -358.12876 29.80670 -401.75455 -359.46125 29.80670 -400.97485 -356.15009 37.85279 -400.97485 -356.15009 29.80670 -426.50204 -422.24050 28.04282 -428.03512 -421.50272 28.04282 -429.64984 -422.06198 28.04282 -430.27571 -423.36290 28.04282 -430.03165 -424.85440 28.04282 -428.51265 -426.19024 28.04282 -427.11380 -425.79233 28.04282 -426.19698 -424.95938 28.04282 -425.63975 -423.56699 28.04282 -428.01431 -423.86759 35.77316 -428.01431 -423.86759 28.04282 -436.52201 -255.72384 59.62558 -437.65083 -254.18248 59.62558 -439.30966 -253.33647 59.62558 -440.88477 -253.98525 59.62558 -441.90315 -255.53435 59.62558 -441.39553 -257.22121 59.62558 -440.09798 -258.37478 59.62558 -438.42843 -258.21670 59.62558 -436.89568 -257.14680 59.62558 -439.18408 -255.94901 68.93624 -439.18408 -255.94901 59.62558 -343.12358 -344.63219 43.20066 -343.31854 -346.65492 43.20066 -342.74884 -347.94971 43.20066 -340.94536 -348.42798 43.20066 -339.34329 -347.82594 43.20066 -338.22247 -346.06574 43.20066 -338.97341 -344.36563 43.20066 -340.40627 -343.35899 43.20066 -341.79083 -343.34856 43.20066 -340.99008 -345.89669 49.80159 -340.99008 -345.89669 43.20066 -324.07946 -260.44880 41.09482 -322.29749 -260.07241 41.09482 -321.51665 -258.46225 41.09482 -321.50279 -256.83130 41.09482 -322.68937 -255.54194 41.09482 -324.08450 -255.24811 41.09482 -325.71970 -256.23895 41.09482 -325.99803 -257.77214 41.09482 -325.77768 -259.65471 41.09482 -323.73123 -257.81794 51.47255 -323.73123 -257.81794 41.09482 -375.21847 -387.55995 25.91243 -372.11411 -387.52769 25.91243 -370.20108 -385.40105 25.91243 -370.32243 -382.53193 25.91243 -371.61781 -380.58086 25.91243 -374.16301 -379.59470 25.91243 -376.72646 -380.70896 25.91243 -378.07045 -383.41451 25.91243 -377.38442 -386.15246 25.91243 -373.93619 -383.73356 32.06199 -373.93619 -383.73356 25.91243 -312.65179 -408.53488 39.80498 -311.96647 -407.85378 39.80498 -312.03515 -406.68249 39.80498 -312.82986 -405.60038 39.80498 -313.81068 -405.33427 39.80498 -314.84114 -405.97829 39.80498 -315.33913 -407.17317 39.80498 -314.96971 -408.37138 39.80498 -313.82158 -408.98067 39.80498 -313.55921 -407.25324 45.43719 -313.55921 -407.25324 39.80498 -455.48851 -343.12204 31.96872 -456.03620 -344.30214 31.96872 -455.47605 -345.44436 31.96872 -454.33114 -346.10573 31.96872 -453.39089 -345.98232 31.96872 -452.30037 -344.91180 31.96872 -452.23672 -343.84078 31.96872 -453.41200 -342.69111 31.96872 -454.38221 -342.33434 31.96872 -454.13719 -344.30765 40.81514 -454.13719 -344.30765 31.96872 -485.00226 -388.78286 29.77235 -484.95894 -391.11664 29.77235 -483.10046 -392.70942 29.77235 -481.19204 -392.60806 29.77235 -479.26684 -391.62118 29.77235 -478.73437 -389.18073 29.77235 -479.26900 -387.50000 29.77235 -481.44046 -386.18587 29.77235 -483.84119 -387.08755 29.77235 -481.81442 -389.62417 37.63076 -481.81442 -389.62417 29.77235 -349.09499 -300.14304 43.42031 -347.07806 -300.31153 43.42031 -345.69793 -299.38793 43.42031 -344.98239 -297.18123 43.42031 -345.71959 -295.47895 43.42031 -347.71257 -294.44361 43.42031 -349.63903 -295.30436 43.42031 -351.10766 -296.61625 43.42031 -350.51966 -298.72625 43.42031 -348.00381 -297.55002 53.92592 -348.00381 -297.55002 43.42031 -259.28974 -333.22747 41.86778 -258.66569 -335.52724 41.86778 -256.87411 -337.17095 41.86778 -254.55287 -337.03836 41.86778 -252.79940 -335.54308 41.86778 -252.82359 -332.99986 41.86778 -254.14365 -331.31653 41.86778 -256.15095 -330.22672 41.86778 -258.16403 -331.41256 41.86778 -256.05152 -333.82613 49.42143 -256.05152 -333.82613 41.86778 -439.37991 -335.82171 25.44414 -438.59183 -337.92078 25.44414 -436.34246 -339.35292 25.44414 -434.01113 -338.70914 25.44414 -432.38835 -336.38011 25.44414 -432.46438 -334.23926 25.44414 -434.22659 -332.53451 25.44414 -436.92480 -331.86737 25.44414 -438.83031 -333.50341 25.44414 -435.89283 -335.56960 36.46064 -435.89283 -335.56960 25.44414 -287.45561 -418.70847 37.70416 -286.69383 -419.75214 37.70416 -284.65264 -420.02703 37.70416 -283.23954 -419.33476 37.70416 -282.83087 -417.66761 37.70416 -283.17112 -416.36434 37.70416 -284.80779 -415.50105 37.70416 -286.35681 -415.50075 37.70416 -287.46193 -416.72499 37.70416 -285.25049 -417.74673 42.86998 -285.25049 -417.74673 37.70416 -402.00735 -456.34966 28.92605 -402.01977 -457.91759 28.92605 -400.88381 -458.77298 28.92605 -399.40369 -459.25871 28.92605 -398.23943 -458.12373 28.92605 -397.86996 -456.81275 28.92605 -398.45310 -455.24744 28.92605 -400.08898 -454.82755 28.92605 -401.46828 -455.16105 28.92605 -400.05007 -456.97891 37.16358 -400.05007 -456.97891 28.92605 -271.93669 -398.95056 37.32950 -270.75639 -397.32257 37.32950 -271.13058 -395.17958 37.32950 -272.63418 -393.62171 37.32950 -274.62230 -393.33902 37.32950 -276.67881 -394.89135 37.32950 -277.14809 -396.73704 37.32950 -276.12924 -398.80589 37.32950 -274.06874 -399.81650 37.32950 -273.89936 -396.50655 49.33595 -273.89936 -396.50655 37.32950 -325.47240 -439.42396 34.24379 -325.32471 -437.88409 34.24379 -326.20704 -436.80137 34.24379 -327.74193 -436.22521 34.24379 -329.23812 -437.04758 34.24379 -329.65125 -438.31264 34.24379 -329.22679 -439.93201 34.24379 -327.84070 -440.45630 34.24379 -326.53092 -440.23505 34.24379 -327.47978 -438.42762 41.66642 -327.47978 -438.42762 34.24379 -453.14236 -436.11845 31.55234 -451.08810 -436.77629 31.55234 -449.50518 -436.20360 31.55234 -448.38611 -434.42526 31.55234 -449.16419 -432.56845 31.55234 -450.51269 -431.10316 31.55234 -452.74483 -431.37778 31.55234 -453.70293 -432.90234 31.55234 -454.09757 -434.65335 31.55234 -451.34474 -434.01872 41.81269 -451.34474 -434.01872 31.55234 -390.72934 -333.72900 32.87767 -391.10559 -336.45055 32.87767 -389.71432 -339.07058 32.87767 -386.94828 -340.10263 32.87767 -384.16081 -338.93651 32.87767 -382.69520 -336.20675 32.87767 -383.12858 -333.48576 32.87767 -385.72100 -331.42478 32.87767 -388.68798 -331.74653 32.87767 -386.98153 -335.60697 39.62155 -386.98153 -335.60697 32.87767 -435.46461 -480.94534 30.09022 -435.51457 -482.43000 30.09022 -434.16221 -484.08765 30.09022 -432.54872 -484.12365 30.09022 -430.83427 -483.27272 30.09022 -430.60959 -481.37717 30.09022 -431.09361 -479.99780 30.09022 -432.64970 -478.76395 30.09022 -434.55441 -479.37691 30.09022 -433.07490 -481.57221 39.44122 -433.07490 -481.57221 30.09022 -422.38172 -259.62138 51.83415 -420.15260 -257.34993 51.83415 -419.19258 -254.49049 51.83415 -420.81529 -251.47679 51.83415 -423.77372 -250.52298 51.83415 -426.71445 -251.70789 51.83415 -428.28065 -253.98786 51.83415 -427.82477 -257.29572 51.83415 -425.67380 -259.30643 51.83415 -423.85572 -255.08703 61.91075 -423.85572 -255.08703 51.83415 -470.25660 -397.46599 26.80827 -472.91061 -398.45906 26.80827 -474.24848 -400.73175 26.80827 -474.07043 -403.23939 26.80827 -471.84497 -405.16304 26.80827 -469.07881 -405.29871 26.80827 -466.87975 -403.82239 26.80827 -466.31540 -400.95849 26.80827 -467.45611 -398.48314 26.80827 -470.33012 -401.46352 37.37553 -470.33012 -401.46352 26.80827 -410.20452 -331.52864 38.46651 -408.86945 -331.76846 38.46651 -407.39900 -331.41244 38.46651 -406.57573 -330.11911 38.46651 -406.77117 -328.78135 38.46651 -408.15685 -327.52923 38.46651 -409.56288 -327.84769 38.46651 -410.71376 -328.61580 38.46651 -411.05555 -330.02965 38.46651 -408.87281 -329.67021 46.51575 -408.87281 -329.67021 38.46651 -399.43980 -306.40216 37.87784 -400.14322 -308.64360 37.87784 -399.30745 -311.03318 37.87784 -396.82524 -312.44390 37.87784 -394.15191 -312.00341 37.87784 -392.55412 -309.90480 37.87784 -392.82152 -306.97647 37.87784 -394.42282 -305.25162 37.87784 -397.00281 -304.62496 37.87784 -396.32620 -308.59059 46.23881 -396.32620 -308.59059 37.87784 -335.83155 -292.82757 45.46950 -336.68955 -293.27560 45.46950 -337.13703 -294.02302 45.46950 -336.60392 -294.74305 45.46950 -336.07883 -295.29231 45.46950 -335.19818 -295.19013 45.46950 -334.36872 -294.83023 45.46950 -334.39989 -293.57889 45.46950 -334.69585 -293.04972 45.46950 -335.59446 -294.09258 54.17444 -335.59446 -294.09258 45.46950 -409.27067 -428.76263 27.22629 -407.90306 -429.55720 27.22629 -406.08490 -429.60047 27.22629 -405.14323 -427.96826 27.22629 -405.02536 -426.29722 27.22629 -406.05682 -424.91254 27.22629 -407.72203 -424.58453 27.22629 -409.24324 -425.34463 27.22629 -409.93402 -427.15471 27.22629 -407.42875 -427.16345 32.56192 -407.42875 -427.16345 27.22629 -378.19840 -425.42513 27.45009 -377.33123 -425.13268 27.45009 -376.56196 -424.31274 27.45009 -376.80756 -423.08651 27.45009 -377.33669 -422.38879 27.45009 -378.55372 -421.98271 27.45009 -379.36717 -422.90907 27.45009 -380.02604 -424.06653 27.45009 -379.54071 -424.93430 27.45009 -378.20034 -423.77945 33.82167 -378.20034 -423.77945 27.45009 -264.83681 -359.78034 36.89717 -265.34163 -361.06164 36.89717 -265.67670 -362.29759 36.89717 -264.66212 -363.54862 36.89717 -263.01773 -363.69711 36.89717 -261.62376 -362.92521 36.89717 -261.11742 -361.36995 36.89717 -261.96347 -360.11302 36.89717 -263.41712 -359.16160 36.89717 -263.46660 -361.51537 42.70050 -263.46660 -361.51537 36.89717 -436.58982 -344.43985 32.37271 -436.83674 -342.79509 32.37271 -438.14503 -341.71139 32.37271 -440.07276 -341.94659 32.37271 -441.36058 -343.14419 32.37271 -441.62688 -344.97586 32.37271 -440.56618 -346.42845 32.37271 -438.61812 -346.87662 32.37271 -437.36906 -346.03214 32.37271 -438.95142 -344.25635 41.41436 -438.95142 -344.25635 32.37271 -477.90876 -357.72625 25.10802 -479.19153 -356.95917 25.10802 -481.25594 -357.47561 25.10802 -482.24921 -359.05580 25.10802 -482.07212 -360.87101 25.10802 -480.54408 -362.02528 25.10802 -478.90639 -362.17843 25.10802 -477.40259 -360.88530 25.10802 -476.86062 -359.19738 25.10802 -479.58127 -359.66102 32.21020 -479.58127 -359.66102 25.10802 -353.91746 -430.85295 30.61448 -353.01201 -429.60783 30.61448 -353.07984 -428.27360 30.61448 -353.63978 -427.59889 30.61448 -354.84895 -427.26899 30.61448 -355.89233 -428.10288 30.61448 -356.62600 -429.25302 30.61448 -355.79428 -430.07199 30.61448 -354.91884 -430.89439 30.61448 -354.61947 -429.06230 37.92129 -354.61947 -429.06230 30.61448 -436.16847 -335.21029 23.30945 -438.64745 -337.39245 23.30945 -438.75893 -340.56813 23.30945 -437.34755 -343.28025 23.30945 -434.36604 -344.24189 23.30945 -431.56426 -343.01308 23.30945 -430.07207 -339.98591 23.30945 -430.68888 -337.24364 23.30945 -432.91884 -335.06564 23.30945 -434.49988 -339.48861 29.81386 -434.49988 -339.48861 23.30945 -363.71249 -360.51267 34.29503 -364.72389 -359.81289 34.29503 -366.05315 -360.56529 34.29503 -367.17537 -361.69864 34.29503 -366.70276 -363.04865 34.29503 -365.83589 -363.94798 34.29503 -364.36442 -364.07693 34.29503 -363.00433 -363.05208 34.29503 -362.67903 -361.72722 34.29503 -364.94166 -362.09178 39.85251 -364.94166 -362.09178 34.29503 -393.17445 -281.79731 48.09219 -391.56858 -283.94918 48.09219 -389.19297 -284.76699 48.09219 -387.03773 -283.85640 48.09219 -385.95262 -281.43113 48.09219 -386.51890 -279.03924 48.09219 -388.41044 -277.68343 48.09219 -391.10764 -277.68215 48.09219 -392.91101 -279.48463 48.09219 -389.63107 -281.05799 57.57653 -389.63107 -281.05799 48.09219 -480.17221 -256.15141 50.65809 -480.31274 -256.99445 50.65809 -479.69009 -258.13193 50.65809 -478.64091 -258.44129 50.65809 -477.36647 -257.66576 50.65809 -477.13074 -256.69444 50.65809 -477.46389 -255.96669 50.65809 -478.50939 -255.21741 50.65809 -479.23277 -255.62969 50.65809 -478.67823 -256.76403 59.93967 -478.67823 -256.76403 50.65809 -344.55098 -482.97204 26.72200 -344.73192 -480.91616 26.72200 -345.81273 -479.71618 26.72200 -348.08959 -479.34232 26.72200 -349.53838 -480.50614 26.72200 -350.20163 -482.34919 26.72200 -349.21400 -484.02786 26.72200 -347.37126 -484.77613 26.72200 -345.43034 -484.60544 26.72200 -347.16481 -482.11255 36.29102 -347.16481 -482.11255 26.72200 -464.57403 -294.65716 28.80410 -467.78043 -294.04319 28.80410 -470.76754 -295.13829 28.80410 -472.03368 -298.10671 28.80410 -471.36431 -301.50188 28.80410 -468.58067 -303.39705 28.80410 -465.45880 -302.82231 28.80410 -463.21657 -300.42737 28.80410 -462.80402 -297.18436 28.80410 -467.44789 -298.62853 37.20076 -467.44789 -298.62853 28.80410 -304.75612 -449.37902 31.17714 -304.44395 -451.43835 31.17714 -302.93274 -452.50903 31.17714 -300.85064 -452.45319 31.17714 -299.64879 -451.30891 31.17714 -299.43573 -449.53366 31.17714 -300.46206 -447.59529 31.17714 -302.19407 -447.37451 31.17714 -303.78872 -447.84262 31.17714 -302.05831 -449.89744 36.16907 -302.05831 -449.89744 31.17714 -254.63600 -294.27067 50.73897 -253.69269 -296.58115 50.73897 -251.28228 -297.83917 50.73897 -248.59856 -297.16592 50.73897 -246.90256 -295.32169 50.73897 -247.33546 -292.37030 50.73897 -249.04516 -290.58836 50.73897 -251.61021 -290.41681 50.73897 -253.84930 -291.44809 50.73897 -250.66215 -293.96627 59.90366 -250.66215 -293.96627 50.73897 -387.55869 -438.69164 30.91497 -387.37429 -437.83283 30.91497 -387.56957 -436.70654 30.91497 -388.15821 -436.34069 30.91497 -389.34571 -436.34731 30.91497 -389.88704 -437.02693 30.91497 -390.22244 -437.98411 30.91497 -389.72892 -439.06915 30.91497 -388.71827 -439.13307 30.91497 -388.75226 -437.67470 39.42487 -388.75226 -437.67470 30.91497 -265.41297 -284.24727 51.67763 -264.68763 -284.53908 51.67763 -263.71319 -284.10558 51.67763 -263.33416 -283.15419 51.67763 -263.36163 -282.39501 51.67763 -264.54132 -281.49378 51.67763 -265.12881 -281.81070 51.67763 -265.91533 -282.33658 51.67763 -266.05695 -283.45224 51.67763 -264.68200 -282.99381 58.61120 -264.68200 -282.99381 51.67763 -266.28373 -455.86336 42.63374 -265.12230 -456.74777 42.63374 -263.66877 -456.55803 42.63374 -262.68753 -455.90695 42.63374 -262.69883 -454.57333 42.63374 -263.41938 -453.01436 42.63374 -264.74056 -452.77532 42.63374 -266.08403 -453.44072 42.63374 -266.76145 -454.58676 42.63374 -264.61610 -454.90609 51.03468 -264.61610 -454.90609 42.63374 -278.53806 -465.12462 36.61468 -278.17385 -465.99824 36.61468 -277.54529 -466.78134 36.61468 -276.51875 -466.50227 36.61468 -275.63807 -465.89667 36.61468 -275.81620 -464.94701 36.61468 -276.57707 -464.16235 36.61468 -277.55310 -463.94664 36.61468 -278.19141 -464.16813 36.61468 -277.08372 -465.27372 42.68717 -277.08372 -465.27372 36.61468 -374.24807 -475.96489 23.14658 -372.09578 -474.53824 23.14658 -370.99344 -472.30081 23.14658 -371.85776 -469.75897 23.14658 -373.92415 -468.64518 23.14658 -376.71186 -468.90953 23.14658 -378.16358 -471.06880 23.14658 -378.36960 -473.50901 23.14658 -376.61725 -475.27955 23.14658 -374.72246 -472.21603 29.64183 -374.72246 -472.21603 23.14658 -443.03644 -335.49397 30.77210 -443.32515 -336.58140 30.77210 -442.73018 -337.29660 30.77210 -441.67454 -337.58941 30.77210 -441.11185 -336.96618 30.77210 -440.32955 -336.17124 30.77210 -440.72987 -335.37214 30.77210 -441.75979 -334.84253 30.77210 -442.76877 -334.89387 30.77210 -441.92474 -336.05676 38.03237 -441.92474 -336.05676 30.77210 -259.33232 -481.95766 37.45136 -259.19799 -482.57751 37.45136 -258.39514 -483.54803 37.45136 -257.44721 -483.24089 37.45136 -256.96193 -482.58152 37.45136 -256.70001 -481.96637 37.45136 -257.07688 -481.13156 37.45136 -257.92424 -480.89164 37.45136 -258.90289 -480.99124 37.45136 -258.02224 -482.07353 44.69792 -258.02224 -482.07353 37.45136 -380.49642 -339.70216 35.33469 -380.54951 -341.52206 35.33469 -379.15109 -342.88971 35.33469 -377.47174 -343.38212 35.33469 -375.72801 -342.09297 35.33469 -375.14038 -340.63109 35.33469 -375.82485 -338.60788 35.33469 -377.24568 -338.02618 35.33469 -379.25301 -338.08599 35.33469 -377.78583 -340.51141 40.40600 -377.78583 -340.51141 35.33469 -264.22857 -426.96177 44.65418 -265.16628 -425.84352 44.65418 -266.36155 -425.95483 44.65418 -267.36362 -426.24702 44.65418 -267.62904 -427.26779 44.65418 -267.40597 -428.44509 44.65418 -266.45559 -429.21028 44.65418 -265.08330 -429.08200 44.65418 -264.21037 -428.21173 44.65418 -265.94118 -427.51848 53.27384 -265.94118 -427.51848 44.65418 -267.35225 -428.50298 35.74003 -269.93993 -427.97237 35.74003 -272.11511 -428.83940 35.74003 -273.24797 -431.20862 35.74003 -272.58537 -433.51860 35.74003 -270.67447 -435.08983 35.74003 -268.30367 -434.66128 35.74003 -266.26660 -432.92201 35.74003 -266.19224 -430.32231 35.74003 -269.65580 -431.37969 43.75105 -269.65580 -431.37969 35.74003 -383.59227 -268.42054 49.08927 -384.30454 -267.31749 49.08927 -385.41534 -267.18102 49.08927 -386.55850 -267.59378 49.08927 -387.09787 -268.82668 49.08927 -386.79278 -270.05393 49.08927 -385.91465 -270.92107 49.08927 -384.28610 -270.87406 49.08927 -383.58959 -269.66065 49.08927 -385.24765 -269.03241 54.63244 -385.24765 -269.03241 49.08927 -311.69524 -371.34893 36.15175 -311.52873 -368.67128 36.15175 -312.54908 -366.42682 36.15175 -315.60864 -365.24271 36.15175 -318.06910 -366.40241 36.15175 -319.45282 -368.87735 36.15175 -318.71233 -371.82092 36.15175 -316.69564 -373.14655 36.15175 -313.99113 -373.13268 36.15175 -315.27414 -369.50207 41.83779 -315.27414 -369.50207 36.15175</float_array><technique_common><accessor source="#positions-array" count="5005" stride="3"><param name="X" type="float"/><param name="Y" type="float"/><param name="Z" type="float"/></accessor></technique_common></source>
<source id="normals"><float_array id="normals-array" count="24570">0.46666 -0.84462 0.26239 0.00000 0.00000 -1.00000 0.95095 -0.17919 0.25216 0.00000 0.00000 -1.00000 0.84970 0.47033 0.23832 0.00000 0.00000 -1.00000 0.62154 0.74344 0.24695 0.00000 0.00000 -1.00000 -0.16697 0.94732 0.27332 0.00000 0.00000 -1.00000 -0.76120 0.58595 0.27792 0.00000 0.00000 -1.00000 -0.96140 0.00012 0.27516 -0.00000 0.00000 -1.00000 -0.72767 -0.62477 0.28312 0.00000 0.00000 -1.00000 0.09924 -0.96180 0.25511 0.00000 -0.00000 -1.00000 -0.26660 0.92068 0.28510 0.00000 0.00000 -1.00000 -0.74027 0.61365 0.27465 0.00000 0.00000 -1.00000 -0.95883 -0.05452 0.27869 -0.00000 0.00000 -1.00000 -0.54749 -0.79392 0.26447 0.00000 0.00000 -1.00000 -0.23064 -0.93787 0.25922 0.00000 -0.00000 -1.00000 0.66258 -0.70225 0.26044 0.00000 0.00000 -1.00000 0.93042 -0.26698 0.25107 0.00000 0.00000 -1.00000 0.89215 0.37952 0.24501 0.00000 0.00000 -1.00000 0.56646 0.78277 0.25767 0.00000 0.00000 -1.00000 0.78855 -0.56846 0.23462 0.00000 0.00000 -1.00000 0.95489 0.17343 0.24103 0.00000 0.00000 -1.00000 0.50405 0.83092 0.23560 0.00000 0.00000 -1.00000 -0.00242 0.97518 0.22141 0.00000 0.00000 -1.00000 -0.75786 0.61622 0.21430 0.00000 0.00000 -1.00000 -0.87877 0.42515 0.21681 -0.00000 0.00000 -1.00000 -0.79207 -0.56310 0.23567 0.00000 0.00000 -1.00000 -0.30052 -0.92484 0.23314 0.00000 0.00000 -1.00000 0.34932 -0.90950 0.22534 0.00000 -0.00000 -1.00000 -0.81339 -0.49850 0.29983 0.00000 0.00000 -1.00000 -0.06237 -0.94899 0.30908 0.00000 -0.00000 -1.00000 0.52298 -0.79908 0.29659 0.00000 0.00000 -1.00000 0.87676 -0.37211 0.30466 0.00000 0.00000 -1.00000 0.86823 0.40118 0.29193 0.00000 0.00000 -1.00000 0.55663 0.77764 0.29231 0.00000 0.00000 -1.00000 -0.18279 0.93273 0.31082 0.00000 0.00000 -1.00000 -0.77059 0.56213 0.30033 0.00000 0.00000 -1.00000 -0.95379 -0.05770 0.29487 -0.00000 0.00000 -1.00000 -0.81106 0.54710 0.20705 0.00000 0.00000 -1.00000 -0.94282 -0.25456 0.21514 -0.00000 0.00000 -1.00000 -0.54655 -0.80879 0.21713 0.00000 0.00000 -1.00000 0.03335 -0.97751 0.20822 0.00000 -0.00000 -1.00000 0.78344 -0.58605 0.20680 0.00000 0.00000 -1.00000 0.95300 -0.22052 0.20774 0.00000 0.00000 -1.00000 0.70728 0.68056 0.19130 0.00000 0.00000 -1.00000 0.31427 0.93033 0.18897 0.00000 0.00000 -1.00000 -0.29285 0.93738 0.18857 0.00000 0.00000 -1.00000 0.87064 0.43017 0.23862 0.00000 0.00000 -1.00000 0.76446 0.59973 0.23650 0.00000 0.00000 -1.00000 0.00254 0.96660 0.25629 0.00000 0.00000 -1.00000 -0.66307 0.70597 0.24887 0.00000 0.00000 -1.00000 -0.95332 0.16927 0.25004 -0.00000 0.00000 -1.00000 -0.82581 -0.51009 0.24052 0.00000 0.00000 -1.00000 -0.42464 -0.86711 0.26037 0.00000 0.00000 -1.00000 0.41502 -0.87403 0.25264 0.00000 -0.00000 -1.00000 0.80025 -0.54772 0.24413 0.00000 0.00000 -1.00000 -0.55801 0.74397 0.36759 0.00000 0.00000 -1.00000 -0.81895 0.44371 0.36393 0.00000 0.00000 -1.00000 -0.88114 -0.28441 0.37776 -0.00000 0.00000 -1.00000 -0.45707 -0.80162 0.38535 0.00000 0.00000 -1.00000 -0.04965 -0.92348 0.38043 0.00000 -0.00000 -1.00000 0.64294 -0.66393 0.38188 0.00000 0.00000 -1.00000 0.92875 0.05488 0.36663 0.00000 0.00000 -1.00000 0.82716 0.42769 0.36454 0.00000 0.00000 -1.00000 0.21604 0.89228 0.39644 0.00000 0.00000 -1.00000 0.72376 0.44921 0.52381 0.00000 0.00000 -1.00000 0.26627 0.81493 0.51477 0.00000 0.00000 -1.00000 -0.16315 0.84503 0.50923 0.00000 0.00000 -1.00000 -0.68046 0.51003 0.52616 0.00000 0.00000 -1.00000 -0.83238 -0.18604 0.52204 -0.00000 0.00000 -1.00000 -0.58939 -0.62399 0.51308 0.00000 0.00000 -1.00000 -0.01818 -0.85385 0.52020 0.00000 -0.00000 -1.00000 0.48129 -0.69474 0.53451 0.00000 0.00000 -1.00000 0.81220 -0.22817 0.53691 0.00000 0.00000 -1.00000 -0.63660 0.71128 0.29805 0.00000 0.00000 -1.00000 -0.92546 0.23730 0.29532 0.00000 0.00000 -1.00000 -0.93950 -0.17902 0.29205 -0.00000 0.00000 -1.00000 -0.27703 -0.91632 0.28916 0.00000 0.00000 -1.00000 0.09446 -0.95792 0.27105 0.00000 -0.00000 -1.00000 0.69372 -0.66399 0.27905 0.00000 0.00000 -1.00000 0.94016 -0.15520 0.30332 0.00000 0.00000 -1.00000 0.56987 0.77507 0.27296 0.00000 0.00000 -1.00000 0.37530 0.88563 0.27350 0.00000 0.00000 -1.00000 -0.91232 -0.15449 0.37922 -0.00000 0.00000 -1.00000 -0.59903 -0.70202 0.38514 0.00000 0.00000 -1.00000 0.06957 -0.91601 0.39508 0.00000 -0.00000 -1.00000 0.71625 -0.58254 0.38423 0.00000 0.00000 -1.00000 0.91795 -0.13183 0.37416 0.00000 0.00000 -1.00000 0.68536 0.62543 0.37299 0.00000 0.00000 -1.00000 0.44115 0.81379 0.37832 0.00000 0.00000 -1.00000 -0.49346 0.78013 0.38456 0.00000 0.00000 -1.00000 -0.81376 0.44445 0.37451 0.00000 0.00000 -1.00000 -0.81428 0.48315 0.32174 0.00000 0.00000 -1.00000 -0.93886 -0.07885 0.33514 -0.00000 0.00000 -1.00000 -0.44740 -0.83102 0.33052 0.00000 0.00000 -1.00000 -0.05235 -0.94532 0.32191 0.00000 -0.00000 -1.00000 0.69867 -0.63985 0.32008 0.00000 0.00000 -1.00000 0.91608 -0.24458 0.31777 0.00000 0.00000 -1.00000 0.78344 0.53531 0.31570 0.00000 0.00000 -1.00000 0.48410 0.81356 0.32215 0.00000 0.00000 -1.00000 -0.42215 0.84485 0.32865 0.00000 0.00000 -1.00000 0.84591 -0.45805 0.27320 0.00000 0.00000 -1.00000 0.87966 0.39562 0.26396 0.00000 0.00000 -1.00000 0.60353 0.75089 0.26817 0.00000 0.00000 -1.00000 -0.10148 0.95745 0.27015 0.00000 0.00000 -1.00000 -0.75836 0.60015 0.25438 0.00000 0.00000 -1.00000 -0.95891 0.11809 0.25797 -0.00000 0.00000 -1.00000 -0.69269 -0.67295 0.25945 0.00000 0.00000 -1.00000 -0.42199 -0.86636 0.26712 0.00000 -0.00000 -1.00000 0.53487 -0.80245 0.26455 0.00000 0.00000 -1.00000 -0.12497 -0.81737 0.56240 0.00000 -0.00000 -1.00000 0.53319 -0.62719 0.56776 0.00000 0.00000 -1.00000 0.80095 -0.22049 0.55665 0.00000 0.00000 -1.00000 0.74187 0.38621 0.54815 0.00000 0.00000 -1.00000 0.42612 0.71466 0.55469 0.00000 0.00000 -1.00000 -0.19338 0.80474 0.56124 0.00000 0.00000 -1.00000 -0.68877 0.45806 0.56193 0.00000 0.00000 -1.00000 -0.83243 -0.04837 0.55202 -0.00000 0.00000 -1.00000 -0.60368 -0.57720 0.54991 0.00000 0.00000 -1.00000 0.42620 0.86976 0.24873 0.00000 0.00000 -1.00000 0.05705 0.96826 0.24333 0.00000 0.00000 -1.00000 -0.62065 0.73937 0.26103 0.00000 0.00000 -1.00000 -0.95999 0.11430 0.25564 -0.00000 0.00000 -1.00000 -0.90339 -0.35130 0.24592 0.00000 0.00000 -1.00000 -0.39678 -0.88320 0.25006 0.00000 -0.00000 -1.00000 0.36401 -0.89430 0.26023 0.00000 0.00000 -1.00000 0.79346 -0.54468 0.27155 0.00000 0.00000 -1.00000 0.96331 0.01595 0.26792 0.00000 0.00000 -1.00000 0.69874 0.62928 0.34024 0.00000 0.00000 -1.00000 0.29196 0.89625 0.33391 0.00000 0.00000 -1.00000 -0.48130 0.80946 0.33633 0.00000 0.00000 -1.00000 -0.87071 0.36719 0.32718 -0.00000 0.00000 -1.00000 -0.87727 -0.34782 0.33077 0.00000 0.00000 -1.00000 -0.45393 -0.83247 0.31771 0.00000 0.00000 -1.00000 0.15944 -0.93419 0.31917 0.00000 -0.00000 -1.00000 0.60357 -0.72703 0.32730 0.00000 0.00000 -1.00000 0.93954 -0.01948 0.34190 0.00000 0.00000 -1.00000 -0.94167 -0.11756 0.31533 -0.00000 0.00000 -1.00000 -0.64256 -0.70377 0.30302 0.00000 0.00000 -1.00000 -0.05437 -0.94517 0.32202 0.00000 -0.00000 -1.00000 0.56064 -0.76791 0.30985 0.00000 0.00000 -1.00000 0.94518 -0.15109 0.28948 0.00000 0.00000 -1.00000 0.79460 0.53709 0.28312 0.00000 0.00000 -1.00000 0.37320 0.88521 0.27772 0.00000 0.00000 -1.00000 -0.21778 0.92998 0.29616 0.00000 0.00000 -1.00000 -0.77386 0.54672 0.31974 0.00000 0.00000 -1.00000 0.53355 -0.76806 0.35413 0.00000 0.00000 -1.00000 0.91838 -0.18567 0.34945 0.00000 0.00000 -1.00000 0.85203 0.39197 0.34700 0.00000 0.00000 -1.00000 0.35361 0.87168 0.33931 0.00000 0.00000 -1.00000 -0.18188 0.92187 0.34216 0.00000 0.00000 -1.00000 -0.84654 0.40989 0.33966 0.00000 0.00000 -1.00000 -0.93894 0.03279 0.34251 -0.00000 0.00000 -1.00000 -0.54351 -0.76592 0.34345 0.00000 0.00000 -1.00000 -0.18477 -0.92067 0.34385 0.00000 -0.00000 -1.00000 -0.03749 -0.88442 0.46518 0.00000 -0.00000 -1.00000 0.43650 -0.76742 0.46961 0.00000 0.00000 -1.00000 0.83316 -0.28084 0.47641 0.00000 0.00000 -1.00000 0.76002 0.43024 0.48710 0.00000 0.00000 -1.00000 0.23899 0.85435 0.46150 0.00000 0.00000 -1.00000 -0.20238 0.86283 0.46322 0.00000 0.00000 -1.00000 -0.78477 0.41983 0.45594 0.00000 0.00000 -1.00000 -0.88914 -0.10431 0.44559 -0.00000 0.00000 -1.00000 -0.68674 -0.56822 0.45334 0.00000 0.00000 -1.00000 -0.87582 0.34434 0.33820 0.00000 0.00000 -1.00000 -0.86818 -0.36955 0.33120 -0.00000 0.00000 -1.00000 -0.49783 -0.79238 0.35256 0.00000 0.00000 -1.00000 0.32371 -0.87531 0.35924 0.00000 -0.00000 -1.00000 0.82385 -0.45703 0.33524 0.00000 0.00000 -1.00000 0.94430 0.02769 0.32792 0.00000 0.00000 -1.00000 0.65256 0.67542 0.34348 0.00000 0.00000 -1.00000 0.13110 0.93165 0.33889 0.00000 0.00000 -1.00000 -0.45132 0.82217 0.34691 0.00000 0.00000 -1.00000 0.75386 -0.54131 0.37240 0.00000 0.00000 -1.00000 0.92847 0.07221 0.36433 0.00000 0.00000 -1.00000 0.65444 0.66673 0.35664 0.00000 0.00000 -1.00000 0.21588 0.90818 0.35861 0.00000 0.00000 -1.00000 -0.51414 0.77418 0.36918 0.00000 0.00000 -1.00000 -0.83613 0.40849 0.36609 0.00000 0.00000 -1.00000 -0.89153 -0.24978 0.37787 -0.00000 0.00000 -1.00000 -0.35710 -0.85936 0.36604 0.00000 0.00000 -1.00000 0.03825 -0.92840 0.36960 0.00000 -0.00000 -1.00000 0.02272 0.96729 0.25267 0.00000 0.00000 -1.00000 -0.51201 0.81654 0.26664 0.00000 0.00000 -1.00000 -0.89962 0.33507 0.28003 -0.00000 0.00000 -1.00000 -0.86611 -0.41997 0.27106 0.00000 0.00000 -1.00000 -0.47669 -0.83351 0.27934 0.00000 0.00000 -1.00000 0.18015 -0.93934 0.29186 0.00000 -0.00000 -1.00000 0.82091 -0.50282 0.27071 0.00000 0.00000 -1.00000 0.95776 -0.04211 0.28448 0.00000 0.00000 -1.00000 0.47882 0.83566 0.26907 0.00000 0.00000 -1.00000 0.58423 -0.77461 0.24218 0.00000 0.00000 -1.00000 0.84581 -0.47716 0.23858 0.00000 0.00000 -1.00000 0.96196 0.11970 0.24557 0.00000 0.00000 -1.00000 0.38994 0.88964 0.23767 0.00000 0.00000 -1.00000 0.00853 0.97316 0.22998 0.00000 0.00000 -1.00000 -0.54258 0.80175 0.25061 0.00000 0.00000 -1.00000 -0.96484 -0.00934 0.26268 -0.00000 0.00000 -1.00000 -0.71821 -0.65148 0.24443 0.00000 0.00000 -1.00000 -0.26007 -0.93359 0.24654 0.00000 -0.00000 -1.00000 0.86299 0.39962 0.30912 0.00000 0.00000 -1.00000 0.52119 0.79335 0.31457 0.00000 0.00000 -1.00000 -0.19990 0.93184 0.30285 0.00000 0.00000 -1.00000 -0.73440 0.59920 0.31879 0.00000 0.00000 -1.00000 -0.93394 -0.14858 0.32509 -0.00000 0.00000 -1.00000 -0.69524 -0.64002 0.32713 0.00000 0.00000 -1.00000 -0.25007 -0.91109 0.32769 0.00000 -0.00000 -1.00000 0.48286 -0.81454 0.32150 0.00000 0.00000 -1.00000 0.88530 -0.34338 0.31357 0.00000 0.00000 -1.00000 0.85471 -0.30592 0.41939 0.00000 0.00000 -1.00000 0.85712 0.32523 0.39946 0.00000 0.00000 -1.00000 0.59038 0.69979 0.40218 0.00000 0.00000 -1.00000 -0.17475 0.89959 0.40024 0.00000 0.00000 -1.00000 -0.61615 0.67768 0.40138 0.00000 0.00000 -1.00000 -0.91752 0.04691 0.39491 -0.00000 0.00000 -1.00000 -0.78069 -0.47495 0.40613 0.00000 0.00000 -1.00000 -0.26840 -0.86406 0.42587 0.00000 -0.00000 -1.00000 0.37472 -0.82262 0.42764 0.00000 0.00000 -1.00000 0.51726 0.71314 0.47315 0.00000 0.00000 -1.00000 -0.06137 0.87809 0.47454 0.00000 0.00000 -1.00000 -0.68803 0.54243 0.48206 0.00000 0.00000 -1.00000 -0.87539 0.03360 0.48225 -0.00000 0.00000 -1.00000 -0.65312 -0.58922 0.47566 0.00000 0.00000 -1.00000 -0.23287 -0.85538 0.46270 0.00000 -0.00000 -1.00000 0.31853 -0.82598 0.46508 0.00000 0.00000 -1.00000 0.84225 -0.25764 0.47354 0.00000 0.00000 -1.00000 0.83803 0.28854 0.46308 0.00000 0.00000 -1.00000 -0.91609 0.30143 0.26443 -0.00000 0.00000 -1.00000 -0.72921 -0.62943 0.26846 0.00000 0.00000 -1.00000 -0.43131 -0.86227 0.26545 0.00000 -0.00000 -1.00000 0.42242 -0.85999 0.28632 0.00000 0.00000 -1.00000 0.89710 -0.35999 0.25616 0.00000 0.00000 -1.00000 0.95785 0.11159 0.26471 0.00000 0.00000 -1.00000 0.54306 0.79141 0.28064 0.00000 0.00000 -1.00000 0.00526 0.96281 0.27014 0.00000 0.00000 -1.00000 -0.76537 0.58765 0.26246 0.00000 0.00000 -1.00000 -0.12429 0.93574 0.33006 0.00000 0.00000 -1.00000 -0.70682 0.61815 0.34394 0.00000 0.00000 -1.00000 -0.93407 -0.07808 0.34845 -0.00000 0.00000 -1.00000 -0.67032 -0.65969 0.33983 0.00000 0.00000 -1.00000 -0.07769 -0.93385 0.34913 0.00000 -0.00000 -1.00000 0.49204 -0.79691 0.35048 0.00000 0.00000 -1.00000 0.90201 -0.25892 0.34545 0.00000 0.00000 -1.00000 0.85305 0.40107 0.33383 0.00000 0.00000 -1.00000 0.37311 0.86501 0.33548 0.00000 0.00000 -1.00000 0.24621 0.85969 0.44756 0.00000 0.00000 -1.00000 -0.40444 0.80516 0.43376 0.00000 0.00000 -1.00000 -0.81584 0.38866 0.42819 0.00000 0.00000 -1.00000 -0.88652 -0.12214 0.44628 -0.00000 0.00000 -1.00000 -0.50586 -0.73544 0.45082 0.00000 0.00000 -1.00000 0.16254 -0.88035 0.44561 0.00000 -0.00000 -1.00000 0.58914 -0.67627 0.44224 0.00000 0.00000 -1.00000 0.89194 -0.04444 0.44996 0.00000 0.00000 -1.00000 0.73881 0.50424 0.44711 0.00000 0.00000 -1.00000 0.98377 0.04776 0.17296 0.00000 0.00000 -1.00000 0.56665 0.80654 0.16855 0.00000 0.00000 -1.00000 -0.29931 0.93898 0.16948 0.00000 0.00000 -1.00000 -0.74760 0.64671 0.15118 0.00000 0.00000 -1.00000 -0.96891 0.18974 0.15879 -0.00000 0.00000 -1.00000 -0.69826 -0.69776 0.15989 0.00000 0.00000 -1.00000 -0.25268 -0.95528 0.15357 0.00000 0.00000 -1.00000 0.22406 -0.96226 0.15441 0.00000 -0.00000 -1.00000 0.96756 -0.18863 0.16810 0.00000 0.00000 -1.00000 0.81168 -0.37671 0.44639 0.00000 0.00000 -1.00000 0.85636 0.30543 0.41637 0.00000 0.00000 -1.00000 0.68041 0.59625 0.42606 0.00000 0.00000 -1.00000 -0.09232 0.89457 0.43729 0.00000 0.00000 -1.00000 -0.51364 0.73894 0.43604 0.00000 0.00000 -1.00000 -0.88551 0.11803 0.44939 -0.00000 0.00000 -1.00000 -0.77936 -0.45373 0.43212 0.00000 0.00000 -1.00000 -0.39871 -0.80923 0.43148 0.00000 0.00000 -1.00000 0.29225 -0.85142 0.43551 0.00000 -0.00000 -1.00000 0.20085 -0.91487 0.35026 0.00000 -0.00000 -1.00000 0.85320 -0.39063 0.34562 0.00000 0.00000 -1.00000 0.94121 0.08419 0.32717 0.00000 0.00000 -1.00000 0.69423 0.63962 0.33005 0.00000 0.00000 -1.00000 0.05782 0.93884 0.33946 0.00000 0.00000 -1.00000 -0.58927 0.73922 0.32608 0.00000 0.00000 -1.00000 -0.87613 0.34911 0.33246 -0.00000 0.00000 -1.00000 -0.75233 -0.56851 0.33286 0.00000 0.00000 -1.00000 -0.46933 -0.81912 0.32981 0.00000 0.00000 -1.00000 -0.90782 0.21084 0.36251 -0.00000 0.00000 -1.00000 -0.69865 -0.60881 0.37581 0.00000 0.00000 -1.00000 -0.08576 -0.93272 0.35027 0.00000 -0.00000 -1.00000 0.46821 -0.81133 0.35002 0.00000 0.00000 -1.00000 0.89740 -0.25179 0.36231 0.00000 0.00000 -1.00000 0.87413 0.32271 0.36297 0.00000 0.00000 -1.00000 0.57234 0.72604 0.38117 0.00000 0.00000 -1.00000 -0.12595 0.91339 0.38711 0.00000 0.00000 -1.00000 -0.80807 0.46986 0.35532 0.00000 0.00000 -1.00000 -0.08983 -0.93779 0.33537 0.00000 -0.00000 -1.00000 0.27800 -0.90210 0.33004 0.00000 0.00000 -1.00000 0.77241 -0.53176 0.34731 0.00000 0.00000 -1.00000 0.93213 0.08742 0.35140 0.00000 0.00000 -1.00000 0.64316 0.66897 0.37259 0.00000 0.00000 -1.00000 0.01892 0.92873 0.37027 0.00000 0.00000 -1.00000 -0.56781 0.73439 0.37183 0.00000 0.00000 -1.00000 -0.93885 0.01326 0.34407 -0.00000 0.00000 -1.00000 -0.88854 -0.30570 0.34211 0.00000 0.00000 -1.00000 -0.63333 -0.58754 0.50368 0.00000 0.00000 -1.00000 0.03677 -0.86367 0.50272 0.00000 -0.00000 -1.00000 0.40347 -0.76067 0.50853 0.00000 0.00000 -1.00000 0.82953 -0.19256 0.52421 0.00000 0.00000 -1.00000 0.78560 0.34082 0.51641 0.00000 0.00000 -1.00000 0.34177 0.79608 0.49945 0.00000 0.00000 -1.00000 -0.21315 0.83665 0.50456 0.00000 0.00000 -1.00000 -0.66801 0.53609 0.51610 0.00000 0.00000 -1.00000 -0.85175 -0.13281 0.50684 -0.00000 0.00000 -1.00000 -0.18787 0.91735 0.35097 0.00000 0.00000 -1.00000 -0.60351 0.70400 0.37438 0.00000 0.00000 -1.00000 -0.92235 -0.06053 0.38159 -0.00000 0.00000 -1.00000 -0.76656 -0.51418 0.38471 0.00000 0.00000 -1.00000 -0.18521 -0.90192 0.39019 0.00000 -0.00000 -1.00000 0.56443 -0.73125 0.38300 0.00000 0.00000 -1.00000 0.92928 -0.09949 0.35573 0.00000 0.00000 -1.00000 0.90469 0.23129 0.35782 0.00000 0.00000 -1.00000 0.39205 0.83905 0.37723 0.00000 0.00000 -1.00000 0.57387 -0.70382 0.41870 0.00000 0.00000 -1.00000 0.88249 -0.22713 0.41184 0.00000 0.00000 -1.00000 0.78358 0.47758 0.39739 0.00000 0.00000 -1.00000 0.35300 0.85052 0.38988 0.00000 0.00000 -1.00000 -0.17573 0.90350 0.39090 0.00000 0.00000 -1.00000 -0.74472 0.53624 0.39728 0.00000 0.00000 -1.00000 -0.90566 -0.07719 0.41691 -0.00000 0.00000 -1.00000 -0.55622 -0.72456 0.40698 0.00000 0.00000 -1.00000 -0.16732 -0.90067 0.40099 0.00000 -0.00000 -1.00000 0.39365 -0.89486 0.21041 0.00000 0.00000 -1.00000 0.92599 -0.31685 0.20531 0.00000 0.00000 -1.00000 0.92929 0.30202 0.21262 0.00000 0.00000 -1.00000 0.42116 0.88311 0.20673 0.00000 0.00000 -1.00000 -0.08294 0.97375 0.21197 0.00000 0.00000 -1.00000 -0.69510 0.68181 0.22797 0.00000 0.00000 -1.00000 -0.96880 0.01016 0.24765 -0.00000 0.00000 -1.00000 -0.65712 -0.71885 0.22682 0.00000 0.00000 -1.00000 -0.11559 -0.97071 0.21062 0.00000 -0.00000 -1.00000 0.65121 0.70462 0.28185 0.00000 0.00000 -1.00000 0.21368 0.93453 0.28461 0.00000 0.00000 -1.00000 -0.56725 0.77691 0.27320 0.00000 0.00000 -1.00000 -0.87041 0.41341 0.26736 -0.00000 0.00000 -1.00000 -0.75017 -0.60813 0.25966 0.00000 0.00000 -1.00000 -0.52082 -0.81600 0.25079 0.00000 0.00000 -1.00000 0.18762 -0.94457 0.26942 0.00000 -0.00000 -1.00000 0.66738 -0.69475 0.26821 0.00000 0.00000 -1.00000 0.95717 0.01526 0.28914 0.00000 0.00000 -1.00000 0.75798 0.63254 0.15926 0.00000 0.00000 -1.00000 -0.16707 0.97114 0.17022 0.00000 0.00000 -1.00000 -0.76629 0.62506 0.14864 0.00000 0.00000 -1.00000 -0.97410 0.17464 0.14364 -0.00000 0.00000 -1.00000 -0.80495 -0.57415 0.14970 0.00000 0.00000 -1.00000 -0.34638 -0.92529 0.15449 0.00000 -0.00000 -1.00000 0.17487 -0.96894 0.17487 0.00000 0.00000 -1.00000 0.93746 -0.31116 0.15605 0.00000 0.00000 -1.00000 0.95806 0.23933 0.15762 0.00000 0.00000 -1.00000 0.28827 0.90267 0.31950 0.00000 0.00000 -1.00000 -0.54348 0.77079 0.33244 0.00000 0.00000 -1.00000 -0.86777 0.36996 0.33181 -0.00000 0.00000 -1.00000 -0.84342 -0.41198 0.34484 0.00000 0.00000 -1.00000 -0.24512 -0.91896 0.30890 0.00000 -0.00000 -1.00000 0.04886 -0.94603 0.32039 0.00000 0.00000 -1.00000 0.84337 -0.41221 0.34469 0.00000 0.00000 -1.00000 0.93589 0.16686 0.31026 0.00000 0.00000 -1.00000 0.61540 0.72828 0.30147 0.00000 0.00000 -1.00000 0.18579 0.94306 0.27588 0.00000 0.00000 -1.00000 -0.38436 0.87912 0.28182 0.00000 0.00000 -1.00000 -0.90189 0.33008 0.27865 0.00000 0.00000 -1.00000 -0.93941 -0.20648 0.27363 -0.00000 0.00000 -1.00000 -0.56779 -0.77594 0.27484 0.00000 0.00000 -1.00000 0.19124 -0.94344 0.27082 0.00000 -0.00000 -1.00000 0.70238 -0.65903 0.26897 0.00000 0.00000 -1.00000 0.96320 0.00376 0.26877 0.00000 0.00000 -1.00000 0.80821 0.51969 0.27700 0.00000 0.00000 -1.00000 0.22178 0.87523 0.42987 0.00000 0.00000 -1.00000 -0.49950 0.76082 0.41430 0.00000 0.00000 -1.00000 -0.81371 0.40458 0.41736 0.00000 0.00000 -1.00000 -0.85474 -0.30320 0.42129 -0.00000 0.00000 -1.00000 -0.36672 -0.83079 0.41870 0.00000 0.00000 -1.00000 0.22148 -0.88708 0.40502 0.00000 -0.00000 -1.00000 0.71624 -0.57583 0.39424 0.00000 0.00000 -1.00000 0.91061 -0.08758 0.40388 0.00000 0.00000 -1.00000 0.70264 0.57080 0.42484 0.00000 0.00000 -1.00000 -0.95701 0.11800 0.26497 -0.00000 0.00000 -1.00000 -0.81237 -0.51880 0.26628 0.00000 0.00000 -1.00000 -0.03274 -0.96415 0.26333 0.00000 -0.00000 -1.00000 0.38064 -0.88989 0.25141 0.00000 0.00000 -1.00000 0.89233 -0.36075 0.27130 0.00000 0.00000 -1.00000 0.92312 0.29130 0.25098 0.00000 0.00000 -1.00000 0.49960 0.82379 0.26791 0.00000 0.00000 -1.00000 -0.20612 0.94376 0.25852 0.00000 0.00000 -1.00000 -0.60300 0.75385 0.26098 0.00000 0.00000 -1.00000 -0.69349 0.65279 0.30485 0.00000 0.00000 -1.00000 -0.88263 0.34483 0.31946 -0.00000 0.00000 -1.00000 -0.76735 -0.55085 0.32822 0.00000 0.00000 -1.00000 -0.43970 -0.83654 0.32691 0.00000 -0.00000 -1.00000 0.57627 -0.74867 0.32771 0.00000 0.00000 -1.00000 0.83889 -0.44106 0.31895 0.00000 0.00000 -1.00000 0.90987 0.23014 0.34520 0.00000 0.00000 -1.00000 0.60430 0.71998 0.34125 0.00000 0.00000 -1.00000 -0.31061 0.88895 0.33659 0.00000 0.00000 -1.00000 0.96739 -0.10779 0.22921 0.00000 0.00000 -1.00000 0.78203 0.57749 0.23439 0.00000 0.00000 -1.00000 0.19914 0.95586 0.21606 0.00000 0.00000 -1.00000 -0.34898 0.90887 0.22838 0.00000 0.00000 -1.00000 -0.88634 0.40338 0.22735 0.00000 0.00000 -1.00000 -0.94015 -0.24165 0.24024 -0.00000 0.00000 -1.00000 -0.63248 -0.73764 0.23634 0.00000 0.00000 -1.00000 0.25446 -0.93840 0.23378 0.00000 -0.00000 -1.00000 0.60716 -0.75989 0.23223 0.00000 0.00000 -1.00000 -0.09271 0.85791 0.50537 0.00000 0.00000 -1.00000 -0.50576 0.70532 0.49673 0.00000 0.00000 -1.00000 -0.84883 0.12582 0.51347 -0.00000 0.00000 -1.00000 -0.76532 -0.39427 0.50876 0.00000 0.00000 -1.00000 -0.33585 -0.78561 0.51964 0.00000 0.00000 -1.00000 0.34436 -0.79081 0.50600 0.00000 -0.00000 -1.00000 0.68967 -0.52167 0.50221 0.00000 0.00000 -1.00000 0.83595 0.18395 0.51706 0.00000 0.00000 -1.00000 0.62003 0.58878 0.51856 0.00000 0.00000 -1.00000 -0.60483 0.68173 0.41161 0.00000 0.00000 -1.00000 -0.86090 0.27135 0.43038 -0.00000 0.00000 -1.00000 -0.79387 -0.41597 0.44356 0.00000 0.00000 -1.00000 -0.19218 -0.88153 0.43124 0.00000 -0.00000 -1.00000 0.36223 -0.83027 0.42361 0.00000 0.00000 -1.00000 0.83821 -0.35739 0.41191 0.00000 0.00000 -1.00000 0.90470 0.07683 0.41908 0.00000 0.00000 -1.00000 0.47280 0.77079 0.42702 0.00000 0.00000 -1.00000 -0.01004 0.91362 0.40645 0.00000 0.00000 -1.00000 -0.04838 -0.90678 0.41882 0.00000 -0.00000 -1.00000 0.51320 -0.75169 0.41423 0.00000 0.00000 -1.00000 0.86618 -0.25552 0.42946 0.00000 0.00000 -1.00000 0.80608 0.42076 0.41617 0.00000 0.00000 -1.00000 0.43926 0.79804 0.41253 0.00000 0.00000 -1.00000 -0.22453 0.88229 0.41370 0.00000 0.00000 -1.00000 -0.79165 0.46251 0.39921 0.00000 0.00000 -1.00000 -0.91367 -0.02320 0.40579 -0.00000 0.00000 -1.00000 -0.65452 -0.63379 0.41220 0.00000 0.00000 -1.00000 -0.82565 0.41807 0.37885 0.00000 0.00000 -1.00000 -0.91547 -0.14239 0.37636 -0.00000 0.00000 -1.00000 -0.65116 -0.65345 0.38600 0.00000 0.00000 -1.00000 0.01054 -0.91432 0.40485 0.00000 -0.00000 -1.00000 0.66045 -0.64202 0.38938 0.00000 0.00000 -1.00000 0.92366 -0.01581 0.38289 0.00000 0.00000 -1.00000 0.82136 0.42185 0.38394 0.00000 0.00000 -1.00000 0.31038 0.86583 0.39244 0.00000 0.00000 -1.00000 -0.33071 0.86108 0.38623 0.00000 0.00000 -1.00000 -0.83800 -0.45947 0.29437 0.00000 0.00000 -1.00000 -0.40099 -0.87139 0.28264 0.00000 0.00000 -1.00000 0.02457 -0.95751 0.28734 0.00000 -0.00000 -1.00000 0.76509 -0.57641 0.28702 0.00000 0.00000 -1.00000 0.95428 -0.02373 0.29798 0.00000 0.00000 -1.00000 0.71866 0.63065 0.29293 0.00000 0.00000 -1.00000 0.18730 0.93556 0.29940 0.00000 0.00000 -1.00000 -0.57610 0.76223 0.29516 0.00000 0.00000 -1.00000 -0.86296 0.41354 0.29033 -0.00000 0.00000 -1.00000 -0.37218 -0.84390 0.38641 0.00000 0.00000 -1.00000 0.24129 -0.88952 0.38798 0.00000 -0.00000 -1.00000 0.71241 -0.58572 0.38653 0.00000 0.00000 -1.00000 0.91467 0.12329 0.38494 0.00000 0.00000 -1.00000 0.61293 0.69313 0.37932 0.00000 0.00000 -1.00000 0.12208 0.91593 0.38232 0.00000 0.00000 -1.00000 -0.56495 0.72629 0.39158 0.00000 0.00000 -1.00000 -0.90107 0.21304 0.37774 -0.00000 0.00000 -1.00000 -0.84010 -0.39052 0.37647 0.00000 0.00000 -1.00000 0.56214 -0.69401 0.44984 0.00000 0.00000 -1.00000 0.88345 -0.10400 0.45683 0.00000 0.00000 -1.00000 0.74578 0.49366 0.44733 0.00000 0.00000 -1.00000 0.36459 0.82210 0.43729 0.00000 0.00000 -1.00000 -0.39784 0.80819 0.43422 0.00000 0.00000 -1.00000 -0.77455 0.45182 0.44264 0.00000 0.00000 -1.00000 -0.88453 -0.18840 0.42674 -0.00000 0.00000 -1.00000 -0.68020 -0.58840 0.43715 0.00000 0.00000 -1.00000 0.04411 -0.88870 0.45637 0.00000 -0.00000 -1.00000 0.37205 -0.86616 0.33369 0.00000 0.00000 -1.00000 0.85137 -0.41059 0.32647 0.00000 0.00000 -1.00000 0.93428 0.17882 0.30844 0.00000 0.00000 -1.00000 0.60322 0.73007 0.32114 0.00000 0.00000 -1.00000 -0.05218 0.94993 0.30808 0.00000 0.00000 -1.00000 -0.47693 0.82142 0.31274 0.00000 0.00000 -1.00000 -0.93182 0.13521 0.33678 -0.00000 0.00000 -1.00000 -0.77934 -0.52859 0.33648 0.00000 0.00000 -1.00000 -0.35856 -0.87370 0.32876 0.00000 -0.00000 -1.00000 0.01841 0.89665 0.44235 0.00000 0.00000 -1.00000 -0.52940 0.72510 0.44041 0.00000 0.00000 -1.00000 -0.87660 0.19116 0.44162 -0.00000 0.00000 -1.00000 -0.74754 -0.49876 0.43866 0.00000 0.00000 -1.00000 -0.39882 -0.80970 0.43050 0.00000 0.00000 -1.00000 0.18992 -0.87779 0.43979 0.00000 -0.00000 -1.00000 0.75342 -0.47864 0.45084 0.00000 0.00000 -1.00000 0.87052 0.18864 0.45455 0.00000 0.00000 -1.00000 0.62627 0.63071 0.45824 0.00000 0.00000 -1.00000 -0.89176 0.19916 0.40633 -0.00000 0.00000 -1.00000 -0.79986 -0.43220 0.41645 0.00000 0.00000 -1.00000 -0.37383 -0.82321 0.42729 0.00000 -0.00000 -1.00000 0.38753 -0.81669 0.42760 0.00000 0.00000 -1.00000 0.73274 -0.53291 0.42319 0.00000 0.00000 -1.00000 0.88959 0.13123 0.43750 0.00000 0.00000 -1.00000 0.60301 0.66997 0.43304 0.00000 0.00000 -1.00000 -0.02181 0.90774 0.41896 0.00000 0.00000 -1.00000 -0.60729 0.67859 0.41318 0.00000 0.00000 -1.00000 -0.55388 0.67982 0.48068 0.00000 0.00000 -1.00000 -0.85723 0.14014 0.49549 -0.00000 0.00000 -1.00000 -0.75688 -0.41916 0.50143 0.00000 0.00000 -1.00000 -0.30894 -0.81334 0.49298 0.00000 0.00000 -1.00000 0.30863 -0.82126 0.47988 0.00000 -0.00000 -1.00000 0.73191 -0.46456 0.49849 0.00000 0.00000 -1.00000 0.84963 0.14351 0.50749 0.00000 0.00000 -1.00000 0.52634 0.69402 0.49122 0.00000 0.00000 -1.00000 -0.03753 0.86868 0.49395 0.00000 0.00000 -1.00000 0.00181 0.99008 0.14047 0.00000 0.00000 -1.00000 -0.92019 0.36278 0.14714 0.00000 0.00000 -1.00000 -0.96904 -0.20809 0.13287 -0.00000 0.00000 -1.00000 -0.84920 -0.51062 0.13464 0.00000 0.00000 -1.00000 -0.33225 -0.93100 0.15118 0.00000 -0.00000 -1.00000 0.70027 -0.69829 0.14834 0.00000 0.00000 -1.00000 0.93695 -0.31949 0.14159 0.00000 0.00000 -1.00000 0.80749 0.57403 0.13581 0.00000 0.00000 -1.00000 0.52147 0.84270 0.13388 0.00000 0.00000 -1.00000 0.05613 0.85276 0.51929 0.00000 0.00000 -1.00000 -0.45273 0.71680 0.53032 0.00000 0.00000 -1.00000 -0.81575 0.18942 0.54652 -0.00000 0.00000 -1.00000 -0.74042 -0.39536 0.54357 0.00000 0.00000 -1.00000 -0.38142 -0.74689 0.54468 0.00000 0.00000 -1.00000 0.25579 -0.79845 0.54502 0.00000 -0.00000 -1.00000 0.69936 -0.46598 0.54199 0.00000 0.00000 -1.00000 0.83789 0.09887 0.53681 0.00000 0.00000 -1.00000 0.54283 0.65652 0.52375 0.00000 0.00000 -1.00000 0.91953 0.29707 0.25732 0.00000 0.00000 -1.00000 0.47111 0.84654 0.24785 0.00000 0.00000 -1.00000 -0.07900 0.96421 0.25311 0.00000 0.00000 -1.00000 -0.77250 0.58275 0.25228 0.00000 0.00000 -1.00000 -0.97076 0.02413 0.23885 -0.00000 0.00000 -1.00000 -0.83021 -0.49739 0.25171 0.00000 0.00000 -1.00000 -0.11008 -0.95994 0.25769 0.00000 -0.00000 -1.00000 0.45677 -0.85228 0.25493 0.00000 0.00000 -1.00000 0.89335 -0.36396 0.26356 0.00000 0.00000 -1.00000 0.72849 0.58831 0.35099 0.00000 0.00000 -1.00000 0.35144 0.86705 0.35315 0.00000 0.00000 -1.00000 -0.41260 0.83931 0.35399 0.00000 0.00000 -1.00000 -0.76232 0.54155 0.35438 0.00000 0.00000 -1.00000 -0.90359 -0.24020 0.35473 -0.00000 0.00000 -1.00000 -0.55261 -0.75331 0.35657 0.00000 0.00000 -1.00000 -0.18255 -0.91879 0.35001 0.00000 -0.00000 -1.00000 0.66215 -0.66946 0.33671 0.00000 0.00000 -1.00000 0.92416 -0.18184 0.33595 0.00000 0.00000 -1.00000 -0.14590 -0.96601 0.21339 0.00000 0.00000 -1.00000 0.12794 -0.96937 0.20964 0.00000 -0.00000 -1.00000 0.77237 -0.59886 0.21169 0.00000 0.00000 -1.00000 0.94126 0.25085 0.22606 0.00000 0.00000 -1.00000 0.61627 0.75753 0.21531 0.00000 0.00000 -1.00000 -0.11801 0.97187 0.20381 0.00000 0.00000 -1.00000 -0.55312 0.80710 0.20649 0.00000 0.00000 -1.00000 -0.92456 0.31699 0.21143 -0.00000 0.00000 -1.00000 -0.92296 -0.31057 0.22737 0.00000 0.00000 -1.00000 -0.74586 -0.51212 0.42594 0.00000 0.00000 -1.00000 -0.31683 -0.84814 0.42458 0.00000 0.00000 -1.00000 0.19600 -0.88215 0.42825 0.00000 -0.00000 -1.00000 0.74244 -0.52256 0.41919 0.00000 0.00000 -1.00000 0.87858 0.22332 0.42217 0.00000 0.00000 -1.00000 0.59176 0.69264 0.41240 0.00000 0.00000 -1.00000 0.08189 0.91198 0.40198 0.00000 0.00000 -1.00000 -0.48647 0.76332 0.42507 0.00000 0.00000 -1.00000 -0.87327 0.22458 0.43240 -0.00000 0.00000 -1.00000 -0.17450 0.93814 0.29908 0.00000 0.00000 -1.00000 -0.62687 0.72113 0.29498 0.00000 0.00000 -1.00000 -0.95717 -0.02537 0.28842 -0.00000 0.00000 -1.00000 -0.75649 -0.58828 0.28576 0.00000 0.00000 -1.00000 -0.18121 -0.93839 0.29426 0.00000 -0.00000 -1.00000 0.37672 -0.88164 0.28424 0.00000 0.00000 -1.00000 0.84834 -0.44719 0.28344 0.00000 0.00000 -1.00000 0.92782 0.22960 0.29400 0.00000 0.00000 -1.00000 0.61174 0.73487 0.29282 0.00000 0.00000 -1.00000 -0.16300 0.94333 0.28906 0.00000 0.00000 -1.00000 -0.80269 0.52110 0.29007 0.00000 0.00000 -1.00000 -0.93961 -0.18379 0.28870 -0.00000 0.00000 -1.00000 -0.64468 -0.70861 0.28681 0.00000 0.00000 -1.00000 -0.02521 -0.95568 0.29332 0.00000 -0.00000 -1.00000 0.59033 -0.75266 0.29157 0.00000 0.00000 -1.00000 0.93915 -0.20101 0.27855 0.00000 0.00000 -1.00000 0.88146 0.37327 0.28930 0.00000 0.00000 -1.00000 0.37581 0.88323 0.28047 0.00000 0.00000 -1.00000 0.34297 0.91171 0.22620 0.00000 0.00000 -1.00000 -0.33860 0.90680 0.25115 0.00000 0.00000 -1.00000 -0.87004 0.41982 0.25841 0.00000 0.00000 -1.00000 -0.90855 -0.34943 0.22897 -0.00000 0.00000 -1.00000 -0.66063 -0.71370 0.23282 0.00000 0.00000 -1.00000 0.25470 -0.93687 0.23957 0.00000 -0.00000 -1.00000 0.63607 -0.73695 0.22872 0.00000 0.00000 -1.00000 0.95434 -0.15991 0.25230 0.00000 0.00000 -1.00000 0.71871 0.65768 0.22565 0.00000 0.00000 -1.00000 -0.61109 0.75519 0.23720 0.00000 0.00000 -1.00000 -0.96435 -0.11741 0.23718 -0.00000 0.00000 -1.00000 -0.79011 -0.56899 0.22800 0.00000 0.00000 -1.00000 -0.16065 -0.95691 0.24188 0.00000 -0.00000 -1.00000 0.58253 -0.77810 0.23500 0.00000 0.00000 -1.00000 0.89263 -0.39314 0.22057 0.00000 0.00000 -1.00000 0.96732 0.12401 0.22118 0.00000 0.00000 -1.00000 0.46823 0.84634 0.25391 0.00000 0.00000 -1.00000 -0.17336 0.95602 0.23658 0.00000 0.00000 -1.00000 -0.88153 -0.25902 0.39473 -0.00000 0.00000 -1.00000 -0.61510 -0.68585 0.38891 0.00000 0.00000 -1.00000 -0.00289 -0.93107 0.36484 0.00000 -0.00000 -1.00000 0.41102 -0.83354 0.36915 0.00000 0.00000 -1.00000 0.87379 -0.29631 0.38559 0.00000 0.00000 -1.00000 0.82857 0.39080 0.40093 0.00000 0.00000 -1.00000 0.20379 0.90490 0.37367 0.00000 0.00000 -1.00000 -0.06676 0.92380 0.37701 0.00000 0.00000 -1.00000 -0.76330 0.51291 0.39281 0.00000 0.00000 -1.00000 -0.70383 -0.63734 0.31372 0.00000 0.00000 -1.00000 -0.22646 -0.92541 0.30386 0.00000 -0.00000 -1.00000 0.41130 -0.85743 0.30928 0.00000 0.00000 -1.00000 0.90314 -0.29586 0.31114 0.00000 0.00000 -1.00000 0.92602 0.21554 0.30989 0.00000 0.00000 -1.00000 0.57260 0.75425 0.32131 0.00000 0.00000 -1.00000 -0.17126 0.93201 0.31943 0.00000 0.00000 -1.00000 -0.73086 0.60892 0.30831 0.00000 0.00000 -1.00000 -0.93612 0.15477 0.31580 -0.00000 0.00000 -1.00000 0.67914 -0.67354 0.29174 0.00000 0.00000 -1.00000 0.90543 0.30880 0.29128 0.00000 0.00000 -1.00000 0.56271 0.77779 0.28002 0.00000 0.00000 -1.00000 -0.09213 0.95567 0.27964 0.00000 0.00000 -1.00000 -0.56691 0.77135 0.28921 0.00000 0.00000 -1.00000 -0.95548 -0.04006 0.29232 -0.00000 0.00000 -1.00000 -0.85842 -0.42860 0.28182 0.00000 0.00000 -1.00000 -0.37398 -0.88596 0.27426 0.00000 -0.00000 -1.00000 0.43362 -0.85731 0.27749 0.00000 0.00000 -1.00000 0.03868 0.92671 0.37377 0.00000 0.00000 -1.00000 -0.54649 0.74228 0.38778 0.00000 0.00000 -1.00000 -0.93565 -0.01106 0.35276 -0.00000 0.00000 -1.00000 -0.88322 -0.31868 0.34403 0.00000 0.00000 -1.00000 -0.51459 -0.77751 0.36150 0.00000 0.00000 -1.00000 0.28798 -0.88532 0.36506 0.00000 -0.00000 -1.00000 0.76983 -0.53453 0.34877 0.00000 0.00000 -1.00000 0.93722 0.02654 0.34772 0.00000 0.00000 -1.00000 0.72439 0.57796 0.37579 0.00000 0.00000 -1.00000 0.06644 -0.90461 0.42103 0.00000 -0.00000 -1.00000 0.67978 -0.60681 0.41191 0.00000 0.00000 -1.00000 0.89088 -0.15482 0.42705 0.00000 0.00000 -1.00000 0.73086 0.53754 0.42058 0.00000 0.00000 -1.00000 0.27475 0.86573 0.41836 0.00000 0.00000 -1.00000 -0.43414 0.80115 0.41193 0.00000 0.00000 -1.00000 -0.76297 0.49422 0.41669 0.00000 0.00000 -1.00000 -0.84492 -0.31440 0.43273 -0.00000 0.00000 -1.00000 -0.49329 -0.76116 0.42108 0.00000 0.00000 -1.00000 -0.60628 -0.69382 0.38864 0.00000 0.00000 -1.00000 0.21648 -0.90311 0.37084 0.00000 -0.00000 -1.00000 0.46164 -0.81002 0.36158 0.00000 0.00000 -1.00000 0.88153 -0.24199 0.40539 0.00000 0.00000 -1.00000 0.80681 0.42364 0.41181 0.00000 0.00000 -1.00000 0.38899 0.82870 0.40243 0.00000 0.00000 -1.00000 -0.35291 0.84767 0.39612 0.00000 0.00000 -1.00000 -0.84972 0.36678 0.37875 0.00000 0.00000 -1.00000 -0.92448 0.03897 0.37924 -0.00000 0.00000 -1.00000 0.44491 0.77839 0.44290 0.00000 0.00000 -1.00000 -0.14148 0.88553 0.44252 0.00000 0.00000 -1.00000 -0.57795 0.67998 0.45122 0.00000 0.00000 -1.00000 -0.88491 -0.05275 0.46276 -0.00000 0.00000 -1.00000 -0.77248 -0.43727 0.46050 0.00000 0.00000 -1.00000 -0.11848 -0.87969 0.46056 0.00000 -0.00000 -1.00000 0.42852 -0.78528 0.44689 0.00000 0.00000 -1.00000 0.81520 -0.35309 0.45909 0.00000 0.00000 -1.00000 0.85716 0.24647 0.45224 0.00000 0.00000 -1.00000 0.21012 0.92578 0.31431 0.00000 0.00000 -1.00000 -0.38001 0.87312 0.30538 0.00000 0.00000 -1.00000 -0.78221 0.52836 0.33012 0.00000 0.00000 -1.00000 -0.87006 -0.37416 0.32093 -0.00000 0.00000 -1.00000 -0.55633 -0.76840 0.31631 0.00000 0.00000 -1.00000 0.12312 -0.93640 0.32864 0.00000 -0.00000 -1.00000 0.62243 -0.71244 0.32405 0.00000 0.00000 -1.00000 0.94285 -0.07760 0.32407 0.00000 0.00000 -1.00000 0.74393 0.58557 0.32199 0.00000 0.00000 -1.00000 -0.27434 -0.90618 0.32184 0.00000 -0.00000 -1.00000 0.62677 -0.69946 0.34339 0.00000 0.00000 -1.00000 0.92160 -0.17568 0.34610 0.00000 0.00000 -1.00000 0.87878 0.32702 0.34757 0.00000 0.00000 -1.00000 0.40565 0.84470 0.34920 0.00000 0.00000 -1.00000 -0.20531 0.91580 0.34519 0.00000 0.00000 -1.00000 -0.81666 0.46929 0.33591 0.00000 0.00000 -1.00000 -0.94220 0.03626 0.33310 -0.00000 0.00000 -1.00000 -0.58283 -0.74942 0.31413 0.00000 0.00000 -1.00000 0.70114 0.64812 0.29722 0.00000 0.00000 -1.00000 0.05305 0.95126 0.30379 0.00000 0.00000 -1.00000 -0.54609 0.78178 0.30101 0.00000 0.00000 -1.00000 -0.91787 0.26824 0.29250 -0.00000 0.00000 -1.00000 -0.84896 -0.43644 0.29798 0.00000 0.00000 -1.00000 -0.39434 -0.86819 0.30125 0.00000 0.00000 -1.00000 0.26459 -0.92311 0.27903 0.00000 -0.00000 -1.00000 0.57873 -0.76457 0.28373 0.00000 0.00000 -1.00000 0.94873 0.11593 0.29407 0.00000 0.00000 -1.00000 0.83274 0.30557 0.46171 0.00000 0.00000 -1.00000 0.56656 0.68637 0.45598 0.00000 0.00000 -1.00000 -0.09859 0.87549 0.47307 0.00000 0.00000 -1.00000 -0.63715 0.61397 0.46591 0.00000 0.00000 -1.00000 -0.86861 0.15273 0.47136 -0.00000 0.00000 -1.00000 -0.69824 -0.54378 0.46559 0.00000 0.00000 -1.00000 -0.28913 -0.83867 0.46156 0.00000 -0.00000 -1.00000 0.33382 -0.81436 0.47475 0.00000 0.00000 -1.00000 0.82310 -0.32786 0.46370 0.00000 0.00000 -1.00000 -0.38501 -0.90874 0.16110 0.00000 0.00000 -1.00000 0.07179 -0.98460 0.15938 0.00000 -0.00000 -1.00000 0.72683 -0.66587 0.16835 0.00000 0.00000 -1.00000 0.98335 0.08282 0.16175 0.00000 0.00000 -1.00000 0.85698 0.49080 0.15718 0.00000 0.00000 -1.00000 -0.15220 0.97803 0.14242 0.00000 0.00000 -1.00000 -0.26330 0.95422 0.14189 0.00000 0.00000 -1.00000 -0.98597 -0.08609 0.14301 -0.00000 0.00000 -1.00000 -0.95029 -0.27611 0.14392 0.00000 0.00000 -1.00000 0.93917 -0.17008 0.29840 0.00000 0.00000 -1.00000 0.84482 0.44615 0.29536 0.00000 0.00000 -1.00000 0.54157 0.78799 0.29287 0.00000 0.00000 -1.00000 -0.38622 0.87349 0.29640 0.00000 0.00000 -1.00000 -0.77958 0.54565 0.30744 0.00000 0.00000 -1.00000 -0.93919 -0.13114 0.31737 -0.00000 0.00000 -1.00000 -0.64425 -0.70301 0.30121 0.00000 0.00000 -1.00000 -0.06422 -0.95056 0.30383 0.00000 -0.00000 -1.00000 0.59420 -0.74074 0.31341 0.00000 0.00000 -1.00000 0.69397 0.62550 0.35658 0.00000 0.00000 -1.00000 0.21996 0.91529 0.33744 0.00000 0.00000 -1.00000 -0.29049 0.89181 0.34682 0.00000 0.00000 -1.00000 -0.81440 0.45811 0.35622 0.00000 0.00000 -1.00000 -0.90369 -0.24468 0.35139 -0.00000 0.00000 -1.00000 -0.50141 -0.78820 0.35683 0.00000 0.00000 -1.00000 0.13478 -0.92674 0.35069 0.00000 -0.00000 -1.00000 0.69738 -0.62596 0.34906 0.00000 0.00000 -1.00000 0.92338 -0.14653 0.35481 0.00000 0.00000 -1.00000 -0.86893 0.16353 0.46715 -0.00000 0.00000 -1.00000 -0.63287 -0.60819 0.47915 0.00000 0.00000 -1.00000 -0.24765 -0.84483 0.47426 0.00000 -0.00000 -1.00000 0.45503 -0.75215 0.47667 0.00000 0.00000 -1.00000 0.79379 -0.38332 0.47219 0.00000 0.00000 -1.00000 0.84203 0.28953 0.45515 0.00000 0.00000 -1.00000 0.53369 0.71290 0.45492 0.00000 0.00000 -1.00000 -0.14412 0.87666 0.45902 0.00000 0.00000 -1.00000 -0.66565 0.59578 0.44941 0.00000 0.00000 -1.00000 -0.51026 -0.63544 0.57953 0.00000 0.00000 -1.00000 -0.00610 -0.82007 0.57223 0.00000 -0.00000 -1.00000 0.54054 -0.61964 0.56909 0.00000 0.00000 -1.00000 0.81482 -0.15982 0.55724 0.00000 0.00000 -1.00000 0.73962 0.35936 0.56906 0.00000 0.00000 -1.00000 0.26124 0.78547 0.56105 0.00000 0.00000 -1.00000 -0.23019 0.79289 0.56421 0.00000 0.00000 -1.00000 -0.71032 0.41784 0.56644 0.00000 0.00000 -1.00000 -0.80832 -0.10189 0.57986 -0.00000 0.00000 -1.00000 -0.49095 -0.82194 0.28877 0.00000 -0.00000 -1.00000 0.34812 -0.87598 0.33387 0.00000 0.00000 -1.00000 0.95722 -0.09766 0.27237 0.00000 0.00000 -1.00000 0.95344 0.15950 0.25596 0.00000 0.00000 -1.00000 0.63398 0.73046 0.25396 0.00000 0.00000 -1.00000 0.23202 0.93031 0.28406 0.00000 0.00000 -1.00000 -0.71692 0.62818 0.30235 0.00000 0.00000 -1.00000 -0.94573 0.10200 0.30854 -0.00000 0.00000 -1.00000 -0.65903 -0.69511 0.28725 0.00000 0.00000 -1.00000 0.10237 -0.93223 0.34710 0.00000 -0.00000 -1.00000 0.70376 -0.61773 0.35089 0.00000 0.00000 -1.00000 0.94040 -0.06410 0.33397 0.00000 0.00000 -1.00000 0.72186 0.60923 0.32828 0.00000 0.00000 -1.00000 0.38849 0.85818 0.33556 0.00000 0.00000 -1.00000 -0.50339 0.79604 0.33604 0.00000 0.00000 -1.00000 -0.88607 0.33078 0.32475 0.00000 0.00000 -1.00000 -0.91392 -0.23956 0.32767 -0.00000 0.00000 -1.00000 -0.56590 -0.75266 0.33655 0.00000 0.00000 -1.00000 -0.65380 -0.68190 0.32796 0.00000 0.00000 -1.00000 -0.17050 -0.93083 0.32324 0.00000 -0.00000 -1.00000 0.50040 -0.79789 0.33611 0.00000 0.00000 -1.00000 0.91872 -0.21958 0.32823 0.00000 0.00000 -1.00000 0.89583 0.30644 0.32186 0.00000 0.00000 -1.00000 0.42642 0.84837 0.31375 0.00000 0.00000 -1.00000 -0.19144 0.92719 0.32198 0.00000 0.00000 -1.00000 -0.78162 0.53596 0.31910 0.00000 0.00000 -1.00000 -0.94377 0.08274 0.32007 -0.00000 0.00000 -1.00000 -0.59171 -0.64866 0.47867 0.00000 0.00000 -1.00000 -0.04756 -0.86359 0.50194 0.00000 -0.00000 -1.00000 0.54814 -0.67846 0.48911 0.00000 0.00000 -1.00000 0.86162 -0.13277 0.48988 0.00000 0.00000 -1.00000 0.75416 0.44064 0.48692 0.00000 0.00000 -1.00000 0.35259 0.80307 0.48038 0.00000 0.00000 -1.00000 -0.28827 0.83193 0.47412 0.00000 0.00000 -1.00000 -0.78573 0.40470 0.46780 0.00000 0.00000 -1.00000 -0.87665 -0.10715 0.46905 -0.00000 0.00000 -1.00000 -0.79219 -0.16078 0.58871 -0.00000 0.00000 -1.00000 -0.59449 -0.54969 0.58688 0.00000 0.00000 -1.00000 0.04295 -0.80471 0.59211 0.00000 -0.00000 -1.00000 0.52283 -0.62872 0.57564 0.00000 0.00000 -1.00000 0.78340 -0.23238 0.57644 0.00000 0.00000 -1.00000 0.74637 0.31070 0.58856 0.00000 0.00000 -1.00000 0.31903 0.74566 0.58498 0.00000 0.00000 -1.00000 -0.19878 0.77566 0.59904 0.00000 0.00000 -1.00000 -0.62614 0.49527 0.60221 0.00000 0.00000 -1.00000 0.67354 0.71499 0.18743 0.00000 0.00000 -1.00000 0.32656 0.92567 0.19103 0.00000 0.00000 -1.00000 -0.38333 0.89921 0.21091 0.00000 0.00000 -1.00000 -0.93893 0.26868 0.21497 0.00000 0.00000 -1.00000 -0.86781 -0.45693 0.19526 -0.00000 0.00000 -1.00000 -0.55460 -0.81025 0.18951 0.00000 0.00000 -1.00000 -0.06017 -0.97839 0.19780 0.00000 -0.00000 -1.00000 0.64676 -0.73242 0.21277 0.00000 0.00000 -1.00000 0.96619 0.15412 0.20672 0.00000 0.00000 -1.00000 -0.92299 -0.17321 0.34363 -0.00000 0.00000 -1.00000 -0.51202 -0.78385 0.35130 0.00000 0.00000 -1.00000 -0.00027 -0.93691 0.34958 0.00000 -0.00000 -1.00000 0.67211 -0.65017 0.35433 0.00000 0.00000 -1.00000 0.93952 0.02336 0.34169 0.00000 0.00000 -1.00000 0.81269 0.46874 0.34615 0.00000 0.00000 -1.00000 0.17366 0.92214 0.34567 0.00000 0.00000 -1.00000 -0.36404 0.87191 0.32748 0.00000 0.00000 -1.00000 -0.83903 0.43410 0.32800 0.00000 0.00000 -1.00000 -0.88158 0.29664 0.36719 -0.00000 0.00000 -1.00000 -0.88954 -0.23595 0.39122 0.00000 0.00000 -1.00000 -0.51520 -0.75477 0.40607 0.00000 0.00000 -1.00000 0.29904 -0.86914 0.39392 0.00000 -0.00000 -1.00000 0.77006 -0.51643 0.37457 0.00000 0.00000 -1.00000 0.92813 -0.03673 0.37045 0.00000 0.00000 -1.00000 0.73184 0.55281 0.39852 0.00000 0.00000 -1.00000 0.05941 0.92469 0.37605 0.00000 0.00000 -1.00000 -0.45515 0.81675 0.35462 0.00000 0.00000 -1.00000 -0.98218 0.04313 0.18295 -0.00000 0.00000 -1.00000 -0.87309 -0.45107 0.18508 0.00000 0.00000 -1.00000 -0.10636 -0.97475 0.19635 0.00000 -0.00000 -1.00000 0.38896 -0.90246 0.18516 0.00000 0.00000 -1.00000 0.96606 -0.18247 0.18287 0.00000 0.00000 -1.00000 0.97394 0.13770 0.18022 0.00000 0.00000 -1.00000 0.32837 0.92528 0.18983 0.00000 0.00000 -1.00000 -0.02432 0.98378 0.17774 0.00000 0.00000 -1.00000 -0.72781 0.65865 0.19095 0.00000 0.00000 -1.00000 -0.60693 0.60305 0.51766 0.00000 0.00000 -1.00000 -0.84650 0.13612 0.51469 -0.00000 0.00000 -1.00000 -0.69578 -0.50621 0.50955 0.00000 0.00000 -1.00000 -0.36420 -0.77500 0.51646 0.00000 -0.00000 -1.00000 0.32734 -0.78287 0.52911 0.00000 0.00000 -1.00000 0.76605 -0.37031 0.52539 0.00000 0.00000 -1.00000 0.84203 0.13375 0.52259 0.00000 0.00000 -1.00000 0.48345 0.69741 0.52905 0.00000 0.00000 -1.00000 -0.03996 0.85213 0.52181 0.00000 0.00000 -1.00000 -0.85982 -0.39749 0.32048 0.00000 0.00000 -1.00000 -0.21314 -0.92085 0.32651 0.00000 -0.00000 -1.00000 0.58158 -0.75634 0.29952 0.00000 0.00000 -1.00000 0.82464 -0.49002 0.28257 0.00000 0.00000 -1.00000 0.95334 0.03659 0.29966 0.00000 0.00000 -1.00000 0.52724 0.79362 0.30363 0.00000 0.00000 -1.00000 -0.05172 0.95521 0.29136 0.00000 0.00000 -1.00000 -0.53987 0.78536 0.30289 0.00000 0.00000 -1.00000 -0.93734 0.16649 0.30606 -0.00000 0.00000 -1.00000 -0.59852 -0.72431 0.34227 0.00000 0.00000 -1.00000 -0.07758 -0.94020 0.33167 0.00000 -0.00000 -1.00000 0.49861 -0.79908 0.33594 0.00000 0.00000 -1.00000 0.88301 -0.32462 0.33899 0.00000 0.00000 -1.00000 0.83592 0.43531 0.33428 0.00000 0.00000 -1.00000 0.45814 0.81734 0.34937 0.00000 0.00000 -1.00000 -0.33612 0.87979 0.33615 0.00000 0.00000 -1.00000 -0.73372 0.59092 0.33537 0.00000 0.00000 -1.00000 -0.93927 -0.03755 0.34111 -0.00000 0.00000 -1.00000 0.91576 -0.21755 0.33773 0.00000 0.00000 -1.00000 0.93542 0.11945 0.33274 0.00000 0.00000 -1.00000 0.33130 0.88340 0.33144 0.00000 0.00000 -1.00000 -0.07761 0.94237 0.32545 0.00000 0.00000 -1.00000 -0.69611 0.62968 0.34486 0.00000 0.00000 -1.00000 -0.93689 -0.00573 0.34957 -0.00000 0.00000 -1.00000 -0.73403 -0.59290 0.33116 0.00000 0.00000 -1.00000 -0.14506 -0.93239 0.33106 0.00000 -0.00000 -1.00000 0.41925 -0.84008 0.34424 0.00000 0.00000 -1.00000 -0.32411 0.93184 0.16319 0.00000 0.00000 -1.00000 -0.67307 0.72169 0.16169 0.00000 0.00000 -1.00000 -0.97018 -0.17152 0.17128 -0.00000 0.00000 -1.00000 -0.54417 -0.82445 0.15543 0.00000 0.00000 -1.00000 -0.11751 -0.98156 0.15079 0.00000 -0.00000 -1.00000 0.75040 -0.64472 0.14570 0.00000 0.00000 -1.00000 0.95049 -0.27308 0.14828 0.00000 0.00000 -1.00000 0.92843 0.33669 0.15702 0.00000 0.00000 -1.00000 0.51123 0.84293 0.16769 0.00000 0.00000 -1.00000 -0.83391 0.24967 0.49221 -0.00000 0.00000 -1.00000 -0.80462 -0.33422 0.49079 0.00000 0.00000 -1.00000 -0.37162 -0.79306 0.48266 0.00000 0.00000 -1.00000 0.27600 -0.84433 0.45926 0.00000 -0.00000 -1.00000 0.68960 -0.56865 0.44843 0.00000 0.00000 -1.00000 0.89049 0.02210 0.45447 0.00000 0.00000 -1.00000 0.72308 0.50364 0.47276 0.00000 0.00000 -1.00000 0.07549 0.87626 0.47588 0.00000 0.00000 -1.00000 -0.41860 0.77201 0.47832 0.00000 0.00000 -1.00000 -0.11359 -0.93469 0.33682 0.00000 -0.00000 -1.00000 0.49639 -0.79978 0.33757 0.00000 0.00000 -1.00000 0.87296 -0.33974 0.35003 0.00000 0.00000 -1.00000 0.86815 0.35154 0.35035 0.00000 0.00000 -1.00000 0.46000 0.82059 0.33916 0.00000 0.00000 -1.00000 -0.23607 0.91638 0.32329 0.00000 0.00000 -1.00000 -0.73052 0.59925 0.32749 0.00000 0.00000 -1.00000 -0.94225 -0.06453 0.32865 -0.00000 0.00000 -1.00000 -0.70658 -0.62790 0.32632 0.00000 0.00000 -1.00000 -0.07275 0.98591 0.15061 0.00000 0.00000 -1.00000 -0.53986 0.82771 0.15310 0.00000 0.00000 -1.00000 -0.98060 0.12818 0.14831 -0.00000 0.00000 -1.00000 -0.89662 -0.42046 0.13888 0.00000 0.00000 -1.00000 -0.35990 -0.92453 0.12539 0.00000 -0.00000 -1.00000 0.52679 -0.84037 0.12758 0.00000 0.00000 -1.00000 0.61196 -0.78048 0.12790 0.00000 0.00000 -1.00000 0.96143 0.23200 0.14773 0.00000 0.00000 -1.00000 0.58943 0.79350 0.15141 0.00000 0.00000 -1.00000 0.55415 -0.75433 0.35200 0.00000 0.00000 -1.00000 0.93847 -0.04493 0.34241 0.00000 0.00000 -1.00000 0.83246 0.44478 0.33041 0.00000 0.00000 -1.00000 0.22868 0.91074 0.34389 0.00000 0.00000 -1.00000 -0.30029 0.89162 0.33889 0.00000 0.00000 -1.00000 -0.85860 0.38148 0.34245 0.00000 0.00000 -1.00000 -0.91176 -0.22771 0.34183 -0.00000 0.00000 -1.00000 -0.54372 -0.76665 0.34150 0.00000 0.00000 -1.00000 0.10744 -0.93311 0.34316 0.00000 -0.00000 -1.00000 0.18129 -0.92686 0.32875 0.00000 -0.00000 -1.00000 0.82731 -0.46247 0.31887 0.00000 0.00000 -1.00000 0.95031 0.05261 0.30682 0.00000 0.00000 -1.00000 0.70448 0.63392 0.31914 0.00000 0.00000 -1.00000 0.02668 0.94546 0.32466 0.00000 0.00000 -1.00000 -0.52856 0.78349 0.32676 0.00000 0.00000 -1.00000 -0.92978 0.19181 0.31421 -0.00000 0.00000 -1.00000 -0.85738 -0.40415 0.31868 0.00000 0.00000 -1.00000 -0.50653 -0.80179 0.31713 0.00000 0.00000 -1.00000 0.24095 0.91173 0.33272 0.00000 0.00000 -1.00000 -0.40423 0.86091 0.30891 0.00000 0.00000 -1.00000 -0.75117 0.57645 0.32163 0.00000 0.00000 -1.00000 -0.93286 -0.12158 0.33910 -0.00000 0.00000 -1.00000 -0.42507 -0.84571 0.32263 0.00000 0.00000 -1.00000 0.05931 -0.94848 0.31123 0.00000 -0.00000 -1.00000 0.70404 -0.63712 0.31369 0.00000 0.00000 -1.00000 0.94958 -0.10071 0.29692 0.00000 0.00000 -1.00000 0.85409 0.40544 0.32581 0.00000 0.00000 -1.00000 0.96674 -0.11623 0.22783 0.00000 0.00000 -1.00000 0.77650 0.58512 0.23384 0.00000 0.00000 -1.00000 0.24476 0.94611 0.21207 0.00000 0.00000 -1.00000 -0.35187 0.91090 0.21551 0.00000 0.00000 -1.00000 -0.85202 0.47115 0.22820 0.00000 0.00000 -1.00000 -0.93509 -0.26874 0.23104 -0.00000 0.00000 -1.00000 -0.54134 -0.81134 0.22062 0.00000 0.00000 -1.00000 -0.11037 -0.96875 0.22211 0.00000 -0.00000 -1.00000 0.68811 -0.68941 0.22633 0.00000 0.00000 -1.00000 0.37484 -0.76116 0.52927 0.00000 0.00000 -1.00000 0.72364 -0.42442 0.54426 0.00000 0.00000 -1.00000 0.82018 0.16194 0.54870 0.00000 0.00000 -1.00000 0.45791 0.71102 0.53364 0.00000 0.00000 -1.00000 -0.00888 0.84595 0.53319 0.00000 0.00000 -1.00000 -0.62663 0.55691 0.54514 0.00000 0.00000 -1.00000 -0.80700 0.22066 0.54778 -0.00000 0.00000 -1.00000 -0.68773 -0.46896 0.55417 0.00000 0.00000 -1.00000 -0.23296 -0.81085 0.53689 0.00000 -0.00000 -1.00000 0.68857 -0.69207 0.21656 0.00000 0.00000 -1.00000 0.89229 -0.39466 0.21924 0.00000 0.00000 -1.00000 0.86290 0.45014 0.22973 0.00000 0.00000 -1.00000 0.45788 0.85531 0.24247 0.00000 0.00000 -1.00000 -0.48441 0.84412 0.22979 0.00000 0.00000 -1.00000 -0.66612 0.70952 0.22994 0.00000 0.00000 -1.00000 -0.95834 -0.17004 0.22949 -0.00000 0.00000 -1.00000 -0.67395 -0.70414 0.22355 0.00000 0.00000 -1.00000 -0.32186 -0.91827 0.23064 0.00000 -0.00000 -1.00000 -0.16462 -0.77018 0.61622 0.00000 -0.00000 -1.00000 0.37354 -0.71178 0.59485 0.00000 0.00000 -1.00000 0.68238 -0.41131 0.60430 0.00000 0.00000 -1.00000 0.75791 0.19739 0.62178 0.00000 0.00000 -1.00000 0.42936 0.66489 0.61121 0.00000 0.00000 -1.00000 -0.05227 0.79801 0.60037 0.00000 0.00000 -1.00000 -0.53084 0.59574 0.60274 0.00000 0.00000 -1.00000 -0.78051 0.09578 0.61776 -0.00000 0.00000 -1.00000 -0.62239 -0.47919 0.61888 0.00000 0.00000 -1.00000 0.57742 0.73884 0.34743 0.00000 0.00000 -1.00000 -0.10618 0.93636 0.33459 0.00000 0.00000 -1.00000 -0.57185 0.74960 0.33330 0.00000 0.00000 -1.00000 -0.93552 0.03777 0.35124 -0.00000 0.00000 -1.00000 -0.77282 -0.53345 0.34377 0.00000 0.00000 -1.00000 -0.28795 -0.89195 0.34857 0.00000 -0.00000 -1.00000 0.34860 -0.86583 0.35891 0.00000 0.00000 -1.00000 0.85080 -0.39376 0.34797 0.00000 0.00000 -1.00000 0.91854 0.18723 0.34818 0.00000 0.00000 -1.00000 -0.92215 0.26408 0.28266 -0.00000 0.00000 -1.00000 -0.72517 -0.61993 0.29969 0.00000 0.00000 -1.00000 -0.27794 -0.91995 0.27649 0.00000 -0.00000 -1.00000 0.27486 -0.91652 0.29060 0.00000 0.00000 -1.00000 0.85558 -0.43023 0.28790 0.00000 0.00000 -1.00000 0.94553 0.14340 0.29226 0.00000 0.00000 -1.00000 0.55256 0.77572 0.30485 0.00000 0.00000 -1.00000 -0.22057 0.93394 0.28127 0.00000 0.00000 -1.00000 -0.70044 0.65500 0.28349 0.00000 0.00000 -1.00000 0.60976 0.75456 0.24255 0.00000 0.00000 -1.00000 0.08317 0.96779 0.23764 0.00000 0.00000 -1.00000 -0.40001 0.88361 0.24335 0.00000 0.00000 -1.00000 -0.92902 0.27200 0.25088 -0.00000 0.00000 -1.00000 -0.86660 -0.43788 0.23929 0.00000 0.00000 -1.00000 -0.30917 -0.91919 0.24394 0.00000 0.00000 -1.00000 0.20705 -0.94654 0.24738 0.00000 -0.00000 -1.00000 0.78145 -0.57607 0.23978 0.00000 0.00000 -1.00000 0.93929 0.23450 0.25049 0.00000 0.00000 -1.00000 -0.91924 -0.03064 0.39251 -0.00000 0.00000 -1.00000 -0.69243 -0.61037 0.38469 0.00000 0.00000 -1.00000 -0.25707 -0.88472 0.38883 0.00000 -0.00000 -1.00000 0.44767 -0.79581 0.40777 0.00000 0.00000 -1.00000 0.86485 -0.30139 0.40150 0.00000 0.00000 -1.00000 0.85323 0.34172 0.39398 0.00000 0.00000 -1.00000 0.50622 0.77267 0.38304 0.00000 0.00000 -1.00000 -0.13778 0.90598 0.40028 0.00000 0.00000 -1.00000 -0.73732 0.54683 0.39665 0.00000 0.00000 -1.00000 0.29997 0.91936 0.25456 0.00000 0.00000 -1.00000 -0.63013 0.73397 0.25343 0.00000 0.00000 -1.00000 -0.86762 0.42821 0.25273 -0.00000 0.00000 -1.00000 -0.88736 -0.37876 0.26293 0.00000 0.00000 -1.00000 -0.42911 -0.86581 0.25737 0.00000 0.00000 -1.00000 0.27768 -0.92456 0.26093 0.00000 -0.00000 -1.00000 0.79104 -0.55158 0.26461 0.00000 0.00000 -1.00000 0.96685 0.09308 0.23776 0.00000 0.00000 -1.00000 0.83626 0.49344 0.23911 0.00000 0.00000 -1.00000 -0.39659 -0.87981 0.26202 0.00000 -0.00000 -1.00000 0.41340 -0.85993 0.29936 0.00000 0.00000 -1.00000 0.90643 -0.31285 0.28375 0.00000 0.00000 -1.00000 0.91119 0.29446 0.28816 0.00000 0.00000 -1.00000 0.33292 0.90892 0.25107 0.00000 0.00000 -1.00000 0.01489 0.96862 0.24810 0.00000 0.00000 -1.00000 -0.73164 0.62878 0.26331 0.00000 0.00000 -1.00000 -0.94630 0.17134 0.27416 -0.00000 0.00000 -1.00000 -0.69502 -0.67214 0.25528 0.00000 0.00000 -1.00000 0.04975 0.92316 0.38119 0.00000 0.00000 -1.00000 -0.59769 0.70843 0.37535 0.00000 0.00000 -1.00000 -0.91102 0.18132 0.37035 -0.00000 0.00000 -1.00000 -0.86348 -0.33439 0.37762 0.00000 0.00000 -1.00000 -0.35309 -0.85336 0.38354 0.00000 0.00000 -1.00000 0.23338 -0.89910 0.37035 0.00000 -0.00000 -1.00000 0.77254 -0.51532 0.37099 0.00000 0.00000 -1.00000 0.92581 0.03114 0.37670 0.00000 0.00000 -1.00000 0.63162 0.67711 0.37760 0.00000 0.00000 -1.00000 -0.92378 0.11075 0.36655 -0.00000 0.00000 -1.00000 -0.73388 -0.57156 0.36707 0.00000 0.00000 -1.00000 -0.25735 -0.89448 0.36563 0.00000 -0.00000 -1.00000 0.36122 -0.85295 0.37681 0.00000 0.00000 -1.00000 0.84076 -0.38685 0.37878 0.00000 0.00000 -1.00000 0.89033 0.26382 0.37109 0.00000 0.00000 -1.00000 0.59069 0.71505 0.37389 0.00000 0.00000 -1.00000 -0.13840 0.91957 0.36775 0.00000 0.00000 -1.00000 -0.64781 0.67169 0.35941 0.00000 0.00000 -1.00000 0.65869 0.71705 0.22795 0.00000 0.00000 -1.00000 0.43539 0.87127 0.22656 0.00000 0.00000 -1.00000 -0.53315 0.80630 0.25619 0.00000 0.00000 -1.00000 -0.95662 0.16786 0.23811 0.00000 0.00000 -1.00000 -0.95222 -0.19348 0.23632 -0.00000 0.00000 -1.00000 -0.60372 -0.76338 0.22971 0.00000 0.00000 -1.00000 0.13968 -0.96213 0.23408 0.00000 -0.00000 -1.00000 0.63327 -0.73639 0.23812 0.00000 0.00000 -1.00000 0.96306 -0.09947 0.25026 0.00000 0.00000 -1.00000 -0.53596 -0.78921 0.29983 0.00000 0.00000 -1.00000 0.23770 -0.91972 0.31243 0.00000 -0.00000 -1.00000 0.78174 -0.54531 0.30251 0.00000 0.00000 -1.00000 0.95075 0.12166 0.28507 0.00000 0.00000 -1.00000 0.73652 0.61321 0.28550 0.00000 0.00000 -1.00000 0.02455 0.95662 0.29029 0.00000 0.00000 -1.00000 -0.38623 0.87407 0.29465 0.00000 0.00000 -1.00000 -0.91351 0.26524 0.30845 -0.00000 0.00000 -1.00000 -0.79697 -0.52175 0.30433 0.00000 0.00000 -1.00000 0.14480 -0.81431 0.56208 0.00000 -0.00000 -1.00000 0.59251 -0.58392 0.55494 0.00000 0.00000 -1.00000 0.79832 -0.21524 0.56245 0.00000 0.00000 -1.00000 0.67772 0.43270 0.59453 0.00000 0.00000 -1.00000 0.23984 0.77385 0.58621 0.00000 0.00000 -1.00000 -0.33632 0.75271 0.56597 0.00000 0.00000 -1.00000 -0.77037 0.32080 0.55102 0.00000 0.00000 -1.00000 -0.82036 -0.15540 0.55033 -0.00000 0.00000 -1.00000 -0.53669 -0.61632 0.57630 0.00000 0.00000 -1.00000 0.76287 0.58012 0.28547 0.00000 0.00000 -1.00000 0.23456 0.93076 0.28046 0.00000 0.00000 -1.00000 -0.39462 0.87457 0.28177 0.00000 0.00000 -1.00000 -0.87030 0.40657 0.27797 0.00000 0.00000 -1.00000 -0.93550 -0.20938 0.28459 -0.00000 0.00000 -1.00000 -0.47772 -0.83242 0.28081 0.00000 0.00000 -1.00000 -0.04496 -0.96008 0.27607 0.00000 -0.00000 -1.00000 0.66088 -0.69639 0.27978 0.00000 0.00000 -1.00000 0.95424 -0.10282 0.28080 0.00000 0.00000 -1.00000 0.40270 0.84275 0.35721 0.00000 0.00000 -1.00000 -0.16853 0.91954 0.35504 0.00000 0.00000 -1.00000 -0.71125 0.61307 0.34391 0.00000 0.00000 -1.00000 -0.92587 -0.01635 0.37749 -0.00000 0.00000 -1.00000 -0.56249 -0.75230 0.34300 0.00000 0.00000 -1.00000 -0.25960 -0.90216 0.34455 0.00000 -0.00000 -1.00000 0.41520 -0.83140 0.36929 0.00000 0.00000 -1.00000 0.89342 -0.26186 0.36501 0.00000 0.00000 -1.00000 0.79658 0.48600 0.35953 0.00000 0.00000 -1.00000 -0.81622 -0.38040 0.43483 0.00000 0.00000 -1.00000 -0.21385 -0.87423 0.43589 0.00000 -0.00000 -1.00000 0.32363 -0.84592 0.42390 0.00000 0.00000 -1.00000 0.79284 -0.43941 0.42228 0.00000 0.00000 -1.00000 0.88874 0.16520 0.42760 0.00000 0.00000 -1.00000 0.60972 0.66199 0.43590 0.00000 0.00000 -1.00000 -0.12873 0.89335 0.43053 0.00000 0.00000 -1.00000 -0.48640 0.75830 0.43405 0.00000 0.00000 -1.00000 -0.89846 0.07814 0.43204 -0.00000 0.00000 -1.00000 0.86878 0.39207 0.30249 0.00000 0.00000 -1.00000 0.56875 0.77255 0.28229 0.00000 0.00000 -1.00000 -0.03974 0.95039 0.30851 0.00000 0.00000 -1.00000 -0.71731 0.63430 0.28831 0.00000 0.00000 -1.00000 -0.92397 0.25105 0.28855 -0.00000 0.00000 -1.00000 -0.72876 -0.60583 0.31917 0.00000 0.00000 -1.00000 0.01142 -0.95917 0.28261 0.00000 -0.00000 -1.00000 0.25149 -0.92713 0.27781 0.00000 0.00000 -1.00000 0.85638 -0.40897 0.31521 0.00000 0.00000 -1.00000 -0.71563 0.62660 0.30862 0.00000 0.00000 -1.00000 -0.94046 -0.10491 0.32332 -0.00000 0.00000 -1.00000 -0.59124 -0.74334 0.31285 0.00000 0.00000 -1.00000 -0.04778 -0.94982 0.30912 0.00000 -0.00000 -1.00000 0.59246 -0.74748 0.30045 0.00000 0.00000 -1.00000 0.87801 -0.36879 0.30512 0.00000 0.00000 -1.00000 0.83251 0.45875 0.31060 0.00000 0.00000 -1.00000 0.36049 0.87974 0.31000 0.00000 0.00000 -1.00000 -0.23607 0.92066 0.31091 0.00000 0.00000 -1.00000 -0.34978 -0.77443 0.52717 0.00000 0.00000 -1.00000 0.15808 -0.83209 0.53163 0.00000 -0.00000 -1.00000 0.69810 -0.48516 0.52657 0.00000 0.00000 -1.00000 0.85024 -0.06432 0.52245 0.00000 0.00000 -1.00000 0.62599 0.56263 0.53999 0.00000 0.00000 -1.00000 0.05106 0.84902 0.52588 0.00000 0.00000 -1.00000 -0.37618 0.76650 0.52055 0.00000 0.00000 -1.00000 -0.79640 0.29642 0.52714 -0.00000 0.00000 -1.00000 -0.78680 -0.31787 0.52906 0.00000 0.00000 -1.00000 0.72311 -0.46862 0.50746 0.00000 0.00000 -1.00000 0.85094 0.11428 0.51269 0.00000 0.00000 -1.00000 0.57389 0.64000 0.51093 0.00000 0.00000 -1.00000 0.03597 0.85159 0.52297 0.00000 0.00000 -1.00000 -0.53783 0.66064 0.52373 0.00000 0.00000 -1.00000 -0.84500 0.15073 0.51308 -0.00000 0.00000 -1.00000 -0.73139 -0.45057 0.51191 0.00000 0.00000 -1.00000 -0.32604 -0.80316 0.49863 0.00000 0.00000 -1.00000 0.18791 -0.84293 0.50414 0.00000 -0.00000 -1.00000 -0.19731 -0.91708 0.34647 0.00000 0.00000 -1.00000 0.27752 -0.89877 0.33940 0.00000 -0.00000 -1.00000 0.82086 -0.45291 0.34793 0.00000 0.00000 -1.00000 0.90859 0.21357 0.35895 0.00000 0.00000 -1.00000 0.50262 0.79846 0.33141 0.00000 0.00000 -1.00000 -0.11202 0.93758 0.32922 0.00000 0.00000 -1.00000 -0.70784 0.62899 0.32147 0.00000 0.00000 -1.00000 -0.88250 0.32874 0.33633 -0.00000 0.00000 -1.00000 -0.74901 -0.55569 0.36081 0.00000 0.00000 -1.00000 -0.82073 -0.40469 0.40328 0.00000 0.00000 -1.00000 -0.41669 -0.82026 0.39185 0.00000 0.00000 -1.00000 0.10780 -0.90230 0.41740 0.00000 -0.00000 -1.00000 0.71828 -0.54907 0.42731 0.00000 0.00000 -1.00000 0.90372 -0.07210 0.42201 0.00000 0.00000 -1.00000 0.64958 0.62427 0.43397 0.00000 0.00000 -1.00000 0.13449 0.89193 0.43172 0.00000 0.00000 -1.00000 -0.45042 0.78513 0.42508 0.00000 0.00000 -1.00000 -0.89057 0.19587 0.41051 -0.00000 0.00000 -1.00000 0.42645 -0.85910 0.28300 0.00000 0.00000 -1.00000 0.91986 -0.30485 0.24682 0.00000 0.00000 -1.00000 0.96922 0.01814 0.24554 0.00000 0.00000 -1.00000 0.41713 0.86983 0.26344 0.00000 0.00000 -1.00000 0.00254 0.96694 0.25500 0.00000 0.00000 -1.00000 -0.58622 0.77008 0.25165 0.00000 0.00000 -1.00000 -0.96067 -0.01741 0.27714 -0.00000 0.00000 -1.00000 -0.64164 -0.72462 0.25144 0.00000 0.00000 -1.00000 -0.54525 -0.79945 0.25217 0.00000 -0.00000 -1.00000 0.20948 0.89820 0.38646 0.00000 0.00000 -1.00000 -0.34839 0.84327 0.40929 0.00000 0.00000 -1.00000 -0.88618 0.22709 0.40387 0.00000 0.00000 -1.00000 -0.88591 -0.23660 0.39897 -0.00000 0.00000 -1.00000 -0.51128 -0.75937 0.40243 0.00000 0.00000 -1.00000 0.14479 -0.90802 0.39312 0.00000 -0.00000 -1.00000 0.66744 -0.63492 0.38910 0.00000 0.00000 -1.00000 0.92160 -0.00406 0.38812 0.00000 0.00000 -1.00000 0.68429 0.61568 0.39075 0.00000 0.00000 -1.00000 -0.41847 -0.85692 0.30094 0.00000 0.00000 -1.00000 0.09793 -0.95101 0.29325 0.00000 -0.00000 -1.00000 0.72541 -0.61713 0.30484 0.00000 0.00000 -1.00000 0.94890 0.10621 0.29716 0.00000 0.00000 -1.00000 0.81142 0.50361 0.29661 0.00000 0.00000 -1.00000 0.16918 0.94140 0.29181 0.00000 0.00000 -1.00000 -0.35913 0.88709 0.28998 0.00000 0.00000 -1.00000 -0.92432 0.24182 0.29523 0.00000 0.00000 -1.00000 -0.92790 -0.23279 0.29122 -0.00000 0.00000 -1.00000 -0.49848 0.79043 0.35600 0.00000 0.00000 -1.00000 -0.92942 0.06297 0.36362 -0.00000 0.00000 -1.00000 -0.87751 -0.32322 0.35427 0.00000 0.00000 -1.00000 -0.30218 -0.87145 0.38634 0.00000 0.00000 -1.00000 0.23387 -0.89255 0.38557 0.00000 -0.00000 -1.00000 0.79666 -0.46926 0.38096 0.00000 0.00000 -1.00000 0.92308 0.04330 0.38215 0.00000 0.00000 -1.00000 0.55599 0.74111 0.37633 0.00000 0.00000 -1.00000 -0.00793 0.93208 0.36217 0.00000 0.00000 -1.00000 -0.22692 -0.89236 0.39014 0.00000 -0.00000 -1.00000 0.41654 -0.81789 0.39692 0.00000 0.00000 -1.00000 0.88180 -0.29183 0.37050 0.00000 0.00000 -1.00000 0.91308 0.15579 0.37684 0.00000 0.00000 -1.00000 0.50541 0.76694 0.39543 0.00000 0.00000 -1.00000 -0.17673 0.90603 0.38455 0.00000 0.00000 -1.00000 -0.58953 0.71116 0.38303 0.00000 0.00000 -1.00000 -0.91687 0.03883 0.39730 -0.00000 0.00000 -1.00000 -0.74388 -0.54264 0.39011 0.00000 0.00000 -1.00000 -0.92163 0.17820 0.34473 -0.00000 0.00000 -1.00000 -0.88235 -0.32578 0.33960 0.00000 0.00000 -1.00000 -0.34767 -0.86894 0.35222 0.00000 0.00000 -1.00000 0.40960 -0.85156 0.32722 0.00000 -0.00000 -1.00000 0.72626 -0.60151 0.33276 0.00000 0.00000 -1.00000 0.92366 0.17331 0.34179 0.00000 0.00000 -1.00000 0.51263 0.79698 0.31943 0.00000 0.00000 -1.00000 0.18090 0.93058 0.31827 0.00000 0.00000 -1.00000 -0.55537 0.76084 0.33569 0.00000 0.00000 -1.00000 0.15060 -0.86575 0.47727 0.00000 -0.00000 -1.00000 0.61349 -0.62226 0.48624 0.00000 0.00000 -1.00000 0.87688 -0.04969 0.47813 0.00000 0.00000 -1.00000 0.73823 0.46061 0.49279 0.00000 0.00000 -1.00000 0.07056 0.86915 0.48949 0.00000 0.00000 -1.00000 -0.37905 0.80098 0.46340 0.00000 0.00000 -1.00000 -0.77028 0.42485 0.47558 0.00000 0.00000 -1.00000 -0.83363 -0.26726 0.48335 -0.00000 0.00000 -1.00000 -0.41402 -0.77045 0.48477 0.00000 0.00000 -1.00000 -0.71380 -0.66471 0.22058 0.00000 0.00000 -1.00000 -0.39530 -0.89199 0.21931 0.00000 -0.00000 -1.00000 0.52443 -0.82533 0.20929 0.00000 0.00000 -1.00000 0.95194 -0.21282 0.22028 0.00000 0.00000 -1.00000 0.94136 0.25088 0.22562 0.00000 0.00000 -1.00000 0.18490 0.96368 0.19271 0.00000 0.00000 -1.00000 0.28629 0.93895 0.19083 0.00000 0.00000 -1.00000 -0.78596 0.57468 0.22807 0.00000 0.00000 -1.00000 -0.93882 0.25454 0.23202 -0.00000 0.00000 -1.00000 0.80937 0.39696 0.43282 0.00000 0.00000 -1.00000 0.42268 0.79835 0.42892 0.00000 0.00000 -1.00000 -0.24841 0.86716 0.43166 0.00000 0.00000 -1.00000 -0.80718 0.40082 0.43336 0.00000 0.00000 -1.00000 -0.89925 -0.15664 0.40842 -0.00000 0.00000 -1.00000 -0.70117 -0.57186 0.42584 0.00000 0.00000 -1.00000 -0.02805 -0.89152 0.45211 0.00000 -0.00000 -1.00000 0.47648 -0.75800 0.44543 0.00000 0.00000 -1.00000 0.88731 -0.10977 0.44791 0.00000 0.00000 -1.00000 -0.60641 -0.77611 0.17296 0.00000 0.00000 -1.00000 0.25106 -0.95308 0.16916 0.00000 -0.00000 -1.00000 0.77957 -0.60337 0.16797 0.00000 0.00000 -1.00000 0.98731 0.02221 0.15721 0.00000 0.00000 -1.00000 0.71570 0.68210 0.15001 0.00000 0.00000 -1.00000 0.21849 0.96190 0.16437 0.00000 0.00000 -1.00000 -0.61028 0.77468 0.16564 0.00000 0.00000 -1.00000 -0.90394 0.39437 0.16541 -0.00000 0.00000 -1.00000 -0.88066 -0.44141 0.17205 0.00000 0.00000 -1.00000 0.50265 -0.75930 0.41330 0.00000 0.00000 -1.00000 0.87948 -0.21583 0.42418 0.00000 0.00000 -1.00000 0.78525 0.46055 0.41385 0.00000 0.00000 -1.00000 0.36865 0.83745 0.40344 0.00000 0.00000 -1.00000 -0.19500 0.88766 0.41718 0.00000 0.00000 -1.00000 -0.75337 0.51185 0.41284 0.00000 0.00000 -1.00000 -0.91317 -0.02595 0.40675 -0.00000 0.00000 -1.00000 -0.62250 -0.66880 0.40646 0.00000 0.00000 -1.00000 -0.07278 -0.90864 0.41118 0.00000 -0.00000 -1.00000 0.49317 0.84928 0.18844 0.00000 0.00000 -1.00000 -0.07696 0.98095 0.17834 0.00000 0.00000 -1.00000 -0.52432 0.82847 0.19680 0.00000 0.00000 -1.00000 -0.97295 -0.12831 0.19209 -0.00000 0.00000 -1.00000 -0.94963 -0.24719 0.19264 0.00000 0.00000 -1.00000 -0.16974 -0.96542 0.19789 0.00000 -0.00000 -1.00000 0.59824 -0.78154 0.17694 0.00000 0.00000 -1.00000 0.49483 -0.85127 0.17457 0.00000 0.00000 -1.00000 0.95086 0.21093 0.22664 0.00000 0.00000 -1.00000 -0.52011 0.80974 0.27166 0.00000 0.00000 -1.00000 -0.96178 0.02258 0.27288 -0.00000 0.00000 -1.00000 -0.89723 -0.34570 0.27472 0.00000 0.00000 -1.00000 -0.22563 -0.93235 0.28252 0.00000 -0.00000 -1.00000 0.33735 -0.89742 0.28431 0.00000 0.00000 -1.00000 0.80845 -0.51367 0.28732 0.00000 0.00000 -1.00000 0.95110 0.13450 0.27807 0.00000 0.00000 -1.00000 0.65262 0.70538 0.27663 0.00000 0.00000 -1.00000 -0.14675 0.94828 0.28146 0.00000 0.00000 -1.00000 0.17912 0.94749 0.26490 0.00000 0.00000 -1.00000 -0.42932 0.86033 0.27482 0.00000 0.00000 -1.00000 -0.95399 0.12588 0.27214 -0.00000 0.00000 -1.00000 -0.80220 -0.53157 0.27185 0.00000 0.00000 -1.00000 -0.27435 -0.92176 0.27402 0.00000 0.00000 -1.00000 0.15690 -0.95272 0.26020 0.00000 -0.00000 -1.00000 0.82844 -0.49975 0.25286 0.00000 0.00000 -1.00000 0.96591 0.07850 0.24669 0.00000 0.00000 -1.00000 0.75447 0.60636 0.25121 0.00000 0.00000 -1.00000 0.60250 0.74585 0.28409 0.00000 0.00000 -1.00000 0.03203 0.95641 0.29025 0.00000 0.00000 -1.00000 -0.55585 0.77541 0.29963 0.00000 0.00000 -1.00000 -0.93967 0.15730 0.30379 -0.00000 0.00000 -1.00000 -0.81027 -0.50000 0.30572 0.00000 0.00000 -1.00000 -0.34795 -0.88635 0.30546 0.00000 -0.00000 -1.00000 0.47929 -0.82439 0.30109 0.00000 0.00000 -1.00000 0.80646 -0.50908 0.30077 0.00000 0.00000 -1.00000 0.90784 0.29667 0.29633 0.00000 0.00000 -1.00000 0.21507 -0.93864 0.26962 0.00000 -0.00000 -1.00000 0.82068 -0.50873 0.26017 0.00000 0.00000 -1.00000 0.96542 -0.03118 0.25882 0.00000 0.00000 -1.00000 0.72789 0.63393 0.26134 0.00000 0.00000 -1.00000 0.15520 0.95284 0.26078 0.00000 0.00000 -1.00000 -0.41009 0.87165 0.26842 0.00000 0.00000 -1.00000 -0.93460 0.23966 0.26286 -0.00000 0.00000 -1.00000 -0.92226 -0.28651 0.25951 0.00000 0.00000 -1.00000 -0.50987 -0.81409 0.27801 0.00000 0.00000 -1.00000 -0.88209 -0.41812 0.21701 0.00000 0.00000 -1.00000 -0.02318 -0.97328 0.22847 0.00000 -0.00000 -1.00000 0.58903 -0.77643 0.22408 0.00000 0.00000 -1.00000 0.93711 -0.27675 0.21267 0.00000 0.00000 -1.00000 0.86258 0.45757 0.21584 0.00000 0.00000 -1.00000 0.68725 0.69156 0.22236 0.00000 0.00000 -1.00000 -0.39422 0.89237 0.21970 0.00000 0.00000 -1.00000 -0.69946 0.67889 0.22331 0.00000 0.00000 -1.00000 -0.91560 -0.33810 0.21765 -0.00000 0.00000 -1.00000 -0.92993 -0.04974 0.36436 -0.00000 0.00000 -1.00000 -0.73732 -0.56317 0.37309 0.00000 0.00000 -1.00000 -0.06458 -0.92089 0.38443 0.00000 -0.00000 -1.00000 0.48412 -0.79021 0.37575 0.00000 0.00000 -1.00000 0.87788 -0.28054 0.38811 0.00000 0.00000 -1.00000 0.86231 0.33231 0.38209 0.00000 0.00000 -1.00000 0.38717 0.83735 0.38594 0.00000 0.00000 -1.00000 -0.19847 0.90732 0.37064 0.00000 0.00000 -1.00000 -0.76576 0.52924 0.36541 0.00000 0.00000 -1.00000 -0.66159 -0.68768 0.29900 0.00000 0.00000 -1.00000 0.02598 -0.95477 0.29621 0.00000 -0.00000 -1.00000 0.42124 -0.85886 0.29142 0.00000 0.00000 -1.00000 0.92364 -0.23460 0.30308 0.00000 0.00000 -1.00000 0.79898 0.53122 0.28184 0.00000 0.00000 -1.00000 0.54517 0.78963 0.28154 0.00000 0.00000 -1.00000 -0.16597 0.93939 0.29998 0.00000 0.00000 -1.00000 -0.78439 0.54420 0.29762 0.00000 0.00000 -1.00000 -0.94829 -0.08490 0.30584 -0.00000 0.00000 -1.00000 0.04275 0.95635 0.28909 0.00000 0.00000 -1.00000 -0.43277 0.85834 0.27563 0.00000 0.00000 -1.00000 -0.83846 0.46607 0.28244 -0.00000 0.00000 -1.00000 -0.86964 -0.38752 0.30587 0.00000 0.00000 -1.00000 -0.45350 -0.83611 0.30863 0.00000 0.00000 -1.00000 0.26455 -0.91749 0.29703 0.00000 -0.00000 -1.00000 0.59374 -0.74839 0.29561 0.00000 0.00000 -1.00000 0.94119 0.13772 0.30852 0.00000 0.00000 -1.00000 0.76736 0.56959 0.29450 0.00000 0.00000 -1.00000 0.62730 0.66003 0.41336 0.00000 0.00000 -1.00000 0.13317 0.89860 0.41807 0.00000 0.00000 -1.00000 -0.53343 0.72938 0.42833 0.00000 0.00000 -1.00000 -0.88253 0.19171 0.42941 -0.00000 0.00000 -1.00000 -0.80189 -0.41466 0.43016 0.00000 0.00000 -1.00000 -0.34555 -0.83622 0.42583 0.00000 0.00000 -1.00000 0.19837 -0.88343 0.42451 0.00000 -0.00000 -1.00000 0.78686 -0.45070 0.42157 0.00000 0.00000 -1.00000 0.88069 0.23568 0.41091 0.00000 0.00000 -1.00000 0.89596 -0.23444 0.37722 0.00000 0.00000 -1.00000 0.88397 0.28233 0.37267 0.00000 0.00000 -1.00000 0.50233 0.77630 0.38081 0.00000 0.00000 -1.00000 -0.31295 0.87590 0.36723 0.00000 0.00000 -1.00000 -0.71267 0.59946 0.36434 0.00000 0.00000 -1.00000 -0.92570 0.06325 0.37294 -0.00000 0.00000 -1.00000 -0.61838 -0.69221 0.37209 0.00000 0.00000 -1.00000 -0.16049 -0.91847 0.36146 0.00000 -0.00000 -1.00000 0.53414 -0.75770 0.37496 0.00000 0.00000 -1.00000 -0.65499 0.65451 0.37763 0.00000 0.00000 -1.00000 -0.92095 0.15236 0.35866 -0.00000 0.00000 -1.00000 -0.77492 -0.51837 0.36165 0.00000 0.00000 -1.00000 -0.32983 -0.87113 0.36378 0.00000 -0.00000 -1.00000 0.35885 -0.84947 0.38682 0.00000 0.00000 -1.00000 0.83390 -0.40104 0.37918 0.00000 0.00000 -1.00000 0.88059 0.30769 0.36039 0.00000 0.00000 -1.00000 0.49295 0.79718 0.34857 0.00000 0.00000 -1.00000 0.10039 0.93255 0.34681 0.00000 0.00000 -1.00000 -0.91852 0.12715 0.37438 -0.00000 0.00000 -1.00000 -0.59390 -0.71905 0.36089 0.00000 0.00000 -1.00000 -0.30504 -0.88336 0.35585 0.00000 -0.00000 -1.00000 0.51336 -0.77999 0.35787 0.00000 0.00000 -1.00000 0.80693 -0.46756 0.36091 0.00000 0.00000 -1.00000 0.90157 0.22290 0.37079 0.00000 0.00000 -1.00000 0.52004 0.77148 0.36657 0.00000 0.00000 -1.00000 -0.18728 0.90838 0.37387 0.00000 0.00000 -1.00000 -0.65154 0.65826 0.37709 0.00000 0.00000 -1.00000 0.72290 0.63250 0.27815 0.00000 0.00000 -1.00000 0.29755 0.91672 0.26662 0.00000 0.00000 -1.00000 -0.25731 0.92474 0.28044 0.00000 0.00000 -1.00000 -0.78380 0.55794 0.27271 0.00000 0.00000 -1.00000 -0.87493 -0.40223 0.26964 -0.00000 0.00000 -1.00000 -0.70175 -0.66295 0.26086 0.00000 0.00000 -1.00000 0.13544 -0.95238 0.27318 0.00000 -0.00000 -1.00000 0.60786 -0.74800 0.26645 0.00000 0.00000 -1.00000 0.93170 -0.21396 0.29353 0.00000 0.00000 -1.00000 -0.88398 0.18893 0.42766 -0.00000 0.00000 -1.00000 -0.72782 -0.52323 0.44330 0.00000 0.00000 -1.00000 -0.19848 -0.87992 0.43168 0.00000 -0.00000 -1.00000 0.27304 -0.86217 0.42674 0.00000 0.00000 -1.00000 0.78699 -0.42925 0.44317 0.00000 0.00000 -1.00000 0.87762 0.19131 0.43952 0.00000 0.00000 -1.00000 0.54134 0.72205 0.43081 0.00000 0.00000 -1.00000 -0.13963 0.89310 0.42764 0.00000 0.00000 -1.00000 -0.61025 0.67205 0.41946 0.00000 0.00000 -1.00000 -0.93917 0.19011 0.28604 -0.00000 0.00000 -1.00000 -0.86210 -0.42238 0.27995 0.00000 0.00000 -1.00000 -0.15168 -0.95174 0.26681 0.00000 0.00000 -1.00000 0.26386 -0.93101 0.25218 0.00000 -0.00000 -1.00000 0.80802 -0.52975 0.25782 0.00000 0.00000 -1.00000 0.93621 0.23072 0.26509 0.00000 0.00000 -1.00000 0.60369 0.75226 0.26396 0.00000 0.00000 -1.00000 0.08785 0.95988 0.26630 0.00000 0.00000 -1.00000 -0.55927 0.78326 0.27150 0.00000 0.00000 -1.00000 0.33175 -0.87311 0.35723 0.00000 0.00000 -1.00000 0.85267 -0.36002 0.37859 0.00000 0.00000 -1.00000 0.80655 0.48483 0.33825 0.00000 0.00000 -1.00000 0.49760 0.80304 0.32789 0.00000 0.00000 -1.00000 -0.11912 0.93363 0.33787 0.00000 0.00000 -1.00000 -0.63907 0.68465 0.35050 0.00000 0.00000 -1.00000 -0.92978 -0.11733 0.34892 -0.00000 0.00000 -1.00000 -0.81003 -0.47156 0.34855 0.00000 0.00000 -1.00000 -0.00111 -0.93470 0.35544 0.00000 -0.00000 -1.00000 0.66866 0.61154 0.42299 0.00000 0.00000 -1.00000 0.23456 0.87119 0.43129 0.00000 0.00000 -1.00000 -0.45122 0.77863 0.43605 0.00000 0.00000 -1.00000 -0.85182 0.30732 0.42421 0.00000 0.00000 -1.00000 -0.88318 -0.19952 0.42449 -0.00000 0.00000 -1.00000 -0.50797 -0.74458 0.43308 0.00000 0.00000 -1.00000 0.08839 -0.89189 0.44353 0.00000 -0.00000 -1.00000 0.71963 -0.53493 0.44270 0.00000 0.00000 -1.00000 0.90201 -0.05663 0.42798 0.00000 0.00000 -1.00000 -0.41615 0.85521 0.30891 0.00000 0.00000 -1.00000 -0.84495 0.43407 0.31248 0.00000 0.00000 -1.00000 -0.88132 -0.36651 0.29824 -0.00000 0.00000 -1.00000 -0.58661 -0.75269 0.29891 0.00000 0.00000 -1.00000 0.20290 -0.93483 0.29143 0.00000 -0.00000 -1.00000 0.60303 -0.74100 0.29542 0.00000 0.00000 -1.00000 0.95344 0.07043 0.29325 0.00000 0.00000 -1.00000 0.79038 0.53821 0.29264 0.00000 0.00000 -1.00000 0.17467 0.93587 0.30600 0.00000 0.00000 -1.00000 -0.45052 0.83757 0.30904 0.00000 0.00000 -1.00000 -0.89891 0.31906 0.30027 0.00000 0.00000 -1.00000 -0.92344 -0.24354 0.29654 -0.00000 0.00000 -1.00000 -0.56857 -0.76474 0.30316 0.00000 0.00000 -1.00000 0.06505 -0.94692 0.31483 0.00000 -0.00000 -1.00000 0.74426 -0.59243 0.30840 0.00000 0.00000 -1.00000 0.94271 -0.09091 0.32097 0.00000 0.00000 -1.00000 0.67577 0.67175 0.30346 0.00000 0.00000 -1.00000 0.18761 0.93660 0.29596 0.00000 0.00000 -1.00000 0.95205 -0.03363 0.30409 0.00000 0.00000 -1.00000 0.55823 0.76391 0.32375 0.00000 0.00000 -1.00000 -0.18510 0.93832 0.29205 0.00000 0.00000 -1.00000 -0.47580 0.83151 0.28671 0.00000 0.00000 -1.00000 -0.90319 0.30267 0.30435 -0.00000 0.00000 -1.00000 -0.72162 -0.61801 0.31198 0.00000 0.00000 -1.00000 -0.33965 -0.89462 0.29035 0.00000 -0.00000 -1.00000 0.27268 -0.91259 0.30468 0.00000 0.00000 -1.00000 0.87479 -0.38723 0.29120 0.00000 0.00000 -1.00000 -0.91146 0.09404 0.40050 -0.00000 0.00000 -1.00000 -0.83631 -0.38331 0.39198 0.00000 0.00000 -1.00000 -0.45164 -0.79744 0.40012 0.00000 0.00000 -1.00000 0.26983 -0.87460 0.40281 0.00000 -0.00000 -1.00000 0.78000 -0.47386 0.40873 0.00000 0.00000 -1.00000 0.91032 0.14336 0.38829 0.00000 0.00000 -1.00000 0.72330 0.56847 0.39202 0.00000 0.00000 -1.00000 -0.08235 0.91299 0.39958 0.00000 0.00000 -1.00000 -0.51211 0.76400 0.39249 0.00000 0.00000 -1.00000 0.04739 -0.97691 0.20832 0.00000 -0.00000 -1.00000 0.47111 -0.86028 0.19489 0.00000 0.00000 -1.00000 0.92995 -0.30791 0.20097 0.00000 0.00000 -1.00000 0.94402 0.25706 0.20676 0.00000 0.00000 -1.00000 0.47187 0.85366 0.22046 0.00000 0.00000 -1.00000 -0.20674 0.95931 0.19233 0.00000 0.00000 -1.00000 -0.45289 0.86915 0.19867 0.00000 0.00000 -1.00000 -0.97204 0.00300 0.23480 -0.00000 0.00000 -1.00000 -0.84661 -0.47693 0.23622 0.00000 0.00000 -1.00000 -0.78648 -0.56233 0.25542 0.00000 0.00000 -1.00000 -0.09353 -0.96562 0.24256 0.00000 -0.00000 -1.00000 0.29444 -0.92369 0.24516 0.00000 0.00000 -1.00000 0.91170 -0.31754 0.26071 0.00000 0.00000 -1.00000 0.89904 0.35162 0.26094 0.00000 0.00000 -1.00000 0.36530 0.89614 0.25197 0.00000 0.00000 -1.00000 -0.11245 0.96116 0.25204 0.00000 0.00000 -1.00000 -0.70802 0.66136 0.24760 0.00000 0.00000 -1.00000 -0.96765 -0.05431 0.24637 -0.00000 0.00000 -1.00000 -0.57129 -0.72443 0.38578 0.00000 0.00000 -1.00000 0.08991 -0.92174 0.37724 0.00000 -0.00000 -1.00000 0.74598 -0.56462 0.35315 0.00000 0.00000 -1.00000 0.90190 -0.24621 0.35491 0.00000 0.00000 -1.00000 0.79984 0.48245 0.35707 0.00000 0.00000 -1.00000 0.22878 0.90981 0.34627 0.00000 0.00000 -1.00000 -0.21851 0.90745 0.35887 0.00000 0.00000 -1.00000 -0.80177 0.45955 0.38206 0.00000 0.00000 -1.00000 -0.91497 -0.14816 0.37534 -0.00000 0.00000 -1.00000 0.65488 -0.72124 0.22570 0.00000 0.00000 -1.00000 0.97369 0.01333 0.22750 0.00000 0.00000 -1.00000 0.84168 0.49300 0.22029 0.00000 0.00000 -1.00000 0.15595 0.96277 0.22081 0.00000 0.00000 -1.00000 -0.41475 0.88228 0.22264 0.00000 0.00000 -1.00000 -0.86762 0.44338 0.22505 0.00000 0.00000 -1.00000 -0.94135 -0.26142 0.21335 -0.00000 0.00000 -1.00000 -0.73385 -0.64302 0.21904 0.00000 0.00000 -1.00000 0.07660 -0.96827 0.23787 0.00000 -0.00000 -1.00000 0.91471 -0.16883 0.36716 0.00000 0.00000 -1.00000 0.79669 0.46775 0.38273 0.00000 0.00000 -1.00000 0.28318 0.88727 0.36410 0.00000 0.00000 -1.00000 -0.25246 0.89493 0.36793 0.00000 0.00000 -1.00000 -0.86789 0.34484 0.35757 0.00000 0.00000 -1.00000 -0.92530 -0.12247 0.35892 -0.00000 0.00000 -1.00000 -0.65009 -0.65509 0.38502 0.00000 0.00000 -1.00000 0.00354 -0.92114 0.38922 0.00000 -0.00000 -1.00000 0.63430 -0.68057 0.36672 0.00000 0.00000 -1.00000 0.14411 -0.93301 0.32974 0.00000 -0.00000 -1.00000 0.68316 -0.65548 0.32194 0.00000 0.00000 -1.00000 0.94175 -0.09615 0.32226 0.00000 0.00000 -1.00000 0.79329 0.51784 0.32020 0.00000 0.00000 -1.00000 0.31241 0.89039 0.33106 0.00000 0.00000 -1.00000 -0.40910 0.85034 0.33101 0.00000 0.00000 -1.00000 -0.86735 0.37254 0.33004 0.00000 0.00000 -1.00000 -0.91616 -0.22649 0.33069 -0.00000 0.00000 -1.00000 -0.51732 -0.78893 0.33162 0.00000 0.00000 -1.00000 -0.48485 0.75672 0.43852 0.00000 0.00000 -1.00000 -0.87249 0.19733 0.44701 -0.00000 0.00000 -1.00000 -0.74226 -0.51612 0.42739 0.00000 0.00000 -1.00000 -0.36685 -0.83581 0.40847 0.00000 0.00000 -1.00000 0.31896 -0.85348 0.41211 0.00000 -0.00000 -1.00000 0.68642 -0.59168 0.42278 0.00000 0.00000 -1.00000 0.89146 0.09042 0.44399 0.00000 0.00000 -1.00000 0.63412 0.64311 0.42930 0.00000 0.00000 -1.00000 0.07026 0.90373 0.42230 0.00000 0.00000 -1.00000 -0.66711 0.62072 0.41192 0.00000 0.00000 -1.00000 -0.91712 -0.03893 0.39672 -0.00000 0.00000 -1.00000 -0.75533 -0.52229 0.39584 0.00000 0.00000 -1.00000 -0.33574 -0.85677 0.39143 0.00000 -0.00000 -1.00000 0.37678 -0.83315 0.40484 0.00000 0.00000 -1.00000 0.85041 -0.33216 0.40802 0.00000 0.00000 -1.00000 0.91229 0.10904 0.39477 0.00000 0.00000 -1.00000 0.52733 0.75459 0.39054 0.00000 0.00000 -1.00000 0.04046 0.92119 0.38700 0.00000 0.00000 -1.00000 -0.29285 -0.88214 0.36887 0.00000 0.00000 -1.00000 0.09674 -0.92704 0.36227 0.00000 -0.00000 -1.00000 0.76143 -0.53329 0.36855 0.00000 0.00000 -1.00000 0.92315 0.05498 0.38048 0.00000 0.00000 -1.00000 0.66437 0.65177 0.36581 0.00000 0.00000 -1.00000 0.09396 0.92783 0.36098 0.00000 0.00000 -1.00000 -0.59729 0.71899 0.35539 0.00000 0.00000 -1.00000 -0.83891 0.41576 0.35125 -0.00000 0.00000 -1.00000 -0.82990 -0.42604 0.36022 0.00000 0.00000 -1.00000 0.90634 -0.33123 0.26238 0.00000 0.00000 -1.00000 0.94665 0.19362 0.25762 0.00000 0.00000 -1.00000 0.41561 0.87045 0.26378 0.00000 0.00000 -1.00000 0.07400 0.96179 0.26361 0.00000 0.00000 -1.00000 -0.63922 0.71255 0.28926 0.00000 0.00000 -1.00000 -0.96252 -0.00552 0.27115 -0.00000 0.00000 -1.00000 -0.79185 -0.54952 0.26646 0.00000 0.00000 -1.00000 -0.38692 -0.88039 0.27425 0.00000 -0.00000 -1.00000 0.46662 -0.83305 0.29713 0.00000 0.00000 -1.00000 0.36569 -0.91622 0.16374 0.00000 -0.00000 -1.00000 0.84010 -0.52258 0.14543 0.00000 0.00000 -1.00000 0.90412 0.40074 0.14823 0.00000 0.00000 -1.00000 0.57808 0.80271 0.14654 0.00000 0.00000 -1.00000 0.04376 0.98948 0.13791 0.00000 0.00000 -1.00000 -0.64830 0.74576 0.15343 0.00000 0.00000 -1.00000 -0.95298 0.26694 0.14342 -0.00000 0.00000 -1.00000 -0.64006 -0.75438 0.14573 0.00000 0.00000 -1.00000 -0.69816 -0.70130 0.14408 0.00000 0.00000 -1.00000 -0.28733 -0.89155 0.35012 0.00000 0.00000 -1.00000 0.01986 -0.93296 0.35942 0.00000 -0.00000 -1.00000 0.72579 -0.55944 0.40031 0.00000 0.00000 -1.00000 0.91643 0.15233 0.37007 0.00000 0.00000 -1.00000 0.59383 0.72419 0.35058 0.00000 0.00000 -1.00000 0.28931 0.88818 0.35698 0.00000 0.00000 -1.00000 -0.51267 0.77338 0.37288 0.00000 0.00000 -1.00000 -0.87833 0.29863 0.37330 -0.00000 0.00000 -1.00000 -0.83720 -0.41068 0.36118 0.00000 0.00000 -1.00000 0.27197 0.83282 0.48212 0.00000 0.00000 -1.00000 -0.13338 0.86290 0.48746 0.00000 0.00000 -1.00000 -0.71516 0.49361 0.49487 0.00000 0.00000 -1.00000 -0.86345 -0.13058 0.48725 -0.00000 0.00000 -1.00000 -0.57832 -0.65587 0.48516 0.00000 0.00000 -1.00000 -0.12563 -0.86316 0.48905 0.00000 -0.00000 -1.00000 0.56788 -0.66838 0.48040 0.00000 0.00000 -1.00000 0.82812 -0.28456 0.48295 0.00000 0.00000 -1.00000 0.78204 0.38972 0.48634 0.00000 0.00000 -1.00000 -0.03663 -0.90895 0.41530 0.00000 -0.00000 -1.00000 0.72830 -0.54419 0.41645 0.00000 0.00000 -1.00000 0.90362 -0.12073 0.41098 0.00000 0.00000 -1.00000 0.79609 0.44511 0.41001 0.00000 0.00000 -1.00000 0.08422 0.91168 0.40217 0.00000 0.00000 -1.00000 -0.29282 0.86841 0.40015 0.00000 0.00000 -1.00000 -0.87095 0.26684 0.41260 0.00000 0.00000 -1.00000 -0.91250 -0.03549 0.40754 -0.00000 0.00000 -1.00000 -0.42997 -0.79691 0.42434 0.00000 0.00000 -1.00000 -0.83427 0.37265 0.40636 0.00000 0.00000 -1.00000 -0.91067 -0.05111 0.40996 -0.00000 0.00000 -1.00000 -0.58500 -0.68849 0.42867 0.00000 0.00000 -1.00000 0.10247 -0.90187 0.41969 0.00000 -0.00000 -1.00000 0.63397 -0.65899 0.40473 0.00000 0.00000 -1.00000 0.91506 -0.06051 0.39876 0.00000 0.00000 -1.00000 0.80693 0.42358 0.41163 0.00000 0.00000 -1.00000 0.12565 0.89630 0.42527 0.00000 0.00000 -1.00000 -0.36024 0.83633 0.41325 0.00000 0.00000 -1.00000 0.02146 -0.88871 0.45797 0.00000 -0.00000 -1.00000 0.64261 -0.61131 0.46190 0.00000 0.00000 -1.00000 0.88598 -0.01129 0.46359 0.00000 0.00000 -1.00000 0.70663 0.54577 0.45035 0.00000 0.00000 -1.00000 0.29760 0.83758 0.45813 0.00000 0.00000 -1.00000 -0.42557 0.77388 0.46903 0.00000 0.00000 -1.00000 -0.80282 0.38586 0.45452 0.00000 0.00000 -1.00000 -0.86095 -0.21271 0.46207 -0.00000 0.00000 -1.00000 -0.40084 -0.79141 0.46152 0.00000 0.00000 -1.00000 -0.96830 0.16685 0.18590 -0.00000 0.00000 -1.00000 -0.82820 -0.53196 0.17634 0.00000 0.00000 -1.00000 -0.60812 -0.77523 0.17092 0.00000 0.00000 -1.00000 0.06481 -0.98042 0.18596 0.00000 -0.00000 -1.00000 0.66551 -0.71607 0.21057 0.00000 0.00000 -1.00000 0.97199 0.00236 0.23501 0.00000 0.00000 -1.00000 0.79050 0.57375 0.21431 0.00000 0.00000 -1.00000 -0.22989 0.95327 0.19603 0.00000 0.00000 -1.00000 -0.51510 0.83514 0.19290 0.00000 0.00000 -1.00000 -0.15242 -0.94141 0.30086 0.00000 -0.00000 -1.00000 0.47424 -0.82423 0.30941 0.00000 0.00000 -1.00000 0.92847 -0.21317 0.30415 0.00000 0.00000 -1.00000 0.87464 0.39132 0.28614 0.00000 0.00000 -1.00000 0.56642 0.77163 0.28939 0.00000 0.00000 -1.00000 -0.23822 0.92907 0.28298 0.00000 0.00000 -1.00000 -0.74708 0.59533 0.29574 0.00000 0.00000 -1.00000 -0.95750 -0.00209 0.28843 -0.00000 0.00000 -1.00000 -0.78285 -0.54930 0.29226 0.00000 0.00000 -1.00000 0.54205 0.80597 0.23790 0.00000 0.00000 -1.00000 -0.09677 0.96912 0.22681 0.00000 0.00000 -1.00000 -0.52599 0.81767 0.23398 0.00000 0.00000 -1.00000 -0.96709 -0.09154 0.23741 -0.00000 0.00000 -1.00000 -0.83528 -0.49898 0.23090 0.00000 0.00000 -1.00000 -0.19766 -0.94905 0.24543 0.00000 -0.00000 -1.00000 0.45608 -0.85542 0.24543 0.00000 0.00000 -1.00000 0.90465 -0.35539 0.23518 0.00000 0.00000 -1.00000 0.97072 0.05924 0.23279 0.00000 0.00000 -1.00000 0.63472 0.55289 0.53985 0.00000 0.00000 -1.00000 0.30282 0.78660 0.53810 0.00000 0.00000 -1.00000 -0.26077 0.79193 0.55213 0.00000 0.00000 -1.00000 -0.79279 0.28269 0.53998 0.00000 0.00000 -1.00000 -0.82222 -0.22264 0.52383 -0.00000 0.00000 -1.00000 -0.58227 -0.62158 0.52402 0.00000 0.00000 -1.00000 -0.00694 -0.85116 0.52486 0.00000 -0.00000 -1.00000 0.49510 -0.67560 0.54630 0.00000 0.00000 -1.00000 0.82400 -0.10215 0.55731 0.00000 0.00000 -1.00000 -0.77598 -0.36377 0.51530 0.00000 0.00000 -1.00000 -0.31198 -0.79698 0.51720 0.00000 0.00000 -1.00000 0.15708 -0.83909 0.52082 0.00000 -0.00000 -1.00000 0.71462 -0.46208 0.52517 0.00000 0.00000 -1.00000 0.84675 0.04782 0.52984 0.00000 0.00000 -1.00000 0.49267 0.70229 0.51388 0.00000 0.00000 -1.00000 0.10159 0.85969 0.50062 0.00000 0.00000 -1.00000 -0.49245 0.70803 0.50615 0.00000 0.00000 -1.00000 -0.83794 0.17222 0.51788 -0.00000 0.00000 -1.00000 -0.10539 -0.97833 0.17822 0.00000 0.00000 -1.00000 0.43171 -0.88859 0.15500 0.00000 -0.00000 -1.00000 0.80327 -0.57166 0.16719 0.00000 0.00000 -1.00000 0.90308 0.40227 0.15039 0.00000 0.00000 -1.00000 0.63721 0.75750 0.14195 0.00000 0.00000 -1.00000 0.12239 0.97831 0.16715 0.00000 0.00000 -1.00000 -0.65058 0.74096 0.16654 0.00000 0.00000 -1.00000 -0.97319 0.15239 0.17225 -0.00000 0.00000 -1.00000 -0.71127 -0.68007 0.17777 0.00000 0.00000 -1.00000 0.70037 0.55827 0.44476 0.00000 0.00000 -1.00000 0.17288 0.87576 0.45074 0.00000 0.00000 -1.00000 -0.64649 0.61700 0.44874 0.00000 0.00000 -1.00000 -0.86980 0.24906 0.42593 -0.00000 0.00000 -1.00000 -0.86185 -0.25721 0.43711 0.00000 0.00000 -1.00000 -0.49066 -0.74130 0.45796 0.00000 0.00000 -1.00000 0.17502 -0.86443 0.47131 0.00000 -0.00000 -1.00000 0.79695 -0.39946 0.45310 0.00000 0.00000 -1.00000 0.89893 0.11198 0.42354 0.00000 0.00000 -1.00000 -0.94493 0.21900 0.24318 -0.00000 0.00000 -1.00000 -0.87135 -0.41708 0.25843 0.00000 0.00000 -1.00000 -0.29818 -0.91349 0.27681 0.00000 -0.00000 -1.00000 0.53169 -0.80726 0.25620 0.00000 0.00000 -1.00000 0.72990 -0.63522 0.25246 0.00000 0.00000 -1.00000 0.95396 0.12959 0.27048 0.00000 0.00000 -1.00000 0.66742 0.69188 0.27543 0.00000 0.00000 -1.00000 0.02639 0.95715 0.28839 0.00000 0.00000 -1.00000 -0.72061 0.64474 0.25501 0.00000 0.00000 -1.00000 0.94720 0.08929 0.30795 0.00000 0.00000 -1.00000 0.68556 0.65980 0.30770 0.00000 0.00000 -1.00000 0.10153 0.93805 0.33129 0.00000 0.00000 -1.00000 -0.64702 0.69007 0.32431 0.00000 0.00000 -1.00000 -0.86508 0.36624 0.34278 -0.00000 0.00000 -1.00000 -0.80498 -0.49958 0.32003 0.00000 0.00000 -1.00000 -0.46256 -0.82941 0.31323 0.00000 0.00000 -1.00000 0.21825 -0.92092 0.32290 0.00000 -0.00000 -1.00000 0.87698 -0.36330 0.31452 0.00000 0.00000 -1.00000 -0.73531 0.33361 0.58993 0.00000 0.00000 -1.00000 -0.76734 -0.26342 0.58464 -0.00000 0.00000 -1.00000 -0.42252 -0.70756 0.56643 0.00000 0.00000 -1.00000 0.03475 -0.81771 0.57457 0.00000 -0.00000 -1.00000 0.62114 -0.54134 0.56669 0.00000 0.00000 -1.00000 0.81270 -0.08793 0.57602 0.00000 0.00000 -1.00000 0.65920 0.48314 0.57622 0.00000 0.00000 -1.00000 0.11773 0.82000 0.56012 0.00000 0.00000 -1.00000 -0.26643 0.78258 0.56266 0.00000 0.00000 -1.00000 -0.95863 0.03918 0.28194 -0.00000 0.00000 -1.00000 -0.74806 -0.60034 0.28284 0.00000 0.00000 -1.00000 0.05891 -0.95917 0.27661 0.00000 -0.00000 -1.00000 0.48112 -0.83381 0.27072 0.00000 0.00000 -1.00000 0.90322 -0.33320 0.27052 0.00000 0.00000 -1.00000 0.92830 0.24663 0.27828 0.00000 0.00000 -1.00000 0.40162 0.87349 0.27515 0.00000 0.00000 -1.00000 -0.21752 0.93582 0.27735 0.00000 0.00000 -1.00000 -0.72713 0.62770 0.27798 0.00000 0.00000 -1.00000 0.92515 0.11502 0.36176 0.00000 0.00000 -1.00000 0.65500 0.66879 0.35169 0.00000 0.00000 -1.00000 0.04808 0.94054 0.33627 0.00000 0.00000 -1.00000 -0.39649 0.85397 0.33695 0.00000 0.00000 -1.00000 -0.86876 0.33465 0.36506 -0.00000 0.00000 -1.00000 -0.77241 -0.52965 0.35051 0.00000 0.00000 -1.00000 -0.37144 -0.86436 0.33897 0.00000 0.00000 -1.00000 0.20617 -0.91517 0.34636 0.00000 -0.00000 -1.00000 0.69807 -0.62535 0.34876 0.00000 0.00000 -1.00000 -0.85576 -0.23465 0.46110 -0.00000 0.00000 -1.00000 -0.53488 -0.71137 0.45591 0.00000 0.00000 -1.00000 0.04569 -0.87680 0.47868 0.00000 -0.00000 -1.00000 0.58132 -0.65936 0.47676 0.00000 0.00000 -1.00000 0.88183 0.05217 0.46867 0.00000 0.00000 -1.00000 0.74728 0.46786 0.47188 0.00000 0.00000 -1.00000 0.20901 0.85310 0.47805 0.00000 0.00000 -1.00000 -0.32995 0.80839 0.48749 0.00000 0.00000 -1.00000 -0.81474 0.33135 0.47582 0.00000 0.00000 -1.00000 0.54403 -0.81072 0.21626 0.00000 0.00000 -1.00000 0.90272 -0.37564 0.20972 0.00000 0.00000 -1.00000 0.97259 0.08124 0.21785 0.00000 0.00000 -1.00000 0.35814 0.90892 0.21352 0.00000 0.00000 -1.00000 0.20362 0.95484 0.21637 0.00000 0.00000 -1.00000 -0.71016 0.66557 0.22956 0.00000 0.00000 -1.00000 -0.96545 0.08207 0.24731 -0.00000 0.00000 -1.00000 -0.79459 -0.55686 0.24195 0.00000 0.00000 -1.00000 -0.17842 -0.95869 0.22155 0.00000 -0.00000 -1.00000 0.60953 0.73798 0.28957 0.00000 0.00000 -1.00000 0.01670 0.95778 0.28702 0.00000 0.00000 -1.00000 -0.53156 0.79687 0.28714 0.00000 0.00000 -1.00000 -0.93247 0.20757 0.29567 -0.00000 0.00000 -1.00000 -0.81949 -0.49252 0.29301 0.00000 0.00000 -1.00000 -0.27006 -0.92258 0.27553 0.00000 0.00000 -1.00000 0.34270 -0.90041 0.26800 0.00000 -0.00000 -1.00000 0.77322 -0.56872 0.28053 0.00000 0.00000 -1.00000 0.94170 0.17434 0.28775 0.00000 0.00000 -1.00000 0.05105 -0.94512 0.32271 0.00000 -0.00000 -1.00000 0.61891 -0.71163 0.33246 0.00000 0.00000 -1.00000 0.93259 -0.14170 0.33195 0.00000 0.00000 -1.00000 0.78396 0.52046 0.33843 0.00000 0.00000 -1.00000 0.19662 0.92043 0.33785 0.00000 0.00000 -1.00000 -0.32307 0.88391 0.33812 0.00000 0.00000 -1.00000 -0.82088 0.46051 0.33776 0.00000 0.00000 -1.00000 -0.90963 -0.24043 0.33877 -0.00000 0.00000 -1.00000 -0.47217 -0.81513 0.33560 0.00000 0.00000 -1.00000 0.52036 -0.78297 0.34086 0.00000 0.00000 -1.00000 0.89164 -0.31292 0.32719 0.00000 0.00000 -1.00000 0.88360 0.33981 0.32215 0.00000 0.00000 -1.00000 0.40533 0.85458 0.32464 0.00000 0.00000 -1.00000 -0.04211 0.94360 0.32839 0.00000 0.00000 -1.00000 -0.67328 0.65644 0.34026 0.00000 0.00000 -1.00000 -0.93859 -0.10762 0.32781 -0.00000 0.00000 -1.00000 -0.69671 -0.64148 0.32108 0.00000 0.00000 -1.00000 -0.22647 -0.91780 0.32612 0.00000 -0.00000 -1.00000 -0.26440 0.91105 0.31635 0.00000 0.00000 -1.00000 -0.83283 0.45233 0.31905 0.00000 0.00000 -1.00000 -0.87757 -0.37869 0.29405 -0.00000 0.00000 -1.00000 -0.63242 -0.72004 0.28562 0.00000 0.00000 -1.00000 -0.03692 -0.95936 0.27975 0.00000 -0.00000 -1.00000 0.58428 -0.75700 0.29253 0.00000 0.00000 -1.00000 0.92544 -0.22690 0.30344 0.00000 0.00000 -1.00000 0.77198 0.56017 0.30044 0.00000 0.00000 -1.00000 0.50861 0.80664 0.30107 0.00000 0.00000 -1.00000 -0.66132 0.70871 0.24572 0.00000 0.00000 -1.00000 -0.96234 0.03061 0.27013 -0.00000 0.00000 -1.00000 -0.77953 -0.57178 0.25573 0.00000 0.00000 -1.00000 -0.16441 -0.95061 0.26327 0.00000 -0.00000 -1.00000 0.49053 -0.83284 0.25643 0.00000 0.00000 -1.00000 0.88378 -0.40394 0.23614 0.00000 0.00000 -1.00000 0.94418 0.22287 0.24261 0.00000 0.00000 -1.00000 0.58524 0.77237 0.24688 0.00000 0.00000 -1.00000 -0.11563 0.96155 0.24909 0.00000 0.00000 -1.00000 0.17238 0.84161 0.51184 0.00000 0.00000 -1.00000 -0.45996 0.74521 0.48281 0.00000 0.00000 -1.00000 -0.72779 0.47440 0.49524 0.00000 0.00000 -1.00000 -0.81401 -0.26311 0.51785 -0.00000 0.00000 -1.00000 -0.33686 -0.79998 0.49654 0.00000 0.00000 -1.00000 0.13889 -0.86318 0.48542 0.00000 -0.00000 -1.00000 0.72227 -0.49316 0.48490 0.00000 0.00000 -1.00000 0.85281 -0.18027 0.49012 0.00000 0.00000 -1.00000 0.66939 0.54053 0.50965 0.00000 0.00000 -1.00000 -0.94125 -0.25644 0.21976 -0.00000 0.00000 -1.00000 -0.65058 -0.72235 0.23442 0.00000 0.00000 -1.00000 0.16047 -0.95380 0.25400 0.00000 -0.00000 -1.00000 0.65845 -0.71118 0.24632 0.00000 0.00000 -1.00000 0.96602 -0.09669 0.23968 0.00000 0.00000 -1.00000 0.83317 0.49521 0.24615 0.00000 0.00000 -1.00000 0.31317 0.91846 0.24158 0.00000 0.00000 -1.00000 -0.36129 0.89947 0.24582 0.00000 0.00000 -1.00000 -0.96556 0.11804 0.23186 0.00000 0.00000 -1.00000 0.25632 -0.94609 0.19801 0.00000 -0.00000 -1.00000 0.77565 -0.60225 0.18882 0.00000 0.00000 -1.00000 0.96196 -0.20208 0.18385 0.00000 0.00000 -1.00000 0.67300 0.71659 0.18320 0.00000 0.00000 -1.00000 0.20345 0.96519 0.16437 0.00000 0.00000 -1.00000 -0.33414 0.92581 0.17671 0.00000 0.00000 -1.00000 -0.93849 0.29733 0.17557 0.00000 0.00000 -1.00000 -0.97270 -0.14620 0.18020 -0.00000 0.00000 -1.00000 -0.58989 -0.78645 0.18309 0.00000 0.00000 -1.00000 -0.95547 0.15839 0.24899 -0.00000 0.00000 -1.00000 -0.78685 -0.56645 0.24495 0.00000 0.00000 -1.00000 -0.44146 -0.86501 0.23849 0.00000 0.00000 -1.00000 0.38875 -0.89059 0.23606 0.00000 -0.00000 -1.00000 0.77524 -0.58249 0.24436 0.00000 0.00000 -1.00000 0.94928 0.19780 0.24442 0.00000 0.00000 -1.00000 0.64353 0.72647 0.24107 0.00000 0.00000 -1.00000 -0.19920 0.95379 0.22495 0.00000 0.00000 -1.00000 -0.54269 0.81089 0.21896 0.00000 0.00000 -1.00000 -0.86515 0.42208 0.27085 0.00000 0.00000 -1.00000 -0.95736 -0.09444 0.27303 -0.00000 0.00000 -1.00000 -0.46293 -0.84801 0.25802 0.00000 0.00000 -1.00000 -0.08488 -0.96159 0.26103 0.00000 -0.00000 -1.00000 0.62170 -0.73842 0.26120 0.00000 0.00000 -1.00000 0.95612 -0.13544 0.25980 0.00000 0.00000 -1.00000 0.86873 0.41972 0.26295 0.00000 0.00000 -1.00000 0.24078 0.93526 0.25943 0.00000 0.00000 -1.00000 -0.28921 0.92154 0.25906 0.00000 0.00000 -1.00000 0.49419 -0.78418 0.37530 0.00000 0.00000 -1.00000 0.90641 -0.20687 0.36827 0.00000 0.00000 -1.00000 0.88207 0.30980 0.35493 0.00000 0.00000 -1.00000 0.34134 0.86804 0.36055 0.00000 0.00000 -1.00000 -0.06858 0.92608 0.37103 0.00000 0.00000 -1.00000 -0.74714 0.55066 0.37222 0.00000 0.00000 -1.00000 -0.92285 -0.03193 0.38382 -0.00000 0.00000 -1.00000 -0.69190 -0.60879 0.38813 0.00000 0.00000 -1.00000 -0.09828 -0.91650 0.38777 0.00000 -0.00000 -1.00000 -0.56602 -0.77860 0.27095 0.00000 0.00000 -1.00000 0.11954 -0.95400 0.27494 0.00000 -0.00000 -1.00000 0.77336 -0.57475 0.26754 0.00000 0.00000 -1.00000 0.93573 -0.23783 0.26046 0.00000 0.00000 -1.00000 0.75563 0.59424 0.27550 0.00000 0.00000 -1.00000 0.16829 0.94711 0.27323 0.00000 0.00000 -1.00000 -0.54259 0.80410 0.24294 0.00000 0.00000 -1.00000 -0.79155 0.55907 0.24675 -0.00000 0.00000 -1.00000 -0.87705 -0.39140 0.27855 0.00000 0.00000 -1.00000 -0.30944 0.88864 0.33848 0.00000 0.00000 -1.00000 -0.93000 0.15416 0.33367 0.00000 0.00000 -1.00000 -0.94207 -0.09262 0.32239 -0.00000 0.00000 -1.00000 -0.49754 -0.78859 0.36136 0.00000 0.00000 -1.00000 0.24591 -0.90953 0.33510 0.00000 -0.00000 -1.00000 0.80546 -0.50333 0.31287 0.00000 0.00000 -1.00000 0.86793 -0.38167 0.31784 0.00000 0.00000 -1.00000 0.66152 0.65096 0.37234 0.00000 0.00000 -1.00000 0.01353 0.94041 0.33979 0.00000 0.00000 -1.00000 -0.36429 -0.87763 0.31153 0.00000 0.00000 -1.00000 0.25635 -0.91711 0.30526 0.00000 -0.00000 -1.00000 0.80521 -0.51851 0.28772 0.00000 0.00000 -1.00000 0.95480 -0.05252 0.29257 0.00000 0.00000 -1.00000 0.75515 0.57947 0.30654 0.00000 0.00000 -1.00000 0.12469 0.94113 0.31421 0.00000 0.00000 -1.00000 -0.61045 0.72915 0.30936 0.00000 0.00000 -1.00000 -0.88664 0.34628 0.30652 -0.00000 0.00000 -1.00000 -0.87814 -0.35889 0.31635 0.00000 0.00000 -1.00000 -0.30201 0.90017 0.31383 0.00000 0.00000 -1.00000 -0.87593 0.35367 0.32812 0.00000 0.00000 -1.00000 -0.85905 -0.40224 0.31660 -0.00000 0.00000 -1.00000 -0.61649 -0.72132 0.31565 0.00000 0.00000 -1.00000 0.11216 -0.93920 0.32454 0.00000 -0.00000 -1.00000 0.71764 -0.61745 0.32210 0.00000 0.00000 -1.00000 0.94946 -0.01037 0.31372 0.00000 0.00000 -1.00000 0.74853 0.58283 0.31625 0.00000 0.00000 -1.00000 0.12418 0.94128 0.31395 0.00000 0.00000 -1.00000 -0.77970 0.55858 0.28295 0.00000 0.00000 -1.00000 -0.89714 -0.31466 0.31005 -0.00000 0.00000 -1.00000 -0.63305 -0.71524 0.29610 0.00000 0.00000 -1.00000 0.22375 -0.93239 0.28387 0.00000 -0.00000 -1.00000 0.77313 -0.57763 0.26193 0.00000 0.00000 -1.00000 0.93082 -0.24838 0.26811 0.00000 0.00000 -1.00000 0.55718 0.78576 0.26859 0.00000 0.00000 -1.00000 0.37672 0.88791 0.26401 0.00000 0.00000 -1.00000 -0.38676 0.87898 0.27894 0.00000 0.00000 -1.00000 -0.63004 0.74737 0.21092 0.00000 0.00000 -1.00000 -0.97170 0.12566 0.20003 -0.00000 0.00000 -1.00000 -0.81014 -0.55182 0.19790 0.00000 0.00000 -1.00000 -0.34370 -0.92011 0.18779 0.00000 0.00000 -1.00000 0.28874 -0.93973 0.18313 0.00000 -0.00000 -1.00000 0.74244 -0.63791 0.20459 0.00000 0.00000 -1.00000 0.92639 0.31733 0.20275 0.00000 0.00000 -1.00000 0.69345 0.69285 0.19770 0.00000 0.00000 -1.00000 0.12559 0.97101 0.20341 0.00000 0.00000 -1.00000 0.42552 -0.83837 0.34068 0.00000 0.00000 -1.00000 0.87340 -0.35176 0.33680 0.00000 0.00000 -1.00000 0.86379 0.37430 0.33728 0.00000 0.00000 -1.00000 0.48953 0.80475 0.33577 0.00000 0.00000 -1.00000 -0.12571 0.93441 0.33328 0.00000 0.00000 -1.00000 -0.72232 0.60360 0.33753 0.00000 0.00000 -1.00000 -0.93891 0.08132 0.33441 -0.00000 0.00000 -1.00000 -0.76744 -0.54497 0.33771 0.00000 0.00000 -1.00000 -0.17841 -0.92552 0.33404 0.00000 -0.00000 -1.00000 -0.82374 -0.45587 0.33710 0.00000 0.00000 -1.00000 -0.39861 -0.84830 0.34857 0.00000 0.00000 -1.00000 0.28784 -0.89852 0.33137 0.00000 -0.00000 -1.00000 0.75084 -0.56493 0.34220 0.00000 0.00000 -1.00000 0.92682 0.15245 0.34316 0.00000 0.00000 -1.00000 0.70487 0.62581 0.33395 0.00000 0.00000 -1.00000 -0.05224 0.94273 0.32943 0.00000 0.00000 -1.00000 -0.46042 0.82775 0.32069 0.00000 0.00000 -1.00000 -0.89159 0.28199 0.35433 -0.00000 0.00000 -1.00000 -0.83291 -0.03818 0.55209 -0.00000 0.00000 -1.00000 -0.56654 -0.60394 0.56062 0.00000 0.00000 -1.00000 -0.03202 -0.82709 0.56116 0.00000 -0.00000 -1.00000 0.44963 -0.69606 0.55976 0.00000 0.00000 -1.00000 0.79024 -0.24601 0.56125 0.00000 0.00000 -1.00000 0.75631 0.31848 0.57146 0.00000 0.00000 -1.00000 0.33280 0.74692 0.57563 0.00000 0.00000 -1.00000 -0.23875 0.77765 0.58160 0.00000 0.00000 -1.00000 -0.73898 0.38569 0.55241 0.00000 0.00000 -1.00000 0.96279 -0.07971 0.25822 0.00000 0.00000 -1.00000 0.90108 0.34839 0.25823 0.00000 0.00000 -1.00000 0.27913 0.91660 0.28623 0.00000 0.00000 -1.00000 -0.52485 0.81324 0.25135 0.00000 0.00000 -1.00000 -0.84931 0.47142 0.23757 0.00000 0.00000 -1.00000 -0.96729 -0.02931 0.25197 -0.00000 0.00000 -1.00000 -0.38171 -0.88833 0.25529 0.00000 0.00000 -1.00000 -0.25729 -0.93286 0.25215 0.00000 -0.00000 -1.00000 0.63170 -0.73498 0.24650 0.00000 0.00000 -1.00000 0.59179 -0.71919 0.36407 0.00000 0.00000 -1.00000 0.91468 -0.18889 0.35733 0.00000 0.00000 -1.00000 0.73165 0.58969 0.34199 0.00000 0.00000 -1.00000 0.37716 0.85872 0.34692 0.00000 0.00000 -1.00000 -0.44635 0.83171 0.33020 0.00000 0.00000 -1.00000 -0.85077 0.42107 0.31448 0.00000 0.00000 -1.00000 -0.91387 -0.24093 0.32678 -0.00000 0.00000 -1.00000 -0.57954 -0.74875 0.32172 0.00000 0.00000 -1.00000 -0.05395 -0.94107 0.33387 0.00000 -0.00000 -1.00000 0.57832 0.77234 0.26275 0.00000 0.00000 -1.00000 0.24063 0.93498 0.26059 0.00000 0.00000 -1.00000 -0.42006 0.86450 0.27603 0.00000 0.00000 -1.00000 -0.91905 0.26906 0.28801 -0.00000 0.00000 -1.00000 -0.87770 -0.38581 0.28425 0.00000 0.00000 -1.00000 -0.47337 -0.83907 0.26810 0.00000 0.00000 -1.00000 0.02547 -0.96066 0.27656 0.00000 -0.00000 -1.00000 0.78707 -0.54771 0.28378 0.00000 0.00000 -1.00000 0.95879 -0.02713 0.28282 0.00000 0.00000 -1.00000 -0.93843 0.05460 0.34112 -0.00000 0.00000 -1.00000 -0.93065 -0.13532 0.33997 0.00000 0.00000 -1.00000 -0.50226 -0.77976 0.37378 0.00000 0.00000 -1.00000 0.20627 -0.90804 0.36459 0.00000 -0.00000 -1.00000 0.73517 -0.58574 0.34121 0.00000 0.00000 -1.00000 0.92970 -0.11481 0.34997 0.00000 0.00000 -1.00000 0.62441 0.69786 0.35086 0.00000 0.00000 -1.00000 0.16765 0.92940 0.32881 0.00000 0.00000 -1.00000 -0.27627 0.89824 0.34181 0.00000 0.00000 -1.00000 -0.93510 -0.02632 0.35341 -0.00000 0.00000 -1.00000 -0.85260 -0.39036 0.34740 0.00000 0.00000 -1.00000 -0.29832 -0.87889 0.37224 0.00000 0.00000 -1.00000 0.35194 -0.86337 0.36157 0.00000 -0.00000 -1.00000 0.80615 -0.46102 0.37091 0.00000 0.00000 -1.00000 0.91103 0.19214 0.36484 0.00000 0.00000 -1.00000 0.47572 0.80450 0.35562 0.00000 0.00000 -1.00000 0.11414 0.92831 0.35386 0.00000 0.00000 -1.00000 -0.62507 0.68822 0.36829 0.00000 0.00000 -1.00000 -0.67901 -0.68838 0.25512 0.00000 0.00000 -1.00000 -0.03333 -0.96420 0.26309 0.00000 -0.00000 -1.00000 0.46822 -0.84571 0.25602 0.00000 0.00000 -1.00000 0.93551 -0.25213 0.24747 0.00000 0.00000 -1.00000 0.92309 0.28670 0.25634 0.00000 0.00000 -1.00000 0.34399 0.90346 0.25577 0.00000 0.00000 -1.00000 -0.42309 0.87219 0.24551 0.00000 0.00000 -1.00000 -0.73255 0.63741 0.23891 0.00000 0.00000 -1.00000 -0.96431 -0.02798 0.26328 -0.00000 0.00000 -1.00000 -0.84981 -0.47884 0.22030 -0.00000 0.00000 -1.00000 -0.48319 -0.84789 0.21820 0.00000 0.00000 -1.00000 0.33770 -0.91568 0.21791 0.00000 -0.00000 -1.00000 0.69722 -0.68508 0.21108 0.00000 0.00000 -1.00000 0.95966 -0.16497 0.22769 0.00000 0.00000 -1.00000 0.75076 0.61984 0.22838 0.00000 0.00000 -1.00000 -0.11764 0.97030 0.21138 0.00000 0.00000 -1.00000 -0.27058 0.93878 0.21327 0.00000 0.00000 -1.00000 -0.90585 0.34893 0.24018 0.00000 0.00000 -1.00000 -0.54986 0.75256 0.36237 0.00000 0.00000 -1.00000 -0.88936 0.26093 0.37544 -0.00000 0.00000 -1.00000 -0.83133 -0.42228 0.36134 0.00000 0.00000 -1.00000 -0.39170 -0.85140 0.34884 0.00000 0.00000 -1.00000 0.19636 -0.91375 0.35567 0.00000 -0.00000 -1.00000 0.77541 -0.50599 0.37777 0.00000 0.00000 -1.00000 0.89941 0.26656 0.34642 0.00000 0.00000 -1.00000 0.68843 0.64002 0.34123 0.00000 0.00000 -1.00000 0.11166 0.93066 0.34843 0.00000 0.00000 -1.00000 -0.33051 -0.85174 0.40658 0.00000 -0.00000 -1.00000 0.42267 -0.80890 0.40869 0.00000 0.00000 -1.00000 0.76250 -0.50429 0.40532 0.00000 0.00000 -1.00000 0.87773 0.25130 0.40797 0.00000 0.00000 -1.00000 0.57962 0.70187 0.41402 0.00000 0.00000 -1.00000 -0.07414 0.90904 0.41006 0.00000 0.00000 -1.00000 -0.60062 0.68438 0.41339 0.00000 0.00000 -1.00000 -0.90639 0.09335 0.41200 -0.00000 0.00000 -1.00000 -0.75548 -0.51912 0.39971 0.00000 0.00000 -1.00000 -0.60795 0.69504 0.38383 0.00000 0.00000 -1.00000 -0.90214 0.08806 0.42236 -0.00000 0.00000 -1.00000 -0.69825 -0.58864 0.40737 0.00000 0.00000 -1.00000 -0.02171 -0.91704 0.39821 0.00000 -0.00000 -1.00000 0.27520 -0.87957 0.38810 0.00000 0.00000 -1.00000 0.82006 -0.37858 0.42916 0.00000 0.00000 -1.00000 0.87114 0.24454 0.42581 0.00000 0.00000 -1.00000 0.47072 0.77792 0.41626 0.00000 0.00000 -1.00000 -0.33658 0.85405 0.39663 0.00000 0.00000 -1.00000 -0.66403 0.65515 0.36034 0.00000 0.00000 -1.00000 -0.91753 0.13181 0.37518 -0.00000 0.00000 -1.00000 -0.76107 -0.53260 0.37029 0.00000 0.00000 -1.00000 -0.23190 -0.89982 0.36952 0.00000 -0.00000 -1.00000 0.39140 -0.84177 0.37178 0.00000 0.00000 -1.00000 0.80344 -0.46578 0.37086 0.00000 0.00000 -1.00000 0.86973 0.34004 0.35769 0.00000 0.00000 -1.00000 0.57048 0.74486 0.34603 0.00000 0.00000 -1.00000 -0.06663 0.93386 0.35138 0.00000 0.00000 -1.00000 -0.61743 -0.73884 0.27000 0.00000 0.00000 -1.00000 -0.05450 -0.96258 0.26545 0.00000 -0.00000 -1.00000 0.65855 -0.70541 0.26213 0.00000 0.00000 -1.00000 0.96775 -0.02137 0.25099 0.00000 0.00000 -1.00000 0.87611 0.41364 0.24766 0.00000 0.00000 -1.00000 0.48899 0.83291 0.25914 0.00000 0.00000 -1.00000 -0.40582 0.87810 0.25347 0.00000 0.00000 -1.00000 -0.83911 0.48172 0.25267 0.00000 0.00000 -1.00000 -0.96810 -0.00265 0.25056 -0.00000 0.00000 -1.00000 0.77335 -0.51152 0.37454 0.00000 0.00000 -1.00000 0.93160 0.06756 0.35716 0.00000 0.00000 -1.00000 0.62987 0.68821 0.36005 0.00000 0.00000 -1.00000 0.14625 0.91535 0.37517 0.00000 0.00000 -1.00000 -0.62455 0.69161 0.36280 0.00000 0.00000 -1.00000 -0.87033 0.32701 0.36823 -0.00000 0.00000 -1.00000 -0.72631 -0.58761 0.35664 0.00000 0.00000 -1.00000 -0.49000 -0.79812 0.35058 0.00000 0.00000 -1.00000 0.17552 -0.91569 0.36154 0.00000 -0.00000 -1.00000 0.52424 -0.76155 0.38106 0.00000 0.00000 -1.00000 0.85034 -0.38004 0.36398 0.00000 0.00000 -1.00000 0.85581 0.37204 0.35941 0.00000 0.00000 -1.00000 0.61719 0.69631 0.36637 0.00000 0.00000 -1.00000 -0.22845 0.89697 0.37848 0.00000 0.00000 -1.00000 -0.64441 0.66788 0.37238 0.00000 0.00000 -1.00000 -0.92410 0.00366 0.38213 -0.00000 0.00000 -1.00000 -0.63027 -0.68394 0.36740 0.00000 0.00000 -1.00000 -0.27449 -0.88825 0.36832 0.00000 -0.00000 -1.00000 0.53610 0.76628 0.35413 0.00000 0.00000 -1.00000 0.08177 0.93321 0.34990 0.00000 0.00000 -1.00000 -0.70885 0.61448 0.34632 0.00000 0.00000 -1.00000 -0.90792 0.23961 0.34390 -0.00000 0.00000 -1.00000 -0.83899 -0.41693 0.34966 0.00000 0.00000 -1.00000 -0.30825 -0.88336 0.35308 0.00000 0.00000 -1.00000 0.31749 -0.88408 0.34294 0.00000 -0.00000 -1.00000 0.78396 -0.50729 0.35786 0.00000 0.00000 -1.00000 0.90326 0.20676 0.37600 0.00000 0.00000 -1.00000 0.92021 -0.31758 0.22883 0.00000 0.00000 -1.00000 0.84350 0.49430 0.21016 0.00000 0.00000 -1.00000 0.57575 0.78822 0.21730 0.00000 0.00000 -1.00000 -0.23627 0.94749 0.21548 0.00000 0.00000 -1.00000 -0.67066 0.70437 0.23255 0.00000 0.00000 -1.00000 -0.96890 -0.06269 0.23940 -0.00000 0.00000 -1.00000 -0.44815 -0.86836 0.21239 0.00000 0.00000 -1.00000 -0.30868 -0.92737 0.21144 0.00000 -0.00000 -1.00000 0.51115 -0.82932 0.22571 0.00000 0.00000 -1.00000 0.42382 -0.70885 0.56383 0.00000 0.00000 -1.00000 0.75433 -0.30267 0.58256 0.00000 0.00000 -1.00000 0.74641 0.33325 0.57603 0.00000 0.00000 -1.00000 0.37471 0.73371 0.56680 0.00000 0.00000 -1.00000 -0.16174 0.81050 0.56297 0.00000 0.00000 -1.00000 -0.58460 0.57868 0.56866 0.00000 0.00000 -1.00000 -0.81325 -0.03154 0.58106 -0.00000 0.00000 -1.00000 -0.60435 -0.54728 0.57900 0.00000 0.00000 -1.00000 -0.08908 -0.82786 0.55382 0.00000 -0.00000 -1.00000 0.51752 0.81583 0.25807 0.00000 0.00000 -1.00000 -0.23775 0.94421 0.22791 0.00000 0.00000 -1.00000 -0.59663 0.77040 0.22473 0.00000 0.00000 -1.00000 -0.96611 -0.05217 0.25281 -0.00000 0.00000 -1.00000 -0.82021 -0.51869 0.24130 0.00000 0.00000 -1.00000 0.02001 -0.97155 0.23599 0.00000 -0.00000 -1.00000 0.20832 -0.94826 0.23959 0.00000 0.00000 -1.00000 0.92289 -0.29409 0.24856 0.00000 0.00000 -1.00000 0.96050 0.12447 0.24889 0.00000 0.00000 -1.00000 0.75491 -0.59259 0.28099 0.00000 0.00000 -1.00000 0.94712 0.12428 0.29582 0.00000 0.00000 -1.00000 0.55356 0.78070 0.28995 0.00000 0.00000 -1.00000 -0.01382 0.95875 0.28391 0.00000 0.00000 -1.00000 -0.43058 0.85567 0.28711 0.00000 0.00000 -1.00000 -0.95970 0.05635 0.27533 -0.00000 0.00000 -1.00000 -0.90871 -0.32197 0.26568 0.00000 0.00000 -1.00000 -0.39157 -0.87861 0.27335 0.00000 0.00000 -1.00000 0.29037 -0.91659 0.27487 0.00000 -0.00000 -1.00000 0.81452 0.34800 0.46416 0.00000 0.00000 -1.00000 0.49217 0.74167 0.45574 0.00000 0.00000 -1.00000 -0.12924 0.87715 0.46250 0.00000 0.00000 -1.00000 -0.64605 0.61603 0.45069 0.00000 0.00000 -1.00000 -0.86287 0.19081 0.46803 -0.00000 0.00000 -1.00000 -0.67487 -0.57187 0.46639 0.00000 0.00000 -1.00000 -0.13693 -0.87718 0.46021 0.00000 -0.00000 -1.00000 0.26660 -0.83803 0.47605 0.00000 0.00000 -1.00000 0.83664 -0.25740 0.48351 0.00000 0.00000 -1.00000 -0.11800 0.96068 0.25132 0.00000 0.00000 -1.00000 -0.73434 0.63428 0.24173 0.00000 0.00000 -1.00000 -0.94519 0.21230 0.24808 -0.00000 0.00000 -1.00000 -0.78761 -0.56109 0.25466 0.00000 0.00000 -1.00000 -0.31464 -0.91341 0.25823 0.00000 -0.00000 -1.00000 0.48229 -0.84012 0.24821 0.00000 0.00000 -1.00000 0.84396 -0.47701 0.24535 0.00000 0.00000 -1.00000 0.94163 0.22422 0.25111 0.00000 0.00000 -1.00000 0.64190 0.72588 0.24711 0.00000 0.00000 -1.00000 -0.07153 0.98482 0.15814 0.00000 0.00000 -1.00000 -0.20014 0.96700 0.15766 0.00000 0.00000 -1.00000 -0.88564 0.43483 0.16295 -0.00000 0.00000 -1.00000 -0.77940 -0.60656 0.15692 0.00000 0.00000 -1.00000 -0.77272 -0.61505 0.15693 0.00000 0.00000 -1.00000 0.25840 -0.95329 0.15645 0.00000 -0.00000 -1.00000 0.75257 -0.63830 0.16191 0.00000 0.00000 -1.00000 0.98545 0.06228 0.15815 0.00000 0.00000 -1.00000 0.90226 0.39932 0.16268 0.00000 0.00000 -1.00000 -0.79692 -0.51148 0.32141 0.00000 0.00000 -1.00000 -0.16428 -0.94139 0.29462 0.00000 -0.00000 -1.00000 0.29926 -0.90883 0.29062 0.00000 0.00000 -1.00000 0.83735 -0.46365 0.28963 0.00000 0.00000 -1.00000 0.95263 0.10422 0.28571 0.00000 0.00000 -1.00000 0.68316 0.65548 0.32193 0.00000 0.00000 -1.00000 -0.12068 0.94636 0.29974 0.00000 0.00000 -1.00000 -0.56969 0.76914 0.28962 0.00000 0.00000 -1.00000 -0.93838 0.15438 0.30922 -0.00000 0.00000 -1.00000 0.79467 -0.53922 0.27881 0.00000 0.00000 -1.00000 0.94455 -0.18504 0.27128 0.00000 0.00000 -1.00000 0.72445 0.62918 0.28160 0.00000 0.00000 -1.00000 0.23571 0.93290 0.27229 0.00000 0.00000 -1.00000 -0.38386 0.87913 0.28246 0.00000 0.00000 -1.00000 -0.86238 0.43101 0.26559 0.00000 0.00000 -1.00000 -0.94946 -0.15368 0.27369 -0.00000 0.00000 -1.00000 -0.53837 -0.79965 0.26590 0.00000 0.00000 -1.00000 -0.14932 -0.94879 0.27839 0.00000 -0.00000 -1.00000 0.69524 -0.59187 0.40784 0.00000 0.00000 -1.00000 0.91755 -0.00909 0.39752 0.00000 0.00000 -1.00000 0.72773 0.55860 0.39796 0.00000 0.00000 -1.00000 0.29253 0.86556 0.40649 0.00000 0.00000 -1.00000 -0.47860 0.76973 0.42244 0.00000 0.00000 -1.00000 -0.85221 0.31771 0.41570 0.00000 0.00000 -1.00000 -0.86610 -0.28523 0.41052 -0.00000 0.00000 -1.00000 -0.54291 -0.73086 0.41363 0.00000 0.00000 -1.00000 0.09502 -0.90054 0.42427 0.00000 -0.00000 -1.00000 0.79591 -0.50154 0.33909 0.00000 0.00000 -1.00000 0.93113 0.17107 0.32208 0.00000 0.00000 -1.00000 0.68855 0.64766 0.32624 0.00000 0.00000 -1.00000 -0.15679 0.93872 0.30694 0.00000 0.00000 -1.00000 -0.38712 0.87005 0.30521 0.00000 0.00000 -1.00000 -0.93004 0.15907 0.33125 -0.00000 0.00000 -1.00000 -0.85975 -0.39360 0.32543 0.00000 0.00000 -1.00000 -0.37070 -0.86809 0.33016 0.00000 0.00000 -1.00000 0.27677 -0.90048 0.33544 0.00000 -0.00000 -1.00000 -0.24609 -0.93338 0.26122 0.00000 -0.00000 -1.00000 0.73244 -0.62804 0.26285 0.00000 0.00000 -1.00000 0.96332 -0.13162 0.23385 0.00000 0.00000 -1.00000 0.93574 0.26044 0.23784 0.00000 0.00000 -1.00000 0.22567 0.94497 0.23687 0.00000 0.00000 -1.00000 -0.34501 0.91315 0.21708 0.00000 0.00000 -1.00000 -0.54876 0.80299 0.23252 0.00000 0.00000 -1.00000 -0.94273 -0.16388 0.29053 -0.00000 0.00000 -1.00000 -0.48380 -0.83370 0.26624 0.00000 0.00000 -1.00000 -0.21843 0.93965 0.26335 0.00000 0.00000 -1.00000 -0.62587 0.73646 0.25672 0.00000 0.00000 -1.00000 -0.94585 0.16651 0.27864 -0.00000 0.00000 -1.00000 -0.67580 -0.68694 0.26723 0.00000 0.00000 -1.00000 -0.31851 -0.91105 0.26182 0.00000 -0.00000 -1.00000 0.47794 -0.83200 0.28168 0.00000 0.00000 -1.00000 0.85432 -0.44485 0.26880 0.00000 0.00000 -1.00000 0.94025 0.21399 0.26484 0.00000 0.00000 -1.00000 0.61324 0.74050 0.27494 0.00000 0.00000 -1.00000 -0.66024 -0.70737 0.25241 0.00000 0.00000 -1.00000 0.13936 -0.95145 0.27443 0.00000 -0.00000 -1.00000 0.76954 -0.58559 0.25474 0.00000 0.00000 -1.00000 0.93939 -0.22002 0.26295 0.00000 0.00000 -1.00000 0.74527 0.60423 0.28190 0.00000 0.00000 -1.00000 0.15854 0.95167 0.26306 0.00000 0.00000 -1.00000 -0.35314 0.90049 0.25380 0.00000 0.00000 -1.00000 -0.88334 0.38880 0.26182 0.00000 0.00000 -1.00000 -0.91197 -0.32350 0.25230 -0.00000 0.00000 -1.00000 0.32039 -0.92864 0.18702 0.00000 -0.00000 -1.00000 0.81002 -0.55568 0.18732 0.00000 0.00000 -1.00000 0.98315 -0.01718 0.18201 0.00000 0.00000 -1.00000 0.74008 0.64169 0.20128 0.00000 0.00000 -1.00000 0.04227 0.98176 0.18537 0.00000 0.00000 -1.00000 -0.41186 0.88970 0.19701 0.00000 0.00000 -1.00000 -0.97749 0.08496 0.19313 -0.00000 0.00000 -1.00000 -0.90707 -0.37866 0.18394 0.00000 0.00000 -1.00000 -0.56105 -0.80313 0.20053 0.00000 0.00000 -1.00000 0.44020 0.83515 0.32976 0.00000 0.00000 -1.00000 -0.16429 0.93068 0.32685 0.00000 0.00000 -1.00000 -0.75427 0.57859 0.31035 0.00000 0.00000 -1.00000 -0.95329 -0.07195 0.29337 -0.00000 0.00000 -1.00000 -0.84138 -0.45228 0.29583 0.00000 0.00000 -1.00000 -0.27528 -0.90728 0.31790 0.00000 -0.00000 -1.00000 0.57079 -0.76297 0.30345 0.00000 0.00000 -1.00000 0.83023 -0.46693 0.30444 0.00000 0.00000 -1.00000 0.92703 0.19295 0.32153 0.00000 0.00000 -1.00000 -0.21538 0.83652 0.50383 0.00000 0.00000 -1.00000 -0.65952 0.56316 0.49788 0.00000 0.00000 -1.00000 -0.86077 0.03254 0.50795 -0.00000 0.00000 -1.00000 -0.66814 -0.53968 0.51218 0.00000 0.00000 -1.00000 -0.11095 -0.85929 0.49930 0.00000 -0.00000 -1.00000 0.39160 -0.76792 0.50690 0.00000 0.00000 -1.00000 0.80455 -0.30802 0.50776 0.00000 0.00000 -1.00000 0.80190 0.33606 0.49398 0.00000 0.00000 -1.00000 0.47568 0.72541 0.49750 0.00000 0.00000 -1.00000 -0.69802 0.64560 0.30979 0.00000 0.00000 -1.00000 -0.93386 0.20147 0.29550 -0.00000 0.00000 -1.00000 -0.90971 -0.28581 0.30124 0.00000 0.00000 -1.00000 -0.41979 -0.84470 0.33207 0.00000 0.00000 -1.00000 0.30840 -0.90092 0.30533 0.00000 -0.00000 -1.00000 0.78843 -0.53141 0.30980 0.00000 0.00000 -1.00000 0.94278 -0.08641 0.32201 0.00000 0.00000 -1.00000 0.66087 0.68248 0.31221 0.00000 0.00000 -1.00000 0.12523 0.93809 0.32296 0.00000 0.00000 -1.00000 0.70240 0.63740 0.31680 0.00000 0.00000 -1.00000 -0.02240 0.94423 0.32854 0.00000 0.00000 -1.00000 -0.61561 0.71340 0.33480 0.00000 0.00000 -1.00000 -0.94531 0.03991 0.32372 -0.00000 0.00000 -1.00000 -0.82740 -0.46763 0.31101 0.00000 0.00000 -1.00000 -0.33267 -0.89148 0.30757 0.00000 -0.00000 -1.00000 0.31458 -0.89599 0.31344 0.00000 0.00000 -1.00000 0.82365 -0.47815 0.30493 0.00000 0.00000 -1.00000 0.92706 0.20859 0.31152 0.00000 0.00000 -1.00000 -0.94026 -0.21051 0.26758 -0.00000 0.00000 -1.00000 -0.85293 -0.45125 0.26247 0.00000 0.00000 -1.00000 -0.10439 -0.95764 0.26838 0.00000 -0.00000 -1.00000 0.54741 -0.79724 0.25444 0.00000 0.00000 -1.00000 0.80455 -0.52674 0.27431 0.00000 0.00000 -1.00000 0.82863 0.49775 0.25618 0.00000 0.00000 -1.00000 0.57872 0.77489 0.25423 0.00000 0.00000 -1.00000 -0.40799 0.87500 0.26063 0.00000 0.00000 -1.00000 -0.64507 0.72174 0.25095 0.00000 0.00000 -1.00000 -0.59851 -0.68052 0.42271 0.00000 0.00000 -1.00000 -0.09700 -0.90843 0.40663 0.00000 -0.00000 -1.00000 0.57573 -0.70268 0.41806 0.00000 0.00000 -1.00000 0.86656 -0.27159 0.41870 0.00000 0.00000 -1.00000 0.74065 0.52197 0.42307 0.00000 0.00000 -1.00000 0.50030 0.75381 0.42601 0.00000 0.00000 -1.00000 -0.37783 0.82547 0.41935 0.00000 0.00000 -1.00000 -0.67337 0.61218 0.41451 0.00000 0.00000 -1.00000 -0.89788 -0.15670 0.41141 -0.00000 0.00000 -1.00000 -0.94427 -0.21335 0.25067 0.00000 0.00000 -1.00000 -0.44950 -0.84956 0.27605 0.00000 0.00000 -1.00000 0.38269 -0.88910 0.25109 0.00000 -0.00000 -1.00000 0.79470 -0.55460 0.24671 0.00000 0.00000 -1.00000 0.96880 0.04596 0.24353 0.00000 0.00000 -1.00000 0.72851 0.63346 0.26079 0.00000 0.00000 -1.00000 -0.06813 0.96786 0.24207 0.00000 0.00000 -1.00000 -0.37777 0.89402 0.24086 0.00000 0.00000 -1.00000 -0.95404 0.17604 0.24250 -0.00000 0.00000 -1.00000 0.76242 0.42018 0.49210 0.00000 0.00000 -1.00000 0.29768 0.81156 0.50274 0.00000 0.00000 -1.00000 -0.30709 0.82266 0.47846 0.00000 0.00000 -1.00000 -0.68554 0.54157 0.48656 0.00000 0.00000 -1.00000 -0.84109 -0.23977 0.48485 -0.00000 0.00000 -1.00000 -0.62110 -0.61285 0.48852 0.00000 0.00000 -1.00000 0.12931 -0.86621 0.48265 0.00000 -0.00000 -1.00000 0.46675 -0.74315 0.47945 0.00000 0.00000 -1.00000 0.85618 -0.14180 0.49684 0.00000 0.00000 -1.00000 0.85936 -0.20739 0.46743 0.00000 0.00000 -1.00000 0.81159 0.36307 0.45771 0.00000 0.00000 -1.00000 0.47891 0.75397 0.44963 0.00000 0.00000 -1.00000 -0.18870 0.86518 0.46461 0.00000 0.00000 -1.00000 -0.70048 0.54411 0.46181 0.00000 0.00000 -1.00000 -0.88245 -0.10962 0.45746 -0.00000 0.00000 -1.00000 -0.74965 -0.47452 0.46136 0.00000 0.00000 -1.00000 -0.05192 -0.88777 0.45735 0.00000 -0.00000 -1.00000 0.33582 -0.81903 0.46521 0.00000 0.00000 -1.00000 -0.30739 -0.84747 0.43278 0.00000 -0.00000 -1.00000 0.44285 -0.78185 0.43887 0.00000 0.00000 -1.00000 0.78869 -0.44099 0.42837 0.00000 0.00000 -1.00000 0.87351 0.18088 0.45195 0.00000 0.00000 -1.00000 0.49752 0.74350 0.44686 0.00000 0.00000 -1.00000 -0.13391 0.88650 0.44292 0.00000 0.00000 -1.00000 -0.66312 0.61311 0.42938 0.00000 0.00000 -1.00000 -0.90161 0.09013 0.42306 -0.00000 0.00000 -1.00000 -0.75519 -0.49033 0.43504 0.00000 0.00000 -1.00000 0.46717 0.83046 0.30348 0.00000 0.00000 -1.00000 -0.04531 0.95204 0.30259 0.00000 0.00000 -1.00000 -0.66911 0.67079 0.31991 0.00000 0.00000 -1.00000 -0.92920 0.15017 0.33769 -0.00000 0.00000 -1.00000 -0.69402 -0.63965 0.33044 0.00000 0.00000 -1.00000 -0.29033 -0.90387 0.31421 0.00000 -0.00000 -1.00000 0.46148 -0.82643 0.32257 0.00000 0.00000 -1.00000 0.84791 -0.42561 0.31606 0.00000 0.00000 -1.00000 0.93075 0.18770 0.31381 0.00000 0.00000 -1.00000 0.61821 -0.65046 0.44126 0.00000 0.00000 -1.00000 0.90407 -0.04076 0.42543 0.00000 0.00000 -1.00000 0.81260 0.39559 0.42801 0.00000 0.00000 -1.00000 0.20280 0.86756 0.45411 0.00000 0.00000 -1.00000 -0.42449 0.78767 0.44652 0.00000 0.00000 -1.00000 -0.82587 0.34405 0.44673 0.00000 0.00000 -1.00000 -0.86054 -0.27728 0.42730 -0.00000 0.00000 -1.00000 -0.55262 -0.71430 0.42941 0.00000 0.00000 -1.00000 -0.01483 -0.89954 0.43658 0.00000 -0.00000 -1.00000 -0.69121 -0.63862 0.33823 0.00000 0.00000 -1.00000 -0.24355 -0.90570 0.34696 0.00000 -0.00000 -1.00000 0.40217 -0.84631 0.34931 0.00000 0.00000 -1.00000 0.89115 -0.29167 0.34753 0.00000 0.00000 -1.00000 0.88102 0.32246 0.34615 0.00000 0.00000 -1.00000 0.52104 0.77938 0.34798 0.00000 0.00000 -1.00000 -0.31701 0.89333 0.31853 0.00000 0.00000 -1.00000 -0.61301 0.72591 0.31188 0.00000 0.00000 -1.00000 -0.93925 -0.02159 0.34256 -0.00000 0.00000 -1.00000 0.05283 0.97412 0.21976 0.00000 0.00000 -1.00000 -0.52872 0.81997 0.21930 0.00000 0.00000 -1.00000 -0.92895 0.28629 0.23472 -0.00000 0.00000 -1.00000 -0.77147 -0.59724 0.21939 0.00000 0.00000 -1.00000 -0.60527 -0.76612 0.21611 0.00000 0.00000 -1.00000 0.25704 -0.94340 0.20960 0.00000 -0.00000 -1.00000 0.68556 -0.69582 0.21410 0.00000 0.00000 -1.00000 0.87921 0.42056 0.22387 0.00000 0.00000 -1.00000 0.72263 0.65844 0.21039 0.00000 0.00000 -1.00000 0.35421 0.88278 0.30860 0.00000 0.00000 -1.00000 0.09992 0.94636 0.30727 0.00000 0.00000 -1.00000 -0.72763 0.61733 0.29910 0.00000 0.00000 -1.00000 -0.93027 0.19550 0.31043 -0.00000 0.00000 -1.00000 -0.67149 -0.67634 0.30275 0.00000 0.00000 -1.00000 -0.36141 -0.88219 0.30186 0.00000 -0.00000 -1.00000 0.39146 -0.87034 0.29880 0.00000 0.00000 -1.00000 0.91613 -0.24833 0.31469 0.00000 0.00000 -1.00000 0.93249 0.19709 0.30269 0.00000 0.00000 -1.00000 -0.90897 0.06056 0.41243 -0.00000 0.00000 -1.00000 -0.60939 -0.68410 0.40081 0.00000 0.00000 -1.00000 -0.15836 -0.90229 0.40098 0.00000 -0.00000 -1.00000 0.50088 -0.76966 0.39591 0.00000 0.00000 -1.00000 0.88190 -0.24465 0.40299 0.00000 0.00000 -1.00000 0.84506 0.33288 0.41840 0.00000 0.00000 -1.00000 0.35192 0.83446 0.42406 0.00000 0.00000 -1.00000 -0.14296 0.89717 0.41790 0.00000 0.00000 -1.00000 -0.78714 0.45860 0.41243 0.00000 0.00000 -1.00000 0.26627 -0.89120 0.36725 0.00000 -0.00000 -1.00000 0.74045 -0.56004 0.37161 0.00000 0.00000 -1.00000 0.90319 0.19264 0.38359 0.00000 0.00000 -1.00000 0.69082 0.61101 0.38657 0.00000 0.00000 -1.00000 0.02036 0.91825 0.39547 0.00000 0.00000 -1.00000 -0.54574 0.73584 0.40089 0.00000 0.00000 -1.00000 -0.90121 0.17759 0.39532 -0.00000 0.00000 -1.00000 -0.77360 -0.50327 0.38504 0.00000 0.00000 -1.00000 -0.38387 -0.84522 0.37182 0.00000 0.00000 -1.00000 0.47091 0.76961 0.43121 0.00000 0.00000 -1.00000 -0.11480 0.90412 0.41156 0.00000 0.00000 -1.00000 -0.67148 0.60398 0.42933 0.00000 0.00000 -1.00000 -0.89742 0.01353 0.44097 -0.00000 0.00000 -1.00000 -0.67470 -0.59524 0.43643 0.00000 0.00000 -1.00000 -0.18169 -0.88110 0.43664 0.00000 -0.00000 -1.00000 0.41525 -0.79875 0.43540 0.00000 0.00000 -1.00000 0.82183 -0.36130 0.44052 0.00000 0.00000 -1.00000 0.85563 0.30067 0.42131 0.00000 0.00000 -1.00000 -0.75931 -0.62874 0.16774 0.00000 0.00000 -1.00000 0.14803 -0.97009 0.19240 0.00000 -0.00000 -1.00000 0.72930 -0.65770 0.18855 0.00000 0.00000 -1.00000 0.98243 0.06780 0.17386 0.00000 0.00000 -1.00000 0.72267 0.67299 0.15759 0.00000 0.00000 -1.00000 0.41508 0.89447 0.16625 0.00000 0.00000 -1.00000 -0.55630 0.80884 0.19056 0.00000 0.00000 -1.00000 -0.92842 0.32051 0.18790 -0.00000 0.00000 -1.00000 -0.76808 -0.61800 0.16773 0.00000 0.00000 -1.00000 0.93929 0.03788 0.34103 0.00000 0.00000 -1.00000 0.60073 0.72769 0.33105 0.00000 0.00000 -1.00000 -0.01997 0.94448 0.32796 0.00000 0.00000 -1.00000 -0.47718 0.81564 0.32715 0.00000 0.00000 -1.00000 -0.91475 0.19313 0.35487 -0.00000 0.00000 -1.00000 -0.68129 -0.65866 0.31939 0.00000 0.00000 -1.00000 -0.50310 -0.80474 0.31510 0.00000 0.00000 -1.00000 0.31160 -0.89460 0.32030 0.00000 -0.00000 -1.00000 0.76860 -0.55030 0.32623 0.00000 0.00000 -1.00000 -0.97028 0.05790 0.23495 -0.00000 0.00000 -1.00000 -0.93392 -0.27050 0.23374 0.00000 0.00000 -1.00000 -0.32764 -0.91455 0.23718 0.00000 -0.00000 -1.00000 0.44810 -0.86353 0.23134 0.00000 0.00000 -1.00000 0.78697 -0.57174 0.23193 0.00000 0.00000 -1.00000 0.96945 -0.05043 0.24004 0.00000 0.00000 -1.00000 0.57300 0.77658 0.26189 0.00000 0.00000 -1.00000 -0.04865 0.97064 0.23555 0.00000 0.00000 -1.00000 -0.51989 0.81509 0.25562 0.00000 0.00000 -1.00000 -0.90581 0.33396 0.26071 0.00000 0.00000 -1.00000 -0.90333 -0.34230 0.25851 -0.00000 0.00000 -1.00000 -0.52727 -0.81071 0.25442 0.00000 0.00000 -1.00000 0.14492 -0.95039 0.27523 0.00000 -0.00000 -1.00000 0.80680 -0.52276 0.27532 0.00000 0.00000 -1.00000 0.96255 -0.04794 0.26682 0.00000 0.00000 -1.00000 0.60825 0.74867 0.26367 0.00000 0.00000 -1.00000 0.23490 0.93500 0.26570 0.00000 0.00000 -1.00000 -0.55150 0.79235 0.26082 0.00000 0.00000 -1.00000 0.91070 0.27483 0.30838 0.00000 0.00000 -1.00000 0.39012 0.87004 0.30137 0.00000 0.00000 -1.00000 -0.14836 0.94227 0.30021 0.00000 0.00000 -1.00000 -0.71422 0.63011 0.30470 0.00000 0.00000 -1.00000 -0.95050 0.01611 0.31032 -0.00000 0.00000 -1.00000 -0.74263 -0.59496 0.30744 0.00000 0.00000 -1.00000 -0.06471 -0.95171 0.30011 0.00000 -0.00000 -1.00000 0.46993 -0.83254 0.29333 0.00000 0.00000 -1.00000 0.86759 -0.39698 0.29948 0.00000 0.00000 -1.00000 -0.64008 0.69555 0.32635 0.00000 0.00000 -1.00000 -0.94265 -0.06449 0.32751 -0.00000 0.00000 -1.00000 -0.62057 -0.71758 0.31618 0.00000 0.00000 -1.00000 -0.28790 -0.90448 0.31469 0.00000 -0.00000 -1.00000 0.52106 -0.78322 0.33921 0.00000 0.00000 -1.00000 0.92949 -0.18245 0.32056 0.00000 0.00000 -1.00000 0.90548 0.28382 0.31552 0.00000 0.00000 -1.00000 0.51700 0.79324 0.32168 0.00000 0.00000 -1.00000 -0.18406 0.93003 0.31808 0.00000 0.00000 -1.00000 -0.09724 -0.96224 0.25425 0.00000 -0.00000 -1.00000 0.64418 -0.71465 0.27260 0.00000 0.00000 -1.00000 0.95774 -0.08894 0.27355 0.00000 0.00000 -1.00000 0.81308 0.51591 0.26970 0.00000 0.00000 -1.00000 0.28226 0.92153 0.26669 0.00000 0.00000 -1.00000 -0.46640 0.84340 0.26674 0.00000 0.00000 -1.00000 -0.83875 0.47410 0.26782 0.00000 0.00000 -1.00000 -0.94407 -0.18619 0.27214 -0.00000 0.00000 -1.00000 -0.35862 -0.89779 0.25568 0.00000 0.00000 -1.00000 -0.06240 0.80939 0.58395 0.00000 0.00000 -1.00000 -0.56667 0.60469 0.55968 0.00000 0.00000 -1.00000 -0.81449 0.11827 0.56800 -0.00000 0.00000 -1.00000 -0.73562 -0.36310 0.57185 0.00000 0.00000 -1.00000 -0.19696 -0.79349 0.57583 0.00000 -0.00000 -1.00000 0.25381 -0.77939 0.57283 0.00000 0.00000 -1.00000 0.71182 -0.38536 0.58720 0.00000 0.00000 -1.00000 0.78500 0.18151 0.59230 0.00000 0.00000 -1.00000 0.49087 0.63656 0.59484 0.00000 0.00000 -1.00000 -0.97483 -0.15311 0.16205 -0.00000 0.00000 -1.00000 -0.75396 -0.64214 0.13855 0.00000 0.00000 -1.00000 -0.10562 -0.98545 0.13316 0.00000 -0.00000 -1.00000 0.13625 -0.98099 0.13816 0.00000 0.00000 -1.00000 0.82606 -0.54254 0.15259 0.00000 0.00000 -1.00000 0.81277 0.56243 0.15189 0.00000 0.00000 -1.00000 0.38816 0.90962 0.14803 0.00000 0.00000 -1.00000 -0.06730 0.98742 0.14311 0.00000 0.00000 -1.00000 -0.63037 0.76199 0.14832 0.00000 0.00000 -1.00000 0.13221 -0.83937 0.52724 0.00000 -0.00000 -1.00000 0.62826 -0.57374 0.52546 0.00000 0.00000 -1.00000 0.85553 -0.06096 0.51416 0.00000 0.00000 -1.00000 0.73602 0.41490 0.53491 0.00000 0.00000 -1.00000 0.16058 0.83507 0.52619 0.00000 0.00000 -1.00000 -0.32137 0.79004 0.52207 0.00000 0.00000 -1.00000 -0.76361 0.38592 0.51766 0.00000 0.00000 -1.00000 -0.83189 -0.13825 0.53744 -0.00000 0.00000 -1.00000 -0.47290 -0.69032 0.54756 0.00000 0.00000 -1.00000 -0.86795 -0.42401 0.25861 0.00000 0.00000 -1.00000 -0.28106 -0.92190 0.26665 0.00000 -0.00000 -1.00000 0.32639 -0.90682 0.26674 0.00000 0.00000 -1.00000 0.85398 -0.43979 0.27804 0.00000 0.00000 -1.00000 0.96166 0.02663 0.27296 0.00000 0.00000 -1.00000 0.57162 0.76618 0.29362 0.00000 0.00000 -1.00000 -0.12122 0.95537 0.26940 0.00000 0.00000 -1.00000 -0.64049 0.71844 0.27133 0.00000 0.00000 -1.00000 -0.96013 0.13117 0.24685 -0.00000 0.00000 -1.00000 0.93440 -0.25203 0.25175 0.00000 0.00000 -1.00000 0.94253 0.22078 0.25078 0.00000 0.00000 -1.00000 0.53222 0.80647 0.25758 0.00000 0.00000 -1.00000 -0.27451 0.92470 0.26377 0.00000 0.00000 -1.00000 -0.68104 0.68385 0.26179 0.00000 0.00000 -1.00000 -0.95259 -0.16783 0.25379 -0.00000 0.00000 -1.00000 -0.77339 -0.57979 0.25633 0.00000 0.00000 -1.00000 -0.14191 -0.95492 0.26073 0.00000 -0.00000 -1.00000 0.41586 -0.87202 0.25813 0.00000 0.00000 -1.00000 0.87172 0.21818 0.43875 0.00000 0.00000 -1.00000 0.52966 0.72259 0.44421 0.00000 0.00000 -1.00000 -0.10724 0.88741 0.44834 0.00000 0.00000 -1.00000 -0.60825 0.66527 0.43295 0.00000 0.00000 -1.00000 -0.88764 0.08212 0.45316 -0.00000 0.00000 -1.00000 -0.74217 -0.50109 0.44507 0.00000 0.00000 -1.00000 -0.21452 -0.86708 0.44962 0.00000 -0.00000 -1.00000 0.32366 -0.83453 0.44588 0.00000 0.00000 -1.00000 0.82891 -0.35269 0.43419 0.00000 0.00000 -1.00000 -0.78235 0.36567 0.50419 0.00000 0.00000 -1.00000 -0.83159 -0.27036 0.48515 -0.00000 0.00000 -1.00000 -0.52279 -0.69784 0.48960 0.00000 0.00000 -1.00000 0.10715 -0.85848 0.50153 0.00000 -0.00000 -1.00000 0.64956 -0.58647 0.48386 0.00000 0.00000 -1.00000 0.87834 0.03332 0.47688 0.00000 0.00000 -1.00000 0.76290 0.43145 0.48149 0.00000 0.00000 -1.00000 0.19526 0.85033 0.48869 0.00000 0.00000 -1.00000 -0.33258 0.80168 0.49669 0.00000 0.00000 -1.00000 -0.79944 -0.52110 0.29890 0.00000 0.00000 -1.00000 -0.23353 -0.93131 0.27953 0.00000 -0.00000 -1.00000 0.29561 -0.90971 0.29161 0.00000 0.00000 -1.00000 0.82014 -0.48362 0.30574 0.00000 0.00000 -1.00000 0.87547 0.39107 0.28395 0.00000 0.00000 -1.00000 0.61899 0.73134 0.28636 0.00000 0.00000 -1.00000 0.00030 0.95860 0.28475 0.00000 0.00000 -1.00000 -0.78731 0.55057 0.27751 0.00000 0.00000 -1.00000 -0.94299 0.18639 0.27572 -0.00000 0.00000 -1.00000 0.78509 -0.55945 0.26579 0.00000 0.00000 -1.00000 0.94907 -0.16983 0.26538 0.00000 0.00000 -1.00000 0.70151 0.66029 0.26814 0.00000 0.00000 -1.00000 0.32201 0.90645 0.27324 0.00000 0.00000 -1.00000 -0.54063 0.79812 0.26594 0.00000 0.00000 -1.00000 -0.88595 0.38371 0.26048 0.00000 0.00000 -1.00000 -0.92314 -0.27630 0.26735 -0.00000 0.00000 -1.00000 -0.48331 -0.83156 0.27371 0.00000 0.00000 -1.00000 0.16478 -0.94953 0.26691 0.00000 -0.00000 -1.00000 -0.22531 0.88035 0.41741 0.00000 0.00000 -1.00000 -0.69852 0.57970 0.41955 0.00000 0.00000 -1.00000 -0.90771 -0.01210 0.41942 -0.00000 0.00000 -1.00000 -0.64784 -0.63945 0.41401 0.00000 0.00000 -1.00000 -0.12272 -0.90557 0.40606 0.00000 -0.00000 -1.00000 0.44537 -0.80016 0.40173 0.00000 0.00000 -1.00000 0.86534 -0.30238 0.39970 0.00000 0.00000 -1.00000 0.84592 0.35409 0.39880 0.00000 0.00000 -1.00000 0.58052 0.70362 0.40977 0.00000 0.00000 -1.00000 0.37539 -0.84850 0.37299 0.00000 0.00000 -1.00000 0.88382 -0.26951 0.38241 0.00000 0.00000 -1.00000 0.89043 0.27568 0.36213 0.00000 0.00000 -1.00000 0.42432 0.82659 0.36973 0.00000 0.00000 -1.00000 -0.01305 0.92918 0.36940 0.00000 0.00000 -1.00000 -0.76174 0.53949 0.35875 0.00000 0.00000 -1.00000 -0.93181 0.06652 0.35680 -0.00000 0.00000 -1.00000 -0.79286 -0.47411 0.38287 0.00000 0.00000 -1.00000 -0.07148 -0.92622 0.37015 0.00000 -0.00000 -1.00000 -0.43504 0.84018 0.32379 0.00000 0.00000 -1.00000 -0.79144 0.51833 0.32396 0.00000 0.00000 -1.00000 -0.89327 -0.29493 0.33924 -0.00000 0.00000 -1.00000 -0.47514 -0.81942 0.32062 0.00000 0.00000 -1.00000 0.03344 -0.94846 0.31513 0.00000 -0.00000 -1.00000 0.62724 -0.70504 0.33089 0.00000 0.00000 -1.00000 0.92086 -0.20076 0.33425 0.00000 0.00000 -1.00000 0.70534 0.62467 0.33507 0.00000 0.00000 -1.00000 0.38637 0.86137 0.32980 0.00000 0.00000 -1.00000 -0.73533 0.63129 0.24649 0.00000 0.00000 -1.00000 -0.96532 0.06306 0.25334 -0.00000 0.00000 -1.00000 -0.70035 -0.66026 0.27124 0.00000 0.00000 -1.00000 -0.00280 -0.96729 0.25365 0.00000 -0.00000 -1.00000 0.36601 -0.89408 0.25816 0.00000 0.00000 -1.00000 0.96840 -0.05990 0.24211 0.00000 0.00000 -1.00000 0.93740 0.24971 0.24273 0.00000 0.00000 -1.00000 0.50976 0.81745 0.26818 0.00000 0.00000 -1.00000 -0.24944 0.93211 0.26257 0.00000 0.00000 -1.00000 0.80612 0.52468 0.27365 0.00000 0.00000 -1.00000 0.56026 0.78147 0.27461 0.00000 0.00000 -1.00000 -0.44857 0.84615 0.28777 0.00000 0.00000 -1.00000 -0.72885 0.62253 0.28501 0.00000 0.00000 -1.00000 -0.89426 -0.33458 0.29724 -0.00000 0.00000 -1.00000 -0.68812 -0.66948 0.27979 0.00000 0.00000 -1.00000 -0.01381 -0.95346 0.30120 0.00000 -0.00000 -1.00000 0.55392 -0.78563 0.27561 0.00000 0.00000 -1.00000 0.93228 -0.21148 0.29349 0.00000 0.00000 -1.00000 -0.96374 0.00120 0.26685 -0.00000 0.00000 -1.00000 -0.76298 -0.58704 0.27064 0.00000 0.00000 -1.00000 -0.05950 -0.96341 0.26136 0.00000 -0.00000 -1.00000 0.40176 -0.87806 0.25999 0.00000 0.00000 -1.00000 0.79530 -0.54533 0.26479 0.00000 0.00000 -1.00000 0.89034 0.37498 0.25824 0.00000 0.00000 -1.00000 0.54949 0.79396 0.26017 0.00000 0.00000 -1.00000 -0.06040 0.96326 0.26169 0.00000 0.00000 -1.00000 -0.74964 0.60332 0.27210 0.00000 0.00000 -1.00000 -0.29272 -0.89796 0.32861 0.00000 0.00000 -1.00000 0.23380 -0.91724 0.32251 0.00000 -0.00000 -1.00000 0.59169 -0.73074 0.34048 0.00000 0.00000 -1.00000 0.91168 0.23510 0.33699 0.00000 0.00000 -1.00000 0.73592 0.58623 0.33876 0.00000 0.00000 -1.00000 0.03287 0.93783 0.34554 0.00000 0.00000 -1.00000 -0.44168 0.83128 0.33748 0.00000 0.00000 -1.00000 -0.89639 0.29587 0.33006 -0.00000 0.00000 -1.00000 -0.89702 -0.29204 0.33175 0.00000 0.00000 -1.00000 0.57959 0.71410 0.39261 0.00000 0.00000 -1.00000 -0.18395 0.90255 0.38931 0.00000 0.00000 -1.00000 -0.72079 0.57063 0.39350 0.00000 0.00000 -1.00000 -0.90842 0.17584 0.37927 -0.00000 0.00000 -1.00000 -0.66864 -0.64228 0.37470 0.00000 0.00000 -1.00000 -0.38710 -0.84125 0.37742 0.00000 -0.00000 -1.00000 0.54904 -0.73340 0.40085 0.00000 0.00000 -1.00000 0.83419 -0.37067 0.40833 0.00000 0.00000 -1.00000 0.85621 0.31238 0.41148 0.00000 0.00000 -1.00000 -0.94352 -0.23262 0.23590 -0.00000 0.00000 -1.00000 -0.69253 -0.67924 0.24297 0.00000 0.00000 -1.00000 0.01091 -0.96760 0.25227 0.00000 -0.00000 -1.00000 0.63534 -0.72717 0.25995 0.00000 0.00000 -1.00000 0.96988 -0.00228 0.24355 0.00000 0.00000 -1.00000 0.84883 0.46693 0.24790 0.00000 0.00000 -1.00000 0.29324 0.92173 0.25383 0.00000 0.00000 -1.00000 -0.45830 0.85290 0.25006 0.00000 0.00000 -1.00000 -0.87567 0.42465 0.22994 0.00000 0.00000 -1.00000 -0.71510 -0.68281 0.14964 0.00000 0.00000 -1.00000 0.21943 -0.96223 0.16112 0.00000 -0.00000 -1.00000 0.78436 -0.60367 0.14270 0.00000 0.00000 -1.00000 0.98646 -0.07116 0.14779 0.00000 0.00000 -1.00000 0.76912 0.62360 0.13995 0.00000 0.00000 -1.00000 0.22680 0.96288 0.14638 0.00000 0.00000 -1.00000 -0.18567 0.97174 0.14580 0.00000 0.00000 -1.00000 -0.92941 0.33905 0.14576 -0.00000 0.00000 -1.00000 -0.92044 -0.36091 0.15012 0.00000 0.00000 -1.00000 -0.32977 0.83065 0.44863 0.00000 0.00000 -1.00000 -0.78538 0.42878 0.44646 0.00000 0.00000 -1.00000 -0.89202 -0.10996 0.43842 -0.00000 0.00000 -1.00000 -0.58255 -0.68284 0.44086 0.00000 0.00000 -1.00000 -0.10057 -0.89365 0.43735 0.00000 -0.00000 -1.00000 0.58616 -0.67390 0.44975 0.00000 0.00000 -1.00000 0.88361 -0.18628 0.42958 0.00000 0.00000 -1.00000 0.78473 0.44896 0.42736 0.00000 0.00000 -1.00000 0.35961 0.82540 0.43519 0.00000 0.00000 -1.00000 -0.41331 -0.80337 0.42869 0.00000 0.00000 -1.00000 0.33658 -0.83590 0.43358 0.00000 -0.00000 -1.00000 0.63826 -0.63755 0.43146 0.00000 0.00000 -1.00000 0.86567 0.26426 0.42519 0.00000 0.00000 -1.00000 0.61869 0.67129 0.40816 0.00000 0.00000 -1.00000 0.08791 0.90901 0.40739 0.00000 0.00000 -1.00000 -0.36161 0.83294 0.41887 0.00000 0.00000 -1.00000 -0.87969 0.14323 0.45347 -0.00000 0.00000 -1.00000 -0.82131 -0.35810 0.44408 0.00000 0.00000 -1.00000 0.94489 0.17738 0.27518 0.00000 0.00000 -1.00000 0.56663 0.78096 0.26276 0.00000 0.00000 -1.00000 -0.18853 0.94803 0.25630 0.00000 0.00000 -1.00000 -0.56716 0.78561 0.24727 0.00000 0.00000 -1.00000 -0.93466 0.24695 0.25579 -0.00000 0.00000 -1.00000 -0.80156 -0.52900 0.27868 0.00000 0.00000 -1.00000 -0.24730 -0.92821 0.27798 0.00000 0.00000 -1.00000 0.35307 -0.89878 0.25989 0.00000 -0.00000 -1.00000 0.84169 -0.46642 0.27204 0.00000 0.00000 -1.00000 0.60386 0.72609 0.32885 0.00000 0.00000 -1.00000 -0.10082 0.93692 0.33470 0.00000 0.00000 -1.00000 -0.66580 0.67063 0.32707 0.00000 0.00000 -1.00000 -0.94160 0.05786 0.33174 -0.00000 0.00000 -1.00000 -0.83200 -0.44063 0.33708 0.00000 0.00000 -1.00000 -0.15971 -0.92849 0.33525 0.00000 -0.00000 -1.00000 0.36905 -0.87049 0.32566 0.00000 0.00000 -1.00000 0.88133 -0.33144 0.33675 0.00000 0.00000 -1.00000 0.90636 0.27056 0.32451 0.00000 0.00000 -1.00000 -0.92780 -0.19684 0.31691 -0.00000 0.00000 -1.00000 -0.46044 -0.82500 0.32766 0.00000 0.00000 -1.00000 -0.00165 -0.93964 0.34215 0.00000 -0.00000 -1.00000 0.78115 -0.52618 0.33607 0.00000 0.00000 -1.00000 0.93365 -0.12480 0.33573 0.00000 0.00000 -1.00000 0.78341 0.51551 0.34716 0.00000 0.00000 -1.00000 0.08741 0.93878 0.33325 0.00000 0.00000 -1.00000 -0.43279 0.83912 0.32951 0.00000 0.00000 -1.00000 -0.89876 0.28530 0.33293 0.00000 0.00000 -1.00000 -0.76896 0.57087 0.28777 0.00000 0.00000 -1.00000 -0.95849 0.09131 0.27012 -0.00000 0.00000 -1.00000 -0.85255 -0.45123 0.26372 0.00000 0.00000 -1.00000 -0.50651 -0.82038 0.26537 0.00000 0.00000 -1.00000 0.43839 -0.86216 0.25394 0.00000 -0.00000 -1.00000 0.78155 -0.56682 0.26055 0.00000 0.00000 -1.00000 0.89562 0.34099 0.28564 0.00000 0.00000 -1.00000 0.69289 0.66614 0.27597 0.00000 0.00000 -1.00000 0.04362 0.95406 0.29641 0.00000 0.00000 -1.00000 -0.72896 -0.57750 0.36757 0.00000 0.00000 -1.00000 0.00354 -0.94286 0.33318 0.00000 -0.00000 -1.00000 0.47149 -0.80740 0.35469 0.00000 0.00000 -1.00000 0.86689 -0.32686 0.37639 0.00000 0.00000 -1.00000 0.83360 0.40361 0.37711 0.00000 0.00000 -1.00000 0.44333 0.81271 0.37810 0.00000 0.00000 -1.00000 -0.39091 0.84240 0.37089 0.00000 0.00000 -1.00000 -0.65866 0.65595 0.36865 0.00000 0.00000 -1.00000 -0.92530 -0.02266 0.37855 -0.00000 0.00000 -1.00000 0.08205 -0.92243 0.37734 0.00000 -0.00000 -1.00000 0.53622 -0.75998 0.36729 0.00000 0.00000 -1.00000 0.90341 -0.19479 0.38198 0.00000 0.00000 -1.00000 0.78548 0.49008 0.37794 0.00000 0.00000 -1.00000 0.41241 0.82679 0.38254 0.00000 0.00000 -1.00000 -0.31259 0.86189 0.39929 0.00000 0.00000 -1.00000 -0.81466 0.43538 0.38311 0.00000 0.00000 -1.00000 -0.91896 -0.14048 0.36849 -0.00000 0.00000 -1.00000 -0.68893 -0.61827 0.37830 0.00000 0.00000 -1.00000 -0.32759 -0.88473 0.33156 0.00000 -0.00000 -1.00000 0.42398 -0.83769 0.34426 0.00000 0.00000 -1.00000 0.79080 -0.49803 0.35582 0.00000 0.00000 -1.00000 0.90785 0.25978 0.32913 0.00000 0.00000 -1.00000 0.59974 0.71808 0.35308 0.00000 0.00000 -1.00000 -0.24206 0.90757 0.34310 0.00000 0.00000 -1.00000 -0.73291 0.60495 0.31125 0.00000 0.00000 -1.00000 -0.84056 0.43748 0.31948 -0.00000 0.00000 -1.00000 -0.80285 -0.48629 0.34490 0.00000 0.00000 -1.00000 0.33761 -0.80606 0.48609 0.00000 0.00000 -1.00000 0.73137 -0.46478 0.49907 0.00000 0.00000 -1.00000 0.82923 0.22110 0.51331 0.00000 0.00000 -1.00000 0.50690 0.70591 0.49471 0.00000 0.00000 -1.00000 -0.00807 0.86755 0.49729 0.00000 0.00000 -1.00000 -0.53055 0.67754 0.50937 0.00000 0.00000 -1.00000 -0.85530 0.09210 0.50988 -0.00000 0.00000 -1.00000 -0.71170 -0.49301 0.50043 0.00000 0.00000 -1.00000 -0.24895 -0.83200 0.49578 0.00000 -0.00000 -1.00000 0.67441 0.65961 0.33180 0.00000 0.00000 -1.00000 0.02534 0.93597 0.35116 0.00000 0.00000 -1.00000 -0.64965 0.67556 0.34868 0.00000 0.00000 -1.00000 -0.94353 0.04390 0.32836 -0.00000 0.00000 -1.00000 -0.74015 -0.59940 0.30479 0.00000 0.00000 -1.00000 -0.39449 -0.86680 0.30501 0.00000 -0.00000 -1.00000 0.43468 -0.84247 0.31826 0.00000 0.00000 -1.00000 0.78859 -0.53347 0.30582 0.00000 0.00000 -1.00000 0.94495 -0.01507 0.32688 0.00000 0.00000 -1.00000 0.91936 0.09499 0.38177 0.00000 0.00000 -1.00000 0.72197 0.58004 0.37724 0.00000 0.00000 -1.00000 0.04658 0.92830 0.36890 0.00000 0.00000 -1.00000 -0.53105 0.75986 0.37496 0.00000 0.00000 -1.00000 -0.88932 0.25901 0.37686 -0.00000 0.00000 -1.00000 -0.84030 -0.37747 0.38912 0.00000 0.00000 -1.00000 -0.40028 -0.83224 0.38361 0.00000 0.00000 -1.00000 0.20403 -0.89757 0.39082 0.00000 -0.00000 -1.00000 0.70979 -0.59352 0.37938 0.00000 0.00000 -1.00000 0.90309 0.08612 0.42072 0.00000 0.00000 -1.00000 0.70161 0.57644 0.41887 0.00000 0.00000 -1.00000 0.05032 0.89123 0.45075 0.00000 0.00000 -1.00000 -0.59360 0.67869 0.43245 0.00000 0.00000 -1.00000 -0.81634 0.37548 0.43886 -0.00000 0.00000 -1.00000 -0.76200 -0.46665 0.44899 0.00000 0.00000 -1.00000 -0.45190 -0.77074 0.44916 0.00000 0.00000 -1.00000 0.16464 -0.87618 0.45300 0.00000 -0.00000 -1.00000 0.74598 -0.49180 0.44904 0.00000 0.00000 -1.00000 0.13001 -0.89095 0.43509 0.00000 -0.00000 -1.00000 0.71028 -0.55007 0.43924 0.00000 0.00000 -1.00000 0.89962 0.04211 0.43463 0.00000 0.00000 -1.00000 0.63770 0.63849 0.43089 0.00000 0.00000 -1.00000 0.20317 0.88326 0.42259 0.00000 0.00000 -1.00000 -0.43086 0.79560 0.42588 0.00000 0.00000 -1.00000 -0.86750 0.24620 0.43224 -0.00000 0.00000 -1.00000 -0.86052 -0.27356 0.42973 0.00000 0.00000 -1.00000 -0.46704 -0.77201 0.43113 0.00000 0.00000 -1.00000 0.46230 0.75145 0.47075 0.00000 0.00000 -1.00000 -0.09348 0.89106 0.44415 0.00000 0.00000 -1.00000 -0.55675 0.69205 0.45945 0.00000 0.00000 -1.00000 -0.84530 0.24547 0.47456 -0.00000 0.00000 -1.00000 -0.71738 -0.51109 0.47345 0.00000 0.00000 -1.00000 -0.18701 -0.86225 0.47069 0.00000 -0.00000 -1.00000 0.44821 -0.77175 0.45113 0.00000 0.00000 -1.00000 0.78871 -0.41580 0.45282 0.00000 0.00000 -1.00000 0.85746 0.18703 0.47936 0.00000 0.00000 -1.00000 -0.66621 0.68862 0.28632 0.00000 0.00000 -1.00000 -0.95883 0.08436 0.27116 0.00000 0.00000 -1.00000 -0.92901 -0.26268 0.26064 -0.00000 0.00000 -1.00000 -0.52670 -0.79434 0.30267 0.00000 0.00000 -1.00000 0.40352 -0.87478 0.26821 0.00000 -0.00000 -1.00000 0.69206 -0.66918 0.27065 0.00000 0.00000 -1.00000 0.92371 0.26448 0.27713 0.00000 0.00000 -1.00000 0.82652 0.48421 0.28706 0.00000 0.00000 -1.00000 -0.03394 0.95472 0.29557 0.00000 0.00000 -1.00000 0.68813 0.71290 0.13505 0.00000 0.00000 -1.00000 0.55526 0.82115 0.13188 0.00000 0.00000 -1.00000 -0.30415 0.94192 0.14242 0.00000 0.00000 -1.00000 -0.65311 0.74025 0.15959 0.00000 0.00000 -1.00000 -0.98238 -0.08346 0.16725 -0.00000 0.00000 -1.00000 -0.38044 -0.91414 0.14008 0.00000 0.00000 -1.00000 -0.08570 -0.98702 0.13582 0.00000 -0.00000 -1.00000 0.30540 -0.94174 0.14094 0.00000 0.00000 -1.00000 0.96551 -0.19525 0.17222 0.00000 0.00000 -1.00000 -0.80008 -0.51581 0.30628 0.00000 0.00000 -1.00000 -0.34763 -0.88917 0.29755 0.00000 -0.00000 -1.00000 0.59026 -0.75433 0.28736 0.00000 0.00000 -1.00000 0.68721 -0.66677 0.28837 0.00000 0.00000 -1.00000 0.90894 0.28575 0.30361 0.00000 0.00000 -1.00000 0.62946 0.71209 0.31098 0.00000 0.00000 -1.00000 -0.19642 0.92666 0.32050 0.00000 0.00000 -1.00000 -0.80788 0.50847 0.29798 0.00000 0.00000 -1.00000 -0.95455 0.07851 0.28752 -0.00000 0.00000 -1.00000 0.18196 0.93324 0.30977 0.00000 0.00000 -1.00000 -0.67695 0.66142 0.32289 0.00000 0.00000 -1.00000 -0.91500 0.25672 0.31124 -0.00000 0.00000 -1.00000 -0.83569 -0.46048 0.29931 0.00000 0.00000 -1.00000 -0.32605 -0.89883 0.29291 0.00000 -0.00000 -1.00000 0.15610 -0.93776 0.31023 0.00000 0.00000 -1.00000 0.83663 -0.44487 0.31960 0.00000 0.00000 -1.00000 0.92418 0.22311 0.31002 0.00000 0.00000 -1.00000 0.58950 0.74808 0.30475 0.00000 0.00000 -1.00000 -0.71659 0.63799 0.28192 0.00000 0.00000 -1.00000 -0.95459 -0.12423 0.27078 -0.00000 0.00000 -1.00000 -0.61693 -0.74117 0.26470 0.00000 0.00000 -1.00000 -0.13061 -0.95684 0.25963 0.00000 -0.00000 -1.00000 0.45571 -0.84564 0.27788 0.00000 0.00000 -1.00000 0.91784 -0.27539 0.28588 0.00000 0.00000 -1.00000 0.86074 0.43217 0.26899 0.00000 0.00000 -1.00000 0.39414 0.87861 0.26963 0.00000 0.00000 -1.00000 -0.14794 0.95347 0.26270 0.00000 0.00000 -1.00000 0.71723 -0.65882 0.22702 0.00000 0.00000 -1.00000 0.84825 -0.47733 0.22942 0.00000 0.00000 -1.00000 0.79896 0.55549 0.23040 0.00000 0.00000 -1.00000 0.39561 0.88951 0.22862 0.00000 0.00000 -1.00000 -0.10781 0.96178 0.25170 0.00000 0.00000 -1.00000 -0.87654 0.40844 0.25465 0.00000 0.00000 -1.00000 -0.96197 -0.11781 0.24644 -0.00000 0.00000 -1.00000 -0.69912 -0.67202 0.24417 0.00000 0.00000 -1.00000 -0.03790 -0.96393 0.26346 0.00000 -0.00000 -1.00000 -0.88879 0.36172 0.28146 0.00000 0.00000 -1.00000 -0.95780 -0.06407 0.28021 -0.00000 0.00000 -1.00000 -0.58941 -0.75181 0.29561 0.00000 0.00000 -1.00000 0.01931 -0.95247 0.30401 0.00000 -0.00000 -1.00000 0.62233 -0.72630 0.29188 0.00000 0.00000 -1.00000 0.95741 0.09609 0.27226 0.00000 0.00000 -1.00000 0.81107 0.52110 0.26575 0.00000 0.00000 -1.00000 0.46028 0.84521 0.27159 0.00000 0.00000 -1.00000 -0.36812 0.88355 0.28953 0.00000 0.00000 -1.00000 -0.04714 0.91215 0.40714 0.00000 0.00000 -1.00000 -0.63766 0.64872 0.41539 0.00000 0.00000 -1.00000 -0.91036 -0.02231 0.41322 -0.00000 0.00000 -1.00000 -0.77367 -0.47144 0.42329 0.00000 0.00000 -1.00000 -0.12991 -0.89751 0.42142 0.00000 -0.00000 -1.00000 0.42412 -0.81166 0.40165 0.00000 0.00000 -1.00000 0.83332 -0.36322 0.41671 0.00000 0.00000 -1.00000 0.85857 0.28067 0.42904 0.00000 0.00000 -1.00000 0.39808 0.82217 0.40690 0.00000 0.00000 -1.00000 -0.70181 0.66667 0.25102 0.00000 0.00000 -1.00000 -0.95319 0.18842 0.23649 -0.00000 0.00000 -1.00000 -0.77005 -0.59500 0.23019 0.00000 0.00000 -1.00000 -0.29934 -0.92557 0.23177 0.00000 0.00000 -1.00000 0.26536 -0.93572 0.23242 0.00000 -0.00000 -1.00000 0.89631 -0.37508 0.23651 0.00000 0.00000 -1.00000 0.95345 0.19727 0.22809 0.00000 0.00000 -1.00000 0.68114 0.69123 0.24133 0.00000 0.00000 -1.00000 0.07733 0.96656 0.24452 0.00000 0.00000 -1.00000 -0.64558 0.68379 0.34008 0.00000 0.00000 -1.00000 -0.88786 0.30693 0.34279 -0.00000 0.00000 -1.00000 -0.79099 -0.50084 0.35142 0.00000 0.00000 -1.00000 -0.23041 -0.90643 0.35396 0.00000 -0.00000 -1.00000 0.44923 -0.82587 0.34079 0.00000 0.00000 -1.00000 0.85652 -0.39354 0.33391 0.00000 0.00000 -1.00000 0.93307 0.11155 0.34196 0.00000 0.00000 -1.00000 0.56849 0.74824 0.34199 0.00000 0.00000 -1.00000 0.05209 0.93588 0.34844 0.00000 0.00000 -1.00000 -0.72731 0.60145 0.33058 0.00000 0.00000 -1.00000 -0.91129 -0.22724 0.34340 -0.00000 0.00000 -1.00000 -0.53691 -0.77214 0.33991 0.00000 0.00000 -1.00000 0.11768 -0.93454 0.33584 0.00000 -0.00000 -1.00000 0.36158 -0.86981 0.33571 0.00000 0.00000 -1.00000 0.90857 -0.15750 0.38690 0.00000 0.00000 -1.00000 0.65033 0.68117 0.33628 0.00000 0.00000 -1.00000 0.32263 0.88947 0.32365 0.00000 0.00000 -1.00000 -0.38015 0.86543 0.32635 0.00000 0.00000 -1.00000 -0.62978 0.66923 0.39434 0.00000 0.00000 -1.00000 -0.85506 0.34422 0.38780 -0.00000 0.00000 -1.00000 -0.80634 -0.41703 0.41942 0.00000 0.00000 -1.00000 -0.24287 -0.88787 0.39076 0.00000 -0.00000 -1.00000 0.14590 -0.90535 0.39881 0.00000 0.00000 -1.00000 0.76860 -0.50024 0.39877 0.00000 0.00000 -1.00000 0.91073 0.14966 0.38494 0.00000 0.00000 -1.00000 0.61847 0.69245 0.37149 0.00000 0.00000 -1.00000 0.13772 0.91240 0.38543 0.00000 0.00000 -1.00000 0.95138 -0.20648 0.22857 0.00000 0.00000 -1.00000 0.72150 0.64740 0.24557 0.00000 0.00000 -1.00000 0.19393 0.95296 0.23292 0.00000 0.00000 -1.00000 -0.38576 0.89340 0.23027 0.00000 0.00000 -1.00000 -0.88726 0.39673 0.23532 -0.00000 0.00000 -1.00000 -0.81933 -0.52759 0.22439 0.00000 0.00000 -1.00000 -0.51555 -0.82798 0.22058 0.00000 0.00000 -1.00000 0.03599 -0.97638 0.21306 0.00000 -0.00000 -1.00000 0.76369 -0.60841 0.21590 0.00000 0.00000 -1.00000 0.58041 -0.70053 0.41519 0.00000 0.00000 -1.00000 0.87258 -0.26809 0.40834 0.00000 0.00000 -1.00000 0.77277 0.48479 0.40964 0.00000 0.00000 -1.00000 0.35761 0.83984 0.40840 0.00000 0.00000 -1.00000 -0.22356 0.88603 0.40617 0.00000 0.00000 -1.00000 -0.77280 0.48446 0.40997 0.00000 0.00000 -1.00000 -0.90352 -0.13825 0.40563 -0.00000 0.00000 -1.00000 -0.61435 -0.68332 0.39452 0.00000 0.00000 -1.00000 -0.03101 -0.91264 0.40759 0.00000 -0.00000 -1.00000 -0.73407 0.63594 0.23818 0.00000 0.00000 -1.00000 -0.85678 -0.45078 0.25045 -0.00000 0.00000 -1.00000 -0.61965 -0.74606 0.24379 0.00000 0.00000 -1.00000 0.57203 -0.78887 0.22463 0.00000 -0.00000 -1.00000 0.72539 -0.65509 0.21134 0.00000 0.00000 -1.00000 0.93542 -0.26751 0.23114 0.00000 0.00000 -1.00000 0.60515 0.75770 0.24431 0.00000 0.00000 -1.00000 0.12371 0.96634 0.22556 0.00000 0.00000 -1.00000 -0.50637 0.83244 0.22503 0.00000 0.00000 -1.00000 -0.07664 0.95036 0.30156 0.00000 0.00000 -1.00000 -0.69843 0.64981 0.29991 0.00000 0.00000 -1.00000 -0.92278 0.24747 0.29537 -0.00000 0.00000 -1.00000 -0.84446 -0.44387 0.29978 0.00000 0.00000 -1.00000 -0.38298 -0.87102 0.30765 0.00000 0.00000 -1.00000 0.40346 -0.86491 0.29857 0.00000 -0.00000 -1.00000 0.80946 -0.50961 0.29167 0.00000 0.00000 -1.00000 0.94191 0.12318 0.31247 0.00000 0.00000 -1.00000 0.58047 0.75140 0.31377 0.00000 0.00000 -1.00000 0.93842 -0.22138 0.26524 0.00000 0.00000 -1.00000 0.77369 0.57775 0.26002 0.00000 0.00000 -1.00000 0.32216 0.91224 0.25306 0.00000 0.00000 -1.00000 -0.37722 0.88955 0.25770 0.00000 0.00000 -1.00000 -0.72690 0.63465 0.26238 0.00000 0.00000 -1.00000 -0.90687 -0.31180 0.28348 -0.00000 0.00000 -1.00000 -0.67796 -0.68286 0.27216 0.00000 0.00000 -1.00000 0.05600 -0.96259 0.26512 0.00000 -0.00000 -1.00000 0.59396 -0.75842 0.26836 0.00000 0.00000 -1.00000 -0.63645 0.72963 0.25013 0.00000 0.00000 -1.00000 -0.95138 -0.15004 0.26899 -0.00000 0.00000 -1.00000 -0.42499 -0.86684 0.26071 0.00000 0.00000 -1.00000 -0.24842 -0.93148 0.26576 0.00000 -0.00000 -1.00000 0.69232 -0.65972 0.29236 0.00000 0.00000 -1.00000 0.96287 -0.08139 0.25740 0.00000 0.00000 -1.00000 0.74402 0.62314 0.24110 0.00000 0.00000 -1.00000 0.38283 0.89240 0.23889 0.00000 0.00000 -1.00000 -0.37283 0.89688 0.23790 0.00000 0.00000 -1.00000 0.87772 -0.26628 0.39837 0.00000 0.00000 -1.00000 0.85819 0.32002 0.40136 0.00000 0.00000 -1.00000 0.46452 0.78311 0.41348 0.00000 0.00000 -1.00000 -0.07916 0.90587 0.41610 0.00000 0.00000 -1.00000 -0.66416 0.61720 0.42185 0.00000 0.00000 -1.00000 -0.90905 -0.09294 0.40619 -0.00000 0.00000 -1.00000 -0.74334 -0.53850 0.39682 0.00000 0.00000 -1.00000 -0.25425 -0.87786 0.40586 0.00000 -0.00000 -1.00000 0.43908 -0.79445 0.41959 0.00000 0.00000 -1.00000 -0.92315 0.23887 0.30121 0.00000 0.00000 -1.00000 -0.95339 0.00827 0.30164 -0.00000 0.00000 -1.00000 -0.39459 -0.86856 0.29984 0.00000 0.00000 -1.00000 0.07374 -0.95204 0.29696 0.00000 -0.00000 -1.00000 0.54728 -0.78157 0.29939 0.00000 0.00000 -1.00000 0.92476 -0.24153 0.29407 0.00000 0.00000 -1.00000 0.86327 0.40142 0.30598 0.00000 0.00000 -1.00000 0.46882 0.82360 0.31921 0.00000 0.00000 -1.00000 -0.40869 0.85937 0.30735 0.00000 0.00000 -1.00000 -0.75422 -0.50522 0.41941 0.00000 0.00000 -1.00000 -0.19832 -0.88489 0.42147 0.00000 -0.00000 -1.00000 0.32853 -0.84377 0.42441 0.00000 0.00000 -1.00000 0.80691 -0.41401 0.42131 0.00000 0.00000 -1.00000 0.89666 0.14233 0.41922 0.00000 0.00000 -1.00000 0.58877 0.68890 0.42281 0.00000 0.00000 -1.00000 -0.05099 0.90936 0.41288 0.00000 0.00000 -1.00000 -0.68695 0.59589 0.41594 0.00000 0.00000 -1.00000 -0.88101 0.21692 0.42044 -0.00000 0.00000 -1.00000 0.96197 0.04838 0.26885 0.00000 0.00000 -1.00000 0.79535 0.53956 0.27620 0.00000 0.00000 -1.00000 -0.07061 0.96569 0.24992 0.00000 0.00000 -1.00000 -0.48000 0.84123 0.24885 0.00000 0.00000 -1.00000 -0.84723 0.46352 0.25953 0.00000 0.00000 -1.00000 -0.93311 -0.24385 0.26429 -0.00000 0.00000 -1.00000 -0.29990 -0.92016 0.25172 0.00000 0.00000 -1.00000 0.09814 -0.96444 0.24539 0.00000 -0.00000 -1.00000 0.70157 -0.66355 0.25979 0.00000 0.00000 -1.00000 -0.30307 -0.91092 0.27996 0.00000 0.00000 -1.00000 0.37562 -0.88800 0.26524 0.00000 -0.00000 -1.00000 0.85442 -0.44345 0.27076 0.00000 0.00000 -1.00000 0.90024 0.35123 0.25732 0.00000 0.00000 -1.00000 0.74599 0.61564 0.25396 0.00000 0.00000 -1.00000 -0.07597 0.96578 0.24800 0.00000 0.00000 -1.00000 -0.54785 0.79415 0.26304 0.00000 0.00000 -1.00000 -0.95379 0.15193 0.25925 -0.00000 0.00000 -1.00000 -0.87429 -0.40829 0.26251 0.00000 0.00000 -1.00000 0.74979 0.61865 0.23470 0.00000 0.00000 -1.00000 0.02047 0.97977 0.19910 0.00000 0.00000 -1.00000 -0.15912 0.96684 0.19976 0.00000 0.00000 -1.00000 -0.95089 0.21923 0.21853 -0.00000 0.00000 -1.00000 -0.95474 -0.19717 0.22271 0.00000 0.00000 -1.00000 -0.52285 -0.82332 0.22085 0.00000 0.00000 -1.00000 -0.07022 -0.97362 0.21708 0.00000 -0.00000 -1.00000 0.75310 -0.62669 0.20028 0.00000 0.00000 -1.00000 0.94180 -0.26311 0.20925 0.00000 0.00000 -1.00000 0.83934 -0.39438 0.37411 0.00000 0.00000 -1.00000 0.92150 0.11032 0.37237 0.00000 0.00000 -1.00000 0.50404 0.77284 0.38557 0.00000 0.00000 -1.00000 -0.01094 0.92411 0.38197 0.00000 0.00000 -1.00000 -0.64334 0.66352 0.38191 0.00000 0.00000 -1.00000 -0.91192 0.14946 0.38218 -0.00000 0.00000 -1.00000 -0.79307 -0.47570 0.38045 0.00000 0.00000 -1.00000 -0.26883 -0.88403 0.38238 0.00000 -0.00000 -1.00000 0.38153 -0.83966 0.38654 0.00000 0.00000 -1.00000 -0.23627 0.94326 0.23331 0.00000 0.00000 -1.00000 -0.78168 0.58285 0.22195 0.00000 0.00000 -1.00000 -0.97628 -0.07017 0.20481 -0.00000 0.00000 -1.00000 -0.78813 -0.58071 0.20403 0.00000 0.00000 -1.00000 -0.12728 -0.96568 0.22639 0.00000 -0.00000 -1.00000 0.57312 -0.79224 0.20949 0.00000 0.00000 -1.00000 0.87167 -0.44076 0.21429 0.00000 0.00000 -1.00000 0.86695 0.44081 0.23256 0.00000 0.00000 -1.00000 0.47187 0.84938 0.23640 0.00000 0.00000 -1.00000 -0.62866 0.68599 0.36634 0.00000 0.00000 -1.00000 -0.91131 -0.18336 0.36864 -0.00000 0.00000 -1.00000 -0.74036 -0.56324 0.36692 0.00000 0.00000 -1.00000 -0.19695 -0.91400 0.35471 0.00000 -0.00000 -1.00000 0.37368 -0.85066 0.36979 0.00000 0.00000 -1.00000 0.84733 -0.36331 0.38735 0.00000 0.00000 -1.00000 0.82877 0.43187 0.35585 0.00000 0.00000 -1.00000 0.53072 0.77010 0.35396 0.00000 0.00000 -1.00000 -0.32655 0.87419 0.35938 0.00000 0.00000 -1.00000 0.88534 0.36525 0.28770 0.00000 0.00000 -1.00000 0.38812 0.88062 0.27179 0.00000 0.00000 -1.00000 -0.16072 0.94564 0.28271 0.00000 0.00000 -1.00000 -0.75762 0.59005 0.27902 0.00000 0.00000 -1.00000 -0.95969 -0.03228 0.27919 -0.00000 0.00000 -1.00000 -0.68157 -0.67502 0.28251 0.00000 0.00000 -1.00000 -0.11017 -0.95723 0.26752 0.00000 -0.00000 -1.00000 0.46206 -0.84609 0.26575 0.00000 0.00000 -1.00000 0.92419 -0.26514 0.27492 0.00000 0.00000 -1.00000 -0.02863 -0.95224 0.30399 0.00000 -0.00000 -1.00000 0.52996 -0.79337 0.29951 0.00000 0.00000 -1.00000 0.92985 -0.21987 0.29501 0.00000 0.00000 -1.00000 0.87058 0.39484 0.29358 0.00000 0.00000 -1.00000 0.53886 0.78407 0.30800 0.00000 0.00000 -1.00000 -0.29271 0.90443 0.31037 0.00000 0.00000 -1.00000 -0.75440 0.57291 0.32038 0.00000 0.00000 -1.00000 -0.94473 -0.08060 0.31779 -0.00000 0.00000 -1.00000 -0.68662 -0.65622 0.31294 0.00000 0.00000 -1.00000 -0.46618 0.80751 0.36138 0.00000 0.00000 -1.00000 -0.84919 0.38043 0.36626 0.00000 0.00000 -1.00000 -0.90697 -0.21848 0.36009 -0.00000 0.00000 -1.00000 -0.46480 -0.80833 0.36135 0.00000 0.00000 -1.00000 0.07535 -0.93304 0.35179 0.00000 -0.00000 -1.00000 0.68654 -0.62245 0.37579 0.00000 0.00000 -1.00000 0.92481 0.12768 0.35837 0.00000 0.00000 -1.00000 0.78558 0.50394 0.35903 0.00000 0.00000 -1.00000 0.19939 0.90050 0.38644 0.00000 0.00000 -1.00000 0.69217 0.67449 0.25684 0.00000 0.00000 -1.00000 0.08575 0.95974 0.26747 0.00000 0.00000 -1.00000 -0.64447 0.71631 0.26751 0.00000 0.00000 -1.00000 -0.91762 0.30088 0.25969 -0.00000 0.00000 -1.00000 -0.86317 -0.42648 0.27028 0.00000 0.00000 -1.00000 -0.38629 -0.87996 0.27650 0.00000 0.00000 -1.00000 0.36899 -0.89164 0.26234 0.00000 -0.00000 -1.00000 0.90848 -0.34308 0.23869 0.00000 0.00000 -1.00000 0.96820 0.07821 0.23764 0.00000 0.00000 -1.00000 -0.16133 -0.83291 0.52937 0.00000 -0.00000 -1.00000 0.31882 -0.78949 0.52446 0.00000 0.00000 -1.00000 0.73570 -0.39988 0.54667 0.00000 0.00000 -1.00000 0.80530 0.26974 0.52796 0.00000 0.00000 -1.00000 0.54842 0.65223 0.52328 0.00000 0.00000 -1.00000 0.00597 0.84506 0.53464 0.00000 0.00000 -1.00000 -0.62386 0.56670 0.53820 0.00000 0.00000 -1.00000 -0.84728 0.09697 0.52222 -0.00000 0.00000 -1.00000 -0.70124 -0.47441 0.53217 0.00000 0.00000 -1.00000 -0.03602 0.96511 0.25937 0.00000 0.00000 -1.00000 -0.68131 0.67795 0.27605 0.00000 0.00000 -1.00000 -0.96107 -0.12130 0.24824 -0.00000 0.00000 -1.00000 -0.89736 -0.36350 0.25021 0.00000 0.00000 -1.00000 -0.02342 -0.96948 0.24406 0.00000 -0.00000 -1.00000 0.50216 -0.83019 0.24211 0.00000 0.00000 -1.00000 0.79704 -0.55045 0.24846 0.00000 0.00000 -1.00000 0.93620 0.24948 0.24756 0.00000 0.00000 -1.00000 0.55960 0.78752 0.25819 0.00000 0.00000 -1.00000 0.79589 -0.26360 0.54505 0.00000 0.00000 -1.00000 0.82615 0.15586 0.54147 0.00000 0.00000 -1.00000 0.43910 0.72168 0.53514 0.00000 0.00000 -1.00000 0.03345 0.83805 0.54457 0.00000 0.00000 -1.00000 -0.59702 0.57554 0.55886 0.00000 0.00000 -1.00000 -0.81772 0.10214 0.56648 -0.00000 0.00000 -1.00000 -0.67424 -0.47247 0.56760 0.00000 0.00000 -1.00000 -0.22506 -0.79657 0.56110 0.00000 -0.00000 -1.00000 0.34805 -0.74760 0.56564 0.00000 0.00000 -1.00000 -0.60824 0.73250 0.30576 0.00000 0.00000 -1.00000 -0.95393 -0.03437 0.29804 -0.00000 0.00000 -1.00000 -0.82339 -0.49074 0.28496 0.00000 0.00000 -1.00000 -0.32445 -0.89684 0.30069 0.00000 -0.00000 -1.00000 0.35484 -0.88284 0.30770 0.00000 0.00000 -1.00000 0.83087 -0.46244 0.30952 0.00000 0.00000 -1.00000 0.92722 0.20069 0.31620 0.00000 0.00000 -1.00000 0.58759 0.74355 0.31917 0.00000 0.00000 -1.00000 -0.09249 0.94680 0.30826 0.00000 0.00000 -1.00000 0.66335 0.73586 0.13596 0.00000 0.00000 -1.00000 -0.05607 0.98632 0.15499 0.00000 0.00000 -1.00000 -0.77218 0.61681 0.15256 0.00000 0.00000 -1.00000 -0.97417 0.16757 0.15137 -0.00000 0.00000 -1.00000 -0.63204 -0.75973 0.15275 0.00000 0.00000 -1.00000 -0.24431 -0.95961 0.13950 0.00000 -0.00000 -1.00000 0.72457 -0.67563 0.13609 0.00000 0.00000 -1.00000 0.80555 -0.57658 0.13654 0.00000 0.00000 -1.00000 0.82788 0.54379 0.13748 0.00000 0.00000 -1.00000 -0.91512 0.05548 0.39935 -0.00000 0.00000 -1.00000 -0.82696 -0.40477 0.39027 0.00000 0.00000 -1.00000 -0.35469 -0.84589 0.39833 0.00000 -0.00000 -1.00000 0.40627 -0.81973 0.40370 0.00000 0.00000 -1.00000 0.78448 -0.47681 0.39654 0.00000 0.00000 -1.00000 0.87799 0.27696 0.39042 0.00000 0.00000 -1.00000 0.64480 0.65753 0.38973 0.00000 0.00000 -1.00000 0.00141 0.91484 0.40381 0.00000 0.00000 -1.00000 -0.58804 0.70310 0.39983 0.00000 0.00000 -1.00000 -0.77464 0.58829 0.23203 0.00000 0.00000 -1.00000 -0.96978 -0.03083 0.24201 -0.00000 0.00000 -1.00000 -0.73396 -0.63686 0.23604 0.00000 0.00000 -1.00000 -0.25633 -0.93839 0.23179 0.00000 -0.00000 -1.00000 0.48121 -0.84223 0.24309 0.00000 0.00000 -1.00000 0.90527 -0.34784 0.24390 0.00000 0.00000 -1.00000 0.82861 0.49854 0.25470 0.00000 0.00000 -1.00000 0.33257 0.91067 0.24509 0.00000 0.00000 -1.00000 -0.14527 0.95864 0.24478 0.00000 0.00000 -1.00000 0.91506 -0.14578 0.37605 0.00000 0.00000 -1.00000 0.74866 0.54811 0.37293 0.00000 0.00000 -1.00000 0.28204 0.89313 0.35040 0.00000 0.00000 -1.00000 -0.37474 0.85839 0.35035 0.00000 0.00000 -1.00000 -0.82975 0.43412 0.35081 0.00000 0.00000 -1.00000 -0.92704 -0.08730 0.36465 -0.00000 0.00000 -1.00000 -0.56542 -0.74073 0.36280 0.00000 0.00000 -1.00000 -0.05969 -0.92730 0.36954 0.00000 -0.00000 -1.00000 0.62988 -0.68554 0.36507 0.00000 0.00000 -1.00000 0.34657 0.92868 0.13205 0.00000 0.00000 -1.00000 0.11414 0.98422 0.13518 0.00000 0.00000 -1.00000 -0.78640 0.59622 0.16155 0.00000 0.00000 -1.00000 -0.94457 -0.29515 0.14378 -0.00000 0.00000 -1.00000 -0.85465 -0.49971 0.14094 0.00000 0.00000 -1.00000 -0.01417 -0.98813 0.15297 0.00000 -0.00000 -1.00000 0.65239 -0.74302 0.14937 0.00000 0.00000 -1.00000 0.98606 0.09050 0.13965 0.00000 0.00000 -1.00000 0.95177 0.27573 0.13457 0.00000 0.00000 -1.00000 0.94269 -0.02074 0.33303 0.00000 0.00000 -1.00000 0.78494 0.52539 0.32838 0.00000 0.00000 -1.00000 0.25275 0.91296 0.32033 0.00000 0.00000 -1.00000 -0.50224 0.80301 0.32083 0.00000 0.00000 -1.00000 -0.84875 0.42307 0.31723 0.00000 0.00000 -1.00000 -0.90466 -0.27175 0.32823 -0.00000 0.00000 -1.00000 -0.49722 -0.80195 0.33113 0.00000 0.00000 -1.00000 0.17409 -0.92994 0.32390 0.00000 -0.00000 -1.00000 0.63883 -0.69700 0.32572 0.00000 0.00000 -1.00000 0.97099 0.04597 0.23466 0.00000 0.00000 -1.00000 0.54700 0.80212 0.23957 0.00000 0.00000 -1.00000 -0.18915 0.95553 0.22625 0.00000 0.00000 -1.00000 -0.81062 0.54460 0.21519 0.00000 0.00000 -1.00000 -0.92473 0.30806 0.22357 -0.00000 0.00000 -1.00000 -0.64466 -0.72864 0.23129 0.00000 0.00000 -1.00000 -0.13680 -0.96417 0.22727 0.00000 -0.00000 -1.00000 0.19526 -0.95431 0.22621 0.00000 0.00000 -1.00000 0.90832 -0.34779 0.23237 0.00000 0.00000 -1.00000 -0.78262 -0.12770 0.60926 -0.00000 0.00000 -1.00000 -0.56064 -0.57396 0.59686 0.00000 0.00000 -1.00000 -0.07296 -0.80339 0.59097 0.00000 -0.00000 -1.00000 0.44930 -0.67010 0.59084 0.00000 0.00000 -1.00000 0.75742 -0.26630 0.59615 0.00000 0.00000 -1.00000 0.73986 0.26762 0.61724 0.00000 0.00000 -1.00000 0.23663 0.76127 0.60372 0.00000 0.00000 -1.00000 -0.13896 0.78624 0.60209 0.00000 0.00000 -1.00000 -0.58426 0.53111 0.61364 0.00000 0.00000 -1.00000 -0.67217 0.69728 0.24898 0.00000 0.00000 -1.00000 -0.95256 0.17378 0.24985 -0.00000 0.00000 -1.00000 -0.69088 -0.67958 0.24668 0.00000 0.00000 -1.00000 -0.36707 -0.89624 0.24901 0.00000 -0.00000 -1.00000 0.47460 -0.84040 0.26171 0.00000 0.00000 -1.00000 0.90816 -0.33467 0.25146 0.00000 0.00000 -1.00000 0.93253 0.24297 0.26712 0.00000 0.00000 -1.00000 0.53751 0.79952 0.26806 0.00000 0.00000 -1.00000 -0.35467 0.90042 0.25189 0.00000 0.00000 -1.00000 0.84651 0.42309 0.32314 0.00000 0.00000 -1.00000 0.62480 0.70994 0.32499 0.00000 0.00000 -1.00000 -0.17126 0.92901 0.32804 0.00000 0.00000 -1.00000 -0.64732 0.68238 0.33961 0.00000 0.00000 -1.00000 -0.94127 -0.00401 0.33763 -0.00000 0.00000 -1.00000 -0.80648 -0.48889 0.33252 0.00000 0.00000 -1.00000 -0.13195 -0.93493 0.32940 0.00000 -0.00000 -1.00000 0.44310 -0.83625 0.32305 0.00000 0.00000 -1.00000 0.86312 -0.37348 0.33991 0.00000 0.00000 -1.00000 -0.91974 0.11923 0.37397 -0.00000 0.00000 -1.00000 -0.77475 -0.51411 0.36805 0.00000 0.00000 -1.00000 -0.25016 -0.90247 0.35067 0.00000 -0.00000 -1.00000 0.27988 -0.88856 0.36349 0.00000 0.00000 -1.00000 0.84767 -0.38896 0.36079 0.00000 0.00000 -1.00000 0.92577 0.10609 0.36289 0.00000 0.00000 -1.00000 0.52094 0.76756 0.37347 0.00000 0.00000 -1.00000 -0.06102 0.92888 0.36532 0.00000 0.00000 -1.00000 -0.65020 0.66535 0.36680 0.00000 0.00000 -1.00000 -0.19848 0.93530 0.29293 0.00000 0.00000 -1.00000 -0.70001 0.64737 0.30149 0.00000 0.00000 -1.00000 -0.93646 -0.09243 0.33839 -0.00000 0.00000 -1.00000 -0.65345 -0.68811 0.31547 0.00000 0.00000 -1.00000 -0.10197 -0.94953 0.29664 0.00000 -0.00000 -1.00000 0.74597 -0.58929 0.31026 0.00000 0.00000 -1.00000 0.91672 -0.25825 0.30485 0.00000 0.00000 -1.00000 0.88561 0.31268 0.34340 0.00000 0.00000 -1.00000 0.19131 0.92985 0.31429 0.00000 0.00000 -1.00000 -0.43749 0.83587 0.33154 0.00000 0.00000 -1.00000 -0.87522 0.34305 0.34103 0.00000 0.00000 -1.00000 -0.91223 -0.21400 0.34935 -0.00000 0.00000 -1.00000 -0.43052 -0.83537 0.34176 0.00000 0.00000 -1.00000 0.01668 -0.93983 0.34122 0.00000 -0.00000 -1.00000 0.70680 -0.61477 0.35001 0.00000 0.00000 -1.00000 0.92998 -0.09040 0.35631 0.00000 0.00000 -1.00000 0.65457 0.67137 0.34755 0.00000 0.00000 -1.00000 0.11273 0.93346 0.34050 0.00000 0.00000 -1.00000 0.92775 0.13549 0.34773 0.00000 0.00000 -1.00000 0.65381 0.66454 0.36183 0.00000 0.00000 -1.00000 -0.00172 0.94031 0.34032 0.00000 0.00000 -1.00000 -0.39497 0.84574 0.35877 0.00000 0.00000 -1.00000 -0.89631 0.21886 0.38565 -0.00000 0.00000 -1.00000 -0.79043 -0.49595 0.35953 0.00000 0.00000 -1.00000 -0.43741 -0.83314 0.33846 0.00000 0.00000 -1.00000 0.02671 -0.93350 0.35757 0.00000 -0.00000 -1.00000 0.83643 -0.40797 0.36598 0.00000 0.00000 -1.00000 -0.33997 0.86371 0.37206 0.00000 0.00000 -1.00000 -0.61698 0.69791 0.36368 0.00000 0.00000 -1.00000 -0.92451 -0.06981 0.37471 -0.00000 0.00000 -1.00000 -0.69079 -0.62160 0.36937 0.00000 0.00000 -1.00000 -0.16525 -0.91946 0.35676 0.00000 -0.00000 -1.00000 0.56773 -0.73860 0.36352 0.00000 0.00000 -1.00000 0.90637 -0.23449 0.35143 0.00000 0.00000 -1.00000 0.91852 0.15806 0.36241 0.00000 0.00000 -1.00000 0.49605 0.77629 0.38899 0.00000 0.00000 -1.00000 0.36571 -0.87571 0.31526 0.00000 0.00000 -1.00000 0.87697 -0.37150 0.30480 0.00000 0.00000 -1.00000 0.93571 0.17737 0.30495 0.00000 0.00000 -1.00000 0.49934 0.81378 0.29736 0.00000 0.00000 -1.00000 0.06739 0.95135 0.30064 0.00000 0.00000 -1.00000 -0.67240 0.67754 0.29803 0.00000 0.00000 -1.00000 -0.95291 0.07525 0.29378 -0.00000 0.00000 -1.00000 -0.82122 -0.48360 0.30286 0.00000 0.00000 -1.00000 -0.34973 -0.88471 0.30818 0.00000 -0.00000 -1.00000 0.71562 -0.55604 0.42274 0.00000 0.00000 -1.00000 0.90145 -0.01790 0.43252 0.00000 0.00000 -1.00000 0.59889 0.67801 0.42618 0.00000 0.00000 -1.00000 0.13511 0.89570 0.42362 0.00000 0.00000 -1.00000 -0.54620 0.71239 0.44063 0.00000 0.00000 -1.00000 -0.85801 0.26490 0.44006 -0.00000 0.00000 -1.00000 -0.77077 -0.44512 0.45583 0.00000 0.00000 -1.00000 -0.32587 -0.84341 0.42717 0.00000 0.00000 -1.00000 0.36385 -0.83166 0.41947 0.00000 -0.00000 -1.00000 -0.57222 -0.73932 0.35493 0.00000 0.00000 -1.00000 0.02762 -0.93059 0.36501 0.00000 -0.00000 -1.00000 0.64759 -0.66340 0.37486 0.00000 0.00000 -1.00000 0.93261 -0.03775 0.35890 0.00000 0.00000 -1.00000 0.76080 0.54399 0.35391 0.00000 0.00000 -1.00000 0.29880 0.88332 0.36120 0.00000 0.00000 -1.00000 -0.34268 0.86437 0.36801 0.00000 0.00000 -1.00000 -0.85663 0.36288 0.36674 0.00000 0.00000 -1.00000 -0.89547 -0.25575 0.36432 -0.00000 0.00000 -1.00000 0.21820 -0.91240 0.34627 0.00000 -0.00000 -1.00000 0.78259 -0.51891 0.34392 0.00000 0.00000 -1.00000 0.91634 0.17091 0.36210 0.00000 0.00000 -1.00000 0.56218 0.74410 0.36092 0.00000 0.00000 -1.00000 -0.00874 0.94291 0.33292 0.00000 0.00000 -1.00000 -0.41845 0.84329 0.33727 0.00000 0.00000 -1.00000 -0.94227 0.09176 0.32205 -0.00000 0.00000 -1.00000 -0.87890 -0.33987 0.33471 0.00000 0.00000 -1.00000 -0.42307 -0.83579 0.34994 0.00000 0.00000 -1.00000 0.39150 -0.79173 0.46892 0.00000 0.00000 -1.00000 0.73797 -0.48043 0.47392 0.00000 0.00000 -1.00000 0.85603 0.19529 0.47862 0.00000 0.00000 -1.00000 0.43507 0.76182 0.47994 0.00000 0.00000 -1.00000 0.02421 0.87536 0.48286 0.00000 0.00000 -1.00000 -0.58327 0.63281 0.50926 0.00000 0.00000 -1.00000 -0.85128 0.10456 0.51418 -0.00000 0.00000 -1.00000 -0.73313 -0.46590 0.49544 0.00000 0.00000 -1.00000 -0.17574 -0.85226 0.49271 0.00000 -0.00000 -1.00000 0.51218 0.67807 0.52716 0.00000 0.00000 -1.00000 0.07762 0.85147 0.51862 0.00000 0.00000 -1.00000 -0.52163 0.67741 0.51866 0.00000 0.00000 -1.00000 -0.84601 0.14805 0.51220 -0.00000 0.00000 -1.00000 -0.80306 -0.27808 0.52703 0.00000 0.00000 -1.00000 -0.36285 -0.75699 0.54342 0.00000 0.00000 -1.00000 0.28520 -0.79198 0.53983 0.00000 -0.00000 -1.00000 0.74600 -0.41074 0.52419 0.00000 0.00000 -1.00000 0.84694 0.04399 0.52986 0.00000 0.00000 -1.00000 -0.41836 -0.83089 0.36689 0.00000 0.00000 -1.00000 0.36792 -0.85600 0.36317 0.00000 -0.00000 -1.00000 0.75362 -0.54625 0.36559 0.00000 0.00000 -1.00000 0.91176 0.20074 0.35833 0.00000 0.00000 -1.00000 0.60315 0.70995 0.36358 0.00000 0.00000 -1.00000 0.04393 0.92658 0.37353 0.00000 0.00000 -1.00000 -0.68908 0.62396 0.36857 0.00000 0.00000 -1.00000 -0.89240 0.26036 0.36855 -0.00000 0.00000 -1.00000 -0.75427 -0.54563 0.36519 0.00000 0.00000 -1.00000 0.57513 -0.76491 0.29006 0.00000 0.00000 -1.00000 0.93334 -0.22156 0.28245 0.00000 0.00000 -1.00000 0.87094 0.39944 0.28619 0.00000 0.00000 -1.00000 0.51847 0.80404 0.29105 0.00000 0.00000 -1.00000 -0.26553 0.91713 0.29727 0.00000 0.00000 -1.00000 -0.74841 0.59007 0.30281 0.00000 0.00000 -1.00000 -0.94681 -0.11907 0.29897 -0.00000 0.00000 -1.00000 -0.65412 -0.69680 0.29427 0.00000 0.00000 -1.00000 -0.00181 -0.95740 0.28877 0.00000 -0.00000 -1.00000 0.97104 0.10443 0.21490 0.00000 0.00000 -1.00000 0.44557 0.86990 0.21153 0.00000 0.00000 -1.00000 0.09522 0.97453 0.20302 0.00000 0.00000 -1.00000 -0.78046 0.59164 0.20210 0.00000 0.00000 -1.00000 -0.96018 0.20379 0.19109 -0.00000 0.00000 -1.00000 -0.88949 -0.40984 0.20207 0.00000 0.00000 -1.00000 -0.19525 -0.96217 0.19001 0.00000 -0.00000 -1.00000 0.55276 -0.81473 0.17513 0.00000 0.00000 -1.00000 0.70359 -0.68801 0.17777 0.00000 0.00000 -1.00000 0.65887 -0.73224 0.17240 0.00000 0.00000 -1.00000 0.89111 0.41996 0.17192 0.00000 0.00000 -1.00000 0.52473 0.83510 0.16513 0.00000 0.00000 -1.00000 0.26420 0.95025 0.16500 0.00000 0.00000 -1.00000 -0.81411 0.55331 0.17625 0.00000 0.00000 -1.00000 -0.98656 0.01903 0.16226 -0.00000 0.00000 -1.00000 -0.92660 -0.33843 0.16391 0.00000 0.00000 -1.00000 -0.26095 -0.94658 0.18943 0.00000 0.00000 -1.00000 0.46787 -0.86773 0.16777 0.00000 -0.00000 -1.00000 -0.46971 -0.83972 0.27249 0.00000 0.00000 -1.00000 0.08799 -0.96231 0.25733 0.00000 -0.00000 -1.00000 0.67980 -0.68861 0.25235 0.00000 0.00000 -1.00000 0.96545 -0.03782 0.25783 0.00000 0.00000 -1.00000 0.71283 0.64819 0.26782 0.00000 0.00000 -1.00000 0.18721 0.94771 0.25845 0.00000 0.00000 -1.00000 -0.29215 0.91791 0.26850 0.00000 0.00000 -1.00000 -0.88172 0.38415 0.27386 0.00000 0.00000 -1.00000 -0.94954 -0.14840 0.27633 -0.00000 0.00000 -1.00000 -0.08102 0.94908 0.30445 0.00000 0.00000 -1.00000 -0.61406 0.73332 0.29186 0.00000 0.00000 -1.00000 -0.95268 0.09963 0.28718 -0.00000 0.00000 -1.00000 -0.81665 -0.49474 0.29718 0.00000 0.00000 -1.00000 -0.19213 -0.93942 0.28386 0.00000 -0.00000 -1.00000 0.30755 -0.90520 0.29331 0.00000 0.00000 -1.00000 0.81040 -0.50274 0.30084 0.00000 0.00000 -1.00000 0.90631 0.31402 0.28284 0.00000 0.00000 -1.00000 0.71961 0.63316 0.28506 0.00000 0.00000 -1.00000 0.19747 -0.90356 0.38025 0.00000 -0.00000 -1.00000 0.86456 -0.34840 0.36216 0.00000 0.00000 -1.00000 0.91808 0.17540 0.35547 0.00000 0.00000 -1.00000 0.64958 0.66415 0.37007 0.00000 0.00000 -1.00000 0.04025 0.92190 0.38532 0.00000 0.00000 -1.00000 -0.55380 0.73884 0.38395 0.00000 0.00000 -1.00000 -0.93616 0.03469 0.34987 -0.00000 0.00000 -1.00000 -0.86731 -0.37243 0.33026 0.00000 0.00000 -1.00000 -0.40046 -0.84431 0.35604 0.00000 0.00000 -1.00000 0.83598 -0.20256 0.51000 0.00000 0.00000 -1.00000 0.82619 0.24785 0.50595 0.00000 0.00000 -1.00000 0.37859 0.78529 0.48989 0.00000 0.00000 -1.00000 -0.12157 0.85610 0.50231 0.00000 0.00000 -1.00000 -0.65633 0.56412 0.50100 0.00000 0.00000 -1.00000 -0.86521 0.05374 0.49853 -0.00000 0.00000 -1.00000 -0.62821 -0.60370 0.49081 0.00000 0.00000 -1.00000 -0.11856 -0.86530 0.48704 0.00000 -0.00000 -1.00000 0.36629 -0.79006 0.49156 0.00000 0.00000 -1.00000 -0.16784 -0.90309 0.39528 0.00000 -0.00000 -1.00000 0.44006 -0.80423 0.39945 0.00000 0.00000 -1.00000 0.88164 -0.26659 0.38942 0.00000 0.00000 -1.00000 0.85668 0.33600 0.39142 0.00000 0.00000 -1.00000 0.54500 0.74061 0.39303 0.00000 0.00000 -1.00000 -0.20729 0.89092 0.40409 0.00000 0.00000 -1.00000 -0.68723 0.60732 0.39859 0.00000 0.00000 -1.00000 -0.91300 -0.10940 0.39301 -0.00000 0.00000 -1.00000 -0.74669 -0.53510 0.39512 0.00000 0.00000 -1.00000 0.26120 0.93627 0.23491 0.00000 0.00000 -1.00000 -0.37152 0.89880 0.23267 0.00000 0.00000 -1.00000 -0.86027 0.45946 0.22097 -0.00000 0.00000 -1.00000 -0.92038 -0.30941 0.23909 0.00000 0.00000 -1.00000 -0.62123 -0.74517 0.24247 0.00000 0.00000 -1.00000 0.14666 -0.96134 0.23308 0.00000 -0.00000 -1.00000 0.68444 -0.69001 0.23543 0.00000 0.00000 -1.00000 0.97501 0.00593 0.22210 0.00000 0.00000 -1.00000 0.76242 0.60765 0.22245 0.00000 0.00000 -1.00000 0.72367 -0.49059 0.48541 0.00000 0.00000 -1.00000 0.85001 -0.19973 0.48744 0.00000 0.00000 -1.00000 0.68416 0.52851 0.50260 0.00000 0.00000 -1.00000 0.19514 0.85054 0.48836 0.00000 0.00000 -1.00000 -0.40201 0.77868 0.48171 0.00000 0.00000 -1.00000 -0.75717 0.42403 0.49688 0.00000 0.00000 -1.00000 -0.79557 -0.37114 0.47887 -0.00000 0.00000 -1.00000 -0.58500 -0.66241 0.46796 0.00000 0.00000 -1.00000 -0.03071 -0.86961 0.49278 0.00000 -0.00000 -1.00000 0.33308 -0.79945 0.49993 0.00000 0.00000 -1.00000 0.79108 -0.35703 0.49672 0.00000 0.00000 -1.00000 0.79193 0.35307 0.49819 0.00000 0.00000 -1.00000 0.42592 0.76011 0.49074 0.00000 0.00000 -1.00000 -0.04443 0.86250 0.50411 0.00000 0.00000 -1.00000 -0.71269 0.49500 0.49704 0.00000 0.00000 -1.00000 -0.86795 0.05062 0.49407 -0.00000 0.00000 -1.00000 -0.72298 -0.48345 0.49353 0.00000 0.00000 -1.00000 -0.15007 -0.85305 0.49979 0.00000 -0.00000 -1.00000 0.75083 -0.60357 0.26823 0.00000 0.00000 -1.00000 0.83557 0.47385 0.27799 0.00000 0.00000 -1.00000 0.57775 0.76836 0.27537 0.00000 0.00000 -1.00000 -0.25161 0.92264 0.29229 0.00000 0.00000 -1.00000 -0.78197 0.55430 0.28508 0.00000 0.00000 -1.00000 -0.94312 0.18838 0.27394 -0.00000 0.00000 -1.00000 -0.62524 -0.73412 0.26486 0.00000 0.00000 -1.00000 -0.20869 -0.94493 0.25211 0.00000 -0.00000 -1.00000 0.47679 -0.84097 0.25581 0.00000 0.00000 -1.00000 0.97792 0.05413 0.20186 0.00000 0.00000 -1.00000 0.74295 0.64074 0.19361 0.00000 0.00000 -1.00000 0.37647 0.90618 0.19266 0.00000 0.00000 -1.00000 -0.42907 0.88079 0.20027 0.00000 0.00000 -1.00000 -0.94292 0.26794 0.19777 0.00000 0.00000 -1.00000 -0.94965 -0.24918 0.18993 -0.00000 0.00000 -1.00000 -0.50182 -0.84129 0.20100 0.00000 0.00000 -1.00000 0.38088 -0.90514 0.18880 0.00000 -0.00000 -1.00000 0.55528 -0.81018 0.18779 0.00000 0.00000 -1.00000 0.36384 0.85597 0.36735 0.00000 0.00000 -1.00000 -0.30798 0.89394 0.32560 0.00000 0.00000 -1.00000 -0.77591 0.53115 0.34035 0.00000 0.00000 -1.00000 -0.92932 0.15646 0.33450 -0.00000 0.00000 -1.00000 -0.53673 -0.78046 0.32063 0.00000 0.00000 -1.00000 -0.21749 -0.92246 0.31900 0.00000 -0.00000 -1.00000 0.48208 -0.80258 0.35139 0.00000 0.00000 -1.00000 0.92771 -0.20122 0.31442 0.00000 0.00000 -1.00000 0.93543 0.12770 0.32964 0.00000 0.00000 -1.00000 -0.62696 0.74080 0.24112 0.00000 0.00000 -1.00000 -0.95324 0.17682 0.24510 -0.00000 0.00000 -1.00000 -0.83570 -0.48640 0.25498 0.00000 0.00000 -1.00000 -0.39810 -0.88089 0.25602 0.00000 -0.00000 -1.00000 0.26558 -0.92576 0.26913 0.00000 0.00000 -1.00000 0.87042 -0.40671 0.27742 0.00000 0.00000 -1.00000 0.93722 0.22168 0.26922 0.00000 0.00000 -1.00000 0.64440 0.71869 0.26119 0.00000 0.00000 -1.00000 -0.07810 0.96520 0.24956 0.00000 0.00000 -1.00000 0.54108 -0.74807 0.38421 0.00000 0.00000 -1.00000 0.89469 -0.20335 0.39771 0.00000 0.00000 -1.00000 0.82050 0.41838 0.38954 0.00000 0.00000 -1.00000 0.39806 0.82878 0.39328 0.00000 0.00000 -1.00000 -0.34288 0.85821 0.38198 0.00000 0.00000 -1.00000 -0.83679 0.40273 0.37093 0.00000 0.00000 -1.00000 -0.92842 -0.05997 0.36665 -0.00000 0.00000 -1.00000 -0.60140 -0.71100 0.36441 0.00000 0.00000 -1.00000 -0.02667 -0.93121 0.36349 0.00000 -0.00000 -1.00000 -0.65231 0.72739 0.21305 0.00000 0.00000 -1.00000 -0.95750 0.19342 0.21397 -0.00000 0.00000 -1.00000 -0.73978 -0.63878 0.21138 0.00000 0.00000 -1.00000 -0.17607 -0.96439 0.19738 0.00000 -0.00000 -1.00000 0.18251 -0.96283 0.19913 0.00000 0.00000 -1.00000 0.92394 -0.32751 0.19766 0.00000 0.00000 -1.00000 0.97588 0.08047 0.20295 0.00000 0.00000 -1.00000 0.58169 0.78132 0.22622 0.00000 0.00000 -1.00000 -0.21340 0.95379 0.21154 0.00000 0.00000 -1.00000 -0.07573 -0.96650 0.24526 0.00000 -0.00000 -1.00000 0.46776 -0.85508 0.22368 0.00000 0.00000 -1.00000 0.91703 -0.33777 0.21208 0.00000 0.00000 -1.00000 0.87489 0.42587 0.23063 0.00000 0.00000 -1.00000 0.69148 0.68602 0.22634 0.00000 0.00000 -1.00000 -0.14017 0.96126 0.23734 0.00000 0.00000 -1.00000 -0.81983 0.51866 0.24263 0.00000 0.00000 -1.00000 -0.92985 -0.30192 0.21030 -0.00000 0.00000 -1.00000 -0.85060 -0.48081 0.21282 0.00000 0.00000 -1.00000 0.42048 -0.83080 0.36465 0.00000 0.00000 -1.00000 0.71023 -0.59689 0.37323 0.00000 0.00000 -1.00000 0.89692 0.25109 0.36398 0.00000 0.00000 -1.00000 0.75223 0.53929 0.37857 0.00000 0.00000 -1.00000 -0.15718 0.91186 0.37922 0.00000 0.00000 -1.00000 -0.62177 0.69371 0.36355 0.00000 0.00000 -1.00000 -0.91801 0.12887 0.37505 -0.00000 0.00000 -1.00000 -0.81874 -0.44183 0.36667 0.00000 0.00000 -1.00000 -0.27109 -0.88862 0.36995 0.00000 -0.00000 -1.00000 0.51002 0.80613 0.30005 0.00000 0.00000 -1.00000 -0.36338 0.88329 0.29622 0.00000 0.00000 -1.00000 -0.71139 0.63891 0.29277 0.00000 0.00000 -1.00000 -0.95107 -0.03465 0.30704 -0.00000 0.00000 -1.00000 -0.60730 -0.73733 0.29584 0.00000 0.00000 -1.00000 -0.21683 -0.92873 0.30073 0.00000 -0.00000 -1.00000 0.46587 -0.83110 0.30370 0.00000 0.00000 -1.00000 0.90063 -0.29727 0.31700 0.00000 0.00000 -1.00000 0.87220 0.38341 0.30373 0.00000 0.00000 -1.00000 -0.85088 0.46595 0.24268 0.00000 0.00000 -1.00000 -0.89862 -0.38036 0.21865 -0.00000 0.00000 -1.00000 -0.69163 -0.68790 0.22009 0.00000 0.00000 -1.00000 -0.09801 -0.96688 0.23565 0.00000 -0.00000 -1.00000 0.70179 -0.67864 0.21664 0.00000 0.00000 -1.00000 0.96487 -0.15753 0.21026 0.00000 0.00000 -1.00000 0.88729 0.40847 0.21415 0.00000 0.00000 -1.00000 0.42605 0.87694 0.22240 0.00000 0.00000 -1.00000 -0.22944 0.94671 0.22607 0.00000 0.00000 -1.00000 0.93176 0.12596 0.34053 0.00000 0.00000 -1.00000 0.49036 0.80073 0.34406 0.00000 0.00000 -1.00000 0.07783 0.93504 0.34589 0.00000 0.00000 -1.00000 -0.66828 0.65147 0.35916 0.00000 0.00000 -1.00000 -0.93319 0.06941 0.35262 -0.00000 0.00000 -1.00000 -0.77285 -0.53499 0.34131 0.00000 0.00000 -1.00000 -0.34616 -0.87051 0.34983 0.00000 -0.00000 -1.00000 0.40541 -0.84755 0.34249 0.00000 0.00000 -1.00000 0.83141 -0.44142 0.33750 0.00000 0.00000 -1.00000 -0.10211 0.84128 0.53087 0.00000 0.00000 -1.00000 -0.67620 0.50086 0.54026 0.00000 0.00000 -1.00000 -0.84928 -0.01496 0.52773 -0.00000 0.00000 -1.00000 -0.60067 -0.60495 0.52271 0.00000 0.00000 -1.00000 -0.18128 -0.82728 0.53174 0.00000 -0.00000 -1.00000 0.51718 -0.68585 0.51199 0.00000 0.00000 -1.00000 0.74808 -0.40846 0.52302 0.00000 0.00000 -1.00000 0.75612 0.38553 0.52882 0.00000 0.00000 -1.00000 0.38565 0.76863 0.51037 0.00000 0.00000 -1.00000 -0.88742 0.37141 0.27301 0.00000 0.00000 -1.00000 -0.93807 -0.21918 0.26831 -0.00000 0.00000 -1.00000 -0.60595 -0.74669 0.27439 0.00000 0.00000 -1.00000 0.05808 -0.95657 0.28565 0.00000 -0.00000 -1.00000 0.63679 -0.71463 0.28948 0.00000 0.00000 -1.00000 0.94937 -0.11610 0.29192 0.00000 0.00000 -1.00000 0.74095 0.61323 0.27377 0.00000 0.00000 -1.00000 0.37009 0.88500 0.28251 0.00000 0.00000 -1.00000 -0.43742 0.85431 0.28073 0.00000 0.00000 -1.00000 0.70948 -0.46473 0.52978 0.00000 0.00000 -1.00000 0.84498 0.10053 0.52526 0.00000 0.00000 -1.00000 0.53523 0.66685 0.51850 0.00000 0.00000 -1.00000 0.16535 0.83540 0.52419 0.00000 0.00000 -1.00000 -0.56348 0.63256 0.53137 0.00000 0.00000 -1.00000 -0.82488 0.23517 0.51406 -0.00000 0.00000 -1.00000 -0.77545 -0.33932 0.53249 0.00000 0.00000 -1.00000 -0.39537 -0.74778 0.53340 0.00000 0.00000 -1.00000 0.21878 -0.81340 0.53900 0.00000 -0.00000 -1.00000 -0.83155 0.33371 0.44403 0.00000 0.00000 -1.00000 -0.86798 -0.20327 0.45310 -0.00000 0.00000 -1.00000 -0.50897 -0.73399 0.44966 0.00000 0.00000 -1.00000 0.08692 -0.87925 0.46836 0.00000 -0.00000 -1.00000 0.69672 -0.57858 0.42406 0.00000 0.00000 -1.00000 0.90430 -0.08483 0.41838 0.00000 0.00000 -1.00000 0.78324 0.42977 0.44925 0.00000 0.00000 -1.00000 0.07042 0.89619 0.43805 0.00000 0.00000 -1.00000 -0.30347 0.85338 0.42385 0.00000 0.00000 -1.00000 0.86105 -0.46928 0.19589 0.00000 0.00000 -1.00000 0.94099 0.26203 0.21420 0.00000 0.00000 -1.00000 0.45205 0.86695 0.20985 0.00000 0.00000 -1.00000 -0.19521 0.96205 0.19068 0.00000 0.00000 -1.00000 -0.61929 0.76179 0.19014 0.00000 0.00000 -1.00000 -0.96927 -0.15513 0.19093 -0.00000 0.00000 -1.00000 -0.92507 -0.33024 0.18756 0.00000 0.00000 -1.00000 -0.15322 -0.96895 0.19405 0.00000 -0.00000 -1.00000 0.17103 -0.96417 0.20281 0.00000 0.00000 -1.00000 -0.90399 -0.36989 0.21444 -0.00000 0.00000 -1.00000 -0.58030 -0.78618 0.21255 0.00000 0.00000 -1.00000 0.13301 -0.96244 0.23670 0.00000 -0.00000 -1.00000 0.72767 -0.63758 0.25295 0.00000 0.00000 -1.00000 0.91824 0.34107 0.20124 0.00000 0.00000 -1.00000 0.92363 0.32639 0.20096 0.00000 0.00000 -1.00000 -0.13050 0.96714 0.21821 0.00000 0.00000 -1.00000 -0.56447 0.79943 0.20562 0.00000 0.00000 -1.00000 -0.79791 0.56531 0.20918 0.00000 0.00000 -1.00000 -0.19025 -0.95736 0.21742 0.00000 -0.00000 -1.00000 0.35976 -0.90781 0.21554 0.00000 0.00000 -1.00000 0.95427 -0.19987 0.22231 0.00000 0.00000 -1.00000 0.96233 0.17225 0.21036 0.00000 0.00000 -1.00000 0.72064 0.65827 0.21763 0.00000 0.00000 -1.00000 0.18427 0.95540 0.23076 0.00000 0.00000 -1.00000 -0.76390 0.60128 0.23432 0.00000 0.00000 -1.00000 -0.96316 0.15993 0.21620 -0.00000 0.00000 -1.00000 -0.81699 -0.53454 0.21630 0.00000 0.00000 -1.00000 -0.93927 -0.22592 0.25832 -0.00000 0.00000 -1.00000 -0.71969 -0.64400 0.25943 0.00000 0.00000 -1.00000 -0.25097 -0.93271 0.25895 0.00000 -0.00000 -1.00000 0.46708 -0.83687 0.28544 0.00000 0.00000 -1.00000 0.96219 -0.07597 0.26156 0.00000 0.00000 -1.00000 0.89085 0.37894 0.25057 0.00000 0.00000 -1.00000 0.42279 0.86769 0.26145 0.00000 0.00000 -1.00000 -0.14326 0.95614 0.25548 0.00000 0.00000 -1.00000 -0.63918 0.72173 0.26562 0.00000 0.00000 -1.00000 -0.88474 0.27187 0.37859 -0.00000 0.00000 -1.00000 -0.78106 -0.48072 0.39856 0.00000 0.00000 -1.00000 -0.36713 -0.84065 0.39815 0.00000 -0.00000 -1.00000 0.36262 -0.83994 0.40375 0.00000 0.00000 -1.00000 0.77695 -0.48714 0.39880 0.00000 0.00000 -1.00000 0.90328 0.19670 0.38131 0.00000 0.00000 -1.00000 0.72436 0.57240 0.38427 0.00000 0.00000 -1.00000 -0.16595 0.90720 0.38658 0.00000 0.00000 -1.00000 -0.55434 0.74549 0.37007 0.00000 0.00000 -1.00000 0.30793 -0.92669 0.21546 0.00000 0.00000 -1.00000 0.95049 -0.23493 0.20343 0.00000 0.00000 -1.00000 0.96629 0.16151 0.20051 0.00000 0.00000 -1.00000 0.63098 0.74928 0.20110 0.00000 0.00000 -1.00000 -0.31781 0.92620 0.20286 0.00000 0.00000 -1.00000 -0.53970 0.81795 0.19921 0.00000 0.00000 -1.00000 -0.96868 0.13658 0.20740 -0.00000 0.00000 -1.00000 -0.78100 -0.59260 0.19714 0.00000 0.00000 -1.00000 -0.24679 -0.94819 0.20009 0.00000 -0.00000 -1.00000 0.85555 -0.28602 0.43154 0.00000 0.00000 -1.00000 0.81958 0.37713 0.43135 0.00000 0.00000 -1.00000 0.41735 0.79924 0.43247 0.00000 0.00000 -1.00000 -0.30514 0.85762 0.41398 0.00000 0.00000 -1.00000 -0.73999 0.53706 0.40495 0.00000 0.00000 -1.00000 -0.90986 0.03754 0.41320 -0.00000 0.00000 -1.00000 -0.71779 -0.55421 0.42145 0.00000 0.00000 -1.00000 -0.10575 -0.89736 0.42844 0.00000 -0.00000 -1.00000 0.52916 -0.73573 0.42272 0.00000 0.00000 -1.00000 -0.92376 0.23989 0.29853 -0.00000 0.00000 -1.00000 -0.89344 -0.33596 0.29816 0.00000 0.00000 -1.00000 -0.38186 -0.87435 0.29949 0.00000 0.00000 -1.00000 0.16018 -0.93883 0.30486 0.00000 -0.00000 -1.00000 0.82188 -0.47664 0.31198 0.00000 0.00000 -1.00000 0.94721 0.12408 0.29563 0.00000 0.00000 -1.00000 0.69488 0.65383 0.29940 0.00000 0.00000 -1.00000 0.08325 0.95112 0.29737 0.00000 0.00000 -1.00000 -0.50230 0.81097 0.30004 0.00000 0.00000 -1.00000 0.22967 0.91404 0.33434 0.00000 0.00000 -1.00000 -0.29412 0.89790 0.32750 0.00000 0.00000 -1.00000 -0.81857 0.46562 0.33636 0.00000 0.00000 -1.00000 -0.93819 -0.02391 0.34529 -0.00000 0.00000 -1.00000 -0.61509 -0.70673 0.34957 0.00000 0.00000 -1.00000 -0.09019 -0.92949 0.35764 0.00000 -0.00000 -1.00000 0.61172 -0.71240 0.34393 0.00000 0.00000 -1.00000 0.90439 -0.23862 0.35376 0.00000 0.00000 -1.00000 0.79000 0.50953 0.34100 0.00000 0.00000 -1.00000 -0.91009 0.15635 0.38378 -0.00000 0.00000 -1.00000 -0.67764 -0.61804 0.39853 0.00000 0.00000 -1.00000 -0.27672 -0.88175 0.38202 0.00000 -0.00000 -1.00000 0.52236 -0.75890 0.38886 0.00000 0.00000 -1.00000 0.84464 -0.38742 0.36945 0.00000 0.00000 -1.00000 0.86853 0.33177 0.36821 0.00000 0.00000 -1.00000 0.62151 0.68997 0.37103 0.00000 0.00000 -1.00000 -0.26625 0.88865 0.37337 0.00000 0.00000 -1.00000 -0.58836 0.71633 0.37512 0.00000 0.00000 -1.00000 0.86097 0.19652 0.46916 0.00000 0.00000 -1.00000 0.51174 0.70695 0.48820 0.00000 0.00000 -1.00000 -0.28926 0.82743 0.48135 0.00000 0.00000 -1.00000 -0.61821 0.62772 0.47307 0.00000 0.00000 -1.00000 -0.87799 -0.00057 0.47868 -0.00000 0.00000 -1.00000 -0.70715 -0.50781 0.49200 0.00000 0.00000 -1.00000 -0.04592 -0.87271 0.48608 0.00000 -0.00000 -1.00000 0.31483 -0.81131 0.49260 0.00000 0.00000 -1.00000 0.85957 -0.17574 0.47985 0.00000 0.00000 -1.00000 -0.97275 -0.09503 0.21149 -0.00000 0.00000 -1.00000 -0.71571 -0.66350 0.21798 0.00000 0.00000 -1.00000 -0.18003 -0.95706 0.22721 0.00000 -0.00000 -1.00000 0.59735 -0.76882 0.22821 0.00000 0.00000 -1.00000 0.94065 -0.25167 0.22768 0.00000 0.00000 -1.00000 0.86277 0.44778 0.23476 0.00000 0.00000 -1.00000 0.16613 0.96156 0.21862 0.00000 0.00000 -1.00000 -0.40880 0.88804 0.21039 0.00000 0.00000 -1.00000 -0.79238 0.57173 0.21273 0.00000 0.00000 -1.00000 0.29072 0.93327 0.21094 0.00000 0.00000 -1.00000 -0.48174 0.85513 0.19154 0.00000 0.00000 -1.00000 -0.79735 0.57251 0.19097 0.00000 0.00000 -1.00000 -0.97619 -0.07199 0.20464 -0.00000 0.00000 -1.00000 -0.62014 -0.75501 0.21305 0.00000 0.00000 -1.00000 -0.06391 -0.97709 0.20298 0.00000 -0.00000 -1.00000 0.60366 -0.77047 0.20486 0.00000 0.00000 -1.00000 0.97937 -0.06471 0.19141 0.00000 0.00000 -1.00000 0.91955 0.33544 0.20471 0.00000 0.00000 -1.00000 -0.58592 0.70868 0.39303 0.00000 0.00000 -1.00000 -0.89872 0.18422 0.39796 -0.00000 0.00000 -1.00000 -0.77206 -0.49167 0.40272 0.00000 0.00000 -1.00000 -0.31334 -0.85800 0.40701 0.00000 -0.00000 -1.00000 0.38050 -0.83100 0.40579 0.00000 0.00000 -1.00000 0.80691 -0.44569 0.38763 0.00000 0.00000 -1.00000 0.91101 0.11425 0.39624 0.00000 0.00000 -1.00000 0.58311 0.70590 0.40211 0.00000 0.00000 -1.00000 -0.10261 0.91391 0.39274 0.00000 0.00000 -1.00000 0.10099 -0.90351 0.41649 0.00000 -0.00000 -1.00000 0.56654 -0.71260 0.41380 0.00000 0.00000 -1.00000 0.89198 -0.08830 0.44336 0.00000 0.00000 -1.00000 0.69464 0.58961 0.41211 0.00000 0.00000 -1.00000 0.41570 0.81289 0.40792 0.00000 0.00000 -1.00000 -0.36147 0.81930 0.44507 0.00000 0.00000 -1.00000 -0.79461 0.41791 0.44040 0.00000 0.00000 -1.00000 -0.88051 -0.22593 0.41672 -0.00000 0.00000 -1.00000 -0.65177 -0.62196 0.43401 0.00000 0.00000 -1.00000 0.65918 -0.61792 0.42855 0.00000 0.00000 -1.00000 0.88853 -0.14203 0.43628 0.00000 0.00000 -1.00000 0.66845 0.60377 0.43432 0.00000 0.00000 -1.00000 0.34059 0.83450 0.43314 0.00000 0.00000 -1.00000 -0.41920 0.79961 0.43000 0.00000 0.00000 -1.00000 -0.81119 0.39722 0.42916 0.00000 0.00000 -1.00000 -0.86867 -0.24745 0.42916 -0.00000 0.00000 -1.00000 -0.47511 -0.77179 0.42262 0.00000 0.00000 -1.00000 -0.03945 -0.90270 0.42847 0.00000 -0.00000 -1.00000 0.60711 0.70876 0.35928 0.00000 0.00000 -1.00000 -0.16173 0.91892 0.35975 0.00000 0.00000 -1.00000 -0.57469 0.73343 0.36306 0.00000 0.00000 -1.00000 -0.92956 0.01700 0.36828 -0.00000 0.00000 -1.00000 -0.76361 -0.53040 0.36820 0.00000 0.00000 -1.00000 -0.20975 -0.91344 0.34877 0.00000 -0.00000 -1.00000 0.32527 -0.87933 0.34783 0.00000 0.00000 -1.00000 0.84920 -0.38571 0.36068 0.00000 0.00000 -1.00000 0.89031 0.27350 0.36408 0.00000 0.00000 -1.00000 -0.58556 0.77777 0.22844 0.00000 0.00000 -1.00000 -0.95925 0.18237 0.21584 -0.00000 0.00000 -1.00000 -0.74733 -0.62739 0.21881 0.00000 0.00000 -1.00000 -0.48396 -0.84767 0.21736 0.00000 0.00000 -1.00000 0.47795 -0.85141 0.21603 0.00000 -0.00000 -1.00000 0.69951 -0.68008 0.21949 0.00000 0.00000 -1.00000 0.87910 0.42486 0.21605 0.00000 0.00000 -1.00000 0.77096 0.60053 0.21211 0.00000 0.00000 -1.00000 -0.17609 0.95672 0.23167 0.00000 0.00000 -1.00000 -0.71171 0.42084 0.56246 0.00000 0.00000 -1.00000 -0.79314 -0.23060 0.56370 -0.00000 0.00000 -1.00000 -0.48674 -0.66699 0.56410 0.00000 0.00000 -1.00000 0.06052 -0.82179 0.56657 0.00000 -0.00000 -1.00000 0.61348 -0.54696 0.56962 0.00000 0.00000 -1.00000 0.81997 -0.12098 0.55947 0.00000 0.00000 -1.00000 0.70841 0.40714 0.57653 0.00000 0.00000 -1.00000 0.11429 0.81841 0.56315 0.00000 0.00000 -1.00000 -0.33809 0.76342 0.55035 0.00000 0.00000 -1.00000 0.87398 0.32572 0.36065 0.00000 0.00000 -1.00000 0.42539 0.83096 0.35854 0.00000 0.00000 -1.00000 -0.24125 0.89832 0.36718 0.00000 0.00000 -1.00000 -0.76779 0.54136 0.34268 0.00000 0.00000 -1.00000 -0.93368 -0.11355 0.33962 -0.00000 0.00000 -1.00000 -0.75248 -0.56624 0.33638 0.00000 0.00000 -1.00000 -0.04600 -0.93970 0.33888 0.00000 -0.00000 -1.00000 0.33242 -0.87640 0.34845 0.00000 0.00000 -1.00000 0.89636 -0.25443 0.36306 0.00000 0.00000 -1.00000 0.91007 0.26409 0.31943 0.00000 0.00000 -1.00000 0.50360 0.80464 0.31454 0.00000 0.00000 -1.00000 -0.12086 0.94211 0.31277 0.00000 0.00000 -1.00000 -0.71262 0.62706 0.31459 0.00000 0.00000 -1.00000 -0.94990 -0.05015 0.30850 -0.00000 0.00000 -1.00000 -0.80633 -0.50585 0.30651 0.00000 0.00000 -1.00000 -0.19770 -0.92438 0.32624 0.00000 -0.00000 -1.00000 0.50690 -0.80241 0.31494 0.00000 0.00000 -1.00000 0.87410 -0.36723 0.31793 0.00000 0.00000 -1.00000 -0.84814 0.45922 0.26416 0.00000 0.00000 -1.00000 -0.94705 -0.19176 0.25754 -0.00000 0.00000 -1.00000 -0.68718 -0.67888 0.25866 0.00000 0.00000 -1.00000 0.10179 -0.96113 0.25666 0.00000 -0.00000 -1.00000 0.62310 -0.73853 0.25752 0.00000 0.00000 -1.00000 0.93741 -0.23637 0.25573 0.00000 0.00000 -1.00000 0.88262 0.38598 0.26835 0.00000 0.00000 -1.00000 0.23936 0.93641 0.25661 0.00000 0.00000 -1.00000 -0.31150 0.91438 0.25862 0.00000 0.00000 -1.00000 -0.96478 -0.18899 0.18299 -0.00000 0.00000 -1.00000 -0.46100 -0.86825 0.18335 0.00000 0.00000 -1.00000 0.06614 -0.98265 0.17328 0.00000 -0.00000 -1.00000 0.79143 -0.58311 0.18337 0.00000 0.00000 -1.00000 0.97542 -0.12370 0.18235 0.00000 0.00000 -1.00000 0.71125 0.68103 0.17413 0.00000 0.00000 -1.00000 0.45433 0.87129 0.18559 0.00000 0.00000 -1.00000 -0.41282 0.88968 0.19507 0.00000 0.00000 -1.00000 -0.95854 0.21850 0.18293 0.00000 0.00000 -1.00000 -0.33152 -0.90970 0.25008 0.00000 0.00000 -1.00000 -0.02101 -0.97012 0.24171 0.00000 -0.00000 -1.00000 0.66341 -0.70536 0.24971 0.00000 0.00000 -1.00000 0.96215 0.07934 0.26070 0.00000 0.00000 -1.00000 0.67048 0.69617 0.25650 0.00000 0.00000 -1.00000 0.40471 0.87813 0.25514 0.00000 0.00000 -1.00000 -0.45146 0.85473 0.25618 0.00000 0.00000 -1.00000 -0.92876 0.25876 0.26542 0.00000 0.00000 -1.00000 -0.93627 -0.24797 0.24881 -0.00000 0.00000 -1.00000 0.67152 -0.63773 0.37731 0.00000 0.00000 -1.00000 0.92058 -0.09707 0.37829 0.00000 0.00000 -1.00000 0.66823 0.63210 0.39233 0.00000 0.00000 -1.00000 0.20568 0.89526 0.39523 0.00000 0.00000 -1.00000 -0.48217 0.78427 0.39042 0.00000 0.00000 -1.00000 -0.87994 0.27755 0.38559 -0.00000 0.00000 -1.00000 -0.85840 -0.34868 0.37625 0.00000 0.00000 -1.00000 -0.52612 -0.76727 0.36673 0.00000 0.00000 -1.00000 0.06230 -0.92507 0.37465 0.00000 -0.00000 -1.00000 0.41817 0.86894 0.26470 0.00000 0.00000 -1.00000 -0.31433 0.90755 0.27848 0.00000 0.00000 -1.00000 -0.86503 0.41617 0.28022 0.00000 0.00000 -1.00000 -0.95078 -0.15558 0.26798 -0.00000 0.00000 -1.00000 -0.63784 -0.72530 0.25904 0.00000 0.00000 -1.00000 0.26405 -0.92827 0.26189 0.00000 -0.00000 -1.00000 0.65039 -0.71588 0.25401 0.00000 0.00000 -1.00000 0.89615 -0.35864 0.26133 0.00000 0.00000 -1.00000 0.80763 0.52501 0.26850 0.00000 0.00000 -1.00000 0.78361 0.57388 0.23793 0.00000 0.00000 -1.00000 0.44140 0.86548 0.23690 0.00000 0.00000 -1.00000 -0.36819 0.89388 0.25578 0.00000 0.00000 -1.00000 -0.80702 0.53054 0.25931 0.00000 0.00000 -1.00000 -0.92521 -0.27842 0.25780 -0.00000 0.00000 -1.00000 -0.64306 -0.72332 0.25157 0.00000 0.00000 -1.00000 0.09145 -0.96579 0.24265 0.00000 -0.00000 -1.00000 0.55578 -0.79622 0.23903 0.00000 0.00000 -1.00000 0.93368 -0.24519 0.26102 0.00000 0.00000 -1.00000 -0.94238 0.09083 0.32199 -0.00000 0.00000 -1.00000 -0.85868 -0.37781 0.34630 0.00000 0.00000 -1.00000 -0.24049 -0.90684 0.34612 0.00000 -0.00000 -1.00000 0.33084 -0.88037 0.33984 0.00000 0.00000 -1.00000 0.79176 -0.50416 0.34488 0.00000 0.00000 -1.00000 0.85701 0.37854 0.34963 0.00000 0.00000 -1.00000 0.53993 0.76855 0.34322 0.00000 0.00000 -1.00000 0.00703 0.93317 0.35937 0.00000 0.00000 -1.00000 -0.65225 0.67720 0.34054 0.00000 0.00000 -1.00000 0.20091 -0.95116 0.23439 0.00000 -0.00000 -1.00000 0.87893 -0.42623 0.21402 0.00000 0.00000 -1.00000 0.97784 -0.00831 0.20918 0.00000 0.00000 -1.00000 0.71828 0.66102 0.21708 0.00000 0.00000 -1.00000 0.20062 0.95252 0.22904 0.00000 0.00000 -1.00000 -0.50511 0.83359 0.22361 0.00000 0.00000 -1.00000 -0.96180 0.17460 0.21086 0.00000 0.00000 -1.00000 -0.97074 -0.11362 0.21154 -0.00000 0.00000 -1.00000 -0.41152 -0.88007 0.23692 0.00000 0.00000 -1.00000 0.00883 -0.84985 0.52695 0.00000 -0.00000 -1.00000 0.62821 -0.56511 0.53479 0.00000 0.00000 -1.00000 0.85847 0.03631 0.51157 0.00000 0.00000 -1.00000 0.71512 0.47479 0.51301 0.00000 0.00000 -1.00000 0.30785 0.79454 0.52339 0.00000 0.00000 -1.00000 -0.33699 0.77528 0.53422 0.00000 0.00000 -1.00000 -0.75940 0.37723 0.53010 0.00000 0.00000 -1.00000 -0.81719 -0.20476 0.53876 -0.00000 0.00000 -1.00000 -0.45991 -0.70774 0.53627 0.00000 0.00000 -1.00000 0.67969 -0.68390 0.26513 0.00000 0.00000 -1.00000 0.96229 0.05642 0.26611 0.00000 0.00000 -1.00000 0.77653 0.57029 0.26792 0.00000 0.00000 -1.00000 0.24960 0.91995 0.30230 0.00000 0.00000 -1.00000 -0.50586 0.80938 0.29835 0.00000 0.00000 -1.00000 -0.88480 0.36876 0.28486 0.00000 0.00000 -1.00000 -0.91586 -0.28237 0.28542 -0.00000 0.00000 -1.00000 -0.44988 -0.84774 0.28096 0.00000 0.00000 -1.00000 0.34379 -0.90214 0.26068 0.00000 -0.00000 -1.00000 -0.89031 0.41319 0.19137 0.00000 0.00000 -1.00000 -0.88167 -0.43237 0.18899 -0.00000 0.00000 -1.00000 -0.49168 -0.85116 0.18378 0.00000 0.00000 -1.00000 0.12764 -0.97249 0.19486 0.00000 -0.00000 -1.00000 0.68769 -0.70053 0.19063 0.00000 0.00000 -1.00000 0.97667 -0.05804 0.20675 0.00000 0.00000 -1.00000 0.68724 0.70255 0.18472 0.00000 0.00000 -1.00000 0.33844 0.92036 0.19593 0.00000 0.00000 -1.00000 -0.56899 0.79913 0.19402 0.00000 0.00000 -1.00000 -0.92716 -0.01721 0.37427 -0.00000 0.00000 -1.00000 -0.60324 -0.70387 0.37506 0.00000 0.00000 -1.00000 0.04952 -0.93242 0.35797 0.00000 -0.00000 -1.00000 0.42726 -0.83350 0.35032 0.00000 0.00000 -1.00000 0.91603 -0.19987 0.34776 0.00000 0.00000 -1.00000 0.88764 0.28235 0.36384 0.00000 0.00000 -1.00000 0.48089 0.79462 0.37056 0.00000 0.00000 -1.00000 -0.32726 0.87132 0.36566 0.00000 0.00000 -1.00000 -0.76731 0.52551 0.36753 0.00000 0.00000 -1.00000 -0.08067 -0.96572 0.24674 0.00000 -0.00000 -1.00000 0.53728 -0.80285 0.25838 0.00000 0.00000 -1.00000 0.92001 -0.29832 0.25412 0.00000 0.00000 -1.00000 0.88415 0.38289 0.26772 0.00000 0.00000 -1.00000 0.44448 0.85560 0.26531 0.00000 0.00000 -1.00000 -0.39494 0.88392 0.25042 0.00000 0.00000 -1.00000 -0.64426 0.72124 0.25445 0.00000 0.00000 -1.00000 -0.93213 -0.25976 0.25231 -0.00000 0.00000 -1.00000 -0.68437 -0.68818 0.24094 0.00000 0.00000 -1.00000 -0.89823 -0.24374 0.36575 -0.00000 0.00000 -1.00000 -0.62771 -0.68418 0.37132 0.00000 0.00000 -1.00000 0.05228 -0.91521 0.39957 0.00000 -0.00000 -1.00000 0.59120 -0.69328 0.41212 0.00000 0.00000 -1.00000 0.91918 0.00874 0.39375 0.00000 0.00000 -1.00000 0.72967 0.57220 0.37440 0.00000 0.00000 -1.00000 0.44109 0.81242 0.38133 0.00000 0.00000 -1.00000 -0.46841 0.79518 0.38508 0.00000 0.00000 -1.00000 -0.78736 0.48837 0.37624 0.00000 0.00000 -1.00000 -0.89562 -0.33625 0.29119 0.00000 0.00000 -1.00000 -0.51275 -0.80535 0.29750 0.00000 0.00000 -1.00000 0.25350 -0.91802 0.30492 0.00000 -0.00000 -1.00000 0.78521 -0.54711 0.29004 0.00000 0.00000 -1.00000 0.95312 0.03385 0.30071 0.00000 0.00000 -1.00000 0.66539 0.68781 0.29013 0.00000 0.00000 -1.00000 0.22966 0.92886 0.29064 0.00000 0.00000 -1.00000 -0.62115 0.72346 0.30131 0.00000 0.00000 -1.00000 -0.93130 0.22078 0.28973 -0.00000 0.00000 -1.00000 -0.73532 -0.53672 0.41381 0.00000 0.00000 -1.00000 -0.12296 -0.91307 0.38882 0.00000 -0.00000 -1.00000 0.40159 -0.81975 0.40833 0.00000 0.00000 -1.00000 0.88528 -0.21701 0.41133 0.00000 0.00000 -1.00000 0.88000 0.22975 0.41570 0.00000 0.00000 -1.00000 0.42945 0.81418 0.39074 0.00000 0.00000 -1.00000 0.00018 0.91709 0.39869 0.00000 0.00000 -1.00000 -0.67684 0.61098 0.41059 0.00000 0.00000 -1.00000 -0.91951 -0.00293 0.39305 -0.00000 0.00000 -1.00000 -0.97275 0.00771 0.23172 -0.00000 0.00000 -1.00000 -0.58561 -0.77768 0.22864 0.00000 0.00000 -1.00000 -0.30330 -0.92422 0.23199 0.00000 -0.00000 -1.00000 0.67673 -0.69419 0.24522 0.00000 0.00000 -1.00000 0.93393 -0.26321 0.24186 0.00000 0.00000 -1.00000 0.90802 0.33827 0.24714 0.00000 0.00000 -1.00000 0.24109 0.93928 0.24417 0.00000 0.00000 -1.00000 -0.22773 0.94186 0.24706 0.00000 0.00000 -1.00000 -0.88395 0.40089 0.24066 0.00000 0.00000 -1.00000 0.78510 -0.56920 0.24420 0.00000 0.00000 -1.00000 0.95654 0.16702 0.23904 0.00000 0.00000 -1.00000 0.69923 0.67488 0.23584 0.00000 0.00000 -1.00000 0.13648 0.95987 0.24501 0.00000 0.00000 -1.00000 -0.58491 0.77489 0.23965 0.00000 0.00000 -1.00000 -0.93855 0.23863 0.24937 -0.00000 0.00000 -1.00000 -0.87007 -0.42849 0.24365 0.00000 0.00000 -1.00000 -0.42683 -0.87025 0.24593 0.00000 0.00000 -1.00000 0.36506 -0.89881 0.24264 0.00000 -0.00000 -1.00000 0.95806 -0.09189 0.27143 0.00000 0.00000 -1.00000 0.74815 0.60968 0.26186 0.00000 0.00000 -1.00000 0.33967 0.90489 0.25650 0.00000 0.00000 -1.00000 -0.46420 0.84454 0.26698 0.00000 0.00000 -1.00000 -0.91470 0.29871 0.27222 0.00000 0.00000 -1.00000 -0.93172 -0.24422 0.26879 -0.00000 0.00000 -1.00000 -0.34131 -0.90234 0.26322 0.00000 0.00000 -1.00000 0.16114 -0.95398 0.25290 0.00000 -0.00000 -1.00000 0.58705 -0.76612 0.26160 0.00000 0.00000 -1.00000 -0.29599 -0.92429 0.24101 0.00000 -0.00000 -1.00000 0.32916 -0.90982 0.25276 0.00000 0.00000 -1.00000 0.81810 -0.51481 0.25630 0.00000 0.00000 -1.00000 0.89462 0.37489 0.24312 0.00000 0.00000 -1.00000 0.71350 0.65663 0.24445 0.00000 0.00000 -1.00000 -0.11782 0.95769 0.26258 0.00000 0.00000 -1.00000 -0.82092 0.51590 0.24481 0.00000 0.00000 -1.00000 -0.94682 0.21339 0.24083 -0.00000 0.00000 -1.00000 -0.81102 -0.52877 0.25030 0.00000 0.00000 -1.00000 -0.85366 0.11802 0.50728 -0.00000 0.00000 -1.00000 -0.75775 -0.40237 0.51372 0.00000 0.00000 -1.00000 -0.29672 -0.79527 0.52868 0.00000 -0.00000 -1.00000 0.32846 -0.78515 0.52502 0.00000 0.00000 -1.00000 0.75481 -0.40525 0.51579 0.00000 0.00000 -1.00000 0.84169 0.13406 0.52305 0.00000 0.00000 -1.00000 0.53321 0.67070 0.51560 0.00000 0.00000 -1.00000 -0.09259 0.85386 0.51221 0.00000 0.00000 -1.00000 -0.60084 0.61868 0.50619 0.00000 0.00000 -1.00000 -0.96782 0.03257 0.24952 -0.00000 0.00000 -1.00000 -0.74989 -0.61178 0.25177 0.00000 0.00000 -1.00000 -0.02152 -0.96482 0.26204 0.00000 -0.00000 -1.00000 0.42927 -0.86490 0.26014 0.00000 0.00000 -1.00000 0.96125 -0.11394 0.25105 0.00000 0.00000 -1.00000 0.91419 0.32079 0.24771 0.00000 0.00000 -1.00000 0.60079 0.75769 0.25487 0.00000 0.00000 -1.00000 -0.29561 0.91856 0.26242 0.00000 0.00000 -1.00000 -0.83815 0.48640 0.24680 0.00000 0.00000 -1.00000 0.65814 -0.64588 0.38691 0.00000 0.00000 -1.00000 0.87408 -0.29346 0.38712 0.00000 0.00000 -1.00000 0.80724 0.43465 0.39930 0.00000 0.00000 -1.00000 0.28153 0.87321 0.39780 0.00000 0.00000 -1.00000 -0.34493 0.85606 0.38494 0.00000 0.00000 -1.00000 -0.75894 0.52135 0.39014 0.00000 0.00000 -1.00000 -0.91331 -0.12587 0.38733 -0.00000 0.00000 -1.00000 -0.62755 -0.67133 0.39433 0.00000 0.00000 -1.00000 -0.08736 -0.91316 0.39813 0.00000 -0.00000 -1.00000 -0.33058 0.88349 0.33192 0.00000 0.00000 -1.00000 -0.81220 0.47812 0.33427 0.00000 0.00000 -1.00000 -0.93703 -0.06653 0.34285 -0.00000 0.00000 -1.00000 -0.61556 -0.71214 0.33756 0.00000 0.00000 -1.00000 -0.04614 -0.94074 0.33596 0.00000 -0.00000 -1.00000 0.52320 -0.77934 0.34480 0.00000 0.00000 -1.00000 0.92210 -0.18171 0.34164 0.00000 0.00000 -1.00000 0.85314 0.39315 0.34291 0.00000 0.00000 -1.00000 0.32142 0.88494 0.33700 0.00000 0.00000 -1.00000 -0.17126 -0.95338 0.24845 0.00000 -0.00000 -1.00000 0.22811 -0.94213 0.24569 0.00000 0.00000 -1.00000 0.81428 -0.51834 0.26129 0.00000 0.00000 -1.00000 0.95424 0.13942 0.26455 0.00000 0.00000 -1.00000 0.64935 0.71861 0.24890 0.00000 0.00000 -1.00000 -0.21481 0.94842 0.23316 0.00000 0.00000 -1.00000 -0.54029 0.80954 0.22962 0.00000 0.00000 -1.00000 -0.94229 0.22779 0.24535 -0.00000 0.00000 -1.00000 -0.84208 -0.47808 0.24970 0.00000 0.00000 -1.00000 -0.87535 0.27471 0.39788 -0.00000 0.00000 -1.00000 -0.86621 -0.30296 0.39737 0.00000 0.00000 -1.00000 -0.45389 -0.79864 0.39516 0.00000 0.00000 -1.00000 0.14854 -0.90146 0.40659 0.00000 -0.00000 -1.00000 0.72443 -0.55155 0.41352 0.00000 0.00000 -1.00000 0.91320 0.08339 0.39889 0.00000 0.00000 -1.00000 0.67116 0.62309 0.40162 0.00000 0.00000 -1.00000 0.21590 0.88886 0.40412 0.00000 0.00000 -1.00000 -0.54112 0.74201 0.39573 0.00000 0.00000 -1.00000 -0.45831 0.87769 0.14003 0.00000 0.00000 -1.00000 -0.84771 0.50753 0.15428 0.00000 0.00000 -1.00000 -0.79618 -0.58949 0.13638 -0.00000 0.00000 -1.00000 -0.71630 -0.68476 0.13423 0.00000 0.00000 -1.00000 0.11428 -0.98499 0.12939 0.00000 -0.00000 -1.00000 0.39453 -0.90926 0.13260 0.00000 0.00000 -1.00000 0.99022 0.02467 0.13734 0.00000 0.00000 -1.00000 0.86330 0.48283 0.14696 0.00000 0.00000 -1.00000 0.19018 0.97227 0.13611 0.00000 0.00000 -1.00000 -0.46107 -0.79359 0.39702 0.00000 0.00000 -1.00000 -0.02169 -0.91145 0.41084 0.00000 -0.00000 -1.00000 0.79095 -0.45632 0.40764 0.00000 0.00000 -1.00000 0.91375 -0.06445 0.40113 0.00000 0.00000 -1.00000 0.72906 0.54308 0.41657 0.00000 0.00000 -1.00000 0.17534 0.89014 0.42060 0.00000 0.00000 -1.00000 -0.40654 0.81363 0.41561 0.00000 0.00000 -1.00000 -0.85539 0.32644 0.40217 0.00000 0.00000 -1.00000 -0.84818 -0.34992 0.39768 -0.00000 0.00000 -1.00000 0.31039 -0.92038 0.23782 0.00000 0.00000 -1.00000 0.70837 -0.66459 0.23777 0.00000 0.00000 -1.00000 0.95438 0.19115 0.22941 0.00000 0.00000 -1.00000 0.77480 0.58759 0.23327 0.00000 0.00000 -1.00000 0.30707 0.92028 0.24248 0.00000 0.00000 -1.00000 -0.73266 0.64335 0.22206 0.00000 0.00000 -1.00000 -0.84755 0.48246 0.22112 -0.00000 0.00000 -1.00000 -0.84216 -0.47100 0.26253 0.00000 0.00000 -1.00000 -0.33375 -0.91273 0.23564 0.00000 -0.00000 -1.00000 -0.88372 0.34818 0.31275 0.00000 0.00000 -1.00000 -0.91592 0.24830 0.31534 -0.00000 0.00000 -1.00000 -0.72587 -0.58867 0.35578 0.00000 0.00000 -1.00000 -0.08442 -0.93483 0.34492 0.00000 -0.00000 -1.00000 0.45487 -0.82144 0.34400 0.00000 0.00000 -1.00000 0.88970 -0.28966 0.35289 0.00000 0.00000 -1.00000 0.78305 0.52708 0.33019 0.00000 0.00000 -1.00000 0.51784 0.79120 0.32532 0.00000 0.00000 -1.00000 -0.37490 0.86020 0.34569 0.00000 0.00000 -1.00000 0.95819 0.14385 0.24735 0.00000 0.00000 -1.00000 0.61529 0.74280 0.26395 0.00000 0.00000 -1.00000 -0.11697 0.95866 0.25940 0.00000 0.00000 -1.00000 -0.65719 0.70671 0.26204 0.00000 0.00000 -1.00000 -0.95260 0.13850 0.27086 -0.00000 0.00000 -1.00000 -0.77649 -0.56701 0.27489 0.00000 0.00000 -1.00000 -0.21623 -0.93986 0.26440 0.00000 -0.00000 -1.00000 0.54198 -0.80163 0.25229 0.00000 0.00000 -1.00000 0.87270 -0.42709 0.23661 0.00000 0.00000 -1.00000 0.48371 0.80888 0.33426 0.00000 0.00000 -1.00000 -0.22865 0.91400 0.33516 0.00000 0.00000 -1.00000 -0.79573 0.50017 0.34154 0.00000 0.00000 -1.00000 -0.93476 -0.09119 0.34337 -0.00000 0.00000 -1.00000 -0.56938 -0.75376 0.32811 0.00000 0.00000 -1.00000 -0.08805 -0.94149 0.32535 0.00000 -0.00000 -1.00000 0.61903 -0.71987 0.31399 0.00000 0.00000 -1.00000 0.90013 -0.28902 0.32595 0.00000 0.00000 -1.00000 0.76874 0.54771 0.33024 0.00000 0.00000 -1.00000 0.78957 -0.57417 0.21657 0.00000 0.00000 -1.00000 0.97621 0.04963 0.21106 0.00000 0.00000 -1.00000 0.74977 0.62222 0.22515 0.00000 0.00000 -1.00000 0.25660 0.94050 0.22277 0.00000 0.00000 -1.00000 -0.61083 0.76428 0.20676 0.00000 0.00000 -1.00000 -0.82382 0.52551 0.21251 -0.00000 0.00000 -1.00000 -0.68647 -0.69716 0.20671 0.00000 0.00000 -1.00000 -0.66996 -0.71317 0.20627 0.00000 0.00000 -1.00000 0.04013 -0.96958 0.24147 0.00000 -0.00000 -1.00000 -0.55064 0.62554 0.55271 0.00000 0.00000 -1.00000 -0.83848 0.02943 0.54414 -0.00000 0.00000 -1.00000 -0.74122 -0.38573 0.54937 0.00000 0.00000 -1.00000 -0.25275 -0.78364 0.56747 0.00000 -0.00000 -1.00000 0.33252 -0.75817 0.56090 0.00000 0.00000 -1.00000 0.75397 -0.37165 0.54167 0.00000 0.00000 -1.00000 0.81899 0.18421 0.54343 0.00000 0.00000 -1.00000 0.58415 0.59809 0.54869 0.00000 0.00000 -1.00000 -0.03697 0.83052 0.55576 0.00000 0.00000 -1.00000 0.53542 0.77387 0.33831 0.00000 0.00000 -1.00000 -0.46672 0.82455 0.31983 0.00000 0.00000 -1.00000 -0.67371 0.66709 0.31797 0.00000 0.00000 -1.00000 -0.88918 -0.31128 0.33536 -0.00000 0.00000 -1.00000 -0.68006 -0.65552 0.32837 0.00000 0.00000 -1.00000 -0.08249 -0.94120 0.32763 0.00000 -0.00000 -1.00000 0.56840 -0.75433 0.32849 0.00000 0.00000 -1.00000 0.90789 -0.22292 0.35501 0.00000 0.00000 -1.00000 0.71826 0.61117 0.33252 0.00000 0.00000 -1.00000 -0.75737 -0.56520 0.32701 0.00000 0.00000 -1.00000 -0.30677 -0.89113 0.33432 0.00000 -0.00000 -1.00000 0.36403 -0.86159 0.35375 0.00000 0.00000 -1.00000 0.85605 -0.38302 0.34709 0.00000 0.00000 -1.00000 0.91312 0.21618 0.34565 0.00000 0.00000 -1.00000 0.54741 0.76371 0.34218 0.00000 0.00000 -1.00000 0.00045 0.94212 0.33527 0.00000 0.00000 -1.00000 -0.66476 0.66509 0.34022 0.00000 0.00000 -1.00000 -0.93413 0.10641 0.34070 -0.00000 0.00000 -1.00000 -0.97250 0.16211 0.16724 -0.00000 0.00000 -1.00000 -0.86528 -0.47365 0.16414 0.00000 0.00000 -1.00000 -0.27872 -0.94526 0.16970 0.00000 -0.00000 -1.00000 0.51359 -0.84400 0.15458 0.00000 0.00000 -1.00000 0.95955 -0.23287 0.15824 0.00000 0.00000 -1.00000 0.89856 0.41135 0.15290 0.00000 0.00000 -1.00000 0.57641 0.80428 0.14451 0.00000 0.00000 -1.00000 -0.49066 0.86091 0.13453 0.00000 0.00000 -1.00000 -0.48109 0.86627 0.13461 0.00000 0.00000 -1.00000 0.96310 0.08476 0.25546 0.00000 0.00000 -1.00000 0.71688 0.64569 0.26299 0.00000 0.00000 -1.00000 0.15643 0.95267 0.26068 0.00000 0.00000 -1.00000 -0.60209 0.74951 0.27517 0.00000 0.00000 -1.00000 -0.90364 0.32519 0.27874 -0.00000 0.00000 -1.00000 -0.82866 -0.48753 0.27504 0.00000 0.00000 -1.00000 -0.36358 -0.89539 0.25708 0.00000 0.00000 -1.00000 0.08446 -0.96040 0.26551 0.00000 -0.00000 -1.00000 0.84721 -0.45611 0.27239 0.00000 0.00000 -1.00000 0.16625 0.86820 0.46753 0.00000 0.00000 -1.00000 -0.30459 0.83083 0.46577 0.00000 0.00000 -1.00000 -0.81383 0.34713 0.46604 0.00000 0.00000 -1.00000 -0.86910 -0.17135 0.46401 -0.00000 0.00000 -1.00000 -0.49408 -0.72571 0.47879 0.00000 0.00000 -1.00000 0.15971 -0.86749 0.47111 0.00000 -0.00000 -1.00000 0.64918 -0.60778 0.45735 0.00000 0.00000 -1.00000 0.87762 -0.11165 0.46618 0.00000 0.00000 -1.00000 0.71719 0.50231 0.48304 0.00000 0.00000 -1.00000 -0.87764 -0.13304 0.46049 -0.00000 0.00000 -1.00000 -0.51119 -0.72151 0.46701 0.00000 0.00000 -1.00000 0.02380 -0.88752 0.46015 0.00000 -0.00000 -1.00000 0.60734 -0.63790 0.47352 0.00000 0.00000 -1.00000 0.88344 -0.10603 0.45640 0.00000 0.00000 -1.00000 0.79097 0.41880 0.44607 0.00000 0.00000 -1.00000 0.11319 0.88799 0.44571 0.00000 0.00000 -1.00000 -0.25267 0.86075 0.44189 0.00000 0.00000 -1.00000 -0.75303 0.47415 0.45621 0.00000 0.00000 -1.00000 -0.85541 -0.34924 0.38251 0.00000 0.00000 -1.00000 -0.42871 -0.82142 0.37613 0.00000 0.00000 -1.00000 0.22643 -0.90260 0.36611 0.00000 -0.00000 -1.00000 0.68293 -0.62805 0.37304 0.00000 0.00000 -1.00000 0.92353 0.13546 0.35882 0.00000 0.00000 -1.00000 0.67396 0.64664 0.35725 0.00000 0.00000 -1.00000 0.06239 0.93285 0.35483 0.00000 0.00000 -1.00000 -0.38908 0.84476 0.36742 0.00000 0.00000 -1.00000 -0.89167 0.24852 0.37838 -0.00000 0.00000 -1.00000 0.96510 -0.20722 0.16012 0.00000 0.00000 -1.00000 0.97347 0.16878 0.15449 0.00000 0.00000 -1.00000 0.52039 0.83732 0.16758 0.00000 0.00000 -1.00000 -0.00550 0.98798 0.15449 0.00000 0.00000 -1.00000 -0.77334 0.61599 0.15001 0.00000 0.00000 -1.00000 -0.93316 0.32698 0.14933 -0.00000 0.00000 -1.00000 -0.89705 -0.40801 0.16981 0.00000 0.00000 -1.00000 -0.06222 -0.98376 0.16834 0.00000 -0.00000 -1.00000 0.35122 -0.92261 0.15951 0.00000 0.00000 -1.00000 -0.36549 -0.90846 0.20276 0.00000 0.00000 -1.00000 0.39832 -0.89535 0.19922 0.00000 -0.00000 -1.00000 0.91281 -0.36365 0.18585 0.00000 0.00000 -1.00000 0.98116 0.03549 0.18991 0.00000 0.00000 -1.00000 0.59702 0.78150 0.18118 0.00000 0.00000 -1.00000 -0.46720 0.86607 0.17789 0.00000 0.00000 -1.00000 -0.54725 0.81848 0.17493 0.00000 0.00000 -1.00000 -0.97489 0.12376 0.18514 -0.00000 0.00000 -1.00000 -0.76259 -0.61771 0.19207 0.00000 0.00000 -1.00000 -0.59279 -0.77847 0.20638 0.00000 0.00000 -1.00000 0.12669 -0.97050 0.20512 0.00000 -0.00000 -1.00000 0.53927 -0.81272 0.22062 0.00000 0.00000 -1.00000 0.97483 0.00826 0.22280 0.00000 0.00000 -1.00000 0.88582 0.40942 0.21838 0.00000 0.00000 -1.00000 0.17284 0.95533 0.23974 0.00000 0.00000 -1.00000 -0.43216 0.87257 0.22772 0.00000 0.00000 -1.00000 -0.83724 0.49489 0.23262 0.00000 0.00000 -1.00000 -0.91356 -0.34186 0.22030 -0.00000 0.00000 -1.00000 -0.90301 -0.37646 0.20702 -0.00000 0.00000 -1.00000 -0.76249 -0.61201 0.20990 0.00000 0.00000 -1.00000 0.25622 -0.94251 0.21452 0.00000 -0.00000 -1.00000 0.55345 -0.80484 0.21432 0.00000 0.00000 -1.00000 0.96089 0.18024 0.21026 0.00000 0.00000 -1.00000 0.70563 0.68424 0.18410 0.00000 0.00000 -1.00000 0.21175 0.95808 0.19301 0.00000 0.00000 -1.00000 -0.31936 0.92034 0.22581 0.00000 0.00000 -1.00000 -0.91553 0.33180 0.22741 0.00000 0.00000 -1.00000 0.48990 -0.73907 0.46235 0.00000 0.00000 -1.00000 0.79562 -0.39198 0.46189 0.00000 0.00000 -1.00000 0.83329 0.28335 0.47470 0.00000 0.00000 -1.00000 0.41709 0.77383 0.47668 0.00000 0.00000 -1.00000 -0.08322 0.87755 0.47221 0.00000 0.00000 -1.00000 -0.73076 0.49131 0.47393 0.00000 0.00000 -1.00000 -0.87577 0.07394 0.47703 -0.00000 0.00000 -1.00000 -0.62562 -0.61919 0.47455 0.00000 0.00000 -1.00000 -0.24511 -0.84732 0.47114 0.00000 -0.00000 -1.00000 -0.95318 0.25306 0.16557 -0.00000 0.00000 -1.00000 -0.75463 -0.62776 0.19092 0.00000 0.00000 -1.00000 -0.26238 -0.94594 0.19065 0.00000 -0.00000 -1.00000 0.73209 -0.66098 0.16476 0.00000 0.00000 -1.00000 0.70294 -0.69176 0.16535 0.00000 0.00000 -1.00000 0.87847 0.44007 0.18607 0.00000 0.00000 -1.00000 0.45162 0.87826 0.15714 0.00000 0.00000 -1.00000 -0.05013 0.98525 0.16364 0.00000 0.00000 -1.00000 -0.90014 0.40151 0.16895 0.00000 0.00000 -1.00000 -0.96296 -0.20869 0.17075 -0.00000 0.00000 -1.00000 -0.75971 -0.62846 0.16697 0.00000 0.00000 -1.00000 0.30348 -0.93664 0.17497 0.00000 -0.00000 -1.00000 0.79535 -0.58535 0.15741 0.00000 0.00000 -1.00000 0.90822 -0.38671 0.16000 0.00000 0.00000 -1.00000 0.89818 0.40548 0.16988 0.00000 0.00000 -1.00000 0.26898 0.95000 0.15858 0.00000 0.00000 -1.00000 -0.09996 0.98223 0.15885 0.00000 0.00000 -1.00000 -0.90067 0.40020 0.16923 0.00000 0.00000 -1.00000 -0.87993 0.02567 0.47441 -0.00000 0.00000 -1.00000 -0.61945 -0.63338 0.46380 0.00000 0.00000 -1.00000 -0.24904 -0.84936 0.46537 0.00000 -0.00000 -1.00000 0.53342 -0.72151 0.44146 0.00000 0.00000 -1.00000 0.83227 -0.33455 0.44205 0.00000 0.00000 -1.00000 0.85178 0.28817 0.43753 0.00000 0.00000 -1.00000 0.33971 0.82977 0.44281 0.00000 0.00000 -1.00000 -0.02678 0.89877 0.43760 0.00000 0.00000 -1.00000 -0.70292 0.54079 0.46200 0.00000 0.00000 -1.00000 0.75226 0.63081 0.19021 0.00000 0.00000 -1.00000 -0.09117 0.97905 0.18205 0.00000 0.00000 -1.00000 -0.27512 0.94353 0.18458 0.00000 0.00000 -1.00000 -0.94960 0.24691 0.19313 0.00000 0.00000 -1.00000 -0.96578 -0.18300 0.18379 -0.00000 0.00000 -1.00000 -0.61608 -0.76518 0.18695 0.00000 0.00000 -1.00000 0.09144 -0.97818 0.18653 0.00000 -0.00000 -1.00000 0.69248 -0.69460 0.19491 0.00000 0.00000 -1.00000 0.98055 0.01428 0.19574 0.00000 0.00000 -1.00000 0.18589 0.90654 0.37898 0.00000 0.00000 -1.00000 -0.34281 0.86002 0.37795 0.00000 0.00000 -1.00000 -0.83363 0.39861 0.38232 0.00000 0.00000 -1.00000 -0.88461 -0.25375 0.39125 -0.00000 0.00000 -1.00000 -0.58165 -0.70740 0.40158 0.00000 0.00000 -1.00000 0.16322 -0.90299 0.39745 0.00000 -0.00000 -1.00000 0.59843 -0.70089 0.38812 0.00000 0.00000 -1.00000 0.91883 -0.02628 0.39379 0.00000 0.00000 -1.00000 0.77306 0.49290 0.39929 0.00000 0.00000 -1.00000 0.80224 0.51802 0.29676 0.00000 0.00000 -1.00000 0.11587 0.94315 0.31150 0.00000 0.00000 -1.00000 -0.32303 0.89466 0.30859 0.00000 0.00000 -1.00000 -0.87240 0.38166 0.30536 0.00000 0.00000 -1.00000 -0.92563 -0.23011 0.30042 -0.00000 0.00000 -1.00000 -0.66784 -0.67631 0.31079 0.00000 0.00000 -1.00000 0.02735 -0.94721 0.31944 0.00000 -0.00000 -1.00000 0.82701 -0.47472 0.30117 0.00000 0.00000 -1.00000 0.95812 0.00208 0.28636 0.00000 0.00000 -1.00000 0.83745 -0.05208 0.54402 0.00000 0.00000 -1.00000 0.75974 0.34539 0.55091 0.00000 0.00000 -1.00000 0.29883 0.77213 0.56082 0.00000 0.00000 -1.00000 -0.34884 0.74011 0.57493 0.00000 0.00000 -1.00000 -0.71672 0.40071 0.57074 0.00000 0.00000 -1.00000 -0.79974 -0.20119 0.56563 -0.00000 0.00000 -1.00000 -0.45572 -0.69328 0.55829 0.00000 0.00000 -1.00000 0.00432 -0.84239 0.53885 0.00000 -0.00000 -1.00000 0.51613 -0.66432 0.54064 0.00000 0.00000 -1.00000</float_array><technique_common><accessor source="#normals-array" count="8190" stride="3"><param name="X" type="float"/><param name="Y" type="float"/><param name="Z" type="float"/></accessor></technique_common></source>
<vertices id="vertices"><input semantic="POSITION" source="#positions"/></vertices><triangles count="8190"><input semantic="VERTEX" source="#vertices" offset="0"/><input semantic="NORMAL" source="#normals" offset="1"/><p>0 0 1 0 9 0 10 1 1 1 0 1 1 2 2 2 9 2 10 3 2 3 1 3 2 4 3 4 9 4 10 5 3 5 2 5 3 6 4 6 9 6 10 7 4 7 3 7 4 8 5 8 9 8 10 9 5 9 4 9 5 10 6 10 9 10 10 11 6 11 5 11 6 12 7 12 9 12 10 13 7 13 6 13 7 14 8 14 9 14 10 15 8 15 7 15 8 16 0 16 9 16 10 17 0 17 8 17 11 18 12 18 20 18 21 19 12 19 11 19 12 20 13 20 20 20 21 21 13 21 12 21 13 22 14 22 20 22 21 23 14 23 13 23 14 24 15 24 20 24 21 25 15 25 14 25 15 26 16 26 20 26 21 27 16 27 15 27 16 28 17 28 20 28 21 29 17 29 16 29 17 30 18 30 20 30 21 31 18 31 17 31 18 32 19 32 20 32 21 33 19 33 18 33 19 34 11 34 20 34 21 35 11 35 19 35 22 36 23 36 31 36 32 37 23 37 22 37 23 38 24 38 31 38 32 39 24 39 23 39 24 40 25 40 31 40 32 41 25 41 24 41 25 42 26 42 31 42 32 43 26 43 25 43 26 44 27 44 31 44 32 45 27 45 26 45 27 46 28 46 31 46 32 47 28 47 27 47 28 48 29 48 31 48 32 49 29 49 28 49 29 50 30 50 31 50 32 51 30 51 29 51 30 52 22 52 31 52 32 53 22 53 30 53 33 54 34 54 42 54 43 55 34 55 33 55 34 56 35 56 42 56 43 57 35 57 34 57 35 58 36 58 42 58 43 59 36 59 35 59 36 60 37 60 42 60 43 61 37 61 36 61 37 62 38 62 42 62 43 63 38 63 37 63 38 64 39 64 42 64 43 65 39 65 38 65 39 66 40 66 42 66 43 67 40 67 39 67 40 68 41 68 42 68 43 69 41 69 40 69 41 70 33 70 42 70 43 71 33 71 41 71 44 72 45 72 53 72 54 73 45 73 44 73 45 74 46 74 53 74 54 75 46 75 45 75 46 76 47 76 53 76 54 77 47 77 46 77 47 78 48 78 53 78 54 79 48 79 47 79 48 80 49 80 53 80 54 81 49 81 48 81 49 82 50 82 53 82 54 83 50 83 49 83 50 84 51 84 53 84 54 85 51 85 50 85 51 86 52 86 53 86 54 87 52 87 51 87 52 88 44 88 53 88 54 89 44 89 52 89 55 90 56 90 64 90 65 91 56 91 55 91 56 92 57 92 64 92 65 93 57 93 56 93 57 94 58 94 64 94 65 95 58 95 57 95 58 96 59 96 64 96 65 97 59 97 58 97 59 98 60 98 64 98 65 99 60 99 59 99 60 100 61 100 64 100 65 101 61 101 60 101 61 102 62 102 64 102 65 103 62 103 61 103 62 104 63 104 64 104 65 105 63 105 62 105 63 106 55 106 64 106 65 107 55 107 63 107 66 108 67 108 75 108 76 109 67 109 66 109 67 110 68 110 75 110 76 111 68 111 67 111 68 112 69 112 75 112 76 113 69 113 68 113 69 114 70 114 75 114 76 115 70 115 69 115 70 116 71 116 75 116 76 117 71 117 70 117 71 118 72 118 75 118 76 119 72 119 71 119 72 120 73 120 75 120 76 121 73 121 72 121 73 122 74 122 75 122 76 123 74 123 73 123 74 124 66 124 75 124 76 125 66 125 74 125 77 126 78 126 86 126 87 127 78 127 77 127 78 128 79 128 86 128 87 129 79 129 78 129 79 130 80 130 86 130 87 131 80 131 79 131 80 132 81 132 86 132 87 133 81 133 80 133 81 134 82 134 86 134 87 135 82 135 81 135 82 136 83 136 86 136 87 137 83 137 82 137 83 138 84 138 86 138 87 139 84 139 83 139 84 140 85 140 86 140 87 141 85 141 84 141 85 142 77 142 86 142 87 143 77 143 85 143 88 144 89 144 97 144 98 145 89 145 88 145 89 146 90 146 97 146 98 147 90 147 89 147 90 148 91 148 97 148 98 149 91 149 90 149 91 150 92 150 97 150 98 151 92 151 91 151 92 152 93 152 97 152 98 153 93 153 92 153 93 154 94 154 97 154 98 155 94 155 93 155 94 156 95 156 97 156 98 157 95 157 94 157 95 158 96 158 97 158 98 159 96 159 95 159 96 160 88 160 97 160 98 161 88 161 96 161 99 162 100 162 108 162 109 163 100 163 99 163 100 164 101 164 108 164 109 165 101 165 100 165 101 166 102 166 108 166 109 167 102 167 101 167 102 168 103 168 108 168 109 169 103 169 102 169 103 170 104 170 108 170 109 171 104 171 103 171 104 172 105 172 108 172 109 173 105 173 104 173 105 174 106 174 108 174 109 175 106 175 105 175 106 176 107 176 108 176 109 177 107 177 106 177 107 178 99 178 108 178 109 179 99 179 107 179 110 180 111 180 119 180 120 181 111 181 110 181 111 182 112 182 119 182 120 183 112 183 111 183 112 184 113 184 119 184 120 185 113 185 112 185 113 186 114 186 119 186 120 187 114 187 113 187 114 188 115 188 119 188 120 189 115 189 114 189 115 190 116 190 119 190 120 191 116 191 115 191 116 192 117 192 119 192 120 193 117 193 116 193 117 194 118 194 119 194 120 195 118 195 117 195 118 196 110 196 119 196 120 197 110 197 118 197 121 198 122 198 130 198 131 199 122 199 121 199 122 200 123 200 130 200 131 201 123 201 122 201 123 202 124 202 130 202 131 203 124 203 123 203 124 204 125 204 130 204 131 205 125 205 124 205 125 206 126 206 130 206 131 207 126 207 125 207 126 208 127 208 130 208 131 209 127 209 126 209 127 210 128 210 130 210 131 211 128 211 127 211 128 212 129 212 130 212 131 213 129 213 128 213 129 214 121 214 130 214 131 215 121 215 129 215 132 216 133 216 141 216 142 217 133 217 132 217 133 218 134 218 141 218 142 219 134 219 133 219 134 220 135 220 141 220 142 221 135 221 134 221 135 222 136 222 141 222 142 223 136 223 135 223 136 224 137 224 141 224 142 225 137 225 136 225 137 226 138 226 141 226 142 227 138 227 137 227 138 228 139 228 141 228 142 229 139 229 138 229 139 230 140 230 141 230 142 231 140 231 139 231 140 232 132 232 141 232 142 233 132 233 140 233 143 234 144 234 152 234 153 235 144 235 143 235 144 236 145 236 152 236 153 237 145 237 144 237 145 238 146 238 152 238 153 239 146 239 145 239 146 240 147 240 152 240 153 241 147 241 146 241 147 242 148 242 152 242 153 243 148 243 147 243 148 244 149 244 152 244 153 245 149 245 148 245 149 246 150 246 152 246 153 247 150 247 149 247 150 248 151 248 152 248 153 249 151 249 150 249 151 250 143 250 152 250 153 251 143 251 151 251 154 252 155 252 163 252 164 253 155 253 154 253 155 254 156 254 163 254 164 255 156 255 155 255 156 256 157 256 163 256 164 257 157 257 156 257 157 258 158 258 163 258 164 259 158 259 157 259 158 260 159 260 163 260 164 261 159 261 158 261 159 262 160 262 163 262 164 263 160 263 159 263 160 264 161 264 163 264 164 265 161 265 160 265 161 266 162 266 163 266 164 267 162 267 161 267 162 268 154 268 163 268 164 269 154 269 162 269 165 270 166 270 174 270 175 271 166 271 165 271 166 272 167 272 174 272 175 273 167 273 166 273 167 274 168 274 174 274 175 275 168 275 167 275 168 276 169 276 174 276 175 277 169 277 168 277 169 278 170 278 174 278 175 279 170 279 169 279 170 280 171 280 174 280 175 281 171 281 170 281 171 282 172 282 174 282 175 283 172 283 171 283 172 284 173 284 174 284 175 285 173 285 172 285 173 286 165 286 174 286 175 287 165 287 173 287 176 288 177 288 185 288 186 289 177 289 176 289 177 290 178 290 185 290 186 291 178 291 177 291 178 292 179 292 185 292 186 293 179 293 178 293 179 294 180 294 185 294 186 295 180 295 179 295 180 296 181 296 185 296 186 297 181 297 180 297 181 298 182 298 185 298 186 299 182 299 181 299 182 300 183 300 185 300 186 301 183 301 182 301 183 302 184 302 185 302 186 303 184 303 183 303 184 304 176 304 185 304 186 305 176 305 184 305 187 306 188 306 196 306 197 307 188 307 187 307 188 308 189 308 196 308 197 309 189 309 188 309 189 310 190 310 196 310 197 311 190 311 189 311 190 312 191 312 196 312 197 313 191 313 190 313 191 314 192 314 196 314 197 315 192 315 191 315 192 316 193 316 196 316 197 317 193 317 192 317 193 318 194 318 196 318 197 319 194 319 193 319 194 320 195 320 196 320 197 321 195 321 194 321 195 322 187 322 196 322 197 323 187 323 195 323 198 324 199 324 207 324 208 325 199 325 198 325 199 326 200 326 207 326 208 327 200 327 199 327 200 328 201 328 207 328 208 329 201 329 200 329 201 330 202 330 207 330 208 331 202 331 201 331 202 332 203 332 207 332 208 333 203 333 202 333 203 334 204 334 207 334 208 335 204 335 203 335 204 336 205 336 207 336 208 337 205 337 204 337 205 338 206 338 207 338 208 339 206 339 205 339 206 340 198 340 207 340 208 341 198 341 206 341 209 342 210 342 218 342 219 343 210 343 209 343 210 344 211 344 218 344 219 345 211 345 210 345 211 346 212 346 218 346 219 347 212 347 211 347 212 348 213 348 218 348 219 349 213 349 212 349 213 350 214 350 218 350 219 351 214 351 213 351 214 352 215 352 218 352 219 353 215 353 214 353 215 354 216 354 218 354 219 355 216 355 215 355 216 356 217 356 218 356 219 357 217 357 216 357 217 358 209 358 218 358 219 359 209 359 217 359 220 360 221 360 229 360 230 361 221 361 220 361 221 362 222 362 229 362 230 363 222 363 221 363 222 364 223 364 229 364 230 365 223 365 222 365 223 366 224 366 229 366 230 367 224 367 223 367 224 368 225 368 229 368 230 369 225 369 224 369 225 370 226 370 229 370 230 371 226 371 225 371 226 372 227 372 229 372 230 373 227 373 226 373 227 374 228 374 229 374 230 375 228 375 227 375 228 376 220 376 229 376 230 377 220 377 228 377 231 378 232 378 240 378 241 379 232 379 231 379 232 380 233 380 240 380 241 381 233 381 232 381 233 382 234 382 240 382 241 383 234 383 233 383 234 384 235 384 240 384 241 385 235 385 234 385 235 386 236 386 240 386 241 387 236 387 235 387 236 388 237 388 240 388 241 389 237 389 236 389 237 390 238 390 240 390 241 391 238 391 237 391 238 392 239 392 240 392 241 393 239 393 238 393 239 394 231 394 240 394 241 395 231 395 239 395 242 396 243 396 251 396 252 397 243 397 242 397 243 398 244 398 251 398 252 399 244 399 243 399 244 400 245 400 251 400 252 401 245 401 244 401 245 402 246 402 251 402 252 403 246 403 245 403 246 404 247 404 251 404 252 405 247 405 246 405 247 406 248 406 251 406 252 407 248 407 247 407 248 408 249 408 251 408 252 409 249 409 248 409 249 410 250 410 251 410 252 411 250 411 249 411 250 412 242 412 251 412 252 413 242 413 250 413 253 414 254 414 262 414 263 415 254 415 253 415 254 416 255 416 262 416 263 417 255 417 254 417 255 418 256 418 262 418 263 419 256 419 255 419 256 420 257 420 262 420 263 421 257 421 256 421 257 422 258 422 262 422 263 423 258 423 257 423 258 424 259 424 262 424 263 425 259 425 258 425 259 426 260 426 262 426 263 427 260 427 259 427 260 428 261 428 262 428 263 429 261 429 260 429 261 430 253 430 262 430 263 431 253 431 261 431 264 432 265 432 273 432 274 433 265 433 264 433 265 434 266 434 273 434 274 435 266 435 265 435 266 436 267 436 273 436 274 437 267 437 266 437 267 438 268 438 273 438 274 439 268 439 267 439 268 440 269 440 273 440 274 441 269 441 268 441 269 442 270 442 273 442 274 443 270 443 269 443 270 444 271 444 273 444 274 445 271 445 270 445 271 446 272 446 273 446 274 447 272 447 271 447 272 448 264 448 273 448 274 449 264 449 272 449 275 450 276 450 284 450 285 451 276 451 275 451 276 452 277 452 284 452 285 453 277 453 276 453 277 454 278 454 284 454 285 455 278 455 277 455 278 456 279 456 284 456 285 457 279 457 278 457 279 458 280 458 284 458 285 459 280 459 279 459 280 460 281 460 284 460 285 461 281 461 280 461 281 462 282 462 284 462 285 463 282 463 281 463 282 464 283 464 284 464 285 465 283 465 282 465 283 466 275 466 284 466 285 467 275 467 283 467 286 468 287 468 295 468 296 469 287 469 286 469 287 470 288 470 295 470 296 471 288 471 287 471 288 472 289 472 295 472 296 473 289 473 288 473 289 474 290 474 295 474 296 475 290 475 289 475 290 476 291 476 295 476 296 477 291 477 290 477 291 478 292 478 295 478 296 479 292 479 291 479 292 480 293 480 295 480 296 481 293 481 292 481 293 482 294 482 295 482 296 483 294 483 293 483 294 484 286 484 295 484 296 485 286 485 294 485 297 486 298 486 306 486 307 487 298 487 297 487 298 488 299 488 306 488 307 489 299 489 298 489 299 490 300 490 306 490 307 491 300 491 299 491 300 492 301 492 306 492 307 493 301 493 300 493 301 494 302 494 306 494 307 495 302 495 301 495 302 496 303 496 306 496 307 497 303 497 302 497 303 498 304 498 306 498 307 499 304 499 303 499 304 500 305 500 306 500 307 501 305 501 304 501 305 502 297 502 306 502 307 503 297 503 305 503 308 504 309 504 317 504 318 505 309 505 308 505 309 506 310 506 317 506 318 507 310 507 309 507 310 508 311 508 317 508 318 509 311 509 310 509 311 510 312 510 317 510 318 511 312 511 311 511 312 512 313 512 317 512 318 513 313 513 312 513 313 514 314 514 317 514 318 515 314 515 313 515 314 516 315 516 317 516 318 517 315 517 314 517 315 518 316 518 317 518 318 519 316 519 315 519 316 520 308 520 317 520 318 521 308 521 316 521 319 522 320 522 328 522 329 523 320 523 319 523 320 524 321 524 328 524 329 525 321 525 320 525 321 526 322 526 328 526 329 527 322 527 321 527 322 528 323 528 328 528 329 529 323 529 322 529 323 530 324 530 328 530 329 531 324 531 323 531 324 532 325 532 328 532 329 533 325 533 324 533 325 534 326 534 328 534 329 535 326 535 325 535 326 536 327 536 328 536 329 537 327 537 326 537 327 538 319 538 328 538 329 539 319 539 327 539 330 540 331 540 339 540 340 541 331 541 330 541 331 542 332 542 339 542 340 543 332 543 331 543 332 544 333 544 339 544 340 545 333 545 332 545 333 546 334 546 339 546 340 547 334 547 333 547 334 548 335 548 339 548 340 549 335 549 334 549 335 550 336 550 339 550 340 551 336 551 335 551 336 552 337 552 339 552 340 553 337 553 336 553 337 554 338 554 339 554 340 555 338 555 337 555 338 556 330 556 339 556 340 557 330 557 338 557 341 558 342 558 350 558 351 559 342 559 341 559 342 560 343 560 350 560 351 561 343 561 342 561 343 562 344 562 350 562 351 563 344 563 343 563 344 564 345 564 350 564 351 565 345 565 344 565 345 566 346 566 350 566 351 567 346 567 345 567 346 568 347 568 350 568 351 569 347 569 346 569 347 570 348 570 350 570 351 571 348 571 347 571 348 572 349 572 350 572 351 573 349 573 348 573 349 574 341 574 350 574 351 575 341 575 349 575 352 576 353 576 361 576 362 577 353 577 352 577 353 578 354 578 361 578 362 579 354 579 353 579 354 580 355 580 361 580 362 581 355 581 354 581 355 582 356 582 361 582 362 583 356 583 355 583 356 584 357 584 361 584 362 585 357 585 356 585 357 586 358 586 361 586 362 587 358 587 357 587 358 588 359 588 361 588 362 589 359 589 358 589 359 590 360 590 361 590 362 591 360 591 359 591 360 592 352 592 361 592 362 593 352 593 360 593 363 594 364 594 372 594 373 595 364 595 363 595 364 596 365 596 372 596 373 597 365 597 364 597 365 598 366 598 372 598 373 599 366 599 365 599 366 600 367 600 372 600 373 601 367 601 366 601 367 602 368 602 372 602 373 603 368 603 367 603 368 604 369 604 372 604 373 605 369 605 368 605 369 606 370 606 372 606 373 607 370 607 369 607 370 608 371 608 372 608 373 609 371 609 370 609 371 610 363 610 372 610 373 611 363 611 371 611 374 612 375 612 383 612 384 613 375 613 374 613 375 614 376 614 383 614 384 615 376 615 375 615 376 616 377 616 383 616 384 617 377 617 376 617 377 618 378 618 383 618 384 619 378 619 377 619 378 620 379 620 383 620 384 621 379 621 378 621 379 622 380 622 383 622 384 623 380 623 379 623 380 624 381 624 383 624 384 625 381 625 380 625 381 626 382 626 383 626 384 627 382 627 381 627 382 628 374 628 383 628 384 629 374 629 382 629 385 630 386 630 394 630 395 631 386 631 385 631 386 632 387 632 394 632 395 633 387 633 386 633 387 634 388 634 394 634 395 635 388 635 387 635 388 636 389 636 394 636 395 637 389 637 388 637 389 638 390 638 394 638 395 639 390 639 389 639 390 640 391 640 394 640 395 641 391 641 390 641 391 642 392 642 394 642 395 643 392 643 391 643 392 644 393 644 394 644 395 645 393 645 392 645 393 646 385 646 394 646 395 647 385 647 393 647 396 648 397 648 405 648 406 649 397 649 396 649 397 650 398 650 405 650 406 651 398 651 397 651 398 652 399 652 405 652 406 653 399 653 398 653 399 654 400 654 405 654 406 655 400 655 399 655 400 656 401 656 405 656 406 657 401 657 400 657 401 658 402 658 405 658 406 659 402 659 401 659 402 660 403 660 405 660 406 661 403 661 402 661 403 662 404 662 405 662 406 663 404 663 403 663 404 664 396 664 405 664 406 665 396 665 404 665 407 666 408 666 416 666 417 667 408 667 407 667 408 668 409 668 416 668 417 669 409 669 408 669 409 670 410 670 416 670 417 671 410 671 409 671 410 672 411 672 416 672 417 673 411 673 410 673 411 674 412 674 416 674 417 675 412 675 411 675 412 676 413 676 416 676 417 677 413 677 412 677 413 678 414 678 416 678 417 679 414 679 413 679 414 680 415 680 416 680 417 681 415 681 414 681 415 682 407 682 416 682 417 683 407 683 415 683 418 684 419 684 427 684 428 685 419 685 418 685 419 686 420 686 427 686 428 687 420 687 419 687 420 688 421 688 427 688 428 689 421 689 420 689 421 690 422 690 427 690 428 691 422 691 421 691 422 692 423 692 427 692 428 693 423 693 422 693 423 694 424 694 427 694 428 695 424 695 423 695 424 696 425 696 427 696 428 697 425 697 424 697 425 698 426 698 427 698 428 699 426 699 425 699 426 700 418 700 427 700 428 701 418 701 426 701 429 702 430 702 438 702 439 703 430 703 429 703 430 704 431 704 438 704 439 705 431 705 430 705 431 706 432 706 438 706 439 707 432 707 431 707 432 708 433 708 438 708 439 709 433 709 432 709 433 710 434 710 438 710 439 711 434 711 433 711 434 712 435 712 438 712 439 713 435 713 434 713 435 714 436 714 438 714 439 715 436 715 435 715 436 716 437 716 438 716 439 717 437 717 436 717 437 718 429 718 438 718 439 719 429 719 437 719 440 720 441 720 449 720 450 721 441 721 440 721 441 722 442 722 449 722 450 723 442 723 441 723 442 724 443 724 449 724 450 725 443 725 442 725 443 726 444 726 449 726 450 727 444 727 443 727 444 728 445 728 449 728 450 729 445 729 444 729 445 730 446 730 449 730 450 731 446 731 445 731 446 732 447 732 449 732 450 733 447 733 446 733 447 734 448 734 449 734 450 735 448 735 447 735 448 736 440 736 449 736 450 737 440 737 448 737 451 738 452 738 460 738 461 739 452 739 451 739 452 740 453 740 460 740 461 741 453 741 452 741 453 742 454 742 460 742 461 743 454 743 453 743 454 744 455 744 460 744 461 745 455 745 454 745 455 746 456 746 460 746 461 747 456 747 455 747 456 748 457 748 460 748 461 749 457 749 456 749 457 750 458 750 460 750 461 751 458 751 457 751 458 752 459 752 460 752 461 753 459 753 458 753 459 754 451 754 460 754 461 755 451 755 459 755 462 756 463 756 471 756 472 757 463 757 462 757 463 758 464 758 471 758 472 759 464 759 463 759 464 760 465 760 471 760 472 761 465 761 464 761 465 762 466 762 471 762 472 763 466 763 465 763 466 764 467 764 471 764 472 765 467 765 466 765 467 766 468 766 471 766 472 767 468 767 467 767 468 768 469 768 471 768 472 769 469 769 468 769 469 770 470 770 471 770 472 771 470 771 469 771 470 772 462 772 471 772 472 773 462 773 470 773 473 774 474 774 482 774 483 775 474 775 473 775 474 776 475 776 482 776 483 777 475 777 474 777 475 778 476 778 482 778 483 779 476 779 475 779 476 780 477 780 482 780 483 781 477 781 476 781 477 782 478 782 482 782 483 783 478 783 477 783 478 784 479 784 482 784 483 785 479 785 478 785 479 786 480 786 482 786 483 787 480 787 479 787 480 788 481 788 482 788 483 789 481 789 480 789 481 790 473 790 482 790 483 791 473 791 481 791 484 792 485 792 493 792 494 793 485 793 484 793 485 794 486 794 493 794 494 795 486 795 485 795 486 796 487 796 493 796 494 797 487 797 486 797 487 798 488 798 493 798 494 799 488 799 487 799 488 800 489 800 493 800 494 801 489 801 488 801 489 802 490 802 493 802 494 803 490 803 489 803 490 804 491 804 493 804 494 805 491 805 490 805 491 806 492 806 493 806 494 807 492 807 491 807 492 808 484 808 493 808 494 809 484 809 492 809 495 810 496 810 504 810 505 811 496 811 495 811 496 812 497 812 504 812 505 813 497 813 496 813 497 814 498 814 504 814 505 815 498 815 497 815 498 816 499 816 504 816 505 817 499 817 498 817 499 818 500 818 504 818 505 819 500 819 499 819 500 820 501 820 504 820 505 821 501 821 500 821 501 822 502 822 504 822 505 823 502 823 501 823 502 824 503 824 504 824 505 825 503 825 502 825 503 826 495 826 504 826 505 827 495 827 503 827 506 828 507 828 515 828 516 829 507 829 506 829 507 830 508 830 515 830 516 831 508 831 507 831 508 832 509 832 515 832 516 833 509 833 508 833 509 834 510 834 515 834 516 835 510 835 509 835 510 836 511 836 515 836 516 837 511 837 510 837 511 838 512 838 515 838 516 839 512 839 511 839 512 840 513 840 515 840 516 841 513 841 512 841 513 842 514 842 515 842 516 843 514 843 513 843 514 844 506 844 515 844 516 845 506 845 514 845 517 846 518 846 526 846 527 847 518 847 517 847 518 848 519 848 526 848 527 849 519 849 518 849 519 850 520 850 526 850 527 851 520 851 519 851 520 852 521 852 526 852 527 853 521 853 520 853 521 854 522 854 526 854 527 855 522 855 521 855 522 856 523 856 526 856 527 857 523 857 522 857 523 858 524 858 526 858 527 859 524 859 523 859 524 860 525 860 526 860 527 861 525 861 524 861 525 862 517 862 526 862 527 863 517 863 525 863 528 864 529 864 537 864 538 865 529 865 528 865 529 866 530 866 537 866 538 867 530 867 529 867 530 868 531 868 537 868 538 869 531 869 530 869 531 870 532 870 537 870 538 871 532 871 531 871 532 872 533 872 537 872 538 873 533 873 532 873 533 874 534 874 537 874 538 875 534 875 533 875 534 876 535 876 537 876 538 877 535 877 534 877 535 878 536 878 537 878 538 879 536 879 535 879 536 880 528 880 537 880 538 881 528 881 536 881 539 882 540 882 548 882 549 883 540 883 539 883 540 884 541 884 548 884 549 885 541 885 540 885 541 886 542 886 548 886 549 887 542 887 541 887 542 888 543 888 548 888 549 889 543 889 542 889 543 890 544 890 548 890 549 891 544 891 543 891 544 892 545 892 548 892 549 893 545 893 544 893 545 894 546 894 548 894 549 895 546 895 545 895 546 896 547 896 548 896 549 897 547 897 546 897 547 898 539 898 548 898 549 899 539 899 547 899 550 900 551 900 559 900 560 901 551 901 550 901 551 902 552 902 559 902 560 903 552 903 551 903 552 904 553 904 559 904 560 905 553 905 552 905 553 906 554 906 559 906 560 907 554 907 553 907 554 908 555 908 559 908 560 909 555 909 554 909 555 910 556 910 559 910 560 911 556 911 555 911 556 912 557 912 559 912 560 913 557 913 556 913 557 914 558 914 559 914 560 915 558 915 557 915 558 916 550 916 559 916 560 917 550 917 558 917 561 918 562 918 570 918 571 919 562 919 561 919 562 920 563 920 570 920 571 921 563 921 562 921 563 922 564 922 570 922 571 923 564 923 563 923 564 924 565 924 570 924 571 925 565 925 564 925 565 926 566 926 570 926 571 927 566 927 565 927 566 928 567 928 570 928 571 929 567 929 566 929 567 930 568 930 570 930 571 931 568 931 567 931 568 932 569 932 570 932 571 933 569 933 568 933 569 934 561 934 570 934 571 935 561 935 569 935 572 936 573 936 581 936 582 937 573 937 572 937 573 938 574 938 581 938 582 939 574 939 573 939 574 940 575 940 581 940 582 941 575 941 574 941 575 942 576 942 581 942 582 943 576 943 575 943 576 944 577 944 581 944 582 945 577 945 576 945 577 946 578 946 581 946 582 947 578 947 577 947 578 948 579 948 581 948 582 949 579 949 578 949 579 950 580 950 581 950 582 951 580 951 579 951 580 952 572 952 581 952 582 953 572 953 580 953 583 954 584 954 592 954 593 955 584 955 583 955 584 956 585 956 592 956 593 957 585 957 584 957 585 958 586 958 592 958 593 959 586 959 585 959 586 960 587 960 592 960 593 961 587 961 586 961 587 962 588 962 592 962 593 963 588 963 587 963 588 964 589 964 592 964 593 965 589 965 588 965 589 966 590 966 592 966 593 967 590 967 589 967 590 968 591 968 592 968 593 969 591 969 590 969 591 970 583 970 592 970 593 971 583 971 591 971 594 972 595 972 603 972 604 973 595 973 594 973 595 974 596 974 603 974 604 975 596 975 595 975 596 976 597 976 603 976 604 977 597 977 596 977 597 978 598 978 603 978 604 979 598 979 597 979 598 980 599 980 603 980 604 981 599 981 598 981 599 982 600 982 603 982 604 983 600 983 599 983 600 984 601 984 603 984 604 985 601 985 600 985 601 986 602 986 603 986 604 987 602 987 601 987 602 988 594 988 603 988 604 989 594 989 602 989 605 990 606 990 614 990 615 991 606 991 605 991 606 992 607 992 614 992 615 993 607 993 606 993 607 994 608 994 614 994 615 995 608 995 607 995 608 996 609 996 614 996 615 997 609 997 608 997 609 998 610 998 614 998 615 999 610 999 609 999 610 1000 611 1000 614 1000 615 1001 611 1001 610 1001 611 1002 612 1002 614 1002 615 1003 612 1003 611 1003 612 1004 613 1004 614 1004 615 1005 613 1005 612 1005 613 1006 605 1006 614 1006 615 1007 605 1007 613 1007 616 1008 617 1008 625 1008 626 1009 617 1009 616 1009 617 1010 618 1010 625 1010 626 1011 618 1011 617 1011 618 1012 619 1012 625 1012 626 1013 619 1013 618 1013 619 1014 620 1014 625 1014 626 1015 620 1015 619 1015 620 1016 621 1016 625 1016 626 1017 621 1017 620 1017 621 1018 622 1018 625 1018 626 1019 622 1019 621 1019 622 1020 623 1020 625 1020 626 1021 623 1021 622 1021 623 1022 624 1022 625 1022 626 1023 624 1023 623 1023 624 1024 616 1024 625 1024 626 1025 616 1025 624 1025 627 1026 628 1026 636 1026 637 1027 628 1027 627 1027 628 1028 629 1028 636 1028 637 1029 629 1029 628 1029 629 1030 630 1030 636 1030 637 1031 630 1031 629 1031 630 1032 631 1032 636 1032 637 1033 631 1033 630 1033 631 1034 632 1034 636 1034 637 1035 632 1035 631 1035 632 1036 633 1036 636 1036 637 1037 633 1037 632 1037 633 1038 634 1038 636 1038 637 1039 634 1039 633 1039 634 1040 635 1040 636 1040 637 1041 635 1041 634 1041 635 1042 627 1042 636 1042 637 1043 627 1043 635 1043 638 1044 639 1044 647 1044 648 1045 639 1045 638 1045 639 1046 640 1046 647 1046 648 1047 640 1047 639 1047 640 1048 641 1048 647 1048 648 1049 641 1049 640 1049 641 1050 642 1050 647 1050 648 1051 642 1051 641 1051 642 1052 643 1052 647 1052 648 1053 643 1053 642 1053 643 1054 644 1054 647 1054 648 1055 644 1055 643 1055 644 1056 645 1056 647 1056 648 1057 645 1057 644 1057 645 1058 646 1058 647 1058 648 1059 646 1059 645 1059 646 1060 638 1060 647 1060 648 1061 638 1061 646 1061 649 1062 650 1062 658 1062 659 1063 650 1063 649 1063 650 1064 651 1064 658 1064 659 1065 651 1065 650 1065 651 1066 652 1066 658 1066 659 1067 652 1067 651 1067 652 1068 653 1068 658 1068 659 1069 653 1069 652 1069 653 1070 654 1070 658 1070 659 1071 654 1071 653 1071 654 1072 655 1072 658 1072 659 1073 655 1073 654 1073 655 1074 656 1074 658 1074 659 1075 656 1075 655 1075 656 1076 657 1076 658 1076 659 1077 657 1077 656 1077 657 1078 649 1078 658 1078 659 1079 649 1079 657 1079 660 1080 661 1080 669 1080 670 1081 661 1081 660 1081 661 1082 662 1082 669 1082 670 1083 662 1083 661 1083 662 1084 663 1084 669 1084 670 1085 663 1085 662 1085 663 1086 664 1086 669 1086 670 1087 664 1087 663 1087 664 1088 665 1088 669 1088 670 1089 665 1089 664 1089 665 1090 666 1090 669 1090 670 1091 666 1091 665 1091 666 1092 667 1092 669 1092 670 1093 667 1093 666 1093 667 1094 668 1094 669 1094 670 1095 668 1095 667 1095 668 1096 660 1096 669 1096 670 1097 660 1097 668 1097 671 1098 672 1098 680 1098 681 1099 672 1099 671 1099 672 1100 673 1100 680 1100 681 1101 673 1101 672 1101 673 1102 674 1102 680 1102 681 1103 674 1103 673 1103 674 1104 675 1104 680 1104 681 1105 675 1105 674 1105 675 1106 676 1106 680 1106 681 1107 676 1107 675 1107 676 1108 677 1108 680 1108 681 1109 677 1109 676 1109 677 1110 678 1110 680 1110 681 1111 678 1111 677 1111 678 1112 679 1112 680 1112 681 1113 679 1113 678 1113 679 1114 671 1114 680 1114 681 1115 671 1115 679 1115 682 1116 683 1116 691 1116 692 1117 683 1117 682 1117 683 1118 684 1118 691 1118 692 1119 684 1119 683 1119 684 1120 685 1120 691 1120 692 1121 685 1121 684 1121 685 1122 686 1122 691 1122 692 1123 686 1123 685 1123 686 1124 687 1124 691 1124 692 1125 687 1125 686 1125 687 1126 688 1126 691 1126 692 1127 688 1127 687 1127 688 1128 689 1128 691 1128 692 1129 689 1129 688 1129 689 1130 690 1130 691 1130 692 1131 690 1131 689 1131 690 1132 682 1132 691 1132 692 1133 682 1133 690 1133 693 1134 694 1134 702 1134 703 1135 694 1135 693 1135 694 1136 695 1136 702 1136 703 1137 695 1137 694 1137 695 1138 696 1138 702 1138 703 1139 696 1139 695 1139 696 1140 697 1140 702 1140 703 1141 697 1141 696 1141 697 1142 698 1142 702 1142 703 1143 698 1143 697 1143 698 1144 699 1144 702 1144 703 1145 699 1145 698 1145 699 1146 700 1146 702 1146 703 1147 700 1147 699 1147 700 1148 701 1148 702 1148 703 1149 701 1149 700 1149 701 1150 693 1150 702 1150 703 1151 693 1151 701 1151 704 1152 705 1152 713 1152 714 1153 705 1153 704 1153 705 1154 706 1154 713 1154 714 1155 706 1155 705 1155 706 1156 707 1156 713 1156 714 1157 707 1157 706 1157 707 1158 708 1158 713 1158 714 1159 708 1159 707 1159 708 1160 709 1160 713 1160 714 1161 709 1161 708 1161 709 1162 710 1162 713 1162 714 1163 710 1163 709 1163 710 1164 711 1164 713 1164 714 1165 711 1165 710 1165 711 1166 712 1166 713 1166 714 1167 712 1167 711 1167 712 1168 704 1168 713 1168 714 1169 704 1169 712 1169 715 1170 716 1170 724 1170 725 1171 716 1171 715 1171 716 1172 717 1172 724 1172 725 1173 717 1173 716 1173 717 1174 718 1174 724 1174 725 1175 718 1175 717 1175 718 1176 719 1176 724 1176 725 1177 719 1177 718 1177 719 1178 720 1178 724 1178 725 1179 720 1179 719 1179 720 1180 721 1180 724 1180 725 1181 721 1181 720 1181 721 1182 722 1182 724 1182 725 1183 722 1183 721 1183 722 1184 723 1184 724 1184 725 1185 723 1185 722 1185 723 1186 715 1186 724 1186 725 1187 715 1187 723 1187 726 1188 727 1188 735 1188 736 1189 727 1189 726 1189 727 1190 728 1190 735 1190 736 1191 728 1191 727 1191 728 1192 729 1192 735 1192 736 1193 729 1193 728 1193 729 1194 730 1194 735 1194 736 1195 730 1195 729 1195 730 1196 731 1196 735 1196 736 1197 731 1197 730 1197 731 1198 732 1198 735 1198 736 1199 732 1199 731 1199 732 1200 733 1200 735 1200 736 1201 733 1201 732 1201 733 1202 734 1202 735 1202 736 1203 734 1203 733 1203 734 1204 726 1204 735 1204 736 1205 726 1205 734 1205 737 1206 738 1206 746 1206 747 1207 738 1207 737 1207 738 1208 739 1208 746 1208 747 1209 739 1209 738 1209 739 1210 740 1210 746 1210 747 1211 740 1211 739 1211 740 1212 741 1212 746 1212 747 1213 741 1213 740 1213 741 1214 742 1214 746 1214 747 1215 742 1215 741 1215 742 1216 743 1216 746 1216 747 1217 743 1217 742 1217 743 1218 744 1218 746 1218 747 1219 744 1219 743 1219 744 1220 745 1220 746 1220 747 1221 745 1221 744 1221 745 1222 737 1222 746 1222 747 1223 737 1223 745 1223 748 1224 749 1224 757 1224 758 1225 749 1225 748 1225 749 1226 750 1226 757 1226 758 1227 750 1227 749 1227 750 1228 751 1228 757 1228 758 1229 751 1229 750 1229 751 1230 752 1230 757 1230 758 1231 752 1231 751 1231 752 1232 753 1232 757 1232 758 1233 753 1233 752 1233 753 1234 754 1234 757 1234 758 1235 754 1235 753 1235 754 1236 755 1236 757 1236 758 1237 755 1237 754 1237 755 1238 756 1238 757 1238 758 1239 756 1239 755 1239 756 1240 748 1240 757 1240 758 1241 748 1241 756 1241 759 1242 760 1242 768 1242 769 1243 760 1243 759 1243 760 1244 761 1244 768 1244 769 1245 761 1245 760 1245 761 1246 762 1246 768 1246 769 1247 762 1247 761 1247 762 1248 763 1248 768 1248 769 1249 763 1249 762 1249 763 1250 764 1250 768 1250 769 1251 764 1251 763 1251 764 1252 765 1252 768 1252 769 1253 765 1253 764 1253 765 1254 766 1254 768 1254 769 1255 766 1255 765 1255 766 1256 767 1256 768 1256 769 1257 767 1257 766 1257 767 1258 759 1258 768 1258 769 1259 759 1259 767 1259 770 1260 771 1260 779 1260 780 1261 771 1261 770 1261 771 1262 772 1262 779 1262 780 1263 772 1263 771 1263 772 1264 773 1264 779 1264 780 1265 773 1265 772 1265 773 1266 774 1266 779 1266 780 1267 774 1267 773 1267 774 1268 775 1268 779 1268 780 1269 775 1269 774 1269 775 1270 776 1270 779 1270 780 1271 776 1271 775 1271 776 1272 777 1272 779 1272 780 1273 777 1273 776 1273 777 1274 778 1274 779 1274 780 1275 778 1275 777 1275 778 1276 770 1276 779 1276 780 1277 770 1277 778 1277 781 1278 782 1278 790 1278 791 1279 782 1279 781 1279 782 1280 783 1280 790 1280 791 1281 783 1281 782 1281 783 1282 784 1282 790 1282 791 1283 784 1283 783 1283 784 1284 785 1284 790 1284 791 1285 785 1285 784 1285 785 1286 786 1286 790 1286 791 1287 786 1287 785 1287 786 1288 787 1288 790 1288 791 1289 787 1289 786 1289 787 1290 788 1290 790 1290 791 1291 788 1291 787 1291 788 1292 789 1292 790 1292 791 1293 789 1293 788 1293 789 1294 781 1294 790 1294 791 1295 781 1295 789 1295 792 1296 793 1296 801 1296 802 1297 793 1297 792 1297 793 1298 794 1298 801 1298 802 1299 794 1299 793 1299 794 1300 795 1300 801 1300 802 1301 795 1301 794 1301 795 1302 796 1302 801 1302 802 1303 796 1303 795 1303 796 1304 797 1304 801 1304 802 1305 797 1305 796 1305 797 1306 798 1306 801 1306 802 1307 798 1307 797 1307 798 1308 799 1308 801 1308 802 1309 799 1309 798 1309 799 1310 800 1310 801 1310 802 1311 800 1311 799 1311 800 1312 792 1312 801 1312 802 1313 792 1313 800 1313 803 1314 804 1314 812 1314 813 1315 804 1315 803 1315 804 1316 805 1316 812 1316 813 1317 805 1317 804 1317 805 1318 806 1318 812 1318 813 1319 806 1319 805 1319 806 1320 807 1320 812 1320 813 1321 807 1321 806 1321 807 1322 808 1322 812 1322 813 1323 808 1323 807 1323 808 1324 809 1324 812 1324 813 1325 809 1325 808 1325 809 1326 810 1326 812 1326 813 1327 810 1327 809 1327 810 1328 811 1328 812 1328 813 1329 811 1329 810 1329 811 1330 803 1330 812 1330 813 1331 803 1331 811 1331 814 1332 815 1332 823 1332 824 1333 815 1333 814 1333 815 1334 816 1334 823 1334 824 1335 816 1335 815 1335 816 1336 817 1336 823 1336 824 1337 817 1337 816 1337 817 1338 818 1338 823 1338 824 1339 818 1339 817 1339 818 1340 819 1340 823 1340 824 1341 819 1341 818 1341 819 1342 820 1342 823 1342 824 1343 820 1343 819 1343 820 1344 821 1344 823 1344 824 1345 821 1345 820 1345 821 1346 822 1346 823 1346 824 1347 822 1347 821 1347 822 1348 814 1348 823 1348 824 1349 814 1349 822 1349 825 1350 826 1350 834 1350 835 1351 826 1351 825 1351 826 1352 827 1352 834 1352 835 1353 827 1353 826 1353 827 1354 828 1354 834 1354 835 1355 828 1355 827 1355 828 1356 829 1356 834 1356 835 1357 829 1357 828 1357 829 1358 830 1358 834 1358 835 1359 830 1359 829 1359 830 1360 831 1360 834 1360 835 1361 831 1361 830 1361 831 1362 832 1362 834 1362 835 1363 832 1363 831 1363 832 1364 833 1364 834 1364 835 1365 833 1365 832 1365 833 1366 825 1366 834 1366 835 1367 825 1367 833 1367 836 1368 837 1368 845 1368 846 1369 837 1369 836 1369 837 1370 838 1370 845 1370 846 1371 838 1371 837 1371 838 1372 839 1372 845 1372 846 1373 839 1373 838 1373 839 1374 840 1374 845 1374 846 1375 840 1375 839 1375 840 1376 841 1376 845 1376 846 1377 841 1377 840 1377 841 1378 842 1378 845 1378 846 1379 842 1379 841 1379 842 1380 843 1380 845 1380 846 1381 843 1381 842 1381 843 1382 844 1382 845 1382 846 1383 844 1383 843 1383 844 1384 836 1384 845 1384 846 1385 836 1385 844 1385 847 1386 848 1386 856 1386 857 1387 848 1387 847 1387 848 1388 849 1388 856 1388 857 1389 849 1389 848 1389 849 1390 850 1390 856 1390 857 1391 850 1391 849 1391 850 1392 851 1392 856 1392 857 1393 851 1393 850 1393 851 1394 852 1394 856 1394 857 1395 852 1395 851 1395 852 1396 853 1396 856 1396 857 1397 853 1397 852 1397 853 1398 854 1398 856 1398 857 1399 854 1399 853 1399 854 1400 855 1400 856 1400 857 1401 855 1401 854 1401 855 1402 847 1402 856 1402 857 1403 847 1403 855 1403 858 1404 859 1404 867 1404 868 1405 859 1405 858 1405 859 1406 860 1406 867 1406 868 1407 860 1407 859 1407 860 1408 861 1408 867 1408 868 1409 861 1409 860 1409 861 1410 862 1410 867 1410 868 1411 862 1411 861 1411 862 1412 863 1412 867 1412 868 1413 863 1413 862 1413 863 1414 864 1414 867 1414 868 1415 864 1415 863 1415 864 1416 865 1416 867 1416 868 1417 865 1417 864 1417 865 1418 866 1418 867 1418 868 1419 866 1419 865 1419 866 1420 858 1420 867 1420 868 1421 858 1421 866 1421 869 1422 870 1422 878 1422 879 1423 870 1423 869 1423 870 1424 871 1424 878 1424 879 1425 871 1425 870 1425 871 1426 872 1426 878 1426 879 1427 872 1427 871 1427 872 1428 873 1428 878 1428 879 1429 873 1429 872 1429 873 1430 874 1430 878 1430 879 1431 874 1431 873 1431 874 1432 875 1432 878 1432 879 1433 875 1433 874 1433 875 1434 876 1434 878 1434 879 1435 876 1435 875 1435 876 1436 877 1436 878 1436 879 1437 877 1437 876 1437 877 1438 869 1438 878 1438 879 1439 869 1439 877 1439 880 1440 881 1440 889 1440 890 1441 881 1441 880 1441 881 1442 882 1442 889 1442 890 1443 882 1443 881 1443 882 1444 883 1444 889 1444 890 1445 883 1445 882 1445 883 1446 884 1446 889 1446 890 1447 884 1447 883 1447 884 1448 885 1448 889 1448 890 1449 885 1449 884 1449 885 1450 886 1450 889 1450 890 1451 886 1451 885 1451 886 1452 887 1452 889 1452 890 1453 887 1453 886 1453 887 1454 888 1454 889 1454 890 1455 888 1455 887 1455 888 1456 880 1456 889 1456 890 1457 880 1457 888 1457 891 1458 892 1458 900 1458 901 1459 892 1459 891 1459 892 1460 893 1460 900 1460 901 1461 893 1461 892 1461 893 1462 894 1462 900 1462 901 1463 894 1463 893 1463 894 1464 895 1464 900 1464 901 1465 895 1465 894 1465 895 1466 896 1466 900 1466 901 1467 896 1467 895 1467 896 1468 897 1468 900 1468 901 1469 897 1469 896 1469 897 1470 898 1470 900 1470 901 1471 898 1471 897 1471 898 1472 899 1472 900 1472 901 1473 899 1473 898 1473 899 1474 891 1474 900 1474 901 1475 891 1475 899 1475 902 1476 903 1476 911 1476 912 1477 903 1477 902 1477 903 1478 904 1478 911 1478 912 1479 904 1479 903 1479 904 1480 905 1480 911 1480 912 1481 905 1481 904 1481 905 1482 906 1482 911 1482 912 1483 906 1483 905 1483 906 1484 907 1484 911 1484 912 1485 907 1485 906 1485 907 1486 908 1486 911 1486 912 1487 908 1487 907 1487 908 1488 909 1488 911 1488 912 1489 909 1489 908 1489 909 1490 910 1490 911 1490 912 1491 910 1491 909 1491 910 1492 902 1492 911 1492 912 1493 902 1493 910 1493 913 1494 914 1494 922 1494 923 1495 914 1495 913 1495 914 1496 915 1496 922 1496 923 1497 915 1497 914 1497 915 1498 916 1498 922 1498 923 1499 916 1499 915 1499 916 1500 917 1500 922 1500 923 1501 917 1501 916 1501 917 1502 918 1502 922 1502 923 1503 918 1503 917 1503 918 1504 919 1504 922 1504 923 1505 919 1505 918 1505 919 1506 920 1506 922 1506 923 1507 920 1507 919 1507 920 1508 921 1508 922 1508 923 1509 921 1509 920 1509 921 1510 913 1510 922 1510 923 1511 913 1511 921 1511 924 1512 925 1512 933 1512 934 1513 925 1513 924 1513 925 1514 926 1514 933 1514 934 1515 926 1515 925 1515 926 1516 927 1516 933 1516 934 1517 927 1517 926 1517 927 1518 928 1518 933 1518 934 1519 928 1519 927 1519 928 1520 929 1520 933 1520 934 1521 929 1521 928 1521 929 1522 930 1522 933 1522 934 1523 930 1523 929 1523 930 1524 931 1524 933 1524 934 1525 931 1525 930 1525 931 1526 932 1526 933 1526 934 1527 932 1527 931 1527 932 1528 924 1528 933 1528 934 1529 924 1529 932 1529 935 1530 936 1530 944 1530 945 1531 936 1531 935 1531 936 1532 937 1532 944 1532 945 1533 937 1533 936 1533 937 1534 938 1534 944 1534 945 1535 938 1535 937 1535 938 1536 939 1536 944 1536 945 1537 939 1537 938 1537 939 1538 940 1538 944 1538 945 1539 940 1539 939 1539 940 1540 941 1540 944 1540 945 1541 941 1541 940 1541 941 1542 942 1542 944 1542 945 1543 942 1543 941 1543 942 1544 943 1544 944 1544 945 1545 943 1545 942 1545 943 1546 935 1546 944 1546 945 1547 935 1547 943 1547 946 1548 947 1548 955 1548 956 1549 947 1549 946 1549 947 1550 948 1550 955 1550 956 1551 948 1551 947 1551 948 1552 949 1552 955 1552 956 1553 949 1553 948 1553 949 1554 950 1554 955 1554 956 1555 950 1555 949 1555 950 1556 951 1556 955 1556 956 1557 951 1557 950 1557 951 1558 952 1558 955 1558 956 1559 952 1559 951 1559 952 1560 953 1560 955 1560 956 1561 953 1561 952 1561 953 1562 954 1562 955 1562 956 1563 954 1563 953 1563 954 1564 946 1564 955 1564 956 1565 946 1565 954 1565 957 1566 958 1566 966 1566 967 1567 958 1567 957 1567 958 1568 959 1568 966 1568 967 1569 959 1569 958 1569 959 1570 960 1570 966 1570 967 1571 960 1571 959 1571 960 1572 961 1572 966 1572 967 1573 961 1573 960 1573 961 1574 962 1574 966 1574 967 1575 962 1575 961 1575 962 1576 963 1576 966 1576 967 1577 963 1577 962 1577 963 1578 964 1578 966 1578 967 1579 964 1579 963 1579 964 1580 965 1580 966 1580 967 1581 965 1581 964 1581 965 1582 957 1582 966 1582 967 1583 957 1583 965 1583 968 1584 969 1584 977 1584 978 1585 969 1585 968 1585 969 1586 970 1586 977 1586 978 1587 970 1587 969 1587 970 1588 971 1588 977 1588 978 1589 971 1589 970 1589 971 1590 972 1590 977 1590 978 1591 972 1591 971 1591 972 1592 973 1592 977 1592 978 1593 973 1593 972 1593 973 1594 974 1594 977 1594 978 1595 974 1595 973 1595 974 1596 975 1596 977 1596 978 1597 975 1597 974 1597 975 1598 976 1598 977 1598 978 1599 976 1599 975 1599 976 1600 968 1600 977 1600 978 1601 968 1601 976 1601 979 1602 980 1602 988 1602 989 1603 980 1603 979 1603 980 1604 981 1604 988 1604 989 1605 981 1605 980 1605 981 1606 982 1606 988 1606 989 1607 982 1607 981 1607 982 1608 983 1608 988 1608 989 1609 983 1609 982 1609 983 1610 984 1610 988 1610 989 1611 984 1611 983 1611 984 1612 985 1612 988 1612 989 1613 985 1613 984 1613 985 1614 986 1614 988 1614 989 1615 986 1615 985 1615 986 1616 987 1616 988 1616 989 1617 987 1617 986 1617 987 1618 979 1618 988 1618 989 1619 979 1619 987 1619 990 1620 991 1620 999 1620 1000 1621 991 1621 990 1621 991 1622 992 1622 999 1622 1000 1623 992 1623 991 1623 992 1624 993 1624 999 1624 1000 1625 993 1625 992 1625 993 1626 994 1626 999 1626 1000 1627 994 1627 993 1627 994 1628 995 1628 999 1628 1000 1629 995 1629 994 1629 995 1630 996 1630 999 1630 1000 1631 996 1631 995 1631 996 1632 997 1632 999 1632 1000 1633 997 1633 996 1633 997 1634 998 1634 999 1634 1000 1635 998 1635 997 1635 998 1636 990 1636 999 1636 1000 1637 990 1637 998 1637 1001 1638 1002 1638 1010 1638 1011 1639 1002 1639 1001 1639 1002 1640 1003 1640 1010 1640 1011 1641 1003 1641 1002 1641 1003 1642 1004 1642 1010 1642 1011 1643 1004 1643 1003 1643 1004 1644 1005 1644 1010 1644 1011 1645 1005 1645 1004 1645 1005 1646 1006 1646 1010 1646 1011 1647 1006 1647 1005 1647 1006 1648 1007 1648 1010 1648 1011 1649 1007 1649 1006 1649 1007 1650 1008 1650 1010 1650 1011 1651 1008 1651 1007 1651 1008 1652 1009 1652 1010 1652 1011 1653 1009 1653 1008 1653 1009 1654 1001 1654 1010 1654 1011 1655 1001 1655 1009 1655 1012 1656 1013 1656 1021 1656 1022 1657 1013 1657 1012 1657 1013 1658 1014 1658 1021 1658 1022 1659 1014 1659 1013 1659 1014 1660 1015 1660 1021 1660 1022 1661 1015 1661 1014 1661 1015 1662 1016 1662 1021 1662 1022 1663 1016 1663 1015 1663 1016 1664 1017 1664 1021 1664 1022 1665 1017 1665 1016 1665 1017 1666 1018 1666 1021 1666 1022 1667 1018 1667 1017 1667 1018 1668 1019 1668 1021 1668 1022 1669 1019 1669 1018 1669 1019 1670 1020 1670 1021 1670 1022 1671 1020 1671 1019 1671 1020 1672 1012 1672 1021 1672 1022 1673 1012 1673 1020 1673 1023 1674 1024 1674 1032 1674 1033 1675 1024 1675 1023 1675 1024 1676 1025 1676 1032 1676 1033 1677 1025 1677 1024 1677 1025 1678 1026 1678 1032 1678 1033 1679 1026 1679 1025 1679 1026 1680 1027 1680 1032 1680 1033 1681 1027 1681 1026 1681 1027 1682 1028 1682 1032 1682 1033 1683 1028 1683 1027 1683 1028 1684 1029 1684 1032 1684 1033 1685 1029 1685 1028 1685 1029 1686 1030 1686 1032 1686 1033 1687 1030 1687 1029 1687 1030 1688 1031 1688 1032 1688 1033 1689 1031 1689 1030 1689 1031 1690 1023 1690 1032 1690 1033 1691 1023 1691 1031 1691 1034 1692 1035 1692 1043 1692 1044 1693 1035 1693 1034 1693 1035 1694 1036 1694 1043 1694 1044 1695 1036 1695 1035 1695 1036 1696 1037 1696 1043 1696 1044 1697 1037 1697 1036 1697 1037 1698 1038 1698 1043 1698 1044 1699 1038 1699 1037 1699 1038 1700 1039 1700 1043 1700 1044 1701 1039 1701 1038 1701 1039 1702 1040 1702 1043 1702 1044 1703 1040 1703 1039 1703 1040 1704 1041 1704 1043 1704 1044 1705 1041 1705 1040 1705 1041 1706 1042 1706 1043 1706 1044 1707 1042 1707 1041 1707 1042 1708 1034 1708 1043 1708 1044 1709 1034 1709 1042 1709 1045 1710 1046 1710 1054 1710 1055 1711 1046 1711 1045 1711 1046 1712 1047 1712 1054 1712 1055 1713 1047 1713 1046 1713 1047 1714 1048 1714 1054 1714 1055 1715 1048 1715 1047 1715 1048 1716 1049 1716 1054 1716 1055 1717 1049 1717 1048 1717 1049 1718 1050 1718 1054 1718 1055 1719 1050 1719 1049 1719 1050 1720 1051 1720 1054 1720 1055 1721 1051 1721 1050 1721 1051 1722 1052 1722 1054 1722 1055 1723 1052 1723 1051 1723 1052 1724 1053 1724 1054 1724 1055 1725 1053 1725 1052 1725 1053 1726 1045 1726 1054 1726 1055 1727 1045 1727 1053 1727 1056 1728 1057 1728 1065 1728 1066 1729 1057 1729 1056 1729 1057 1730 1058 1730 1065 1730 1066 1731 1058 1731 1057 1731 1058 1732 1059 1732 1065 1732 1066 1733 1059 1733 1058 1733 1059 1734 1060 1734 1065 1734 1066 1735 1060 1735 1059 1735 1060 1736 1061 1736 1065 1736 1066 1737 1061 1737 1060 1737 1061 1738 1062 1738 1065 1738 1066 1739 1062 1739 1061 1739 1062 1740 1063 1740 1065 1740 1066 1741 1063 1741 1062 1741 1063 1742 1064 1742 1065 1742 1066 1743 1064 1743 1063 1743 1064 1744 1056 1744 1065 1744 1066 1745 1056 1745 1064 1745 1067 1746 1068 1746 1076 1746 1077 1747 1068 1747 1067 1747 1068 1748 1069 1748 1076 1748 1077 1749 1069 1749 1068 1749 1069 1750 1070 1750 1076 1750 1077 1751 1070 1751 1069 1751 1070 1752 1071 1752 1076 1752 1077 1753 1071 1753 1070 1753 1071 1754 1072 1754 1076 1754 1077 1755 1072 1755 1071 1755 1072 1756 1073 1756 1076 1756 1077 1757 1073 1757 1072 1757 1073 1758 1074 1758 1076 1758 1077 1759 1074 1759 1073 1759 1074 1760 1075 1760 1076 1760 1077 1761 1075 1761 1074 1761 1075 1762 1067 1762 1076 1762 1077 1763 1067 1763 1075 1763 1078 1764 1079 1764 1087 1764 1088 1765 1079 1765 1078 1765 1079 1766 1080 1766 1087 1766 1088 1767 1080 1767 1079 1767 1080 1768 1081 1768 1087 1768 1088 1769 1081 1769 1080 1769 1081 1770 1082 1770 1087 1770 1088 1771 1082 1771 1081 1771 1082 1772 1083 1772 1087 1772 1088 1773 1083 1773 1082 1773 1083 1774 1084 1774 1087 1774 1088 1775 1084 1775 1083 1775 1084 1776 1085 1776 1087 1776 1088 1777 1085 1777 1084 1777 1085 1778 1086 1778 1087 1778 1088 1779 1086 1779 1085 1779 1086 1780 1078 1780 1087 1780 1088 1781 1078 1781 1086 1781 1089 1782 1090 1782 1098 1782 1099 1783 1090 1783 1089 1783 1090 1784 1091 1784 1098 1784 1099 1785 1091 1785 1090 1785 1091 1786 1092 1786 1098 1786 1099 1787 1092 1787 1091 1787 1092 1788 1093 1788 1098 1788 1099 1789 1093 1789 1092 1789 1093 1790 1094 1790 1098 1790 1099 1791 1094 1791 1093 1791 1094 1792 1095 1792 1098 1792 1099 1793 1095 1793 1094 1793 1095 1794 1096 1794 1098 1794 1099 1795 1096 1795 1095 1795 1096 1796 1097 1796 1098 1796 1099 1797 1097 1797 1096 1797 1097 1798 1089 1798 1098 1798 1099 1799 1089 1799 1097 1799 1100 1800 1101 1800 1109 1800 1110 1801 1101 1801 1100 1801 1101 1802 1102 1802 1109 1802 1110 1803 1102 1803 1101 1803 1102 1804 1103 1804 1109 1804 1110 1805 1103 1805 1102 1805 1103 1806 1104 1806 1109 1806 1110 1807 1104 1807 1103 1807 1104 1808 1105 1808 1109 1808 1110 1809 1105 1809 1104 1809 1105 1810 1106 1810 1109 1810 1110 1811 1106 1811 1105 1811 1106 1812 1107 1812 1109 1812 1110 1813 1107 1813 1106 1813 1107 1814 1108 1814 1109 1814 1110 1815 1108 1815 1107 1815 1108 1816 1100 1816 1109 1816 1110 1817 1100 1817 1108 1817 1111 1818 1112 1818 1120 1818 1121 1819 1112 1819 1111 1819 1112 1820 1113 1820 1120 1820 1121 1821 1113 1821 1112 1821 1113 1822 1114 1822 1120 1822 1121 1823 1114 1823 1113 1823 1114 1824 1115 1824 1120 1824 1121 1825 1115 1825 1114 1825 1115 1826 1116 1826 1120 1826 1121 1827 1116 1827 1115 1827 1116 1828 1117 1828 1120 1828 1121 1829 1117 1829 1116 1829 1117 1830 1118 1830 1120 1830 1121 1831 1118 1831 1117 1831 1118 1832 1119 1832 1120 1832 1121 1833 1119 1833 1118 1833 1119 1834 1111 1834 1120 1834 1121 1835 1111 1835 1119 1835 1122 1836 1123 1836 1131 1836 1132 1837 1123 1837 1122 1837 1123 1838 1124 1838 1131 1838 1132 1839 1124 1839 1123 1839 1124 1840 1125 1840 1131 1840 1132 1841 1125 1841 1124 1841 1125 1842 1126 1842 1131 1842 1132 1843 1126 1843 1125 1843 1126 1844 1127 1844 1131 1844 1132 1845 1127 1845 1126 1845 1127 1846 1128 1846 1131 1846 1132 1847 1128 1847 1127 1847 1128 1848 1129 1848 1131 1848 1132 1849 1129 1849 1128 1849 1129 1850 1130 1850 1131 1850 1132 1851 1130 1851 1129 1851 1130 1852 1122 1852 1131 1852 1132 1853 1122 1853 1130 1853 1133 1854 1134 1854 1142 1854 1143 1855 1134 1855 1133 1855 1134 1856 1135 1856 1142 1856 1143 1857 1135 1857 1134 1857 1135 1858 1136 1858 1142 1858 1143 1859 1136 1859 1135 1859 1136 1860 1137 1860 1142 1860 1143 1861 1137 1861 1136 1861 1137 1862 1138 1862 1142 1862 1143 1863 1138 1863 1137 1863 1138 1864 1139 1864 1142 1864 1143 1865 1139 1865 1138 1865 1139 1866 1140 1866 1142 1866 1143 1867 1140 1867 1139 1867 1140 1868 1141 1868 1142 1868 1143 1869 1141 1869 1140 1869 1141 1870 1133 1870 1142 1870 1143 1871 1133 1871 1141 1871 1144 1872 1145 1872 1153 1872 1154 1873 1145 1873 1144 1873 1145 1874 1146 1874 1153 1874 1154 1875 1146 1875 1145 1875 1146 1876 1147 1876 1153 1876 1154 1877 1147 1877 1146 1877 1147 1878 1148 1878 1153 1878 1154 1879 1148 1879 1147 1879 1148 1880 1149 1880 1153 1880 1154 1881 1149 1881 1148 1881 1149 1882 1150 1882 1153 1882 1154 1883 1150 1883 1149 1883 1150 1884 1151 1884 1153 1884 1154 1885 1151 1885 1150 1885 1151 1886 1152 1886 1153 1886 1154 1887 1152 1887 1151 1887 1152 1888 1144 1888 1153 1888 1154 1889 1144 1889 1152 1889 1155 1890 1156 1890 1164 1890 1165 1891 1156 1891 1155 1891 1156 1892 1157 1892 1164 1892 1165 1893 1157 1893 1156 1893 1157 1894 1158 1894 1164 1894 1165 1895 1158 1895 1157 1895 1158 1896 1159 1896 1164 1896 1165 1897 1159 1897 1158 1897 1159 1898 1160 1898 1164 1898 1165 1899 1160 1899 1159 1899 1160 1900 1161 1900 1164 1900 1165 1901 1161 1901 1160 1901 1161 1902 1162 1902 1164 1902 1165 1903 1162 1903 1161 1903 1162 1904 1163 1904 1164 1904 1165 1905 1163 1905 1162 1905 1163 1906 1155 1906 1164 1906 1165 1907 1155 1907 1163 1907 1166 1908 1167 1908 1175 1908 1176 1909 1167 1909 1166 1909 1167 1910 1168 1910 1175 1910 1176 1911 1168 1911 1167 1911 1168 1912 1169 1912 1175 1912 1176 1913 1169 1913 1168 1913 1169 1914 1170 1914 1175 1914 1176 1915 1170 1915 1169 1915 1170 1916 1171 1916 1175 1916 1176 1917 1171 1917 1170 1917 1171 1918 1172 1918 1175 1918 1176 1919 1172 1919 1171 1919 1172 1920 1173 1920 1175 1920 1176 1921 1173 1921 1172 1921 1173 1922 1174 1922 1175 1922 1176 1923 1174 1923 1173 1923 1174 1924 1166 1924 1175 1924 1176 1925 1166 1925 1174 1925 1177 1926 1178 1926 1186 1926 1187 1927 1178 1927 1177 1927 1178 1928 1179 1928 1186 1928 1187 1929 1179 1929 1178 1929 1179 1930 1180 1930 1186 1930 1187 1931 1180 1931 1179 1931 1180 1932 1181 1932 1186 1932 1187 1933 1181 1933 1180 1933 1181 1934 1182 1934 1186 1934 1187 1935 1182 1935 1181 1935 1182 1936 1183 1936 1186 1936 1187 1937 1183 1937 1182 1937 1183 1938 1184 1938 1186 1938 1187 1939 1184 1939 1183 1939 1184 1940 1185 1940 1186 1940 1187 1941 1185 1941 1184 1941 1185 1942 1177 1942 1186 1942 1187 1943 1177 1943 1185 1943 1188 1944 1189 1944 1197 1944 1198 1945 1189 1945 1188 1945 1189 1946 1190 1946 1197 1946 1198 1947 1190 1947 1189 1947 1190 1948 1191 1948 1197 1948 1198 1949 1191 1949 1190 1949 1191 1950 1192 1950 1197 1950 1198 1951 1192 1951 1191 1951 1192 1952 1193 1952 1197 1952 1198 1953 1193 1953 1192 1953 1193 1954 1194 1954 1197 1954 1198 1955 1194 1955 1193 1955 1194 1956 1195 1956 1197 1956 1198 1957 1195 1957 1194 1957 1195 1958 1196 1958 1197 1958 1198 1959 1196 1959 1195 1959 1196 1960 1188 1960 1197 1960 1198 1961 1188 1961 1196 1961 1199 1962 1200 1962 1208 1962 1209 1963 1200 1963 1199 1963 1200 1964 1201 1964 1208 1964 1209 1965 1201 1965 1200 1965 1201 1966 1202 1966 1208 1966 1209 1967 1202 1967 1201 1967 1202 1968 1203 1968 1208 1968 1209 1969 1203 1969 1202 1969 1203 1970 1204 1970 1208 1970 1209 1971 1204 1971 1203 1971 1204 1972 1205 1972 1208 1972 1209 1973 1205 1973 1204 1973 1205 1974 1206 1974 1208 1974 1209 1975 1206 1975 1205 1975 1206 1976 1207 1976 1208 1976 1209 1977 1207 1977 1206 1977 1207 1978 1199 1978 1208 1978 1209 1979 1199 1979 1207 1979 1210 1980 1211 1980 1219 1980 1220 1981 1211 1981 1210 1981 1211 1982 1212 1982 1219 1982 1220 1983 1212 1983 1211 1983 1212 1984 1213 1984 1219 1984 1220 1985 1213 1985 1212 1985 1213 1986 1214 1986 1219 1986 1220 1987 1214 1987 1213 1987 1214 1988 1215 1988 1219 1988 1220 1989 1215 1989 1214 1989 1215 1990 1216 1990 1219 1990 1220 1991 1216 1991 1215 1991 1216 1992 1217 1992 1219 1992 1220 1993 1217 1993 1216 1993 1217 1994 1218 1994 1219 1994 1220 1995 1218 1995 1217 1995 1218 1996 1210 1996 1219 1996 1220 1997 1210 1997 1218 1997 1221 1998 1222 1998 1230 1998 1231 1999 1222 1999 1221 1999 1222 2000 1223 2000 1230 2000 1231 2001 1223 2001 1222 2001 1223 2002 1224 2002 1230 2002 1231 2003 1224 2003 1223 2003 1224 2004 1225 2004 1230 2004 1231 2005 1225 2005 1224 2005 1225 2006 1226 2006 1230 2006 1231 2007 1226 2007 1225 2007 1226 2008 1227 2008 1230 2008 1231 2009 1227 2009 1226 2009 1227 2010 1228 2010 1230 2010 1231 2011 1228 2011 1227 2011 1228 2012 1229 2012 1230 2012 1231 2013 1229 2013 1228 2013 1229 2014 1221 2014 1230 2014 1231 2015 1221 2015 1229 2015 1232 2016 1233 2016 1241 2016 1242 2017 1233 2017 1232 2017 1233 2018 1234 2018 1241 2018 1242 2019 1234 2019 1233 2019 1234 2020 1235 2020 1241 2020 1242 2021 1235 2021 1234 2021 1235 2022 1236 2022 1241 2022 1242 2023 1236 2023 1235 2023 1236 2024 1237 2024 1241 2024 1242 2025 1237 2025 1236 2025 1237 2026 1238 2026 1241 2026 1242 2027 1238 2027 1237 2027 1238 2028 1239 2028 1241 2028 1242 2029 1239 2029 1238 2029 1239 2030 1240 2030 1241 2030 1242 2031 1240 2031 1239 2031 1240 2032 1232 2032 1241 2032 1242 2033 1232 2033 1240 2033 1243 2034 1244 2034 1252 2034 1253 2035 1244 2035 1243 2035 1244 2036 1245 2036 1252 2036 1253 2037 1245 2037 1244 2037 1245 2038 1246 2038 1252 2038 1253 2039 1246 2039 1245 2039 1246 2040 1247 2040 1252 2040 1253 2041 1247 2041 1246 2041 1247 2042 1248 2042 1252 2042 1253 2043 1248 2043 1247 2043 1248 2044 1249 2044 1252 2044 1253 2045 1249 2045 1248 2045 1249 2046 1250 2046 1252 2046 1253 2047 1250 2047 1249 2047 1250 2048 1251 2048 1252 2048 1253 2049 1251 2049 1250 2049 1251 2050 1243 2050 1252 2050 1253 2051 1243 2051 1251 2051 1254 2052 1255 2052 1263 2052 1264 2053 1255 2053 1254 2053 1255 2054 1256 2054 1263 2054 1264 2055 1256 2055 1255 2055 1256 2056 1257 2056 1263 2056 1264 2057 1257 2057 1256 2057 1257 2058 1258 2058 1263 2058 1264 2059 1258 2059 1257 2059 1258 2060 1259 2060 1263 2060 1264 2061 1259 2061 1258 2061 1259 2062 1260 2062 1263 2062 1264 2063 1260 2063 1259 2063 1260 2064 1261 2064 1263 2064 1264 2065 1261 2065 1260 2065 1261 2066 1262 2066 1263 2066 1264 2067 1262 2067 1261 2067 1262 2068 1254 2068 1263 2068 1264 2069 1254 2069 1262 2069 1265 2070 1266 2070 1274 2070 1275 2071 1266 2071 1265 2071 1266 2072 1267 2072 1274 2072 1275 2073 1267 2073 1266 2073 1267 2074 1268 2074 1274 2074 1275 2075 1268 2075 1267 2075 1268 2076 1269 2076 1274 2076 1275 2077 1269 2077 1268 2077 1269 2078 1270 2078 1274 2078 1275 2079 1270 2079 1269 2079 1270 2080 1271 2080 1274 2080 1275 2081 1271 2081 1270 2081 1271 2082 1272 2082 1274 2082 1275 2083 1272 2083 1271 2083 1272 2084 1273 2084 1274 2084 1275 2085 1273 2085 1272 2085 1273 2086 1265 2086 1274 2086 1275 2087 1265 2087 1273 2087 1276 2088 1277 2088 1285 2088 1286 2089 1277 2089 1276 2089 1277 2090 1278 2090 1285 2090 1286 2091 1278 2091 1277 2091 1278 2092 1279 2092 1285 2092 1286 2093 1279 2093 1278 2093 1279 2094 1280 2094 1285 2094 1286 2095 1280 2095 1279 2095 1280 2096 1281 2096 1285 2096 1286 2097 1281 2097 1280 2097 1281 2098 1282 2098 1285 2098 1286 2099 1282 2099 1281 2099 1282 2100 1283 2100 1285 2100 1286 2101 1283 2101 1282 2101 1283 2102 1284 2102 1285 2102 1286 2103 1284 2103 1283 2103 1284 2104 1276 2104 1285 2104 1286 2105 1276 2105 1284 2105 1287 2106 1288 2106 1296 2106 1297 2107 1288 2107 1287 2107 1288 2108 1289 2108 1296 2108 1297 2109 1289 2109 1288 2109 1289 2110 1290 2110 1296 2110 1297 2111 1290 2111 1289 2111 1290 2112 1291 2112 1296 2112 1297 2113 1291 2113 1290 2113 1291 2114 1292 2114 1296 2114 1297 2115 1292 2115 1291 2115 1292 2116 1293 2116 1296 2116 1297 2117 1293 2117 1292 2117 1293 2118 1294 2118 1296 2118 1297 2119 1294 2119 1293 2119 1294 2120 1295 2120 1296 2120 1297 2121 1295 2121 1294 2121 1295 2122 1287 2122 1296 2122 1297 2123 1287 2123 1295 2123 1298 2124 1299 2124 1307 2124 1308 2125 1299 2125 1298 2125 1299 2126 1300 2126 1307 2126 1308 2127 1300 2127 1299 2127 1300 2128 1301 2128 1307 2128 1308 2129 1301 2129 1300 2129 1301 2130 1302 2130 1307 2130 1308 2131 1302 2131 1301 2131 1302 2132 1303 2132 1307 2132 1308 2133 1303 2133 1302 2133 1303 2134 1304 2134 1307 2134 1308 2135 1304 2135 1303 2135 1304 2136 1305 2136 1307 2136 1308 2137 1305 2137 1304 2137 1305 2138 1306 2138 1307 2138 1308 2139 1306 2139 1305 2139 1306 2140 1298 2140 1307 2140 1308 2141 1298 2141 1306 2141 1309 2142 1310 2142 1318 2142 1319 2143 1310 2143 1309 2143 1310 2144 1311 2144 1318 2144 1319 2145 1311 2145 1310 2145 1311 2146 1312 2146 1318 2146 1319 2147 1312 2147 1311 2147 1312 2148 1313 2148 1318 2148 1319 2149 1313 2149 1312 2149 1313 2150 1314 2150 1318 2150 1319 2151 1314 2151 1313 2151 1314 2152 1315 2152 1318 2152 1319 2153 1315 2153 1314 2153 1315 2154 1316 2154 1318 2154 1319 2155 1316 2155 1315 2155 1316 2156 1317 2156 1318 2156 1319 2157 1317 2157 1316 2157 1317 2158 1309 2158 1318 2158 1319 2159 1309 2159 1317 2159 1320 2160 1321 2160 1329 2160 1330 2161 1321 2161 1320 2161 1321 2162 1322 2162 1329 2162 1330 2163 1322 2163 1321 2163 1322 2164 1323 2164 1329 2164 1330 2165 1323 2165 1322 2165 1323 2166 1324 2166 1329 2166 1330 2167 1324 2167 1323 2167 1324 2168 1325 2168 1329 2168 1330 2169 1325 2169 1324 2169 1325 2170 1326 2170 1329 2170 1330 2171 1326 2171 1325 2171 1326 2172 1327 2172 1329 2172 1330 2173 1327 2173 1326 2173 1327 2174 1328 2174 1329 2174 1330 2175 1328 2175 1327 2175 1328 2176 1320 2176 1329 2176 1330 2177 1320 2177 1328 2177 1331 2178 1332 2178 1340 2178 1341 2179 1332 2179 1331 2179 1332 2180 1333 2180 1340 2180 1341 2181 1333 2181 1332 2181 1333 2182 1334 2182 1340 2182 1341 2183 1334 2183 1333 2183 1334 2184 1335 2184 1340 2184 1341 2185 1335 2185 1334 2185 1335 2186 1336 2186 1340 2186 1341 2187 1336 2187 1335 2187 1336 2188 1337 2188 1340 2188 1341 2189 1337 2189 1336 2189 1337 2190 1338 2190 1340 2190 1341 2191 1338 2191 1337 2191 1338 2192 1339 2192 1340 2192 1341 2193 1339 2193 1338 2193 1339 2194 1331 2194 1340 2194 1341 2195 1331 2195 1339 2195 1342 2196 1343 2196 1351 2196 1352 2197 1343 2197 1342 2197 1343 2198 1344 2198 1351 2198 1352 2199 1344 2199 1343 2199 1344 2200 1345 2200 1351 2200 1352 2201 1345 2201 1344 2201 1345 2202 1346 2202 1351 2202 1352 2203 1346 2203 1345 2203 1346 2204 1347 2204 1351 2204 1352 2205 1347 2205 1346 2205 1347 2206 1348 2206 1351 2206 1352 2207 1348 2207 1347 2207 1348 2208 1349 2208 1351 2208 1352 2209 1349 2209 1348 2209 1349 2210 1350 2210 1351 2210 1352 2211 1350 2211 1349 2211 1350 2212 1342 2212 1351 2212 1352 2213 1342 2213 1350 2213 1353 2214 1354 2214 1362 2214 1363 2215 1354 2215 1353 2215 1354 2216 1355 2216 1362 2216 1363 2217 1355 2217 1354 2217 1355 2218 1356 2218 1362 2218 1363 2219 1356 2219 1355 2219 1356 2220 1357 2220 1362 2220 1363 2221 1357 2221 1356 2221 1357 2222 1358 2222 1362 2222 1363 2223 1358 2223 1357 2223 1358 2224 1359 2224 1362 2224 1363 2225 1359 2225 1358 2225 1359 2226 1360 2226 1362 2226 1363 2227 1360 2227 1359 2227 1360 2228 1361 2228 1362 2228 1363 2229 1361 2229 1360 2229 1361 2230 1353 2230 1362 2230 1363 2231 1353 2231 1361 2231 1364 2232 1365 2232 1373 2232 1374 2233 1365 2233 1364 2233 1365 2234 1366 2234 1373 2234 1374 2235 1366 2235 1365 2235 1366 2236 1367 2236 1373 2236 1374 2237 1367 2237 1366 2237 1367 2238 1368 2238 1373 2238 1374 2239 1368 2239 1367 2239 1368 2240 1369 2240 1373 2240 1374 2241 1369 2241 1368 2241 1369 2242 1370 2242 1373 2242 1374 2243 1370 2243 1369 2243 1370 2244 1371 2244 1373 2244 1374 2245 1371 2245 1370 2245 1371 2246 1372 2246 1373 2246 1374 2247 1372 2247 1371 2247 1372 2248 1364 2248 1373 2248 1374 2249 1364 2249 1372 2249 1375 2250 1376 2250 1384 2250 1385 2251 1376 2251 1375 2251 1376 2252 1377 2252 1384 2252 1385 2253 1377 2253 1376 2253 1377 2254 1378 2254 1384 2254 1385 2255 1378 2255 1377 2255 1378 2256 1379 2256 1384 2256 1385 2257 1379 2257 1378 2257 1379 2258 1380 2258 1384 2258 1385 2259 1380 2259 1379 2259 1380 2260 1381 2260 1384 2260 1385 2261 1381 2261 1380 2261 1381 2262 1382 2262 1384 2262 1385 2263 1382 2263 1381 2263 1382 2264 1383 2264 1384 2264 1385 2265 1383 2265 1382 2265 1383 2266 1375 2266 1384 2266 1385 2267 1375 2267 1383 2267 1386 2268 1387 2268 1395 2268 1396 2269 1387 2269 1386 2269 1387 2270 1388 2270 1395 2270 1396 2271 1388 2271 1387 2271 1388 2272 1389 2272 1395 2272 1396 2273 1389 2273 1388 2273 1389 2274 1390 2274 1395 2274 1396 2275 1390 2275 1389 2275 1390 2276 1391 2276 1395 2276 1396 2277 1391 2277 1390 2277 1391 2278 1392 2278 1395 2278 1396 2279 1392 2279 1391 2279 1392 2280 1393 2280 1395 2280 1396 2281 1393 2281 1392 2281 1393 2282 1394 2282 1395 2282 1396 2283 1394 2283 1393 2283 1394 2284 1386 2284 1395 2284 1396 2285 1386 2285 1394 2285 1397 2286 1398 2286 1406 2286 1407 2287 1398 2287 1397 2287 1398 2288 1399 2288 1406 2288 1407 2289 1399 2289 1398 2289 1399 2290 1400 2290 1406 2290 1407 2291 1400 2291 1399 2291 1400 2292 1401 2292 1406 2292 1407 2293 1401 2293 1400 2293 1401 2294 1402 2294 1406 2294 1407 2295 1402 2295 1401 2295 1402 2296 1403 2296 1406 2296 1407 2297 1403 2297 1402 2297 1403 2298 1404 2298 1406 2298 1407 2299 1404 2299 1403 2299 1404 2300 1405 2300 1406 2300 1407 2301 1405 2301 1404 2301 1405 2302 1397 2302 1406 2302 1407 2303 1397 2303 1405 2303 1408 2304 1409 2304 1417 2304 1418 2305 1409 2305 1408 2305 1409 2306 1410 2306 1417 2306 1418 2307 1410 2307 1409 2307 1410 2308 1411 2308 1417 2308 1418 2309 1411 2309 1410 2309 1411 2310 1412 2310 1417 2310 1418 2311 1412 2311 1411 2311 1412 2312 1413 2312 1417 2312 1418 2313 1413 2313 1412 2313 1413 2314 1414 2314 1417 2314 1418 2315 1414 2315 1413 2315 1414 2316 1415 2316 1417 2316 1418 2317 1415 2317 1414 2317 1415 2318 1416 2318 1417 2318 1418 2319 1416 2319 1415 2319 1416 2320 1408 2320 1417 2320 1418 2321 1408 2321 1416 2321 1419 2322 1420 2322 1428 2322 1429 2323 1420 2323 1419 2323 1420 2324 1421 2324 1428 2324 1429 2325 1421 2325 1420 2325 1421 2326 1422 2326 1428 2326 1429 2327 1422 2327 1421 2327 1422 2328 1423 2328 1428 2328 1429 2329 1423 2329 1422 2329 1423 2330 1424 2330 1428 2330 1429 2331 1424 2331 1423 2331 1424 2332 1425 2332 1428 2332 1429 2333 1425 2333 1424 2333 1425 2334 1426 2334 1428 2334 1429 2335 1426 2335 1425 2335 1426 2336 1427 2336 1428 2336 1429 2337 1427 2337 1426 2337 1427 2338 1419 2338 1428 2338 1429 2339 1419 2339 1427 2339 1430 2340 1431 2340 1439 2340 1440 2341 1431 2341 1430 2341 1431 2342 1432 2342 1439 2342 1440 2343 1432 2343 1431 2343 1432 2344 1433 2344 1439 2344 1440 2345 1433 2345 1432 2345 1433 2346 1434 2346 1439 2346 1440 2347 1434 2347 1433 2347 1434 2348 1435 2348 1439 2348 1440 2349 1435 2349 1434 2349 1435 2350 1436 2350 1439 2350 1440 2351 1436 2351 1435 2351 1436 2352 1437 2352 1439 2352 1440 2353 1437 2353 1436 2353 1437 2354 1438 2354 1439 2354 1440 2355 1438 2355 1437 2355 1438 2356 1430 2356 1439 2356 1440 2357 1430 2357 1438 2357 1441 2358 1442 2358 1450 2358 1451 2359 1442 2359 1441 2359 1442 2360 1443 2360 1450 2360 1451 2361 1443 2361 1442 2361 1443 2362 1444 2362 1450 2362 1451 2363 1444 2363 1443 2363 1444 2364 1445 2364 1450 2364 1451 2365 1445 2365 1444 2365 1445 2366 1446 2366 1450 2366 1451 2367 1446 2367 1445 2367 1446 2368 1447 2368 1450 2368 1451 2369 1447 2369 1446 2369 1447 2370 1448 2370 1450 2370 1451 2371 1448 2371 1447 2371 1448 2372 1449 2372 1450 2372 1451 2373 1449 2373 1448 2373 1449 2374 1441 2374 1450 2374 1451 2375 1441 2375 1449 2375 1452 2376 1453 2376 1461 2376 1462 2377 1453 2377 1452 2377 1453 2378 1454 2378 1461 2378 1462 2379 1454 2379 1453 2379 1454 2380 1455 2380 1461 2380 1462 2381 1455 2381 1454 2381 1455 2382 1456 2382 1461 2382 1462 2383 1456 2383 1455 2383 1456 2384 1457 2384 1461 2384 1462 2385 1457 2385 1456 2385 1457 2386 1458 2386 1461 2386 1462 2387 1458 2387 1457 2387 1458 2388 1459 2388 1461 2388 1462 2389 1459 2389 1458 2389 1459 2390 1460 2390 1461 2390 1462 2391 1460 2391 1459 2391 1460 2392 1452 2392 1461 2392 1462 2393 1452 2393 1460 2393 1463 2394 1464 2394 1472 2394 1473 2395 1464 2395 1463 2395 1464 2396 1465 2396 1472 2396 1473 2397 1465 2397 1464 2397 1465 2398 1466 2398 1472 2398 1473 2399 1466 2399 1465 2399 1466 2400 1467 2400 1472 2400 1473 2401 1467 2401 1466 2401 1467 2402 1468 2402 1472 2402 1473 2403 1468 2403 1467 2403 1468 2404 1469 2404 1472 2404 1473 2405 1469 2405 1468 2405 1469 2406 1470 2406 1472 2406 1473 2407 1470 2407 1469 2407 1470 2408 1471 2408 1472 2408 1473 2409 1471 2409 1470 2409 1471 2410 1463 2410 1472 2410 1473 2411 1463 2411 1471 2411 1474 2412 1475 2412 1483 2412 1484 2413 1475 2413 1474 2413 1475 2414 1476 2414 1483 2414 1484 2415 1476 2415 1475 2415 1476 2416 1477 2416 1483 2416 1484 2417 1477 2417 1476 2417 1477 2418 1478 2418 1483 2418 1484 2419 1478 2419 1477 2419 1478 2420 1479 2420 1483 2420 1484 2421 1479 2421 1478 2421 1479 2422 1480 2422 1483 2422 1484 2423 1480 2423 1479 2423 1480 2424 1481 2424 1483 2424 1484 2425 1481 2425 1480 2425 1481 2426 1482 2426 1483 2426 1484 2427 1482 2427 1481 2427 1482 2428 1474 2428 1483 2428 1484 2429 1474 2429 1482 2429 1485 2430 1486 2430 1494 2430 1495 2431 1486 2431 1485 2431 1486 2432 1487 2432 1494 2432 1495 2433 1487 2433 1486 2433 1487 2434 1488 2434 1494 2434 1495 2435 1488 2435 1487 2435 1488 2436 1489 2436 1494 2436 1495 2437 1489 2437 1488 2437 1489 2438 1490 2438 1494 2438 1495 2439 1490 2439 1489 2439 1490 2440 1491 2440 1494 2440 1495 2441 1491 2441 1490 2441 1491 2442 1492 2442 1494 2442 1495 2443 1492 2443 1491 2443 1492 2444 1493 2444 1494 2444 1495 2445 1493 2445 1492 2445 1493 2446 1485 2446 1494 2446 1495 2447 1485 2447 1493 2447 1496 2448 1497 2448 1505 2448 1506 2449 1497 2449 1496 2449 1497 2450 1498 2450 1505 2450 1506 2451 1498 2451 1497 2451 1498 2452 1499 2452 1505 2452 1506 2453 1499 2453 1498 2453 1499 2454 1500 2454 1505 2454 1506 2455 1500 2455 1499 2455 1500 2456 1501 2456 1505 2456 1506 2457 1501 2457 1500 2457 1501 2458 1502 2458 1505 2458 1506 2459 1502 2459 1501 2459 1502 2460 1503 2460 1505 2460 1506 2461 1503 2461 1502 2461 1503 2462 1504 2462 1505 2462 1506 2463 1504 2463 1503 2463 1504 2464 1496 2464 1505 2464 1506 2465 1496 2465 1504 2465 1507 2466 1508 2466 1516 2466 1517 2467 1508 2467 1507 2467 1508 2468 1509 2468 1516 2468 1517 2469 1509 2469 1508 2469 1509 2470 1510 2470 1516 2470 1517 2471 1510 2471 1509 2471 1510 2472 1511 2472 1516 2472 1517 2473 1511 2473 1510 2473 1511 2474 1512 2474 1516 2474 1517 2475 1512 2475 1511 2475 1512 2476 1513 2476 1516 2476 1517 2477 1513 2477 1512 2477 1513 2478 1514 2478 1516 2478 1517 2479 1514 2479 1513 2479 1514 2480 1515 2480 1516 2480 1517 2481 1515 2481 1514 2481 1515 2482 1507 2482 1516 2482 1517 2483 1507 2483 1515 2483 1518 2484 1519 2484 1527 2484 1528 2485 1519 2485 1518 2485 1519 2486 1520 2486 1527 2486 1528 2487 1520 2487 1519 2487 1520 2488 1521 2488 1527 2488 1528 2489 1521 2489 1520 2489 1521 2490 1522 2490 1527 2490 1528 2491 1522 2491 1521 2491 1522 2492 1523 2492 1527 2492 1528 2493 1523 2493 1522 2493 1523 2494 1524 2494 1527 2494 1528 2495 1524 2495 1523 2495 1524 2496 1525 2496 1527 2496 1528 2497 1525 2497 1524 2497 1525 2498 1526 2498 1527 2498 1528 2499 1526 2499 1525 2499 1526 2500 1518 2500 1527 2500 1528 2501 1518 2501 1526 2501 1529 2502 1530 2502 1538 2502 1539 2503 1530 2503 1529 2503 1530 2504 1531 2504 1538 2504 1539 2505 1531 2505 1530 2505 1531 2506 1532 2506 1538 2506 1539 2507 1532 2507 1531 2507 1532 2508 1533 2508 1538 2508 1539 2509 1533 2509 1532 2509 1533 2510 1534 2510 1538 2510 1539 2511 1534 2511 1533 2511 1534 2512 1535 2512 1538 2512 1539 2513 1535 2513 1534 2513 1535 2514 1536 2514 1538 2514 1539 2515 1536 2515 1535 2515 1536 2516 1537 2516 1538 2516 1539 2517 1537 2517 1536 2517 1537 2518 1529 2518 1538 2518 1539 2519 1529 2519 1537 2519 1540 2520 1541 2520 1549 2520 1550 2521 1541 2521 1540 2521 1541 2522 1542 2522 1549 2522 1550 2523 1542 2523 1541 2523 1542 2524 1543 2524 1549 2524 1550 2525 1543 2525 1542 2525 1543 2526 1544 2526 1549 2526 1550 2527 1544 2527 1543 2527 1544 2528 1545 2528 1549 2528 1550 2529 1545 2529 1544 2529 1545 2530 1546 2530 1549 2530 1550 2531 1546 2531 1545 2531 1546 2532 1547 2532 1549 2532 1550 2533 1547 2533 1546 2533 1547 2534 1548 2534 1549 2534 1550 2535 1548 2535 1547 2535 1548 2536 1540 2536 1549 2536 1550 2537 1540 2537 1548 2537 1551 2538 1552 2538 1560 2538 1561 2539 1552 2539 1551 2539 1552 2540 1553 2540 1560 2540 1561 2541 1553 2541 1552 2541 1553 2542 1554 2542 1560 2542 1561 2543 1554 2543 1553 2543 1554 2544 1555 2544 1560 2544 1561 2545 1555 2545 1554 2545 1555 2546 1556 2546 1560 2546 1561 2547 1556 2547 1555 2547 1556 2548 1557 2548 1560 2548 1561 2549 1557 2549 1556 2549 1557 2550 1558 2550 1560 2550 1561 2551 1558 2551 1557 2551 1558 2552 1559 2552 1560 2552 1561 2553 1559 2553 1558 2553 1559 2554 1551 2554 1560 2554 1561 2555 1551 2555 1559 2555 1562 2556 1563 2556 1571 2556 1572 2557 1563 2557 1562 2557 1563 2558 1564 2558 1571 2558 1572 2559 1564 2559 1563 2559 1564 2560 1565 2560 1571 2560 1572 2561 1565 2561 1564 2561 1565 2562 1566 2562 1571 2562 1572 2563 1566 2563 1565 2563 1566 2564 1567 2564 1571 2564 1572 2565 1567 2565 1566 2565 1567 2566 1568 2566 1571 2566 1572 2567 1568 2567 1567 2567 1568 2568 1569 2568 1571 2568 1572 2569 1569 2569 1568 2569 1569 2570 1570 2570 1571 2570 1572 2571 1570 2571 1569 2571 1570 2572 1562 2572 1571 2572 1572 2573 1562 2573 1570 2573 1573 2574 1574 2574 1582 2574 1583 2575 1574 2575 1573 2575 1574 2576 1575 2576 1582 2576 1583 2577 1575 2577 1574 2577 1575 2578 1576 2578 1582 2578 1583 2579 1576 2579 1575 2579 1576 2580 1577 2580 1582 2580 1583 2581 1577 2581 1576 2581 1577 2582 1578 2582 1582 2582 1583 2583 1578 2583 1577 2583 1578 2584 1579 2584 1582 2584 1583 2585 1579 2585 1578 2585 1579 2586 1580 2586 1582 2586 1583 2587 1580 2587 1579 2587 1580 2588 1581 2588 1582 2588 1583 2589 1581 2589 1580 2589 1581 2590 1573 2590 1582 2590 1583 2591 1573 2591 1581 2591 1584 2592 1585 2592 1593 2592 1594 2593 1585 2593 1584 2593 1585 2594 1586 2594 1593 2594 1594 2595 1586 2595 1585 2595 1586 2596 1587 2596 1593 2596 1594 2597 1587 2597 1586 2597 1587 2598 1588 2598 1593 2598 1594 2599 1588 2599 1587 2599 1588 2600 1589 2600 1593 2600 1594 2601 1589 2601 1588 2601 1589 2602 1590 2602 1593 2602 1594 2603 1590 2603 1589 2603 1590 2604 1591 2604 1593 2604 1594 2605 1591 2605 1590 2605 1591 2606 1592 2606 1593 2606 1594 2607 1592 2607 1591 2607 1592 2608 1584 2608 1593 2608 1594 2609 1584 2609 1592 2609 1595 2610 1596 2610 1604 2610 1605 2611 1596 2611 1595 2611 1596 2612 1597 2612 1604 2612 1605 2613 1597 2613 1596 2613 1597 2614 1598 2614 1604 2614 1605 2615 1598 2615 1597 2615 1598 2616 1599 2616 1604 2616 1605 2617 1599 2617 1598 2617 1599 2618 1600 2618 1604 2618 1605 2619 1600 2619 1599 2619 1600 2620 1601 2620 1604 2620 1605 2621 1601 2621 1600 2621 1601 2622 1602 2622 1604 2622 1605 2623 1602 2623 1601 2623 1602 2624 1603 2624 1604 2624 1605 2625 1603 2625 1602 2625 1603 2626 1595 2626 1604 2626 1605 2627 1595 2627 1603 2627 1606 2628 1607 2628 1615 2628 1616 2629 1607 2629 1606 2629 1607 2630 1608 2630 1615 2630 1616 2631 1608 2631 1607 2631 1608 2632 1609 2632 1615 2632 1616 2633 1609 2633 1608 2633 1609 2634 1610 2634 1615 2634 1616 2635 1610 2635 1609 2635 1610 2636 1611 2636 1615 2636 1616 2637 1611 2637 1610 2637 1611 2638 1612 2638 1615 2638 1616 2639 1612 2639 1611 2639 1612 2640 1613 2640 1615 2640 1616 2641 1613 2641 1612 2641 1613 2642 1614 2642 1615 2642 1616 2643 1614 2643 1613 2643 1614 2644 1606 2644 1615 2644 1616 2645 1606 2645 1614 2645 1617 2646 1618 2646 1626 2646 1627 2647 1618 2647 1617 2647 1618 2648 1619 2648 1626 2648 1627 2649 1619 2649 1618 2649 1619 2650 1620 2650 1626 2650 1627 2651 1620 2651 1619 2651 1620 2652 1621 2652 1626 2652 1627 2653 1621 2653 1620 2653 1621 2654 1622 2654 1626 2654 1627 2655 1622 2655 1621 2655 1622 2656 1623 2656 1626 2656 1627 2657 1623 2657 1622 2657 1623 2658 1624 2658 1626 2658 1627 2659 1624 2659 1623 2659 1624 2660 1625 2660 1626 2660 1627 2661 1625 2661 1624 2661 1625 2662 1617 2662 1626 2662 1627 2663 1617 2663 1625 2663 1628 2664 1629 2664 1637 2664 1638 2665 1629 2665 1628 2665 1629 2666 1630 2666 1637 2666 1638 2667 1630 2667 1629 2667 1630 2668 1631 2668 1637 2668 1638 2669 1631 2669 1630 2669 1631 2670 1632 2670 1637 2670 1638 2671 1632 2671 1631 2671 1632 2672 1633 2672 1637 2672 1638 2673 1633 2673 1632 2673 1633 2674 1634 2674 1637 2674 1638 2675 1634 2675 1633 2675 1634 2676 1635 2676 1637 2676 1638 2677 1635 2677 1634 2677 1635 2678 1636 2678 1637 2678 1638 2679 1636 2679 1635 2679 1636 2680 1628 2680 1637 2680 1638 2681 1628 2681 1636 2681 1639 2682 1640 2682 1648 2682 1649 2683 1640 2683 1639 2683 1640 2684 1641 2684 1648 2684 1649 2685 1641 2685 1640 2685 1641 2686 1642 2686 1648 2686 1649 2687 1642 2687 1641 2687 1642 2688 1643 2688 1648 2688 1649 2689 1643 2689 1642 2689 1643 2690 1644 2690 1648 2690 1649 2691 1644 2691 1643 2691 1644 2692 1645 2692 1648 2692 1649 2693 1645 2693 1644 2693 1645 2694 1646 2694 1648 2694 1649 2695 1646 2695 1645 2695 1646 2696 1647 2696 1648 2696 1649 2697 1647 2697 1646 2697 1647 2698 1639 2698 1648 2698 1649 2699 1639 2699 1647 2699 1650 2700 1651 2700 1659 2700 1660 2701 1651 2701 1650 2701 1651 2702 1652 2702 1659 2702 1660 2703 1652 2703 1651 2703 1652 2704 1653 2704 1659 2704 1660 2705 1653 2705 1652 2705 1653 2706 1654 2706 1659 2706 1660 2707 1654 2707 1653 2707 1654 2708 1655 2708 1659 2708 1660 2709 1655 2709 1654 2709 1655 2710 1656 2710 1659 2710 1660 2711 1656 2711 1655 2711 1656 2712 1657 2712 1659 2712 1660 2713 1657 2713 1656 2713 1657 2714 1658 2714 1659 2714 1660 2715 1658 2715 1657 2715 1658 2716 1650 2716 1659 2716 1660 2717 1650 2717 1658 2717 1661 2718 1662 2718 1670 2718 1671 2719 1662 2719 1661 2719 1662 2720 1663 2720 1670 2720 1671 2721 1663 2721 1662 2721 1663 2722 1664 2722 1670 2722 1671 2723 1664 2723 1663 2723 1664 2724 1665 2724 1670 2724 1671 2725 1665 2725 1664 2725 1665 2726 1666 2726 1670 2726 1671 2727 1666 2727 1665 2727 1666 2728 1667 2728 1670 2728 1671 2729 1667 2729 1666 2729 1667 2730 1668 2730 1670 2730 1671 2731 1668 2731 1667 2731 1668 2732 1669 2732 1670 2732 1671 2733 1669 2733 1668 2733 1669 2734 1661 2734 1670 2734 1671 2735 1661 2735 1669 2735 1672 2736 1673 2736 1681 2736 1682 2737 1673 2737 1672 2737 1673 2738 1674 2738 1681 2738 1682 2739 1674 2739 1673 2739 1674 2740 1675 2740 1681 2740 1682 2741 1675 2741 1674 2741 1675 2742 1676 2742 1681 2742 1682 2743 1676 2743 1675 2743 1676 2744 1677 2744 1681 2744 1682 2745 1677 2745 1676 2745 1677 2746 1678 2746 1681 2746 1682 2747 1678 2747 1677 2747 1678 2748 1679 2748 1681 2748 1682 2749 1679 2749 1678 2749 1679 2750 1680 2750 1681 2750 1682 2751 1680 2751 1679 2751 1680 2752 1672 2752 1681 2752 1682 2753 1672 2753 1680 2753 1683 2754 1684 2754 1692 2754 1693 2755 1684 2755 1683 2755 1684 2756 1685 2756 1692 2756 1693 2757 1685 2757 1684 2757 1685 2758 1686 2758 1692 2758 1693 2759 1686 2759 1685 2759 1686 2760 1687 2760 1692 2760 1693 2761 1687 2761 1686 2761 1687 2762 1688 2762 1692 2762 1693 2763 1688 2763 1687 2763 1688 2764 1689 2764 1692 2764 1693 2765 1689 2765 1688 2765 1689 2766 1690 2766 1692 2766 1693 2767 1690 2767 1689 2767 1690 2768 1691 2768 1692 2768 1693 2769 1691 2769 1690 2769 1691 2770 1683 2770 1692 2770 1693 2771 1683 2771 1691 2771 1694 2772 1695 2772 1703 2772 1704 2773 1695 2773 1694 2773 1695 2774 1696 2774 1703 2774 1704 2775 1696 2775 1695 2775 1696 2776 1697 2776 1703 2776 1704 2777 1697 2777 1696 2777 1697 2778 1698 2778 1703 2778 1704 2779 1698 2779 1697 2779 1698 2780 1699 2780 1703 2780 1704 2781 1699 2781 1698 2781 1699 2782 1700 2782 1703 2782 1704 2783 1700 2783 1699 2783 1700 2784 1701 2784 1703 2784 1704 2785 1701 2785 1700 2785 1701 2786 1702 2786 1703 2786 1704 2787 1702 2787 1701 2787 1702 2788 1694 2788 1703 2788 1704 2789 1694 2789 1702 2789 1705 2790 1706 2790 1714 2790 1715 2791 1706 2791 1705 2791 1706 2792 1707 2792 1714 2792 1715 2793 1707 2793 1706 2793 1707 2794 1708 2794 1714 2794 1715 2795 1708 2795 1707 2795 1708 2796 1709 2796 1714 2796 1715 2797 1709 2797 1708 2797 1709 2798 1710 2798 1714 2798 1715 2799 1710 2799 1709 2799 1710 2800 1711 2800 1714 2800 1715 2801 1711 2801 1710 2801 1711 2802 1712 2802 1714 2802 1715 2803 1712 2803 1711 2803 1712 2804 1713 2804 1714 2804 1715 2805 1713 2805 1712 2805 1713 2806 1705 2806 1714 2806 1715 2807 1705 2807 1713 2807 1716 2808 1717 2808 1725 2808 1726 2809 1717 2809 1716 2809 1717 2810 1718 2810 1725 2810 1726 2811 1718 2811 1717 2811 1718 2812 1719 2812 1725 2812 1726 2813 1719 2813 1718 2813 1719 2814 1720 2814 1725 2814 1726 2815 1720 2815 1719 2815 1720 2816 1721 2816 1725 2816 1726 2817 1721 2817 1720 2817 1721 2818 1722 2818 1725 2818 1726 2819 1722 2819 1721 2819 1722 2820 1723 2820 1725 2820 1726 2821 1723 2821 1722 2821 1723 2822 1724 2822 1725 2822 1726 2823 1724 2823 1723 2823 1724 2824 1716 2824 1725 2824 1726 2825 1716 2825 1724 2825 1727 2826 1728 2826 1736 2826 1737 2827 1728 2827 1727 2827 1728 2828 1729 2828 1736 2828 1737 2829 1729 2829 1728 2829 1729 2830 1730 2830 1736 2830 1737 2831 1730 2831 1729 2831 1730 2832 1731 2832 1736 2832 1737 2833 1731 2833 1730 2833 1731 2834 1732 2834 1736 2834 1737 2835 1732 2835 1731 2835 1732 2836 1733 2836 1736 2836 1737 2837 1733 2837 1732 2837 1733 2838 1734 2838 1736 2838 1737 2839 1734 2839 1733 2839 1734 2840 1735 2840 1736 2840 1737 2841 1735 2841 1734 2841 1735 2842 1727 2842 1736 2842 1737 2843 1727 2843 1735 2843 1738 2844 1739 2844 1747 2844 1748 2845 1739 2845 1738 2845 1739 2846 1740 2846 1747 2846 1748 2847 1740 2847 1739 2847 1740 2848 1741 2848 1747 2848 1748 2849 1741 2849 1740 2849 1741 2850 1742 2850 1747 2850 1748 2851 1742 2851 1741 2851 1742 2852 1743 2852 1747 2852 1748 2853 1743 2853 1742 2853 1743 2854 1744 2854 1747 2854 1748 2855 1744 2855 1743 2855 1744 2856 1745 2856 1747 2856 1748 2857 1745 2857 1744 2857 1745 2858 1746 2858 1747 2858 1748 2859 1746 2859 1745 2859 1746 2860 1738 2860 1747 2860 1748 2861 1738 2861 1746 2861 1749 2862 1750 2862 1758 2862 1759 2863 1750 2863 1749 2863 1750 2864 1751 2864 1758 2864 1759 2865 1751 2865 1750 2865 1751 2866 1752 2866 1758 2866 1759 2867 1752 2867 1751 2867 1752 2868 1753 2868 1758 2868 1759 2869 1753 2869 1752 2869 1753 2870 1754 2870 1758 2870 1759 2871 1754 2871 1753 2871 1754 2872 1755 2872 1758 2872 1759 2873 1755 2873 1754 2873 1755 2874 1756 2874 1758 2874 1759 2875 1756 2875 1755 2875 1756 2876 1757 2876 1758 2876 1759 2877 1757 2877 1756 2877 1757 2878 1749 2878 1758 2878 1759 2879 1749 2879 1757 2879 1760 2880 1761 2880 1769 2880 1770 2881 1761 2881 1760 2881 1761 2882 1762 2882 1769 2882 1770 2883 1762 2883 1761 2883 1762 2884 1763 2884 1769 2884 1770 2885 1763 2885 1762 2885 1763 2886 1764 2886 1769 2886 1770 2887 1764 2887 1763 2887 1764 2888 1765 2888 1769 2888 1770 2889 1765 2889 1764 2889 1765 2890 1766 2890 1769 2890 1770 2891 1766 2891 1765 2891 1766 2892 1767 2892 1769 2892 1770 2893 1767 2893 1766 2893 1767 2894 1768 2894 1769 2894 1770 2895 1768 2895 1767 2895 1768 2896 1760 2896 1769 2896 1770 2897 1760 2897 1768 2897 1771 2898 1772 2898 1780 2898 1781 2899 1772 2899 1771 2899 1772 2900 1773 2900 1780 2900 1781 2901 1773 2901 1772 2901 1773 2902 1774 2902 1780 2902 1781 2903 1774 2903 1773 2903 1774 2904 1775 2904 1780 2904 1781 2905 1775 2905 1774 2905 1775 2906 1776 2906 1780 2906 1781 2907 1776 2907 1775 2907 1776 2908 1777 2908 1780 2908 1781 2909 1777 2909 1776 2909 1777 2910 1778 2910 1780 2910 1781 2911 1778 2911 1777 2911 1778 2912 1779 2912 1780 2912 1781 2913 1779 2913 1778 2913 1779 2914 1771 2914 1780 2914 1781 2915 1771 2915 1779 2915 1782 2916 1783 2916 1791 2916 1792 2917 1783 2917 1782 2917 1783 2918 1784 2918 1791 2918 1792 2919 1784 2919 1783 2919 1784 2920 1785 2920 1791 2920 1792 2921 1785 2921 1784 2921 1785 2922 1786 2922 1791 2922 1792 2923 1786 2923 1785 2923 1786 2924 1787 2924 1791 2924 1792 2925 1787 2925 1786 2925 1787 2926 1788 2926 1791 2926 1792 2927 1788 2927 1787 2927 1788 2928 1789 2928 1791 2928 1792 2929 1789 2929 1788 2929 1789 2930 1790 2930 1791 2930 1792 2931 1790 2931 1789 2931 1790 2932 1782 2932 1791 2932 1792 2933 1782 2933 1790 2933 1793 2934 1794 2934 1802 2934 1803 2935 1794 2935 1793 2935 1794 2936 1795 2936 1802 2936 1803 2937 1795 2937 1794 2937 1795 2938 1796 2938 1802 2938 1803 2939 1796 2939 1795 2939 1796 2940 1797 2940 1802 2940 1803 2941 1797 2941 1796 2941 1797 2942 1798 2942 1802 2942 1803 2943 1798 2943 1797 2943 1798 2944 1799 2944 1802 2944 1803 2945 1799 2945 1798 2945 1799 2946 1800 2946 1802 2946 1803 2947 1800 2947 1799 2947 1800 2948 1801 2948 1802 2948 1803 2949 1801 2949 1800 2949 1801 2950 1793 2950 1802 2950 1803 2951 1793 2951 1801 2951 1804 2952 1805 2952 1813 2952 1814 2953 1805 2953 1804 2953 1805 2954 1806 2954 1813 2954 1814 2955 1806 2955 1805 2955 1806 2956 1807 2956 1813 2956 1814 2957 1807 2957 1806 2957 1807 2958 1808 2958 1813 2958 1814 2959 1808 2959 1807 2959 1808 2960 1809 2960 1813 2960 1814 2961 1809 2961 1808 2961 1809 2962 1810 2962 1813 2962 1814 2963 1810 2963 1809 2963 1810 2964 1811 2964 1813 2964 1814 2965 1811 2965 1810 2965 1811 2966 1812 2966 1813 2966 1814 2967 1812 2967 1811 2967 1812 2968 1804 2968 1813 2968 1814 2969 1804 2969 1812 2969 1815 2970 1816 2970 1824 2970 1825 2971 1816 2971 1815 2971 1816 2972 1817 2972 1824 2972 1825 2973 1817 2973 1816 2973 1817 2974 1818 2974 1824 2974 1825 2975 1818 2975 1817 2975 1818 2976 1819 2976 1824 2976 1825 2977 1819 2977 1818 2977 1819 2978 1820 2978 1824 2978 1825 2979 1820 2979 1819 2979 1820 2980 1821 2980 1824 2980 1825 2981 1821 2981 1820 2981 1821 2982 1822 2982 1824 2982 1825 2983 1822 2983 1821 2983 1822 2984 1823 2984 1824 2984 1825 2985 1823 2985 1822 2985 1823 2986 1815 2986 1824 2986 1825 2987 1815 2987 1823 2987 1826 2988 1827 2988 1835 2988 1836 2989 1827 2989 1826 2989 1827 2990 1828 2990 1835 2990 1836 2991 1828 2991 1827 2991 1828 2992 1829 2992 1835 2992 1836 2993 1829 2993 1828 2993 1829 2994 1830 2994 1835 2994 1836 2995 1830 2995 1829 2995 1830 2996 1831 2996 1835 2996 1836 2997 1831 2997 1830 2997 1831 2998 1832 2998 1835 2998 1836 2999 1832 2999 1831 2999 1832 3000 1833 3000 1835 3000 1836 3001 1833 3001 1832 3001 1833 3002 1834 3002 1835 3002 1836 3003 1834 3003 1833 3003 1834 3004 1826 3004 1835 3004 1836 3005 1826 3005 1834 3005 1837 3006 1838 3006 1846 3006 1847 3007 1838 3007 1837 3007 1838 3008 1839 3008 1846 3008 1847 3009 1839 3009 1838 3009 1839 3010 1840 3010 1846 3010 1847 3011 1840 3011 1839 3011 1840 3012 1841 3012 1846 3012 1847 3013 1841 3013 1840 3013 1841 3014 1842 3014 1846 3014 1847 3015 1842 3015 1841 3015 1842 3016 1843 3016 1846 3016 1847 3017 1843 3017 1842 3017 1843 3018 1844 3018 1846 3018 1847 3019 1844 3019 1843 3019 1844 3020 1845 3020 1846 3020 1847 3021 1845 3021 1844 3021 1845 3022 1837 3022 1846 3022 1847 3023 1837 3023 1845 3023 1848 3024 1849 3024 1857 3024 1858 3025 1849 3025 1848 3025 1849 3026 1850 3026 1857 3026 1858 3027 1850 3027 1849 3027 1850 3028 1851 3028 1857 3028 1858 3029 1851 3029 1850 3029 1851 3030 1852 3030 1857 3030 1858 3031 1852 3031 1851 3031 1852 3032 1853 3032 1857 3032 1858 3033 1853 3033 1852 3033 1853 3034 1854 3034 1857 3034 1858 3035 1854 3035 1853 3035 1854 3036 1855 3036 1857 3036 1858 3037 1855 3037 1854 3037 1855 3038 1856 3038 1857 3038 1858 3039 1856 3039 1855 3039 1856 3040 1848 3040 1857 3040 1858 3041 1848 3041 1856 3041 1859 3042 1860 3042 1868 3042 1869 3043 1860 3043 1859 3043 1860 3044 1861 3044 1868 3044 1869 3045 1861 3045 1860 3045 1861 3046 1862 3046 1868 3046 1869 3047 1862 3047 1861 3047 1862 3048 1863 3048 1868 3048 1869 3049 1863 3049 1862 3049 1863 3050 1864 3050 1868 3050 1869 3051 1864 3051 1863 3051 1864 3052 1865 3052 1868 3052 1869 3053 1865 3053 1864 3053 1865 3054 1866 3054 1868 3054 1869 3055 1866 3055 1865 3055 1866 3056 1867 3056 1868 3056 1869 3057 1867 3057 1866 3057 1867 3058 1859 3058 1868 3058 1869 3059 1859 3059 1867 3059 1870 3060 1871 3060 1879 3060 1880 3061 1871 3061 1870 3061 1871 3062 1872 3062 1879 3062 1880 3063 1872 3063 1871 3063 1872 3064 1873 3064 1879 3064 1880 3065 1873 3065 1872 3065 1873 3066 1874 3066 1879 3066 1880 3067 1874 3067 1873 3067 1874 3068 1875 3068 1879 3068 1880 3069 1875 3069 1874 3069 1875 3070 1876 3070 1879 3070 1880 3071 1876 3071 1875 3071 1876 3072 1877 3072 1879 3072 1880 3073 1877 3073 1876 3073 1877 3074 1878 3074 1879 3074 1880 3075 1878 3075 1877 3075 1878 3076 1870 3076 1879 3076 1880 3077 1870 3077 1878 3077 1881 3078 1882 3078 1890 3078 1891 3079 1882 3079 1881 3079 1882 3080 1883 3080 1890 3080 1891 3081 1883 3081 1882 3081 1883 3082 1884 3082 1890 3082 1891 3083 1884 3083 1883 3083 1884 3084 1885 3084 1890 3084 1891 3085 1885 3085 1884 3085 1885 3086 1886 3086 1890 3086 1891 3087 1886 3087 1885 3087 1886 3088 1887 3088 1890 3088 1891 3089 1887 3089 1886 3089 1887 3090 1888 3090 1890 3090 1891 3091 1888 3091 1887 3091 1888 3092 1889 3092 1890 3092 1891 3093 1889 3093 1888 3093 1889 3094 1881 3094 1890 3094 1891 3095 1881 3095 1889 3095 1892 3096 1893 3096 1901 3096 1902 3097 1893 3097 1892 3097 1893 3098 1894 3098 1901 3098 1902 3099 1894 3099 1893 3099 1894 3100 1895 3100 1901 3100 1902 3101 1895 3101 1894 3101 1895 3102 1896 3102 1901 3102 1902 3103 1896 3103 1895 3103 1896 3104 1897 3104 1901 3104 1902 3105 1897 3105 1896 3105 1897 3106 1898 3106 1901 3106 1902 3107 1898 3107 1897 3107 1898 3108 1899 3108 1901 3108 1902 3109 1899 3109 1898 3109 1899 3110 1900 3110 1901 3110 1902 3111 1900 3111 1899 3111 1900 3112 1892 3112 1901 3112 1902 3113 1892 3113 1900 3113 1903 3114 1904 3114 1912 3114 1913 3115 1904 3115 1903 3115 1904 3116 1905 3116 1912 3116 1913 3117 1905 3117 1904 3117 1905 3118 1906 3118 1912 3118 1913 3119 1906 3119 1905 3119 1906 3120 1907 3120 1912 3120 1913 3121 1907 3121 1906 3121 1907 3122 1908 3122 1912 3122 1913 3123 1908 3123 1907 3123 1908 3124 1909 3124 1912 3124 1913 3125 1909 3125 1908 3125 1909 3126 1910 3126 1912 3126 1913 3127 1910 3127 1909 3127 1910 3128 1911 3128 1912 3128 1913 3129 1911 3129 1910 3129 1911 3130 1903 3130 1912 3130 1913 3131 1903 3131 1911 3131 1914 3132 1915 3132 1923 3132 1924 3133 1915 3133 1914 3133 1915 3134 1916 3134 1923 3134 1924 3135 1916 3135 1915 3135 1916 3136 1917 3136 1923 3136 1924 3137 1917 3137 1916 3137 1917 3138 1918 3138 1923 3138 1924 3139 1918 3139 1917 3139 1918 3140 1919 3140 1923 3140 1924 3141 1919 3141 1918 3141 1919 3142 1920 3142 1923 3142 1924 3143 1920 3143 1919 3143 1920 3144 1921 3144 1923 3144 1924 3145 1921 3145 1920 3145 1921 3146 1922 3146 1923 3146 1924 3147 1922 3147 1921 3147 1922 3148 1914 3148 1923 3148 1924 3149 1914 3149 1922 3149 1925 3150 1926 3150 1934 3150 1935 3151 1926 3151 1925 3151 1926 3152 1927 3152 1934 3152 1935 3153 1927 3153 1926 3153 1927 3154 1928 3154 1934 3154 1935 3155 1928 3155 1927 3155 1928 3156 1929 3156 1934 3156 1935 3157 1929 3157 1928 3157 1929 3158 1930 3158 1934 3158 1935 3159 1930 3159 1929 3159 1930 3160 1931 3160 1934 3160 1935 3161 1931 3161 1930 3161 1931 3162 1932 3162 1934 3162 1935 3163 1932 3163 1931 3163 1932 3164 1933 3164 1934 3164 1935 3165 1933 3165 1932 3165 1933 3166 1925 3166 1934 3166 1935 3167 1925 3167 1933 3167 1936 3168 1937 3168 1945 3168 1946 3169 1937 3169 1936 3169 1937 3170 1938 3170 1945 3170 1946 3171 1938 3171 1937 3171 1938 3172 1939 3172 1945 3172 1946 3173 1939 3173 1938 3173 1939 3174 1940 3174 1945 3174 1946 3175 1940 3175 1939 3175 1940 3176 1941 3176 1945 3176 1946 3177 1941 3177 1940 3177 1941 3178 1942 3178 1945 3178 1946 3179 1942 3179 1941 3179 1942 3180 1943 3180 1945 3180 1946 3181 1943 3181 1942 3181 1943 3182 1944 3182 1945 3182 1946 3183 1944 3183 1943 3183 1944 3184 1936 3184 1945 3184 1946 3185 1936 3185 1944 3185 1947 3186 1948 3186 1956 3186 1957 3187 1948 3187 1947 3187 1948 3188 1949 3188 1956 3188 1957 3189 1949 3189 1948 3189 1949 3190 1950 3190 1956 3190 1957 3191 1950 3191 1949 3191 1950 3192 1951 3192 1956 3192 1957 3193 1951 3193 1950 3193 1951 3194 1952 3194 1956 3194 1957 3195 1952 3195 1951 3195 1952 3196 1953 3196 1956 3196 1957 3197 1953 3197 1952 3197 1953 3198 1954 3198 1956 3198 1957 3199 1954 3199 1953 3199 1954 3200 1955 3200 1956 3200 1957 3201 1955 3201 1954 3201 1955 3202 1947 3202 1956 3202 1957 3203 1947 3203 1955 3203 1958 3204 1959 3204 1967 3204 1968 3205 1959 3205 1958 3205 1959 3206 1960 3206 1967 3206 1968 3207 1960 3207 1959 3207 1960 3208 1961 3208 1967 3208 1968 3209 1961 3209 1960 3209 1961 3210 1962 3210 1967 3210 1968 3211 1962 3211 1961 3211 1962 3212 1963 3212 1967 3212 1968 3213 1963 3213 1962 3213 1963 3214 1964 3214 1967 3214 1968 3215 1964 3215 1963 3215 1964 3216 1965 3216 1967 3216 1968 3217 1965 3217 1964 3217 1965 3218 1966 3218 1967 3218 1968 3219 1966 3219 1965 3219 1966 3220 1958 3220 1967 3220 1968 3221 1958 3221 1966 3221 1969 3222 1970 3222 1978 3222 1979 3223 1970 3223 1969 3223 1970 3224 1971 3224 1978 3224 1979 3225 1971 3225 1970 3225 1971 3226 1972 3226 1978 3226 1979 3227 1972 3227 1971 3227 1972 3228 1973 3228 1978 3228 1979 3229 1973 3229 1972 3229 1973 3230 1974 3230 1978 3230 1979 3231 1974 3231 1973 3231 1974 3232 1975 3232 1978 3232 1979 3233 1975 3233 1974 3233 1975 3234 1976 3234 1978 3234 1979 3235 1976 3235 1975 3235 1976 3236 1977 3236 1978 3236 1979 3237 1977 3237 1976 3237 1977 3238 1969 3238 1978 3238 1979 3239 1969 3239 1977 3239 1980 3240 1981 3240 1989 3240 1990 3241 1981 3241 1980 3241 1981 3242 1982 3242 1989 3242 1990 3243 1982 3243 1981 3243 1982 3244 1983 3244 1989 3244 1990 3245 1983 3245 1982 3245 1983 3246 1984 3246 1989 3246 1990 3247 1984 3247 1983 3247 1984 3248 1985 3248 1989 3248 1990 3249 1985 3249 1984 3249 1985 3250 1986 3250 1989 3250 1990 3251 1986 3251 1985 3251 1986 3252 1987 3252 1989 3252 1990 3253 1987 3253 1986 3253 1987 3254 1988 3254 1989 3254 1990 3255 1988 3255 1987 3255 1988 3256 1980 3256 1989 3256 1990 3257 1980 3257 1988 3257 1991 3258 1992 3258 2000 3258 2001 3259 1992 3259 1991 3259 1992 3260 1993 3260 2000 3260 2001 3261 1993 3261 1992 3261 1993 3262 1994 3262 2000 3262 2001 3263 1994 3263 1993 3263 1994 3264 1995 3264 2000 3264 2001 3265 1995 3265 1994 3265 1995 3266 1996 3266 2000 3266 2001 3267 1996 3267 1995 3267 1996 3268 1997 3268 2000 3268 2001 3269 1997 3269 1996 3269 1997 3270 1998 3270 2000 3270 2001 3271 1998 3271 1997 3271 1998 3272 1999 3272 2000 3272 2001 3273 1999 3273 1998 3273 1999 3274 1991 3274 2000 3274 2001 3275 1991 3275 1999 3275 2002 3276 2003 3276 2011 3276 2012 3277 2003 3277 2002 3277 2003 3278 2004 3278 2011 3278 2012 3279 2004 3279 2003 3279 2004 3280 2005 3280 2011 3280 2012 3281 2005 3281 2004 3281 2005 3282 2006 3282 2011 3282 2012 3283 2006 3283 2005 3283 2006 3284 2007 3284 2011 3284 2012 3285 2007 3285 2006 3285 2007 3286 2008 3286 2011 3286 2012 3287 2008 3287 2007 3287 2008 3288 2009 3288 2011 3288 2012 3289 2009 3289 2008 3289 2009 3290 2010 3290 2011 3290 2012 3291 2010 3291 2009 3291 2010 3292 2002 3292 2011 3292 2012 3293 2002 3293 2010 3293 2013 3294 2014 3294 2022 3294 2023 3295 2014 3295 2013 3295 2014 3296 2015 3296 2022 3296 2023 3297 2015 3297 2014 3297 2015 3298 2016 3298 2022 3298 2023 3299 2016 3299 2015 3299 2016 3300 2017 3300 2022 3300 2023 3301 2017 3301 2016 3301 2017 3302 2018 3302 2022 3302 2023 3303 2018 3303 2017 3303 2018 3304 2019 3304 2022 3304 2023 3305 2019 3305 2018 3305 2019 3306 2020 3306 2022 3306 2023 3307 2020 3307 2019 3307 2020 3308 2021 3308 2022 3308 2023 3309 2021 3309 2020 3309 2021 3310 2013 3310 2022 3310 2023 3311 2013 3311 2021 3311 2024 3312 2025 3312 2033 3312 2034 3313 2025 3313 2024 3313 2025 3314 2026 3314 2033 3314 2034 3315 2026 3315 2025 3315 2026 3316 2027 3316 2033 3316 2034 3317 2027 3317 2026 3317 2027 3318 2028 3318 2033 3318 2034 3319 2028 3319 2027 3319 2028 3320 2029 3320 2033 3320 2034 3321 2029 3321 2028 3321 2029 3322 2030 3322 2033 3322 2034 3323 2030 3323 2029 3323 2030 3324 2031 3324 2033 3324 2034 3325 2031 3325 2030 3325 2031 3326 2032 3326 2033 3326 2034 3327 2032 3327 2031 3327 2032 3328 2024 3328 2033 3328 2034 3329 2024 3329 2032 3329 2035 3330 2036 3330 2044 3330 2045 3331 2036 3331 2035 3331 2036 3332 2037 3332 2044 3332 2045 3333 2037 3333 2036 3333 2037 3334 2038 3334 2044 3334 2045 3335 2038 3335 2037 3335 2038 3336 2039 3336 2044 3336 2045 3337 2039 3337 2038 3337 2039 3338 2040 3338 2044 3338 2045 3339 2040 3339 2039 3339 2040 3340 2041 3340 2044 3340 2045 3341 2041 3341 2040 3341 2041 3342 2042 3342 2044 3342 2045 3343 2042 3343 2041 3343 2042 3344 2043 3344 2044 3344 2045 3345 2043 3345 2042 3345 2043 3346 2035 3346 2044 3346 2045 3347 2035 3347 2043 3347 2046 3348 2047 3348 2055 3348 2056 3349 2047 3349 2046 3349 2047 3350 2048 3350 2055 3350 2056 3351 2048 3351 2047 3351 2048 3352 2049 3352 2055 3352 2056 3353 2049 3353 2048 3353 2049 3354 2050 3354 2055 3354 2056 3355 2050 3355 2049 3355 2050 3356 2051 3356 2055 3356 2056 3357 2051 3357 2050 3357 2051 3358 2052 3358 2055 3358 2056 3359 2052 3359 2051 3359 2052 3360 2053 3360 2055 3360 2056 3361 2053 3361 2052 3361 2053 3362 2054 3362 2055 3362 2056 3363 2054 3363 2053 3363 2054 3364 2046 3364 2055 3364 2056 3365 2046 3365 2054 3365 2057 3366 2058 3366 2066 3366 2067 3367 2058 3367 2057 3367 2058 3368 2059 3368 2066 3368 2067 3369 2059 3369 2058 3369 2059 3370 2060 3370 2066 3370 2067 3371 2060 3371 2059 3371 2060 3372 2061 3372 2066 3372 2067 3373 2061 3373 2060 3373 2061 3374 2062 3374 2066 3374 2067 3375 2062 3375 2061 3375 2062 3376 2063 3376 2066 3376 2067 3377 2063 3377 2062 3377 2063 3378 2064 3378 2066 3378 2067 3379 2064 3379 2063 3379 2064 3380 2065 3380 2066 3380 2067 3381 2065 3381 2064 3381 2065 3382 2057 3382 2066 3382 2067 3383 2057 3383 2065 3383 2068 3384 2069 3384 2077 3384 2078 3385 2069 3385 2068 3385 2069 3386 2070 3386 2077 3386 2078 3387 2070 3387 2069 3387 2070 3388 2071 3388 2077 3388 2078 3389 2071 3389 2070 3389 2071 3390 2072 3390 2077 3390 2078 3391 2072 3391 2071 3391 2072 3392 2073 3392 2077 3392 2078 3393 2073 3393 2072 3393 2073 3394 2074 3394 2077 3394 2078 3395 2074 3395 2073 3395 2074 3396 2075 3396 2077 3396 2078 3397 2075 3397 2074 3397 2075 3398 2076 3398 2077 3398 2078 3399 2076 3399 2075 3399 2076 3400 2068 3400 2077 3400 2078 3401 2068 3401 2076 3401 2079 3402 2080 3402 2088 3402 2089 3403 2080 3403 2079 3403 2080 3404 2081 3404 2088 3404 2089 3405 2081 3405 2080 3405 2081 3406 2082 3406 2088 3406 2089 3407 2082 3407 2081 3407 2082 3408 2083 3408 2088 3408 2089 3409 2083 3409 2082 3409 2083 3410 2084 3410 2088 3410 2089 3411 2084 3411 2083 3411 2084 3412 2085 3412 2088 3412 2089 3413 2085 3413 2084 3413 2085 3414 2086 3414 2088 3414 2089 3415 2086 3415 2085 3415 2086 3416 2087 3416 2088 3416 2089 3417 2087 3417 2086 3417 2087 3418 2079 3418 2088 3418 2089 3419 2079 3419 2087 3419 2090 3420 2091 3420 2099 3420 2100 3421 2091 3421 2090 3421 2091 3422 2092 3422 2099 3422 2100 3423 2092 3423 2091 3423 2092 3424 2093 3424 2099 3424 2100 3425 2093 3425 2092 3425 2093 3426 2094 3426 2099 3426 2100 3427 2094 3427 2093 3427 2094 3428 2095 3428 2099 3428 2100 3429 2095 3429 2094 3429 2095 3430 2096 3430 2099 3430 2100 3431 2096 3431 2095 3431 2096 3432 2097 3432 2099 3432 2100 3433 2097 3433 2096 3433 2097 3434 2098 3434 2099 3434 2100 3435 2098 3435 2097 3435 2098 3436 2090 3436 2099 3436 2100 3437 2090 3437 2098 3437 2101 3438 2102 3438 2110 3438 2111 3439 2102 3439 2101 3439 2102 3440 2103 3440 2110 3440 2111 3441 2103 3441 2102 3441 2103 3442 2104 3442 2110 3442 2111 3443 2104 3443 2103 3443 2104 3444 2105 3444 2110 3444 2111 3445 2105 3445 2104 3445 2105 3446 2106 3446 2110 3446 2111 3447 2106 3447 2105 3447 2106 3448 2107 3448 2110 3448 2111 3449 2107 3449 2106 3449 2107 3450 2108 3450 2110 3450 2111 3451 2108 3451 2107 3451 2108 3452 2109 3452 2110 3452 2111 3453 2109 3453 2108 3453 2109 3454 2101 3454 2110 3454 2111 3455 2101 3455 2109 3455 2112 3456 2113 3456 2121 3456 2122 3457 2113 3457 2112 3457 2113 3458 2114 3458 2121 3458 2122 3459 2114 3459 2113 3459 2114 3460 2115 3460 2121 3460 2122 3461 2115 3461 2114 3461 2115 3462 2116 3462 2121 3462 2122 3463 2116 3463 2115 3463 2116 3464 2117 3464 2121 3464 2122 3465 2117 3465 2116 3465 2117 3466 2118 3466 2121 3466 2122 3467 2118 3467 2117 3467 2118 3468 2119 3468 2121 3468 2122 3469 2119 3469 2118 3469 2119 3470 2120 3470 2121 3470 2122 3471 2120 3471 2119 3471 2120 3472 2112 3472 2121 3472 2122 3473 2112 3473 2120 3473 2123 3474 2124 3474 2132 3474 2133 3475 2124 3475 2123 3475 2124 3476 2125 3476 2132 3476 2133 3477 2125 3477 2124 3477 2125 3478 2126 3478 2132 3478 2133 3479 2126 3479 2125 3479 2126 3480 2127 3480 2132 3480 2133 3481 2127 3481 2126 3481 2127 3482 2128 3482 2132 3482 2133 3483 2128 3483 2127 3483 2128 3484 2129 3484 2132 3484 2133 3485 2129 3485 2128 3485 2129 3486 2130 3486 2132 3486 2133 3487 2130 3487 2129 3487 2130 3488 2131 3488 2132 3488 2133 3489 2131 3489 2130 3489 2131 3490 2123 3490 2132 3490 2133 3491 2123 3491 2131 3491 2134 3492 2135 3492 2143 3492 2144 3493 2135 3493 2134 3493 2135 3494 2136 3494 2143 3494 2144 3495 2136 3495 2135 3495 2136 3496 2137 3496 2143 3496 2144 3497 2137 3497 2136 3497 2137 3498 2138 3498 2143 3498 2144 3499 2138 3499 2137 3499 2138 3500 2139 3500 2143 3500 2144 3501 2139 3501 2138 3501 2139 3502 2140 3502 2143 3502 2144 3503 2140 3503 2139 3503 2140 3504 2141 3504 2143 3504 2144 3505 2141 3505 2140 3505 2141 3506 2142 3506 2143 3506 2144 3507 2142 3507 2141 3507 2142 3508 2134 3508 2143 3508 2144 3509 2134 3509 2142 3509 2145 3510 2146 3510 2154 3510 2155 3511 2146 3511 2145 3511 2146 3512 2147 3512 2154 3512 2155 3513 2147 3513 2146 3513 2147 3514 2148 3514 2154 3514 2155 3515 2148 3515 2147 3515 2148 3516 2149 3516 2154 3516 2155 3517 2149 3517 2148 3517 2149 3518 2150 3518 2154 3518 2155 3519 2150 3519 2149 3519 2150 3520 2151 3520 2154 3520 2155 3521 2151 3521 2150 3521 2151 3522 2152 3522 2154 3522 2155 3523 2152 3523 2151 3523 2152 3524 2153 3524 2154 3524 2155 3525 2153 3525 2152 3525 2153 3526 2145 3526 2154 3526 2155 3527 2145 3527 2153 3527 2156 3528 2157 3528 2165 3528 2166 3529 2157 3529 2156 3529 2157 3530 2158 3530 2165 3530 2166 3531 2158 3531 2157 3531 2158 3532 2159 3532 2165 3532 2166 3533 2159 3533 2158 3533 2159 3534 2160 3534 2165 3534 2166 3535 2160 3535 2159 3535 2160 3536 2161 3536 2165 3536 2166 3537 2161 3537 2160 3537 2161 3538 2162 3538 2165 3538 2166 3539 2162 3539 2161 3539 2162 3540 2163 3540 2165 3540 2166 3541 2163 3541 2162 3541 2163 3542 2164 3542 2165 3542 2166 3543 2164 3543 2163 3543 2164 3544 2156 3544 2165 3544 2166 3545 2156 3545 2164 3545 2167 3546 2168 3546 2176 3546 2177 3547 2168 3547 2167 3547 2168 3548 2169 3548 2176 3548 2177 3549 2169 3549 2168 3549 2169 3550 2170 3550 2176 3550 2177 3551 2170 3551 2169 3551 2170 3552 2171 3552 2176 3552 2177 3553 2171 3553 2170 3553 2171 3554 2172 3554 2176 3554 2177 3555 2172 3555 2171 3555 2172 3556 2173 3556 2176 3556 2177 3557 2173 3557 2172 3557 2173 3558 2174 3558 2176 3558 2177 3559 2174 3559 2173 3559 2174 3560 2175 3560 2176 3560 2177 3561 2175 3561 2174 3561 2175 3562 2167 3562 2176 3562 2177 3563 2167 3563 2175 3563 2178 3564 2179 3564 2187 3564 2188 3565 2179 3565 2178 3565 2179 3566 2180 3566 2187 3566 2188 3567 2180 3567 2179 3567 2180 3568 2181 3568 2187 3568 2188 3569 2181 3569 2180 3569 2181 3570 2182 3570 2187 3570 2188 3571 2182 3571 2181 3571 2182 3572 2183 3572 2187 3572 2188 3573 2183 3573 2182 3573 2183 3574 2184 3574 2187 3574 2188 3575 2184 3575 2183 3575 2184 3576 2185 3576 2187 3576 2188 3577 2185 3577 2184 3577 2185 3578 2186 3578 2187 3578 2188 3579 2186 3579 2185 3579 2186 3580 2178 3580 2187 3580 2188 3581 2178 3581 2186 3581 2189 3582 2190 3582 2198 3582 2199 3583 2190 3583 2189 3583 2190 3584 2191 3584 2198 3584 2199 3585 2191 3585 2190 3585 2191 3586 2192 3586 2198 3586 2199 3587 2192 3587 2191 3587 2192 3588 2193 3588 2198 3588 2199 3589 2193 3589 2192 3589 2193 3590 2194 3590 2198 3590 2199 3591 2194 3591 2193 3591 2194 3592 2195 3592 2198 3592 2199 3593 2195 3593 2194 3593 2195 3594 2196 3594 2198 3594 2199 3595 2196 3595 2195 3595 2196 3596 2197 3596 2198 3596 2199 3597 2197 3597 2196 3597 2197 3598 2189 3598 2198 3598 2199 3599 2189 3599 2197 3599 2200 3600 2201 3600 2209 3600 2210 3601 2201 3601 2200 3601 2201 3602 2202 3602 2209 3602 2210 3603 2202 3603 2201 3603 2202 3604 2203 3604 2209 3604 2210 3605 2203 3605 2202 3605 2203 3606 2204 3606 2209 3606 2210 3607 2204 3607 2203 3607 2204 3608 2205 3608 2209 3608 2210 3609 2205 3609 2204 3609 2205 3610 2206 3610 2209 3610 2210 3611 2206 3611 2205 3611 2206 3612 2207 3612 2209 3612 2210 3613 2207 3613 2206 3613 2207 3614 2208 3614 2209 3614 2210 3615 2208 3615 2207 3615 2208 3616 2200 3616 2209 3616 2210 3617 2200 3617 2208 3617 2211 3618 2212 3618 2220 3618 2221 3619 2212 3619 2211 3619 2212 3620 2213 3620 2220 3620 2221 3621 2213 3621 2212 3621 2213 3622 2214 3622 2220 3622 2221 3623 2214 3623 2213 3623 2214 3624 2215 3624 2220 3624 2221 3625 2215 3625 2214 3625 2215 3626 2216 3626 2220 3626 2221 3627 2216 3627 2215 3627 2216 3628 2217 3628 2220 3628 2221 3629 2217 3629 2216 3629 2217 3630 2218 3630 2220 3630 2221 3631 2218 3631 2217 3631 2218 3632 2219 3632 2220 3632 2221 3633 2219 3633 2218 3633 2219 3634 2211 3634 2220 3634 2221 3635 2211 3635 2219 3635 2222 3636 2223 3636 2231 3636 2232 3637 2223 3637 2222 3637 2223 3638 2224 3638 2231 3638 2232 3639 2224 3639 2223 3639 2224 3640 2225 3640 2231 3640 2232 3641 2225 3641 2224 3641 2225 3642 2226 3642 2231 3642 2232 3643 2226 3643 2225 3643 2226 3644 2227 3644 2231 3644 2232 3645 2227 3645 2226 3645 2227 3646 2228 3646 2231 3646 2232 3647 2228 3647 2227 3647 2228 3648 2229 3648 2231 3648 2232 3649 2229 3649 2228 3649 2229 3650 2230 3650 2231 3650 2232 3651 2230 3651 2229 3651 2230 3652 2222 3652 2231 3652 2232 3653 2222 3653 2230 3653 2233 3654 2234 3654 2242 3654 2243 3655 2234 3655 2233 3655 2234 3656 2235 3656 2242 3656 2243 3657 2235 3657 2234 3657 2235 3658 2236 3658 2242 3658 2243 3659 2236 3659 2235 3659 2236 3660 2237 3660 2242 3660 2243 3661 2237 3661 2236 3661 2237 3662 2238 3662 2242 3662 2243 3663 2238 3663 2237 3663 2238 3664 2239 3664 2242 3664 2243 3665 2239 3665 2238 3665 2239 3666 2240 3666 2242 3666 2243 3667 2240 3667 2239 3667 2240 3668 2241 3668 2242 3668 2243 3669 2241 3669 2240 3669 2241 3670 2233 3670 2242 3670 2243 3671 2233 3671 2241 3671 2244 3672 2245 3672 2253 3672 2254 3673 2245 3673 2244 3673 2245 3674 2246 3674 2253 3674 2254 3675 2246 3675 2245 3675 2246 3676 2247 3676 2253 3676 2254 3677 2247 3677 2246 3677 2247 3678 2248 3678 2253 3678 2254 3679 2248 3679 2247 3679 2248 3680 2249 3680 2253 3680 2254 3681 2249 3681 2248 3681 2249 3682 2250 3682 2253 3682 2254 3683 2250 3683 2249 3683 2250 3684 2251 3684 2253 3684 2254 3685 2251 3685 2250 3685 2251 3686 2252 3686 2253 3686 2254 3687 2252 3687 2251 3687 2252 3688 2244 3688 2253 3688 2254 3689 2244 3689 2252 3689 2255 3690 2256 3690 2264 3690 2265 3691 2256 3691 2255 3691 2256 3692 2257 3692 2264 3692 2265 3693 2257 3693 2256 3693 2257 3694 2258 3694 2264 3694 2265 3695 2258 3695 2257 3695 2258 3696 2259 3696 2264 3696 2265 3697 2259 3697 2258 3697 2259 3698 2260 3698 2264 3698 2265 3699 2260 3699 2259 3699 2260 3700 2261 3700 2264 3700 2265 3701 2261 3701 2260 3701 2261 3702 2262 3702 2264 3702 2265 3703 2262 3703 2261 3703 2262 3704 2263 3704 2264 3704 2265 3705 2263 3705 2262 3705 2263 3706 2255 3706 2264 3706 2265 3707 2255 3707 2263 3707 2266 3708 2267 3708 2275 3708 2276 3709 2267 3709 2266 3709 2267 3710 2268 3710 2275 3710 2276 3711 2268 3711 2267 3711 2268 3712 2269 3712 2275 3712 2276 3713 2269 3713 2268 3713 2269 3714 2270 3714 2275 3714 2276 3715 2270 3715 2269 3715 2270 3716 2271 3716 2275 3716 2276 3717 2271 3717 2270 3717 2271 3718 2272 3718 2275 3718 2276 3719 2272 3719 2271 3719 2272 3720 2273 3720 2275 3720 2276 3721 2273 3721 2272 3721 2273 3722 2274 3722 2275 3722 2276 3723 2274 3723 2273 3723 2274 3724 2266 3724 2275 3724 2276 3725 2266 3725 2274 3725 2277 3726 2278 3726 2286 3726 2287 3727 2278 3727 2277 3727 2278 3728 2279 3728 2286 3728 2287 3729 2279 3729 2278 3729 2279 3730 2280 3730 2286 3730 2287 3731 2280 3731 2279 3731 2280 3732 2281 3732 2286 3732 2287 3733 2281 3733 2280 3733 2281 3734 2282 3734 2286 3734 2287 3735 2282 3735 2281 3735 2282 3736 2283 3736 2286 3736 2287 3737 2283 3737 2282 3737 2283 3738 2284 3738 2286 3738 2287 3739 2284 3739 2283 3739 2284 3740 2285 3740 2286 3740 2287 3741 2285 3741 2284 3741 2285 3742 2277 3742 2286 3742 2287 3743 2277 3743 2285 3743 2288 3744 2289 3744 2297 3744 2298 3745 2289 3745 2288 3745 2289 3746 2290 3746 2297 3746 2298 3747 2290 3747 2289 3747 2290 3748 2291 3748 2297 3748 2298 3749 2291 3749 2290 3749 2291 3750 2292 3750 2297 3750 2298 3751 2292 3751 2291 3751 2292 3752 2293 3752 2297 3752 2298 3753 2293 3753 2292 3753 2293 3754 2294 3754 2297 3754 2298 3755 2294 3755 2293 3755 2294 3756 2295 3756 2297 3756 2298 3757 2295 3757 2294 3757 2295 3758 2296 3758 2297 3758 2298 3759 2296 3759 2295 3759 2296 3760 2288 3760 2297 3760 2298 3761 2288 3761 2296 3761 2299 3762 2300 3762 2308 3762 2309 3763 2300 3763 2299 3763 2300 3764 2301 3764 2308 3764 2309 3765 2301 3765 2300 3765 2301 3766 2302 3766 2308 3766 2309 3767 2302 3767 2301 3767 2302 3768 2303 3768 2308 3768 2309 3769 2303 3769 2302 3769 2303 3770 2304 3770 2308 3770 2309 3771 2304 3771 2303 3771 2304 3772 2305 3772 2308 3772 2309 3773 2305 3773 2304 3773 2305 3774 2306 3774 2308 3774 2309 3775 2306 3775 2305 3775 2306 3776 2307 3776 2308 3776 2309 3777 2307 3777 2306 3777 2307 3778 2299 3778 2308 3778 2309 3779 2299 3779 2307 3779 2310 3780 2311 3780 2319 3780 2320 3781 2311 3781 2310 3781 2311 3782 2312 3782 2319 3782 2320 3783 2312 3783 2311 3783 2312 3784 2313 3784 2319 3784 2320 3785 2313 3785 2312 3785 2313 3786 2314 3786 2319 3786 2320 3787 2314 3787 2313 3787 2314 3788 2315 3788 2319 3788 2320 3789 2315 3789 2314 3789 2315 3790 2316 3790 2319 3790 2320 3791 2316 3791 2315 3791 2316 3792 2317 3792 2319 3792 2320 3793 2317 3793 2316 3793 2317 3794 2318 3794 2319 3794 2320 3795 2318 3795 2317 3795 2318 3796 2310 3796 2319 3796 2320 3797 2310 3797 2318 3797 2321 3798 2322 3798 2330 3798 2331 3799 2322 3799 2321 3799 2322 3800 2323 3800 2330 3800 2331 3801 2323 3801 2322 3801 2323 3802 2324 3802 2330 3802 2331 3803 2324 3803 2323 3803 2324 3804 2325 3804 2330 3804 2331 3805 2325 3805 2324 3805 2325 3806 2326 3806 2330 3806 2331 3807 2326 3807 2325 3807 2326 3808 2327 3808 2330 3808 2331 3809 2327 3809 2326 3809 2327 3810 2328 3810 2330 3810 2331 3811 2328 3811 2327 3811 2328 3812 2329 3812 2330 3812 2331 3813 2329 3813 2328 3813 2329 3814 2321 3814 2330 3814 2331 3815 2321 3815 2329 3815 2332 3816 2333 3816 2341 3816 2342 3817 2333 3817 2332 3817 2333 3818 2334 3818 2341 3818 2342 3819 2334 3819 2333 3819 2334 3820 2335 3820 2341 3820 2342 3821 2335 3821 2334 3821 2335 3822 2336 3822 2341 3822 2342 3823 2336 3823 2335 3823 2336 3824 2337 3824 2341 3824 2342 3825 2337 3825 2336 3825 2337 3826 2338 3826 2341 3826 2342 3827 2338 3827 2337 3827 2338 3828 2339 3828 2341 3828 2342 3829 2339 3829 2338 3829 2339 3830 2340 3830 2341 3830 2342 3831 2340 3831 2339 3831 2340 3832 2332 3832 2341 3832 2342 3833 2332 3833 2340 3833 2343 3834 2344 3834 2352 3834 2353 3835 2344 3835 2343 3835 2344 3836 2345 3836 2352 3836 2353 3837 2345 3837 2344 3837 2345 3838 2346 3838 2352 3838 2353 3839 2346 3839 2345 3839 2346 3840 2347 3840 2352 3840 2353 3841 2347 3841 2346 3841 2347 3842 2348 3842 2352 3842 2353 3843 2348 3843 2347 3843 2348 3844 2349 3844 2352 3844 2353 3845 2349 3845 2348 3845 2349 3846 2350 3846 2352 3846 2353 3847 2350 3847 2349 3847 2350 3848 2351 3848 2352 3848 2353 3849 2351 3849 2350 3849 2351 3850 2343 3850 2352 3850 2353 3851 2343 3851 2351 3851 2354 3852 2355 3852 2363 3852 2364 3853 2355 3853 2354 3853 2355 3854 2356 3854 2363 3854 2364 3855 2356 3855 2355 3855 2356 3856 2357 3856 2363 3856 2364 3857 2357 3857 2356 3857 2357 3858 2358 3858 2363 3858 2364 3859 2358 3859 2357 3859 2358 3860 2359 3860 2363 3860 2364 3861 2359 3861 2358 3861 2359 3862 2360 3862 2363 3862 2364 3863 2360 3863 2359 3863 2360 3864 2361 3864 2363 3864 2364 3865 2361 3865 2360 3865 2361 3866 2362 3866 2363 3866 2364 3867 2362 3867 2361 3867 2362 3868 2354 3868 2363 3868 2364 3869 2354 3869 2362 3869 2365 3870 2366 3870 2374 3870 2375 3871 2366 3871 2365 3871 2366 3872 2367 3872 2374 3872 2375 3873 2367 3873 2366 3873 2367 3874 2368 3874 2374 3874 2375 3875 2368 3875 2367 3875 2368 3876 2369 3876 2374 3876 2375 3877 2369 3877 2368 3877 2369 3878 2370 3878 2374 3878 2375 3879 2370 3879 2369 3879 2370 3880 2371 3880 2374 3880 2375 3881 2371 3881 2370 3881 2371 3882 2372 3882 2374 3882 2375 3883 2372 3883 2371 3883 2372 3884 2373 3884 2374 3884 2375 3885 2373 3885 2372 3885 2373 3886 2365 3886 2374 3886 2375 3887 2365 3887 2373 3887 2376 3888 2377 3888 2385 3888 2386 3889 2377 3889 2376 3889 2377 3890 2378 3890 2385 3890 2386 3891 2378 3891 2377 3891 2378 3892 2379 3892 2385 3892 2386 3893 2379 3893 2378 3893 2379 3894 2380 3894 2385 3894 2386 3895 2380 3895 2379 3895 2380 3896 2381 3896 2385 3896 2386 3897 2381 3897 2380 3897 2381 3898 2382 3898 2385 3898 2386 3899 2382 3899 2381 3899 2382 3900 2383 3900 2385 3900 2386 3901 2383 3901 2382 3901 2383 3902 2384 3902 2385 3902 2386 3903 2384 3903 2383 3903 2384 3904 2376 3904 2385 3904 2386 3905 2376 3905 2384 3905 2387 3906 2388 3906 2396 3906 2397 3907 2388 3907 2387 3907 2388 3908 2389 3908 2396 3908 2397 3909 2389 3909 2388 3909 2389 3910 2390 3910 2396 3910 2397 3911 2390 3911 2389 3911 2390 3912 2391 3912 2396 3912 2397 3913 2391 3913 2390 3913 2391 3914 2392 3914 2396 3914 2397 3915 2392 3915 2391 3915 2392 3916 2393 3916 2396 3916 2397 3917 2393 3917 2392 3917 2393 3918 2394 3918 2396 3918 2397 3919 2394 3919 2393 3919 2394 3920 2395 3920 2396 3920 2397 3921 2395 3921 2394 3921 2395 3922 2387 3922 2396 3922 2397 3923 2387 3923 2395 3923 2398 3924 2399 3924 2407 3924 2408 3925 2399 3925 2398 3925 2399 3926 2400 3926 2407 3926 2408 3927 2400 3927 2399 3927 2400 3928 2401 3928 2407 3928 2408 3929 2401 3929 2400 3929 2401 3930 2402 3930 2407 3930 2408 3931 2402 3931 2401 3931 2402 3932 2403 3932 2407 3932 2408 3933 2403 3933 2402 3933 2403 3934 2404 3934 2407 3934 2408 3935 2404 3935 2403 3935 2404 3936 2405 3936 2407 3936 2408 3937 2405 3937 2404 3937 2405 3938 2406 3938 2407 3938 2408 3939 2406 3939 2405 3939 2406 3940 2398 3940 2407 3940 2408 3941 2398 3941 2406 3941 2409 3942 2410 3942 2418 3942 2419 3943 2410 3943 2409 3943 2410 3944 2411 3944 2418 3944 2419 3945 2411 3945 2410 3945 2411 3946 2412 3946 2418 3946 2419 3947 2412 3947 2411 3947 2412 3948 2413 3948 2418 3948 2419 3949 2413 3949 2412 3949 2413 3950 2414 3950 2418 3950 2419 3951 2414 3951 2413 3951 2414 3952 2415 3952 2418 3952 2419 3953 2415 3953 2414 3953 2415 3954 2416 3954 2418 3954 2419 3955 2416 3955 2415 3955 2416 3956 2417 3956 2418 3956 2419 3957 2417 3957 2416 3957 2417 3958 2409 3958 2418 3958 2419 3959 2409 3959 2417 3959 2420 3960 2421 3960 2429 3960 2430 3961 2421 3961 2420 3961 2421 3962 2422 3962 2429 3962 2430 3963 2422 3963 2421 3963 2422 3964 2423 3964 2429 3964 2430 3965 2423 3965 2422 3965 2423 3966 2424 3966 2429 3966 2430 3967 2424 3967 2423 3967 2424 3968 2425 3968 2429 3968 2430 3969 2425 3969 2424 3969 2425 3970 2426 3970 2429 3970 2430 3971 2426 3971 2425 3971 2426 3972 2427 3972 2429 3972 2430 3973 2427 3973 2426 3973 2427 3974 2428 3974 2429 3974 2430 3975 2428 3975 2427 3975 2428 3976 2420 3976 2429 3976 2430 3977 2420 3977 2428 3977 2431 3978 2432 3978 2440 3978 2441 3979 2432 3979 2431 3979 2432 3980 2433 3980 2440 3980 2441 3981 2433 3981 2432 3981 2433 3982 2434 3982 2440 3982 2441 3983 2434 3983 2433 3983 2434 3984 2435 3984 2440 3984 2441 3985 2435 3985 2434 3985 2435 3986 2436 3986 2440 3986 2441 3987 2436 3987 2435 3987 2436 3988 2437 3988 2440 3988 2441 3989 2437 3989 2436 3989 2437 3990 2438 3990 2440 3990 2441 3991 2438 3991 2437 3991 2438 3992 2439 3992 2440 3992 2441 3993 2439 3993 2438 3993 2439 3994 2431 3994 2440 3994 2441 3995 2431 3995 2439 3995 2442 3996 2443 3996 2451 3996 2452 3997 2443 3997 2442 3997 2443 3998 2444 3998 2451 3998 2452 3999 2444 3999 2443 3999 2444 4000 2445 4000 2451 4000 2452 4001 2445 4001 2444 4001 2445 4002 2446 4002 2451 4002 2452 4003 2446 4003 2445 4003 2446 4004 2447 4004 2451 4004 2452 4005 2447 4005 2446 4005 2447 4006 2448 4006 2451 4006 2452 4007 2448 4007 2447 4007 2448 4008 2449 4008 2451 4008 2452 4009 2449 4009 2448 4009 2449 4010 2450 4010 2451 4010 2452 4011 2450 4011 2449 4011 2450 4012 2442 4012 2451 4012 2452 4013 2442 4013 2450 4013 2453 4014 2454 4014 2462 4014 2463 4015 2454 4015 2453 4015 2454 4016 2455 4016 2462 4016 2463 4017 2455 4017 2454 4017 2455 4018 2456 4018 2462 4018 2463 4019 2456 4019 2455 4019 2456 4020 2457 4020 2462 4020 2463 4021 2457 4021 2456 4021 2457 4022 2458 4022 2462 4022 2463 4023 2458 4023 2457 4023 2458 4024 2459 4024 2462 4024 2463 4025 2459 4025 2458 4025 2459 4026 2460 4026 2462 4026 2463 4027 2460 4027 2459 4027 2460 4028 2461 4028 2462 4028 2463 4029 2461 4029 2460 4029 2461 4030 2453 4030 2462 4030 2463 4031 2453 4031 2461 4031 2464 4032 2465 4032 2473 4032 2474 4033 2465 4033 2464 4033 2465 4034 2466 4034 2473 4034 2474 4035 2466 4035 2465 4035 2466 4036 2467 4036 2473 4036 2474 4037 2467 4037 2466 4037 2467 4038 2468 4038 2473 4038 2474 4039 2468 4039 2467 4039 2468 4040 2469 4040 2473 4040 2474 4041 2469 4041 2468 4041 2469 4042 2470 4042 2473 4042 2474 4043 2470 4043 2469 4043 2470 4044 2471 4044 2473 4044 2474 4045 2471 4045 2470 4045 2471 4046 2472 4046 2473 4046 2474 4047 2472 4047 2471 4047 2472 4048 2464 4048 2473 4048 2474 4049 2464 4049 2472 4049 2475 4050 2476 4050 2484 4050 2485 4051 2476 4051 2475 4051 2476 4052 2477 4052 2484 4052 2485 4053 2477 4053 2476 4053 2477 4054 2478 4054 2484 4054 2485 4055 2478 4055 2477 4055 2478 4056 2479 4056 2484 4056 2485 4057 2479 4057 2478 4057 2479 4058 2480 4058 2484 4058 2485 4059 2480 4059 2479 4059 2480 4060 2481 4060 2484 4060 2485 4061 2481 4061 2480 4061 2481 4062 2482 4062 2484 4062 2485 4063 2482 4063 2481 4063 2482 4064 2483 4064 2484 4064 2485 4065 2483 4065 2482 4065 2483 4066 2475 4066 2484 4066 2485 4067 2475 4067 2483 4067 2486 4068 2487 4068 2495 4068 2496 4069 2487 4069 2486 4069 2487 4070 2488 4070 2495 4070 2496 4071 2488 4071 2487 4071 2488 4072 2489 4072 2495 4072 2496 4073 2489 4073 2488 4073 2489 4074 2490 4074 2495 4074 2496 4075 2490 4075 2489 4075 2490 4076 2491 4076 2495 4076 2496 4077 2491 4077 2490 4077 2491 4078 2492 4078 2495 4078 2496 4079 2492 4079 2491 4079 2492 4080 2493 4080 2495 4080 2496 4081 2493 4081 2492 4081 2493 4082 2494 4082 2495 4082 2496 4083 2494 4083 2493 4083 2494 4084 2486 4084 2495 4084 2496 4085 2486 4085 2494 4085 2497 4086 2498 4086 2506 4086 2507 4087 2498 4087 2497 4087 2498 4088 2499 4088 2506 4088 2507 4089 2499 4089 2498 4089 2499 4090 2500 4090 2506 4090 2507 4091 2500 4091 2499 4091 2500 4092 2501 4092 2506 4092 2507 4093 2501 4093 2500 4093 2501 4094 2502 4094 2506 4094 2507 4095 2502 4095 2501 4095 2502 4096 2503 4096 2506 4096 2507 4097 2503 4097 2502 4097 2503 4098 2504 4098 2506 4098 2507 4099 2504 4099 2503 4099 2504 4100 2505 4100 2506 4100 2507 4101 2505 4101 2504 4101 2505 4102 2497 4102 2506 4102 2507 4103 2497 4103 2505 4103 2508 4104 2509 4104 2517 4104 2518 4105 2509 4105 2508 4105 2509 4106 2510 4106 2517 4106 2518 4107 2510 4107 2509 4107 2510 4108 2511 4108 2517 4108 2518 4109 2511 4109 2510 4109 2511 4110 2512 4110 2517 4110 2518 4111 2512 4111 2511 4111 2512 4112 2513 4112 2517 4112 2518 4113 2513 4113 2512 4113 2513 4114 2514 4114 2517 4114 2518 4115 2514 4115 2513 4115 2514 4116 2515 4116 2517 4116 2518 4117 2515 4117 2514 4117 2515 4118 2516 4118 2517 4118 2518 4119 2516 4119 2515 4119 2516 4120 2508 4120 2517 4120 2518 4121 2508 4121 2516 4121 2519 4122 2520 4122 2528 4122 2529 4123 2520 4123 2519 4123 2520 4124 2521 4124 2528 4124 2529 4125 2521 4125 2520 4125 2521 4126 2522 4126 2528 4126 2529 4127 2522 4127 2521 4127 2522 4128 2523 4128 2528 4128 2529 4129 2523 4129 2522 4129 2523 4130 2524 4130 2528 4130 2529 4131 2524 4131 2523 4131 2524 4132 2525 4132 2528 4132 2529 4133 2525 4133 2524 4133 2525 4134 2526 4134 2528 4134 2529 4135 2526 4135 2525 4135 2526 4136 2527 4136 2528 4136 2529 4137 2527 4137 2526 4137 2527 4138 2519 4138 2528 4138 2529 4139 2519 4139 2527 4139 2530 4140 2531 4140 2539 4140 2540 4141 2531 4141 2530 4141 2531 4142 2532 4142 2539 4142 2540 4143 2532 4143 2531 4143 2532 4144 2533 4144 2539 4144 2540 4145 2533 4145 2532 4145 2533 4146 2534 4146 2539 4146 2540 4147 2534 4147 2533 4147 2534 4148 2535 4148 2539 4148 2540 4149 2535 4149 2534 4149 2535 4150 2536 4150 2539 4150 2540 4151 2536 4151 2535 4151 2536 4152 2537 4152 2539 4152 2540 4153 2537 4153 2536 4153 2537 4154 2538 4154 2539 4154 2540 4155 2538 4155 2537 4155 2538 4156 2530 4156 2539 4156 2540 4157 2530 4157 2538 4157 2541 4158 2542 4158 2550 4158 2551 4159 2542 4159 2541 4159 2542 4160 2543 4160 2550 4160 2551 4161 2543 4161 2542 4161 2543 4162 2544 4162 2550 4162 2551 4163 2544 4163 2543 4163 2544 4164 2545 4164 2550 4164 2551 4165 2545 4165 2544 4165 2545 4166 2546 4166 2550 4166 2551 4167 2546 4167 2545 4167 2546 4168 2547 4168 2550 4168 2551 4169 2547 4169 2546 4169 2547 4170 2548 4170 2550 4170 2551 4171 2548 4171 2547 4171 2548 4172 2549 4172 2550 4172 2551 4173 2549 4173 2548 4173 2549 4174 2541 4174 2550 4174 2551 4175 2541 4175 2549 4175 2552 4176 2553 4176 2561 4176 2562 4177 2553 4177 2552 4177 2553 4178 2554 4178 2561 4178 2562 4179 2554 4179 2553 4179 2554 4180 2555 4180 2561 4180 2562 4181 2555 4181 2554 4181 2555 4182 2556 4182 2561 4182 2562 4183 2556 4183 2555 4183 2556 4184 2557 4184 2561 4184 2562 4185 2557 4185 2556 4185 2557 4186 2558 4186 2561 4186 2562 4187 2558 4187 2557 4187 2558 4188 2559 4188 2561 4188 2562 4189 2559 4189 2558 4189 2559 4190 2560 4190 2561 4190 2562 4191 2560 4191 2559 4191 2560 4192 2552 4192 2561 4192 2562 4193 2552 4193 2560 4193 2563 4194 2564 4194 2572 4194 2573 4195 2564 4195 2563 4195 2564 4196 2565 4196 2572 4196 2573 4197 2565 4197 2564 4197 2565 4198 2566 4198 2572 4198 2573 4199 2566 4199 2565 4199 2566 4200 2567 4200 2572 4200 2573 4201 2567 4201 2566 4201 2567 4202 2568 4202 2572 4202 2573 4203 2568 4203 2567 4203 2568 4204 2569 4204 2572 4204 2573 4205 2569 4205 2568 4205 2569 4206 2570 4206 2572 4206 2573 4207 2570 4207 2569 4207 2570 4208 2571 4208 2572 4208 2573 4209 2571 4209 2570 4209 2571 4210 2563 4210 2572 4210 2573 4211 2563 4211 2571 4211 2574 4212 2575 4212 2583 4212 2584 4213 2575 4213 2574 4213 2575 4214 2576 4214 2583 4214 2584 4215 2576 4215 2575 4215 2576 4216 2577 4216 2583 4216 2584 4217 2577 4217 2576 4217 2577 4218 2578 4218 2583 4218 2584 4219 2578 4219 2577 4219 2578 4220 2579 4220 2583 4220 2584 4221 2579 4221 2578 4221 2579 4222 2580 4222 2583 4222 2584 4223 2580 4223 2579 4223 2580 4224 2581 4224 2583 4224 2584 4225 2581 4225 2580 4225 2581 4226 2582 4226 2583 4226 2584 4227 2582 4227 2581 4227 2582 4228 2574 4228 2583 4228 2584 4229 2574 4229 2582 4229 2585 4230 2586 4230 2594 4230 2595 4231 2586 4231 2585 4231 2586 4232 2587 4232 2594 4232 2595 4233 2587 4233 2586 4233 2587 4234 2588 4234 2594 4234 2595 4235 2588 4235 2587 4235 2588 4236 2589 4236 2594 4236 2595 4237 2589 4237 2588 4237 2589 4238 2590 4238 2594 4238 2595 4239 2590 4239 2589 4239 2590 4240 2591 4240 2594 4240 2595 4241 2591 4241 2590 4241 2591 4242 2592 4242 2594 4242 2595 4243 2592 4243 2591 4243 2592 4244 2593 4244 2594 4244 2595 4245 2593 4245 2592 4245 2593 4246 2585 4246 2594 4246 2595 4247 2585 4247 2593 4247 2596 4248 2597 4248 2605 4248 2606 4249 2597 4249 2596 4249 2597 4250 2598 4250 2605 4250 2606 4251 2598 4251 2597 4251 2598 4252 2599 4252 2605 4252 2606 4253 2599 4253 2598 4253 2599 4254 2600 4254 2605 4254 2606 4255 2600 4255 2599 4255 2600 4256 2601 4256 2605 4256 2606 4257 2601 4257 2600 4257 2601 4258 2602 4258 2605 4258 2606 4259 2602 4259 2601 4259 2602 4260 2603 4260 2605 4260 2606 4261 2603 4261 2602 4261 2603 4262 2604 4262 2605 4262 2606 4263 2604 4263 2603 4263 2604 4264 2596 4264 2605 4264 2606 4265 2596 4265 2604 4265 2607 4266 2608 4266 2616 4266 2617 4267 2608 4267 2607 4267 2608 4268 2609 4268 2616 4268 2617 4269 2609 4269 2608 4269 2609 4270 2610 4270 2616 4270 2617 4271 2610 4271 2609 4271 2610 4272 2611 4272 2616 4272 2617 4273 2611 4273 2610 4273 2611 4274 2612 4274 2616 4274 2617 4275 2612 4275 2611 4275 2612 4276 2613 4276 2616 4276 2617 4277 2613 4277 2612 4277 2613 4278 2614 4278 2616 4278 2617 4279 2614 4279 2613 4279 2614 4280 2615 4280 2616 4280 2617 4281 2615 4281 2614 4281 2615 4282 2607 4282 2616 4282 2617 4283 2607 4283 2615 4283 2618 4284 2619 4284 2627 4284 2628 4285 2619 4285 2618 4285 2619 4286 2620 4286 2627 4286 2628 4287 2620 4287 2619 4287 2620 4288 2621 4288 2627 4288 2628 4289 2621 4289 2620 4289 2621 4290 2622 4290 2627 4290 2628 4291 2622 4291 2621 4291 2622 4292 2623 4292 2627 4292 2628 4293 2623 4293 2622 4293 2623 4294 2624 4294 2627 4294 2628 4295 2624 4295 2623 4295 2624 4296 2625 4296 2627 4296 2628 4297 2625 4297 2624 4297 2625 4298 2626 4298 2627 4298 2628 4299 2626 4299 2625 4299 2626 4300 2618 4300 2627 4300 2628 4301 2618 4301 2626 4301 2629 4302 2630 4302 2638 4302 2639 4303 2630 4303 2629 4303 2630 4304 2631 4304 2638 4304 2639 4305 2631 4305 2630 4305 2631 4306 2632 4306 2638 4306 2639 4307 2632 4307 2631 4307 2632 4308 2633 4308 2638 4308 2639 4309 2633 4309 2632 4309 2633 4310 2634 4310 2638 4310 2639 4311 2634 4311 2633 4311 2634 4312 2635 4312 2638 4312 2639 4313 2635 4313 2634 4313 2635 4314 2636 4314 2638 4314 2639 4315 2636 4315 2635 4315 2636 4316 2637 4316 2638 4316 2639 4317 2637 4317 2636 4317 2637 4318 2629 4318 2638 4318 2639 4319 2629 4319 2637 4319 2640 4320 2641 4320 2649 4320 2650 4321 2641 4321 2640 4321 2641 4322 2642 4322 2649 4322 2650 4323 2642 4323 2641 4323 2642 4324 2643 4324 2649 4324 2650 4325 2643 4325 2642 4325 2643 4326 2644 4326 2649 4326 2650 4327 2644 4327 2643 4327 2644 4328 2645 4328 2649 4328 2650 4329 2645 4329 2644 4329 2645 4330 2646 4330 2649 4330 2650 4331 2646 4331 2645 4331 2646 4332 2647 4332 2649 4332 2650 4333 2647 4333 2646 4333 2647 4334 2648 4334 2649 4334 2650 4335 2648 4335 2647 4335 2648 4336 2640 4336 2649 4336 2650 4337 2640 4337 2648 4337 2651 4338 2652 4338 2660 4338 2661 4339 2652 4339 2651 4339 2652 4340 2653 4340 2660 4340 2661 4341 2653 4341 2652 4341 2653 4342 2654 4342 2660 4342 2661 4343 2654 4343 2653 4343 2654 4344 2655 4344 2660 4344 2661 4345 2655 4345 2654 4345 2655 4346 2656 4346 2660 4346 2661 4347 2656 4347 2655 4347 2656 4348 2657 4348 2660 4348 2661 4349 2657 4349 2656 4349 2657 4350 2658 4350 2660 4350 2661 4351 2658 4351 2657 4351 2658 4352 2659 4352 2660 4352 2661 4353 2659 4353 2658 4353 2659 4354 2651 4354 2660 4354 2661 4355 2651 4355 2659 4355 2662 4356 2663 4356 2671 4356 2672 4357 2663 4357 2662 4357 2663 4358 2664 4358 2671 4358 2672 4359 2664 4359 2663 4359 2664 4360 2665 4360 2671 4360 2672 4361 2665 4361 2664 4361 2665 4362 2666 4362 2671 4362 2672 4363 2666 4363 2665 4363 2666 4364 2667 4364 2671 4364 2672 4365 2667 4365 2666 4365 2667 4366 2668 4366 2671 4366 2672 4367 2668 4367 2667 4367 2668 4368 2669 4368 2671 4368 2672 4369 2669 4369 2668 4369 2669 4370 2670 4370 2671 4370 2672 4371 2670 4371 2669 4371 2670 4372 2662 4372 2671 4372 2672 4373 2662 4373 2670 4373 2673 4374 2674 4374 2682 4374 2683 4375 2674 4375 2673 4375 2674 4376 2675 4376 2682 4376 2683 4377 2675 4377 2674 4377 2675 4378 2676 4378 2682 4378 2683 4379 2676 4379 2675 4379 2676 4380 2677 4380 2682 4380 2683 4381 2677 4381 2676 4381 2677 4382 2678 4382 2682 4382 2683 4383 2678 4383 2677 4383 2678 4384 2679 4384 2682 4384 2683 4385 2679 4385 2678 4385 2679 4386 2680 4386 2682 4386 2683 4387 2680 4387 2679 4387 2680 4388 2681 4388 2682 4388 2683 4389 2681 4389 2680 4389 2681 4390 2673 4390 2682 4390 2683 4391 2673 4391 2681 4391 2684 4392 2685 4392 2693 4392 2694 4393 2685 4393 2684 4393 2685 4394 2686 4394 2693 4394 2694 4395 2686 4395 2685 4395 2686 4396 2687 4396 2693 4396 2694 4397 2687 4397 2686 4397 2687 4398 2688 4398 2693 4398 2694 4399 2688 4399 2687 4399 2688 4400 2689 4400 2693 4400 2694 4401 2689 4401 2688 4401 2689 4402 2690 4402 2693 4402 2694 4403 2690 4403 2689 4403 2690 4404 2691 4404 2693 4404 2694 4405 2691 4405 2690 4405 2691 4406 2692 4406 2693 4406 2694 4407 2692 4407 2691 4407 2692 4408 2684 4408 2693 4408 2694 4409 2684 4409 2692 4409 2695 4410 2696 4410 2704 4410 2705 4411 2696 4411 2695 4411 2696 4412 2697 4412 2704 4412 2705 4413 2697 4413 2696 4413 2697 4414 2698 4414 2704 4414 2705 4415 2698 4415 2697 4415 2698 4416 2699 4416 2704 4416 2705 4417 2699 4417 2698 4417 2699 4418 2700 4418 2704 4418 2705 4419 2700 4419 2699 4419 2700 4420 2701 4420 2704 4420 2705 4421 2701 4421 2700 4421 2701 4422 2702 4422 2704 4422 2705 4423 2702 4423 2701 4423 2702 4424 2703 4424 2704 4424 2705 4425 2703 4425 2702 4425 2703 4426 2695 4426 2704 4426 2705 4427 2695 4427 2703 4427 2706 4428 2707 4428 2715 4428 2716 4429 2707 4429 2706 4429 2707 4430 2708 4430 2715 4430 2716 4431 2708 4431 2707 4431 2708 4432 2709 4432 2715 4432 2716 4433 2709 4433 2708 4433 2709 4434 2710 4434 2715 4434 2716 4435 2710 4435 2709 4435 2710 4436 2711 4436 2715 4436 2716 4437 2711 4437 2710 4437 2711 4438 2712 4438 2715 4438 2716 4439 2712 4439 2711 4439 2712 4440 2713 4440 2715 4440 2716 4441 2713 4441 2712 4441 2713 4442 2714 4442 2715 4442 2716 4443 2714 4443 2713 4443 2714 4444 2706 4444 2715 4444 2716 4445 2706 4445 2714 4445 2717 4446 2718 4446 2726 4446 2727 4447 2718 4447 2717 4447 2718 4448 2719 4448 2726 4448 2727 4449 2719 4449 2718 4449 2719 4450 2720 4450 2726 4450 2727 4451 2720 4451 2719 4451 2720 4452 2721 4452 2726 4452 2727 4453 2721 4453 2720 4453 2721 4454 2722 4454 2726 4454 2727 4455 2722 4455 2721 4455 2722 4456 2723 4456 2726 4456 2727 4457 2723 4457 2722 4457 2723 4458 2724 4458 2726 4458 2727 4459 2724 4459 2723 4459 2724 4460 2725 4460 2726 4460 2727 4461 2725 4461 2724 4461 2725 4462 2717 4462 2726 4462 2727 4463 2717 4463 2725 4463 2728 4464 2729 4464 2737 4464 2738 4465 2729 4465 2728 4465 2729 4466 2730 4466 2737 4466 2738 4467 2730 4467 2729 4467 2730 4468 2731 4468 2737 4468 2738 4469 2731 4469 2730 4469 2731 4470 2732 4470 2737 4470 2738 4471 2732 4471 2731 4471 2732 4472 2733 4472 2737 4472 2738 4473 2733 4473 2732 4473 2733 4474 2734 4474 2737 4474 2738 4475 2734 4475 2733 4475 2734 4476 2735 4476 2737 4476 2738 4477 2735 4477 2734 4477 2735 4478 2736 4478 2737 4478 2738 4479 2736 4479 2735 4479 2736 4480 2728 4480 2737 4480 2738 4481 2728 4481 2736 4481 2739 4482 2740 4482 2748 4482 2749 4483 2740 4483 2739 4483 2740 4484 2741 4484 2748 4484 2749 4485 2741 4485 2740 4485 2741 4486 2742 4486 2748 4486 2749 4487 2742 4487 2741 4487 2742 4488 2743 4488 2748 4488 2749 4489 2743 4489 2742 4489 2743 4490 2744 4490 2748 4490 2749 4491 2744 4491 2743 4491 2744 4492 2745 4492 2748 4492 2749 4493 2745 4493 2744 4493 2745 4494 2746 4494 2748 4494 2749 4495 2746 4495 2745 4495 2746 4496 2747 4496 2748 4496 2749 4497 2747 4497 2746 4497 2747 4498 2739 4498 2748 4498 2749 4499 2739 4499 2747 4499 2750 4500 2751 4500 2759 4500 2760 4501 2751 4501 2750 4501 2751 4502 2752 4502 2759 4502 2760 4503 2752 4503 2751 4503 2752 4504 2753 4504 2759 4504 2760 4505 2753 4505 2752 4505 2753 4506 2754 4506 2759 4506 2760 4507 2754 4507 2753 4507 2754 4508 2755 4508 2759 4508 2760 4509 2755 4509 2754 4509 2755 4510 2756 4510 2759 4510 2760 4511 2756 4511 2755 4511 2756 4512 2757 4512 2759 4512 2760 4513 2757 4513 2756 4513 2757 4514 2758 4514 2759 4514 2760 4515 2758 4515 2757 4515 2758 4516 2750 4516 2759 4516 2760 4517 2750 4517 2758 4517 2761 4518 2762 4518 2770 4518 2771 4519 2762 4519 2761 4519 2762 4520 2763 4520 2770 4520 2771 4521 2763 4521 2762 4521 2763 4522 2764 4522 2770 4522 2771 4523 2764 4523 2763 4523 2764 4524 2765 4524 2770 4524 2771 4525 2765 4525 2764 4525 2765 4526 2766 4526 2770 4526 2771 4527 2766 4527 2765 4527 2766 4528 2767 4528 2770 4528 2771 4529 2767 4529 2766 4529 2767 4530 2768 4530 2770 4530 2771 4531 2768 4531 2767 4531 2768 4532 2769 4532 2770 4532 2771 4533 2769 4533 2768 4533 2769 4534 2761 4534 2770 4534 2771 4535 2761 4535 2769 4535 2772 4536 2773 4536 2781 4536 2782 4537 2773 4537 2772 4537 2773 4538 2774 4538 2781 4538 2782 4539 2774 4539 2773 4539 2774 4540 2775 4540 2781 4540 2782 4541 2775 4541 2774 4541 2775 4542 2776 4542 2781 4542 2782 4543 2776 4543 2775 4543 2776 4544 2777 4544 2781 4544 2782 4545 2777 4545 2776 4545 2777 4546 2778 4546 2781 4546 2782 4547 2778 4547 2777 4547 2778 4548 2779 4548 2781 4548 2782 4549 2779 4549 2778 4549 2779 4550 2780 4550 2781 4550 2782 4551 2780 4551 2779 4551 2780 4552 2772 4552 2781 4552 2782 4553 2772 4553 2780 4553 2783 4554 2784 4554 2792 4554 2793 4555 2784 4555 2783 4555 2784 4556 2785 4556 2792 4556 2793 4557 2785 4557 2784 4557 2785 4558 2786 4558 2792 4558 2793 4559 2786 4559 2785 4559 2786 4560 2787 4560 2792 4560 2793 4561 2787 4561 2786 4561 2787 4562 2788 4562 2792 4562 2793 4563 2788 4563 2787 4563 2788 4564 2789 4564 2792 4564 2793 4565 2789 4565 2788 4565 2789 4566 2790 4566 2792 4566 2793 4567 2790 4567 2789 4567 2790 4568 2791 4568 2792 4568 2793 4569 2791 4569 2790 4569 2791 4570 2783 4570 2792 4570 2793 4571 2783 4571 2791 4571 2794 4572 2795 4572 2803 4572 2804 4573 2795 4573 2794 4573 2795 4574 2796 4574 2803 4574 2804 4575 2796 4575 2795 4575 2796 4576 2797 4576 2803 4576 2804 4577 2797 4577 2796 4577 2797 4578 2798 4578 2803 4578 2804 4579 2798 4579 2797 4579 2798 4580 2799 4580 2803 4580 2804 4581 2799 4581 2798 4581 2799 4582 2800 4582 2803 4582 2804 4583 2800 4583 2799 4583 2800 4584 2801 4584 2803 4584 2804 4585 2801 4585 2800 4585 2801 4586 2802 4586 2803 4586 2804 4587 2802 4587 2801 4587 2802 4588 2794 4588 2803 4588 2804 4589 2794 4589 2802 4589 2805 4590 2806 4590 2814 4590 2815 4591 2806 4591 2805 4591 2806 4592 2807 4592 2814 4592 2815 4593 2807 4593 2806 4593 2807 4594 2808 4594 2814 4594 2815 4595 2808 4595 2807 4595 2808 4596 2809 4596 2814 4596 2815 4597 2809 4597 2808 4597 2809 4598 2810 4598 2814 4598 2815 4599 2810 4599 2809 4599 2810 4600 2811 4600 2814 4600 2815 4601 2811 4601 2810 4601 2811 4602 2812 4602 2814 4602 2815 4603 2812 4603 2811 4603 2812 4604 2813 4604 2814 4604 2815 4605 2813 4605 2812 4605 2813 4606 2805 4606 2814 4606 2815 4607 2805 4607 2813 4607 2816 4608 2817 4608 2825 4608 2826 4609 2817 4609 2816 4609 2817 4610 2818 4610 2825 4610 2826 4611 2818 4611 2817 4611 2818 4612 2819 4612 2825 4612 2826 4613 2819 4613 2818 4613 2819 4614 2820 4614 2825 4614 2826 4615 2820 4615 2819 4615 2820 4616 2821 4616 2825 4616 2826 4617 2821 4617 2820 4617 2821 4618 2822 4618 2825 4618 2826 4619 2822 4619 2821 4619 2822 4620 2823 4620 2825 4620 2826 4621 2823 4621 2822 4621 2823 4622 2824 4622 2825 4622 2826 4623 2824 4623 2823 4623 2824 4624 2816 4624 2825 4624 2826 4625 2816 4625 2824 4625 2827 4626 2828 4626 2836 4626 2837 4627 2828 4627 2827 4627 2828 4628 2829 4628 2836 4628 2837 4629 2829 4629 2828 4629 2829 4630 2830 4630 2836 4630 2837 4631 2830 4631 2829 4631 2830 4632 2831 4632 2836 4632 2837 4633 2831 4633 2830 4633 2831 4634 2832 4634 2836 4634 2837 4635 2832 4635 2831 4635 2832 4636 2833 4636 2836 4636 2837 4637 2833 4637 2832 4637 2833 4638 2834 4638 2836 4638 2837 4639 2834 4639 2833 4639 2834 4640 2835 4640 2836 4640 2837 4641 2835 4641 2834 4641 2835 4642 2827 4642 2836 4642 2837 4643 2827 4643 2835 4643 2838 4644 2839 4644 2847 4644 2848 4645 2839 4645 2838 4645 2839 4646 2840 4646 2847 4646 2848 4647 2840 4647 2839 4647 2840 4648 2841 4648 2847 4648 2848 4649 2841 4649 2840 4649 2841 4650 2842 4650 2847 4650 2848 4651 2842 4651 2841 4651 2842 4652 2843 4652 2847 4652 2848 4653 2843 4653 2842 4653 2843 4654 2844 4654 2847 4654 2848 4655 2844 4655 2843 4655 2844 4656 2845 4656 2847 4656 2848 4657 2845 4657 2844 4657 2845 4658 2846 4658 2847 4658 2848 4659 2846 4659 2845 4659 2846 4660 2838 4660 2847 4660 2848 4661 2838 4661 2846 4661 2849 4662 2850 4662 2858 4662 2859 4663 2850 4663 2849 4663 2850 4664 2851 4664 2858 4664 2859 4665 2851 4665 2850 4665 2851 4666 2852 4666 2858 4666 2859 4667 2852 4667 2851 4667 2852 4668 2853 4668 2858 4668 2859 4669 2853 4669 2852 4669 2853 4670 2854 4670 2858 4670 2859 4671 2854 4671 2853 4671 2854 4672 2855 4672 2858 4672 2859 4673 2855 4673 2854 4673 2855 4674 2856 4674 2858 4674 2859 4675 2856 4675 2855 4675 2856 4676 2857 4676 2858 4676 2859 4677 2857 4677 2856 4677 2857 4678 2849 4678 2858 4678 2859 4679 2849 4679 2857 4679 2860 4680 2861 4680 2869 4680 2870 4681 2861 4681 2860 4681 2861 4682 2862 4682 2869 4682 2870 4683 2862 4683 2861 4683 2862 4684 2863 4684 2869 4684 2870 4685 2863 4685 2862 4685 2863 4686 2864 4686 2869 4686 2870 4687 2864 4687 2863 4687 2864 4688 2865 4688 2869 4688 2870 4689 2865 4689 2864 4689 2865 4690 2866 4690 2869 4690 2870 4691 2866 4691 2865 4691 2866 4692 2867 4692 2869 4692 2870 4693 2867 4693 2866 4693 2867 4694 2868 4694 2869 4694 2870 4695 2868 4695 2867 4695 2868 4696 2860 4696 2869 4696 2870 4697 2860 4697 2868 4697 2871 4698 2872 4698 2880 4698 2881 4699 2872 4699 2871 4699 2872 4700 2873 4700 2880 4700 2881 4701 2873 4701 2872 4701 2873 4702 2874 4702 2880 4702 2881 4703 2874 4703 2873 4703 2874 4704 2875 4704 2880 4704 2881 4705 2875 4705 2874 4705 2875 4706 2876 4706 2880 4706 2881 4707 2876 4707 2875 4707 2876 4708 2877 4708 2880 4708 2881 4709 2877 4709 2876 4709 2877 4710 2878 4710 2880 4710 2881 4711 2878 4711 2877 4711 2878 4712 2879 4712 2880 4712 2881 4713 2879 4713 2878 4713 2879 4714 2871 4714 2880 4714 2881 4715 2871 4715 2879 4715 2882 4716 2883 4716 2891 4716 2892 4717 2883 4717 2882 4717 2883 4718 2884 4718 2891 4718 2892 4719 2884 4719 2883 4719 2884 4720 2885 4720 2891 4720 2892 4721 2885 4721 2884 4721 2885 4722 2886 4722 2891 4722 2892 4723 2886 4723 2885 4723 2886 4724 2887 4724 2891 4724 2892 4725 2887 4725 2886 4725 2887 4726 2888 4726 2891 4726 2892 4727 2888 4727 2887 4727 2888 4728 2889 4728 2891 4728 2892 4729 2889 4729 2888 4729 2889 4730 2890 4730 2891 4730 2892 4731 2890 4731 2889 4731 2890 4732 2882 4732 2891 4732 2892 4733 2882 4733 2890 4733 2893 4734 2894 4734 2902 4734 2903 4735 2894 4735 2893 4735 2894 4736 2895 4736 2902 4736 2903 4737 2895 4737 2894 4737 2895 4738 2896 4738 2902 4738 2903 4739 2896 4739 2895 4739 2896 4740 2897 4740 2902 4740 2903 4741 2897 4741 2896 4741 2897 4742 2898 4742 2902 4742 2903 4743 2898 4743 2897 4743 2898 4744 2899 4744 2902 4744 2903 4745 2899 4745 2898 4745 2899 4746 2900 4746 2902 4746 2903 4747 2900 4747 2899 4747 2900 4748 2901 4748 2902 4748 2903 4749 2901 4749 2900 4749 2901 4750 2893 4750 2902 4750 2903 4751 2893 4751 2901 4751 2904 4752 2905 4752 2913 4752 2914 4753 2905 4753 2904 4753 2905 4754 2906 4754 2913 4754 2914 4755 2906 4755 2905 4755 2906 4756 2907 4756 2913 4756 2914 4757 2907 4757 2906 4757 2907 4758 2908 4758 2913 4758 2914 4759 2908 4759 2907 4759 2908 4760 2909 4760 2913 4760 2914 4761 2909 4761 2908 4761 2909 4762 2910 4762 2913 4762 2914 4763 2910 4763 2909 4763 2910 4764 2911 4764 2913 4764 2914 4765 2911 4765 2910 4765 2911 4766 2912 4766 2913 4766 2914 4767 2912 4767 2911 4767 2912 4768 2904 4768 2913 4768 2914 4769 2904 4769 2912 4769 2915 4770 2916 4770 2924 4770 2925 4771 2916 4771 2915 4771 2916 4772 2917 4772 2924 4772 2925 4773 2917 4773 2916 4773 2917 4774 2918 4774 2924 4774 2925 4775 2918 4775 2917 4775 2918 4776 2919 4776 2924 4776 2925 4777 2919 4777 2918 4777 2919 4778 2920 4778 2924 4778 2925 4779 2920 4779 2919 4779 2920 4780 2921 4780 2924 4780 2925 4781 2921 4781 2920 4781 2921 4782 2922 4782 2924 4782 2925 4783 2922 4783 2921 4783 2922 4784 2923 4784 2924 4784 2925 4785 2923 4785 2922 4785 2923 4786 2915 4786 2924 4786 2925 4787 2915 4787 2923 4787 2926 4788 2927 4788 2935 4788 2936 4789 2927 4789 2926 4789 2927 4790 2928 4790 2935 4790 2936 4791 2928 4791 2927 4791 2928 4792 2929 4792 2935 4792 2936 4793 2929 4793 2928 4793 2929 4794 2930 4794 2935 4794 2936 4795 2930 4795 2929 4795 2930 4796 2931 4796 2935 4796 2936 4797 2931 4797 2930 4797 2931 4798 2932 4798 2935 4798 2936 4799 2932 4799 2931 4799 2932 4800 2933 4800 2935 4800 2936 4801 2933 4801 2932 4801 2933 4802 2934 4802 2935 4802 2936 4803 2934 4803 2933 4803 2934 4804 2926 4804 2935 4804 2936 4805 2926 4805 2934 4805 2937 4806 2938 4806 2946 4806 2947 4807 2938 4807 2937 4807 2938 4808 2939 4808 2946 4808 2947 4809 2939 4809 2938 4809 2939 4810 2940 4810 2946 4810 2947 4811 2940 4811 2939 4811 2940 4812 2941 4812 2946 4812 2947 4813 2941 4813 2940 4813 2941 4814 2942 4814 2946 4814 2947 4815 2942 4815 2941 4815 2942 4816 2943 4816 2946 4816 2947 4817 2943 4817 2942 4817 2943 4818 2944 4818 2946 4818 2947 4819 2944 4819 2943 4819 2944 4820 2945 4820 2946 4820 2947 4821 2945 4821 2944 4821 2945 4822 2937 4822 2946 4822 2947 4823 2937 4823 2945 4823 2948 4824 2949 4824 2957 4824 2958 4825 2949 4825 2948 4825 2949 4826 2950 4826 2957 4826 2958 4827 2950 4827 2949 4827 2950 4828 2951 4828 2957 4828 2958 4829 2951 4829 2950 4829 2951 4830 2952 4830 2957 4830 2958 4831 2952 4831 2951 4831 2952 4832 2953 4832 2957 4832 2958 4833 2953 4833 2952 4833 2953 4834 2954 4834 2957 4834 2958 4835 2954 4835 2953 4835 2954 4836 2955 4836 2957 4836 2958 4837 2955 4837 2954 4837 2955 4838 2956 4838 2957 4838 2958 4839 2956 4839 2955 4839 2956 4840 2948 4840 2957 4840 2958 4841 2948 4841 2956 4841 2959 4842 2960 4842 2968 4842 2969 4843 2960 4843 2959 4843 2960 4844 2961 4844 2968 4844 2969 4845 2961 4845 2960 4845 2961 4846 2962 4846 2968 4846 2969 4847 2962 4847 2961 4847 2962 4848 2963 4848 2968 4848 2969 4849 2963 4849 2962 4849 2963 4850 2964 4850 2968 4850 2969 4851 2964 4851 2963 4851 2964 4852 2965 4852 2968 4852 2969 4853 2965 4853 2964 4853 2965 4854 2966 4854 2968 4854 2969 4855 2966 4855 2965 4855 2966 4856 2967 4856 2968 4856 2969 4857 2967 4857 2966 4857 2967 4858 2959 4858 2968 4858 2969 4859 2959 4859 2967 4859 2970 4860 2971 4860 2979 4860 2980 4861 2971 4861 2970 4861 2971 4862 2972 4862 2979 4862 2980 4863 2972 4863 2971 4863 2972 4864 2973 4864 2979 4864 2980 4865 2973 4865 2972 4865 2973 4866 2974 4866 2979 4866 2980 4867 2974 4867 2973 4867 2974 4868 2975 4868 2979 4868 2980 4869 2975 4869 2974 4869 2975 4870 2976 4870 2979 4870 2980 4871 2976 4871 2975 4871 2976 4872 2977 4872 2979 4872 2980 4873 2977 4873 2976 4873 2977 4874 2978 4874 2979 4874 2980 4875 2978 4875 2977 4875 2978 4876 2970 4876 2979 4876 2980 4877 2970 4877 2978 4877 2981 4878 2982 4878 2990 4878 2991 4879 2982 4879 2981 4879 2982 4880 2983 4880 2990 4880 2991 4881 2983 4881 2982 4881 2983 4882 2984 4882 2990 4882 2991 4883 2984 4883 2983 4883 2984 4884 2985 4884 2990 4884 2991 4885 2985 4885 2984 4885 2985 4886 2986 4886 2990 4886 2991 4887 2986 4887 2985 4887 2986 4888 2987 4888 2990 4888 2991 4889 2987 4889 2986 4889 2987 4890 2988 4890 2990 4890 2991 4891 2988 4891 2987 4891 2988 4892 2989 4892 2990 4892 2991 4893 2989 4893 2988 4893 2989 4894 2981 4894 2990 4894 2991 4895 2981 4895 2989 4895 2992 4896 2993 4896 3001 4896 3002 4897 2993 4897 2992 4897 2993 4898 2994 4898 3001 4898 3002 4899 2994 4899 2993 4899 2994 4900 2995 4900 3001 4900 3002 4901 2995 4901 2994 4901 2995 4902 2996 4902 3001 4902 3002 4903 2996 4903 2995 4903 2996 4904 2997 4904 3001 4904 3002 4905 2997 4905 2996 4905 2997 4906 2998 4906 3001 4906 3002 4907 2998 4907 2997 4907 2998 4908 2999 4908 3001 4908 3002 4909 2999 4909 2998 4909 2999 4910 3000 4910 3001 4910 3002 4911 3000 4911 2999 4911 3000 4912 2992 4912 3001 4912 3002 4913 2992 4913 3000 4913 3003 4914 3004 4914 3012 4914 3013 4915 3004 4915 3003 4915 3004 4916 3005 4916 3012 4916 3013 4917 3005 4917 3004 4917 3005 4918 3006 4918 3012 4918 3013 4919 3006 4919 3005 4919 3006 4920 3007 4920 3012 4920 3013 4921 3007 4921 3006 4921 3007 4922 3008 4922 3012 4922 3013 4923 3008 4923 3007 4923 3008 4924 3009 4924 3012 4924 3013 4925 3009 4925 3008 4925 3009 4926 3010 4926 3012 4926 3013 4927 3010 4927 3009 4927 3010 4928 3011 4928 3012 4928 3013 4929 3011 4929 3010 4929 3011 4930 3003 4930 3012 4930 3013 4931 3003 4931 3011 4931 3014 4932 3015 4932 3023 4932 3024 4933 3015 4933 3014 4933 3015 4934 3016 4934 3023 4934 3024 4935 3016 4935 3015 4935 3016 4936 3017 4936 3023 4936 3024 4937 3017 4937 3016 4937 3017 4938 3018 4938 3023 4938 3024 4939 3018 4939 3017 4939 3018 4940 3019 4940 3023 4940 3024 4941 3019 4941 3018 4941 3019 4942 3020 4942 3023 4942 3024 4943 3020 4943 3019 4943 3020 4944 3021 4944 3023 4944 3024 4945 3021 4945 3020 4945 3021 4946 3022 4946 3023 4946 3024 4947 3022 4947 3021 4947 3022 4948 3014 4948 3023 4948 3024 4949 3014 4949 3022 4949 3025 4950 3026 4950 3034 4950 3035 4951 3026 4951 3025 4951 3026 4952 3027 4952 3034 4952 3035 4953 3027 4953 3026 4953 3027 4954 3028 4954 3034 4954 3035 4955 3028 4955 3027 4955 3028 4956 3029 4956 3034 4956 3035 4957 3029 4957 3028 4957 3029 4958 3030 4958 3034 4958 3035 4959 3030 4959 3029 4959 3030 4960 3031 4960 3034 4960 3035 4961 3031 4961 3030 4961 3031 4962 3032 4962 3034 4962 3035 4963 3032 4963 3031 4963 3032 4964 3033 4964 3034 4964 3035 4965 3033 4965 3032 4965 3033 4966 3025 4966 3034 4966 3035 4967 3025 4967 3033 4967 3036 4968 3037 4968 3045 4968 3046 4969 3037 4969 3036 4969 3037 4970 3038 4970 3045 4970 3046 4971 3038 4971 3037 4971 3038 4972 3039 4972 3045 4972 3046 4973 3039 4973 3038 4973 3039 4974 3040 4974 3045 4974 3046 4975 3040 4975 3039 4975 3040 4976 3041 4976 3045 4976 3046 4977 3041 4977 3040 4977 3041 4978 3042 4978 3045 4978 3046 4979 3042 4979 3041 4979 3042 4980 3043 4980 3045 4980 3046 4981 3043 4981 3042 4981 3043 4982 3044 4982 3045 4982 3046 4983 3044 4983 3043 4983 3044 4984 3036 4984 3045 4984 3046 4985 3036 4985 3044 4985 3047 4986 3048 4986 3056 4986 3057 4987 3048 4987 3047 4987 3048 4988 3049 4988 3056 4988 3057 4989 3049 4989 3048 4989 3049 4990 3050 4990 3056 4990 3057 4991 3050 4991 3049 4991 3050 4992 3051 4992 3056 4992 3057 4993 3051 4993 3050 4993 3051 4994 3052 4994 3056 4994 3057 4995 3052 4995 3051 4995 3052 4996 3053 4996 3056 4996 3057 4997 3053 4997 3052 4997 3053 4998 3054 4998 3056 4998 3057 4999 3054 4999 3053 4999 3054 5000 3055 5000 3056 5000 3057 5001 3055 5001 3054 5001 3055 5002 3047 5002 3056 5002 3057 5003 3047 5003 3055 5003 3058 5004 3059 5004 3067 5004 3068 5005 3059 5005 3058 5005 3059 5006 3060 5006 3067 5006 3068 5007 3060 5007 3059 5007 3060 5008 3061 5008 3067 5008 3068 5009 3061 5009 3060 5009 3061 5010 3062 5010 3067 5010 3068 5011 3062 5011 3061 5011 3062 5012 3063 5012 3067 5012 3068 5013 3063 5013 3062 5013 3063 5014 3064 5014 3067 5014 3068 5015 3064 5015 3063 5015 3064 5016 3065 5016 3067 5016 3068 5017 3065 5017 3064 5017 3065 5018 3066 5018 3067 5018 3068 5019 3066 5019 3065 5019 3066 5020 3058 5020 3067 5020 3068 5021 3058 5021 3066 5021 3069 5022 3070 5022 3078 5022 3079 5023 3070 5023 3069 5023 3070 5024 3071 5024 3078 5024 3079 5025 3071 5025 3070 5025 3071 5026 3072 5026 3078 5026 3079 5027 3072 5027 3071 5027 3072 5028 3073 5028 3078 5028 3079 5029 3073 5029 3072 5029 3073 5030 3074 5030 3078 5030 3079 5031 3074 5031 3073 5031 3074 5032 3075 5032 3078 5032 3079 5033 3075 5033 3074 5033 3075 5034 3076 5034 3078 5034 3079 5035 3076 5035 3075 5035 3076 5036 3077 5036 3078 5036 3079 5037 3077 5037 3076 5037 3077 5038 3069 5038 3078 5038 3079 5039 3069 5039 3077 5039 3080 5040 3081 5040 3089 5040 3090 5041 3081 5041 3080 5041 3081 5042 3082 5042 3089 5042 3090 5043 3082 5043 3081 5043 3082 5044 3083 5044 3089 5044 3090 5045 3083 5045 3082 5045 3083 5046 3084 5046 3089 5046 3090 5047 3084 5047 3083 5047 3084 5048 3085 5048 3089 5048 3090 5049 3085 5049 3084 5049 3085 5050 3086 5050 3089 5050 3090 5051 3086 5051 3085 5051 3086 5052 3087 5052 3089 5052 3090 5053 3087 5053 3086 5053 3087 5054 3088 5054 3089 5054 3090 5055 3088 5055 3087 5055 3088 5056 3080 5056 3089 5056 3090 5057 3080 5057 3088 5057 3091 5058 3092 5058 3100 5058 3101 5059 3092 5059 3091 5059 3092 5060 3093 5060 3100 5060 3101 5061 3093 5061 3092 5061 3093 5062 3094 5062 3100 5062 3101 5063 3094 5063 3093 5063 3094 5064 3095 5064 3100 5064 3101 5065 3095 5065 3094 5065 3095 5066 3096 5066 3100 5066 3101 5067 3096 5067 3095 5067 3096 5068 3097 5068 3100 5068 3101 5069 3097 5069 3096 5069 3097 5070 3098 5070 3100 5070 3101 5071 3098 5071 3097 5071 3098 5072 3099 5072 3100 5072 3101 5073 3099 5073 3098 5073 3099 5074 3091 5074 3100 5074 3101 5075 3091 5075 3099 5075 3102 5076 3103 5076 3111 5076 3112 5077 3103 5077 3102 5077 3103 5078 3104 5078 3111 5078 3112 5079 3104 5079 3103 5079 3104 5080 3105 5080 3111 5080 3112 5081 3105 5081 3104 5081 3105 5082 3106 5082 3111 5082 3112 5083 3106 5083 3105 5083 3106 5084 3107 5084 3111 5084 3112 5085 3107 5085 3106 5085 3107 5086 3108 5086 3111 5086 3112 5087 3108 5087 3107 5087 3108 5088 3109 5088 3111 5088 3112 5089 3109 5089 3108 5089 3109 5090 3110 5090 3111 5090 3112 5091 3110 5091 3109 5091 3110 5092 3102 5092 3111 5092 3112 5093 3102 5093 3110 5093 3113 5094 3114 5094 3122 5094 3123 5095 3114 5095 3113 5095 3114 5096 3115 5096 3122 5096 3123 5097 3115 5097 3114 5097 3115 5098 3116 5098 3122 5098 3123 5099 3116 5099 3115 5099 3116 5100 3117 5100 3122 5100 3123 5101 3117 5101 3116 5101 3117 5102 3118 5102 3122 5102 3123 5103 3118 5103 3117 5103 3118 5104 3119 5104 3122 5104 3123 5105 3119 5105 3118 5105 3119 5106 3120 5106 3122 5106 3123 5107 3120 5107 3119 5107 3120 5108 3121 5108 3122 5108 3123 5109 3121 5109 3120 5109 3121 5110 3113 5110 3122 5110 3123 5111 3113 5111 3121 5111 3124 5112 3125 5112 3133 5112 3134 5113 3125 5113 3124 5113 3125 5114 3126 5114 3133 5114 3134 5115 3126 5115 3125 5115 3126 5116 3127 5116 3133 5116 3134 5117 3127 5117 3126 5117 3127 5118 3128 5118 3133 5118 3134 5119 3128 5119 3127 5119 3128 5120 3129 5120 3133 5120 3134 5121 3129 5121 3128 5121 3129 5122 3130 5122 3133 5122 3134 5123 3130 5123 3129 5123 3130 5124 3131 5124 3133 5124 3134 5125 3131 5125 3130 5125 3131 5126 3132 5126 3133 5126 3134 5127 3132 5127 3131 5127 3132 5128 3124 5128 3133 5128 3134 5129 3124 5129 3132 5129 3135 5130 3136 5130 3144 5130 3145 5131 3136 5131 3135 5131 3136 5132 3137 5132 3144 5132 3145 5133 3137 5133 3136 5133 3137 5134 3138 5134 3144 5134 3145 5135 3138 5135 3137 5135 3138 5136 3139 5136 3144 5136 3145 5137 3139 5137 3138 5137 3139 5138 3140 5138 3144 5138 3145 5139 3140 5139 3139 5139 3140 5140 3141 5140 3144 5140 3145 5141 3141 5141 3140 5141 3141 5142 3142 5142 3144 5142 3145 5143 3142 5143 3141 5143 3142 5144 3143 5144 3144 5144 3145 5145 3143 5145 3142 5145 3143 5146 3135 5146 3144 5146 3145 5147 3135 5147 3143 5147 3146 5148 3147 5148 3155 5148 3156 5149 3147 5149 3146 5149 3147 5150 3148 5150 3155 5150 3156 5151 3148 5151 3147 5151 3148 5152 3149 5152 3155 5152 3156 5153 3149 5153 3148 5153 3149 5154 3150 5154 3155 5154 3156 5155 3150 5155 3149 5155 3150 5156 3151 5156 3155 5156 3156 5157 3151 5157 3150 5157 3151 5158 3152 5158 3155 5158 3156 5159 3152 5159 3151 5159 3152 5160 3153 5160 3155 5160 3156 5161 3153 5161 3152 5161 3153 5162 3154 5162 3155 5162 3156 5163 3154 5163 3153 5163 3154 5164 3146 5164 3155 5164 3156 5165 3146 5165 3154 5165 3157 5166 3158 5166 3166 5166 3167 5167 3158 5167 3157 5167 3158 5168 3159 5168 3166 5168 3167 5169 3159 5169 3158 5169 3159 5170 3160 5170 3166 5170 3167 5171 3160 5171 3159 5171 3160 5172 3161 5172 3166 5172 3167 5173 3161 5173 3160 5173 3161 5174 3162 5174 3166 5174 3167 5175 3162 5175 3161 5175 3162 5176 3163 5176 3166 5176 3167 5177 3163 5177 3162 5177 3163 5178 3164 5178 3166 5178 3167 5179 3164 5179 3163 5179 3164 5180 3165 5180 3166 5180 3167 5181 3165 5181 3164 5181 3165 5182 3157 5182 3166 5182 3167 5183 3157 5183 3165 5183 3168 5184 3169 5184 3177 5184 3178 5185 3169 5185 3168 5185 3169 5186 3170 5186 3177 5186 3178 5187 3170 5187 3169 5187 3170 5188 3171 5188 3177 5188 3178 5189 3171 5189 3170 5189 3171 5190 3172 5190 3177 5190 3178 5191 3172 5191 3171 5191 3172 5192 3173 5192 3177 5192 3178 5193 3173 5193 3172 5193 3173 5194 3174 5194 3177 5194 3178 5195 3174 5195 3173 5195 3174 5196 3175 5196 3177 5196 3178 5197 3175 5197 3174 5197 3175 5198 3176 5198 3177 5198 3178 5199 3176 5199 3175 5199 3176 5200 3168 5200 3177 5200 3178 5201 3168 5201 3176 5201 3179 5202 3180 5202 3188 5202 3189 5203 3180 5203 3179 5203 3180 5204 3181 5204 3188 5204 3189 5205 3181 5205 3180 5205 3181 5206 3182 5206 3188 5206 3189 5207 3182 5207 3181 5207 3182 5208 3183 5208 3188 5208 3189 5209 3183 5209 3182 5209 3183 5210 3184 5210 3188 5210 3189 5211 3184 5211 3183 5211 3184 5212 3185 5212 3188 5212 3189 5213 3185 5213 3184 5213 3185 5214 3186 5214 3188 5214 3189 5215 3186 5215 3185 5215 3186 5216 3187 5216 3188 5216 3189 5217 3187 5217 3186 5217 3187 5218 3179 5218 3188 5218 3189 5219 3179 5219 3187 5219 3190 5220 3191 5220 3199 5220 3200 5221 3191 5221 3190 5221 3191 5222 3192 5222 3199 5222 3200 5223 3192 5223 3191 5223 3192 5224 3193 5224 3199 5224 3200 5225 3193 5225 3192 5225 3193 5226 3194 5226 3199 5226 3200 5227 3194 5227 3193 5227 3194 5228 3195 5228 3199 5228 3200 5229 3195 5229 3194 5229 3195 5230 3196 5230 3199 5230 3200 5231 3196 5231 3195 5231 3196 5232 3197 5232 3199 5232 3200 5233 3197 5233 3196 5233 3197 5234 3198 5234 3199 5234 3200 5235 3198 5235 3197 5235 3198 5236 3190 5236 3199 5236 3200 5237 3190 5237 3198 5237 3201 5238 3202 5238 3210 5238 3211 5239 3202 5239 3201 5239 3202 5240 3203 5240 3210 5240 3211 5241 3203 5241 3202 5241 3203 5242 3204 5242 3210 5242 3211 5243 3204 5243 3203 5243 3204 5244 3205 5244 3210 5244 3211 5245 3205 5245 3204 5245 3205 5246 3206 5246 3210 5246 3211 5247 3206 5247 3205 5247 3206 5248 3207 5248 3210 5248 3211 5249 3207 5249 3206 5249 3207 5250 3208 5250 3210 5250 3211 5251 3208 5251 3207 5251 3208 5252 3209 5252 3210 5252 3211 5253 3209 5253 3208 5253 3209 5254 3201 5254 3210 5254 3211 5255 3201 5255 3209 5255 3212 5256 3213 5256 3221 5256 3222 5257 3213 5257 3212 5257 3213 5258 3214 5258 3221 5258 3222 5259 3214 5259 3213 5259 3214 5260 3215 5260 3221 5260 3222 5261 3215 5261 3214 5261 3215 5262 3216 5262 3221 5262 3222 5263 3216 5263 3215 5263 3216 5264 3217 5264 3221 5264 3222 5265 3217 5265 3216 5265 3217 5266 3218 5266 3221 5266 3222 5267 3218 5267 3217 5267 3218 5268 3219 5268 3221 5268 3222 5269 3219 5269 3218 5269 3219 5270 3220 5270 3221 5270 3222 5271 3220 5271 3219 5271 3220 5272 3212 5272 3221 5272 3222 5273 3212 5273 3220 5273 3223 5274 3224 5274 3232 5274 3233 5275 3224 5275 3223 5275 3224 5276 3225 5276 3232 5276 3233 5277 3225 5277 3224 5277 3225 5278 3226 5278 3232 5278 3233 5279 3226 5279 3225 5279 3226 5280 3227 5280 3232 5280 3233 5281 3227 5281 3226 5281 3227 5282 3228 5282 3232 5282 3233 5283 3228 5283 3227 5283 3228 5284 3229 5284 3232 5284 3233 5285 3229 5285 3228 5285 3229 5286 3230 5286 3232 5286 3233 5287 3230 5287 3229 5287 3230 5288 3231 5288 3232 5288 3233 5289 3231 5289 3230 5289 3231 5290 3223 5290 3232 5290 3233 5291 3223 5291 3231 5291 3234 5292 3235 5292 3243 5292 3244 5293 3235 5293 3234 5293 3235 5294 3236 5294 3243 5294 3244 5295 3236 5295 3235 5295 3236 5296 3237 5296 3243 5296 3244 5297 3237 5297 3236 5297 3237 5298 3238 5298 3243 5298 3244 5299 3238 5299 3237 5299 3238 5300 3239 5300 3243 5300 3244 5301 3239 5301 3238 5301 3239 5302 3240 5302 3243 5302 3244 5303 3240 5303 3239 5303 3240 5304 3241 5304 3243 5304 3244 5305 3241 5305 3240 5305 3241 5306 3242 5306 3243 5306 3244 5307 3242 5307 3241 5307 3242 5308 3234 5308 3243 5308 3244 5309 3234 5309 3242 5309 3245 5310 3246 5310 3254 5310 3255 5311 3246 5311 3245 5311 3246 5312 3247 5312 3254 5312 3255 5313 3247 5313 3246 5313 3247 5314 3248 5314 3254 5314 3255 5315 3248 5315 3247 5315 3248 5316 3249 5316 3254 5316 3255 5317 3249 5317 3248 5317 3249 5318 3250 5318 3254 5318 3255 5319 3250 5319 3249 5319 3250 5320 3251 5320 3254 5320 3255 5321 3251 5321 3250 5321 3251 5322 3252 5322 3254 5322 3255 5323 3252 5323 3251 5323 3252 5324 3253 5324 3254 5324 3255 5325 3253 5325 3252 5325 3253 5326 3245 5326 3254 5326 3255 5327 3245 5327 3253 5327 3256 5328 3257 5328 3265 5328 3266 5329 3257 5329 3256 5329 3257 5330 3258 5330 3265 5330 3266 5331 3258 5331 3257 5331 3258 5332 3259 5332 3265 5332 3266 5333 3259 5333 3258 5333 3259 5334 3260 5334 3265 5334 3266 5335 3260 5335 3259 5335 3260 5336 3261 5336 3265 5336 3266 5337 3261 5337 3260 5337 3261 5338 3262 5338 3265 5338 3266 5339 3262 5339 3261 5339 3262 5340 3263 5340 3265 5340 3266 5341 3263 5341 3262 5341 3263 5342 3264 5342 3265 5342 3266 5343 3264 5343 3263 5343 3264 5344 3256 5344 3265 5344 3266 5345 3256 5345 3264 5345 3267 5346 3268 5346 3276 5346 3277 5347 3268 5347 3267 5347 3268 5348 3269 5348 3276 5348 3277 5349 3269 5349 3268 5349 3269 5350 3270 5350 3276 5350 3277 5351 3270 5351 3269 5351 3270 5352 3271 5352 3276 5352 3277 5353 3271 5353 3270 5353 3271 5354 3272 5354 3276 5354 3277 5355 3272 5355 3271 5355 3272 5356 3273 5356 3276 5356 3277 5357 3273 5357 3272 5357 3273 5358 3274 5358 3276 5358 3277 5359 3274 5359 3273 5359 3274 5360 3275 5360 3276 5360 3277 5361 3275 5361 3274 5361 3275 5362 3267 5362 3276 5362 3277 5363 3267 5363 3275 5363 3278 5364 3279 5364 3287 5364 3288 5365 3279 5365 3278 5365 3279 5366 3280 5366 3287 5366 3288 5367 3280 5367 3279 5367 3280 5368 3281 5368 3287 5368 3288 5369 3281 5369 3280 5369 3281 5370 3282 5370 3287 5370 3288 5371 3282 5371 3281 5371 3282 5372 3283 5372 3287 5372 3288 5373 3283 5373 3282 5373 3283 5374 3284 5374 3287 5374 3288 5375 3284 5375 3283 5375 3284 5376 3285 5376 3287 5376 3288 5377 3285 5377 3284 5377 3285 5378 3286 5378 3287 5378 3288 5379 3286 5379 3285 5379 3286 5380 3278 5380 3287 5380 3288 5381 3278 5381 3286 5381 3289 5382 3290 5382 3298 5382 3299 5383 3290 5383 3289 5383 3290 5384 3291 5384 3298 5384 3299 5385 3291 5385 3290 5385 3291 5386 3292 5386 3298 5386 3299 5387 3292 5387 3291 5387 3292 5388 3293 5388 3298 5388 3299 5389 3293 5389 3292 5389 3293 5390 3294 5390 3298 5390 3299 5391 3294 5391 3293 5391 3294 5392 3295 5392 3298 5392 3299 5393 3295 5393 3294 5393 3295 5394 3296 5394 3298 5394 3299 5395 3296 5395 3295 5395 3296 5396 3297 5396 3298 5396 3299 5397 3297 5397 3296 5397 3297 5398 3289 5398 3298 5398 3299 5399 3289 5399 3297 5399 3300 5400 3301 5400 3309 5400 3310 5401 3301 5401 3300 5401 3301 5402 3302 5402 3309 5402 3310 5403 3302 5403 3301 5403 3302 5404 3303 5404 3309 5404 3310 5405 3303 5405 3302 5405 3303 5406 3304 5406 3309 5406 3310 5407 3304 5407 3303 5407 3304 5408 3305 5408 3309 5408 3310 5409 3305 5409 3304 5409 3305 5410 3306 5410 3309 5410 3310 5411 3306 5411 3305 5411 3306 5412 3307 5412 3309 5412 3310 5413 3307 5413 3306 5413 3307 5414 3308 5414 3309 5414 3310 5415 3308 5415 3307 5415 3308 5416 3300 5416 3309 5416 3310 5417 3300 5417 3308 5417 3311 5418 3312 5418 3320 5418 3321 5419 3312 5419 3311 5419 3312 5420 3313 5420 3320 5420 3321 5421 3313 5421 3312 5421 3313 5422 3314 5422 3320 5422 3321 5423 3314 5423 3313 5423 3314 5424 3315 5424 3320 5424 3321 5425 3315 5425 3314 5425 3315 5426 3316 5426 3320 5426 3321 5427 3316 5427 3315 5427 3316 5428 3317 5428 3320 5428 3321 5429 3317 5429 3316 5429 3317 5430 3318 5430 3320 5430 3321 5431 3318 5431 3317 5431 3318 5432 3319 5432 3320 5432 3321 5433 3319 5433 3318 5433 3319 5434 3311 5434 3320 5434 3321 5435 3311 5435 3319 5435 3322 5436 3323 5436 3331 5436 3332 5437 3323 5437 3322 5437 3323 5438 3324 5438 3331 5438 3332 5439 3324 5439 3323 5439 3324 5440 3325 5440 3331 5440 3332 5441 3325 5441 3324 5441 3325 5442 3326 5442 3331 5442 3332 5443 3326 5443 3325 5443 3326 5444 3327 5444 3331 5444 3332 5445 3327 5445 3326 5445 3327 5446 3328 5446 3331 5446 3332 5447 3328 5447 3327 5447 3328 5448 3329 5448 3331 5448 3332 5449 3329 5449 3328 5449 3329 5450 3330 5450 3331 5450 3332 5451 3330 5451 3329 5451 3330 5452 3322 5452 3331 5452 3332 5453 3322 5453 3330 5453 3333 5454 3334 5454 3342 5454 3343 5455 3334 5455 3333 5455 3334 5456 3335 5456 3342 5456 3343 5457 3335 5457 3334 5457 3335 5458 3336 5458 3342 5458 3343 5459 3336 5459 3335 5459 3336 5460 3337 5460 3342 5460 3343 5461 3337 5461 3336 5461 3337 5462 3338 5462 3342 5462 3343 5463 3338 5463 3337 5463 3338 5464 3339 5464 3342 5464 3343 5465 3339 5465 3338 5465 3339 5466 3340 5466 3342 5466 3343 5467 3340 5467 3339 5467 3340 5468 3341 5468 3342 5468 3343 5469 3341 5469 3340 5469 3341 5470 3333 5470 3342 5470 3343 5471 3333 5471 3341 5471 3344 5472 3345 5472 3353 5472 3354 5473 3345 5473 3344 5473 3345 5474 3346 5474 3353 5474 3354 5475 3346 5475 3345 5475 3346 5476 3347 5476 3353 5476 3354 5477 3347 5477 3346 5477 3347 5478 3348 5478 3353 5478 3354 5479 3348 5479 3347 5479 3348 5480 3349 5480 3353 5480 3354 5481 3349 5481 3348 5481 3349 5482 3350 5482 3353 5482 3354 5483 3350 5483 3349 5483 3350 5484 3351 5484 3353 5484 3354 5485 3351 5485 3350 5485 3351 5486 3352 5486 3353 5486 3354 5487 3352 5487 3351 5487 3352 5488 3344 5488 3353 5488 3354 5489 3344 5489 3352 5489 3355 5490 3356 5490 3364 5490 3365 5491 3356 5491 3355 5491 3356 5492 3357 5492 3364 5492 3365 5493 3357 5493 3356 5493 3357 5494 3358 5494 3364 5494 3365 5495 3358 5495 3357 5495 3358 5496 3359 5496 3364 5496 3365 5497 3359 5497 3358 5497 3359 5498 3360 5498 3364 5498 3365 5499 3360 5499 3359 5499 3360 5500 3361 5500 3364 5500 3365 5501 3361 5501 3360 5501 3361 5502 3362 5502 3364 5502 3365 5503 3362 5503 3361 5503 3362 5504 3363 5504 3364 5504 3365 5505 3363 5505 3362 5505 3363 5506 3355 5506 3364 5506 3365 5507 3355 5507 3363 5507 3366 5508 3367 5508 3375 5508 3376 5509 3367 5509 3366 5509 3367 5510 3368 5510 3375 5510 3376 5511 3368 5511 3367 5511 3368 5512 3369 5512 3375 5512 3376 5513 3369 5513 3368 5513 3369 5514 3370 5514 3375 5514 3376 5515 3370 5515 3369 5515 3370 5516 3371 5516 3375 5516 3376 5517 3371 5517 3370 5517 3371 5518 3372 5518 3375 5518 3376 5519 3372 5519 3371 5519 3372 5520 3373 5520 3375 5520 3376 5521 3373 5521 3372 5521 3373 5522 3374 5522 3375 5522 3376 5523 3374 5523 3373 5523 3374 5524 3366 5524 3375 5524 3376 5525 3366 5525 3374 5525 3377 5526 3378 5526 3386 5526 3387 5527 3378 5527 3377 5527 3378 5528 3379 5528 3386 5528 3387 5529 3379 5529 3378 5529 3379 5530 3380 5530 3386 5530 3387 5531 3380 5531 3379 5531 3380 5532 3381 5532 3386 5532 3387 5533 3381 5533 3380 5533 3381 5534 3382 5534 3386 5534 3387 5535 3382 5535 3381 5535 3382 5536 3383 5536 3386 5536 3387 5537 3383 5537 3382 5537 3383 5538 3384 5538 3386 5538 3387 5539 3384 5539 3383 5539 3384 5540 3385 5540 3386 5540 3387 5541 3385 5541 3384 5541 3385 5542 3377 5542 3386 5542 3387 5543 3377 5543 3385 5543 3388 5544 3389 5544 3397 5544 3398 5545 3389 5545 3388 5545 3389 5546 3390 5546 3397 5546 3398 5547 3390 5547 3389 5547 3390 5548 3391 5548 3397 5548 3398 5549 3391 5549 3390 5549 3391 5550 3392 5550 3397 5550 3398 5551 3392 5551 3391 5551 3392 5552 3393 5552 3397 5552 3398 5553 3393 5553 3392 5553 3393 5554 3394 5554 3397 5554 3398 5555 3394 5555 3393 5555 3394 5556 3395 5556 3397 5556 3398 5557 3395 5557 3394 5557 3395 5558 3396 5558 3397 5558 3398 5559 3396 5559 3395 5559 3396 5560 3388 5560 3397 5560 3398 5561 3388 5561 3396 5561 3399 5562 3400 5562 3408 5562 3409 5563 3400 5563 3399 5563 3400 5564 3401 5564 3408 5564 3409 5565 3401 5565 3400 5565 3401 5566 3402 5566 3408 5566 3409 5567 3402 5567 3401 5567 3402 5568 3403 5568 3408 5568 3409 5569 3403 5569 3402 5569 3403 5570 3404 5570 3408 5570 3409 5571 3404 5571 3403 5571 3404 5572 3405 5572 3408 5572 3409 5573 3405 5573 3404 5573 3405 5574 3406 5574 3408 5574 3409 5575 3406 5575 3405 5575 3406 5576 3407 5576 3408 5576 3409 5577 3407 5577 3406 5577 3407 5578 3399 5578 3408 5578 3409 5579 3399 5579 3407 5579 3410 5580 3411 5580 3419 5580 3420 5581 3411 5581 3410 5581 3411 5582 3412 5582 3419 5582 3420 5583 3412 5583 3411 5583 3412 5584 3413 5584 3419 5584 3420 5585 3413 5585 3412 5585 3413 5586 3414 5586 3419 5586 3420 5587 3414 5587 3413 5587 3414 5588 3415 5588 3419 5588 3420 5589 3415 5589 3414 5589 3415 5590 3416 5590 3419 5590 3420 5591 3416 5591 3415 5591 3416 5592 3417 5592 3419 5592 3420 5593 3417 5593 3416 5593 3417 5594 3418 5594 3419 5594 3420 5595 3418 5595 3417 5595 3418 5596 3410 5596 3419 5596 3420 5597 3410 5597 3418 5597 3421 5598 3422 5598 3430 5598 3431 5599 3422 5599 3421 5599 3422 5600 3423 5600 3430 5600 3431 5601 3423 5601 3422 5601 3423 5602 3424 5602 3430 5602 3431 5603 3424 5603 3423 5603 3424 5604 3425 5604 3430 5604 3431 5605 3425 5605 3424 5605 3425 5606 3426 5606 3430 5606 3431 5607 3426 5607 3425 5607 3426 5608 3427 5608 3430 5608 3431 5609 3427 5609 3426 5609 3427 5610 3428 5610 3430 5610 3431 5611 3428 5611 3427 5611 3428 5612 3429 5612 3430 5612 3431 5613 3429 5613 3428 5613 3429 5614 3421 5614 3430 5614 3431 5615 3421 5615 3429 5615 3432 5616 3433 5616 3441 5616 3442 5617 3433 5617 3432 5617 3433 5618 3434 5618 3441 5618 3442 5619 3434 5619 3433 5619 3434 5620 3435 5620 3441 5620 3442 5621 3435 5621 3434 5621 3435 5622 3436 5622 3441 5622 3442 5623 3436 5623 3435 5623 3436 5624 3437 5624 3441 5624 3442 5625 3437 5625 3436 5625 3437 5626 3438 5626 3441 5626 3442 5627 3438 5627 3437 5627 3438 5628 3439 5628 3441 5628 3442 5629 3439 5629 3438 5629 3439 5630 3440 5630 3441 5630 3442 5631 3440 5631 3439 5631 3440 5632 3432 5632 3441 5632 3442 5633 3432 5633 3440 5633 3443 5634 3444 5634 3452 5634 3453 5635 3444 5635 3443 5635 3444 5636 3445 5636 3452 5636 3453 5637 3445 5637 3444 5637 3445 5638 3446 5638 3452 5638 3453 5639 3446 5639 3445 5639 3446 5640 3447 5640 3452 5640 3453 5641 3447 5641 3446 5641 3447 5642 3448 5642 3452 5642 3453 5643 3448 5643 3447 5643 3448 5644 3449 5644 3452 5644 3453 5645 3449 5645 3448 5645 3449 5646 3450 5646 3452 5646 3453 5647 3450 5647 3449 5647 3450 5648 3451 5648 3452 5648 3453 5649 3451 5649 3450 5649 3451 5650 3443 5650 3452 5650 3453 5651 3443 5651 3451 5651 3454 5652 3455 5652 3463 5652 3464 5653 3455 5653 3454 5653 3455 5654 3456 5654 3463 5654 3464 5655 3456 5655 3455 5655 3456 5656 3457 5656 3463 5656 3464 5657 3457 5657 3456 5657 3457 5658 3458 5658 3463 5658 3464 5659 3458 5659 3457 5659 3458 5660 3459 5660 3463 5660 3464 5661 3459 5661 3458 5661 3459 5662 3460 5662 3463 5662 3464 5663 3460 5663 3459 5663 3460 5664 3461 5664 3463 5664 3464 5665 3461 5665 3460 5665 3461 5666 3462 5666 3463 5666 3464 5667 3462 5667 3461 5667 3462 5668 3454 5668 3463 5668 3464 5669 3454 5669 3462 5669 3465 5670 3466 5670 3474 5670 3475 5671 3466 5671 3465 5671 3466 5672 3467 5672 3474 5672 3475 5673 3467 5673 3466 5673 3467 5674 3468 5674 3474 5674 3475 5675 3468 5675 3467 5675 3468 5676 3469 5676 3474 5676 3475 5677 3469 5677 3468 5677 3469 5678 3470 5678 3474 5678 3475 5679 3470 5679 3469 5679 3470 5680 3471 5680 3474 5680 3475 5681 3471 5681 3470 5681 3471 5682 3472 5682 3474 5682 3475 5683 3472 5683 3471 5683 3472 5684 3473 5684 3474 5684 3475 5685 3473 5685 3472 5685 3473 5686 3465 5686 3474 5686 3475 5687 3465 5687 3473 5687 3476 5688 3477 5688 3485 5688 3486 5689 3477 5689 3476 5689 3477 5690 3478 5690 3485 5690 3486 5691 3478 5691 3477 5691 3478 5692 3479 5692 3485 5692 3486 5693 3479 5693 3478 5693 3479 5694 3480 5694 3485 5694 3486 5695 3480 5695 3479 5695 3480 5696 3481 5696 3485 5696 3486 5697 3481 5697 3480 5697 3481 5698 3482 5698 3485 5698 3486 5699 3482 5699 3481 5699 3482 5700 3483 5700 3485 5700 3486 5701 3483 5701 3482 5701 3483 5702 3484 5702 3485 5702 3486 5703 3484 5703 3483 5703 3484 5704 3476 5704 3485 5704 3486 5705 3476 5705 3484 5705 3487 5706 3488 5706 3496 5706 3497 5707 3488 5707 3487 5707 3488 5708 3489 5708 3496 5708 3497 5709 3489 5709 3488 5709 3489 5710 3490 5710 3496 5710 3497 5711 3490 5711 3489 5711 3490 5712 3491 5712 3496 5712 3497 5713 3491 5713 3490 5713 3491 5714 3492 5714 3496 5714 3497 5715 3492 5715 3491 5715 3492 5716 3493 5716 3496 5716 3497 5717 3493 5717 3492 5717 3493 5718 3494 5718 3496 5718 3497 5719 3494 5719 3493 5719 3494 5720 3495 5720 3496 5720 3497 5721 3495 5721 3494 5721 3495 5722 3487 5722 3496 5722 3497 5723 3487 5723 3495 5723 3498 5724 3499 5724 3507 5724 3508 5725 3499 5725 3498 5725 3499 5726 3500 5726 3507 5726 3508 5727 3500 5727 3499 5727 3500 5728 3501 5728 3507 5728 3508 5729 3501 5729 3500 5729 3501 5730 3502 5730 3507 5730 3508 5731 3502 5731 3501 5731 3502 5732 3503 5732 3507 5732 3508 5733 3503 5733 3502 5733 3503 5734 3504 5734 3507 5734 3508 5735 3504 5735 3503 5735 3504 5736 3505 5736 3507 5736 3508 5737 3505 5737 3504 5737 3505 5738 3506 5738 3507 5738 3508 5739 3506 5739 3505 5739 3506 5740 3498 5740 3507 5740 3508 5741 3498 5741 3506 5741 3509 5742 3510 5742 3518 5742 3519 5743 3510 5743 3509 5743 3510 5744 3511 5744 3518 5744 3519 5745 3511 5745 3510 5745 3511 5746 3512 5746 3518 5746 3519 5747 3512 5747 3511 5747 3512 5748 3513 5748 3518 5748 3519 5749 3513 5749 3512 5749 3513 5750 3514 5750 3518 5750 3519 5751 3514 5751 3513 5751 3514 5752 3515 5752 3518 5752 3519 5753 3515 5753 3514 5753 3515 5754 3516 5754 3518 5754 3519 5755 3516 5755 3515 5755 3516 5756 3517 5756 3518 5756 3519 5757 3517 5757 3516 5757 3517 5758 3509 5758 3518 5758 3519 5759 3509 5759 3517 5759 3520 5760 3521 5760 3529 5760 3530 5761 3521 5761 3520 5761 3521 5762 3522 5762 3529 5762 3530 5763 3522 5763 3521 5763 3522 5764 3523 5764 3529 5764 3530 5765 3523 5765 3522 5765 3523 5766 3524 5766 3529 5766 3530 5767 3524 5767 3523 5767 3524 5768 3525 5768 3529 5768 3530 5769 3525 5769 3524 5769 3525 5770 3526 5770 3529 5770 3530 5771 3526 5771 3525 5771 3526 5772 3527 5772 3529 5772 3530 5773 3527 5773 3526 5773 3527 5774 3528 5774 3529 5774 3530 5775 3528 5775 3527 5775 3528 5776 3520 5776 3529 5776 3530 5777 3520 5777 3528 5777 3531 5778 3532 5778 3540 5778 3541 5779 3532 5779 3531 5779 3532 5780 3533 5780 3540 5780 3541 5781 3533 5781 3532 5781 3533 5782 3534 5782 3540 5782 3541 5783 3534 5783 3533 5783 3534 5784 3535 5784 3540 5784 3541 5785 3535 5785 3534 5785 3535 5786 3536 5786 3540 5786 3541 5787 3536 5787 3535 5787 3536 5788 3537 5788 3540 5788 3541 5789 3537 5789 3536 5789 3537 5790 3538 5790 3540 5790 3541 5791 3538 5791 3537 5791 3538 5792 3539 5792 3540 5792 3541 5793 3539 5793 3538 5793 3539 5794 3531 5794 3540 5794 3541 5795 3531 5795 3539 5795 3542 5796 3543 5796 3551 5796 3552 5797 3543 5797 3542 5797 3543 5798 3544 5798 3551 5798 3552 5799 3544 5799 3543 5799 3544 5800 3545 5800 3551 5800 3552 5801 3545 5801 3544 5801 3545 5802 3546 5802 3551 5802 3552 5803 3546 5803 3545 5803 3546 5804 3547 5804 3551 5804 3552 5805 3547 5805 3546 5805 3547 5806 3548 5806 3551 5806 3552 5807 3548 5807 3547 5807 3548 5808 3549 5808 3551 5808 3552 5809 3549 5809 3548 5809 3549 5810 3550 5810 3551 5810 3552 5811 3550 5811 3549 5811 3550 5812 3542 5812 3551 5812 3552 5813 3542 5813 3550 5813 3553 5814 3554 5814 3562 5814 3563 5815 3554 5815 3553 5815 3554 5816 3555 5816 3562 5816 3563 5817 3555 5817 3554 5817 3555 5818 3556 5818 3562 5818 3563 5819 3556 5819 3555 5819 3556 5820 3557 5820 3562 5820 3563 5821 3557 5821 3556 5821 3557 5822 3558 5822 3562 5822 3563 5823 3558 5823 3557 5823 3558 5824 3559 5824 3562 5824 3563 5825 3559 5825 3558 5825 3559 5826 3560 5826 3562 5826 3563 5827 3560 5827 3559 5827 3560 5828 3561 5828 3562 5828 3563 5829 3561 5829 3560 5829 3561 5830 3553 5830 3562 5830 3563 5831 3553 5831 3561 5831 3564 5832 3565 5832 3573 5832 3574 5833 3565 5833 3564 5833 3565 5834 3566 5834 3573 5834 3574 5835 3566 5835 3565 5835 3566 5836 3567 5836 3573 5836 3574 5837 3567 5837 3566 5837 3567 5838 3568 5838 3573 5838 3574 5839 3568 5839 3567 5839 3568 5840 3569 5840 3573 5840 3574 5841 3569 5841 3568 5841 3569 5842 3570 5842 3573 5842 3574 5843 3570 5843 3569 5843 3570 5844 3571 5844 3573 5844 3574 5845 3571 5845 3570 5845 3571 5846 3572 5846 3573 5846 3574 5847 3572 5847 3571 5847 3572 5848 3564 5848 3573 5848 3574 5849 3564 5849 3572 5849 3575 5850 3576 5850 3584 5850 3585 5851 3576 5851 3575 5851 3576 5852 3577 5852 3584 5852 3585 5853 3577 5853 3576 5853 3577 5854 3578 5854 3584 5854 3585 5855 3578 5855 3577 5855 3578 5856 3579 5856 3584 5856 3585 5857 3579 5857 3578 5857 3579 5858 3580 5858 3584 5858 3585 5859 3580 5859 3579 5859 3580 5860 3581 5860 3584 5860 3585 5861 3581 5861 3580 5861 3581 5862 3582 5862 3584 5862 3585 5863 3582 5863 3581 5863 3582 5864 3583 5864 3584 5864 3585 5865 3583 5865 3582 5865 3583 5866 3575 5866 3584 5866 3585 5867 3575 5867 3583 5867 3586 5868 3587 5868 3595 5868 3596 5869 3587 5869 3586 5869 3587 5870 3588 5870 3595 5870 3596 5871 3588 5871 3587 5871 3588 5872 3589 5872 3595 5872 3596 5873 3589 5873 3588 5873 3589 5874 3590 5874 3595 5874 3596 5875 3590 5875 3589 5875 3590 5876 3591 5876 3595 5876 3596 5877 3591 5877 3590 5877 3591 5878 3592 5878 3595 5878 3596 5879 3592 5879 3591 5879 3592 5880 3593 5880 3595 5880 3596 5881 3593 5881 3592 5881 3593 5882 3594 5882 3595 5882 3596 5883 3594 5883 3593 5883 3594 5884 3586 5884 3595 5884 3596 5885 3586 5885 3594 5885 3597 5886 3598 5886 3606 5886 3607 5887 3598 5887 3597 5887 3598 5888 3599 5888 3606 5888 3607 5889 3599 5889 3598 5889 3599 5890 3600 5890 3606 5890 3607 5891 3600 5891 3599 5891 3600 5892 3601 5892 3606 5892 3607 5893 3601 5893 3600 5893 3601 5894 3602 5894 3606 5894 3607 5895 3602 5895 3601 5895 3602 5896 3603 5896 3606 5896 3607 5897 3603 5897 3602 5897 3603 5898 3604 5898 3606 5898 3607 5899 3604 5899 3603 5899 3604 5900 3605 5900 3606 5900 3607 5901 3605 5901 3604 5901 3605 5902 3597 5902 3606 5902 3607 5903 3597 5903 3605 5903 3608 5904 3609 5904 3617 5904 3618 5905 3609 5905 3608 5905 3609 5906 3610 5906 3617 5906 3618 5907 3610 5907 3609 5907 3610 5908 3611 5908 3617 5908 3618 5909 3611 5909 3610 5909 3611 5910 3612 5910 3617 5910 3618 5911 3612 5911 3611 5911 3612 5912 3613 5912 3617 5912 3618 5913 3613 5913 3612 5913 3613 5914 3614 5914 3617 5914 3618 5915 3614 5915 3613 5915 3614 5916 3615 5916 3617 5916 3618 5917 3615 5917 3614 5917 3615 5918 3616 5918 3617 5918 3618 5919 3616 5919 3615 5919 3616 5920 3608 5920 3617 5920 3618 5921 3608 5921 3616 5921 3619 5922 3620 5922 3628 5922 3629 5923 3620 5923 3619 5923 3620 5924 3621 5924 3628 5924 3629 5925 3621 5925 3620 5925 3621 5926 3622 5926 3628 5926 3629 5927 3622 5927 3621 5927 3622 5928 3623 5928 3628 5928 3629 5929 3623 5929 3622 5929 3623 5930 3624 5930 3628 5930 3629 5931 3624 5931 3623 5931 3624 5932 3625 5932 3628 5932 3629 5933 3625 5933 3624 5933 3625 5934 3626 5934 3628 5934 3629 5935 3626 5935 3625 5935 3626 5936 3627 5936 3628 5936 3629 5937 3627 5937 3626 5937 3627 5938 3619 5938 3628 5938 3629 5939 3619 5939 3627 5939 3630 5940 3631 5940 3639 5940 3640 5941 3631 5941 3630 5941 3631 5942 3632 5942 3639 5942 3640 5943 3632 5943 3631 5943 3632 5944 3633 5944 3639 5944 3640 5945 3633 5945 3632 5945 3633 5946 3634 5946 3639 5946 3640 5947 3634 5947 3633 5947 3634 5948 3635 5948 3639 5948 3640 5949 3635 5949 3634 5949 3635 5950 3636 5950 3639 5950 3640 5951 3636 5951 3635 5951 3636 5952 3637 5952 3639 5952 3640 5953 3637 5953 3636 5953 3637 5954 3638 5954 3639 5954 3640 5955 3638 5955 3637 5955 3638 5956 3630 5956 3639 5956 3640 5957 3630 5957 3638 5957 3641 5958 3642 5958 3650 5958 3651 5959 3642 5959 3641 5959 3642 5960 3643 5960 3650 5960 3651 5961 3643 5961 3642 5961 3643 5962 3644 5962 3650 5962 3651 5963 3644 5963 3643 5963 3644 5964 3645 5964 3650 5964 3651 5965 3645 5965 3644 5965 3645 5966 3646 5966 3650 5966 3651 5967 3646 5967 3645 5967 3646 5968 3647 5968 3650 5968 3651 5969 3647 5969 3646 5969 3647 5970 3648 5970 3650 5970 3651 5971 3648 5971 3647 5971 3648 5972 3649 5972 3650 5972 3651 5973 3649 5973 3648 5973 3649 5974 3641 5974 3650 5974 3651 5975 3641 5975 3649 5975 3652 5976 3653 5976 3661 5976 3662 5977 3653 5977 3652 5977 3653 5978 3654 5978 3661 5978 3662 5979 3654 5979 3653 5979 3654 5980 3655 5980 3661 5980 3662 5981 3655 5981 3654 5981 3655 5982 3656 5982 3661 5982 3662 5983 3656 5983 3655 5983 3656 5984 3657 5984 3661 5984 3662 5985 3657 5985 3656 5985 3657 5986 3658 5986 3661 5986 3662 5987 3658 5987 3657 5987 3658 5988 3659 5988 3661 5988 3662 5989 3659 5989 3658 5989 3659 5990 3660 5990 3661 5990 3662 5991 3660 5991 3659 5991 3660 5992 3652 5992 3661 5992 3662 5993 3652 5993 3660 5993 3663 5994 3664 5994 3672 5994 3673 5995 3664 5995 3663 5995 3664 5996 3665 5996 3672 5996 3673 5997 3665 5997 3664 5997 3665 5998 3666 5998 3672 5998 3673 5999 3666 5999 3665 5999 3666 6000 3667 6000 3672 6000 3673 6001 3667 6001 3666 6001 3667 6002 3668 6002 3672 6002 3673 6003 3668 6003 3667 6003 3668 6004 3669 6004 3672 6004 3673 6005 3669 6005 3668 6005 3669 6006 3670 6006 3672 6006 3673 6007 3670 6007 3669 6007 3670 6008 3671 6008 3672 6008 3673 6009 3671 6009 3670 6009 3671 6010 3663 6010 3672 6010 3673 6011 3663 6011 3671 6011 3674 6012 3675 6012 3683 6012 3684 6013 3675 6013 3674 6013 3675 6014 3676 6014 3683 6014 3684 6015 3676 6015 3675 6015 3676 6016 3677 6016 3683 6016 3684 6017 3677 6017 3676 6017 3677 6018 3678 6018 3683 6018 3684 6019 3678 6019 3677 6019 3678 6020 3679 6020 3683 6020 3684 6021 3679 6021 3678 6021 3679 6022 3680 6022 3683 6022 3684 6023 3680 6023 3679 6023 3680 6024 3681 6024 3683 6024 3684 6025 3681 6025 3680 6025 3681 6026 3682 6026 3683 6026 3684 6027 3682 6027 3681 6027 3682 6028 3674 6028 3683 6028 3684 6029 3674 6029 3682 6029 3685 6030 3686 6030 3694 6030 3695 6031 3686 6031 3685 6031 3686 6032 3687 6032 3694 6032 3695 6033 3687 6033 3686 6033 3687 6034 3688 6034 3694 6034 3695 6035 3688 6035 3687 6035 3688 6036 3689 6036 3694 6036 3695 6037 3689 6037 3688 6037 3689 6038 3690 6038 3694 6038 3695 6039 3690 6039 3689 6039 3690 6040 3691 6040 3694 6040 3695 6041 3691 6041 3690 6041 3691 6042 3692 6042 3694 6042 3695 6043 3692 6043 3691 6043 3692 6044 3693 6044 3694 6044 3695 6045 3693 6045 3692 6045 3693 6046 3685 6046 3694 6046 3695 6047 3685 6047 3693 6047 3696 6048 3697 6048 3705 6048 3706 6049 3697 6049 3696 6049 3697 6050 3698 6050 3705 6050 3706 6051 3698 6051 3697 6051 3698 6052 3699 6052 3705 6052 3706 6053 3699 6053 3698 6053 3699 6054 3700 6054 3705 6054 3706 6055 3700 6055 3699 6055 3700 6056 3701 6056 3705 6056 3706 6057 3701 6057 3700 6057 3701 6058 3702 6058 3705 6058 3706 6059 3702 6059 3701 6059 3702 6060 3703 6060 3705 6060 3706 6061 3703 6061 3702 6061 3703 6062 3704 6062 3705 6062 3706 6063 3704 6063 3703 6063 3704 6064 3696 6064 3705 6064 3706 6065 3696 6065 3704 6065 3707 6066 3708 6066 3716 6066 3717 6067 3708 6067 3707 6067 3708 6068 3709 6068 3716 6068 3717 6069 3709 6069 3708 6069 3709 6070 3710 6070 3716 6070 3717 6071 3710 6071 3709 6071 3710 6072 3711 6072 3716 6072 3717 6073 3711 6073 3710 6073 3711 6074 3712 6074 3716 6074 3717 6075 3712 6075 3711 6075 3712 6076 3713 6076 3716 6076 3717 6077 3713 6077 3712 6077 3713 6078 3714 6078 3716 6078 3717 6079 3714 6079 3713 6079 3714 6080 3715 6080 3716 6080 3717 6081 3715 6081 3714 6081 3715 6082 3707 6082 3716 6082 3717 6083 3707 6083 3715 6083 3718 6084 3719 6084 3727 6084 3728 6085 3719 6085 3718 6085 3719 6086 3720 6086 3727 6086 3728 6087 3720 6087 3719 6087 3720 6088 3721 6088 3727 6088 3728 6089 3721 6089 3720 6089 3721 6090 3722 6090 3727 6090 3728 6091 3722 6091 3721 6091 3722 6092 3723 6092 3727 6092 3728 6093 3723 6093 3722 6093 3723 6094 3724 6094 3727 6094 3728 6095 3724 6095 3723 6095 3724 6096 3725 6096 3727 6096 3728 6097 3725 6097 3724 6097 3725 6098 3726 6098 3727 6098 3728 6099 3726 6099 3725 6099 3726 6100 3718 6100 3727 6100 3728 6101 3718 6101 3726 6101 3729 6102 3730 6102 3738 6102 3739 6103 3730 6103 3729 6103 3730 6104 3731 6104 3738 6104 3739 6105 3731 6105 3730 6105 3731 6106 3732 6106 3738 6106 3739 6107 3732 6107 3731 6107 3732 6108 3733 6108 3738 6108 3739 6109 3733 6109 3732 6109 3733 6110 3734 6110 3738 6110 3739 6111 3734 6111 3733 6111 3734 6112 3735 6112 3738 6112 3739 6113 3735 6113 3734 6113 3735 6114 3736 6114 3738 6114 3739 6115 3736 6115 3735 6115 3736 6116 3737 6116 3738 6116 3739 6117 3737 6117 3736 6117 3737 6118 3729 6118 3738 6118 3739 6119 3729 6119 3737 6119 3740 6120 3741 6120 3749 6120 3750 6121 3741 6121 3740 6121 3741 6122 3742 6122 3749 6122 3750 6123 3742 6123 3741 6123 3742 6124 3743 6124 3749 6124 3750 6125 3743 6125 3742 6125 3743 6126 3744 6126 3749 6126 3750 6127 3744 6127 3743 6127 3744 6128 3745 6128 3749 6128 3750 6129 3745 6129 3744 6129 3745 6130 3746 6130 3749 6130 3750 6131 3746 6131 3745 6131 3746 6132 3747 6132 3749 6132 3750 6133 3747 6133 3746 6133 3747 6134 3748 6134 3749 6134 3750 6135 3748 6135 3747 6135 3748 6136 3740 6136 3749 6136 3750 6137 3740 6137 3748 6137 3751 6138 3752 6138 3760 6138 3761 6139 3752 6139 3751 6139 3752 6140 3753 6140 3760 6140 3761 6141 3753 6141 3752 6141 3753 6142 3754 6142 3760 6142 3761 6143 3754 6143 3753 6143 3754 6144 3755 6144 3760 6144 3761 6145 3755 6145 3754 6145 3755 6146 3756 6146 3760 6146 3761 6147 3756 6147 3755 6147 3756 6148 3757 6148 3760 6148 3761 6149 3757 6149 3756 6149 3757 6150 3758 6150 3760 6150 3761 6151 3758 6151 3757 6151 3758 6152 3759 6152 3760 6152 3761 6153 3759 6153 3758 6153 3759 6154 3751 6154 3760 6154 3761 6155 3751 6155 3759 6155 3762 6156 3763 6156 3771 6156 3772 6157 3763 6157 3762 6157 3763 6158 3764 6158 3771 6158 3772 6159 3764 6159 3763 6159 3764 6160 3765 6160 3771 6160 3772 6161 3765 6161 3764 6161 3765 6162 3766 6162 3771 6162 3772 6163 3766 6163 3765 6163 3766 6164 3767 6164 3771 6164 3772 6165 3767 6165 3766 6165 3767 6166 3768 6166 3771 6166 3772 6167 3768 6167 3767 6167 3768 6168 3769 6168 3771 6168 3772 6169 3769 6169 3768 6169 3769 6170 3770 6170 3771 6170 3772 6171 3770 6171 3769 6171 3770 6172 3762 6172 3771 6172 3772 6173 3762 6173 3770 6173 3773 6174 3774 6174 3782 6174 3783 6175 3774 6175 3773 6175 3774 6176 3775 6176 3782 6176 3783 6177 3775 6177 3774 6177 3775 6178 3776 6178 3782 6178 3783 6179 3776 6179 3775 6179 3776 6180 3777 6180 3782 6180 3783 6181 3777 6181 3776 6181 3777 6182 3778 6182 3782 6182 3783 6183 3778 6183 3777 6183 3778 6184 3779 6184 3782 6184 3783 6185 3779 6185 3778 6185 3779 6186 3780 6186 3782 6186 3783 6187 3780 6187 3779 6187 3780 6188 3781 6188 3782 6188 3783 6189 3781 6189 3780 6189 3781 6190 3773 6190 3782 6190 3783 6191 3773 6191 3781 6191 3784 6192 3785 6192 3793 6192 3794 6193 3785 6193 3784 6193 3785 6194 3786 6194 3793 6194 3794 6195 3786 6195 3785 6195 3786 6196 3787 6196 3793 6196 3794 6197 3787 6197 3786 6197 3787 6198 3788 6198 3793 6198 3794 6199 3788 6199 3787 6199 3788 6200 3789 6200 3793 6200 3794 6201 3789 6201 3788 6201 3789 6202 3790 6202 3793 6202 3794 6203 3790 6203 3789 6203 3790 6204 3791 6204 3793 6204 3794 6205 3791 6205 3790 6205 3791 6206 3792 6206 3793 6206 3794 6207 3792 6207 3791 6207 3792 6208 3784 6208 3793 6208 3794 6209 3784 6209 3792 6209 3795 6210 3796 6210 3804 6210 3805 6211 3796 6211 3795 6211 3796 6212 3797 6212 3804 6212 3805 6213 3797 6213 3796 6213 3797 6214 3798 6214 3804 6214 3805 6215 3798 6215 3797 6215 3798 6216 3799 6216 3804 6216 3805 6217 3799 6217 3798 6217 3799 6218 3800 6218 3804 6218 3805 6219 3800 6219 3799 6219 3800 6220 3801 6220 3804 6220 3805 6221 3801 6221 3800 6221 3801 6222 3802 6222 3804 6222 3805 6223 3802 6223 3801 6223 3802 6224 3803 6224 3804 6224 3805 6225 3803 6225 3802 6225 3803 6226 3795 6226 3804 6226 3805 6227 3795 6227 3803 6227 3806 6228 3807 6228 3815 6228 3816 6229 3807 6229 3806 6229 3807 6230 3808 6230 3815 6230 3816 6231 3808 6231 3807 6231 3808 6232 3809 6232 3815 6232 3816 6233 3809 6233 3808 6233 3809 6234 3810 6234 3815 6234 3816 6235 3810 6235 3809 6235 3810 6236 3811 6236 3815 6236 3816 6237 3811 6237 3810 6237 3811 6238 3812 6238 3815 6238 3816 6239 3812 6239 3811 6239 3812 6240 3813 6240 3815 6240 3816 6241 3813 6241 3812 6241 3813 6242 3814 6242 3815 6242 3816 6243 3814 6243 3813 6243 3814 6244 3806 6244 3815 6244 3816 6245 3806 6245 3814 6245 3817 6246 3818 6246 3826 6246 3827 6247 3818 6247 3817 6247 3818 6248 3819 6248 3826 6248 3827 6249 3819 6249 3818 6249 3819 6250 3820 6250 3826 6250 3827 6251 3820 6251 3819 6251 3820 6252 3821 6252 3826 6252 3827 6253 3821 6253 3820 6253 3821 6254 3822 6254 3826 6254 3827 6255 3822 6255 3821 6255 3822 6256 3823 6256 3826 6256 3827 6257 3823 6257 3822 6257 3823 6258 3824 6258 3826 6258 3827 6259 3824 6259 3823 6259 3824 6260 3825 6260 3826 6260 3827 6261 3825 6261 3824 6261 3825 6262 3817 6262 3826 6262 3827 6263 3817 6263 3825 6263 3828 6264 3829 6264 3837 6264 3838 6265 3829 6265 3828 6265 3829 6266 3830 6266 3837 6266 3838 6267 3830 6267 3829 6267 3830 6268 3831 6268 3837 6268 3838 6269 3831 6269 3830 6269 3831 6270 3832 6270 3837 6270 3838 6271 3832 6271 3831 6271 3832 6272 3833 6272 3837 6272 3838 6273 3833 6273 3832 6273 3833 6274 3834 6274 3837 6274 3838 6275 3834 6275 3833 6275 3834 6276 3835 6276 3837 6276 3838 6277 3835 6277 3834 6277 3835 6278 3836 6278 3837 6278 3838 6279 3836 6279 3835 6279 3836 6280 3828 6280 3837 6280 3838 6281 3828 6281 3836 6281 3839 6282 3840 6282 3848 6282 3849 6283 3840 6283 3839 6283 3840 6284 3841 6284 3848 6284 3849 6285 3841 6285 3840 6285 3841 6286 3842 6286 3848 6286 3849 6287 3842 6287 3841 6287 3842 6288 3843 6288 3848 6288 3849 6289 3843 6289 3842 6289 3843 6290 3844 6290 3848 6290 3849 6291 3844 6291 3843 6291 3844 6292 3845 6292 3848 6292 3849 6293 3845 6293 3844 6293 3845 6294 3846 6294 3848 6294 3849 6295 3846 6295 3845 6295 3846 6296 3847 6296 3848 6296 3849 6297 3847 6297 3846 6297 3847 6298 3839 6298 3848 6298 3849 6299 3839 6299 3847 6299 3850 6300 3851 6300 3859 6300 3860 6301 3851 6301 3850 6301 3851 6302 3852 6302 3859 6302 3860 6303 3852 6303 3851 6303 3852 6304 3853 6304 3859 6304 3860 6305 3853 6305 3852 6305 3853 6306 3854 6306 3859 6306 3860 6307 3854 6307 3853 6307 3854 6308 3855 6308 3859 6308 3860 6309 3855 6309 3854 6309 3855 6310 3856 6310 3859 6310 3860 6311 3856 6311 3855 6311 3856 6312 3857 6312 3859 6312 3860 6313 3857 6313 3856 6313 3857 6314 3858 6314 3859 6314 3860 6315 3858 6315 3857 6315 3858 6316 3850 6316 3859 6316 3860 6317 3850 6317 3858 6317 3861 6318 3862 6318 3870 6318 3871 6319 3862 6319 3861 6319 3862 6320 3863 6320 3870 6320 3871 6321 3863 6321 3862 6321 3863 6322 3864 6322 3870 6322 3871 6323 3864 6323 3863 6323 3864 6324 3865 6324 3870 6324 3871 6325 3865 6325 3864 6325 3865 6326 3866 6326 3870 6326 3871 6327 3866 6327 3865 6327 3866 6328 3867 6328 3870 6328 3871 6329 3867 6329 3866 6329 3867 6330 3868 6330 3870 6330 3871 6331 3868 6331 3867 6331 3868 6332 3869 6332 3870 6332 3871 6333 3869 6333 3868 6333 3869 6334 3861 6334 3870 6334 3871 6335 3861 6335 3869 6335 3872 6336 3873 6336 3881 6336 3882 6337 3873 6337 3872 6337 3873 6338 3874 6338 3881 6338 3882 6339 3874 6339 3873 6339 3874 6340 3875 6340 3881 6340 3882 6341 3875 6341 3874 6341 3875 6342 3876 6342 3881 6342 3882 6343 3876 6343 3875 6343 3876 6344 3877 6344 3881 6344 3882 6345 3877 6345 3876 6345 3877 6346 3878 6346 3881 6346 3882 6347 3878 6347 3877 6347 3878 6348 3879 6348 3881 6348 3882 6349 3879 6349 3878 6349 3879 6350 3880 6350 3881 6350 3882 6351 3880 6351 3879 6351 3880 6352 3872 6352 3881 6352 3882 6353 3872 6353 3880 6353 3883 6354 3884 6354 3892 6354 3893 6355 3884 6355 3883 6355 3884 6356 3885 6356 3892 6356 3893 6357 3885 6357 3884 6357 3885 6358 3886 6358 3892 6358 3893 6359 3886 6359 3885 6359 3886 6360 3887 6360 3892 6360 3893 6361 3887 6361 3886 6361 3887 6362 3888 6362 3892 6362 3893 6363 3888 6363 3887 6363 3888 6364 3889 6364 3892 6364 3893 6365 3889 6365 3888 6365 3889 6366 3890 6366 3892 6366 3893 6367 3890 6367 3889 6367 3890 6368 3891 6368 3892 6368 3893 6369 3891 6369 3890 6369 3891 6370 3883 6370 3892 6370 3893 6371 3883 6371 3891 6371 3894 6372 3895 6372 3903 6372 3904 6373 3895 6373 3894 6373 3895 6374 3896 6374 3903 6374 3904 6375 3896 6375 3895 6375 3896 6376 3897 6376 3903 6376 3904 6377 3897 6377 3896 6377 3897 6378 3898 6378 3903 6378 3904 6379 3898 6379 3897 6379 3898 6380 3899 6380 3903 6380 3904 6381 3899 6381 3898 6381 3899 6382 3900 6382 3903 6382 3904 6383 3900 6383 3899 6383 3900 6384 3901 6384 3903 6384 3904 6385 3901 6385 3900 6385 3901 6386 3902 6386 3903 6386 3904 6387 3902 6387 3901 6387 3902 6388 3894 6388 3903 6388 3904 6389 3894 6389 3902 6389 3905 6390 3906 6390 3914 6390 3915 6391 3906 6391 3905 6391 3906 6392 3907 6392 3914 6392 3915 6393 3907 6393 3906 6393 3907 6394 3908 6394 3914 6394 3915 6395 3908 6395 3907 6395 3908 6396 3909 6396 3914 6396 3915 6397 3909 6397 3908 6397 3909 6398 3910 6398 3914 6398 3915 6399 3910 6399 3909 6399 3910 6400 3911 6400 3914 6400 3915 6401 3911 6401 3910 6401 3911 6402 3912 6402 3914 6402 3915 6403 3912 6403 3911 6403 3912 6404 3913 6404 3914 6404 3915 6405 3913 6405 3912 6405 3913 6406 3905 6406 3914 6406 3915 6407 3905 6407 3913 6407 3916 6408 3917 6408 3925 6408 3926 6409 3917 6409 3916 6409 3917 6410 3918 6410 3925 6410 3926 6411 3918 6411 3917 6411 3918 6412 3919 6412 3925 6412 3926 6413 3919 6413 3918 6413 3919 6414 3920 6414 3925 6414 3926 6415 3920 6415 3919 6415 3920 6416 3921 6416 3925 6416 3926 6417 3921 6417 3920 6417 3921 6418 3922 6418 3925 6418 3926 6419 3922 6419 3921 6419 3922 6420 3923 6420 3925 6420 3926 6421 3923 6421 3922 6421 3923 6422 3924 6422 3925 6422 3926 6423 3924 6423 3923 6423 3924 6424 3916 6424 3925 6424 3926 6425 3916 6425 3924 6425 3927 6426 3928 6426 3936 6426 3937 6427 3928 6427 3927 6427 3928 6428 3929 6428 3936 6428 3937 6429 3929 6429 3928 6429 3929 6430 3930 6430 3936 6430 3937 6431 3930 6431 3929 6431 3930 6432 3931 6432 3936 6432 3937 6433 3931 6433 3930 6433 3931 6434 3932 6434 3936 6434 3937 6435 3932 6435 3931 6435 3932 6436 3933 6436 3936 6436 3937 6437 3933 6437 3932 6437 3933 6438 3934 6438 3936 6438 3937 6439 3934 6439 3933 6439 3934 6440 3935 6440 3936 6440 3937 6441 3935 6441 3934 6441 3935 6442 3927 6442 3936 6442 3937 6443 3927 6443 3935 6443 3938 6444 3939 6444 3947 6444 3948 6445 3939 6445 3938 6445 3939 6446 3940 6446 3947 6446 3948 6447 3940 6447 3939 6447 3940 6448 3941 6448 3947 6448 3948 6449 3941 6449 3940 6449 3941 6450 3942 6450 3947 6450 3948 6451 3942 6451 3941 6451 3942 6452 3943 6452 3947 6452 3948 6453 3943 6453 3942 6453 3943 6454 3944 6454 3947 6454 3948 6455 3944 6455 3943 6455 3944 6456 3945 6456 3947 6456 3948 6457 3945 6457 3944 6457 3945 6458 3946 6458 3947 6458 3948 6459 3946 6459 3945 6459 3946 6460 3938 6460 3947 6460 3948 6461 3938 6461 3946 6461 3949 6462 3950 6462 3958 6462 3959 6463 3950 6463 3949 6463 3950 6464 3951 6464 3958 6464 3959 6465 3951 6465 3950 6465 3951 6466 3952 6466 3958 6466 3959 6467 3952 6467 3951 6467 3952 6468 3953 6468 3958 6468 3959 6469 3953 6469 3952 6469 3953 6470 3954 6470 3958 6470 3959 6471 3954 6471 3953 6471 3954 6472 3955 6472 3958 6472 3959 6473 3955 6473 3954 6473 3955 6474 3956 6474 3958 6474 3959 6475 3956 6475 3955 6475 3956 6476 3957 6476 3958 6476 3959 6477 3957 6477 3956 6477 3957 6478 3949 6478 3958 6478 3959 6479 3949 6479 3957 6479 3960 6480 3961 6480 3969 6480 3970 6481 3961 6481 3960 6481 3961 6482 3962 6482 3969 6482 3970 6483 3962 6483 3961 6483 3962 6484 3963 6484 3969 6484 3970 6485 3963 6485 3962 6485 3963 6486 3964 6486 3969 6486 3970 6487 3964 6487 3963 6487 3964 6488 3965 6488 3969 6488 3970 6489 3965 6489 3964 6489 3965 6490 3966 6490 3969 6490 3970 6491 3966 6491 3965 6491 3966 6492 3967 6492 3969 6492 3970 6493 3967 6493 3966 6493 3967 6494 3968 6494 3969 6494 3970 6495 3968 6495 3967 6495 3968 6496 3960 6496 3969 6496 3970 6497 3960 6497 3968 6497 3971 6498 3972 6498 3980 6498 3981 6499 3972 6499 3971 6499 3972 6500 3973 6500 3980 6500 3981 6501 3973 6501 3972 6501 3973 6502 3974 6502 3980 6502 3981 6503 3974 6503 3973 6503 3974 6504 3975 6504 3980 6504 3981 6505 3975 6505 3974 6505 3975 6506 3976 6506 3980 6506 3981 6507 3976 6507 3975 6507 3976 6508 3977 6508 3980 6508 3981 6509 3977 6509 3976 6509 3977 6510 3978 6510 3980 6510 3981 6511 3978 6511 3977 6511 3978 6512 3979 6512 3980 6512 3981 6513 3979 6513 3978 6513 3979 6514 3971 6514 3980 6514 3981 6515 3971 6515 3979 6515 3982 6516 3983 6516 3991 6516 3992 6517 3983 6517 3982 6517 3983 6518 3984 6518 3991 6518 3992 6519 3984 6519 3983 6519 3984 6520 3985 6520 3991 6520 3992 6521 3985 6521 3984 6521 3985 6522 3986 6522 3991 6522 3992 6523 3986 6523 3985 6523 3986 6524 3987 6524 3991 6524 3992 6525 3987 6525 3986 6525 3987 6526 3988 6526 3991 6526 3992 6527 3988 6527 3987 6527 3988 6528 3989 6528 3991 6528 3992 6529 3989 6529 3988 6529 3989 6530 3990 6530 3991 6530 3992 6531 3990 6531 3989 6531 3990 6532 3982 6532 3991 6532 3992 6533 3982 6533 3990 6533 3993 6534 3994 6534 4002 6534 4003 6535 3994 6535 3993 6535 3994 6536 3995 6536 4002 6536 4003 6537 3995 6537 3994 6537 3995 6538 3996 6538 4002 6538 4003 6539 3996 6539 3995 6539 3996 6540 3997 6540 4002 6540 4003 6541 3997 6541 3996 6541 3997 6542 3998 6542 4002 6542 4003 6543 3998 6543 3997 6543 3998 6544 3999 6544 4002 6544 4003 6545 3999 6545 3998 6545 3999 6546 4000 6546 4002 6546 4003 6547 4000 6547 3999 6547 4000 6548 4001 6548 4002 6548 4003 6549 4001 6549 4000 6549 4001 6550 3993 6550 4002 6550 4003 6551 3993 6551 4001 6551 4004 6552 4005 6552 4013 6552 4014 6553 4005 6553 4004 6553 4005 6554 4006 6554 4013 6554 4014 6555 4006 6555 4005 6555 4006 6556 4007 6556 4013 6556 4014 6557 4007 6557 4006 6557 4007 6558 4008 6558 4013 6558 4014 6559 4008 6559 4007 6559 4008 6560 4009 6560 4013 6560 4014 6561 4009 6561 4008 6561 4009 6562 4010 6562 4013 6562 4014 6563 4010 6563 4009 6563 4010 6564 4011 6564 4013 6564 4014 6565 4011 6565 4010 6565 4011 6566 4012 6566 4013 6566 4014 6567 4012 6567 4011 6567 4012 6568 4004 6568 4013 6568 4014 6569 4004 6569 4012 6569 4015 6570 4016 6570 4024 6570 4025 6571 4016 6571 4015 6571 4016 6572 4017 6572 4024 6572 4025 6573 4017 6573 4016 6573 4017 6574 4018 6574 4024 6574 4025 6575 4018 6575 4017 6575 4018 6576 4019 6576 4024 6576 4025 6577 4019 6577 4018 6577 4019 6578 4020 6578 4024 6578 4025 6579 4020 6579 4019 6579 4020 6580 4021 6580 4024 6580 4025 6581 4021 6581 4020 6581 4021 6582 4022 6582 4024 6582 4025 6583 4022 6583 4021 6583 4022 6584 4023 6584 4024 6584 4025 6585 4023 6585 4022 6585 4023 6586 4015 6586 4024 6586 4025 6587 4015 6587 4023 6587 4026 6588 4027 6588 4035 6588 4036 6589 4027 6589 4026 6589 4027 6590 4028 6590 4035 6590 4036 6591 4028 6591 4027 6591 4028 6592 4029 6592 4035 6592 4036 6593 4029 6593 4028 6593 4029 6594 4030 6594 4035 6594 4036 6595 4030 6595 4029 6595 4030 6596 4031 6596 4035 6596 4036 6597 4031 6597 4030 6597 4031 6598 4032 6598 4035 6598 4036 6599 4032 6599 4031 6599 4032 6600 4033 6600 4035 6600 4036 6601 4033 6601 4032 6601 4033 6602 4034 6602 4035 6602 4036 6603 4034 6603 4033 6603 4034 6604 4026 6604 4035 6604 4036 6605 4026 6605 4034 6605 4037 6606 4038 6606 4046 6606 4047 6607 4038 6607 4037 6607 4038 6608 4039 6608 4046 6608 4047 6609 4039 6609 4038 6609 4039 6610 4040 6610 4046 6610 4047 6611 4040 6611 4039 6611 4040 6612 4041 6612 4046 6612 4047 6613 4041 6613 4040 6613 4041 6614 4042 6614 4046 6614 4047 6615 4042 6615 4041 6615 4042 6616 4043 6616 4046 6616 4047 6617 4043 6617 4042 6617 4043 6618 4044 6618 4046 6618 4047 6619 4044 6619 4043 6619 4044 6620 4045 6620 4046 6620 4047 6621 4045 6621 4044 6621 4045 6622 4037 6622 4046 6622 4047 6623 4037 6623 4045 6623 4048 6624 4049 6624 4057 6624 4058 6625 4049 6625 4048 6625 4049 6626 4050 6626 4057 6626 4058 6627 4050 6627 4049 6627 4050 6628 4051 6628 4057 6628 4058 6629 4051 6629 4050 6629 4051 6630 4052 6630 4057 6630 4058 6631 4052 6631 4051 6631 4052 6632 4053 6632 4057 6632 4058 6633 4053 6633 4052 6633 4053 6634 4054 6634 4057 6634 4058 6635 4054 6635 4053 6635 4054 6636 4055 6636 4057 6636 4058 6637 4055 6637 4054 6637 4055 6638 4056 6638 4057 6638 4058 6639 4056 6639 4055 6639 4056 6640 4048 6640 4057 6640 4058 6641 4048 6641 4056 6641 4059 6642 4060 6642 4068 6642 4069 6643 4060 6643 4059 6643 4060 6644 4061 6644 4068 6644 4069 6645 4061 6645 4060 6645 4061 6646 4062 6646 4068 6646 4069 6647 4062 6647 4061 6647 4062 6648 4063 6648 4068 6648 4069 6649 4063 6649 4062 6649 4063 6650 4064 6650 4068 6650 4069 6651 4064 6651 4063 6651 4064 6652 4065 6652 4068 6652 4069 6653 4065 6653 4064 6653 4065 6654 4066 6654 4068 6654 4069 6655 4066 6655 4065 6655 4066 6656 4067 6656 4068 6656 4069 6657 4067 6657 4066 6657 4067 6658 4059 6658 4068 6658 4069 6659 4059 6659 4067 6659 4070 6660 4071 6660 4079 6660 4080 6661 4071 6661 4070 6661 4071 6662 4072 6662 4079 6662 4080 6663 4072 6663 4071 6663 4072 6664 4073 6664 4079 6664 4080 6665 4073 6665 4072 6665 4073 6666 4074 6666 4079 6666 4080 6667 4074 6667 4073 6667 4074 6668 4075 6668 4079 6668 4080 6669 4075 6669 4074 6669 4075 6670 4076 6670 4079 6670 4080 6671 4076 6671 4075 6671 4076 6672 4077 6672 4079 6672 4080 6673 4077 6673 4076 6673 4077 6674 4078 6674 4079 6674 4080 6675 4078 6675 4077 6675 4078 6676 4070 6676 4079 6676 4080 6677 4070 6677 4078 6677 4081 6678 4082 6678 4090 6678 4091 6679 4082 6679 4081 6679 4082 6680 4083 6680 4090 6680 4091 6681 4083 6681 4082 6681 4083 6682 4084 6682 4090 6682 4091 6683 4084 6683 4083 6683 4084 6684 4085 6684 4090 6684 4091 6685 4085 6685 4084 6685 4085 6686 4086 6686 4090 6686 4091 6687 4086 6687 4085 6687 4086 6688 4087 6688 4090 6688 4091 6689 4087 6689 4086 6689 4087 6690 4088 6690 4090 6690 4091 6691 4088 6691 4087 6691 4088 6692 4089 6692 4090 6692 4091 6693 4089 6693 4088 6693 4089 6694 4081 6694 4090 6694 4091 6695 4081 6695 4089 6695 4092 6696 4093 6696 4101 6696 4102 6697 4093 6697 4092 6697 4093 6698 4094 6698 4101 6698 4102 6699 4094 6699 4093 6699 4094 6700 4095 6700 4101 6700 4102 6701 4095 6701 4094 6701 4095 6702 4096 6702 4101 6702 4102 6703 4096 6703 4095 6703 4096 6704 4097 6704 4101 6704 4102 6705 4097 6705 4096 6705 4097 6706 4098 6706 4101 6706 4102 6707 4098 6707 4097 6707 4098 6708 4099 6708 4101 6708 4102 6709 4099 6709 4098 6709 4099 6710 4100 6710 4101 6710 4102 6711 4100 6711 4099 6711 4100 6712 4092 6712 4101 6712 4102 6713 4092 6713 4100 6713 4103 6714 4104 6714 4112 6714 4113 6715 4104 6715 4103 6715 4104 6716 4105 6716 4112 6716 4113 6717 4105 6717 4104 6717 4105 6718 4106 6718 4112 6718 4113 6719 4106 6719 4105 6719 4106 6720 4107 6720 4112 6720 4113 6721 4107 6721 4106 6721 4107 6722 4108 6722 4112 6722 4113 6723 4108 6723 4107 6723 4108 6724 4109 6724 4112 6724 4113 6725 4109 6725 4108 6725 4109 6726 4110 6726 4112 6726 4113 6727 4110 6727 4109 6727 4110 6728 4111 6728 4112 6728 4113 6729 4111 6729 4110 6729 4111 6730 4103 6730 4112 6730 4113 6731 4103 6731 4111 6731 4114 6732 4115 6732 4123 6732 4124 6733 4115 6733 4114 6733 4115 6734 4116 6734 4123 6734 4124 6735 4116 6735 4115 6735 4116 6736 4117 6736 4123 6736 4124 6737 4117 6737 4116 6737 4117 6738 4118 6738 4123 6738 4124 6739 4118 6739 4117 6739 4118 6740 4119 6740 4123 6740 4124 6741 4119 6741 4118 6741 4119 6742 4120 6742 4123 6742 4124 6743 4120 6743 4119 6743 4120 6744 4121 6744 4123 6744 4124 6745 4121 6745 4120 6745 4121 6746 4122 6746 4123 6746 4124 6747 4122 6747 4121 6747 4122 6748 4114 6748 4123 6748 4124 6749 4114 6749 4122 6749 4125 6750 4126 6750 4134 6750 4135 6751 4126 6751 4125 6751 4126 6752 4127 6752 4134 6752 4135 6753 4127 6753 4126 6753 4127 6754 4128 6754 4134 6754 4135 6755 4128 6755 4127 6755 4128 6756 4129 6756 4134 6756 4135 6757 4129 6757 4128 6757 4129 6758 4130 6758 4134 6758 4135 6759 4130 6759 4129 6759 4130 6760 4131 6760 4134 6760 4135 6761 4131 6761 4130 6761 4131 6762 4132 6762 4134 6762 4135 6763 4132 6763 4131 6763 4132 6764 4133 6764 4134 6764 4135 6765 4133 6765 4132 6765 4133 6766 4125 6766 4134 6766 4135 6767 4125 6767 4133 6767 4136 6768 4137 6768 4145 6768 4146 6769 4137 6769 4136 6769 4137 6770 4138 6770 4145 6770 4146 6771 4138 6771 4137 6771 4138 6772 4139 6772 4145 6772 4146 6773 4139 6773 4138 6773 4139 6774 4140 6774 4145 6774 4146 6775 4140 6775 4139 6775 4140 6776 4141 6776 4145 6776 4146 6777 4141 6777 4140 6777 4141 6778 4142 6778 4145 6778 4146 6779 4142 6779 4141 6779 4142 6780 4143 6780 4145 6780 4146 6781 4143 6781 4142 6781 4143 6782 4144 6782 4145 6782 4146 6783 4144 6783 4143 6783 4144 6784 4136 6784 4145 6784 4146 6785 4136 6785 4144 6785 4147 6786 4148 6786 4156 6786 4157 6787 4148 6787 4147 6787 4148 6788 4149 6788 4156 6788 4157 6789 4149 6789 4148 6789 4149 6790 4150 6790 4156 6790 4157 6791 4150 6791 4149 6791 4150 6792 4151 6792 4156 6792 4157 6793 4151 6793 4150 6793 4151 6794 4152 6794 4156 6794 4157 6795 4152 6795 4151 6795 4152 6796 4153 6796 4156 6796 4157 6797 4153 6797 4152 6797 4153 6798 4154 6798 4156 6798 4157 6799 4154 6799 4153 6799 4154 6800 4155 6800 4156 6800 4157 6801 4155 6801 4154 6801 4155 6802 4147 6802 4156 6802 4157 6803 4147 6803 4155 6803 4158 6804 4159 6804 4167 6804 4168 6805 4159 6805 4158 6805 4159 6806 4160 6806 4167 6806 4168 6807 4160 6807 4159 6807 4160 6808 4161 6808 4167 6808 4168 6809 4161 6809 4160 6809 4161 6810 4162 6810 4167 6810 4168 6811 4162 6811 4161 6811 4162 6812 4163 6812 4167 6812 4168 6813 4163 6813 4162 6813 4163 6814 4164 6814 4167 6814 4168 6815 4164 6815 4163 6815 4164 6816 4165 6816 4167 6816 4168 6817 4165 6817 4164 6817 4165 6818 4166 6818 4167 6818 4168 6819 4166 6819 4165 6819 4166 6820 4158 6820 4167 6820 4168 6821 4158 6821 4166 6821 4169 6822 4170 6822 4178 6822 4179 6823 4170 6823 4169 6823 4170 6824 4171 6824 4178 6824 4179 6825 4171 6825 4170 6825 4171 6826 4172 6826 4178 6826 4179 6827 4172 6827 4171 6827 4172 6828 4173 6828 4178 6828 4179 6829 4173 6829 4172 6829 4173 6830 4174 6830 4178 6830 4179 6831 4174 6831 4173 6831 4174 6832 4175 6832 4178 6832 4179 6833 4175 6833 4174 6833 4175 6834 4176 6834 4178 6834 4179 6835 4176 6835 4175 6835 4176 6836 4177 6836 4178 6836 4179 6837 4177 6837 4176 6837 4177 6838 4169 6838 4178 6838 4179 6839 4169 6839 4177 6839 4180 6840 4181 6840 4189 6840 4190 6841 4181 6841 4180 6841 4181 6842 4182 6842 4189 6842 4190 6843 4182 6843 4181 6843 4182 6844 4183 6844 4189 6844 4190 6845 4183 6845 4182 6845 4183 6846 4184 6846 4189 6846 4190 6847 4184 6847 4183 6847 4184 6848 4185 6848 4189 6848 4190 6849 4185 6849 4184 6849 4185 6850 4186 6850 4189 6850 4190 6851 4186 6851 4185 6851 4186 6852 4187 6852 4189 6852 4190 6853 4187 6853 4186 6853 4187 6854 4188 6854 4189 6854 4190 6855 4188 6855 4187 6855 4188 6856 4180 6856 4189 6856 4190 6857 4180 6857 4188 6857 4191 6858 4192 6858 4200 6858 4201 6859 4192 6859 4191 6859 4192 6860 4193 6860 4200 6860 4201 6861 4193 6861 4192 6861 4193 6862 4194 6862 4200 6862 4201 6863 4194 6863 4193 6863 4194 6864 4195 6864 4200 6864 4201 6865 4195 6865 4194 6865 4195 6866 4196 6866 4200 6866 4201 6867 4196 6867 4195 6867 4196 6868 4197 6868 4200 6868 4201 6869 4197 6869 4196 6869 4197 6870 4198 6870 4200 6870 4201 6871 4198 6871 4197 6871 4198 6872 4199 6872 4200 6872 4201 6873 4199 6873 4198 6873 4199 6874 4191 6874 4200 6874 4201 6875 4191 6875 4199 6875 4202 6876 4203 6876 4211 6876 4212 6877 4203 6877 4202 6877 4203 6878 4204 6878 4211 6878 4212 6879 4204 6879 4203 6879 4204 6880 4205 6880 4211 6880 4212 6881 4205 6881 4204 6881 4205 6882 4206 6882 4211 6882 4212 6883 4206 6883 4205 6883 4206 6884 4207 6884 4211 6884 4212 6885 4207 6885 4206 6885 4207 6886 4208 6886 4211 6886 4212 6887 4208 6887 4207 6887 4208 6888 4209 6888 4211 6888 4212 6889 4209 6889 4208 6889 4209 6890 4210 6890 4211 6890 4212 6891 4210 6891 4209 6891 4210 6892 4202 6892 4211 6892 4212 6893 4202 6893 4210 6893 4213 6894 4214 6894 4222 6894 4223 6895 4214 6895 4213 6895 4214 6896 4215 6896 4222 6896 4223 6897 4215 6897 4214 6897 4215 6898 4216 6898 4222 6898 4223 6899 4216 6899 4215 6899 4216 6900 4217 6900 4222 6900 4223 6901 4217 6901 4216 6901 4217 6902 4218 6902 4222 6902 4223 6903 4218 6903 4217 6903 4218 6904 4219 6904 4222 6904 4223 6905 4219 6905 4218 6905 4219 6906 4220 6906 4222 6906 4223 6907 4220 6907 4219 6907 4220 6908 4221 6908 4222 6908 4223 6909 4221 6909 4220 6909 4221 6910 4213 6910 4222 6910 4223 6911 4213 6911 4221 6911 4224 6912 4225 6912 4233 6912 4234 6913 4225 6913 4224 6913 4225 6914 4226 6914 4233 6914 4234 6915 4226 6915 4225 6915 4226 6916 4227 6916 4233 6916 4234 6917 4227 6917 4226 6917 4227 6918 4228 6918 4233 6918 4234 6919 4228 6919 4227 6919 4228 6920 4229 6920 4233 6920 4234 6921 4229 6921 4228 6921 4229 6922 4230 6922 4233 6922 4234 6923 4230 6923 4229 6923 4230 6924 4231 6924 4233 6924 4234 6925 4231 6925 4230 6925 4231 6926 4232 6926 4233 6926 4234 6927 4232 6927 4231 6927 4232 6928 4224 6928 4233 6928 4234 6929 4224 6929 4232 6929 4235 6930 4236 6930 4244 6930 4245 6931 4236 6931 4235 6931 4236 6932 4237 6932 4244 6932 4245 6933 4237 6933 4236 6933 4237 6934 4238 6934 4244 6934 4245 6935 4238 6935 4237 6935 4238 6936 4239 6936 4244 6936 4245 6937 4239 6937 4238 6937 4239 6938 4240 6938 4244 6938 4245 6939 4240 6939 4239 6939 4240 6940 4241 6940 4244 6940 4245 6941 4241 6941 4240 6941 4241 6942 4242 6942 4244 6942 4245 6943 4242 6943 4241 6943 4242 6944 4243 6944 4244 6944 4245 6945 4243 6945 4242 6945 4243 6946 4235 6946 4244 6946 4245 6947 4235 6947 4243 6947 4246 6948 4247 6948 4255 6948 4256 6949 4247 6949 4246 6949 4247 6950 4248 6950 4255 6950 4256 6951 4248 6951 4247 6951 4248 6952 4249 6952 4255 6952 4256 6953 4249 6953 4248 6953 4249 6954 4250 6954 4255 6954 4256 6955 4250 6955 4249 6955 4250 6956 4251 6956 4255 6956 4256 6957 4251 6957 4250 6957 4251 6958 4252 6958 4255 6958 4256 6959 4252 6959 4251 6959 4252 6960 4253 6960 4255 6960 4256 6961 4253 6961 4252 6961 4253 6962 4254 6962 4255 6962 4256 6963 4254 6963 4253 6963 4254 6964 4246 6964 4255 6964 4256 6965 4246 6965 4254 6965 4257 6966 4258 6966 4266 6966 4267 6967 4258 6967 4257 6967 4258 6968 4259 6968 4266 6968 4267 6969 4259 6969 4258 6969 4259 6970 4260 6970 4266 6970 4267 6971 4260 6971 4259 6971 4260 6972 4261 6972 4266 6972 4267 6973 4261 6973 4260 6973 4261 6974 4262 6974 4266 6974 4267 6975 4262 6975 4261 6975 4262 6976 4263 6976 4266 6976 4267 6977 4263 6977 4262 6977 4263 6978 4264 6978 4266 6978 4267 6979 4264 6979 4263 6979 4264 6980 4265 6980 4266 6980 4267 6981 4265 6981 4264 6981 4265 6982 4257 6982 4266 6982 4267 6983 4257 6983 4265 6983 4268 6984 4269 6984 4277 6984 4278 6985 4269 6985 4268 6985 4269 6986 4270 6986 4277 6986 4278 6987 4270 6987 4269 6987 4270 6988 4271 6988 4277 6988 4278 6989 4271 6989 4270 6989 4271 6990 4272 6990 4277 6990 4278 6991 4272 6991 4271 6991 4272 6992 4273 6992 4277 6992 4278 6993 4273 6993 4272 6993 4273 6994 4274 6994 4277 6994 4278 6995 4274 6995 4273 6995 4274 6996 4275 6996 4277 6996 4278 6997 4275 6997 4274 6997 4275 6998 4276 6998 4277 6998 4278 6999 4276 6999 4275 6999 4276 7000 4268 7000 4277 7000 4278 7001 4268 7001 4276 7001 4279 7002 4280 7002 4288 7002 4289 7003 4280 7003 4279 7003 4280 7004 4281 7004 4288 7004 4289 7005 4281 7005 4280 7005 4281 7006 4282 7006 4288 7006 4289 7007 4282 7007 4281 7007 4282 7008 4283 7008 4288 7008 4289 7009 4283 7009 4282 7009 4283 7010 4284 7010 4288 7010 4289 7011 4284 7011 4283 7011 4284 7012 4285 7012 4288 7012 4289 7013 4285 7013 4284 7013 4285 7014 4286 7014 4288 7014 4289 7015 4286 7015 4285 7015 4286 7016 4287 7016 4288 7016 4289 7017 4287 7017 4286 7017 4287 7018 4279 7018 4288 7018 4289 7019 4279 7019 4287 7019 4290 7020 4291 7020 4299 7020 4300 7021 4291 7021 4290 7021 4291 7022 4292 7022 4299 7022 4300 7023 4292 7023 4291 7023 4292 7024 4293 7024 4299 7024 4300 7025 4293 7025 4292 7025 4293 7026 4294 7026 4299 7026 4300 7027 4294 7027 4293 7027 4294 7028 4295 7028 4299 7028 4300 7029 4295 7029 4294 7029 4295 7030 4296 7030 4299 7030 4300 7031 4296 7031 4295 7031 4296 7032 4297 7032 4299 7032 4300 7033 4297 7033 4296 7033 4297 7034 4298 7034 4299 7034 4300 7035 4298 7035 4297 7035 4298 7036 4290 7036 4299 7036 4300 7037 4290 7037 4298 7037 4301 7038 4302 7038 4310 7038 4311 7039 4302 7039 4301 7039 4302 7040 4303 7040 4310 7040 4311 7041 4303 7041 4302 7041 4303 7042 4304 7042 4310 7042 4311 7043 4304 7043 4303 7043 4304 7044 4305 7044 4310 7044 4311 7045 4305 7045 4304 7045 4305 7046 4306 7046 4310 7046 4311 7047 4306 7047 4305 7047 4306 7048 4307 7048 4310 7048 4311 7049 4307 7049 4306 7049 4307 7050 4308 7050 4310 7050 4311 7051 4308 7051 4307 7051 4308 7052 4309 7052 4310 7052 4311 7053 4309 7053 4308 7053 4309 7054 4301 7054 4310 7054 4311 7055 4301 7055 4309 7055 4312 7056 4313 7056 4321 7056 4322 7057 4313 7057 4312 7057 4313 7058 4314 7058 4321 7058 4322 7059 4314 7059 4313 7059 4314 7060 4315 7060 4321 7060 4322 7061 4315 7061 4314 7061 4315 7062 4316 7062 4321 7062 4322 7063 4316 7063 4315 7063 4316 7064 4317 7064 4321 7064 4322 7065 4317 7065 4316 7065 4317 7066 4318 7066 4321 7066 4322 7067 4318 7067 4317 7067 4318 7068 4319 7068 4321 7068 4322 7069 4319 7069 4318 7069 4319 7070 4320 7070 4321 7070 4322 7071 4320 7071 4319 7071 4320 7072 4312 7072 4321 7072 4322 7073 4312 7073 4320 7073 4323 7074 4324 7074 4332 7074 4333 7075 4324 7075 4323 7075 4324 7076 4325 7076 4332 7076 4333 7077 4325 7077 4324 7077 4325 7078 4326 7078 4332 7078 4333 7079 4326 7079 4325 7079 4326 7080 4327 7080 4332 7080 4333 7081 4327 7081 4326 7081 4327 7082 4328 7082 4332 7082 4333 7083 4328 7083 4327 7083 4328 7084 4329 7084 4332 7084 4333 7085 4329 7085 4328 7085 4329 7086 4330 7086 4332 7086 4333 7087 4330 7087 4329 7087 4330 7088 4331 7088 4332 7088 4333 7089 4331 7089 4330 7089 4331 7090 4323 7090 4332 7090 4333 7091 4323 7091 4331 7091 4334 7092 4335 7092 4343 7092 4344 7093 4335 7093 4334 7093 4335 7094 4336 7094 4343 7094 4344 7095 4336 7095 4335 7095 4336 7096 4337 7096 4343 7096 4344 7097 4337 7097 4336 7097 4337 7098 4338 7098 4343 7098 4344 7099 4338 7099 4337 7099 4338 7100 4339 7100 4343 7100 4344 7101 4339 7101 4338 7101 4339 7102 4340 7102 4343 7102 4344 7103 4340 7103 4339 7103 4340 7104 4341 7104 4343 7104 4344 7105 4341 7105 4340 7105 4341 7106 4342 7106 4343 7106 4344 7107 4342 7107 4341 7107 4342 7108 4334 7108 4343 7108 4344 7109 4334 7109 4342 7109 4345 7110 4346 7110 4354 7110 4355 7111 4346 7111 4345 7111 4346 7112 4347 7112 4354 7112 4355 7113 4347 7113 4346 7113 4347 7114 4348 7114 4354 7114 4355 7115 4348 7115 4347 7115 4348 7116 4349 7116 4354 7116 4355 7117 4349 7117 4348 7117 4349 7118 4350 7118 4354 7118 4355 7119 4350 7119 4349 7119 4350 7120 4351 7120 4354 7120 4355 7121 4351 7121 4350 7121 4351 7122 4352 7122 4354 7122 4355 7123 4352 7123 4351 7123 4352 7124 4353 7124 4354 7124 4355 7125 4353 7125 4352 7125 4353 7126 4345 7126 4354 7126 4355 7127 4345 7127 4353 7127 4356 7128 4357 7128 4365 7128 4366 7129 4357 7129 4356 7129 4357 7130 4358 7130 4365 7130 4366 7131 4358 7131 4357 7131 4358 7132 4359 7132 4365 7132 4366 7133 4359 7133 4358 7133 4359 7134 4360 7134 4365 7134 4366 7135 4360 7135 4359 7135 4360 7136 4361 7136 4365 7136 4366 7137 4361 7137 4360 7137 4361 7138 4362 7138 4365 7138 4366 7139 4362 7139 4361 7139 4362 7140 4363 7140 4365 7140 4366 7141 4363 7141 4362 7141 4363 7142 4364 7142 4365 7142 4366 7143 4364 7143 4363 7143 4364 7144 4356 7144 4365 7144 4366 7145 4356 7145 4364 7145 4367 7146 4368 7146 4376 7146 4377 7147 4368 7147 4367 7147 4368 7148 4369 7148 4376 7148 4377 7149 4369 7149 4368 7149 4369 7150 4370 7150 4376 7150 4377 7151 4370 7151 4369 7151 4370 7152 4371 7152 4376 7152 4377 7153 4371 7153 4370 7153 4371 7154 4372 7154 4376 7154 4377 7155 4372 7155 4371 7155 4372 7156 4373 7156 4376 7156 4377 7157 4373 7157 4372 7157 4373 7158 4374 7158 4376 7158 4377 7159 4374 7159 4373 7159 4374 7160 4375 7160 4376 7160 4377 7161 4375 7161 4374 7161 4375 7162 4367 7162 4376 7162 4377 7163 4367 7163 4375 7163 4378 7164 4379 7164 4387 7164 4388 7165 4379 7165 4378 7165 4379 7166 4380 7166 4387 7166 4388 7167 4380 7167 4379 7167 4380 7168 4381 7168 4387 7168 4388 7169 4381 7169 4380 7169 4381 7170 4382 7170 4387 7170 4388 7171 4382 7171 4381 7171 4382 7172 4383 7172 4387 7172 4388 7173 4383 7173 4382 7173 4383 7174 4384 7174 4387 7174 4388 7175 4384 7175 4383 7175 4384 7176 4385 7176 4387 7176 4388 7177 4385 7177 4384 7177 4385 7178 4386 7178 4387 7178 4388 7179 4386 7179 4385 7179 4386 7180 4378 7180 4387 7180 4388 7181 4378 7181 4386 7181 4389 7182 4390 7182 4398 7182 4399 7183 4390 7183 4389 7183 4390 7184 4391 7184 4398 7184 4399 7185 4391 7185 4390 7185 4391 7186 4392 7186 4398 7186 4399 7187 4392 7187 4391 7187 4392 7188 4393 7188 4398 7188 4399 7189 4393 7189 4392 7189 4393 7190 4394 7190 4398 7190 4399 7191 4394 7191 4393 7191 4394 7192 4395 7192 4398 7192 4399 7193 4395 7193 4394 7193 4395 7194 4396 7194 4398 7194 4399 7195 4396 7195 4395 7195 4396 7196 4397 7196 4398 7196 4399 7197 4397 7197 4396 7197 4397 7198 4389 7198 4398 7198 4399 7199 4389 7199 4397 7199 4400 7200 4401 7200 4409 7200 4410 7201 4401 7201 4400 7201 4401 7202 4402 7202 4409 7202 4410 7203 4402 7203 4401 7203 4402 7204 4403 7204 4409 7204 4410 7205 4403 7205 4402 7205 4403 7206 4404 7206 4409 7206 4410 7207 4404 7207 4403 7207 4404 7208 4405 7208 4409 7208 4410 7209 4405 7209 4404 7209 4405 7210 4406 7210 4409 7210 4410 7211 4406 7211 4405 7211 4406 7212 4407 7212 4409 7212 4410 7213 4407 7213 4406 7213 4407 7214 4408 7214 4409 7214 4410 7215 4408 7215 4407 7215 4408 7216 4400 7216 4409 7216 4410 7217 4400 7217 4408 7217 4411 7218 4412 7218 4420 7218 4421 7219 4412 7219 4411 7219 4412 7220 4413 7220 4420 7220 4421 7221 4413 7221 4412 7221 4413 7222 4414 7222 4420 7222 4421 7223 4414 7223 4413 7223 4414 7224 4415 7224 4420 7224 4421 7225 4415 7225 4414 7225 4415 7226 4416 7226 4420 7226 4421 7227 4416 7227 4415 7227 4416 7228 4417 7228 4420 7228 4421 7229 4417 7229 4416 7229 4417 7230 4418 7230 4420 7230 4421 7231 4418 7231 4417 7231 4418 7232 4419 7232 4420 7232 4421 7233 4419 7233 4418 7233 4419 7234 4411 7234 4420 7234 4421 7235 4411 7235 4419 7235 4422 7236 4423 7236 4431 7236 4432 7237 4423 7237 4422 7237 4423 7238 4424 7238 4431 7238 4432 7239 4424 7239 4423 7239 4424 7240 4425 7240 4431 7240 4432 7241 4425 7241 4424 7241 4425 7242 4426 7242 4431 7242 4432 7243 4426 7243 4425 7243 4426 7244 4427 7244 4431 7244 4432 7245 4427 7245 4426 7245 4427 7246 4428 7246 4431 7246 4432 7247 4428 7247 4427 7247 4428 7248 4429 7248 4431 7248 4432 7249 4429 7249 4428 7249 4429 7250 4430 7250 4431 7250 4432 7251 4430 7251 4429 7251 4430 7252 4422 7252 4431 7252 4432 7253 4422 7253 4430 7253 4433 7254 4434 7254 4442 7254 4443 7255 4434 7255 4433 7255 4434 7256 4435 7256 4442 7256 4443 7257 4435 7257 4434 7257 4435 7258 4436 7258 4442 7258 4443 7259 4436 7259 4435 7259 4436 7260 4437 7260 4442 7260 4443 7261 4437 7261 4436 7261 4437 7262 4438 7262 4442 7262 4443 7263 4438 7263 4437 7263 4438 7264 4439 7264 4442 7264 4443 7265 4439 7265 4438 7265 4439 7266 4440 7266 4442 7266 4443 7267 4440 7267 4439 7267 4440 7268 4441 7268 4442 7268 4443 7269 4441 7269 4440 7269 4441 7270 4433 7270 4442 7270 4443 7271 4433 7271 4441 7271 4444 7272 4445 7272 4453 7272 4454 7273 4445 7273 4444 7273 4445 7274 4446 7274 4453 7274 4454 7275 4446 7275 4445 7275 4446 7276 4447 7276 4453 7276 4454 7277 4447 7277 4446 7277 4447 7278 4448 7278 4453 7278 4454 7279 4448 7279 4447 7279 4448 7280 4449 7280 4453 7280 4454 7281 4449 7281 4448 7281 4449 7282 4450 7282 4453 7282 4454 7283 4450 7283 4449 7283 4450 7284 4451 7284 4453 7284 4454 7285 4451 7285 4450 7285 4451 7286 4452 7286 4453 7286 4454 7287 4452 7287 4451 7287 4452 7288 4444 7288 4453 7288 4454 7289 4444 7289 4452 7289 4455 7290 4456 7290 4464 7290 4465 7291 4456 7291 4455 7291 4456 7292 4457 7292 4464 7292 4465 7293 4457 7293 4456 7293 4457 7294 4458 7294 4464 7294 4465 7295 4458 7295 4457 7295 4458 7296 4459 7296 4464 7296 4465 7297 4459 7297 4458 7297 4459 7298 4460 7298 4464 7298 4465 7299 4460 7299 4459 7299 4460 7300 4461 7300 4464 7300 4465 7301 4461 7301 4460 7301 4461 7302 4462 7302 4464 7302 4465 7303 4462 7303 4461 7303 4462 7304 4463 7304 4464 7304 4465 7305 4463 7305 4462 7305 4463 7306 4455 7306 4464 7306 4465 7307 4455 7307 4463 7307 4466 7308 4467 7308 4475 7308 4476 7309 4467 7309 4466 7309 4467 7310 4468 7310 4475 7310 4476 7311 4468 7311 4467 7311 4468 7312 4469 7312 4475 7312 4476 7313 4469 7313 4468 7313 4469 7314 4470 7314 4475 7314 4476 7315 4470 7315 4469 7315 4470 7316 4471 7316 4475 7316 4476 7317 4471 7317 4470 7317 4471 7318 4472 7318 4475 7318 4476 7319 4472 7319 4471 7319 4472 7320 4473 7320 4475 7320 4476 7321 4473 7321 4472 7321 4473 7322 4474 7322 4475 7322 4476 7323 4474 7323 4473 7323 4474 7324 4466 7324 4475 7324 4476 7325 4466 7325 4474 7325 4477 7326 4478 7326 4486 7326 4487 7327 4478 7327 4477 7327 4478 7328 4479 7328 4486 7328 4487 7329 4479 7329 4478 7329 4479 7330 4480 7330 4486 7330 4487 7331 4480 7331 4479 7331 4480 7332 4481 7332 4486 7332 4487 7333 4481 7333 4480 7333 4481 7334 4482 7334 4486 7334 4487 7335 4482 7335 4481 7335 4482 7336 4483 7336 4486 7336 4487 7337 4483 7337 4482 7337 4483 7338 4484 7338 4486 7338 4487 7339 4484 7339 4483 7339 4484 7340 4485 7340 4486 7340 4487 7341 4485 7341 4484 7341 4485 7342 4477 7342 4486 7342 4487 7343 4477 7343 4485 7343 4488 7344 4489 7344 4497 7344 4498 7345 4489 7345 4488 7345 4489 7346 4490 7346 4497 7346 4498 7347 4490 7347 4489 7347 4490 7348 4491 7348 4497 7348 4498 7349 4491 7349 4490 7349 4491 7350 4492 7350 4497 7350 4498 7351 4492 7351 4491 7351 4492 7352 4493 7352 4497 7352 4498 7353 4493 7353 4492 7353 4493 7354 4494 7354 4497 7354 4498 7355 4494 7355 4493 7355 4494 7356 4495 7356 4497 7356 4498 7357 4495 7357 4494 7357 4495 7358 4496 7358 4497 7358 4498 7359 4496 7359 4495 7359 4496 7360 4488 7360 4497 7360 4498 7361 4488 7361 4496 7361 4499 7362 4500 7362 4508 7362 4509 7363 4500 7363 4499 7363 4500 7364 4501 7364 4508 7364 4509 7365 4501 7365 4500 7365 4501 7366 4502 7366 4508 7366 4509 7367 4502 7367 4501 7367 4502 7368 4503 7368 4508 7368 4509 7369 4503 7369 4502 7369 4503 7370 4504 7370 4508 7370 4509 7371 4504 7371 4503 7371 4504 7372 4505 7372 4508 7372 4509 7373 4505 7373 4504 7373 4505 7374 4506 7374 4508 7374 4509 7375 4506 7375 4505 7375 4506 7376 4507 7376 4508 7376 4509 7377 4507 7377 4506 7377 4507 7378 4499 7378 4508 7378 4509 7379 4499 7379 4507 7379 4510 7380 4511 7380 4519 7380 4520 7381 4511 7381 4510 7381 4511 7382 4512 7382 4519 7382 4520 7383 4512 7383 4511 7383 4512 7384 4513 7384 4519 7384 4520 7385 4513 7385 4512 7385 4513 7386 4514 7386 4519 7386 4520 7387 4514 7387 4513 7387 4514 7388 4515 7388 4519 7388 4520 7389 4515 7389 4514 7389 4515 7390 4516 7390 4519 7390 4520 7391 4516 7391 4515 7391 4516 7392 4517 7392 4519 7392 4520 7393 4517 7393 4516 7393 4517 7394 4518 7394 4519 7394 4520 7395 4518 7395 4517 7395 4518 7396 4510 7396 4519 7396 4520 7397 4510 7397 4518 7397 4521 7398 4522 7398 4530 7398 4531 7399 4522 7399 4521 7399 4522 7400 4523 7400 4530 7400 4531 7401 4523 7401 4522 7401 4523 7402 4524 7402 4530 7402 4531 7403 4524 7403 4523 7403 4524 7404 4525 7404 4530 7404 4531 7405 4525 7405 4524 7405 4525 7406 4526 7406 4530 7406 4531 7407 4526 7407 4525 7407 4526 7408 4527 7408 4530 7408 4531 7409 4527 7409 4526 7409 4527 7410 4528 7410 4530 7410 4531 7411 4528 7411 4527 7411 4528 7412 4529 7412 4530 7412 4531 7413 4529 7413 4528 7413 4529 7414 4521 7414 4530 7414 4531 7415 4521 7415 4529 7415 4532 7416 4533 7416 4541 7416 4542 7417 4533 7417 4532 7417 4533 7418 4534 7418 4541 7418 4542 7419 4534 7419 4533 7419 4534 7420 4535 7420 4541 7420 4542 7421 4535 7421 4534 7421 4535 7422 4536 7422 4541 7422 4542 7423 4536 7423 4535 7423 4536 7424 4537 7424 4541 7424 4542 7425 4537 7425 4536 7425 4537 7426 4538 7426 4541 7426 4542 7427 4538 7427 4537 7427 4538 7428 4539 7428 4541 7428 4542 7429 4539 7429 4538 7429 4539 7430 4540 7430 4541 7430 4542 7431 4540 7431 4539 7431 4540 7432 4532 7432 4541 7432 4542 7433 4532 7433 4540 7433 4543 7434 4544 7434 4552 7434 4553 7435 4544 7435 4543 7435 4544 7436 4545 7436 4552 7436 4553 7437 4545 7437 4544 7437 4545 7438 4546 7438 4552 7438 4553 7439 4546 7439 4545 7439 4546 7440 4547 7440 4552 7440 4553 7441 4547 7441 4546 7441 4547 7442 4548 7442 4552 7442 4553 7443 4548 7443 4547 7443 4548 7444 4549 7444 4552 7444 4553 7445 4549 7445 4548 7445 4549 7446 4550 7446 4552 7446 4553 7447 4550 7447 4549 7447 4550 7448 4551 7448 4552 7448 4553 7449 4551 7449 4550 7449 4551 7450 4543 7450 4552 7450 4553 7451 4543 7451 4551 7451 4554 7452 4555 7452 4563 7452 4564 7453 4555 7453 4554 7453 4555 7454 4556 7454 4563 7454 4564 7455 4556 7455 4555 7455 4556 7456 4557 7456 4563 7456 4564 7457 4557 7457 4556 7457 4557 7458 4558 7458 4563 7458 4564 7459 4558 7459 4557 7459 4558 7460 4559 7460 4563 7460 4564 7461 4559 7461 4558 7461 4559 7462 4560 7462 4563 7462 4564 7463 4560 7463 4559 7463 4560 7464 4561 7464 4563 7464 4564 7465 4561 7465 4560 7465 4561 7466 4562 7466 4563 7466 4564 7467 4562 7467 4561 7467 4562 7468 4554 7468 4563 7468 4564 7469 4554 7469 4562 7469 4565 7470 4566 7470 4574 7470 4575 7471 4566 7471 4565 7471 4566 7472 4567 7472 4574 7472 4575 7473 4567 7473 4566 7473 4567 7474 4568 7474 4574 7474 4575 7475 4568 7475 4567 7475 4568 7476 4569 7476 4574 7476 4575 7477 4569 7477 4568 7477 4569 7478 4570 7478 4574 7478 4575 7479 4570 7479 4569 7479 4570 7480 4571 7480 4574 7480 4575 7481 4571 7481 4570 7481 4571 7482 4572 7482 4574 7482 4575 7483 4572 7483 4571 7483 4572 7484 4573 7484 4574 7484 4575 7485 4573 7485 4572 7485 4573 7486 4565 7486 4574 7486 4575 7487 4565 7487 4573 7487 4576 7488 4577 7488 4585 7488 4586 7489 4577 7489 4576 7489 4577 7490 4578 7490 4585 7490 4586 7491 4578 7491 4577 7491 4578 7492 4579 7492 4585 7492 4586 7493 4579 7493 4578 7493 4579 7494 4580 7494 4585 7494 4586 7495 4580 7495 4579 7495 4580 7496 4581 7496 4585 7496 4586 7497 4581 7497 4580 7497 4581 7498 4582 7498 4585 7498 4586 7499 4582 7499 4581 7499 4582 7500 4583 7500 4585 7500 4586 7501 4583 7501 4582 7501 4583 7502 4584 7502 4585 7502 4586 7503 4584 7503 4583 7503 4584 7504 4576 7504 4585 7504 4586 7505 4576 7505 4584 7505 4587 7506 4588 7506 4596 7506 4597 7507 4588 7507 4587 7507 4588 7508 4589 7508 4596 7508 4597 7509 4589 7509 4588 7509 4589 7510 4590 7510 4596 7510 4597 7511 4590 7511 4589 7511 4590 7512 4591 7512 4596 7512 4597 7513 4591 7513 4590 7513 4591 7514 4592 7514 4596 7514 4597 7515 4592 7515 4591 7515 4592 7516 4593 7516 4596 7516 4597 7517 4593 7517 4592 7517 4593 7518 4594 7518 4596 7518 4597 7519 4594 7519 4593 7519 4594 7520 4595 7520 4596 7520 4597 7521 4595 7521 4594 7521 4595 7522 4587 7522 4596 7522 4597 7523 4587 7523 4595 7523 4598 7524 4599 7524 4607 7524 4608 7525 4599 7525 4598 7525 4599 7526 4600 7526 4607 7526 4608 7527 4600 7527 4599 7527 4600 7528 4601 7528 4607 7528 4608 7529 4601 7529 4600 7529 4601 7530 4602 7530 4607 7530 4608 7531 4602 7531 4601 7531 4602 7532 4603 7532 4607 7532 4608 7533 4603 7533 4602 7533 4603 7534 4604 7534 4607 7534 4608 7535 4604 7535 4603 7535 4604 7536 4605 7536 4607 7536 4608 7537 4605 7537 4604 7537 4605 7538 4606 7538 4607 7538 4608 7539 4606 7539 4605 7539 4606 7540 4598 7540 4607 7540 4608 7541 4598 7541 4606 7541 4609 7542 4610 7542 4618 7542 4619 7543 4610 7543 4609 7543 4610 7544 4611 7544 4618 7544 4619 7545 4611 7545 4610 7545 4611 7546 4612 7546 4618 7546 4619 7547 4612 7547 4611 7547 4612 7548 4613 7548 4618 7548 4619 7549 4613 7549 4612 7549 4613 7550 4614 7550 4618 7550 4619 7551 4614 7551 4613 7551 4614 7552 4615 7552 4618 7552 4619 7553 4615 7553 4614 7553 4615 7554 4616 7554 4618 7554 4619 7555 4616 7555 4615 7555 4616 7556 4617 7556 4618 7556 4619 7557 4617 7557 4616 7557 4617 7558 4609 7558 4618 7558 4619 7559 4609 7559 4617 7559 4620 7560 4621 7560 4629 7560 4630 7561 4621 7561 4620 7561 4621 7562 4622 7562 4629 7562 4630 7563 4622 7563 4621 7563 4622 7564 4623 7564 4629 7564 4630 7565 4623 7565 4622 7565 4623 7566 4624 7566 4629 7566 4630 7567 4624 7567 4623 7567 4624 7568 4625 7568 4629 7568 4630 7569 4625 7569 4624 7569 4625 7570 4626 7570 4629 7570 4630 7571 4626 7571 4625 7571 4626 7572 4627 7572 4629 7572 4630 7573 4627 7573 4626 7573 4627 7574 4628 7574 4629 7574 4630 7575 4628 7575 4627 7575 4628 7576 4620 7576 4629 7576 4630 7577 4620 7577 4628 7577 4631 7578 4632 7578 4640 7578 4641 7579 4632 7579 4631 7579 4632 7580 4633 7580 4640 7580 4641 7581 4633 7581 4632 7581 4633 7582 4634 7582 4640 7582 4641 7583 4634 7583 4633 7583 4634 7584 4635 7584 4640 7584 4641 7585 4635 7585 4634 7585 4635 7586 4636 7586 4640 7586 4641 7587 4636 7587 4635 7587 4636 7588 4637 7588 4640 7588 4641 7589 4637 7589 4636 7589 4637 7590 4638 7590 4640 7590 4641 7591 4638 7591 4637 7591 4638 7592 4639 7592 4640 7592 4641 7593 4639 7593 4638 7593 4639 7594 4631 7594 4640 7594 4641 7595 4631 7595 4639 7595 4642 7596 4643 7596 4651 7596 4652 7597 4643 7597 4642 7597 4643 7598 4644 7598 4651 7598 4652 7599 4644 7599 4643 7599 4644 7600 4645 7600 4651 7600 4652 7601 4645 7601 4644 7601 4645 7602 4646 7602 4651 7602 4652 7603 4646 7603 4645 7603 4646 7604 4647 7604 4651 7604 4652 7605 4647 7605 4646 7605 4647 7606 4648 7606 4651 7606 4652 7607 4648 7607 4647 7607 4648 7608 4649 7608 4651 7608 4652 7609 4649 7609 4648 7609 4649 7610 4650 7610 4651 7610 4652 7611 4650 7611 4649 7611 4650 7612 4642 7612 4651 7612 4652 7613 4642 7613 4650 7613 4653 7614 4654 7614 4662 7614 4663 7615 4654 7615 4653 7615 4654 7616 4655 7616 4662 7616 4663 7617 4655 7617 4654 7617 4655 7618 4656 7618 4662 7618 4663 7619 4656 7619 4655 7619 4656 7620 4657 7620 4662 7620 4663 7621 4657 7621 4656 7621 4657 7622 4658 7622 4662 7622 4663 7623 4658 7623 4657 7623 4658 7624 4659 7624 4662 7624 4663 7625 4659 7625 4658 7625 4659 7626 4660 7626 4662 7626 4663 7627 4660 7627 4659 7627 4660 7628 4661 7628 4662 7628 4663 7629 4661 7629 4660 7629 4661 7630 4653 7630 4662 7630 4663 7631 4653 7631 4661 7631 4664 7632 4665 7632 4673 7632 4674 7633 4665 7633 4664 7633 4665 7634 4666 7634 4673 7634 4674 7635 4666 7635 4665 7635 4666 7636 4667 7636 4673 7636 4674 7637 4667 7637 4666 7637 4667 7638 4668 7638 4673 7638 4674 7639 4668 7639 4667 7639 4668 7640 4669 7640 4673 7640 4674 7641 4669 7641 4668 7641 4669 7642 4670 7642 4673 7642 4674 7643 4670 7643 4669 7643 4670 7644 4671 7644 4673 7644 4674 7645 4671 7645 4670 7645 4671 7646 4672 7646 4673 7646 4674 7647 4672 7647 4671 7647 4672 7648 4664 7648 4673 7648 4674 7649 4664 7649 4672 7649 4675 7650 4676 7650 4684 7650 4685 7651 4676 7651 4675 7651 4676 7652 4677 7652 4684 7652 4685 7653 4677 7653 4676 7653 4677 7654 4678 7654 4684 7654 4685 7655 4678 7655 4677 7655 4678 7656 4679 7656 4684 7656 4685 7657 4679 7657 4678 7657 4679 7658 4680 7658 4684 7658 4685 7659 4680 7659 4679 7659 4680 7660 4681 7660 4684 7660 4685 7661 4681 7661 4680 7661 4681 7662 4682 7662 4684 7662 4685 7663 4682 7663 4681 7663 4682 7664 4683 7664 4684 7664 4685 7665 4683 7665 4682 7665 4683 7666 4675 7666 4684 7666 4685 7667 4675 7667 4683 7667 4686 7668 4687 7668 4695 7668 4696 7669 4687 7669 4686 7669 4687 7670 4688 7670 4695 7670 4696 7671 4688 7671 4687 7671 4688 7672 4689 7672 4695 7672 4696 7673 4689 7673 4688 7673 4689 7674 4690 7674 4695 7674 4696 7675 4690 7675 4689 7675 4690 7676 4691 7676 4695 7676 4696 7677 4691 7677 4690 7677 4691 7678 4692 7678 4695 7678 4696 7679 4692 7679 4691 7679 4692 7680 4693 7680 4695 7680 4696 7681 4693 7681 4692 7681 4693 7682 4694 7682 4695 7682 4696 7683 4694 7683 4693 7683 4694 7684 4686 7684 4695 7684 4696 7685 4686 7685 4694 7685 4697 7686 4698 7686 4706 7686 4707 7687 4698 7687 4697 7687 4698 7688 4699 7688 4706 7688 4707 7689 4699 7689 4698 7689 4699 7690 4700 7690 4706 7690 4707 7691 4700 7691 4699 7691 4700 7692 4701 7692 4706 7692 4707 7693 4701 7693 4700 7693 4701 7694 4702 7694 4706 7694 4707 7695 4702 7695 4701 7695 4702 7696 4703 7696 4706 7696 4707 7697 4703 7697 4702 7697 4703 7698 4704 7698 4706 7698 4707 7699 4704 7699 4703 7699 4704 7700 4705 7700 4706 7700 4707 7701 4705 7701 4704 7701 4705 7702 4697 7702 4706 7702 4707 7703 4697 7703 4705 7703 4708 7704 4709 7704 4717 7704 4718 7705 4709 7705 4708 7705 4709 7706 4710 7706 4717 7706 4718 7707 4710 7707 4709 7707 4710 7708 4711 7708 4717 7708 4718 7709 4711 7709 4710 7709 4711 7710 4712 7710 4717 7710 4718 7711 4712 7711 4711 7711 4712 7712 4713 7712 4717 7712 4718 7713 4713 7713 4712 7713 4713 7714 4714 7714 4717 7714 4718 7715 4714 7715 4713 7715 4714 7716 4715 7716 4717 7716 4718 7717 4715 7717 4714 7717 4715 7718 4716 7718 4717 7718 4718 7719 4716 7719 4715 7719 4716 7720 4708 7720 4717 7720 4718 7721 4708 7721 4716 7721 4719 7722 4720 7722 4728 7722 4729 7723 4720 7723 4719 7723 4720 7724 4721 7724 4728 7724 4729 7725 4721 7725 4720 7725 4721 7726 4722 7726 4728 7726 4729 7727 4722 7727 4721 7727 4722 7728 4723 7728 4728 7728 4729 7729 4723 7729 4722 7729 4723 7730 4724 7730 4728 7730 4729 7731 4724 7731 4723 7731 4724 7732 4725 7732 4728 7732 4729 7733 4725 7733 4724 7733 4725 7734 4726 7734 4728 7734 4729 7735 4726 7735 4725 7735 4726 7736 4727 7736 4728 7736 4729 7737 4727 7737 4726 7737 4727 7738 4719 7738 4728 7738 4729 7739 4719 7739 4727 7739 4730 7740 4731 7740 4739 7740 4740 7741 4731 7741 4730 7741 4731 7742 4732 7742 4739 7742 4740 7743 4732 7743 4731 7743 4732 7744 4733 7744 4739 7744 4740 7745 4733 7745 4732 7745 4733 7746 4734 7746 4739 7746 4740 7747 4734 7747 4733 7747 4734 7748 4735 7748 4739 7748 4740 7749 4735 7749 4734 7749 4735 7750 4736 7750 4739 7750 4740 7751 4736 7751 4735 7751 4736 7752 4737 7752 4739 7752 4740 7753 4737 7753 4736 7753 4737 7754 4738 7754 4739 7754 4740 7755 4738 7755 4737 7755 4738 7756 4730 7756 4739 7756 4740 7757 4730 7757 4738 7757 4741 7758 4742 7758 4750 7758 4751 7759 4742 7759 4741 7759 4742 7760 4743 7760 4750 7760 4751 7761 4743 7761 4742 7761 4743 7762 4744 7762 4750 7762 4751 7763 4744 7763 4743 7763 4744 7764 4745 7764 4750 7764 4751 7765 4745 7765 4744 7765 4745 7766 4746 7766 4750 7766 4751 7767 4746 7767 4745 7767 4746 7768 4747 7768 4750 7768 4751 7769 4747 7769 4746 7769 4747 7770 4748 7770 4750 7770 4751 7771 4748 7771 4747 7771 4748 7772 4749 7772 4750 7772 4751 7773 4749 7773 4748 7773 4749 7774 4741 7774 4750 7774 4751 7775 4741 7775 4749 7775 4752 7776 4753 7776 4761 7776 4762 7777 4753 7777 4752 7777 4753 7778 4754 7778 4761 7778 4762 7779 4754 7779 4753 7779 4754 7780 4755 7780 4761 7780 4762 7781 4755 7781 4754 7781 4755 7782 4756 7782 4761 7782 4762 7783 4756 7783 4755 7783 4756 7784 4757 7784 4761 7784 4762 7785 4757 7785 4756 7785 4757 7786 4758 7786 4761 7786 4762 7787 4758 7787 4757 7787 4758 7788 4759 7788 4761 7788 4762 7789 4759 7789 4758 7789 4759 7790 4760 7790 4761 7790 4762 7791 4760 7791 4759 7791 4760 7792 4752 7792 4761 7792 4762 7793 4752 7793 4760 7793 4763 7794 4764 7794 4772 7794 4773 7795 4764 7795 4763 7795 4764 7796 4765 7796 4772 7796 4773 7797 4765 7797 4764 7797 4765 7798 4766 7798 4772 7798 4773 7799 4766 7799 4765 7799 4766 7800 4767 7800 4772 7800 4773 7801 4767 7801 4766 7801 4767 7802 4768 7802 4772 7802 4773 7803 4768 7803 4767 7803 4768 7804 4769 7804 4772 7804 4773 7805 4769 7805 4768 7805 4769 7806 4770 7806 4772 7806 4773 7807 4770 7807 4769 7807 4770 7808 4771 7808 4772 7808 4773 7809 4771 7809 4770 7809 4771 7810 4763 7810 4772 7810 4773 7811 4763 7811 4771 7811 4774 7812 4775 7812 4783 7812 4784 7813 4775 7813 4774 7813 4775 7814 4776 7814 4783 7814 4784 7815 4776 7815 4775 7815 4776 7816 4777 7816 4783 7816 4784 7817 4777 7817 4776 7817 4777 7818 4778 7818 4783 7818 4784 7819 4778 7819 4777 7819 4778 7820 4779 7820 4783 7820 4784 7821 4779 7821 4778 7821 4779 7822 4780 7822 4783 7822 4784 7823 4780 7823 4779 7823 4780 7824 4781 7824 4783 7824 4784 7825 4781 7825 4780 7825 4781 7826 4782 7826 4783 7826 4784 7827 4782 7827 4781 7827 4782 7828 4774 7828 4783 7828 4784 7829 4774 7829 4782 7829 4785 7830 4786 7830 4794 7830 4795 7831 4786 7831 4785 7831 4786 7832 4787 7832 4794 7832 4795 7833 4787 7833 4786 7833 4787 7834 4788 7834 4794 7834 4795 7835 4788 7835 4787 7835 4788 7836 4789 7836 4794 7836 4795 7837 4789 7837 4788 7837 4789 7838 4790 7838 4794 7838 4795 7839 4790 7839 4789 7839 4790 7840 4791 7840 4794 7840 4795 7841 4791 7841 4790 7841 4791 7842 4792 7842 4794 7842 4795 7843 4792 7843 4791 7843 4792 7844 4793 7844 4794 7844 4795 7845 4793 7845 4792 7845 4793 7846 4785 7846 4794 7846 4795 7847 4785 7847 4793 7847 4796 7848 4797 7848 4805 7848 4806 7849 4797 7849 4796 7849 4797 7850 4798 7850 4805 7850 4806 7851 4798 7851 4797 7851 4798 7852 4799 7852 4805 7852 4806 7853 4799 7853 4798 7853 4799 7854 4800 7854 4805 7854 4806 7855 4800 7855 4799 7855 4800 7856 4801 7856 4805 7856 4806 7857 4801 7857 4800 7857 4801 7858 4802 7858 4805 7858 4806 7859 4802 7859 4801 7859 4802 7860 4803 7860 4805 7860 4806 7861 4803 7861 4802 7861 4803 7862 4804 7862 4805 7862 4806 7863 4804 7863 4803 7863 4804 7864 4796 7864 4805 7864 4806 7865 4796 7865 4804 7865 4807 7866 4808 7866 4816 7866 4817 7867 4808 7867 4807 7867 4808 7868 4809 7868 4816 7868 4817 7869 4809 7869 4808 7869 4809 7870 4810 7870 4816 7870 4817 7871 4810 7871 4809 7871 4810 7872 4811 7872 4816 7872 4817 7873 4811 7873 4810 7873 4811 7874 4812 7874 4816 7874 4817 7875 4812 7875 4811 7875 4812 7876 4813 7876 4816 7876 4817 7877 4813 7877 4812 7877 4813 7878 4814 7878 4816 7878 4817 7879 4814 7879 4813 7879 4814 7880 4815 7880 4816 7880 4817 7881 4815 7881 4814 7881 4815 7882 4807 7882 4816 7882 4817 7883 4807 7883 4815 7883 4818 7884 4819 7884 4827 7884 4828 7885 4819 7885 4818 7885 4819 7886 4820 7886 4827 7886 4828 7887 4820 7887 4819 7887 4820 7888 4821 7888 4827 7888 4828 7889 4821 7889 4820 7889 4821 7890 4822 7890 4827 7890 4828 7891 4822 7891 4821 7891 4822 7892 4823 7892 4827 7892 4828 7893 4823 7893 4822 7893 4823 7894 4824 7894 4827 7894 4828 7895 4824 7895 4823 7895 4824 7896 4825 7896 4827 7896 4828 7897 4825 7897 4824 7897 4825 7898 4826 7898 4827 7898 4828 7899 4826 7899 4825 7899 4826 7900 4818 7900 4827 7900 4828 7901 4818 7901 4826 7901 4829 7902 4830 7902 4838 7902 4839 7903 4830 7903 4829 7903 4830 7904 4831 7904 4838 7904 4839 7905 4831 7905 4830 7905 4831 7906 4832 7906 4838 7906 4839 7907 4832 7907 4831 7907 4832 7908 4833 7908 4838 7908 4839 7909 4833 7909 4832 7909 4833 7910 4834 7910 4838 7910 4839 7911 4834 7911 4833 7911 4834 7912 4835 7912 4838 7912 4839 7913 4835 7913 4834 7913 4835 7914 4836 7914 4838 7914 4839 7915 4836 7915 4835 7915 4836 7916 4837 7916 4838 7916 4839 7917 4837 7917 4836 7917 4837 7918 4829 7918 4838 7918 4839 7919 4829 7919 4837 7919 4840 7920 4841 7920 4849 7920 4850 7921 4841 7921 4840 7921 4841 7922 4842 7922 4849 7922 4850 7923 4842 7923 4841 7923 4842 7924 4843 7924 4849 7924 4850 7925 4843 7925 4842 7925 4843 7926 4844 7926 4849 7926 4850 7927 4844 7927 4843 7927 4844 7928 4845 7928 4849 7928 4850 7929 4845 7929 4844 7929 4845 7930 4846 7930 4849 7930 4850 7931 4846 7931 4845 7931 4846 7932 4847 7932 4849 7932 4850 7933 4847 7933 4846 7933 4847 7934 4848 7934 4849 7934 4850 7935 4848 7935 4847 7935 4848 7936 4840 7936 4849 7936 4850 7937 4840 7937 4848 7937 4851 7938 4852 7938 4860 7938 4861 7939 4852 7939 4851 7939 4852 7940 4853 7940 4860 7940 4861 7941 4853 7941 4852 7941 4853 7942 4854 7942 4860 7942 4861 7943 4854 7943 4853 7943 4854 7944 4855 7944 4860 7944 4861 7945 4855 7945 4854 7945 4855 7946 4856 7946 4860 7946 4861 7947 4856 7947 4855 7947 4856 7948 4857 7948 4860 7948 4861 7949 4857 7949 4856 7949 4857 7950 4858 7950 4860 7950 4861 7951 4858 7951 4857 7951 4858 7952 4859 7952 4860 7952 4861 7953 4859 7953 4858 7953 4859 7954 4851 7954 4860 7954 4861 7955 4851 7955 4859 7955 4862 7956 4863 7956 4871 7956 4872 7957 4863 7957 4862 7957 4863 7958 4864 7958 4871 7958 4872 7959 4864 7959 4863 7959 4864 7960 4865 7960 4871 7960 4872 7961 4865 7961 4864 7961 4865 7962 4866 7962 4871 7962 4872 7963 4866 7963 4865 7963 4866 7964 4867 7964 4871 7964 4872 7965 4867 7965 4866 7965 4867 7966 4868 7966 4871 7966 4872 7967 4868 7967 4867 7967 4868 7968 4869 7968 4871 7968 4872 7969 4869 7969 4868 7969 4869 7970 4870 7970 4871 7970 4872 7971 4870 7971 4869 7971 4870 7972 4862 7972 4871 7972 4872 7973 4862 7973 4870 7973 4873 7974 4874 7974 4882 7974 4883 7975 4874 7975 4873 7975 4874 7976 4875 7976 4882 7976 4883 7977 4875 7977 4874 7977 4875 7978 4876 7978 4882 7978 4883 7979 4876 7979 4875 7979 4876 7980 4877 7980 4882 7980 4883 7981 4877 7981 4876 7981 4877 7982 4878 7982 4882 7982 4883 7983 4878 7983 4877 7983 4878 7984 4879 7984 4882 7984 4883 7985 4879 7985 4878 7985 4879 7986 4880 7986 4882 7986 4883 7987 4880 7987 4879 7987 4880 7988 4881 7988 4882 7988 4883 7989 4881 7989 4880 7989 4881 7990 4873 7990 4882 7990 4883 7991 4873 7991 4881 7991 4884 7992 4885 7992 4893 7992 4894 7993 4885 7993 4884 7993 4885 7994 4886 7994 4893 7994 4894 7995 4886 7995 4885 7995 4886 7996 4887 7996 4893 7996 4894 7997 4887 7997 4886 7997 4887 7998 4888 7998 4893 7998 4894 7999 4888 7999 4887 7999 4888 8000 4889 8000 4893 8000 4894 8001 4889 8001 4888 8001 4889 8002 4890 8002 4893 8002 4894 8003 4890 8003 4889 8003 4890 8004 4891 8004 4893 8004 4894 8005 4891 8005 4890 8005 4891 8006 4892 8006 4893 8006 4894 8007 4892 8007 4891 8007 4892 8008 4884 8008 4893 8008 4894 8009 4884 8009 4892 8009 4895 8010 4896 8010 4904 8010 4905 8011 4896 8011 4895 8011 4896 8012 4897 8012 4904 8012 4905 8013 4897 8013 4896 8013 4897 8014 4898 8014 4904 8014 4905 8015 4898 8015 4897 8015 4898 8016 4899 8016 4904 8016 4905 8017 4899 8017 4898 8017 4899 8018 4900 8018 4904 8018 4905 8019 4900 8019 4899 8019 4900 8020 4901 8020 4904 8020 4905 8021 4901 8021 4900 8021 4901 8022 4902 8022 4904 8022 4905 8023 4902 8023 4901 8023 4902 8024 4903 8024 4904 8024 4905 8025 4903 8025 4902 8025 4903 8026 4895 8026 4904 8026 4905 8027 4895 8027 4903 8027 4906 8028 4907 8028 4915 8028 4916 8029 4907 8029 4906 8029 4907 8030 4908 8030 4915 8030 4916 8031 4908 8031 4907 8031 4908 8032 4909 8032 4915 8032 4916 8033 4909 8033 4908 8033 4909 8034 4910 8034 4915 8034 4916 8035 4910 8035 4909 8035 4910 8036 4911 8036 4915 8036 4916 8037 4911 8037 4910 8037 4911 8038 4912 8038 4915 8038 4916 8039 4912 8039 4911 8039 4912 8040 4913 8040 4915 8040 4916 8041 4913 8041 4912 8041 4913 8042 4914 8042 4915 8042 4916 8043 4914 8043 4913 8043 4914 8044 4906 8044 4915 8044 4916 8045 4906 8045 4914 8045 4917 8046 4918 8046 4926 8046 4927 8047 4918 8047 4917 8047 4918 8048 4919 8048 4926 8048 4927 8049 4919 8049 4918 8049 4919 8050 4920 8050 4926 8050 4927 8051 4920 8051 4919 8051 4920 8052 4921 8052 4926 8052 4927 8053 4921 8053 4920 8053 4921 8054 4922 8054 4926 8054 4927 8055 4922 8055 4921 8055 4922 8056 4923 8056 4926 8056 4927 8057 4923 8057 4922 8057 4923 8058 4924 8058 4926 8058 4927 8059 4924 8059 4923 8059 4924 8060 4925 8060 4926 8060 4927 8061 4925 8061 4924 8061 4925 8062 4917 8062 4926 8062 4927 8063 4917 8063 4925 8063 4928 8064 4929 8064 4937 8064 4938 8065 4929 8065 4928 8065 4929 8066 4930 8066 4937 8066 4938 8067 4930 8067 4929 8067 4930 8068 4931 8068 4937 8068 4938 8069 4931 8069 4930 8069 4931 8070 4932 8070 4937 8070 4938 8071 4932 8071 4931 8071 4932 8072 4933 8072 4937 8072 4938 8073 4933 8073 4932 8073 4933 8074 4934 8074 4937 8074 4938 8075 4934 8075 4933 8075 4934 8076 4935 8076 4937 8076 4938 8077 4935 8077 4934 8077 4935 8078 4936 8078 4937 8078 4938 8079 4936 8079 4935 8079 4936 8080 4928 8080 4937 8080 4938 8081 4928 8081 4936 8081 4939 8082 4940 8082 4948 8082 4949 8083 4940 8083 4939 8083 4940 8084 4941 8084 4948 8084 4949 8085 4941 8085 4940 8085 4941 8086 4942 8086 4948 8086 4949 8087 4942 8087 4941 8087 4942 8088 4943 8088 4948 8088 4949 8089 4943 8089 4942 8089 4943 8090 4944 8090 4948 8090 4949 8091 4944 8091 4943 8091 4944 8092 4945 8092 4948 8092 4949 8093 4945 8093 4944 8093 4945 8094 4946 8094 4948 8094 4949 8095 4946 8095 4945 8095 4946 8096 4947 8096 4948 8096 4949 8097 4947 8097 4946 8097 4947 8098 4939 8098 4948 8098 4949 8099 4939 8099 4947 8099 4950 8100 4951 8100 4959 8100 4960 8101 4951 8101 4950 8101 4951 8102 4952 8102 4959 8102 4960 8103 4952 8103 4951 8103 4952 8104 4953 8104 4959 8104 4960 8105 4953 8105 4952 8105 4953 8106 4954 8106 4959 8106 4960 8107 4954 8107 4953 8107 4954 8108 4955 8108 4959 8108 4960 8109 4955 8109 4954 8109 4955 8110 4956 8110 4959 8110 4960 8111 4956 8111 4955 8111 4956 8112 4957 8112 4959 8112 4960 8113 4957 8113 4956 8113 4957 8114 4958 8114 4959 8114 4960 8115 4958 8115 4957 8115 4958 8116 4950 8116 4959 8116 4960 8117 4950 8117 4958 8117 4961 8118 4962 8118 4970 8118 4971 8119 4962 8119 4961 8119 4962 8120 4963 8120 4970 8120 4971 8121 4963 8121 4962 8121 4963 8122 4964 8122 4970 8122 4971 8123 4964 8123 4963 8123 4964 8124 4965 8124 4970 8124 4971 8125 4965 8125 4964 8125 4965 8126 4966 8126 4970 8126 4971 8127 4966 8127 4965 8127 4966 8128 4967 8128 4970 8128 4971 8129 4967 8129 4966 8129 4967 8130 4968 8130 4970 8130 4971 8131 4968 8131 4967 8131 4968 8132 4969 8132 4970 8132 4971 8133 4969 8133 4968 8133 4969 8134 4961 8134 4970 8134 4971 8135 4961 8135 4969 8135 4972 8136 4973 8136 4981 8136 4982 8137 4973 8137 4972 8137 4973 8138 4974 8138 4981 8138 4982 8139 4974 8139 4973 8139 4974 8140 4975 8140 4981 8140 4982 8141 4975 8141 4974 8141 4975 8142 4976 8142 4981 8142 4982 8143 4976 8143 4975 8143 4976 8144 4977 8144 4981 8144 4982 8145 4977 8145 4976 8145 4977 8146 4978 8146 4981 8146 4982 8147 4978 8147 4977 8147 4978 8148 4979 8148 4981 8148 4982 8149 4979 8149 4978 8149 4979 8150 4980 8150 4981 8150 4982 8151 4980 8151 4979 8151 4980 8152 4972 8152 4981 8152 4982 8153 4972 8153 4980 8153 4983 8154 4984 8154 4992 8154 4993 8155 4984 8155 4983 8155 4984 8156 4985 8156 4992 8156 4993 8157 4985 8157 4984 8157 4985 8158 4986 8158 4992 8158 4993 8159 4986 8159 4985 8159 4986 8160 4987 8160 4992 8160 4993 8161 4987 8161 4986 8161 4987 8162 4988 8162 4992 8162 4993 8163 4988 8163 4987 8163 4988 8164 4989 8164 4992 8164 4993 8165 4989 8165 4988 8165 4989 8166 4990 8166 4992 8166 4993 8167 4990 8167 4989 8167 4990 8168 4991 8168 4992 8168 4993 8169 4991 8169 4990 8169 4991 8170 4983 8170 4992 8170 4993 8171 4983 8171 4991 8171 4994 8172 4995 8172 5003 8172 5004 8173 4995 8173 4994 8173 4995 8174 4996 8174 5003 8174 5004 8175 4996 8175 4995 8175 4996 8176 4997 8176 5003 8176 5004 8177 4997 8177 4996 8177 4997 8178 4998 8178 5003 8178 5004 8179 4998 8179 4997 8179 4998 8180 4999 8180 5003 8180 5004 8181 4999 8181 4998 8181 4999 8182 5000 8182 5003 8182 5004 8183 5000 8183 4999 8183 5000 8184 5001 8184 5003 8184 5004 8185 5001 8185 5000 8185 5001 8186 5002 8186 5003 8186 5004 8187 5002 8187 5001 8187 5002 8188 4994 8188 5003 8188 5004 8189 4994 8189 5002 8189</p></triangles>
</mesh></geometry></library_geometries><library_visual_scenes><visual_scene id="Scene"><node id="mesh"><instance_geometry url="#geometry"/></node></visual_scene></library_visual_scenes><scene><instance_visual_scene url="#Scene"/></scene></COLLADA>