<?xml version="1.0" encoding="UTF-8"?>
<COLLADA xmlns="http://www.collada.org/2005/11/COLLADASchema" version="1.4.1">
<asset><contributor><authoring_tool>Summit Estate procedural mesh exporter</authoring_tool></contributor><created>2026-09-11T00:00:00Z</created><modified>2026-09-11T00:00:00Z</modified><unit name="meter" meter="1"/><up_axis>Z_UP</up_axis></asset>
<library_geometries><geometry id="geometry" name="geometry"><mesh>
<source id="positions"><float_array id="positions-array" count="9780">29.94250 114.90500 80.36000 30.05750 114.90500 80.36000 30.05750 115.09500 80.36000 29.94250 115.09500 80.36000 29.94250 114.90500 85.40000 30.05750 114.90500 85.40000 30.05750 115.09500 85.40000 29.94250 115.09500 85.40000 35.31750 114.90500 80.36000 35.43250 114.90500 80.36000 35.43250 115.09500 80.36000 35.31750 115.09500 80.36000 35.31750 114.90500 85.40000 35.43250 114.90500 85.40000 35.43250 115.09500 85.40000 35.31750 115.09500 85.40000 40.69250 114.90500 80.36000 40.80750 114.90500 80.36000 40.80750 115.09500 80.36000 40.69250 115.09500 80.36000 40.69250 114.90500 85.40000 40.80750 114.90500 85.40000 40.80750 115.09500 85.40000 40.69250 115.09500 85.40000 46.06750 114.90500 80.36000 46.18250 114.90500 80.36000 46.18250 115.09500 80.36000 46.06750 115.09500 80.36000 46.06750 114.90500 85.40000 46.18250 114.90500 85.40000 46.18250 115.09500 85.40000 46.06750 115.09500 85.40000 51.44250 114.90500 80.36000 51.55750 114.90500 80.36000 51.55750 115.09500 80.36000 51.44250 115.09500 80.36000 51.44250 114.90500 85.40000 51.55750 114.90500 85.40000 51.55750 115.09500 85.40000 51.44250 115.09500 85.40000 56.81750 114.90500 80.36000 56.93250 114.90500 80.36000 56.93250 115.09500 80.36000 56.81750 115.09500 80.36000 56.81750 114.90500 85.40000 56.93250 114.90500 85.40000 56.93250 115.09500 85.40000 56.81750 115.09500 85.40000 62.19250 114.90500 80.36000 62.30750 114.90500 80.36000 62.30750 115.09500 80.36000 62.19250 115.09500 80.36000 62.19250 114.90500 85.40000 62.30750 114.90500 85.40000 62.30750 115.09500 85.40000 62.19250 115.09500 85.40000 67.56750 114.90500 80.36000 67.68250 114.90500 80.36000 67.68250 115.09500 80.36000 67.56750 115.09500 80.36000 67.56750 114.90500 85.40000 67.68250 114.90500 85.40000 67.68250 115.09500 85.40000 67.56750 115.09500 85.40000 72.94250 114.90500 80.36000 73.05750 114.90500 80.36000 73.05750 115.09500 80.36000 72.94250 115.09500 80.36000 72.94250 114.90500 85.40000 73.05750 114.90500 85.40000 73.05750 115.09500 85.40000 72.94250 115.09500 85.40000 30.00000 114.90000 80.29500 73.00000 114.90000 80.29500 73.00000 115.10000 80.29500 30.00000 115.10000 80.29500 30.00000 114.90000 80.42500 73.00000 114.90000 80.42500 73.00000 115.10000 80.42500 30.00000 115.10000 80.42500 30.00000 114.90000 85.33500 73.00000 114.90000 85.33500 73.00000 115.10000 85.33500 30.00000 115.10000 85.33500 30.00000 114.90000 85.46500 73.00000 114.90000 85.46500 73.00000 115.10000 85.46500 30.00000 115.10000 85.46500 82.94250 114.90500 80.36000 83.05750 114.90500 80.36000 83.05750 115.09500 80.36000 82.94250 115.09500 80.36000 82.94250 114.90500 85.40000 83.05750 114.90500 85.40000 83.05750 115.09500 85.40000 82.94250 115.09500 85.40000 88.31750 114.90500 80.36000 88.43250 114.90500 80.36000 88.43250 115.09500 80.36000 88.31750 115.09500 80.36000 88.31750 114.90500 85.40000 88.43250 114.90500 85.40000 88.43250 115.09500 85.40000 88.31750 115.09500 85.40000 93.69250 114.90500 80.36000 93.80750 114.90500 80.36000 93.80750 115.09500 80.36000 93.69250 115.09500 80.36000 93.69250 114.90500 85.40000 93.80750 114.90500 85.40000 93.80750 115.09500 85.40000 93.69250 115.09500 85.40000 99.06750 114.90500 80.36000 99.18250 114.90500 80.36000 99.18250 115.09500 80.36000 99.06750 115.09500 80.36000 99.06750 114.90500 85.40000 99.18250 114.90500 85.40000 99.18250 115.09500 85.40000 99.06750 115.09500 85.40000 104.44250 114.90500 80.36000 104.55750 114.90500 80.36000 104.55750 115.09500 80.36000 104.44250 115.09500 80.36000 104.44250 114.90500 85.40000 104.55750 114.90500 85.40000 104.55750 115.09500 85.40000 104.44250 115.09500 85.40000 109.81750 114.90500 80.36000 109.93250 114.90500 80.36000 109.93250 115.09500 80.36000 109.81750 115.09500 80.36000 109.81750 114.90500 85.40000 109.93250 114.90500 85.40000 109.93250 115.09500 85.40000 109.81750 115.09500 85.40000 115.19250 114.90500 80.36000 115.30750 114.90500 80.36000 115.30750 115.09500 80.36000 115.19250 115.09500 80.36000 115.19250 114.90500 85.40000 115.30750 114.90500 85.40000 115.30750 115.09500 85.40000 115.19250 115.09500 85.40000 120.56750 114.90500 80.36000 120.68250 114.90500 80.36000 120.68250 115.09500 80.36000 120.56750 115.09500 80.36000 120.56750 114.90500 85.40000 120.68250 114.90500 85.40000 120.68250 115.09500 85.40000 120.56750 115.09500 85.40000 125.94250 114.90500 80.36000 126.05750 114.90500 80.36000 126.05750 115.09500 80.36000 125.94250 115.09500 80.36000 125.94250 114.90500 85.40000 126.05750 114.90500 85.40000 126.05750 115.09500 85.40000 125.94250 115.09500 85.40000 83.00000 114.90000 80.29500 126.00000 114.90000 80.29500 126.00000 115.10000 80.29500 83.00000 115.10000 80.29500 83.00000 114.90000 80.42500 126.00000 114.90000 80.42500 126.00000 115.10000 80.42500 83.00000 115.10000 80.42500 83.00000 114.90000 85.33500 126.00000 114.90000 85.33500 126.00000 115.10000 85.33500 83.00000 115.10000 85.33500 83.00000 114.90000 85.46500 126.00000 114.90000 85.46500 126.00000 115.10000 85.46500 83.00000 115.10000 85.46500 73.00000 114.70000 84.40000 83.00000 114.70000 84.40000 83.00000 115.30000 84.40000 73.00000 115.30000 84.40000 73.00000 114.70000 85.46000 83.00000 114.70000 85.46000 83.00000 115.30000 85.46000 73.00000 115.30000 85.46000 29.94250 162.90500 80.36000 30.05750 162.90500 80.36000 30.05750 163.09500 80.36000 29.94250 163.09500 80.36000 29.94250 162.90500 85.40000 30.05750 162.90500 85.40000 30.05750 163.09500 85.40000 29.94250 163.09500 85.40000 35.94250 162.90500 80.36000 36.05750 162.90500 80.36000 36.05750 163.09500 80.36000 35.94250 163.09500 80.36000 35.94250 162.90500 85.40000 36.05750 162.90500 85.40000 36.05750 163.09500 85.40000 35.94250 163.09500 85.40000 41.94250 162.90500 80.36000 42.05750 162.90500 80.36000 42.05750 163.09500 80.36000 41.94250 163.09500 80.36000 41.94250 162.90500 85.40000 42.05750 162.90500 85.40000 42.05750 163.09500 85.40000 41.94250 163.09500 85.40000 47.94250 162.90500 80.36000 48.05750 162.90500 80.36000 48.05750 163.09500 80.36000 47.94250 163.09500 80.36000 47.94250 162.90500 85.40000 48.05750 162.90500 85.40000 48.05750 163.09500 85.40000 47.94250 163.09500 85.40000 53.94250 162.90500 80.36000 54.05750 162.90500 80.36000 54.05750 163.09500 80.36000 53.94250 163.09500 80.36000 53.94250 162.90500 85.40000 54.05750 162.90500 85.40000 54.05750 163.09500 85.40000 53.94250 163.09500 85.40000 59.94250 162.90500 80.36000 60.05750 162.90500 80.36000 60.05750 163.09500 80.36000 59.94250 163.09500 80.36000 59.94250 162.90500 85.40000 60.05750 162.90500 85.40000 60.05750 163.09500 85.40000 59.94250 163.09500 85.40000 65.94250 162.90500 80.36000 66.05750 162.90500 80.36000 66.05750 163.09500 80.36000 65.94250 163.09500 80.36000 65.94250 162.90500 85.40000 66.05750 162.90500 85.40000 66.05750 163.09500 85.40000 65.94250 163.09500 85.40000 71.94250 162.90500 80.36000 72.05750 162.90500 80.36000 72.05750 163.09500 80.36000 71.94250 163.09500 80.36000 71.94250 162.90500 85.40000 72.05750 162.90500 85.40000 72.05750 163.09500 85.40000 71.94250 163.09500 85.40000 77.94250 162.90500 80.36000 78.05750 162.90500 80.36000 78.05750 163.09500 80.36000 77.94250 163.09500 80.36000 77.94250 162.90500 85.40000 78.05750 162.90500 85.40000 78.05750 163.09500 85.40000 77.94250 163.09500 85.40000 83.94250 162.90500 80.36000 84.05750 162.90500 80.36000 84.05750 163.09500 80.36000 83.94250 163.09500 80.36000 83.94250 162.90500 85.40000 84.05750 162.90500 85.40000 84.05750 163.09500 85.40000 83.94250 163.09500 85.40000 89.94250 162.90500 80.36000 90.05750 162.90500 80.36000 90.05750 163.09500 80.36000 89.94250 163.09500 80.36000 89.94250 162.90500 85.40000 90.05750 162.90500 85.40000 90.05750 163.09500 85.40000 89.94250 163.09500 85.40000 95.94250 162.90500 80.36000 96.05750 162.90500 80.36000 96.05750 163.09500 80.36000 95.94250 163.09500 80.36000 95.94250 162.90500 85.40000 96.05750 162.90500 85.40000 96.05750 163.09500 85.40000 95.94250 163.09500 85.40000 101.94250 162.90500 80.36000 102.05750 162.90500 80.36000 102.05750 163.09500 80.36000 101.94250 163.09500 80.36000 101.94250 162.90500 85.40000 102.05750 162.90500 85.40000 102.05750 163.09500 85.40000 101.94250 163.09500 85.40000 107.94250 162.90500 80.36000 108.05750 162.90500 80.36000 108.05750 163.09500 80.36000 107.94250 163.09500 80.36000 107.94250 162.90500 85.40000 108.05750 162.90500 85.40000 108.05750 163.09500 85.40000 107.94250 163.09500 85.40000 113.94250 162.90500 80.36000 114.05750 162.90500 80.36000 114.05750 163.09500 80.36000 113.94250 163.09500 80.36000 113.94250 162.90500 85.40000 114.05750 162.90500 85.40000 114.05750 163.09500 85.40000 113.94250 163.09500 85.40000 119.94250 162.90500 80.36000 120.05750 162.90500 80.36000 120.05750 163.09500 80.36000 119.94250 163.09500 80.36000 119.94250 162.90500 85.40000 120.05750 162.90500 85.40000 120.05750 163.09500 85.40000 119.94250 163.09500 85.40000 125.94250 162.90500 80.36000 126.05750 162.90500 80.36000 126.05750 163.09500 80.36000 125.94250 163.09500 80.36000 125.94250 162.90500 85.40000 126.05750 162.90500 85.40000 126.05750 163.09500 85.40000 125.94250 163.09500 85.40000 30.00000 162.90000 80.29500 126.00000 162.90000 80.29500 126.00000 163.10000 80.29500 30.00000 163.10000 80.29500 30.00000 162.90000 80.42500 126.00000 162.90000 80.42500 126.00000 163.10000 80.42500 30.00000 163.10000 80.42500 30.00000 162.90000 85.33500 126.00000 162.90000 85.33500 126.00000 163.10000 85.33500 30.00000 163.10000 85.33500 30.00000 162.90000 85.46500 126.00000 162.90000 85.46500 126.00000 163.10000 85.46500 30.00000 163.10000 85.46500 29.90500 114.94250 80.36000 30.09500 114.94250 80.36000 30.09500 115.05750 80.36000 29.90500 115.05750 80.36000 29.90500 114.94250 85.40000 30.09500 114.94250 85.40000 30.09500 115.05750 85.40000 29.90500 115.05750 85.40000 29.90500 119.74250 80.36000 30.09500 119.74250 80.36000 30.09500 119.85750 80.36000 29.90500 119.85750 80.36000 29.90500 119.74250 85.40000 30.09500 119.74250 85.40000 30.09500 119.85750 85.40000 29.90500 119.85750 85.40000 29.90500 124.54250 80.36000 30.09500 124.54250 80.36000 30.09500 124.65750 80.36000 29.90500 124.65750 80.36000 29.90500 124.54250 85.40000 30.09500 124.54250 85.40000 30.09500 124.65750 85.40000 29.90500 124.65750 85.40000 29.90500 129.34250 80.36000 30.09500 129.34250 80.36000 30.09500 129.45750 80.36000 29.90500 129.45750 80.36000 29.90500 129.34250 85.40000 30.09500 129.34250 85.40000 30.09500 129.45750 85.40000 29.90500 129.45750 85.40000 29.90500 134.14250 80.36000 30.09500 134.14250 80.36000 30.09500 134.25750 80.36000 29.90500 134.25750 80.36000 29.90500 134.14250 85.40000 30.09500 134.14250 85.40000 30.09500 134.25750 85.40000 29.90500 134.25750 85.40000 29.90500 138.94250 80.36000 30.09500 138.94250 80.36000 30.09500 139.05750 80.36000 29.90500 139.05750 80.36000 29.90500 138.94250 85.40000 30.09500 138.94250 85.40000 30.09500 139.05750 85.40000 29.90500 139.05750 85.40000 29.90500 143.74250 80.36000 30.09500 143.74250 80.36000 30.09500 143.85750 80.36000 29.90500 143.85750 80.36000 29.90500 143.74250 85.40000 30.09500 143.74250 85.40000 30.09500 143.85750 85.40000 29.90500 143.85750 85.40000 29.90500 148.54250 80.36000 30.09500 148.54250 80.36000 30.09500 148.65750 80.36000 29.90500 148.65750 80.36000 29.90500 148.54250 85.40000 30.09500 148.54250 85.40000 30.09500 148.65750 85.40000 29.90500 148.65750 85.40000 29.90500 153.34250 80.36000 30.09500 153.34250 80.36000 30.09500 153.45750 80.36000 29.90500 153.45750 80.36000 29.90500 153.34250 85.40000 30.09500 153.34250 85.40000 30.09500 153.45750 85.40000 29.90500 153.45750 85.40000 29.90500 158.14250 80.36000 30.09500 158.14250 80.36000 30.09500 158.25750 80.36000 29.90500 158.25750 80.36000 29.90500 158.14250 85.40000 30.09500 158.14250 85.40000 30.09500 158.25750 85.40000 29.90500 158.25750 85.40000 29.90500 162.94250 80.36000 30.09500 162.94250 80.36000 30.09500 163.05750 80.36000 29.90500 163.05750 80.36000 29.90500 162.94250 85.40000 30.09500 162.94250 85.40000 30.09500 163.05750 85.40000 29.90500 163.05750 85.40000 29.90000 115.00000 80.29500 30.10000 115.00000 80.29500 30.10000 163.00000 80.29500 29.90000 163.00000 80.29500 29.90000 115.00000 80.42500 30.10000 115.00000 80.42500 30.10000 163.00000 80.42500 29.90000 163.00000 80.42500 29.90000 115.00000 85.33500 30.10000 115.00000 85.33500 30.10000 163.00000 85.33500 29.90000 163.00000 85.33500 29.90000 115.00000 85.46500 30.10000 115.00000 85.46500 30.10000 163.00000 85.46500 29.90000 163.00000 85.46500 125.90500 114.94250 80.36000 126.09500 114.94250 80.36000 126.09500 115.05750 80.36000 125.90500 115.05750 80.36000 125.90500 114.94250 85.40000 126.09500 114.94250 85.40000 126.09500 115.05750 85.40000 125.90500 115.05750 85.40000 125.90500 119.14250 80.36000 126.09500 119.14250 80.36000 126.09500 119.25750 80.36000 125.90500 119.25750 80.36000 125.90500 119.14250 85.40000 126.09500 119.14250 85.40000 126.09500 119.25750 85.40000 125.90500 119.25750 85.40000 125.90500 123.34250 80.36000 126.09500 123.34250 80.36000 126.09500 123.45750 80.36000 125.90500 123.45750 80.36000 125.90500 123.34250 85.40000 126.09500 123.34250 85.40000 126.09500 123.45750 85.40000 125.90500 123.45750 85.40000 125.90500 127.54250 80.36000 126.09500 127.54250 80.36000 126.09500 127.65750 80.36000 125.90500 127.65750 80.36000 125.90500 127.54250 85.40000 126.09500 127.54250 85.40000 126.09500 127.65750 85.40000 125.90500 127.65750 85.40000 125.90500 131.74250 80.36000 126.09500 131.74250 80.36000 126.09500 131.85750 80.36000 125.90500 131.85750 80.36000 125.90500 131.74250 85.40000 126.09500 131.74250 85.40000 126.09500 131.85750 85.40000 125.90500 131.85750 85.40000 125.90500 135.94250 80.36000 126.09500 135.94250 80.36000 126.09500 136.05750 80.36000 125.90500 136.05750 80.36000 125.90500 135.94250 85.40000 126.09500 135.94250 85.40000 126.09500 136.05750 85.40000 125.90500 136.05750 85.40000 125.90000 115.00000 80.29500 126.10000 115.00000 80.29500 126.10000 136.00000 80.29500 125.90000 136.00000 80.29500 125.90000 115.00000 80.42500 126.10000 115.00000 80.42500 126.10000 136.00000 80.42500 125.90000 136.00000 80.42500 125.90000 115.00000 85.33500 126.10000 115.00000 85.33500 126.10000 136.00000 85.33500 125.90000 136.00000 85.33500 125.90000 115.00000 85.46500 126.10000 115.00000 85.46500 126.10000 136.00000 85.46500 125.90000 136.00000 85.46500 125.90500 143.94250 80.36000 126.09500 143.94250 80.36000 126.09500 144.05750 80.36000 125.90500 144.05750 80.36000 125.90500 143.94250 85.40000 126.09500 143.94250 85.40000 126.09500 144.05750 85.40000 125.90500 144.05750 85.40000 125.90500 148.69250 80.36000 126.09500 148.69250 80.36000 126.09500 148.80750 80.36000 125.90500 148.80750 80.36000 125.90500 148.69250 85.40000 126.09500 148.69250 85.40000 126.09500 148.80750 85.40000 125.90500 148.80750 85.40000 125.90500 153.44250 80.36000 126.09500 153.44250 80.36000 126.09500 153.55750 80.36000 125.90500 153.55750 80.36000 125.90500 153.44250 85.40000 126.09500 153.44250 85.40000 126.09500 153.55750 85.40000 125.90500 153.55750 85.40000 125.90500 158.19250 80.36000 126.09500 158.19250 80.36000 126.09500 158.30750 80.36000 125.90500 158.30750 80.36000 125.90500 158.19250 85.40000 126.09500 158.19250 85.40000 126.09500 158.30750 85.40000 125.90500 158.30750 85.40000 125.90500 162.94250 80.36000 126.09500 162.94250 80.36000 126.09500 163.05750 80.36000 125.90500 163.05750 80.36000 125.90500 162.94250 85.40000 126.09500 162.94250 85.40000 126.09500 163.05750 85.40000 125.90500 163.05750 85.40000 125.90000 144.00000 80.29500 126.10000 144.00000 80.29500 126.10000 163.00000 80.29500 125.90000 163.00000 80.29500 125.90000 144.00000 80.42500 126.10000 144.00000 80.42500 126.10000 163.00000 80.42500 125.90000 163.00000 80.42500 125.90000 144.00000 85.33500 126.10000 144.00000 85.33500 126.10000 163.00000 85.33500 125.90000 163.00000 85.33500 125.90000 144.00000 85.46500 126.10000 144.00000 85.46500 126.10000 163.00000 85.46500 125.90000 163.00000 85.46500 125.75000 136.00000 84.40000 126.25000 136.00000 84.40000 126.25000 144.00000 84.40000 125.75000 144.00000 84.40000 125.75000 136.00000 85.46000 126.25000 136.00000 85.46000 126.25000 144.00000 85.46000 125.75000 144.00000 85.46000 29.94250 114.90500 85.96000 30.05750 114.90500 85.96000 30.05750 115.09500 85.96000 29.94250 115.09500 85.96000 29.94250 114.90500 91.00000 30.05750 114.90500 91.00000 30.05750 115.09500 91.00000 29.94250 115.09500 91.00000 35.65679 114.90500 85.96000 35.77179 114.90500 85.96000 35.77179 115.09500 85.96000 35.65679 115.09500 85.96000 35.65679 114.90500 91.00000 35.77179 114.90500 91.00000 35.77179 115.09500 91.00000 35.65679 115.09500 91.00000 41.37107 114.90500 85.96000 41.48607 114.90500 85.96000 41.48607 115.09500 85.96000 41.37107 115.09500 85.96000 41.37107 114.90500 91.00000 41.48607 114.90500 91.00000 41.48607 115.09500 91.00000 41.37107 115.09500 91.00000 47.08536 114.90500 85.96000 47.20036 114.90500 85.96000 47.20036 115.09500 85.96000 47.08536 115.09500 85.96000 47.08536 114.90500 91.00000 47.20036 114.90500 91.00000 47.20036 115.09500 91.00000 47.08536 115.09500 91.00000 52.79964 114.90500 85.96000 52.91464 114.90500 85.96000 52.91464 115.09500 85.96000 52.79964 115.09500 85.96000 52.79964 114.90500 91.00000 52.91464 114.90500 91.00000 52.91464 115.09500 91.00000 52.79964 115.09500 91.00000 58.51393 114.90500 85.96000 58.62893 114.90500 85.96000 58.62893 115.09500 85.96000 58.51393 115.09500 85.96000 58.51393 114.90500 91.00000 58.62893 114.90500 91.00000 58.62893 115.09500 91.00000 58.51393 115.09500 91.00000 64.22821 114.90500 85.96000 64.34321 114.90500 85.96000 64.34321 115.09500 85.96000 64.22821 115.09500 85.96000 64.22821 114.90500 91.00000 64.34321 114.90500 91.00000 64.34321 115.09500 91.00000 64.22821 115.09500 91.00000 69.94250 114.90500 85.96000 70.05750 114.90500 85.96000 70.05750 115.09500 85.96000 69.94250 115.09500 85.96000 69.94250 114.90500 91.00000 70.05750 114.90500 91.00000 70.05750 115.09500 91.00000 69.94250 115.09500 91.00000 30.00000 114.90000 85.89500 70.00000 114.90000 85.89500 70.00000 115.10000 85.89500 30.00000 115.10000 85.89500 30.00000 114.90000 86.02500 70.00000 114.90000 86.02500 70.00000 115.10000 86.02500 30.00000 115.10000 86.02500 30.00000 114.90000 90.93500 70.00000 114.90000 90.93500 70.00000 115.10000 90.93500 30.00000 115.10000 90.93500 30.00000 114.90000 91.06500 70.00000 114.90000 91.06500 70.00000 115.10000 91.06500 30.00000 115.10000 91.06500 69.94250 118.90500 85.96000 70.05750 118.90500 85.96000 70.05750 119.09500 85.96000 69.94250 119.09500 85.96000 69.94250 118.90500 91.00000 70.05750 118.90500 91.00000 70.05750 119.09500 91.00000 69.94250 119.09500 91.00000 75.60917 118.90500 85.96000 75.72417 118.90500 85.96000 75.72417 119.09500 85.96000 75.60917 119.09500 85.96000 75.60917 118.90500 91.00000 75.72417 118.90500 91.00000 75.72417 119.09500 91.00000 75.60917 119.09500 91.00000 81.27583 118.90500 85.96000 81.39083 118.90500 85.96000 81.39083 119.09500 85.96000 81.27583 119.09500 85.96000 81.27583 118.90500 91.00000 81.39083 118.90500 91.00000 81.39083 119.09500 91.00000 81.27583 119.09500 91.00000 86.94250 118.90500 85.96000 87.05750 118.90500 85.96000 87.05750 119.09500 85.96000 86.94250 119.09500 85.96000 86.94250 118.90500 91.00000 87.05750 118.90500 91.00000 87.05750 119.09500 91.00000 86.94250 119.09500 91.00000 70.00000 118.90000 85.89500 87.00000 118.90000 85.89500 87.00000 119.10000 85.89500 70.00000 119.10000 85.89500 70.00000 118.90000 86.02500 87.00000 118.90000 86.02500 87.00000 119.10000 86.02500 70.00000 119.10000 86.02500 70.00000 118.90000 90.93500 87.00000 118.90000 90.93500 87.00000 119.10000 90.93500 70.00000 119.10000 90.93500 70.00000 118.90000 91.06500 87.00000 118.90000 91.06500 87.00000 119.10000 91.06500 70.00000 119.10000 91.06500 86.94250 114.90500 85.96000 87.05750 114.90500 85.96000 87.05750 115.09500 85.96000 86.94250 115.09500 85.96000 86.94250 114.90500 91.00000 87.05750 114.90500 91.00000 87.05750 115.09500 91.00000 86.94250 115.09500 91.00000 92.51393 114.90500 85.96000 92.62893 114.90500 85.96000 92.62893 115.09500 85.96000 92.51393 115.09500 85.96000 92.51393 114.90500 91.00000 92.62893 114.90500 91.00000 92.62893 115.09500 91.00000 92.51393 115.09500 91.00000 98.08536 114.90500 85.96000 98.20036 114.90500 85.96000 98.20036 115.09500 85.96000 98.08536 115.09500 85.96000 98.08536 114.90500 91.00000 98.20036 114.90500 91.00000 98.20036 115.09500 91.00000 98.08536 115.09500 91.00000 103.65679 114.90500 85.96000 103.77179 114.90500 85.96000 103.77179 115.09500 85.96000 103.65679 115.09500 85.96000 103.65679 114.90500 91.00000 103.77179 114.90500 91.00000 103.77179 115.09500 91.00000 103.65679 115.09500 91.00000 109.22821 114.90500 85.96000 109.34321 114.90500 85.96000 109.34321 115.09500 85.96000 109.22821 115.09500 85.96000 109.22821 114.90500 91.00000 109.34321 114.90500 91.00000 109.34321 115.09500 91.00000 109.22821 115.09500 91.00000 114.79964 114.90500 85.96000 114.91464 114.90500 85.96000 114.91464 115.09500 85.96000 114.79964 115.09500 85.96000 114.79964 114.90500 91.00000 114.91464 114.90500 91.00000 114.91464 115.09500 91.00000 114.79964 115.09500 91.00000 120.37107 114.90500 85.96000 120.48607 114.90500 85.96000 120.48607 115.09500 85.96000 120.37107 115.09500 85.96000 120.37107 114.90500 91.00000 120.48607 114.90500 91.00000 120.48607 115.09500 91.00000 120.37107 115.09500 91.00000 125.94250 114.90500 85.96000 126.05750 114.90500 85.96000 126.05750 115.09500 85.96000 125.94250 115.09500 85.96000 125.94250 114.90500 91.00000 126.05750 114.90500 91.00000 126.05750 115.09500 91.00000 125.94250 115.09500 91.00000 87.00000 114.90000 85.89500 126.00000 114.90000 85.89500 126.00000 115.10000 85.89500 87.00000 115.10000 85.89500 87.00000 114.90000 86.02500 126.00000 114.90000 86.02500 126.00000 115.10000 86.02500 87.00000 115.10000 86.02500 87.00000 114.90000 90.93500 126.00000 114.90000 90.93500 126.00000 115.10000 90.93500 87.00000 115.10000 90.93500 87.00000 114.90000 91.06500 126.00000 114.90000 91.06500 126.00000 115.10000 91.06500 87.00000 115.10000 91.06500 29.94250 162.90500 85.96000 30.05750 162.90500 85.96000 30.05750 163.09500 85.96000 29.94250 163.09500 85.96000 29.94250 162.90500 91.00000 30.05750 162.90500 91.00000 30.05750 163.09500 91.00000 29.94250 163.09500 91.00000 35.94250 162.90500 85.96000 36.05750 162.90500 85.96000 36.05750 163.09500 85.96000 35.94250 163.09500 85.96000 35.94250 162.90500 91.00000 36.05750 162.90500 91.00000 36.05750 163.09500 91.00000 35.94250 163.09500 91.00000 41.94250 162.90500 85.96000 42.05750 162.90500 85.96000 42.05750 163.09500 85.96000 41.94250 163.09500 85.96000 41.94250 162.90500 91.00000 42.05750 162.90500 91.00000 42.05750 163.09500 91.00000 41.94250 163.09500 91.00000 47.94250 162.90500 85.96000 48.05750 162.90500 85.96000 48.05750 163.09500 85.96000 47.94250 163.09500 85.96000 47.94250 162.90500 91.00000 48.05750 162.90500 91.00000 48.05750 163.09500 91.00000 47.94250 163.09500 91.00000 53.94250 162.90500 85.96000 54.05750 162.90500 85.96000 54.05750 163.09500 85.96000 53.94250 163.09500 85.96000 53.94250 162.90500 91.00000 54.05750 162.90500 91.00000 54.05750 163.09500 91.00000 53.94250 163.09500 91.00000 59.94250 162.90500 85.96000 60.05750 162.90500 85.96000 60.05750 163.09500 85.96000 59.94250 163.09500 85.96000 59.94250 162.90500 91.00000 60.05750 162.90500 91.00000 60.05750 163.09500 91.00000 59.94250 163.09500 91.00000 65.94250 162.90500 85.96000 66.05750 162.90500 85.96000 66.05750 163.09500 85.96000 65.94250 163.09500 85.96000 65.94250 162.90500 91.00000 66.05750 162.90500 91.00000 66.05750 163.09500 91.00000 65.94250 163.09500 91.00000 71.94250 162.90500 85.96000 72.05750 162.90500 85.96000 72.05750 163.09500 85.96000 71.94250 163.09500 85.96000 71.94250 162.90500 91.00000 72.05750 162.90500 91.00000 72.05750 163.09500 91.00000 71.94250 163.09500 91.00000 77.94250 162.90500 85.96000 78.05750 162.90500 85.96000 78.05750 163.09500 85.96000 77.94250 163.09500 85.96000 77.94250 162.90500 91.00000 78.05750 162.90500 91.00000 78.05750 163.09500 91.00000 77.94250 163.09500 91.00000 83.94250 162.90500 85.96000 84.05750 162.90500 85.96000 84.05750 163.09500 85.96000 83.94250 163.09500 85.96000 83.94250 162.90500 91.00000 84.05750 162.90500 91.00000 84.05750 163.09500 91.00000 83.94250 163.09500 91.00000 89.94250 162.90500 85.96000 90.05750 162.90500 85.96000 90.05750 163.09500 85.96000 89.94250 163.09500 85.96000 89.94250 162.90500 91.00000 90.05750 162.90500 91.00000 90.05750 163.09500 91.00000 89.94250 163.09500 91.00000 95.94250 162.90500 85.96000 96.05750 162.90500 85.96000 96.05750 163.09500 85.96000 95.94250 163.09500 85.96000 95.94250 162.90500 91.00000 96.05750 162.90500 91.00000 96.05750 163.09500 91.00000 95.94250 163.09500 91.00000 101.94250 162.90500 85.96000 102.05750 162.90500 85.96000 102.05750 163.09500 85.96000 101.94250 163.09500 85.96000 101.94250 162.90500 91.00000 102.05750 162.90500 91.00000 102.05750 163.09500 91.00000 101.94250 163.09500 91.00000 107.94250 162.90500 85.96000 108.05750 162.90500 85.96000 108.05750 163.09500 85.96000 107.94250 163.09500 85.96000 107.94250 162.90500 91.00000 108.05750 162.90500 91.00000 108.05750 163.09500 91.00000 107.94250 163.09500 91.00000 113.94250 162.90500 85.96000 114.05750 162.90500 85.96000 114.05750 163.09500 85.96000 113.94250 163.09500 85.96000 113.94250 162.90500 91.00000 114.05750 162.90500 91.00000 114.05750 163.09500 91.00000 113.94250 163.09500 91.00000 119.94250 162.90500 85.96000 120.05750 162.90500 85.96000 120.05750 163.09500 85.96000 119.94250 163.09500 85.96000 119.94250 162.90500 91.00000 120.05750 162.90500 91.00000 120.05750 163.09500 91.00000 119.94250 163.09500 91.00000 125.94250 162.90500 85.96000 126.05750 162.90500 85.96000 126.05750 163.09500 85.96000 125.94250 163.09500 85.96000 125.94250 162.90500 91.00000 126.05750 162.90500 91.00000 126.05750 163.09500 91.00000 125.94250 163.09500 91.00000 30.00000 162.90000 85.89500 126.00000 162.90000 85.89500 126.00000 163.10000 85.89500 30.00000 163.10000 85.89500 30.00000 162.90000 86.02500 126.00000 162.90000 86.02500 126.00000 163.10000 86.02500 30.00000 163.10000 86.02500 30.00000 162.90000 90.93500 126.00000 162.90000 90.93500 126.00000 163.10000 90.93500 30.00000 163.10000 90.93500 30.00000 162.90000 91.06500 126.00000 162.90000 91.06500 126.00000 163.10000 91.06500 30.00000 163.10000 91.06500 29.90500 114.94250 85.96000 30.09500 114.94250 85.96000 30.09500 115.05750 85.96000 29.90500 115.05750 85.96000 29.90500 114.94250 91.00000 30.09500 114.94250 91.00000 30.09500 115.05750 91.00000 29.90500 115.05750 91.00000 29.90500 119.74250 85.96000 30.09500 119.74250 85.96000 30.09500 119.85750 85.96000 29.90500 119.85750 85.96000 29.90500 119.74250 91.00000 30.09500 119.74250 91.00000 30.09500 119.85750 91.00000 29.90500 119.85750 91.00000 29.90500 124.54250 85.96000 30.09500 124.54250 85.96000 30.09500 124.65750 85.96000 29.90500 124.65750 85.96000 29.90500 124.54250 91.00000 30.09500 124.54250 91.00000 30.09500 124.65750 91.00000 29.90500 124.65750 91.00000 29.90500 129.34250 85.96000 30.09500 129.34250 85.96000 30.09500 129.45750 85.96000 29.90500 129.45750 85.96000 29.90500 129.34250 91.00000 30.09500 129.34250 91.00000 30.09500 129.45750 91.00000 29.90500 129.45750 91.00000 29.90500 134.14250 85.96000 30.09500 134.14250 85.96000 30.09500 134.25750 85.96000 29.90500 134.25750 85.96000 29.90500 134.14250 91.00000 30.09500 134.14250 91.00000 30.09500 134.25750 91.00000 29.90500 134.25750 91.00000 29.90500 138.94250 85.96000 30.09500 138.94250 85.96000 30.09500 139.05750 85.96000 29.90500 139.05750 85.96000 29.90500 138.94250 91.00000 30.09500 138.94250 91.00000 30.09500 139.05750 91.00000 29.90500 139.05750 91.00000 29.90500 143.74250 85.96000 30.09500 143.74250 85.96000 30.09500 143.85750 85.96000 29.90500 143.85750 85.96000 29.90500 143.74250 91.00000 30.09500 143.74250 91.00000 30.09500 143.85750 91.00000 29.90500 143.85750 91.00000 29.90500 148.54250 85.96000 30.09500 148.54250 85.96000 30.09500 148.65750 85.96000 29.90500 148.65750 85.96000 29.90500 148.54250 91.00000 30.09500 148.54250 91.00000 30.09500 148.65750 91.00000 29.90500 148.65750 91.00000 29.90500 153.34250 85.96000 30.09500 153.34250 85.96000 30.09500 153.45750 85.96000 29.90500 153.45750 85.96000 29.90500 153.34250 91.00000 30.09500 153.34250 91.00000 30.09500 153.45750 91.00000 29.90500 153.45750 91.00000 29.90500 158.14250 85.96000 30.09500 158.14250 85.96000 30.09500 158.25750 85.96000 29.90500 158.25750 85.96000 29.90500 158.14250 91.00000 30.09500 158.14250 91.00000 30.09500 158.25750 91.00000 29.90500 158.25750 91.00000 29.90500 162.94250 85.96000 30.09500 162.94250 85.96000 30.09500 163.05750 85.96000 29.90500 163.05750 85.96000 29.90500 162.94250 91.00000 30.09500 162.94250 91.00000 30.09500 163.05750 91.00000 29.90500 163.05750 91.00000 29.90000 115.00000 85.89500 30.10000 115.00000 85.89500 30.10000 163.00000 85.89500 29.90000 163.00000 85.89500 29.90000 115.00000 86.02500 30.10000 115.00000 86.02500 30.10000 163.00000 86.02500 29.90000 163.00000 86.02500 29.90000 115.00000 90.93500 30.10000 115.00000 90.93500 30.10000 163.00000 90.93500 29.90000 163.00000 90.93500 29.90000 115.00000 91.06500 30.10000 115.00000 91.06500 30.10000 163.00000 91.06500 29.90000 163.00000 91.06500 125.90500 114.94250 85.96000 126.09500 114.94250 85.96000 126.09500 115.05750 85.96000 125.90500 115.05750 85.96000 125.90500 114.94250 91.00000 126.09500 114.94250 91.00000 126.09500 115.05750 91.00000 125.90500 115.05750 91.00000 125.90500 119.74250 85.96000 126.09500 119.74250 85.96000 126.09500 119.85750 85.96000 125.90500 119.85750 85.96000 125.90500 119.74250 91.00000 126.09500 119.74250 91.00000 126.09500 119.85750 91.00000 125.90500 119.85750 91.00000 125.90500 124.54250 85.96000 126.09500 124.54250 85.96000 126.09500 124.65750 85.96000 125.90500 124.65750 85.96000 125.90500 124.54250 91.00000 126.09500 124.54250 91.00000 126.09500 124.65750 91.00000 125.90500 124.65750 91.00000 125.90500 129.34250 85.96000 126.09500 129.34250 85.96000 126.09500 129.45750 85.96000 125.90500 129.45750 85.96000 125.90500 129.34250 91.00000 126.09500 129.34250 91.00000 126.09500 129.45750 91.00000 125.90500 129.45750 91.00000 125.90500 134.14250 85.96000 126.09500 134.14250 85.96000 126.09500 134.25750 85.96000 125.90500 134.25750 85.96000 125.90500 134.14250 91.00000 126.09500 134.14250 91.00000 126.09500 134.25750 91.00000 125.90500 134.25750 91.00000 125.90500 138.94250 85.96000 126.09500 138.94250 85.96000 126.09500 139.05750 85.96000 125.90500 139.05750 85.96000 125.90500 138.94250 91.00000 126.09500 138.94250 91.00000 126.09500 139.05750 91.00000 125.90500 139.05750 91.00000 125.90500 143.74250 85.96000 126.09500 143.74250 85.96000 126.09500 143.85750 85.96000 125.90500 143.85750 85.96000 125.90500 143.74250 91.00000 126.09500 143.74250 91.00000 126.09500 143.85750 91.00000 125.90500 143.85750 91.00000 125.90500 148.54250 85.96000 126.09500 148.54250 85.96000 126.09500 148.65750 85.96000 125.90500 148.65750 85.96000 125.90500 148.54250 91.00000 126.09500 148.54250 91.00000 126.09500 148.65750 91.00000 125.90500 148.65750 91.00000 125.90500 153.34250 85.96000 126.09500 153.34250 85.96000 126.09500 153.45750 85.96000 125.90500 153.45750 85.96000 125.90500 153.34250 91.00000 126.09500 153.34250 91.00000 126.09500 153.45750 91.00000 125.90500 153.45750 91.00000 125.90500 158.14250 85.96000 126.09500 158.14250 85.96000 126.09500 158.25750 85.96000 125.90500 158.25750 85.96000 125.90500 158.14250 91.00000 126.09500 158.14250 91.00000 126.09500 158.25750 91.00000 125.90500 158.25750 91.00000 125.90500 162.94250 85.96000 126.09500 162.94250 85.96000 126.09500 163.05750 85.96000 125.90500 163.05750 85.96000 125.90500 162.94250 91.00000 126.09500 162.94250 91.00000 126.09500 163.05750 91.00000 125.90500 163.05750 91.00000 125.90000 115.00000 85.89500 126.10000 115.00000 85.89500 126.10000 163.00000 85.89500 125.90000 163.00000 85.89500 125.90000 115.00000 86.02500 126.10000 115.00000 86.02500 126.10000 163.00000 86.02500 125.90000 163.00000 86.02500 125.90000 115.00000 90.93500 126.10000 115.00000 90.93500 126.10000 163.00000 90.93500 125.90000 163.00000 90.93500 125.90000 115.00000 91.06500 126.10000 115.00000 91.06500 126.10000 163.00000 91.06500 125.90000 163.00000 91.06500 29.71000 114.35000 80.20000 30.29000 114.35000 80.20000 30.29000 115.05000 80.20000 29.71000 115.05000 80.20000 29.71000 114.35000 91.40000 30.29000 114.35000 91.40000 30.29000 115.05000 91.40000 29.71000 115.05000 91.40000 49.71000 114.35000 80.20000 50.29000 114.35000 80.20000 50.29000 115.05000 80.20000 49.71000 115.05000 80.20000 49.71000 114.35000 91.40000 50.29000 114.35000 91.40000 50.29000 115.05000 91.40000 49.71000 115.05000 91.40000 69.71000 114.35000 80.20000 70.29000 114.35000 80.20000 70.29000 115.05000 80.20000 69.71000 115.05000 80.20000 69.71000 114.35000 91.40000 70.29000 114.35000 91.40000 70.29000 115.05000 91.40000 69.71000 115.05000 91.40000 85.71000 114.35000 80.20000 86.29000 114.35000 80.20000 86.29000 115.05000 80.20000 85.71000 115.05000 80.20000 85.71000 114.35000 91.40000 86.29000 114.35000 91.40000 86.29000 115.05000 91.40000 85.71000 115.05000 91.40000 106.71000 114.35000 80.20000 107.29000 114.35000 80.20000 107.29000 115.05000 80.20000 106.71000 115.05000 80.20000 106.71000 114.35000 91.40000 107.29000 114.35000 91.40000 107.29000 115.05000 91.40000 106.71000 115.05000 91.40000 125.71000 114.35000 80.20000 126.29000 114.35000 80.20000 126.29000 115.05000 80.20000 125.71000 115.05000 80.20000 125.71000 114.35000 91.40000 126.29000 114.35000 91.40000 126.29000 115.05000 91.40000 125.71000 115.05000 91.40000 31.32500 116.40000 93.57000 32.67500 116.40000 93.57000 32.67500 119.60000 93.57000 31.32500 119.60000 93.57000 31.32500 116.40000 93.75000 32.67500 116.40000 93.75000 32.67500 119.60000 93.75000 31.32500 119.60000 93.75000 67.32500 116.40000 93.57000 68.67500 116.40000 93.57000 68.67500 119.60000 93.57000 67.32500 119.60000 93.57000 67.32500 116.40000 93.75000 68.67500 116.40000 93.75000 68.67500 119.60000 93.75000 67.32500 119.60000 93.75000 88.32500 116.40000 93.57000 89.67500 116.40000 93.57000 89.67500 119.60000 93.57000 88.32500 119.60000 93.57000 88.32500 116.40000 93.75000 89.67500 116.40000 93.75000 89.67500 119.60000 93.75000 88.32500 119.60000 93.75000 123.32500 116.40000 93.57000 124.67500 116.40000 93.57000 124.67500 119.60000 93.57000 123.32500 119.60000 93.57000 123.32500 116.40000 93.75000 124.67500 116.40000 93.75000 124.67500 119.60000 93.75000 123.32500 119.60000 93.75000 69.50000 107.00000 84.72000 86.50000 107.00000 84.72000 86.50000 115.00000 84.72000 69.50000 115.00000 84.72000 69.50000 107.00000 85.08000 86.50000 107.00000 85.08000 86.50000 115.00000 85.08000 69.50000 115.00000 85.08000 69.80000 109.00000 80.20000 69.69282 109.40000 80.20000 69.40000 109.69282 80.20000 69.00000 109.80000 80.20000 68.60000 109.69282 80.20000 68.30718 109.40000 80.20000 68.20000 109.00000 80.20000 68.30718 108.60000 80.20000 68.60000 108.30718 80.20000 69.00000 108.20000 80.20000 69.40000 108.30718 80.20000 69.69282 108.60000 80.20000 69.80000 109.00000 81.30000 69.69282 109.40000 81.30000 69.40000 109.69282 81.30000 69.00000 109.80000 81.30000 68.60000 109.69282 81.30000 68.30718 109.40000 81.30000 68.20000 109.00000 81.30000 68.30718 108.60000 81.30000 68.60000 108.30718 81.30000 69.00000 108.20000 81.30000 69.40000 108.30718 81.30000 69.69282 108.60000 81.30000 69.00000 109.00000 80.20000 69.00000 109.00000 81.30000 88.80000 109.00000 80.20000 88.69282 109.40000 80.20000 88.40000 109.69282 80.20000 88.00000 109.80000 80.20000 87.60000 109.69282 80.20000 87.30718 109.40000 80.20000 87.20000 109.00000 80.20000 87.30718 108.60000 80.20000 87.60000 108.30718 80.20000 88.00000 108.20000 80.20000 88.40000 108.30718 80.20000 88.69282 108.60000 80.20000 88.80000 109.00000 81.30000 88.69282 109.40000 81.30000 88.40000 109.69282 81.30000 88.00000 109.80000 81.30000 87.60000 109.69282 81.30000 87.30718 109.40000 81.30000 87.20000 109.00000 81.30000 87.30718 108.60000 81.30000 87.60000 108.30718 81.30000 88.00000 108.20000 81.30000 88.40000 108.30718 81.30000 88.69282 108.60000 81.30000 88.00000 109.00000 80.20000 88.00000 109.00000 81.30000 27.94250 109.90500 85.90000 28.05750 109.90500 85.90000 28.05750 110.09500 85.90000 27.94250 110.09500 85.90000 27.94250 109.90500 86.95000 28.05750 109.90500 86.95000 28.05750 110.09500 86.95000 27.94250 110.09500 86.95000 33.79964 109.90500 85.90000 33.91464 109.90500 85.90000 33.91464 110.09500 85.90000 33.79964 110.09500 85.90000 33.79964 109.90500 86.95000 33.91464 109.90500 86.95000 33.91464 110.09500 86.95000 33.79964 110.09500 86.95000 39.65679 109.90500 85.90000 39.77179 109.90500 85.90000 39.77179 110.09500 85.90000 39.65679 110.09500 85.90000 39.65679 109.90500 86.95000 39.77179 109.90500 86.95000 39.77179 110.09500 86.95000 39.65679 110.09500 86.95000 45.51393 109.90500 85.90000 45.62893 109.90500 85.90000 45.62893 110.09500 85.90000 45.51393 110.09500 85.90000 45.51393 109.90500 86.95000 45.62893 109.90500 86.95000 45.62893 110.09500 86.95000 45.51393 110.09500 86.95000 51.37107 109.90500 85.90000 51.48607 109.90500 85.90000 51.48607 110.09500 85.90000 51.37107 110.09500 85.90000 51.37107 109.90500 86.95000 51.48607 109.90500 86.95000 51.48607 110.09500 86.95000 51.37107 110.09500 86.95000 57.22821 109.90500 85.90000 57.34321 109.90500 85.90000 57.34321 110.09500 85.90000 57.22821 110.09500 85.90000 57.22821 109.90500 86.95000 57.34321 109.90500 86.95000 57.34321 110.09500 86.95000 57.22821 110.09500 86.95000 63.08536 109.90500 85.90000 63.20036 109.90500 85.90000 63.20036 110.09500 85.90000 63.08536 110.09500 85.90000 63.08536 109.90500 86.95000 63.20036 109.90500 86.95000 63.20036 110.09500 86.95000 63.08536 110.09500 86.95000 68.94250 109.90500 85.90000 69.05750 109.90500 85.90000 69.05750 110.09500 85.90000 68.94250 110.09500 85.90000 68.94250 109.90500 86.95000 69.05750 109.90500 86.95000 69.05750 110.09500 86.95000 68.94250 110.09500 86.95000 28.00000 109.90000 85.83500 69.00000 109.90000 85.83500 69.00000 110.10000 85.83500 28.00000 110.10000 85.83500 28.00000 109.90000 85.96500 69.00000 109.90000 85.96500 69.00000 110.10000 85.96500 28.00000 110.10000 85.96500 28.00000 109.90000 86.88500 69.00000 109.90000 86.88500 69.00000 110.10000 86.88500 28.00000 110.10000 86.88500 28.00000 109.90000 87.01500 69.00000 109.90000 87.01500 69.00000 110.10000 87.01500 28.00000 110.10000 87.01500 86.94250 109.90500 85.90000 87.05750 109.90500 85.90000 87.05750 110.09500 85.90000 86.94250 110.09500 85.90000 86.94250 109.90500 86.95000 87.05750 109.90500 86.95000 87.05750 110.09500 86.95000 86.94250 110.09500 86.95000 92.94250 109.90500 85.90000 93.05750 109.90500 85.90000 93.05750 110.09500 85.90000 92.94250 110.09500 85.90000 92.94250 109.90500 86.95000 93.05750 109.90500 86.95000 93.05750 110.09500 86.95000 92.94250 110.09500 86.95000 98.94250 109.90500 85.90000 99.05750 109.90500 85.90000 99.05750 110.09500 85.90000 98.94250 110.09500 85.90000 98.94250 109.90500 86.95000 99.05750 109.90500 86.95000 99.05750 110.09500 86.95000 98.94250 110.09500 86.95000 104.94250 109.90500 85.90000 105.05750 109.90500 85.90000 105.05750 110.09500 85.90000 104.94250 110.09500 85.90000 104.94250 109.90500 86.95000 105.05750 109.90500 86.95000 105.05750 110.09500 86.95000 104.94250 110.09500 86.95000 110.94250 109.90500 85.90000 111.05750 109.90500 85.90000 111.05750 110.09500 85.90000 110.94250 110.09500 85.90000 110.94250 109.90500 86.95000 111.05750 109.90500 86.95000 111.05750 110.09500 86.95000 110.94250 110.09500 86.95000 116.94250 109.90500 85.90000 117.05750 109.90500 85.90000 117.05750 110.09500 85.90000 116.94250 110.09500 85.90000 116.94250 109.90500 86.95000 117.05750 109.90500 86.95000 117.05750 110.09500 86.95000 116.94250 110.09500 86.95000 122.94250 109.90500 85.90000 123.05750 109.90500 85.90000 123.05750 110.09500 85.90000 122.94250 110.09500 85.90000 122.94250 109.90500 86.95000 123.05750 109.90500 86.95000 123.05750 110.09500 86.95000 122.94250 110.09500 86.95000 128.94250 109.90500 85.90000 129.05750 109.90500 85.90000 129.05750 110.09500 85.90000 128.94250 110.09500 85.90000 128.94250 109.90500 86.95000 129.05750 109.90500 86.95000 129.05750 110.09500 86.95000 128.94250 110.09500 86.95000 87.00000 109.90000 85.83500 129.00000 109.90000 85.83500 129.00000 110.10000 85.83500 87.00000 110.10000 85.83500 87.00000 109.90000 85.96500 129.00000 109.90000 85.96500 129.00000 110.10000 85.96500 87.00000 110.10000 85.96500 87.00000 109.90000 86.88500 129.00000 109.90000 86.88500 129.00000 110.10000 86.88500 87.00000 110.10000 86.88500 87.00000 109.90000 87.01500 129.00000 109.90000 87.01500 129.00000 110.10000 87.01500 87.00000 110.10000 87.01500 29.90500 114.94250 75.00000 30.09500 114.94250 75.00000 30.09500 115.05750 75.00000 29.90500 115.05750 75.00000 29.90500 114.94250 79.80000 30.09500 114.94250 79.80000 30.09500 115.05750 79.80000 29.90500 115.05750 79.80000 29.90500 119.14250 75.00000 30.09500 119.14250 75.00000 30.09500 119.25750 75.00000 29.90500 119.25750 75.00000 29.90500 119.14250 79.80000 30.09500 119.14250 79.80000 30.09500 119.25750 79.80000 29.90500 119.25750 79.80000 29.90500 123.34250 75.00000 30.09500 123.34250 75.00000 30.09500 123.45750 75.00000 29.90500 123.45750 75.00000 29.90500 123.34250 79.80000 30.09500 123.34250 79.80000 30.09500 123.45750 79.80000 29.90500 123.45750 79.80000 29.90500 127.54250 75.00000 30.09500 127.54250 75.00000 30.09500 127.65750 75.00000 29.90500 127.65750 75.00000 29.90500 127.54250 79.80000 30.09500 127.54250 79.80000 30.09500 127.65750 79.80000 29.90500 127.65750 79.80000 29.90500 131.74250 75.00000 30.09500 131.74250 75.00000 30.09500 131.85750 75.00000 29.90500 131.85750 75.00000 29.90500 131.74250 79.80000 30.09500 131.74250 79.80000 30.09500 131.85750 79.80000 29.90500 131.85750 79.80000 29.90500 135.94250 75.00000 30.09500 135.94250 75.00000 30.09500 136.05750 75.00000 29.90500 136.05750 75.00000 29.90500 135.94250 79.80000 30.09500 135.94250 79.80000 30.09500 136.05750 79.80000 29.90500 136.05750 79.80000 29.90000 115.00000 74.93500 30.10000 115.00000 74.93500 30.10000 136.00000 74.93500 29.90000 136.00000 74.93500 29.90000 115.00000 75.06500 30.10000 115.00000 75.06500 30.10000 136.00000 75.06500 29.90000 136.00000 75.06500 29.90000 115.00000 79.73500 30.10000 115.00000 79.73500 30.10000 136.00000 79.73500 29.90000 136.00000 79.73500 29.90000 115.00000 79.86500 30.10000 115.00000 79.86500 30.10000 136.00000 79.86500 29.90000 136.00000 79.86500 29.90500 143.94250 75.00000 30.09500 143.94250 75.00000 30.09500 144.05750 75.00000 29.90500 144.05750 75.00000 29.90500 143.94250 79.80000 30.09500 143.94250 79.80000 30.09500 144.05750 79.80000 29.90500 144.05750 79.80000 29.90500 148.69250 75.00000 30.09500 148.69250 75.00000 30.09500 148.80750 75.00000 29.90500 148.80750 75.00000 29.90500 148.69250 79.80000 30.09500 148.69250 79.80000 30.09500 148.80750 79.80000 29.90500 148.80750 79.80000 29.90500 153.44250 75.00000 30.09500 153.44250 75.00000 30.09500 153.55750 75.00000 29.90500 153.55750 75.00000 29.90500 153.44250 79.80000 30.09500 153.44250 79.80000 30.09500 153.55750 79.80000 29.90500 153.55750 79.80000 29.90500 158.19250 75.00000 30.09500 158.19250 75.00000 30.09500 158.30750 75.00000 29.90500 158.30750 75.00000 29.90500 158.19250 79.80000 30.09500 158.19250 79.80000 30.09500 158.30750 79.80000 29.90500 158.30750 79.80000 29.90500 162.94250 75.00000 30.09500 162.94250 75.00000 30.09500 163.05750 75.00000 29.90500 163.05750 75.00000 29.90500 162.94250 79.80000 30.09500 162.94250 79.80000 30.09500 163.05750 79.80000 29.90500 163.05750 79.80000 29.90000 144.00000 74.93500 30.10000 144.00000 74.93500 30.10000 163.00000 74.93500 29.90000 163.00000 74.93500 29.90000 144.00000 75.06500 30.10000 144.00000 75.06500 30.10000 163.00000 75.06500 29.90000 163.00000 75.06500 29.90000 144.00000 79.73500 30.10000 144.00000 79.73500 30.10000 163.00000 79.73500 29.90000 163.00000 79.73500 29.90000 144.00000 79.86500 30.10000 144.00000 79.86500 30.10000 163.00000 79.86500 29.90000 163.00000 79.86500 29.75000 136.00000 79.00000 30.25000 136.00000 79.00000 30.25000 144.00000 79.00000 29.75000 144.00000 79.00000 29.75000 136.00000 79.86000 30.25000 136.00000 79.86000 30.25000 144.00000 79.86000 29.75000 144.00000 79.86000 25.75000 128.00000 74.80000 25.64952 128.37500 74.80000 25.37500 128.64952 74.80000 25.00000 128.75000 74.80000 24.62500 128.64952 74.80000 24.35048 128.37500 74.80000 24.25000 128.00000 74.80000 24.35048 127.62500 74.80000 24.62500 127.35048 74.80000 25.00000 127.25000 74.80000 25.37500 127.35048 74.80000 25.64952 127.62500 74.80000 25.75000 128.00000 75.80000 25.64952 128.37500 75.80000 25.37500 128.64952 75.80000 25.00000 128.75000 75.80000 24.62500 128.64952 75.80000 24.35048 128.37500 75.80000 24.25000 128.00000 75.80000 24.35048 127.62500 75.80000 24.62500 127.35048 75.80000 25.00000 127.25000 75.80000 25.37500 127.35048 75.80000 25.64952 127.62500 75.80000 25.00000 128.00000 74.80000 25.00000 128.00000 75.80000 81.61000 117.96274 74.80350 81.61000 118.03726 74.59650 81.39000 118.03726 74.59650 81.39000 117.96274 74.80350 81.61000 132.96274 80.20350 81.61000 133.03726 79.99650 81.39000 133.03726 79.99650 81.39000 132.96274 80.20350 84.61000 117.96274 74.80350 84.61000 118.03726 74.59650 84.39000 118.03726 74.59650 84.39000 117.96274 74.80350 84.61000 132.96274 80.20350 84.61000 133.03726 79.99650 84.39000 133.03726 79.99650 84.39000 132.96274 80.20350 81.61000 117.96153 80.20305 81.61000 118.03847 79.99695 81.39000 118.03847 79.99695 81.39000 117.96153 80.20305 81.61000 132.96153 85.80305 81.61000 133.03847 85.59695 81.39000 133.03847 85.59695 81.39000 132.96153 85.80305 84.61000 117.96153 80.20305 84.61000 118.03847 79.99695 84.39000 118.03847 79.99695 84.39000 117.96153 80.20305 84.61000 132.96153 85.80305 84.61000 133.03847 85.59695 84.39000 133.03847 85.59695 84.39000 132.96153 85.80305 71.90500 132.94250 80.28000 72.09500 132.94250 80.28000 72.09500 133.05750 80.28000 71.90500 133.05750 80.28000 71.90500 132.94250 81.30000 72.09500 132.94250 81.30000 72.09500 133.05750 81.30000 71.90500 133.05750 81.30000 71.90500 136.94250 80.28000 72.09500 136.94250 80.28000 72.09500 137.05750 80.28000 71.90500 137.05750 80.28000 71.90500 136.94250 81.30000 72.09500 136.94250 81.30000 72.09500 137.05750 81.30000 71.90500 137.05750 81.30000 71.90500 140.94250 80.28000 72.09500 140.94250 80.28000 72.09500 141.05750 80.28000 71.90500 141.05750 80.28000 71.90500 140.94250 81.30000 72.09500 140.94250 81.30000 72.09500 141.05750 81.30000 71.90500 141.05750 81.30000 71.90500 144.94250 80.28000 72.09500 144.94250 80.28000 72.09500 145.05750 80.28000 71.90500 145.05750 80.28000 71.90500 144.94250 81.30000 72.09500 144.94250 81.30000 72.09500 145.05750 81.30000 71.90500 145.05750 81.30000 71.90500 148.94250 80.28000 72.09500 148.94250 80.28000 72.09500 149.05750 80.28000 71.90500 149.05750 80.28000 71.90500 148.94250 81.30000 72.09500 148.94250 81.30000 72.09500 149.05750 81.30000 71.90500 149.05750 81.30000 71.90000 133.00000 80.21500 72.10000 133.00000 80.21500 72.10000 149.00000 80.21500 71.90000 149.00000 80.21500 71.90000 133.00000 80.34500 72.10000 133.00000 80.34500 72.10000 149.00000 80.34500 71.90000 149.00000 80.34500 71.90000 133.00000 81.23500 72.10000 133.00000 81.23500 72.10000 149.00000 81.23500 71.90000 149.00000 81.23500 71.90000 133.00000 81.36500 72.10000 133.00000 81.36500 72.10000 149.00000 81.36500 71.90000 149.00000 81.36500 83.90500 132.94250 80.28000 84.09500 132.94250 80.28000 84.09500 133.05750 80.28000 83.90500 133.05750 80.28000 83.90500 132.94250 81.30000 84.09500 132.94250 81.30000 84.09500 133.05750 81.30000 83.90500 133.05750 81.30000 83.90500 136.94250 80.28000 84.09500 136.94250 80.28000 84.09500 137.05750 80.28000 83.90500 137.05750 80.28000 83.90500 136.94250 81.30000 84.09500 136.94250 81.30000 84.09500 137.05750 81.30000 83.90500 137.05750 81.30000 83.90500 140.94250 80.28000 84.09500 140.94250 80.28000 84.09500 141.05750 80.28000 83.90500 141.05750 80.28000 83.90500 140.94250 81.30000 84.09500 140.94250 81.30000 84.09500 141.05750 81.30000 83.90500 141.05750 81.30000 83.90500 144.94250 80.28000 84.09500 144.94250 80.28000 84.09500 145.05750 80.28000 83.90500 145.05750 80.28000 83.90500 144.94250 81.30000 84.09500 144.94250 81.30000 84.09500 145.05750 81.30000 83.90500 145.05750 81.30000 83.90500 148.94250 80.28000 84.09500 148.94250 80.28000 84.09500 149.05750 80.28000 83.90500 149.05750 80.28000 83.90500 148.94250 81.30000 84.09500 148.94250 81.30000 84.09500 149.05750 81.30000 83.90500 149.05750 81.30000 83.90000 133.00000 80.21500 84.10000 133.00000 80.21500 84.10000 149.00000 80.21500 83.90000 149.00000 80.21500 83.90000 133.00000 80.34500 84.10000 133.00000 80.34500 84.10000 149.00000 80.34500 83.90000 149.00000 80.34500 83.90000 133.00000 81.23500 84.10000 133.00000 81.23500 84.10000 149.00000 81.23500 83.90000 149.00000 81.23500 83.90000 133.00000 81.36500 84.10000 133.00000 81.36500 84.10000 149.00000 81.36500 83.90000 149.00000 81.36500 71.94250 148.90500 80.28000 72.05750 148.90500 80.28000 72.05750 149.09500 80.28000 71.94250 149.09500 80.28000 71.94250 148.90500 81.30000 72.05750 148.90500 81.30000 72.05750 149.09500 81.30000 71.94250 149.09500 81.30000 77.94250 148.90500 80.28000 78.05750 148.90500 80.28000 78.05750 149.09500 80.28000 77.94250 149.09500 80.28000 77.94250 148.90500 81.30000 78.05750 148.90500 81.30000 78.05750 149.09500 81.30000 77.94250 149.09500 81.30000 83.94250 148.90500 80.28000 84.05750 148.90500 80.28000 84.05750 149.09500 80.28000 83.94250 149.09500 80.28000 83.94250 148.90500 81.30000 84.05750 148.90500 81.30000 84.05750 149.09500 81.30000 83.94250 149.09500 81.30000 72.00000 148.90000 80.21500 84.00000 148.90000 80.21500 84.00000 149.10000 80.21500 72.00000 149.10000 80.21500 72.00000 148.90000 80.34500 84.00000 148.90000 80.34500 84.00000 149.10000 80.34500 72.00000 149.10000 80.34500 72.00000 148.90000 81.23500 84.00000 148.90000 81.23500 84.00000 149.10000 81.23500 72.00000 149.10000 81.23500 72.00000 148.90000 81.36500 84.00000 148.90000 81.36500 84.00000 149.10000 81.36500 72.00000 149.10000 81.36500 71.94250 132.90500 80.28000 72.05750 132.90500 80.28000 72.05750 133.09500 80.28000 71.94250 133.09500 80.28000 71.94250 132.90500 81.30000 72.05750 132.90500 81.30000 72.05750 133.09500 81.30000 71.94250 133.09500 81.30000 76.44250 132.90500 80.28000 76.55750 132.90500 80.28000 76.55750 133.09500 80.28000 76.44250 133.09500 80.28000 76.44250 132.90500 81.30000 76.55750 132.90500 81.30000 76.55750 133.09500 81.30000 76.44250 133.09500 81.30000 80.94250 132.90500 80.28000 81.05750 132.90500 80.28000 81.05750 133.09500 80.28000 80.94250 133.09500 80.28000 80.94250 132.90500 81.30000 81.05750 132.90500 81.30000 81.05750 133.09500 81.30000 80.94250 133.09500 81.30000 72.00000 132.90000 80.21500 81.00000 132.90000 80.21500 81.00000 133.10000 80.21500 72.00000 133.10000 80.21500 72.00000 132.90000 80.34500 81.00000 132.90000 80.34500 81.00000 133.10000 80.34500 72.00000 133.10000 80.34500 72.00000 132.90000 81.23500 81.00000 132.90000 81.23500 81.00000 133.10000 81.23500 72.00000 133.10000 81.23500 72.00000 132.90000 81.36500 81.00000 132.90000 81.36500 81.00000 133.10000 81.36500 72.00000 133.10000 81.36500 71.90500 132.94250 85.88000 72.09500 132.94250 85.88000 72.09500 133.05750 85.88000 71.90500 133.05750 85.88000 71.90500 132.94250 86.90000 72.09500 132.94250 86.90000 72.09500 133.05750 86.90000 71.90500 133.05750 86.90000 71.90500 136.94250 85.88000 72.09500 136.94250 85.88000 72.09500 137.05750 85.88000 71.90500 137.05750 85.88000 71.90500 136.94250 86.90000 72.09500 136.94250 86.90000 72.09500 137.05750 86.90000 71.90500 137.05750 86.90000 71.90500 140.94250 85.88000 72.09500 140.94250 85.88000 72.09500 141.05750 85.88000 71.90500 141.05750 85.88000 71.90500 140.94250 86.90000 72.09500 140.94250 86.90000 72.09500 141.05750 86.90000 71.90500 141.05750 86.90000 71.90500 144.94250 85.88000 72.09500 144.94250 85.88000 72.09500 145.05750 85.88000 71.90500 145.05750 85.88000 71.90500 144.94250 86.90000 72.09500 144.94250 86.90000 72.09500 145.05750 86.90000 71.90500 145.05750 86.90000 71.90500 148.94250 85.88000 72.09500 148.94250 85.88000 72.09500 149.05750 85.88000 71.90500 149.05750 85.88000 71.90500 148.94250 86.90000 72.09500 148.94250 86.90000 72.09500 149.05750 86.90000 71.90500 149.05750 86.90000 71.90000 133.00000 85.81500 72.10000 133.00000 85.81500 72.10000 149.00000 85.81500 71.90000 149.00000 85.81500 71.90000 133.00000 85.94500 72.10000 133.00000 85.94500 72.10000 149.00000 85.94500 71.90000 149.00000 85.94500 71.90000 133.00000 86.83500 72.10000 133.00000 86.83500 72.10000 149.00000 86.83500 71.90000 149.00000 86.83500 71.90000 133.00000 86.96500 72.10000 133.00000 86.96500 72.10000 149.00000 86.96500 71.90000 149.00000 86.96500 83.90500 132.94250 85.88000 84.09500 132.94250 85.88000 84.09500 133.05750 85.88000 83.90500 133.05750 85.88000 83.90500 132.94250 86.90000 84.09500 132.94250 86.90000 84.09500 133.05750 86.90000 83.90500 133.05750 86.90000 83.90500 136.94250 85.88000 84.09500 136.94250 85.88000 84.09500 137.05750 85.88000 83.90500 137.05750 85.88000 83.90500 136.94250 86.90000 84.09500 136.94250 86.90000 84.09500 137.05750 86.90000 83.90500 137.05750 86.90000 83.90500 140.94250 85.88000 84.09500 140.94250 85.88000 84.09500 141.05750 85.88000 83.90500 141.05750 85.88000 83.90500 140.94250 86.90000 84.09500 140.94250 86.90000 84.09500 141.05750 86.90000 83.90500 141.05750 86.90000 83.90500 144.94250 85.88000 84.09500 144.94250 85.88000 84.09500 145.05750 85.88000 83.90500 145.05750 85.88000 83.90500 144.94250 86.90000 84.09500 144.94250 86.90000 84.09500 145.05750 86.90000 83.90500 145.05750 86.90000 83.90500 148.94250 85.88000 84.09500 148.94250 85.88000 84.09500 149.05750 85.88000 83.90500 149.05750 85.88000 83.90500 148.94250 86.90000 84.09500 148.94250 86.90000 84.09500 149.05750 86.90000 83.90500 149.05750 86.90000 83.90000 133.00000 85.81500 84.10000 133.00000 85.81500 84.10000 149.00000 85.81500 83.90000 149.00000 85.81500 83.90000 133.00000 85.94500 84.10000 133.00000 85.94500 84.10000 149.00000 85.94500 83.90000 149.00000 85.94500 83.90000 133.00000 86.83500 84.10000 133.00000 86.83500 84.10000 149.00000 86.83500 83.90000 149.00000 86.83500 83.90000 133.00000 86.96500 84.10000 133.00000 86.96500 84.10000 149.00000 86.96500 83.90000 149.00000 86.96500 71.94250 148.90500 85.88000 72.05750 148.90500 85.88000 72.05750 149.09500 85.88000 71.94250 149.09500 85.88000 71.94250 148.90500 86.90000 72.05750 148.90500 86.90000 72.05750 149.09500 86.90000 71.94250 149.09500 86.90000 77.94250 148.90500 85.88000 78.05750 148.90500 85.88000 78.05750 149.09500 85.88000 77.94250 149.09500 85.88000 77.94250 148.90500 86.90000 78.05750 148.90500 86.90000 78.05750 149.09500 86.90000 77.94250 149.09500 86.90000 83.94250 148.90500 85.88000 84.05750 148.90500 85.88000 84.05750 149.09500 85.88000 83.94250 149.09500 85.88000 83.94250 148.90500 86.90000 84.05750 148.90500 86.90000 84.05750 149.09500 86.90000 83.94250 149.09500 86.90000 72.00000 148.90000 85.81500 84.00000 148.90000 85.81500 84.00000 149.10000 85.81500 72.00000 149.10000 85.81500 72.00000 148.90000 85.94500 84.00000 148.90000 85.94500 84.00000 149.10000 85.94500 72.00000 149.10000 85.94500 72.00000 148.90000 86.83500 84.00000 148.90000 86.83500 84.00000 149.10000 86.83500 72.00000 149.10000 86.83500 72.00000 148.90000 86.96500 84.00000 148.90000 86.96500 84.00000 149.10000 86.96500 72.00000 149.10000 86.96500 71.94250 132.90500 85.88000 72.05750 132.90500 85.88000 72.05750 133.09500 85.88000 71.94250 133.09500 85.88000 71.94250 132.90500 86.90000 72.05750 132.90500 86.90000 72.05750 133.09500 86.90000 71.94250 133.09500 86.90000 76.44250 132.90500 85.88000 76.55750 132.90500 85.88000 76.55750 133.09500 85.88000 76.44250 133.09500 85.88000 76.44250 132.90500 86.90000 76.55750 132.90500 86.90000 76.55750 133.09500 86.90000 76.44250 133.09500 86.90000 80.94250 132.90500 85.88000 81.05750 132.90500 85.88000 81.05750 133.09500 85.88000 80.94250 133.09500 85.88000 80.94250 132.90500 86.90000 81.05750 132.90500 86.90000 81.05750 133.09500 86.90000 80.94250 133.09500 86.90000 72.00000 132.90000 85.81500 81.00000 132.90000 85.81500 81.00000 133.10000 85.81500 72.00000 133.10000 85.81500 72.00000 132.90000 85.94500 81.00000 132.90000 85.94500 81.00000 133.10000 85.94500 72.00000 133.10000 85.94500 72.00000 132.90000 86.83500 81.00000 132.90000 86.83500 81.00000 133.10000 86.83500 72.00000 133.10000 86.83500 72.00000 132.90000 86.96500 81.00000 132.90000 86.96500 81.00000 133.10000 86.96500 72.00000 133.10000 86.96500 71.94250 132.90500 91.40000 72.05750 132.90500 91.40000 72.05750 133.09500 91.40000 71.94250 133.09500 91.40000 71.94250 132.90500 93.90000 72.05750 132.90500 93.90000 72.05750 133.09500 93.90000 71.94250 133.09500 93.90000 77.94250 132.90500 91.40000 78.05750 132.90500 91.40000 78.05750 133.09500 91.40000 77.94250 133.09500 91.40000 77.94250 132.90500 93.90000 78.05750 132.90500 93.90000 78.05750 133.09500 93.90000 77.94250 133.09500 93.90000 83.94250 132.90500 91.40000 84.05750 132.90500 91.40000 84.05750 133.09500 91.40000 83.94250 133.09500 91.40000 83.94250 132.90500 93.90000 84.05750 132.90500 93.90000 84.05750 133.09500 93.90000 83.94250 133.09500 93.90000 72.00000 132.90000 91.33500 84.00000 132.90000 91.33500 84.00000 133.10000 91.33500 72.00000 133.10000 91.33500 72.00000 132.90000 91.46500 84.00000 132.90000 91.46500 84.00000 133.10000 91.46500 72.00000 133.10000 91.46500 72.00000 132.90000 93.83500 84.00000 132.90000 93.83500 84.00000 133.10000 93.83500 72.00000 133.10000 93.83500 72.00000 132.90000 93.96500 84.00000 132.90000 93.96500 84.00000 133.10000 93.96500 72.00000 133.10000 93.96500 71.94250 148.90500 91.40000 72.05750 148.90500 91.40000 72.05750 149.09500 91.40000 71.94250 149.09500 91.40000 71.94250 148.90500 93.90000 72.05750 148.90500 93.90000 72.05750 149.09500 93.90000 71.94250 149.09500 93.90000 77.94250 148.90500 91.40000 78.05750 148.90500 91.40000 78.05750 149.09500 91.40000 77.94250 149.09500 91.40000 77.94250 148.90500 93.90000 78.05750 148.90500 93.90000 78.05750 149.09500 93.90000 77.94250 149.09500 93.90000 83.94250 148.90500 91.40000 84.05750 148.90500 91.40000 84.05750 149.09500 91.40000 83.94250 149.09500 91.40000 83.94250 148.90500 93.90000 84.05750 148.90500 93.90000 84.05750 149.09500 93.90000 83.94250 149.09500 93.90000 72.00000 148.90000 91.33500 84.00000 148.90000 91.33500 84.00000 149.10000 91.33500 72.00000 149.10000 91.33500 72.00000 148.90000 91.46500 84.00000 148.90000 91.46500 84.00000 149.10000 91.46500 72.00000 149.10000 91.46500 72.00000 148.90000 93.83500 84.00000 148.90000 93.83500 84.00000 149.10000 93.83500 72.00000 149.10000 93.83500 72.00000 148.90000 93.96500 84.00000 148.90000 93.96500 84.00000 149.10000 93.96500 72.00000 149.10000 93.96500 71.90500 132.94250 91.40000 72.09500 132.94250 91.40000 72.09500 133.05750 91.40000 71.90500 133.05750 91.40000 71.90500 132.94250 93.90000 72.09500 132.94250 93.90000 72.09500 133.05750 93.90000 71.90500 133.05750 93.90000 71.90500 136.94250 91.40000 72.09500 136.94250 91.40000 72.09500 137.05750 91.40000 71.90500 137.05750 91.40000 71.90500 136.94250 93.90000 72.09500 136.94250 93.90000 72.09500 137.05750 93.90000 71.90500 137.05750 93.90000 71.90500 140.94250 91.40000 72.09500 140.94250 91.40000 72.09500 141.05750 91.40000 71.90500 141.05750 91.40000 71.90500 140.94250 93.90000 72.09500 140.94250 93.90000 72.09500 141.05750 93.90000 71.90500 141.05750 93.90000 71.90500 144.94250 91.40000 72.09500 144.94250 91.40000 72.09500 145.05750 91.40000 71.90500 145.05750 91.40000 71.90500 144.94250 93.90000 72.09500 144.94250 93.90000 72.09500 145.05750 93.90000 71.90500 145.05750 93.90000 71.90500 148.94250 91.40000 72.09500 148.94250 91.40000 72.09500 149.05750 91.40000 71.90500 149.05750 91.40000 71.90500 148.94250 93.90000 72.09500 148.94250 93.90000 72.09500 149.05750 93.90000 71.90500 149.05750 93.90000 71.90000 133.00000 91.33500 72.10000 133.00000 91.33500 72.10000 149.00000 91.33500 71.90000 149.00000 91.33500 71.90000 133.00000 91.46500 72.10000 133.00000 91.46500 72.10000 149.00000 91.46500 71.90000 149.00000 91.46500 71.90000 133.00000 93.83500 72.10000 133.00000 93.83500 72.10000 149.00000 93.83500 71.90000 149.00000 93.83500 71.90000 133.00000 93.96500 72.10000 133.00000 93.96500 72.10000 149.00000 93.96500 71.90000 149.00000 93.96500 83.90500 132.94250 91.40000 84.09500 132.94250 91.40000 84.09500 133.05750 91.40000 83.90500 133.05750 91.40000 83.90500 132.94250 93.90000 84.09500 132.94250 93.90000 84.09500 133.05750 93.90000 83.90500 133.05750 93.90000 83.90500 136.94250 91.40000 84.09500 136.94250 91.40000 84.09500 137.05750 91.40000 83.90500 137.05750 91.40000 83.90500 136.94250 93.90000 84.09500 136.94250 93.90000 84.09500 137.05750 93.90000 83.90500 137.05750 93.90000 83.90500 140.94250 91.40000 84.09500 140.94250 91.40000 84.09500 141.05750 91.40000 83.90500 141.05750 91.40000 83.90500 140.94250 93.90000 84.09500 140.94250 93.90000 84.09500 141.05750 93.90000 83.90500 141.05750 93.90000 83.90500 144.94250 91.40000 84.09500 144.94250 91.40000 84.09500 145.05750 91.40000 83.90500 145.05750 91.40000 83.90500 144.94250 93.90000 84.09500 144.94250 93.90000 84.09500 145.05750 93.90000 83.90500 145.05750 93.90000 83.90500 148.94250 91.40000 84.09500 148.94250 91.40000 84.09500 149.05750 91.40000 83.90500 149.05750 91.40000 83.90500 148.94250 93.90000 84.09500 148.94250 93.90000 84.09500 149.05750 93.90000 83.90500 149.05750 93.90000 83.90000 133.00000 91.33500 84.10000 133.00000 91.33500 84.10000 149.00000 91.33500 83.90000 149.00000 91.33500 83.90000 133.00000 91.46500 84.10000 133.00000 91.46500 84.10000 149.00000 91.46500 83.90000 149.00000 91.46500 83.90000 133.00000 93.83500 84.10000 133.00000 93.83500 84.10000 149.00000 93.83500 83.90000 149.00000 93.83500 83.90000 133.00000 93.96500 84.10000 133.00000 93.96500 84.10000 149.00000 93.96500 83.90000 149.00000 93.96500 71.94000 133.00000 93.87000 72.06000 133.00000 93.87000 72.06000 149.00000 93.87000 71.94000 149.00000 93.87000 71.94000 133.00000 94.09000 72.06000 133.00000 94.09000 72.06000 149.00000 94.09000 71.94000 149.00000 94.09000 77.94000 133.00000 93.87000 78.06000 133.00000 93.87000 78.06000 149.00000 93.87000 77.94000 149.00000 93.87000 77.94000 133.00000 94.09000 78.06000 133.00000 94.09000 78.06000 149.00000 94.09000 77.94000 149.00000 94.09000 83.94000 133.00000 93.87000 84.06000 133.00000 93.87000 84.06000 149.00000 93.87000 83.94000 149.00000 93.87000 83.94000 133.00000 94.09000 84.06000 133.00000 94.09000 84.06000 149.00000 94.09000 83.94000 149.00000 94.09000 62.20000 119.35500 80.52500 64.80000 119.35500 80.52500 64.80000 119.48500 80.52500 62.20000 119.48500 80.52500 62.20000 119.35500 81.77500 64.80000 119.35500 81.77500 64.80000 119.48500 81.77500 62.20000 119.48500 81.77500 34.65000 118.00000 80.20000 34.56292 118.32500 80.20000 34.32500 118.56292 80.20000 34.00000 118.65000 80.20000 33.67500 118.56292 80.20000 33.43708 118.32500 80.20000 33.35000 118.00000 80.20000 33.43708 117.67500 80.20000 33.67500 117.43708 80.20000 34.00000 117.35000 80.20000 34.32500 117.43708 80.20000 34.56292 117.67500 80.20000 34.65000 118.00000 81.20000 34.56292 118.32500 81.20000 34.32500 118.56292 81.20000 34.00000 118.65000 81.20000 33.67500 118.56292 81.20000 33.43708 118.32500 81.20000 33.35000 118.00000 81.20000 33.43708 117.67500 81.20000 33.67500 117.43708 81.20000 34.00000 117.35000 81.20000 34.32500 117.43708 81.20000 34.56292 117.67500 81.20000 34.00000 118.00000 80.20000 34.00000 118.00000 81.20000 65.65000 131.00000 80.20000 65.56292 131.32500 80.20000 65.32500 131.56292 80.20000 65.00000 131.65000 80.20000 64.67500 131.56292 80.20000 64.43708 131.32500 80.20000 64.35000 131.00000 80.20000 64.43708 130.67500 80.20000 64.67500 130.43708 80.20000 65.00000 130.35000 80.20000 65.32500 130.43708 80.20000 65.56292 130.67500 80.20000 65.65000 131.00000 81.20000 65.56292 131.32500 81.20000 65.32500 131.56292 81.20000 65.00000 131.65000 81.20000 64.67500 131.56292 81.20000 64.43708 131.32500 81.20000 64.35000 131.00000 81.20000 64.43708 130.67500 81.20000 64.67500 130.43708 81.20000 65.00000 130.35000 81.20000 65.32500 130.43708 81.20000 65.56292 130.67500 81.20000 65.00000 131.00000 80.20000 65.00000 131.00000 81.20000 33.65000 159.00000 80.20000 33.56292 159.32500 80.20000 33.32500 159.56292 80.20000 33.00000 159.65000 80.20000 32.67500 159.56292 80.20000 32.43708 159.32500 80.20000 32.35000 159.00000 80.20000 32.43708 158.67500 80.20000 32.67500 158.43708 80.20000 33.00000 158.35000 80.20000 33.32500 158.43708 80.20000 33.56292 158.67500 80.20000 33.65000 159.00000 81.20000 33.56292 159.32500 81.20000 33.32500 159.56292 81.20000 33.00000 159.65000 81.20000 32.67500 159.56292 81.20000 32.43708 159.32500 81.20000 32.35000 159.00000 81.20000 32.43708 158.67500 81.20000 32.67500 158.43708 81.20000 33.00000 158.35000 81.20000 33.32500 158.43708 81.20000 33.56292 158.67500 81.20000 33.00000 159.00000 80.20000 33.00000 159.00000 81.20000 102.95000 151.90000 81.71000 105.05000 151.90000 81.71000 105.05000 153.10000 81.71000 102.95000 153.10000 81.71000 102.95000 151.90000 81.75000 105.05000 151.90000 81.75000 105.05000 153.10000 81.75000 102.95000 153.10000 81.75000 90.90000 159.44000 82.50000 93.10000 159.44000 82.50000 93.10000 159.48000 82.50000 90.90000 159.48000 82.50000 90.90000 159.44000 82.80000 93.10000 159.44000 82.80000 93.10000 159.48000 82.80000 90.90000 159.48000 82.80000 119.90000 159.44000 82.50000 122.10000 159.44000 82.50000 122.10000 159.48000 82.50000 119.90000 159.48000 82.50000 119.90000 159.44000 82.80000 122.10000 159.44000 82.80000 122.10000 159.48000 82.80000 119.90000 159.48000 82.80000 65.15000 121.46000 86.40000 68.05000 121.46000 86.40000 68.05000 122.74000 86.40000 65.15000 122.74000 86.40000 65.15000 121.46000 86.48000 68.05000 121.46000 86.48000 68.05000 122.74000 86.48000 65.15000 122.74000 86.48000 121.05000 121.46000 86.40000 123.95000 121.46000 86.40000 123.95000 122.74000 86.40000 121.05000 122.74000 86.40000 121.05000 121.46000 86.48000 123.95000 121.46000 86.48000 123.95000 122.74000 86.48000 121.05000 122.74000 86.48000 65.15000 159.86000 86.40000 68.05000 159.86000 86.40000 68.05000 161.14000 86.40000 65.15000 161.14000 86.40000 65.15000 159.86000 86.48000 68.05000 159.86000 86.48000 68.05000 161.14000 86.48000 65.15000 161.14000 86.48000 121.05000 159.86000 86.40000 123.95000 159.86000 86.40000 123.95000 161.14000 86.40000 121.05000 161.14000 86.40000 121.05000 159.86000 86.48000 123.95000 159.86000 86.48000 123.95000 161.14000 86.48000 121.05000 161.14000 86.48000 35.27500 118.55000 74.84000 36.72500 118.55000 74.84000 36.72500 121.85000 74.84000 35.27500 121.85000 74.84000 35.27500 118.55000 75.20000 36.72500 118.55000 75.20000 36.72500 121.85000 75.20000 35.27500 121.85000 75.20000 35.31500 121.10000 76.39500 35.31500 121.10000 76.30500 35.40500 121.10000 76.30500 35.40500 121.10000 76.39500 35.31500 120.05000 76.39500 35.31500 120.05000 76.30500 35.40500 120.05000 76.30500 35.40500 120.05000 76.39500 36.59500 121.10000 76.39500 36.59500 121.10000 76.30500 36.68500 121.10000 76.30500 36.68500 121.10000 76.39500 36.59500 120.05000 76.39500 36.59500 120.05000 76.30500 36.68500 120.05000 76.30500 36.68500 120.05000 76.39500 35.36000 120.82500 76.49000 36.64000 120.82500 76.49000 36.64000 121.27500 76.49000 35.36000 121.27500 76.49000 35.36000 120.82500 76.77000 36.64000 120.82500 76.77000 36.64000 121.27500 76.77000 35.36000 121.27500 76.77000 39.37500 118.55000 74.84000 40.82500 118.55000 74.84000 40.82500 121.85000 74.84000 39.37500 121.85000 74.84000 39.37500 118.55000 75.20000 40.82500 118.55000 75.20000 40.82500 121.85000 75.20000 39.37500 121.85000 75.20000 39.41500 121.10000 76.39500 39.41500 121.10000 76.30500 39.50500 121.10000 76.30500 39.50500 121.10000 76.39500 39.41500 120.05000 76.39500 39.41500 120.05000 76.30500 39.50500 120.05000 76.30500 39.50500 120.05000 76.39500 40.69500 121.10000 76.39500 40.69500 121.10000 76.30500 40.78500 121.10000 76.30500 40.78500 121.10000 76.39500 40.69500 120.05000 76.39500 40.69500 120.05000 76.30500 40.78500 120.05000 76.30500 40.78500 120.05000 76.39500 39.46000 120.82500 76.49000 40.74000 120.82500 76.49000 40.74000 121.27500 76.49000 39.46000 121.27500 76.49000 39.46000 120.82500 76.77000 40.74000 120.82500 76.77000 40.74000 121.27500 76.77000 39.46000 121.27500 76.77000 43.47500 118.55000 74.84000 44.92500 118.55000 74.84000 44.92500 121.85000 74.84000 43.47500 121.85000 74.84000 43.47500 118.55000 75.20000 44.92500 118.55000 75.20000 44.92500 121.85000 75.20000 43.47500 121.85000 75.20000 43.51500 121.10000 76.39500 43.51500 121.10000 76.30500 43.60500 121.10000 76.30500 43.60500 121.10000 76.39500 43.51500 120.05000 76.39500 43.51500 120.05000 76.30500 43.60500 120.05000 76.30500 43.60500 120.05000 76.39500 44.79500 121.10000 76.39500 44.79500 121.10000 76.30500 44.88500 121.10000 76.30500 44.88500 121.10000 76.39500 44.79500 120.05000 76.39500 44.79500 120.05000 76.30500 44.88500 120.05000 76.30500 44.88500 120.05000 76.39500 43.56000 120.82500 76.49000 44.84000 120.82500 76.49000 44.84000 121.27500 76.49000 43.56000 121.27500 76.49000 43.56000 120.82500 76.77000 44.84000 120.82500 76.77000 44.84000 121.27500 76.77000 43.56000 121.27500 76.77000 47.57500 118.55000 74.84000 49.02500 118.55000 74.84000 49.02500 121.85000 74.84000 47.57500 121.85000 74.84000 47.57500 118.55000 75.20000 49.02500 118.55000 75.20000 49.02500 121.85000 75.20000 47.57500 121.85000 75.20000 47.61500 121.10000 76.39500 47.61500 121.10000 76.30500 47.70500 121.10000 76.30500 47.70500 121.10000 76.39500 47.61500 120.05000 76.39500 47.61500 120.05000 76.30500 47.70500 120.05000 76.30500 47.70500 120.05000 76.39500 48.89500 121.10000 76.39500 48.89500 121.10000 76.30500 48.98500 121.10000 76.30500 48.98500 121.10000 76.39500 48.89500 120.05000 76.39500 48.89500 120.05000 76.30500 48.98500 120.05000 76.30500 48.98500 120.05000 76.39500 47.66000 120.82500 76.49000 48.94000 120.82500 76.49000 48.94000 121.27500 76.49000 47.66000 121.27500 76.49000 47.66000 120.82500 76.77000 48.94000 120.82500 76.77000 48.94000 121.27500 76.77000 47.66000 121.27500 76.77000 34.95000 128.00000 74.81000 36.05000 128.00000 74.81000 36.05000 130.00000 74.81000 34.95000 130.00000 74.81000 34.95000 128.00000 74.99000 36.05000 128.00000 74.99000 36.05000 130.00000 74.99000 34.95000 130.00000 74.99000 35.31000 129.11000 75.01000 35.69000 129.11000 75.01000 35.69000 129.89000 75.01000 35.31000 129.89000 75.01000 35.31000 129.11000 75.79000 35.69000 129.11000 75.79000 35.69000 129.89000 75.79000 35.31000 129.89000 75.79000 35.05000 129.75500 76.34500 35.05000 129.75500 76.25500 35.05000 129.84500 76.25500 35.05000 129.84500 76.34500 35.95000 129.75500 76.34500 35.95000 129.75500 76.25500 35.95000 129.84500 76.25500 35.95000 129.84500 76.34500 39.25000 128.00000 74.81000 40.35000 128.00000 74.81000 40.35000 130.00000 74.81000 39.25000 130.00000 74.81000 39.25000 128.00000 74.99000 40.35000 128.00000 74.99000 40.35000 130.00000 74.99000 39.25000 130.00000 74.99000 39.61000 129.11000 75.01000 39.99000 129.11000 75.01000 39.99000 129.89000 75.01000 39.61000 129.89000 75.01000 39.61000 129.11000 75.79000 39.99000 129.11000 75.79000 39.99000 129.89000 75.79000 39.61000 129.89000 75.79000 39.35000 129.75500 76.34500 39.35000 129.75500 76.25500 39.35000 129.84500 76.25500 39.35000 129.84500 76.34500 40.25000 129.75500 76.34500 40.25000 129.75500 76.25500 40.25000 129.84500 76.25500 40.25000 129.84500 76.34500 43.55000 128.00000 74.81000 44.65000 128.00000 74.81000 44.65000 130.00000 74.81000 43.55000 130.00000 74.81000 43.55000 128.00000 74.99000 44.65000 128.00000 74.99000 44.65000 130.00000 74.99000 43.55000 130.00000 74.99000 43.91000 129.11000 75.01000 44.29000 129.11000 75.01000 44.29000 129.89000 75.01000 43.91000 129.89000 75.01000 43.91000 129.11000 75.79000 44.29000 129.11000 75.79000 44.29000 129.89000 75.79000 43.91000 129.89000 75.79000 43.65000 129.75500 76.34500 43.65000 129.75500 76.25500 43.65000 129.84500 76.25500 43.65000 129.84500 76.34500 44.55000 129.75500 76.34500 44.55000 129.75500 76.25500 44.55000 129.84500 76.25500 44.55000 129.84500 76.34500 57.70000 128.20000 74.95000 58.30000 128.20000 74.95000 58.30000 129.10000 74.95000 57.70000 129.10000 74.95000 57.70000 128.20000 76.05000 58.30000 128.20000 76.05000 58.30000 129.10000 76.05000 57.70000 129.10000 76.05000 57.72500 118.80000 74.80000 58.17500 118.80000 74.80000 58.17500 121.60000 74.80000 57.72500 121.60000 74.80000 57.72500 118.80000 75.00000 58.17500 118.80000 75.00000 58.17500 121.60000 75.00000 57.72500 121.60000 75.00000 59.82500 118.80000 74.80000 60.27500 118.80000 74.80000 60.27500 121.60000 74.80000 59.82500 121.60000 74.80000 59.82500 118.80000 75.00000 60.27500 118.80000 75.00000 60.27500 121.60000 75.00000 59.82500 121.60000 75.00000 64.52500 118.80000 74.80000 64.97500 118.80000 74.80000 64.97500 121.60000 74.80000 64.52500 121.60000 74.80000 64.52500 118.80000 75.00000 64.97500 118.80000 75.00000 64.97500 121.60000 75.00000 64.52500 121.60000 75.00000 66.62500 118.80000 74.80000 67.07500 118.80000 74.80000 67.07500 121.60000 74.80000 66.62500 121.60000 74.80000 66.62500 118.80000 75.00000 67.07500 118.80000 75.00000 67.07500 121.60000 75.00000 66.62500 121.60000 75.00000 36.50000 149.95000 74.80000 47.50000 149.95000 74.80000 47.50000 160.45000 74.80000 36.50000 160.45000 74.80000 36.50000 149.95000 75.60000 47.50000 149.95000 75.60000 47.50000 160.45000 75.60000 36.50000 160.45000 75.60000 36.65000 150.05000 75.28000 36.95000 150.05000 75.28000 36.95000 150.35000 75.28000 36.65000 150.35000 75.28000 36.65000 150.05000 77.48000 36.95000 150.05000 77.48000 36.95000 150.35000 77.48000 36.65000 150.35000 77.48000 47.05000 160.05000 75.28000 47.35000 160.05000 75.28000 47.35000 160.35000 75.28000 47.05000 160.35000 75.28000 47.05000 160.05000 77.48000 47.35000 160.05000 77.48000 47.35000 160.35000 77.48000 47.05000 160.35000 77.48000 57.46000 158.00000 75.77500 57.43749 158.14215 75.77500 57.37215 158.27038 75.77500 57.27038 158.37215 75.77500 57.14215 158.43749 75.77500 57.00000 158.46000 75.77500 56.85785 158.43749 75.77500 56.72962 158.37215 75.77500 56.62785 158.27038 75.77500 56.56251 158.14215 75.77500 56.54000 158.00000 75.77500 56.56251 157.85785 75.77500 56.62785 157.72962 75.77500 56.72962 157.62785 75.77500 56.85785 157.56251 75.77500 57.00000 157.54000 75.77500 57.14215 157.56251 75.77500 57.27038 157.62785 75.77500 57.37215 157.72962 75.77500 57.43749 157.85785 75.77500 57.46000 158.00000 78.12500 57.43749 158.14215 78.12500 57.37215 158.27038 78.12500 57.27038 158.37215 78.12500 57.14215 158.43749 78.12500 57.00000 158.46000 78.12500 56.85785 158.43749 78.12500 56.72962 158.37215 78.12500 56.62785 158.27038 78.12500 56.56251 158.14215 78.12500 56.54000 158.00000 78.12500 56.56251 157.85785 78.12500 56.62785 157.72962 78.12500 56.72962 157.62785 78.12500 56.85785 157.56251 78.12500 57.00000 157.54000 78.12500 57.14215 157.56251 78.12500 57.27038 157.62785 78.12500 57.37215 157.72962 78.12500 57.43749 157.85785 78.12500 57.00000 158.00000 75.77500 57.00000 158.00000 78.12500 61.96000 158.00000 75.77500 61.93749 158.14215 75.77500 61.87215 158.27038 75.77500 61.77038 158.37215 75.77500 61.64215 158.43749 75.77500 61.50000 158.46000 75.77500 61.35785 158.43749 75.77500 61.22962 158.37215 75.77500 61.12785 158.27038 75.77500 61.06251 158.14215 75.77500 61.04000 158.00000 75.77500 61.06251 157.85785 75.77500 61.12785 157.72962 75.77500 61.22962 157.62785 75.77500 61.35785 157.56251 75.77500 61.50000 157.54000 75.77500 61.64215 157.56251 75.77500 61.77038 157.62785 75.77500 61.87215 157.72962 75.77500 61.93749 157.85785 75.77500 61.96000 158.00000 78.12500 61.93749 158.14215 78.12500 61.87215 158.27038 78.12500 61.77038 158.37215 78.12500 61.64215 158.43749 78.12500 61.50000 158.46000 78.12500 61.35785 158.43749 78.12500 61.22962 158.37215 78.12500 61.12785 158.27038 78.12500 61.06251 158.14215 78.12500 61.04000 158.00000 78.12500 61.06251 157.85785 78.12500 61.12785 157.72962 78.12500 61.22962 157.62785 78.12500 61.35785 157.56251 78.12500 61.50000 157.54000 78.12500 61.64215 157.56251 78.12500 61.77038 157.62785 78.12500 61.87215 157.72962 78.12500 61.93749 157.85785 78.12500 61.50000 158.00000 75.77500 61.50000 158.00000 78.12500 66.46000 158.00000 75.77500 66.43749 158.14215 75.77500 66.37215 158.27038 75.77500 66.27038 158.37215 75.77500 66.14215 158.43749 75.77500 66.00000 158.46000 75.77500 65.85785 158.43749 75.77500 65.72962 158.37215 75.77500 65.62785 158.27038 75.77500 65.56251 158.14215 75.77500 65.54000 158.00000 75.77500 65.56251 157.85785 75.77500 65.62785 157.72962 75.77500 65.72962 157.62785 75.77500 65.85785 157.56251 75.77500 66.00000 157.54000 75.77500 66.14215 157.56251 75.77500 66.27038 157.62785 75.77500 66.37215 157.72962 75.77500 66.43749 157.85785 75.77500 66.46000 158.00000 78.12500 66.43749 158.14215 78.12500 66.37215 158.27038 78.12500 66.27038 158.37215 78.12500 66.14215 158.43749 78.12500 66.00000 158.46000 78.12500 65.85785 158.43749 78.12500 65.72962 158.37215 78.12500 65.62785 158.27038 78.12500 65.56251 158.14215 78.12500 65.54000 158.00000 78.12500 65.56251 157.85785 78.12500 65.62785 157.72962 78.12500 65.72962 157.62785 78.12500 65.85785 157.56251 78.12500 66.00000 157.54000 78.12500 66.14215 157.56251 78.12500 66.27038 157.62785 78.12500 66.37215 157.72962 78.12500 66.43749 157.85785 78.12500 66.00000 158.00000 75.77500 66.00000 158.00000 78.12500 98.60000 115.75000 75.47500 113.40000 115.75000 75.47500 113.40000 116.05000 75.47500 98.60000 116.05000 75.47500 98.60000 115.75000 79.52500 113.40000 115.75000 79.52500 113.40000 116.05000 79.52500 98.60000 116.05000 79.52500 90.65000 117.17500 74.80000 91.35000 117.17500 74.80000 91.35000 117.82500 74.80000 90.65000 117.82500 74.80000 90.65000 117.17500 77.70000 91.35000 117.17500 77.70000 91.35000 117.82500 77.70000 90.65000 117.82500 77.70000 120.65000 117.17500 74.80000 121.35000 117.17500 74.80000 121.35000 117.82500 74.80000 120.65000 117.82500 74.80000 120.65000 117.17500 77.70000 121.35000 117.17500 77.70000 121.35000 117.82500 77.70000 120.65000 117.82500 77.70000 105.37500 129.55000 79.04000 106.62500 129.55000 79.04000 106.62500 130.45000 79.04000 105.37500 130.45000 79.04000 105.37500 129.55000 79.46000 106.62500 129.55000 79.46000 106.62500 130.45000 79.46000 105.37500 130.45000 79.46000 100.35000 155.73750 75.76000 101.25000 155.73750 75.76000 101.25000 155.80250 75.76000 100.35000 155.80250 75.76000 100.35000 155.73750 76.38000 101.25000 155.73750 76.38000 101.25000 155.80250 76.38000 100.35000 155.80250 76.38000 112.15000 148.77500 75.11000 113.85000 148.77500 75.11000 113.85000 150.02500 75.11000 112.15000 150.02500 75.11000 112.15000 148.77500 75.65000 113.85000 148.77500 75.65000 113.85000 150.02500 75.65000 112.15000 150.02500 75.65000 112.15000 150.37500 75.11000 113.85000 150.37500 75.11000 113.85000 151.62500 75.11000 112.15000 151.62500 75.11000 112.15000 150.37500 75.65000 113.85000 150.37500 75.65000 113.85000 151.62500 75.65000 112.15000 151.62500 75.65000 112.15000 151.97500 75.11000 113.85000 151.97500 75.11000 113.85000 153.22500 75.11000 112.15000 153.22500 75.11000 112.15000 151.97500 75.65000 113.85000 151.97500 75.65000 113.85000 153.22500 75.65000 112.15000 153.22500 75.65000 112.15000 148.77500 76.95000 113.85000 148.77500 76.95000 113.85000 150.02500 76.95000 112.15000 150.02500 76.95000 112.15000 148.77500 77.49000 113.85000 148.77500 77.49000 113.85000 150.02500 77.49000 112.15000 150.02500 77.49000 112.15000 150.37500 76.95000 113.85000 150.37500 76.95000 113.85000 151.62500 76.95000 112.15000 151.62500 76.95000 112.15000 150.37500 77.49000 113.85000 150.37500 77.49000 113.85000 151.62500 77.49000 112.15000 151.62500 77.49000 112.15000 151.97500 76.95000 113.85000 151.97500 76.95000 113.85000 153.22500 76.95000 112.15000 153.22500 76.95000 112.15000 151.97500 77.49000 113.85000 151.97500 77.49000 113.85000 153.22500 77.49000 112.15000 153.22500 77.49000 112.15000 156.57500 75.11000 113.85000 156.57500 75.11000 113.85000 157.82500 75.11000 112.15000 157.82500 75.11000 112.15000 156.57500 75.65000 113.85000 156.57500 75.65000 113.85000 157.82500 75.65000 112.15000 157.82500 75.65000 112.15000 158.17500 75.11000 113.85000 158.17500 75.11000 113.85000 159.42500 75.11000 112.15000 159.42500 75.11000 112.15000 158.17500 75.65000 113.85000 158.17500 75.65000 113.85000 159.42500 75.65000 112.15000 159.42500 75.65000 112.15000 159.77500 75.11000 113.85000 159.77500 75.11000 113.85000 161.02500 75.11000 112.15000 161.02500 75.11000 112.15000 159.77500 75.65000 113.85000 159.77500 75.65000 113.85000 161.02500 75.65000 112.15000 161.02500 75.65000 112.15000 156.57500 76.95000 113.85000 156.57500 76.95000 113.85000 157.82500 76.95000 112.15000 157.82500 76.95000 112.15000 156.57500 77.49000 113.85000 156.57500 77.49000 113.85000 157.82500 77.49000 112.15000 157.82500 77.49000 112.15000 158.17500 76.95000 113.85000 158.17500 76.95000 113.85000 159.42500 76.95000 112.15000 159.42500 76.95000 112.15000 158.17500 77.49000 113.85000 158.17500 77.49000 113.85000 159.42500 77.49000 112.15000 159.42500 77.49000 112.15000 159.77500 76.95000 113.85000 159.77500 76.95000 113.85000 161.02500 76.95000 112.15000 161.02500 76.95000 112.15000 159.77500 77.49000 113.85000 159.77500 77.49000 113.85000 161.02500 77.49000 112.15000 161.02500 77.49000 122.75000 148.77500 75.11000 124.45000 148.77500 75.11000 124.45000 150.02500 75.11000 122.75000 150.02500 75.11000 122.75000 148.77500 75.65000 124.45000 148.77500 75.65000 124.45000 150.02500 75.65000 122.75000 150.02500 75.65000 122.75000 150.37500 75.11000 124.45000 150.37500 75.11000 124.45000 151.62500 75.11000 122.75000 151.62500 75.11000 122.75000 150.37500 75.65000 124.45000 150.37500 75.65000 124.45000 151.62500 75.65000 122.75000 151.62500 75.65000 122.75000 151.97500 75.11000 124.45000 151.97500 75.11000 124.45000 153.22500 75.11000 122.75000 153.22500 75.11000 122.75000 151.97500 75.65000 124.45000 151.97500 75.65000 124.45000 153.22500 75.65000 122.75000 153.22500 75.65000 122.75000 148.77500 76.95000 124.45000 148.77500 76.95000 124.45000 150.02500 76.95000 122.75000 150.02500 76.95000 122.75000 148.77500 77.49000 124.45000 148.77500 77.49000 124.45000 150.02500 77.49000 122.75000 150.02500 77.49000 122.75000 150.37500 76.95000 124.45000 150.37500 76.95000 124.45000 151.62500 76.95000 122.75000 151.62500 76.95000 122.75000 150.37500 77.49000 124.45000 150.37500 77.49000 124.45000 151.62500 77.49000 122.75000 151.62500 77.49000 122.75000 151.97500 76.95000 124.45000 151.97500 76.95000 124.45000 153.22500 76.95000 122.75000 153.22500 76.95000 122.75000 151.97500 77.49000 124.45000 151.97500 77.49000 124.45000 153.22500 77.49000 122.75000 153.22500 77.49000 122.75000 156.57500 75.11000 124.45000 156.57500 75.11000 124.45000 157.82500 75.11000 122.75000 157.82500 75.11000 122.75000 156.57500 75.65000 124.45000 156.57500 75.65000 124.45000 157.82500 75.65000 122.75000 157.82500 75.65000 122.75000 158.17500 75.11000 124.45000 158.17500 75.11000 124.45000 159.42500 75.11000 122.75000 159.42500 75.11000 122.75000 158.17500 75.65000 124.45000 158.17500 75.65000 124.45000 159.42500 75.65000 122.75000 159.42500 75.65000 122.75000 159.77500 75.11000 124.45000 159.77500 75.11000 124.45000 161.02500 75.11000 122.75000 161.02500 75.11000 122.75000 159.77500 75.65000 124.45000 159.77500 75.65000 124.45000 161.02500 75.65000 122.75000 161.02500 75.65000 122.75000 156.57500 76.95000 124.45000 156.57500 76.95000 124.45000 157.82500 76.95000 122.75000 157.82500 76.95000 122.75000 156.57500 77.49000 124.45000 156.57500 77.49000 124.45000 157.82500 77.49000 122.75000 157.82500 77.49000 122.75000 158.17500 76.95000 124.45000 158.17500 76.95000 124.45000 159.42500 76.95000 122.75000 159.42500 76.95000 122.75000 158.17500 77.49000 124.45000 158.17500 77.49000 124.45000 159.42500 77.49000 122.75000 159.42500 77.49000 122.75000 159.77500 76.95000 124.45000 159.77500 76.95000 124.45000 161.02500 76.95000 122.75000 161.02500 76.95000 122.75000 159.77500 77.49000 124.45000 159.77500 77.49000 124.45000 161.02500 77.49000 122.75000 161.02500 77.49000 70.85000 161.45000 75.30000 73.15000 161.45000 75.30000 73.15000 161.95000 75.30000 70.85000 161.95000 75.30000 70.85000 161.45000 77.70000 73.15000 161.45000 77.70000 73.15000 161.95000 77.70000 70.85000 161.95000 77.70000 35.87500 131.87500 91.40000 36.12500 131.87500 91.40000 36.12500 132.12500 91.40000 35.87500 132.12500 91.40000 35.87500 131.87500 95.00000 36.12500 131.87500 95.00000 36.12500 132.12500 95.00000 35.87500 132.12500 95.00000 35.87500 150.87500 91.40000 36.12500 150.87500 91.40000 36.12500 151.12500 91.40000 35.87500 151.12500 91.40000 35.87500 150.87500 95.00000 36.12500 150.87500 95.00000 36.12500 151.12500 95.00000 35.87500 151.12500 95.00000 61.87500 131.87500 91.40000 62.12500 131.87500 91.40000 62.12500 132.12500 91.40000 61.87500 132.12500 91.40000 61.87500 131.87500 95.00000 62.12500 131.87500 95.00000 62.12500 132.12500 95.00000 61.87500 132.12500 95.00000 61.87500 150.87500 91.40000 62.12500 150.87500 91.40000 62.12500 151.12500 91.40000 61.87500 151.12500 91.40000 61.87500 150.87500 95.00000 62.12500 150.87500 95.00000 62.12500 151.12500 95.00000 61.87500 151.12500 95.00000 35.70000 129.00000 91.40000 35.60622 129.35000 91.40000 35.35000 129.60622 91.40000 35.00000 129.70000 91.40000 34.65000 129.60622 91.40000 34.39378 129.35000 91.40000 34.30000 129.00000 91.40000 34.39378 128.65000 91.40000 34.65000 128.39378 91.40000 35.00000 128.30000 91.40000 35.35000 128.39378 91.40000 35.60622 128.65000 91.40000 35.70000 129.00000 92.40000 35.60622 129.35000 92.40000 35.35000 129.60622 92.40000 35.00000 129.70000 92.40000 34.65000 129.60622 92.40000 34.39378 129.35000 92.40000 34.30000 129.00000 92.40000 34.39378 128.65000 92.40000 34.65000 128.39378 92.40000 35.00000 128.30000 92.40000 35.35000 128.39378 92.40000 35.60622 128.65000 92.40000 35.00000 129.00000 91.40000 35.00000 129.00000 92.40000 64.70000 155.00000 91.40000 64.60622 155.35000 91.40000 64.35000 155.60622 91.40000 64.00000 155.70000 91.40000 63.65000 155.60622 91.40000 63.39378 155.35000 91.40000 63.30000 155.00000 91.40000 63.39378 154.65000 91.40000 63.65000 154.39378 91.40000 64.00000 154.30000 91.40000 64.35000 154.39378 91.40000 64.60622 154.65000 91.40000 64.70000 155.00000 92.40000 64.60622 155.35000 92.40000 64.35000 155.60622 92.40000 64.00000 155.70000 92.40000 63.65000 155.60622 92.40000 63.39378 155.35000 92.40000 63.30000 155.00000 92.40000 63.39378 154.65000 92.40000 63.65000 154.39378 92.40000 64.00000 154.30000 92.40000 64.35000 154.39378 92.40000 64.60622 154.65000 92.40000 64.00000 155.00000 91.40000 64.00000 155.00000 92.40000 92.70000 160.00000 91.40000 92.60622 160.35000 91.40000 92.35000 160.60622 91.40000 92.00000 160.70000 91.40000 91.65000 160.60622 91.40000 91.39378 160.35000 91.40000 91.30000 160.00000 91.40000 91.39378 159.65000 91.40000 91.65000 159.39378 91.40000 92.00000 159.30000 91.40000 92.35000 159.39378 91.40000 92.60622 159.65000 91.40000 92.70000 160.00000 92.40000 92.60622 160.35000 92.40000 92.35000 160.60622 92.40000 92.00000 160.70000 92.40000 91.65000 160.60622 92.40000 91.39378 160.35000 92.40000 91.30000 160.00000 92.40000 91.39378 159.65000 92.40000 91.65000 159.39378 92.40000 92.00000 159.30000 92.40000 92.35000 159.39378 92.40000 92.60622 159.65000 92.40000 92.00000 160.00000 91.40000 92.00000 160.00000 92.40000 121.70000 160.00000 91.40000 121.60622 160.35000 91.40000 121.35000 160.60622 91.40000 121.00000 160.70000 91.40000 120.65000 160.60622 91.40000 120.39378 160.35000 91.40000 120.30000 160.00000 91.40000 120.39378 159.65000 91.40000 120.65000 159.39378 91.40000 121.00000 159.30000 91.40000 121.35000 159.39378 91.40000 121.60622 159.65000 91.40000 121.70000 160.00000 92.40000 121.60622 160.35000 92.40000 121.35000 160.60622 92.40000 121.00000 160.70000 92.40000 120.65000 160.60622 92.40000 120.39378 160.35000 92.40000 120.30000 160.00000 92.40000 120.39378 159.65000 92.40000 120.65000 159.39378 92.40000 121.00000 159.30000 92.40000 121.35000 159.39378 92.40000 121.60622 159.65000 92.40000 121.00000 160.00000 91.40000 121.00000 160.00000 92.40000 120.00000 139.00000 91.40450 119.94222 140.17621 91.40450 119.76942 141.34108 91.40450 119.48328 142.48342 91.40450 119.08655 143.59220 91.40450 118.58306 144.65676 91.40450 117.97764 145.66684 91.40450 117.27613 146.61272 91.40450 116.48528 147.48528 91.40450 115.61272 148.27613 91.40450 114.66684 148.97764 91.40450 113.65676 149.58306 91.40450 112.59220 150.08655 91.40450 111.48342 150.48328 91.40450 110.34108 150.76942 91.40450 109.17621 150.94222 91.40450 108.00000 151.00000 91.40450 106.82379 150.94222 91.40450 105.65892 150.76942 91.40450 104.51658 150.48328 91.40450 103.40780 150.08655 91.40450 102.34324 149.58306 91.40450 101.33316 148.97764 91.40450 100.38728 148.27613 91.40450 99.51472 147.48528 91.40450 98.72387 146.61272 91.40450 98.02236 145.66684 91.40450 97.41694 144.65676 91.40450 96.91345 143.59220 91.40450 96.51672 142.48342 91.40450 96.23058 141.34108 91.40450 96.05778 140.17621 91.40450 96.00000 139.00000 91.40450 96.05778 137.82379 91.40450 96.23058 136.65892 91.40450 96.51672 135.51658 91.40450 96.91345 134.40780 91.40450 97.41694 133.34324 91.40450 98.02236 132.33316 91.40450 98.72387 131.38728 91.40450 99.51472 130.51472 91.40450 100.38728 129.72387 91.40450 101.33316 129.02236 91.40450 102.34324 128.41694 91.40450 103.40780 127.91345 91.40450 104.51658 127.51672 91.40450 105.65892 127.23058 91.40450 106.82379 127.05778 91.40450 108.00000 127.00000 91.40450 109.17621 127.05778 91.40450 110.34108 127.23058 91.40450 111.48342 127.51672 91.40450 112.59220 127.91345 91.40450 113.65676 128.41694 91.40450 114.66684 129.02236 91.40450 115.61272 129.72387 91.40450 116.48528 130.51472 91.40450 117.27613 131.38728 91.40450 117.97764 132.33316 91.40450 118.58306 133.34324 91.40450 119.08655 134.40780 91.40450 119.48328 135.51658 91.40450 119.76942 136.65892 91.40450 119.94222 137.82379 91.40450 120.00000 139.00000 91.45950 119.94222 140.17621 91.45950 119.76942 141.34108 91.45950 119.48328 142.48342 91.45950 119.08655 143.59220 91.45950 118.58306 144.65676 91.45950 117.97764 145.66684 91.45950 117.27613 146.61272 91.45950 116.48528 147.48528 91.45950 115.61272 148.27613 91.45950 114.66684 148.97764 91.45950 113.65676 149.58306 91.45950 112.59220 150.08655 91.45950 111.48342 150.48328 91.45950 110.34108 150.76942 91.45950 109.17621 150.94222 91.45950 108.00000 151.00000 91.45950 106.82379 150.94222 91.45950 105.65892 150.76942 91.45950 104.51658 150.48328 91.45950 103.40780 150.08655 91.45950 102.34324 149.58306 91.45950 101.33316 148.97764 91.45950 100.38728 148.27613 91.45950 99.51472 147.48528 91.45950 98.72387 146.61272 91.45950 98.02236 145.66684 91.45950 97.41694 144.65676 91.45950 96.91345 143.59220 91.45950 96.51672 142.48342 91.45950 96.23058 141.34108 91.45950 96.05778 140.17621 91.45950 96.00000 139.00000 91.45950 96.05778 137.82379 91.45950 96.23058 136.65892 91.45950 96.51672 135.51658 91.45950 96.91345 134.40780 91.45950 97.41694 133.34324 91.45950 98.02236 132.33316 91.45950 98.72387 131.38728 91.45950 99.51472 130.51472 91.45950 100.38728 129.72387 91.45950 101.33316 129.02236 91.45950 102.34324 128.41694 91.45950 103.40780 127.91345 91.45950 104.51658 127.51672 91.45950 105.65892 127.23058 91.45950 106.82379 127.05778 91.45950 108.00000 127.00000 91.45950 109.17621 127.05778 91.45950 110.34108 127.23058 91.45950 111.48342 127.51672 91.45950 112.59220 127.91345 91.45950 113.65676 128.41694 91.45950 114.66684 129.02236 91.45950 115.61272 129.72387 91.45950 116.48528 130.51472 91.45950 117.27613 131.38728 91.45950 117.97764 132.33316 91.45950 118.58306 133.34324 91.45950 119.08655 134.40780 91.45950 119.48328 135.51658 91.45950 119.76942 136.65892 91.45950 119.94222 137.82379 91.45950 108.00000 139.00000 91.40450 108.00000 139.00000 91.45950</float_array><technique_common><accessor source="#positions-array" count="3260" stride="3"><param name="X" type="float"/><param name="Y" type="float"/><param name="Z" type="float"/></accessor></technique_common></source>
<source id="normals"><float_array id="normals-array" count="15276">0.00000 0.00000 -1.00000 0.00000 0.00000 -1.00000 0.00000 0.00000 1.00000 0.00000 0.00000 1.00000 0.00000 -1.00000 0.00000 0.00000 -1.00000 0.00000 1.00000 0.00000 0.00000 1.00000 0.00000 0.00000 0.00000 1.00000 0.00000 0.00000 1.00000 -0.00000 -1.00000 0.00000 0.00000 -1.00000 0.00000 0.00000 0.00000 0.00000 -1.00000 0.00000 0.00000 -1.00000 0.00000 0.00000 1.00000 0.00000 0.00000 1.00000 0.00000 -1.00000 0.00000 0.00000 -1.00000 0.00000 1.00000 0.00000 0.00000 1.00000 0.00000 0.00000 0.00000 1.00000 0.00000 0.00000 1.00000 -0.00000 -1.00000 0.00000 0.00000 -1.00000 0.00000 0.00000 0.00000 0.00000 -1.00000 0.00000 0.00000 -1.00000 0.00000 0.00000 1.00000 0.00000 0.00000 1.00000 0.00000 -1.00000 0.00000 0.00000 -1.00000 0.00000 1.00000 0.00000 0.00000 1.00000 0.00000 0.00000 0.00000 1.00000 0.00000 0.00000 1.00000 -0.00000 -1.00000 0.00000 0.00000 -1.00000 0.00000 0.00000 0.00000 0.00000 -1.00000 0.00000 0.00000 -1.00000 0.00000 0.00000 1.00000 0.00000 0.00000 1.00000 0.00000 -1.00000 0.00000 0.00000 -1.00000 0.00000 1.00000 0.00000 0.00000 1.00000 0.00000 0.00000 0.00000 1.00000 0.00000 0.00000 1.00000 -0.00000 -1.00000 0.00000 0.00000 -1.00000 0.00000 0.00000 0.00000 0.00000 -1.00000 0.00000 0.00000 -1.00000 0.00000 0.00000 1.00000 0.00000 0.00000 1.00000 0.00000 -1.00000 0.00000 0.00000 -1.00000 0.00000 1.00000 0.00000 0.00000 1.00000 0.00000 0.00000 0.00000 1.00000 0.00000 0.00000 1.00000 -0.00000 -1.00000 0.00000 0.00000 -1.00000 0.00000 0.00000 0.00000 0.00000 -1.00000 0.00000 0.00000 -1.00000 0.00000 0.00000 1.00000 0.00000 0.00000 1.00000 0.00000 -1.00000 0.00000 0.00000 -1.00000 0.00000 1.00000 0.00000 0.00000 1.00000 0.00000 0.00000 0.00000 1.00000 0.00000 0.00000 1.00000 -0.00000 -1.00000 0.00000 0.00000 -1.00000 0.00000 0.00000 0.00000 0.00000 -1.00000 0.00000 0.00000 -1.00000 0.00000 0.00000 1.00000 0.00000 0.00000 1.00000 0.00000 -1.00000 0.00000 0.00000 -1.00000 0.00000 1.00000 0.00000 0.00000 1.00000 0.00000 0.00000 0.00000 1.00000 0.00000 0.00000 1.00000 -0.00000 -1.00000 0.00000 0.00000 -1.00000 0.00000 0.00000 0.00000 0.00000 -1.00000 0.00000 0.00000 -1.00000 0.00000 0.00000 1.00000 0.00000 0.00000 1.00000 0.00000 -1.00000 0.00000 0.00000 -1.00000 0.00000 1.00000 0.00000 0.00000 1.00000 0.00000 0.00000 0.00000 1.00000 0.00000 0.00000 1.00000 -0.00000 -1.00000 0.00000 0.00000 -1.00000 0.00000 0.00000 0.00000 0.00000 -1.00000 0.00000 0.00000 -1.00000 0.00000 0.00000 1.00000 0.00000 0.00000 1.00000 0.00000 -1.00000 0.00000 0.00000 -1.00000 0.00000 1.00000 0.00000 0.00000 1.00000 0.00000 0.00000 0.00000 1.00000 0.00000 0.00000 1.00000 -0.00000 -1.00000 0.00000 0.00000 -1.00000 0.00000 0.00000 0.00000 0.00000 -1.00000 0.00000 0.00000 -1.00000 0.00000 0.00000 1.00000 0.00000 0.00000 1.00000 0.00000 -1.00000 0.00000 0.00000 -1.00000 0.00000 1.00000 0.00000 0.00000 1.00000 0.00000 0.00000 0.00000 1.00000 0.00000 0.00000 1.00000 -0.00000 -1.00000 0.00000 0.00000 -1.00000 0.00000 0.00000 0.00000 0.00000 -1.00000 0.00000 0.00000 -1.00000 0.00000 0.00000 1.00000 0.00000 0.00000 1.00000 0.00000 -1.00000 0.00000 0.00000 -1.00000 0.00000 1.00000 0.00000 0.00000 1.00000 0.00000 0.00000 0.00000 1.00000 0.00000 0.00000 1.00000 -0.00000 -1.00000 0.00000 0.00000 -1.00000 0.00000 0.00000 0.00000 0.00000 -1.00000 0.00000 0.00000 -1.00000 0.00000 0.00000 1.00000 0.00000 0.00000 1.00000 0.00000 -1.00000 0.00000 0.00000 -1.00000 0.00000 1.00000 0.00000 0.00000 1.00000 0.00000 0.00000 0.00000 1.00000 0.00000 0.00000 1.00000 -0.00000 -1.00000 0.00000 0.00000 -1.00000 0.00000 0.00000 0.00000 0.00000 -1.00000 0.00000 0.00000 -1.00000 0.00000 0.00000 1.00000 0.00000 0.00000 1.00000 0.00000 -1.00000 0.00000 0.00000 -1.00000 0.00000 1.00000 0.00000 0.00000 1.00000 0.00000 0.00000 0.00000 1.00000 0.00000 0.00000 1.00000 -0.00000 -1.00000 0.00000 0.00000 -1.00000 0.00000 0.00000 0.00000 0.00000 -1.00000 0.00000 0.00000 -1.00000 0.00000 0.00000 1.00000 0.00000 0.00000 1.00000 0.00000 -1.00000 0.00000 0.00000 -1.00000 0.00000 1.00000 0.00000 0.00000 1.00000 0.00000 0.00000 0.00000 1.00000 0.00000 0.00000 1.00000 -0.00000 -1.00000 0.00000 0.00000 -1.00000 0.00000 0.00000 0.00000 0.00000 -1.00000 0.00000 0.00000 -1.00000 0.00000 0.00000 1.00000 0.00000 0.00000 1.00000 0.00000 -1.00000 0.00000 0.00000 -1.00000 0.00000 1.00000 0.00000 0.00000 1.00000 0.00000 0.00000 0.00000 1.00000 0.00000 0.00000 1.00000 -0.00000 -1.00000 0.00000 0.00000 -1.00000 0.00000 0.00000 0.00000 0.00000 -1.00000 0.00000 0.00000 -1.00000 0.00000 0.00000 1.00000 0.00000 0.00000 1.00000 0.00000 -1.00000 0.00000 0.00000 -1.00000 0.00000 1.00000 0.00000 0.00000 1.00000 0.00000 0.00000 0.00000 1.00000 0.00000 0.00000 1.00000 -0.00000 -1.00000 0.00000 0.00000 -1.00000 0.00000 0.00000 0.00000 0.00000 -1.00000 0.00000 0.00000 -1.00000 0.00000 0.00000 1.00000 0.00000 0.00000 1.00000 0.00000 -1.00000 0.00000 0.00000 -1.00000 0.00000 1.00000 0.00000 0.00000 1.00000 0.00000 0.00000 0.00000 1.00000 0.00000 0.00000 1.00000 -0.00000 -1.00000 0.00000 0.00000 -1.00000 0.00000 0.00000 0.00000 0.00000 -1.00000 0.00000 0.00000 -1.00000 0.00000 0.00000 1.00000 0.00000 0.00000 1.00000 0.00000 -1.00000 0.00000 0.00000 -1.00000 0.00000 1.00000 0.00000 0.00000 1.00000 0.00000 0.00000 0.00000 1.00000 0.00000 0.00000 1.00000 -0.00000 -1.00000 0.00000 0.00000 -1.00000 0.00000 0.00000 0.00000 0.00000 -1.00000 0.00000 0.00000 -1.00000 0.00000 0.00000 1.00000 0.00000 0.00000 1.00000 0.00000 -1.00000 0.00000 0.00000 -1.00000 0.00000 1.00000 0.00000 0.00000 1.00000 0.00000 0.00000 0.00000 1.00000 0.00000 0.00000 1.00000 -0.00000 -1.00000 0.00000 0.00000 -1.00000 0.00000 0.00000 0.00000 0.00000 -1.00000 0.00000 0.00000 -1.00000 0.00000 0.00000 1.00000 0.00000 0.00000 1.00000 0.00000 -1.00000 0.00000 0.00000 -1.00000 0.00000 1.00000 0.00000 0.00000 1.00000 0.00000 0.00000 0.00000 1.00000 0.00000 0.00000 1.00000 -0.00000 -1.00000 0.00000 0.00000 -1.00000 0.00000 0.00000 0.00000 0.00000 -1.00000 0.00000 0.00000 -1.00000 0.00000 0.00000 1.00000 0.00000 0.00000 1.00000 0.00000 -1.00000 0.00000 0.00000 -1.00000 0.00000 1.00000 0.00000 0.00000 1.00000 0.00000 0.00000 0.00000 1.00000 0.00000 0.00000 1.00000 -0.00000 -1.00000 0.00000 0.00000 -1.00000 0.00000 0.00000 0.00000 0.00000 -1.00000 0.00000 0.00000 -1.00000 0.00000 0.00000 1.00000 0.00000 0.00000 1.00000 0.00000 -1.00000 0.00000 0.00000 -1.00000 0.00000 1.00000 0.00000 0.00000 1.00000 0.00000 0.00000 0.00000 1.00000 0.00000 0.00000 1.00000 -0.00000 -1.00000 0.00000 0.00000 -1.00000 0.00000 0.00000 0.00000 0.00000 -1.00000 0.00000 0.00000 -1.00000 0.00000 0.00000 1.00000 0.00000 0.00000 1.00000 0.00000 -1.00000 0.00000 0.00000 -1.00000 0.00000 1.00000 0.00000 0.00000 1.00000 0.00000 0.00000 0.00000 1.00000 0.00000 0.00000 1.00000 -0.00000 -1.00000 0.00000 0.00000 -1.00000 0.00000 0.00000 0.00000 0.00000 -1.00000 0.00000 0.00000 -1.00000 0.00000 0.00000 1.00000 0.00000 0.00000 1.00000 0.00000 -1.00000 0.00000 0.00000 -1.00000 0.00000 1.00000 0.00000 0.00000 1.00000 0.00000 0.00000 0.00000 1.00000 0.00000 0.00000 1.00000 -0.00000 -1.00000 0.00000 0.00000 -1.00000 0.00000 0.00000 0.00000 0.00000 -1.00000 0.00000 0.00000 -1.00000 0.00000 0.00000 1.00000 0.00000 0.00000 1.00000 0.00000 -1.00000 0.00000 0.00000 -1.00000 0.00000 1.00000 0.00000 0.00000 1.00000 0.00000 0.00000 0.00000 1.00000 0.00000 0.00000 1.00000 -0.00000 -1.00000 0.00000 0.00000 -1.00000 0.00000 0.00000 0.00000 0.00000 -1.00000 0.00000 0.00000 -1.00000 0.00000 0.00000 1.00000 0.00000 0.00000 1.00000 0.00000 -1.00000 0.00000 0.00000 -1.00000 0.00000 1.00000 0.00000 0.00000 1.00000 0.00000 0.00000 0.00000 1.00000 0.00000 0.00000 1.00000 -0.00000 -1.00000 0.00000 0.00000 -1.00000 0.00000 0.00000 0.00000 0.00000 -1.00000 0.00000 0.00000 -1.00000 0.00000 0.00000 1.00000 0.00000 0.00000 1.00000 0.00000 -1.00000 0.00000 0.00000 -1.00000 0.00000 1.00000 0.00000 0.00000 1.00000 0.00000 0.00000 0.00000 1.00000 0.00000 0.00000 1.00000 -0.00000 -1.00000 0.00000 0.00000 -1.00000 0.00000 0.00000 0.00000 0.00000 -1.00000 0.00000 0.00000 -1.00000 0.00000 0.00000 1.00000 0.00000 0.00000 1.00000 0.00000 -1.00000 0.00000 0.00000 -1.00000 0.00000 1.00000 0.00000 0.00000 1.00000 0.00000 0.00000 0.00000 1.00000 0.00000 0.00000 1.00000 -0.00000 -1.00000 0.00000 0.00000 -1.00000 0.00000 0.00000 0.00000 0.00000 -1.00000 0.00000 0.00000 -1.00000 0.00000 0.00000 1.00000 0.00000 0.00000 1.00000 0.00000 -1.00000 0.00000 0.00000 -1.00000 0.00000 1.00000 0.00000 0.00000 1.00000 0.00000 0.00000 0.00000 1.00000 0.00000 0.00000 1.00000 -0.00000 -1.00000 0.00000 0.00000 -1.00000 0.00000 0.00000 0.00000 0.00000 -1.00000 0.00000 0.00000 -1.00000 0.00000 0.00000 1.00000 0.00000 0.00000 1.00000 0.00000 -1.00000 0.00000 0.00000 -1.00000 0.00000 1.00000 0.00000 0.00000 1.00000 0.00000 0.00000 0.00000 1.00000 0.00000 0.00000 1.00000 -0.00000 -1.00000 0.00000 0.00000 -1.00000 0.00000 0.00000 0.00000 0.00000 -1.00000 0.00000 0.00000 -1.00000 0.00000 0.00000 1.00000 0.00000 0.00000 1.00000 0.00000 -1.00000 0.00000 0.00000 -1.00000 0.00000 1.00000 0.00000 0.00000 1.00000 0.00000 0.00000 0.00000 1.00000 0.00000 0.00000 1.00000 -0.00000 -1.00000 0.00000 0.00000 -1.00000 0.00000 0.00000 0.00000 0.00000 -1.00000 0.00000 0.00000 -1.00000 0.00000 0.00000 1.00000 0.00000 0.00000 1.00000 0.00000 -1.00000 0.00000 0.00000 -1.00000 0.00000 1.00000 0.00000 0.00000 1.00000 0.00000 0.00000 0.00000 1.00000 0.00000 0.00000 1.00000 -0.00000 -1.00000 0.00000 0.00000 -1.00000 0.00000 0.00000 0.00000 0.00000 -1.00000 0.00000 0.00000 -1.00000 0.00000 0.00000 1.00000 0.00000 0.00000 1.00000 0.00000 -1.00000 0.00000 0.00000 -1.00000 0.00000 1.00000 0.00000 0.00000 1.00000 0.00000 0.00000 0.00000 1.00000 0.00000 0.00000 1.00000 -0.00000 -1.00000 0.00000 0.00000 -1.00000 0.00000 0.00000 0.00000 0.00000 -1.00000 0.00000 0.00000 -1.00000 0.00000 0.00000 1.00000 0.00000 0.00000 1.00000 0.00000 -1.00000 0.00000 0.00000 -1.00000 0.00000 1.00000 0.00000 0.00000 1.00000 0.00000 0.00000 0.00000 1.00000 0.00000 0.00000 1.00000 -0.00000 -1.00000 0.00000 0.00000 -1.00000 0.00000 0.00000 0.00000 0.00000 -1.00000 0.00000 0.00000 -1.00000 0.00000 0.00000 1.00000 0.00000 0.00000 1.00000 0.00000 -1.00000 0.00000 0.00000 -1.00000 0.00000 1.00000 0.00000 0.00000 1.00000 0.00000 0.00000 0.00000 1.00000 0.00000 0.00000 1.00000 -0.00000 -1.00000 0.00000 0.00000 -1.00000 0.00000 0.00000 0.00000 0.00000 -1.00000 0.00000 0.00000 -1.00000 0.00000 0.00000 1.00000 0.00000 0.00000 1.00000 0.00000 -1.00000 0.00000 0.00000 -1.00000 0.00000 1.00000 0.00000 0.00000 1.00000 0.00000 0.00000 0.00000 1.00000 0.00000 0.00000 1.00000 -0.00000 -1.00000 0.00000 0.00000 -1.00000 0.00000 0.00000 0.00000 0.00000 -1.00000 0.00000 0.00000 -1.00000 0.00000 0.00000 1.00000 0.00000 0.00000 1.00000 0.00000 -1.00000 0.00000 0.00000 -1.00000 0.00000 1.00000 0.00000 0.00000 1.00000 0.00000 0.00000 0.00000 1.00000 0.00000 0.00000 1.00000 -0.00000 -1.00000 0.00000 0.00000 -1.00000 0.00000 0.00000 0.00000 0.00000 -1.00000 0.00000 0.00000 -1.00000 0.00000 0.00000 1.00000 0.00000 0.00000 1.00000 0.00000 -1.00000 0.00000 0.00000 -1.00000 0.00000 1.00000 0.00000 0.00000 1.00000 0.00000 0.00000 0.00000 1.00000 0.00000 0.00000 1.00000 -0.00000 -1.00000 0.00000 0.00000 -1.00000 0.00000 0.00000 0.00000 0.00000 -1.00000 0.00000 0.00000 -1.00000 0.00000 0.00000 1.00000 0.00000 0.00000 1.00000 0.00000 -1.00000 0.00000 0.00000 -1.00000 0.00000 1.00000 0.00000 0.00000 1.00000 0.00000 0.00000 0.00000 1.00000 0.00000 0.00000 1.00000 -0.00000 -1.00000 0.00000 0.00000 -1.00000 0.00000 0.00000 0.00000 0.00000 -1.00000 0.00000 0.00000 -1.00000 0.00000 0.00000 1.00000 0.00000 0.00000 1.00000 0.00000 -1.00000 0.00000 0.00000 -1.00000 0.00000 1.00000 0.00000 0.00000 1.00000 0.00000 0.00000 0.00000 1.00000 0.00000 0.00000 1.00000 -0.00000 -1.00000 0.00000 0.00000 -1.00000 0.00000 0.00000 0.00000 0.00000 -1.00000 0.00000 0.00000 -1.00000 0.00000 0.00000 1.00000 0.00000 0.00000 1.00000 0.00000 -1.00000 0.00000 0.00000 -1.00000 0.00000 1.00000 0.00000 0.00000 1.00000 0.00000 0.00000 0.00000 1.00000 0.00000 0.00000 1.00000 -0.00000 -1.00000 0.00000 0.00000 -1.00000 0.00000 0.00000 0.00000 0.00000 -1.00000 0.00000 0.00000 -1.00000 0.00000 0.00000 1.00000 0.00000 0.00000 1.00000 0.00000 -1.00000 0.00000 0.00000 -1.00000 0.00000 1.00000 0.00000 0.00000 1.00000 0.00000 0.00000 0.00000 1.00000 0.00000 0.00000 1.00000 -0.00000 -1.00000 0.00000 0.00000 -1.00000 0.00000 0.00000 0.00000 0.00000 -1.00000 0.00000 0.00000 -1.00000 0.00000 0.00000 1.00000 0.00000 0.00000 1.00000 0.00000 -1.00000 0.00000 0.00000 -1.00000 0.00000 1.00000 0.00000 0.00000 1.00000 0.00000 0.00000 0.00000 1.00000 0.00000 0.00000 1.00000 -0.00000 -1.00000 0.00000 0.00000 -1.00000 0.00000 0.00000 0.00000 0.00000 -1.00000 0.00000 0.00000 -1.00000 0.00000 0.00000 1.00000 0.00000 0.00000 1.00000 0.00000 -1.00000 0.00000 0.00000 -1.00000 0.00000 1.00000 0.00000 0.00000 1.00000 0.00000 0.00000 0.00000 1.00000 0.00000 0.00000 1.00000 -0.00000 -1.00000 0.00000 0.00000 -1.00000 0.00000 0.00000 0.00000 0.00000 -1.00000 0.00000 0.00000 -1.00000 0.00000 0.00000 1.00000 0.00000 0.00000 1.00000 0.00000 -1.00000 0.00000 0.00000 -1.00000 0.00000 1.00000 0.00000 0.00000 1.00000 0.00000 0.00000 0.00000 1.00000 0.00000 0.00000 1.00000 -0.00000 -1.00000 0.00000 0.00000 -1.00000 0.00000 0.00000 0.00000 0.00000 -1.00000 0.00000 0.00000 -1.00000 0.00000 0.00000 1.00000 0.00000 0.00000 1.00000 0.00000 -1.00000 0.00000 0.00000 -1.00000 0.00000 1.00000 0.00000 0.00000 1.00000 0.00000 0.00000 0.00000 1.00000 0.00000 0.00000 1.00000 -0.00000 -1.00000 0.00000 0.00000 -1.00000 0.00000 0.00000 0.00000 0.00000 -1.00000 0.00000 0.00000 -1.00000 0.00000 0.00000 1.00000 0.00000 0.00000 1.00000 0.00000 -1.00000 0.00000 0.00000 -1.00000 0.00000 1.00000 0.00000 0.00000 1.00000 0.00000 0.00000 0.00000 1.00000 0.00000 0.00000 1.00000 -0.00000 -1.00000 0.00000 0.00000 -1.00000 0.00000 0.00000 0.00000 0.00000 -1.00000 0.00000 0.00000 -1.00000 0.00000 0.00000 1.00000 0.00000 0.00000 1.00000 0.00000 -1.00000 0.00000 0.00000 -1.00000 0.00000 1.00000 0.00000 0.00000 1.00000 0.00000 0.00000 0.00000 1.00000 0.00000 0.00000 1.00000 -0.00000 -1.00000 0.00000 0.00000 -1.00000 0.00000 0.00000 0.00000 0.00000 -1.00000 0.00000 0.00000 -1.00000 0.00000 0.00000 1.00000 0.00000 0.00000 1.00000 0.00000 -1.00000 0.00000 0.00000 -1.00000 0.00000 1.00000 0.00000 0.00000 1.00000 0.00000 0.00000 0.00000 1.00000 0.00000 0.00000 1.00000 -0.00000 -1.00000 0.00000 0.00000 -1.00000 0.00000 0.00000 0.00000 0.00000 -1.00000 0.00000 0.00000 -1.00000 0.00000 0.00000 1.00000 0.00000 0.00000 1.00000 0.00000 -1.00000 0.00000 0.00000 -1.00000 0.00000 1.00000 0.00000 0.00000 1.00000 0.00000 0.00000 0.00000 1.00000 0.00000 0.00000 1.00000 -0.00000 -1.00000 0.00000 0.00000 -1.00000 0.00000 0.00000 0.00000 0.00000 -1.00000 0.00000 0.00000 -1.00000 0.00000 0.00000 1.00000 0.00000 0.00000 1.00000 0.00000 -1.00000 0.00000 0.00000 -1.00000 0.00000 1.00000 0.00000 0.00000 1.00000 0.00000 0.00000 0.00000 1.00000 0.00000 0.00000 1.00000 -0.00000 -1.00000 0.00000 0.00000 -1.00000 0.00000 0.00000 0.00000 0.00000 -1.00000 0.00000 0.00000 -1.00000 0.00000 0.00000 1.00000 0.00000 0.00000 1.00000 0.00000 -1.00000 0.00000 0.00000 -1.00000 0.00000 1.00000 0.00000 0.00000 1.00000 0.00000 0.00000 0.00000 1.00000 0.00000 0.00000 1.00000 -0.00000 -1.00000 0.00000 0.00000 -1.00000 0.00000 0.00000 0.00000 0.00000 -1.00000 0.00000 0.00000 -1.00000 0.00000 0.00000 1.00000 0.00000 0.00000 1.00000 0.00000 -1.00000 0.00000 0.00000 -1.00000 0.00000 1.00000 0.00000 0.00000 1.00000 0.00000 0.00000 0.00000 1.00000 0.00000 0.00000 1.00000 -0.00000 -1.00000 0.00000 0.00000 -1.00000 0.00000 0.00000 0.00000 0.00000 -1.00000 0.00000 0.00000 -1.00000 0.00000 0.00000 1.00000 0.00000 0.00000 1.00000 0.00000 -1.00000 0.00000 0.00000 -1.00000 0.00000 1.00000 0.00000 0.00000 1.00000 0.00000 0.00000 0.00000 1.00000 0.00000 0.00000 1.00000 -0.00000 -1.00000 0.00000 0.00000 -1.00000 0.00000 0.00000 0.00000 0.00000 -1.00000 0.00000 0.00000 -1.00000 0.00000 0.00000 1.00000 0.00000 0.00000 1.00000 0.00000 -1.00000 0.00000 0.00000 -1.00000 0.00000 1.00000 0.00000 0.00000 1.00000 0.00000 0.00000 0.00000 1.00000 0.00000 0.00000 1.00000 -0.00000 -1.00000 0.00000 0.00000 -1.00000 0.00000 0.00000 0.00000 0.00000 -1.00000 0.00000 0.00000 -1.00000 0.00000 0.00000 1.00000 0.00000 0.00000 1.00000 0.00000 -1.00000 0.00000 0.00000 -1.00000 0.00000 1.00000 0.00000 0.00000 1.00000 0.00000 0.00000 0.00000 1.00000 0.00000 0.00000 1.00000 -0.00000 -1.00000 0.00000 0.00000 -1.00000 0.00000 0.00000 0.00000 0.00000 -1.00000 0.00000 0.00000 -1.00000 0.00000 0.00000 1.00000 0.00000 0.00000 1.00000 0.00000 -1.00000 0.00000 0.00000 -1.00000 0.00000 1.00000 0.00000 0.00000 1.00000 0.00000 0.00000 0.00000 1.00000 0.00000 0.00000 1.00000 -0.00000 -1.00000 0.00000 0.00000 -1.00000 0.00000 0.00000 0.00000 0.00000 -1.00000 0.00000 0.00000 -1.00000 0.00000 0.00000 1.00000 0.00000 0.00000 1.00000 0.00000 -1.00000 0.00000 0.00000 -1.00000 0.00000 1.00000 0.00000 0.00000 1.00000 0.00000 0.00000 0.00000 1.00000 0.00000 0.00000 1.00000 -0.00000 -1.00000 0.00000 0.00000 -1.00000 0.00000 0.00000 0.00000 0.00000 -1.00000 0.00000 0.00000 -1.00000 0.00000 0.00000 1.00000 0.00000 0.00000 1.00000 0.00000 -1.00000 0.00000 0.00000 -1.00000 0.00000 1.00000 0.00000 0.00000 1.00000 0.00000 0.00000 0.00000 1.00000 0.00000 0.00000 1.00000 -0.00000 -1.00000 0.00000 0.00000 -1.00000 0.00000 0.00000 0.00000 0.00000 -1.00000 0.00000 0.00000 -1.00000 0.00000 0.00000 1.00000 0.00000 0.00000 1.00000 0.00000 -1.00000 0.00000 0.00000 -1.00000 0.00000 1.00000 0.00000 0.00000 1.00000 0.00000 0.00000 0.00000 1.00000 0.00000 0.00000 1.00000 -0.00000 -1.00000 0.00000 0.00000 -1.00000 0.00000 0.00000 0.00000 0.00000 -1.00000 0.00000 0.00000 -1.00000 0.00000 0.00000 1.00000 0.00000 0.00000 1.00000 0.00000 -1.00000 0.00000 0.00000 -1.00000 0.00000 1.00000 0.00000 0.00000 1.00000 0.00000 0.00000 0.00000 1.00000 0.00000 0.00000 1.00000 -0.00000 -1.00000 0.00000 0.00000 -1.00000 0.00000 0.00000 0.00000 0.00000 -1.00000 0.00000 0.00000 -1.00000 0.00000 0.00000 1.00000 0.00000 0.00000 1.00000 0.00000 -1.00000 0.00000 0.00000 -1.00000 0.00000 1.00000 0.00000 0.00000 1.00000 0.00000 0.00000 0.00000 1.00000 0.00000 0.00000 1.00000 -0.00000 -1.00000 0.00000 0.00000 -1.00000 0.00000 0.00000 0.00000 0.00000 -1.00000 0.00000 0.00000 -1.00000 0.00000 0.00000 1.00000 0.00000 0.00000 1.00000 0.00000 -1.00000 0.00000 0.00000 -1.00000 0.00000 1.00000 0.00000 0.00000 1.00000 0.00000 0.00000 0.00000 1.00000 0.00000 0.00000 1.00000 -0.00000 -1.00000 0.00000 0.00000 -1.00000 0.00000 0.00000 0.00000 0.00000 -1.00000 0.00000 0.00000 -1.00000 0.00000 0.00000 1.00000 0.00000 0.00000 1.00000 0.00000 -1.00000 0.00000 0.00000 -1.00000 0.00000 1.00000 0.00000 0.00000 1.00000 0.00000 0.00000 0.00000 1.00000 0.00000 0.00000 1.00000 -0.00000 -1.00000 0.00000 0.00000 -1.00000 0.00000 0.00000 0.00000 0.00000 -1.00000 0.00000 0.00000 -1.00000 0.00000 0.00000 1.00000 0.00000 0.00000 1.00000 0.00000 -1.00000 0.00000 0.00000 -1.00000 0.00000 1.00000 0.00000 0.00000 1.00000 0.00000 0.00000 0.00000 1.00000 0.00000 0.00000 1.00000 -0.00000 -1.00000 0.00000 0.00000 -1.00000 0.00000 0.00000 0.00000 0.00000 -1.00000 0.00000 0.00000 -1.00000 0.00000 0.00000 1.00000 0.00000 0.00000 1.00000 0.00000 -1.00000 0.00000 0.00000 -1.00000 0.00000 1.00000 0.00000 0.00000 1.00000 0.00000 0.00000 0.00000 1.00000 0.00000 0.00000 1.00000 -0.00000 -1.00000 0.00000 0.00000 -1.00000 0.00000 0.00000 0.00000 0.00000 -1.00000 0.00000 0.00000 -1.00000 0.00000 0.00000 1.00000 0.00000 0.00000 1.00000 0.00000 -1.00000 0.00000 0.00000 -1.00000 0.00000 1.00000 0.00000 0.00000 1.00000 0.00000 0.00000 0.00000 1.00000 0.00000 0.00000 1.00000 -0.00000 -1.00000 0.00000 0.00000 -1.00000 0.00000 0.00000 0.00000 0.00000 -1.00000 0.00000 0.00000 -1.00000 0.00000 0.00000 1.00000 0.00000 0.00000 1.00000 0.00000 -1.00000 0.00000 0.00000 -1.00000 0.00000 1.00000 0.00000 0.00000 1.00000 0.00000 0.00000 0.00000 1.00000 0.00000 0.00000 1.00000 -0.00000 -1.00000 0.00000 0.00000 -1.00000 0.00000 0.00000 0.00000 0.00000 -1.00000 0.00000 0.00000 -1.00000 0.00000 0.00000 1.00000 0.00000 0.00000 1.00000 0.00000 -1.00000 0.00000 0.00000 -1.00000 0.00000 1.00000 0.00000 0.00000 1.00000 0.00000 0.00000 0.00000 1.00000 0.00000 0.00000 1.00000 -0.00000 -1.00000 0.00000 0.00000 -1.00000 0.00000 0.00000 0.00000 0.00000 -1.00000 0.00000 0.00000 -1.00000 0.00000 0.00000 1.00000 0.00000 0.00000 1.00000 0.00000 -1.00000 0.00000 0.00000 -1.00000 0.00000 1.00000 0.00000 0.00000 1.00000 0.00000 0.00000 0.00000 1.00000 0.00000 0.00000 1.00000 -0.00000 -1.00000 0.00000 0.00000 -1.00000 0.00000 0.00000 0.00000 0.00000 -1.00000 0.00000 0.00000 -1.00000 0.00000 0.00000 1.00000 0.00000 0.00000 1.00000 0.00000 -1.00000 0.00000 0.00000 -1.00000 0.00000 1.00000 0.00000 0.00000 1.00000 0.00000 0.00000 0.00000 1.00000 0.00000 0.00000 1.00000 -0.00000 -1.00000 0.00000 0.00000 -1.00000 0.00000 0.00000 0.00000 0.00000 -1.00000 0.00000 0.00000 -1.00000 0.00000 0.00000 1.00000 0.00000 0.00000 1.00000 0.00000 -1.00000 0.00000 0.00000 -1.00000 0.00000 1.00000 0.00000 0.00000 1.00000 0.00000 0.00000 0.00000 1.00000 0.00000 0.00000 1.00000 -0.00000 -1.00000 0.00000 0.00000 -1.00000 0.00000 0.00000 0.00000 0.00000 -1.00000 0.00000 0.00000 -1.00000 0.00000 0.00000 1.00000 0.00000 0.00000 1.00000 0.00000 -1.00000 0.00000 0.00000 -1.00000 0.00000 1.00000 0.00000 0.00000 1.00000 0.00000 0.00000 0.00000 1.00000 0.00000 0.00000 1.00000 -0.00000 -1.00000 0.00000 0.00000 -1.00000 0.00000 0.00000 0.00000 0.00000 -1.00000 0.00000 0.00000 -1.00000 0.00000 0.00000 1.00000 0.00000 0.00000 1.00000 0.00000 -1.00000 0.00000 0.00000 -1.00000 0.00000 1.00000 0.00000 0.00000 1.00000 0.00000 0.00000 0.00000 1.00000 0.00000 0.00000 1.00000 -0.00000 -1.00000 0.00000 0.00000 -1.00000 0.00000 0.00000 0.00000 0.00000 -1.00000 0.00000 0.00000 -1.00000 0.00000 0.00000 1.00000 0.00000 0.00000 1.00000 0.00000 -1.00000 0.00000 0.00000 -1.00000 0.00000 1.00000 0.00000 0.00000 1.00000 0.00000 0.00000 0.00000 1.00000 0.00000 0.00000 1.00000 -0.00000 -1.00000 0.00000 0.00000 -1.00000 0.00000 0.00000 0.00000 0.00000 -1.00000 0.00000 0.00000 -1.00000 0.00000 0.00000 1.00000 0.00000 0.00000 1.00000 0.00000 -1.00000 0.00000 0.00000 -1.00000 0.00000 1.00000 0.00000 0.00000 1.00000 0.00000 0.00000 0.00000 1.00000 0.00000 0.00000 1.00000 -0.00000 -1.00000 0.00000 0.00000 -1.00000 0.00000 0.00000 0.00000 0.00000 -1.00000 0.00000 0.00000 -1.00000 0.00000 0.00000 1.00000 0.00000 0.00000 1.00000 0.00000 -1.00000 0.00000 0.00000 -1.00000 0.00000 1.00000 0.00000 0.00000 1.00000 0.00000 0.00000 0.00000 1.00000 0.00000 0.00000 1.00000 -0.00000 -1.00000 0.00000 0.00000 -1.00000 0.00000 0.00000 0.00000 0.00000 -1.00000 0.00000 0.00000 -1.00000 0.00000 0.00000 1.00000 0.00000 0.00000 1.00000 0.00000 -1.00000 0.00000 0.00000 -1.00000 0.00000 1.00000 0.00000 0.00000 1.00000 0.00000 0.00000 0.00000 1.00000 0.00000 0.00000 1.00000 -0.00000 -1.00000 0.00000 0.00000 -1.00000 0.00000 0.00000 0.00000 0.00000 -1.00000 0.00000 0.00000 -1.00000 0.00000 0.00000 1.00000 0.00000 0.00000 1.00000 0.00000 -1.00000 0.00000 0.00000 -1.00000 0.00000 1.00000 0.00000 0.00000 1.00000 0.00000 0.00000 0.00000 1.00000 0.00000 0.00000 1.00000 -0.00000 -1.00000 0.00000 0.00000 -1.00000 0.00000 0.00000 0.00000 0.00000 -1.00000 0.00000 0.00000 -1.00000 0.00000 0.00000 1.00000 0.00000 0.00000 1.00000 0.00000 -1.00000 0.00000 0.00000 -1.00000 0.00000 1.00000 0.00000 0.00000 1.00000 0.00000 0.00000 0.00000 1.00000 0.00000 0.00000 1.00000 -0.00000 -1.00000 0.00000 0.00000 -1.00000 0.00000 0.00000 0.00000 0.00000 -1.00000 0.00000 0.00000 -1.00000 0.00000 0.00000 1.00000 0.00000 0.00000 1.00000 0.00000 -1.00000 0.00000 0.00000 -1.00000 0.00000 1.00000 0.00000 0.00000 1.00000 0.00000 0.00000 0.00000 1.00000 0.00000 0.00000 1.00000 -0.00000 -1.00000 0.00000 0.00000 -1.00000 0.00000 0.00000 0.00000 0.00000 -1.00000 0.00000 0.00000 -1.00000 0.00000 0.00000 1.00000 0.00000 0.00000 1.00000 0.00000 -1.00000 0.00000 0.00000 -1.00000 0.00000 1.00000 0.00000 0.00000 1.00000 0.00000 0.00000 0.00000 1.00000 0.00000 0.00000 1.00000 -0.00000 -1.00000 0.00000 0.00000 -1.00000 0.00000 0.00000 0.00000 0.00000 -1.00000 0.00000 0.00000 -1.00000 0.00000 0.00000 1.00000 0.00000 0.00000 1.00000 0.00000 -1.00000 0.00000 0.00000 -1.00000 0.00000 1.00000 0.00000 0.00000 1.00000 0.00000 0.00000 0.00000 1.00000 0.00000 0.00000 1.00000 -0.00000 -1.00000 0.00000 0.00000 -1.00000 0.00000 0.00000 0.00000 0.00000 -1.00000 0.00000 0.00000 -1.00000 0.00000 0.00000 1.00000 0.00000 0.00000 1.00000 0.00000 -1.00000 0.00000 0.00000 -1.00000 0.00000 1.00000 0.00000 0.00000 1.00000 0.00000 0.00000 0.00000 1.00000 0.00000 0.00000 1.00000 -0.00000 -1.00000 0.00000 0.00000 -1.00000 0.00000 0.00000 0.00000 0.00000 -1.00000 0.00000 0.00000 -1.00000 0.00000 0.00000 1.00000 0.00000 0.00000 1.00000 0.00000 -1.00000 0.00000 0.00000 -1.00000 0.00000 1.00000 0.00000 0.00000 1.00000 0.00000 0.00000 0.00000 1.00000 0.00000 0.00000 1.00000 -0.00000 -1.00000 0.00000 0.00000 -1.00000 0.00000 0.00000 0.00000 0.00000 -1.00000 0.00000 0.00000 -1.00000 0.00000 0.00000 1.00000 0.00000 0.00000 1.00000 0.00000 -1.00000 0.00000 0.00000 -1.00000 0.00000 1.00000 0.00000 0.00000 1.00000 0.00000 0.00000 0.00000 1.00000 0.00000 0.00000 1.00000 -0.00000 -1.00000 0.00000 0.00000 -1.00000 0.00000 0.00000 0.00000 0.00000 -1.00000 0.00000 0.00000 -1.00000 0.00000 0.00000 1.00000 0.00000 0.00000 1.00000 0.00000 -1.00000 0.00000 0.00000 -1.00000 0.00000 1.00000 0.00000 0.00000 1.00000 0.00000 0.00000 0.00000 1.00000 0.00000 0.00000 1.00000 -0.00000 -1.00000 0.00000 0.00000 -1.00000 0.00000 0.00000 0.00000 0.00000 -1.00000 0.00000 0.00000 -1.00000 0.00000 0.00000 1.00000 0.00000 0.00000 1.00000 0.00000 -1.00000 0.00000 0.00000 -1.00000 0.00000 1.00000 0.00000 0.00000 1.00000 0.00000 0.00000 0.00000 1.00000 0.00000 0.00000 1.00000 -0.00000 -1.00000 0.00000 0.00000 -1.00000 0.00000 0.00000 0.00000 0.00000 -1.00000 0.00000 0.00000 -1.00000 0.00000 0.00000 1.00000 0.00000 0.00000 1.00000 0.00000 -1.00000 0.00000 0.00000 -1.00000 0.00000 1.00000 0.00000 0.00000 1.00000 0.00000 0.00000 0.00000 1.00000 0.00000 0.00000 1.00000 -0.00000 -1.00000 0.00000 0.00000 -1.00000 0.00000 0.00000 0.00000 0.00000 -1.00000 0.00000 0.00000 -1.00000 0.00000 0.00000 1.00000 0.00000 0.00000 1.00000 0.00000 -1.00000 0.00000 0.00000 -1.00000 0.00000 1.00000 0.00000 0.00000 1.00000 0.00000 0.00000 0.00000 1.00000 0.00000 0.00000 1.00000 -0.00000 -1.00000 0.00000 0.00000 -1.00000 0.00000 0.00000 0.00000 0.00000 -1.00000 0.00000 0.00000 -1.00000 0.00000 0.00000 1.00000 0.00000 0.00000 1.00000 0.00000 -1.00000 0.00000 0.00000 -1.00000 0.00000 1.00000 0.00000 0.00000 1.00000 0.00000 0.00000 0.00000 1.00000 0.00000 0.00000 1.00000 -0.00000 -1.00000 0.00000 0.00000 -1.00000 0.00000 0.00000 0.00000 0.00000 -1.00000 0.00000 0.00000 -1.00000 0.00000 0.00000 1.00000 0.00000 0.00000 1.00000 0.00000 -1.00000 0.00000 0.00000 -1.00000 0.00000 1.00000 0.00000 0.00000 1.00000 0.00000 0.00000 0.00000 1.00000 0.00000 0.00000 1.00000 -0.00000 -1.00000 0.00000 0.00000 -1.00000 0.00000 0.00000 0.00000 0.00000 -1.00000 0.00000 0.00000 -1.00000 0.00000 0.00000 1.00000 0.00000 0.00000 1.00000 0.00000 -1.00000 0.00000 0.00000 -1.00000 0.00000 1.00000 0.00000 0.00000 1.00000 0.00000 0.00000 0.00000 1.00000 0.00000 0.00000 1.00000 -0.00000 -1.00000 0.00000 0.00000 -1.00000 0.00000 0.00000 0.00000 0.00000 -1.00000 0.00000 0.00000 -1.00000 0.00000 0.00000 1.00000 0.00000 0.00000 1.00000 0.00000 -1.00000 0.00000 0.00000 -1.00000 0.00000 1.00000 0.00000 0.00000 1.00000 0.00000 0.00000 0.00000 1.00000 0.00000 0.00000 1.00000 -0.00000 -1.00000 0.00000 0.00000 -1.00000 0.00000 0.00000 0.00000 0.00000 -1.00000 0.00000 0.00000 -1.00000 0.00000 0.00000 1.00000 0.00000 0.00000 1.00000 0.00000 -1.00000 0.00000 0.00000 -1.00000 0.00000 1.00000 0.00000 0.00000 1.00000 0.00000 0.00000 0.00000 1.00000 0.00000 0.00000 1.00000 -0.00000 -1.00000 0.00000 0.00000 -1.00000 0.00000 0.00000 0.00000 0.00000 -1.00000 0.00000 0.00000 -1.00000 0.00000 0.00000 1.00000 0.00000 0.00000 1.00000 0.00000 -1.00000 0.00000 0.00000 -1.00000 0.00000 1.00000 0.00000 0.00000 1.00000 0.00000 0.00000 0.00000 1.00000 0.00000 0.00000 1.00000 -0.00000 -1.00000 0.00000 0.00000 -1.00000 0.00000 0.00000 0.00000 0.00000 -1.00000 0.00000 0.00000 -1.00000 0.00000 0.00000 1.00000 0.00000 0.00000 1.00000 0.00000 -1.00000 0.00000 0.00000 -1.00000 0.00000 1.00000 0.00000 0.00000 1.00000 0.00000 0.00000 0.00000 1.00000 0.00000 0.00000 1.00000 -0.00000 -1.00000 0.00000 0.00000 -1.00000 0.00000 0.00000 0.00000 0.00000 -1.00000 0.00000 0.00000 -1.00000 0.00000 0.00000 1.00000 0.00000 0.00000 1.00000 0.00000 -1.00000 0.00000 0.00000 -1.00000 0.00000 1.00000 0.00000 0.00000 1.00000 0.00000 0.00000 0.00000 1.00000 0.00000 0.00000 1.00000 -0.00000 -1.00000 0.00000 0.00000 -1.00000 0.00000 0.00000 0.00000 0.00000 -1.00000 0.00000 0.00000 -1.00000 0.00000 0.00000 1.00000 0.00000 0.00000 1.00000 0.00000 -1.00000 0.00000 0.00000 -1.00000 0.00000 1.00000 0.00000 0.00000 1.00000 0.00000 0.00000 0.00000 1.00000 0.00000 0.00000 1.00000 -0.00000 -1.00000 0.00000 0.00000 -1.00000 0.00000 0.00000 0.00000 0.00000 -1.00000 0.00000 0.00000 -1.00000 0.00000 0.00000 1.00000 0.00000 0.00000 1.00000 0.00000 -1.00000 0.00000 0.00000 -1.00000 0.00000 1.00000 0.00000 0.00000 1.00000 0.00000 0.00000 0.00000 1.00000 0.00000 0.00000 1.00000 -0.00000 -1.00000 0.00000 0.00000 -1.00000 0.00000 0.00000 0.00000 0.00000 -1.00000 0.00000 0.00000 -1.00000 0.00000 0.00000 1.00000 0.00000 0.00000 1.00000 0.00000 -1.00000 0.00000 0.00000 -1.00000 0.00000 1.00000 0.00000 0.00000 1.00000 0.00000 0.00000 0.00000 1.00000 0.00000 0.00000 1.00000 -0.00000 -1.00000 0.00000 0.00000 -1.00000 0.00000 0.00000 0.00000 0.00000 -1.00000 0.00000 0.00000 -1.00000 0.00000 0.00000 1.00000 0.00000 0.00000 1.00000 0.00000 -1.00000 0.00000 0.00000 -1.00000 0.00000 1.00000 0.00000 0.00000 1.00000 0.00000 0.00000 0.00000 1.00000 0.00000 0.00000 1.00000 -0.00000 -1.00000 0.00000 0.00000 -1.00000 0.00000 0.00000 0.00000 0.00000 -1.00000 0.00000 0.00000 -1.00000 0.00000 0.00000 1.00000 0.00000 0.00000 1.00000 0.00000 -1.00000 0.00000 0.00000 -1.00000 0.00000 1.00000 0.00000 0.00000 1.00000 0.00000 0.00000 0.00000 1.00000 0.00000 0.00000 1.00000 -0.00000 -1.00000 0.00000 0.00000 -1.00000 0.00000 0.00000 0.00000 0.00000 -1.00000 0.00000 0.00000 -1.00000 0.00000 0.00000 1.00000 0.00000 0.00000 1.00000 0.00000 -1.00000 0.00000 0.00000 -1.00000 0.00000 1.00000 0.00000 0.00000 1.00000 0.00000 0.00000 0.00000 1.00000 0.00000 0.00000 1.00000 -0.00000 -1.00000 0.00000 0.00000 -1.00000 0.00000 0.00000 0.00000 0.00000 -1.00000 0.00000 0.00000 -1.00000 0.00000 0.00000 1.00000 0.00000 0.00000 1.00000 0.00000 -1.00000 0.00000 0.00000 -1.00000 0.00000 1.00000 0.00000 0.00000 1.00000 0.00000 0.00000 0.00000 1.00000 0.00000 0.00000 1.00000 -0.00000 -1.00000 0.00000 0.00000 -1.00000 0.00000 0.00000 0.00000 0.00000 -1.00000 0.00000 0.00000 -1.00000 0.00000 0.00000 1.00000 0.00000 0.00000 1.00000 0.00000 -1.00000 0.00000 0.00000 -1.00000 0.00000 1.00000 0.00000 0.00000 1.00000 0.00000 0.00000 0.00000 1.00000 0.00000 0.00000 1.00000 -0.00000 -1.00000 0.00000 0.00000 -1.00000 0.00000 0.00000 0.00000 0.00000 -1.00000 0.00000 0.00000 -1.00000 0.00000 0.00000 1.00000 0.00000 0.00000 1.00000 0.00000 -1.00000 0.00000 0.00000 -1.00000 0.00000 1.00000 0.00000 0.00000 1.00000 0.00000 0.00000 0.00000 1.00000 0.00000 0.00000 1.00000 -0.00000 -1.00000 0.00000 0.00000 -1.00000 0.00000 0.00000 0.00000 0.00000 -1.00000 0.00000 0.00000 -1.00000 0.00000 0.00000 1.00000 0.00000 0.00000 1.00000 0.00000 -1.00000 0.00000 0.00000 -1.00000 0.00000 1.00000 0.00000 0.00000 1.00000 0.00000 0.00000 0.00000 1.00000 0.00000 0.00000 1.00000 -0.00000 -1.00000 0.00000 0.00000 -1.00000 0.00000 0.00000 0.00000 0.00000 -1.00000 0.00000 0.00000 -1.00000 0.00000 0.00000 1.00000 0.00000 0.00000 1.00000 0.00000 -1.00000 0.00000 0.00000 -1.00000 0.00000 1.00000 0.00000 0.00000 1.00000 0.00000 0.00000 0.00000 1.00000 0.00000 0.00000 1.00000 -0.00000 -1.00000 0.00000 0.00000 -1.00000 0.00000 0.00000 0.00000 0.00000 -1.00000 0.00000 0.00000 -1.00000 0.00000 0.00000 1.00000 0.00000 0.00000 1.00000 0.00000 -1.00000 0.00000 0.00000 -1.00000 0.00000 1.00000 0.00000 0.00000 1.00000 0.00000 0.00000 0.00000 1.00000 0.00000 0.00000 1.00000 -0.00000 -1.00000 0.00000 0.00000 -1.00000 0.00000 0.00000 0.00000 0.00000 -1.00000 0.00000 0.00000 -1.00000 0.00000 0.00000 1.00000 0.00000 0.00000 1.00000 0.00000 -1.00000 0.00000 0.00000 -1.00000 0.00000 1.00000 0.00000 0.00000 1.00000 0.00000 0.00000 0.00000 1.00000 0.00000 0.00000 1.00000 -0.00000 -1.00000 0.00000 0.00000 -1.00000 0.00000 0.00000 0.00000 0.00000 -1.00000 0.00000 0.00000 -1.00000 0.00000 0.00000 1.00000 0.00000 0.00000 1.00000 0.00000 -1.00000 0.00000 0.00000 -1.00000 0.00000 1.00000 0.00000 0.00000 1.00000 0.00000 0.00000 0.00000 1.00000 0.00000 0.00000 1.00000 -0.00000 -1.00000 0.00000 0.00000 -1.00000 0.00000 0.00000 0.00000 0.00000 -1.00000 0.00000 0.00000 -1.00000 0.00000 0.00000 1.00000 0.00000 0.00000 1.00000 0.00000 -1.00000 0.00000 0.00000 -1.00000 0.00000 1.00000 0.00000 0.00000 1.00000 0.00000 0.00000 0.00000 1.00000 0.00000 0.00000 1.00000 -0.00000 -1.00000 0.00000 0.00000 -1.00000 0.00000 0.00000 0.00000 0.00000 -1.00000 0.00000 0.00000 -1.00000 0.00000 0.00000 1.00000 0.00000 0.00000 1.00000 0.00000 -1.00000 0.00000 0.00000 -1.00000 0.00000 1.00000 0.00000 0.00000 1.00000 0.00000 0.00000 0.00000 1.00000 0.00000 0.00000 1.00000 -0.00000 -1.00000 0.00000 0.00000 -1.00000 0.00000 0.00000 0.00000 0.00000 -1.00000 0.00000 0.00000 -1.00000 0.00000 0.00000 1.00000 0.00000 0.00000 1.00000 0.00000 -1.00000 0.00000 0.00000 -1.00000 0.00000 1.00000 0.00000 0.00000 1.00000 0.00000 0.00000 0.00000 1.00000 0.00000 0.00000 1.00000 -0.00000 -1.00000 0.00000 0.00000 -1.00000 0.00000 0.00000 0.00000 0.00000 -1.00000 0.00000 0.00000 -1.00000 0.00000 0.00000 1.00000 0.00000 0.00000 1.00000 0.00000 -1.00000 0.00000 0.00000 -1.00000 0.00000 1.00000 0.00000 0.00000 1.00000 0.00000 0.00000 0.00000 1.00000 0.00000 0.00000 1.00000 -0.00000 -1.00000 0.00000 0.00000 -1.00000 0.00000 0.00000 0.00000 0.00000 -1.00000 0.00000 0.00000 -1.00000 0.00000 0.00000 1.00000 0.00000 0.00000 1.00000 0.00000 -1.00000 0.00000 0.00000 -1.00000 0.00000 1.00000 0.00000 0.00000 1.00000 0.00000 0.00000 0.00000 1.00000 0.00000 0.00000 1.00000 -0.00000 -1.00000 0.00000 0.00000 -1.00000 0.00000 0.00000 0.00000 0.00000 -1.00000 0.00000 0.00000 -1.00000 0.00000 0.00000 1.00000 0.00000 0.00000 1.00000 0.00000 -1.00000 0.00000 0.00000 -1.00000 0.00000 1.00000 0.00000 0.00000 1.00000 0.00000 0.00000 0.00000 1.00000 0.00000 0.00000 1.00000 -0.00000 -1.00000 0.00000 0.00000 -1.00000 0.00000 0.00000 0.00000 0.00000 -1.00000 0.00000 0.00000 -1.00000 0.00000 0.00000 1.00000 0.00000 0.00000 1.00000 0.00000 -1.00000 0.00000 0.00000 -1.00000 0.00000 1.00000 0.00000 0.00000 1.00000 0.00000 0.00000 0.00000 1.00000 0.00000 0.00000 1.00000 -0.00000 -1.00000 0.00000 0.00000 -1.00000 0.00000 0.00000 0.00000 0.00000 -1.00000 0.00000 0.00000 -1.00000 0.00000 0.00000 1.00000 0.00000 0.00000 1.00000 0.00000 -1.00000 0.00000 0.00000 -1.00000 0.00000 1.00000 0.00000 0.00000 1.00000 0.00000 0.00000 0.00000 1.00000 0.00000 0.00000 1.00000 -0.00000 -1.00000 0.00000 0.00000 -1.00000 0.00000 0.00000 0.00000 0.00000 -1.00000 0.00000 0.00000 -1.00000 0.00000 0.00000 1.00000 0.00000 0.00000 1.00000 0.00000 -1.00000 0.00000 0.00000 -1.00000 0.00000 1.00000 0.00000 0.00000 1.00000 0.00000 0.00000 0.00000 1.00000 0.00000 0.00000 1.00000 -0.00000 -1.00000 0.00000 0.00000 -1.00000 0.00000 0.00000 0.00000 0.00000 -1.00000 0.00000 0.00000 -1.00000 0.00000 0.00000 1.00000 0.00000 0.00000 1.00000 0.00000 -1.00000 0.00000 0.00000 -1.00000 0.00000 1.00000 0.00000 0.00000 1.00000 0.00000 0.00000 0.00000 1.00000 0.00000 0.00000 1.00000 -0.00000 -1.00000 0.00000 0.00000 -1.00000 0.00000 0.00000 0.00000 0.00000 -1.00000 0.00000 0.00000 -1.00000 0.00000 0.00000 1.00000 0.00000 0.00000 1.00000 0.00000 -1.00000 0.00000 0.00000 -1.00000 0.00000 1.00000 0.00000 0.00000 1.00000 0.00000 0.00000 0.00000 1.00000 0.00000 0.00000 1.00000 -0.00000 -1.00000 0.00000 0.00000 -1.00000 0.00000 0.00000 0.00000 0.00000 -1.00000 0.00000 0.00000 -1.00000 0.00000 0.00000 1.00000 0.00000 0.00000 1.00000 0.00000 -1.00000 0.00000 0.00000 -1.00000 0.00000 1.00000 0.00000 0.00000 1.00000 0.00000 0.00000 0.00000 1.00000 0.00000 0.00000 1.00000 -0.00000 -1.00000 0.00000 0.00000 -1.00000 0.00000 0.00000 0.00000 0.00000 -1.00000 0.00000 0.00000 -1.00000 0.00000 0.00000 1.00000 0.00000 0.00000 1.00000 0.00000 -1.00000 0.00000 0.00000 -1.00000 0.00000 1.00000 0.00000 0.00000 1.00000 0.00000 0.00000 0.00000 1.00000 0.00000 0.00000 1.00000 -0.00000 -1.00000 0.00000 0.00000 -1.00000 0.00000 0.00000 0.00000 0.00000 -1.00000 0.00000 0.00000 -1.00000 0.00000 0.00000 1.00000 0.00000 0.00000 1.00000 0.00000 -1.00000 0.00000 0.00000 -1.00000 0.00000 1.00000 0.00000 0.00000 1.00000 0.00000 0.00000 0.00000 1.00000 0.00000 0.00000 1.00000 -0.00000 -1.00000 0.00000 0.00000 -1.00000 0.00000 0.00000 0.00000 0.00000 -1.00000 0.00000 0.00000 -1.00000 0.00000 0.00000 1.00000 0.00000 0.00000 1.00000 0.00000 -1.00000 0.00000 0.00000 -1.00000 0.00000 1.00000 0.00000 0.00000 1.00000 0.00000 0.00000 0.00000 1.00000 0.00000 0.00000 1.00000 -0.00000 -1.00000 0.00000 0.00000 -1.00000 0.00000 0.00000 0.00000 0.00000 -1.00000 0.00000 0.00000 -1.00000 0.00000 0.00000 1.00000 0.00000 0.00000 1.00000 0.00000 -1.00000 0.00000 0.00000 -1.00000 0.00000 1.00000 0.00000 0.00000 1.00000 0.00000 0.00000 0.00000 1.00000 0.00000 0.00000 1.00000 -0.00000 -1.00000 0.00000 0.00000 -1.00000 0.00000 0.00000 0.00000 0.00000 -1.00000 0.00000 0.00000 -1.00000 0.00000 0.00000 1.00000 0.00000 0.00000 1.00000 0.00000 -1.00000 0.00000 0.00000 -1.00000 0.00000 1.00000 0.00000 0.00000 1.00000 0.00000 0.00000 0.00000 1.00000 0.00000 0.00000 1.00000 -0.00000 -1.00000 0.00000 0.00000 -1.00000 0.00000 0.00000 0.00000 0.00000 -1.00000 0.00000 0.00000 -1.00000 0.00000 0.00000 1.00000 0.00000 0.00000 1.00000 0.00000 -1.00000 0.00000 0.00000 -1.00000 0.00000 1.00000 0.00000 0.00000 1.00000 0.00000 0.00000 0.00000 1.00000 0.00000 0.00000 1.00000 -0.00000 -1.00000 0.00000 0.00000 -1.00000 0.00000 0.00000 0.00000 0.00000 -1.00000 0.00000 0.00000 -1.00000 0.00000 0.00000 1.00000 0.00000 0.00000 1.00000 0.00000 -1.00000 0.00000 0.00000 -1.00000 0.00000 1.00000 0.00000 0.00000 1.00000 0.00000 0.00000 0.00000 1.00000 0.00000 0.00000 1.00000 -0.00000 -1.00000 0.00000 0.00000 -1.00000 0.00000 0.00000 0.00000 0.00000 -1.00000 0.00000 0.00000 -1.00000 0.00000 0.00000 1.00000 0.00000 0.00000 1.00000 0.00000 -1.00000 0.00000 0.00000 -1.00000 0.00000 1.00000 0.00000 0.00000 1.00000 0.00000 0.00000 0.00000 1.00000 0.00000 0.00000 1.00000 -0.00000 -1.00000 0.00000 0.00000 -1.00000 0.00000 0.00000 0.00000 0.00000 -1.00000 0.00000 0.00000 -1.00000 0.00000 0.00000 1.00000 0.00000 0.00000 1.00000 0.00000 -1.00000 0.00000 0.00000 -1.00000 0.00000 1.00000 0.00000 0.00000 1.00000 0.00000 0.00000 0.00000 1.00000 0.00000 0.00000 1.00000 -0.00000 -1.00000 0.00000 0.00000 -1.00000 0.00000 0.00000 0.00000 0.00000 -1.00000 0.00000 0.00000 -1.00000 0.00000 0.00000 1.00000 0.00000 0.00000 1.00000 0.00000 -1.00000 0.00000 0.00000 -1.00000 0.00000 1.00000 0.00000 0.00000 1.00000 0.00000 0.00000 0.00000 1.00000 0.00000 0.00000 1.00000 -0.00000 -1.00000 0.00000 0.00000 -1.00000 0.00000 0.00000 0.00000 0.00000 -1.00000 0.00000 0.00000 -1.00000 0.00000 0.00000 1.00000 0.00000 0.00000 1.00000 0.00000 -1.00000 0.00000 0.00000 -1.00000 0.00000 1.00000 0.00000 0.00000 1.00000 0.00000 0.00000 0.00000 1.00000 0.00000 0.00000 1.00000 -0.00000 -1.00000 0.00000 0.00000 -1.00000 0.00000 0.00000 0.00000 0.00000 -1.00000 0.00000 0.00000 -1.00000 0.00000 0.00000 1.00000 0.00000 0.00000 1.00000 0.00000 -1.00000 0.00000 0.00000 -1.00000 0.00000 1.00000 0.00000 0.00000 1.00000 0.00000 0.00000 0.00000 1.00000 0.00000 0.00000 1.00000 -0.00000 -1.00000 0.00000 0.00000 -1.00000 0.00000 0.00000 0.00000 0.00000 -1.00000 0.00000 0.00000 -1.00000 0.00000 0.00000 1.00000 0.00000 0.00000 1.00000 0.00000 -1.00000 0.00000 0.00000 -1.00000 0.00000 1.00000 0.00000 0.00000 1.00000 0.00000 0.00000 0.00000 1.00000 0.00000 0.00000 1.00000 -0.00000 -1.00000 0.00000 0.00000 -1.00000 0.00000 0.00000 0.00000 0.00000 -1.00000 0.00000 0.00000 -1.00000 0.00000 0.00000 1.00000 0.00000 0.00000 1.00000 0.00000 -1.00000 0.00000 0.00000 -1.00000 0.00000 1.00000 0.00000 0.00000 1.00000 0.00000 0.00000 0.00000 1.00000 0.00000 0.00000 1.00000 -0.00000 -1.00000 0.00000 0.00000 -1.00000 0.00000 0.00000 0.00000 0.00000 -1.00000 0.00000 0.00000 -1.00000 0.00000 0.00000 1.00000 0.00000 0.00000 1.00000 0.00000 -1.00000 0.00000 0.00000 -1.00000 0.00000 1.00000 0.00000 0.00000 1.00000 0.00000 0.00000 0.00000 1.00000 0.00000 0.00000 1.00000 -0.00000 -1.00000 0.00000 0.00000 -1.00000 0.00000 0.00000 0.00000 0.00000 -1.00000 0.00000 0.00000 -1.00000 0.00000 0.00000 1.00000 0.00000 0.00000 1.00000 0.00000 -1.00000 0.00000 0.00000 -1.00000 0.00000 1.00000 0.00000 0.00000 1.00000 0.00000 0.00000 0.00000 1.00000 0.00000 0.00000 1.00000 -0.00000 -1.00000 0.00000 0.00000 -1.00000 0.00000 0.00000 0.00000 0.00000 -1.00000 0.00000 0.00000 -1.00000 0.00000 0.00000 1.00000 0.00000 0.00000 1.00000 0.00000 -1.00000 0.00000 0.00000 -1.00000 0.00000 1.00000 0.00000 0.00000 1.00000 0.00000 0.00000 0.00000 1.00000 0.00000 0.00000 1.00000 -0.00000 -1.00000 0.00000 0.00000 -1.00000 0.00000 0.00000 0.00000 0.00000 -1.00000 0.00000 0.00000 -1.00000 0.00000 0.00000 1.00000 0.00000 0.00000 1.00000 0.00000 -1.00000 0.00000 0.00000 -1.00000 0.00000 1.00000 0.00000 0.00000 1.00000 0.00000 0.00000 0.00000 1.00000 0.00000 0.00000 1.00000 -0.00000 -1.00000 0.00000 0.00000 -1.00000 0.00000 0.00000 0.00000 0.00000 -1.00000 0.00000 0.00000 -1.00000 0.00000 0.00000 1.00000 0.00000 0.00000 1.00000 0.00000 -1.00000 0.00000 0.00000 -1.00000 0.00000 1.00000 0.00000 0.00000 1.00000 0.00000 0.00000 0.00000 1.00000 0.00000 0.00000 1.00000 -0.00000 -1.00000 0.00000 0.00000 -1.00000 0.00000 0.00000 0.00000 0.00000 -1.00000 0.00000 0.00000 -1.00000 0.00000 0.00000 1.00000 0.00000 0.00000 1.00000 0.00000 -1.00000 0.00000 0.00000 -1.00000 0.00000 1.00000 0.00000 0.00000 1.00000 0.00000 0.00000 0.00000 1.00000 0.00000 0.00000 1.00000 -0.00000 -1.00000 0.00000 0.00000 -1.00000 0.00000 0.00000 0.00000 0.00000 -1.00000 0.00000 0.00000 -1.00000 0.00000 0.00000 1.00000 0.00000 0.00000 1.00000 0.00000 -1.00000 0.00000 0.00000 -1.00000 0.00000 1.00000 0.00000 0.00000 1.00000 0.00000 0.00000 0.00000 1.00000 0.00000 0.00000 1.00000 -0.00000 -1.00000 0.00000 0.00000 -1.00000 0.00000 0.00000 0.00000 0.00000 -1.00000 0.00000 0.00000 -1.00000 0.00000 0.00000 1.00000 0.00000 0.00000 1.00000 0.00000 -1.00000 0.00000 0.00000 -1.00000 0.00000 1.00000 0.00000 0.00000 1.00000 0.00000 0.00000 0.00000 1.00000 0.00000 0.00000 1.00000 -0.00000 -1.00000 0.00000 0.00000 -1.00000 0.00000 0.00000 0.00000 0.00000 -1.00000 0.00000 0.00000 -1.00000 0.00000 0.00000 1.00000 0.00000 0.00000 1.00000 0.00000 -1.00000 0.00000 0.00000 -1.00000 0.00000 1.00000 0.00000 0.00000 1.00000 0.00000 0.00000 0.00000 1.00000 0.00000 0.00000 1.00000 -0.00000 -1.00000 0.00000 0.00000 -1.00000 0.00000 0.00000 0.00000 0.00000 -1.00000 0.00000 0.00000 -1.00000 0.00000 0.00000 1.00000 0.00000 0.00000 1.00000 0.00000 -1.00000 0.00000 0.00000 -1.00000 0.00000 1.00000 0.00000 0.00000 1.00000 0.00000 0.00000 0.00000 1.00000 0.00000 0.00000 1.00000 -0.00000 -1.00000 0.00000 0.00000 -1.00000 0.00000 0.00000 0.00000 0.00000 -1.00000 0.00000 0.00000 -1.00000 0.00000 0.00000 1.00000 0.00000 0.00000 1.00000 0.00000 -1.00000 0.00000 0.00000 -1.00000 0.00000 1.00000 0.00000 0.00000 1.00000 0.00000 0.00000 0.00000 1.00000 0.00000 0.00000 1.00000 -0.00000 -1.00000 0.00000 0.00000 -1.00000 0.00000 0.00000 0.00000 0.00000 -1.00000 0.00000 0.00000 -1.00000 0.00000 0.00000 1.00000 0.00000 0.00000 1.00000 0.00000 -1.00000 0.00000 0.00000 -1.00000 0.00000 1.00000 0.00000 0.00000 1.00000 0.00000 0.00000 0.00000 1.00000 0.00000 0.00000 1.00000 -0.00000 -1.00000 0.00000 0.00000 -1.00000 0.00000 0.00000 0.00000 0.00000 -1.00000 0.00000 0.00000 -1.00000 0.00000 0.00000 1.00000 0.00000 0.00000 1.00000 0.00000 -1.00000 0.00000 0.00000 -1.00000 0.00000 1.00000 0.00000 0.00000 1.00000 0.00000 0.00000 0.00000 1.00000 0.00000 0.00000 1.00000 -0.00000 -1.00000 0.00000 0.00000 -1.00000 0.00000 0.00000 0.00000 0.00000 -1.00000 0.00000 0.00000 -1.00000 0.00000 0.00000 1.00000 0.00000 0.00000 1.00000 0.00000 -1.00000 0.00000 0.00000 -1.00000 0.00000 1.00000 0.00000 0.00000 1.00000 0.00000 0.00000 0.00000 1.00000 0.00000 0.00000 1.00000 -0.00000 -1.00000 0.00000 0.00000 -1.00000 0.00000 0.00000 0.00000 0.00000 -1.00000 0.00000 0.00000 -1.00000 0.00000 0.00000 1.00000 0.00000 0.00000 1.00000 0.00000 -1.00000 0.00000 0.00000 -1.00000 0.00000 1.00000 0.00000 0.00000 1.00000 0.00000 0.00000 0.00000 1.00000 0.00000 0.00000 1.00000 -0.00000 -1.00000 0.00000 0.00000 -1.00000 0.00000 0.00000 0.96593 0.25882 0.00000 0.96593 0.25882 -0.00000 0.00000 0.00000 -1.00000 0.00000 0.00000 1.00000 0.70711 0.70711 0.00000 0.70711 0.70711 -0.00000 0.00000 0.00000 -1.00000 0.00000 0.00000 1.00000 0.25882 0.96593 0.00000 0.25882 0.96593 -0.00000 0.00000 0.00000 -1.00000 0.00000 0.00000 1.00000 -0.25882 0.96593 0.00000 -0.25882 0.96593 0.00000 0.00000 0.00000 -1.00000 0.00000 -0.00000 1.00000 -0.70711 0.70711 0.00000 -0.70711 0.70711 0.00000 0.00000 0.00000 -1.00000 0.00000 0.00000 1.00000 -0.96593 0.25882 0.00000 -0.96593 0.25882 0.00000 0.00000 0.00000 -1.00000 0.00000 0.00000 1.00000 -0.96593 -0.25882 0.00000 -0.96593 -0.25882 0.00000 -0.00000 0.00000 -1.00000 0.00000 0.00000 1.00000 -0.70711 -0.70711 0.00000 -0.70711 -0.70711 0.00000 0.00000 0.00000 -1.00000 0.00000 0.00000 1.00000 -0.25882 -0.96593 0.00000 -0.25882 -0.96593 0.00000 0.00000 -0.00000 -1.00000 0.00000 0.00000 1.00000 0.25882 -0.96593 0.00000 0.25882 -0.96593 0.00000 0.00000 0.00000 -1.00000 0.00000 0.00000 1.00000 0.70711 -0.70711 0.00000 0.70711 -0.70711 0.00000 0.00000 0.00000 -1.00000 0.00000 0.00000 1.00000 0.96593 -0.25882 0.00000 0.96593 -0.25882 0.00000 0.00000 0.00000 -1.00000 -0.00000 0.00000 1.00000 0.96593 0.25882 0.00000 0.96593 0.25882 -0.00000 0.00000 0.00000 -1.00000 0.00000 0.00000 1.00000 0.70711 0.70711 0.00000 0.70711 0.70711 -0.00000 0.00000 0.00000 -1.00000 0.00000 0.00000 1.00000 0.25882 0.96593 0.00000 0.25882 0.96593 -0.00000 0.00000 0.00000 -1.00000 0.00000 0.00000 1.00000 -0.25882 0.96593 0.00000 -0.25882 0.96593 0.00000 0.00000 0.00000 -1.00000 0.00000 -0.00000 1.00000 -0.70711 0.70711 0.00000 -0.70711 0.70711 0.00000 0.00000 0.00000 -1.00000 0.00000 0.00000 1.00000 -0.96593 0.25882 0.00000 -0.96593 0.25882 0.00000 0.00000 0.00000 -1.00000 0.00000 0.00000 1.00000 -0.96593 -0.25882 0.00000 -0.96593 -0.25882 0.00000 -0.00000 0.00000 -1.00000 0.00000 0.00000 1.00000 -0.70711 -0.70711 0.00000 -0.70711 -0.70711 0.00000 0.00000 0.00000 -1.00000 0.00000 0.00000 1.00000 -0.25882 -0.96593 0.00000 -0.25882 -0.96593 0.00000 0.00000 -0.00000 -1.00000 0.00000 0.00000 1.00000 0.25882 -0.96593 0.00000 0.25882 -0.96593 0.00000 0.00000 0.00000 -1.00000 0.00000 0.00000 1.00000 0.70711 -0.70711 0.00000 0.70711 -0.70711 0.00000 0.00000 0.00000 -1.00000 0.00000 0.00000 1.00000 0.96593 -0.25882 0.00000 0.96593 -0.25882 0.00000 0.00000 0.00000 -1.00000 -0.00000 0.00000 1.00000 0.00000 0.00000 -1.00000 0.00000 0.00000 -1.00000 0.00000 0.00000 1.00000 0.00000 0.00000 1.00000 0.00000 -1.00000 0.00000 0.00000 -1.00000 0.00000 1.00000 0.00000 0.00000 1.00000 0.00000 0.00000 0.00000 1.00000 0.00000 0.00000 1.00000 -0.00000 -1.00000 0.00000 0.00000 -1.00000 0.00000 0.00000 0.00000 0.00000 -1.00000 0.00000 0.00000 -1.00000 0.00000 0.00000 1.00000 0.00000 0.00000 1.00000 0.00000 -1.00000 0.00000 0.00000 -1.00000 0.00000 1.00000 0.00000 0.00000 1.00000 0.00000 0.00000 0.00000 1.00000 0.00000 0.00000 1.00000 -0.00000 -1.00000 0.00000 0.00000 -1.00000 0.00000 0.00000 0.00000 0.00000 -1.00000 0.00000 0.00000 -1.00000 0.00000 0.00000 1.00000 0.00000 0.00000 1.00000 0.00000 -1.00000 0.00000 0.00000 -1.00000 0.00000 1.00000 0.00000 0.00000 1.00000 0.00000 0.00000 0.00000 1.00000 0.00000 0.00000 1.00000 -0.00000 -1.00000 0.00000 0.00000 -1.00000 0.00000 0.00000 0.00000 0.00000 -1.00000 0.00000 0.00000 -1.00000 0.00000 0.00000 1.00000 0.00000 0.00000 1.00000 0.00000 -1.00000 0.00000 0.00000 -1.00000 0.00000 1.00000 0.00000 0.00000 1.00000 0.00000 0.00000 0.00000 1.00000 0.00000 0.00000 1.00000 -0.00000 -1.00000 0.00000 0.00000 -1.00000 0.00000 0.00000 0.00000 0.00000 -1.00000 0.00000 0.00000 -1.00000 0.00000 0.00000 1.00000 0.00000 0.00000 1.00000 0.00000 -1.00000 0.00000 0.00000 -1.00000 0.00000 1.00000 0.00000 0.00000 1.00000 0.00000 0.00000 0.00000 1.00000 0.00000 0.00000 1.00000 -0.00000 -1.00000 0.00000 0.00000 -1.00000 0.00000 0.00000 0.00000 0.00000 -1.00000 0.00000 0.00000 -1.00000 0.00000 0.00000 1.00000 0.00000 0.00000 1.00000 0.00000 -1.00000 0.00000 0.00000 -1.00000 0.00000 1.00000 0.00000 0.00000 1.00000 0.00000 0.00000 0.00000 1.00000 0.00000 0.00000 1.00000 -0.00000 -1.00000 0.00000 0.00000 -1.00000 0.00000 0.00000 0.00000 0.00000 -1.00000 0.00000 0.00000 -1.00000 0.00000 0.00000 1.00000 0.00000 0.00000 1.00000 0.00000 -1.00000 0.00000 0.00000 -1.00000 0.00000 1.00000 0.00000 0.00000 1.00000 0.00000 0.00000 0.00000 1.00000 0.00000 0.00000 1.00000 -0.00000 -1.00000 0.00000 0.00000 -1.00000 0.00000 0.00000 0.00000 0.00000 -1.00000 0.00000 0.00000 -1.00000 0.00000 0.00000 1.00000 0.00000 0.00000 1.00000 0.00000 -1.00000 0.00000 0.00000 -1.00000 0.00000 1.00000 0.00000 0.00000 1.00000 0.00000 0.00000 0.00000 1.00000 0.00000 0.00000 1.00000 -0.00000 -1.00000 0.00000 0.00000 -1.00000 0.00000 0.00000 0.00000 0.00000 -1.00000 0.00000 0.00000 -1.00000 0.00000 0.00000 1.00000 0.00000 0.00000 1.00000 0.00000 -1.00000 0.00000 0.00000 -1.00000 0.00000 1.00000 0.00000 0.00000 1.00000 0.00000 0.00000 0.00000 1.00000 0.00000 0.00000 1.00000 -0.00000 -1.00000 0.00000 0.00000 -1.00000 0.00000 0.00000 0.00000 0.00000 -1.00000 0.00000 0.00000 -1.00000 0.00000 0.00000 1.00000 0.00000 0.00000 1.00000 0.00000 -1.00000 0.00000 0.00000 -1.00000 0.00000 1.00000 0.00000 0.00000 1.00000 0.00000 0.00000 0.00000 1.00000 0.00000 0.00000 1.00000 -0.00000 -1.00000 0.00000 0.00000 -1.00000 0.00000 0.00000 0.00000 0.00000 -1.00000 0.00000 0.00000 -1.00000 0.00000 0.00000 1.00000 0.00000 0.00000 1.00000 0.00000 -1.00000 0.00000 0.00000 -1.00000 0.00000 1.00000 0.00000 0.00000 1.00000 0.00000 0.00000 0.00000 1.00000 0.00000 0.00000 1.00000 -0.00000 -1.00000 0.00000 0.00000 -1.00000 0.00000 0.00000 0.00000 0.00000 -1.00000 0.00000 0.00000 -1.00000 0.00000 0.00000 1.00000 0.00000 0.00000 1.00000 0.00000 -1.00000 0.00000 0.00000 -1.00000 0.00000 1.00000 0.00000 0.00000 1.00000 0.00000 0.00000 0.00000 1.00000 0.00000 0.00000 1.00000 -0.00000 -1.00000 0.00000 0.00000 -1.00000 0.00000 0.00000 0.00000 0.00000 -1.00000 0.00000 0.00000 -1.00000 0.00000 0.00000 1.00000 0.00000 0.00000 1.00000 0.00000 -1.00000 0.00000 0.00000 -1.00000 0.00000 1.00000 0.00000 0.00000 1.00000 0.00000 0.00000 0.00000 1.00000 0.00000 0.00000 1.00000 -0.00000 -1.00000 0.00000 0.00000 -1.00000 0.00000 0.00000 0.00000 0.00000 -1.00000 0.00000 0.00000 -1.00000 0.00000 0.00000 1.00000 0.00000 0.00000 1.00000 0.00000 -1.00000 0.00000 0.00000 -1.00000 0.00000 1.00000 0.00000 0.00000 1.00000 0.00000 0.00000 0.00000 1.00000 0.00000 0.00000 1.00000 -0.00000 -1.00000 0.00000 0.00000 -1.00000 0.00000 0.00000 0.00000 0.00000 -1.00000 0.00000 0.00000 -1.00000 0.00000 0.00000 1.00000 0.00000 0.00000 1.00000 0.00000 -1.00000 0.00000 0.00000 -1.00000 0.00000 1.00000 0.00000 0.00000 1.00000 0.00000 0.00000 0.00000 1.00000 0.00000 0.00000 1.00000 -0.00000 -1.00000 0.00000 0.00000 -1.00000 0.00000 0.00000 0.00000 0.00000 -1.00000 0.00000 0.00000 -1.00000 0.00000 0.00000 1.00000 0.00000 0.00000 1.00000 0.00000 -1.00000 0.00000 0.00000 -1.00000 0.00000 1.00000 0.00000 0.00000 1.00000 0.00000 0.00000 0.00000 1.00000 0.00000 0.00000 1.00000 -0.00000 -1.00000 0.00000 0.00000 -1.00000 0.00000 0.00000 0.00000 0.00000 -1.00000 0.00000 0.00000 -1.00000 0.00000 0.00000 1.00000 0.00000 0.00000 1.00000 0.00000 -1.00000 0.00000 0.00000 -1.00000 0.00000 1.00000 0.00000 0.00000 1.00000 0.00000 0.00000 0.00000 1.00000 0.00000 0.00000 1.00000 -0.00000 -1.00000 0.00000 0.00000 -1.00000 0.00000 0.00000 0.00000 0.00000 -1.00000 0.00000 0.00000 -1.00000 0.00000 0.00000 1.00000 0.00000 0.00000 1.00000 0.00000 -1.00000 0.00000 0.00000 -1.00000 0.00000 1.00000 0.00000 0.00000 1.00000 0.00000 0.00000 0.00000 1.00000 0.00000 0.00000 1.00000 -0.00000 -1.00000 0.00000 0.00000 -1.00000 0.00000 0.00000 0.00000 0.00000 -1.00000 0.00000 0.00000 -1.00000 0.00000 0.00000 1.00000 0.00000 0.00000 1.00000 0.00000 -1.00000 0.00000 0.00000 -1.00000 0.00000 1.00000 0.00000 0.00000 1.00000 0.00000 0.00000 0.00000 1.00000 0.00000 0.00000 1.00000 -0.00000 -1.00000 0.00000 0.00000 -1.00000 0.00000 0.00000 0.00000 0.00000 -1.00000 0.00000 0.00000 -1.00000 0.00000 0.00000 1.00000 0.00000 0.00000 1.00000 0.00000 -1.00000 0.00000 0.00000 -1.00000 0.00000 1.00000 0.00000 0.00000 1.00000 0.00000 0.00000 0.00000 1.00000 0.00000 0.00000 1.00000 -0.00000 -1.00000 0.00000 0.00000 -1.00000 0.00000 0.00000 0.00000 0.00000 -1.00000 0.00000 0.00000 -1.00000 0.00000 0.00000 1.00000 0.00000 0.00000 1.00000 0.00000 -1.00000 0.00000 0.00000 -1.00000 0.00000 1.00000 0.00000 0.00000 1.00000 0.00000 0.00000 0.00000 1.00000 0.00000 0.00000 1.00000 -0.00000 -1.00000 0.00000 0.00000 -1.00000 0.00000 0.00000 0.00000 0.00000 -1.00000 0.00000 0.00000 -1.00000 0.00000 0.00000 1.00000 0.00000 0.00000 1.00000 0.00000 -1.00000 0.00000 0.00000 -1.00000 0.00000 1.00000 0.00000 0.00000 1.00000 0.00000 0.00000 0.00000 1.00000 0.00000 0.00000 1.00000 -0.00000 -1.00000 0.00000 0.00000 -1.00000 0.00000 0.00000 0.00000 0.00000 -1.00000 0.00000 0.00000 -1.00000 0.00000 0.00000 1.00000 0.00000 0.00000 1.00000 0.00000 -1.00000 0.00000 0.00000 -1.00000 0.00000 1.00000 0.00000 0.00000 1.00000 0.00000 0.00000 0.00000 1.00000 0.00000 0.00000 1.00000 -0.00000 -1.00000 0.00000 0.00000 -1.00000 0.00000 0.00000 0.00000 0.00000 -1.00000 0.00000 0.00000 -1.00000 0.00000 0.00000 1.00000 0.00000 0.00000 1.00000 0.00000 -1.00000 0.00000 0.00000 -1.00000 0.00000 1.00000 0.00000 0.00000 1.00000 0.00000 0.00000 0.00000 1.00000 0.00000 0.00000 1.00000 -0.00000 -1.00000 0.00000 0.00000 -1.00000 0.00000 0.00000 0.00000 0.00000 -1.00000 0.00000 0.00000 -1.00000 0.00000 0.00000 1.00000 0.00000 0.00000 1.00000 0.00000 -1.00000 0.00000 0.00000 -1.00000 0.00000 1.00000 0.00000 0.00000 1.00000 0.00000 0.00000 0.00000 1.00000 0.00000 0.00000 1.00000 -0.00000 -1.00000 0.00000 0.00000 -1.00000 0.00000 0.00000 0.00000 0.00000 -1.00000 0.00000 0.00000 -1.00000 0.00000 0.00000 1.00000 0.00000 0.00000 1.00000 0.00000 -1.00000 0.00000 0.00000 -1.00000 0.00000 1.00000 0.00000 0.00000 1.00000 0.00000 0.00000 0.00000 1.00000 0.00000 0.00000 1.00000 -0.00000 -1.00000 0.00000 0.00000 -1.00000 0.00000 0.00000 0.00000 0.00000 -1.00000 0.00000 0.00000 -1.00000 0.00000 0.00000 1.00000 0.00000 0.00000 1.00000 0.00000 -1.00000 0.00000 0.00000 -1.00000 0.00000 1.00000 0.00000 0.00000 1.00000 0.00000 0.00000 0.00000 1.00000 0.00000 0.00000 1.00000 -0.00000 -1.00000 0.00000 0.00000 -1.00000 0.00000 0.00000 0.00000 0.00000 -1.00000 0.00000 0.00000 -1.00000 0.00000 0.00000 1.00000 0.00000 0.00000 1.00000 0.00000 -1.00000 0.00000 0.00000 -1.00000 0.00000 1.00000 0.00000 0.00000 1.00000 0.00000 0.00000 0.00000 1.00000 0.00000 0.00000 1.00000 -0.00000 -1.00000 0.00000 0.00000 -1.00000 0.00000 0.00000 0.00000 0.00000 -1.00000 0.00000 0.00000 -1.00000 0.00000 0.00000 1.00000 0.00000 0.00000 1.00000 0.00000 -1.00000 0.00000 0.00000 -1.00000 0.00000 1.00000 0.00000 0.00000 1.00000 0.00000 0.00000 0.00000 1.00000 0.00000 0.00000 1.00000 -0.00000 -1.00000 0.00000 0.00000 -1.00000 0.00000 0.00000 0.00000 0.00000 -1.00000 0.00000 0.00000 -1.00000 0.00000 0.00000 1.00000 0.00000 0.00000 1.00000 0.00000 -1.00000 0.00000 0.00000 -1.00000 0.00000 1.00000 0.00000 0.00000 1.00000 0.00000 0.00000 0.00000 1.00000 0.00000 0.00000 1.00000 -0.00000 -1.00000 0.00000 0.00000 -1.00000 0.00000 0.00000 0.00000 0.00000 -1.00000 0.00000 0.00000 -1.00000 0.00000 0.00000 1.00000 0.00000 0.00000 1.00000 0.00000 -1.00000 0.00000 0.00000 -1.00000 0.00000 1.00000 0.00000 0.00000 1.00000 0.00000 0.00000 0.00000 1.00000 0.00000 0.00000 1.00000 -0.00000 -1.00000 0.00000 0.00000 -1.00000 0.00000 0.00000 0.00000 0.00000 -1.00000 0.00000 0.00000 -1.00000 0.00000 0.00000 1.00000 0.00000 0.00000 1.00000 0.00000 -1.00000 0.00000 0.00000 -1.00000 0.00000 1.00000 0.00000 0.00000 1.00000 0.00000 0.00000 0.00000 1.00000 0.00000 0.00000 1.00000 -0.00000 -1.00000 0.00000 0.00000 -1.00000 0.00000 0.00000 0.00000 0.00000 -1.00000 0.00000 0.00000 -1.00000 0.00000 0.00000 1.00000 0.00000 0.00000 1.00000 0.00000 -1.00000 0.00000 0.00000 -1.00000 0.00000 1.00000 0.00000 0.00000 1.00000 0.00000 0.00000 0.00000 1.00000 0.00000 0.00000 1.00000 -0.00000 -1.00000 0.00000 0.00000 -1.00000 0.00000 0.00000 0.00000 0.00000 -1.00000 0.00000 0.00000 -1.00000 0.00000 0.00000 1.00000 0.00000 0.00000 1.00000 0.00000 -1.00000 0.00000 0.00000 -1.00000 0.00000 1.00000 0.00000 0.00000 1.00000 0.00000 0.00000 0.00000 1.00000 0.00000 0.00000 1.00000 -0.00000 -1.00000 0.00000 0.00000 -1.00000 0.00000 0.00000 0.00000 0.00000 -1.00000 0.00000 0.00000 -1.00000 0.00000 0.00000 1.00000 0.00000 0.00000 1.00000 0.00000 -1.00000 0.00000 0.00000 -1.00000 0.00000 1.00000 0.00000 0.00000 1.00000 0.00000 0.00000 0.00000 1.00000 0.00000 0.00000 1.00000 -0.00000 -1.00000 0.00000 0.00000 -1.00000 0.00000 0.00000 0.00000 0.00000 -1.00000 0.00000 0.00000 -1.00000 0.00000 0.00000 1.00000 0.00000 0.00000 1.00000 0.00000 -1.00000 0.00000 0.00000 -1.00000 0.00000 1.00000 0.00000 0.00000 1.00000 0.00000 0.00000 0.00000 1.00000 0.00000 0.00000 1.00000 -0.00000 -1.00000 0.00000 0.00000 -1.00000 0.00000 0.00000 0.96593 0.25882 0.00000 0.96593 0.25882 -0.00000 0.00000 0.00000 -1.00000 0.00000 0.00000 1.00000 0.70711 0.70711 0.00000 0.70711 0.70711 -0.00000 0.00000 0.00000 -1.00000 0.00000 0.00000 1.00000 0.25882 0.96593 0.00000 0.25882 0.96593 -0.00000 0.00000 0.00000 -1.00000 0.00000 0.00000 1.00000 -0.25882 0.96593 0.00000 -0.25882 0.96593 0.00000 0.00000 0.00000 -1.00000 0.00000 -0.00000 1.00000 -0.70711 0.70711 0.00000 -0.70711 0.70711 0.00000 0.00000 0.00000 -1.00000 0.00000 0.00000 1.00000 -0.96593 0.25882 0.00000 -0.96593 0.25882 0.00000 0.00000 0.00000 -1.00000 0.00000 0.00000 1.00000 -0.96593 -0.25882 0.00000 -0.96593 -0.25882 0.00000 -0.00000 0.00000 -1.00000 0.00000 0.00000 1.00000 -0.70711 -0.70711 0.00000 -0.70711 -0.70711 0.00000 0.00000 0.00000 -1.00000 0.00000 0.00000 1.00000 -0.25882 -0.96593 0.00000 -0.25882 -0.96593 0.00000 0.00000 -0.00000 -1.00000 0.00000 0.00000 1.00000 0.25882 -0.96593 0.00000 0.25882 -0.96593 0.00000 0.00000 0.00000 -1.00000 0.00000 0.00000 1.00000 0.70711 -0.70711 0.00000 0.70711 -0.70711 0.00000 0.00000 0.00000 -1.00000 0.00000 0.00000 1.00000 0.96593 -0.25882 0.00000 0.96593 -0.25882 0.00000 0.00000 0.00000 -1.00000 -0.00000 0.00000 1.00000 0.00000 -0.94089 -0.33872 -0.00000 -0.94089 -0.33872 0.00000 0.94089 0.33872 0.00000 0.94089 0.33872 1.00000 -0.00000 0.00000 1.00000 0.00000 0.00000 0.00000 0.33872 -0.94089 0.00000 0.33872 -0.94089 -1.00000 0.00000 0.00000 -1.00000 0.00000 0.00000 0.00000 -0.33872 0.94089 0.00000 -0.33872 0.94089 0.00000 -0.94089 -0.33872 -0.00000 -0.94089 -0.33872 0.00000 0.94089 0.33872 0.00000 0.94089 0.33872 1.00000 -0.00000 0.00000 1.00000 0.00000 0.00000 0.00000 0.33872 -0.94089 0.00000 0.33872 -0.94089 -1.00000 0.00000 0.00000 -1.00000 0.00000 0.00000 0.00000 -0.33872 0.94089 0.00000 -0.33872 0.94089 0.00000 -0.93684 -0.34975 -0.00000 -0.93684 -0.34975 0.00000 0.93684 0.34975 0.00000 0.93684 0.34975 1.00000 -0.00000 0.00000 1.00000 0.00000 0.00000 0.00000 0.34975 -0.93684 0.00000 0.34975 -0.93684 -1.00000 0.00000 0.00000 -1.00000 0.00000 0.00000 0.00000 -0.34975 0.93684 0.00000 -0.34975 0.93684 0.00000 -0.93684 -0.34975 -0.00000 -0.93684 -0.34975 0.00000 0.93684 0.34975 0.00000 0.93684 0.34975 1.00000 -0.00000 0.00000 1.00000 0.00000 0.00000 0.00000 0.34975 -0.93684 0.00000 0.34975 -0.93684 -1.00000 0.00000 0.00000 -1.00000 0.00000 0.00000 0.00000 -0.34975 0.93684 0.00000 -0.34975 0.93684 0.00000 0.00000 -1.00000 0.00000 0.00000 -1.00000 0.00000 0.00000 1.00000 0.00000 0.00000 1.00000 0.00000 -1.00000 0.00000 0.00000 -1.00000 0.00000 1.00000 0.00000 0.00000 1.00000 0.00000 0.00000 0.00000 1.00000 0.00000 0.00000 1.00000 -0.00000 -1.00000 0.00000 0.00000 -1.00000 0.00000 0.00000 0.00000 0.00000 -1.00000 0.00000 0.00000 -1.00000 0.00000 0.00000 1.00000 0.00000 0.00000 1.00000 0.00000 -1.00000 0.00000 0.00000 -1.00000 0.00000 1.00000 0.00000 0.00000 1.00000 0.00000 0.00000 0.00000 1.00000 0.00000 0.00000 1.00000 -0.00000 -1.00000 0.00000 0.00000 -1.00000 0.00000 0.00000 0.00000 0.00000 -1.00000 0.00000 0.00000 -1.00000 0.00000 0.00000 1.00000 0.00000 0.00000 1.00000 0.00000 -1.00000 0.00000 0.00000 -1.00000 0.00000 1.00000 0.00000 0.00000 1.00000 0.00000 0.00000 0.00000 1.00000 0.00000 0.00000 1.00000 -0.00000 -1.00000 0.00000 0.00000 -1.00000 0.00000 0.00000 0.00000 0.00000 -1.00000 0.00000 0.00000 -1.00000 0.00000 0.00000 1.00000 0.00000 0.00000 1.00000 0.00000 -1.00000 0.00000 0.00000 -1.00000 0.00000 1.00000 0.00000 0.00000 1.00000 0.00000 0.00000 0.00000 1.00000 0.00000 0.00000 1.00000 -0.00000 -1.00000 0.00000 0.00000 -1.00000 0.00000 0.00000 0.00000 0.00000 -1.00000 0.00000 0.00000 -1.00000 0.00000 0.00000 1.00000 0.00000 0.00000 1.00000 0.00000 -1.00000 0.00000 0.00000 -1.00000 0.00000 1.00000 0.00000 0.00000 1.00000 0.00000 0.00000 0.00000 1.00000 0.00000 0.00000 1.00000 -0.00000 -1.00000 0.00000 0.00000 -1.00000 0.00000 0.00000 0.00000 0.00000 -1.00000 0.00000 0.00000 -1.00000 0.00000 0.00000 1.00000 0.00000 0.00000 1.00000 0.00000 -1.00000 0.00000 0.00000 -1.00000 0.00000 1.00000 0.00000 0.00000 1.00000 0.00000 0.00000 0.00000 1.00000 0.00000 0.00000 1.00000 -0.00000 -1.00000 0.00000 0.00000 -1.00000 0.00000 0.00000 0.00000 0.00000 -1.00000 0.00000 0.00000 -1.00000 0.00000 0.00000 1.00000 0.00000 0.00000 1.00000 0.00000 -1.00000 0.00000 0.00000 -1.00000 0.00000 1.00000 0.00000 0.00000 1.00000 0.00000 0.00000 0.00000 1.00000 0.00000 0.00000 1.00000 -0.00000 -1.00000 0.00000 0.00000 -1.00000 0.00000 0.00000 0.00000 0.00000 -1.00000 0.00000 0.00000 -1.00000 0.00000 0.00000 1.00000 0.00000 0.00000 1.00000 0.00000 -1.00000 0.00000 0.00000 -1.00000 0.00000 1.00000 0.00000 0.00000 1.00000 0.00000 0.00000 0.00000 1.00000 0.00000 0.00000 1.00000 -0.00000 -1.00000 0.00000 0.00000 -1.00000 0.00000 0.00000 0.00000 0.00000 -1.00000 0.00000 0.00000 -1.00000 0.00000 0.00000 1.00000 0.00000 0.00000 1.00000 0.00000 -1.00000 0.00000 0.00000 -1.00000 0.00000 1.00000 0.00000 0.00000 1.00000 0.00000 0.00000 0.00000 1.00000 0.00000 0.00000 1.00000 -0.00000 -1.00000 0.00000 0.00000 -1.00000 0.00000 0.00000 0.00000 0.00000 -1.00000 0.00000 0.00000 -1.00000 0.00000 0.00000 1.00000 0.00000 0.00000 1.00000 0.00000 -1.00000 0.00000 0.00000 -1.00000 0.00000 1.00000 0.00000 0.00000 1.00000 0.00000 0.00000 0.00000 1.00000 0.00000 0.00000 1.00000 -0.00000 -1.00000 0.00000 0.00000 -1.00000 0.00000 0.00000 0.00000 0.00000 -1.00000 0.00000 0.00000 -1.00000 0.00000 0.00000 1.00000 0.00000 0.00000 1.00000 0.00000 -1.00000 0.00000 0.00000 -1.00000 0.00000 1.00000 0.00000 0.00000 1.00000 0.00000 0.00000 0.00000 1.00000 0.00000 0.00000 1.00000 -0.00000 -1.00000 0.00000 0.00000 -1.00000 0.00000 0.00000 0.00000 0.00000 -1.00000 0.00000 0.00000 -1.00000 0.00000 0.00000 1.00000 0.00000 0.00000 1.00000 0.00000 -1.00000 0.00000 0.00000 -1.00000 0.00000 1.00000 0.00000 0.00000 1.00000 0.00000 0.00000 0.00000 1.00000 0.00000 0.00000 1.00000 -0.00000 -1.00000 0.00000 0.00000 -1.00000 0.00000 0.00000 0.00000 0.00000 -1.00000 0.00000 0.00000 -1.00000 0.00000 0.00000 1.00000 0.00000 0.00000 1.00000 0.00000 -1.00000 0.00000 0.00000 -1.00000 0.00000 1.00000 0.00000 0.00000 1.00000 0.00000 0.00000 0.00000 1.00000 0.00000 0.00000 1.00000 -0.00000 -1.00000 0.00000 0.00000 -1.00000 0.00000 0.00000 0.00000 0.00000 -1.00000 0.00000 0.00000 -1.00000 0.00000 0.00000 1.00000 0.00000 0.00000 1.00000 0.00000 -1.00000 0.00000 0.00000 -1.00000 0.00000 1.00000 0.00000 0.00000 1.00000 0.00000 0.00000 0.00000 1.00000 0.00000 0.00000 1.00000 -0.00000 -1.00000 0.00000 0.00000 -1.00000 0.00000 0.00000 0.00000 0.00000 -1.00000 0.00000 0.00000 -1.00000 0.00000 0.00000 1.00000 0.00000 0.00000 1.00000 0.00000 -1.00000 0.00000 0.00000 -1.00000 0.00000 1.00000 0.00000 0.00000 1.00000 0.00000 0.00000 0.00000 1.00000 0.00000 0.00000 1.00000 -0.00000 -1.00000 0.00000 0.00000 -1.00000 0.00000 0.00000 0.00000 0.00000 -1.00000 0.00000 0.00000 -1.00000 0.00000 0.00000 1.00000 0.00000 0.00000 1.00000 0.00000 -1.00000 0.00000 0.00000 -1.00000 0.00000 1.00000 0.00000 0.00000 1.00000 0.00000 0.00000 0.00000 1.00000 0.00000 0.00000 1.00000 -0.00000 -1.00000 0.00000 0.00000 -1.00000 0.00000 0.00000 0.00000 0.00000 -1.00000 0.00000 0.00000 -1.00000 0.00000 0.00000 1.00000 0.00000 0.00000 1.00000 0.00000 -1.00000 0.00000 0.00000 -1.00000 0.00000 1.00000 0.00000 0.00000 1.00000 0.00000 0.00000 0.00000 1.00000 0.00000 0.00000 1.00000 -0.00000 -1.00000 0.00000 0.00000 -1.00000 0.00000 0.00000 0.00000 0.00000 -1.00000 0.00000 0.00000 -1.00000 0.00000 0.00000 1.00000 0.00000 0.00000 1.00000 0.00000 -1.00000 0.00000 0.00000 -1.00000 0.00000 1.00000 0.00000 0.00000 1.00000 0.00000 0.00000 0.00000 1.00000 0.00000 0.00000 1.00000 -0.00000 -1.00000 0.00000 0.00000 -1.00000 0.00000 0.00000 0.00000 0.00000 -1.00000 0.00000 0.00000 -1.00000 0.00000 0.00000 1.00000 0.00000 0.00000 1.00000 0.00000 -1.00000 0.00000 0.00000 -1.00000 0.00000 1.00000 0.00000 0.00000 1.00000 0.00000 0.00000 0.00000 1.00000 0.00000 0.00000 1.00000 -0.00000 -1.00000 0.00000 0.00000 -1.00000 0.00000 0.00000 0.00000 0.00000 -1.00000 0.00000 0.00000 -1.00000 0.00000 0.00000 1.00000 0.00000 0.00000 1.00000 0.00000 -1.00000 0.00000 0.00000 -1.00000 0.00000 1.00000 0.00000 0.00000 1.00000 0.00000 0.00000 0.00000 1.00000 0.00000 0.00000 1.00000 -0.00000 -1.00000 0.00000 0.00000 -1.00000 0.00000 0.00000 0.00000 0.00000 -1.00000 0.00000 0.00000 -1.00000 0.00000 0.00000 1.00000 0.00000 0.00000 1.00000 0.00000 -1.00000 0.00000 0.00000 -1.00000 0.00000 1.00000 0.00000 0.00000 1.00000 0.00000 0.00000 0.00000 1.00000 0.00000 0.00000 1.00000 -0.00000 -1.00000 0.00000 0.00000 -1.00000 0.00000 0.00000 0.00000 0.00000 -1.00000 0.00000 0.00000 -1.00000 0.00000 0.00000 1.00000 0.00000 0.00000 1.00000 0.00000 -1.00000 0.00000 0.00000 -1.00000 0.00000 1.00000 0.00000 0.00000 1.00000 0.00000 0.00000 0.00000 1.00000 0.00000 0.00000 1.00000 -0.00000 -1.00000 0.00000 0.00000 -1.00000 0.00000 0.00000 0.00000 0.00000 -1.00000 0.00000 0.00000 -1.00000 0.00000 0.00000 1.00000 0.00000 0.00000 1.00000 0.00000 -1.00000 0.00000 0.00000 -1.00000 0.00000 1.00000 0.00000 0.00000 1.00000 0.00000 0.00000 0.00000 1.00000 0.00000 0.00000 1.00000 -0.00000 -1.00000 0.00000 0.00000 -1.00000 0.00000 0.00000 0.00000 0.00000 -1.00000 0.00000 0.00000 -1.00000 0.00000 0.00000 1.00000 0.00000 0.00000 1.00000 0.00000 -1.00000 0.00000 0.00000 -1.00000 0.00000 1.00000 0.00000 0.00000 1.00000 0.00000 0.00000 0.00000 1.00000 0.00000 0.00000 1.00000 -0.00000 -1.00000 0.00000 0.00000 -1.00000 0.00000 0.00000 0.00000 0.00000 -1.00000 0.00000 0.00000 -1.00000 0.00000 0.00000 1.00000 0.00000 0.00000 1.00000 0.00000 -1.00000 0.00000 0.00000 -1.00000 0.00000 1.00000 0.00000 0.00000 1.00000 0.00000 0.00000 0.00000 1.00000 0.00000 0.00000 1.00000 -0.00000 -1.00000 0.00000 0.00000 -1.00000 0.00000 0.00000 0.00000 0.00000 -1.00000 0.00000 0.00000 -1.00000 0.00000 0.00000 1.00000 0.00000 0.00000 1.00000 0.00000 -1.00000 0.00000 0.00000 -1.00000 0.00000 1.00000 0.00000 0.00000 1.00000 0.00000 0.00000 0.00000 1.00000 0.00000 0.00000 1.00000 -0.00000 -1.00000 0.00000 0.00000 -1.00000 0.00000 0.00000 0.00000 0.00000 -1.00000 0.00000 0.00000 -1.00000 0.00000 0.00000 1.00000 0.00000 0.00000 1.00000 0.00000 -1.00000 0.00000 0.00000 -1.00000 0.00000 1.00000 0.00000 0.00000 1.00000 0.00000 0.00000 0.00000 1.00000 0.00000 0.00000 1.00000 -0.00000 -1.00000 0.00000 0.00000 -1.00000 0.00000 0.00000 0.00000 0.00000 -1.00000 0.00000 0.00000 -1.00000 0.00000 0.00000 1.00000 0.00000 0.00000 1.00000 0.00000 -1.00000 0.00000 0.00000 -1.00000 0.00000 1.00000 0.00000 0.00000 1.00000 0.00000 0.00000 0.00000 1.00000 0.00000 0.00000 1.00000 -0.00000 -1.00000 0.00000 0.00000 -1.00000 0.00000 0.00000 0.00000 0.00000 -1.00000 0.00000 0.00000 -1.00000 0.00000 0.00000 1.00000 0.00000 0.00000 1.00000 0.00000 -1.00000 0.00000 0.00000 -1.00000 0.00000 1.00000 0.00000 0.00000 1.00000 0.00000 0.00000 0.00000 1.00000 0.00000 0.00000 1.00000 -0.00000 -1.00000 0.00000 0.00000 -1.00000 0.00000 0.00000 0.00000 0.00000 -1.00000 0.00000 0.00000 -1.00000 0.00000 0.00000 1.00000 0.00000 0.00000 1.00000 0.00000 -1.00000 0.00000 0.00000 -1.00000 0.00000 1.00000 0.00000 0.00000 1.00000 0.00000 0.00000 0.00000 1.00000 0.00000 0.00000 1.00000 -0.00000 -1.00000 0.00000 0.00000 -1.00000 0.00000 0.00000 0.00000 0.00000 -1.00000 0.00000 0.00000 -1.00000 0.00000 0.00000 1.00000 0.00000 0.00000 1.00000 0.00000 -1.00000 0.00000 0.00000 -1.00000 0.00000 1.00000 0.00000 0.00000 1.00000 0.00000 0.00000 0.00000 1.00000 0.00000 0.00000 1.00000 -0.00000 -1.00000 0.00000 0.00000 -1.00000 0.00000 0.00000 0.00000 0.00000 -1.00000 0.00000 0.00000 -1.00000 0.00000 0.00000 1.00000 0.00000 0.00000 1.00000 0.00000 -1.00000 0.00000 0.00000 -1.00000 0.00000 1.00000 0.00000 0.00000 1.00000 0.00000 0.00000 0.00000 1.00000 0.00000 0.00000 1.00000 -0.00000 -1.00000 0.00000 0.00000 -1.00000 0.00000 0.00000 0.00000 0.00000 -1.00000 0.00000 0.00000 -1.00000 0.00000 0.00000 1.00000 0.00000 0.00000 1.00000 0.00000 -1.00000 0.00000 0.00000 -1.00000 0.00000 1.00000 0.00000 0.00000 1.00000 0.00000 0.00000 0.00000 1.00000 0.00000 0.00000 1.00000 -0.00000 -1.00000 0.00000 0.00000 -1.00000 0.00000 0.00000 0.00000 0.00000 -1.00000 0.00000 0.00000 -1.00000 0.00000 0.00000 1.00000 0.00000 0.00000 1.00000 0.00000 -1.00000 0.00000 0.00000 -1.00000 0.00000 1.00000 0.00000 0.00000 1.00000 0.00000 0.00000 0.00000 1.00000 0.00000 0.00000 1.00000 -0.00000 -1.00000 0.00000 0.00000 -1.00000 0.00000 0.00000 0.00000 0.00000 -1.00000 0.00000 0.00000 -1.00000 0.00000 0.00000 1.00000 0.00000 0.00000 1.00000 0.00000 -1.00000 0.00000 0.00000 -1.00000 0.00000 1.00000 0.00000 0.00000 1.00000 0.00000 0.00000 0.00000 1.00000 0.00000 0.00000 1.00000 -0.00000 -1.00000 0.00000 0.00000 -1.00000 0.00000 0.00000 0.00000 0.00000 -1.00000 0.00000 0.00000 -1.00000 0.00000 0.00000 1.00000 0.00000 0.00000 1.00000 0.00000 -1.00000 0.00000 0.00000 -1.00000 0.00000 1.00000 0.00000 0.00000 1.00000 0.00000 0.00000 0.00000 1.00000 0.00000 0.00000 1.00000 -0.00000 -1.00000 0.00000 0.00000 -1.00000 0.00000 0.00000 0.00000 0.00000 -1.00000 0.00000 0.00000 -1.00000 0.00000 0.00000 1.00000 0.00000 0.00000 1.00000 0.00000 -1.00000 0.00000 0.00000 -1.00000 0.00000 1.00000 0.00000 0.00000 1.00000 0.00000 0.00000 0.00000 1.00000 0.00000 0.00000 1.00000 -0.00000 -1.00000 0.00000 0.00000 -1.00000 0.00000 0.00000 0.00000 0.00000 -1.00000 0.00000 0.00000 -1.00000 0.00000 0.00000 1.00000 0.00000 0.00000 1.00000 0.00000 -1.00000 0.00000 0.00000 -1.00000 0.00000 1.00000 0.00000 0.00000 1.00000 0.00000 0.00000 0.00000 1.00000 0.00000 0.00000 1.00000 -0.00000 -1.00000 0.00000 0.00000 -1.00000 0.00000 0.00000 0.00000 0.00000 -1.00000 0.00000 0.00000 -1.00000 0.00000 0.00000 1.00000 0.00000 0.00000 1.00000 0.00000 -1.00000 0.00000 0.00000 -1.00000 0.00000 1.00000 0.00000 0.00000 1.00000 0.00000 0.00000 0.00000 1.00000 0.00000 0.00000 1.00000 -0.00000 -1.00000 0.00000 0.00000 -1.00000 0.00000 0.00000 0.00000 0.00000 -1.00000 0.00000 0.00000 -1.00000 0.00000 0.00000 1.00000 0.00000 0.00000 1.00000 0.00000 -1.00000 0.00000 0.00000 -1.00000 0.00000 1.00000 0.00000 0.00000 1.00000 0.00000 0.00000 0.00000 1.00000 0.00000 0.00000 1.00000 -0.00000 -1.00000 0.00000 0.00000 -1.00000 0.00000 0.00000 0.00000 0.00000 -1.00000 0.00000 0.00000 -1.00000 0.00000 0.00000 1.00000 0.00000 0.00000 1.00000 0.00000 -1.00000 0.00000 0.00000 -1.00000 0.00000 1.00000 0.00000 0.00000 1.00000 0.00000 0.00000 0.00000 1.00000 0.00000 0.00000 1.00000 -0.00000 -1.00000 0.00000 0.00000 -1.00000 0.00000 0.00000 0.00000 0.00000 -1.00000 0.00000 0.00000 -1.00000 0.00000 0.00000 1.00000 0.00000 0.00000 1.00000 0.00000 -1.00000 0.00000 0.00000 -1.00000 0.00000 1.00000 0.00000 0.00000 1.00000 0.00000 0.00000 0.00000 1.00000 0.00000 0.00000 1.00000 -0.00000 -1.00000 0.00000 0.00000 -1.00000 0.00000 0.00000 0.00000 0.00000 -1.00000 0.00000 0.00000 -1.00000 0.00000 0.00000 1.00000 0.00000 0.00000 1.00000 0.00000 -1.00000 0.00000 0.00000 -1.00000 0.00000 1.00000 0.00000 0.00000 1.00000 0.00000 0.00000 0.00000 1.00000 0.00000 0.00000 1.00000 -0.00000 -1.00000 0.00000 0.00000 -1.00000 0.00000 0.00000 0.00000 0.00000 -1.00000 0.00000 0.00000 -1.00000 0.00000 0.00000 1.00000 0.00000 0.00000 1.00000 0.00000 -1.00000 0.00000 0.00000 -1.00000 0.00000 1.00000 0.00000 0.00000 1.00000 0.00000 0.00000 0.00000 1.00000 0.00000 0.00000 1.00000 -0.00000 -1.00000 0.00000 0.00000 -1.00000 0.00000 0.00000 0.00000 0.00000 -1.00000 0.00000 0.00000 -1.00000 0.00000 0.00000 1.00000 0.00000 0.00000 1.00000 0.00000 -1.00000 0.00000 0.00000 -1.00000 0.00000 1.00000 0.00000 0.00000 1.00000 0.00000 0.00000 0.00000 1.00000 0.00000 0.00000 1.00000 -0.00000 -1.00000 0.00000 0.00000 -1.00000 0.00000 0.00000 0.00000 0.00000 -1.00000 0.00000 0.00000 -1.00000 0.00000 0.00000 1.00000 0.00000 0.00000 1.00000 0.00000 -1.00000 0.00000 0.00000 -1.00000 0.00000 1.00000 0.00000 0.00000 1.00000 0.00000 0.00000 0.00000 1.00000 0.00000 0.00000 1.00000 -0.00000 -1.00000 0.00000 0.00000 -1.00000 0.00000 0.00000 0.00000 0.00000 -1.00000 0.00000 0.00000 -1.00000 0.00000 0.00000 1.00000 0.00000 0.00000 1.00000 0.00000 -1.00000 0.00000 0.00000 -1.00000 0.00000 1.00000 0.00000 0.00000 1.00000 0.00000 0.00000 0.00000 1.00000 0.00000 0.00000 1.00000 -0.00000 -1.00000 0.00000 0.00000 -1.00000 0.00000 0.00000 0.00000 0.00000 -1.00000 0.00000 0.00000 -1.00000 0.00000 0.00000 1.00000 0.00000 0.00000 1.00000 0.00000 -1.00000 0.00000 0.00000 -1.00000 0.00000 1.00000 0.00000 0.00000 1.00000 0.00000 0.00000 0.00000 1.00000 0.00000 0.00000 1.00000 -0.00000 -1.00000 0.00000 0.00000 -1.00000 0.00000 0.00000 0.00000 0.00000 -1.00000 0.00000 0.00000 -1.00000 0.00000 0.00000 1.00000 0.00000 0.00000 1.00000 0.00000 -1.00000 0.00000 0.00000 -1.00000 0.00000 1.00000 0.00000 0.00000 1.00000 0.00000 0.00000 0.00000 1.00000 0.00000 0.00000 1.00000 -0.00000 -1.00000 0.00000 0.00000 -1.00000 0.00000 0.00000 0.00000 0.00000 -1.00000 0.00000 0.00000 -1.00000 0.00000 0.00000 1.00000 0.00000 0.00000 1.00000 0.00000 -1.00000 0.00000 0.00000 -1.00000 0.00000 1.00000 0.00000 0.00000 1.00000 0.00000 0.00000 0.00000 1.00000 0.00000 0.00000 1.00000 -0.00000 -1.00000 0.00000 0.00000 -1.00000 0.00000 0.00000 0.00000 0.00000 -1.00000 0.00000 0.00000 -1.00000 0.00000 0.00000 1.00000 0.00000 0.00000 1.00000 0.00000 -1.00000 0.00000 0.00000 -1.00000 0.00000 1.00000 0.00000 0.00000 1.00000 0.00000 0.00000 0.00000 1.00000 0.00000 0.00000 1.00000 -0.00000 -1.00000 0.00000 0.00000 -1.00000 0.00000 0.00000 0.00000 0.00000 -1.00000 0.00000 0.00000 -1.00000 0.00000 0.00000 1.00000 0.00000 0.00000 1.00000 0.00000 -1.00000 0.00000 0.00000 -1.00000 0.00000 1.00000 0.00000 0.00000 1.00000 0.00000 0.00000 0.00000 1.00000 0.00000 0.00000 1.00000 -0.00000 -1.00000 0.00000 0.00000 -1.00000 0.00000 0.00000 0.00000 0.00000 -1.00000 0.00000 0.00000 -1.00000 0.00000 0.00000 1.00000 0.00000 0.00000 1.00000 0.00000 -1.00000 0.00000 0.00000 -1.00000 0.00000 1.00000 0.00000 0.00000 1.00000 0.00000 0.00000 0.00000 1.00000 0.00000 0.00000 1.00000 -0.00000 -1.00000 0.00000 0.00000 -1.00000 0.00000 0.00000 0.00000 0.00000 -1.00000 0.00000 0.00000 -1.00000 0.00000 0.00000 1.00000 0.00000 0.00000 1.00000 0.00000 -1.00000 0.00000 0.00000 -1.00000 0.00000 1.00000 0.00000 0.00000 1.00000 0.00000 0.00000 0.00000 1.00000 0.00000 0.00000 1.00000 -0.00000 -1.00000 0.00000 0.00000 -1.00000 0.00000 0.00000 0.00000 0.00000 -1.00000 0.00000 0.00000 -1.00000 0.00000 0.00000 1.00000 0.00000 0.00000 1.00000 0.00000 -1.00000 0.00000 0.00000 -1.00000 0.00000 1.00000 0.00000 0.00000 1.00000 0.00000 0.00000 0.00000 1.00000 0.00000 0.00000 1.00000 -0.00000 -1.00000 0.00000 0.00000 -1.00000 0.00000 0.00000 0.00000 0.00000 -1.00000 0.00000 0.00000 -1.00000 0.00000 0.00000 1.00000 0.00000 0.00000 1.00000 0.00000 -1.00000 0.00000 0.00000 -1.00000 0.00000 1.00000 0.00000 0.00000 1.00000 0.00000 0.00000 0.00000 1.00000 0.00000 0.00000 1.00000 -0.00000 -1.00000 0.00000 0.00000 -1.00000 0.00000 0.00000 0.00000 0.00000 -1.00000 0.00000 0.00000 -1.00000 0.00000 0.00000 1.00000 0.00000 0.00000 1.00000 0.00000 -1.00000 0.00000 0.00000 -1.00000 0.00000 1.00000 0.00000 0.00000 1.00000 0.00000 0.00000 0.00000 1.00000 0.00000 0.00000 1.00000 -0.00000 -1.00000 0.00000 0.00000 -1.00000 0.00000 0.00000 0.00000 0.00000 -1.00000 0.00000 0.00000 -1.00000 0.00000 0.00000 1.00000 0.00000 0.00000 1.00000 0.00000 -1.00000 0.00000 0.00000 -1.00000 0.00000 1.00000 0.00000 0.00000 1.00000 0.00000 0.00000 0.00000 1.00000 0.00000 0.00000 1.00000 -0.00000 -1.00000 0.00000 0.00000 -1.00000 0.00000 0.00000 0.00000 0.00000 -1.00000 0.00000 0.00000 -1.00000 0.00000 0.00000 1.00000 0.00000 0.00000 1.00000 0.00000 -1.00000 0.00000 0.00000 -1.00000 0.00000 1.00000 0.00000 0.00000 1.00000 0.00000 0.00000 0.00000 1.00000 0.00000 0.00000 1.00000 -0.00000 -1.00000 0.00000 0.00000 -1.00000 0.00000 0.00000 0.00000 0.00000 -1.00000 0.00000 0.00000 -1.00000 0.00000 0.00000 1.00000 0.00000 0.00000 1.00000 0.00000 -1.00000 0.00000 0.00000 -1.00000 0.00000 1.00000 0.00000 0.00000 1.00000 0.00000 0.00000 0.00000 1.00000 0.00000 0.00000 1.00000 -0.00000 -1.00000 0.00000 0.00000 -1.00000 0.00000 0.00000 0.00000 0.00000 -1.00000 0.00000 0.00000 -1.00000 0.00000 0.00000 1.00000 0.00000 0.00000 1.00000 0.00000 -1.00000 0.00000 0.00000 -1.00000 0.00000 1.00000 0.00000 0.00000 1.00000 0.00000 0.00000 0.00000 1.00000 0.00000 0.00000 1.00000 -0.00000 -1.00000 0.00000 0.00000 -1.00000 0.00000 0.00000 0.00000 0.00000 -1.00000 0.00000 0.00000 -1.00000 0.00000 0.00000 1.00000 0.00000 0.00000 1.00000 0.00000 -1.00000 0.00000 0.00000 -1.00000 0.00000 1.00000 0.00000 0.00000 1.00000 0.00000 0.00000 0.00000 1.00000 0.00000 0.00000 1.00000 -0.00000 -1.00000 0.00000 0.00000 -1.00000 0.00000 0.00000 0.00000 0.00000 -1.00000 0.00000 0.00000 -1.00000 0.00000 0.00000 1.00000 0.00000 0.00000 1.00000 0.00000 -1.00000 0.00000 0.00000 -1.00000 0.00000 1.00000 0.00000 0.00000 1.00000 0.00000 0.00000 0.00000 1.00000 0.00000 0.00000 1.00000 -0.00000 -1.00000 0.00000 0.00000 -1.00000 0.00000 0.00000 0.00000 0.00000 -1.00000 0.00000 0.00000 -1.00000 0.00000 0.00000 1.00000 0.00000 0.00000 1.00000 0.00000 -1.00000 0.00000 0.00000 -1.00000 0.00000 1.00000 0.00000 0.00000 1.00000 0.00000 0.00000 0.00000 1.00000 0.00000 0.00000 1.00000 -0.00000 -1.00000 0.00000 0.00000 -1.00000 0.00000 0.00000 0.00000 0.00000 -1.00000 0.00000 0.00000 -1.00000 0.00000 0.00000 1.00000 0.00000 0.00000 1.00000 0.00000 -1.00000 0.00000 0.00000 -1.00000 0.00000 1.00000 0.00000 0.00000 1.00000 0.00000 0.00000 0.00000 1.00000 0.00000 0.00000 1.00000 -0.00000 -1.00000 0.00000 0.00000 -1.00000 0.00000 0.00000 0.00000 0.00000 -1.00000 0.00000 0.00000 -1.00000 0.00000 0.00000 1.00000 0.00000 0.00000 1.00000 0.00000 -1.00000 0.00000 0.00000 -1.00000 0.00000 1.00000 0.00000 0.00000 1.00000 0.00000 0.00000 0.00000 1.00000 0.00000 0.00000 1.00000 -0.00000 -1.00000 0.00000 0.00000 -1.00000 0.00000 0.00000 0.00000 0.00000 -1.00000 0.00000 0.00000 -1.00000 0.00000 0.00000 1.00000 0.00000 0.00000 1.00000 0.00000 -1.00000 0.00000 0.00000 -1.00000 0.00000 1.00000 0.00000 0.00000 1.00000 0.00000 0.00000 0.00000 1.00000 0.00000 0.00000 1.00000 -0.00000 -1.00000 0.00000 0.00000 -1.00000 0.00000 0.00000 0.00000 0.00000 -1.00000 0.00000 0.00000 -1.00000 0.00000 0.00000 1.00000 0.00000 0.00000 1.00000 0.00000 -1.00000 0.00000 0.00000 -1.00000 0.00000 1.00000 0.00000 0.00000 1.00000 0.00000 0.00000 0.00000 1.00000 0.00000 0.00000 1.00000 -0.00000 -1.00000 0.00000 0.00000 -1.00000 0.00000 0.00000 0.00000 0.00000 -1.00000 0.00000 0.00000 -1.00000 0.00000 0.00000 1.00000 0.00000 0.00000 1.00000 0.00000 -1.00000 0.00000 0.00000 -1.00000 0.00000 1.00000 0.00000 0.00000 1.00000 0.00000 0.00000 0.00000 1.00000 0.00000 0.00000 1.00000 -0.00000 -1.00000 0.00000 0.00000 -1.00000 0.00000 0.00000 0.00000 0.00000 -1.00000 0.00000 0.00000 -1.00000 0.00000 0.00000 1.00000 0.00000 0.00000 1.00000 0.00000 -1.00000 0.00000 0.00000 -1.00000 0.00000 1.00000 0.00000 0.00000 1.00000 0.00000 0.00000 0.00000 1.00000 0.00000 0.00000 1.00000 -0.00000 -1.00000 0.00000 0.00000 -1.00000 0.00000 0.00000 0.00000 0.00000 -1.00000 0.00000 0.00000 -1.00000 0.00000 0.00000 1.00000 0.00000 0.00000 1.00000 0.00000 -1.00000 0.00000 0.00000 -1.00000 0.00000 1.00000 0.00000 0.00000 1.00000 0.00000 0.00000 0.00000 1.00000 0.00000 0.00000 1.00000 -0.00000 -1.00000 0.00000 0.00000 -1.00000 0.00000 0.00000 0.00000 0.00000 -1.00000 0.00000 0.00000 -1.00000 0.00000 0.00000 1.00000 0.00000 0.00000 1.00000 0.00000 -1.00000 0.00000 0.00000 -1.00000 0.00000 1.00000 0.00000 0.00000 1.00000 0.00000 0.00000 0.00000 1.00000 0.00000 0.00000 1.00000 -0.00000 -1.00000 0.00000 0.00000 -1.00000 0.00000 0.00000 0.00000 0.00000 -1.00000 0.00000 0.00000 -1.00000 0.00000 0.00000 1.00000 0.00000 0.00000 1.00000 0.00000 -1.00000 0.00000 0.00000 -1.00000 0.00000 1.00000 0.00000 0.00000 1.00000 0.00000 0.00000 0.00000 1.00000 0.00000 0.00000 1.00000 -0.00000 -1.00000 0.00000 0.00000 -1.00000 0.00000 0.00000 0.00000 0.00000 -1.00000 0.00000 0.00000 -1.00000 0.00000 0.00000 1.00000 0.00000 0.00000 1.00000 0.00000 -1.00000 0.00000 0.00000 -1.00000 0.00000 1.00000 0.00000 0.00000 1.00000 0.00000 0.00000 0.00000 1.00000 0.00000 0.00000 1.00000 -0.00000 -1.00000 0.00000 0.00000 -1.00000 0.00000 0.00000 0.00000 0.00000 -1.00000 0.00000 0.00000 -1.00000 0.00000 0.00000 1.00000 0.00000 0.00000 1.00000 0.00000 -1.00000 0.00000 0.00000 -1.00000 0.00000 1.00000 0.00000 0.00000 1.00000 0.00000 0.00000 0.00000 1.00000 0.00000 0.00000 1.00000 -0.00000 -1.00000 0.00000 0.00000 -1.00000 0.00000 0.00000 0.00000 0.00000 -1.00000 0.00000 0.00000 -1.00000 0.00000 0.00000 1.00000 0.00000 0.00000 1.00000 0.00000 -1.00000 0.00000 0.00000 -1.00000 0.00000 1.00000 0.00000 0.00000 1.00000 0.00000 0.00000 0.00000 1.00000 0.00000 0.00000 1.00000 -0.00000 -1.00000 0.00000 0.00000 -1.00000 0.00000 0.00000 0.96593 0.25882 0.00000 0.96593 0.25882 -0.00000 0.00000 0.00000 -1.00000 0.00000 0.00000 1.00000 0.70711 0.70711 0.00000 0.70711 0.70711 -0.00000 0.00000 0.00000 -1.00000 0.00000 0.00000 1.00000 0.25882 0.96593 0.00000 0.25882 0.96593 -0.00000 0.00000 0.00000 -1.00000 0.00000 0.00000 1.00000 -0.25882 0.96593 0.00000 -0.25882 0.96593 0.00000 0.00000 0.00000 -1.00000 0.00000 -0.00000 1.00000 -0.70711 0.70711 0.00000 -0.70711 0.70711 0.00000 0.00000 0.00000 -1.00000 0.00000 0.00000 1.00000 -0.96593 0.25882 0.00000 -0.96593 0.25882 0.00000 0.00000 0.00000 -1.00000 0.00000 0.00000 1.00000 -0.96593 -0.25882 0.00000 -0.96593 -0.25882 0.00000 -0.00000 0.00000 -1.00000 0.00000 0.00000 1.00000 -0.70711 -0.70711 0.00000 -0.70711 -0.70711 0.00000 0.00000 0.00000 -1.00000 0.00000 0.00000 1.00000 -0.25882 -0.96593 0.00000 -0.25882 -0.96593 0.00000 0.00000 -0.00000 -1.00000 0.00000 0.00000 1.00000 0.25882 -0.96593 0.00000 0.25882 -0.96593 0.00000 0.00000 0.00000 -1.00000 0.00000 0.00000 1.00000 0.70711 -0.70711 0.00000 0.70711 -0.70711 0.00000 0.00000 0.00000 -1.00000 0.00000 0.00000 1.00000 0.96593 -0.25882 0.00000 0.96593 -0.25882 0.00000 0.00000 0.00000 -1.00000 -0.00000 0.00000 1.00000 0.96593 0.25882 0.00000 0.96593 0.25882 -0.00000 0.00000 0.00000 -1.00000 0.00000 0.00000 1.00000 0.70711 0.70711 0.00000 0.70711 0.70711 -0.00000 0.00000 0.00000 -1.00000 0.00000 0.00000 1.00000 0.25882 0.96593 0.00000 0.25882 0.96593 -0.00000 0.00000 0.00000 -1.00000 0.00000 0.00000 1.00000 -0.25882 0.96593 0.00000 -0.25882 0.96593 0.00000 0.00000 0.00000 -1.00000 0.00000 -0.00000 1.00000 -0.70711 0.70711 0.00000 -0.70711 0.70711 0.00000 0.00000 0.00000 -1.00000 0.00000 0.00000 1.00000 -0.96593 0.25882 0.00000 -0.96593 0.25882 0.00000 0.00000 0.00000 -1.00000 0.00000 0.00000 1.00000 -0.96593 -0.25882 0.00000 -0.96593 -0.25882 0.00000 -0.00000 0.00000 -1.00000 0.00000 0.00000 1.00000 -0.70711 -0.70711 0.00000 -0.70711 -0.70711 0.00000 0.00000 0.00000 -1.00000 0.00000 0.00000 1.00000 -0.25882 -0.96593 0.00000 -0.25882 -0.96593 0.00000 0.00000 -0.00000 -1.00000 0.00000 0.00000 1.00000 0.25882 -0.96593 0.00000 0.25882 -0.96593 0.00000 0.00000 0.00000 -1.00000 0.00000 0.00000 1.00000 0.70711 -0.70711 0.00000 0.70711 -0.70711 0.00000 0.00000 0.00000 -1.00000 0.00000 0.00000 1.00000 0.96593 -0.25882 0.00000 0.96593 -0.25882 0.00000 0.00000 0.00000 -1.00000 -0.00000 0.00000 1.00000 0.96593 0.25882 0.00000 0.96593 0.25882 -0.00000 0.00000 0.00000 -1.00000 0.00000 0.00000 1.00000 0.70711 0.70711 0.00000 0.70711 0.70711 -0.00000 0.00000 0.00000 -1.00000 0.00000 0.00000 1.00000 0.25882 0.96593 0.00000 0.25882 0.96593 -0.00000 0.00000 0.00000 -1.00000 0.00000 0.00000 1.00000 -0.25882 0.96593 0.00000 -0.25882 0.96593 0.00000 0.00000 0.00000 -1.00000 0.00000 -0.00000 1.00000 -0.70711 0.70711 0.00000 -0.70711 0.70711 0.00000 0.00000 0.00000 -1.00000 0.00000 0.00000 1.00000 -0.96593 0.25882 0.00000 -0.96593 0.25882 0.00000 0.00000 0.00000 -1.00000 0.00000 0.00000 1.00000 -0.96593 -0.25882 0.00000 -0.96593 -0.25882 0.00000 -0.00000 0.00000 -1.00000 0.00000 0.00000 1.00000 -0.70711 -0.70711 0.00000 -0.70711 -0.70711 0.00000 0.00000 0.00000 -1.00000 0.00000 0.00000 1.00000 -0.25882 -0.96593 0.00000 -0.25882 -0.96593 0.00000 0.00000 -0.00000 -1.00000 0.00000 0.00000 1.00000 0.25882 -0.96593 0.00000 0.25882 -0.96593 0.00000 0.00000 0.00000 -1.00000 0.00000 0.00000 1.00000 0.70711 -0.70711 0.00000 0.70711 -0.70711 0.00000 0.00000 0.00000 -1.00000 0.00000 0.00000 1.00000 0.96593 -0.25882 0.00000 0.96593 -0.25882 0.00000 0.00000 0.00000 -1.00000 -0.00000 0.00000 1.00000 0.00000 0.00000 -1.00000 0.00000 0.00000 -1.00000 0.00000 0.00000 1.00000 0.00000 0.00000 1.00000 0.00000 -1.00000 0.00000 0.00000 -1.00000 0.00000 1.00000 0.00000 0.00000 1.00000 0.00000 0.00000 0.00000 1.00000 0.00000 0.00000 1.00000 -0.00000 -1.00000 0.00000 0.00000 -1.00000 0.00000 0.00000 0.00000 0.00000 -1.00000 0.00000 0.00000 -1.00000 0.00000 0.00000 1.00000 0.00000 0.00000 1.00000 0.00000 -1.00000 0.00000 0.00000 -1.00000 0.00000 1.00000 0.00000 0.00000 1.00000 0.00000 0.00000 0.00000 1.00000 0.00000 0.00000 1.00000 -0.00000 -1.00000 0.00000 0.00000 -1.00000 0.00000 0.00000 0.00000 0.00000 -1.00000 0.00000 0.00000 -1.00000 0.00000 0.00000 1.00000 0.00000 0.00000 1.00000 0.00000 -1.00000 0.00000 0.00000 -1.00000 0.00000 1.00000 0.00000 0.00000 1.00000 0.00000 0.00000 0.00000 1.00000 0.00000 0.00000 1.00000 -0.00000 -1.00000 0.00000 0.00000 -1.00000 0.00000 0.00000 0.00000 0.00000 -1.00000 0.00000 0.00000 -1.00000 0.00000 0.00000 1.00000 0.00000 0.00000 1.00000 0.00000 -1.00000 0.00000 0.00000 -1.00000 0.00000 1.00000 0.00000 0.00000 1.00000 0.00000 0.00000 0.00000 1.00000 0.00000 0.00000 1.00000 -0.00000 -1.00000 0.00000 0.00000 -1.00000 0.00000 0.00000 0.00000 0.00000 -1.00000 0.00000 0.00000 -1.00000 0.00000 0.00000 1.00000 0.00000 0.00000 1.00000 0.00000 -1.00000 0.00000 0.00000 -1.00000 0.00000 1.00000 0.00000 0.00000 1.00000 0.00000 0.00000 0.00000 1.00000 0.00000 0.00000 1.00000 -0.00000 -1.00000 0.00000 0.00000 -1.00000 0.00000 0.00000 0.00000 0.00000 -1.00000 0.00000 0.00000 -1.00000 0.00000 0.00000 1.00000 0.00000 0.00000 1.00000 0.00000 -1.00000 0.00000 0.00000 -1.00000 0.00000 1.00000 0.00000 0.00000 1.00000 0.00000 0.00000 0.00000 1.00000 0.00000 0.00000 1.00000 -0.00000 -1.00000 0.00000 0.00000 -1.00000 0.00000 0.00000 0.00000 0.00000 -1.00000 0.00000 0.00000 -1.00000 0.00000 0.00000 1.00000 0.00000 0.00000 1.00000 0.00000 -1.00000 0.00000 0.00000 -1.00000 0.00000 1.00000 0.00000 0.00000 1.00000 0.00000 0.00000 0.00000 1.00000 0.00000 0.00000 1.00000 -0.00000 -1.00000 0.00000 0.00000 -1.00000 0.00000 0.00000 0.00000 0.00000 -1.00000 0.00000 0.00000 -1.00000 0.00000 0.00000 1.00000 0.00000 0.00000 1.00000 0.00000 -1.00000 0.00000 0.00000 -1.00000 0.00000 1.00000 0.00000 0.00000 1.00000 0.00000 0.00000 0.00000 1.00000 0.00000 0.00000 1.00000 -0.00000 -1.00000 0.00000 0.00000 -1.00000 0.00000 0.00000 0.00000 1.00000 0.00000 -0.00000 1.00000 0.00000 0.00000 -1.00000 0.00000 0.00000 -1.00000 0.00000 -1.00000 0.00000 -0.00000 -1.00000 -0.00000 0.00000 0.00000 0.00000 -1.00000 0.00000 0.00000 -1.00000 1.00000 0.00000 -0.00000 1.00000 0.00000 0.00000 0.00000 0.00000 1.00000 0.00000 0.00000 1.00000 0.00000 1.00000 0.00000 -0.00000 1.00000 0.00000 0.00000 -1.00000 0.00000 0.00000 -1.00000 0.00000 -1.00000 0.00000 -0.00000 -1.00000 -0.00000 0.00000 0.00000 0.00000 -1.00000 0.00000 0.00000 -1.00000 1.00000 0.00000 -0.00000 1.00000 0.00000 0.00000 0.00000 0.00000 1.00000 0.00000 0.00000 1.00000 0.00000 0.00000 -1.00000 0.00000 0.00000 -1.00000 0.00000 0.00000 1.00000 0.00000 0.00000 1.00000 0.00000 -1.00000 0.00000 0.00000 -1.00000 0.00000 1.00000 0.00000 0.00000 1.00000 0.00000 0.00000 0.00000 1.00000 0.00000 0.00000 1.00000 -0.00000 -1.00000 0.00000 0.00000 -1.00000 0.00000 0.00000 0.00000 0.00000 -1.00000 0.00000 0.00000 -1.00000 0.00000 0.00000 1.00000 0.00000 0.00000 1.00000 0.00000 -1.00000 0.00000 0.00000 -1.00000 0.00000 1.00000 0.00000 0.00000 1.00000 0.00000 0.00000 0.00000 1.00000 0.00000 0.00000 1.00000 -0.00000 -1.00000 0.00000 0.00000 -1.00000 0.00000 0.00000 0.00000 1.00000 0.00000 -0.00000 1.00000 0.00000 0.00000 -1.00000 0.00000 0.00000 -1.00000 0.00000 -1.00000 0.00000 -0.00000 -1.00000 -0.00000 0.00000 0.00000 0.00000 -1.00000 0.00000 0.00000 -1.00000 1.00000 0.00000 -0.00000 1.00000 0.00000 0.00000 0.00000 0.00000 1.00000 0.00000 0.00000 1.00000 0.00000 1.00000 0.00000 -0.00000 1.00000 0.00000 0.00000 -1.00000 0.00000 0.00000 -1.00000 0.00000 -1.00000 0.00000 -0.00000 -1.00000 -0.00000 0.00000 0.00000 0.00000 -1.00000 0.00000 0.00000 -1.00000 1.00000 0.00000 -0.00000 1.00000 0.00000 0.00000 0.00000 0.00000 1.00000 0.00000 0.00000 1.00000 0.00000 0.00000 -1.00000 0.00000 0.00000 -1.00000 0.00000 0.00000 1.00000 0.00000 0.00000 1.00000 0.00000 -1.00000 0.00000 0.00000 -1.00000 0.00000 1.00000 0.00000 0.00000 1.00000 0.00000 0.00000 0.00000 1.00000 0.00000 0.00000 1.00000 -0.00000 -1.00000 0.00000 0.00000 -1.00000 0.00000 0.00000 0.00000 0.00000 -1.00000 0.00000 0.00000 -1.00000 0.00000 0.00000 1.00000 0.00000 0.00000 1.00000 0.00000 -1.00000 0.00000 0.00000 -1.00000 0.00000 1.00000 0.00000 0.00000 1.00000 0.00000 0.00000 0.00000 1.00000 0.00000 0.00000 1.00000 -0.00000 -1.00000 0.00000 0.00000 -1.00000 0.00000 0.00000 0.00000 1.00000 0.00000 -0.00000 1.00000 0.00000 0.00000 -1.00000 0.00000 0.00000 -1.00000 0.00000 -1.00000 0.00000 -0.00000 -1.00000 -0.00000 0.00000 0.00000 0.00000 -1.00000 0.00000 0.00000 -1.00000 1.00000 0.00000 -0.00000 1.00000 0.00000 0.00000 0.00000 0.00000 1.00000 0.00000 0.00000 1.00000 0.00000 1.00000 0.00000 -0.00000 1.00000 0.00000 0.00000 -1.00000 0.00000 0.00000 -1.00000 0.00000 -1.00000 0.00000 -0.00000 -1.00000 -0.00000 0.00000 0.00000 0.00000 -1.00000 0.00000 0.00000 -1.00000 1.00000 0.00000 -0.00000 1.00000 0.00000 0.00000 0.00000 0.00000 1.00000 0.00000 0.00000 1.00000 0.00000 0.00000 -1.00000 0.00000 0.00000 -1.00000 0.00000 0.00000 1.00000 0.00000 0.00000 1.00000 0.00000 -1.00000 0.00000 0.00000 -1.00000 0.00000 1.00000 0.00000 0.00000 1.00000 0.00000 0.00000 0.00000 1.00000 0.00000 0.00000 1.00000 -0.00000 -1.00000 0.00000 0.00000 -1.00000 0.00000 0.00000 0.00000 0.00000 -1.00000 0.00000 0.00000 -1.00000 0.00000 0.00000 1.00000 0.00000 0.00000 1.00000 0.00000 -1.00000 0.00000 0.00000 -1.00000 0.00000 1.00000 0.00000 0.00000 1.00000 0.00000 0.00000 0.00000 1.00000 0.00000 0.00000 1.00000 -0.00000 -1.00000 0.00000 0.00000 -1.00000 0.00000 0.00000 0.00000 1.00000 0.00000 -0.00000 1.00000 0.00000 0.00000 -1.00000 0.00000 0.00000 -1.00000 0.00000 -1.00000 0.00000 -0.00000 -1.00000 -0.00000 0.00000 0.00000 0.00000 -1.00000 0.00000 0.00000 -1.00000 1.00000 0.00000 -0.00000 1.00000 0.00000 0.00000 0.00000 0.00000 1.00000 0.00000 0.00000 1.00000 0.00000 1.00000 0.00000 -0.00000 1.00000 0.00000 0.00000 -1.00000 0.00000 0.00000 -1.00000 0.00000 -1.00000 0.00000 -0.00000 -1.00000 -0.00000 0.00000 0.00000 0.00000 -1.00000 0.00000 0.00000 -1.00000 1.00000 0.00000 -0.00000 1.00000 0.00000 0.00000 0.00000 0.00000 1.00000 0.00000 0.00000 1.00000 0.00000 0.00000 -1.00000 0.00000 0.00000 -1.00000 0.00000 0.00000 1.00000 0.00000 0.00000 1.00000 0.00000 -1.00000 0.00000 0.00000 -1.00000 0.00000 1.00000 0.00000 0.00000 1.00000 0.00000 0.00000 0.00000 1.00000 0.00000 0.00000 1.00000 -0.00000 -1.00000 0.00000 0.00000 -1.00000 0.00000 0.00000 0.00000 0.00000 -1.00000 0.00000 0.00000 -1.00000 0.00000 0.00000 1.00000 0.00000 0.00000 1.00000 0.00000 -1.00000 0.00000 0.00000 -1.00000 0.00000 1.00000 0.00000 0.00000 1.00000 0.00000 0.00000 0.00000 1.00000 0.00000 0.00000 1.00000 -0.00000 -1.00000 0.00000 0.00000 -1.00000 0.00000 0.00000 0.00000 0.00000 -1.00000 0.00000 0.00000 -1.00000 0.00000 0.00000 1.00000 0.00000 0.00000 1.00000 0.00000 -1.00000 0.00000 0.00000 -1.00000 0.00000 1.00000 0.00000 0.00000 1.00000 0.00000 0.00000 0.00000 1.00000 0.00000 0.00000 1.00000 -0.00000 -1.00000 0.00000 0.00000 -1.00000 0.00000 0.00000 -1.00000 0.00000 0.00000 -1.00000 0.00000 0.00000 1.00000 0.00000 0.00000 1.00000 -0.00000 0.00000 0.00000 -1.00000 0.00000 0.00000 -1.00000 0.00000 0.00000 0.00000 -1.00000 0.00000 0.00000 -1.00000 0.00000 1.00000 0.00000 0.00000 1.00000 0.00000 0.00000 0.00000 1.00000 -0.00000 0.00000 1.00000 0.00000 0.00000 -1.00000 0.00000 0.00000 -1.00000 0.00000 0.00000 1.00000 0.00000 0.00000 1.00000 0.00000 -1.00000 0.00000 0.00000 -1.00000 0.00000 1.00000 0.00000 0.00000 1.00000 0.00000 0.00000 0.00000 1.00000 0.00000 0.00000 1.00000 -0.00000 -1.00000 0.00000 0.00000 -1.00000 0.00000 0.00000 0.00000 0.00000 -1.00000 0.00000 0.00000 -1.00000 0.00000 0.00000 1.00000 0.00000 0.00000 1.00000 0.00000 -1.00000 0.00000 0.00000 -1.00000 0.00000 1.00000 0.00000 0.00000 1.00000 0.00000 0.00000 0.00000 1.00000 0.00000 0.00000 1.00000 -0.00000 -1.00000 0.00000 0.00000 -1.00000 0.00000 0.00000 -1.00000 0.00000 0.00000 -1.00000 0.00000 0.00000 1.00000 0.00000 0.00000 1.00000 -0.00000 0.00000 0.00000 -1.00000 0.00000 0.00000 -1.00000 0.00000 0.00000 0.00000 -1.00000 0.00000 0.00000 -1.00000 0.00000 1.00000 0.00000 0.00000 1.00000 0.00000 0.00000 0.00000 1.00000 -0.00000 0.00000 1.00000 0.00000 0.00000 -1.00000 0.00000 0.00000 -1.00000 0.00000 0.00000 1.00000 0.00000 0.00000 1.00000 0.00000 -1.00000 0.00000 0.00000 -1.00000 0.00000 1.00000 0.00000 0.00000 1.00000 0.00000 0.00000 0.00000 1.00000 0.00000 0.00000 1.00000 -0.00000 -1.00000 0.00000 0.00000 -1.00000 0.00000 0.00000 0.00000 0.00000 -1.00000 0.00000 0.00000 -1.00000 0.00000 0.00000 1.00000 0.00000 0.00000 1.00000 0.00000 -1.00000 0.00000 0.00000 -1.00000 0.00000 1.00000 0.00000 0.00000 1.00000 0.00000 0.00000 0.00000 1.00000 0.00000 0.00000 1.00000 -0.00000 -1.00000 0.00000 0.00000 -1.00000 0.00000 0.00000 -1.00000 0.00000 0.00000 -1.00000 0.00000 0.00000 1.00000 0.00000 0.00000 1.00000 -0.00000 0.00000 0.00000 -1.00000 0.00000 0.00000 -1.00000 0.00000 0.00000 0.00000 -1.00000 0.00000 0.00000 -1.00000 0.00000 1.00000 0.00000 0.00000 1.00000 0.00000 0.00000 0.00000 1.00000 -0.00000 0.00000 1.00000 0.00000 0.00000 -1.00000 0.00000 0.00000 -1.00000 0.00000 0.00000 1.00000 0.00000 0.00000 1.00000 0.00000 -1.00000 0.00000 0.00000 -1.00000 0.00000 1.00000 0.00000 0.00000 1.00000 0.00000 0.00000 0.00000 1.00000 0.00000 0.00000 1.00000 -0.00000 -1.00000 0.00000 0.00000 -1.00000 0.00000 0.00000 0.00000 0.00000 -1.00000 0.00000 0.00000 -1.00000 0.00000 0.00000 1.00000 0.00000 0.00000 1.00000 0.00000 -1.00000 0.00000 0.00000 -1.00000 0.00000 1.00000 0.00000 0.00000 1.00000 0.00000 0.00000 0.00000 1.00000 0.00000 0.00000 1.00000 -0.00000 -1.00000 0.00000 0.00000 -1.00000 0.00000 0.00000 0.00000 0.00000 -1.00000 0.00000 0.00000 -1.00000 0.00000 0.00000 1.00000 0.00000 0.00000 1.00000 0.00000 -1.00000 0.00000 0.00000 -1.00000 0.00000 1.00000 0.00000 0.00000 1.00000 0.00000 0.00000 0.00000 1.00000 0.00000 0.00000 1.00000 -0.00000 -1.00000 0.00000 0.00000 -1.00000 0.00000 0.00000 0.00000 0.00000 -1.00000 0.00000 0.00000 -1.00000 0.00000 0.00000 1.00000 0.00000 0.00000 1.00000 0.00000 -1.00000 0.00000 0.00000 -1.00000 0.00000 1.00000 0.00000 0.00000 1.00000 0.00000 0.00000 0.00000 1.00000 0.00000 0.00000 1.00000 -0.00000 -1.00000 0.00000 0.00000 -1.00000 0.00000 0.00000 0.00000 0.00000 -1.00000 0.00000 0.00000 -1.00000 0.00000 0.00000 1.00000 0.00000 0.00000 1.00000 0.00000 -1.00000 0.00000 0.00000 -1.00000 0.00000 1.00000 0.00000 0.00000 1.00000 0.00000 0.00000 0.00000 1.00000 0.00000 0.00000 1.00000 -0.00000 -1.00000 0.00000 0.00000 -1.00000 0.00000 0.00000 0.00000 0.00000 -1.00000 0.00000 0.00000 -1.00000 0.00000 0.00000 1.00000 0.00000 0.00000 1.00000 0.00000 -1.00000 0.00000 0.00000 -1.00000 0.00000 1.00000 0.00000 0.00000 1.00000 0.00000 0.00000 0.00000 1.00000 0.00000 0.00000 1.00000 -0.00000 -1.00000 0.00000 0.00000 -1.00000 0.00000 0.00000 0.00000 0.00000 -1.00000 0.00000 0.00000 -1.00000 0.00000 0.00000 1.00000 0.00000 0.00000 1.00000 0.00000 -1.00000 0.00000 0.00000 -1.00000 0.00000 1.00000 0.00000 0.00000 1.00000 0.00000 0.00000 0.00000 1.00000 0.00000 0.00000 1.00000 -0.00000 -1.00000 0.00000 0.00000 -1.00000 0.00000 0.00000 0.00000 0.00000 -1.00000 0.00000 0.00000 -1.00000 0.00000 0.00000 1.00000 0.00000 0.00000 1.00000 0.00000 -1.00000 0.00000 0.00000 -1.00000 0.00000 1.00000 0.00000 0.00000 1.00000 0.00000 0.00000 0.00000 1.00000 0.00000 0.00000 1.00000 -0.00000 -1.00000 0.00000 0.00000 -1.00000 0.00000 0.00000 0.98769 0.15643 0.00000 0.98769 0.15643 -0.00000 0.00000 0.00000 -1.00000 0.00000 0.00000 1.00000 0.89101 0.45399 0.00000 0.89101 0.45399 -0.00000 0.00000 0.00000 -1.00000 0.00000 0.00000 1.00000 0.70711 0.70711 0.00000 0.70711 0.70711 -0.00000 0.00000 0.00000 -1.00000 0.00000 0.00000 1.00000 0.45399 0.89101 0.00000 0.45399 0.89101 -0.00000 0.00000 0.00000 -1.00000 0.00000 0.00000 1.00000 0.15643 0.98769 0.00000 0.15643 0.98769 -0.00000 0.00000 0.00000 -1.00000 0.00000 0.00000 1.00000 -0.15643 0.98769 0.00000 -0.15643 0.98769 0.00000 0.00000 0.00000 -1.00000 0.00000 -0.00000 1.00000 -0.45399 0.89101 0.00000 -0.45399 0.89101 0.00000 0.00000 0.00000 -1.00000 0.00000 0.00000 1.00000 -0.70711 0.70711 0.00000 -0.70711 0.70711 0.00000 0.00000 0.00000 -1.00000 0.00000 0.00000 1.00000 -0.89101 0.45399 0.00000 -0.89101 0.45399 0.00000 0.00000 0.00000 -1.00000 0.00000 0.00000 1.00000 -0.98769 0.15643 0.00000 -0.98769 0.15643 0.00000 0.00000 0.00000 -1.00000 0.00000 0.00000 1.00000 -0.98769 -0.15643 0.00000 -0.98769 -0.15643 0.00000 -0.00000 0.00000 -1.00000 0.00000 0.00000 1.00000 -0.89101 -0.45399 0.00000 -0.89101 -0.45399 0.00000 0.00000 0.00000 -1.00000 0.00000 0.00000 1.00000 -0.70711 -0.70711 0.00000 -0.70711 -0.70711 0.00000 0.00000 0.00000 -1.00000 0.00000 0.00000 1.00000 -0.45399 -0.89101 0.00000 -0.45399 -0.89101 0.00000 0.00000 0.00000 -1.00000 0.00000 0.00000 1.00000 -0.15643 -0.98769 0.00000 -0.15643 -0.98769 0.00000 0.00000 -0.00000 -1.00000 0.00000 0.00000 1.00000 0.15643 -0.98769 0.00000 0.15643 -0.98769 0.00000 0.00000 0.00000 -1.00000 0.00000 0.00000 1.00000 0.45399 -0.89101 0.00000 0.45399 -0.89101 0.00000 0.00000 0.00000 -1.00000 0.00000 0.00000 1.00000 0.70711 -0.70711 0.00000 0.70711 -0.70711 0.00000 0.00000 0.00000 -1.00000 0.00000 0.00000 1.00000 0.89101 -0.45399 0.00000 0.89101 -0.45399 0.00000 0.00000 0.00000 -1.00000 0.00000 0.00000 1.00000 0.98769 -0.15643 0.00000 0.98769 -0.15643 0.00000 0.00000 0.00000 -1.00000 -0.00000 0.00000 1.00000 0.98769 0.15643 0.00000 0.98769 0.15643 -0.00000 0.00000 0.00000 -1.00000 0.00000 0.00000 1.00000 0.89101 0.45399 0.00000 0.89101 0.45399 -0.00000 0.00000 0.00000 -1.00000 0.00000 0.00000 1.00000 0.70711 0.70711 0.00000 0.70711 0.70711 -0.00000 0.00000 0.00000 -1.00000 0.00000 0.00000 1.00000 0.45399 0.89101 0.00000 0.45399 0.89101 -0.00000 0.00000 0.00000 -1.00000 0.00000 0.00000 1.00000 0.15643 0.98769 0.00000 0.15643 0.98769 -0.00000 0.00000 0.00000 -1.00000 0.00000 0.00000 1.00000 -0.15643 0.98769 0.00000 -0.15643 0.98769 0.00000 0.00000 0.00000 -1.00000 0.00000 -0.00000 1.00000 -0.45399 0.89101 0.00000 -0.45399 0.89101 0.00000 0.00000 0.00000 -1.00000 0.00000 0.00000 1.00000 -0.70711 0.70711 0.00000 -0.70711 0.70711 0.00000 0.00000 0.00000 -1.00000 0.00000 0.00000 1.00000 -0.89101 0.45399 0.00000 -0.89101 0.45399 0.00000 0.00000 0.00000 -1.00000 0.00000 0.00000 1.00000 -0.98769 0.15643 0.00000 -0.98769 0.15643 0.00000 0.00000 0.00000 -1.00000 0.00000 0.00000 1.00000 -0.98769 -0.15643 0.00000 -0.98769 -0.15643 0.00000 -0.00000 0.00000 -1.00000 0.00000 0.00000 1.00000 -0.89101 -0.45399 0.00000 -0.89101 -0.45399 0.00000 0.00000 0.00000 -1.00000 0.00000 0.00000 1.00000 -0.70711 -0.70711 0.00000 -0.70711 -0.70711 0.00000 0.00000 0.00000 -1.00000 0.00000 0.00000 1.00000 -0.45399 -0.89101 0.00000 -0.45399 -0.89101 0.00000 0.00000 0.00000 -1.00000 0.00000 0.00000 1.00000 -0.15643 -0.98769 0.00000 -0.15643 -0.98769 0.00000 0.00000 -0.00000 -1.00000 0.00000 0.00000 1.00000 0.15643 -0.98769 0.00000 0.15643 -0.98769 0.00000 0.00000 0.00000 -1.00000 0.00000 0.00000 1.00000 0.45399 -0.89101 0.00000 0.45399 -0.89101 0.00000 0.00000 0.00000 -1.00000 0.00000 0.00000 1.00000 0.70711 -0.70711 0.00000 0.70711 -0.70711 0.00000 0.00000 0.00000 -1.00000 0.00000 0.00000 1.00000 0.89101 -0.45399 0.00000 0.89101 -0.45399 0.00000 0.00000 0.00000 -1.00000 0.00000 0.00000 1.00000 0.98769 -0.15643 0.00000 0.98769 -0.15643 0.00000 0.00000 0.00000 -1.00000 -0.00000 0.00000 1.00000 0.98769 0.15643 0.00000 0.98769 0.15643 -0.00000 0.00000 0.00000 -1.00000 0.00000 0.00000 1.00000 0.89101 0.45399 0.00000 0.89101 0.45399 -0.00000 0.00000 0.00000 -1.00000 0.00000 0.00000 1.00000 0.70711 0.70711 0.00000 0.70711 0.70711 -0.00000 0.00000 0.00000 -1.00000 0.00000 0.00000 1.00000 0.45399 0.89101 0.00000 0.45399 0.89101 -0.00000 0.00000 0.00000 -1.00000 0.00000 0.00000 1.00000 0.15643 0.98769 0.00000 0.15643 0.98769 -0.00000 0.00000 0.00000 -1.00000 0.00000 0.00000 1.00000 -0.15643 0.98769 0.00000 -0.15643 0.98769 0.00000 0.00000 0.00000 -1.00000 0.00000 -0.00000 1.00000 -0.45399 0.89101 0.00000 -0.45399 0.89101 0.00000 0.00000 0.00000 -1.00000 0.00000 0.00000 1.00000 -0.70711 0.70711 0.00000 -0.70711 0.70711 0.00000 0.00000 0.00000 -1.00000 0.00000 0.00000 1.00000 -0.89101 0.45399 0.00000 -0.89101 0.45399 0.00000 0.00000 0.00000 -1.00000 0.00000 0.00000 1.00000 -0.98769 0.15643 0.00000 -0.98769 0.15643 0.00000 0.00000 0.00000 -1.00000 0.00000 0.00000 1.00000 -0.98769 -0.15643 0.00000 -0.98769 -0.15643 0.00000 -0.00000 0.00000 -1.00000 0.00000 0.00000 1.00000 -0.89101 -0.45399 0.00000 -0.89101 -0.45399 0.00000 0.00000 0.00000 -1.00000 0.00000 0.00000 1.00000 -0.70711 -0.70711 0.00000 -0.70711 -0.70711 0.00000 0.00000 0.00000 -1.00000 0.00000 0.00000 1.00000 -0.45399 -0.89101 0.00000 -0.45399 -0.89101 0.00000 0.00000 0.00000 -1.00000 0.00000 0.00000 1.00000 -0.15643 -0.98769 0.00000 -0.15643 -0.98769 0.00000 0.00000 -0.00000 -1.00000 0.00000 0.00000 1.00000 0.15643 -0.98769 0.00000 0.15643 -0.98769 0.00000 0.00000 0.00000 -1.00000 0.00000 0.00000 1.00000 0.45399 -0.89101 0.00000 0.45399 -0.89101 0.00000 0.00000 0.00000 -1.00000 0.00000 0.00000 1.00000 0.70711 -0.70711 0.00000 0.70711 -0.70711 0.00000 0.00000 0.00000 -1.00000 0.00000 0.00000 1.00000 0.89101 -0.45399 0.00000 0.89101 -0.45399 0.00000 0.00000 0.00000 -1.00000 0.00000 0.00000 1.00000 0.98769 -0.15643 0.00000 0.98769 -0.15643 0.00000 0.00000 0.00000 -1.00000 -0.00000 0.00000 1.00000 0.00000 0.00000 -1.00000 0.00000 0.00000 -1.00000 0.00000 0.00000 1.00000 0.00000 0.00000 1.00000 0.00000 -1.00000 0.00000 0.00000 -1.00000 0.00000 1.00000 0.00000 0.00000 1.00000 0.00000 0.00000 0.00000 1.00000 0.00000 0.00000 1.00000 -0.00000 -1.00000 0.00000 0.00000 -1.00000 0.00000 0.00000 0.00000 0.00000 -1.00000 0.00000 0.00000 -1.00000 0.00000 0.00000 1.00000 0.00000 0.00000 1.00000 0.00000 -1.00000 0.00000 0.00000 -1.00000 0.00000 1.00000 0.00000 0.00000 1.00000 0.00000 0.00000 0.00000 1.00000 0.00000 0.00000 1.00000 -0.00000 -1.00000 0.00000 0.00000 -1.00000 0.00000 0.00000 0.00000 0.00000 -1.00000 0.00000 0.00000 -1.00000 0.00000 0.00000 1.00000 0.00000 0.00000 1.00000 0.00000 -1.00000 0.00000 0.00000 -1.00000 0.00000 1.00000 0.00000 0.00000 1.00000 0.00000 0.00000 0.00000 1.00000 0.00000 0.00000 1.00000 -0.00000 -1.00000 0.00000 0.00000 -1.00000 0.00000 0.00000 0.00000 0.00000 -1.00000 0.00000 0.00000 -1.00000 0.00000 0.00000 1.00000 0.00000 0.00000 1.00000 0.00000 -1.00000 0.00000 0.00000 -1.00000 0.00000 1.00000 0.00000 0.00000 1.00000 0.00000 0.00000 0.00000 1.00000 0.00000 0.00000 1.00000 -0.00000 -1.00000 0.00000 0.00000 -1.00000 0.00000 0.00000 0.00000 0.00000 -1.00000 0.00000 0.00000 -1.00000 0.00000 0.00000 1.00000 0.00000 0.00000 1.00000 0.00000 -1.00000 0.00000 0.00000 -1.00000 0.00000 1.00000 0.00000 0.00000 1.00000 0.00000 0.00000 0.00000 1.00000 0.00000 0.00000 1.00000 -0.00000 -1.00000 0.00000 0.00000 -1.00000 0.00000 0.00000 0.00000 0.00000 -1.00000 0.00000 0.00000 -1.00000 0.00000 0.00000 1.00000 0.00000 0.00000 1.00000 0.00000 -1.00000 0.00000 0.00000 -1.00000 0.00000 1.00000 0.00000 0.00000 1.00000 0.00000 0.00000 0.00000 1.00000 0.00000 0.00000 1.00000 -0.00000 -1.00000 0.00000 0.00000 -1.00000 0.00000 0.00000 0.00000 0.00000 -1.00000 0.00000 0.00000 -1.00000 0.00000 0.00000 1.00000 0.00000 0.00000 1.00000 0.00000 -1.00000 0.00000 0.00000 -1.00000 0.00000 1.00000 0.00000 0.00000 1.00000 0.00000 0.00000 0.00000 1.00000 0.00000 0.00000 1.00000 -0.00000 -1.00000 0.00000 0.00000 -1.00000 0.00000 0.00000 0.00000 0.00000 -1.00000 0.00000 0.00000 -1.00000 0.00000 0.00000 1.00000 0.00000 0.00000 1.00000 0.00000 -1.00000 0.00000 0.00000 -1.00000 0.00000 1.00000 0.00000 0.00000 1.00000 0.00000 0.00000 0.00000 1.00000 0.00000 0.00000 1.00000 -0.00000 -1.00000 0.00000 0.00000 -1.00000 0.00000 0.00000 0.00000 0.00000 -1.00000 0.00000 0.00000 -1.00000 0.00000 0.00000 1.00000 0.00000 0.00000 1.00000 0.00000 -1.00000 0.00000 0.00000 -1.00000 0.00000 1.00000 0.00000 0.00000 1.00000 0.00000 0.00000 0.00000 1.00000 0.00000 0.00000 1.00000 -0.00000 -1.00000 0.00000 0.00000 -1.00000 0.00000 0.00000 0.00000 0.00000 -1.00000 0.00000 0.00000 -1.00000 0.00000 0.00000 1.00000 0.00000 0.00000 1.00000 0.00000 -1.00000 0.00000 0.00000 -1.00000 0.00000 1.00000 0.00000 0.00000 1.00000 0.00000 0.00000 0.00000 1.00000 0.00000 0.00000 1.00000 -0.00000 -1.00000 0.00000 0.00000 -1.00000 0.00000 0.00000 0.00000 0.00000 -1.00000 0.00000 0.00000 -1.00000 0.00000 0.00000 1.00000 0.00000 0.00000 1.00000 0.00000 -1.00000 0.00000 0.00000 -1.00000 0.00000 1.00000 0.00000 0.00000 1.00000 0.00000 0.00000 0.00000 1.00000 0.00000 0.00000 1.00000 -0.00000 -1.00000 0.00000 0.00000 -1.00000 0.00000 0.00000 0.00000 0.00000 -1.00000 0.00000 0.00000 -1.00000 0.00000 0.00000 1.00000 0.00000 0.00000 1.00000 0.00000 -1.00000 0.00000 0.00000 -1.00000 0.00000 1.00000 0.00000 0.00000 1.00000 0.00000 0.00000 0.00000 1.00000 0.00000 0.00000 1.00000 -0.00000 -1.00000 0.00000 0.00000 -1.00000 0.00000 0.00000 0.00000 0.00000 -1.00000 0.00000 0.00000 -1.00000 0.00000 0.00000 1.00000 0.00000 0.00000 1.00000 0.00000 -1.00000 0.00000 0.00000 -1.00000 0.00000 1.00000 0.00000 0.00000 1.00000 0.00000 0.00000 0.00000 1.00000 0.00000 0.00000 1.00000 -0.00000 -1.00000 0.00000 0.00000 -1.00000 0.00000 0.00000 0.00000 0.00000 -1.00000 0.00000 0.00000 -1.00000 0.00000 0.00000 1.00000 0.00000 0.00000 1.00000 0.00000 -1.00000 0.00000 0.00000 -1.00000 0.00000 1.00000 0.00000 0.00000 1.00000 0.00000 0.00000 0.00000 1.00000 0.00000 0.00000 1.00000 -0.00000 -1.00000 0.00000 0.00000 -1.00000 0.00000 0.00000 0.00000 0.00000 -1.00000 0.00000 0.00000 -1.00000 0.00000 0.00000 1.00000 0.00000 0.00000 1.00000 0.00000 -1.00000 0.00000 0.00000 -1.00000 0.00000 1.00000 0.00000 0.00000 1.00000 0.00000 0.00000 0.00000 1.00000 0.00000 0.00000 1.00000 -0.00000 -1.00000 0.00000 0.00000 -1.00000 0.00000 0.00000 0.00000 0.00000 -1.00000 0.00000 0.00000 -1.00000 0.00000 0.00000 1.00000 0.00000 0.00000 1.00000 0.00000 -1.00000 0.00000 0.00000 -1.00000 0.00000 1.00000 0.00000 0.00000 1.00000 0.00000 0.00000 0.00000 1.00000 0.00000 0.00000 1.00000 -0.00000 -1.00000 0.00000 0.00000 -1.00000 0.00000 0.00000 0.00000 0.00000 -1.00000 0.00000 0.00000 -1.00000 0.00000 0.00000 1.00000 0.00000 0.00000 1.00000 0.00000 -1.00000 0.00000 0.00000 -1.00000 0.00000 1.00000 0.00000 0.00000 1.00000 0.00000 0.00000 0.00000 1.00000 0.00000 0.00000 1.00000 -0.00000 -1.00000 0.00000 0.00000 -1.00000 0.00000 0.00000 0.00000 0.00000 -1.00000 0.00000 0.00000 -1.00000 0.00000 0.00000 1.00000 0.00000 0.00000 1.00000 0.00000 -1.00000 0.00000 0.00000 -1.00000 0.00000 1.00000 0.00000 0.00000 1.00000 0.00000 0.00000 0.00000 1.00000 0.00000 0.00000 1.00000 -0.00000 -1.00000 0.00000 0.00000 -1.00000 0.00000 0.00000 0.00000 0.00000 -1.00000 0.00000 0.00000 -1.00000 0.00000 0.00000 1.00000 0.00000 0.00000 1.00000 0.00000 -1.00000 0.00000 0.00000 -1.00000 0.00000 1.00000 0.00000 0.00000 1.00000 0.00000 0.00000 0.00000 1.00000 0.00000 0.00000 1.00000 -0.00000 -1.00000 0.00000 0.00000 -1.00000 0.00000 0.00000 0.00000 0.00000 -1.00000 0.00000 0.00000 -1.00000 0.00000 0.00000 1.00000 0.00000 0.00000 1.00000 0.00000 -1.00000 0.00000 0.00000 -1.00000 0.00000 1.00000 0.00000 0.00000 1.00000 0.00000 0.00000 0.00000 1.00000 0.00000 0.00000 1.00000 -0.00000 -1.00000 0.00000 0.00000 -1.00000 0.00000 0.00000 0.00000 0.00000 -1.00000 0.00000 0.00000 -1.00000 0.00000 0.00000 1.00000 0.00000 0.00000 1.00000 0.00000 -1.00000 0.00000 0.00000 -1.00000 0.00000 1.00000 0.00000 0.00000 1.00000 0.00000 0.00000 0.00000 1.00000 0.00000 0.00000 1.00000 -0.00000 -1.00000 0.00000 0.00000 -1.00000 0.00000 0.00000 0.00000 0.00000 -1.00000 0.00000 0.00000 -1.00000 0.00000 0.00000 1.00000 0.00000 0.00000 1.00000 0.00000 -1.00000 0.00000 0.00000 -1.00000 0.00000 1.00000 0.00000 0.00000 1.00000 0.00000 0.00000 0.00000 1.00000 0.00000 0.00000 1.00000 -0.00000 -1.00000 0.00000 0.00000 -1.00000 0.00000 0.00000 0.00000 0.00000 -1.00000 0.00000 0.00000 -1.00000 0.00000 0.00000 1.00000 0.00000 0.00000 1.00000 0.00000 -1.00000 0.00000 0.00000 -1.00000 0.00000 1.00000 0.00000 0.00000 1.00000 0.00000 0.00000 0.00000 1.00000 0.00000 0.00000 1.00000 -0.00000 -1.00000 0.00000 0.00000 -1.00000 0.00000 0.00000 0.00000 0.00000 -1.00000 0.00000 0.00000 -1.00000 0.00000 0.00000 1.00000 0.00000 0.00000 1.00000 0.00000 -1.00000 0.00000 0.00000 -1.00000 0.00000 1.00000 0.00000 0.00000 1.00000 0.00000 0.00000 0.00000 1.00000 0.00000 0.00000 1.00000 -0.00000 -1.00000 0.00000 0.00000 -1.00000 0.00000 0.00000 0.00000 0.00000 -1.00000 0.00000 0.00000 -1.00000 0.00000 0.00000 1.00000 0.00000 0.00000 1.00000 0.00000 -1.00000 0.00000 0.00000 -1.00000 0.00000 1.00000 0.00000 0.00000 1.00000 0.00000 0.00000 0.00000 1.00000 0.00000 0.00000 1.00000 -0.00000 -1.00000 0.00000 0.00000 -1.00000 0.00000 0.00000 0.00000 0.00000 -1.00000 0.00000 0.00000 -1.00000 0.00000 0.00000 1.00000 0.00000 0.00000 1.00000 0.00000 -1.00000 0.00000 0.00000 -1.00000 0.00000 1.00000 0.00000 0.00000 1.00000 0.00000 0.00000 0.00000 1.00000 0.00000 0.00000 1.00000 -0.00000 -1.00000 0.00000 0.00000 -1.00000 0.00000 0.00000 0.00000 0.00000 -1.00000 0.00000 0.00000 -1.00000 0.00000 0.00000 1.00000 0.00000 0.00000 1.00000 0.00000 -1.00000 0.00000 0.00000 -1.00000 0.00000 1.00000 0.00000 0.00000 1.00000 0.00000 0.00000 0.00000 1.00000 0.00000 0.00000 1.00000 -0.00000 -1.00000 0.00000 0.00000 -1.00000 0.00000 0.00000 0.00000 0.00000 -1.00000 0.00000 0.00000 -1.00000 0.00000 0.00000 1.00000 0.00000 0.00000 1.00000 0.00000 -1.00000 0.00000 0.00000 -1.00000 0.00000 1.00000 0.00000 0.00000 1.00000 0.00000 0.00000 0.00000 1.00000 0.00000 0.00000 1.00000 -0.00000 -1.00000 0.00000 0.00000 -1.00000 0.00000 0.00000 0.00000 0.00000 -1.00000 0.00000 0.00000 -1.00000 0.00000 0.00000 1.00000 0.00000 0.00000 1.00000 0.00000 -1.00000 0.00000 0.00000 -1.00000 0.00000 1.00000 0.00000 0.00000 1.00000 0.00000 0.00000 0.00000 1.00000 0.00000 0.00000 1.00000 -0.00000 -1.00000 0.00000 0.00000 -1.00000 0.00000 0.00000 0.00000 0.00000 -1.00000 0.00000 0.00000 -1.00000 0.00000 0.00000 1.00000 0.00000 0.00000 1.00000 0.00000 -1.00000 0.00000 0.00000 -1.00000 0.00000 1.00000 0.00000 0.00000 1.00000 0.00000 0.00000 0.00000 1.00000 0.00000 0.00000 1.00000 -0.00000 -1.00000 0.00000 0.00000 -1.00000 0.00000 0.00000 0.00000 0.00000 -1.00000 0.00000 0.00000 -1.00000 0.00000 0.00000 1.00000 0.00000 0.00000 1.00000 0.00000 -1.00000 0.00000 0.00000 -1.00000 0.00000 1.00000 0.00000 0.00000 1.00000 0.00000 0.00000 0.00000 1.00000 0.00000 0.00000 1.00000 -0.00000 -1.00000 0.00000 0.00000 -1.00000 0.00000 0.00000 0.00000 0.00000 -1.00000 0.00000 0.00000 -1.00000 0.00000 0.00000 1.00000 0.00000 0.00000 1.00000 0.00000 -1.00000 0.00000 0.00000 -1.00000 0.00000 1.00000 0.00000 0.00000 1.00000 0.00000 0.00000 0.00000 1.00000 0.00000 0.00000 1.00000 -0.00000 -1.00000 0.00000 0.00000 -1.00000 0.00000 0.00000 0.00000 0.00000 -1.00000 0.00000 0.00000 -1.00000 0.00000 0.00000 1.00000 0.00000 0.00000 1.00000 0.00000 -1.00000 0.00000 0.00000 -1.00000 0.00000 1.00000 0.00000 0.00000 1.00000 0.00000 0.00000 0.00000 1.00000 0.00000 0.00000 1.00000 -0.00000 -1.00000 0.00000 0.00000 -1.00000 0.00000 0.00000 0.00000 0.00000 -1.00000 0.00000 0.00000 -1.00000 0.00000 0.00000 1.00000 0.00000 0.00000 1.00000 0.00000 -1.00000 0.00000 0.00000 -1.00000 0.00000 1.00000 0.00000 0.00000 1.00000 0.00000 0.00000 0.00000 1.00000 0.00000 0.00000 1.00000 -0.00000 -1.00000 0.00000 0.00000 -1.00000 0.00000 0.00000 0.96593 0.25882 0.00000 0.96593 0.25882 -0.00000 0.00000 0.00000 -1.00000 0.00000 0.00000 1.00000 0.70711 0.70711 0.00000 0.70711 0.70711 -0.00000 0.00000 0.00000 -1.00000 0.00000 0.00000 1.00000 0.25882 0.96593 0.00000 0.25882 0.96593 -0.00000 0.00000 0.00000 -1.00000 0.00000 0.00000 1.00000 -0.25882 0.96593 0.00000 -0.25882 0.96593 0.00000 0.00000 0.00000 -1.00000 0.00000 -0.00000 1.00000 -0.70711 0.70711 0.00000 -0.70711 0.70711 0.00000 0.00000 0.00000 -1.00000 0.00000 0.00000 1.00000 -0.96593 0.25882 0.00000 -0.96593 0.25882 0.00000 0.00000 0.00000 -1.00000 0.00000 0.00000 1.00000 -0.96593 -0.25882 0.00000 -0.96593 -0.25882 0.00000 -0.00000 0.00000 -1.00000 0.00000 0.00000 1.00000 -0.70711 -0.70711 0.00000 -0.70711 -0.70711 0.00000 0.00000 0.00000 -1.00000 0.00000 0.00000 1.00000 -0.25882 -0.96593 0.00000 -0.25882 -0.96593 0.00000 0.00000 -0.00000 -1.00000 0.00000 0.00000 1.00000 0.25882 -0.96593 0.00000 0.25882 -0.96593 0.00000 0.00000 0.00000 -1.00000 0.00000 0.00000 1.00000 0.70711 -0.70711 0.00000 0.70711 -0.70711 0.00000 0.00000 0.00000 -1.00000 0.00000 0.00000 1.00000 0.96593 -0.25882 0.00000 0.96593 -0.25882 0.00000 0.00000 0.00000 -1.00000 -0.00000 0.00000 1.00000 0.96593 0.25882 0.00000 0.96593 0.25882 -0.00000 0.00000 0.00000 -1.00000 0.00000 0.00000 1.00000 0.70711 0.70711 0.00000 0.70711 0.70711 -0.00000 0.00000 0.00000 -1.00000 0.00000 0.00000 1.00000 0.25882 0.96593 0.00000 0.25882 0.96593 -0.00000 0.00000 0.00000 -1.00000 0.00000 0.00000 1.00000 -0.25882 0.96593 0.00000 -0.25882 0.96593 0.00000 0.00000 0.00000 -1.00000 0.00000 -0.00000 1.00000 -0.70711 0.70711 0.00000 -0.70711 0.70711 0.00000 0.00000 0.00000 -1.00000 0.00000 0.00000 1.00000 -0.96593 0.25882 0.00000 -0.96593 0.25882 0.00000 0.00000 0.00000 -1.00000 0.00000 0.00000 1.00000 -0.96593 -0.25882 0.00000 -0.96593 -0.25882 0.00000 -0.00000 0.00000 -1.00000 0.00000 0.00000 1.00000 -0.70711 -0.70711 0.00000 -0.70711 -0.70711 0.00000 0.00000 0.00000 -1.00000 0.00000 0.00000 1.00000 -0.25882 -0.96593 0.00000 -0.25882 -0.96593 0.00000 0.00000 -0.00000 -1.00000 0.00000 0.00000 1.00000 0.25882 -0.96593 0.00000 0.25882 -0.96593 0.00000 0.00000 0.00000 -1.00000 0.00000 0.00000 1.00000 0.70711 -0.70711 0.00000 0.70711 -0.70711 0.00000 0.00000 0.00000 -1.00000 0.00000 0.00000 1.00000 0.96593 -0.25882 0.00000 0.96593 -0.25882 0.00000 0.00000 0.00000 -1.00000 -0.00000 0.00000 1.00000 0.96593 0.25882 0.00000 0.96593 0.25882 -0.00000 0.00000 0.00000 -1.00000 0.00000 0.00000 1.00000 0.70711 0.70711 0.00000 0.70711 0.70711 -0.00000 0.00000 0.00000 -1.00000 0.00000 0.00000 1.00000 0.25882 0.96593 0.00000 0.25882 0.96593 -0.00000 0.00000 0.00000 -1.00000 0.00000 0.00000 1.00000 -0.25882 0.96593 0.00000 -0.25882 0.96593 0.00000 0.00000 0.00000 -1.00000 0.00000 -0.00000 1.00000 -0.70711 0.70711 0.00000 -0.70711 0.70711 0.00000 0.00000 0.00000 -1.00000 0.00000 0.00000 1.00000 -0.96593 0.25882 0.00000 -0.96593 0.25882 0.00000 0.00000 0.00000 -1.00000 0.00000 0.00000 1.00000 -0.96593 -0.25882 0.00000 -0.96593 -0.25882 0.00000 -0.00000 0.00000 -1.00000 0.00000 0.00000 1.00000 -0.70711 -0.70711 0.00000 -0.70711 -0.70711 0.00000 0.00000 0.00000 -1.00000 0.00000 0.00000 1.00000 -0.25882 -0.96593 0.00000 -0.25882 -0.96593 0.00000 0.00000 -0.00000 -1.00000 0.00000 0.00000 1.00000 0.25882 -0.96593 0.00000 0.25882 -0.96593 0.00000 0.00000 0.00000 -1.00000 0.00000 0.00000 1.00000 0.70711 -0.70711 0.00000 0.70711 -0.70711 0.00000 0.00000 0.00000 -1.00000 0.00000 0.00000 1.00000 0.96593 -0.25882 0.00000 0.96593 -0.25882 0.00000 0.00000 0.00000 -1.00000 -0.00000 0.00000 1.00000 0.96593 0.25882 0.00000 0.96593 0.25882 -0.00000 0.00000 0.00000 -1.00000 0.00000 0.00000 1.00000 0.70711 0.70711 0.00000 0.70711 0.70711 -0.00000 0.00000 0.00000 -1.00000 0.00000 0.00000 1.00000 0.25882 0.96593 0.00000 0.25882 0.96593 -0.00000 0.00000 0.00000 -1.00000 0.00000 0.00000 1.00000 -0.25882 0.96593 0.00000 -0.25882 0.96593 0.00000 0.00000 0.00000 -1.00000 0.00000 -0.00000 1.00000 -0.70711 0.70711 0.00000 -0.70711 0.70711 0.00000 0.00000 0.00000 -1.00000 0.00000 0.00000 1.00000 -0.96593 0.25882 0.00000 -0.96593 0.25882 0.00000 0.00000 0.00000 -1.00000 0.00000 0.00000 1.00000 -0.96593 -0.25882 0.00000 -0.96593 -0.25882 0.00000 -0.00000 0.00000 -1.00000 0.00000 0.00000 1.00000 -0.70711 -0.70711 0.00000 -0.70711 -0.70711 0.00000 0.00000 0.00000 -1.00000 0.00000 0.00000 1.00000 -0.25882 -0.96593 0.00000 -0.25882 -0.96593 0.00000 0.00000 -0.00000 -1.00000 0.00000 0.00000 1.00000 0.25882 -0.96593 0.00000 0.25882 -0.96593 0.00000 0.00000 0.00000 -1.00000 0.00000 0.00000 1.00000 0.70711 -0.70711 0.00000 0.70711 -0.70711 0.00000 0.00000 0.00000 -1.00000 0.00000 0.00000 1.00000 0.96593 -0.25882 0.00000 0.96593 -0.25882 0.00000 0.00000 0.00000 -1.00000 -0.00000 0.00000 1.00000 0.99880 0.04907 0.00000 0.99880 0.04907 -0.00000 0.00000 0.00000 -1.00000 0.00000 0.00000 1.00000 0.98918 0.14673 0.00000 0.98918 0.14673 -0.00000 0.00000 0.00000 -1.00000 0.00000 0.00000 1.00000 0.97003 0.24298 0.00000 0.97003 0.24298 -0.00000 0.00000 0.00000 -1.00000 0.00000 0.00000 1.00000 0.94154 0.33689 0.00000 0.94154 0.33689 -0.00000 0.00000 0.00000 -1.00000 0.00000 0.00000 1.00000 0.90399 0.42756 0.00000 0.90399 0.42756 -0.00000 0.00000 0.00000 -1.00000 0.00000 0.00000 1.00000 0.85773 0.51410 0.00000 0.85773 0.51410 -0.00000 0.00000 0.00000 -1.00000 0.00000 0.00000 1.00000 0.80321 0.59570 0.00000 0.80321 0.59570 -0.00000 0.00000 0.00000 -1.00000 0.00000 0.00000 1.00000 0.74095 0.67156 0.00000 0.74095 0.67156 -0.00000 0.00000 0.00000 -1.00000 0.00000 0.00000 1.00000 0.67156 0.74095 0.00000 0.67156 0.74095 -0.00000 0.00000 0.00000 -1.00000 0.00000 0.00000 1.00000 0.59570 0.80321 0.00000 0.59570 0.80321 -0.00000 0.00000 0.00000 -1.00000 0.00000 0.00000 1.00000 0.51410 0.85773 0.00000 0.51410 0.85773 -0.00000 0.00000 0.00000 -1.00000 0.00000 0.00000 1.00000 0.42756 0.90399 0.00000 0.42756 0.90399 -0.00000 0.00000 0.00000 -1.00000 0.00000 0.00000 1.00000 0.33689 0.94154 0.00000 0.33689 0.94154 -0.00000 0.00000 0.00000 -1.00000 0.00000 0.00000 1.00000 0.24298 0.97003 0.00000 0.24298 0.97003 -0.00000 0.00000 0.00000 -1.00000 0.00000 0.00000 1.00000 0.14673 0.98918 0.00000 0.14673 0.98918 -0.00000 0.00000 0.00000 -1.00000 0.00000 0.00000 1.00000 0.04907 0.99880 0.00000 0.04907 0.99880 -0.00000 0.00000 0.00000 -1.00000 0.00000 0.00000 1.00000 -0.04907 0.99880 0.00000 -0.04907 0.99880 0.00000 0.00000 0.00000 -1.00000 0.00000 -0.00000 1.00000 -0.14673 0.98918 0.00000 -0.14673 0.98918 0.00000 0.00000 0.00000 -1.00000 0.00000 0.00000 1.00000 -0.24298 0.97003 0.00000 -0.24298 0.97003 0.00000 0.00000 0.00000 -1.00000 0.00000 0.00000 1.00000 -0.33689 0.94154 0.00000 -0.33689 0.94154 0.00000 0.00000 0.00000 -1.00000 0.00000 0.00000 1.00000 -0.42756 0.90399 0.00000 -0.42756 0.90399 0.00000 0.00000 0.00000 -1.00000 0.00000 0.00000 1.00000 -0.51410 0.85773 0.00000 -0.51410 0.85773 0.00000 0.00000 0.00000 -1.00000 0.00000 0.00000 1.00000 -0.59570 0.80321 0.00000 -0.59570 0.80321 0.00000 0.00000 0.00000 -1.00000 0.00000 0.00000 1.00000 -0.67156 0.74095 0.00000 -0.67156 0.74095 0.00000 0.00000 0.00000 -1.00000 0.00000 0.00000 1.00000 -0.74095 0.67156 0.00000 -0.74095 0.67156 0.00000 0.00000 0.00000 -1.00000 0.00000 0.00000 1.00000 -0.80321 0.59570 0.00000 -0.80321 0.59570 0.00000 0.00000 0.00000 -1.00000 0.00000 0.00000 1.00000 -0.85773 0.51410 0.00000 -0.85773 0.51410 0.00000 0.00000 0.00000 -1.00000 0.00000 0.00000 1.00000 -0.90399 0.42756 0.00000 -0.90399 0.42756 0.00000 0.00000 0.00000 -1.00000 0.00000 0.00000 1.00000 -0.94154 0.33689 0.00000 -0.94154 0.33689 0.00000 0.00000 0.00000 -1.00000 0.00000 0.00000 1.00000 -0.97003 0.24298 0.00000 -0.97003 0.24298 0.00000 0.00000 0.00000 -1.00000 0.00000 0.00000 1.00000 -0.98918 0.14673 0.00000 -0.98918 0.14673 0.00000 0.00000 0.00000 -1.00000 0.00000 0.00000 1.00000 -0.99880 0.04907 0.00000 -0.99880 0.04907 0.00000 0.00000 0.00000 -1.00000 0.00000 0.00000 1.00000 -0.99880 -0.04907 0.00000 -0.99880 -0.04907 0.00000 -0.00000 0.00000 -1.00000 0.00000 0.00000 1.00000 -0.98918 -0.14673 0.00000 -0.98918 -0.14673 0.00000 0.00000 0.00000 -1.00000 0.00000 0.00000 1.00000 -0.97003 -0.24298 0.00000 -0.97003 -0.24298 0.00000 0.00000 0.00000 -1.00000 0.00000 0.00000 1.00000 -0.94154 -0.33689 0.00000 -0.94154 -0.33689 0.00000 0.00000 0.00000 -1.00000 0.00000 0.00000 1.00000 -0.90399 -0.42756 0.00000 -0.90399 -0.42756 0.00000 0.00000 0.00000 -1.00000 0.00000 0.00000 1.00000 -0.85773 -0.51410 0.00000 -0.85773 -0.51410 0.00000 0.00000 0.00000 -1.00000 0.00000 0.00000 1.00000 -0.80321 -0.59570 0.00000 -0.80321 -0.59570 0.00000 0.00000 0.00000 -1.00000 0.00000 0.00000 1.00000 -0.74095 -0.67156 0.00000 -0.74095 -0.67156 0.00000 0.00000 0.00000 -1.00000 0.00000 0.00000 1.00000 -0.67156 -0.74095 0.00000 -0.67156 -0.74095 0.00000 0.00000 0.00000 -1.00000 0.00000 0.00000 1.00000 -0.59570 -0.80321 0.00000 -0.59570 -0.80321 0.00000 0.00000 0.00000 -1.00000 0.00000 0.00000 1.00000 -0.51410 -0.85773 0.00000 -0.51410 -0.85773 0.00000 0.00000 0.00000 -1.00000 0.00000 0.00000 1.00000 -0.42756 -0.90399 0.00000 -0.42756 -0.90399 0.00000 0.00000 0.00000 -1.00000 0.00000 0.00000 1.00000 -0.33689 -0.94154 0.00000 -0.33689 -0.94154 0.00000 0.00000 0.00000 -1.00000 0.00000 0.00000 1.00000 -0.24298 -0.97003 0.00000 -0.24298 -0.97003 0.00000 0.00000 0.00000 -1.00000 0.00000 0.00000 1.00000 -0.14673 -0.98918 0.00000 -0.14673 -0.98918 0.00000 0.00000 0.00000 -1.00000 0.00000 0.00000 1.00000 -0.04907 -0.99880 0.00000 -0.04907 -0.99880 0.00000 0.00000 -0.00000 -1.00000 0.00000 0.00000 1.00000 0.04907 -0.99880 0.00000 0.04907 -0.99880 0.00000 0.00000 0.00000 -1.00000 0.00000 0.00000 1.00000 0.14673 -0.98918 0.00000 0.14673 -0.98918 0.00000 0.00000 0.00000 -1.00000 0.00000 0.00000 1.00000 0.24298 -0.97003 0.00000 0.24298 -0.97003 0.00000 0.00000 0.00000 -1.00000 0.00000 0.00000 1.00000 0.33689 -0.94154 0.00000 0.33689 -0.94154 0.00000 0.00000 0.00000 -1.00000 0.00000 0.00000 1.00000 0.42756 -0.90399 0.00000 0.42756 -0.90399 0.00000 0.00000 0.00000 -1.00000 0.00000 0.00000 1.00000 0.51410 -0.85773 0.00000 0.51410 -0.85773 0.00000 0.00000 0.00000 -1.00000 0.00000 0.00000 1.00000 0.59570 -0.80321 0.00000 0.59570 -0.80321 0.00000 0.00000 0.00000 -1.00000 0.00000 0.00000 1.00000 0.67156 -0.74095 0.00000 0.67156 -0.74095 0.00000 0.00000 0.00000 -1.00000 0.00000 0.00000 1.00000 0.74095 -0.67156 0.00000 0.74095 -0.67156 0.00000 0.00000 0.00000 -1.00000 0.00000 0.00000 1.00000 0.80321 -0.59570 0.00000 0.80321 -0.59570 0.00000 0.00000 0.00000 -1.00000 0.00000 0.00000 1.00000 0.85773 -0.51410 0.00000 0.85773 -0.51410 0.00000 0.00000 0.00000 -1.00000 0.00000 0.00000 1.00000 0.90399 -0.42756 0.00000 0.90399 -0.42756 0.00000 0.00000 0.00000 -1.00000 0.00000 0.00000 1.00000 0.94154 -0.33689 0.00000 0.94154 -0.33689 0.00000 0.00000 0.00000 -1.00000 0.00000 0.00000 1.00000 0.97003 -0.24298 0.00000 0.97003 -0.24298 0.00000 0.00000 0.00000 -1.00000 0.00000 0.00000 1.00000 0.98918 -0.14673 0.00000 0.98918 -0.14673 0.00000 0.00000 0.00000 -1.00000 0.00000 0.00000 1.00000 0.99880 -0.04907 0.00000 0.99880 -0.04907 0.00000 0.00000 0.00000 -1.00000 -0.00000 0.00000 1.00000</float_array><technique_common><accessor source="#normals-array" count="5092" stride="3"><param name="X" type="float"/><param name="Y" type="float"/><param name="Z" type="float"/></accessor></technique_common></source>
<vertices id="vertices"><input semantic="POSITION" source="#positions"/></vertices><triangles count="5092"><input semantic="VERTEX" source="#vertices" offset="0"/><input semantic="NORMAL" source="#normals" offset="1"/><p>0 0 2 0 1 0 0 1 3 1 2 1 4 2 5 2 6 2 4 3 6 3 7 3 0 4 1 4 5 4 0 5 5 5 4 5 1 6 2 6 6 6 1 7 6 7 5 7 2 8 3 8 7 8 2 9 7 9 6 9 3 10 0 10 4 10 3 11 4 11 7 11 8 12 10 12 9 12 8 13 11 13 10 13 12 14 13 14 14 14 12 15 14 15 15 15 8 16 9 16 13 16 8 17 13 17 12 17 9 18 10 18 14 18 9 19 14 19 13 19 10 20 11 20 15 20 10 21 15 21 14 21 11 22 8 22 12 22 11 23 12 23 15 23 16 24 18 24 17 24 16 25 19 25 18 25 20 26 21 26 22 26 20 27 22 27 23 27 16 28 17 28 21 28 16 29 21 29 20 29 17 30 18 30 22 30 17 31 22 31 21 31 18 32 19 32 23 32 18 33 23 33 22 33 19 34 16 34 20 34 19 35 20 35 23 35 24 36 26 36 25 36 24 37 27 37 26 37 28 38 29 38 30 38 28 39 30 39 31 39 24 40 25 40 29 40 24 41 29 41 28 41 25 42 26 42 30 42 25 43 30 43 29 43 26 44 27 44 31 44 26 45 31 45 30 45 27 46 24 46 28 46 27 47 28 47 31 47 32 48 34 48 33 48 32 49 35 49 34 49 36 50 37 50 38 50 36 51 38 51 39 51 32 52 33 52 37 52 32 53 37 53 36 53 33 54 34 54 38 54 33 55 38 55 37 55 34 56 35 56 39 56 34 57 39 57 38 57 35 58 32 58 36 58 35 59 36 59 39 59 40 60 42 60 41 60 40 61 43 61 42 61 44 62 45 62 46 62 44 63 46 63 47 63 40 64 41 64 45 64 40 65 45 65 44 65 41 66 42 66 46 66 41 67 46 67 45 67 42 68 43 68 47 68 42 69 47 69 46 69 43 70 40 70 44 70 43 71 44 71 47 71 48 72 50 72 49 72 48 73 51 73 50 73 52 74 53 74 54 74 52 75 54 75 55 75 48 76 49 76 53 76 48 77 53 77 52 77 49 78 50 78 54 78 49 79 54 79 53 79 50 80 51 80 55 80 50 81 55 81 54 81 51 82 48 82 52 82 51 83 52 83 55 83 56 84 58 84 57 84 56 85 59 85 58 85 60 86 61 86 62 86 60 87 62 87 63 87 56 88 57 88 61 88 56 89 61 89 60 89 57 90 58 90 62 90 57 91 62 91 61 91 58 92 59 92 63 92 58 93 63 93 62 93 59 94 56 94 60 94 59 95 60 95 63 95 64 96 66 96 65 96 64 97 67 97 66 97 68 98 69 98 70 98 68 99 70 99 71 99 64 100 65 100 69 100 64 101 69 101 68 101 65 102 66 102 70 102 65 103 70 103 69 103 66 104 67 104 71 104 66 105 71 105 70 105 67 106 64 106 68 106 67 107 68 107 71 107 72 108 74 108 73 108 72 109 75 109 74 109 76 110 77 110 78 110 76 111 78 111 79 111 72 112 73 112 77 112 72 113 77 113 76 113 73 114 74 114 78 114 73 115 78 115 77 115 74 116 75 116 79 116 74 117 79 117 78 117 75 118 72 118 76 118 75 119 76 119 79 119 80 120 82 120 81 120 80 121 83 121 82 121 84 122 85 122 86 122 84 123 86 123 87 123 80 124 81 124 85 124 80 125 85 125 84 125 81 126 82 126 86 126 81 127 86 127 85 127 82 128 83 128 87 128 82 129 87 129 86 129 83 130 80 130 84 130 83 131 84 131 87 131 88 132 90 132 89 132 88 133 91 133 90 133 92 134 93 134 94 134 92 135 94 135 95 135 88 136 89 136 93 136 88 137 93 137 92 137 89 138 90 138 94 138 89 139 94 139 93 139 90 140 91 140 95 140 90 141 95 141 94 141 91 142 88 142 92 142 91 143 92 143 95 143 96 144 98 144 97 144 96 145 99 145 98 145 100 146 101 146 102 146 100 147 102 147 103 147 96 148 97 148 101 148 96 149 101 149 100 149 97 150 98 150 102 150 97 151 102 151 101 151 98 152 99 152 103 152 98 153 103 153 102 153 99 154 96 154 100 154 99 155 100 155 103 155 104 156 106 156 105 156 104 157 107 157 106 157 108 158 109 158 110 158 108 159 110 159 111 159 104 160 105 160 109 160 104 161 109 161 108 161 105 162 106 162 110 162 105 163 110 163 109 163 106 164 107 164 111 164 106 165 111 165 110 165 107 166 104 166 108 166 107 167 108 167 111 167 112 168 114 168 113 168 112 169 115 169 114 169 116 170 117 170 118 170 116 171 118 171 119 171 112 172 113 172 117 172 112 173 117 173 116 173 113 174 114 174 118 174 113 175 118 175 117 175 114 176 115 176 119 176 114 177 119 177 118 177 115 178 112 178 116 178 115 179 116 179 119 179 120 180 122 180 121 180 120 181 123 181 122 181 124 182 125 182 126 182 124 183 126 183 127 183 120 184 121 184 125 184 120 185 125 185 124 185 121 186 122 186 126 186 121 187 126 187 125 187 122 188 123 188 127 188 122 189 127 189 126 189 123 190 120 190 124 190 123 191 124 191 127 191 128 192 130 192 129 192 128 193 131 193 130 193 132 194 133 194 134 194 132 195 134 195 135 195 128 196 129 196 133 196 128 197 133 197 132 197 129 198 130 198 134 198 129 199 134 199 133 199 130 200 131 200 135 200 130 201 135 201 134 201 131 202 128 202 132 202 131 203 132 203 135 203 136 204 138 204 137 204 136 205 139 205 138 205 140 206 141 206 142 206 140 207 142 207 143 207 136 208 137 208 141 208 136 209 141 209 140 209 137 210 138 210 142 210 137 211 142 211 141 211 138 212 139 212 143 212 138 213 143 213 142 213 139 214 136 214 140 214 139 215 140 215 143 215 144 216 146 216 145 216 144 217 147 217 146 217 148 218 149 218 150 218 148 219 150 219 151 219 144 220 145 220 149 220 144 221 149 221 148 221 145 222 146 222 150 222 145 223 150 223 149 223 146 224 147 224 151 224 146 225 151 225 150 225 147 226 144 226 148 226 147 227 148 227 151 227 152 228 154 228 153 228 152 229 155 229 154 229 156 230 157 230 158 230 156 231 158 231 159 231 152 232 153 232 157 232 152 233 157 233 156 233 153 234 154 234 158 234 153 235 158 235 157 235 154 236 155 236 159 236 154 237 159 237 158 237 155 238 152 238 156 238 155 239 156 239 159 239 160 240 162 240 161 240 160 241 163 241 162 241 164 242 165 242 166 242 164 243 166 243 167 243 160 244 161 244 165 244 160 245 165 245 164 245 161 246 162 246 166 246 161 247 166 247 165 247 162 248 163 248 167 248 162 249 167 249 166 249 163 250 160 250 164 250 163 251 164 251 167 251 168 252 170 252 169 252 168 253 171 253 170 253 172 254 173 254 174 254 172 255 174 255 175 255 168 256 169 256 173 256 168 257 173 257 172 257 169 258 170 258 174 258 169 259 174 259 173 259 170 260 171 260 175 260 170 261 175 261 174 261 171 262 168 262 172 262 171 263 172 263 175 263 176 264 178 264 177 264 176 265 179 265 178 265 180 266 181 266 182 266 180 267 182 267 183 267 176 268 177 268 181 268 176 269 181 269 180 269 177 270 178 270 182 270 177 271 182 271 181 271 178 272 179 272 183 272 178 273 183 273 182 273 179 274 176 274 180 274 179 275 180 275 183 275 184 276 186 276 185 276 184 277 187 277 186 277 188 278 189 278 190 278 188 279 190 279 191 279 184 280 185 280 189 280 184 281 189 281 188 281 185 282 186 282 190 282 185 283 190 283 189 283 186 284 187 284 191 284 186 285 191 285 190 285 187 286 184 286 188 286 187 287 188 287 191 287 192 288 194 288 193 288 192 289 195 289 194 289 196 290 197 290 198 290 196 291 198 291 199 291 192 292 193 292 197 292 192 293 197 293 196 293 193 294 194 294 198 294 193 295 198 295 197 295 194 296 195 296 199 296 194 297 199 297 198 297 195 298 192 298 196 298 195 299 196 299 199 299 200 300 202 300 201 300 200 301 203 301 202 301 204 302 205 302 206 302 204 303 206 303 207 303 200 304 201 304 205 304 200 305 205 305 204 305 201 306 202 306 206 306 201 307 206 307 205 307 202 308 203 308 207 308 202 309 207 309 206 309 203 310 200 310 204 310 203 311 204 311 207 311 208 312 210 312 209 312 208 313 211 313 210 313 212 314 213 314 214 314 212 315 214 315 215 315 208 316 209 316 213 316 208 317 213 317 212 317 209 318 210 318 214 318 209 319 214 319 213 319 210 320 211 320 215 320 210 321 215 321 214 321 211 322 208 322 212 322 211 323 212 323 215 323 216 324 218 324 217 324 216 325 219 325 218 325 220 326 221 326 222 326 220 327 222 327 223 327 216 328 217 328 221 328 216 329 221 329 220 329 217 330 218 330 222 330 217 331 222 331 221 331 218 332 219 332 223 332 218 333 223 333 222 333 219 334 216 334 220 334 219 335 220 335 223 335 224 336 226 336 225 336 224 337 227 337 226 337 228 338 229 338 230 338 228 339 230 339 231 339 224 340 225 340 229 340 224 341 229 341 228 341 225 342 226 342 230 342 225 343 230 343 229 343 226 344 227 344 231 344 226 345 231 345 230 345 227 346 224 346 228 346 227 347 228 347 231 347 232 348 234 348 233 348 232 349 235 349 234 349 236 350 237 350 238 350 236 351 238 351 239 351 232 352 233 352 237 352 232 353 237 353 236 353 233 354 234 354 238 354 233 355 238 355 237 355 234 356 235 356 239 356 234 357 239 357 238 357 235 358 232 358 236 358 235 359 236 359 239 359 240 360 242 360 241 360 240 361 243 361 242 361 244 362 245 362 246 362 244 363 246 363 247 363 240 364 241 364 245 364 240 365 245 365 244 365 241 366 242 366 246 366 241 367 246 367 245 367 242 368 243 368 247 368 242 369 247 369 246 369 243 370 240 370 244 370 243 371 244 371 247 371 248 372 250 372 249 372 248 373 251 373 250 373 252 374 253 374 254 374 252 375 254 375 255 375 248 376 249 376 253 376 248 377 253 377 252 377 249 378 250 378 254 378 249 379 254 379 253 379 250 380 251 380 255 380 250 381 255 381 254 381 251 382 248 382 252 382 251 383 252 383 255 383 256 384 258 384 257 384 256 385 259 385 258 385 260 386 261 386 262 386 260 387 262 387 263 387 256 388 257 388 261 388 256 389 261 389 260 389 257 390 258 390 262 390 257 391 262 391 261 391 258 392 259 392 263 392 258 393 263 393 262 393 259 394 256 394 260 394 259 395 260 395 263 395 264 396 266 396 265 396 264 397 267 397 266 397 268 398 269 398 270 398 268 399 270 399 271 399 264 400 265 400 269 400 264 401 269 401 268 401 265 402 266 402 270 402 265 403 270 403 269 403 266 404 267 404 271 404 266 405 271 405 270 405 267 406 264 406 268 406 267 407 268 407 271 407 272 408 274 408 273 408 272 409 275 409 274 409 276 410 277 410 278 410 276 411 278 411 279 411 272 412 273 412 277 412 272 413 277 413 276 413 273 414 274 414 278 414 273 415 278 415 277 415 274 416 275 416 279 416 274 417 279 417 278 417 275 418 272 418 276 418 275 419 276 419 279 419 280 420 282 420 281 420 280 421 283 421 282 421 284 422 285 422 286 422 284 423 286 423 287 423 280 424 281 424 285 424 280 425 285 425 284 425 281 426 282 426 286 426 281 427 286 427 285 427 282 428 283 428 287 428 282 429 287 429 286 429 283 430 280 430 284 430 283 431 284 431 287 431 288 432 290 432 289 432 288 433 291 433 290 433 292 434 293 434 294 434 292 435 294 435 295 435 288 436 289 436 293 436 288 437 293 437 292 437 289 438 290 438 294 438 289 439 294 439 293 439 290 440 291 440 295 440 290 441 295 441 294 441 291 442 288 442 292 442 291 443 292 443 295 443 296 444 298 444 297 444 296 445 299 445 298 445 300 446 301 446 302 446 300 447 302 447 303 447 296 448 297 448 301 448 296 449 301 449 300 449 297 450 298 450 302 450 297 451 302 451 301 451 298 452 299 452 303 452 298 453 303 453 302 453 299 454 296 454 300 454 299 455 300 455 303 455 304 456 306 456 305 456 304 457 307 457 306 457 308 458 309 458 310 458 308 459 310 459 311 459 304 460 305 460 309 460 304 461 309 461 308 461 305 462 306 462 310 462 305 463 310 463 309 463 306 464 307 464 311 464 306 465 311 465 310 465 307 466 304 466 308 466 307 467 308 467 311 467 312 468 314 468 313 468 312 469 315 469 314 469 316 470 317 470 318 470 316 471 318 471 319 471 312 472 313 472 317 472 312 473 317 473 316 473 313 474 314 474 318 474 313 475 318 475 317 475 314 476 315 476 319 476 314 477 319 477 318 477 315 478 312 478 316 478 315 479 316 479 319 479 320 480 322 480 321 480 320 481 323 481 322 481 324 482 325 482 326 482 324 483 326 483 327 483 320 484 321 484 325 484 320 485 325 485 324 485 321 486 322 486 326 486 321 487 326 487 325 487 322 488 323 488 327 488 322 489 327 489 326 489 323 490 320 490 324 490 323 491 324 491 327 491 328 492 330 492 329 492 328 493 331 493 330 493 332 494 333 494 334 494 332 495 334 495 335 495 328 496 329 496 333 496 328 497 333 497 332 497 329 498 330 498 334 498 329 499 334 499 333 499 330 500 331 500 335 500 330 501 335 501 334 501 331 502 328 502 332 502 331 503 332 503 335 503 336 504 338 504 337 504 336 505 339 505 338 505 340 506 341 506 342 506 340 507 342 507 343 507 336 508 337 508 341 508 336 509 341 509 340 509 337 510 338 510 342 510 337 511 342 511 341 511 338 512 339 512 343 512 338 513 343 513 342 513 339 514 336 514 340 514 339 515 340 515 343 515 344 516 346 516 345 516 344 517 347 517 346 517 348 518 349 518 350 518 348 519 350 519 351 519 344 520 345 520 349 520 344 521 349 521 348 521 345 522 346 522 350 522 345 523 350 523 349 523 346 524 347 524 351 524 346 525 351 525 350 525 347 526 344 526 348 526 347 527 348 527 351 527 352 528 354 528 353 528 352 529 355 529 354 529 356 530 357 530 358 530 356 531 358 531 359 531 352 532 353 532 357 532 352 533 357 533 356 533 353 534 354 534 358 534 353 535 358 535 357 535 354 536 355 536 359 536 354 537 359 537 358 537 355 538 352 538 356 538 355 539 356 539 359 539 360 540 362 540 361 540 360 541 363 541 362 541 364 542 365 542 366 542 364 543 366 543 367 543 360 544 361 544 365 544 360 545 365 545 364 545 361 546 362 546 366 546 361 547 366 547 365 547 362 548 363 548 367 548 362 549 367 549 366 549 363 550 360 550 364 550 363 551 364 551 367 551 368 552 370 552 369 552 368 553 371 553 370 553 372 554 373 554 374 554 372 555 374 555 375 555 368 556 369 556 373 556 368 557 373 557 372 557 369 558 370 558 374 558 369 559 374 559 373 559 370 560 371 560 375 560 370 561 375 561 374 561 371 562 368 562 372 562 371 563 372 563 375 563 376 564 378 564 377 564 376 565 379 565 378 565 380 566 381 566 382 566 380 567 382 567 383 567 376 568 377 568 381 568 376 569 381 569 380 569 377 570 378 570 382 570 377 571 382 571 381 571 378 572 379 572 383 572 378 573 383 573 382 573 379 574 376 574 380 574 379 575 380 575 383 575 384 576 386 576 385 576 384 577 387 577 386 577 388 578 389 578 390 578 388 579 390 579 391 579 384 580 385 580 389 580 384 581 389 581 388 581 385 582 386 582 390 582 385 583 390 583 389 583 386 584 387 584 391 584 386 585 391 585 390 585 387 586 384 586 388 586 387 587 388 587 391 587 392 588 394 588 393 588 392 589 395 589 394 589 396 590 397 590 398 590 396 591 398 591 399 591 392 592 393 592 397 592 392 593 397 593 396 593 393 594 394 594 398 594 393 595 398 595 397 595 394 596 395 596 399 596 394 597 399 597 398 597 395 598 392 598 396 598 395 599 396 599 399 599 400 600 402 600 401 600 400 601 403 601 402 601 404 602 405 602 406 602 404 603 406 603 407 603 400 604 401 604 405 604 400 605 405 605 404 605 401 606 402 606 406 606 401 607 406 607 405 607 402 608 403 608 407 608 402 609 407 609 406 609 403 610 400 610 404 610 403 611 404 611 407 611 408 612 410 612 409 612 408 613 411 613 410 613 412 614 413 614 414 614 412 615 414 615 415 615 408 616 409 616 413 616 408 617 413 617 412 617 409 618 410 618 414 618 409 619 414 619 413 619 410 620 411 620 415 620 410 621 415 621 414 621 411 622 408 622 412 622 411 623 412 623 415 623 416 624 418 624 417 624 416 625 419 625 418 625 420 626 421 626 422 626 420 627 422 627 423 627 416 628 417 628 421 628 416 629 421 629 420 629 417 630 418 630 422 630 417 631 422 631 421 631 418 632 419 632 423 632 418 633 423 633 422 633 419 634 416 634 420 634 419 635 420 635 423 635 424 636 426 636 425 636 424 637 427 637 426 637 428 638 429 638 430 638 428 639 430 639 431 639 424 640 425 640 429 640 424 641 429 641 428 641 425 642 426 642 430 642 425 643 430 643 429 643 426 644 427 644 431 644 426 645 431 645 430 645 427 646 424 646 428 646 427 647 428 647 431 647 432 648 434 648 433 648 432 649 435 649 434 649 436 650 437 650 438 650 436 651 438 651 439 651 432 652 433 652 437 652 432 653 437 653 436 653 433 654 434 654 438 654 433 655 438 655 437 655 434 656 435 656 439 656 434 657 439 657 438 657 435 658 432 658 436 658 435 659 436 659 439 659 440 660 442 660 441 660 440 661 443 661 442 661 444 662 445 662 446 662 444 663 446 663 447 663 440 664 441 664 445 664 440 665 445 665 444 665 441 666 442 666 446 666 441 667 446 667 445 667 442 668 443 668 447 668 442 669 447 669 446 669 443 670 440 670 444 670 443 671 444 671 447 671 448 672 450 672 449 672 448 673 451 673 450 673 452 674 453 674 454 674 452 675 454 675 455 675 448 676 449 676 453 676 448 677 453 677 452 677 449 678 450 678 454 678 449 679 454 679 453 679 450 680 451 680 455 680 450 681 455 681 454 681 451 682 448 682 452 682 451 683 452 683 455 683 456 684 458 684 457 684 456 685 459 685 458 685 460 686 461 686 462 686 460 687 462 687 463 687 456 688 457 688 461 688 456 689 461 689 460 689 457 690 458 690 462 690 457 691 462 691 461 691 458 692 459 692 463 692 458 693 463 693 462 693 459 694 456 694 460 694 459 695 460 695 463 695 464 696 466 696 465 696 464 697 467 697 466 697 468 698 469 698 470 698 468 699 470 699 471 699 464 700 465 700 469 700 464 701 469 701 468 701 465 702 466 702 470 702 465 703 470 703 469 703 466 704 467 704 471 704 466 705 471 705 470 705 467 706 464 706 468 706 467 707 468 707 471 707 472 708 474 708 473 708 472 709 475 709 474 709 476 710 477 710 478 710 476 711 478 711 479 711 472 712 473 712 477 712 472 713 477 713 476 713 473 714 474 714 478 714 473 715 478 715 477 715 474 716 475 716 479 716 474 717 479 717 478 717 475 718 472 718 476 718 475 719 476 719 479 719 480 720 482 720 481 720 480 721 483 721 482 721 484 722 485 722 486 722 484 723 486 723 487 723 480 724 481 724 485 724 480 725 485 725 484 725 481 726 482 726 486 726 481 727 486 727 485 727 482 728 483 728 487 728 482 729 487 729 486 729 483 730 480 730 484 730 483 731 484 731 487 731 488 732 490 732 489 732 488 733 491 733 490 733 492 734 493 734 494 734 492 735 494 735 495 735 488 736 489 736 493 736 488 737 493 737 492 737 489 738 490 738 494 738 489 739 494 739 493 739 490 740 491 740 495 740 490 741 495 741 494 741 491 742 488 742 492 742 491 743 492 743 495 743 496 744 498 744 497 744 496 745 499 745 498 745 500 746 501 746 502 746 500 747 502 747 503 747 496 748 497 748 501 748 496 749 501 749 500 749 497 750 498 750 502 750 497 751 502 751 501 751 498 752 499 752 503 752 498 753 503 753 502 753 499 754 496 754 500 754 499 755 500 755 503 755 504 756 506 756 505 756 504 757 507 757 506 757 508 758 509 758 510 758 508 759 510 759 511 759 504 760 505 760 509 760 504 761 509 761 508 761 505 762 506 762 510 762 505 763 510 763 509 763 506 764 507 764 511 764 506 765 511 765 510 765 507 766 504 766 508 766 507 767 508 767 511 767 512 768 514 768 513 768 512 769 515 769 514 769 516 770 517 770 518 770 516 771 518 771 519 771 512 772 513 772 517 772 512 773 517 773 516 773 513 774 514 774 518 774 513 775 518 775 517 775 514 776 515 776 519 776 514 777 519 777 518 777 515 778 512 778 516 778 515 779 516 779 519 779 520 780 522 780 521 780 520 781 523 781 522 781 524 782 525 782 526 782 524 783 526 783 527 783 520 784 521 784 525 784 520 785 525 785 524 785 521 786 522 786 526 786 521 787 526 787 525 787 522 788 523 788 527 788 522 789 527 789 526 789 523 790 520 790 524 790 523 791 524 791 527 791 528 792 530 792 529 792 528 793 531 793 530 793 532 794 533 794 534 794 532 795 534 795 535 795 528 796 529 796 533 796 528 797 533 797 532 797 529 798 530 798 534 798 529 799 534 799 533 799 530 800 531 800 535 800 530 801 535 801 534 801 531 802 528 802 532 802 531 803 532 803 535 803 536 804 538 804 537 804 536 805 539 805 538 805 540 806 541 806 542 806 540 807 542 807 543 807 536 808 537 808 541 808 536 809 541 809 540 809 537 810 538 810 542 810 537 811 542 811 541 811 538 812 539 812 543 812 538 813 543 813 542 813 539 814 536 814 540 814 539 815 540 815 543 815 544 816 546 816 545 816 544 817 547 817 546 817 548 818 549 818 550 818 548 819 550 819 551 819 544 820 545 820 549 820 544 821 549 821 548 821 545 822 546 822 550 822 545 823 550 823 549 823 546 824 547 824 551 824 546 825 551 825 550 825 547 826 544 826 548 826 547 827 548 827 551 827 552 828 554 828 553 828 552 829 555 829 554 829 556 830 557 830 558 830 556 831 558 831 559 831 552 832 553 832 557 832 552 833 557 833 556 833 553 834 554 834 558 834 553 835 558 835 557 835 554 836 555 836 559 836 554 837 559 837 558 837 555 838 552 838 556 838 555 839 556 839 559 839 560 840 562 840 561 840 560 841 563 841 562 841 564 842 565 842 566 842 564 843 566 843 567 843 560 844 561 844 565 844 560 845 565 845 564 845 561 846 562 846 566 846 561 847 566 847 565 847 562 848 563 848 567 848 562 849 567 849 566 849 563 850 560 850 564 850 563 851 564 851 567 851 568 852 570 852 569 852 568 853 571 853 570 853 572 854 573 854 574 854 572 855 574 855 575 855 568 856 569 856 573 856 568 857 573 857 572 857 569 858 570 858 574 858 569 859 574 859 573 859 570 860 571 860 575 860 570 861 575 861 574 861 571 862 568 862 572 862 571 863 572 863 575 863 576 864 578 864 577 864 576 865 579 865 578 865 580 866 581 866 582 866 580 867 582 867 583 867 576 868 577 868 581 868 576 869 581 869 580 869 577 870 578 870 582 870 577 871 582 871 581 871 578 872 579 872 583 872 578 873 583 873 582 873 579 874 576 874 580 874 579 875 580 875 583 875 584 876 586 876 585 876 584 877 587 877 586 877 588 878 589 878 590 878 588 879 590 879 591 879 584 880 585 880 589 880 584 881 589 881 588 881 585 882 586 882 590 882 585 883 590 883 589 883 586 884 587 884 591 884 586 885 591 885 590 885 587 886 584 886 588 886 587 887 588 887 591 887 592 888 594 888 593 888 592 889 595 889 594 889 596 890 597 890 598 890 596 891 598 891 599 891 592 892 593 892 597 892 592 893 597 893 596 893 593 894 594 894 598 894 593 895 598 895 597 895 594 896 595 896 599 896 594 897 599 897 598 897 595 898 592 898 596 898 595 899 596 899 599 899 600 900 602 900 601 900 600 901 603 901 602 901 604 902 605 902 606 902 604 903 606 903 607 903 600 904 601 904 605 904 600 905 605 905 604 905 601 906 602 906 606 906 601 907 606 907 605 907 602 908 603 908 607 908 602 909 607 909 606 909 603 910 600 910 604 910 603 911 604 911 607 911 608 912 610 912 609 912 608 913 611 913 610 913 612 914 613 914 614 914 612 915 614 915 615 915 608 916 609 916 613 916 608 917 613 917 612 917 609 918 610 918 614 918 609 919 614 919 613 919 610 920 611 920 615 920 610 921 615 921 614 921 611 922 608 922 612 922 611 923 612 923 615 923 616 924 618 924 617 924 616 925 619 925 618 925 620 926 621 926 622 926 620 927 622 927 623 927 616 928 617 928 621 928 616 929 621 929 620 929 617 930 618 930 622 930 617 931 622 931 621 931 618 932 619 932 623 932 618 933 623 933 622 933 619 934 616 934 620 934 619 935 620 935 623 935 624 936 626 936 625 936 624 937 627 937 626 937 628 938 629 938 630 938 628 939 630 939 631 939 624 940 625 940 629 940 624 941 629 941 628 941 625 942 626 942 630 942 625 943 630 943 629 943 626 944 627 944 631 944 626 945 631 945 630 945 627 946 624 946 628 946 627 947 628 947 631 947 632 948 634 948 633 948 632 949 635 949 634 949 636 950 637 950 638 950 636 951 638 951 639 951 632 952 633 952 637 952 632 953 637 953 636 953 633 954 634 954 638 954 633 955 638 955 637 955 634 956 635 956 639 956 634 957 639 957 638 957 635 958 632 958 636 958 635 959 636 959 639 959 640 960 642 960 641 960 640 961 643 961 642 961 644 962 645 962 646 962 644 963 646 963 647 963 640 964 641 964 645 964 640 965 645 965 644 965 641 966 642 966 646 966 641 967 646 967 645 967 642 968 643 968 647 968 642 969 647 969 646 969 643 970 640 970 644 970 643 971 644 971 647 971 648 972 650 972 649 972 648 973 651 973 650 973 652 974 653 974 654 974 652 975 654 975 655 975 648 976 649 976 653 976 648 977 653 977 652 977 649 978 650 978 654 978 649 979 654 979 653 979 650 980 651 980 655 980 650 981 655 981 654 981 651 982 648 982 652 982 651 983 652 983 655 983 656 984 658 984 657 984 656 985 659 985 658 985 660 986 661 986 662 986 660 987 662 987 663 987 656 988 657 988 661 988 656 989 661 989 660 989 657 990 658 990 662 990 657 991 662 991 661 991 658 992 659 992 663 992 658 993 663 993 662 993 659 994 656 994 660 994 659 995 660 995 663 995 664 996 666 996 665 996 664 997 667 997 666 997 668 998 669 998 670 998 668 999 670 999 671 999 664 1000 665 1000 669 1000 664 1001 669 1001 668 1001 665 1002 666 1002 670 1002 665 1003 670 1003 669 1003 666 1004 667 1004 671 1004 666 1005 671 1005 670 1005 667 1006 664 1006 668 1006 667 1007 668 1007 671 1007 672 1008 674 1008 673 1008 672 1009 675 1009 674 1009 676 1010 677 1010 678 1010 676 1011 678 1011 679 1011 672 1012 673 1012 677 1012 672 1013 677 1013 676 1013 673 1014 674 1014 678 1014 673 1015 678 1015 677 1015 674 1016 675 1016 679 1016 674 1017 679 1017 678 1017 675 1018 672 1018 676 1018 675 1019 676 1019 679 1019 680 1020 682 1020 681 1020 680 1021 683 1021 682 1021 684 1022 685 1022 686 1022 684 1023 686 1023 687 1023 680 1024 681 1024 685 1024 680 1025 685 1025 684 1025 681 1026 682 1026 686 1026 681 1027 686 1027 685 1027 682 1028 683 1028 687 1028 682 1029 687 1029 686 1029 683 1030 680 1030 684 1030 683 1031 684 1031 687 1031 688 1032 690 1032 689 1032 688 1033 691 1033 690 1033 692 1034 693 1034 694 1034 692 1035 694 1035 695 1035 688 1036 689 1036 693 1036 688 1037 693 1037 692 1037 689 1038 690 1038 694 1038 689 1039 694 1039 693 1039 690 1040 691 1040 695 1040 690 1041 695 1041 694 1041 691 1042 688 1042 692 1042 691 1043 692 1043 695 1043 696 1044 698 1044 697 1044 696 1045 699 1045 698 1045 700 1046 701 1046 702 1046 700 1047 702 1047 703 1047 696 1048 697 1048 701 1048 696 1049 701 1049 700 1049 697 1050 698 1050 702 1050 697 1051 702 1051 701 1051 698 1052 699 1052 703 1052 698 1053 703 1053 702 1053 699 1054 696 1054 700 1054 699 1055 700 1055 703 1055 704 1056 706 1056 705 1056 704 1057 707 1057 706 1057 708 1058 709 1058 710 1058 708 1059 710 1059 711 1059 704 1060 705 1060 709 1060 704 1061 709 1061 708 1061 705 1062 706 1062 710 1062 705 1063 710 1063 709 1063 706 1064 707 1064 711 1064 706 1065 711 1065 710 1065 707 1066 704 1066 708 1066 707 1067 708 1067 711 1067 712 1068 714 1068 713 1068 712 1069 715 1069 714 1069 716 1070 717 1070 718 1070 716 1071 718 1071 719 1071 712 1072 713 1072 717 1072 712 1073 717 1073 716 1073 713 1074 714 1074 718 1074 713 1075 718 1075 717 1075 714 1076 715 1076 719 1076 714 1077 719 1077 718 1077 715 1078 712 1078 716 1078 715 1079 716 1079 719 1079 720 1080 722 1080 721 1080 720 1081 723 1081 722 1081 724 1082 725 1082 726 1082 724 1083 726 1083 727 1083 720 1084 721 1084 725 1084 720 1085 725 1085 724 1085 721 1086 722 1086 726 1086 721 1087 726 1087 725 1087 722 1088 723 1088 727 1088 722 1089 727 1089 726 1089 723 1090 720 1090 724 1090 723 1091 724 1091 727 1091 728 1092 730 1092 729 1092 728 1093 731 1093 730 1093 732 1094 733 1094 734 1094 732 1095 734 1095 735 1095 728 1096 729 1096 733 1096 728 1097 733 1097 732 1097 729 1098 730 1098 734 1098 729 1099 734 1099 733 1099 730 1100 731 1100 735 1100 730 1101 735 1101 734 1101 731 1102 728 1102 732 1102 731 1103 732 1103 735 1103 736 1104 738 1104 737 1104 736 1105 739 1105 738 1105 740 1106 741 1106 742 1106 740 1107 742 1107 743 1107 736 1108 737 1108 741 1108 736 1109 741 1109 740 1109 737 1110 738 1110 742 1110 737 1111 742 1111 741 1111 738 1112 739 1112 743 1112 738 1113 743 1113 742 1113 739 1114 736 1114 740 1114 739 1115 740 1115 743 1115 744 1116 746 1116 745 1116 744 1117 747 1117 746 1117 748 1118 749 1118 750 1118 748 1119 750 1119 751 1119 744 1120 745 1120 749 1120 744 1121 749 1121 748 1121 745 1122 746 1122 750 1122 745 1123 750 1123 749 1123 746 1124 747 1124 751 1124 746 1125 751 1125 750 1125 747 1126 744 1126 748 1126 747 1127 748 1127 751 1127 752 1128 754 1128 753 1128 752 1129 755 1129 754 1129 756 1130 757 1130 758 1130 756 1131 758 1131 759 1131 752 1132 753 1132 757 1132 752 1133 757 1133 756 1133 753 1134 754 1134 758 1134 753 1135 758 1135 757 1135 754 1136 755 1136 759 1136 754 1137 759 1137 758 1137 755 1138 752 1138 756 1138 755 1139 756 1139 759 1139 760 1140 762 1140 761 1140 760 1141 763 1141 762 1141 764 1142 765 1142 766 1142 764 1143 766 1143 767 1143 760 1144 761 1144 765 1144 760 1145 765 1145 764 1145 761 1146 762 1146 766 1146 761 1147 766 1147 765 1147 762 1148 763 1148 767 1148 762 1149 767 1149 766 1149 763 1150 760 1150 764 1150 763 1151 764 1151 767 1151 768 1152 770 1152 769 1152 768 1153 771 1153 770 1153 772 1154 773 1154 774 1154 772 1155 774 1155 775 1155 768 1156 769 1156 773 1156 768 1157 773 1157 772 1157 769 1158 770 1158 774 1158 769 1159 774 1159 773 1159 770 1160 771 1160 775 1160 770 1161 775 1161 774 1161 771 1162 768 1162 772 1162 771 1163 772 1163 775 1163 776 1164 778 1164 777 1164 776 1165 779 1165 778 1165 780 1166 781 1166 782 1166 780 1167 782 1167 783 1167 776 1168 777 1168 781 1168 776 1169 781 1169 780 1169 777 1170 778 1170 782 1170 777 1171 782 1171 781 1171 778 1172 779 1172 783 1172 778 1173 783 1173 782 1173 779 1174 776 1174 780 1174 779 1175 780 1175 783 1175 784 1176 786 1176 785 1176 784 1177 787 1177 786 1177 788 1178 789 1178 790 1178 788 1179 790 1179 791 1179 784 1180 785 1180 789 1180 784 1181 789 1181 788 1181 785 1182 786 1182 790 1182 785 1183 790 1183 789 1183 786 1184 787 1184 791 1184 786 1185 791 1185 790 1185 787 1186 784 1186 788 1186 787 1187 788 1187 791 1187 792 1188 794 1188 793 1188 792 1189 795 1189 794 1189 796 1190 797 1190 798 1190 796 1191 798 1191 799 1191 792 1192 793 1192 797 1192 792 1193 797 1193 796 1193 793 1194 794 1194 798 1194 793 1195 798 1195 797 1195 794 1196 795 1196 799 1196 794 1197 799 1197 798 1197 795 1198 792 1198 796 1198 795 1199 796 1199 799 1199 800 1200 802 1200 801 1200 800 1201 803 1201 802 1201 804 1202 805 1202 806 1202 804 1203 806 1203 807 1203 800 1204 801 1204 805 1204 800 1205 805 1205 804 1205 801 1206 802 1206 806 1206 801 1207 806 1207 805 1207 802 1208 803 1208 807 1208 802 1209 807 1209 806 1209 803 1210 800 1210 804 1210 803 1211 804 1211 807 1211 808 1212 810 1212 809 1212 808 1213 811 1213 810 1213 812 1214 813 1214 814 1214 812 1215 814 1215 815 1215 808 1216 809 1216 813 1216 808 1217 813 1217 812 1217 809 1218 810 1218 814 1218 809 1219 814 1219 813 1219 810 1220 811 1220 815 1220 810 1221 815 1221 814 1221 811 1222 808 1222 812 1222 811 1223 812 1223 815 1223 816 1224 818 1224 817 1224 816 1225 819 1225 818 1225 820 1226 821 1226 822 1226 820 1227 822 1227 823 1227 816 1228 817 1228 821 1228 816 1229 821 1229 820 1229 817 1230 818 1230 822 1230 817 1231 822 1231 821 1231 818 1232 819 1232 823 1232 818 1233 823 1233 822 1233 819 1234 816 1234 820 1234 819 1235 820 1235 823 1235 824 1236 826 1236 825 1236 824 1237 827 1237 826 1237 828 1238 829 1238 830 1238 828 1239 830 1239 831 1239 824 1240 825 1240 829 1240 824 1241 829 1241 828 1241 825 1242 826 1242 830 1242 825 1243 830 1243 829 1243 826 1244 827 1244 831 1244 826 1245 831 1245 830 1245 827 1246 824 1246 828 1246 827 1247 828 1247 831 1247 832 1248 834 1248 833 1248 832 1249 835 1249 834 1249 836 1250 837 1250 838 1250 836 1251 838 1251 839 1251 832 1252 833 1252 837 1252 832 1253 837 1253 836 1253 833 1254 834 1254 838 1254 833 1255 838 1255 837 1255 834 1256 835 1256 839 1256 834 1257 839 1257 838 1257 835 1258 832 1258 836 1258 835 1259 836 1259 839 1259 840 1260 842 1260 841 1260 840 1261 843 1261 842 1261 844 1262 845 1262 846 1262 844 1263 846 1263 847 1263 840 1264 841 1264 845 1264 840 1265 845 1265 844 1265 841 1266 842 1266 846 1266 841 1267 846 1267 845 1267 842 1268 843 1268 847 1268 842 1269 847 1269 846 1269 843 1270 840 1270 844 1270 843 1271 844 1271 847 1271 848 1272 850 1272 849 1272 848 1273 851 1273 850 1273 852 1274 853 1274 854 1274 852 1275 854 1275 855 1275 848 1276 849 1276 853 1276 848 1277 853 1277 852 1277 849 1278 850 1278 854 1278 849 1279 854 1279 853 1279 850 1280 851 1280 855 1280 850 1281 855 1281 854 1281 851 1282 848 1282 852 1282 851 1283 852 1283 855 1283 856 1284 858 1284 857 1284 856 1285 859 1285 858 1285 860 1286 861 1286 862 1286 860 1287 862 1287 863 1287 856 1288 857 1288 861 1288 856 1289 861 1289 860 1289 857 1290 858 1290 862 1290 857 1291 862 1291 861 1291 858 1292 859 1292 863 1292 858 1293 863 1293 862 1293 859 1294 856 1294 860 1294 859 1295 860 1295 863 1295 864 1296 866 1296 865 1296 864 1297 867 1297 866 1297 868 1298 869 1298 870 1298 868 1299 870 1299 871 1299 864 1300 865 1300 869 1300 864 1301 869 1301 868 1301 865 1302 866 1302 870 1302 865 1303 870 1303 869 1303 866 1304 867 1304 871 1304 866 1305 871 1305 870 1305 867 1306 864 1306 868 1306 867 1307 868 1307 871 1307 872 1308 874 1308 873 1308 872 1309 875 1309 874 1309 876 1310 877 1310 878 1310 876 1311 878 1311 879 1311 872 1312 873 1312 877 1312 872 1313 877 1313 876 1313 873 1314 874 1314 878 1314 873 1315 878 1315 877 1315 874 1316 875 1316 879 1316 874 1317 879 1317 878 1317 875 1318 872 1318 876 1318 875 1319 876 1319 879 1319 880 1320 882 1320 881 1320 880 1321 883 1321 882 1321 884 1322 885 1322 886 1322 884 1323 886 1323 887 1323 880 1324 881 1324 885 1324 880 1325 885 1325 884 1325 881 1326 882 1326 886 1326 881 1327 886 1327 885 1327 882 1328 883 1328 887 1328 882 1329 887 1329 886 1329 883 1330 880 1330 884 1330 883 1331 884 1331 887 1331 888 1332 890 1332 889 1332 888 1333 891 1333 890 1333 892 1334 893 1334 894 1334 892 1335 894 1335 895 1335 888 1336 889 1336 893 1336 888 1337 893 1337 892 1337 889 1338 890 1338 894 1338 889 1339 894 1339 893 1339 890 1340 891 1340 895 1340 890 1341 895 1341 894 1341 891 1342 888 1342 892 1342 891 1343 892 1343 895 1343 896 1344 898 1344 897 1344 896 1345 899 1345 898 1345 900 1346 901 1346 902 1346 900 1347 902 1347 903 1347 896 1348 897 1348 901 1348 896 1349 901 1349 900 1349 897 1350 898 1350 902 1350 897 1351 902 1351 901 1351 898 1352 899 1352 903 1352 898 1353 903 1353 902 1353 899 1354 896 1354 900 1354 899 1355 900 1355 903 1355 904 1356 906 1356 905 1356 904 1357 907 1357 906 1357 908 1358 909 1358 910 1358 908 1359 910 1359 911 1359 904 1360 905 1360 909 1360 904 1361 909 1361 908 1361 905 1362 906 1362 910 1362 905 1363 910 1363 909 1363 906 1364 907 1364 911 1364 906 1365 911 1365 910 1365 907 1366 904 1366 908 1366 907 1367 908 1367 911 1367 912 1368 914 1368 913 1368 912 1369 915 1369 914 1369 916 1370 917 1370 918 1370 916 1371 918 1371 919 1371 912 1372 913 1372 917 1372 912 1373 917 1373 916 1373 913 1374 914 1374 918 1374 913 1375 918 1375 917 1375 914 1376 915 1376 919 1376 914 1377 919 1377 918 1377 915 1378 912 1378 916 1378 915 1379 916 1379 919 1379 920 1380 922 1380 921 1380 920 1381 923 1381 922 1381 924 1382 925 1382 926 1382 924 1383 926 1383 927 1383 920 1384 921 1384 925 1384 920 1385 925 1385 924 1385 921 1386 922 1386 926 1386 921 1387 926 1387 925 1387 922 1388 923 1388 927 1388 922 1389 927 1389 926 1389 923 1390 920 1390 924 1390 923 1391 924 1391 927 1391 928 1392 930 1392 929 1392 928 1393 931 1393 930 1393 932 1394 933 1394 934 1394 932 1395 934 1395 935 1395 928 1396 929 1396 933 1396 928 1397 933 1397 932 1397 929 1398 930 1398 934 1398 929 1399 934 1399 933 1399 930 1400 931 1400 935 1400 930 1401 935 1401 934 1401 931 1402 928 1402 932 1402 931 1403 932 1403 935 1403 936 1404 938 1404 937 1404 936 1405 939 1405 938 1405 940 1406 941 1406 942 1406 940 1407 942 1407 943 1407 936 1408 937 1408 941 1408 936 1409 941 1409 940 1409 937 1410 938 1410 942 1410 937 1411 942 1411 941 1411 938 1412 939 1412 943 1412 938 1413 943 1413 942 1413 939 1414 936 1414 940 1414 939 1415 940 1415 943 1415 944 1416 946 1416 945 1416 944 1417 947 1417 946 1417 948 1418 949 1418 950 1418 948 1419 950 1419 951 1419 944 1420 945 1420 949 1420 944 1421 949 1421 948 1421 945 1422 946 1422 950 1422 945 1423 950 1423 949 1423 946 1424 947 1424 951 1424 946 1425 951 1425 950 1425 947 1426 944 1426 948 1426 947 1427 948 1427 951 1427 952 1428 954 1428 953 1428 952 1429 955 1429 954 1429 956 1430 957 1430 958 1430 956 1431 958 1431 959 1431 952 1432 953 1432 957 1432 952 1433 957 1433 956 1433 953 1434 954 1434 958 1434 953 1435 958 1435 957 1435 954 1436 955 1436 959 1436 954 1437 959 1437 958 1437 955 1438 952 1438 956 1438 955 1439 956 1439 959 1439 960 1440 962 1440 961 1440 960 1441 963 1441 962 1441 964 1442 965 1442 966 1442 964 1443 966 1443 967 1443 960 1444 961 1444 965 1444 960 1445 965 1445 964 1445 961 1446 962 1446 966 1446 961 1447 966 1447 965 1447 962 1448 963 1448 967 1448 962 1449 967 1449 966 1449 963 1450 960 1450 964 1450 963 1451 964 1451 967 1451 968 1452 970 1452 969 1452 968 1453 971 1453 970 1453 972 1454 973 1454 974 1454 972 1455 974 1455 975 1455 968 1456 969 1456 973 1456 968 1457 973 1457 972 1457 969 1458 970 1458 974 1458 969 1459 974 1459 973 1459 970 1460 971 1460 975 1460 970 1461 975 1461 974 1461 971 1462 968 1462 972 1462 971 1463 972 1463 975 1463 976 1464 978 1464 977 1464 976 1465 979 1465 978 1465 980 1466 981 1466 982 1466 980 1467 982 1467 983 1467 976 1468 977 1468 981 1468 976 1469 981 1469 980 1469 977 1470 978 1470 982 1470 977 1471 982 1471 981 1471 978 1472 979 1472 983 1472 978 1473 983 1473 982 1473 979 1474 976 1474 980 1474 979 1475 980 1475 983 1475 984 1476 986 1476 985 1476 984 1477 987 1477 986 1477 988 1478 989 1478 990 1478 988 1479 990 1479 991 1479 984 1480 985 1480 989 1480 984 1481 989 1481 988 1481 985 1482 986 1482 990 1482 985 1483 990 1483 989 1483 986 1484 987 1484 991 1484 986 1485 991 1485 990 1485 987 1486 984 1486 988 1486 987 1487 988 1487 991 1487 992 1488 994 1488 993 1488 992 1489 995 1489 994 1489 996 1490 997 1490 998 1490 996 1491 998 1491 999 1491 992 1492 993 1492 997 1492 992 1493 997 1493 996 1493 993 1494 994 1494 998 1494 993 1495 998 1495 997 1495 994 1496 995 1496 999 1496 994 1497 999 1497 998 1497 995 1498 992 1498 996 1498 995 1499 996 1499 999 1499 1000 1500 1002 1500 1001 1500 1000 1501 1003 1501 1002 1501 1004 1502 1005 1502 1006 1502 1004 1503 1006 1503 1007 1503 1000 1504 1001 1504 1005 1504 1000 1505 1005 1505 1004 1505 1001 1506 1002 1506 1006 1506 1001 1507 1006 1507 1005 1507 1002 1508 1003 1508 1007 1508 1002 1509 1007 1509 1006 1509 1003 1510 1000 1510 1004 1510 1003 1511 1004 1511 1007 1511 1008 1512 1010 1512 1009 1512 1008 1513 1011 1513 1010 1513 1012 1514 1013 1514 1014 1514 1012 1515 1014 1515 1015 1515 1008 1516 1009 1516 1013 1516 1008 1517 1013 1517 1012 1517 1009 1518 1010 1518 1014 1518 1009 1519 1014 1519 1013 1519 1010 1520 1011 1520 1015 1520 1010 1521 1015 1521 1014 1521 1011 1522 1008 1522 1012 1522 1011 1523 1012 1523 1015 1523 1016 1524 1018 1524 1017 1524 1016 1525 1019 1525 1018 1525 1020 1526 1021 1526 1022 1526 1020 1527 1022 1527 1023 1527 1016 1528 1017 1528 1021 1528 1016 1529 1021 1529 1020 1529 1017 1530 1018 1530 1022 1530 1017 1531 1022 1531 1021 1531 1018 1532 1019 1532 1023 1532 1018 1533 1023 1533 1022 1533 1019 1534 1016 1534 1020 1534 1019 1535 1020 1535 1023 1535 1024 1536 1026 1536 1025 1536 1024 1537 1027 1537 1026 1537 1028 1538 1029 1538 1030 1538 1028 1539 1030 1539 1031 1539 1024 1540 1025 1540 1029 1540 1024 1541 1029 1541 1028 1541 1025 1542 1026 1542 1030 1542 1025 1543 1030 1543 1029 1543 1026 1544 1027 1544 1031 1544 1026 1545 1031 1545 1030 1545 1027 1546 1024 1546 1028 1546 1027 1547 1028 1547 1031 1547 1032 1548 1034 1548 1033 1548 1032 1549 1035 1549 1034 1549 1036 1550 1037 1550 1038 1550 1036 1551 1038 1551 1039 1551 1032 1552 1033 1552 1037 1552 1032 1553 1037 1553 1036 1553 1033 1554 1034 1554 1038 1554 1033 1555 1038 1555 1037 1555 1034 1556 1035 1556 1039 1556 1034 1557 1039 1557 1038 1557 1035 1558 1032 1558 1036 1558 1035 1559 1036 1559 1039 1559 1040 1560 1042 1560 1041 1560 1040 1561 1043 1561 1042 1561 1044 1562 1045 1562 1046 1562 1044 1563 1046 1563 1047 1563 1040 1564 1041 1564 1045 1564 1040 1565 1045 1565 1044 1565 1041 1566 1042 1566 1046 1566 1041 1567 1046 1567 1045 1567 1042 1568 1043 1568 1047 1568 1042 1569 1047 1569 1046 1569 1043 1570 1040 1570 1044 1570 1043 1571 1044 1571 1047 1571 1048 1572 1050 1572 1049 1572 1048 1573 1051 1573 1050 1573 1052 1574 1053 1574 1054 1574 1052 1575 1054 1575 1055 1575 1048 1576 1049 1576 1053 1576 1048 1577 1053 1577 1052 1577 1049 1578 1050 1578 1054 1578 1049 1579 1054 1579 1053 1579 1050 1580 1051 1580 1055 1580 1050 1581 1055 1581 1054 1581 1051 1582 1048 1582 1052 1582 1051 1583 1052 1583 1055 1583 1056 1584 1058 1584 1057 1584 1056 1585 1059 1585 1058 1585 1060 1586 1061 1586 1062 1586 1060 1587 1062 1587 1063 1587 1056 1588 1057 1588 1061 1588 1056 1589 1061 1589 1060 1589 1057 1590 1058 1590 1062 1590 1057 1591 1062 1591 1061 1591 1058 1592 1059 1592 1063 1592 1058 1593 1063 1593 1062 1593 1059 1594 1056 1594 1060 1594 1059 1595 1060 1595 1063 1595 1064 1596 1066 1596 1065 1596 1064 1597 1067 1597 1066 1597 1068 1598 1069 1598 1070 1598 1068 1599 1070 1599 1071 1599 1064 1600 1065 1600 1069 1600 1064 1601 1069 1601 1068 1601 1065 1602 1066 1602 1070 1602 1065 1603 1070 1603 1069 1603 1066 1604 1067 1604 1071 1604 1066 1605 1071 1605 1070 1605 1067 1606 1064 1606 1068 1606 1067 1607 1068 1607 1071 1607 1072 1608 1074 1608 1073 1608 1072 1609 1075 1609 1074 1609 1076 1610 1077 1610 1078 1610 1076 1611 1078 1611 1079 1611 1072 1612 1073 1612 1077 1612 1072 1613 1077 1613 1076 1613 1073 1614 1074 1614 1078 1614 1073 1615 1078 1615 1077 1615 1074 1616 1075 1616 1079 1616 1074 1617 1079 1617 1078 1617 1075 1618 1072 1618 1076 1618 1075 1619 1076 1619 1079 1619 1080 1620 1082 1620 1081 1620 1080 1621 1083 1621 1082 1621 1084 1622 1085 1622 1086 1622 1084 1623 1086 1623 1087 1623 1080 1624 1081 1624 1085 1624 1080 1625 1085 1625 1084 1625 1081 1626 1082 1626 1086 1626 1081 1627 1086 1627 1085 1627 1082 1628 1083 1628 1087 1628 1082 1629 1087 1629 1086 1629 1083 1630 1080 1630 1084 1630 1083 1631 1084 1631 1087 1631 1088 1632 1090 1632 1089 1632 1088 1633 1091 1633 1090 1633 1092 1634 1093 1634 1094 1634 1092 1635 1094 1635 1095 1635 1088 1636 1089 1636 1093 1636 1088 1637 1093 1637 1092 1637 1089 1638 1090 1638 1094 1638 1089 1639 1094 1639 1093 1639 1090 1640 1091 1640 1095 1640 1090 1641 1095 1641 1094 1641 1091 1642 1088 1642 1092 1642 1091 1643 1092 1643 1095 1643 1096 1644 1098 1644 1097 1644 1096 1645 1099 1645 1098 1645 1100 1646 1101 1646 1102 1646 1100 1647 1102 1647 1103 1647 1096 1648 1097 1648 1101 1648 1096 1649 1101 1649 1100 1649 1097 1650 1098 1650 1102 1650 1097 1651 1102 1651 1101 1651 1098 1652 1099 1652 1103 1652 1098 1653 1103 1653 1102 1653 1099 1654 1096 1654 1100 1654 1099 1655 1100 1655 1103 1655 1104 1656 1106 1656 1105 1656 1104 1657 1107 1657 1106 1657 1108 1658 1109 1658 1110 1658 1108 1659 1110 1659 1111 1659 1104 1660 1105 1660 1109 1660 1104 1661 1109 1661 1108 1661 1105 1662 1106 1662 1110 1662 1105 1663 1110 1663 1109 1663 1106 1664 1107 1664 1111 1664 1106 1665 1111 1665 1110 1665 1107 1666 1104 1666 1108 1666 1107 1667 1108 1667 1111 1667 1112 1668 1114 1668 1113 1668 1112 1669 1115 1669 1114 1669 1116 1670 1117 1670 1118 1670 1116 1671 1118 1671 1119 1671 1112 1672 1113 1672 1117 1672 1112 1673 1117 1673 1116 1673 1113 1674 1114 1674 1118 1674 1113 1675 1118 1675 1117 1675 1114 1676 1115 1676 1119 1676 1114 1677 1119 1677 1118 1677 1115 1678 1112 1678 1116 1678 1115 1679 1116 1679 1119 1679 1120 1680 1122 1680 1121 1680 1120 1681 1123 1681 1122 1681 1124 1682 1125 1682 1126 1682 1124 1683 1126 1683 1127 1683 1120 1684 1121 1684 1125 1684 1120 1685 1125 1685 1124 1685 1121 1686 1122 1686 1126 1686 1121 1687 1126 1687 1125 1687 1122 1688 1123 1688 1127 1688 1122 1689 1127 1689 1126 1689 1123 1690 1120 1690 1124 1690 1123 1691 1124 1691 1127 1691 1128 1692 1130 1692 1129 1692 1128 1693 1131 1693 1130 1693 1132 1694 1133 1694 1134 1694 1132 1695 1134 1695 1135 1695 1128 1696 1129 1696 1133 1696 1128 1697 1133 1697 1132 1697 1129 1698 1130 1698 1134 1698 1129 1699 1134 1699 1133 1699 1130 1700 1131 1700 1135 1700 1130 1701 1135 1701 1134 1701 1131 1702 1128 1702 1132 1702 1131 1703 1132 1703 1135 1703 1136 1704 1138 1704 1137 1704 1136 1705 1139 1705 1138 1705 1140 1706 1141 1706 1142 1706 1140 1707 1142 1707 1143 1707 1136 1708 1137 1708 1141 1708 1136 1709 1141 1709 1140 1709 1137 1710 1138 1710 1142 1710 1137 1711 1142 1711 1141 1711 1138 1712 1139 1712 1143 1712 1138 1713 1143 1713 1142 1713 1139 1714 1136 1714 1140 1714 1139 1715 1140 1715 1143 1715 1144 1716 1146 1716 1145 1716 1144 1717 1147 1717 1146 1717 1148 1718 1149 1718 1150 1718 1148 1719 1150 1719 1151 1719 1144 1720 1145 1720 1149 1720 1144 1721 1149 1721 1148 1721 1145 1722 1146 1722 1150 1722 1145 1723 1150 1723 1149 1723 1146 1724 1147 1724 1151 1724 1146 1725 1151 1725 1150 1725 1147 1726 1144 1726 1148 1726 1147 1727 1148 1727 1151 1727 1152 1728 1154 1728 1153 1728 1152 1729 1155 1729 1154 1729 1156 1730 1157 1730 1158 1730 1156 1731 1158 1731 1159 1731 1152 1732 1153 1732 1157 1732 1152 1733 1157 1733 1156 1733 1153 1734 1154 1734 1158 1734 1153 1735 1158 1735 1157 1735 1154 1736 1155 1736 1159 1736 1154 1737 1159 1737 1158 1737 1155 1738 1152 1738 1156 1738 1155 1739 1156 1739 1159 1739 1160 1740 1162 1740 1161 1740 1160 1741 1163 1741 1162 1741 1164 1742 1165 1742 1166 1742 1164 1743 1166 1743 1167 1743 1160 1744 1161 1744 1165 1744 1160 1745 1165 1745 1164 1745 1161 1746 1162 1746 1166 1746 1161 1747 1166 1747 1165 1747 1162 1748 1163 1748 1167 1748 1162 1749 1167 1749 1166 1749 1163 1750 1160 1750 1164 1750 1163 1751 1164 1751 1167 1751 1168 1752 1170 1752 1169 1752 1168 1753 1171 1753 1170 1753 1172 1754 1173 1754 1174 1754 1172 1755 1174 1755 1175 1755 1168 1756 1169 1756 1173 1756 1168 1757 1173 1757 1172 1757 1169 1758 1170 1758 1174 1758 1169 1759 1174 1759 1173 1759 1170 1760 1171 1760 1175 1760 1170 1761 1175 1761 1174 1761 1171 1762 1168 1762 1172 1762 1171 1763 1172 1763 1175 1763 1176 1764 1178 1764 1177 1764 1176 1765 1179 1765 1178 1765 1180 1766 1181 1766 1182 1766 1180 1767 1182 1767 1183 1767 1176 1768 1177 1768 1181 1768 1176 1769 1181 1769 1180 1769 1177 1770 1178 1770 1182 1770 1177 1771 1182 1771 1181 1771 1178 1772 1179 1772 1183 1772 1178 1773 1183 1773 1182 1773 1179 1774 1176 1774 1180 1774 1179 1775 1180 1775 1183 1775 1184 1776 1186 1776 1185 1776 1184 1777 1187 1777 1186 1777 1188 1778 1189 1778 1190 1778 1188 1779 1190 1779 1191 1779 1184 1780 1185 1780 1189 1780 1184 1781 1189 1781 1188 1781 1185 1782 1186 1782 1190 1782 1185 1783 1190 1783 1189 1783 1186 1784 1187 1784 1191 1784 1186 1785 1191 1785 1190 1785 1187 1786 1184 1786 1188 1786 1187 1787 1188 1787 1191 1787 1192 1788 1194 1788 1193 1788 1192 1789 1195 1789 1194 1789 1196 1790 1197 1790 1198 1790 1196 1791 1198 1791 1199 1791 1192 1792 1193 1792 1197 1792 1192 1793 1197 1793 1196 1793 1193 1794 1194 1794 1198 1794 1193 1795 1198 1795 1197 1795 1194 1796 1195 1796 1199 1796 1194 1797 1199 1797 1198 1797 1195 1798 1192 1798 1196 1798 1195 1799 1196 1799 1199 1799 1200 1800 1202 1800 1201 1800 1200 1801 1203 1801 1202 1801 1204 1802 1205 1802 1206 1802 1204 1803 1206 1803 1207 1803 1200 1804 1201 1804 1205 1804 1200 1805 1205 1805 1204 1805 1201 1806 1202 1806 1206 1806 1201 1807 1206 1807 1205 1807 1202 1808 1203 1808 1207 1808 1202 1809 1207 1809 1206 1809 1203 1810 1200 1810 1204 1810 1203 1811 1204 1811 1207 1811 1208 1812 1210 1812 1209 1812 1208 1813 1211 1813 1210 1813 1212 1814 1213 1814 1214 1814 1212 1815 1214 1815 1215 1815 1208 1816 1209 1816 1213 1816 1208 1817 1213 1817 1212 1817 1209 1818 1210 1818 1214 1818 1209 1819 1214 1819 1213 1819 1210 1820 1211 1820 1215 1820 1210 1821 1215 1821 1214 1821 1211 1822 1208 1822 1212 1822 1211 1823 1212 1823 1215 1823 1216 1824 1218 1824 1217 1824 1216 1825 1219 1825 1218 1825 1220 1826 1221 1826 1222 1826 1220 1827 1222 1827 1223 1827 1216 1828 1217 1828 1221 1828 1216 1829 1221 1829 1220 1829 1217 1830 1218 1830 1222 1830 1217 1831 1222 1831 1221 1831 1218 1832 1219 1832 1223 1832 1218 1833 1223 1833 1222 1833 1219 1834 1216 1834 1220 1834 1219 1835 1220 1835 1223 1835 1224 1836 1225 1836 1237 1836 1224 1837 1237 1837 1236 1837 1248 1838 1225 1838 1224 1838 1249 1839 1236 1839 1237 1839 1225 1840 1226 1840 1238 1840 1225 1841 1238 1841 1237 1841 1248 1842 1226 1842 1225 1842 1249 1843 1237 1843 1238 1843 1226 1844 1227 1844 1239 1844 1226 1845 1239 1845 1238 1845 1248 1846 1227 1846 1226 1846 1249 1847 1238 1847 1239 1847 1227 1848 1228 1848 1240 1848 1227 1849 1240 1849 1239 1849 1248 1850 1228 1850 1227 1850 1249 1851 1239 1851 1240 1851 1228 1852 1229 1852 1241 1852 1228 1853 1241 1853 1240 1853 1248 1854 1229 1854 1228 1854 1249 1855 1240 1855 1241 1855 1229 1856 1230 1856 1242 1856 1229 1857 1242 1857 1241 1857 1248 1858 1230 1858 1229 1858 1249 1859 1241 1859 1242 1859 1230 1860 1231 1860 1243 1860 1230 1861 1243 1861 1242 1861 1248 1862 1231 1862 1230 1862 1249 1863 1242 1863 1243 1863 1231 1864 1232 1864 1244 1864 1231 1865 1244 1865 1243 1865 1248 1866 1232 1866 1231 1866 1249 1867 1243 1867 1244 1867 1232 1868 1233 1868 1245 1868 1232 1869 1245 1869 1244 1869 1248 1870 1233 1870 1232 1870 1249 1871 1244 1871 1245 1871 1233 1872 1234 1872 1246 1872 1233 1873 1246 1873 1245 1873 1248 1874 1234 1874 1233 1874 1249 1875 1245 1875 1246 1875 1234 1876 1235 1876 1247 1876 1234 1877 1247 1877 1246 1877 1248 1878 1235 1878 1234 1878 1249 1879 1246 1879 1247 1879 1235 1880 1224 1880 1236 1880 1235 1881 1236 1881 1247 1881 1248 1882 1224 1882 1235 1882 1249 1883 1247 1883 1236 1883 1250 1884 1251 1884 1263 1884 1250 1885 1263 1885 1262 1885 1274 1886 1251 1886 1250 1886 1275 1887 1262 1887 1263 1887 1251 1888 1252 1888 1264 1888 1251 1889 1264 1889 1263 1889 1274 1890 1252 1890 1251 1890 1275 1891 1263 1891 1264 1891 1252 1892 1253 1892 1265 1892 1252 1893 1265 1893 1264 1893 1274 1894 1253 1894 1252 1894 1275 1895 1264 1895 1265 1895 1253 1896 1254 1896 1266 1896 1253 1897 1266 1897 1265 1897 1274 1898 1254 1898 1253 1898 1275 1899 1265 1899 1266 1899 1254 1900 1255 1900 1267 1900 1254 1901 1267 1901 1266 1901 1274 1902 1255 1902 1254 1902 1275 1903 1266 1903 1267 1903 1255 1904 1256 1904 1268 1904 1255 1905 1268 1905 1267 1905 1274 1906 1256 1906 1255 1906 1275 1907 1267 1907 1268 1907 1256 1908 1257 1908 1269 1908 1256 1909 1269 1909 1268 1909 1274 1910 1257 1910 1256 1910 1275 1911 1268 1911 1269 1911 1257 1912 1258 1912 1270 1912 1257 1913 1270 1913 1269 1913 1274 1914 1258 1914 1257 1914 1275 1915 1269 1915 1270 1915 1258 1916 1259 1916 1271 1916 1258 1917 1271 1917 1270 1917 1274 1918 1259 1918 1258 1918 1275 1919 1270 1919 1271 1919 1259 1920 1260 1920 1272 1920 1259 1921 1272 1921 1271 1921 1274 1922 1260 1922 1259 1922 1275 1923 1271 1923 1272 1923 1260 1924 1261 1924 1273 1924 1260 1925 1273 1925 1272 1925 1274 1926 1261 1926 1260 1926 1275 1927 1272 1927 1273 1927 1261 1928 1250 1928 1262 1928 1261 1929 1262 1929 1273 1929 1274 1930 1250 1930 1261 1930 1275 1931 1273 1931 1262 1931 1276 1932 1278 1932 1277 1932 1276 1933 1279 1933 1278 1933 1280 1934 1281 1934 1282 1934 1280 1935 1282 1935 1283 1935 1276 1936 1277 1936 1281 1936 1276 1937 1281 1937 1280 1937 1277 1938 1278 1938 1282 1938 1277 1939 1282 1939 1281 1939 1278 1940 1279 1940 1283 1940 1278 1941 1283 1941 1282 1941 1279 1942 1276 1942 1280 1942 1279 1943 1280 1943 1283 1943 1284 1944 1286 1944 1285 1944 1284 1945 1287 1945 1286 1945 1288 1946 1289 1946 1290 1946 1288 1947 1290 1947 1291 1947 1284 1948 1285 1948 1289 1948 1284 1949 1289 1949 1288 1949 1285 1950 1286 1950 1290 1950 1285 1951 1290 1951 1289 1951 1286 1952 1287 1952 1291 1952 1286 1953 1291 1953 1290 1953 1287 1954 1284 1954 1288 1954 1287 1955 1288 1955 1291 1955 1292 1956 1294 1956 1293 1956 1292 1957 1295 1957 1294 1957 1296 1958 1297 1958 1298 1958 1296 1959 1298 1959 1299 1959 1292 1960 1293 1960 1297 1960 1292 1961 1297 1961 1296 1961 1293 1962 1294 1962 1298 1962 1293 1963 1298 1963 1297 1963 1294 1964 1295 1964 1299 1964 1294 1965 1299 1965 1298 1965 1295 1966 1292 1966 1296 1966 1295 1967 1296 1967 1299 1967 1300 1968 1302 1968 1301 1968 1300 1969 1303 1969 1302 1969 1304 1970 1305 1970 1306 1970 1304 1971 1306 1971 1307 1971 1300 1972 1301 1972 1305 1972 1300 1973 1305 1973 1304 1973 1301 1974 1302 1974 1306 1974 1301 1975 1306 1975 1305 1975 1302 1976 1303 1976 1307 1976 1302 1977 1307 1977 1306 1977 1303 1978 1300 1978 1304 1978 1303 1979 1304 1979 1307 1979 1308 1980 1310 1980 1309 1980 1308 1981 1311 1981 1310 1981 1312 1982 1313 1982 1314 1982 1312 1983 1314 1983 1315 1983 1308 1984 1309 1984 1313 1984 1308 1985 1313 1985 1312 1985 1309 1986 1310 1986 1314 1986 1309 1987 1314 1987 1313 1987 1310 1988 1311 1988 1315 1988 1310 1989 1315 1989 1314 1989 1311 1990 1308 1990 1312 1990 1311 1991 1312 1991 1315 1991 1316 1992 1318 1992 1317 1992 1316 1993 1319 1993 1318 1993 1320 1994 1321 1994 1322 1994 1320 1995 1322 1995 1323 1995 1316 1996 1317 1996 1321 1996 1316 1997 1321 1997 1320 1997 1317 1998 1318 1998 1322 1998 1317 1999 1322 1999 1321 1999 1318 2000 1319 2000 1323 2000 1318 2001 1323 2001 1322 2001 1319 2002 1316 2002 1320 2002 1319 2003 1320 2003 1323 2003 1324 2004 1326 2004 1325 2004 1324 2005 1327 2005 1326 2005 1328 2006 1329 2006 1330 2006 1328 2007 1330 2007 1331 2007 1324 2008 1325 2008 1329 2008 1324 2009 1329 2009 1328 2009 1325 2010 1326 2010 1330 2010 1325 2011 1330 2011 1329 2011 1326 2012 1327 2012 1331 2012 1326 2013 1331 2013 1330 2013 1327 2014 1324 2014 1328 2014 1327 2015 1328 2015 1331 2015 1332 2016 1334 2016 1333 2016 1332 2017 1335 2017 1334 2017 1336 2018 1337 2018 1338 2018 1336 2019 1338 2019 1339 2019 1332 2020 1333 2020 1337 2020 1332 2021 1337 2021 1336 2021 1333 2022 1334 2022 1338 2022 1333 2023 1338 2023 1337 2023 1334 2024 1335 2024 1339 2024 1334 2025 1339 2025 1338 2025 1335 2026 1332 2026 1336 2026 1335 2027 1336 2027 1339 2027 1340 2028 1342 2028 1341 2028 1340 2029 1343 2029 1342 2029 1344 2030 1345 2030 1346 2030 1344 2031 1346 2031 1347 2031 1340 2032 1341 2032 1345 2032 1340 2033 1345 2033 1344 2033 1341 2034 1342 2034 1346 2034 1341 2035 1346 2035 1345 2035 1342 2036 1343 2036 1347 2036 1342 2037 1347 2037 1346 2037 1343 2038 1340 2038 1344 2038 1343 2039 1344 2039 1347 2039 1348 2040 1350 2040 1349 2040 1348 2041 1351 2041 1350 2041 1352 2042 1353 2042 1354 2042 1352 2043 1354 2043 1355 2043 1348 2044 1349 2044 1353 2044 1348 2045 1353 2045 1352 2045 1349 2046 1350 2046 1354 2046 1349 2047 1354 2047 1353 2047 1350 2048 1351 2048 1355 2048 1350 2049 1355 2049 1354 2049 1351 2050 1348 2050 1352 2050 1351 2051 1352 2051 1355 2051 1356 2052 1358 2052 1357 2052 1356 2053 1359 2053 1358 2053 1360 2054 1361 2054 1362 2054 1360 2055 1362 2055 1363 2055 1356 2056 1357 2056 1361 2056 1356 2057 1361 2057 1360 2057 1357 2058 1358 2058 1362 2058 1357 2059 1362 2059 1361 2059 1358 2060 1359 2060 1363 2060 1358 2061 1363 2061 1362 2061 1359 2062 1356 2062 1360 2062 1359 2063 1360 2063 1363 2063 1364 2064 1366 2064 1365 2064 1364 2065 1367 2065 1366 2065 1368 2066 1369 2066 1370 2066 1368 2067 1370 2067 1371 2067 1364 2068 1365 2068 1369 2068 1364 2069 1369 2069 1368 2069 1365 2070 1366 2070 1370 2070 1365 2071 1370 2071 1369 2071 1366 2072 1367 2072 1371 2072 1366 2073 1371 2073 1370 2073 1367 2074 1364 2074 1368 2074 1367 2075 1368 2075 1371 2075 1372 2076 1374 2076 1373 2076 1372 2077 1375 2077 1374 2077 1376 2078 1377 2078 1378 2078 1376 2079 1378 2079 1379 2079 1372 2080 1373 2080 1377 2080 1372 2081 1377 2081 1376 2081 1373 2082 1374 2082 1378 2082 1373 2083 1378 2083 1377 2083 1374 2084 1375 2084 1379 2084 1374 2085 1379 2085 1378 2085 1375 2086 1372 2086 1376 2086 1375 2087 1376 2087 1379 2087 1380 2088 1382 2088 1381 2088 1380 2089 1383 2089 1382 2089 1384 2090 1385 2090 1386 2090 1384 2091 1386 2091 1387 2091 1380 2092 1381 2092 1385 2092 1380 2093 1385 2093 1384 2093 1381 2094 1382 2094 1386 2094 1381 2095 1386 2095 1385 2095 1382 2096 1383 2096 1387 2096 1382 2097 1387 2097 1386 2097 1383 2098 1380 2098 1384 2098 1383 2099 1384 2099 1387 2099 1388 2100 1390 2100 1389 2100 1388 2101 1391 2101 1390 2101 1392 2102 1393 2102 1394 2102 1392 2103 1394 2103 1395 2103 1388 2104 1389 2104 1393 2104 1388 2105 1393 2105 1392 2105 1389 2106 1390 2106 1394 2106 1389 2107 1394 2107 1393 2107 1390 2108 1391 2108 1395 2108 1390 2109 1395 2109 1394 2109 1391 2110 1388 2110 1392 2110 1391 2111 1392 2111 1395 2111 1396 2112 1398 2112 1397 2112 1396 2113 1399 2113 1398 2113 1400 2114 1401 2114 1402 2114 1400 2115 1402 2115 1403 2115 1396 2116 1397 2116 1401 2116 1396 2117 1401 2117 1400 2117 1397 2118 1398 2118 1402 2118 1397 2119 1402 2119 1401 2119 1398 2120 1399 2120 1403 2120 1398 2121 1403 2121 1402 2121 1399 2122 1396 2122 1400 2122 1399 2123 1400 2123 1403 2123 1404 2124 1406 2124 1405 2124 1404 2125 1407 2125 1406 2125 1408 2126 1409 2126 1410 2126 1408 2127 1410 2127 1411 2127 1404 2128 1405 2128 1409 2128 1404 2129 1409 2129 1408 2129 1405 2130 1406 2130 1410 2130 1405 2131 1410 2131 1409 2131 1406 2132 1407 2132 1411 2132 1406 2133 1411 2133 1410 2133 1407 2134 1404 2134 1408 2134 1407 2135 1408 2135 1411 2135 1412 2136 1414 2136 1413 2136 1412 2137 1415 2137 1414 2137 1416 2138 1417 2138 1418 2138 1416 2139 1418 2139 1419 2139 1412 2140 1413 2140 1417 2140 1412 2141 1417 2141 1416 2141 1413 2142 1414 2142 1418 2142 1413 2143 1418 2143 1417 2143 1414 2144 1415 2144 1419 2144 1414 2145 1419 2145 1418 2145 1415 2146 1412 2146 1416 2146 1415 2147 1416 2147 1419 2147 1420 2148 1422 2148 1421 2148 1420 2149 1423 2149 1422 2149 1424 2150 1425 2150 1426 2150 1424 2151 1426 2151 1427 2151 1420 2152 1421 2152 1425 2152 1420 2153 1425 2153 1424 2153 1421 2154 1422 2154 1426 2154 1421 2155 1426 2155 1425 2155 1422 2156 1423 2156 1427 2156 1422 2157 1427 2157 1426 2157 1423 2158 1420 2158 1424 2158 1423 2159 1424 2159 1427 2159 1428 2160 1430 2160 1429 2160 1428 2161 1431 2161 1430 2161 1432 2162 1433 2162 1434 2162 1432 2163 1434 2163 1435 2163 1428 2164 1429 2164 1433 2164 1428 2165 1433 2165 1432 2165 1429 2166 1430 2166 1434 2166 1429 2167 1434 2167 1433 2167 1430 2168 1431 2168 1435 2168 1430 2169 1435 2169 1434 2169 1431 2170 1428 2170 1432 2170 1431 2171 1432 2171 1435 2171 1436 2172 1438 2172 1437 2172 1436 2173 1439 2173 1438 2173 1440 2174 1441 2174 1442 2174 1440 2175 1442 2175 1443 2175 1436 2176 1437 2176 1441 2176 1436 2177 1441 2177 1440 2177 1437 2178 1438 2178 1442 2178 1437 2179 1442 2179 1441 2179 1438 2180 1439 2180 1443 2180 1438 2181 1443 2181 1442 2181 1439 2182 1436 2182 1440 2182 1439 2183 1440 2183 1443 2183 1444 2184 1446 2184 1445 2184 1444 2185 1447 2185 1446 2185 1448 2186 1449 2186 1450 2186 1448 2187 1450 2187 1451 2187 1444 2188 1445 2188 1449 2188 1444 2189 1449 2189 1448 2189 1445 2190 1446 2190 1450 2190 1445 2191 1450 2191 1449 2191 1446 2192 1447 2192 1451 2192 1446 2193 1451 2193 1450 2193 1447 2194 1444 2194 1448 2194 1447 2195 1448 2195 1451 2195 1452 2196 1454 2196 1453 2196 1452 2197 1455 2197 1454 2197 1456 2198 1457 2198 1458 2198 1456 2199 1458 2199 1459 2199 1452 2200 1453 2200 1457 2200 1452 2201 1457 2201 1456 2201 1453 2202 1454 2202 1458 2202 1453 2203 1458 2203 1457 2203 1454 2204 1455 2204 1459 2204 1454 2205 1459 2205 1458 2205 1455 2206 1452 2206 1456 2206 1455 2207 1456 2207 1459 2207 1460 2208 1462 2208 1461 2208 1460 2209 1463 2209 1462 2209 1464 2210 1465 2210 1466 2210 1464 2211 1466 2211 1467 2211 1460 2212 1461 2212 1465 2212 1460 2213 1465 2213 1464 2213 1461 2214 1462 2214 1466 2214 1461 2215 1466 2215 1465 2215 1462 2216 1463 2216 1467 2216 1462 2217 1467 2217 1466 2217 1463 2218 1460 2218 1464 2218 1463 2219 1464 2219 1467 2219 1468 2220 1470 2220 1469 2220 1468 2221 1471 2221 1470 2221 1472 2222 1473 2222 1474 2222 1472 2223 1474 2223 1475 2223 1468 2224 1469 2224 1473 2224 1468 2225 1473 2225 1472 2225 1469 2226 1470 2226 1474 2226 1469 2227 1474 2227 1473 2227 1470 2228 1471 2228 1475 2228 1470 2229 1475 2229 1474 2229 1471 2230 1468 2230 1472 2230 1471 2231 1472 2231 1475 2231 1476 2232 1478 2232 1477 2232 1476 2233 1479 2233 1478 2233 1480 2234 1481 2234 1482 2234 1480 2235 1482 2235 1483 2235 1476 2236 1477 2236 1481 2236 1476 2237 1481 2237 1480 2237 1477 2238 1478 2238 1482 2238 1477 2239 1482 2239 1481 2239 1478 2240 1479 2240 1483 2240 1478 2241 1483 2241 1482 2241 1479 2242 1476 2242 1480 2242 1479 2243 1480 2243 1483 2243 1484 2244 1486 2244 1485 2244 1484 2245 1487 2245 1486 2245 1488 2246 1489 2246 1490 2246 1488 2247 1490 2247 1491 2247 1484 2248 1485 2248 1489 2248 1484 2249 1489 2249 1488 2249 1485 2250 1486 2250 1490 2250 1485 2251 1490 2251 1489 2251 1486 2252 1487 2252 1491 2252 1486 2253 1491 2253 1490 2253 1487 2254 1484 2254 1488 2254 1487 2255 1488 2255 1491 2255 1492 2256 1494 2256 1493 2256 1492 2257 1495 2257 1494 2257 1496 2258 1497 2258 1498 2258 1496 2259 1498 2259 1499 2259 1492 2260 1493 2260 1497 2260 1492 2261 1497 2261 1496 2261 1493 2262 1494 2262 1498 2262 1493 2263 1498 2263 1497 2263 1494 2264 1495 2264 1499 2264 1494 2265 1499 2265 1498 2265 1495 2266 1492 2266 1496 2266 1495 2267 1496 2267 1499 2267 1500 2268 1502 2268 1501 2268 1500 2269 1503 2269 1502 2269 1504 2270 1505 2270 1506 2270 1504 2271 1506 2271 1507 2271 1500 2272 1501 2272 1505 2272 1500 2273 1505 2273 1504 2273 1501 2274 1502 2274 1506 2274 1501 2275 1506 2275 1505 2275 1502 2276 1503 2276 1507 2276 1502 2277 1507 2277 1506 2277 1503 2278 1500 2278 1504 2278 1503 2279 1504 2279 1507 2279 1508 2280 1510 2280 1509 2280 1508 2281 1511 2281 1510 2281 1512 2282 1513 2282 1514 2282 1512 2283 1514 2283 1515 2283 1508 2284 1509 2284 1513 2284 1508 2285 1513 2285 1512 2285 1509 2286 1510 2286 1514 2286 1509 2287 1514 2287 1513 2287 1510 2288 1511 2288 1515 2288 1510 2289 1515 2289 1514 2289 1511 2290 1508 2290 1512 2290 1511 2291 1512 2291 1515 2291 1516 2292 1518 2292 1517 2292 1516 2293 1519 2293 1518 2293 1520 2294 1521 2294 1522 2294 1520 2295 1522 2295 1523 2295 1516 2296 1517 2296 1521 2296 1516 2297 1521 2297 1520 2297 1517 2298 1518 2298 1522 2298 1517 2299 1522 2299 1521 2299 1518 2300 1519 2300 1523 2300 1518 2301 1523 2301 1522 2301 1519 2302 1516 2302 1520 2302 1519 2303 1520 2303 1523 2303 1524 2304 1526 2304 1525 2304 1524 2305 1527 2305 1526 2305 1528 2306 1529 2306 1530 2306 1528 2307 1530 2307 1531 2307 1524 2308 1525 2308 1529 2308 1524 2309 1529 2309 1528 2309 1525 2310 1526 2310 1530 2310 1525 2311 1530 2311 1529 2311 1526 2312 1527 2312 1531 2312 1526 2313 1531 2313 1530 2313 1527 2314 1524 2314 1528 2314 1527 2315 1528 2315 1531 2315 1532 2316 1534 2316 1533 2316 1532 2317 1535 2317 1534 2317 1536 2318 1537 2318 1538 2318 1536 2319 1538 2319 1539 2319 1532 2320 1533 2320 1537 2320 1532 2321 1537 2321 1536 2321 1533 2322 1534 2322 1538 2322 1533 2323 1538 2323 1537 2323 1534 2324 1535 2324 1539 2324 1534 2325 1539 2325 1538 2325 1535 2326 1532 2326 1536 2326 1535 2327 1536 2327 1539 2327 1540 2328 1542 2328 1541 2328 1540 2329 1543 2329 1542 2329 1544 2330 1545 2330 1546 2330 1544 2331 1546 2331 1547 2331 1540 2332 1541 2332 1545 2332 1540 2333 1545 2333 1544 2333 1541 2334 1542 2334 1546 2334 1541 2335 1546 2335 1545 2335 1542 2336 1543 2336 1547 2336 1542 2337 1547 2337 1546 2337 1543 2338 1540 2338 1544 2338 1543 2339 1544 2339 1547 2339 1548 2340 1550 2340 1549 2340 1548 2341 1551 2341 1550 2341 1552 2342 1553 2342 1554 2342 1552 2343 1554 2343 1555 2343 1548 2344 1549 2344 1553 2344 1548 2345 1553 2345 1552 2345 1549 2346 1550 2346 1554 2346 1549 2347 1554 2347 1553 2347 1550 2348 1551 2348 1555 2348 1550 2349 1555 2349 1554 2349 1551 2350 1548 2350 1552 2350 1551 2351 1552 2351 1555 2351 1556 2352 1558 2352 1557 2352 1556 2353 1559 2353 1558 2353 1560 2354 1561 2354 1562 2354 1560 2355 1562 2355 1563 2355 1556 2356 1557 2356 1561 2356 1556 2357 1561 2357 1560 2357 1557 2358 1558 2358 1562 2358 1557 2359 1562 2359 1561 2359 1558 2360 1559 2360 1563 2360 1558 2361 1563 2361 1562 2361 1559 2362 1556 2362 1560 2362 1559 2363 1560 2363 1563 2363 1564 2364 1565 2364 1577 2364 1564 2365 1577 2365 1576 2365 1588 2366 1565 2366 1564 2366 1589 2367 1576 2367 1577 2367 1565 2368 1566 2368 1578 2368 1565 2369 1578 2369 1577 2369 1588 2370 1566 2370 1565 2370 1589 2371 1577 2371 1578 2371 1566 2372 1567 2372 1579 2372 1566 2373 1579 2373 1578 2373 1588 2374 1567 2374 1566 2374 1589 2375 1578 2375 1579 2375 1567 2376 1568 2376 1580 2376 1567 2377 1580 2377 1579 2377 1588 2378 1568 2378 1567 2378 1589 2379 1579 2379 1580 2379 1568 2380 1569 2380 1581 2380 1568 2381 1581 2381 1580 2381 1588 2382 1569 2382 1568 2382 1589 2383 1580 2383 1581 2383 1569 2384 1570 2384 1582 2384 1569 2385 1582 2385 1581 2385 1588 2386 1570 2386 1569 2386 1589 2387 1581 2387 1582 2387 1570 2388 1571 2388 1583 2388 1570 2389 1583 2389 1582 2389 1588 2390 1571 2390 1570 2390 1589 2391 1582 2391 1583 2391 1571 2392 1572 2392 1584 2392 1571 2393 1584 2393 1583 2393 1588 2394 1572 2394 1571 2394 1589 2395 1583 2395 1584 2395 1572 2396 1573 2396 1585 2396 1572 2397 1585 2397 1584 2397 1588 2398 1573 2398 1572 2398 1589 2399 1584 2399 1585 2399 1573 2400 1574 2400 1586 2400 1573 2401 1586 2401 1585 2401 1588 2402 1574 2402 1573 2402 1589 2403 1585 2403 1586 2403 1574 2404 1575 2404 1587 2404 1574 2405 1587 2405 1586 2405 1588 2406 1575 2406 1574 2406 1589 2407 1586 2407 1587 2407 1575 2408 1564 2408 1576 2408 1575 2409 1576 2409 1587 2409 1588 2410 1564 2410 1575 2410 1589 2411 1587 2411 1576 2411 1590 2412 1592 2412 1591 2412 1590 2413 1593 2413 1592 2413 1594 2414 1595 2414 1596 2414 1594 2415 1596 2415 1597 2415 1590 2416 1591 2416 1595 2416 1590 2417 1595 2417 1594 2417 1591 2418 1592 2418 1596 2418 1591 2419 1596 2419 1595 2419 1592 2420 1593 2420 1597 2420 1592 2421 1597 2421 1596 2421 1593 2422 1590 2422 1594 2422 1593 2423 1594 2423 1597 2423 1598 2424 1600 2424 1599 2424 1598 2425 1601 2425 1600 2425 1602 2426 1603 2426 1604 2426 1602 2427 1604 2427 1605 2427 1598 2428 1599 2428 1603 2428 1598 2429 1603 2429 1602 2429 1599 2430 1600 2430 1604 2430 1599 2431 1604 2431 1603 2431 1600 2432 1601 2432 1605 2432 1600 2433 1605 2433 1604 2433 1601 2434 1598 2434 1602 2434 1601 2435 1602 2435 1605 2435 1606 2436 1608 2436 1607 2436 1606 2437 1609 2437 1608 2437 1610 2438 1611 2438 1612 2438 1610 2439 1612 2439 1613 2439 1606 2440 1607 2440 1611 2440 1606 2441 1611 2441 1610 2441 1607 2442 1608 2442 1612 2442 1607 2443 1612 2443 1611 2443 1608 2444 1609 2444 1613 2444 1608 2445 1613 2445 1612 2445 1609 2446 1606 2446 1610 2446 1609 2447 1610 2447 1613 2447 1614 2448 1616 2448 1615 2448 1614 2449 1617 2449 1616 2449 1618 2450 1619 2450 1620 2450 1618 2451 1620 2451 1621 2451 1614 2452 1615 2452 1619 2452 1614 2453 1619 2453 1618 2453 1615 2454 1616 2454 1620 2454 1615 2455 1620 2455 1619 2455 1616 2456 1617 2456 1621 2456 1616 2457 1621 2457 1620 2457 1617 2458 1614 2458 1618 2458 1617 2459 1618 2459 1621 2459 1622 2460 1624 2460 1623 2460 1622 2461 1625 2461 1624 2461 1626 2462 1627 2462 1628 2462 1626 2463 1628 2463 1629 2463 1622 2464 1623 2464 1627 2464 1622 2465 1627 2465 1626 2465 1623 2466 1624 2466 1628 2466 1623 2467 1628 2467 1627 2467 1624 2468 1625 2468 1629 2468 1624 2469 1629 2469 1628 2469 1625 2470 1622 2470 1626 2470 1625 2471 1626 2471 1629 2471 1630 2472 1632 2472 1631 2472 1630 2473 1633 2473 1632 2473 1634 2474 1635 2474 1636 2474 1634 2475 1636 2475 1637 2475 1630 2476 1631 2476 1635 2476 1630 2477 1635 2477 1634 2477 1631 2478 1632 2478 1636 2478 1631 2479 1636 2479 1635 2479 1632 2480 1633 2480 1637 2480 1632 2481 1637 2481 1636 2481 1633 2482 1630 2482 1634 2482 1633 2483 1634 2483 1637 2483 1638 2484 1640 2484 1639 2484 1638 2485 1641 2485 1640 2485 1642 2486 1643 2486 1644 2486 1642 2487 1644 2487 1645 2487 1638 2488 1639 2488 1643 2488 1638 2489 1643 2489 1642 2489 1639 2490 1640 2490 1644 2490 1639 2491 1644 2491 1643 2491 1640 2492 1641 2492 1645 2492 1640 2493 1645 2493 1644 2493 1641 2494 1638 2494 1642 2494 1641 2495 1642 2495 1645 2495 1646 2496 1648 2496 1647 2496 1646 2497 1649 2497 1648 2497 1650 2498 1651 2498 1652 2498 1650 2499 1652 2499 1653 2499 1646 2500 1647 2500 1651 2500 1646 2501 1651 2501 1650 2501 1647 2502 1648 2502 1652 2502 1647 2503 1652 2503 1651 2503 1648 2504 1649 2504 1653 2504 1648 2505 1653 2505 1652 2505 1649 2506 1646 2506 1650 2506 1649 2507 1650 2507 1653 2507 1654 2508 1656 2508 1655 2508 1654 2509 1657 2509 1656 2509 1658 2510 1659 2510 1660 2510 1658 2511 1660 2511 1661 2511 1654 2512 1655 2512 1659 2512 1654 2513 1659 2513 1658 2513 1655 2514 1656 2514 1660 2514 1655 2515 1660 2515 1659 2515 1656 2516 1657 2516 1661 2516 1656 2517 1661 2517 1660 2517 1657 2518 1654 2518 1658 2518 1657 2519 1658 2519 1661 2519 1662 2520 1664 2520 1663 2520 1662 2521 1665 2521 1664 2521 1666 2522 1667 2522 1668 2522 1666 2523 1668 2523 1669 2523 1662 2524 1663 2524 1667 2524 1662 2525 1667 2525 1666 2525 1663 2526 1664 2526 1668 2526 1663 2527 1668 2527 1667 2527 1664 2528 1665 2528 1669 2528 1664 2529 1669 2529 1668 2529 1665 2530 1662 2530 1666 2530 1665 2531 1666 2531 1669 2531 1670 2532 1672 2532 1671 2532 1670 2533 1673 2533 1672 2533 1674 2534 1675 2534 1676 2534 1674 2535 1676 2535 1677 2535 1670 2536 1671 2536 1675 2536 1670 2537 1675 2537 1674 2537 1671 2538 1672 2538 1676 2538 1671 2539 1676 2539 1675 2539 1672 2540 1673 2540 1677 2540 1672 2541 1677 2541 1676 2541 1673 2542 1670 2542 1674 2542 1673 2543 1674 2543 1677 2543 1678 2544 1680 2544 1679 2544 1678 2545 1681 2545 1680 2545 1682 2546 1683 2546 1684 2546 1682 2547 1684 2547 1685 2547 1678 2548 1679 2548 1683 2548 1678 2549 1683 2549 1682 2549 1679 2550 1680 2550 1684 2550 1679 2551 1684 2551 1683 2551 1680 2552 1681 2552 1685 2552 1680 2553 1685 2553 1684 2553 1681 2554 1678 2554 1682 2554 1681 2555 1682 2555 1685 2555 1686 2556 1688 2556 1687 2556 1686 2557 1689 2557 1688 2557 1690 2558 1691 2558 1692 2558 1690 2559 1692 2559 1693 2559 1686 2560 1687 2560 1691 2560 1686 2561 1691 2561 1690 2561 1687 2562 1688 2562 1692 2562 1687 2563 1692 2563 1691 2563 1688 2564 1689 2564 1693 2564 1688 2565 1693 2565 1692 2565 1689 2566 1686 2566 1690 2566 1689 2567 1690 2567 1693 2567 1694 2568 1696 2568 1695 2568 1694 2569 1697 2569 1696 2569 1698 2570 1699 2570 1700 2570 1698 2571 1700 2571 1701 2571 1694 2572 1695 2572 1699 2572 1694 2573 1699 2573 1698 2573 1695 2574 1696 2574 1700 2574 1695 2575 1700 2575 1699 2575 1696 2576 1697 2576 1701 2576 1696 2577 1701 2577 1700 2577 1697 2578 1694 2578 1698 2578 1697 2579 1698 2579 1701 2579 1702 2580 1704 2580 1703 2580 1702 2581 1705 2581 1704 2581 1706 2582 1707 2582 1708 2582 1706 2583 1708 2583 1709 2583 1702 2584 1703 2584 1707 2584 1702 2585 1707 2585 1706 2585 1703 2586 1704 2586 1708 2586 1703 2587 1708 2587 1707 2587 1704 2588 1705 2588 1709 2588 1704 2589 1709 2589 1708 2589 1705 2590 1702 2590 1706 2590 1705 2591 1706 2591 1709 2591 1710 2592 1712 2592 1711 2592 1710 2593 1713 2593 1712 2593 1714 2594 1715 2594 1716 2594 1714 2595 1716 2595 1717 2595 1710 2596 1711 2596 1715 2596 1710 2597 1715 2597 1714 2597 1711 2598 1712 2598 1716 2598 1711 2599 1716 2599 1715 2599 1712 2600 1713 2600 1717 2600 1712 2601 1717 2601 1716 2601 1713 2602 1710 2602 1714 2602 1713 2603 1714 2603 1717 2603 1718 2604 1720 2604 1719 2604 1718 2605 1721 2605 1720 2605 1722 2606 1723 2606 1724 2606 1722 2607 1724 2607 1725 2607 1718 2608 1719 2608 1723 2608 1718 2609 1723 2609 1722 2609 1719 2610 1720 2610 1724 2610 1719 2611 1724 2611 1723 2611 1720 2612 1721 2612 1725 2612 1720 2613 1725 2613 1724 2613 1721 2614 1718 2614 1722 2614 1721 2615 1722 2615 1725 2615 1726 2616 1728 2616 1727 2616 1726 2617 1729 2617 1728 2617 1730 2618 1731 2618 1732 2618 1730 2619 1732 2619 1733 2619 1726 2620 1727 2620 1731 2620 1726 2621 1731 2621 1730 2621 1727 2622 1728 2622 1732 2622 1727 2623 1732 2623 1731 2623 1728 2624 1729 2624 1733 2624 1728 2625 1733 2625 1732 2625 1729 2626 1726 2626 1730 2626 1729 2627 1730 2627 1733 2627 1734 2628 1736 2628 1735 2628 1734 2629 1737 2629 1736 2629 1738 2630 1739 2630 1740 2630 1738 2631 1740 2631 1741 2631 1734 2632 1735 2632 1739 2632 1734 2633 1739 2633 1738 2633 1735 2634 1736 2634 1740 2634 1735 2635 1740 2635 1739 2635 1736 2636 1737 2636 1741 2636 1736 2637 1741 2637 1740 2637 1737 2638 1734 2638 1738 2638 1737 2639 1738 2639 1741 2639 1742 2640 1744 2640 1743 2640 1742 2641 1745 2641 1744 2641 1746 2642 1747 2642 1748 2642 1746 2643 1748 2643 1749 2643 1742 2644 1743 2644 1747 2644 1742 2645 1747 2645 1746 2645 1743 2646 1744 2646 1748 2646 1743 2647 1748 2647 1747 2647 1744 2648 1745 2648 1749 2648 1744 2649 1749 2649 1748 2649 1745 2650 1742 2650 1746 2650 1745 2651 1746 2651 1749 2651 1750 2652 1752 2652 1751 2652 1750 2653 1753 2653 1752 2653 1754 2654 1755 2654 1756 2654 1754 2655 1756 2655 1757 2655 1750 2656 1751 2656 1755 2656 1750 2657 1755 2657 1754 2657 1751 2658 1752 2658 1756 2658 1751 2659 1756 2659 1755 2659 1752 2660 1753 2660 1757 2660 1752 2661 1757 2661 1756 2661 1753 2662 1750 2662 1754 2662 1753 2663 1754 2663 1757 2663 1758 2664 1760 2664 1759 2664 1758 2665 1761 2665 1760 2665 1762 2666 1763 2666 1764 2666 1762 2667 1764 2667 1765 2667 1758 2668 1759 2668 1763 2668 1758 2669 1763 2669 1762 2669 1759 2670 1760 2670 1764 2670 1759 2671 1764 2671 1763 2671 1760 2672 1761 2672 1765 2672 1760 2673 1765 2673 1764 2673 1761 2674 1758 2674 1762 2674 1761 2675 1762 2675 1765 2675 1766 2676 1768 2676 1767 2676 1766 2677 1769 2677 1768 2677 1770 2678 1771 2678 1772 2678 1770 2679 1772 2679 1773 2679 1766 2680 1767 2680 1771 2680 1766 2681 1771 2681 1770 2681 1767 2682 1768 2682 1772 2682 1767 2683 1772 2683 1771 2683 1768 2684 1769 2684 1773 2684 1768 2685 1773 2685 1772 2685 1769 2686 1766 2686 1770 2686 1769 2687 1770 2687 1773 2687 1774 2688 1776 2688 1775 2688 1774 2689 1777 2689 1776 2689 1778 2690 1779 2690 1780 2690 1778 2691 1780 2691 1781 2691 1774 2692 1775 2692 1779 2692 1774 2693 1779 2693 1778 2693 1775 2694 1776 2694 1780 2694 1775 2695 1780 2695 1779 2695 1776 2696 1777 2696 1781 2696 1776 2697 1781 2697 1780 2697 1777 2698 1774 2698 1778 2698 1777 2699 1778 2699 1781 2699 1782 2700 1784 2700 1783 2700 1782 2701 1785 2701 1784 2701 1786 2702 1787 2702 1788 2702 1786 2703 1788 2703 1789 2703 1782 2704 1783 2704 1787 2704 1782 2705 1787 2705 1786 2705 1783 2706 1784 2706 1788 2706 1783 2707 1788 2707 1787 2707 1784 2708 1785 2708 1789 2708 1784 2709 1789 2709 1788 2709 1785 2710 1782 2710 1786 2710 1785 2711 1786 2711 1789 2711 1790 2712 1792 2712 1791 2712 1790 2713 1793 2713 1792 2713 1794 2714 1795 2714 1796 2714 1794 2715 1796 2715 1797 2715 1790 2716 1791 2716 1795 2716 1790 2717 1795 2717 1794 2717 1791 2718 1792 2718 1796 2718 1791 2719 1796 2719 1795 2719 1792 2720 1793 2720 1797 2720 1792 2721 1797 2721 1796 2721 1793 2722 1790 2722 1794 2722 1793 2723 1794 2723 1797 2723 1798 2724 1800 2724 1799 2724 1798 2725 1801 2725 1800 2725 1802 2726 1803 2726 1804 2726 1802 2727 1804 2727 1805 2727 1798 2728 1799 2728 1803 2728 1798 2729 1803 2729 1802 2729 1799 2730 1800 2730 1804 2730 1799 2731 1804 2731 1803 2731 1800 2732 1801 2732 1805 2732 1800 2733 1805 2733 1804 2733 1801 2734 1798 2734 1802 2734 1801 2735 1802 2735 1805 2735 1806 2736 1808 2736 1807 2736 1806 2737 1809 2737 1808 2737 1810 2738 1811 2738 1812 2738 1810 2739 1812 2739 1813 2739 1806 2740 1807 2740 1811 2740 1806 2741 1811 2741 1810 2741 1807 2742 1808 2742 1812 2742 1807 2743 1812 2743 1811 2743 1808 2744 1809 2744 1813 2744 1808 2745 1813 2745 1812 2745 1809 2746 1806 2746 1810 2746 1809 2747 1810 2747 1813 2747 1814 2748 1816 2748 1815 2748 1814 2749 1817 2749 1816 2749 1818 2750 1819 2750 1820 2750 1818 2751 1820 2751 1821 2751 1814 2752 1815 2752 1819 2752 1814 2753 1819 2753 1818 2753 1815 2754 1816 2754 1820 2754 1815 2755 1820 2755 1819 2755 1816 2756 1817 2756 1821 2756 1816 2757 1821 2757 1820 2757 1817 2758 1814 2758 1818 2758 1817 2759 1818 2759 1821 2759 1822 2760 1824 2760 1823 2760 1822 2761 1825 2761 1824 2761 1826 2762 1827 2762 1828 2762 1826 2763 1828 2763 1829 2763 1822 2764 1823 2764 1827 2764 1822 2765 1827 2765 1826 2765 1823 2766 1824 2766 1828 2766 1823 2767 1828 2767 1827 2767 1824 2768 1825 2768 1829 2768 1824 2769 1829 2769 1828 2769 1825 2770 1822 2770 1826 2770 1825 2771 1826 2771 1829 2771 1830 2772 1832 2772 1831 2772 1830 2773 1833 2773 1832 2773 1834 2774 1835 2774 1836 2774 1834 2775 1836 2775 1837 2775 1830 2776 1831 2776 1835 2776 1830 2777 1835 2777 1834 2777 1831 2778 1832 2778 1836 2778 1831 2779 1836 2779 1835 2779 1832 2780 1833 2780 1837 2780 1832 2781 1837 2781 1836 2781 1833 2782 1830 2782 1834 2782 1833 2783 1834 2783 1837 2783 1838 2784 1840 2784 1839 2784 1838 2785 1841 2785 1840 2785 1842 2786 1843 2786 1844 2786 1842 2787 1844 2787 1845 2787 1838 2788 1839 2788 1843 2788 1838 2789 1843 2789 1842 2789 1839 2790 1840 2790 1844 2790 1839 2791 1844 2791 1843 2791 1840 2792 1841 2792 1845 2792 1840 2793 1845 2793 1844 2793 1841 2794 1838 2794 1842 2794 1841 2795 1842 2795 1845 2795 1846 2796 1848 2796 1847 2796 1846 2797 1849 2797 1848 2797 1850 2798 1851 2798 1852 2798 1850 2799 1852 2799 1853 2799 1846 2800 1847 2800 1851 2800 1846 2801 1851 2801 1850 2801 1847 2802 1848 2802 1852 2802 1847 2803 1852 2803 1851 2803 1848 2804 1849 2804 1853 2804 1848 2805 1853 2805 1852 2805 1849 2806 1846 2806 1850 2806 1849 2807 1850 2807 1853 2807 1854 2808 1856 2808 1855 2808 1854 2809 1857 2809 1856 2809 1858 2810 1859 2810 1860 2810 1858 2811 1860 2811 1861 2811 1854 2812 1855 2812 1859 2812 1854 2813 1859 2813 1858 2813 1855 2814 1856 2814 1860 2814 1855 2815 1860 2815 1859 2815 1856 2816 1857 2816 1861 2816 1856 2817 1861 2817 1860 2817 1857 2818 1854 2818 1858 2818 1857 2819 1858 2819 1861 2819 1862 2820 1864 2820 1863 2820 1862 2821 1865 2821 1864 2821 1866 2822 1867 2822 1868 2822 1866 2823 1868 2823 1869 2823 1862 2824 1863 2824 1867 2824 1862 2825 1867 2825 1866 2825 1863 2826 1864 2826 1868 2826 1863 2827 1868 2827 1867 2827 1864 2828 1865 2828 1869 2828 1864 2829 1869 2829 1868 2829 1865 2830 1862 2830 1866 2830 1865 2831 1866 2831 1869 2831 1870 2832 1872 2832 1871 2832 1870 2833 1873 2833 1872 2833 1874 2834 1875 2834 1876 2834 1874 2835 1876 2835 1877 2835 1870 2836 1871 2836 1875 2836 1870 2837 1875 2837 1874 2837 1871 2838 1872 2838 1876 2838 1871 2839 1876 2839 1875 2839 1872 2840 1873 2840 1877 2840 1872 2841 1877 2841 1876 2841 1873 2842 1870 2842 1874 2842 1873 2843 1874 2843 1877 2843 1878 2844 1880 2844 1879 2844 1878 2845 1881 2845 1880 2845 1882 2846 1883 2846 1884 2846 1882 2847 1884 2847 1885 2847 1878 2848 1879 2848 1883 2848 1878 2849 1883 2849 1882 2849 1879 2850 1880 2850 1884 2850 1879 2851 1884 2851 1883 2851 1880 2852 1881 2852 1885 2852 1880 2853 1885 2853 1884 2853 1881 2854 1878 2854 1882 2854 1881 2855 1882 2855 1885 2855 1886 2856 1888 2856 1887 2856 1886 2857 1889 2857 1888 2857 1890 2858 1891 2858 1892 2858 1890 2859 1892 2859 1893 2859 1886 2860 1887 2860 1891 2860 1886 2861 1891 2861 1890 2861 1887 2862 1888 2862 1892 2862 1887 2863 1892 2863 1891 2863 1888 2864 1889 2864 1893 2864 1888 2865 1893 2865 1892 2865 1889 2866 1886 2866 1890 2866 1889 2867 1890 2867 1893 2867 1894 2868 1896 2868 1895 2868 1894 2869 1897 2869 1896 2869 1898 2870 1899 2870 1900 2870 1898 2871 1900 2871 1901 2871 1894 2872 1895 2872 1899 2872 1894 2873 1899 2873 1898 2873 1895 2874 1896 2874 1900 2874 1895 2875 1900 2875 1899 2875 1896 2876 1897 2876 1901 2876 1896 2877 1901 2877 1900 2877 1897 2878 1894 2878 1898 2878 1897 2879 1898 2879 1901 2879 1902 2880 1904 2880 1903 2880 1902 2881 1905 2881 1904 2881 1906 2882 1907 2882 1908 2882 1906 2883 1908 2883 1909 2883 1902 2884 1903 2884 1907 2884 1902 2885 1907 2885 1906 2885 1903 2886 1904 2886 1908 2886 1903 2887 1908 2887 1907 2887 1904 2888 1905 2888 1909 2888 1904 2889 1909 2889 1908 2889 1905 2890 1902 2890 1906 2890 1905 2891 1906 2891 1909 2891 1910 2892 1912 2892 1911 2892 1910 2893 1913 2893 1912 2893 1914 2894 1915 2894 1916 2894 1914 2895 1916 2895 1917 2895 1910 2896 1911 2896 1915 2896 1910 2897 1915 2897 1914 2897 1911 2898 1912 2898 1916 2898 1911 2899 1916 2899 1915 2899 1912 2900 1913 2900 1917 2900 1912 2901 1917 2901 1916 2901 1913 2902 1910 2902 1914 2902 1913 2903 1914 2903 1917 2903 1918 2904 1920 2904 1919 2904 1918 2905 1921 2905 1920 2905 1922 2906 1923 2906 1924 2906 1922 2907 1924 2907 1925 2907 1918 2908 1919 2908 1923 2908 1918 2909 1923 2909 1922 2909 1919 2910 1920 2910 1924 2910 1919 2911 1924 2911 1923 2911 1920 2912 1921 2912 1925 2912 1920 2913 1925 2913 1924 2913 1921 2914 1918 2914 1922 2914 1921 2915 1922 2915 1925 2915 1926 2916 1928 2916 1927 2916 1926 2917 1929 2917 1928 2917 1930 2918 1931 2918 1932 2918 1930 2919 1932 2919 1933 2919 1926 2920 1927 2920 1931 2920 1926 2921 1931 2921 1930 2921 1927 2922 1928 2922 1932 2922 1927 2923 1932 2923 1931 2923 1928 2924 1929 2924 1933 2924 1928 2925 1933 2925 1932 2925 1929 2926 1926 2926 1930 2926 1929 2927 1930 2927 1933 2927 1934 2928 1936 2928 1935 2928 1934 2929 1937 2929 1936 2929 1938 2930 1939 2930 1940 2930 1938 2931 1940 2931 1941 2931 1934 2932 1935 2932 1939 2932 1934 2933 1939 2933 1938 2933 1935 2934 1936 2934 1940 2934 1935 2935 1940 2935 1939 2935 1936 2936 1937 2936 1941 2936 1936 2937 1941 2937 1940 2937 1937 2938 1934 2938 1938 2938 1937 2939 1938 2939 1941 2939 1942 2940 1944 2940 1943 2940 1942 2941 1945 2941 1944 2941 1946 2942 1947 2942 1948 2942 1946 2943 1948 2943 1949 2943 1942 2944 1943 2944 1947 2944 1942 2945 1947 2945 1946 2945 1943 2946 1944 2946 1948 2946 1943 2947 1948 2947 1947 2947 1944 2948 1945 2948 1949 2948 1944 2949 1949 2949 1948 2949 1945 2950 1942 2950 1946 2950 1945 2951 1946 2951 1949 2951 1950 2952 1952 2952 1951 2952 1950 2953 1953 2953 1952 2953 1954 2954 1955 2954 1956 2954 1954 2955 1956 2955 1957 2955 1950 2956 1951 2956 1955 2956 1950 2957 1955 2957 1954 2957 1951 2958 1952 2958 1956 2958 1951 2959 1956 2959 1955 2959 1952 2960 1953 2960 1957 2960 1952 2961 1957 2961 1956 2961 1953 2962 1950 2962 1954 2962 1953 2963 1954 2963 1957 2963 1958 2964 1960 2964 1959 2964 1958 2965 1961 2965 1960 2965 1962 2966 1963 2966 1964 2966 1962 2967 1964 2967 1965 2967 1958 2968 1959 2968 1963 2968 1958 2969 1963 2969 1962 2969 1959 2970 1960 2970 1964 2970 1959 2971 1964 2971 1963 2971 1960 2972 1961 2972 1965 2972 1960 2973 1965 2973 1964 2973 1961 2974 1958 2974 1962 2974 1961 2975 1962 2975 1965 2975 1966 2976 1968 2976 1967 2976 1966 2977 1969 2977 1968 2977 1970 2978 1971 2978 1972 2978 1970 2979 1972 2979 1973 2979 1966 2980 1967 2980 1971 2980 1966 2981 1971 2981 1970 2981 1967 2982 1968 2982 1972 2982 1967 2983 1972 2983 1971 2983 1968 2984 1969 2984 1973 2984 1968 2985 1973 2985 1972 2985 1969 2986 1966 2986 1970 2986 1969 2987 1970 2987 1973 2987 1974 2988 1976 2988 1975 2988 1974 2989 1977 2989 1976 2989 1978 2990 1979 2990 1980 2990 1978 2991 1980 2991 1981 2991 1974 2992 1975 2992 1979 2992 1974 2993 1979 2993 1978 2993 1975 2994 1976 2994 1980 2994 1975 2995 1980 2995 1979 2995 1976 2996 1977 2996 1981 2996 1976 2997 1981 2997 1980 2997 1977 2998 1974 2998 1978 2998 1977 2999 1978 2999 1981 2999 1982 3000 1984 3000 1983 3000 1982 3001 1985 3001 1984 3001 1986 3002 1987 3002 1988 3002 1986 3003 1988 3003 1989 3003 1982 3004 1983 3004 1987 3004 1982 3005 1987 3005 1986 3005 1983 3006 1984 3006 1988 3006 1983 3007 1988 3007 1987 3007 1984 3008 1985 3008 1989 3008 1984 3009 1989 3009 1988 3009 1985 3010 1982 3010 1986 3010 1985 3011 1986 3011 1989 3011 1990 3012 1992 3012 1991 3012 1990 3013 1993 3013 1992 3013 1994 3014 1995 3014 1996 3014 1994 3015 1996 3015 1997 3015 1990 3016 1991 3016 1995 3016 1990 3017 1995 3017 1994 3017 1991 3018 1992 3018 1996 3018 1991 3019 1996 3019 1995 3019 1992 3020 1993 3020 1997 3020 1992 3021 1997 3021 1996 3021 1993 3022 1990 3022 1994 3022 1993 3023 1994 3023 1997 3023 1998 3024 2000 3024 1999 3024 1998 3025 2001 3025 2000 3025 2002 3026 2003 3026 2004 3026 2002 3027 2004 3027 2005 3027 1998 3028 1999 3028 2003 3028 1998 3029 2003 3029 2002 3029 1999 3030 2000 3030 2004 3030 1999 3031 2004 3031 2003 3031 2000 3032 2001 3032 2005 3032 2000 3033 2005 3033 2004 3033 2001 3034 1998 3034 2002 3034 2001 3035 2002 3035 2005 3035 2006 3036 2008 3036 2007 3036 2006 3037 2009 3037 2008 3037 2010 3038 2011 3038 2012 3038 2010 3039 2012 3039 2013 3039 2006 3040 2007 3040 2011 3040 2006 3041 2011 3041 2010 3041 2007 3042 2008 3042 2012 3042 2007 3043 2012 3043 2011 3043 2008 3044 2009 3044 2013 3044 2008 3045 2013 3045 2012 3045 2009 3046 2006 3046 2010 3046 2009 3047 2010 3047 2013 3047 2014 3048 2016 3048 2015 3048 2014 3049 2017 3049 2016 3049 2018 3050 2019 3050 2020 3050 2018 3051 2020 3051 2021 3051 2014 3052 2015 3052 2019 3052 2014 3053 2019 3053 2018 3053 2015 3054 2016 3054 2020 3054 2015 3055 2020 3055 2019 3055 2016 3056 2017 3056 2021 3056 2016 3057 2021 3057 2020 3057 2017 3058 2014 3058 2018 3058 2017 3059 2018 3059 2021 3059 2022 3060 2024 3060 2023 3060 2022 3061 2025 3061 2024 3061 2026 3062 2027 3062 2028 3062 2026 3063 2028 3063 2029 3063 2022 3064 2023 3064 2027 3064 2022 3065 2027 3065 2026 3065 2023 3066 2024 3066 2028 3066 2023 3067 2028 3067 2027 3067 2024 3068 2025 3068 2029 3068 2024 3069 2029 3069 2028 3069 2025 3070 2022 3070 2026 3070 2025 3071 2026 3071 2029 3071 2030 3072 2032 3072 2031 3072 2030 3073 2033 3073 2032 3073 2034 3074 2035 3074 2036 3074 2034 3075 2036 3075 2037 3075 2030 3076 2031 3076 2035 3076 2030 3077 2035 3077 2034 3077 2031 3078 2032 3078 2036 3078 2031 3079 2036 3079 2035 3079 2032 3080 2033 3080 2037 3080 2032 3081 2037 3081 2036 3081 2033 3082 2030 3082 2034 3082 2033 3083 2034 3083 2037 3083 2038 3084 2040 3084 2039 3084 2038 3085 2041 3085 2040 3085 2042 3086 2043 3086 2044 3086 2042 3087 2044 3087 2045 3087 2038 3088 2039 3088 2043 3088 2038 3089 2043 3089 2042 3089 2039 3090 2040 3090 2044 3090 2039 3091 2044 3091 2043 3091 2040 3092 2041 3092 2045 3092 2040 3093 2045 3093 2044 3093 2041 3094 2038 3094 2042 3094 2041 3095 2042 3095 2045 3095 2046 3096 2048 3096 2047 3096 2046 3097 2049 3097 2048 3097 2050 3098 2051 3098 2052 3098 2050 3099 2052 3099 2053 3099 2046 3100 2047 3100 2051 3100 2046 3101 2051 3101 2050 3101 2047 3102 2048 3102 2052 3102 2047 3103 2052 3103 2051 3103 2048 3104 2049 3104 2053 3104 2048 3105 2053 3105 2052 3105 2049 3106 2046 3106 2050 3106 2049 3107 2050 3107 2053 3107 2054 3108 2056 3108 2055 3108 2054 3109 2057 3109 2056 3109 2058 3110 2059 3110 2060 3110 2058 3111 2060 3111 2061 3111 2054 3112 2055 3112 2059 3112 2054 3113 2059 3113 2058 3113 2055 3114 2056 3114 2060 3114 2055 3115 2060 3115 2059 3115 2056 3116 2057 3116 2061 3116 2056 3117 2061 3117 2060 3117 2057 3118 2054 3118 2058 3118 2057 3119 2058 3119 2061 3119 2062 3120 2064 3120 2063 3120 2062 3121 2065 3121 2064 3121 2066 3122 2067 3122 2068 3122 2066 3123 2068 3123 2069 3123 2062 3124 2063 3124 2067 3124 2062 3125 2067 3125 2066 3125 2063 3126 2064 3126 2068 3126 2063 3127 2068 3127 2067 3127 2064 3128 2065 3128 2069 3128 2064 3129 2069 3129 2068 3129 2065 3130 2062 3130 2066 3130 2065 3131 2066 3131 2069 3131 2070 3132 2072 3132 2071 3132 2070 3133 2073 3133 2072 3133 2074 3134 2075 3134 2076 3134 2074 3135 2076 3135 2077 3135 2070 3136 2071 3136 2075 3136 2070 3137 2075 3137 2074 3137 2071 3138 2072 3138 2076 3138 2071 3139 2076 3139 2075 3139 2072 3140 2073 3140 2077 3140 2072 3141 2077 3141 2076 3141 2073 3142 2070 3142 2074 3142 2073 3143 2074 3143 2077 3143 2078 3144 2080 3144 2079 3144 2078 3145 2081 3145 2080 3145 2082 3146 2083 3146 2084 3146 2082 3147 2084 3147 2085 3147 2078 3148 2079 3148 2083 3148 2078 3149 2083 3149 2082 3149 2079 3150 2080 3150 2084 3150 2079 3151 2084 3151 2083 3151 2080 3152 2081 3152 2085 3152 2080 3153 2085 3153 2084 3153 2081 3154 2078 3154 2082 3154 2081 3155 2082 3155 2085 3155 2086 3156 2088 3156 2087 3156 2086 3157 2089 3157 2088 3157 2090 3158 2091 3158 2092 3158 2090 3159 2092 3159 2093 3159 2086 3160 2087 3160 2091 3160 2086 3161 2091 3161 2090 3161 2087 3162 2088 3162 2092 3162 2087 3163 2092 3163 2091 3163 2088 3164 2089 3164 2093 3164 2088 3165 2093 3165 2092 3165 2089 3166 2086 3166 2090 3166 2089 3167 2090 3167 2093 3167 2094 3168 2096 3168 2095 3168 2094 3169 2097 3169 2096 3169 2098 3170 2099 3170 2100 3170 2098 3171 2100 3171 2101 3171 2094 3172 2095 3172 2099 3172 2094 3173 2099 3173 2098 3173 2095 3174 2096 3174 2100 3174 2095 3175 2100 3175 2099 3175 2096 3176 2097 3176 2101 3176 2096 3177 2101 3177 2100 3177 2097 3178 2094 3178 2098 3178 2097 3179 2098 3179 2101 3179 2102 3180 2104 3180 2103 3180 2102 3181 2105 3181 2104 3181 2106 3182 2107 3182 2108 3182 2106 3183 2108 3183 2109 3183 2102 3184 2103 3184 2107 3184 2102 3185 2107 3185 2106 3185 2103 3186 2104 3186 2108 3186 2103 3187 2108 3187 2107 3187 2104 3188 2105 3188 2109 3188 2104 3189 2109 3189 2108 3189 2105 3190 2102 3190 2106 3190 2105 3191 2106 3191 2109 3191 2110 3192 2112 3192 2111 3192 2110 3193 2113 3193 2112 3193 2114 3194 2115 3194 2116 3194 2114 3195 2116 3195 2117 3195 2110 3196 2111 3196 2115 3196 2110 3197 2115 3197 2114 3197 2111 3198 2112 3198 2116 3198 2111 3199 2116 3199 2115 3199 2112 3200 2113 3200 2117 3200 2112 3201 2117 3201 2116 3201 2113 3202 2110 3202 2114 3202 2113 3203 2114 3203 2117 3203 2118 3204 2120 3204 2119 3204 2118 3205 2121 3205 2120 3205 2122 3206 2123 3206 2124 3206 2122 3207 2124 3207 2125 3207 2118 3208 2119 3208 2123 3208 2118 3209 2123 3209 2122 3209 2119 3210 2120 3210 2124 3210 2119 3211 2124 3211 2123 3211 2120 3212 2121 3212 2125 3212 2120 3213 2125 3213 2124 3213 2121 3214 2118 3214 2122 3214 2121 3215 2122 3215 2125 3215 2126 3216 2128 3216 2127 3216 2126 3217 2129 3217 2128 3217 2130 3218 2131 3218 2132 3218 2130 3219 2132 3219 2133 3219 2126 3220 2127 3220 2131 3220 2126 3221 2131 3221 2130 3221 2127 3222 2128 3222 2132 3222 2127 3223 2132 3223 2131 3223 2128 3224 2129 3224 2133 3224 2128 3225 2133 3225 2132 3225 2129 3226 2126 3226 2130 3226 2129 3227 2130 3227 2133 3227 2134 3228 2136 3228 2135 3228 2134 3229 2137 3229 2136 3229 2138 3230 2139 3230 2140 3230 2138 3231 2140 3231 2141 3231 2134 3232 2135 3232 2139 3232 2134 3233 2139 3233 2138 3233 2135 3234 2136 3234 2140 3234 2135 3235 2140 3235 2139 3235 2136 3236 2137 3236 2141 3236 2136 3237 2141 3237 2140 3237 2137 3238 2134 3238 2138 3238 2137 3239 2138 3239 2141 3239 2142 3240 2144 3240 2143 3240 2142 3241 2145 3241 2144 3241 2146 3242 2147 3242 2148 3242 2146 3243 2148 3243 2149 3243 2142 3244 2143 3244 2147 3244 2142 3245 2147 3245 2146 3245 2143 3246 2144 3246 2148 3246 2143 3247 2148 3247 2147 3247 2144 3248 2145 3248 2149 3248 2144 3249 2149 3249 2148 3249 2145 3250 2142 3250 2146 3250 2145 3251 2146 3251 2149 3251 2150 3252 2152 3252 2151 3252 2150 3253 2153 3253 2152 3253 2154 3254 2155 3254 2156 3254 2154 3255 2156 3255 2157 3255 2150 3256 2151 3256 2155 3256 2150 3257 2155 3257 2154 3257 2151 3258 2152 3258 2156 3258 2151 3259 2156 3259 2155 3259 2152 3260 2153 3260 2157 3260 2152 3261 2157 3261 2156 3261 2153 3262 2150 3262 2154 3262 2153 3263 2154 3263 2157 3263 2158 3264 2160 3264 2159 3264 2158 3265 2161 3265 2160 3265 2162 3266 2163 3266 2164 3266 2162 3267 2164 3267 2165 3267 2158 3268 2159 3268 2163 3268 2158 3269 2163 3269 2162 3269 2159 3270 2160 3270 2164 3270 2159 3271 2164 3271 2163 3271 2160 3272 2161 3272 2165 3272 2160 3273 2165 3273 2164 3273 2161 3274 2158 3274 2162 3274 2161 3275 2162 3275 2165 3275 2166 3276 2168 3276 2167 3276 2166 3277 2169 3277 2168 3277 2170 3278 2171 3278 2172 3278 2170 3279 2172 3279 2173 3279 2166 3280 2167 3280 2171 3280 2166 3281 2171 3281 2170 3281 2167 3282 2168 3282 2172 3282 2167 3283 2172 3283 2171 3283 2168 3284 2169 3284 2173 3284 2168 3285 2173 3285 2172 3285 2169 3286 2166 3286 2170 3286 2169 3287 2170 3287 2173 3287 2174 3288 2176 3288 2175 3288 2174 3289 2177 3289 2176 3289 2178 3290 2179 3290 2180 3290 2178 3291 2180 3291 2181 3291 2174 3292 2175 3292 2179 3292 2174 3293 2179 3293 2178 3293 2175 3294 2176 3294 2180 3294 2175 3295 2180 3295 2179 3295 2176 3296 2177 3296 2181 3296 2176 3297 2181 3297 2180 3297 2177 3298 2174 3298 2178 3298 2177 3299 2178 3299 2181 3299 2182 3300 2184 3300 2183 3300 2182 3301 2185 3301 2184 3301 2186 3302 2187 3302 2188 3302 2186 3303 2188 3303 2189 3303 2182 3304 2183 3304 2187 3304 2182 3305 2187 3305 2186 3305 2183 3306 2184 3306 2188 3306 2183 3307 2188 3307 2187 3307 2184 3308 2185 3308 2189 3308 2184 3309 2189 3309 2188 3309 2185 3310 2182 3310 2186 3310 2185 3311 2186 3311 2189 3311 2190 3312 2192 3312 2191 3312 2190 3313 2193 3313 2192 3313 2194 3314 2195 3314 2196 3314 2194 3315 2196 3315 2197 3315 2190 3316 2191 3316 2195 3316 2190 3317 2195 3317 2194 3317 2191 3318 2192 3318 2196 3318 2191 3319 2196 3319 2195 3319 2192 3320 2193 3320 2197 3320 2192 3321 2197 3321 2196 3321 2193 3322 2190 3322 2194 3322 2193 3323 2194 3323 2197 3323 2198 3324 2200 3324 2199 3324 2198 3325 2201 3325 2200 3325 2202 3326 2203 3326 2204 3326 2202 3327 2204 3327 2205 3327 2198 3328 2199 3328 2203 3328 2198 3329 2203 3329 2202 3329 2199 3330 2200 3330 2204 3330 2199 3331 2204 3331 2203 3331 2200 3332 2201 3332 2205 3332 2200 3333 2205 3333 2204 3333 2201 3334 2198 3334 2202 3334 2201 3335 2202 3335 2205 3335 2206 3336 2208 3336 2207 3336 2206 3337 2209 3337 2208 3337 2210 3338 2211 3338 2212 3338 2210 3339 2212 3339 2213 3339 2206 3340 2207 3340 2211 3340 2206 3341 2211 3341 2210 3341 2207 3342 2208 3342 2212 3342 2207 3343 2212 3343 2211 3343 2208 3344 2209 3344 2213 3344 2208 3345 2213 3345 2212 3345 2209 3346 2206 3346 2210 3346 2209 3347 2210 3347 2213 3347 2214 3348 2216 3348 2215 3348 2214 3349 2217 3349 2216 3349 2218 3350 2219 3350 2220 3350 2218 3351 2220 3351 2221 3351 2214 3352 2215 3352 2219 3352 2214 3353 2219 3353 2218 3353 2215 3354 2216 3354 2220 3354 2215 3355 2220 3355 2219 3355 2216 3356 2217 3356 2221 3356 2216 3357 2221 3357 2220 3357 2217 3358 2214 3358 2218 3358 2217 3359 2218 3359 2221 3359 2222 3360 2224 3360 2223 3360 2222 3361 2225 3361 2224 3361 2226 3362 2227 3362 2228 3362 2226 3363 2228 3363 2229 3363 2222 3364 2223 3364 2227 3364 2222 3365 2227 3365 2226 3365 2223 3366 2224 3366 2228 3366 2223 3367 2228 3367 2227 3367 2224 3368 2225 3368 2229 3368 2224 3369 2229 3369 2228 3369 2225 3370 2222 3370 2226 3370 2225 3371 2226 3371 2229 3371 2230 3372 2231 3372 2243 3372 2230 3373 2243 3373 2242 3373 2254 3374 2231 3374 2230 3374 2255 3375 2242 3375 2243 3375 2231 3376 2232 3376 2244 3376 2231 3377 2244 3377 2243 3377 2254 3378 2232 3378 2231 3378 2255 3379 2243 3379 2244 3379 2232 3380 2233 3380 2245 3380 2232 3381 2245 3381 2244 3381 2254 3382 2233 3382 2232 3382 2255 3383 2244 3383 2245 3383 2233 3384 2234 3384 2246 3384 2233 3385 2246 3385 2245 3385 2254 3386 2234 3386 2233 3386 2255 3387 2245 3387 2246 3387 2234 3388 2235 3388 2247 3388 2234 3389 2247 3389 2246 3389 2254 3390 2235 3390 2234 3390 2255 3391 2246 3391 2247 3391 2235 3392 2236 3392 2248 3392 2235 3393 2248 3393 2247 3393 2254 3394 2236 3394 2235 3394 2255 3395 2247 3395 2248 3395 2236 3396 2237 3396 2249 3396 2236 3397 2249 3397 2248 3397 2254 3398 2237 3398 2236 3398 2255 3399 2248 3399 2249 3399 2237 3400 2238 3400 2250 3400 2237 3401 2250 3401 2249 3401 2254 3402 2238 3402 2237 3402 2255 3403 2249 3403 2250 3403 2238 3404 2239 3404 2251 3404 2238 3405 2251 3405 2250 3405 2254 3406 2239 3406 2238 3406 2255 3407 2250 3407 2251 3407 2239 3408 2240 3408 2252 3408 2239 3409 2252 3409 2251 3409 2254 3410 2240 3410 2239 3410 2255 3411 2251 3411 2252 3411 2240 3412 2241 3412 2253 3412 2240 3413 2253 3413 2252 3413 2254 3414 2241 3414 2240 3414 2255 3415 2252 3415 2253 3415 2241 3416 2230 3416 2242 3416 2241 3417 2242 3417 2253 3417 2254 3418 2230 3418 2241 3418 2255 3419 2253 3419 2242 3419 2256 3420 2257 3420 2269 3420 2256 3421 2269 3421 2268 3421 2280 3422 2257 3422 2256 3422 2281 3423 2268 3423 2269 3423 2257 3424 2258 3424 2270 3424 2257 3425 2270 3425 2269 3425 2280 3426 2258 3426 2257 3426 2281 3427 2269 3427 2270 3427 2258 3428 2259 3428 2271 3428 2258 3429 2271 3429 2270 3429 2280 3430 2259 3430 2258 3430 2281 3431 2270 3431 2271 3431 2259 3432 2260 3432 2272 3432 2259 3433 2272 3433 2271 3433 2280 3434 2260 3434 2259 3434 2281 3435 2271 3435 2272 3435 2260 3436 2261 3436 2273 3436 2260 3437 2273 3437 2272 3437 2280 3438 2261 3438 2260 3438 2281 3439 2272 3439 2273 3439 2261 3440 2262 3440 2274 3440 2261 3441 2274 3441 2273 3441 2280 3442 2262 3442 2261 3442 2281 3443 2273 3443 2274 3443 2262 3444 2263 3444 2275 3444 2262 3445 2275 3445 2274 3445 2280 3446 2263 3446 2262 3446 2281 3447 2274 3447 2275 3447 2263 3448 2264 3448 2276 3448 2263 3449 2276 3449 2275 3449 2280 3450 2264 3450 2263 3450 2281 3451 2275 3451 2276 3451 2264 3452 2265 3452 2277 3452 2264 3453 2277 3453 2276 3453 2280 3454 2265 3454 2264 3454 2281 3455 2276 3455 2277 3455 2265 3456 2266 3456 2278 3456 2265 3457 2278 3457 2277 3457 2280 3458 2266 3458 2265 3458 2281 3459 2277 3459 2278 3459 2266 3460 2267 3460 2279 3460 2266 3461 2279 3461 2278 3461 2280 3462 2267 3462 2266 3462 2281 3463 2278 3463 2279 3463 2267 3464 2256 3464 2268 3464 2267 3465 2268 3465 2279 3465 2280 3466 2256 3466 2267 3466 2281 3467 2279 3467 2268 3467 2282 3468 2283 3468 2295 3468 2282 3469 2295 3469 2294 3469 2306 3470 2283 3470 2282 3470 2307 3471 2294 3471 2295 3471 2283 3472 2284 3472 2296 3472 2283 3473 2296 3473 2295 3473 2306 3474 2284 3474 2283 3474 2307 3475 2295 3475 2296 3475 2284 3476 2285 3476 2297 3476 2284 3477 2297 3477 2296 3477 2306 3478 2285 3478 2284 3478 2307 3479 2296 3479 2297 3479 2285 3480 2286 3480 2298 3480 2285 3481 2298 3481 2297 3481 2306 3482 2286 3482 2285 3482 2307 3483 2297 3483 2298 3483 2286 3484 2287 3484 2299 3484 2286 3485 2299 3485 2298 3485 2306 3486 2287 3486 2286 3486 2307 3487 2298 3487 2299 3487 2287 3488 2288 3488 2300 3488 2287 3489 2300 3489 2299 3489 2306 3490 2288 3490 2287 3490 2307 3491 2299 3491 2300 3491 2288 3492 2289 3492 2301 3492 2288 3493 2301 3493 2300 3493 2306 3494 2289 3494 2288 3494 2307 3495 2300 3495 2301 3495 2289 3496 2290 3496 2302 3496 2289 3497 2302 3497 2301 3497 2306 3498 2290 3498 2289 3498 2307 3499 2301 3499 2302 3499 2290 3500 2291 3500 2303 3500 2290 3501 2303 3501 2302 3501 2306 3502 2291 3502 2290 3502 2307 3503 2302 3503 2303 3503 2291 3504 2292 3504 2304 3504 2291 3505 2304 3505 2303 3505 2306 3506 2292 3506 2291 3506 2307 3507 2303 3507 2304 3507 2292 3508 2293 3508 2305 3508 2292 3509 2305 3509 2304 3509 2306 3510 2293 3510 2292 3510 2307 3511 2304 3511 2305 3511 2293 3512 2282 3512 2294 3512 2293 3513 2294 3513 2305 3513 2306 3514 2282 3514 2293 3514 2307 3515 2305 3515 2294 3515 2308 3516 2310 3516 2309 3516 2308 3517 2311 3517 2310 3517 2312 3518 2313 3518 2314 3518 2312 3519 2314 3519 2315 3519 2308 3520 2309 3520 2313 3520 2308 3521 2313 3521 2312 3521 2309 3522 2310 3522 2314 3522 2309 3523 2314 3523 2313 3523 2310 3524 2311 3524 2315 3524 2310 3525 2315 3525 2314 3525 2311 3526 2308 3526 2312 3526 2311 3527 2312 3527 2315 3527 2316 3528 2318 3528 2317 3528 2316 3529 2319 3529 2318 3529 2320 3530 2321 3530 2322 3530 2320 3531 2322 3531 2323 3531 2316 3532 2317 3532 2321 3532 2316 3533 2321 3533 2320 3533 2317 3534 2318 3534 2322 3534 2317 3535 2322 3535 2321 3535 2318 3536 2319 3536 2323 3536 2318 3537 2323 3537 2322 3537 2319 3538 2316 3538 2320 3538 2319 3539 2320 3539 2323 3539 2324 3540 2326 3540 2325 3540 2324 3541 2327 3541 2326 3541 2328 3542 2329 3542 2330 3542 2328 3543 2330 3543 2331 3543 2324 3544 2325 3544 2329 3544 2324 3545 2329 3545 2328 3545 2325 3546 2326 3546 2330 3546 2325 3547 2330 3547 2329 3547 2326 3548 2327 3548 2331 3548 2326 3549 2331 3549 2330 3549 2327 3550 2324 3550 2328 3550 2327 3551 2328 3551 2331 3551 2332 3552 2334 3552 2333 3552 2332 3553 2335 3553 2334 3553 2336 3554 2337 3554 2338 3554 2336 3555 2338 3555 2339 3555 2332 3556 2333 3556 2337 3556 2332 3557 2337 3557 2336 3557 2333 3558 2334 3558 2338 3558 2333 3559 2338 3559 2337 3559 2334 3560 2335 3560 2339 3560 2334 3561 2339 3561 2338 3561 2335 3562 2332 3562 2336 3562 2335 3563 2336 3563 2339 3563 2340 3564 2342 3564 2341 3564 2340 3565 2343 3565 2342 3565 2344 3566 2345 3566 2346 3566 2344 3567 2346 3567 2347 3567 2340 3568 2341 3568 2345 3568 2340 3569 2345 3569 2344 3569 2341 3570 2342 3570 2346 3570 2341 3571 2346 3571 2345 3571 2342 3572 2343 3572 2347 3572 2342 3573 2347 3573 2346 3573 2343 3574 2340 3574 2344 3574 2343 3575 2344 3575 2347 3575 2348 3576 2350 3576 2349 3576 2348 3577 2351 3577 2350 3577 2352 3578 2353 3578 2354 3578 2352 3579 2354 3579 2355 3579 2348 3580 2349 3580 2353 3580 2348 3581 2353 3581 2352 3581 2349 3582 2350 3582 2354 3582 2349 3583 2354 3583 2353 3583 2350 3584 2351 3584 2355 3584 2350 3585 2355 3585 2354 3585 2351 3586 2348 3586 2352 3586 2351 3587 2352 3587 2355 3587 2356 3588 2358 3588 2357 3588 2356 3589 2359 3589 2358 3589 2360 3590 2361 3590 2362 3590 2360 3591 2362 3591 2363 3591 2356 3592 2357 3592 2361 3592 2356 3593 2361 3593 2360 3593 2357 3594 2358 3594 2362 3594 2357 3595 2362 3595 2361 3595 2358 3596 2359 3596 2363 3596 2358 3597 2363 3597 2362 3597 2359 3598 2356 3598 2360 3598 2359 3599 2360 3599 2363 3599 2364 3600 2366 3600 2365 3600 2364 3601 2367 3601 2366 3601 2368 3602 2369 3602 2370 3602 2368 3603 2370 3603 2371 3603 2364 3604 2365 3604 2369 3604 2364 3605 2369 3605 2368 3605 2365 3606 2366 3606 2370 3606 2365 3607 2370 3607 2369 3607 2366 3608 2367 3608 2371 3608 2366 3609 2371 3609 2370 3609 2367 3610 2364 3610 2368 3610 2367 3611 2368 3611 2371 3611 2372 3612 2374 3612 2373 3612 2372 3613 2375 3613 2374 3613 2376 3614 2377 3614 2378 3614 2376 3615 2378 3615 2379 3615 2372 3616 2373 3616 2377 3616 2372 3617 2377 3617 2376 3617 2373 3618 2374 3618 2378 3618 2373 3619 2378 3619 2377 3619 2374 3620 2375 3620 2379 3620 2374 3621 2379 3621 2378 3621 2375 3622 2372 3622 2376 3622 2375 3623 2376 3623 2379 3623 2380 3624 2382 3624 2381 3624 2380 3625 2383 3625 2382 3625 2384 3626 2385 3626 2386 3626 2384 3627 2386 3627 2387 3627 2380 3628 2381 3628 2385 3628 2380 3629 2385 3629 2384 3629 2381 3630 2382 3630 2386 3630 2381 3631 2386 3631 2385 3631 2382 3632 2383 3632 2387 3632 2382 3633 2387 3633 2386 3633 2383 3634 2380 3634 2384 3634 2383 3635 2384 3635 2387 3635 2388 3636 2390 3636 2389 3636 2388 3637 2391 3637 2390 3637 2392 3638 2393 3638 2394 3638 2392 3639 2394 3639 2395 3639 2388 3640 2389 3640 2393 3640 2388 3641 2393 3641 2392 3641 2389 3642 2390 3642 2394 3642 2389 3643 2394 3643 2393 3643 2390 3644 2391 3644 2395 3644 2390 3645 2395 3645 2394 3645 2391 3646 2388 3646 2392 3646 2391 3647 2392 3647 2395 3647 2396 3648 2398 3648 2397 3648 2396 3649 2399 3649 2398 3649 2400 3650 2401 3650 2402 3650 2400 3651 2402 3651 2403 3651 2396 3652 2397 3652 2401 3652 2396 3653 2401 3653 2400 3653 2397 3654 2398 3654 2402 3654 2397 3655 2402 3655 2401 3655 2398 3656 2399 3656 2403 3656 2398 3657 2403 3657 2402 3657 2399 3658 2396 3658 2400 3658 2399 3659 2400 3659 2403 3659 2404 3660 2406 3660 2405 3660 2404 3661 2407 3661 2406 3661 2408 3662 2409 3662 2410 3662 2408 3663 2410 3663 2411 3663 2404 3664 2405 3664 2409 3664 2404 3665 2409 3665 2408 3665 2405 3666 2406 3666 2410 3666 2405 3667 2410 3667 2409 3667 2406 3668 2407 3668 2411 3668 2406 3669 2411 3669 2410 3669 2407 3670 2404 3670 2408 3670 2407 3671 2408 3671 2411 3671 2412 3672 2414 3672 2413 3672 2412 3673 2415 3673 2414 3673 2416 3674 2417 3674 2418 3674 2416 3675 2418 3675 2419 3675 2412 3676 2413 3676 2417 3676 2412 3677 2417 3677 2416 3677 2413 3678 2414 3678 2418 3678 2413 3679 2418 3679 2417 3679 2414 3680 2415 3680 2419 3680 2414 3681 2419 3681 2418 3681 2415 3682 2412 3682 2416 3682 2415 3683 2416 3683 2419 3683 2420 3684 2422 3684 2421 3684 2420 3685 2423 3685 2422 3685 2424 3686 2425 3686 2426 3686 2424 3687 2426 3687 2427 3687 2420 3688 2421 3688 2425 3688 2420 3689 2425 3689 2424 3689 2421 3690 2422 3690 2426 3690 2421 3691 2426 3691 2425 3691 2422 3692 2423 3692 2427 3692 2422 3693 2427 3693 2426 3693 2423 3694 2420 3694 2424 3694 2423 3695 2424 3695 2427 3695 2428 3696 2430 3696 2429 3696 2428 3697 2431 3697 2430 3697 2432 3698 2433 3698 2434 3698 2432 3699 2434 3699 2435 3699 2428 3700 2429 3700 2433 3700 2428 3701 2433 3701 2432 3701 2429 3702 2430 3702 2434 3702 2429 3703 2434 3703 2433 3703 2430 3704 2431 3704 2435 3704 2430 3705 2435 3705 2434 3705 2431 3706 2428 3706 2432 3706 2431 3707 2432 3707 2435 3707 2436 3708 2438 3708 2437 3708 2436 3709 2439 3709 2438 3709 2440 3710 2441 3710 2442 3710 2440 3711 2442 3711 2443 3711 2436 3712 2437 3712 2441 3712 2436 3713 2441 3713 2440 3713 2437 3714 2438 3714 2442 3714 2437 3715 2442 3715 2441 3715 2438 3716 2439 3716 2443 3716 2438 3717 2443 3717 2442 3717 2439 3718 2436 3718 2440 3718 2439 3719 2440 3719 2443 3719 2444 3720 2446 3720 2445 3720 2444 3721 2447 3721 2446 3721 2448 3722 2449 3722 2450 3722 2448 3723 2450 3723 2451 3723 2444 3724 2445 3724 2449 3724 2444 3725 2449 3725 2448 3725 2445 3726 2446 3726 2450 3726 2445 3727 2450 3727 2449 3727 2446 3728 2447 3728 2451 3728 2446 3729 2451 3729 2450 3729 2447 3730 2444 3730 2448 3730 2447 3731 2448 3731 2451 3731 2452 3732 2454 3732 2453 3732 2452 3733 2455 3733 2454 3733 2456 3734 2457 3734 2458 3734 2456 3735 2458 3735 2459 3735 2452 3736 2453 3736 2457 3736 2452 3737 2457 3737 2456 3737 2453 3738 2454 3738 2458 3738 2453 3739 2458 3739 2457 3739 2454 3740 2455 3740 2459 3740 2454 3741 2459 3741 2458 3741 2455 3742 2452 3742 2456 3742 2455 3743 2456 3743 2459 3743 2460 3744 2462 3744 2461 3744 2460 3745 2463 3745 2462 3745 2464 3746 2465 3746 2466 3746 2464 3747 2466 3747 2467 3747 2460 3748 2461 3748 2465 3748 2460 3749 2465 3749 2464 3749 2461 3750 2462 3750 2466 3750 2461 3751 2466 3751 2465 3751 2462 3752 2463 3752 2467 3752 2462 3753 2467 3753 2466 3753 2463 3754 2460 3754 2464 3754 2463 3755 2464 3755 2467 3755 2468 3756 2470 3756 2469 3756 2468 3757 2471 3757 2470 3757 2472 3758 2473 3758 2474 3758 2472 3759 2474 3759 2475 3759 2468 3760 2469 3760 2473 3760 2468 3761 2473 3761 2472 3761 2469 3762 2470 3762 2474 3762 2469 3763 2474 3763 2473 3763 2470 3764 2471 3764 2475 3764 2470 3765 2475 3765 2474 3765 2471 3766 2468 3766 2472 3766 2471 3767 2472 3767 2475 3767 2476 3768 2478 3768 2477 3768 2476 3769 2479 3769 2478 3769 2480 3770 2481 3770 2482 3770 2480 3771 2482 3771 2483 3771 2476 3772 2477 3772 2481 3772 2476 3773 2481 3773 2480 3773 2477 3774 2478 3774 2482 3774 2477 3775 2482 3775 2481 3775 2478 3776 2479 3776 2483 3776 2478 3777 2483 3777 2482 3777 2479 3778 2476 3778 2480 3778 2479 3779 2480 3779 2483 3779 2484 3780 2486 3780 2485 3780 2484 3781 2487 3781 2486 3781 2488 3782 2489 3782 2490 3782 2488 3783 2490 3783 2491 3783 2484 3784 2485 3784 2489 3784 2484 3785 2489 3785 2488 3785 2485 3786 2486 3786 2490 3786 2485 3787 2490 3787 2489 3787 2486 3788 2487 3788 2491 3788 2486 3789 2491 3789 2490 3789 2487 3790 2484 3790 2488 3790 2487 3791 2488 3791 2491 3791 2492 3792 2494 3792 2493 3792 2492 3793 2495 3793 2494 3793 2496 3794 2497 3794 2498 3794 2496 3795 2498 3795 2499 3795 2492 3796 2493 3796 2497 3796 2492 3797 2497 3797 2496 3797 2493 3798 2494 3798 2498 3798 2493 3799 2498 3799 2497 3799 2494 3800 2495 3800 2499 3800 2494 3801 2499 3801 2498 3801 2495 3802 2492 3802 2496 3802 2495 3803 2496 3803 2499 3803 2500 3804 2502 3804 2501 3804 2500 3805 2503 3805 2502 3805 2504 3806 2505 3806 2506 3806 2504 3807 2506 3807 2507 3807 2500 3808 2501 3808 2505 3808 2500 3809 2505 3809 2504 3809 2501 3810 2502 3810 2506 3810 2501 3811 2506 3811 2505 3811 2502 3812 2503 3812 2507 3812 2502 3813 2507 3813 2506 3813 2503 3814 2500 3814 2504 3814 2503 3815 2504 3815 2507 3815 2508 3816 2510 3816 2509 3816 2508 3817 2511 3817 2510 3817 2512 3818 2513 3818 2514 3818 2512 3819 2514 3819 2515 3819 2508 3820 2509 3820 2513 3820 2508 3821 2513 3821 2512 3821 2509 3822 2510 3822 2514 3822 2509 3823 2514 3823 2513 3823 2510 3824 2511 3824 2515 3824 2510 3825 2515 3825 2514 3825 2511 3826 2508 3826 2512 3826 2511 3827 2512 3827 2515 3827 2516 3828 2518 3828 2517 3828 2516 3829 2519 3829 2518 3829 2520 3830 2521 3830 2522 3830 2520 3831 2522 3831 2523 3831 2516 3832 2517 3832 2521 3832 2516 3833 2521 3833 2520 3833 2517 3834 2518 3834 2522 3834 2517 3835 2522 3835 2521 3835 2518 3836 2519 3836 2523 3836 2518 3837 2523 3837 2522 3837 2519 3838 2516 3838 2520 3838 2519 3839 2520 3839 2523 3839 2524 3840 2526 3840 2525 3840 2524 3841 2527 3841 2526 3841 2528 3842 2529 3842 2530 3842 2528 3843 2530 3843 2531 3843 2524 3844 2525 3844 2529 3844 2524 3845 2529 3845 2528 3845 2525 3846 2526 3846 2530 3846 2525 3847 2530 3847 2529 3847 2526 3848 2527 3848 2531 3848 2526 3849 2531 3849 2530 3849 2527 3850 2524 3850 2528 3850 2527 3851 2528 3851 2531 3851 2532 3852 2534 3852 2533 3852 2532 3853 2535 3853 2534 3853 2536 3854 2537 3854 2538 3854 2536 3855 2538 3855 2539 3855 2532 3856 2533 3856 2537 3856 2532 3857 2537 3857 2536 3857 2533 3858 2534 3858 2538 3858 2533 3859 2538 3859 2537 3859 2534 3860 2535 3860 2539 3860 2534 3861 2539 3861 2538 3861 2535 3862 2532 3862 2536 3862 2535 3863 2536 3863 2539 3863 2540 3864 2542 3864 2541 3864 2540 3865 2543 3865 2542 3865 2544 3866 2545 3866 2546 3866 2544 3867 2546 3867 2547 3867 2540 3868 2541 3868 2545 3868 2540 3869 2545 3869 2544 3869 2541 3870 2542 3870 2546 3870 2541 3871 2546 3871 2545 3871 2542 3872 2543 3872 2547 3872 2542 3873 2547 3873 2546 3873 2543 3874 2540 3874 2544 3874 2543 3875 2544 3875 2547 3875 2548 3876 2550 3876 2549 3876 2548 3877 2551 3877 2550 3877 2552 3878 2553 3878 2554 3878 2552 3879 2554 3879 2555 3879 2548 3880 2549 3880 2553 3880 2548 3881 2553 3881 2552 3881 2549 3882 2550 3882 2554 3882 2549 3883 2554 3883 2553 3883 2550 3884 2551 3884 2555 3884 2550 3885 2555 3885 2554 3885 2551 3886 2548 3886 2552 3886 2551 3887 2552 3887 2555 3887 2556 3888 2558 3888 2557 3888 2556 3889 2559 3889 2558 3889 2560 3890 2561 3890 2562 3890 2560 3891 2562 3891 2563 3891 2556 3892 2557 3892 2561 3892 2556 3893 2561 3893 2560 3893 2557 3894 2558 3894 2562 3894 2557 3895 2562 3895 2561 3895 2558 3896 2559 3896 2563 3896 2558 3897 2563 3897 2562 3897 2559 3898 2556 3898 2560 3898 2559 3899 2560 3899 2563 3899 2564 3900 2566 3900 2565 3900 2564 3901 2567 3901 2566 3901 2568 3902 2569 3902 2570 3902 2568 3903 2570 3903 2571 3903 2564 3904 2565 3904 2569 3904 2564 3905 2569 3905 2568 3905 2565 3906 2566 3906 2570 3906 2565 3907 2570 3907 2569 3907 2566 3908 2567 3908 2571 3908 2566 3909 2571 3909 2570 3909 2567 3910 2564 3910 2568 3910 2567 3911 2568 3911 2571 3911 2572 3912 2574 3912 2573 3912 2572 3913 2575 3913 2574 3913 2576 3914 2577 3914 2578 3914 2576 3915 2578 3915 2579 3915 2572 3916 2573 3916 2577 3916 2572 3917 2577 3917 2576 3917 2573 3918 2574 3918 2578 3918 2573 3919 2578 3919 2577 3919 2574 3920 2575 3920 2579 3920 2574 3921 2579 3921 2578 3921 2575 3922 2572 3922 2576 3922 2575 3923 2576 3923 2579 3923 2580 3924 2582 3924 2581 3924 2580 3925 2583 3925 2582 3925 2584 3926 2585 3926 2586 3926 2584 3927 2586 3927 2587 3927 2580 3928 2581 3928 2585 3928 2580 3929 2585 3929 2584 3929 2581 3930 2582 3930 2586 3930 2581 3931 2586 3931 2585 3931 2582 3932 2583 3932 2587 3932 2582 3933 2587 3933 2586 3933 2583 3934 2580 3934 2584 3934 2583 3935 2584 3935 2587 3935 2588 3936 2590 3936 2589 3936 2588 3937 2591 3937 2590 3937 2592 3938 2593 3938 2594 3938 2592 3939 2594 3939 2595 3939 2588 3940 2589 3940 2593 3940 2588 3941 2593 3941 2592 3941 2589 3942 2590 3942 2594 3942 2589 3943 2594 3943 2593 3943 2590 3944 2591 3944 2595 3944 2590 3945 2595 3945 2594 3945 2591 3946 2588 3946 2592 3946 2591 3947 2592 3947 2595 3947 2596 3948 2598 3948 2597 3948 2596 3949 2599 3949 2598 3949 2600 3950 2601 3950 2602 3950 2600 3951 2602 3951 2603 3951 2596 3952 2597 3952 2601 3952 2596 3953 2601 3953 2600 3953 2597 3954 2598 3954 2602 3954 2597 3955 2602 3955 2601 3955 2598 3956 2599 3956 2603 3956 2598 3957 2603 3957 2602 3957 2599 3958 2596 3958 2600 3958 2599 3959 2600 3959 2603 3959 2604 3960 2606 3960 2605 3960 2604 3961 2607 3961 2606 3961 2608 3962 2609 3962 2610 3962 2608 3963 2610 3963 2611 3963 2604 3964 2605 3964 2609 3964 2604 3965 2609 3965 2608 3965 2605 3966 2606 3966 2610 3966 2605 3967 2610 3967 2609 3967 2606 3968 2607 3968 2611 3968 2606 3969 2611 3969 2610 3969 2607 3970 2604 3970 2608 3970 2607 3971 2608 3971 2611 3971 2612 3972 2614 3972 2613 3972 2612 3973 2615 3973 2614 3973 2616 3974 2617 3974 2618 3974 2616 3975 2618 3975 2619 3975 2612 3976 2613 3976 2617 3976 2612 3977 2617 3977 2616 3977 2613 3978 2614 3978 2618 3978 2613 3979 2618 3979 2617 3979 2614 3980 2615 3980 2619 3980 2614 3981 2619 3981 2618 3981 2615 3982 2612 3982 2616 3982 2615 3983 2616 3983 2619 3983 2620 3984 2622 3984 2621 3984 2620 3985 2623 3985 2622 3985 2624 3986 2625 3986 2626 3986 2624 3987 2626 3987 2627 3987 2620 3988 2621 3988 2625 3988 2620 3989 2625 3989 2624 3989 2621 3990 2622 3990 2626 3990 2621 3991 2626 3991 2625 3991 2622 3992 2623 3992 2627 3992 2622 3993 2627 3993 2626 3993 2623 3994 2620 3994 2624 3994 2623 3995 2624 3995 2627 3995 2628 3996 2629 3996 2649 3996 2628 3997 2649 3997 2648 3997 2668 3998 2629 3998 2628 3998 2669 3999 2648 3999 2649 3999 2629 4000 2630 4000 2650 4000 2629 4001 2650 4001 2649 4001 2668 4002 2630 4002 2629 4002 2669 4003 2649 4003 2650 4003 2630 4004 2631 4004 2651 4004 2630 4005 2651 4005 2650 4005 2668 4006 2631 4006 2630 4006 2669 4007 2650 4007 2651 4007 2631 4008 2632 4008 2652 4008 2631 4009 2652 4009 2651 4009 2668 4010 2632 4010 2631 4010 2669 4011 2651 4011 2652 4011 2632 4012 2633 4012 2653 4012 2632 4013 2653 4013 2652 4013 2668 4014 2633 4014 2632 4014 2669 4015 2652 4015 2653 4015 2633 4016 2634 4016 2654 4016 2633 4017 2654 4017 2653 4017 2668 4018 2634 4018 2633 4018 2669 4019 2653 4019 2654 4019 2634 4020 2635 4020 2655 4020 2634 4021 2655 4021 2654 4021 2668 4022 2635 4022 2634 4022 2669 4023 2654 4023 2655 4023 2635 4024 2636 4024 2656 4024 2635 4025 2656 4025 2655 4025 2668 4026 2636 4026 2635 4026 2669 4027 2655 4027 2656 4027 2636 4028 2637 4028 2657 4028 2636 4029 2657 4029 2656 4029 2668 4030 2637 4030 2636 4030 2669 4031 2656 4031 2657 4031 2637 4032 2638 4032 2658 4032 2637 4033 2658 4033 2657 4033 2668 4034 2638 4034 2637 4034 2669 4035 2657 4035 2658 4035 2638 4036 2639 4036 2659 4036 2638 4037 2659 4037 2658 4037 2668 4038 2639 4038 2638 4038 2669 4039 2658 4039 2659 4039 2639 4040 2640 4040 2660 4040 2639 4041 2660 4041 2659 4041 2668 4042 2640 4042 2639 4042 2669 4043 2659 4043 2660 4043 2640 4044 2641 4044 2661 4044 2640 4045 2661 4045 2660 4045 2668 4046 2641 4046 2640 4046 2669 4047 2660 4047 2661 4047 2641 4048 2642 4048 2662 4048 2641 4049 2662 4049 2661 4049 2668 4050 2642 4050 2641 4050 2669 4051 2661 4051 2662 4051 2642 4052 2643 4052 2663 4052 2642 4053 2663 4053 2662 4053 2668 4054 2643 4054 2642 4054 2669 4055 2662 4055 2663 4055 2643 4056 2644 4056 2664 4056 2643 4057 2664 4057 2663 4057 2668 4058 2644 4058 2643 4058 2669 4059 2663 4059 2664 4059 2644 4060 2645 4060 2665 4060 2644 4061 2665 4061 2664 4061 2668 4062 2645 4062 2644 4062 2669 4063 2664 4063 2665 4063 2645 4064 2646 4064 2666 4064 2645 4065 2666 4065 2665 4065 2668 4066 2646 4066 2645 4066 2669 4067 2665 4067 2666 4067 2646 4068 2647 4068 2667 4068 2646 4069 2667 4069 2666 4069 2668 4070 2647 4070 2646 4070 2669 4071 2666 4071 2667 4071 2647 4072 2628 4072 2648 4072 2647 4073 2648 4073 2667 4073 2668 4074 2628 4074 2647 4074 2669 4075 2667 4075 2648 4075 2670 4076 2671 4076 2691 4076 2670 4077 2691 4077 2690 4077 2710 4078 2671 4078 2670 4078 2711 4079 2690 4079 2691 4079 2671 4080 2672 4080 2692 4080 2671 4081 2692 4081 2691 4081 2710 4082 2672 4082 2671 4082 2711 4083 2691 4083 2692 4083 2672 4084 2673 4084 2693 4084 2672 4085 2693 4085 2692 4085 2710 4086 2673 4086 2672 4086 2711 4087 2692 4087 2693 4087 2673 4088 2674 4088 2694 4088 2673 4089 2694 4089 2693 4089 2710 4090 2674 4090 2673 4090 2711 4091 2693 4091 2694 4091 2674 4092 2675 4092 2695 4092 2674 4093 2695 4093 2694 4093 2710 4094 2675 4094 2674 4094 2711 4095 2694 4095 2695 4095 2675 4096 2676 4096 2696 4096 2675 4097 2696 4097 2695 4097 2710 4098 2676 4098 2675 4098 2711 4099 2695 4099 2696 4099 2676 4100 2677 4100 2697 4100 2676 4101 2697 4101 2696 4101 2710 4102 2677 4102 2676 4102 2711 4103 2696 4103 2697 4103 2677 4104 2678 4104 2698 4104 2677 4105 2698 4105 2697 4105 2710 4106 2678 4106 2677 4106 2711 4107 2697 4107 2698 4107 2678 4108 2679 4108 2699 4108 2678 4109 2699 4109 2698 4109 2710 4110 2679 4110 2678 4110 2711 4111 2698 4111 2699 4111 2679 4112 2680 4112 2700 4112 2679 4113 2700 4113 2699 4113 2710 4114 2680 4114 2679 4114 2711 4115 2699 4115 2700 4115 2680 4116 2681 4116 2701 4116 2680 4117 2701 4117 2700 4117 2710 4118 2681 4118 2680 4118 2711 4119 2700 4119 2701 4119 2681 4120 2682 4120 2702 4120 2681 4121 2702 4121 2701 4121 2710 4122 2682 4122 2681 4122 2711 4123 2701 4123 2702 4123 2682 4124 2683 4124 2703 4124 2682 4125 2703 4125 2702 4125 2710 4126 2683 4126 2682 4126 2711 4127 2702 4127 2703 4127 2683 4128 2684 4128 2704 4128 2683 4129 2704 4129 2703 4129 2710 4130 2684 4130 2683 4130 2711 4131 2703 4131 2704 4131 2684 4132 2685 4132 2705 4132 2684 4133 2705 4133 2704 4133 2710 4134 2685 4134 2684 4134 2711 4135 2704 4135 2705 4135 2685 4136 2686 4136 2706 4136 2685 4137 2706 4137 2705 4137 2710 4138 2686 4138 2685 4138 2711 4139 2705 4139 2706 4139 2686 4140 2687 4140 2707 4140 2686 4141 2707 4141 2706 4141 2710 4142 2687 4142 2686 4142 2711 4143 2706 4143 2707 4143 2687 4144 2688 4144 2708 4144 2687 4145 2708 4145 2707 4145 2710 4146 2688 4146 2687 4146 2711 4147 2707 4147 2708 4147 2688 4148 2689 4148 2709 4148 2688 4149 2709 4149 2708 4149 2710 4150 2689 4150 2688 4150 2711 4151 2708 4151 2709 4151 2689 4152 2670 4152 2690 4152 2689 4153 2690 4153 2709 4153 2710 4154 2670 4154 2689 4154 2711 4155 2709 4155 2690 4155 2712 4156 2713 4156 2733 4156 2712 4157 2733 4157 2732 4157 2752 4158 2713 4158 2712 4158 2753 4159 2732 4159 2733 4159 2713 4160 2714 4160 2734 4160 2713 4161 2734 4161 2733 4161 2752 4162 2714 4162 2713 4162 2753 4163 2733 4163 2734 4163 2714 4164 2715 4164 2735 4164 2714 4165 2735 4165 2734 4165 2752 4166 2715 4166 2714 4166 2753 4167 2734 4167 2735 4167 2715 4168 2716 4168 2736 4168 2715 4169 2736 4169 2735 4169 2752 4170 2716 4170 2715 4170 2753 4171 2735 4171 2736 4171 2716 4172 2717 4172 2737 4172 2716 4173 2737 4173 2736 4173 2752 4174 2717 4174 2716 4174 2753 4175 2736 4175 2737 4175 2717 4176 2718 4176 2738 4176 2717 4177 2738 4177 2737 4177 2752 4178 2718 4178 2717 4178 2753 4179 2737 4179 2738 4179 2718 4180 2719 4180 2739 4180 2718 4181 2739 4181 2738 4181 2752 4182 2719 4182 2718 4182 2753 4183 2738 4183 2739 4183 2719 4184 2720 4184 2740 4184 2719 4185 2740 4185 2739 4185 2752 4186 2720 4186 2719 4186 2753 4187 2739 4187 2740 4187 2720 4188 2721 4188 2741 4188 2720 4189 2741 4189 2740 4189 2752 4190 2721 4190 2720 4190 2753 4191 2740 4191 2741 4191 2721 4192 2722 4192 2742 4192 2721 4193 2742 4193 2741 4193 2752 4194 2722 4194 2721 4194 2753 4195 2741 4195 2742 4195 2722 4196 2723 4196 2743 4196 2722 4197 2743 4197 2742 4197 2752 4198 2723 4198 2722 4198 2753 4199 2742 4199 2743 4199 2723 4200 2724 4200 2744 4200 2723 4201 2744 4201 2743 4201 2752 4202 2724 4202 2723 4202 2753 4203 2743 4203 2744 4203 2724 4204 2725 4204 2745 4204 2724 4205 2745 4205 2744 4205 2752 4206 2725 4206 2724 4206 2753 4207 2744 4207 2745 4207 2725 4208 2726 4208 2746 4208 2725 4209 2746 4209 2745 4209 2752 4210 2726 4210 2725 4210 2753 4211 2745 4211 2746 4211 2726 4212 2727 4212 2747 4212 2726 4213 2747 4213 2746 4213 2752 4214 2727 4214 2726 4214 2753 4215 2746 4215 2747 4215 2727 4216 2728 4216 2748 4216 2727 4217 2748 4217 2747 4217 2752 4218 2728 4218 2727 4218 2753 4219 2747 4219 2748 4219 2728 4220 2729 4220 2749 4220 2728 4221 2749 4221 2748 4221 2752 4222 2729 4222 2728 4222 2753 4223 2748 4223 2749 4223 2729 4224 2730 4224 2750 4224 2729 4225 2750 4225 2749 4225 2752 4226 2730 4226 2729 4226 2753 4227 2749 4227 2750 4227 2730 4228 2731 4228 2751 4228 2730 4229 2751 4229 2750 4229 2752 4230 2731 4230 2730 4230 2753 4231 2750 4231 2751 4231 2731 4232 2712 4232 2732 4232 2731 4233 2732 4233 2751 4233 2752 4234 2712 4234 2731 4234 2753 4235 2751 4235 2732 4235 2754 4236 2756 4236 2755 4236 2754 4237 2757 4237 2756 4237 2758 4238 2759 4238 2760 4238 2758 4239 2760 4239 2761 4239 2754 4240 2755 4240 2759 4240 2754 4241 2759 4241 2758 4241 2755 4242 2756 4242 2760 4242 2755 4243 2760 4243 2759 4243 2756 4244 2757 4244 2761 4244 2756 4245 2761 4245 2760 4245 2757 4246 2754 4246 2758 4246 2757 4247 2758 4247 2761 4247 2762 4248 2764 4248 2763 4248 2762 4249 2765 4249 2764 4249 2766 4250 2767 4250 2768 4250 2766 4251 2768 4251 2769 4251 2762 4252 2763 4252 2767 4252 2762 4253 2767 4253 2766 4253 2763 4254 2764 4254 2768 4254 2763 4255 2768 4255 2767 4255 2764 4256 2765 4256 2769 4256 2764 4257 2769 4257 2768 4257 2765 4258 2762 4258 2766 4258 2765 4259 2766 4259 2769 4259 2770 4260 2772 4260 2771 4260 2770 4261 2773 4261 2772 4261 2774 4262 2775 4262 2776 4262 2774 4263 2776 4263 2777 4263 2770 4264 2771 4264 2775 4264 2770 4265 2775 4265 2774 4265 2771 4266 2772 4266 2776 4266 2771 4267 2776 4267 2775 4267 2772 4268 2773 4268 2777 4268 2772 4269 2777 4269 2776 4269 2773 4270 2770 4270 2774 4270 2773 4271 2774 4271 2777 4271 2778 4272 2780 4272 2779 4272 2778 4273 2781 4273 2780 4273 2782 4274 2783 4274 2784 4274 2782 4275 2784 4275 2785 4275 2778 4276 2779 4276 2783 4276 2778 4277 2783 4277 2782 4277 2779 4278 2780 4278 2784 4278 2779 4279 2784 4279 2783 4279 2780 4280 2781 4280 2785 4280 2780 4281 2785 4281 2784 4281 2781 4282 2778 4282 2782 4282 2781 4283 2782 4283 2785 4283 2786 4284 2788 4284 2787 4284 2786 4285 2789 4285 2788 4285 2790 4286 2791 4286 2792 4286 2790 4287 2792 4287 2793 4287 2786 4288 2787 4288 2791 4288 2786 4289 2791 4289 2790 4289 2787 4290 2788 4290 2792 4290 2787 4291 2792 4291 2791 4291 2788 4292 2789 4292 2793 4292 2788 4293 2793 4293 2792 4293 2789 4294 2786 4294 2790 4294 2789 4295 2790 4295 2793 4295 2794 4296 2796 4296 2795 4296 2794 4297 2797 4297 2796 4297 2798 4298 2799 4298 2800 4298 2798 4299 2800 4299 2801 4299 2794 4300 2795 4300 2799 4300 2794 4301 2799 4301 2798 4301 2795 4302 2796 4302 2800 4302 2795 4303 2800 4303 2799 4303 2796 4304 2797 4304 2801 4304 2796 4305 2801 4305 2800 4305 2797 4306 2794 4306 2798 4306 2797 4307 2798 4307 2801 4307 2802 4308 2804 4308 2803 4308 2802 4309 2805 4309 2804 4309 2806 4310 2807 4310 2808 4310 2806 4311 2808 4311 2809 4311 2802 4312 2803 4312 2807 4312 2802 4313 2807 4313 2806 4313 2803 4314 2804 4314 2808 4314 2803 4315 2808 4315 2807 4315 2804 4316 2805 4316 2809 4316 2804 4317 2809 4317 2808 4317 2805 4318 2802 4318 2806 4318 2805 4319 2806 4319 2809 4319 2810 4320 2812 4320 2811 4320 2810 4321 2813 4321 2812 4321 2814 4322 2815 4322 2816 4322 2814 4323 2816 4323 2817 4323 2810 4324 2811 4324 2815 4324 2810 4325 2815 4325 2814 4325 2811 4326 2812 4326 2816 4326 2811 4327 2816 4327 2815 4327 2812 4328 2813 4328 2817 4328 2812 4329 2817 4329 2816 4329 2813 4330 2810 4330 2814 4330 2813 4331 2814 4331 2817 4331 2818 4332 2820 4332 2819 4332 2818 4333 2821 4333 2820 4333 2822 4334 2823 4334 2824 4334 2822 4335 2824 4335 2825 4335 2818 4336 2819 4336 2823 4336 2818 4337 2823 4337 2822 4337 2819 4338 2820 4338 2824 4338 2819 4339 2824 4339 2823 4339 2820 4340 2821 4340 2825 4340 2820 4341 2825 4341 2824 4341 2821 4342 2818 4342 2822 4342 2821 4343 2822 4343 2825 4343 2826 4344 2828 4344 2827 4344 2826 4345 2829 4345 2828 4345 2830 4346 2831 4346 2832 4346 2830 4347 2832 4347 2833 4347 2826 4348 2827 4348 2831 4348 2826 4349 2831 4349 2830 4349 2827 4350 2828 4350 2832 4350 2827 4351 2832 4351 2831 4351 2828 4352 2829 4352 2833 4352 2828 4353 2833 4353 2832 4353 2829 4354 2826 4354 2830 4354 2829 4355 2830 4355 2833 4355 2834 4356 2836 4356 2835 4356 2834 4357 2837 4357 2836 4357 2838 4358 2839 4358 2840 4358 2838 4359 2840 4359 2841 4359 2834 4360 2835 4360 2839 4360 2834 4361 2839 4361 2838 4361 2835 4362 2836 4362 2840 4362 2835 4363 2840 4363 2839 4363 2836 4364 2837 4364 2841 4364 2836 4365 2841 4365 2840 4365 2837 4366 2834 4366 2838 4366 2837 4367 2838 4367 2841 4367 2842 4368 2844 4368 2843 4368 2842 4369 2845 4369 2844 4369 2846 4370 2847 4370 2848 4370 2846 4371 2848 4371 2849 4371 2842 4372 2843 4372 2847 4372 2842 4373 2847 4373 2846 4373 2843 4374 2844 4374 2848 4374 2843 4375 2848 4375 2847 4375 2844 4376 2845 4376 2849 4376 2844 4377 2849 4377 2848 4377 2845 4378 2842 4378 2846 4378 2845 4379 2846 4379 2849 4379 2850 4380 2852 4380 2851 4380 2850 4381 2853 4381 2852 4381 2854 4382 2855 4382 2856 4382 2854 4383 2856 4383 2857 4383 2850 4384 2851 4384 2855 4384 2850 4385 2855 4385 2854 4385 2851 4386 2852 4386 2856 4386 2851 4387 2856 4387 2855 4387 2852 4388 2853 4388 2857 4388 2852 4389 2857 4389 2856 4389 2853 4390 2850 4390 2854 4390 2853 4391 2854 4391 2857 4391 2858 4392 2860 4392 2859 4392 2858 4393 2861 4393 2860 4393 2862 4394 2863 4394 2864 4394 2862 4395 2864 4395 2865 4395 2858 4396 2859 4396 2863 4396 2858 4397 2863 4397 2862 4397 2859 4398 2860 4398 2864 4398 2859 4399 2864 4399 2863 4399 2860 4400 2861 4400 2865 4400 2860 4401 2865 4401 2864 4401 2861 4402 2858 4402 2862 4402 2861 4403 2862 4403 2865 4403 2866 4404 2868 4404 2867 4404 2866 4405 2869 4405 2868 4405 2870 4406 2871 4406 2872 4406 2870 4407 2872 4407 2873 4407 2866 4408 2867 4408 2871 4408 2866 4409 2871 4409 2870 4409 2867 4410 2868 4410 2872 4410 2867 4411 2872 4411 2871 4411 2868 4412 2869 4412 2873 4412 2868 4413 2873 4413 2872 4413 2869 4414 2866 4414 2870 4414 2869 4415 2870 4415 2873 4415 2874 4416 2876 4416 2875 4416 2874 4417 2877 4417 2876 4417 2878 4418 2879 4418 2880 4418 2878 4419 2880 4419 2881 4419 2874 4420 2875 4420 2879 4420 2874 4421 2879 4421 2878 4421 2875 4422 2876 4422 2880 4422 2875 4423 2880 4423 2879 4423 2876 4424 2877 4424 2881 4424 2876 4425 2881 4425 2880 4425 2877 4426 2874 4426 2878 4426 2877 4427 2878 4427 2881 4427 2882 4428 2884 4428 2883 4428 2882 4429 2885 4429 2884 4429 2886 4430 2887 4430 2888 4430 2886 4431 2888 4431 2889 4431 2882 4432 2883 4432 2887 4432 2882 4433 2887 4433 2886 4433 2883 4434 2884 4434 2888 4434 2883 4435 2888 4435 2887 4435 2884 4436 2885 4436 2889 4436 2884 4437 2889 4437 2888 4437 2885 4438 2882 4438 2886 4438 2885 4439 2886 4439 2889 4439 2890 4440 2892 4440 2891 4440 2890 4441 2893 4441 2892 4441 2894 4442 2895 4442 2896 4442 2894 4443 2896 4443 2897 4443 2890 4444 2891 4444 2895 4444 2890 4445 2895 4445 2894 4445 2891 4446 2892 4446 2896 4446 2891 4447 2896 4447 2895 4447 2892 4448 2893 4448 2897 4448 2892 4449 2897 4449 2896 4449 2893 4450 2890 4450 2894 4450 2893 4451 2894 4451 2897 4451 2898 4452 2900 4452 2899 4452 2898 4453 2901 4453 2900 4453 2902 4454 2903 4454 2904 4454 2902 4455 2904 4455 2905 4455 2898 4456 2899 4456 2903 4456 2898 4457 2903 4457 2902 4457 2899 4458 2900 4458 2904 4458 2899 4459 2904 4459 2903 4459 2900 4460 2901 4460 2905 4460 2900 4461 2905 4461 2904 4461 2901 4462 2898 4462 2902 4462 2901 4463 2902 4463 2905 4463 2906 4464 2908 4464 2907 4464 2906 4465 2909 4465 2908 4465 2910 4466 2911 4466 2912 4466 2910 4467 2912 4467 2913 4467 2906 4468 2907 4468 2911 4468 2906 4469 2911 4469 2910 4469 2907 4470 2908 4470 2912 4470 2907 4471 2912 4471 2911 4471 2908 4472 2909 4472 2913 4472 2908 4473 2913 4473 2912 4473 2909 4474 2906 4474 2910 4474 2909 4475 2910 4475 2913 4475 2914 4476 2916 4476 2915 4476 2914 4477 2917 4477 2916 4477 2918 4478 2919 4478 2920 4478 2918 4479 2920 4479 2921 4479 2914 4480 2915 4480 2919 4480 2914 4481 2919 4481 2918 4481 2915 4482 2916 4482 2920 4482 2915 4483 2920 4483 2919 4483 2916 4484 2917 4484 2921 4484 2916 4485 2921 4485 2920 4485 2917 4486 2914 4486 2918 4486 2917 4487 2918 4487 2921 4487 2922 4488 2924 4488 2923 4488 2922 4489 2925 4489 2924 4489 2926 4490 2927 4490 2928 4490 2926 4491 2928 4491 2929 4491 2922 4492 2923 4492 2927 4492 2922 4493 2927 4493 2926 4493 2923 4494 2924 4494 2928 4494 2923 4495 2928 4495 2927 4495 2924 4496 2925 4496 2929 4496 2924 4497 2929 4497 2928 4497 2925 4498 2922 4498 2926 4498 2925 4499 2926 4499 2929 4499 2930 4500 2932 4500 2931 4500 2930 4501 2933 4501 2932 4501 2934 4502 2935 4502 2936 4502 2934 4503 2936 4503 2937 4503 2930 4504 2931 4504 2935 4504 2930 4505 2935 4505 2934 4505 2931 4506 2932 4506 2936 4506 2931 4507 2936 4507 2935 4507 2932 4508 2933 4508 2937 4508 2932 4509 2937 4509 2936 4509 2933 4510 2930 4510 2934 4510 2933 4511 2934 4511 2937 4511 2938 4512 2940 4512 2939 4512 2938 4513 2941 4513 2940 4513 2942 4514 2943 4514 2944 4514 2942 4515 2944 4515 2945 4515 2938 4516 2939 4516 2943 4516 2938 4517 2943 4517 2942 4517 2939 4518 2940 4518 2944 4518 2939 4519 2944 4519 2943 4519 2940 4520 2941 4520 2945 4520 2940 4521 2945 4521 2944 4521 2941 4522 2938 4522 2942 4522 2941 4523 2942 4523 2945 4523 2946 4524 2948 4524 2947 4524 2946 4525 2949 4525 2948 4525 2950 4526 2951 4526 2952 4526 2950 4527 2952 4527 2953 4527 2946 4528 2947 4528 2951 4528 2946 4529 2951 4529 2950 4529 2947 4530 2948 4530 2952 4530 2947 4531 2952 4531 2951 4531 2948 4532 2949 4532 2953 4532 2948 4533 2953 4533 2952 4533 2949 4534 2946 4534 2950 4534 2949 4535 2950 4535 2953 4535 2954 4536 2956 4536 2955 4536 2954 4537 2957 4537 2956 4537 2958 4538 2959 4538 2960 4538 2958 4539 2960 4539 2961 4539 2954 4540 2955 4540 2959 4540 2954 4541 2959 4541 2958 4541 2955 4542 2956 4542 2960 4542 2955 4543 2960 4543 2959 4543 2956 4544 2957 4544 2961 4544 2956 4545 2961 4545 2960 4545 2957 4546 2954 4546 2958 4546 2957 4547 2958 4547 2961 4547 2962 4548 2964 4548 2963 4548 2962 4549 2965 4549 2964 4549 2966 4550 2967 4550 2968 4550 2966 4551 2968 4551 2969 4551 2962 4552 2963 4552 2967 4552 2962 4553 2967 4553 2966 4553 2963 4554 2964 4554 2968 4554 2963 4555 2968 4555 2967 4555 2964 4556 2965 4556 2969 4556 2964 4557 2969 4557 2968 4557 2965 4558 2962 4558 2966 4558 2965 4559 2966 4559 2969 4559 2970 4560 2972 4560 2971 4560 2970 4561 2973 4561 2972 4561 2974 4562 2975 4562 2976 4562 2974 4563 2976 4563 2977 4563 2970 4564 2971 4564 2975 4564 2970 4565 2975 4565 2974 4565 2971 4566 2972 4566 2976 4566 2971 4567 2976 4567 2975 4567 2972 4568 2973 4568 2977 4568 2972 4569 2977 4569 2976 4569 2973 4570 2970 4570 2974 4570 2973 4571 2974 4571 2977 4571 2978 4572 2980 4572 2979 4572 2978 4573 2981 4573 2980 4573 2982 4574 2983 4574 2984 4574 2982 4575 2984 4575 2985 4575 2978 4576 2979 4576 2983 4576 2978 4577 2983 4577 2982 4577 2979 4578 2980 4578 2984 4578 2979 4579 2984 4579 2983 4579 2980 4580 2981 4580 2985 4580 2980 4581 2985 4581 2984 4581 2981 4582 2978 4582 2982 4582 2981 4583 2982 4583 2985 4583 2986 4584 2988 4584 2987 4584 2986 4585 2989 4585 2988 4585 2990 4586 2991 4586 2992 4586 2990 4587 2992 4587 2993 4587 2986 4588 2987 4588 2991 4588 2986 4589 2991 4589 2990 4589 2987 4590 2988 4590 2992 4590 2987 4591 2992 4591 2991 4591 2988 4592 2989 4592 2993 4592 2988 4593 2993 4593 2992 4593 2989 4594 2986 4594 2990 4594 2989 4595 2990 4595 2993 4595 2994 4596 2996 4596 2995 4596 2994 4597 2997 4597 2996 4597 2998 4598 2999 4598 3000 4598 2998 4599 3000 4599 3001 4599 2994 4600 2995 4600 2999 4600 2994 4601 2999 4601 2998 4601 2995 4602 2996 4602 3000 4602 2995 4603 3000 4603 2999 4603 2996 4604 2997 4604 3001 4604 2996 4605 3001 4605 3000 4605 2997 4606 2994 4606 2998 4606 2997 4607 2998 4607 3001 4607 3002 4608 3004 4608 3003 4608 3002 4609 3005 4609 3004 4609 3006 4610 3007 4610 3008 4610 3006 4611 3008 4611 3009 4611 3002 4612 3003 4612 3007 4612 3002 4613 3007 4613 3006 4613 3003 4614 3004 4614 3008 4614 3003 4615 3008 4615 3007 4615 3004 4616 3005 4616 3009 4616 3004 4617 3009 4617 3008 4617 3005 4618 3002 4618 3006 4618 3005 4619 3006 4619 3009 4619 3010 4620 3012 4620 3011 4620 3010 4621 3013 4621 3012 4621 3014 4622 3015 4622 3016 4622 3014 4623 3016 4623 3017 4623 3010 4624 3011 4624 3015 4624 3010 4625 3015 4625 3014 4625 3011 4626 3012 4626 3016 4626 3011 4627 3016 4627 3015 4627 3012 4628 3013 4628 3017 4628 3012 4629 3017 4629 3016 4629 3013 4630 3010 4630 3014 4630 3013 4631 3014 4631 3017 4631 3018 4632 3020 4632 3019 4632 3018 4633 3021 4633 3020 4633 3022 4634 3023 4634 3024 4634 3022 4635 3024 4635 3025 4635 3018 4636 3019 4636 3023 4636 3018 4637 3023 4637 3022 4637 3019 4638 3020 4638 3024 4638 3019 4639 3024 4639 3023 4639 3020 4640 3021 4640 3025 4640 3020 4641 3025 4641 3024 4641 3021 4642 3018 4642 3022 4642 3021 4643 3022 4643 3025 4643 3026 4644 3027 4644 3039 4644 3026 4645 3039 4645 3038 4645 3050 4646 3027 4646 3026 4646 3051 4647 3038 4647 3039 4647 3027 4648 3028 4648 3040 4648 3027 4649 3040 4649 3039 4649 3050 4650 3028 4650 3027 4650 3051 4651 3039 4651 3040 4651 3028 4652 3029 4652 3041 4652 3028 4653 3041 4653 3040 4653 3050 4654 3029 4654 3028 4654 3051 4655 3040 4655 3041 4655 3029 4656 3030 4656 3042 4656 3029 4657 3042 4657 3041 4657 3050 4658 3030 4658 3029 4658 3051 4659 3041 4659 3042 4659 3030 4660 3031 4660 3043 4660 3030 4661 3043 4661 3042 4661 3050 4662 3031 4662 3030 4662 3051 4663 3042 4663 3043 4663 3031 4664 3032 4664 3044 4664 3031 4665 3044 4665 3043 4665 3050 4666 3032 4666 3031 4666 3051 4667 3043 4667 3044 4667 3032 4668 3033 4668 3045 4668 3032 4669 3045 4669 3044 4669 3050 4670 3033 4670 3032 4670 3051 4671 3044 4671 3045 4671 3033 4672 3034 4672 3046 4672 3033 4673 3046 4673 3045 4673 3050 4674 3034 4674 3033 4674 3051 4675 3045 4675 3046 4675 3034 4676 3035 4676 3047 4676 3034 4677 3047 4677 3046 4677 3050 4678 3035 4678 3034 4678 3051 4679 3046 4679 3047 4679 3035 4680 3036 4680 3048 4680 3035 4681 3048 4681 3047 4681 3050 4682 3036 4682 3035 4682 3051 4683 3047 4683 3048 4683 3036 4684 3037 4684 3049 4684 3036 4685 3049 4685 3048 4685 3050 4686 3037 4686 3036 4686 3051 4687 3048 4687 3049 4687 3037 4688 3026 4688 3038 4688 3037 4689 3038 4689 3049 4689 3050 4690 3026 4690 3037 4690 3051 4691 3049 4691 3038 4691 3052 4692 3053 4692 3065 4692 3052 4693 3065 4693 3064 4693 3076 4694 3053 4694 3052 4694 3077 4695 3064 4695 3065 4695 3053 4696 3054 4696 3066 4696 3053 4697 3066 4697 3065 4697 3076 4698 3054 4698 3053 4698 3077 4699 3065 4699 3066 4699 3054 4700 3055 4700 3067 4700 3054 4701 3067 4701 3066 4701 3076 4702 3055 4702 3054 4702 3077 4703 3066 4703 3067 4703 3055 4704 3056 4704 3068 4704 3055 4705 3068 4705 3067 4705 3076 4706 3056 4706 3055 4706 3077 4707 3067 4707 3068 4707 3056 4708 3057 4708 3069 4708 3056 4709 3069 4709 3068 4709 3076 4710 3057 4710 3056 4710 3077 4711 3068 4711 3069 4711 3057 4712 3058 4712 3070 4712 3057 4713 3070 4713 3069 4713 3076 4714 3058 4714 3057 4714 3077 4715 3069 4715 3070 4715 3058 4716 3059 4716 3071 4716 3058 4717 3071 4717 3070 4717 3076 4718 3059 4718 3058 4718 3077 4719 3070 4719 3071 4719 3059 4720 3060 4720 3072 4720 3059 4721 3072 4721 3071 4721 3076 4722 3060 4722 3059 4722 3077 4723 3071 4723 3072 4723 3060 4724 3061 4724 3073 4724 3060 4725 3073 4725 3072 4725 3076 4726 3061 4726 3060 4726 3077 4727 3072 4727 3073 4727 3061 4728 3062 4728 3074 4728 3061 4729 3074 4729 3073 4729 3076 4730 3062 4730 3061 4730 3077 4731 3073 4731 3074 4731 3062 4732 3063 4732 3075 4732 3062 4733 3075 4733 3074 4733 3076 4734 3063 4734 3062 4734 3077 4735 3074 4735 3075 4735 3063 4736 3052 4736 3064 4736 3063 4737 3064 4737 3075 4737 3076 4738 3052 4738 3063 4738 3077 4739 3075 4739 3064 4739 3078 4740 3079 4740 3091 4740 3078 4741 3091 4741 3090 4741 3102 4742 3079 4742 3078 4742 3103 4743 3090 4743 3091 4743 3079 4744 3080 4744 3092 4744 3079 4745 3092 4745 3091 4745 3102 4746 3080 4746 3079 4746 3103 4747 3091 4747 3092 4747 3080 4748 3081 4748 3093 4748 3080 4749 3093 4749 3092 4749 3102 4750 3081 4750 3080 4750 3103 4751 3092 4751 3093 4751 3081 4752 3082 4752 3094 4752 3081 4753 3094 4753 3093 4753 3102 4754 3082 4754 3081 4754 3103 4755 3093 4755 3094 4755 3082 4756 3083 4756 3095 4756 3082 4757 3095 4757 3094 4757 3102 4758 3083 4758 3082 4758 3103 4759 3094 4759 3095 4759 3083 4760 3084 4760 3096 4760 3083 4761 3096 4761 3095 4761 3102 4762 3084 4762 3083 4762 3103 4763 3095 4763 3096 4763 3084 4764 3085 4764 3097 4764 3084 4765 3097 4765 3096 4765 3102 4766 3085 4766 3084 4766 3103 4767 3096 4767 3097 4767 3085 4768 3086 4768 3098 4768 3085 4769 3098 4769 3097 4769 3102 4770 3086 4770 3085 4770 3103 4771 3097 4771 3098 4771 3086 4772 3087 4772 3099 4772 3086 4773 3099 4773 3098 4773 3102 4774 3087 4774 3086 4774 3103 4775 3098 4775 3099 4775 3087 4776 3088 4776 3100 4776 3087 4777 3100 4777 3099 4777 3102 4778 3088 4778 3087 4778 3103 4779 3099 4779 3100 4779 3088 4780 3089 4780 3101 4780 3088 4781 3101 4781 3100 4781 3102 4782 3089 4782 3088 4782 3103 4783 3100 4783 3101 4783 3089 4784 3078 4784 3090 4784 3089 4785 3090 4785 3101 4785 3102 4786 3078 4786 3089 4786 3103 4787 3101 4787 3090 4787 3104 4788 3105 4788 3117 4788 3104 4789 3117 4789 3116 4789 3128 4790 3105 4790 3104 4790 3129 4791 3116 4791 3117 4791 3105 4792 3106 4792 3118 4792 3105 4793 3118 4793 3117 4793 3128 4794 3106 4794 3105 4794 3129 4795 3117 4795 3118 4795 3106 4796 3107 4796 3119 4796 3106 4797 3119 4797 3118 4797 3128 4798 3107 4798 3106 4798 3129 4799 3118 4799 3119 4799 3107 4800 3108 4800 3120 4800 3107 4801 3120 4801 3119 4801 3128 4802 3108 4802 3107 4802 3129 4803 3119 4803 3120 4803 3108 4804 3109 4804 3121 4804 3108 4805 3121 4805 3120 4805 3128 4806 3109 4806 3108 4806 3129 4807 3120 4807 3121 4807 3109 4808 3110 4808 3122 4808 3109 4809 3122 4809 3121 4809 3128 4810 3110 4810 3109 4810 3129 4811 3121 4811 3122 4811 3110 4812 3111 4812 3123 4812 3110 4813 3123 4813 3122 4813 3128 4814 3111 4814 3110 4814 3129 4815 3122 4815 3123 4815 3111 4816 3112 4816 3124 4816 3111 4817 3124 4817 3123 4817 3128 4818 3112 4818 3111 4818 3129 4819 3123 4819 3124 4819 3112 4820 3113 4820 3125 4820 3112 4821 3125 4821 3124 4821 3128 4822 3113 4822 3112 4822 3129 4823 3124 4823 3125 4823 3113 4824 3114 4824 3126 4824 3113 4825 3126 4825 3125 4825 3128 4826 3114 4826 3113 4826 3129 4827 3125 4827 3126 4827 3114 4828 3115 4828 3127 4828 3114 4829 3127 4829 3126 4829 3128 4830 3115 4830 3114 4830 3129 4831 3126 4831 3127 4831 3115 4832 3104 4832 3116 4832 3115 4833 3116 4833 3127 4833 3128 4834 3104 4834 3115 4834 3129 4835 3127 4835 3116 4835 3130 4836 3131 4836 3195 4836 3130 4837 3195 4837 3194 4837 3258 4838 3131 4838 3130 4838 3259 4839 3194 4839 3195 4839 3131 4840 3132 4840 3196 4840 3131 4841 3196 4841 3195 4841 3258 4842 3132 4842 3131 4842 3259 4843 3195 4843 3196 4843 3132 4844 3133 4844 3197 4844 3132 4845 3197 4845 3196 4845 3258 4846 3133 4846 3132 4846 3259 4847 3196 4847 3197 4847 3133 4848 3134 4848 3198 4848 3133 4849 3198 4849 3197 4849 3258 4850 3134 4850 3133 4850 3259 4851 3197 4851 3198 4851 3134 4852 3135 4852 3199 4852 3134 4853 3199 4853 3198 4853 3258 4854 3135 4854 3134 4854 3259 4855 3198 4855 3199 4855 3135 4856 3136 4856 3200 4856 3135 4857 3200 4857 3199 4857 3258 4858 3136 4858 3135 4858 3259 4859 3199 4859 3200 4859 3136 4860 3137 4860 3201 4860 3136 4861 3201 4861 3200 4861 3258 4862 3137 4862 3136 4862 3259 4863 3200 4863 3201 4863 3137 4864 3138 4864 3202 4864 3137 4865 3202 4865 3201 4865 3258 4866 3138 4866 3137 4866 3259 4867 3201 4867 3202 4867 3138 4868 3139 4868 3203 4868 3138 4869 3203 4869 3202 4869 3258 4870 3139 4870 3138 4870 3259 4871 3202 4871 3203 4871 3139 4872 3140 4872 3204 4872 3139 4873 3204 4873 3203 4873 3258 4874 3140 4874 3139 4874 3259 4875 3203 4875 3204 4875 3140 4876 3141 4876 3205 4876 3140 4877 3205 4877 3204 4877 3258 4878 3141 4878 3140 4878 3259 4879 3204 4879 3205 4879 3141 4880 3142 4880 3206 4880 3141 4881 3206 4881 3205 4881 3258 4882 3142 4882 3141 4882 3259 4883 3205 4883 3206 4883 3142 4884 3143 4884 3207 4884 3142 4885 3207 4885 3206 4885 3258 4886 3143 4886 3142 4886 3259 4887 3206 4887 3207 4887 3143 4888 3144 4888 3208 4888 3143 4889 3208 4889 3207 4889 3258 4890 3144 4890 3143 4890 3259 4891 3207 4891 3208 4891 3144 4892 3145 4892 3209 4892 3144 4893 3209 4893 3208 4893 3258 4894 3145 4894 3144 4894 3259 4895 3208 4895 3209 4895 3145 4896 3146 4896 3210 4896 3145 4897 3210 4897 3209 4897 3258 4898 3146 4898 3145 4898 3259 4899 3209 4899 3210 4899 3146 4900 3147 4900 3211 4900 3146 4901 3211 4901 3210 4901 3258 4902 3147 4902 3146 4902 3259 4903 3210 4903 3211 4903 3147 4904 3148 4904 3212 4904 3147 4905 3212 4905 3211 4905 3258 4906 3148 4906 3147 4906 3259 4907 3211 4907 3212 4907 3148 4908 3149 4908 3213 4908 3148 4909 3213 4909 3212 4909 3258 4910 3149 4910 3148 4910 3259 4911 3212 4911 3213 4911 3149 4912 3150 4912 3214 4912 3149 4913 3214 4913 3213 4913 3258 4914 3150 4914 3149 4914 3259 4915 3213 4915 3214 4915 3150 4916 3151 4916 3215 4916 3150 4917 3215 4917 3214 4917 3258 4918 3151 4918 3150 4918 3259 4919 3214 4919 3215 4919 3151 4920 3152 4920 3216 4920 3151 4921 3216 4921 3215 4921 3258 4922 3152 4922 3151 4922 3259 4923 3215 4923 3216 4923 3152 4924 3153 4924 3217 4924 3152 4925 3217 4925 3216 4925 3258 4926 3153 4926 3152 4926 3259 4927 3216 4927 3217 4927 3153 4928 3154 4928 3218 4928 3153 4929 3218 4929 3217 4929 3258 4930 3154 4930 3153 4930 3259 4931 3217 4931 3218 4931 3154 4932 3155 4932 3219 4932 3154 4933 3219 4933 3218 4933 3258 4934 3155 4934 3154 4934 3259 4935 3218 4935 3219 4935 3155 4936 3156 4936 3220 4936 3155 4937 3220 4937 3219 4937 3258 4938 3156 4938 3155 4938 3259 4939 3219 4939 3220 4939 3156 4940 3157 4940 3221 4940 3156 4941 3221 4941 3220 4941 3258 4942 3157 4942 3156 4942 3259 4943 3220 4943 3221 4943 3157 4944 3158 4944 3222 4944 3157 4945 3222 4945 3221 4945 3258 4946 3158 4946 3157 4946 3259 4947 3221 4947 3222 4947 3158 4948 3159 4948 3223 4948 3158 4949 3223 4949 3222 4949 3258 4950 3159 4950 3158 4950 3259 4951 3222 4951 3223 4951 3159 4952 3160 4952 3224 4952 3159 4953 3224 4953 3223 4953 3258 4954 3160 4954 3159 4954 3259 4955 3223 4955 3224 4955 3160 4956 3161 4956 3225 4956 3160 4957 3225 4957 3224 4957 3258 4958 3161 4958 3160 4958 3259 4959 3224 4959 3225 4959 3161 4960 3162 4960 3226 4960 3161 4961 3226 4961 3225 4961 3258 4962 3162 4962 3161 4962 3259 4963 3225 4963 3226 4963 3162 4964 3163 4964 3227 4964 3162 4965 3227 4965 3226 4965 3258 4966 3163 4966 3162 4966 3259 4967 3226 4967 3227 4967 3163 4968 3164 4968 3228 4968 3163 4969 3228 4969 3227 4969 3258 4970 3164 4970 3163 4970 3259 4971 3227 4971 3228 4971 3164 4972 3165 4972 3229 4972 3164 4973 3229 4973 3228 4973 3258 4974 3165 4974 3164 4974 3259 4975 3228 4975 3229 4975 3165 4976 3166 4976 3230 4976 3165 4977 3230 4977 3229 4977 3258 4978 3166 4978 3165 4978 3259 4979 3229 4979 3230 4979 3166 4980 3167 4980 3231 4980 3166 4981 3231 4981 3230 4981 3258 4982 3167 4982 3166 4982 3259 4983 3230 4983 3231 4983 3167 4984 3168 4984 3232 4984 3167 4985 3232 4985 3231 4985 3258 4986 3168 4986 3167 4986 3259 4987 3231 4987 3232 4987 3168 4988 3169 4988 3233 4988 3168 4989 3233 4989 3232 4989 3258 4990 3169 4990 3168 4990 3259 4991 3232 4991 3233 4991 3169 4992 3170 4992 3234 4992 3169 4993 3234 4993 3233 4993 3258 4994 3170 4994 3169 4994 3259 4995 3233 4995 3234 4995 3170 4996 3171 4996 3235 4996 3170 4997 3235 4997 3234 4997 3258 4998 3171 4998 3170 4998 3259 4999 3234 4999 3235 4999 3171 5000 3172 5000 3236 5000 3171 5001 3236 5001 3235 5001 3258 5002 3172 5002 3171 5002 3259 5003 3235 5003 3236 5003 3172 5004 3173 5004 3237 5004 3172 5005 3237 5005 3236 5005 3258 5006 3173 5006 3172 5006 3259 5007 3236 5007 3237 5007 3173 5008 3174 5008 3238 5008 3173 5009 3238 5009 3237 5009 3258 5010 3174 5010 3173 5010 3259 5011 3237 5011 3238 5011 3174 5012 3175 5012 3239 5012 3174 5013 3239 5013 3238 5013 3258 5014 3175 5014 3174 5014 3259 5015 3238 5015 3239 5015 3175 5016 3176 5016 3240 5016 3175 5017 3240 5017 3239 5017 3258 5018 3176 5018 3175 5018 3259 5019 3239 5019 3240 5019 3176 5020 3177 5020 3241 5020 3176 5021 3241 5021 3240 5021 3258 5022 3177 5022 3176 5022 3259 5023 3240 5023 3241 5023 3177 5024 3178 5024 3242 5024 3177 5025 3242 5025 3241 5025 3258 5026 3178 5026 3177 5026 3259 5027 3241 5027 3242 5027 3178 5028 3179 5028 3243 5028 3178 5029 3243 5029 3242 5029 3258 5030 3179 5030 3178 5030 3259 5031 3242 5031 3243 5031 3179 5032 3180 5032 3244 5032 3179 5033 3244 5033 3243 5033 3258 5034 3180 5034 3179 5034 3259 5035 3243 5035 3244 5035 3180 5036 3181 5036 3245 5036 3180 5037 3245 5037 3244 5037 3258 5038 3181 5038 3180 5038 3259 5039 3244 5039 3245 5039 3181 5040 3182 5040 3246 5040 3181 5041 3246 5041 3245 5041 3258 5042 3182 5042 3181 5042 3259 5043 3245 5043 3246 5043 3182 5044 3183 5044 3247 5044 3182 5045 3247 5045 3246 5045 3258 5046 3183 5046 3182 5046 3259 5047 3246 5047 3247 5047 3183 5048 3184 5048 3248 5048 3183 5049 3248 5049 3247 5049 3258 5050 3184 5050 3183 5050 3259 5051 3247 5051 3248 5051 3184 5052 3185 5052 3249 5052 3184 5053 3249 5053 3248 5053 3258 5054 3185 5054 3184 5054 3259 5055 3248 5055 3249 5055 3185 5056 3186 5056 3250 5056 3185 5057 3250 5057 3249 5057 3258 5058 3186 5058 3185 5058 3259 5059 3249 5059 3250 5059 3186 5060 3187 5060 3251 5060 3186 5061 3251 5061 3250 5061 3258 5062 3187 5062 3186 5062 3259 5063 3250 5063 3251 5063 3187 5064 3188 5064 3252 5064 3187 5065 3252 5065 3251 5065 3258 5066 3188 5066 3187 5066 3259 5067 3251 5067 3252 5067 3188 5068 3189 5068 3253 5068 3188 5069 3253 5069 3252 5069 3258 5070 3189 5070 3188 5070 3259 5071 3252 5071 3253 5071 3189 5072 3190 5072 3254 5072 3189 5073 3254 5073 3253 5073 3258 5074 3190 5074 3189 5074 3259 5075 3253 5075 3254 5075 3190 5076 3191 5076 3255 5076 3190 5077 3255 5077 3254 5077 3258 5078 3191 5078 3190 5078 3259 5079 3254 5079 3255 5079 3191 5080 3192 5080 3256 5080 3191 5081 3256 5081 3255 5081 3258 5082 3192 5082 3191 5082 3259 5083 3255 5083 3256 5083 3192 5084 3193 5084 3257 5084 3192 5085 3257 5085 3256 5085 3258 5086 3193 5086 3192 5086 3259 5087 3256 5087 3257 5087 3193 5088 3130 5088 3194 5088 3193 5089 3194 5089 3257 5089 3258 5090 3130 5090 3193 5090 3259 5091 3257 5091 3194 5091</p></triangles>
</mesh></geometry></library_geometries><library_visual_scenes><visual_scene id="Scene"><node id="mesh"><instance_geometry url="#geometry"/></node></visual_scene></library_visual_scenes><scene><instance_visual_scene url="#Scene"/></scene></COLLADA>