<?xml version="1.0" encoding="UTF-8"?>
<COLLADA xmlns="http://www.collada.org/2005/11/COLLADASchema" version="1.4.1">
<asset><contributor><authoring_tool>Summit Estate procedural mesh exporter</authoring_tool></contributor><created>2026-09-11T00:00:00Z</created><modified>2026-09-11T00:00:00Z</modified><unit name="meter" meter="1"/><up_axis>Z_UP</up_axis></asset>
<library_geometries><geometry id="geometry" name="geometry"><mesh>
<source id="positions"><float_array id="positions-array" count="4032">30.05500 114.96250 80.36000 35.32000 114.96250 80.36000 35.32000 115.03750 80.36000 30.05500 115.03750 80.36000 30.05500 114.96250 85.40000 35.32000 114.96250 85.40000 35.32000 115.03750 85.40000 30.05500 115.03750 85.40000 35.43000 114.96250 80.36000 40.69500 114.96250 80.36000 40.69500 115.03750 80.36000 35.43000 115.03750 80.36000 35.43000 114.96250 85.40000 40.69500 114.96250 85.40000 40.69500 115.03750 85.40000 35.43000 115.03750 85.40000 40.80500 114.96250 80.36000 46.07000 114.96250 80.36000 46.07000 115.03750 80.36000 40.80500 115.03750 80.36000 40.80500 114.96250 85.40000 46.07000 114.96250 85.40000 46.07000 115.03750 85.40000 40.80500 115.03750 85.40000 46.18000 114.96250 80.36000 51.44500 114.96250 80.36000 51.44500 115.03750 80.36000 46.18000 115.03750 80.36000 46.18000 114.96250 85.40000 51.44500 114.96250 85.40000 51.44500 115.03750 85.40000 46.18000 115.03750 85.40000 51.55500 114.96250 80.36000 56.82000 114.96250 80.36000 56.82000 115.03750 80.36000 51.55500 115.03750 80.36000 51.55500 114.96250 85.40000 56.82000 114.96250 85.40000 56.82000 115.03750 85.40000 51.55500 115.03750 85.40000 56.93000 114.96250 80.36000 62.19500 114.96250 80.36000 62.19500 115.03750 80.36000 56.93000 115.03750 80.36000 56.93000 114.96250 85.40000 62.19500 114.96250 85.40000 62.19500 115.03750 85.40000 56.93000 115.03750 85.40000 62.30500 114.96250 80.36000 67.57000 114.96250 80.36000 67.57000 115.03750 80.36000 62.30500 115.03750 80.36000 62.30500 114.96250 85.40000 67.57000 114.96250 85.40000 67.57000 115.03750 85.40000 62.30500 115.03750 85.40000 67.68000 114.96250 80.36000 72.94500 114.96250 80.36000 72.94500 115.03750 80.36000 67.68000 115.03750 80.36000 67.68000 114.96250 85.40000 72.94500 114.96250 85.40000 72.94500 115.03750 85.40000 67.68000 115.03750 85.40000 83.05500 114.96250 80.36000 88.32000 114.96250 80.36000 88.32000 115.03750 80.36000 83.05500 115.03750 80.36000 83.05500 114.96250 85.40000 88.32000 114.96250 85.40000 88.32000 115.03750 85.40000 83.05500 115.03750 85.40000 88.43000 114.96250 80.36000 93.69500 114.96250 80.36000 93.69500 115.03750 80.36000 88.43000 115.03750 80.36000 88.43000 114.96250 85.40000 93.69500 114.96250 85.40000 93.69500 115.03750 85.40000 88.43000 115.03750 85.40000 93.80500 114.96250 80.36000 99.07000 114.96250 80.36000 99.07000 115.03750 80.36000 93.80500 115.03750 80.36000 93.80500 114.96250 85.40000 99.07000 114.96250 85.40000 99.07000 115.03750 85.40000 93.80500 115.03750 85.40000 99.18000 114.96250 80.36000 104.44500 114.96250 80.36000 104.44500 115.03750 80.36000 99.18000 115.03750 80.36000 99.18000 114.96250 85.40000 104.44500 114.96250 85.40000 104.44500 115.03750 85.40000 99.18000 115.03750 85.40000 104.55500 114.96250 80.36000 109.82000 114.96250 80.36000 109.82000 115.03750 80.36000 104.55500 115.03750 80.36000 104.55500 114.96250 85.40000 109.82000 114.96250 85.40000 109.82000 115.03750 85.40000 104.55500 115.03750 85.40000 109.93000 114.96250 80.36000 115.19500 114.96250 80.36000 115.19500 115.03750 80.36000 109.93000 115.03750 80.36000 109.93000 114.96250 85.40000 115.19500 114.96250 85.40000 115.19500 115.03750 85.40000 109.93000 115.03750 85.40000 115.30500 114.96250 80.36000 120.57000 114.96250 80.36000 120.57000 115.03750 80.36000 115.30500 115.03750 80.36000 115.30500 114.96250 85.40000 120.57000 114.96250 85.40000 120.57000 115.03750 85.40000 115.30500 115.03750 85.40000 120.68000 114.96250 80.36000 125.94500 114.96250 80.36000 125.94500 115.03750 80.36000 120.68000 115.03750 80.36000 120.68000 114.96250 85.40000 125.94500 114.96250 85.40000 125.94500 115.03750 85.40000 120.68000 115.03750 85.40000 30.05500 162.96250 80.36000 35.94500 162.96250 80.36000 35.94500 163.03750 80.36000 30.05500 163.03750 80.36000 30.05500 162.96250 85.40000 35.94500 162.96250 85.40000 35.94500 163.03750 85.40000 30.05500 163.03750 85.40000 36.05500 162.96250 80.36000 41.94500 162.96250 80.36000 41.94500 163.03750 80.36000 36.05500 163.03750 80.36000 36.05500 162.96250 85.40000 41.94500 162.96250 85.40000 41.94500 163.03750 85.40000 36.05500 163.03750 85.40000 42.05500 162.96250 80.36000 47.94500 162.96250 80.36000 47.94500 163.03750 80.36000 42.05500 163.03750 80.36000 42.05500 162.96250 85.40000 47.94500 162.96250 85.40000 47.94500 163.03750 85.40000 42.05500 163.03750 85.40000 48.05500 162.96250 80.36000 53.94500 162.96250 80.36000 53.94500 163.03750 80.36000 48.05500 163.03750 80.36000 48.05500 162.96250 85.40000 53.94500 162.96250 85.40000 53.94500 163.03750 85.40000 48.05500 163.03750 85.40000 54.05500 162.96250 80.36000 59.94500 162.96250 80.36000 59.94500 163.03750 80.36000 54.05500 163.03750 80.36000 54.05500 162.96250 85.40000 59.94500 162.96250 85.40000 59.94500 163.03750 85.40000 54.05500 163.03750 85.40000 60.05500 162.96250 80.36000 65.94500 162.96250 80.36000 65.94500 163.03750 80.36000 60.05500 163.03750 80.36000 60.05500 162.96250 85.40000 65.94500 162.96250 85.40000 65.94500 163.03750 85.40000 60.05500 163.03750 85.40000 66.05500 162.96250 80.36000 71.94500 162.96250 80.36000 71.94500 163.03750 80.36000 66.05500 163.03750 80.36000 66.05500 162.96250 85.40000 71.94500 162.96250 85.40000 71.94500 163.03750 85.40000 66.05500 163.03750 85.40000 72.05500 162.96250 80.36000 77.94500 162.96250 80.36000 77.94500 163.03750 80.36000 72.05500 163.03750 80.36000 72.05500 162.96250 85.40000 77.94500 162.96250 85.40000 77.94500 163.03750 85.40000 72.05500 163.03750 85.40000 78.05500 162.96250 80.36000 83.94500 162.96250 80.36000 83.94500 163.03750 80.36000 78.05500 163.03750 80.36000 78.05500 162.96250 85.40000 83.94500 162.96250 85.40000 83.94500 163.03750 85.40000 78.05500 163.03750 85.40000 84.05500 162.96250 80.36000 89.94500 162.96250 80.36000 89.94500 163.03750 80.36000 84.05500 163.03750 80.36000 84.05500 162.96250 85.40000 89.94500 162.96250 85.40000 89.94500 163.03750 85.40000 84.05500 163.03750 85.40000 90.05500 162.96250 80.36000 95.94500 162.96250 80.36000 95.94500 163.03750 80.36000 90.05500 163.03750 80.36000 90.05500 162.96250 85.40000 95.94500 162.96250 85.40000 95.94500 163.03750 85.40000 90.05500 163.03750 85.40000 96.05500 162.96250 80.36000 101.94500 162.96250 80.36000 101.94500 163.03750 80.36000 96.05500 163.03750 80.36000 96.05500 162.96250 85.40000 101.94500 162.96250 85.40000 101.94500 163.03750 85.40000 96.05500 163.03750 85.40000 102.05500 162.96250 80.36000 107.94500 162.96250 80.36000 107.94500 163.03750 80.36000 102.05500 163.03750 80.36000 102.05500 162.96250 85.40000 107.94500 162.96250 85.40000 107.94500 163.03750 85.40000 102.05500 163.03750 85.40000 108.05500 162.96250 80.36000 113.94500 162.96250 80.36000 113.94500 163.03750 80.36000 108.05500 163.03750 80.36000 108.05500 162.96250 85.40000 113.94500 162.96250 85.40000 113.94500 163.03750 85.40000 108.05500 163.03750 85.40000 114.05500 162.96250 80.36000 119.94500 162.96250 80.36000 119.94500 163.03750 80.36000 114.05500 163.03750 80.36000 114.05500 162.96250 85.40000 119.94500 162.96250 85.40000 119.94500 163.03750 85.40000 114.05500 163.03750 85.40000 120.05500 162.96250 80.36000 125.94500 162.96250 80.36000 125.94500 163.03750 80.36000 120.05500 163.03750 80.36000 120.05500 162.96250 85.40000 125.94500 162.96250 85.40000 125.94500 163.03750 85.40000 120.05500 163.03750 85.40000 29.96250 115.05500 80.36000 30.03750 115.05500 80.36000 30.03750 119.74500 80.36000 29.96250 119.74500 80.36000 29.96250 115.05500 85.40000 30.03750 115.05500 85.40000 30.03750 119.74500 85.40000 29.96250 119.74500 85.40000 29.96250 119.85500 80.36000 30.03750 119.85500 80.36000 30.03750 124.54500 80.36000 29.96250 124.54500 80.36000 29.96250 119.85500 85.40000 30.03750 119.85500 85.40000 30.03750 124.54500 85.40000 29.96250 124.54500 85.40000 29.96250 124.65500 80.36000 30.03750 124.65500 80.36000 30.03750 129.34500 80.36000 29.96250 129.34500 80.36000 29.96250 124.65500 85.40000 30.03750 124.65500 85.40000 30.03750 129.34500 85.40000 29.96250 129.34500 85.40000 29.96250 129.45500 80.36000 30.03750 129.45500 80.36000 30.03750 134.14500 80.36000 29.96250 134.14500 80.36000 29.96250 129.45500 85.40000 30.03750 129.45500 85.40000 30.03750 134.14500 85.40000 29.96250 134.14500 85.40000 29.96250 134.25500 80.36000 30.03750 134.25500 80.36000 30.03750 138.94500 80.36000 29.96250 138.94500 80.36000 29.96250 134.25500 85.40000 30.03750 134.25500 85.40000 30.03750 138.94500 85.40000 29.96250 138.94500 85.40000 29.96250 139.05500 80.36000 30.03750 139.05500 80.36000 30.03750 143.74500 80.36000 29.96250 143.74500 80.36000 29.96250 139.05500 85.40000 30.03750 139.05500 85.40000 30.03750 143.74500 85.40000 29.96250 143.74500 85.40000 29.96250 143.85500 80.36000 30.03750 143.85500 80.36000 30.03750 148.54500 80.36000 29.96250 148.54500 80.36000 29.96250 143.85500 85.40000 30.03750 143.85500 85.40000 30.03750 148.54500 85.40000 29.96250 148.54500 85.40000 29.96250 148.65500 80.36000 30.03750 148.65500 80.36000 30.03750 153.34500 80.36000 29.96250 153.34500 80.36000 29.96250 148.65500 85.40000 30.03750 148.65500 85.40000 30.03750 153.34500 85.40000 29.96250 153.34500 85.40000 29.96250 153.45500 80.36000 30.03750 153.45500 80.36000 30.03750 158.14500 80.36000 29.96250 158.14500 80.36000 29.96250 153.45500 85.40000 30.03750 153.45500 85.40000 30.03750 158.14500 85.40000 29.96250 158.14500 85.40000 29.96250 158.25500 80.36000 30.03750 158.25500 80.36000 30.03750 162.94500 80.36000 29.96250 162.94500 80.36000 29.96250 158.25500 85.40000 30.03750 158.25500 85.40000 30.03750 162.94500 85.40000 29.96250 162.94500 85.40000 125.96250 115.05500 80.36000 126.03750 115.05500 80.36000 126.03750 119.14500 80.36000 125.96250 119.14500 80.36000 125.96250 115.05500 85.40000 126.03750 115.05500 85.40000 126.03750 119.14500 85.40000 125.96250 119.14500 85.40000 125.96250 119.25500 80.36000 126.03750 119.25500 80.36000 126.03750 123.34500 80.36000 125.96250 123.34500 80.36000 125.96250 119.25500 85.40000 126.03750 119.25500 85.40000 126.03750 123.34500 85.40000 125.96250 123.34500 85.40000 125.96250 123.45500 80.36000 126.03750 123.45500 80.36000 126.03750 127.54500 80.36000 125.96250 127.54500 80.36000 125.96250 123.45500 85.40000 126.03750 123.45500 85.40000 126.03750 127.54500 85.40000 125.96250 127.54500 85.40000 125.96250 127.65500 80.36000 126.03750 127.65500 80.36000 126.03750 131.74500 80.36000 125.96250 131.74500 80.36000 125.96250 127.65500 85.40000 126.03750 127.65500 85.40000 126.03750 131.74500 85.40000 125.96250 131.74500 85.40000 125.96250 131.85500 80.36000 126.03750 131.85500 80.36000 126.03750 135.94500 80.36000 125.96250 135.94500 80.36000 125.96250 131.85500 85.40000 126.03750 131.85500 85.40000 126.03750 135.94500 85.40000 125.96250 135.94500 85.40000 125.96250 144.05500 80.36000 126.03750 144.05500 80.36000 126.03750 148.69500 80.36000 125.96250 148.69500 80.36000 125.96250 144.05500 85.40000 126.03750 144.05500 85.40000 126.03750 148.69500 85.40000 125.96250 148.69500 85.40000 125.96250 148.80500 80.36000 126.03750 148.80500 80.36000 126.03750 153.44500 80.36000 125.96250 153.44500 80.36000 125.96250 148.80500 85.40000 126.03750 148.80500 85.40000 126.03750 153.44500 85.40000 125.96250 153.44500 85.40000 125.96250 153.55500 80.36000 126.03750 153.55500 80.36000 126.03750 158.19500 80.36000 125.96250 158.19500 80.36000 125.96250 153.55500 85.40000 126.03750 153.55500 85.40000 126.03750 158.19500 85.40000 125.96250 158.19500 85.40000 125.96250 158.30500 80.36000 126.03750 158.30500 80.36000 126.03750 162.94500 80.36000 125.96250 162.94500 80.36000 125.96250 158.30500 85.40000 126.03750 158.30500 85.40000 126.03750 162.94500 85.40000 125.96250 162.94500 85.40000 30.05500 114.96250 85.96000 35.65929 114.96250 85.96000 35.65929 115.03750 85.96000 30.05500 115.03750 85.96000 30.05500 114.96250 91.00000 35.65929 114.96250 91.00000 35.65929 115.03750 91.00000 30.05500 115.03750 91.00000 35.76929 114.96250 85.96000 41.37357 114.96250 85.96000 41.37357 115.03750 85.96000 35.76929 115.03750 85.96000 35.76929 114.96250 91.00000 41.37357 114.96250 91.00000 41.37357 115.03750 91.00000 35.76929 115.03750 91.00000 41.48357 114.96250 85.96000 47.08786 114.96250 85.96000 47.08786 115.03750 85.96000 41.48357 115.03750 85.96000 41.48357 114.96250 91.00000 47.08786 114.96250 91.00000 47.08786 115.03750 91.00000 41.48357 115.03750 91.00000 47.19786 114.96250 85.96000 52.80214 114.96250 85.96000 52.80214 115.03750 85.96000 47.19786 115.03750 85.96000 47.19786 114.96250 91.00000 52.80214 114.96250 91.00000 52.80214 115.03750 91.00000 47.19786 115.03750 91.00000 52.91214 114.96250 85.96000 58.51643 114.96250 85.96000 58.51643 115.03750 85.96000 52.91214 115.03750 85.96000 52.91214 114.96250 91.00000 58.51643 114.96250 91.00000 58.51643 115.03750 91.00000 52.91214 115.03750 91.00000 58.62643 114.96250 85.96000 64.23071 114.96250 85.96000 64.23071 115.03750 85.96000 58.62643 115.03750 85.96000 58.62643 114.96250 91.00000 64.23071 114.96250 91.00000 64.23071 115.03750 91.00000 58.62643 115.03750 91.00000 64.34071 114.96250 85.96000 69.94500 114.96250 85.96000 69.94500 115.03750 85.96000 64.34071 115.03750 85.96000 64.34071 114.96250 91.00000 69.94500 114.96250 91.00000 69.94500 115.03750 91.00000 64.34071 115.03750 91.00000 70.05500 118.96250 85.96000 75.61167 118.96250 85.96000 75.61167 119.03750 85.96000 70.05500 119.03750 85.96000 70.05500 118.96250 91.00000 75.61167 118.96250 91.00000 75.61167 119.03750 91.00000 70.05500 119.03750 91.00000 75.72167 118.96250 85.96000 81.27833 118.96250 85.96000 81.27833 119.03750 85.96000 75.72167 119.03750 85.96000 75.72167 118.96250 91.00000 81.27833 118.96250 91.00000 81.27833 119.03750 91.00000 75.72167 119.03750 91.00000 81.38833 118.96250 85.96000 86.94500 118.96250 85.96000 86.94500 119.03750 85.96000 81.38833 119.03750 85.96000 81.38833 118.96250 91.00000 86.94500 118.96250 91.00000 86.94500 119.03750 91.00000 81.38833 119.03750 91.00000 87.05500 114.96250 85.96000 92.51643 114.96250 85.96000 92.51643 115.03750 85.96000 87.05500 115.03750 85.96000 87.05500 114.96250 91.00000 92.51643 114.96250 91.00000 92.51643 115.03750 91.00000 87.05500 115.03750 91.00000 92.62643 114.96250 85.96000 98.08786 114.96250 85.96000 98.08786 115.03750 85.96000 92.62643 115.03750 85.96000 92.62643 114.96250 91.00000 98.08786 114.96250 91.00000 98.08786 115.03750 91.00000 92.62643 115.03750 91.00000 98.19786 114.96250 85.96000 103.65929 114.96250 85.96000 103.65929 115.03750 85.96000 98.19786 115.03750 85.96000 98.19786 114.96250 91.00000 103.65929 114.96250 91.00000 103.65929 115.03750 91.00000 98.19786 115.03750 91.00000 103.76929 114.96250 85.96000 109.23071 114.96250 85.96000 109.23071 115.03750 85.96000 103.76929 115.03750 85.96000 103.76929 114.96250 91.00000 109.23071 114.96250 91.00000 109.23071 115.03750 91.00000 103.76929 115.03750 91.00000 109.34071 114.96250 85.96000 114.80214 114.96250 85.96000 114.80214 115.03750 85.96000 109.34071 115.03750 85.96000 109.34071 114.96250 91.00000 114.80214 114.96250 91.00000 114.80214 115.03750 91.00000 109.34071 115.03750 91.00000 114.91214 114.96250 85.96000 120.37357 114.96250 85.96000 120.37357 115.03750 85.96000 114.91214 115.03750 85.96000 114.91214 114.96250 91.00000 120.37357 114.96250 91.00000 120.37357 115.03750 91.00000 114.91214 115.03750 91.00000 120.48357 114.96250 85.96000 125.94500 114.96250 85.96000 125.94500 115.03750 85.96000 120.48357 115.03750 85.96000 120.48357 114.96250 91.00000 125.94500 114.96250 91.00000 125.94500 115.03750 91.00000 120.48357 115.03750 91.00000 30.05500 162.96250 85.96000 35.94500 162.96250 85.96000 35.94500 163.03750 85.96000 30.05500 163.03750 85.96000 30.05500 162.96250 91.00000 35.94500 162.96250 91.00000 35.94500 163.03750 91.00000 30.05500 163.03750 91.00000 36.05500 162.96250 85.96000 41.94500 162.96250 85.96000 41.94500 163.03750 85.96000 36.05500 163.03750 85.96000 36.05500 162.96250 91.00000 41.94500 162.96250 91.00000 41.94500 163.03750 91.00000 36.05500 163.03750 91.00000 42.05500 162.96250 85.96000 47.94500 162.96250 85.96000 47.94500 163.03750 85.96000 42.05500 163.03750 85.96000 42.05500 162.96250 91.00000 47.94500 162.96250 91.00000 47.94500 163.03750 91.00000 42.05500 163.03750 91.00000 48.05500 162.96250 85.96000 53.94500 162.96250 85.96000 53.94500 163.03750 85.96000 48.05500 163.03750 85.96000 48.05500 162.96250 91.00000 53.94500 162.96250 91.00000 53.94500 163.03750 91.00000 48.05500 163.03750 91.00000 54.05500 162.96250 85.96000 59.94500 162.96250 85.96000 59.94500 163.03750 85.96000 54.05500 163.03750 85.96000 54.05500 162.96250 91.00000 59.94500 162.96250 91.00000 59.94500 163.03750 91.00000 54.05500 163.03750 91.00000 60.05500 162.96250 85.96000 65.94500 162.96250 85.96000 65.94500 163.03750 85.96000 60.05500 163.03750 85.96000 60.05500 162.96250 91.00000 65.94500 162.96250 91.00000 65.94500 163.03750 91.00000 60.05500 163.03750 91.00000 66.05500 162.96250 85.96000 71.94500 162.96250 85.96000 71.94500 163.03750 85.96000 66.05500 163.03750 85.96000 66.05500 162.96250 91.00000 71.94500 162.96250 91.00000 71.94500 163.03750 91.00000 66.05500 163.03750 91.00000 72.05500 162.96250 85.96000 77.94500 162.96250 85.96000 77.94500 163.03750 85.96000 72.05500 163.03750 85.96000 72.05500 162.96250 91.00000 77.94500 162.96250 91.00000 77.94500 163.03750 91.00000 72.05500 163.03750 91.00000 78.05500 162.96250 85.96000 83.94500 162.96250 85.96000 83.94500 163.03750 85.96000 78.05500 163.03750 85.96000 78.05500 162.96250 91.00000 83.94500 162.96250 91.00000 83.94500 163.03750 91.00000 78.05500 163.03750 91.00000 84.05500 162.96250 85.96000 89.94500 162.96250 85.96000 89.94500 163.03750 85.96000 84.05500 163.03750 85.96000 84.05500 162.96250 91.00000 89.94500 162.96250 91.00000 89.94500 163.03750 91.00000 84.05500 163.03750 91.00000 90.05500 162.96250 85.96000 95.94500 162.96250 85.96000 95.94500 163.03750 85.96000 90.05500 163.03750 85.96000 90.05500 162.96250 91.00000 95.94500 162.96250 91.00000 95.94500 163.03750 91.00000 90.05500 163.03750 91.00000 96.05500 162.96250 85.96000 101.94500 162.96250 85.96000 101.94500 163.03750 85.96000 96.05500 163.03750 85.96000 96.05500 162.96250 91.00000 101.94500 162.96250 91.00000 101.94500 163.03750 91.00000 96.05500 163.03750 91.00000 102.05500 162.96250 85.96000 107.94500 162.96250 85.96000 107.94500 163.03750 85.96000 102.05500 163.03750 85.96000 102.05500 162.96250 91.00000 107.94500 162.96250 91.00000 107.94500 163.03750 91.00000 102.05500 163.03750 91.00000 108.05500 162.96250 85.96000 113.94500 162.96250 85.96000 113.94500 163.03750 85.96000 108.05500 163.03750 85.96000 108.05500 162.96250 91.00000 113.94500 162.96250 91.00000 113.94500 163.03750 91.00000 108.05500 163.03750 91.00000 114.05500 162.96250 85.96000 119.94500 162.96250 85.96000 119.94500 163.03750 85.96000 114.05500 163.03750 85.96000 114.05500 162.96250 91.00000 119.94500 162.96250 91.00000 119.94500 163.03750 91.00000 114.05500 163.03750 91.00000 120.05500 162.96250 85.96000 125.94500 162.96250 85.96000 125.94500 163.03750 85.96000 120.05500 163.03750 85.96000 120.05500 162.96250 91.00000 125.94500 162.96250 91.00000 125.94500 163.03750 91.00000 120.05500 163.03750 91.00000 29.96250 115.05500 85.96000 30.03750 115.05500 85.96000 30.03750 119.74500 85.96000 29.96250 119.74500 85.96000 29.96250 115.05500 91.00000 30.03750 115.05500 91.00000 30.03750 119.74500 91.00000 29.96250 119.74500 91.00000 29.96250 119.85500 85.96000 30.03750 119.85500 85.96000 30.03750 124.54500 85.96000 29.96250 124.54500 85.96000 29.96250 119.85500 91.00000 30.03750 119.85500 91.00000 30.03750 124.54500 91.00000 29.96250 124.54500 91.00000 29.96250 124.65500 85.96000 30.03750 124.65500 85.96000 30.03750 129.34500 85.96000 29.96250 129.34500 85.96000 29.96250 124.65500 91.00000 30.03750 124.65500 91.00000 30.03750 129.34500 91.00000 29.96250 129.34500 91.00000 29.96250 129.45500 85.96000 30.03750 129.45500 85.96000 30.03750 134.14500 85.96000 29.96250 134.14500 85.96000 29.96250 129.45500 91.00000 30.03750 129.45500 91.00000 30.03750 134.14500 91.00000 29.96250 134.14500 91.00000 29.96250 134.25500 85.96000 30.03750 134.25500 85.96000 30.03750 138.94500 85.96000 29.96250 138.94500 85.96000 29.96250 134.25500 91.00000 30.03750 134.25500 91.00000 30.03750 138.94500 91.00000 29.96250 138.94500 91.00000 29.96250 139.05500 85.96000 30.03750 139.05500 85.96000 30.03750 143.74500 85.96000 29.96250 143.74500 85.96000 29.96250 139.05500 91.00000 30.03750 139.05500 91.00000 30.03750 143.74500 91.00000 29.96250 143.74500 91.00000 29.96250 143.85500 85.96000 30.03750 143.85500 85.96000 30.03750 148.54500 85.96000 29.96250 148.54500 85.96000 29.96250 143.85500 91.00000 30.03750 143.85500 91.00000 30.03750 148.54500 91.00000 29.96250 148.54500 91.00000 29.96250 148.65500 85.96000 30.03750 148.65500 85.96000 30.03750 153.34500 85.96000 29.96250 153.34500 85.96000 29.96250 148.65500 91.00000 30.03750 148.65500 91.00000 30.03750 153.34500 91.00000 29.96250 153.34500 91.00000 29.96250 153.45500 85.96000 30.03750 153.45500 85.96000 30.03750 158.14500 85.96000 29.96250 158.14500 85.96000 29.96250 153.45500 91.00000 30.03750 153.45500 91.00000 30.03750 158.14500 91.00000 29.96250 158.14500 91.00000 29.96250 158.25500 85.96000 30.03750 158.25500 85.96000 30.03750 162.94500 85.96000 29.96250 162.94500 85.96000 29.96250 158.25500 91.00000 30.03750 158.25500 91.00000 30.03750 162.94500 91.00000 29.96250 162.94500 91.00000 125.96250 115.05500 85.96000 126.03750 115.05500 85.96000 126.03750 119.74500 85.96000 125.96250 119.74500 85.96000 125.96250 115.05500 91.00000 126.03750 115.05500 91.00000 126.03750 119.74500 91.00000 125.96250 119.74500 91.00000 125.96250 119.85500 85.96000 126.03750 119.85500 85.96000 126.03750 124.54500 85.96000 125.96250 124.54500 85.96000 125.96250 119.85500 91.00000 126.03750 119.85500 91.00000 126.03750 124.54500 91.00000 125.96250 124.54500 91.00000 125.96250 124.65500 85.96000 126.03750 124.65500 85.96000 126.03750 129.34500 85.96000 125.96250 129.34500 85.96000 125.96250 124.65500 91.00000 126.03750 124.65500 91.00000 126.03750 129.34500 91.00000 125.96250 129.34500 91.00000 125.96250 129.45500 85.96000 126.03750 129.45500 85.96000 126.03750 134.14500 85.96000 125.96250 134.14500 85.96000 125.96250 129.45500 91.00000 126.03750 129.45500 91.00000 126.03750 134.14500 91.00000 125.96250 134.14500 91.00000 125.96250 134.25500 85.96000 126.03750 134.25500 85.96000 126.03750 138.94500 85.96000 125.96250 138.94500 85.96000 125.96250 134.25500 91.00000 126.03750 134.25500 91.00000 126.03750 138.94500 91.00000 125.96250 138.94500 91.00000 125.96250 139.05500 85.96000 126.03750 139.05500 85.96000 126.03750 143.74500 85.96000 125.96250 143.74500 85.96000 125.96250 139.05500 91.00000 126.03750 139.05500 91.00000 126.03750 143.74500 91.00000 125.96250 143.74500 91.00000 125.96250 143.85500 85.96000 126.03750 143.85500 85.96000 126.03750 148.54500 85.96000 125.96250 148.54500 85.96000 125.96250 143.85500 91.00000 126.03750 143.85500 91.00000 126.03750 148.54500 91.00000 125.96250 148.54500 91.00000 125.96250 148.65500 85.96000 126.03750 148.65500 85.96000 126.03750 153.34500 85.96000 125.96250 153.34500 85.96000 125.96250 148.65500 91.00000 126.03750 148.65500 91.00000 126.03750 153.34500 91.00000 125.96250 153.34500 91.00000 125.96250 153.45500 85.96000 126.03750 153.45500 85.96000 126.03750 158.14500 85.96000 125.96250 158.14500 85.96000 125.96250 153.45500 91.00000 126.03750 153.45500 91.00000 126.03750 158.14500 91.00000 125.96250 158.14500 91.00000 125.96250 158.25500 85.96000 126.03750 158.25500 85.96000 126.03750 162.94500 85.96000 125.96250 162.94500 85.96000 125.96250 158.25500 91.00000 126.03750 158.25500 91.00000 126.03750 162.94500 91.00000 125.96250 162.94500 91.00000 28.05500 109.96250 85.90000 33.80214 109.96250 85.90000 33.80214 110.03750 85.90000 28.05500 110.03750 85.90000 28.05500 109.96250 86.95000 33.80214 109.96250 86.95000 33.80214 110.03750 86.95000 28.05500 110.03750 86.95000 33.91214 109.96250 85.90000 39.65929 109.96250 85.90000 39.65929 110.03750 85.90000 33.91214 110.03750 85.90000 33.91214 109.96250 86.95000 39.65929 109.96250 86.95000 39.65929 110.03750 86.95000 33.91214 110.03750 86.95000 39.76929 109.96250 85.90000 45.51643 109.96250 85.90000 45.51643 110.03750 85.90000 39.76929 110.03750 85.90000 39.76929 109.96250 86.95000 45.51643 109.96250 86.95000 45.51643 110.03750 86.95000 39.76929 110.03750 86.95000 45.62643 109.96250 85.90000 51.37357 109.96250 85.90000 51.37357 110.03750 85.90000 45.62643 110.03750 85.90000 45.62643 109.96250 86.95000 51.37357 109.96250 86.95000 51.37357 110.03750 86.95000 45.62643 110.03750 86.95000 51.48357 109.96250 85.90000 57.23071 109.96250 85.90000 57.23071 110.03750 85.90000 51.48357 110.03750 85.90000 51.48357 109.96250 86.95000 57.23071 109.96250 86.95000 57.23071 110.03750 86.95000 51.48357 110.03750 86.95000 57.34071 109.96250 85.90000 63.08786 109.96250 85.90000 63.08786 110.03750 85.90000 57.34071 110.03750 85.90000 57.34071 109.96250 86.95000 63.08786 109.96250 86.95000 63.08786 110.03750 86.95000 57.34071 110.03750 86.95000 63.19786 109.96250 85.90000 68.94500 109.96250 85.90000 68.94500 110.03750 85.90000 63.19786 110.03750 85.90000 63.19786 109.96250 86.95000 68.94500 109.96250 86.95000 68.94500 110.03750 86.95000 63.19786 110.03750 86.95000 87.05500 109.96250 85.90000 92.94500 109.96250 85.90000 92.94500 110.03750 85.90000 87.05500 110.03750 85.90000 87.05500 109.96250 86.95000 92.94500 109.96250 86.95000 92.94500 110.03750 86.95000 87.05500 110.03750 86.95000 93.05500 109.96250 85.90000 98.94500 109.96250 85.90000 98.94500 110.03750 85.90000 93.05500 110.03750 85.90000 93.05500 109.96250 86.95000 98.94500 109.96250 86.95000 98.94500 110.03750 86.95000 93.05500 110.03750 86.95000 99.05500 109.96250 85.90000 104.94500 109.96250 85.90000 104.94500 110.03750 85.90000 99.05500 110.03750 85.90000 99.05500 109.96250 86.95000 104.94500 109.96250 86.95000 104.94500 110.03750 86.95000 99.05500 110.03750 86.95000 105.05500 109.96250 85.90000 110.94500 109.96250 85.90000 110.94500 110.03750 85.90000 105.05500 110.03750 85.90000 105.05500 109.96250 86.95000 110.94500 109.96250 86.95000 110.94500 110.03750 86.95000 105.05500 110.03750 86.95000 111.05500 109.96250 85.90000 116.94500 109.96250 85.90000 116.94500 110.03750 85.90000 111.05500 110.03750 85.90000 111.05500 109.96250 86.95000 116.94500 109.96250 86.95000 116.94500 110.03750 86.95000 111.05500 110.03750 86.95000 117.05500 109.96250 85.90000 122.94500 109.96250 85.90000 122.94500 110.03750 85.90000 117.05500 110.03750 85.90000 117.05500 109.96250 86.95000 122.94500 109.96250 86.95000 122.94500 110.03750 86.95000 117.05500 110.03750 86.95000 123.05500 109.96250 85.90000 128.94500 109.96250 85.90000 128.94500 110.03750 85.90000 123.05500 110.03750 85.90000 123.05500 109.96250 86.95000 128.94500 109.96250 86.95000 128.94500 110.03750 86.95000 123.05500 110.03750 86.95000 29.96250 115.05500 75.00000 30.03750 115.05500 75.00000 30.03750 119.14500 75.00000 29.96250 119.14500 75.00000 29.96250 115.05500 79.80000 30.03750 115.05500 79.80000 30.03750 119.14500 79.80000 29.96250 119.14500 79.80000 29.96250 119.25500 75.00000 30.03750 119.25500 75.00000 30.03750 123.34500 75.00000 29.96250 123.34500 75.00000 29.96250 119.25500 79.80000 30.03750 119.25500 79.80000 30.03750 123.34500 79.80000 29.96250 123.34500 79.80000 29.96250 123.45500 75.00000 30.03750 123.45500 75.00000 30.03750 127.54500 75.00000 29.96250 127.54500 75.00000 29.96250 123.45500 79.80000 30.03750 123.45500 79.80000 30.03750 127.54500 79.80000 29.96250 127.54500 79.80000 29.96250 127.65500 75.00000 30.03750 127.65500 75.00000 30.03750 131.74500 75.00000 29.96250 131.74500 75.00000 29.96250 127.65500 79.80000 30.03750 127.65500 79.80000 30.03750 131.74500 79.80000 29.96250 131.74500 79.80000 29.96250 131.85500 75.00000 30.03750 131.85500 75.00000 30.03750 135.94500 75.00000 29.96250 135.94500 75.00000 29.96250 131.85500 79.80000 30.03750 131.85500 79.80000 30.03750 135.94500 79.80000 29.96250 135.94500 79.80000 29.96250 144.05500 75.00000 30.03750 144.05500 75.00000 30.03750 148.69500 75.00000 29.96250 148.69500 75.00000 29.96250 144.05500 79.80000 30.03750 144.05500 79.80000 30.03750 148.69500 79.80000 29.96250 148.69500 79.80000 29.96250 148.80500 75.00000 30.03750 148.80500 75.00000 30.03750 153.44500 75.00000 29.96250 153.44500 75.00000 29.96250 148.80500 79.80000 30.03750 148.80500 79.80000 30.03750 153.44500 79.80000 29.96250 153.44500 79.80000 29.96250 153.55500 75.00000 30.03750 153.55500 75.00000 30.03750 158.19500 75.00000 29.96250 158.19500 75.00000 29.96250 153.55500 79.80000 30.03750 153.55500 79.80000 30.03750 158.19500 79.80000 29.96250 158.19500 79.80000 29.96250 158.30500 75.00000 30.03750 158.30500 75.00000 30.03750 162.94500 75.00000 29.96250 162.94500 75.00000 29.96250 158.30500 79.80000 30.03750 158.30500 79.80000 30.03750 162.94500 79.80000 29.96250 162.94500 79.80000 71.96250 133.05500 80.28000 72.03750 133.05500 80.28000 72.03750 136.94500 80.28000 71.96250 136.94500 80.28000 71.96250 133.05500 81.30000 72.03750 133.05500 81.30000 72.03750 136.94500 81.30000 71.96250 136.94500 81.30000 71.96250 137.05500 80.28000 72.03750 137.05500 80.28000 72.03750 140.94500 80.28000 71.96250 140.94500 80.28000 71.96250 137.05500 81.30000 72.03750 137.05500 81.30000 72.03750 140.94500 81.30000 71.96250 140.94500 81.30000 71.96250 141.05500 80.28000 72.03750 141.05500 80.28000 72.03750 144.94500 80.28000 71.96250 144.94500 80.28000 71.96250 141.05500 81.30000 72.03750 141.05500 81.30000 72.03750 144.94500 81.30000 71.96250 144.94500 81.30000 71.96250 145.05500 80.28000 72.03750 145.05500 80.28000 72.03750 148.94500 80.28000 71.96250 148.94500 80.28000 71.96250 145.05500 81.30000 72.03750 145.05500 81.30000 72.03750 148.94500 81.30000 71.96250 148.94500 81.30000 83.96250 133.05500 80.28000 84.03750 133.05500 80.28000 84.03750 136.94500 80.28000 83.96250 136.94500 80.28000 83.96250 133.05500 81.30000 84.03750 133.05500 81.30000 84.03750 136.94500 81.30000 83.96250 136.94500 81.30000 83.96250 137.05500 80.28000 84.03750 137.05500 80.28000 84.03750 140.94500 80.28000 83.96250 140.94500 80.28000 83.96250 137.05500 81.30000 84.03750 137.05500 81.30000 84.03750 140.94500 81.30000 83.96250 140.94500 81.30000 83.96250 141.05500 80.28000 84.03750 141.05500 80.28000 84.03750 144.94500 80.28000 83.96250 144.94500 80.28000 83.96250 141.05500 81.30000 84.03750 141.05500 81.30000 84.03750 144.94500 81.30000 83.96250 144.94500 81.30000 83.96250 145.05500 80.28000 84.03750 145.05500 80.28000 84.03750 148.94500 80.28000 83.96250 148.94500 80.28000 83.96250 145.05500 81.30000 84.03750 145.05500 81.30000 84.03750 148.94500 81.30000 83.96250 148.94500 81.30000 72.05500 148.96250 80.28000 77.94500 148.96250 80.28000 77.94500 149.03750 80.28000 72.05500 149.03750 80.28000 72.05500 148.96250 81.30000 77.94500 148.96250 81.30000 77.94500 149.03750 81.30000 72.05500 149.03750 81.30000 78.05500 148.96250 80.28000 83.94500 148.96250 80.28000 83.94500 149.03750 80.28000 78.05500 149.03750 80.28000 78.05500 148.96250 81.30000 83.94500 148.96250 81.30000 83.94500 149.03750 81.30000 78.05500 149.03750 81.30000 72.05500 132.96250 80.28000 76.44500 132.96250 80.28000 76.44500 133.03750 80.28000 72.05500 133.03750 80.28000 72.05500 132.96250 81.30000 76.44500 132.96250 81.30000 76.44500 133.03750 81.30000 72.05500 133.03750 81.30000 76.55500 132.96250 80.28000 80.94500 132.96250 80.28000 80.94500 133.03750 80.28000 76.55500 133.03750 80.28000 76.55500 132.96250 81.30000 80.94500 132.96250 81.30000 80.94500 133.03750 81.30000 76.55500 133.03750 81.30000 71.96250 133.05500 85.88000 72.03750 133.05500 85.88000 72.03750 136.94500 85.88000 71.96250 136.94500 85.88000 71.96250 133.05500 86.90000 72.03750 133.05500 86.90000 72.03750 136.94500 86.90000 71.96250 136.94500 86.90000 71.96250 137.05500 85.88000 72.03750 137.05500 85.88000 72.03750 140.94500 85.88000 71.96250 140.94500 85.88000 71.96250 137.05500 86.90000 72.03750 137.05500 86.90000 72.03750 140.94500 86.90000 71.96250 140.94500 86.90000 71.96250 141.05500 85.88000 72.03750 141.05500 85.88000 72.03750 144.94500 85.88000 71.96250 144.94500 85.88000 71.96250 141.05500 86.90000 72.03750 141.05500 86.90000 72.03750 144.94500 86.90000 71.96250 144.94500 86.90000 71.96250 145.05500 85.88000 72.03750 145.05500 85.88000 72.03750 148.94500 85.88000 71.96250 148.94500 85.88000 71.96250 145.05500 86.90000 72.03750 145.05500 86.90000 72.03750 148.94500 86.90000 71.96250 148.94500 86.90000 83.96250 133.05500 85.88000 84.03750 133.05500 85.88000 84.03750 136.94500 85.88000 83.96250 136.94500 85.88000 83.96250 133.05500 86.90000 84.03750 133.05500 86.90000 84.03750 136.94500 86.90000 83.96250 136.94500 86.90000 83.96250 137.05500 85.88000 84.03750 137.05500 85.88000 84.03750 140.94500 85.88000 83.96250 140.94500 85.88000 83.96250 137.05500 86.90000 84.03750 137.05500 86.90000 84.03750 140.94500 86.90000 83.96250 140.94500 86.90000 83.96250 141.05500 85.88000 84.03750 141.05500 85.88000 84.03750 144.94500 85.88000 83.96250 144.94500 85.88000 83.96250 141.05500 86.90000 84.03750 141.05500 86.90000 84.03750 144.94500 86.90000 83.96250 144.94500 86.90000 83.96250 145.05500 85.88000 84.03750 145.05500 85.88000 84.03750 148.94500 85.88000 83.96250 148.94500 85.88000 83.96250 145.05500 86.90000 84.03750 145.05500 86.90000 84.03750 148.94500 86.90000 83.96250 148.94500 86.90000 72.05500 148.96250 85.88000 77.94500 148.96250 85.88000 77.94500 149.03750 85.88000 72.05500 149.03750 85.88000 72.05500 148.96250 86.90000 77.94500 148.96250 86.90000 77.94500 149.03750 86.90000 72.05500 149.03750 86.90000 78.05500 148.96250 85.88000 83.94500 148.96250 85.88000 83.94500 149.03750 85.88000 78.05500 149.03750 85.88000 78.05500 148.96250 86.90000 83.94500 148.96250 86.90000 83.94500 149.03750 86.90000 78.05500 149.03750 86.90000 72.05500 132.96250 85.88000 76.44500 132.96250 85.88000 76.44500 133.03750 85.88000 72.05500 133.03750 85.88000 72.05500 132.96250 86.90000 76.44500 132.96250 86.90000 76.44500 133.03750 86.90000 72.05500 133.03750 86.90000 76.55500 132.96250 85.88000 80.94500 132.96250 85.88000 80.94500 133.03750 85.88000 76.55500 133.03750 85.88000 76.55500 132.96250 86.90000 80.94500 132.96250 86.90000 80.94500 133.03750 86.90000 76.55500 133.03750 86.90000 72.05500 132.96250 91.40000 77.94500 132.96250 91.40000 77.94500 133.03750 91.40000 72.05500 133.03750 91.40000 72.05500 132.96250 93.90000 77.94500 132.96250 93.90000 77.94500 133.03750 93.90000 72.05500 133.03750 93.90000 78.05500 132.96250 91.40000 83.94500 132.96250 91.40000 83.94500 133.03750 91.40000 78.05500 133.03750 91.40000 78.05500 132.96250 93.90000 83.94500 132.96250 93.90000 83.94500 133.03750 93.90000 78.05500 133.03750 93.90000 72.05500 148.96250 91.40000 77.94500 148.96250 91.40000 77.94500 149.03750 91.40000 72.05500 149.03750 91.40000 72.05500 148.96250 93.90000 77.94500 148.96250 93.90000 77.94500 149.03750 93.90000 72.05500 149.03750 93.90000 78.05500 148.96250 91.40000 83.94500 148.96250 91.40000 83.94500 149.03750 91.40000 78.05500 149.03750 91.40000 78.05500 148.96250 93.90000 83.94500 148.96250 93.90000 83.94500 149.03750 93.90000 78.05500 149.03750 93.90000 71.96250 133.05500 91.40000 72.03750 133.05500 91.40000 72.03750 136.94500 91.40000 71.96250 136.94500 91.40000 71.96250 133.05500 93.90000 72.03750 133.05500 93.90000 72.03750 136.94500 93.90000 71.96250 136.94500 93.90000 71.96250 137.05500 91.40000 72.03750 137.05500 91.40000 72.03750 140.94500 91.40000 71.96250 140.94500 91.40000 71.96250 137.05500 93.90000 72.03750 137.05500 93.90000 72.03750 140.94500 93.90000 71.96250 140.94500 93.90000 71.96250 141.05500 91.40000 72.03750 141.05500 91.40000 72.03750 144.94500 91.40000 71.96250 144.94500 91.40000 71.96250 141.05500 93.90000 72.03750 141.05500 93.90000 72.03750 144.94500 93.90000 71.96250 144.94500 93.90000 71.96250 145.05500 91.40000 72.03750 145.05500 91.40000 72.03750 148.94500 91.40000 71.96250 148.94500 91.40000 71.96250 145.05500 93.90000 72.03750 145.05500 93.90000 72.03750 148.94500 93.90000 71.96250 148.94500 93.90000 83.96250 133.05500 91.40000 84.03750 133.05500 91.40000 84.03750 136.94500 91.40000 83.96250 136.94500 91.40000 83.96250 133.05500 93.90000 84.03750 133.05500 93.90000 84.03750 136.94500 93.90000 83.96250 136.94500 93.90000 83.96250 137.05500 91.40000 84.03750 137.05500 91.40000 84.03750 140.94500 91.40000 83.96250 140.94500 91.40000 83.96250 137.05500 93.90000 84.03750 137.05500 93.90000 84.03750 140.94500 93.90000 83.96250 140.94500 93.90000 83.96250 141.05500 91.40000 84.03750 141.05500 91.40000 84.03750 144.94500 91.40000 83.96250 144.94500 91.40000 83.96250 141.05500 93.90000 84.03750 141.05500 93.90000 84.03750 144.94500 93.90000 83.96250 144.94500 93.90000 83.96250 145.05500 91.40000 84.03750 145.05500 91.40000 84.03750 148.94500 91.40000 83.96250 148.94500 91.40000 83.96250 145.05500 93.90000 84.03750 145.05500 93.90000 84.03750 148.94500 93.90000 83.96250 148.94500 93.90000 72.00000 133.00000 93.88000 84.00000 133.00000 93.88000 84.00000 149.00000 93.88000 72.00000 149.00000 93.88000 72.00000 133.00000 94.00000 84.00000 133.00000 94.00000 84.00000 149.00000 94.00000 72.00000 149.00000 94.00000 63.56250 115.70000 85.80000 63.63750 115.70000 85.80000 63.63750 118.50000 85.80000 63.56250 118.50000 85.80000 63.56250 115.70000 88.60000 63.63750 115.70000 88.60000 63.63750 118.50000 88.60000 63.56250 118.50000 88.60000 119.46250 115.70000 85.80000 119.53750 115.70000 85.80000 119.53750 118.50000 85.80000 119.46250 118.50000 85.80000 119.46250 115.70000 88.60000 119.53750 115.70000 88.60000 119.53750 118.50000 88.60000 119.46250 118.50000 88.60000 63.56250 154.30000 85.80000 63.63750 154.30000 85.80000 63.63750 157.10000 85.80000 63.56250 157.10000 85.80000 63.56250 154.30000 88.60000 63.63750 154.30000 88.60000 63.63750 157.10000 88.60000 63.56250 157.10000 88.60000 119.46250 154.30000 85.80000 119.53750 154.30000 85.80000 119.53750 157.10000 85.80000 119.46250 157.10000 85.80000 119.46250 154.30000 88.60000 119.53750 154.30000 88.60000 119.53750 157.10000 88.60000 119.46250 157.10000 88.60000</float_array><technique_common><accessor source="#positions-array" count="1344" stride="3"><param name="X" type="float"/><param name="Y" type="float"/><param name="Z" type="float"/></accessor></technique_common></source>
<source id="normals"><float_array id="normals-array" count="6048">0.00000 0.00000 -1.00000 0.00000 0.00000 -1.00000 0.00000 0.00000 1.00000 0.00000 0.00000 1.00000 0.00000 -1.00000 0.00000 0.00000 -1.00000 0.00000 1.00000 0.00000 0.00000 1.00000 0.00000 0.00000 0.00000 1.00000 0.00000 0.00000 1.00000 -0.00000 -1.00000 0.00000 0.00000 -1.00000 0.00000 0.00000 0.00000 0.00000 -1.00000 0.00000 0.00000 -1.00000 0.00000 0.00000 1.00000 0.00000 0.00000 1.00000 0.00000 -1.00000 0.00000 0.00000 -1.00000 0.00000 1.00000 0.00000 0.00000 1.00000 0.00000 0.00000 0.00000 1.00000 0.00000 0.00000 1.00000 -0.00000 -1.00000 0.00000 0.00000 -1.00000 0.00000 0.00000 0.00000 0.00000 -1.00000 0.00000 0.00000 -1.00000 0.00000 0.00000 1.00000 0.00000 0.00000 1.00000 0.00000 -1.00000 0.00000 0.00000 -1.00000 0.00000 1.00000 0.00000 0.00000 1.00000 0.00000 0.00000 0.00000 1.00000 0.00000 0.00000 1.00000 -0.00000 -1.00000 0.00000 0.00000 -1.00000 0.00000 0.00000 0.00000 0.00000 -1.00000 0.00000 0.00000 -1.00000 0.00000 0.00000 1.00000 0.00000 0.00000 1.00000 0.00000 -1.00000 0.00000 0.00000 -1.00000 0.00000 1.00000 0.00000 0.00000 1.00000 0.00000 0.00000 0.00000 1.00000 0.00000 0.00000 1.00000 -0.00000 -1.00000 0.00000 0.00000 -1.00000 0.00000 0.00000 0.00000 0.00000 -1.00000 0.00000 0.00000 -1.00000 0.00000 0.00000 1.00000 0.00000 0.00000 1.00000 0.00000 -1.00000 0.00000 0.00000 -1.00000 0.00000 1.00000 0.00000 0.00000 1.00000 0.00000 0.00000 0.00000 1.00000 0.00000 0.00000 1.00000 -0.00000 -1.00000 0.00000 0.00000 -1.00000 0.00000 0.00000 0.00000 0.00000 -1.00000 0.00000 0.00000 -1.00000 0.00000 0.00000 1.00000 0.00000 0.00000 1.00000 0.00000 -1.00000 0.00000 0.00000 -1.00000 0.00000 1.00000 0.00000 0.00000 1.00000 0.00000 0.00000 0.00000 1.00000 0.00000 0.00000 1.00000 -0.00000 -1.00000 0.00000 0.00000 -1.00000 0.00000 0.00000 0.00000 0.00000 -1.00000 0.00000 0.00000 -1.00000 0.00000 0.00000 1.00000 0.00000 0.00000 1.00000 0.00000 -1.00000 0.00000 0.00000 -1.00000 0.00000 1.00000 0.00000 0.00000 1.00000 0.00000 0.00000 0.00000 1.00000 0.00000 0.00000 1.00000 -0.00000 -1.00000 0.00000 0.00000 -1.00000 0.00000 0.00000 0.00000 0.00000 -1.00000 0.00000 0.00000 -1.00000 0.00000 0.00000 1.00000 0.00000 0.00000 1.00000 0.00000 -1.00000 0.00000 0.00000 -1.00000 0.00000 1.00000 0.00000 0.00000 1.00000 0.00000 0.00000 0.00000 1.00000 0.00000 0.00000 1.00000 -0.00000 -1.00000 0.00000 0.00000 -1.00000 0.00000 0.00000 0.00000 0.00000 -1.00000 0.00000 0.00000 -1.00000 0.00000 0.00000 1.00000 0.00000 0.00000 1.00000 0.00000 -1.00000 0.00000 0.00000 -1.00000 0.00000 1.00000 0.00000 0.00000 1.00000 0.00000 0.00000 0.00000 1.00000 0.00000 0.00000 1.00000 -0.00000 -1.00000 0.00000 0.00000 -1.00000 0.00000 0.00000 0.00000 0.00000 -1.00000 0.00000 0.00000 -1.00000 0.00000 0.00000 1.00000 0.00000 0.00000 1.00000 0.00000 -1.00000 0.00000 0.00000 -1.00000 0.00000 1.00000 0.00000 0.00000 1.00000 0.00000 0.00000 0.00000 1.00000 0.00000 0.00000 1.00000 -0.00000 -1.00000 0.00000 0.00000 -1.00000 0.00000 0.00000 0.00000 0.00000 -1.00000 0.00000 0.00000 -1.00000 0.00000 0.00000 1.00000 0.00000 0.00000 1.00000 0.00000 -1.00000 0.00000 0.00000 -1.00000 0.00000 1.00000 0.00000 0.00000 1.00000 0.00000 0.00000 0.00000 1.00000 0.00000 0.00000 1.00000 -0.00000 -1.00000 0.00000 0.00000 -1.00000 0.00000 0.00000 0.00000 0.00000 -1.00000 0.00000 0.00000 -1.00000 0.00000 0.00000 1.00000 0.00000 0.00000 1.00000 0.00000 -1.00000 0.00000 0.00000 -1.00000 0.00000 1.00000 0.00000 0.00000 1.00000 0.00000 0.00000 0.00000 1.00000 0.00000 0.00000 1.00000 -0.00000 -1.00000 0.00000 0.00000 -1.00000 0.00000 0.00000 0.00000 0.00000 -1.00000 0.00000 0.00000 -1.00000 0.00000 0.00000 1.00000 0.00000 0.00000 1.00000 0.00000 -1.00000 0.00000 0.00000 -1.00000 0.00000 1.00000 0.00000 0.00000 1.00000 0.00000 0.00000 0.00000 1.00000 0.00000 0.00000 1.00000 -0.00000 -1.00000 0.00000 0.00000 -1.00000 0.00000 0.00000 0.00000 0.00000 -1.00000 0.00000 0.00000 -1.00000 0.00000 0.00000 1.00000 0.00000 0.00000 1.00000 0.00000 -1.00000 0.00000 0.00000 -1.00000 0.00000 1.00000 0.00000 0.00000 1.00000 0.00000 0.00000 0.00000 1.00000 0.00000 0.00000 1.00000 -0.00000 -1.00000 0.00000 0.00000 -1.00000 0.00000 0.00000 0.00000 0.00000 -1.00000 0.00000 0.00000 -1.00000 0.00000 0.00000 1.00000 0.00000 0.00000 1.00000 0.00000 -1.00000 0.00000 0.00000 -1.00000 0.00000 1.00000 0.00000 0.00000 1.00000 0.00000 0.00000 0.00000 1.00000 0.00000 0.00000 1.00000 -0.00000 -1.00000 0.00000 0.00000 -1.00000 0.00000 0.00000 0.00000 0.00000 -1.00000 0.00000 0.00000 -1.00000 0.00000 0.00000 1.00000 0.00000 0.00000 1.00000 0.00000 -1.00000 0.00000 0.00000 -1.00000 0.00000 1.00000 0.00000 0.00000 1.00000 0.00000 0.00000 0.00000 1.00000 0.00000 0.00000 1.00000 -0.00000 -1.00000 0.00000 0.00000 -1.00000 0.00000 0.00000 0.00000 0.00000 -1.00000 0.00000 0.00000 -1.00000 0.00000 0.00000 1.00000 0.00000 0.00000 1.00000 0.00000 -1.00000 0.00000 0.00000 -1.00000 0.00000 1.00000 0.00000 0.00000 1.00000 0.00000 0.00000 0.00000 1.00000 0.00000 0.00000 1.00000 -0.00000 -1.00000 0.00000 0.00000 -1.00000 0.00000 0.00000 0.00000 0.00000 -1.00000 0.00000 0.00000 -1.00000 0.00000 0.00000 1.00000 0.00000 0.00000 1.00000 0.00000 -1.00000 0.00000 0.00000 -1.00000 0.00000 1.00000 0.00000 0.00000 1.00000 0.00000 0.00000 0.00000 1.00000 0.00000 0.00000 1.00000 -0.00000 -1.00000 0.00000 0.00000 -1.00000 0.00000 0.00000 0.00000 0.00000 -1.00000 0.00000 0.00000 -1.00000 0.00000 0.00000 1.00000 0.00000 0.00000 1.00000 0.00000 -1.00000 0.00000 0.00000 -1.00000 0.00000 1.00000 0.00000 0.00000 1.00000 0.00000 0.00000 0.00000 1.00000 0.00000 0.00000 1.00000 -0.00000 -1.00000 0.00000 0.00000 -1.00000 0.00000 0.00000 0.00000 0.00000 -1.00000 0.00000 0.00000 -1.00000 0.00000 0.00000 1.00000 0.00000 0.00000 1.00000 0.00000 -1.00000 0.00000 0.00000 -1.00000 0.00000 1.00000 0.00000 0.00000 1.00000 0.00000 0.00000 0.00000 1.00000 0.00000 0.00000 1.00000 -0.00000 -1.00000 0.00000 0.00000 -1.00000 0.00000 0.00000 0.00000 0.00000 -1.00000 0.00000 0.00000 -1.00000 0.00000 0.00000 1.00000 0.00000 0.00000 1.00000 0.00000 -1.00000 0.00000 0.00000 -1.00000 0.00000 1.00000 0.00000 0.00000 1.00000 0.00000 0.00000 0.00000 1.00000 0.00000 0.00000 1.00000 -0.00000 -1.00000 0.00000 0.00000 -1.00000 0.00000 0.00000 0.00000 0.00000 -1.00000 0.00000 0.00000 -1.00000 0.00000 0.00000 1.00000 0.00000 0.00000 1.00000 0.00000 -1.00000 0.00000 0.00000 -1.00000 0.00000 1.00000 0.00000 0.00000 1.00000 0.00000 0.00000 0.00000 1.00000 0.00000 0.00000 1.00000 -0.00000 -1.00000 0.00000 0.00000 -1.00000 0.00000 0.00000 0.00000 0.00000 -1.00000 0.00000 0.00000 -1.00000 0.00000 0.00000 1.00000 0.00000 0.00000 1.00000 0.00000 -1.00000 0.00000 0.00000 -1.00000 0.00000 1.00000 0.00000 0.00000 1.00000 0.00000 0.00000 0.00000 1.00000 0.00000 0.00000 1.00000 -0.00000 -1.00000 0.00000 0.00000 -1.00000 0.00000 0.00000 0.00000 0.00000 -1.00000 0.00000 0.00000 -1.00000 0.00000 0.00000 1.00000 0.00000 0.00000 1.00000 0.00000 -1.00000 0.00000 0.00000 -1.00000 0.00000 1.00000 0.00000 0.00000 1.00000 0.00000 0.00000 0.00000 1.00000 0.00000 0.00000 1.00000 -0.00000 -1.00000 0.00000 0.00000 -1.00000 0.00000 0.00000 0.00000 0.00000 -1.00000 0.00000 0.00000 -1.00000 0.00000 0.00000 1.00000 0.00000 0.00000 1.00000 0.00000 -1.00000 0.00000 0.00000 -1.00000 0.00000 1.00000 0.00000 0.00000 1.00000 0.00000 0.00000 0.00000 1.00000 0.00000 0.00000 1.00000 -0.00000 -1.00000 0.00000 0.00000 -1.00000 0.00000 0.00000 0.00000 0.00000 -1.00000 0.00000 0.00000 -1.00000 0.00000 0.00000 1.00000 0.00000 0.00000 1.00000 0.00000 -1.00000 0.00000 0.00000 -1.00000 0.00000 1.00000 0.00000 0.00000 1.00000 0.00000 0.00000 0.00000 1.00000 0.00000 0.00000 1.00000 -0.00000 -1.00000 0.00000 0.00000 -1.00000 0.00000 0.00000 0.00000 0.00000 -1.00000 0.00000 0.00000 -1.00000 0.00000 0.00000 1.00000 0.00000 0.00000 1.00000 0.00000 -1.00000 0.00000 0.00000 -1.00000 0.00000 1.00000 0.00000 0.00000 1.00000 0.00000 0.00000 0.00000 1.00000 0.00000 0.00000 1.00000 -0.00000 -1.00000 0.00000 0.00000 -1.00000 0.00000 0.00000 0.00000 0.00000 -1.00000 0.00000 0.00000 -1.00000 0.00000 0.00000 1.00000 0.00000 0.00000 1.00000 0.00000 -1.00000 0.00000 0.00000 -1.00000 0.00000 1.00000 0.00000 0.00000 1.00000 0.00000 0.00000 0.00000 1.00000 0.00000 0.00000 1.00000 -0.00000 -1.00000 0.00000 0.00000 -1.00000 0.00000 0.00000 0.00000 0.00000 -1.00000 0.00000 0.00000 -1.00000 0.00000 0.00000 1.00000 0.00000 0.00000 1.00000 0.00000 -1.00000 0.00000 0.00000 -1.00000 0.00000 1.00000 0.00000 0.00000 1.00000 0.00000 0.00000 0.00000 1.00000 0.00000 0.00000 1.00000 -0.00000 -1.00000 0.00000 0.00000 -1.00000 0.00000 0.00000 0.00000 0.00000 -1.00000 0.00000 0.00000 -1.00000 0.00000 0.00000 1.00000 0.00000 0.00000 1.00000 0.00000 -1.00000 0.00000 0.00000 -1.00000 0.00000 1.00000 0.00000 0.00000 1.00000 0.00000 0.00000 0.00000 1.00000 0.00000 0.00000 1.00000 -0.00000 -1.00000 0.00000 0.00000 -1.00000 0.00000 0.00000 0.00000 0.00000 -1.00000 0.00000 0.00000 -1.00000 0.00000 0.00000 1.00000 0.00000 0.00000 1.00000 0.00000 -1.00000 0.00000 0.00000 -1.00000 0.00000 1.00000 0.00000 0.00000 1.00000 0.00000 0.00000 0.00000 1.00000 0.00000 0.00000 1.00000 -0.00000 -1.00000 0.00000 0.00000 -1.00000 0.00000 0.00000 0.00000 0.00000 -1.00000 0.00000 0.00000 -1.00000 0.00000 0.00000 1.00000 0.00000 0.00000 1.00000 0.00000 -1.00000 0.00000 0.00000 -1.00000 0.00000 1.00000 0.00000 0.00000 1.00000 0.00000 0.00000 0.00000 1.00000 0.00000 0.00000 1.00000 -0.00000 -1.00000 0.00000 0.00000 -1.00000 0.00000 0.00000 0.00000 0.00000 -1.00000 0.00000 0.00000 -1.00000 0.00000 0.00000 1.00000 0.00000 0.00000 1.00000 0.00000 -1.00000 0.00000 0.00000 -1.00000 0.00000 1.00000 0.00000 0.00000 1.00000 0.00000 0.00000 0.00000 1.00000 0.00000 0.00000 1.00000 -0.00000 -1.00000 0.00000 0.00000 -1.00000 0.00000 0.00000 0.00000 0.00000 -1.00000 0.00000 0.00000 -1.00000 0.00000 0.00000 1.00000 0.00000 0.00000 1.00000 0.00000 -1.00000 0.00000 0.00000 -1.00000 0.00000 1.00000 0.00000 0.00000 1.00000 0.00000 0.00000 0.00000 1.00000 0.00000 0.00000 1.00000 -0.00000 -1.00000 0.00000 0.00000 -1.00000 0.00000 0.00000 0.00000 0.00000 -1.00000 0.00000 0.00000 -1.00000 0.00000 0.00000 1.00000 0.00000 0.00000 1.00000 0.00000 -1.00000 0.00000 0.00000 -1.00000 0.00000 1.00000 0.00000 0.00000 1.00000 0.00000 0.00000 0.00000 1.00000 0.00000 0.00000 1.00000 -0.00000 -1.00000 0.00000 0.00000 -1.00000 0.00000 0.00000 0.00000 0.00000 -1.00000 0.00000 0.00000 -1.00000 0.00000 0.00000 1.00000 0.00000 0.00000 1.00000 0.00000 -1.00000 0.00000 0.00000 -1.00000 0.00000 1.00000 0.00000 0.00000 1.00000 0.00000 0.00000 0.00000 1.00000 0.00000 0.00000 1.00000 -0.00000 -1.00000 0.00000 0.00000 -1.00000 0.00000 0.00000 0.00000 0.00000 -1.00000 0.00000 0.00000 -1.00000 0.00000 0.00000 1.00000 0.00000 0.00000 1.00000 0.00000 -1.00000 0.00000 0.00000 -1.00000 0.00000 1.00000 0.00000 0.00000 1.00000 0.00000 0.00000 0.00000 1.00000 0.00000 0.00000 1.00000 -0.00000 -1.00000 0.00000 0.00000 -1.00000 0.00000 0.00000 0.00000 0.00000 -1.00000 0.00000 0.00000 -1.00000 0.00000 0.00000 1.00000 0.00000 0.00000 1.00000 0.00000 -1.00000 0.00000 0.00000 -1.00000 0.00000 1.00000 0.00000 0.00000 1.00000 0.00000 0.00000 0.00000 1.00000 0.00000 0.00000 1.00000 -0.00000 -1.00000 0.00000 0.00000 -1.00000 0.00000 0.00000 0.00000 0.00000 -1.00000 0.00000 0.00000 -1.00000 0.00000 0.00000 1.00000 0.00000 0.00000 1.00000 0.00000 -1.00000 0.00000 0.00000 -1.00000 0.00000 1.00000 0.00000 0.00000 1.00000 0.00000 0.00000 0.00000 1.00000 0.00000 0.00000 1.00000 -0.00000 -1.00000 0.00000 0.00000 -1.00000 0.00000 0.00000 0.00000 0.00000 -1.00000 0.00000 0.00000 -1.00000 0.00000 0.00000 1.00000 0.00000 0.00000 1.00000 0.00000 -1.00000 0.00000 0.00000 -1.00000 0.00000 1.00000 0.00000 0.00000 1.00000 0.00000 0.00000 0.00000 1.00000 0.00000 0.00000 1.00000 -0.00000 -1.00000 0.00000 0.00000 -1.00000 0.00000 0.00000 0.00000 0.00000 -1.00000 0.00000 0.00000 -1.00000 0.00000 0.00000 1.00000 0.00000 0.00000 1.00000 0.00000 -1.00000 0.00000 0.00000 -1.00000 0.00000 1.00000 0.00000 0.00000 1.00000 0.00000 0.00000 0.00000 1.00000 0.00000 0.00000 1.00000 -0.00000 -1.00000 0.00000 0.00000 -1.00000 0.00000 0.00000 0.00000 0.00000 -1.00000 0.00000 0.00000 -1.00000 0.00000 0.00000 1.00000 0.00000 0.00000 1.00000 0.00000 -1.00000 0.00000 0.00000 -1.00000 0.00000 1.00000 0.00000 0.00000 1.00000 0.00000 0.00000 0.00000 1.00000 0.00000 0.00000 1.00000 -0.00000 -1.00000 0.00000 0.00000 -1.00000 0.00000 0.00000 0.00000 0.00000 -1.00000 0.00000 0.00000 -1.00000 0.00000 0.00000 1.00000 0.00000 0.00000 1.00000 0.00000 -1.00000 0.00000 0.00000 -1.00000 0.00000 1.00000 0.00000 0.00000 1.00000 0.00000 0.00000 0.00000 1.00000 0.00000 0.00000 1.00000 -0.00000 -1.00000 0.00000 0.00000 -1.00000 0.00000 0.00000 0.00000 0.00000 -1.00000 0.00000 0.00000 -1.00000 0.00000 0.00000 1.00000 0.00000 0.00000 1.00000 0.00000 -1.00000 0.00000 0.00000 -1.00000 0.00000 1.00000 0.00000 0.00000 1.00000 0.00000 0.00000 0.00000 1.00000 0.00000 0.00000 1.00000 -0.00000 -1.00000 0.00000 0.00000 -1.00000 0.00000 0.00000 0.00000 0.00000 -1.00000 0.00000 0.00000 -1.00000 0.00000 0.00000 1.00000 0.00000 0.00000 1.00000 0.00000 -1.00000 0.00000 0.00000 -1.00000 0.00000 1.00000 0.00000 0.00000 1.00000 0.00000 0.00000 0.00000 1.00000 0.00000 0.00000 1.00000 -0.00000 -1.00000 0.00000 0.00000 -1.00000 0.00000 0.00000 0.00000 0.00000 -1.00000 0.00000 0.00000 -1.00000 0.00000 0.00000 1.00000 0.00000 0.00000 1.00000 0.00000 -1.00000 0.00000 0.00000 -1.00000 0.00000 1.00000 0.00000 0.00000 1.00000 0.00000 0.00000 0.00000 1.00000 0.00000 0.00000 1.00000 -0.00000 -1.00000 0.00000 0.00000 -1.00000 0.00000 0.00000 0.00000 0.00000 -1.00000 0.00000 0.00000 -1.00000 0.00000 0.00000 1.00000 0.00000 0.00000 1.00000 0.00000 -1.00000 0.00000 0.00000 -1.00000 0.00000 1.00000 0.00000 0.00000 1.00000 0.00000 0.00000 0.00000 1.00000 0.00000 0.00000 1.00000 -0.00000 -1.00000 0.00000 0.00000 -1.00000 0.00000 0.00000 0.00000 0.00000 -1.00000 0.00000 0.00000 -1.00000 0.00000 0.00000 1.00000 0.00000 0.00000 1.00000 0.00000 -1.00000 0.00000 0.00000 -1.00000 0.00000 1.00000 0.00000 0.00000 1.00000 0.00000 0.00000 0.00000 1.00000 0.00000 0.00000 1.00000 -0.00000 -1.00000 0.00000 0.00000 -1.00000 0.00000 0.00000 0.00000 0.00000 -1.00000 0.00000 0.00000 -1.00000 0.00000 0.00000 1.00000 0.00000 0.00000 1.00000 0.00000 -1.00000 0.00000 0.00000 -1.00000 0.00000 1.00000 0.00000 0.00000 1.00000 0.00000 0.00000 0.00000 1.00000 0.00000 0.00000 1.00000 -0.00000 -1.00000 0.00000 0.00000 -1.00000 0.00000 0.00000 0.00000 0.00000 -1.00000 0.00000 0.00000 -1.00000 0.00000 0.00000 1.00000 0.00000 0.00000 1.00000 0.00000 -1.00000 0.00000 0.00000 -1.00000 0.00000 1.00000 0.00000 0.00000 1.00000 0.00000 0.00000 0.00000 1.00000 0.00000 0.00000 1.00000 -0.00000 -1.00000 0.00000 0.00000 -1.00000 0.00000 0.00000 0.00000 0.00000 -1.00000 0.00000 0.00000 -1.00000 0.00000 0.00000 1.00000 0.00000 0.00000 1.00000 0.00000 -1.00000 0.00000 0.00000 -1.00000 0.00000 1.00000 0.00000 0.00000 1.00000 0.00000 0.00000 0.00000 1.00000 0.00000 0.00000 1.00000 -0.00000 -1.00000 0.00000 0.00000 -1.00000 0.00000 0.00000 0.00000 0.00000 -1.00000 0.00000 0.00000 -1.00000 0.00000 0.00000 1.00000 0.00000 0.00000 1.00000 0.00000 -1.00000 0.00000 0.00000 -1.00000 0.00000 1.00000 0.00000 0.00000 1.00000 0.00000 0.00000 0.00000 1.00000 0.00000 0.00000 1.00000 -0.00000 -1.00000 0.00000 0.00000 -1.00000 0.00000 0.00000 0.00000 0.00000 -1.00000 0.00000 0.00000 -1.00000 0.00000 0.00000 1.00000 0.00000 0.00000 1.00000 0.00000 -1.00000 0.00000 0.00000 -1.00000 0.00000 1.00000 0.00000 0.00000 1.00000 0.00000 0.00000 0.00000 1.00000 0.00000 0.00000 1.00000 -0.00000 -1.00000 0.00000 0.00000 -1.00000 0.00000 0.00000 0.00000 0.00000 -1.00000 0.00000 0.00000 -1.00000 0.00000 0.00000 1.00000 0.00000 0.00000 1.00000 0.00000 -1.00000 0.00000 0.00000 -1.00000 0.00000 1.00000 0.00000 0.00000 1.00000 0.00000 0.00000 0.00000 1.00000 0.00000 0.00000 1.00000 -0.00000 -1.00000 0.00000 0.00000 -1.00000 0.00000 0.00000 0.00000 0.00000 -1.00000 0.00000 0.00000 -1.00000 0.00000 0.00000 1.00000 0.00000 0.00000 1.00000 0.00000 -1.00000 0.00000 0.00000 -1.00000 0.00000 1.00000 0.00000 0.00000 1.00000 0.00000 0.00000 0.00000 1.00000 0.00000 0.00000 1.00000 -0.00000 -1.00000 0.00000 0.00000 -1.00000 0.00000 0.00000 0.00000 0.00000 -1.00000 0.00000 0.00000 -1.00000 0.00000 0.00000 1.00000 0.00000 0.00000 1.00000 0.00000 -1.00000 0.00000 0.00000 -1.00000 0.00000 1.00000 0.00000 0.00000 1.00000 0.00000 0.00000 0.00000 1.00000 0.00000 0.00000 1.00000 -0.00000 -1.00000 0.00000 0.00000 -1.00000 0.00000 0.00000 0.00000 0.00000 -1.00000 0.00000 0.00000 -1.00000 0.00000 0.00000 1.00000 0.00000 0.00000 1.00000 0.00000 -1.00000 0.00000 0.00000 -1.00000 0.00000 1.00000 0.00000 0.00000 1.00000 0.00000 0.00000 0.00000 1.00000 0.00000 0.00000 1.00000 -0.00000 -1.00000 0.00000 0.00000 -1.00000 0.00000 0.00000 0.00000 0.00000 -1.00000 0.00000 0.00000 -1.00000 0.00000 0.00000 1.00000 0.00000 0.00000 1.00000 0.00000 -1.00000 0.00000 0.00000 -1.00000 0.00000 1.00000 0.00000 0.00000 1.00000 0.00000 0.00000 0.00000 1.00000 0.00000 0.00000 1.00000 -0.00000 -1.00000 0.00000 0.00000 -1.00000 0.00000 0.00000 0.00000 0.00000 -1.00000 0.00000 0.00000 -1.00000 0.00000 0.00000 1.00000 0.00000 0.00000 1.00000 0.00000 -1.00000 0.00000 0.00000 -1.00000 0.00000 1.00000 0.00000 0.00000 1.00000 0.00000 0.00000 0.00000 1.00000 0.00000 0.00000 1.00000 -0.00000 -1.00000 0.00000 0.00000 -1.00000 0.00000 0.00000 0.00000 0.00000 -1.00000 0.00000 0.00000 -1.00000 0.00000 0.00000 1.00000 0.00000 0.00000 1.00000 0.00000 -1.00000 0.00000 0.00000 -1.00000 0.00000 1.00000 0.00000 0.00000 1.00000 0.00000 0.00000 0.00000 1.00000 0.00000 0.00000 1.00000 -0.00000 -1.00000 0.00000 0.00000 -1.00000 0.00000 0.00000 0.00000 0.00000 -1.00000 0.00000 0.00000 -1.00000 0.00000 0.00000 1.00000 0.00000 0.00000 1.00000 0.00000 -1.00000 0.00000 0.00000 -1.00000 0.00000 1.00000 0.00000 0.00000 1.00000 0.00000 0.00000 0.00000 1.00000 0.00000 0.00000 1.00000 -0.00000 -1.00000 0.00000 0.00000 -1.00000 0.00000 0.00000 0.00000 0.00000 -1.00000 0.00000 0.00000 -1.00000 0.00000 0.00000 1.00000 0.00000 0.00000 1.00000 0.00000 -1.00000 0.00000 0.00000 -1.00000 0.00000 1.00000 0.00000 0.00000 1.00000 0.00000 0.00000 0.00000 1.00000 0.00000 0.00000 1.00000 -0.00000 -1.00000 0.00000 0.00000 -1.00000 0.00000 0.00000 0.00000 0.00000 -1.00000 0.00000 0.00000 -1.00000 0.00000 0.00000 1.00000 0.00000 0.00000 1.00000 0.00000 -1.00000 0.00000 0.00000 -1.00000 0.00000 1.00000 0.00000 0.00000 1.00000 0.00000 0.00000 0.00000 1.00000 0.00000 0.00000 1.00000 -0.00000 -1.00000 0.00000 0.00000 -1.00000 0.00000 0.00000 0.00000 0.00000 -1.00000 0.00000 0.00000 -1.00000 0.00000 0.00000 1.00000 0.00000 0.00000 1.00000 0.00000 -1.00000 0.00000 0.00000 -1.00000 0.00000 1.00000 0.00000 0.00000 1.00000 0.00000 0.00000 0.00000 1.00000 0.00000 0.00000 1.00000 -0.00000 -1.00000 0.00000 0.00000 -1.00000 0.00000 0.00000 0.00000 0.00000 -1.00000 0.00000 0.00000 -1.00000 0.00000 0.00000 1.00000 0.00000 0.00000 1.00000 0.00000 -1.00000 0.00000 0.00000 -1.00000 0.00000 1.00000 0.00000 0.00000 1.00000 0.00000 0.00000 0.00000 1.00000 0.00000 0.00000 1.00000 -0.00000 -1.00000 0.00000 0.00000 -1.00000 0.00000 0.00000 0.00000 0.00000 -1.00000 0.00000 0.00000 -1.00000 0.00000 0.00000 1.00000 0.00000 0.00000 1.00000 0.00000 -1.00000 0.00000 0.00000 -1.00000 0.00000 1.00000 0.00000 0.00000 1.00000 0.00000 0.00000 0.00000 1.00000 0.00000 0.00000 1.00000 -0.00000 -1.00000 0.00000 0.00000 -1.00000 0.00000 0.00000 0.00000 0.00000 -1.00000 0.00000 0.00000 -1.00000 0.00000 0.00000 1.00000 0.00000 0.00000 1.00000 0.00000 -1.00000 0.00000 0.00000 -1.00000 0.00000 1.00000 0.00000 0.00000 1.00000 0.00000 0.00000 0.00000 1.00000 0.00000 0.00000 1.00000 -0.00000 -1.00000 0.00000 0.00000 -1.00000 0.00000 0.00000 0.00000 0.00000 -1.00000 0.00000 0.00000 -1.00000 0.00000 0.00000 1.00000 0.00000 0.00000 1.00000 0.00000 -1.00000 0.00000 0.00000 -1.00000 0.00000 1.00000 0.00000 0.00000 1.00000 0.00000 0.00000 0.00000 1.00000 0.00000 0.00000 1.00000 -0.00000 -1.00000 0.00000 0.00000 -1.00000 0.00000 0.00000 0.00000 0.00000 -1.00000 0.00000 0.00000 -1.00000 0.00000 0.00000 1.00000 0.00000 0.00000 1.00000 0.00000 -1.00000 0.00000 0.00000 -1.00000 0.00000 1.00000 0.00000 0.00000 1.00000 0.00000 0.00000 0.00000 1.00000 0.00000 0.00000 1.00000 -0.00000 -1.00000 0.00000 0.00000 -1.00000 0.00000 0.00000 0.00000 0.00000 -1.00000 0.00000 0.00000 -1.00000 0.00000 0.00000 1.00000 0.00000 0.00000 1.00000 0.00000 -1.00000 0.00000 0.00000 -1.00000 0.00000 1.00000 0.00000 0.00000 1.00000 0.00000 0.00000 0.00000 1.00000 0.00000 0.00000 1.00000 -0.00000 -1.00000 0.00000 0.00000 -1.00000 0.00000 0.00000 0.00000 0.00000 -1.00000 0.00000 0.00000 -1.00000 0.00000 0.00000 1.00000 0.00000 0.00000 1.00000 0.00000 -1.00000 0.00000 0.00000 -1.00000 0.00000 1.00000 0.00000 0.00000 1.00000 0.00000 0.00000 0.00000 1.00000 0.00000 0.00000 1.00000 -0.00000 -1.00000 0.00000 0.00000 -1.00000 0.00000 0.00000 0.00000 0.00000 -1.00000 0.00000 0.00000 -1.00000 0.00000 0.00000 1.00000 0.00000 0.00000 1.00000 0.00000 -1.00000 0.00000 0.00000 -1.00000 0.00000 1.00000 0.00000 0.00000 1.00000 0.00000 0.00000 0.00000 1.00000 0.00000 0.00000 1.00000 -0.00000 -1.00000 0.00000 0.00000 -1.00000 0.00000 0.00000 0.00000 0.00000 -1.00000 0.00000 0.00000 -1.00000 0.00000 0.00000 1.00000 0.00000 0.00000 1.00000 0.00000 -1.00000 0.00000 0.00000 -1.00000 0.00000 1.00000 0.00000 0.00000 1.00000 0.00000 0.00000 0.00000 1.00000 0.00000 0.00000 1.00000 -0.00000 -1.00000 0.00000 0.00000 -1.00000 0.00000 0.00000 0.00000 0.00000 -1.00000 0.00000 0.00000 -1.00000 0.00000 0.00000 1.00000 0.00000 0.00000 1.00000 0.00000 -1.00000 0.00000 0.00000 -1.00000 0.00000 1.00000 0.00000 0.00000 1.00000 0.00000 0.00000 0.00000 1.00000 0.00000 0.00000 1.00000 -0.00000 -1.00000 0.00000 0.00000 -1.00000 0.00000 0.00000 0.00000 0.00000 -1.00000 0.00000 0.00000 -1.00000 0.00000 0.00000 1.00000 0.00000 0.00000 1.00000 0.00000 -1.00000 0.00000 0.00000 -1.00000 0.00000 1.00000 0.00000 0.00000 1.00000 0.00000 0.00000 0.00000 1.00000 0.00000 0.00000 1.00000 -0.00000 -1.00000 0.00000 0.00000 -1.00000 0.00000 0.00000 0.00000 0.00000 -1.00000 0.00000 0.00000 -1.00000 0.00000 0.00000 1.00000 0.00000 0.00000 1.00000 0.00000 -1.00000 0.00000 0.00000 -1.00000 0.00000 1.00000 0.00000 0.00000 1.00000 0.00000 0.00000 0.00000 1.00000 0.00000 0.00000 1.00000 -0.00000 -1.00000 0.00000 0.00000 -1.00000 0.00000 0.00000 0.00000 0.00000 -1.00000 0.00000 0.00000 -1.00000 0.00000 0.00000 1.00000 0.00000 0.00000 1.00000 0.00000 -1.00000 0.00000 0.00000 -1.00000 0.00000 1.00000 0.00000 0.00000 1.00000 0.00000 0.00000 0.00000 1.00000 0.00000 0.00000 1.00000 -0.00000 -1.00000 0.00000 0.00000 -1.00000 0.00000 0.00000 0.00000 0.00000 -1.00000 0.00000 0.00000 -1.00000 0.00000 0.00000 1.00000 0.00000 0.00000 1.00000 0.00000 -1.00000 0.00000 0.00000 -1.00000 0.00000 1.00000 0.00000 0.00000 1.00000 0.00000 0.00000 0.00000 1.00000 0.00000 0.00000 1.00000 -0.00000 -1.00000 0.00000 0.00000 -1.00000 0.00000 0.00000 0.00000 0.00000 -1.00000 0.00000 0.00000 -1.00000 0.00000 0.00000 1.00000 0.00000 0.00000 1.00000 0.00000 -1.00000 0.00000 0.00000 -1.00000 0.00000 1.00000 0.00000 0.00000 1.00000 0.00000 0.00000 0.00000 1.00000 0.00000 0.00000 1.00000 -0.00000 -1.00000 0.00000 0.00000 -1.00000 0.00000 0.00000 0.00000 0.00000 -1.00000 0.00000 0.00000 -1.00000 0.00000 0.00000 1.00000 0.00000 0.00000 1.00000 0.00000 -1.00000 0.00000 0.00000 -1.00000 0.00000 1.00000 0.00000 0.00000 1.00000 0.00000 0.00000 0.00000 1.00000 0.00000 0.00000 1.00000 -0.00000 -1.00000 0.00000 0.00000 -1.00000 0.00000 0.00000 0.00000 0.00000 -1.00000 0.00000 0.00000 -1.00000 0.00000 0.00000 1.00000 0.00000 0.00000 1.00000 0.00000 -1.00000 0.00000 0.00000 -1.00000 0.00000 1.00000 0.00000 0.00000 1.00000 0.00000 0.00000 0.00000 1.00000 0.00000 0.00000 1.00000 -0.00000 -1.00000 0.00000 0.00000 -1.00000 0.00000 0.00000 0.00000 0.00000 -1.00000 0.00000 0.00000 -1.00000 0.00000 0.00000 1.00000 0.00000 0.00000 1.00000 0.00000 -1.00000 0.00000 0.00000 -1.00000 0.00000 1.00000 0.00000 0.00000 1.00000 0.00000 0.00000 0.00000 1.00000 0.00000 0.00000 1.00000 -0.00000 -1.00000 0.00000 0.00000 -1.00000 0.00000 0.00000 0.00000 0.00000 -1.00000 0.00000 0.00000 -1.00000 0.00000 0.00000 1.00000 0.00000 0.00000 1.00000 0.00000 -1.00000 0.00000 0.00000 -1.00000 0.00000 1.00000 0.00000 0.00000 1.00000 0.00000 0.00000 0.00000 1.00000 0.00000 0.00000 1.00000 -0.00000 -1.00000 0.00000 0.00000 -1.00000 0.00000 0.00000 0.00000 0.00000 -1.00000 0.00000 0.00000 -1.00000 0.00000 0.00000 1.00000 0.00000 0.00000 1.00000 0.00000 -1.00000 0.00000 0.00000 -1.00000 0.00000 1.00000 0.00000 0.00000 1.00000 0.00000 0.00000 0.00000 1.00000 0.00000 0.00000 1.00000 -0.00000 -1.00000 0.00000 0.00000 -1.00000 0.00000 0.00000 0.00000 0.00000 -1.00000 0.00000 0.00000 -1.00000 0.00000 0.00000 1.00000 0.00000 0.00000 1.00000 0.00000 -1.00000 0.00000 0.00000 -1.00000 0.00000 1.00000 0.00000 0.00000 1.00000 0.00000 0.00000 0.00000 1.00000 0.00000 0.00000 1.00000 -0.00000 -1.00000 0.00000 0.00000 -1.00000 0.00000 0.00000 0.00000 0.00000 -1.00000 0.00000 0.00000 -1.00000 0.00000 0.00000 1.00000 0.00000 0.00000 1.00000 0.00000 -1.00000 0.00000 0.00000 -1.00000 0.00000 1.00000 0.00000 0.00000 1.00000 0.00000 0.00000 0.00000 1.00000 0.00000 0.00000 1.00000 -0.00000 -1.00000 0.00000 0.00000 -1.00000 0.00000 0.00000 0.00000 0.00000 -1.00000 0.00000 0.00000 -1.00000 0.00000 0.00000 1.00000 0.00000 0.00000 1.00000 0.00000 -1.00000 0.00000 0.00000 -1.00000 0.00000 1.00000 0.00000 0.00000 1.00000 0.00000 0.00000 0.00000 1.00000 0.00000 0.00000 1.00000 -0.00000 -1.00000 0.00000 0.00000 -1.00000 0.00000 0.00000 0.00000 0.00000 -1.00000 0.00000 0.00000 -1.00000 0.00000 0.00000 1.00000 0.00000 0.00000 1.00000 0.00000 -1.00000 0.00000 0.00000 -1.00000 0.00000 1.00000 0.00000 0.00000 1.00000 0.00000 0.00000 0.00000 1.00000 0.00000 0.00000 1.00000 -0.00000 -1.00000 0.00000 0.00000 -1.00000 0.00000 0.00000 0.00000 0.00000 -1.00000 0.00000 0.00000 -1.00000 0.00000 0.00000 1.00000 0.00000 0.00000 1.00000 0.00000 -1.00000 0.00000 0.00000 -1.00000 0.00000 1.00000 0.00000 0.00000 1.00000 0.00000 0.00000 0.00000 1.00000 0.00000 0.00000 1.00000 -0.00000 -1.00000 0.00000 0.00000 -1.00000 0.00000 0.00000 0.00000 0.00000 -1.00000 0.00000 0.00000 -1.00000 0.00000 0.00000 1.00000 0.00000 0.00000 1.00000 0.00000 -1.00000 0.00000 0.00000 -1.00000 0.00000 1.00000 0.00000 0.00000 1.00000 0.00000 0.00000 0.00000 1.00000 0.00000 0.00000 1.00000 -0.00000 -1.00000 0.00000 0.00000 -1.00000 0.00000 0.00000 0.00000 0.00000 -1.00000 0.00000 0.00000 -1.00000 0.00000 0.00000 1.00000 0.00000 0.00000 1.00000 0.00000 -1.00000 0.00000 0.00000 -1.00000 0.00000 1.00000 0.00000 0.00000 1.00000 0.00000 0.00000 0.00000 1.00000 0.00000 0.00000 1.00000 -0.00000 -1.00000 0.00000 0.00000 -1.00000 0.00000 0.00000 0.00000 0.00000 -1.00000 0.00000 0.00000 -1.00000 0.00000 0.00000 1.00000 0.00000 0.00000 1.00000 0.00000 -1.00000 0.00000 0.00000 -1.00000 0.00000 1.00000 0.00000 0.00000 1.00000 0.00000 0.00000 0.00000 1.00000 0.00000 0.00000 1.00000 -0.00000 -1.00000 0.00000 0.00000 -1.00000 0.00000 0.00000 0.00000 0.00000 -1.00000 0.00000 0.00000 -1.00000 0.00000 0.00000 1.00000 0.00000 0.00000 1.00000 0.00000 -1.00000 0.00000 0.00000 -1.00000 0.00000 1.00000 0.00000 0.00000 1.00000 0.00000 0.00000 0.00000 1.00000 0.00000 0.00000 1.00000 -0.00000 -1.00000 0.00000 0.00000 -1.00000 0.00000 0.00000 0.00000 0.00000 -1.00000 0.00000 0.00000 -1.00000 0.00000 0.00000 1.00000 0.00000 0.00000 1.00000 0.00000 -1.00000 0.00000 0.00000 -1.00000 0.00000 1.00000 0.00000 0.00000 1.00000 0.00000 0.00000 0.00000 1.00000 0.00000 0.00000 1.00000 -0.00000 -1.00000 0.00000 0.00000 -1.00000 0.00000 0.00000 0.00000 0.00000 -1.00000 0.00000 0.00000 -1.00000 0.00000 0.00000 1.00000 0.00000 0.00000 1.00000 0.00000 -1.00000 0.00000 0.00000 -1.00000 0.00000 1.00000 0.00000 0.00000 1.00000 0.00000 0.00000 0.00000 1.00000 0.00000 0.00000 1.00000 -0.00000 -1.00000 0.00000 0.00000 -1.00000 0.00000 0.00000 0.00000 0.00000 -1.00000 0.00000 0.00000 -1.00000 0.00000 0.00000 1.00000 0.00000 0.00000 1.00000 0.00000 -1.00000 0.00000 0.00000 -1.00000 0.00000 1.00000 0.00000 0.00000 1.00000 0.00000 0.00000 0.00000 1.00000 0.00000 0.00000 1.00000 -0.00000 -1.00000 0.00000 0.00000 -1.00000 0.00000 0.00000 0.00000 0.00000 -1.00000 0.00000 0.00000 -1.00000 0.00000 0.00000 1.00000 0.00000 0.00000 1.00000 0.00000 -1.00000 0.00000 0.00000 -1.00000 0.00000 1.00000 0.00000 0.00000 1.00000 0.00000 0.00000 0.00000 1.00000 0.00000 0.00000 1.00000 -0.00000 -1.00000 0.00000 0.00000 -1.00000 0.00000 0.00000 0.00000 0.00000 -1.00000 0.00000 0.00000 -1.00000 0.00000 0.00000 1.00000 0.00000 0.00000 1.00000 0.00000 -1.00000 0.00000 0.00000 -1.00000 0.00000 1.00000 0.00000 0.00000 1.00000 0.00000 0.00000 0.00000 1.00000 0.00000 0.00000 1.00000 -0.00000 -1.00000 0.00000 0.00000 -1.00000 0.00000 0.00000 0.00000 0.00000 -1.00000 0.00000 0.00000 -1.00000 0.00000 0.00000 1.00000 0.00000 0.00000 1.00000 0.00000 -1.00000 0.00000 0.00000 -1.00000 0.00000 1.00000 0.00000 0.00000 1.00000 0.00000 0.00000 0.00000 1.00000 0.00000 0.00000 1.00000 -0.00000 -1.00000 0.00000 0.00000 -1.00000 0.00000 0.00000 0.00000 0.00000 -1.00000 0.00000 0.00000 -1.00000 0.00000 0.00000 1.00000 0.00000 0.00000 1.00000 0.00000 -1.00000 0.00000 0.00000 -1.00000 0.00000 1.00000 0.00000 0.00000 1.00000 0.00000 0.00000 0.00000 1.00000 0.00000 0.00000 1.00000 -0.00000 -1.00000 0.00000 0.00000 -1.00000 0.00000 0.00000 0.00000 0.00000 -1.00000 0.00000 0.00000 -1.00000 0.00000 0.00000 1.00000 0.00000 0.00000 1.00000 0.00000 -1.00000 0.00000 0.00000 -1.00000 0.00000 1.00000 0.00000 0.00000 1.00000 0.00000 0.00000 0.00000 1.00000 0.00000 0.00000 1.00000 -0.00000 -1.00000 0.00000 0.00000 -1.00000 0.00000 0.00000 0.00000 0.00000 -1.00000 0.00000 0.00000 -1.00000 0.00000 0.00000 1.00000 0.00000 0.00000 1.00000 0.00000 -1.00000 0.00000 0.00000 -1.00000 0.00000 1.00000 0.00000 0.00000 1.00000 0.00000 0.00000 0.00000 1.00000 0.00000 0.00000 1.00000 -0.00000 -1.00000 0.00000 0.00000 -1.00000 0.00000 0.00000 0.00000 0.00000 -1.00000 0.00000 0.00000 -1.00000 0.00000 0.00000 1.00000 0.00000 0.00000 1.00000 0.00000 -1.00000 0.00000 0.00000 -1.00000 0.00000 1.00000 0.00000 0.00000 1.00000 0.00000 0.00000 0.00000 1.00000 0.00000 0.00000 1.00000 -0.00000 -1.00000 0.00000 0.00000 -1.00000 0.00000 0.00000 0.00000 0.00000 -1.00000 0.00000 0.00000 -1.00000 0.00000 0.00000 1.00000 0.00000 0.00000 1.00000 0.00000 -1.00000 0.00000 0.00000 -1.00000 0.00000 1.00000 0.00000 0.00000 1.00000 0.00000 0.00000 0.00000 1.00000 0.00000 0.00000 1.00000 -0.00000 -1.00000 0.00000 0.00000 -1.00000 0.00000 0.00000 0.00000 0.00000 -1.00000 0.00000 0.00000 -1.00000 0.00000 0.00000 1.00000 0.00000 0.00000 1.00000 0.00000 -1.00000 0.00000 0.00000 -1.00000 0.00000 1.00000 0.00000 0.00000 1.00000 0.00000 0.00000 0.00000 1.00000 0.00000 0.00000 1.00000 -0.00000 -1.00000 0.00000 0.00000 -1.00000 0.00000 0.00000 0.00000 0.00000 -1.00000 0.00000 0.00000 -1.00000 0.00000 0.00000 1.00000 0.00000 0.00000 1.00000 0.00000 -1.00000 0.00000 0.00000 -1.00000 0.00000 1.00000 0.00000 0.00000 1.00000 0.00000 0.00000 0.00000 1.00000 0.00000 0.00000 1.00000 -0.00000 -1.00000 0.00000 0.00000 -1.00000 0.00000 0.00000 0.00000 0.00000 -1.00000 0.00000 0.00000 -1.00000 0.00000 0.00000 1.00000 0.00000 0.00000 1.00000 0.00000 -1.00000 0.00000 0.00000 -1.00000 0.00000 1.00000 0.00000 0.00000 1.00000 0.00000 0.00000 0.00000 1.00000 0.00000 0.00000 1.00000 -0.00000 -1.00000 0.00000 0.00000 -1.00000 0.00000 0.00000 0.00000 0.00000 -1.00000 0.00000 0.00000 -1.00000 0.00000 0.00000 1.00000 0.00000 0.00000 1.00000 0.00000 -1.00000 0.00000 0.00000 -1.00000 0.00000 1.00000 0.00000 0.00000 1.00000 0.00000 0.00000 0.00000 1.00000 0.00000 0.00000 1.00000 -0.00000 -1.00000 0.00000 0.00000 -1.00000 0.00000 0.00000 0.00000 0.00000 -1.00000 0.00000 0.00000 -1.00000 0.00000 0.00000 1.00000 0.00000 0.00000 1.00000 0.00000 -1.00000 0.00000 0.00000 -1.00000 0.00000 1.00000 0.00000 0.00000 1.00000 0.00000 0.00000 0.00000 1.00000 0.00000 0.00000 1.00000 -0.00000 -1.00000 0.00000 0.00000 -1.00000 0.00000 0.00000 0.00000 0.00000 -1.00000 0.00000 0.00000 -1.00000 0.00000 0.00000 1.00000 0.00000 0.00000 1.00000 0.00000 -1.00000 0.00000 0.00000 -1.00000 0.00000 1.00000 0.00000 0.00000 1.00000 0.00000 0.00000 0.00000 1.00000 0.00000 0.00000 1.00000 -0.00000 -1.00000 0.00000 0.00000 -1.00000 0.00000 0.00000 0.00000 0.00000 -1.00000 0.00000 0.00000 -1.00000 0.00000 0.00000 1.00000 0.00000 0.00000 1.00000 0.00000 -1.00000 0.00000 0.00000 -1.00000 0.00000 1.00000 0.00000 0.00000 1.00000 0.00000 0.00000 0.00000 1.00000 0.00000 0.00000 1.00000 -0.00000 -1.00000 0.00000 0.00000 -1.00000 0.00000 0.00000 0.00000 0.00000 -1.00000 0.00000 0.00000 -1.00000 0.00000 0.00000 1.00000 0.00000 0.00000 1.00000 0.00000 -1.00000 0.00000 0.00000 -1.00000 0.00000 1.00000 0.00000 0.00000 1.00000 0.00000 0.00000 0.00000 1.00000 0.00000 0.00000 1.00000 -0.00000 -1.00000 0.00000 0.00000 -1.00000 0.00000 0.00000 0.00000 0.00000 -1.00000 0.00000 0.00000 -1.00000 0.00000 0.00000 1.00000 0.00000 0.00000 1.00000 0.00000 -1.00000 0.00000 0.00000 -1.00000 0.00000 1.00000 0.00000 0.00000 1.00000 0.00000 0.00000 0.00000 1.00000 0.00000 0.00000 1.00000 -0.00000 -1.00000 0.00000 0.00000 -1.00000 0.00000 0.00000 0.00000 0.00000 -1.00000 0.00000 0.00000 -1.00000 0.00000 0.00000 1.00000 0.00000 0.00000 1.00000 0.00000 -1.00000 0.00000 0.00000 -1.00000 0.00000 1.00000 0.00000 0.00000 1.00000 0.00000 0.00000 0.00000 1.00000 0.00000 0.00000 1.00000 -0.00000 -1.00000 0.00000 0.00000 -1.00000 0.00000 0.00000 0.00000 0.00000 -1.00000 0.00000 0.00000 -1.00000 0.00000 0.00000 1.00000 0.00000 0.00000 1.00000 0.00000 -1.00000 0.00000 0.00000 -1.00000 0.00000 1.00000 0.00000 0.00000 1.00000 0.00000 0.00000 0.00000 1.00000 0.00000 0.00000 1.00000 -0.00000 -1.00000 0.00000 0.00000 -1.00000 0.00000 0.00000 0.00000 0.00000 -1.00000 0.00000 0.00000 -1.00000 0.00000 0.00000 1.00000 0.00000 0.00000 1.00000 0.00000 -1.00000 0.00000 0.00000 -1.00000 0.00000 1.00000 0.00000 0.00000 1.00000 0.00000 0.00000 0.00000 1.00000 0.00000 0.00000 1.00000 -0.00000 -1.00000 0.00000 0.00000 -1.00000 0.00000 0.00000 0.00000 0.00000 -1.00000 0.00000 0.00000 -1.00000 0.00000 0.00000 1.00000 0.00000 0.00000 1.00000 0.00000 -1.00000 0.00000 0.00000 -1.00000 0.00000 1.00000 0.00000 0.00000 1.00000 0.00000 0.00000 0.00000 1.00000 0.00000 0.00000 1.00000 -0.00000 -1.00000 0.00000 0.00000 -1.00000 0.00000 0.00000 0.00000 0.00000 -1.00000 0.00000 0.00000 -1.00000 0.00000 0.00000 1.00000 0.00000 0.00000 1.00000 0.00000 -1.00000 0.00000 0.00000 -1.00000 0.00000 1.00000 0.00000 0.00000 1.00000 0.00000 0.00000 0.00000 1.00000 0.00000 0.00000 1.00000 -0.00000 -1.00000 0.00000 0.00000 -1.00000 0.00000 0.00000 0.00000 0.00000 -1.00000 0.00000 0.00000 -1.00000 0.00000 0.00000 1.00000 0.00000 0.00000 1.00000 0.00000 -1.00000 0.00000 0.00000 -1.00000 0.00000 1.00000 0.00000 0.00000 1.00000 0.00000 0.00000 0.00000 1.00000 0.00000 0.00000 1.00000 -0.00000 -1.00000 0.00000 0.00000 -1.00000 0.00000 0.00000 0.00000 0.00000 -1.00000 0.00000 0.00000 -1.00000 0.00000 0.00000 1.00000 0.00000 0.00000 1.00000 0.00000 -1.00000 0.00000 0.00000 -1.00000 0.00000 1.00000 0.00000 0.00000 1.00000 0.00000 0.00000 0.00000 1.00000 0.00000 0.00000 1.00000 -0.00000 -1.00000 0.00000 0.00000 -1.00000 0.00000 0.00000 0.00000 0.00000 -1.00000 0.00000 0.00000 -1.00000 0.00000 0.00000 1.00000 0.00000 0.00000 1.00000 0.00000 -1.00000 0.00000 0.00000 -1.00000 0.00000 1.00000 0.00000 0.00000 1.00000 0.00000 0.00000 0.00000 1.00000 0.00000 0.00000 1.00000 -0.00000 -1.00000 0.00000 0.00000 -1.00000 0.00000 0.00000 0.00000 0.00000 -1.00000 0.00000 0.00000 -1.00000 0.00000 0.00000 1.00000 0.00000 0.00000 1.00000 0.00000 -1.00000 0.00000 0.00000 -1.00000 0.00000 1.00000 0.00000 0.00000 1.00000 0.00000 0.00000 0.00000 1.00000 0.00000 0.00000 1.00000 -0.00000 -1.00000 0.00000 0.00000 -1.00000 0.00000 0.00000 0.00000 0.00000 -1.00000 0.00000 0.00000 -1.00000 0.00000 0.00000 1.00000 0.00000 0.00000 1.00000 0.00000 -1.00000 0.00000 0.00000 -1.00000 0.00000 1.00000 0.00000 0.00000 1.00000 0.00000 0.00000 0.00000 1.00000 0.00000 0.00000 1.00000 -0.00000 -1.00000 0.00000 0.00000 -1.00000 0.00000 0.00000 0.00000 0.00000 -1.00000 0.00000 0.00000 -1.00000 0.00000 0.00000 1.00000 0.00000 0.00000 1.00000 0.00000 -1.00000 0.00000 0.00000 -1.00000 0.00000 1.00000 0.00000 0.00000 1.00000 0.00000 0.00000 0.00000 1.00000 0.00000 0.00000 1.00000 -0.00000 -1.00000 0.00000 0.00000 -1.00000 0.00000 0.00000 0.00000 0.00000 -1.00000 0.00000 0.00000 -1.00000 0.00000 0.00000 1.00000 0.00000 0.00000 1.00000 0.00000 -1.00000 0.00000 0.00000 -1.00000 0.00000 1.00000 0.00000 0.00000 1.00000 0.00000 0.00000 0.00000 1.00000 0.00000 0.00000 1.00000 -0.00000 -1.00000 0.00000 0.00000 -1.00000 0.00000 0.00000 0.00000 0.00000 -1.00000 0.00000 0.00000 -1.00000 0.00000 0.00000 1.00000 0.00000 0.00000 1.00000 0.00000 -1.00000 0.00000 0.00000 -1.00000 0.00000 1.00000 0.00000 0.00000 1.00000 0.00000 0.00000 0.00000 1.00000 0.00000 0.00000 1.00000 -0.00000 -1.00000 0.00000 0.00000 -1.00000 0.00000 0.00000 0.00000 0.00000 -1.00000 0.00000 0.00000 -1.00000 0.00000 0.00000 1.00000 0.00000 0.00000 1.00000 0.00000 -1.00000 0.00000 0.00000 -1.00000 0.00000 1.00000 0.00000 0.00000 1.00000 0.00000 0.00000 0.00000 1.00000 0.00000 0.00000 1.00000 -0.00000 -1.00000 0.00000 0.00000 -1.00000 0.00000 0.00000 0.00000 0.00000 -1.00000 0.00000 0.00000 -1.00000 0.00000 0.00000 1.00000 0.00000 0.00000 1.00000 0.00000 -1.00000 0.00000 0.00000 -1.00000 0.00000 1.00000 0.00000 0.00000 1.00000 0.00000 0.00000 0.00000 1.00000 0.00000 0.00000 1.00000 -0.00000 -1.00000 0.00000 0.00000 -1.00000 0.00000 0.00000 0.00000 0.00000 -1.00000 0.00000 0.00000 -1.00000 0.00000 0.00000 1.00000 0.00000 0.00000 1.00000 0.00000 -1.00000 0.00000 0.00000 -1.00000 0.00000 1.00000 0.00000 0.00000 1.00000 0.00000 0.00000 0.00000 1.00000 0.00000 0.00000 1.00000 -0.00000 -1.00000 0.00000 0.00000 -1.00000 0.00000 0.00000 0.00000 0.00000 -1.00000 0.00000 0.00000 -1.00000 0.00000 0.00000 1.00000 0.00000 0.00000 1.00000 0.00000 -1.00000 0.00000 0.00000 -1.00000 0.00000 1.00000 0.00000 0.00000 1.00000 0.00000 0.00000 0.00000 1.00000 0.00000 0.00000 1.00000 -0.00000 -1.00000 0.00000 0.00000 -1.00000 0.00000 0.00000 0.00000 0.00000 -1.00000 0.00000 0.00000 -1.00000 0.00000 0.00000 1.00000 0.00000 0.00000 1.00000 0.00000 -1.00000 0.00000 0.00000 -1.00000 0.00000 1.00000 0.00000 0.00000 1.00000 0.00000 0.00000 0.00000 1.00000 0.00000 0.00000 1.00000 -0.00000 -1.00000 0.00000 0.00000 -1.00000 0.00000 0.00000 0.00000 0.00000 -1.00000 0.00000 0.00000 -1.00000 0.00000 0.00000 1.00000 0.00000 0.00000 1.00000 0.00000 -1.00000 0.00000 0.00000 -1.00000 0.00000 1.00000 0.00000 0.00000 1.00000 0.00000 0.00000 0.00000 1.00000 0.00000 0.00000 1.00000 -0.00000 -1.00000 0.00000 0.00000 -1.00000 0.00000 0.00000 0.00000 0.00000 -1.00000 0.00000 0.00000 -1.00000 0.00000 0.00000 1.00000 0.00000 0.00000 1.00000 0.00000 -1.00000 0.00000 0.00000 -1.00000 0.00000 1.00000 0.00000 0.00000 1.00000 0.00000 0.00000 0.00000 1.00000 0.00000 0.00000 1.00000 -0.00000 -1.00000 0.00000 0.00000 -1.00000 0.00000 0.00000 0.00000 0.00000 -1.00000 0.00000 0.00000 -1.00000 0.00000 0.00000 1.00000 0.00000 0.00000 1.00000 0.00000 -1.00000 0.00000 0.00000 -1.00000 0.00000 1.00000 0.00000 0.00000 1.00000 0.00000 0.00000 0.00000 1.00000 0.00000 0.00000 1.00000 -0.00000 -1.00000 0.00000 0.00000 -1.00000 0.00000 0.00000 0.00000 0.00000 -1.00000 0.00000 0.00000 -1.00000 0.00000 0.00000 1.00000 0.00000 0.00000 1.00000 0.00000 -1.00000 0.00000 0.00000 -1.00000 0.00000 1.00000 0.00000 0.00000 1.00000 0.00000 0.00000 0.00000 1.00000 0.00000 0.00000 1.00000 -0.00000 -1.00000 0.00000 0.00000 -1.00000 0.00000 0.00000 0.00000 0.00000 -1.00000 0.00000 0.00000 -1.00000 0.00000 0.00000 1.00000 0.00000 0.00000 1.00000 0.00000 -1.00000 0.00000 0.00000 -1.00000 0.00000 1.00000 0.00000 0.00000 1.00000 0.00000 0.00000 0.00000 1.00000 0.00000 0.00000 1.00000 -0.00000 -1.00000 0.00000 0.00000 -1.00000 0.00000 0.00000 0.00000 0.00000 -1.00000 0.00000 0.00000 -1.00000 0.00000 0.00000 1.00000 0.00000 0.00000 1.00000 0.00000 -1.00000 0.00000 0.00000 -1.00000 0.00000 1.00000 0.00000 0.00000 1.00000 0.00000 0.00000 0.00000 1.00000 0.00000 0.00000 1.00000 -0.00000 -1.00000 0.00000 0.00000 -1.00000 0.00000 0.00000 0.00000 0.00000 -1.00000 0.00000 0.00000 -1.00000 0.00000 0.00000 1.00000 0.00000 0.00000 1.00000 0.00000 -1.00000 0.00000 0.00000 -1.00000 0.00000 1.00000 0.00000 0.00000 1.00000 0.00000 0.00000 0.00000 1.00000 0.00000 0.00000 1.00000 -0.00000 -1.00000 0.00000 0.00000 -1.00000 0.00000 0.00000 0.00000 0.00000 -1.00000 0.00000 0.00000 -1.00000 0.00000 0.00000 1.00000 0.00000 0.00000 1.00000 0.00000 -1.00000 0.00000 0.00000 -1.00000 0.00000 1.00000 0.00000 0.00000 1.00000 0.00000 0.00000 0.00000 1.00000 0.00000 0.00000 1.00000 -0.00000 -1.00000 0.00000 0.00000 -1.00000 0.00000 0.00000 0.00000 0.00000 -1.00000 0.00000 0.00000 -1.00000 0.00000 0.00000 1.00000 0.00000 0.00000 1.00000 0.00000 -1.00000 0.00000 0.00000 -1.00000 0.00000 1.00000 0.00000 0.00000 1.00000 0.00000 0.00000 0.00000 1.00000 0.00000 0.00000 1.00000 -0.00000 -1.00000 0.00000 0.00000 -1.00000 0.00000 0.00000 0.00000 0.00000 -1.00000 0.00000 0.00000 -1.00000 0.00000 0.00000 1.00000 0.00000 0.00000 1.00000 0.00000 -1.00000 0.00000 0.00000 -1.00000 0.00000 1.00000 0.00000 0.00000 1.00000 0.00000 0.00000 0.00000 1.00000 0.00000 0.00000 1.00000 -0.00000 -1.00000 0.00000 0.00000 -1.00000 0.00000 0.00000 0.00000 0.00000 -1.00000 0.00000 0.00000 -1.00000 0.00000 0.00000 1.00000 0.00000 0.00000 1.00000 0.00000 -1.00000 0.00000 0.00000 -1.00000 0.00000 1.00000 0.00000 0.00000 1.00000 0.00000 0.00000 0.00000 1.00000 0.00000 0.00000 1.00000 -0.00000 -1.00000 0.00000 0.00000 -1.00000 0.00000 0.00000 0.00000 0.00000 -1.00000 0.00000 0.00000 -1.00000 0.00000 0.00000 1.00000 0.00000 0.00000 1.00000 0.00000 -1.00000 0.00000 0.00000 -1.00000 0.00000 1.00000 0.00000 0.00000 1.00000 0.00000 0.00000 0.00000 1.00000 0.00000 0.00000 1.00000 -0.00000 -1.00000 0.00000 0.00000 -1.00000 0.00000 0.00000 0.00000 0.00000 -1.00000 0.00000 0.00000 -1.00000 0.00000 0.00000 1.00000 0.00000 0.00000 1.00000 0.00000 -1.00000 0.00000 0.00000 -1.00000 0.00000 1.00000 0.00000 0.00000 1.00000 0.00000 0.00000 0.00000 1.00000 0.00000 0.00000 1.00000 -0.00000 -1.00000 0.00000 0.00000 -1.00000 0.00000 0.00000 0.00000 0.00000 -1.00000 0.00000 0.00000 -1.00000 0.00000 0.00000 1.00000 0.00000 0.00000 1.00000 0.00000 -1.00000 0.00000 0.00000 -1.00000 0.00000 1.00000 0.00000 0.00000 1.00000 0.00000 0.00000 0.00000 1.00000 0.00000 0.00000 1.00000 -0.00000 -1.00000 0.00000 0.00000 -1.00000 0.00000 0.00000 0.00000 0.00000 -1.00000 0.00000 0.00000 -1.00000 0.00000 0.00000 1.00000 0.00000 0.00000 1.00000 0.00000 -1.00000 0.00000 0.00000 -1.00000 0.00000 1.00000 0.00000 0.00000 1.00000 0.00000 0.00000 0.00000 1.00000 0.00000 0.00000 1.00000 -0.00000 -1.00000 0.00000 0.00000 -1.00000 0.00000 0.00000 0.00000 0.00000 -1.00000 0.00000 0.00000 -1.00000 0.00000 0.00000 1.00000 0.00000 0.00000 1.00000 0.00000 -1.00000 0.00000 0.00000 -1.00000 0.00000 1.00000 0.00000 0.00000 1.00000 0.00000 0.00000 0.00000 1.00000 0.00000 0.00000 1.00000 -0.00000 -1.00000 0.00000 0.00000 -1.00000 0.00000 0.00000 0.00000 0.00000 -1.00000 0.00000 0.00000 -1.00000 0.00000 0.00000 1.00000 0.00000 0.00000 1.00000 0.00000 -1.00000 0.00000 0.00000 -1.00000 0.00000 1.00000 0.00000 0.00000 1.00000 0.00000 0.00000 0.00000 1.00000 0.00000 0.00000 1.00000 -0.00000 -1.00000 0.00000 0.00000 -1.00000 0.00000 0.00000 0.00000 0.00000 -1.00000 0.00000 0.00000 -1.00000 0.00000 0.00000 1.00000 0.00000 0.00000 1.00000 0.00000 -1.00000 0.00000 0.00000 -1.00000 0.00000 1.00000 0.00000 0.00000 1.00000 0.00000 0.00000 0.00000 1.00000 0.00000 0.00000 1.00000 -0.00000 -1.00000 0.00000 0.00000 -1.00000 0.00000 0.00000 0.00000 0.00000 -1.00000 0.00000 0.00000 -1.00000 0.00000 0.00000 1.00000 0.00000 0.00000 1.00000 0.00000 -1.00000 0.00000 0.00000 -1.00000 0.00000 1.00000 0.00000 0.00000 1.00000 0.00000 0.00000 0.00000 1.00000 0.00000 0.00000 1.00000 -0.00000 -1.00000 0.00000 0.00000 -1.00000 0.00000 0.00000 0.00000 0.00000 -1.00000 0.00000 0.00000 -1.00000 0.00000 0.00000 1.00000 0.00000 0.00000 1.00000 0.00000 -1.00000 0.00000 0.00000 -1.00000 0.00000 1.00000 0.00000 0.00000 1.00000 0.00000 0.00000 0.00000 1.00000 0.00000 0.00000 1.00000 -0.00000 -1.00000 0.00000 0.00000 -1.00000 0.00000 0.00000 0.00000 0.00000 -1.00000 0.00000 0.00000 -1.00000 0.00000 0.00000 1.00000 0.00000 0.00000 1.00000 0.00000 -1.00000 0.00000 0.00000 -1.00000 0.00000 1.00000 0.00000 0.00000 1.00000 0.00000 0.00000 0.00000 1.00000 0.00000 0.00000 1.00000 -0.00000 -1.00000 0.00000 0.00000 -1.00000 0.00000 0.00000 0.00000 0.00000 -1.00000 0.00000 0.00000 -1.00000 0.00000 0.00000 1.00000 0.00000 0.00000 1.00000 0.00000 -1.00000 0.00000 0.00000 -1.00000 0.00000 1.00000 0.00000 0.00000 1.00000 0.00000 0.00000 0.00000 1.00000 0.00000 0.00000 1.00000 -0.00000 -1.00000 0.00000 0.00000 -1.00000 0.00000 0.00000 0.00000 0.00000 -1.00000 0.00000 0.00000 -1.00000 0.00000 0.00000 1.00000 0.00000 0.00000 1.00000 0.00000 -1.00000 0.00000 0.00000 -1.00000 0.00000 1.00000 0.00000 0.00000 1.00000 0.00000 0.00000 0.00000 1.00000 0.00000 0.00000 1.00000 -0.00000 -1.00000 0.00000 0.00000 -1.00000 0.00000 0.00000 0.00000 0.00000 -1.00000 0.00000 0.00000 -1.00000 0.00000 0.00000 1.00000 0.00000 0.00000 1.00000 0.00000 -1.00000 0.00000 0.00000 -1.00000 0.00000 1.00000 0.00000 0.00000 1.00000 0.00000 0.00000 0.00000 1.00000 0.00000 0.00000 1.00000 -0.00000 -1.00000 0.00000 0.00000 -1.00000 0.00000 0.00000 0.00000 0.00000 -1.00000 0.00000 0.00000 -1.00000 0.00000 0.00000 1.00000 0.00000 0.00000 1.00000 0.00000 -1.00000 0.00000 0.00000 -1.00000 0.00000 1.00000 0.00000 0.00000 1.00000 0.00000 0.00000 0.00000 1.00000 0.00000 0.00000 1.00000 -0.00000 -1.00000 0.00000 0.00000 -1.00000 0.00000 0.00000 0.00000 0.00000 -1.00000 0.00000 0.00000 -1.00000 0.00000 0.00000 1.00000 0.00000 0.00000 1.00000 0.00000 -1.00000 0.00000 0.00000 -1.00000 0.00000 1.00000 0.00000 0.00000 1.00000 0.00000 0.00000 0.00000 1.00000 0.00000 0.00000 1.00000 -0.00000 -1.00000 0.00000 0.00000 -1.00000 0.00000 0.00000 0.00000 0.00000 -1.00000 0.00000 0.00000 -1.00000 0.00000 0.00000 1.00000 0.00000 0.00000 1.00000 0.00000 -1.00000 0.00000 0.00000 -1.00000 0.00000 1.00000 0.00000 0.00000 1.00000 0.00000 0.00000 0.00000 1.00000 0.00000 0.00000 1.00000 -0.00000 -1.00000 0.00000 0.00000 -1.00000 0.00000 0.00000 0.00000 0.00000 -1.00000 0.00000 0.00000 -1.00000 0.00000 0.00000 1.00000 0.00000 0.00000 1.00000 0.00000 -1.00000 0.00000 0.00000 -1.00000 0.00000 1.00000 0.00000 0.00000 1.00000 0.00000 0.00000 0.00000 1.00000 0.00000 0.00000 1.00000 -0.00000 -1.00000 0.00000 0.00000 -1.00000 0.00000 0.00000 0.00000 0.00000 -1.00000 0.00000 0.00000 -1.00000 0.00000 0.00000 1.00000 0.00000 0.00000 1.00000 0.00000 -1.00000 0.00000 0.00000 -1.00000 0.00000 1.00000 0.00000 0.00000 1.00000 0.00000 0.00000 0.00000 1.00000 0.00000 0.00000 1.00000 -0.00000 -1.00000 0.00000 0.00000 -1.00000 0.00000 0.00000 0.00000 0.00000 -1.00000 0.00000 0.00000 -1.00000 0.00000 0.00000 1.00000 0.00000 0.00000 1.00000 0.00000 -1.00000 0.00000 0.00000 -1.00000 0.00000 1.00000 0.00000 0.00000 1.00000 0.00000 0.00000 0.00000 1.00000 0.00000 0.00000 1.00000 -0.00000 -1.00000 0.00000 0.00000 -1.00000 0.00000 0.00000 0.00000 0.00000 -1.00000 0.00000 0.00000 -1.00000 0.00000 0.00000 1.00000 0.00000 0.00000 1.00000 0.00000 -1.00000 0.00000 0.00000 -1.00000 0.00000 1.00000 0.00000 0.00000 1.00000 0.00000 0.00000 0.00000 1.00000 0.00000 0.00000 1.00000 -0.00000 -1.00000 0.00000 0.00000 -1.00000 0.00000 0.00000 0.00000 0.00000 -1.00000 0.00000 0.00000 -1.00000 0.00000 0.00000 1.00000 0.00000 0.00000 1.00000 0.00000 -1.00000 0.00000 0.00000 -1.00000 0.00000 1.00000 0.00000 0.00000 1.00000 0.00000 0.00000 0.00000 1.00000 0.00000 0.00000 1.00000 -0.00000 -1.00000 0.00000 0.00000 -1.00000 0.00000 0.00000 0.00000 0.00000 -1.00000 0.00000 0.00000 -1.00000 0.00000 0.00000 1.00000 0.00000 0.00000 1.00000 0.00000 -1.00000 0.00000 0.00000 -1.00000 0.00000 1.00000 0.00000 0.00000 1.00000 0.00000 0.00000 0.00000 1.00000 0.00000 0.00000 1.00000 -0.00000 -1.00000 0.00000 0.00000 -1.00000 0.00000 0.00000 0.00000 0.00000 -1.00000 0.00000 0.00000 -1.00000 0.00000 0.00000 1.00000 0.00000 0.00000 1.00000 0.00000 -1.00000 0.00000 0.00000 -1.00000 0.00000 1.00000 0.00000 0.00000 1.00000 0.00000 0.00000 0.00000 1.00000 0.00000 0.00000 1.00000 -0.00000 -1.00000 0.00000 0.00000 -1.00000 0.00000 0.00000 0.00000 0.00000 -1.00000 0.00000 0.00000 -1.00000 0.00000 0.00000 1.00000 0.00000 0.00000 1.00000 0.00000 -1.00000 0.00000 0.00000 -1.00000 0.00000 1.00000 0.00000 0.00000 1.00000 0.00000 0.00000 0.00000 1.00000 0.00000 0.00000 1.00000 -0.00000 -1.00000 0.00000 0.00000 -1.00000 0.00000 0.00000 0.00000 0.00000 -1.00000 0.00000 0.00000 -1.00000 0.00000 0.00000 1.00000 0.00000 0.00000 1.00000 0.00000 -1.00000 0.00000 0.00000 -1.00000 0.00000 1.00000 0.00000 0.00000 1.00000 0.00000 0.00000 0.00000 1.00000 0.00000 0.00000 1.00000 -0.00000 -1.00000 0.00000 0.00000 -1.00000 0.00000 0.00000 0.00000 0.00000 -1.00000 0.00000 0.00000 -1.00000 0.00000 0.00000 1.00000 0.00000 0.00000 1.00000 0.00000 -1.00000 0.00000 0.00000 -1.00000 0.00000 1.00000 0.00000 0.00000 1.00000 0.00000 0.00000 0.00000 1.00000 0.00000 0.00000 1.00000 -0.00000 -1.00000 0.00000 0.00000 -1.00000 0.00000 0.00000</float_array><technique_common><accessor source="#normals-array" count="2016" stride="3"><param name="X" type="float"/><param name="Y" type="float"/><param name="Z" type="float"/></accessor></technique_common></source>
<vertices id="vertices"><input semantic="POSITION" source="#positions"/></vertices><triangles count="2016"><input semantic="VERTEX" source="#vertices" offset="0"/><input semantic="NORMAL" source="#normals" offset="1"/><p>0 0 2 0 1 0 0 1 3 1 2 1 4 2 5 2 6 2 4 3 6 3 7 3 0 4 1 4 5 4 0 5 5 5 4 5 1 6 2 6 6 6 1 7 6 7 5 7 2 8 3 8 7 8 2 9 7 9 6 9 3 10 0 10 4 10 3 11 4 11 7 11 8 12 10 12 9 12 8 13 11 13 10 13 12 14 13 14 14 14 12 15 14 15 15 15 8 16 9 16 13 16 8 17 13 17 12 17 9 18 10 18 14 18 9 19 14 19 13 19 10 20 11 20 15 20 10 21 15 21 14 21 11 22 8 22 12 22 11 23 12 23 15 23 16 24 18 24 17 24 16 25 19 25 18 25 20 26 21 26 22 26 20 27 22 27 23 27 16 28 17 28 21 28 16 29 21 29 20 29 17 30 18 30 22 30 17 31 22 31 21 31 18 32 19 32 23 32 18 33 23 33 22 33 19 34 16 34 20 34 19 35 20 35 23 35 24 36 26 36 25 36 24 37 27 37 26 37 28 38 29 38 30 38 28 39 30 39 31 39 24 40 25 40 29 40 24 41 29 41 28 41 25 42 26 42 30 42 25 43 30 43 29 43 26 44 27 44 31 44 26 45 31 45 30 45 27 46 24 46 28 46 27 47 28 47 31 47 32 48 34 48 33 48 32 49 35 49 34 49 36 50 37 50 38 50 36 51 38 51 39 51 32 52 33 52 37 52 32 53 37 53 36 53 33 54 34 54 38 54 33 55 38 55 37 55 34 56 35 56 39 56 34 57 39 57 38 57 35 58 32 58 36 58 35 59 36 59 39 59 40 60 42 60 41 60 40 61 43 61 42 61 44 62 45 62 46 62 44 63 46 63 47 63 40 64 41 64 45 64 40 65 45 65 44 65 41 66 42 66 46 66 41 67 46 67 45 67 42 68 43 68 47 68 42 69 47 69 46 69 43 70 40 70 44 70 43 71 44 71 47 71 48 72 50 72 49 72 48 73 51 73 50 73 52 74 53 74 54 74 52 75 54 75 55 75 48 76 49 76 53 76 48 77 53 77 52 77 49 78 50 78 54 78 49 79 54 79 53 79 50 80 51 80 55 80 50 81 55 81 54 81 51 82 48 82 52 82 51 83 52 83 55 83 56 84 58 84 57 84 56 85 59 85 58 85 60 86 61 86 62 86 60 87 62 87 63 87 56 88 57 88 61 88 56 89 61 89 60 89 57 90 58 90 62 90 57 91 62 91 61 91 58 92 59 92 63 92 58 93 63 93 62 93 59 94 56 94 60 94 59 95 60 95 63 95 64 96 66 96 65 96 64 97 67 97 66 97 68 98 69 98 70 98 68 99 70 99 71 99 64 100 65 100 69 100 64 101 69 101 68 101 65 102 66 102 70 102 65 103 70 103 69 103 66 104 67 104 71 104 66 105 71 105 70 105 67 106 64 106 68 106 67 107 68 107 71 107 72 108 74 108 73 108 72 109 75 109 74 109 76 110 77 110 78 110 76 111 78 111 79 111 72 112 73 112 77 112 72 113 77 113 76 113 73 114 74 114 78 114 73 115 78 115 77 115 74 116 75 116 79 116 74 117 79 117 78 117 75 118 72 118 76 118 75 119 76 119 79 119 80 120 82 120 81 120 80 121 83 121 82 121 84 122 85 122 86 122 84 123 86 123 87 123 80 124 81 124 85 124 80 125 85 125 84 125 81 126 82 126 86 126 81 127 86 127 85 127 82 128 83 128 87 128 82 129 87 129 86 129 83 130 80 130 84 130 83 131 84 131 87 131 88 132 90 132 89 132 88 133 91 133 90 133 92 134 93 134 94 134 92 135 94 135 95 135 88 136 89 136 93 136 88 137 93 137 92 137 89 138 90 138 94 138 89 139 94 139 93 139 90 140 91 140 95 140 90 141 95 141 94 141 91 142 88 142 92 142 91 143 92 143 95 143 96 144 98 144 97 144 96 145 99 145 98 145 100 146 101 146 102 146 100 147 102 147 103 147 96 148 97 148 101 148 96 149 101 149 100 149 97 150 98 150 102 150 97 151 102 151 101 151 98 152 99 152 103 152 98 153 103 153 102 153 99 154 96 154 100 154 99 155 100 155 103 155 104 156 106 156 105 156 104 157 107 157 106 157 108 158 109 158 110 158 108 159 110 159 111 159 104 160 105 160 109 160 104 161 109 161 108 161 105 162 106 162 110 162 105 163 110 163 109 163 106 164 107 164 111 164 106 165 111 165 110 165 107 166 104 166 108 166 107 167 108 167 111 167 112 168 114 168 113 168 112 169 115 169 114 169 116 170 117 170 118 170 116 171 118 171 119 171 112 172 113 172 117 172 112 173 117 173 116 173 113 174 114 174 118 174 113 175 118 175 117 175 114 176 115 176 119 176 114 177 119 177 118 177 115 178 112 178 116 178 115 179 116 179 119 179 120 180 122 180 121 180 120 181 123 181 122 181 124 182 125 182 126 182 124 183 126 183 127 183 120 184 121 184 125 184 120 185 125 185 124 185 121 186 122 186 126 186 121 187 126 187 125 187 122 188 123 188 127 188 122 189 127 189 126 189 123 190 120 190 124 190 123 191 124 191 127 191 128 192 130 192 129 192 128 193 131 193 130 193 132 194 133 194 134 194 132 195 134 195 135 195 128 196 129 196 133 196 128 197 133 197 132 197 129 198 130 198 134 198 129 199 134 199 133 199 130 200 131 200 135 200 130 201 135 201 134 201 131 202 128 202 132 202 131 203 132 203 135 203 136 204 138 204 137 204 136 205 139 205 138 205 140 206 141 206 142 206 140 207 142 207 143 207 136 208 137 208 141 208 136 209 141 209 140 209 137 210 138 210 142 210 137 211 142 211 141 211 138 212 139 212 143 212 138 213 143 213 142 213 139 214 136 214 140 214 139 215 140 215 143 215 144 216 146 216 145 216 144 217 147 217 146 217 148 218 149 218 150 218 148 219 150 219 151 219 144 220 145 220 149 220 144 221 149 221 148 221 145 222 146 222 150 222 145 223 150 223 149 223 146 224 147 224 151 224 146 225 151 225 150 225 147 226 144 226 148 226 147 227 148 227 151 227 152 228 154 228 153 228 152 229 155 229 154 229 156 230 157 230 158 230 156 231 158 231 159 231 152 232 153 232 157 232 152 233 157 233 156 233 153 234 154 234 158 234 153 235 158 235 157 235 154 236 155 236 159 236 154 237 159 237 158 237 155 238 152 238 156 238 155 239 156 239 159 239 160 240 162 240 161 240 160 241 163 241 162 241 164 242 165 242 166 242 164 243 166 243 167 243 160 244 161 244 165 244 160 245 165 245 164 245 161 246 162 246 166 246 161 247 166 247 165 247 162 248 163 248 167 248 162 249 167 249 166 249 163 250 160 250 164 250 163 251 164 251 167 251 168 252 170 252 169 252 168 253 171 253 170 253 172 254 173 254 174 254 172 255 174 255 175 255 168 256 169 256 173 256 168 257 173 257 172 257 169 258 170 258 174 258 169 259 174 259 173 259 170 260 171 260 175 260 170 261 175 261 174 261 171 262 168 262 172 262 171 263 172 263 175 263 176 264 178 264 177 264 176 265 179 265 178 265 180 266 181 266 182 266 180 267 182 267 183 267 176 268 177 268 181 268 176 269 181 269 180 269 177 270 178 270 182 270 177 271 182 271 181 271 178 272 179 272 183 272 178 273 183 273 182 273 179 274 176 274 180 274 179 275 180 275 183 275 184 276 186 276 185 276 184 277 187 277 186 277 188 278 189 278 190 278 188 279 190 279 191 279 184 280 185 280 189 280 184 281 189 281 188 281 185 282 186 282 190 282 185 283 190 283 189 283 186 284 187 284 191 284 186 285 191 285 190 285 187 286 184 286 188 286 187 287 188 287 191 287 192 288 194 288 193 288 192 289 195 289 194 289 196 290 197 290 198 290 196 291 198 291 199 291 192 292 193 292 197 292 192 293 197 293 196 293 193 294 194 294 198 294 193 295 198 295 197 295 194 296 195 296 199 296 194 297 199 297 198 297 195 298 192 298 196 298 195 299 196 299 199 299 200 300 202 300 201 300 200 301 203 301 202 301 204 302 205 302 206 302 204 303 206 303 207 303 200 304 201 304 205 304 200 305 205 305 204 305 201 306 202 306 206 306 201 307 206 307 205 307 202 308 203 308 207 308 202 309 207 309 206 309 203 310 200 310 204 310 203 311 204 311 207 311 208 312 210 312 209 312 208 313 211 313 210 313 212 314 213 314 214 314 212 315 214 315 215 315 208 316 209 316 213 316 208 317 213 317 212 317 209 318 210 318 214 318 209 319 214 319 213 319 210 320 211 320 215 320 210 321 215 321 214 321 211 322 208 322 212 322 211 323 212 323 215 323 216 324 218 324 217 324 216 325 219 325 218 325 220 326 221 326 222 326 220 327 222 327 223 327 216 328 217 328 221 328 216 329 221 329 220 329 217 330 218 330 222 330 217 331 222 331 221 331 218 332 219 332 223 332 218 333 223 333 222 333 219 334 216 334 220 334 219 335 220 335 223 335 224 336 226 336 225 336 224 337 227 337 226 337 228 338 229 338 230 338 228 339 230 339 231 339 224 340 225 340 229 340 224 341 229 341 228 341 225 342 226 342 230 342 225 343 230 343 229 343 226 344 227 344 231 344 226 345 231 345 230 345 227 346 224 346 228 346 227 347 228 347 231 347 232 348 234 348 233 348 232 349 235 349 234 349 236 350 237 350 238 350 236 351 238 351 239 351 232 352 233 352 237 352 232 353 237 353 236 353 233 354 234 354 238 354 233 355 238 355 237 355 234 356 235 356 239 356 234 357 239 357 238 357 235 358 232 358 236 358 235 359 236 359 239 359 240 360 242 360 241 360 240 361 243 361 242 361 244 362 245 362 246 362 244 363 246 363 247 363 240 364 241 364 245 364 240 365 245 365 244 365 241 366 242 366 246 366 241 367 246 367 245 367 242 368 243 368 247 368 242 369 247 369 246 369 243 370 240 370 244 370 243 371 244 371 247 371 248 372 250 372 249 372 248 373 251 373 250 373 252 374 253 374 254 374 252 375 254 375 255 375 248 376 249 376 253 376 248 377 253 377 252 377 249 378 250 378 254 378 249 379 254 379 253 379 250 380 251 380 255 380 250 381 255 381 254 381 251 382 248 382 252 382 251 383 252 383 255 383 256 384 258 384 257 384 256 385 259 385 258 385 260 386 261 386 262 386 260 387 262 387 263 387 256 388 257 388 261 388 256 389 261 389 260 389 257 390 258 390 262 390 257 391 262 391 261 391 258 392 259 392 263 392 258 393 263 393 262 393 259 394 256 394 260 394 259 395 260 395 263 395 264 396 266 396 265 396 264 397 267 397 266 397 268 398 269 398 270 398 268 399 270 399 271 399 264 400 265 400 269 400 264 401 269 401 268 401 265 402 266 402 270 402 265 403 270 403 269 403 266 404 267 404 271 404 266 405 271 405 270 405 267 406 264 406 268 406 267 407 268 407 271 407 272 408 274 408 273 408 272 409 275 409 274 409 276 410 277 410 278 410 276 411 278 411 279 411 272 412 273 412 277 412 272 413 277 413 276 413 273 414 274 414 278 414 273 415 278 415 277 415 274 416 275 416 279 416 274 417 279 417 278 417 275 418 272 418 276 418 275 419 276 419 279 419 280 420 282 420 281 420 280 421 283 421 282 421 284 422 285 422 286 422 284 423 286 423 287 423 280 424 281 424 285 424 280 425 285 425 284 425 281 426 282 426 286 426 281 427 286 427 285 427 282 428 283 428 287 428 282 429 287 429 286 429 283 430 280 430 284 430 283 431 284 431 287 431 288 432 290 432 289 432 288 433 291 433 290 433 292 434 293 434 294 434 292 435 294 435 295 435 288 436 289 436 293 436 288 437 293 437 292 437 289 438 290 438 294 438 289 439 294 439 293 439 290 440 291 440 295 440 290 441 295 441 294 441 291 442 288 442 292 442 291 443 292 443 295 443 296 444 298 444 297 444 296 445 299 445 298 445 300 446 301 446 302 446 300 447 302 447 303 447 296 448 297 448 301 448 296 449 301 449 300 449 297 450 298 450 302 450 297 451 302 451 301 451 298 452 299 452 303 452 298 453 303 453 302 453 299 454 296 454 300 454 299 455 300 455 303 455 304 456 306 456 305 456 304 457 307 457 306 457 308 458 309 458 310 458 308 459 310 459 311 459 304 460 305 460 309 460 304 461 309 461 308 461 305 462 306 462 310 462 305 463 310 463 309 463 306 464 307 464 311 464 306 465 311 465 310 465 307 466 304 466 308 466 307 467 308 467 311 467 312 468 314 468 313 468 312 469 315 469 314 469 316 470 317 470 318 470 316 471 318 471 319 471 312 472 313 472 317 472 312 473 317 473 316 473 313 474 314 474 318 474 313 475 318 475 317 475 314 476 315 476 319 476 314 477 319 477 318 477 315 478 312 478 316 478 315 479 316 479 319 479 320 480 322 480 321 480 320 481 323 481 322 481 324 482 325 482 326 482 324 483 326 483 327 483 320 484 321 484 325 484 320 485 325 485 324 485 321 486 322 486 326 486 321 487 326 487 325 487 322 488 323 488 327 488 322 489 327 489 326 489 323 490 320 490 324 490 323 491 324 491 327 491 328 492 330 492 329 492 328 493 331 493 330 493 332 494 333 494 334 494 332 495 334 495 335 495 328 496 329 496 333 496 328 497 333 497 332 497 329 498 330 498 334 498 329 499 334 499 333 499 330 500 331 500 335 500 330 501 335 501 334 501 331 502 328 502 332 502 331 503 332 503 335 503 336 504 338 504 337 504 336 505 339 505 338 505 340 506 341 506 342 506 340 507 342 507 343 507 336 508 337 508 341 508 336 509 341 509 340 509 337 510 338 510 342 510 337 511 342 511 341 511 338 512 339 512 343 512 338 513 343 513 342 513 339 514 336 514 340 514 339 515 340 515 343 515 344 516 346 516 345 516 344 517 347 517 346 517 348 518 349 518 350 518 348 519 350 519 351 519 344 520 345 520 349 520 344 521 349 521 348 521 345 522 346 522 350 522 345 523 350 523 349 523 346 524 347 524 351 524 346 525 351 525 350 525 347 526 344 526 348 526 347 527 348 527 351 527 352 528 354 528 353 528 352 529 355 529 354 529 356 530 357 530 358 530 356 531 358 531 359 531 352 532 353 532 357 532 352 533 357 533 356 533 353 534 354 534 358 534 353 535 358 535 357 535 354 536 355 536 359 536 354 537 359 537 358 537 355 538 352 538 356 538 355 539 356 539 359 539 360 540 362 540 361 540 360 541 363 541 362 541 364 542 365 542 366 542 364 543 366 543 367 543 360 544 361 544 365 544 360 545 365 545 364 545 361 546 362 546 366 546 361 547 366 547 365 547 362 548 363 548 367 548 362 549 367 549 366 549 363 550 360 550 364 550 363 551 364 551 367 551 368 552 370 552 369 552 368 553 371 553 370 553 372 554 373 554 374 554 372 555 374 555 375 555 368 556 369 556 373 556 368 557 373 557 372 557 369 558 370 558 374 558 369 559 374 559 373 559 370 560 371 560 375 560 370 561 375 561 374 561 371 562 368 562 372 562 371 563 372 563 375 563 376 564 378 564 377 564 376 565 379 565 378 565 380 566 381 566 382 566 380 567 382 567 383 567 376 568 377 568 381 568 376 569 381 569 380 569 377 570 378 570 382 570 377 571 382 571 381 571 378 572 379 572 383 572 378 573 383 573 382 573 379 574 376 574 380 574 379 575 380 575 383 575 384 576 386 576 385 576 384 577 387 577 386 577 388 578 389 578 390 578 388 579 390 579 391 579 384 580 385 580 389 580 384 581 389 581 388 581 385 582 386 582 390 582 385 583 390 583 389 583 386 584 387 584 391 584 386 585 391 585 390 585 387 586 384 586 388 586 387 587 388 587 391 587 392 588 394 588 393 588 392 589 395 589 394 589 396 590 397 590 398 590 396 591 398 591 399 591 392 592 393 592 397 592 392 593 397 593 396 593 393 594 394 594 398 594 393 595 398 595 397 595 394 596 395 596 399 596 394 597 399 597 398 597 395 598 392 598 396 598 395 599 396 599 399 599 400 600 402 600 401 600 400 601 403 601 402 601 404 602 405 602 406 602 404 603 406 603 407 603 400 604 401 604 405 604 400 605 405 605 404 605 401 606 402 606 406 606 401 607 406 607 405 607 402 608 403 608 407 608 402 609 407 609 406 609 403 610 400 610 404 610 403 611 404 611 407 611 408 612 410 612 409 612 408 613 411 613 410 613 412 614 413 614 414 614 412 615 414 615 415 615 408 616 409 616 413 616 408 617 413 617 412 617 409 618 410 618 414 618 409 619 414 619 413 619 410 620 411 620 415 620 410 621 415 621 414 621 411 622 408 622 412 622 411 623 412 623 415 623 416 624 418 624 417 624 416 625 419 625 418 625 420 626 421 626 422 626 420 627 422 627 423 627 416 628 417 628 421 628 416 629 421 629 420 629 417 630 418 630 422 630 417 631 422 631 421 631 418 632 419 632 423 632 418 633 423 633 422 633 419 634 416 634 420 634 419 635 420 635 423 635 424 636 426 636 425 636 424 637 427 637 426 637 428 638 429 638 430 638 428 639 430 639 431 639 424 640 425 640 429 640 424 641 429 641 428 641 425 642 426 642 430 642 425 643 430 643 429 643 426 644 427 644 431 644 426 645 431 645 430 645 427 646 424 646 428 646 427 647 428 647 431 647 432 648 434 648 433 648 432 649 435 649 434 649 436 650 437 650 438 650 436 651 438 651 439 651 432 652 433 652 437 652 432 653 437 653 436 653 433 654 434 654 438 654 433 655 438 655 437 655 434 656 435 656 439 656 434 657 439 657 438 657 435 658 432 658 436 658 435 659 436 659 439 659 440 660 442 660 441 660 440 661 443 661 442 661 444 662 445 662 446 662 444 663 446 663 447 663 440 664 441 664 445 664 440 665 445 665 444 665 441 666 442 666 446 666 441 667 446 667 445 667 442 668 443 668 447 668 442 669 447 669 446 669 443 670 440 670 444 670 443 671 444 671 447 671 448 672 450 672 449 672 448 673 451 673 450 673 452 674 453 674 454 674 452 675 454 675 455 675 448 676 449 676 453 676 448 677 453 677 452 677 449 678 450 678 454 678 449 679 454 679 453 679 450 680 451 680 455 680 450 681 455 681 454 681 451 682 448 682 452 682 451 683 452 683 455 683 456 684 458 684 457 684 456 685 459 685 458 685 460 686 461 686 462 686 460 687 462 687 463 687 456 688 457 688 461 688 456 689 461 689 460 689 457 690 458 690 462 690 457 691 462 691 461 691 458 692 459 692 463 692 458 693 463 693 462 693 459 694 456 694 460 694 459 695 460 695 463 695 464 696 466 696 465 696 464 697 467 697 466 697 468 698 469 698 470 698 468 699 470 699 471 699 464 700 465 700 469 700 464 701 469 701 468 701 465 702 466 702 470 702 465 703 470 703 469 703 466 704 467 704 471 704 466 705 471 705 470 705 467 706 464 706 468 706 467 707 468 707 471 707 472 708 474 708 473 708 472 709 475 709 474 709 476 710 477 710 478 710 476 711 478 711 479 711 472 712 473 712 477 712 472 713 477 713 476 713 473 714 474 714 478 714 473 715 478 715 477 715 474 716 475 716 479 716 474 717 479 717 478 717 475 718 472 718 476 718 475 719 476 719 479 719 480 720 482 720 481 720 480 721 483 721 482 721 484 722 485 722 486 722 484 723 486 723 487 723 480 724 481 724 485 724 480 725 485 725 484 725 481 726 482 726 486 726 481 727 486 727 485 727 482 728 483 728 487 728 482 729 487 729 486 729 483 730 480 730 484 730 483 731 484 731 487 731 488 732 490 732 489 732 488 733 491 733 490 733 492 734 493 734 494 734 492 735 494 735 495 735 488 736 489 736 493 736 488 737 493 737 492 737 489 738 490 738 494 738 489 739 494 739 493 739 490 740 491 740 495 740 490 741 495 741 494 741 491 742 488 742 492 742 491 743 492 743 495 743 496 744 498 744 497 744 496 745 499 745 498 745 500 746 501 746 502 746 500 747 502 747 503 747 496 748 497 748 501 748 496 749 501 749 500 749 497 750 498 750 502 750 497 751 502 751 501 751 498 752 499 752 503 752 498 753 503 753 502 753 499 754 496 754 500 754 499 755 500 755 503 755 504 756 506 756 505 756 504 757 507 757 506 757 508 758 509 758 510 758 508 759 510 759 511 759 504 760 505 760 509 760 504 761 509 761 508 761 505 762 506 762 510 762 505 763 510 763 509 763 506 764 507 764 511 764 506 765 511 765 510 765 507 766 504 766 508 766 507 767 508 767 511 767 512 768 514 768 513 768 512 769 515 769 514 769 516 770 517 770 518 770 516 771 518 771 519 771 512 772 513 772 517 772 512 773 517 773 516 773 513 774 514 774 518 774 513 775 518 775 517 775 514 776 515 776 519 776 514 777 519 777 518 777 515 778 512 778 516 778 515 779 516 779 519 779 520 780 522 780 521 780 520 781 523 781 522 781 524 782 525 782 526 782 524 783 526 783 527 783 520 784 521 784 525 784 520 785 525 785 524 785 521 786 522 786 526 786 521 787 526 787 525 787 522 788 523 788 527 788 522 789 527 789 526 789 523 790 520 790 524 790 523 791 524 791 527 791 528 792 530 792 529 792 528 793 531 793 530 793 532 794 533 794 534 794 532 795 534 795 535 795 528 796 529 796 533 796 528 797 533 797 532 797 529 798 530 798 534 798 529 799 534 799 533 799 530 800 531 800 535 800 530 801 535 801 534 801 531 802 528 802 532 802 531 803 532 803 535 803 536 804 538 804 537 804 536 805 539 805 538 805 540 806 541 806 542 806 540 807 542 807 543 807 536 808 537 808 541 808 536 809 541 809 540 809 537 810 538 810 542 810 537 811 542 811 541 811 538 812 539 812 543 812 538 813 543 813 542 813 539 814 536 814 540 814 539 815 540 815 543 815 544 816 546 816 545 816 544 817 547 817 546 817 548 818 549 818 550 818 548 819 550 819 551 819 544 820 545 820 549 820 544 821 549 821 548 821 545 822 546 822 550 822 545 823 550 823 549 823 546 824 547 824 551 824 546 825 551 825 550 825 547 826 544 826 548 826 547 827 548 827 551 827 552 828 554 828 553 828 552 829 555 829 554 829 556 830 557 830 558 830 556 831 558 831 559 831 552 832 553 832 557 832 552 833 557 833 556 833 553 834 554 834 558 834 553 835 558 835 557 835 554 836 555 836 559 836 554 837 559 837 558 837 555 838 552 838 556 838 555 839 556 839 559 839 560 840 562 840 561 840 560 841 563 841 562 841 564 842 565 842 566 842 564 843 566 843 567 843 560 844 561 844 565 844 560 845 565 845 564 845 561 846 562 846 566 846 561 847 566 847 565 847 562 848 563 848 567 848 562 849 567 849 566 849 563 850 560 850 564 850 563 851 564 851 567 851 568 852 570 852 569 852 568 853 571 853 570 853 572 854 573 854 574 854 572 855 574 855 575 855 568 856 569 856 573 856 568 857 573 857 572 857 569 858 570 858 574 858 569 859 574 859 573 859 570 860 571 860 575 860 570 861 575 861 574 861 571 862 568 862 572 862 571 863 572 863 575 863 576 864 578 864 577 864 576 865 579 865 578 865 580 866 581 866 582 866 580 867 582 867 583 867 576 868 577 868 581 868 576 869 581 869 580 869 577 870 578 870 582 870 577 871 582 871 581 871 578 872 579 872 583 872 578 873 583 873 582 873 579 874 576 874 580 874 579 875 580 875 583 875 584 876 586 876 585 876 584 877 587 877 586 877 588 878 589 878 590 878 588 879 590 879 591 879 584 880 585 880 589 880 584 881 589 881 588 881 585 882 586 882 590 882 585 883 590 883 589 883 586 884 587 884 591 884 586 885 591 885 590 885 587 886 584 886 588 886 587 887 588 887 591 887 592 888 594 888 593 888 592 889 595 889 594 889 596 890 597 890 598 890 596 891 598 891 599 891 592 892 593 892 597 892 592 893 597 893 596 893 593 894 594 894 598 894 593 895 598 895 597 895 594 896 595 896 599 896 594 897 599 897 598 897 595 898 592 898 596 898 595 899 596 899 599 899 600 900 602 900 601 900 600 901 603 901 602 901 604 902 605 902 606 902 604 903 606 903 607 903 600 904 601 904 605 904 600 905 605 905 604 905 601 906 602 906 606 906 601 907 606 907 605 907 602 908 603 908 607 908 602 909 607 909 606 909 603 910 600 910 604 910 603 911 604 911 607 911 608 912 610 912 609 912 608 913 611 913 610 913 612 914 613 914 614 914 612 915 614 915 615 915 608 916 609 916 613 916 608 917 613 917 612 917 609 918 610 918 614 918 609 919 614 919 613 919 610 920 611 920 615 920 610 921 615 921 614 921 611 922 608 922 612 922 611 923 612 923 615 923 616 924 618 924 617 924 616 925 619 925 618 925 620 926 621 926 622 926 620 927 622 927 623 927 616 928 617 928 621 928 616 929 621 929 620 929 617 930 618 930 622 930 617 931 622 931 621 931 618 932 619 932 623 932 618 933 623 933 622 933 619 934 616 934 620 934 619 935 620 935 623 935 624 936 626 936 625 936 624 937 627 937 626 937 628 938 629 938 630 938 628 939 630 939 631 939 624 940 625 940 629 940 624 941 629 941 628 941 625 942 626 942 630 942 625 943 630 943 629 943 626 944 627 944 631 944 626 945 631 945 630 945 627 946 624 946 628 946 627 947 628 947 631 947 632 948 634 948 633 948 632 949 635 949 634 949 636 950 637 950 638 950 636 951 638 951 639 951 632 952 633 952 637 952 632 953 637 953 636 953 633 954 634 954 638 954 633 955 638 955 637 955 634 956 635 956 639 956 634 957 639 957 638 957 635 958 632 958 636 958 635 959 636 959 639 959 640 960 642 960 641 960 640 961 643 961 642 961 644 962 645 962 646 962 644 963 646 963 647 963 640 964 641 964 645 964 640 965 645 965 644 965 641 966 642 966 646 966 641 967 646 967 645 967 642 968 643 968 647 968 642 969 647 969 646 969 643 970 640 970 644 970 643 971 644 971 647 971 648 972 650 972 649 972 648 973 651 973 650 973 652 974 653 974 654 974 652 975 654 975 655 975 648 976 649 976 653 976 648 977 653 977 652 977 649 978 650 978 654 978 649 979 654 979 653 979 650 980 651 980 655 980 650 981 655 981 654 981 651 982 648 982 652 982 651 983 652 983 655 983 656 984 658 984 657 984 656 985 659 985 658 985 660 986 661 986 662 986 660 987 662 987 663 987 656 988 657 988 661 988 656 989 661 989 660 989 657 990 658 990 662 990 657 991 662 991 661 991 658 992 659 992 663 992 658 993 663 993 662 993 659 994 656 994 660 994 659 995 660 995 663 995 664 996 666 996 665 996 664 997 667 997 666 997 668 998 669 998 670 998 668 999 670 999 671 999 664 1000 665 1000 669 1000 664 1001 669 1001 668 1001 665 1002 666 1002 670 1002 665 1003 670 1003 669 1003 666 1004 667 1004 671 1004 666 1005 671 1005 670 1005 667 1006 664 1006 668 1006 667 1007 668 1007 671 1007 672 1008 674 1008 673 1008 672 1009 675 1009 674 1009 676 1010 677 1010 678 1010 676 1011 678 1011 679 1011 672 1012 673 1012 677 1012 672 1013 677 1013 676 1013 673 1014 674 1014 678 1014 673 1015 678 1015 677 1015 674 1016 675 1016 679 1016 674 1017 679 1017 678 1017 675 1018 672 1018 676 1018 675 1019 676 1019 679 1019 680 1020 682 1020 681 1020 680 1021 683 1021 682 1021 684 1022 685 1022 686 1022 684 1023 686 1023 687 1023 680 1024 681 1024 685 1024 680 1025 685 1025 684 1025 681 1026 682 1026 686 1026 681 1027 686 1027 685 1027 682 1028 683 1028 687 1028 682 1029 687 1029 686 1029 683 1030 680 1030 684 1030 683 1031 684 1031 687 1031 688 1032 690 1032 689 1032 688 1033 691 1033 690 1033 692 1034 693 1034 694 1034 692 1035 694 1035 695 1035 688 1036 689 1036 693 1036 688 1037 693 1037 692 1037 689 1038 690 1038 694 1038 689 1039 694 1039 693 1039 690 1040 691 1040 695 1040 690 1041 695 1041 694 1041 691 1042 688 1042 692 1042 691 1043 692 1043 695 1043 696 1044 698 1044 697 1044 696 1045 699 1045 698 1045 700 1046 701 1046 702 1046 700 1047 702 1047 703 1047 696 1048 697 1048 701 1048 696 1049 701 1049 700 1049 697 1050 698 1050 702 1050 697 1051 702 1051 701 1051 698 1052 699 1052 703 1052 698 1053 703 1053 702 1053 699 1054 696 1054 700 1054 699 1055 700 1055 703 1055 704 1056 706 1056 705 1056 704 1057 707 1057 706 1057 708 1058 709 1058 710 1058 708 1059 710 1059 711 1059 704 1060 705 1060 709 1060 704 1061 709 1061 708 1061 705 1062 706 1062 710 1062 705 1063 710 1063 709 1063 706 1064 707 1064 711 1064 706 1065 711 1065 710 1065 707 1066 704 1066 708 1066 707 1067 708 1067 711 1067 712 1068 714 1068 713 1068 712 1069 715 1069 714 1069 716 1070 717 1070 718 1070 716 1071 718 1071 719 1071 712 1072 713 1072 717 1072 712 1073 717 1073 716 1073 713 1074 714 1074 718 1074 713 1075 718 1075 717 1075 714 1076 715 1076 719 1076 714 1077 719 1077 718 1077 715 1078 712 1078 716 1078 715 1079 716 1079 719 1079 720 1080 722 1080 721 1080 720 1081 723 1081 722 1081 724 1082 725 1082 726 1082 724 1083 726 1083 727 1083 720 1084 721 1084 725 1084 720 1085 725 1085 724 1085 721 1086 722 1086 726 1086 721 1087 726 1087 725 1087 722 1088 723 1088 727 1088 722 1089 727 1089 726 1089 723 1090 720 1090 724 1090 723 1091 724 1091 727 1091 728 1092 730 1092 729 1092 728 1093 731 1093 730 1093 732 1094 733 1094 734 1094 732 1095 734 1095 735 1095 728 1096 729 1096 733 1096 728 1097 733 1097 732 1097 729 1098 730 1098 734 1098 729 1099 734 1099 733 1099 730 1100 731 1100 735 1100 730 1101 735 1101 734 1101 731 1102 728 1102 732 1102 731 1103 732 1103 735 1103 736 1104 738 1104 737 1104 736 1105 739 1105 738 1105 740 1106 741 1106 742 1106 740 1107 742 1107 743 1107 736 1108 737 1108 741 1108 736 1109 741 1109 740 1109 737 1110 738 1110 742 1110 737 1111 742 1111 741 1111 738 1112 739 1112 743 1112 738 1113 743 1113 742 1113 739 1114 736 1114 740 1114 739 1115 740 1115 743 1115 744 1116 746 1116 745 1116 744 1117 747 1117 746 1117 748 1118 749 1118 750 1118 748 1119 750 1119 751 1119 744 1120 745 1120 749 1120 744 1121 749 1121 748 1121 745 1122 746 1122 750 1122 745 1123 750 1123 749 1123 746 1124 747 1124 751 1124 746 1125 751 1125 750 1125 747 1126 744 1126 748 1126 747 1127 748 1127 751 1127 752 1128 754 1128 753 1128 752 1129 755 1129 754 1129 756 1130 757 1130 758 1130 756 1131 758 1131 759 1131 752 1132 753 1132 757 1132 752 1133 757 1133 756 1133 753 1134 754 1134 758 1134 753 1135 758 1135 757 1135 754 1136 755 1136 759 1136 754 1137 759 1137 758 1137 755 1138 752 1138 756 1138 755 1139 756 1139 759 1139 760 1140 762 1140 761 1140 760 1141 763 1141 762 1141 764 1142 765 1142 766 1142 764 1143 766 1143 767 1143 760 1144 761 1144 765 1144 760 1145 765 1145 764 1145 761 1146 762 1146 766 1146 761 1147 766 1147 765 1147 762 1148 763 1148 767 1148 762 1149 767 1149 766 1149 763 1150 760 1150 764 1150 763 1151 764 1151 767 1151 768 1152 770 1152 769 1152 768 1153 771 1153 770 1153 772 1154 773 1154 774 1154 772 1155 774 1155 775 1155 768 1156 769 1156 773 1156 768 1157 773 1157 772 1157 769 1158 770 1158 774 1158 769 1159 774 1159 773 1159 770 1160 771 1160 775 1160 770 1161 775 1161 774 1161 771 1162 768 1162 772 1162 771 1163 772 1163 775 1163 776 1164 778 1164 777 1164 776 1165 779 1165 778 1165 780 1166 781 1166 782 1166 780 1167 782 1167 783 1167 776 1168 777 1168 781 1168 776 1169 781 1169 780 1169 777 1170 778 1170 782 1170 777 1171 782 1171 781 1171 778 1172 779 1172 783 1172 778 1173 783 1173 782 1173 779 1174 776 1174 780 1174 779 1175 780 1175 783 1175 784 1176 786 1176 785 1176 784 1177 787 1177 786 1177 788 1178 789 1178 790 1178 788 1179 790 1179 791 1179 784 1180 785 1180 789 1180 784 1181 789 1181 788 1181 785 1182 786 1182 790 1182 785 1183 790 1183 789 1183 786 1184 787 1184 791 1184 786 1185 791 1185 790 1185 787 1186 784 1186 788 1186 787 1187 788 1187 791 1187 792 1188 794 1188 793 1188 792 1189 795 1189 794 1189 796 1190 797 1190 798 1190 796 1191 798 1191 799 1191 792 1192 793 1192 797 1192 792 1193 797 1193 796 1193 793 1194 794 1194 798 1194 793 1195 798 1195 797 1195 794 1196 795 1196 799 1196 794 1197 799 1197 798 1197 795 1198 792 1198 796 1198 795 1199 796 1199 799 1199 800 1200 802 1200 801 1200 800 1201 803 1201 802 1201 804 1202 805 1202 806 1202 804 1203 806 1203 807 1203 800 1204 801 1204 805 1204 800 1205 805 1205 804 1205 801 1206 802 1206 806 1206 801 1207 806 1207 805 1207 802 1208 803 1208 807 1208 802 1209 807 1209 806 1209 803 1210 800 1210 804 1210 803 1211 804 1211 807 1211 808 1212 810 1212 809 1212 808 1213 811 1213 810 1213 812 1214 813 1214 814 1214 812 1215 814 1215 815 1215 808 1216 809 1216 813 1216 808 1217 813 1217 812 1217 809 1218 810 1218 814 1218 809 1219 814 1219 813 1219 810 1220 811 1220 815 1220 810 1221 815 1221 814 1221 811 1222 808 1222 812 1222 811 1223 812 1223 815 1223 816 1224 818 1224 817 1224 816 1225 819 1225 818 1225 820 1226 821 1226 822 1226 820 1227 822 1227 823 1227 816 1228 817 1228 821 1228 816 1229 821 1229 820 1229 817 1230 818 1230 822 1230 817 1231 822 1231 821 1231 818 1232 819 1232 823 1232 818 1233 823 1233 822 1233 819 1234 816 1234 820 1234 819 1235 820 1235 823 1235 824 1236 826 1236 825 1236 824 1237 827 1237 826 1237 828 1238 829 1238 830 1238 828 1239 830 1239 831 1239 824 1240 825 1240 829 1240 824 1241 829 1241 828 1241 825 1242 826 1242 830 1242 825 1243 830 1243 829 1243 826 1244 827 1244 831 1244 826 1245 831 1245 830 1245 827 1246 824 1246 828 1246 827 1247 828 1247 831 1247 832 1248 834 1248 833 1248 832 1249 835 1249 834 1249 836 1250 837 1250 838 1250 836 1251 838 1251 839 1251 832 1252 833 1252 837 1252 832 1253 837 1253 836 1253 833 1254 834 1254 838 1254 833 1255 838 1255 837 1255 834 1256 835 1256 839 1256 834 1257 839 1257 838 1257 835 1258 832 1258 836 1258 835 1259 836 1259 839 1259 840 1260 842 1260 841 1260 840 1261 843 1261 842 1261 844 1262 845 1262 846 1262 844 1263 846 1263 847 1263 840 1264 841 1264 845 1264 840 1265 845 1265 844 1265 841 1266 842 1266 846 1266 841 1267 846 1267 845 1267 842 1268 843 1268 847 1268 842 1269 847 1269 846 1269 843 1270 840 1270 844 1270 843 1271 844 1271 847 1271 848 1272 850 1272 849 1272 848 1273 851 1273 850 1273 852 1274 853 1274 854 1274 852 1275 854 1275 855 1275 848 1276 849 1276 853 1276 848 1277 853 1277 852 1277 849 1278 850 1278 854 1278 849 1279 854 1279 853 1279 850 1280 851 1280 855 1280 850 1281 855 1281 854 1281 851 1282 848 1282 852 1282 851 1283 852 1283 855 1283 856 1284 858 1284 857 1284 856 1285 859 1285 858 1285 860 1286 861 1286 862 1286 860 1287 862 1287 863 1287 856 1288 857 1288 861 1288 856 1289 861 1289 860 1289 857 1290 858 1290 862 1290 857 1291 862 1291 861 1291 858 1292 859 1292 863 1292 858 1293 863 1293 862 1293 859 1294 856 1294 860 1294 859 1295 860 1295 863 1295 864 1296 866 1296 865 1296 864 1297 867 1297 866 1297 868 1298 869 1298 870 1298 868 1299 870 1299 871 1299 864 1300 865 1300 869 1300 864 1301 869 1301 868 1301 865 1302 866 1302 870 1302 865 1303 870 1303 869 1303 866 1304 867 1304 871 1304 866 1305 871 1305 870 1305 867 1306 864 1306 868 1306 867 1307 868 1307 871 1307 872 1308 874 1308 873 1308 872 1309 875 1309 874 1309 876 1310 877 1310 878 1310 876 1311 878 1311 879 1311 872 1312 873 1312 877 1312 872 1313 877 1313 876 1313 873 1314 874 1314 878 1314 873 1315 878 1315 877 1315 874 1316 875 1316 879 1316 874 1317 879 1317 878 1317 875 1318 872 1318 876 1318 875 1319 876 1319 879 1319 880 1320 882 1320 881 1320 880 1321 883 1321 882 1321 884 1322 885 1322 886 1322 884 1323 886 1323 887 1323 880 1324 881 1324 885 1324 880 1325 885 1325 884 1325 881 1326 882 1326 886 1326 881 1327 886 1327 885 1327 882 1328 883 1328 887 1328 882 1329 887 1329 886 1329 883 1330 880 1330 884 1330 883 1331 884 1331 887 1331 888 1332 890 1332 889 1332 888 1333 891 1333 890 1333 892 1334 893 1334 894 1334 892 1335 894 1335 895 1335 888 1336 889 1336 893 1336 888 1337 893 1337 892 1337 889 1338 890 1338 894 1338 889 1339 894 1339 893 1339 890 1340 891 1340 895 1340 890 1341 895 1341 894 1341 891 1342 888 1342 892 1342 891 1343 892 1343 895 1343 896 1344 898 1344 897 1344 896 1345 899 1345 898 1345 900 1346 901 1346 902 1346 900 1347 902 1347 903 1347 896 1348 897 1348 901 1348 896 1349 901 1349 900 1349 897 1350 898 1350 902 1350 897 1351 902 1351 901 1351 898 1352 899 1352 903 1352 898 1353 903 1353 902 1353 899 1354 896 1354 900 1354 899 1355 900 1355 903 1355 904 1356 906 1356 905 1356 904 1357 907 1357 906 1357 908 1358 909 1358 910 1358 908 1359 910 1359 911 1359 904 1360 905 1360 909 1360 904 1361 909 1361 908 1361 905 1362 906 1362 910 1362 905 1363 910 1363 909 1363 906 1364 907 1364 911 1364 906 1365 911 1365 910 1365 907 1366 904 1366 908 1366 907 1367 908 1367 911 1367 912 1368 914 1368 913 1368 912 1369 915 1369 914 1369 916 1370 917 1370 918 1370 916 1371 918 1371 919 1371 912 1372 913 1372 917 1372 912 1373 917 1373 916 1373 913 1374 914 1374 918 1374 913 1375 918 1375 917 1375 914 1376 915 1376 919 1376 914 1377 919 1377 918 1377 915 1378 912 1378 916 1378 915 1379 916 1379 919 1379 920 1380 922 1380 921 1380 920 1381 923 1381 922 1381 924 1382 925 1382 926 1382 924 1383 926 1383 927 1383 920 1384 921 1384 925 1384 920 1385 925 1385 924 1385 921 1386 922 1386 926 1386 921 1387 926 1387 925 1387 922 1388 923 1388 927 1388 922 1389 927 1389 926 1389 923 1390 920 1390 924 1390 923 1391 924 1391 927 1391 928 1392 930 1392 929 1392 928 1393 931 1393 930 1393 932 1394 933 1394 934 1394 932 1395 934 1395 935 1395 928 1396 929 1396 933 1396 928 1397 933 1397 932 1397 929 1398 930 1398 934 1398 929 1399 934 1399 933 1399 930 1400 931 1400 935 1400 930 1401 935 1401 934 1401 931 1402 928 1402 932 1402 931 1403 932 1403 935 1403 936 1404 938 1404 937 1404 936 1405 939 1405 938 1405 940 1406 941 1406 942 1406 940 1407 942 1407 943 1407 936 1408 937 1408 941 1408 936 1409 941 1409 940 1409 937 1410 938 1410 942 1410 937 1411 942 1411 941 1411 938 1412 939 1412 943 1412 938 1413 943 1413 942 1413 939 1414 936 1414 940 1414 939 1415 940 1415 943 1415 944 1416 946 1416 945 1416 944 1417 947 1417 946 1417 948 1418 949 1418 950 1418 948 1419 950 1419 951 1419 944 1420 945 1420 949 1420 944 1421 949 1421 948 1421 945 1422 946 1422 950 1422 945 1423 950 1423 949 1423 946 1424 947 1424 951 1424 946 1425 951 1425 950 1425 947 1426 944 1426 948 1426 947 1427 948 1427 951 1427 952 1428 954 1428 953 1428 952 1429 955 1429 954 1429 956 1430 957 1430 958 1430 956 1431 958 1431 959 1431 952 1432 953 1432 957 1432 952 1433 957 1433 956 1433 953 1434 954 1434 958 1434 953 1435 958 1435 957 1435 954 1436 955 1436 959 1436 954 1437 959 1437 958 1437 955 1438 952 1438 956 1438 955 1439 956 1439 959 1439 960 1440 962 1440 961 1440 960 1441 963 1441 962 1441 964 1442 965 1442 966 1442 964 1443 966 1443 967 1443 960 1444 961 1444 965 1444 960 1445 965 1445 964 1445 961 1446 962 1446 966 1446 961 1447 966 1447 965 1447 962 1448 963 1448 967 1448 962 1449 967 1449 966 1449 963 1450 960 1450 964 1450 963 1451 964 1451 967 1451 968 1452 970 1452 969 1452 968 1453 971 1453 970 1453 972 1454 973 1454 974 1454 972 1455 974 1455 975 1455 968 1456 969 1456 973 1456 968 1457 973 1457 972 1457 969 1458 970 1458 974 1458 969 1459 974 1459 973 1459 970 1460 971 1460 975 1460 970 1461 975 1461 974 1461 971 1462 968 1462 972 1462 971 1463 972 1463 975 1463 976 1464 978 1464 977 1464 976 1465 979 1465 978 1465 980 1466 981 1466 982 1466 980 1467 982 1467 983 1467 976 1468 977 1468 981 1468 976 1469 981 1469 980 1469 977 1470 978 1470 982 1470 977 1471 982 1471 981 1471 978 1472 979 1472 983 1472 978 1473 983 1473 982 1473 979 1474 976 1474 980 1474 979 1475 980 1475 983 1475 984 1476 986 1476 985 1476 984 1477 987 1477 986 1477 988 1478 989 1478 990 1478 988 1479 990 1479 991 1479 984 1480 985 1480 989 1480 984 1481 989 1481 988 1481 985 1482 986 1482 990 1482 985 1483 990 1483 989 1483 986 1484 987 1484 991 1484 986 1485 991 1485 990 1485 987 1486 984 1486 988 1486 987 1487 988 1487 991 1487 992 1488 994 1488 993 1488 992 1489 995 1489 994 1489 996 1490 997 1490 998 1490 996 1491 998 1491 999 1491 992 1492 993 1492 997 1492 992 1493 997 1493 996 1493 993 1494 994 1494 998 1494 993 1495 998 1495 997 1495 994 1496 995 1496 999 1496 994 1497 999 1497 998 1497 995 1498 992 1498 996 1498 995 1499 996 1499 999 1499 1000 1500 1002 1500 1001 1500 1000 1501 1003 1501 1002 1501 1004 1502 1005 1502 1006 1502 1004 1503 1006 1503 1007 1503 1000 1504 1001 1504 1005 1504 1000 1505 1005 1505 1004 1505 1001 1506 1002 1506 1006 1506 1001 1507 1006 1507 1005 1507 1002 1508 1003 1508 1007 1508 1002 1509 1007 1509 1006 1509 1003 1510 1000 1510 1004 1510 1003 1511 1004 1511 1007 1511 1008 1512 1010 1512 1009 1512 1008 1513 1011 1513 1010 1513 1012 1514 1013 1514 1014 1514 1012 1515 1014 1515 1015 1515 1008 1516 1009 1516 1013 1516 1008 1517 1013 1517 1012 1517 1009 1518 1010 1518 1014 1518 1009 1519 1014 1519 1013 1519 1010 1520 1011 1520 1015 1520 1010 1521 1015 1521 1014 1521 1011 1522 1008 1522 1012 1522 1011 1523 1012 1523 1015 1523 1016 1524 1018 1524 1017 1524 1016 1525 1019 1525 1018 1525 1020 1526 1021 1526 1022 1526 1020 1527 1022 1527 1023 1527 1016 1528 1017 1528 1021 1528 1016 1529 1021 1529 1020 1529 1017 1530 1018 1530 1022 1530 1017 1531 1022 1531 1021 1531 1018 1532 1019 1532 1023 1532 1018 1533 1023 1533 1022 1533 1019 1534 1016 1534 1020 1534 1019 1535 1020 1535 1023 1535 1024 1536 1026 1536 1025 1536 1024 1537 1027 1537 1026 1537 1028 1538 1029 1538 1030 1538 1028 1539 1030 1539 1031 1539 1024 1540 1025 1540 1029 1540 1024 1541 1029 1541 1028 1541 1025 1542 1026 1542 1030 1542 1025 1543 1030 1543 1029 1543 1026 1544 1027 1544 1031 1544 1026 1545 1031 1545 1030 1545 1027 1546 1024 1546 1028 1546 1027 1547 1028 1547 1031 1547 1032 1548 1034 1548 1033 1548 1032 1549 1035 1549 1034 1549 1036 1550 1037 1550 1038 1550 1036 1551 1038 1551 1039 1551 1032 1552 1033 1552 1037 1552 1032 1553 1037 1553 1036 1553 1033 1554 1034 1554 1038 1554 1033 1555 1038 1555 1037 1555 1034 1556 1035 1556 1039 1556 1034 1557 1039 1557 1038 1557 1035 1558 1032 1558 1036 1558 1035 1559 1036 1559 1039 1559 1040 1560 1042 1560 1041 1560 1040 1561 1043 1561 1042 1561 1044 1562 1045 1562 1046 1562 1044 1563 1046 1563 1047 1563 1040 1564 1041 1564 1045 1564 1040 1565 1045 1565 1044 1565 1041 1566 1042 1566 1046 1566 1041 1567 1046 1567 1045 1567 1042 1568 1043 1568 1047 1568 1042 1569 1047 1569 1046 1569 1043 1570 1040 1570 1044 1570 1043 1571 1044 1571 1047 1571 1048 1572 1050 1572 1049 1572 1048 1573 1051 1573 1050 1573 1052 1574 1053 1574 1054 1574 1052 1575 1054 1575 1055 1575 1048 1576 1049 1576 1053 1576 1048 1577 1053 1577 1052 1577 1049 1578 1050 1578 1054 1578 1049 1579 1054 1579 1053 1579 1050 1580 1051 1580 1055 1580 1050 1581 1055 1581 1054 1581 1051 1582 1048 1582 1052 1582 1051 1583 1052 1583 1055 1583 1056 1584 1058 1584 1057 1584 1056 1585 1059 1585 1058 1585 1060 1586 1061 1586 1062 1586 1060 1587 1062 1587 1063 1587 1056 1588 1057 1588 1061 1588 1056 1589 1061 1589 1060 1589 1057 1590 1058 1590 1062 1590 1057 1591 1062 1591 1061 1591 1058 1592 1059 1592 1063 1592 1058 1593 1063 1593 1062 1593 1059 1594 1056 1594 1060 1594 1059 1595 1060 1595 1063 1595 1064 1596 1066 1596 1065 1596 1064 1597 1067 1597 1066 1597 1068 1598 1069 1598 1070 1598 1068 1599 1070 1599 1071 1599 1064 1600 1065 1600 1069 1600 1064 1601 1069 1601 1068 1601 1065 1602 1066 1602 1070 1602 1065 1603 1070 1603 1069 1603 1066 1604 1067 1604 1071 1604 1066 1605 1071 1605 1070 1605 1067 1606 1064 1606 1068 1606 1067 1607 1068 1607 1071 1607 1072 1608 1074 1608 1073 1608 1072 1609 1075 1609 1074 1609 1076 1610 1077 1610 1078 1610 1076 1611 1078 1611 1079 1611 1072 1612 1073 1612 1077 1612 1072 1613 1077 1613 1076 1613 1073 1614 1074 1614 1078 1614 1073 1615 1078 1615 1077 1615 1074 1616 1075 1616 1079 1616 1074 1617 1079 1617 1078 1617 1075 1618 1072 1618 1076 1618 1075 1619 1076 1619 1079 1619 1080 1620 1082 1620 1081 1620 1080 1621 1083 1621 1082 1621 1084 1622 1085 1622 1086 1622 1084 1623 1086 1623 1087 1623 1080 1624 1081 1624 1085 1624 1080 1625 1085 1625 1084 1625 1081 1626 1082 1626 1086 1626 1081 1627 1086 1627 1085 1627 1082 1628 1083 1628 1087 1628 1082 1629 1087 1629 1086 1629 1083 1630 1080 1630 1084 1630 1083 1631 1084 1631 1087 1631 1088 1632 1090 1632 1089 1632 1088 1633 1091 1633 1090 1633 1092 1634 1093 1634 1094 1634 1092 1635 1094 1635 1095 1635 1088 1636 1089 1636 1093 1636 1088 1637 1093 1637 1092 1637 1089 1638 1090 1638 1094 1638 1089 1639 1094 1639 1093 1639 1090 1640 1091 1640 1095 1640 1090 1641 1095 1641 1094 1641 1091 1642 1088 1642 1092 1642 1091 1643 1092 1643 1095 1643 1096 1644 1098 1644 1097 1644 1096 1645 1099 1645 1098 1645 1100 1646 1101 1646 1102 1646 1100 1647 1102 1647 1103 1647 1096 1648 1097 1648 1101 1648 1096 1649 1101 1649 1100 1649 1097 1650 1098 1650 1102 1650 1097 1651 1102 1651 1101 1651 1098 1652 1099 1652 1103 1652 1098 1653 1103 1653 1102 1653 1099 1654 1096 1654 1100 1654 1099 1655 1100 1655 1103 1655 1104 1656 1106 1656 1105 1656 1104 1657 1107 1657 1106 1657 1108 1658 1109 1658 1110 1658 1108 1659 1110 1659 1111 1659 1104 1660 1105 1660 1109 1660 1104 1661 1109 1661 1108 1661 1105 1662 1106 1662 1110 1662 1105 1663 1110 1663 1109 1663 1106 1664 1107 1664 1111 1664 1106 1665 1111 1665 1110 1665 1107 1666 1104 1666 1108 1666 1107 1667 1108 1667 1111 1667 1112 1668 1114 1668 1113 1668 1112 1669 1115 1669 1114 1669 1116 1670 1117 1670 1118 1670 1116 1671 1118 1671 1119 1671 1112 1672 1113 1672 1117 1672 1112 1673 1117 1673 1116 1673 1113 1674 1114 1674 1118 1674 1113 1675 1118 1675 1117 1675 1114 1676 1115 1676 1119 1676 1114 1677 1119 1677 1118 1677 1115 1678 1112 1678 1116 1678 1115 1679 1116 1679 1119 1679 1120 1680 1122 1680 1121 1680 1120 1681 1123 1681 1122 1681 1124 1682 1125 1682 1126 1682 1124 1683 1126 1683 1127 1683 1120 1684 1121 1684 1125 1684 1120 1685 1125 1685 1124 1685 1121 1686 1122 1686 1126 1686 1121 1687 1126 1687 1125 1687 1122 1688 1123 1688 1127 1688 1122 1689 1127 1689 1126 1689 1123 1690 1120 1690 1124 1690 1123 1691 1124 1691 1127 1691 1128 1692 1130 1692 1129 1692 1128 1693 1131 1693 1130 1693 1132 1694 1133 1694 1134 1694 1132 1695 1134 1695 1135 1695 1128 1696 1129 1696 1133 1696 1128 1697 1133 1697 1132 1697 1129 1698 1130 1698 1134 1698 1129 1699 1134 1699 1133 1699 1130 1700 1131 1700 1135 1700 1130 1701 1135 1701 1134 1701 1131 1702 1128 1702 1132 1702 1131 1703 1132 1703 1135 1703 1136 1704 1138 1704 1137 1704 1136 1705 1139 1705 1138 1705 1140 1706 1141 1706 1142 1706 1140 1707 1142 1707 1143 1707 1136 1708 1137 1708 1141 1708 1136 1709 1141 1709 1140 1709 1137 1710 1138 1710 1142 1710 1137 1711 1142 1711 1141 1711 1138 1712 1139 1712 1143 1712 1138 1713 1143 1713 1142 1713 1139 1714 1136 1714 1140 1714 1139 1715 1140 1715 1143 1715 1144 1716 1146 1716 1145 1716 1144 1717 1147 1717 1146 1717 1148 1718 1149 1718 1150 1718 1148 1719 1150 1719 1151 1719 1144 1720 1145 1720 1149 1720 1144 1721 1149 1721 1148 1721 1145 1722 1146 1722 1150 1722 1145 1723 1150 1723 1149 1723 1146 1724 1147 1724 1151 1724 1146 1725 1151 1725 1150 1725 1147 1726 1144 1726 1148 1726 1147 1727 1148 1727 1151 1727 1152 1728 1154 1728 1153 1728 1152 1729 1155 1729 1154 1729 1156 1730 1157 1730 1158 1730 1156 1731 1158 1731 1159 1731 1152 1732 1153 1732 1157 1732 1152 1733 1157 1733 1156 1733 1153 1734 1154 1734 1158 1734 1153 1735 1158 1735 1157 1735 1154 1736 1155 1736 1159 1736 1154 1737 1159 1737 1158 1737 1155 1738 1152 1738 1156 1738 1155 1739 1156 1739 1159 1739 1160 1740 1162 1740 1161 1740 1160 1741 1163 1741 1162 1741 1164 1742 1165 1742 1166 1742 1164 1743 1166 1743 1167 1743 1160 1744 1161 1744 1165 1744 1160 1745 1165 1745 1164 1745 1161 1746 1162 1746 1166 1746 1161 1747 1166 1747 1165 1747 1162 1748 1163 1748 1167 1748 1162 1749 1167 1749 1166 1749 1163 1750 1160 1750 1164 1750 1163 1751 1164 1751 1167 1751 1168 1752 1170 1752 1169 1752 1168 1753 1171 1753 1170 1753 1172 1754 1173 1754 1174 1754 1172 1755 1174 1755 1175 1755 1168 1756 1169 1756 1173 1756 1168 1757 1173 1757 1172 1757 1169 1758 1170 1758 1174 1758 1169 1759 1174 1759 1173 1759 1170 1760 1171 1760 1175 1760 1170 1761 1175 1761 1174 1761 1171 1762 1168 1762 1172 1762 1171 1763 1172 1763 1175 1763 1176 1764 1178 1764 1177 1764 1176 1765 1179 1765 1178 1765 1180 1766 1181 1766 1182 1766 1180 1767 1182 1767 1183 1767 1176 1768 1177 1768 1181 1768 1176 1769 1181 1769 1180 1769 1177 1770 1178 1770 1182 1770 1177 1771 1182 1771 1181 1771 1178 1772 1179 1772 1183 1772 1178 1773 1183 1773 1182 1773 1179 1774 1176 1774 1180 1774 1179 1775 1180 1775 1183 1775 1184 1776 1186 1776 1185 1776 1184 1777 1187 1777 1186 1777 1188 1778 1189 1778 1190 1778 1188 1779 1190 1779 1191 1779 1184 1780 1185 1780 1189 1780 1184 1781 1189 1781 1188 1781 1185 1782 1186 1782 1190 1782 1185 1783 1190 1783 1189 1783 1186 1784 1187 1784 1191 1784 1186 1785 1191 1785 1190 1785 1187 1786 1184 1786 1188 1786 1187 1787 1188 1787 1191 1787 1192 1788 1194 1788 1193 1788 1192 1789 1195 1789 1194 1789 1196 1790 1197 1790 1198 1790 1196 1791 1198 1791 1199 1791 1192 1792 1193 1792 1197 1792 1192 1793 1197 1793 1196 1793 1193 1794 1194 1794 1198 1794 1193 1795 1198 1795 1197 1795 1194 1796 1195 1796 1199 1796 1194 1797 1199 1797 1198 1797 1195 1798 1192 1798 1196 1798 1195 1799 1196 1799 1199 1799 1200 1800 1202 1800 1201 1800 1200 1801 1203 1801 1202 1801 1204 1802 1205 1802 1206 1802 1204 1803 1206 1803 1207 1803 1200 1804 1201 1804 1205 1804 1200 1805 1205 1805 1204 1805 1201 1806 1202 1806 1206 1806 1201 1807 1206 1807 1205 1807 1202 1808 1203 1808 1207 1808 1202 1809 1207 1809 1206 1809 1203 1810 1200 1810 1204 1810 1203 1811 1204 1811 1207 1811 1208 1812 1210 1812 1209 1812 1208 1813 1211 1813 1210 1813 1212 1814 1213 1814 1214 1814 1212 1815 1214 1815 1215 1815 1208 1816 1209 1816 1213 1816 1208 1817 1213 1817 1212 1817 1209 1818 1210 1818 1214 1818 1209 1819 1214 1819 1213 1819 1210 1820 1211 1820 1215 1820 1210 1821 1215 1821 1214 1821 1211 1822 1208 1822 1212 1822 1211 1823 1212 1823 1215 1823 1216 1824 1218 1824 1217 1824 1216 1825 1219 1825 1218 1825 1220 1826 1221 1826 1222 1826 1220 1827 1222 1827 1223 1827 1216 1828 1217 1828 1221 1828 1216 1829 1221 1829 1220 1829 1217 1830 1218 1830 1222 1830 1217 1831 1222 1831 1221 1831 1218 1832 1219 1832 1223 1832 1218 1833 1223 1833 1222 1833 1219 1834 1216 1834 1220 1834 1219 1835 1220 1835 1223 1835 1224 1836 1226 1836 1225 1836 1224 1837 1227 1837 1226 1837 1228 1838 1229 1838 1230 1838 1228 1839 1230 1839 1231 1839 1224 1840 1225 1840 1229 1840 1224 1841 1229 1841 1228 1841 1225 1842 1226 1842 1230 1842 1225 1843 1230 1843 1229 1843 1226 1844 1227 1844 1231 1844 1226 1845 1231 1845 1230 1845 1227 1846 1224 1846 1228 1846 1227 1847 1228 1847 1231 1847 1232 1848 1234 1848 1233 1848 1232 1849 1235 1849 1234 1849 1236 1850 1237 1850 1238 1850 1236 1851 1238 1851 1239 1851 1232 1852 1233 1852 1237 1852 1232 1853 1237 1853 1236 1853 1233 1854 1234 1854 1238 1854 1233 1855 1238 1855 1237 1855 1234 1856 1235 1856 1239 1856 1234 1857 1239 1857 1238 1857 1235 1858 1232 1858 1236 1858 1235 1859 1236 1859 1239 1859 1240 1860 1242 1860 1241 1860 1240 1861 1243 1861 1242 1861 1244 1862 1245 1862 1246 1862 1244 1863 1246 1863 1247 1863 1240 1864 1241 1864 1245 1864 1240 1865 1245 1865 1244 1865 1241 1866 1242 1866 1246 1866 1241 1867 1246 1867 1245 1867 1242 1868 1243 1868 1247 1868 1242 1869 1247 1869 1246 1869 1243 1870 1240 1870 1244 1870 1243 1871 1244 1871 1247 1871 1248 1872 1250 1872 1249 1872 1248 1873 1251 1873 1250 1873 1252 1874 1253 1874 1254 1874 1252 1875 1254 1875 1255 1875 1248 1876 1249 1876 1253 1876 1248 1877 1253 1877 1252 1877 1249 1878 1250 1878 1254 1878 1249 1879 1254 1879 1253 1879 1250 1880 1251 1880 1255 1880 1250 1881 1255 1881 1254 1881 1251 1882 1248 1882 1252 1882 1251 1883 1252 1883 1255 1883 1256 1884 1258 1884 1257 1884 1256 1885 1259 1885 1258 1885 1260 1886 1261 1886 1262 1886 1260 1887 1262 1887 1263 1887 1256 1888 1257 1888 1261 1888 1256 1889 1261 1889 1260 1889 1257 1890 1258 1890 1262 1890 1257 1891 1262 1891 1261 1891 1258 1892 1259 1892 1263 1892 1258 1893 1263 1893 1262 1893 1259 1894 1256 1894 1260 1894 1259 1895 1260 1895 1263 1895 1264 1896 1266 1896 1265 1896 1264 1897 1267 1897 1266 1897 1268 1898 1269 1898 1270 1898 1268 1899 1270 1899 1271 1899 1264 1900 1265 1900 1269 1900 1264 1901 1269 1901 1268 1901 1265 1902 1266 1902 1270 1902 1265 1903 1270 1903 1269 1903 1266 1904 1267 1904 1271 1904 1266 1905 1271 1905 1270 1905 1267 1906 1264 1906 1268 1906 1267 1907 1268 1907 1271 1907 1272 1908 1274 1908 1273 1908 1272 1909 1275 1909 1274 1909 1276 1910 1277 1910 1278 1910 1276 1911 1278 1911 1279 1911 1272 1912 1273 1912 1277 1912 1272 1913 1277 1913 1276 1913 1273 1914 1274 1914 1278 1914 1273 1915 1278 1915 1277 1915 1274 1916 1275 1916 1279 1916 1274 1917 1279 1917 1278 1917 1275 1918 1272 1918 1276 1918 1275 1919 1276 1919 1279 1919 1280 1920 1282 1920 1281 1920 1280 1921 1283 1921 1282 1921 1284 1922 1285 1922 1286 1922 1284 1923 1286 1923 1287 1923 1280 1924 1281 1924 1285 1924 1280 1925 1285 1925 1284 1925 1281 1926 1282 1926 1286 1926 1281 1927 1286 1927 1285 1927 1282 1928 1283 1928 1287 1928 1282 1929 1287 1929 1286 1929 1283 1930 1280 1930 1284 1930 1283 1931 1284 1931 1287 1931 1288 1932 1290 1932 1289 1932 1288 1933 1291 1933 1290 1933 1292 1934 1293 1934 1294 1934 1292 1935 1294 1935 1295 1935 1288 1936 1289 1936 1293 1936 1288 1937 1293 1937 1292 1937 1289 1938 1290 1938 1294 1938 1289 1939 1294 1939 1293 1939 1290 1940 1291 1940 1295 1940 1290 1941 1295 1941 1294 1941 1291 1942 1288 1942 1292 1942 1291 1943 1292 1943 1295 1943 1296 1944 1298 1944 1297 1944 1296 1945 1299 1945 1298 1945 1300 1946 1301 1946 1302 1946 1300 1947 1302 1947 1303 1947 1296 1948 1297 1948 1301 1948 1296 1949 1301 1949 1300 1949 1297 1950 1298 1950 1302 1950 1297 1951 1302 1951 1301 1951 1298 1952 1299 1952 1303 1952 1298 1953 1303 1953 1302 1953 1299 1954 1296 1954 1300 1954 1299 1955 1300 1955 1303 1955 1304 1956 1306 1956 1305 1956 1304 1957 1307 1957 1306 1957 1308 1958 1309 1958 1310 1958 1308 1959 1310 1959 1311 1959 1304 1960 1305 1960 1309 1960 1304 1961 1309 1961 1308 1961 1305 1962 1306 1962 1310 1962 1305 1963 1310 1963 1309 1963 1306 1964 1307 1964 1311 1964 1306 1965 1311 1965 1310 1965 1307 1966 1304 1966 1308 1966 1307 1967 1308 1967 1311 1967 1312 1968 1314 1968 1313 1968 1312 1969 1315 1969 1314 1969 1316 1970 1317 1970 1318 1970 1316 1971 1318 1971 1319 1971 1312 1972 1313 1972 1317 1972 1312 1973 1317 1973 1316 1973 1313 1974 1314 1974 1318 1974 1313 1975 1318 1975 1317 1975 1314 1976 1315 1976 1319 1976 1314 1977 1319 1977 1318 1977 1315 1978 1312 1978 1316 1978 1315 1979 1316 1979 1319 1979 1320 1980 1322 1980 1321 1980 1320 1981 1323 1981 1322 1981 1324 1982 1325 1982 1326 1982 1324 1983 1326 1983 1327 1983 1320 1984 1321 1984 1325 1984 1320 1985 1325 1985 1324 1985 1321 1986 1322 1986 1326 1986 1321 1987 1326 1987 1325 1987 1322 1988 1323 1988 1327 1988 1322 1989 1327 1989 1326 1989 1323 1990 1320 1990 1324 1990 1323 1991 1324 1991 1327 1991 1328 1992 1330 1992 1329 1992 1328 1993 1331 1993 1330 1993 1332 1994 1333 1994 1334 1994 1332 1995 1334 1995 1335 1995 1328 1996 1329 1996 1333 1996 1328 1997 1333 1997 1332 1997 1329 1998 1330 1998 1334 1998 1329 1999 1334 1999 1333 1999 1330 2000 1331 2000 1335 2000 1330 2001 1335 2001 1334 2001 1331 2002 1328 2002 1332 2002 1331 2003 1332 2003 1335 2003 1336 2004 1338 2004 1337 2004 1336 2005 1339 2005 1338 2005 1340 2006 1341 2006 1342 2006 1340 2007 1342 2007 1343 2007 1336 2008 1337 2008 1341 2008 1336 2009 1341 2009 1340 2009 1337 2010 1338 2010 1342 2010 1337 2011 1342 2011 1341 2011 1338 2012 1339 2012 1343 2012 1338 2013 1343 2013 1342 2013 1339 2014 1336 2014 1340 2014 1339 2015 1340 2015 1343 2015</p></triangles>
</mesh></geometry></library_geometries><library_visual_scenes><visual_scene id="Scene"><node id="mesh"><instance_geometry url="#geometry"/></node></visual_scene></library_visual_scenes><scene><instance_visual_scene url="#Scene"/></scene></COLLADA>