<?xml version="1.0" encoding="UTF-8"?>
<COLLADA xmlns="http://www.collada.org/2005/11/COLLADASchema" version="1.4.1">
<asset><contributor><authoring_tool>Summit Estate procedural mesh exporter</authoring_tool></contributor><created>2026-09-11T00:00:00Z</created><modified>2026-09-11T00:00:00Z</modified><unit name="meter" meter="1"/><up_axis>Z_UP</up_axis></asset>
<library_geometries><geometry id="geometry" name="geometry"><mesh>
<source id="positions"><float_array id="positions-array" count="8832">126.00000 131.00000 79.92000 140.00000 131.00000 79.92000 140.00000 161.00000 79.92000 126.00000 161.00000 79.92000 126.00000 131.00000 80.20000 140.00000 131.00000 80.20000 140.00000 161.00000 80.20000 126.00000 161.00000 80.20000 70.10000 107.50000 84.67750 85.90000 107.50000 84.67750 85.90000 114.50000 84.67750 70.10000 114.50000 84.67750 70.10000 107.50000 84.72250 85.90000 107.50000 84.72250 85.90000 114.50000 84.72250 70.10000 114.50000 84.72250 45.50000 111.87500 85.93000 51.50000 111.87500 85.93000 51.50000 113.52500 85.93000 45.50000 113.52500 85.93000 45.50000 111.87500 86.39000 51.50000 111.87500 86.39000 51.50000 113.52500 86.39000 45.50000 113.52500 86.39000 105.00000 111.87500 85.93000 111.00000 111.87500 85.93000 111.00000 113.52500 85.93000 105.00000 113.52500 85.93000 105.00000 111.87500 86.39000 111.00000 111.87500 86.39000 111.00000 113.52500 86.39000 105.00000 113.52500 86.39000 20.50000 149.17500 74.93000 25.50000 149.17500 74.93000 25.50000 150.82500 74.93000 20.50000 150.82500 74.93000 20.50000 149.17500 75.39000 25.50000 149.17500 75.39000 25.50000 150.82500 75.39000 20.50000 150.82500 75.39000 81.35000 117.98750 74.81286 84.65000 117.98750 74.81286 84.65000 118.54821 74.81286 81.35000 118.54821 74.81286 81.35000 117.98750 74.99286 84.65000 117.98750 74.99286 84.65000 118.54821 74.99286 81.35000 118.54821 74.99286 81.35000 118.52321 75.00571 84.65000 118.52321 75.00571 84.65000 119.08393 75.00571 81.35000 119.08393 75.00571 81.35000 118.52321 75.18571 84.65000 118.52321 75.18571 84.65000 119.08393 75.18571 81.35000 119.08393 75.18571 81.35000 119.05893 75.19857 84.65000 119.05893 75.19857 84.65000 119.61964 75.19857 81.35000 119.61964 75.19857 81.35000 119.05893 75.37857 84.65000 119.05893 75.37857 84.65000 119.61964 75.37857 81.35000 119.61964 75.37857 81.35000 119.59464 75.39143 84.65000 119.59464 75.39143 84.65000 120.15536 75.39143 81.35000 120.15536 75.39143 81.35000 119.59464 75.57143 84.65000 119.59464 75.57143 84.65000 120.15536 75.57143 81.35000 120.15536 75.57143 81.35000 120.13036 75.58429 84.65000 120.13036 75.58429 84.65000 120.69107 75.58429 81.35000 120.69107 75.58429 81.35000 120.13036 75.76429 84.65000 120.13036 75.76429 84.65000 120.69107 75.76429 81.35000 120.69107 75.76429 81.35000 120.66607 75.77714 84.65000 120.66607 75.77714 84.65000 121.22679 75.77714 81.35000 121.22679 75.77714 81.35000 120.66607 75.95714 84.65000 120.66607 75.95714 84.65000 121.22679 75.95714 81.35000 121.22679 75.95714 81.35000 121.20179 75.97000 84.65000 121.20179 75.97000 84.65000 121.76250 75.97000 81.35000 121.76250 75.97000 81.35000 121.20179 76.15000 84.65000 121.20179 76.15000 84.65000 121.76250 76.15000 81.35000 121.76250 76.15000 81.35000 121.73750 76.16286 84.65000 121.73750 76.16286 84.65000 122.29821 76.16286 81.35000 122.29821 76.16286 81.35000 121.73750 76.34286 84.65000 121.73750 76.34286 84.65000 122.29821 76.34286 81.35000 122.29821 76.34286 81.35000 122.27321 76.35571 84.65000 122.27321 76.35571 84.65000 122.83393 76.35571 81.35000 122.83393 76.35571 81.35000 122.27321 76.53571 84.65000 122.27321 76.53571 84.65000 122.83393 76.53571 81.35000 122.83393 76.53571 81.35000 122.80893 76.54857 84.65000 122.80893 76.54857 84.65000 123.36964 76.54857 81.35000 123.36964 76.54857 81.35000 122.80893 76.72857 84.65000 122.80893 76.72857 84.65000 123.36964 76.72857 81.35000 123.36964 76.72857 81.35000 123.34464 76.74143 84.65000 123.34464 76.74143 84.65000 123.90536 76.74143 81.35000 123.90536 76.74143 81.35000 123.34464 76.92143 84.65000 123.34464 76.92143 84.65000 123.90536 76.92143 81.35000 123.90536 76.92143 81.35000 123.88036 76.93429 84.65000 123.88036 76.93429 84.65000 124.44107 76.93429 81.35000 124.44107 76.93429 81.35000 123.88036 77.11429 84.65000 123.88036 77.11429 84.65000 124.44107 77.11429 81.35000 124.44107 77.11429 81.35000 124.41607 77.12714 84.65000 124.41607 77.12714 84.65000 124.97679 77.12714 81.35000 124.97679 77.12714 81.35000 124.41607 77.30714 84.65000 124.41607 77.30714 84.65000 124.97679 77.30714 81.35000 124.97679 77.30714 81.35000 124.95179 77.32000 84.65000 124.95179 77.32000 84.65000 125.51250 77.32000 81.35000 125.51250 77.32000 81.35000 124.95179 77.50000 84.65000 124.95179 77.50000 84.65000 125.51250 77.50000 81.35000 125.51250 77.50000 81.35000 125.48750 77.51286 84.65000 125.48750 77.51286 84.65000 126.04821 77.51286 81.35000 126.04821 77.51286 81.35000 125.48750 77.69286 84.65000 125.48750 77.69286 84.65000 126.04821 77.69286 81.35000 126.04821 77.69286 81.35000 126.02321 77.70571 84.65000 126.02321 77.70571 84.65000 126.58393 77.70571 81.35000 126.58393 77.70571 81.35000 126.02321 77.88571 84.65000 126.02321 77.88571 84.65000 126.58393 77.88571 81.35000 126.58393 77.88571 81.35000 126.55893 77.89857 84.65000 126.55893 77.89857 84.65000 127.11964 77.89857 81.35000 127.11964 77.89857 81.35000 126.55893 78.07857 84.65000 126.55893 78.07857 84.65000 127.11964 78.07857 81.35000 127.11964 78.07857 81.35000 127.09464 78.09143 84.65000 127.09464 78.09143 84.65000 127.65536 78.09143 81.35000 127.65536 78.09143 81.35000 127.09464 78.27143 84.65000 127.09464 78.27143 84.65000 127.65536 78.27143 81.35000 127.65536 78.27143 81.35000 127.63036 78.28429 84.65000 127.63036 78.28429 84.65000 128.19107 78.28429 81.35000 128.19107 78.28429 81.35000 127.63036 78.46429 84.65000 127.63036 78.46429 84.65000 128.19107 78.46429 81.35000 128.19107 78.46429 81.35000 128.16607 78.47714 84.65000 128.16607 78.47714 84.65000 128.72679 78.47714 81.35000 128.72679 78.47714 81.35000 128.16607 78.65714 84.65000 128.16607 78.65714 84.65000 128.72679 78.65714 81.35000 128.72679 78.65714 81.35000 128.70179 78.67000 84.65000 128.70179 78.67000 84.65000 129.26250 78.67000 81.35000 129.26250 78.67000 81.35000 128.70179 78.85000 84.65000 128.70179 78.85000 84.65000 129.26250 78.85000 81.35000 129.26250 78.85000 81.35000 129.23750 78.86286 84.65000 129.23750 78.86286 84.65000 129.79821 78.86286 81.35000 129.79821 78.86286 81.35000 129.23750 79.04286 84.65000 129.23750 79.04286 84.65000 129.79821 79.04286 81.35000 129.79821 79.04286 81.35000 129.77321 79.05571 84.65000 129.77321 79.05571 84.65000 130.33393 79.05571 81.35000 130.33393 79.05571 81.35000 129.77321 79.23571 84.65000 129.77321 79.23571 84.65000 130.33393 79.23571 81.35000 130.33393 79.23571 81.35000 130.30893 79.24857 84.65000 130.30893 79.24857 84.65000 130.86964 79.24857 81.35000 130.86964 79.24857 81.35000 130.30893 79.42857 84.65000 130.30893 79.42857 84.65000 130.86964 79.42857 81.35000 130.86964 79.42857 81.35000 130.84464 79.44143 84.65000 130.84464 79.44143 84.65000 131.40536 79.44143 81.35000 131.40536 79.44143 81.35000 130.84464 79.62143 84.65000 130.84464 79.62143 84.65000 131.40536 79.62143 81.35000 131.40536 79.62143 81.35000 131.38036 79.63429 84.65000 131.38036 79.63429 84.65000 131.94107 79.63429 81.35000 131.94107 79.63429 81.35000 131.38036 79.81429 84.65000 131.38036 79.81429 84.65000 131.94107 79.81429 81.35000 131.94107 79.81429 81.35000 131.91607 79.82714 84.65000 131.91607 79.82714 84.65000 132.47679 79.82714 81.35000 132.47679 79.82714 81.35000 131.91607 80.00714 84.65000 131.91607 80.00714 84.65000 132.47679 80.00714 81.35000 132.47679 80.00714 81.35000 132.45179 80.02000 84.65000 132.45179 80.02000 84.65000 133.01250 80.02000 81.35000 133.01250 80.02000 81.35000 132.45179 80.20000 84.65000 132.45179 80.20000 84.65000 133.01250 80.20000 81.35000 133.01250 80.20000 81.35000 117.98750 80.22000 84.65000 117.98750 80.22000 84.65000 118.54821 80.22000 81.35000 118.54821 80.22000 81.35000 117.98750 80.40000 84.65000 117.98750 80.40000 84.65000 118.54821 80.40000 81.35000 118.54821 80.40000 81.35000 118.52321 80.42000 84.65000 118.52321 80.42000 84.65000 119.08393 80.42000 81.35000 119.08393 80.42000 81.35000 118.52321 80.60000 84.65000 118.52321 80.60000 84.65000 119.08393 80.60000 81.35000 119.08393 80.60000 81.35000 119.05893 80.62000 84.65000 119.05893 80.62000 84.65000 119.61964 80.62000 81.35000 119.61964 80.62000 81.35000 119.05893 80.80000 84.65000 119.05893 80.80000 84.65000 119.61964 80.80000 81.35000 119.61964 80.80000 81.35000 119.59464 80.82000 84.65000 119.59464 80.82000 84.65000 120.15536 80.82000 81.35000 120.15536 80.82000 81.35000 119.59464 81.00000 84.65000 119.59464 81.00000 84.65000 120.15536 81.00000 81.35000 120.15536 81.00000 81.35000 120.13036 81.02000 84.65000 120.13036 81.02000 84.65000 120.69107 81.02000 81.35000 120.69107 81.02000 81.35000 120.13036 81.20000 84.65000 120.13036 81.20000 84.65000 120.69107 81.20000 81.35000 120.69107 81.20000 81.35000 120.66607 81.22000 84.65000 120.66607 81.22000 84.65000 121.22679 81.22000 81.35000 121.22679 81.22000 81.35000 120.66607 81.40000 84.65000 120.66607 81.40000 84.65000 121.22679 81.40000 81.35000 121.22679 81.40000 81.35000 121.20179 81.42000 84.65000 121.20179 81.42000 84.65000 121.76250 81.42000 81.35000 121.76250 81.42000 81.35000 121.20179 81.60000 84.65000 121.20179 81.60000 84.65000 121.76250 81.60000 81.35000 121.76250 81.60000 81.35000 121.73750 81.62000 84.65000 121.73750 81.62000 84.65000 122.29821 81.62000 81.35000 122.29821 81.62000 81.35000 121.73750 81.80000 84.65000 121.73750 81.80000 84.65000 122.29821 81.80000 81.35000 122.29821 81.80000 81.35000 122.27321 81.82000 84.65000 122.27321 81.82000 84.65000 122.83393 81.82000 81.35000 122.83393 81.82000 81.35000 122.27321 82.00000 84.65000 122.27321 82.00000 84.65000 122.83393 82.00000 81.35000 122.83393 82.00000 81.35000 122.80893 82.02000 84.65000 122.80893 82.02000 84.65000 123.36964 82.02000 81.35000 123.36964 82.02000 81.35000 122.80893 82.20000 84.65000 122.80893 82.20000 84.65000 123.36964 82.20000 81.35000 123.36964 82.20000 81.35000 123.34464 82.22000 84.65000 123.34464 82.22000 84.65000 123.90536 82.22000 81.35000 123.90536 82.22000 81.35000 123.34464 82.40000 84.65000 123.34464 82.40000 84.65000 123.90536 82.40000 81.35000 123.90536 82.40000 81.35000 123.88036 82.42000 84.65000 123.88036 82.42000 84.65000 124.44107 82.42000 81.35000 124.44107 82.42000 81.35000 123.88036 82.60000 84.65000 123.88036 82.60000 84.65000 124.44107 82.60000 81.35000 124.44107 82.60000 81.35000 124.41607 82.62000 84.65000 124.41607 82.62000 84.65000 124.97679 82.62000 81.35000 124.97679 82.62000 81.35000 124.41607 82.80000 84.65000 124.41607 82.80000 84.65000 124.97679 82.80000 81.35000 124.97679 82.80000 81.35000 124.95179 82.82000 84.65000 124.95179 82.82000 84.65000 125.51250 82.82000 81.35000 125.51250 82.82000 81.35000 124.95179 83.00000 84.65000 124.95179 83.00000 84.65000 125.51250 83.00000 81.35000 125.51250 83.00000 81.35000 125.48750 83.02000 84.65000 125.48750 83.02000 84.65000 126.04821 83.02000 81.35000 126.04821 83.02000 81.35000 125.48750 83.20000 84.65000 125.48750 83.20000 84.65000 126.04821 83.20000 81.35000 126.04821 83.20000 81.35000 126.02321 83.22000 84.65000 126.02321 83.22000 84.65000 126.58393 83.22000 81.35000 126.58393 83.22000 81.35000 126.02321 83.40000 84.65000 126.02321 83.40000 84.65000 126.58393 83.40000 81.35000 126.58393 83.40000 81.35000 126.55893 83.42000 84.65000 126.55893 83.42000 84.65000 127.11964 83.42000 81.35000 127.11964 83.42000 81.35000 126.55893 83.60000 84.65000 126.55893 83.60000 84.65000 127.11964 83.60000 81.35000 127.11964 83.60000 81.35000 127.09464 83.62000 84.65000 127.09464 83.62000 84.65000 127.65536 83.62000 81.35000 127.65536 83.62000 81.35000 127.09464 83.80000 84.65000 127.09464 83.80000 84.65000 127.65536 83.80000 81.35000 127.65536 83.80000 81.35000 127.63036 83.82000 84.65000 127.63036 83.82000 84.65000 128.19107 83.82000 81.35000 128.19107 83.82000 81.35000 127.63036 84.00000 84.65000 127.63036 84.00000 84.65000 128.19107 84.00000 81.35000 128.19107 84.00000 81.35000 128.16607 84.02000 84.65000 128.16607 84.02000 84.65000 128.72679 84.02000 81.35000 128.72679 84.02000 81.35000 128.16607 84.20000 84.65000 128.16607 84.20000 84.65000 128.72679 84.20000 81.35000 128.72679 84.20000 81.35000 128.70179 84.22000 84.65000 128.70179 84.22000 84.65000 129.26250 84.22000 81.35000 129.26250 84.22000 81.35000 128.70179 84.40000 84.65000 128.70179 84.40000 84.65000 129.26250 84.40000 81.35000 129.26250 84.40000 81.35000 129.23750 84.42000 84.65000 129.23750 84.42000 84.65000 129.79821 84.42000 81.35000 129.79821 84.42000 81.35000 129.23750 84.60000 84.65000 129.23750 84.60000 84.65000 129.79821 84.60000 81.35000 129.79821 84.60000 81.35000 129.77321 84.62000 84.65000 129.77321 84.62000 84.65000 130.33393 84.62000 81.35000 130.33393 84.62000 81.35000 129.77321 84.80000 84.65000 129.77321 84.80000 84.65000 130.33393 84.80000 81.35000 130.33393 84.80000 81.35000 130.30893 84.82000 84.65000 130.30893 84.82000 84.65000 130.86964 84.82000 81.35000 130.86964 84.82000 81.35000 130.30893 85.00000 84.65000 130.30893 85.00000 84.65000 130.86964 85.00000 81.35000 130.86964 85.00000 81.35000 130.84464 85.02000 84.65000 130.84464 85.02000 84.65000 131.40536 85.02000 81.35000 131.40536 85.02000 81.35000 130.84464 85.20000 84.65000 130.84464 85.20000 84.65000 131.40536 85.20000 81.35000 131.40536 85.20000 81.35000 131.38036 85.22000 84.65000 131.38036 85.22000 84.65000 131.94107 85.22000 81.35000 131.94107 85.22000 81.35000 131.38036 85.40000 84.65000 131.38036 85.40000 84.65000 131.94107 85.40000 81.35000 131.94107 85.40000 81.35000 131.91607 85.42000 84.65000 131.91607 85.42000 84.65000 132.47679 85.42000 81.35000 132.47679 85.42000 81.35000 131.91607 85.60000 84.65000 131.91607 85.60000 84.65000 132.47679 85.60000 81.35000 132.47679 85.60000 81.35000 132.45179 85.62000 84.65000 132.45179 85.62000 84.65000 133.01250 85.62000 81.35000 133.01250 85.62000 81.35000 132.45179 85.80000 84.65000 132.45179 85.80000 84.65000 133.01250 85.80000 81.35000 133.01250 85.80000 44.25000 130.17500 80.33000 52.75000 130.17500 80.33000 52.75000 131.82500 80.33000 44.25000 131.82500 80.33000 44.25000 130.17500 80.79000 52.75000 130.17500 80.79000 52.75000 131.82500 80.79000 44.25000 131.82500 80.79000 40.32500 122.70000 80.33000 40.32500 128.70000 80.33000 38.67500 128.70000 80.33000 38.67500 122.70000 80.33000 40.32500 122.70000 80.79000 40.32500 128.70000 80.79000 38.67500 128.70000 80.79000 38.67500 122.70000 80.79000 56.67500 128.70000 80.33000 56.67500 122.70000 80.33000 58.32500 122.70000 80.33000 58.32500 128.70000 80.33000 56.67500 128.70000 80.79000 56.67500 122.70000 80.79000 58.32500 122.70000 80.79000 58.32500 128.70000 80.79000 100.00000 123.40000 80.90000 112.00000 123.40000 80.90000 112.00000 126.60000 80.90000 100.00000 126.60000 80.90000 100.00000 123.40000 81.06000 112.00000 123.40000 81.06000 112.00000 126.60000 81.06000 100.00000 126.60000 81.06000 101.30750 123.00750 80.20000 101.23250 123.00750 80.20000 101.23250 122.93250 80.20000 101.30750 122.93250 80.20000 101.30750 123.00750 80.68000 101.23250 123.00750 80.68000 101.23250 122.93250 80.68000 101.30750 122.93250 80.68000 101.30750 122.46750 80.20000 101.23250 122.46750 80.20000 101.23250 122.39250 80.20000 101.30750 122.39250 80.20000 101.30750 122.46750 80.68000 101.23250 122.46750 80.68000 101.23250 122.39250 80.68000 101.30750 122.39250 80.68000 100.76750 123.00750 80.20000 100.69250 123.00750 80.20000 100.69250 122.93250 80.20000 100.76750 122.93250 80.20000 100.76750 123.00750 80.68000 100.69250 123.00750 80.68000 100.69250 122.93250 80.68000 100.76750 122.93250 80.68000 100.76750 122.46750 80.20000 100.69250 122.46750 80.20000 100.69250 122.39250 80.20000 100.76750 122.39250 80.20000 100.76750 122.46750 80.68000 100.69250 122.46750 80.68000 100.69250 122.39250 80.68000 100.76750 122.39250 80.68000 100.69250 126.99250 80.20000 100.76750 126.99250 80.20000 100.76750 127.06750 80.20000 100.69250 127.06750 80.20000 100.69250 126.99250 80.68000 100.76750 126.99250 80.68000 100.76750 127.06750 80.68000 100.69250 127.06750 80.68000 100.69250 127.53250 80.20000 100.76750 127.53250 80.20000 100.76750 127.60750 80.20000 100.69250 127.60750 80.20000 100.69250 127.53250 80.68000 100.76750 127.53250 80.68000 100.76750 127.60750 80.68000 100.69250 127.60750 80.68000 101.23250 126.99250 80.20000 101.30750 126.99250 80.20000 101.30750 127.06750 80.20000 101.23250 127.06750 80.20000 101.23250 126.99250 80.68000 101.30750 126.99250 80.68000 101.30750 127.06750 80.68000 101.23250 127.06750 80.68000 101.23250 127.53250 80.20000 101.30750 127.53250 80.20000 101.30750 127.60750 80.20000 101.23250 127.60750 80.20000 101.23250 127.53250 80.68000 101.30750 127.53250 80.68000 101.30750 127.60750 80.68000 101.23250 127.60750 80.68000 103.30750 123.00750 80.20000 103.23250 123.00750 80.20000 103.23250 122.93250 80.20000 103.30750 122.93250 80.20000 103.30750 123.00750 80.68000 103.23250 123.00750 80.68000 103.23250 122.93250 80.68000 103.30750 122.93250 80.68000 103.30750 122.46750 80.20000 103.23250 122.46750 80.20000 103.23250 122.39250 80.20000 103.30750 122.39250 80.20000 103.30750 122.46750 80.68000 103.23250 122.46750 80.68000 103.23250 122.39250 80.68000 103.30750 122.39250 80.68000 102.76750 123.00750 80.20000 102.69250 123.00750 80.20000 102.69250 122.93250 80.20000 102.76750 122.93250 80.20000 102.76750 123.00750 80.68000 102.69250 123.00750 80.68000 102.69250 122.93250 80.68000 102.76750 122.93250 80.68000 102.76750 122.46750 80.20000 102.69250 122.46750 80.20000 102.69250 122.39250 80.20000 102.76750 122.39250 80.20000 102.76750 122.46750 80.68000 102.69250 122.46750 80.68000 102.69250 122.39250 80.68000 102.76750 122.39250 80.68000 102.69250 126.99250 80.20000 102.76750 126.99250 80.20000 102.76750 127.06750 80.20000 102.69250 127.06750 80.20000 102.69250 126.99250 80.68000 102.76750 126.99250 80.68000 102.76750 127.06750 80.68000 102.69250 127.06750 80.68000 102.69250 127.53250 80.20000 102.76750 127.53250 80.20000 102.76750 127.60750 80.20000 102.69250 127.60750 80.20000 102.69250 127.53250 80.68000 102.76750 127.53250 80.68000 102.76750 127.60750 80.68000 102.69250 127.60750 80.68000 103.23250 126.99250 80.20000 103.30750 126.99250 80.20000 103.30750 127.06750 80.20000 103.23250 127.06750 80.20000 103.23250 126.99250 80.68000 103.30750 126.99250 80.68000 103.30750 127.06750 80.68000 103.23250 127.06750 80.68000 103.23250 127.53250 80.20000 103.30750 127.53250 80.20000 103.30750 127.60750 80.20000 103.23250 127.60750 80.20000 103.23250 127.53250 80.68000 103.30750 127.53250 80.68000 103.30750 127.60750 80.68000 103.23250 127.60750 80.68000 105.30750 123.00750 80.20000 105.23250 123.00750 80.20000 105.23250 122.93250 80.20000 105.30750 122.93250 80.20000 105.30750 123.00750 80.68000 105.23250 123.00750 80.68000 105.23250 122.93250 80.68000 105.30750 122.93250 80.68000 105.30750 122.46750 80.20000 105.23250 122.46750 80.20000 105.23250 122.39250 80.20000 105.30750 122.39250 80.20000 105.30750 122.46750 80.68000 105.23250 122.46750 80.68000 105.23250 122.39250 80.68000 105.30750 122.39250 80.68000 104.76750 123.00750 80.20000 104.69250 123.00750 80.20000 104.69250 122.93250 80.20000 104.76750 122.93250 80.20000 104.76750 123.00750 80.68000 104.69250 123.00750 80.68000 104.69250 122.93250 80.68000 104.76750 122.93250 80.68000 104.76750 122.46750 80.20000 104.69250 122.46750 80.20000 104.69250 122.39250 80.20000 104.76750 122.39250 80.20000 104.76750 122.46750 80.68000 104.69250 122.46750 80.68000 104.69250 122.39250 80.68000 104.76750 122.39250 80.68000 104.69250 126.99250 80.20000 104.76750 126.99250 80.20000 104.76750 127.06750 80.20000 104.69250 127.06750 80.20000 104.69250 126.99250 80.68000 104.76750 126.99250 80.68000 104.76750 127.06750 80.68000 104.69250 127.06750 80.68000 104.69250 127.53250 80.20000 104.76750 127.53250 80.20000 104.76750 127.60750 80.20000 104.69250 127.60750 80.20000 104.69250 127.53250 80.68000 104.76750 127.53250 80.68000 104.76750 127.60750 80.68000 104.69250 127.60750 80.68000 105.23250 126.99250 80.20000 105.30750 126.99250 80.20000 105.30750 127.06750 80.20000 105.23250 127.06750 80.20000 105.23250 126.99250 80.68000 105.30750 126.99250 80.68000 105.30750 127.06750 80.68000 105.23250 127.06750 80.68000 105.23250 127.53250 80.20000 105.30750 127.53250 80.20000 105.30750 127.60750 80.20000 105.23250 127.60750 80.20000 105.23250 127.53250 80.68000 105.30750 127.53250 80.68000 105.30750 127.60750 80.68000 105.23250 127.60750 80.68000 107.30750 123.00750 80.20000 107.23250 123.00750 80.20000 107.23250 122.93250 80.20000 107.30750 122.93250 80.20000 107.30750 123.00750 80.68000 107.23250 123.00750 80.68000 107.23250 122.93250 80.68000 107.30750 122.93250 80.68000 107.30750 122.46750 80.20000 107.23250 122.46750 80.20000 107.23250 122.39250 80.20000 107.30750 122.39250 80.20000 107.30750 122.46750 80.68000 107.23250 122.46750 80.68000 107.23250 122.39250 80.68000 107.30750 122.39250 80.68000 106.76750 123.00750 80.20000 106.69250 123.00750 80.20000 106.69250 122.93250 80.20000 106.76750 122.93250 80.20000 106.76750 123.00750 80.68000 106.69250 123.00750 80.68000 106.69250 122.93250 80.68000 106.76750 122.93250 80.68000 106.76750 122.46750 80.20000 106.69250 122.46750 80.20000 106.69250 122.39250 80.20000 106.76750 122.39250 80.20000 106.76750 122.46750 80.68000 106.69250 122.46750 80.68000 106.69250 122.39250 80.68000 106.76750 122.39250 80.68000 106.69250 126.99250 80.20000 106.76750 126.99250 80.20000 106.76750 127.06750 80.20000 106.69250 127.06750 80.20000 106.69250 126.99250 80.68000 106.76750 126.99250 80.68000 106.76750 127.06750 80.68000 106.69250 127.06750 80.68000 106.69250 127.53250 80.20000 106.76750 127.53250 80.20000 106.76750 127.60750 80.20000 106.69250 127.60750 80.20000 106.69250 127.53250 80.68000 106.76750 127.53250 80.68000 106.76750 127.60750 80.68000 106.69250 127.60750 80.68000 107.23250 126.99250 80.20000 107.30750 126.99250 80.20000 107.30750 127.06750 80.20000 107.23250 127.06750 80.20000 107.23250 126.99250 80.68000 107.30750 126.99250 80.68000 107.30750 127.06750 80.68000 107.23250 127.06750 80.68000 107.23250 127.53250 80.20000 107.30750 127.53250 80.20000 107.30750 127.60750 80.20000 107.23250 127.60750 80.20000 107.23250 127.53250 80.68000 107.30750 127.53250 80.68000 107.30750 127.60750 80.68000 107.23250 127.60750 80.68000 109.30750 123.00750 80.20000 109.23250 123.00750 80.20000 109.23250 122.93250 80.20000 109.30750 122.93250 80.20000 109.30750 123.00750 80.68000 109.23250 123.00750 80.68000 109.23250 122.93250 80.68000 109.30750 122.93250 80.68000 109.30750 122.46750 80.20000 109.23250 122.46750 80.20000 109.23250 122.39250 80.20000 109.30750 122.39250 80.20000 109.30750 122.46750 80.68000 109.23250 122.46750 80.68000 109.23250 122.39250 80.68000 109.30750 122.39250 80.68000 108.76750 123.00750 80.20000 108.69250 123.00750 80.20000 108.69250 122.93250 80.20000 108.76750 122.93250 80.20000 108.76750 123.00750 80.68000 108.69250 123.00750 80.68000 108.69250 122.93250 80.68000 108.76750 122.93250 80.68000 108.76750 122.46750 80.20000 108.69250 122.46750 80.20000 108.69250 122.39250 80.20000 108.76750 122.39250 80.20000 108.76750 122.46750 80.68000 108.69250 122.46750 80.68000 108.69250 122.39250 80.68000 108.76750 122.39250 80.68000 108.69250 126.99250 80.20000 108.76750 126.99250 80.20000 108.76750 127.06750 80.20000 108.69250 127.06750 80.20000 108.69250 126.99250 80.68000 108.76750 126.99250 80.68000 108.76750 127.06750 80.68000 108.69250 127.06750 80.68000 108.69250 127.53250 80.20000 108.76750 127.53250 80.20000 108.76750 127.60750 80.20000 108.69250 127.60750 80.20000 108.69250 127.53250 80.68000 108.76750 127.53250 80.68000 108.76750 127.60750 80.68000 108.69250 127.60750 80.68000 109.23250 126.99250 80.20000 109.30750 126.99250 80.20000 109.30750 127.06750 80.20000 109.23250 127.06750 80.20000 109.23250 126.99250 80.68000 109.30750 126.99250 80.68000 109.30750 127.06750 80.68000 109.23250 127.06750 80.68000 109.23250 127.53250 80.20000 109.30750 127.53250 80.20000 109.30750 127.60750 80.20000 109.23250 127.60750 80.20000 109.23250 127.53250 80.68000 109.30750 127.53250 80.68000 109.30750 127.60750 80.68000 109.23250 127.60750 80.68000 111.30750 123.00750 80.20000 111.23250 123.00750 80.20000 111.23250 122.93250 80.20000 111.30750 122.93250 80.20000 111.30750 123.00750 80.68000 111.23250 123.00750 80.68000 111.23250 122.93250 80.68000 111.30750 122.93250 80.68000 111.30750 122.46750 80.20000 111.23250 122.46750 80.20000 111.23250 122.39250 80.20000 111.30750 122.39250 80.20000 111.30750 122.46750 80.68000 111.23250 122.46750 80.68000 111.23250 122.39250 80.68000 111.30750 122.39250 80.68000 110.76750 123.00750 80.20000 110.69250 123.00750 80.20000 110.69250 122.93250 80.20000 110.76750 122.93250 80.20000 110.76750 123.00750 80.68000 110.69250 123.00750 80.68000 110.69250 122.93250 80.68000 110.76750 122.93250 80.68000 110.76750 122.46750 80.20000 110.69250 122.46750 80.20000 110.69250 122.39250 80.20000 110.76750 122.39250 80.20000 110.76750 122.46750 80.68000 110.69250 122.46750 80.68000 110.69250 122.39250 80.68000 110.76750 122.39250 80.68000 110.69250 126.99250 80.20000 110.76750 126.99250 80.20000 110.76750 127.06750 80.20000 110.69250 127.06750 80.20000 110.69250 126.99250 80.68000 110.76750 126.99250 80.68000 110.76750 127.06750 80.68000 110.69250 127.06750 80.68000 110.69250 127.53250 80.20000 110.76750 127.53250 80.20000 110.76750 127.60750 80.20000 110.69250 127.60750 80.20000 110.69250 127.53250 80.68000 110.76750 127.53250 80.68000 110.76750 127.60750 80.68000 110.69250 127.60750 80.68000 111.23250 126.99250 80.20000 111.30750 126.99250 80.20000 111.30750 127.06750 80.20000 111.23250 127.06750 80.20000 111.23250 126.99250 80.68000 111.30750 126.99250 80.68000 111.30750 127.06750 80.68000 111.23250 127.06750 80.68000 111.23250 127.53250 80.20000 111.30750 127.53250 80.20000 111.30750 127.60750 80.20000 111.23250 127.60750 80.20000 111.23250 127.53250 80.68000 111.30750 127.53250 80.68000 111.30750 127.60750 80.68000 111.23250 127.60750 80.68000 98.69250 125.30750 80.20000 98.69250 125.23250 80.20000 98.76750 125.23250 80.20000 98.76750 125.30750 80.20000 98.69250 125.30750 80.68000 98.69250 125.23250 80.68000 98.76750 125.23250 80.68000 98.76750 125.30750 80.68000 99.23250 125.30750 80.20000 99.23250 125.23250 80.20000 99.30750 125.23250 80.20000 99.30750 125.30750 80.20000 99.23250 125.30750 80.68000 99.23250 125.23250 80.68000 99.30750 125.23250 80.68000 99.30750 125.30750 80.68000 98.69250 124.76750 80.20000 98.69250 124.69250 80.20000 98.76750 124.69250 80.20000 98.76750 124.76750 80.20000 98.69250 124.76750 80.68000 98.69250 124.69250 80.68000 98.76750 124.69250 80.68000 98.76750 124.76750 80.68000 99.23250 124.76750 80.20000 99.23250 124.69250 80.20000 99.30750 124.69250 80.20000 99.30750 124.76750 80.20000 99.23250 124.76750 80.68000 99.23250 124.69250 80.68000 99.30750 124.69250 80.68000 99.30750 124.76750 80.68000 113.30750 124.69250 80.20000 113.30750 124.76750 80.20000 113.23250 124.76750 80.20000 113.23250 124.69250 80.20000 113.30750 124.69250 80.68000 113.30750 124.76750 80.68000 113.23250 124.76750 80.68000 113.23250 124.69250 80.68000 112.76750 124.69250 80.20000 112.76750 124.76750 80.20000 112.69250 124.76750 80.20000 112.69250 124.69250 80.20000 112.76750 124.69250 80.68000 112.76750 124.76750 80.68000 112.69250 124.76750 80.68000 112.69250 124.69250 80.68000 113.30750 125.23250 80.20000 113.30750 125.30750 80.20000 113.23250 125.30750 80.20000 113.23250 125.23250 80.20000 113.30750 125.23250 80.68000 113.30750 125.30750 80.68000 113.23250 125.30750 80.68000 113.23250 125.23250 80.68000 112.76750 125.23250 80.20000 112.76750 125.30750 80.20000 112.69250 125.30750 80.20000 112.69250 125.23250 80.20000 112.76750 125.23250 80.68000 112.76750 125.30750 80.68000 112.69250 125.30750 80.68000 112.69250 125.23250 80.68000 115.50000 119.47500 80.20000 122.50000 119.47500 80.20000 122.50000 120.52500 80.20000 115.50000 120.52500 80.20000 115.50000 119.47500 81.44000 122.50000 119.47500 81.44000 122.50000 120.52500 81.44000 115.50000 120.52500 81.44000 93.00000 160.35000 80.20000 121.00000 160.35000 80.20000 121.00000 161.65000 80.20000 93.00000 161.65000 80.20000 93.00000 160.35000 81.50000 121.00000 160.35000 81.50000 121.00000 161.65000 81.50000 93.00000 161.65000 81.50000 93.03500 160.26250 80.33000 94.96500 160.26250 80.33000 94.96500 160.33750 80.33000 93.03500 160.33750 80.33000 93.03500 160.26250 81.45000 94.96500 160.26250 81.45000 94.96500 160.33750 81.45000 93.03500 160.33750 81.45000 95.03500 160.26250 80.33000 96.96500 160.26250 80.33000 96.96500 160.33750 80.33000 95.03500 160.33750 80.33000 95.03500 160.26250 81.45000 96.96500 160.26250 81.45000 96.96500 160.33750 81.45000 95.03500 160.33750 81.45000 97.03500 160.26250 80.33000 98.96500 160.26250 80.33000 98.96500 160.33750 80.33000 97.03500 160.33750 80.33000 97.03500 160.26250 81.45000 98.96500 160.26250 81.45000 98.96500 160.33750 81.45000 97.03500 160.33750 81.45000 99.03500 160.26250 80.33000 100.96500 160.26250 80.33000 100.96500 160.33750 80.33000 99.03500 160.33750 80.33000 99.03500 160.26250 81.45000 100.96500 160.26250 81.45000 100.96500 160.33750 81.45000 99.03500 160.33750 81.45000 101.03500 160.26250 80.33000 102.96500 160.26250 80.33000 102.96500 160.33750 80.33000 101.03500 160.33750 80.33000 101.03500 160.26250 81.45000 102.96500 160.26250 81.45000 102.96500 160.33750 81.45000 101.03500 160.33750 81.45000 103.03500 160.26250 80.33000 104.96500 160.26250 80.33000 104.96500 160.33750 80.33000 103.03500 160.33750 80.33000 103.03500 160.26250 81.45000 104.96500 160.26250 81.45000 104.96500 160.33750 81.45000 103.03500 160.33750 81.45000 105.03500 160.26250 80.33000 106.96500 160.26250 80.33000 106.96500 160.33750 80.33000 105.03500 160.33750 80.33000 105.03500 160.26250 81.45000 106.96500 160.26250 81.45000 106.96500 160.33750 81.45000 105.03500 160.33750 81.45000 107.03500 160.26250 80.33000 108.96500 160.26250 80.33000 108.96500 160.33750 80.33000 107.03500 160.33750 80.33000 107.03500 160.26250 81.45000 108.96500 160.26250 81.45000 108.96500 160.33750 81.45000 107.03500 160.33750 81.45000 109.03500 160.26250 80.33000 110.96500 160.26250 80.33000 110.96500 160.33750 80.33000 109.03500 160.33750 80.33000 109.03500 160.26250 81.45000 110.96500 160.26250 81.45000 110.96500 160.33750 81.45000 109.03500 160.33750 81.45000 111.03500 160.26250 80.33000 112.96500 160.26250 80.33000 112.96500 160.33750 80.33000 111.03500 160.33750 80.33000 111.03500 160.26250 81.45000 112.96500 160.26250 81.45000 112.96500 160.33750 81.45000 111.03500 160.33750 81.45000 113.03500 160.26250 80.33000 114.96500 160.26250 80.33000 114.96500 160.33750 80.33000 113.03500 160.33750 80.33000 113.03500 160.26250 81.45000 114.96500 160.26250 81.45000 114.96500 160.33750 81.45000 113.03500 160.33750 81.45000 115.03500 160.26250 80.33000 116.96500 160.26250 80.33000 116.96500 160.33750 80.33000 115.03500 160.33750 80.33000 115.03500 160.26250 81.45000 116.96500 160.26250 81.45000 116.96500 160.33750 81.45000 115.03500 160.33750 81.45000 117.03500 160.26250 80.33000 118.96500 160.26250 80.33000 118.96500 160.33750 80.33000 117.03500 160.33750 80.33000 117.03500 160.26250 81.45000 118.96500 160.26250 81.45000 118.96500 160.33750 81.45000 117.03500 160.33750 81.45000 119.03500 160.26250 80.33000 120.96500 160.26250 80.33000 120.96500 160.33750 80.33000 119.03500 160.33750 80.33000 119.03500 160.26250 81.45000 120.96500 160.26250 81.45000 120.96500 160.33750 81.45000 119.03500 160.33750 81.45000 101.50000 150.95000 80.20000 112.50000 150.95000 80.20000 112.50000 154.05000 80.20000 101.50000 154.05000 80.20000 101.50000 150.95000 81.50000 112.50000 150.95000 81.50000 112.50000 154.05000 81.50000 101.50000 154.05000 81.50000 90.45000 159.60000 80.20000 93.55000 159.60000 80.20000 93.55000 161.40000 80.20000 90.45000 161.40000 80.20000 90.45000 159.60000 83.80000 93.55000 159.60000 83.80000 93.55000 161.40000 83.80000 90.45000 161.40000 83.80000 119.45000 159.60000 80.20000 122.55000 159.60000 80.20000 122.55000 161.40000 80.20000 119.45000 161.40000 80.20000 119.45000 159.60000 83.80000 122.55000 159.60000 83.80000 122.55000 161.40000 83.80000 119.45000 161.40000 83.80000 103.30750 149.90750 80.20000 103.23250 149.90750 80.20000 103.23250 149.83250 80.20000 103.30750 149.83250 80.20000 103.30750 149.90750 80.68000 103.23250 149.90750 80.68000 103.23250 149.83250 80.68000 103.30750 149.83250 80.68000 103.30750 149.36750 80.20000 103.23250 149.36750 80.20000 103.23250 149.29250 80.20000 103.30750 149.29250 80.20000 103.30750 149.36750 80.68000 103.23250 149.36750 80.68000 103.23250 149.29250 80.68000 103.30750 149.29250 80.68000 102.76750 149.90750 80.20000 102.69250 149.90750 80.20000 102.69250 149.83250 80.20000 102.76750 149.83250 80.20000 102.76750 149.90750 80.68000 102.69250 149.90750 80.68000 102.69250 149.83250 80.68000 102.76750 149.83250 80.68000 102.76750 149.36750 80.20000 102.69250 149.36750 80.20000 102.69250 149.29250 80.20000 102.76750 149.29250 80.20000 102.76750 149.36750 80.68000 102.69250 149.36750 80.68000 102.69250 149.29250 80.68000 102.76750 149.29250 80.68000 105.30750 149.90750 80.20000 105.23250 149.90750 80.20000 105.23250 149.83250 80.20000 105.30750 149.83250 80.20000 105.30750 149.90750 80.68000 105.23250 149.90750 80.68000 105.23250 149.83250 80.68000 105.30750 149.83250 80.68000 105.30750 149.36750 80.20000 105.23250 149.36750 80.20000 105.23250 149.29250 80.20000 105.30750 149.29250 80.20000 105.30750 149.36750 80.68000 105.23250 149.36750 80.68000 105.23250 149.29250 80.68000 105.30750 149.29250 80.68000 104.76750 149.90750 80.20000 104.69250 149.90750 80.20000 104.69250 149.83250 80.20000 104.76750 149.83250 80.20000 104.76750 149.90750 80.68000 104.69250 149.90750 80.68000 104.69250 149.83250 80.68000 104.76750 149.83250 80.68000 104.76750 149.36750 80.20000 104.69250 149.36750 80.20000 104.69250 149.29250 80.20000 104.76750 149.29250 80.20000 104.76750 149.36750 80.68000 104.69250 149.36750 80.68000 104.69250 149.29250 80.68000 104.76750 149.29250 80.68000 107.30750 149.90750 80.20000 107.23250 149.90750 80.20000 107.23250 149.83250 80.20000 107.30750 149.83250 80.20000 107.30750 149.90750 80.68000 107.23250 149.90750 80.68000 107.23250 149.83250 80.68000 107.30750 149.83250 80.68000 107.30750 149.36750 80.20000 107.23250 149.36750 80.20000 107.23250 149.29250 80.20000 107.30750 149.29250 80.20000 107.30750 149.36750 80.68000 107.23250 149.36750 80.68000 107.23250 149.29250 80.68000 107.30750 149.29250 80.68000 106.76750 149.90750 80.20000 106.69250 149.90750 80.20000 106.69250 149.83250 80.20000 106.76750 149.83250 80.20000 106.76750 149.90750 80.68000 106.69250 149.90750 80.68000 106.69250 149.83250 80.68000 106.76750 149.83250 80.68000 106.76750 149.36750 80.20000 106.69250 149.36750 80.20000 106.69250 149.29250 80.20000 106.76750 149.29250 80.20000 106.76750 149.36750 80.68000 106.69250 149.36750 80.68000 106.69250 149.29250 80.68000 106.76750 149.29250 80.68000 109.30750 149.90750 80.20000 109.23250 149.90750 80.20000 109.23250 149.83250 80.20000 109.30750 149.83250 80.20000 109.30750 149.90750 80.68000 109.23250 149.90750 80.68000 109.23250 149.83250 80.68000 109.30750 149.83250 80.68000 109.30750 149.36750 80.20000 109.23250 149.36750 80.20000 109.23250 149.29250 80.20000 109.30750 149.29250 80.20000 109.30750 149.36750 80.68000 109.23250 149.36750 80.68000 109.23250 149.29250 80.68000 109.30750 149.29250 80.68000 108.76750 149.90750 80.20000 108.69250 149.90750 80.20000 108.69250 149.83250 80.20000 108.76750 149.83250 80.20000 108.76750 149.90750 80.68000 108.69250 149.90750 80.68000 108.69250 149.83250 80.68000 108.76750 149.83250 80.68000 108.76750 149.36750 80.20000 108.69250 149.36750 80.20000 108.69250 149.29250 80.20000 108.76750 149.29250 80.20000 108.76750 149.36750 80.68000 108.69250 149.36750 80.68000 108.69250 149.29250 80.68000 108.76750 149.29250 80.68000 111.30750 149.90750 80.20000 111.23250 149.90750 80.20000 111.23250 149.83250 80.20000 111.30750 149.83250 80.20000 111.30750 149.90750 80.68000 111.23250 149.90750 80.68000 111.23250 149.83250 80.68000 111.30750 149.83250 80.68000 111.30750 149.36750 80.20000 111.23250 149.36750 80.20000 111.23250 149.29250 80.20000 111.30750 149.29250 80.20000 111.30750 149.36750 80.68000 111.23250 149.36750 80.68000 111.23250 149.29250 80.68000 111.30750 149.29250 80.68000 110.76750 149.90750 80.20000 110.69250 149.90750 80.20000 110.69250 149.83250 80.20000 110.76750 149.83250 80.20000 110.76750 149.90750 80.68000 110.69250 149.90750 80.68000 110.69250 149.83250 80.68000 110.76750 149.83250 80.68000 110.76750 149.36750 80.20000 110.69250 149.36750 80.20000 110.69250 149.29250 80.20000 110.76750 149.29250 80.20000 110.76750 149.36750 80.68000 110.69250 149.36750 80.68000 110.69250 149.29250 80.68000 110.76750 149.29250 80.68000 44.00000 157.17500 80.33000 52.00000 157.17500 80.33000 52.00000 158.82500 80.33000 44.00000 158.82500 80.33000 44.00000 157.17500 80.79000 52.00000 157.17500 80.79000 52.00000 158.82500 80.79000 44.00000 158.82500 80.79000 38.82500 151.25000 80.33000 38.82500 156.75000 80.33000 37.17500 156.75000 80.33000 37.17500 151.25000 80.33000 38.82500 151.25000 80.79000 38.82500 156.75000 80.79000 37.17500 156.75000 80.79000 37.17500 151.25000 80.79000 56.50000 161.89000 80.20000 65.50000 161.89000 80.20000 65.50000 162.01000 80.20000 56.50000 162.01000 80.20000 56.50000 161.89000 84.00000 65.50000 161.89000 84.00000 65.50000 162.01000 84.00000 56.50000 162.01000 84.00000 56.50000 161.30000 80.20000 56.66000 161.30000 80.20000 56.66000 162.10000 80.20000 56.50000 162.10000 80.20000 56.50000 161.30000 84.00000 56.66000 161.30000 84.00000 56.66000 162.10000 84.00000 56.50000 162.10000 84.00000 65.34000 161.30000 80.20000 65.50000 161.30000 80.20000 65.50000 162.10000 80.20000 65.34000 162.10000 80.20000 65.34000 161.30000 84.00000 65.50000 161.30000 84.00000 65.50000 162.10000 84.00000 65.34000 162.10000 84.00000 56.50000 161.30000 80.32000 65.50000 161.30000 80.32000 65.50000 162.10000 80.32000 56.50000 162.10000 80.32000 56.50000 161.30000 80.44000 65.50000 161.30000 80.44000 65.50000 162.10000 80.44000 56.50000 162.10000 80.44000 58.50929 161.42000 80.46000 58.70929 161.42000 80.46000 58.70929 161.78000 80.46000 58.50929 161.78000 80.46000 58.50929 161.42000 81.04000 58.70929 161.42000 81.04000 58.70929 161.78000 81.04000 58.50929 161.78000 81.04000 60.89500 161.42000 80.46000 61.09500 161.42000 80.46000 61.09500 161.78000 80.46000 60.89500 161.78000 80.46000 60.89500 161.42000 81.04000 61.09500 161.42000 81.04000 61.09500 161.78000 81.04000 60.89500 161.78000 81.04000 63.28071 161.42000 80.46000 63.48071 161.42000 80.46000 63.48071 161.78000 80.46000 63.28071 161.78000 80.46000 63.28071 161.42000 81.04000 63.48071 161.42000 81.04000 63.48071 161.78000 81.04000 63.28071 161.78000 81.04000 56.50000 161.30000 81.16000 65.50000 161.30000 81.16000 65.50000 162.10000 81.16000 56.50000 162.10000 81.16000 56.50000 161.30000 81.28000 65.50000 161.30000 81.28000 65.50000 162.10000 81.28000 56.50000 162.10000 81.28000 57.31643 161.42000 81.30000 57.51643 161.42000 81.30000 57.51643 161.78000 81.30000 57.31643 161.78000 81.30000 57.31643 161.42000 81.82000 57.51643 161.42000 81.82000 57.51643 161.78000 81.82000 57.31643 161.78000 81.82000 59.70214 161.42000 81.30000 59.90214 161.42000 81.30000 59.90214 161.78000 81.30000 59.70214 161.78000 81.30000 59.70214 161.42000 81.82000 59.90214 161.42000 81.82000 59.90214 161.78000 81.82000 59.70214 161.78000 81.82000 62.08786 161.42000 81.30000 62.28786 161.42000 81.30000 62.28786 161.78000 81.30000 62.08786 161.78000 81.30000 62.08786 161.42000 81.82000 62.28786 161.42000 81.82000 62.28786 161.78000 81.82000 62.08786 161.78000 81.82000 64.47357 161.42000 81.30000 64.67357 161.42000 81.30000 64.67357 161.78000 81.30000 64.47357 161.78000 81.30000 64.47357 161.42000 81.82000 64.67357 161.42000 81.82000 64.67357 161.78000 81.82000 64.47357 161.78000 81.82000 56.50000 161.30000 82.00000 65.50000 161.30000 82.00000 65.50000 162.10000 82.00000 56.50000 162.10000 82.00000 56.50000 161.30000 82.12000 65.50000 161.30000 82.12000 65.50000 162.10000 82.12000 56.50000 162.10000 82.12000 58.50929 161.42000 82.14000 58.70929 161.42000 82.14000 58.70929 161.78000 82.14000 58.50929 161.78000 82.14000 58.50929 161.42000 82.60000 58.70929 161.42000 82.60000 58.70929 161.78000 82.60000 58.50929 161.78000 82.60000 60.89500 161.42000 82.14000 61.09500 161.42000 82.14000 61.09500 161.78000 82.14000 60.89500 161.78000 82.14000 60.89500 161.42000 82.60000 61.09500 161.42000 82.60000 61.09500 161.78000 82.60000 60.89500 161.78000 82.60000 63.28071 161.42000 82.14000 63.48071 161.42000 82.14000 63.48071 161.78000 82.14000 63.28071 161.78000 82.14000 63.28071 161.42000 82.60000 63.48071 161.42000 82.60000 63.48071 161.78000 82.60000 63.28071 161.78000 82.60000 56.50000 161.30000 82.84000 65.50000 161.30000 82.84000 65.50000 162.10000 82.84000 56.50000 162.10000 82.84000 56.50000 161.30000 82.96000 65.50000 161.30000 82.96000 65.50000 162.10000 82.96000 56.50000 162.10000 82.96000 57.31643 161.42000 82.98000 57.51643 161.42000 82.98000 57.51643 161.78000 82.98000 57.31643 161.78000 82.98000 57.31643 161.42000 83.38000 57.51643 161.42000 83.38000 57.51643 161.78000 83.38000 57.31643 161.78000 83.38000 59.70214 161.42000 82.98000 59.90214 161.42000 82.98000 59.90214 161.78000 82.98000 59.70214 161.78000 82.98000 59.70214 161.42000 83.38000 59.90214 161.42000 83.38000 59.90214 161.78000 83.38000 59.70214 161.78000 83.38000 62.08786 161.42000 82.98000 62.28786 161.42000 82.98000 62.28786 161.78000 82.98000 62.08786 161.78000 82.98000 62.08786 161.42000 83.38000 62.28786 161.42000 83.38000 62.28786 161.78000 83.38000 62.08786 161.78000 83.38000 64.47357 161.42000 82.98000 64.67357 161.42000 82.98000 64.67357 161.78000 82.98000 64.47357 161.78000 82.98000 64.47357 161.42000 83.38000 64.67357 161.42000 83.38000 64.67357 161.78000 83.38000 64.47357 161.78000 83.38000 56.50000 161.30000 83.68000 65.50000 161.30000 83.68000 65.50000 162.10000 83.68000 56.50000 162.10000 83.68000 56.50000 161.30000 83.80000 65.50000 161.30000 83.80000 65.50000 162.10000 83.80000 56.50000 162.10000 83.80000 65.70000 150.90000 80.96000 68.30000 150.90000 80.96000 68.30000 152.10000 80.96000 65.70000 152.10000 80.96000 65.70000 150.90000 81.12000 68.30000 150.90000 81.12000 68.30000 152.10000 81.12000 65.70000 152.10000 81.12000 40.75000 122.70000 85.88000 43.85000 122.70000 85.88000 43.85000 126.40000 85.88000 40.75000 126.40000 85.88000 40.75000 122.70000 86.38000 43.85000 122.70000 86.38000 43.85000 126.40000 86.38000 40.75000 126.40000 86.38000 39.20000 126.32500 85.80000 45.40000 126.32500 85.80000 45.40000 126.57500 85.80000 39.20000 126.57500 85.80000 39.20000 126.32500 87.96000 45.40000 126.32500 87.96000 45.40000 126.57500 87.96000 39.20000 126.57500 87.96000 39.60000 125.30000 85.80000 40.60000 125.30000 85.80000 40.60000 126.30000 85.80000 39.60000 126.30000 85.80000 39.60000 125.30000 86.58000 40.60000 125.30000 86.58000 40.60000 126.30000 86.58000 39.60000 126.30000 86.58000 44.00000 125.30000 85.80000 45.00000 125.30000 85.80000 45.00000 126.30000 85.80000 44.00000 126.30000 85.80000 44.00000 125.30000 86.58000 45.00000 125.30000 86.58000 45.00000 126.30000 86.58000 44.00000 126.30000 86.58000 52.97500 127.55000 85.93000 52.97500 123.55000 85.93000 54.62500 123.55000 85.93000 54.62500 127.55000 85.93000 52.97500 127.55000 86.39000 52.97500 123.55000 86.39000 54.62500 123.55000 86.39000 54.62500 127.55000 86.39000 30.65000 121.05000 85.80000 32.15000 121.05000 85.80000 32.15000 128.05000 85.80000 30.65000 128.05000 85.80000 30.65000 121.05000 89.40000 32.15000 121.05000 89.40000 32.15000 128.05000 89.40000 30.65000 128.05000 89.40000 32.14500 121.08500 85.87500 32.21500 121.08500 85.87500 32.21500 122.41500 85.87500 32.14500 122.41500 85.87500 32.14500 121.08500 89.32500 32.21500 121.08500 89.32500 32.21500 122.41500 89.32500 32.14500 122.41500 89.32500 32.14500 122.48500 85.87500 32.21500 122.48500 85.87500 32.21500 123.81500 85.87500 32.14500 123.81500 85.87500 32.14500 122.48500 89.32500 32.21500 122.48500 89.32500 32.21500 123.81500 89.32500 32.14500 123.81500 89.32500 32.14500 123.88500 85.87500 32.21500 123.88500 85.87500 32.21500 125.21500 85.87500 32.14500 125.21500 85.87500 32.14500 123.88500 89.32500 32.21500 123.88500 89.32500 32.21500 125.21500 89.32500 32.14500 125.21500 89.32500 32.14500 125.28500 85.87500 32.21500 125.28500 85.87500 32.21500 126.61500 85.87500 32.14500 126.61500 85.87500 32.14500 125.28500 89.32500 32.21500 125.28500 89.32500 32.21500 126.61500 89.32500 32.14500 126.61500 89.32500 32.14500 126.68500 85.87500 32.21500 126.68500 85.87500 32.21500 128.01500 85.87500 32.14500 128.01500 85.87500 32.14500 126.68500 89.32500 32.21500 126.68500 89.32500 32.21500 128.01500 89.32500 32.14500 128.01500 89.32500 68.05000 115.60000 85.80000 69.35000 115.60000 85.80000 69.35000 119.40000 85.80000 68.05000 119.40000 85.80000 68.05000 115.60000 86.88000 69.35000 115.60000 86.88000 69.35000 119.40000 86.88000 68.05000 119.40000 86.88000 98.65000 122.70000 85.88000 101.75000 122.70000 85.88000 101.75000 126.40000 85.88000 98.65000 126.40000 85.88000 98.65000 122.70000 86.38000 101.75000 122.70000 86.38000 101.75000 126.40000 86.38000 98.65000 126.40000 86.38000 97.10000 126.32500 85.80000 103.30000 126.32500 85.80000 103.30000 126.57500 85.80000 97.10000 126.57500 85.80000 97.10000 126.32500 87.96000 103.30000 126.32500 87.96000 103.30000 126.57500 87.96000 97.10000 126.57500 87.96000 97.50000 125.30000 85.80000 98.50000 125.30000 85.80000 98.50000 126.30000 85.80000 97.50000 126.30000 85.80000 97.50000 125.30000 86.58000 98.50000 125.30000 86.58000 98.50000 126.30000 86.58000 97.50000 126.30000 86.58000 101.90000 125.30000 85.80000 102.90000 125.30000 85.80000 102.90000 126.30000 85.80000 101.90000 126.30000 85.80000 101.90000 125.30000 86.58000 102.90000 125.30000 86.58000 102.90000 126.30000 86.58000 101.90000 126.30000 86.58000 110.87500 127.55000 85.93000 110.87500 123.55000 85.93000 112.52500 123.55000 85.93000 112.52500 127.55000 85.93000 110.87500 127.55000 86.39000 110.87500 123.55000 86.39000 112.52500 123.55000 86.39000 112.52500 127.55000 86.39000 88.55000 121.05000 85.80000 90.05000 121.05000 85.80000 90.05000 128.05000 85.80000 88.55000 128.05000 85.80000 88.55000 121.05000 89.40000 90.05000 121.05000 89.40000 90.05000 128.05000 89.40000 88.55000 128.05000 89.40000 90.04500 121.08500 85.87500 90.11500 121.08500 85.87500 90.11500 122.41500 85.87500 90.04500 122.41500 85.87500 90.04500 121.08500 89.32500 90.11500 121.08500 89.32500 90.11500 122.41500 89.32500 90.04500 122.41500 89.32500 90.04500 122.48500 85.87500 90.11500 122.48500 85.87500 90.11500 123.81500 85.87500 90.04500 123.81500 85.87500 90.04500 122.48500 89.32500 90.11500 122.48500 89.32500 90.11500 123.81500 89.32500 90.04500 123.81500 89.32500 90.04500 123.88500 85.87500 90.11500 123.88500 85.87500 90.11500 125.21500 85.87500 90.04500 125.21500 85.87500 90.04500 123.88500 89.32500 90.11500 123.88500 89.32500 90.11500 125.21500 89.32500 90.04500 125.21500 89.32500 90.04500 125.28500 85.87500 90.11500 125.28500 85.87500 90.11500 126.61500 85.87500 90.04500 126.61500 85.87500 90.04500 125.28500 89.32500 90.11500 125.28500 89.32500 90.11500 126.61500 89.32500 90.04500 126.61500 89.32500 90.04500 126.68500 85.87500 90.11500 126.68500 85.87500 90.11500 128.01500 85.87500 90.04500 128.01500 85.87500 90.04500 126.68500 89.32500 90.11500 126.68500 89.32500 90.11500 128.01500 89.32500 90.04500 128.01500 89.32500 123.95000 115.60000 85.80000 125.25000 115.60000 85.80000 125.25000 119.40000 85.80000 123.95000 119.40000 85.80000 123.95000 115.60000 86.88000 125.25000 115.60000 86.88000 125.25000 119.40000 86.88000 123.95000 119.40000 86.88000 40.75000 153.60000 85.88000 43.85000 153.60000 85.88000 43.85000 157.30000 85.88000 40.75000 157.30000 85.88000 40.75000 153.60000 86.38000 43.85000 153.60000 86.38000 43.85000 157.30000 86.38000 40.75000 157.30000 86.38000 39.20000 157.22500 85.80000 45.40000 157.22500 85.80000 45.40000 157.47500 85.80000 39.20000 157.47500 85.80000 39.20000 157.22500 87.96000 45.40000 157.22500 87.96000 45.40000 157.47500 87.96000 39.20000 157.47500 87.96000 39.60000 156.20000 85.80000 40.60000 156.20000 85.80000 40.60000 157.20000 85.80000 39.60000 157.20000 85.80000 39.60000 156.20000 86.58000 40.60000 156.20000 86.58000 40.60000 157.20000 86.58000 39.60000 157.20000 86.58000 44.00000 156.20000 85.80000 45.00000 156.20000 85.80000 45.00000 157.20000 85.80000 44.00000 157.20000 85.80000 44.00000 156.20000 86.58000 45.00000 156.20000 86.58000 45.00000 157.20000 86.58000 44.00000 157.20000 86.58000 52.97500 158.45000 85.93000 52.97500 154.45000 85.93000 54.62500 154.45000 85.93000 54.62500 158.45000 85.93000 52.97500 158.45000 86.39000 52.97500 154.45000 86.39000 54.62500 154.45000 86.39000 54.62500 158.45000 86.39000 30.65000 151.95000 85.80000 32.15000 151.95000 85.80000 32.15000 158.95000 85.80000 30.65000 158.95000 85.80000 30.65000 151.95000 89.40000 32.15000 151.95000 89.40000 32.15000 158.95000 89.40000 30.65000 158.95000 89.40000 32.14500 151.98500 85.87500 32.21500 151.98500 85.87500 32.21500 153.31500 85.87500 32.14500 153.31500 85.87500 32.14500 151.98500 89.32500 32.21500 151.98500 89.32500 32.21500 153.31500 89.32500 32.14500 153.31500 89.32500 32.14500 153.38500 85.87500 32.21500 153.38500 85.87500 32.21500 154.71500 85.87500 32.14500 154.71500 85.87500 32.14500 153.38500 89.32500 32.21500 153.38500 89.32500 32.21500 154.71500 89.32500 32.14500 154.71500 89.32500 32.14500 154.78500 85.87500 32.21500 154.78500 85.87500 32.21500 156.11500 85.87500 32.14500 156.11500 85.87500 32.14500 154.78500 89.32500 32.21500 154.78500 89.32500 32.21500 156.11500 89.32500 32.14500 156.11500 89.32500 32.14500 156.18500 85.87500 32.21500 156.18500 85.87500 32.21500 157.51500 85.87500 32.14500 157.51500 85.87500 32.14500 156.18500 89.32500 32.21500 156.18500 89.32500 32.21500 157.51500 89.32500 32.14500 157.51500 89.32500 32.14500 157.58500 85.87500 32.21500 157.58500 85.87500 32.21500 158.91500 85.87500 32.14500 158.91500 85.87500 32.14500 157.58500 89.32500 32.21500 157.58500 89.32500 32.21500 158.91500 89.32500 32.14500 158.91500 89.32500 68.05000 154.20000 85.80000 69.35000 154.20000 85.80000 69.35000 158.00000 85.80000 68.05000 158.00000 85.80000 68.05000 154.20000 86.88000 69.35000 154.20000 86.88000 69.35000 158.00000 86.88000 68.05000 158.00000 86.88000 98.65000 153.60000 85.88000 101.75000 153.60000 85.88000 101.75000 157.30000 85.88000 98.65000 157.30000 85.88000 98.65000 153.60000 86.38000 101.75000 153.60000 86.38000 101.75000 157.30000 86.38000 98.65000 157.30000 86.38000 97.10000 157.22500 85.80000 103.30000 157.22500 85.80000 103.30000 157.47500 85.80000 97.10000 157.47500 85.80000 97.10000 157.22500 87.96000 103.30000 157.22500 87.96000 103.30000 157.47500 87.96000 97.10000 157.47500 87.96000 97.50000 156.20000 85.80000 98.50000 156.20000 85.80000 98.50000 157.20000 85.80000 97.50000 157.20000 85.80000 97.50000 156.20000 86.58000 98.50000 156.20000 86.58000 98.50000 157.20000 86.58000 97.50000 157.20000 86.58000 101.90000 156.20000 85.80000 102.90000 156.20000 85.80000 102.90000 157.20000 85.80000 101.90000 157.20000 85.80000 101.90000 156.20000 86.58000 102.90000 156.20000 86.58000 102.90000 157.20000 86.58000 101.90000 157.20000 86.58000 110.87500 158.45000 85.93000 110.87500 154.45000 85.93000 112.52500 154.45000 85.93000 112.52500 158.45000 85.93000 110.87500 158.45000 86.39000 110.87500 154.45000 86.39000 112.52500 154.45000 86.39000 112.52500 158.45000 86.39000 88.55000 151.95000 85.80000 90.05000 151.95000 85.80000 90.05000 158.95000 85.80000 88.55000 158.95000 85.80000 88.55000 151.95000 89.40000 90.05000 151.95000 89.40000 90.05000 158.95000 89.40000 88.55000 158.95000 89.40000 90.04500 151.98500 85.87500 90.11500 151.98500 85.87500 90.11500 153.31500 85.87500 90.04500 153.31500 85.87500 90.04500 151.98500 89.32500 90.11500 151.98500 89.32500 90.11500 153.31500 89.32500 90.04500 153.31500 89.32500 90.04500 153.38500 85.87500 90.11500 153.38500 85.87500 90.11500 154.71500 85.87500 90.04500 154.71500 85.87500 90.04500 153.38500 89.32500 90.11500 153.38500 89.32500 90.11500 154.71500 89.32500 90.04500 154.71500 89.32500 90.04500 154.78500 85.87500 90.11500 154.78500 85.87500 90.11500 156.11500 85.87500 90.04500 156.11500 85.87500 90.04500 154.78500 89.32500 90.11500 154.78500 89.32500 90.11500 156.11500 89.32500 90.04500 156.11500 89.32500 90.04500 156.18500 85.87500 90.11500 156.18500 85.87500 90.11500 157.51500 85.87500 90.04500 157.51500 85.87500 90.04500 156.18500 89.32500 90.11500 156.18500 89.32500 90.11500 157.51500 89.32500 90.04500 157.51500 89.32500 90.04500 157.58500 85.87500 90.11500 157.58500 85.87500 90.11500 158.91500 85.87500 90.04500 158.91500 85.87500 90.04500 157.58500 89.32500 90.11500 157.58500 89.32500 90.11500 158.91500 89.32500 90.04500 158.91500 89.32500 123.95000 154.20000 85.80000 125.25000 154.20000 85.80000 125.25000 158.00000 85.80000 123.95000 158.00000 85.80000 123.95000 154.20000 86.88000 125.25000 154.20000 86.88000 125.25000 158.00000 86.88000 123.95000 158.00000 86.88000 65.00000 151.02500 74.93000 59.00000 151.02500 74.93000 59.00000 149.37500 74.93000 65.00000 149.37500 74.93000 65.00000 151.02500 75.39000 59.00000 151.02500 75.39000 59.00000 149.37500 75.39000 65.00000 149.37500 75.39000 93.10000 119.67500 74.93000 94.90000 119.67500 74.93000 94.90000 121.32500 74.93000 93.10000 121.32500 74.93000 93.10000 119.67500 75.39000 94.90000 119.67500 75.39000 94.90000 121.32500 75.39000 93.10000 121.32500 75.39000 98.80000 119.67500 74.93000 100.60000 119.67500 74.93000 100.60000 121.32500 74.93000 98.80000 121.32500 74.93000 98.80000 119.67500 75.39000 100.60000 119.67500 75.39000 100.60000 121.32500 75.39000 98.80000 121.32500 75.39000 104.50000 119.67500 74.93000 106.30000 119.67500 74.93000 106.30000 121.32500 74.93000 104.50000 121.32500 74.93000 104.50000 119.67500 75.39000 106.30000 119.67500 75.39000 106.30000 121.32500 75.39000 104.50000 121.32500 75.39000 110.20000 119.67500 74.93000 112.00000 119.67500 74.93000 112.00000 121.32500 74.93000 110.20000 121.32500 74.93000 110.20000 119.67500 75.39000 112.00000 119.67500 75.39000 112.00000 121.32500 75.39000 110.20000 121.32500 75.39000 115.90000 119.67500 74.93000 117.70000 119.67500 74.93000 117.70000 121.32500 74.93000 115.90000 121.32500 74.93000 115.90000 119.67500 75.39000 117.70000 119.67500 75.39000 117.70000 121.32500 75.39000 115.90000 121.32500 75.39000 93.10000 123.27500 75.18000 94.90000 123.27500 75.18000 94.90000 124.92500 75.18000 93.10000 124.92500 75.18000 93.10000 123.27500 75.64000 94.90000 123.27500 75.64000 94.90000 124.92500 75.64000 93.10000 124.92500 75.64000 98.80000 123.27500 75.18000 100.60000 123.27500 75.18000 100.60000 124.92500 75.18000 98.80000 124.92500 75.18000 98.80000 123.27500 75.64000 100.60000 123.27500 75.64000 100.60000 124.92500 75.64000 98.80000 124.92500 75.64000 104.50000 123.27500 75.18000 106.30000 123.27500 75.18000 106.30000 124.92500 75.18000 104.50000 124.92500 75.18000 104.50000 123.27500 75.64000 106.30000 123.27500 75.64000 106.30000 124.92500 75.64000 104.50000 124.92500 75.64000 110.20000 123.27500 75.18000 112.00000 123.27500 75.18000 112.00000 124.92500 75.18000 110.20000 124.92500 75.18000 110.20000 123.27500 75.64000 112.00000 123.27500 75.64000 112.00000 124.92500 75.64000 110.20000 124.92500 75.64000 115.90000 123.27500 75.18000 117.70000 123.27500 75.18000 117.70000 124.92500 75.18000 115.90000 124.92500 75.18000 115.90000 123.27500 75.64000 117.70000 123.27500 75.64000 117.70000 124.92500 75.64000 115.90000 124.92500 75.64000 93.10000 126.87500 75.43000 94.90000 126.87500 75.43000 94.90000 128.52500 75.43000 93.10000 128.52500 75.43000 93.10000 126.87500 75.89000 94.90000 126.87500 75.89000 94.90000 128.52500 75.89000 93.10000 128.52500 75.89000 98.80000 126.87500 75.43000 100.60000 126.87500 75.43000 100.60000 128.52500 75.43000 98.80000 128.52500 75.43000 98.80000 126.87500 75.89000 100.60000 126.87500 75.89000 100.60000 128.52500 75.89000 98.80000 128.52500 75.89000 104.50000 126.87500 75.43000 106.30000 126.87500 75.43000 106.30000 128.52500 75.43000 104.50000 128.52500 75.43000 104.50000 126.87500 75.89000 106.30000 126.87500 75.89000 106.30000 128.52500 75.89000 104.50000 128.52500 75.89000 110.20000 126.87500 75.43000 112.00000 126.87500 75.43000 112.00000 128.52500 75.43000 110.20000 128.52500 75.43000 110.20000 126.87500 75.89000 112.00000 126.87500 75.89000 112.00000 128.52500 75.89000 110.20000 128.52500 75.89000 115.90000 126.87500 75.43000 117.70000 126.87500 75.43000 117.70000 128.52500 75.43000 115.90000 128.52500 75.43000 115.90000 126.87500 75.89000 117.70000 126.87500 75.89000 117.70000 128.52500 75.89000 115.90000 128.52500 75.89000 88.75000 162.29000 74.80000 95.25000 162.29000 74.80000 95.25000 162.41000 74.80000 88.75000 162.41000 74.80000 88.75000 162.29000 78.60000 95.25000 162.29000 78.60000 95.25000 162.41000 78.60000 88.75000 162.41000 78.60000 88.75000 161.75000 74.80000 88.91000 161.75000 74.80000 88.91000 162.45000 74.80000 88.75000 162.45000 74.80000 88.75000 161.75000 78.60000 88.91000 161.75000 78.60000 88.91000 162.45000 78.60000 88.75000 162.45000 78.60000 95.09000 161.75000 74.80000 95.25000 161.75000 74.80000 95.25000 162.45000 74.80000 95.09000 162.45000 74.80000 95.09000 161.75000 78.60000 95.25000 161.75000 78.60000 95.25000 162.45000 78.60000 95.09000 162.45000 78.60000 88.75000 161.75000 74.92000 95.25000 161.75000 74.92000 95.25000 162.45000 74.92000 88.75000 162.45000 74.92000 88.75000 161.75000 75.04000 95.25000 161.75000 75.04000 95.25000 162.45000 75.04000 88.75000 162.45000 75.04000 90.22357 161.82000 75.06000 90.42357 161.82000 75.06000 90.42357 162.18000 75.06000 90.22357 162.18000 75.06000 90.22357 161.82000 75.64000 90.42357 161.82000 75.64000 90.42357 162.18000 75.64000 90.22357 162.18000 75.64000 91.89500 161.82000 75.06000 92.09500 161.82000 75.06000 92.09500 162.18000 75.06000 91.89500 162.18000 75.06000 91.89500 161.82000 75.64000 92.09500 161.82000 75.64000 92.09500 162.18000 75.64000 91.89500 162.18000 75.64000 93.56643 161.82000 75.06000 93.76643 161.82000 75.06000 93.76643 162.18000 75.06000 93.56643 162.18000 75.06000 93.56643 161.82000 75.64000 93.76643 161.82000 75.64000 93.76643 162.18000 75.64000 93.56643 162.18000 75.64000 88.75000 161.75000 75.76000 95.25000 161.75000 75.76000 95.25000 162.45000 75.76000 88.75000 162.45000 75.76000 88.75000 161.75000 75.88000 95.25000 161.75000 75.88000 95.25000 162.45000 75.88000 88.75000 162.45000 75.88000 89.38786 161.82000 75.90000 89.58786 161.82000 75.90000 89.58786 162.18000 75.90000 89.38786 162.18000 75.90000 89.38786 161.82000 76.42000 89.58786 161.82000 76.42000 89.58786 162.18000 76.42000 89.38786 162.18000 76.42000 91.05929 161.82000 75.90000 91.25929 161.82000 75.90000 91.25929 162.18000 75.90000 91.05929 162.18000 75.90000 91.05929 161.82000 76.42000 91.25929 161.82000 76.42000 91.25929 162.18000 76.42000 91.05929 162.18000 76.42000 92.73071 161.82000 75.90000 92.93071 161.82000 75.90000 92.93071 162.18000 75.90000 92.73071 162.18000 75.90000 92.73071 161.82000 76.42000 92.93071 161.82000 76.42000 92.93071 162.18000 76.42000 92.73071 162.18000 76.42000 94.40214 161.82000 75.90000 94.60214 161.82000 75.90000 94.60214 162.18000 75.90000 94.40214 162.18000 75.90000 94.40214 161.82000 76.42000 94.60214 161.82000 76.42000 94.60214 162.18000 76.42000 94.40214 162.18000 76.42000 88.75000 161.75000 76.60000 95.25000 161.75000 76.60000 95.25000 162.45000 76.60000 88.75000 162.45000 76.60000 88.75000 161.75000 76.72000 95.25000 161.75000 76.72000 95.25000 162.45000 76.72000 88.75000 162.45000 76.72000 90.22357 161.82000 76.74000 90.42357 161.82000 76.74000 90.42357 162.18000 76.74000 90.22357 162.18000 76.74000 90.22357 161.82000 77.20000 90.42357 161.82000 77.20000 90.42357 162.18000 77.20000 90.22357 162.18000 77.20000 91.89500 161.82000 76.74000 92.09500 161.82000 76.74000 92.09500 162.18000 76.74000 91.89500 162.18000 76.74000 91.89500 161.82000 77.20000 92.09500 161.82000 77.20000 92.09500 162.18000 77.20000 91.89500 162.18000 77.20000 93.56643 161.82000 76.74000 93.76643 161.82000 76.74000 93.76643 162.18000 76.74000 93.56643 162.18000 76.74000 93.56643 161.82000 77.20000 93.76643 161.82000 77.20000 93.76643 162.18000 77.20000 93.56643 162.18000 77.20000 88.75000 161.75000 77.44000 95.25000 161.75000 77.44000 95.25000 162.45000 77.44000 88.75000 162.45000 77.44000 88.75000 161.75000 77.56000 95.25000 161.75000 77.56000 95.25000 162.45000 77.56000 88.75000 162.45000 77.56000 89.38786 161.82000 77.58000 89.58786 161.82000 77.58000 89.58786 162.18000 77.58000 89.38786 162.18000 77.58000 89.38786 161.82000 77.98000 89.58786 161.82000 77.98000 89.58786 162.18000 77.98000 89.38786 162.18000 77.98000 91.05929 161.82000 77.58000 91.25929 161.82000 77.58000 91.25929 162.18000 77.58000 91.05929 162.18000 77.58000 91.05929 161.82000 77.98000 91.25929 161.82000 77.98000 91.25929 162.18000 77.98000 91.05929 162.18000 77.98000 92.73071 161.82000 77.58000 92.93071 161.82000 77.58000 92.93071 162.18000 77.58000 92.73071 162.18000 77.58000 92.73071 161.82000 77.98000 92.93071 161.82000 77.98000 92.93071 162.18000 77.98000 92.73071 162.18000 77.98000 94.40214 161.82000 77.58000 94.60214 161.82000 77.58000 94.60214 162.18000 77.58000 94.40214 162.18000 77.58000 94.40214 161.82000 77.98000 94.60214 161.82000 77.98000 94.60214 162.18000 77.98000 94.40214 162.18000 77.98000 88.75000 161.75000 78.28000 95.25000 161.75000 78.28000 95.25000 162.45000 78.28000 88.75000 162.45000 78.28000 88.75000 161.75000 78.40000 95.25000 161.75000 78.40000 95.25000 162.45000 78.40000 88.75000 162.45000 78.40000 95.75000 162.29000 74.80000 102.25000 162.29000 74.80000 102.25000 162.41000 74.80000 95.75000 162.41000 74.80000 95.75000 162.29000 78.60000 102.25000 162.29000 78.60000 102.25000 162.41000 78.60000 95.75000 162.41000 78.60000 95.75000 161.75000 74.80000 95.91000 161.75000 74.80000 95.91000 162.45000 74.80000 95.75000 162.45000 74.80000 95.75000 161.75000 78.60000 95.91000 161.75000 78.60000 95.91000 162.45000 78.60000 95.75000 162.45000 78.60000 102.09000 161.75000 74.80000 102.25000 161.75000 74.80000 102.25000 162.45000 74.80000 102.09000 162.45000 74.80000 102.09000 161.75000 78.60000 102.25000 161.75000 78.60000 102.25000 162.45000 78.60000 102.09000 162.45000 78.60000 95.75000 161.75000 74.92000 102.25000 161.75000 74.92000 102.25000 162.45000 74.92000 95.75000 162.45000 74.92000 95.75000 161.75000 75.04000 102.25000 161.75000 75.04000 102.25000 162.45000 75.04000 95.75000 162.45000 75.04000 97.22357 161.82000 75.06000 97.42357 161.82000 75.06000 97.42357 162.18000 75.06000 97.22357 162.18000 75.06000 97.22357 161.82000 75.64000 97.42357 161.82000 75.64000 97.42357 162.18000 75.64000 97.22357 162.18000 75.64000 98.89500 161.82000 75.06000 99.09500 161.82000 75.06000 99.09500 162.18000 75.06000 98.89500 162.18000 75.06000 98.89500 161.82000 75.64000 99.09500 161.82000 75.64000 99.09500 162.18000 75.64000 98.89500 162.18000 75.64000 100.56643 161.82000 75.06000 100.76643 161.82000 75.06000 100.76643 162.18000 75.06000 100.56643 162.18000 75.06000 100.56643 161.82000 75.64000 100.76643 161.82000 75.64000 100.76643 162.18000 75.64000 100.56643 162.18000 75.64000 95.75000 161.75000 75.76000 102.25000 161.75000 75.76000 102.25000 162.45000 75.76000 95.75000 162.45000 75.76000 95.75000 161.75000 75.88000 102.25000 161.75000 75.88000 102.25000 162.45000 75.88000 95.75000 162.45000 75.88000 96.38786 161.82000 75.90000 96.58786 161.82000 75.90000 96.58786 162.18000 75.90000 96.38786 162.18000 75.90000 96.38786 161.82000 76.42000 96.58786 161.82000 76.42000 96.58786 162.18000 76.42000 96.38786 162.18000 76.42000 98.05929 161.82000 75.90000 98.25929 161.82000 75.90000 98.25929 162.18000 75.90000 98.05929 162.18000 75.90000 98.05929 161.82000 76.42000 98.25929 161.82000 76.42000 98.25929 162.18000 76.42000 98.05929 162.18000 76.42000 99.73071 161.82000 75.90000 99.93071 161.82000 75.90000 99.93071 162.18000 75.90000 99.73071 162.18000 75.90000 99.73071 161.82000 76.42000 99.93071 161.82000 76.42000 99.93071 162.18000 76.42000 99.73071 162.18000 76.42000 101.40214 161.82000 75.90000 101.60214 161.82000 75.90000 101.60214 162.18000 75.90000 101.40214 162.18000 75.90000 101.40214 161.82000 76.42000 101.60214 161.82000 76.42000 101.60214 162.18000 76.42000 101.40214 162.18000 76.42000 95.75000 161.75000 76.60000 102.25000 161.75000 76.60000 102.25000 162.45000 76.60000 95.75000 162.45000 76.60000 95.75000 161.75000 76.72000 102.25000 161.75000 76.72000 102.25000 162.45000 76.72000 95.75000 162.45000 76.72000 97.22357 161.82000 76.74000 97.42357 161.82000 76.74000 97.42357 162.18000 76.74000 97.22357 162.18000 76.74000 97.22357 161.82000 77.20000 97.42357 161.82000 77.20000 97.42357 162.18000 77.20000 97.22357 162.18000 77.20000 98.89500 161.82000 76.74000 99.09500 161.82000 76.74000 99.09500 162.18000 76.74000 98.89500 162.18000 76.74000 98.89500 161.82000 77.20000 99.09500 161.82000 77.20000 99.09500 162.18000 77.20000 98.89500 162.18000 77.20000 100.56643 161.82000 76.74000 100.76643 161.82000 76.74000 100.76643 162.18000 76.74000 100.56643 162.18000 76.74000 100.56643 161.82000 77.20000 100.76643 161.82000 77.20000 100.76643 162.18000 77.20000 100.56643 162.18000 77.20000 95.75000 161.75000 77.44000 102.25000 161.75000 77.44000 102.25000 162.45000 77.44000 95.75000 162.45000 77.44000 95.75000 161.75000 77.56000 102.25000 161.75000 77.56000 102.25000 162.45000 77.56000 95.75000 162.45000 77.56000 96.38786 161.82000 77.58000 96.58786 161.82000 77.58000 96.58786 162.18000 77.58000 96.38786 162.18000 77.58000 96.38786 161.82000 77.98000 96.58786 161.82000 77.98000 96.58786 162.18000 77.98000 96.38786 162.18000 77.98000 98.05929 161.82000 77.58000 98.25929 161.82000 77.58000 98.25929 162.18000 77.58000 98.05929 162.18000 77.58000 98.05929 161.82000 77.98000 98.25929 161.82000 77.98000 98.25929 162.18000 77.98000 98.05929 162.18000 77.98000 99.73071 161.82000 77.58000 99.93071 161.82000 77.58000 99.93071 162.18000 77.58000 99.73071 162.18000 77.58000 99.73071 161.82000 77.98000 99.93071 161.82000 77.98000 99.93071 162.18000 77.98000 99.73071 162.18000 77.98000 101.40214 161.82000 77.58000 101.60214 161.82000 77.58000 101.60214 162.18000 77.58000 101.40214 162.18000 77.58000 101.40214 161.82000 77.98000 101.60214 161.82000 77.98000 101.60214 162.18000 77.98000 101.40214 162.18000 77.98000 95.75000 161.75000 78.28000 102.25000 161.75000 78.28000 102.25000 162.45000 78.28000 95.75000 162.45000 78.28000 95.75000 161.75000 78.40000 102.25000 161.75000 78.40000 102.25000 162.45000 78.40000 95.75000 162.45000 78.40000 102.75000 162.29000 74.80000 109.25000 162.29000 74.80000 109.25000 162.41000 74.80000 102.75000 162.41000 74.80000 102.75000 162.29000 78.60000 109.25000 162.29000 78.60000 109.25000 162.41000 78.60000 102.75000 162.41000 78.60000 102.75000 161.75000 74.80000 102.91000 161.75000 74.80000 102.91000 162.45000 74.80000 102.75000 162.45000 74.80000 102.75000 161.75000 78.60000 102.91000 161.75000 78.60000 102.91000 162.45000 78.60000 102.75000 162.45000 78.60000 109.09000 161.75000 74.80000 109.25000 161.75000 74.80000 109.25000 162.45000 74.80000 109.09000 162.45000 74.80000 109.09000 161.75000 78.60000 109.25000 161.75000 78.60000 109.25000 162.45000 78.60000 109.09000 162.45000 78.60000 102.75000 161.75000 74.92000 109.25000 161.75000 74.92000 109.25000 162.45000 74.92000 102.75000 162.45000 74.92000 102.75000 161.75000 75.04000 109.25000 161.75000 75.04000 109.25000 162.45000 75.04000 102.75000 162.45000 75.04000 104.22357 161.82000 75.06000 104.42357 161.82000 75.06000 104.42357 162.18000 75.06000 104.22357 162.18000 75.06000 104.22357 161.82000 75.64000 104.42357 161.82000 75.64000 104.42357 162.18000 75.64000 104.22357 162.18000 75.64000 105.89500 161.82000 75.06000 106.09500 161.82000 75.06000 106.09500 162.18000 75.06000 105.89500 162.18000 75.06000 105.89500 161.82000 75.64000 106.09500 161.82000 75.64000 106.09500 162.18000 75.64000 105.89500 162.18000 75.64000 107.56643 161.82000 75.06000 107.76643 161.82000 75.06000 107.76643 162.18000 75.06000 107.56643 162.18000 75.06000 107.56643 161.82000 75.64000 107.76643 161.82000 75.64000 107.76643 162.18000 75.64000 107.56643 162.18000 75.64000 102.75000 161.75000 75.76000 109.25000 161.75000 75.76000 109.25000 162.45000 75.76000 102.75000 162.45000 75.76000 102.75000 161.75000 75.88000 109.25000 161.75000 75.88000 109.25000 162.45000 75.88000 102.75000 162.45000 75.88000 103.38786 161.82000 75.90000 103.58786 161.82000 75.90000 103.58786 162.18000 75.90000 103.38786 162.18000 75.90000 103.38786 161.82000 76.42000 103.58786 161.82000 76.42000 103.58786 162.18000 76.42000 103.38786 162.18000 76.42000 105.05929 161.82000 75.90000 105.25929 161.82000 75.90000 105.25929 162.18000 75.90000 105.05929 162.18000 75.90000 105.05929 161.82000 76.42000 105.25929 161.82000 76.42000 105.25929 162.18000 76.42000 105.05929 162.18000 76.42000 106.73071 161.82000 75.90000 106.93071 161.82000 75.90000 106.93071 162.18000 75.90000 106.73071 162.18000 75.90000 106.73071 161.82000 76.42000 106.93071 161.82000 76.42000 106.93071 162.18000 76.42000 106.73071 162.18000 76.42000 108.40214 161.82000 75.90000 108.60214 161.82000 75.90000 108.60214 162.18000 75.90000 108.40214 162.18000 75.90000 108.40214 161.82000 76.42000 108.60214 161.82000 76.42000 108.60214 162.18000 76.42000 108.40214 162.18000 76.42000 102.75000 161.75000 76.60000 109.25000 161.75000 76.60000 109.25000 162.45000 76.60000 102.75000 162.45000 76.60000 102.75000 161.75000 76.72000 109.25000 161.75000 76.72000 109.25000 162.45000 76.72000 102.75000 162.45000 76.72000 104.22357 161.82000 76.74000 104.42357 161.82000 76.74000 104.42357 162.18000 76.74000 104.22357 162.18000 76.74000 104.22357 161.82000 77.20000 104.42357 161.82000 77.20000 104.42357 162.18000 77.20000 104.22357 162.18000 77.20000 105.89500 161.82000 76.74000 106.09500 161.82000 76.74000 106.09500 162.18000 76.74000 105.89500 162.18000 76.74000 105.89500 161.82000 77.20000 106.09500 161.82000 77.20000 106.09500 162.18000 77.20000 105.89500 162.18000 77.20000 107.56643 161.82000 76.74000 107.76643 161.82000 76.74000 107.76643 162.18000 76.74000 107.56643 162.18000 76.74000 107.56643 161.82000 77.20000 107.76643 161.82000 77.20000 107.76643 162.18000 77.20000 107.56643 162.18000 77.20000 102.75000 161.75000 77.44000 109.25000 161.75000 77.44000 109.25000 162.45000 77.44000 102.75000 162.45000 77.44000 102.75000 161.75000 77.56000 109.25000 161.75000 77.56000 109.25000 162.45000 77.56000 102.75000 162.45000 77.56000 103.38786 161.82000 77.58000 103.58786 161.82000 77.58000 103.58786 162.18000 77.58000 103.38786 162.18000 77.58000 103.38786 161.82000 77.98000 103.58786 161.82000 77.98000 103.58786 162.18000 77.98000 103.38786 162.18000 77.98000 105.05929 161.82000 77.58000 105.25929 161.82000 77.58000 105.25929 162.18000 77.58000 105.05929 162.18000 77.58000 105.05929 161.82000 77.98000 105.25929 161.82000 77.98000 105.25929 162.18000 77.98000 105.05929 162.18000 77.98000 106.73071 161.82000 77.58000 106.93071 161.82000 77.58000 106.93071 162.18000 77.58000 106.73071 162.18000 77.58000 106.73071 161.82000 77.98000 106.93071 161.82000 77.98000 106.93071 162.18000 77.98000 106.73071 162.18000 77.98000 108.40214 161.82000 77.58000 108.60214 161.82000 77.58000 108.60214 162.18000 77.58000 108.40214 162.18000 77.58000 108.40214 161.82000 77.98000 108.60214 161.82000 77.98000 108.60214 162.18000 77.98000 108.40214 162.18000 77.98000 102.75000 161.75000 78.28000 109.25000 161.75000 78.28000 109.25000 162.45000 78.28000 102.75000 162.45000 78.28000 102.75000 161.75000 78.40000 109.25000 161.75000 78.40000 109.25000 162.45000 78.40000 102.75000 162.45000 78.40000 96.65000 154.20000 75.54000 103.35000 154.20000 75.54000 103.35000 156.80000 75.54000 96.65000 156.80000 75.54000 96.65000 154.20000 75.70000 103.35000 154.20000 75.70000 103.35000 156.80000 75.70000 96.65000 156.80000 75.70000 99.69250 157.19250 74.80000 99.76750 157.19250 74.80000 99.76750 157.26750 74.80000 99.69250 157.26750 74.80000 99.69250 157.19250 75.28000 99.76750 157.19250 75.28000 99.76750 157.26750 75.28000 99.69250 157.26750 75.28000 99.69250 157.73250 74.80000 99.76750 157.73250 74.80000 99.76750 157.80750 74.80000 99.69250 157.80750 74.80000 99.69250 157.73250 75.28000 99.76750 157.73250 75.28000 99.76750 157.80750 75.28000 99.69250 157.80750 75.28000 100.23250 157.19250 74.80000 100.30750 157.19250 74.80000 100.30750 157.26750 74.80000 100.23250 157.26750 74.80000 100.23250 157.19250 75.28000 100.30750 157.19250 75.28000 100.30750 157.26750 75.28000 100.23250 157.26750 75.28000 100.23250 157.73250 74.80000 100.30750 157.73250 74.80000 100.30750 157.80750 74.80000 100.23250 157.80750 74.80000 100.23250 157.73250 75.28000 100.30750 157.73250 75.28000 100.30750 157.80750 75.28000 100.23250 157.80750 75.28000 98.50750 153.70750 74.80000 98.43250 153.70750 74.80000 98.43250 153.63250 74.80000 98.50750 153.63250 74.80000 98.50750 153.70750 75.28000 98.43250 153.70750 75.28000 98.43250 153.63250 75.28000 98.50750 153.63250 75.28000 98.50750 153.16750 74.80000 98.43250 153.16750 74.80000 98.43250 153.09250 74.80000 98.50750 153.09250 74.80000 98.50750 153.16750 75.28000 98.43250 153.16750 75.28000 98.43250 153.09250 75.28000 98.50750 153.09250 75.28000 97.96750 153.70750 74.80000 97.89250 153.70750 74.80000 97.89250 153.63250 74.80000 97.96750 153.63250 74.80000 97.96750 153.70750 75.28000 97.89250 153.70750 75.28000 97.89250 153.63250 75.28000 97.96750 153.63250 75.28000 97.96750 153.16750 74.80000 97.89250 153.16750 74.80000 97.89250 153.09250 74.80000 97.96750 153.09250 74.80000 97.96750 153.16750 75.28000 97.89250 153.16750 75.28000 97.89250 153.09250 75.28000 97.96750 153.09250 75.28000 102.30750 153.70750 74.80000 102.23250 153.70750 74.80000 102.23250 153.63250 74.80000 102.30750 153.63250 74.80000 102.30750 153.70750 75.28000 102.23250 153.70750 75.28000 102.23250 153.63250 75.28000 102.30750 153.63250 75.28000 102.30750 153.16750 74.80000 102.23250 153.16750 74.80000 102.23250 153.09250 74.80000 102.30750 153.09250 74.80000 102.30750 153.16750 75.28000 102.23250 153.16750 75.28000 102.23250 153.09250 75.28000 102.30750 153.09250 75.28000 101.76750 153.70750 74.80000 101.69250 153.70750 74.80000 101.69250 153.63250 74.80000 101.76750 153.63250 74.80000 101.76750 153.70750 75.28000 101.69250 153.70750 75.28000 101.69250 153.63250 75.28000 101.76750 153.63250 75.28000 101.76750 153.16750 74.80000 101.69250 153.16750 74.80000 101.69250 153.09250 74.80000 101.76750 153.09250 74.80000 101.76750 153.16750 75.28000 101.69250 153.16750 75.28000 101.69250 153.09250 75.28000 101.76750 153.09250 75.28000 112.15000 148.77500 76.03000 113.85000 148.77500 76.03000 113.85000 150.02500 76.03000 112.15000 150.02500 76.03000 112.15000 148.77500 76.57000 113.85000 148.77500 76.57000 113.85000 150.02500 76.57000 112.15000 150.02500 76.57000 112.15000 150.37500 76.03000 113.85000 150.37500 76.03000 113.85000 151.62500 76.03000 112.15000 151.62500 76.03000 112.15000 150.37500 76.57000 113.85000 150.37500 76.57000 113.85000 151.62500 76.57000 112.15000 151.62500 76.57000 112.15000 151.97500 76.03000 113.85000 151.97500 76.03000 113.85000 153.22500 76.03000 112.15000 153.22500 76.03000 112.15000 151.97500 76.57000 113.85000 151.97500 76.57000 113.85000 153.22500 76.57000 112.15000 153.22500 76.57000 112.15000 148.77500 77.87000 113.85000 148.77500 77.87000 113.85000 150.02500 77.87000 112.15000 150.02500 77.87000 112.15000 148.77500 78.41000 113.85000 148.77500 78.41000 113.85000 150.02500 78.41000 112.15000 150.02500 78.41000 112.15000 150.37500 77.87000 113.85000 150.37500 77.87000 113.85000 151.62500 77.87000 112.15000 151.62500 77.87000 112.15000 150.37500 78.41000 113.85000 150.37500 78.41000 113.85000 151.62500 78.41000 112.15000 151.62500 78.41000 112.15000 151.97500 77.87000 113.85000 151.97500 77.87000 113.85000 153.22500 77.87000 112.15000 153.22500 77.87000 112.15000 151.97500 78.41000 113.85000 151.97500 78.41000 113.85000 153.22500 78.41000 112.15000 153.22500 78.41000 112.15000 156.57500 76.03000 113.85000 156.57500 76.03000 113.85000 157.82500 76.03000 112.15000 157.82500 76.03000 112.15000 156.57500 76.57000 113.85000 156.57500 76.57000 113.85000 157.82500 76.57000 112.15000 157.82500 76.57000 112.15000 158.17500 76.03000 113.85000 158.17500 76.03000 113.85000 159.42500 76.03000 112.15000 159.42500 76.03000 112.15000 158.17500 76.57000 113.85000 158.17500 76.57000 113.85000 159.42500 76.57000 112.15000 159.42500 76.57000 112.15000 159.77500 76.03000 113.85000 159.77500 76.03000 113.85000 161.02500 76.03000 112.15000 161.02500 76.03000 112.15000 159.77500 76.57000 113.85000 159.77500 76.57000 113.85000 161.02500 76.57000 112.15000 161.02500 76.57000 112.15000 156.57500 77.87000 113.85000 156.57500 77.87000 113.85000 157.82500 77.87000 112.15000 157.82500 77.87000 112.15000 156.57500 78.41000 113.85000 156.57500 78.41000 113.85000 157.82500 78.41000 112.15000 157.82500 78.41000 112.15000 158.17500 77.87000 113.85000 158.17500 77.87000 113.85000 159.42500 77.87000 112.15000 159.42500 77.87000 112.15000 158.17500 78.41000 113.85000 158.17500 78.41000 113.85000 159.42500 78.41000 112.15000 159.42500 78.41000 112.15000 159.77500 77.87000 113.85000 159.77500 77.87000 113.85000 161.02500 77.87000 112.15000 161.02500 77.87000 112.15000 159.77500 78.41000 113.85000 159.77500 78.41000 113.85000 161.02500 78.41000 112.15000 161.02500 78.41000 122.75000 148.77500 76.03000 124.45000 148.77500 76.03000 124.45000 150.02500 76.03000 122.75000 150.02500 76.03000 122.75000 148.77500 76.57000 124.45000 148.77500 76.57000 124.45000 150.02500 76.57000 122.75000 150.02500 76.57000 122.75000 150.37500 76.03000 124.45000 150.37500 76.03000 124.45000 151.62500 76.03000 122.75000 151.62500 76.03000 122.75000 150.37500 76.57000 124.45000 150.37500 76.57000 124.45000 151.62500 76.57000 122.75000 151.62500 76.57000 122.75000 151.97500 76.03000 124.45000 151.97500 76.03000 124.45000 153.22500 76.03000 122.75000 153.22500 76.03000 122.75000 151.97500 76.57000 124.45000 151.97500 76.57000 124.45000 153.22500 76.57000 122.75000 153.22500 76.57000 122.75000 148.77500 77.87000 124.45000 148.77500 77.87000 124.45000 150.02500 77.87000 122.75000 150.02500 77.87000 122.75000 148.77500 78.41000 124.45000 148.77500 78.41000 124.45000 150.02500 78.41000 122.75000 150.02500 78.41000 122.75000 150.37500 77.87000 124.45000 150.37500 77.87000 124.45000 151.62500 77.87000 122.75000 151.62500 77.87000 122.75000 150.37500 78.41000 124.45000 150.37500 78.41000 124.45000 151.62500 78.41000 122.75000 151.62500 78.41000 122.75000 151.97500 77.87000 124.45000 151.97500 77.87000 124.45000 153.22500 77.87000 122.75000 153.22500 77.87000 122.75000 151.97500 78.41000 124.45000 151.97500 78.41000 124.45000 153.22500 78.41000 122.75000 153.22500 78.41000 122.75000 156.57500 76.03000 124.45000 156.57500 76.03000 124.45000 157.82500 76.03000 122.75000 157.82500 76.03000 122.75000 156.57500 76.57000 124.45000 156.57500 76.57000 124.45000 157.82500 76.57000 122.75000 157.82500 76.57000 122.75000 158.17500 76.03000 124.45000 158.17500 76.03000 124.45000 159.42500 76.03000 122.75000 159.42500 76.03000 122.75000 158.17500 76.57000 124.45000 158.17500 76.57000 124.45000 159.42500 76.57000 122.75000 159.42500 76.57000 122.75000 159.77500 76.03000 124.45000 159.77500 76.03000 124.45000 161.02500 76.03000 122.75000 161.02500 76.03000 122.75000 159.77500 76.57000 124.45000 159.77500 76.57000 124.45000 161.02500 76.57000 122.75000 161.02500 76.57000 122.75000 156.57500 77.87000 124.45000 156.57500 77.87000 124.45000 157.82500 77.87000 122.75000 157.82500 77.87000 122.75000 156.57500 78.41000 124.45000 156.57500 78.41000 124.45000 157.82500 78.41000 122.75000 157.82500 78.41000 122.75000 158.17500 77.87000 124.45000 158.17500 77.87000 124.45000 159.42500 77.87000 122.75000 159.42500 77.87000 122.75000 158.17500 78.41000 124.45000 158.17500 78.41000 124.45000 159.42500 78.41000 122.75000 159.42500 78.41000 122.75000 159.77500 77.87000 124.45000 159.77500 77.87000 124.45000 161.02500 77.87000 122.75000 161.02500 77.87000 122.75000 159.77500 78.41000 124.45000 159.77500 78.41000 124.45000 161.02500 78.41000 122.75000 161.02500 78.41000 83.00000 152.75000 74.80000 87.00000 152.75000 74.80000 87.00000 154.25000 74.80000 83.00000 154.25000 74.80000 83.00000 152.75000 76.10000 87.00000 152.75000 76.10000 87.00000 154.25000 76.10000 83.00000 154.25000 76.10000 33.00000 126.00000 91.40000 65.00000 126.00000 91.40000 65.00000 157.00000 91.40000 33.00000 157.00000 91.40000 33.00000 126.00000 91.44500 65.00000 126.00000 91.44500 65.00000 157.00000 91.44500 33.00000 157.00000 91.44500 35.72500 131.25000 95.00000 36.27500 131.25000 95.00000 36.27500 151.75000 95.00000 35.72500 151.75000 95.00000 35.72500 131.25000 95.20000 36.27500 131.25000 95.20000 36.27500 151.75000 95.20000 35.72500 151.75000 95.20000 38.08864 131.25000 95.00000 38.63864 131.25000 95.00000 38.63864 151.75000 95.00000 38.08864 151.75000 95.00000 38.08864 131.25000 95.20000 38.63864 131.25000 95.20000 38.63864 151.75000 95.20000 38.08864 151.75000 95.20000 40.45227 131.25000 95.00000 41.00227 131.25000 95.00000 41.00227 151.75000 95.00000 40.45227 151.75000 95.00000 40.45227 131.25000 95.20000 41.00227 131.25000 95.20000 41.00227 151.75000 95.20000 40.45227 151.75000 95.20000 42.81591 131.25000 95.00000 43.36591 131.25000 95.00000 43.36591 151.75000 95.00000 42.81591 151.75000 95.00000 42.81591 131.25000 95.20000 43.36591 131.25000 95.20000 43.36591 151.75000 95.20000 42.81591 151.75000 95.20000 45.17955 131.25000 95.00000 45.72955 131.25000 95.00000 45.72955 151.75000 95.00000 45.17955 151.75000 95.00000 45.17955 131.25000 95.20000 45.72955 131.25000 95.20000 45.72955 151.75000 95.20000 45.17955 151.75000 95.20000 47.54318 131.25000 95.00000 48.09318 131.25000 95.00000 48.09318 151.75000 95.00000 47.54318 151.75000 95.00000 47.54318 131.25000 95.20000 48.09318 131.25000 95.20000 48.09318 151.75000 95.20000 47.54318 151.75000 95.20000 49.90682 131.25000 95.00000 50.45682 131.25000 95.00000 50.45682 151.75000 95.00000 49.90682 151.75000 95.00000 49.90682 131.25000 95.20000 50.45682 131.25000 95.20000 50.45682 151.75000 95.20000 49.90682 151.75000 95.20000 52.27045 131.25000 95.00000 52.82045 131.25000 95.00000 52.82045 151.75000 95.00000 52.27045 151.75000 95.00000 52.27045 131.25000 95.20000 52.82045 131.25000 95.20000 52.82045 151.75000 95.20000 52.27045 151.75000 95.20000 54.63409 131.25000 95.00000 55.18409 131.25000 95.00000 55.18409 151.75000 95.00000 54.63409 151.75000 95.00000 54.63409 131.25000 95.20000 55.18409 131.25000 95.20000 55.18409 151.75000 95.20000 54.63409 151.75000 95.20000 56.99773 131.25000 95.00000 57.54773 131.25000 95.00000 57.54773 151.75000 95.00000 56.99773 151.75000 95.00000 56.99773 131.25000 95.20000 57.54773 131.25000 95.20000 57.54773 151.75000 95.20000 56.99773 151.75000 95.20000 59.36136 131.25000 95.00000 59.91136 131.25000 95.00000 59.91136 151.75000 95.00000 59.36136 151.75000 95.00000 59.36136 131.25000 95.20000 59.91136 131.25000 95.20000 59.91136 151.75000 95.20000 59.36136 151.75000 95.20000 61.72500 131.25000 95.00000 62.27500 131.25000 95.00000 62.27500 151.75000 95.00000 61.72500 151.75000 95.00000 61.72500 131.25000 95.20000 62.27500 131.25000 95.20000 62.27500 151.75000 95.20000 61.72500 151.75000 95.20000 53.50000 135.32500 91.57500 44.50000 135.32500 91.57500 44.50000 133.67500 91.57500 53.50000 133.67500 91.57500 53.50000 135.32500 92.03500 44.50000 135.32500 92.03500 44.50000 133.67500 92.03500 53.50000 133.67500 92.03500 44.50000 148.17500 91.57500 53.50000 148.17500 91.57500 53.50000 149.82500 91.57500 44.50000 149.82500 91.57500 44.50000 148.17500 92.03500 53.50000 148.17500 92.03500 53.50000 149.82500 92.03500 44.50000 149.82500 92.03500</float_array><technique_common><accessor source="#positions-array" count="2944" stride="3"><param name="X" type="float"/><param name="Y" type="float"/><param name="Z" type="float"/></accessor></technique_common></source>
<source id="normals"><float_array id="normals-array" count="13248">0.00000 0.00000 -1.00000 0.00000 0.00000 -1.00000 0.00000 0.00000 1.00000 0.00000 0.00000 1.00000 0.00000 -1.00000 0.00000 0.00000 -1.00000 0.00000 1.00000 0.00000 0.00000 1.00000 0.00000 0.00000 0.00000 1.00000 0.00000 0.00000 1.00000 -0.00000 -1.00000 0.00000 0.00000 -1.00000 0.00000 0.00000 0.00000 0.00000 -1.00000 0.00000 0.00000 -1.00000 0.00000 0.00000 1.00000 0.00000 0.00000 1.00000 0.00000 -1.00000 0.00000 0.00000 -1.00000 0.00000 1.00000 0.00000 0.00000 1.00000 0.00000 0.00000 0.00000 1.00000 0.00000 0.00000 1.00000 -0.00000 -1.00000 0.00000 0.00000 -1.00000 0.00000 0.00000 0.00000 0.00000 -1.00000 0.00000 0.00000 -1.00000 0.00000 0.00000 1.00000 0.00000 0.00000 1.00000 0.00000 -1.00000 0.00000 0.00000 -1.00000 0.00000 1.00000 0.00000 0.00000 1.00000 0.00000 0.00000 0.00000 1.00000 0.00000 0.00000 1.00000 -0.00000 -1.00000 0.00000 0.00000 -1.00000 0.00000 0.00000 0.00000 0.00000 -1.00000 0.00000 0.00000 -1.00000 0.00000 0.00000 1.00000 0.00000 0.00000 1.00000 0.00000 -1.00000 0.00000 0.00000 -1.00000 0.00000 1.00000 0.00000 0.00000 1.00000 0.00000 0.00000 0.00000 1.00000 0.00000 0.00000 1.00000 -0.00000 -1.00000 0.00000 0.00000 -1.00000 0.00000 0.00000 0.00000 0.00000 -1.00000 0.00000 0.00000 -1.00000 0.00000 0.00000 1.00000 0.00000 0.00000 1.00000 0.00000 -1.00000 0.00000 0.00000 -1.00000 0.00000 1.00000 0.00000 0.00000 1.00000 0.00000 0.00000 0.00000 1.00000 0.00000 0.00000 1.00000 -0.00000 -1.00000 0.00000 0.00000 -1.00000 0.00000 0.00000 0.00000 0.00000 -1.00000 0.00000 0.00000 -1.00000 0.00000 0.00000 1.00000 0.00000 0.00000 1.00000 0.00000 -1.00000 0.00000 0.00000 -1.00000 0.00000 1.00000 0.00000 0.00000 1.00000 0.00000 0.00000 0.00000 1.00000 0.00000 0.00000 1.00000 -0.00000 -1.00000 0.00000 0.00000 -1.00000 0.00000 0.00000 0.00000 0.00000 -1.00000 0.00000 0.00000 -1.00000 0.00000 0.00000 1.00000 0.00000 0.00000 1.00000 0.00000 -1.00000 0.00000 0.00000 -1.00000 0.00000 1.00000 0.00000 0.00000 1.00000 0.00000 0.00000 0.00000 1.00000 0.00000 0.00000 1.00000 -0.00000 -1.00000 0.00000 0.00000 -1.00000 0.00000 0.00000 0.00000 0.00000 -1.00000 0.00000 0.00000 -1.00000 0.00000 0.00000 1.00000 0.00000 0.00000 1.00000 0.00000 -1.00000 0.00000 0.00000 -1.00000 0.00000 1.00000 0.00000 0.00000 1.00000 0.00000 0.00000 0.00000 1.00000 0.00000 0.00000 1.00000 -0.00000 -1.00000 0.00000 0.00000 -1.00000 0.00000 0.00000 0.00000 0.00000 -1.00000 0.00000 0.00000 -1.00000 0.00000 0.00000 1.00000 0.00000 0.00000 1.00000 0.00000 -1.00000 0.00000 0.00000 -1.00000 0.00000 1.00000 0.00000 0.00000 1.00000 0.00000 0.00000 0.00000 1.00000 0.00000 0.00000 1.00000 -0.00000 -1.00000 0.00000 0.00000 -1.00000 0.00000 0.00000 0.00000 0.00000 -1.00000 0.00000 0.00000 -1.00000 0.00000 0.00000 1.00000 0.00000 0.00000 1.00000 0.00000 -1.00000 0.00000 0.00000 -1.00000 0.00000 1.00000 0.00000 0.00000 1.00000 0.00000 0.00000 0.00000 1.00000 0.00000 0.00000 1.00000 -0.00000 -1.00000 0.00000 0.00000 -1.00000 0.00000 0.00000 0.00000 0.00000 -1.00000 0.00000 0.00000 -1.00000 0.00000 0.00000 1.00000 0.00000 0.00000 1.00000 0.00000 -1.00000 0.00000 0.00000 -1.00000 0.00000 1.00000 0.00000 0.00000 1.00000 0.00000 0.00000 0.00000 1.00000 0.00000 0.00000 1.00000 -0.00000 -1.00000 0.00000 0.00000 -1.00000 0.00000 0.00000 0.00000 0.00000 -1.00000 0.00000 0.00000 -1.00000 0.00000 0.00000 1.00000 0.00000 0.00000 1.00000 0.00000 -1.00000 0.00000 0.00000 -1.00000 0.00000 1.00000 0.00000 0.00000 1.00000 0.00000 0.00000 0.00000 1.00000 0.00000 0.00000 1.00000 -0.00000 -1.00000 0.00000 0.00000 -1.00000 0.00000 0.00000 0.00000 0.00000 -1.00000 0.00000 0.00000 -1.00000 0.00000 0.00000 1.00000 0.00000 0.00000 1.00000 0.00000 -1.00000 0.00000 0.00000 -1.00000 0.00000 1.00000 0.00000 0.00000 1.00000 0.00000 0.00000 0.00000 1.00000 0.00000 0.00000 1.00000 -0.00000 -1.00000 0.00000 0.00000 -1.00000 0.00000 0.00000 0.00000 0.00000 -1.00000 0.00000 0.00000 -1.00000 0.00000 0.00000 1.00000 0.00000 0.00000 1.00000 0.00000 -1.00000 0.00000 0.00000 -1.00000 0.00000 1.00000 0.00000 0.00000 1.00000 0.00000 0.00000 0.00000 1.00000 0.00000 0.00000 1.00000 -0.00000 -1.00000 0.00000 0.00000 -1.00000 0.00000 0.00000 0.00000 0.00000 -1.00000 0.00000 0.00000 -1.00000 0.00000 0.00000 1.00000 0.00000 0.00000 1.00000 0.00000 -1.00000 0.00000 0.00000 -1.00000 0.00000 1.00000 0.00000 0.00000 1.00000 0.00000 0.00000 0.00000 1.00000 0.00000 0.00000 1.00000 -0.00000 -1.00000 0.00000 0.00000 -1.00000 0.00000 0.00000 0.00000 0.00000 -1.00000 0.00000 0.00000 -1.00000 0.00000 0.00000 1.00000 0.00000 0.00000 1.00000 0.00000 -1.00000 0.00000 0.00000 -1.00000 0.00000 1.00000 0.00000 0.00000 1.00000 0.00000 0.00000 0.00000 1.00000 0.00000 0.00000 1.00000 -0.00000 -1.00000 0.00000 0.00000 -1.00000 0.00000 0.00000 0.00000 0.00000 -1.00000 0.00000 0.00000 -1.00000 0.00000 0.00000 1.00000 0.00000 0.00000 1.00000 0.00000 -1.00000 0.00000 0.00000 -1.00000 0.00000 1.00000 0.00000 0.00000 1.00000 0.00000 0.00000 0.00000 1.00000 0.00000 0.00000 1.00000 -0.00000 -1.00000 0.00000 0.00000 -1.00000 0.00000 0.00000 0.00000 0.00000 -1.00000 0.00000 0.00000 -1.00000 0.00000 0.00000 1.00000 0.00000 0.00000 1.00000 0.00000 -1.00000 0.00000 0.00000 -1.00000 0.00000 1.00000 0.00000 0.00000 1.00000 0.00000 0.00000 0.00000 1.00000 0.00000 0.00000 1.00000 -0.00000 -1.00000 0.00000 0.00000 -1.00000 0.00000 0.00000 0.00000 0.00000 -1.00000 0.00000 0.00000 -1.00000 0.00000 0.00000 1.00000 0.00000 0.00000 1.00000 0.00000 -1.00000 0.00000 0.00000 -1.00000 0.00000 1.00000 0.00000 0.00000 1.00000 0.00000 0.00000 0.00000 1.00000 0.00000 0.00000 1.00000 -0.00000 -1.00000 0.00000 0.00000 -1.00000 0.00000 0.00000 0.00000 0.00000 -1.00000 0.00000 0.00000 -1.00000 0.00000 0.00000 1.00000 0.00000 0.00000 1.00000 0.00000 -1.00000 0.00000 0.00000 -1.00000 0.00000 1.00000 0.00000 0.00000 1.00000 0.00000 0.00000 0.00000 1.00000 0.00000 0.00000 1.00000 -0.00000 -1.00000 0.00000 0.00000 -1.00000 0.00000 0.00000 0.00000 0.00000 -1.00000 0.00000 0.00000 -1.00000 0.00000 0.00000 1.00000 0.00000 0.00000 1.00000 0.00000 -1.00000 0.00000 0.00000 -1.00000 0.00000 1.00000 0.00000 0.00000 1.00000 0.00000 0.00000 0.00000 1.00000 0.00000 0.00000 1.00000 -0.00000 -1.00000 0.00000 0.00000 -1.00000 0.00000 0.00000 0.00000 0.00000 -1.00000 0.00000 0.00000 -1.00000 0.00000 0.00000 1.00000 0.00000 0.00000 1.00000 0.00000 -1.00000 0.00000 0.00000 -1.00000 0.00000 1.00000 0.00000 0.00000 1.00000 0.00000 0.00000 0.00000 1.00000 0.00000 0.00000 1.00000 -0.00000 -1.00000 0.00000 0.00000 -1.00000 0.00000 0.00000 0.00000 0.00000 -1.00000 0.00000 0.00000 -1.00000 0.00000 0.00000 1.00000 0.00000 0.00000 1.00000 0.00000 -1.00000 0.00000 0.00000 -1.00000 0.00000 1.00000 0.00000 0.00000 1.00000 0.00000 0.00000 0.00000 1.00000 0.00000 0.00000 1.00000 -0.00000 -1.00000 0.00000 0.00000 -1.00000 0.00000 0.00000 0.00000 0.00000 -1.00000 0.00000 0.00000 -1.00000 0.00000 0.00000 1.00000 0.00000 0.00000 1.00000 0.00000 -1.00000 0.00000 0.00000 -1.00000 0.00000 1.00000 0.00000 0.00000 1.00000 0.00000 0.00000 0.00000 1.00000 0.00000 0.00000 1.00000 -0.00000 -1.00000 0.00000 0.00000 -1.00000 0.00000 0.00000 0.00000 0.00000 -1.00000 0.00000 0.00000 -1.00000 0.00000 0.00000 1.00000 0.00000 0.00000 1.00000 0.00000 -1.00000 0.00000 0.00000 -1.00000 0.00000 1.00000 0.00000 0.00000 1.00000 0.00000 0.00000 0.00000 1.00000 0.00000 0.00000 1.00000 -0.00000 -1.00000 0.00000 0.00000 -1.00000 0.00000 0.00000 0.00000 0.00000 -1.00000 0.00000 0.00000 -1.00000 0.00000 0.00000 1.00000 0.00000 0.00000 1.00000 0.00000 -1.00000 0.00000 0.00000 -1.00000 0.00000 1.00000 0.00000 0.00000 1.00000 0.00000 0.00000 0.00000 1.00000 0.00000 0.00000 1.00000 -0.00000 -1.00000 0.00000 0.00000 -1.00000 0.00000 0.00000 0.00000 0.00000 -1.00000 0.00000 0.00000 -1.00000 0.00000 0.00000 1.00000 0.00000 0.00000 1.00000 0.00000 -1.00000 0.00000 0.00000 -1.00000 0.00000 1.00000 0.00000 0.00000 1.00000 0.00000 0.00000 0.00000 1.00000 0.00000 0.00000 1.00000 -0.00000 -1.00000 0.00000 0.00000 -1.00000 0.00000 0.00000 0.00000 0.00000 -1.00000 0.00000 0.00000 -1.00000 0.00000 0.00000 1.00000 0.00000 0.00000 1.00000 0.00000 -1.00000 0.00000 0.00000 -1.00000 0.00000 1.00000 0.00000 0.00000 1.00000 0.00000 0.00000 0.00000 1.00000 0.00000 0.00000 1.00000 -0.00000 -1.00000 0.00000 0.00000 -1.00000 0.00000 0.00000 0.00000 0.00000 -1.00000 0.00000 0.00000 -1.00000 0.00000 0.00000 1.00000 0.00000 0.00000 1.00000 0.00000 -1.00000 0.00000 0.00000 -1.00000 0.00000 1.00000 0.00000 0.00000 1.00000 0.00000 0.00000 0.00000 1.00000 0.00000 0.00000 1.00000 -0.00000 -1.00000 0.00000 0.00000 -1.00000 0.00000 0.00000 0.00000 0.00000 -1.00000 0.00000 0.00000 -1.00000 0.00000 0.00000 1.00000 0.00000 0.00000 1.00000 0.00000 -1.00000 0.00000 0.00000 -1.00000 0.00000 1.00000 0.00000 0.00000 1.00000 0.00000 0.00000 0.00000 1.00000 0.00000 0.00000 1.00000 -0.00000 -1.00000 0.00000 0.00000 -1.00000 0.00000 0.00000 0.00000 0.00000 -1.00000 0.00000 0.00000 -1.00000 0.00000 0.00000 1.00000 0.00000 0.00000 1.00000 0.00000 -1.00000 0.00000 0.00000 -1.00000 0.00000 1.00000 0.00000 0.00000 1.00000 0.00000 0.00000 0.00000 1.00000 0.00000 0.00000 1.00000 -0.00000 -1.00000 0.00000 0.00000 -1.00000 0.00000 0.00000 0.00000 0.00000 -1.00000 0.00000 0.00000 -1.00000 0.00000 0.00000 1.00000 0.00000 0.00000 1.00000 0.00000 -1.00000 0.00000 0.00000 -1.00000 0.00000 1.00000 0.00000 0.00000 1.00000 0.00000 0.00000 0.00000 1.00000 0.00000 0.00000 1.00000 -0.00000 -1.00000 0.00000 0.00000 -1.00000 0.00000 0.00000 0.00000 0.00000 -1.00000 0.00000 0.00000 -1.00000 0.00000 0.00000 1.00000 0.00000 0.00000 1.00000 0.00000 -1.00000 0.00000 0.00000 -1.00000 0.00000 1.00000 0.00000 0.00000 1.00000 0.00000 0.00000 0.00000 1.00000 0.00000 0.00000 1.00000 -0.00000 -1.00000 0.00000 0.00000 -1.00000 0.00000 0.00000 0.00000 0.00000 -1.00000 0.00000 0.00000 -1.00000 0.00000 0.00000 1.00000 0.00000 0.00000 1.00000 0.00000 -1.00000 0.00000 0.00000 -1.00000 0.00000 1.00000 0.00000 0.00000 1.00000 0.00000 0.00000 0.00000 1.00000 0.00000 0.00000 1.00000 -0.00000 -1.00000 0.00000 0.00000 -1.00000 0.00000 0.00000 0.00000 0.00000 -1.00000 0.00000 0.00000 -1.00000 0.00000 0.00000 1.00000 0.00000 0.00000 1.00000 0.00000 -1.00000 0.00000 0.00000 -1.00000 0.00000 1.00000 0.00000 0.00000 1.00000 0.00000 0.00000 0.00000 1.00000 0.00000 0.00000 1.00000 -0.00000 -1.00000 0.00000 0.00000 -1.00000 0.00000 0.00000 0.00000 0.00000 -1.00000 0.00000 0.00000 -1.00000 0.00000 0.00000 1.00000 0.00000 0.00000 1.00000 0.00000 -1.00000 0.00000 0.00000 -1.00000 0.00000 1.00000 0.00000 0.00000 1.00000 0.00000 0.00000 0.00000 1.00000 0.00000 0.00000 1.00000 -0.00000 -1.00000 0.00000 0.00000 -1.00000 0.00000 0.00000 0.00000 0.00000 -1.00000 0.00000 0.00000 -1.00000 0.00000 0.00000 1.00000 0.00000 0.00000 1.00000 0.00000 -1.00000 0.00000 0.00000 -1.00000 0.00000 1.00000 0.00000 0.00000 1.00000 0.00000 0.00000 0.00000 1.00000 0.00000 0.00000 1.00000 -0.00000 -1.00000 0.00000 0.00000 -1.00000 0.00000 0.00000 0.00000 0.00000 -1.00000 0.00000 0.00000 -1.00000 0.00000 0.00000 1.00000 0.00000 0.00000 1.00000 0.00000 -1.00000 0.00000 0.00000 -1.00000 0.00000 1.00000 0.00000 0.00000 1.00000 0.00000 0.00000 0.00000 1.00000 0.00000 0.00000 1.00000 -0.00000 -1.00000 0.00000 0.00000 -1.00000 0.00000 0.00000 0.00000 0.00000 -1.00000 0.00000 0.00000 -1.00000 0.00000 0.00000 1.00000 0.00000 0.00000 1.00000 0.00000 -1.00000 0.00000 0.00000 -1.00000 0.00000 1.00000 0.00000 0.00000 1.00000 0.00000 0.00000 0.00000 1.00000 0.00000 0.00000 1.00000 -0.00000 -1.00000 0.00000 0.00000 -1.00000 0.00000 0.00000 0.00000 0.00000 -1.00000 0.00000 0.00000 -1.00000 0.00000 0.00000 1.00000 0.00000 0.00000 1.00000 0.00000 -1.00000 0.00000 0.00000 -1.00000 0.00000 1.00000 0.00000 0.00000 1.00000 0.00000 0.00000 0.00000 1.00000 0.00000 0.00000 1.00000 -0.00000 -1.00000 0.00000 0.00000 -1.00000 0.00000 0.00000 0.00000 0.00000 -1.00000 0.00000 0.00000 -1.00000 0.00000 0.00000 1.00000 0.00000 0.00000 1.00000 0.00000 -1.00000 0.00000 0.00000 -1.00000 0.00000 1.00000 0.00000 0.00000 1.00000 0.00000 0.00000 0.00000 1.00000 0.00000 0.00000 1.00000 -0.00000 -1.00000 0.00000 0.00000 -1.00000 0.00000 0.00000 0.00000 0.00000 -1.00000 0.00000 0.00000 -1.00000 0.00000 0.00000 1.00000 0.00000 0.00000 1.00000 0.00000 -1.00000 0.00000 0.00000 -1.00000 0.00000 1.00000 0.00000 0.00000 1.00000 0.00000 0.00000 0.00000 1.00000 0.00000 0.00000 1.00000 -0.00000 -1.00000 0.00000 0.00000 -1.00000 0.00000 0.00000 0.00000 0.00000 -1.00000 0.00000 0.00000 -1.00000 0.00000 0.00000 1.00000 0.00000 0.00000 1.00000 0.00000 -1.00000 0.00000 0.00000 -1.00000 0.00000 1.00000 0.00000 0.00000 1.00000 0.00000 0.00000 0.00000 1.00000 0.00000 0.00000 1.00000 -0.00000 -1.00000 0.00000 0.00000 -1.00000 0.00000 0.00000 0.00000 0.00000 -1.00000 0.00000 0.00000 -1.00000 0.00000 0.00000 1.00000 0.00000 0.00000 1.00000 0.00000 -1.00000 0.00000 0.00000 -1.00000 0.00000 1.00000 0.00000 0.00000 1.00000 0.00000 0.00000 0.00000 1.00000 0.00000 0.00000 1.00000 -0.00000 -1.00000 0.00000 0.00000 -1.00000 0.00000 0.00000 0.00000 0.00000 -1.00000 0.00000 0.00000 -1.00000 0.00000 0.00000 1.00000 0.00000 0.00000 1.00000 0.00000 -1.00000 0.00000 0.00000 -1.00000 0.00000 1.00000 0.00000 0.00000 1.00000 0.00000 0.00000 0.00000 1.00000 0.00000 0.00000 1.00000 -0.00000 -1.00000 0.00000 0.00000 -1.00000 0.00000 0.00000 0.00000 0.00000 -1.00000 0.00000 0.00000 -1.00000 0.00000 0.00000 1.00000 0.00000 0.00000 1.00000 0.00000 -1.00000 0.00000 0.00000 -1.00000 0.00000 1.00000 0.00000 0.00000 1.00000 0.00000 0.00000 0.00000 1.00000 0.00000 0.00000 1.00000 -0.00000 -1.00000 0.00000 0.00000 -1.00000 0.00000 0.00000 0.00000 0.00000 -1.00000 0.00000 0.00000 -1.00000 0.00000 0.00000 1.00000 0.00000 0.00000 1.00000 0.00000 -1.00000 0.00000 0.00000 -1.00000 0.00000 1.00000 0.00000 0.00000 1.00000 0.00000 0.00000 0.00000 1.00000 0.00000 0.00000 1.00000 -0.00000 -1.00000 0.00000 0.00000 -1.00000 0.00000 0.00000 0.00000 0.00000 -1.00000 0.00000 0.00000 -1.00000 0.00000 0.00000 1.00000 0.00000 0.00000 1.00000 0.00000 -1.00000 0.00000 0.00000 -1.00000 0.00000 1.00000 0.00000 0.00000 1.00000 0.00000 0.00000 0.00000 1.00000 0.00000 0.00000 1.00000 -0.00000 -1.00000 0.00000 0.00000 -1.00000 0.00000 0.00000 0.00000 0.00000 -1.00000 0.00000 0.00000 -1.00000 0.00000 0.00000 1.00000 0.00000 0.00000 1.00000 0.00000 -1.00000 0.00000 0.00000 -1.00000 0.00000 1.00000 0.00000 0.00000 1.00000 0.00000 0.00000 0.00000 1.00000 0.00000 0.00000 1.00000 -0.00000 -1.00000 0.00000 0.00000 -1.00000 0.00000 0.00000 0.00000 0.00000 -1.00000 0.00000 0.00000 -1.00000 0.00000 0.00000 1.00000 0.00000 0.00000 1.00000 0.00000 -1.00000 0.00000 0.00000 -1.00000 0.00000 1.00000 0.00000 0.00000 1.00000 0.00000 0.00000 0.00000 1.00000 0.00000 0.00000 1.00000 -0.00000 -1.00000 0.00000 0.00000 -1.00000 0.00000 0.00000 0.00000 0.00000 -1.00000 0.00000 0.00000 -1.00000 0.00000 0.00000 1.00000 0.00000 0.00000 1.00000 0.00000 -1.00000 0.00000 0.00000 -1.00000 0.00000 1.00000 0.00000 0.00000 1.00000 0.00000 0.00000 0.00000 1.00000 0.00000 0.00000 1.00000 -0.00000 -1.00000 0.00000 0.00000 -1.00000 0.00000 0.00000 0.00000 0.00000 -1.00000 0.00000 0.00000 -1.00000 0.00000 0.00000 1.00000 0.00000 0.00000 1.00000 0.00000 -1.00000 0.00000 0.00000 -1.00000 0.00000 1.00000 0.00000 0.00000 1.00000 0.00000 0.00000 0.00000 1.00000 0.00000 0.00000 1.00000 -0.00000 -1.00000 0.00000 0.00000 -1.00000 0.00000 0.00000 0.00000 0.00000 -1.00000 0.00000 0.00000 -1.00000 0.00000 0.00000 1.00000 0.00000 0.00000 1.00000 0.00000 -1.00000 0.00000 0.00000 -1.00000 0.00000 1.00000 0.00000 0.00000 1.00000 0.00000 0.00000 0.00000 1.00000 0.00000 0.00000 1.00000 -0.00000 -1.00000 0.00000 0.00000 -1.00000 0.00000 0.00000 0.00000 0.00000 -1.00000 0.00000 0.00000 -1.00000 0.00000 0.00000 1.00000 0.00000 0.00000 1.00000 0.00000 -1.00000 0.00000 0.00000 -1.00000 0.00000 1.00000 0.00000 0.00000 1.00000 0.00000 0.00000 0.00000 1.00000 0.00000 0.00000 1.00000 -0.00000 -1.00000 0.00000 0.00000 -1.00000 0.00000 0.00000 0.00000 0.00000 -1.00000 0.00000 0.00000 -1.00000 0.00000 0.00000 1.00000 0.00000 0.00000 1.00000 0.00000 -1.00000 0.00000 0.00000 -1.00000 0.00000 1.00000 0.00000 0.00000 1.00000 0.00000 0.00000 0.00000 1.00000 0.00000 0.00000 1.00000 -0.00000 -1.00000 0.00000 0.00000 -1.00000 0.00000 0.00000 0.00000 0.00000 -1.00000 0.00000 0.00000 -1.00000 0.00000 0.00000 1.00000 0.00000 0.00000 1.00000 0.00000 -1.00000 0.00000 0.00000 -1.00000 0.00000 1.00000 0.00000 0.00000 1.00000 0.00000 0.00000 0.00000 1.00000 0.00000 0.00000 1.00000 -0.00000 -1.00000 0.00000 0.00000 -1.00000 0.00000 0.00000 0.00000 0.00000 -1.00000 0.00000 0.00000 -1.00000 0.00000 0.00000 1.00000 0.00000 0.00000 1.00000 0.00000 -1.00000 0.00000 0.00000 -1.00000 0.00000 1.00000 0.00000 0.00000 1.00000 0.00000 0.00000 0.00000 1.00000 0.00000 0.00000 1.00000 -0.00000 -1.00000 0.00000 0.00000 -1.00000 0.00000 0.00000 0.00000 0.00000 -1.00000 0.00000 0.00000 -1.00000 0.00000 0.00000 1.00000 0.00000 0.00000 1.00000 0.00000 -1.00000 0.00000 0.00000 -1.00000 0.00000 1.00000 0.00000 0.00000 1.00000 0.00000 0.00000 0.00000 1.00000 0.00000 0.00000 1.00000 -0.00000 -1.00000 0.00000 0.00000 -1.00000 0.00000 0.00000 0.00000 0.00000 -1.00000 0.00000 0.00000 -1.00000 0.00000 0.00000 1.00000 0.00000 0.00000 1.00000 0.00000 -1.00000 0.00000 0.00000 -1.00000 0.00000 1.00000 0.00000 0.00000 1.00000 0.00000 0.00000 0.00000 1.00000 0.00000 0.00000 1.00000 -0.00000 -1.00000 0.00000 0.00000 -1.00000 0.00000 0.00000 0.00000 0.00000 -1.00000 0.00000 0.00000 -1.00000 0.00000 0.00000 1.00000 0.00000 0.00000 1.00000 0.00000 -1.00000 0.00000 0.00000 -1.00000 0.00000 1.00000 0.00000 0.00000 1.00000 0.00000 0.00000 0.00000 1.00000 0.00000 0.00000 1.00000 -0.00000 -1.00000 0.00000 0.00000 -1.00000 0.00000 0.00000 0.00000 0.00000 -1.00000 0.00000 0.00000 -1.00000 0.00000 0.00000 1.00000 0.00000 0.00000 1.00000 0.00000 -1.00000 0.00000 0.00000 -1.00000 0.00000 1.00000 0.00000 0.00000 1.00000 0.00000 0.00000 0.00000 1.00000 0.00000 0.00000 1.00000 -0.00000 -1.00000 0.00000 0.00000 -1.00000 0.00000 0.00000 0.00000 0.00000 -1.00000 0.00000 0.00000 -1.00000 0.00000 0.00000 1.00000 0.00000 0.00000 1.00000 0.00000 -1.00000 0.00000 0.00000 -1.00000 0.00000 1.00000 0.00000 0.00000 1.00000 0.00000 0.00000 0.00000 1.00000 0.00000 0.00000 1.00000 -0.00000 -1.00000 0.00000 0.00000 -1.00000 0.00000 0.00000 0.00000 0.00000 -1.00000 0.00000 0.00000 -1.00000 0.00000 -0.00000 1.00000 0.00000 0.00000 1.00000 1.00000 0.00000 0.00000 1.00000 0.00000 0.00000 0.00000 1.00000 0.00000 0.00000 1.00000 -0.00000 -1.00000 0.00000 0.00000 -1.00000 0.00000 0.00000 0.00000 -1.00000 0.00000 0.00000 -1.00000 0.00000 0.00000 0.00000 -1.00000 0.00000 0.00000 -1.00000 0.00000 0.00000 1.00000 -0.00000 0.00000 1.00000 -1.00000 0.00000 0.00000 -1.00000 0.00000 0.00000 0.00000 -1.00000 0.00000 0.00000 -1.00000 0.00000 1.00000 0.00000 0.00000 1.00000 0.00000 0.00000 0.00000 1.00000 0.00000 0.00000 1.00000 -0.00000 0.00000 0.00000 -1.00000 0.00000 0.00000 -1.00000 0.00000 0.00000 1.00000 0.00000 0.00000 1.00000 0.00000 -1.00000 0.00000 0.00000 -1.00000 0.00000 1.00000 0.00000 0.00000 1.00000 0.00000 0.00000 0.00000 1.00000 0.00000 0.00000 1.00000 -0.00000 -1.00000 0.00000 0.00000 -1.00000 0.00000 0.00000 -0.00000 0.00000 -1.00000 0.00000 -0.00000 -1.00000 0.00000 0.00000 1.00000 0.00000 0.00000 1.00000 0.00000 1.00000 0.00000 0.00000 1.00000 -0.00000 -1.00000 0.00000 0.00000 -1.00000 0.00000 0.00000 0.00000 -1.00000 0.00000 0.00000 -1.00000 0.00000 1.00000 0.00000 0.00000 1.00000 0.00000 0.00000 -0.00000 0.00000 -1.00000 0.00000 -0.00000 -1.00000 0.00000 0.00000 1.00000 0.00000 0.00000 1.00000 0.00000 1.00000 0.00000 0.00000 1.00000 -0.00000 -1.00000 0.00000 0.00000 -1.00000 0.00000 0.00000 0.00000 -1.00000 0.00000 0.00000 -1.00000 0.00000 1.00000 0.00000 0.00000 1.00000 0.00000 0.00000 -0.00000 0.00000 -1.00000 0.00000 -0.00000 -1.00000 0.00000 0.00000 1.00000 0.00000 0.00000 1.00000 0.00000 1.00000 0.00000 0.00000 1.00000 -0.00000 -1.00000 0.00000 0.00000 -1.00000 0.00000 0.00000 0.00000 -1.00000 0.00000 0.00000 -1.00000 0.00000 1.00000 0.00000 0.00000 1.00000 0.00000 0.00000 -0.00000 0.00000 -1.00000 0.00000 -0.00000 -1.00000 0.00000 0.00000 1.00000 0.00000 0.00000 1.00000 0.00000 1.00000 0.00000 0.00000 1.00000 -0.00000 -1.00000 0.00000 0.00000 -1.00000 0.00000 0.00000 0.00000 -1.00000 0.00000 0.00000 -1.00000 0.00000 1.00000 0.00000 0.00000 1.00000 0.00000 0.00000 0.00000 0.00000 -1.00000 0.00000 0.00000 -1.00000 0.00000 0.00000 1.00000 0.00000 0.00000 1.00000 0.00000 -1.00000 0.00000 0.00000 -1.00000 0.00000 1.00000 0.00000 0.00000 1.00000 0.00000 0.00000 0.00000 1.00000 0.00000 0.00000 1.00000 -0.00000 -1.00000 0.00000 0.00000 -1.00000 0.00000 0.00000 0.00000 0.00000 -1.00000 0.00000 0.00000 -1.00000 0.00000 0.00000 1.00000 0.00000 0.00000 1.00000 0.00000 -1.00000 0.00000 0.00000 -1.00000 0.00000 1.00000 0.00000 0.00000 1.00000 0.00000 0.00000 0.00000 1.00000 0.00000 0.00000 1.00000 -0.00000 -1.00000 0.00000 0.00000 -1.00000 0.00000 0.00000 0.00000 0.00000 -1.00000 0.00000 0.00000 -1.00000 0.00000 0.00000 1.00000 0.00000 0.00000 1.00000 0.00000 -1.00000 0.00000 0.00000 -1.00000 0.00000 1.00000 0.00000 0.00000 1.00000 0.00000 0.00000 0.00000 1.00000 0.00000 0.00000 1.00000 -0.00000 -1.00000 0.00000 0.00000 -1.00000 0.00000 0.00000 0.00000 0.00000 -1.00000 0.00000 0.00000 -1.00000 0.00000 0.00000 1.00000 0.00000 0.00000 1.00000 0.00000 -1.00000 0.00000 0.00000 -1.00000 0.00000 1.00000 0.00000 0.00000 1.00000 0.00000 0.00000 0.00000 1.00000 0.00000 0.00000 1.00000 -0.00000 -1.00000 0.00000 0.00000 -1.00000 0.00000 0.00000 -0.00000 0.00000 -1.00000 0.00000 -0.00000 -1.00000 0.00000 0.00000 1.00000 0.00000 0.00000 1.00000 0.00000 1.00000 0.00000 0.00000 1.00000 -0.00000 -1.00000 0.00000 0.00000 -1.00000 0.00000 0.00000 0.00000 -1.00000 0.00000 0.00000 -1.00000 0.00000 1.00000 0.00000 0.00000 1.00000 0.00000 0.00000 -0.00000 0.00000 -1.00000 0.00000 -0.00000 -1.00000 0.00000 0.00000 1.00000 0.00000 0.00000 1.00000 0.00000 1.00000 0.00000 0.00000 1.00000 -0.00000 -1.00000 0.00000 0.00000 -1.00000 0.00000 0.00000 0.00000 -1.00000 0.00000 0.00000 -1.00000 0.00000 1.00000 0.00000 0.00000 1.00000 0.00000 0.00000 -0.00000 0.00000 -1.00000 0.00000 -0.00000 -1.00000 0.00000 0.00000 1.00000 0.00000 0.00000 1.00000 0.00000 1.00000 0.00000 0.00000 1.00000 -0.00000 -1.00000 0.00000 0.00000 -1.00000 0.00000 0.00000 0.00000 -1.00000 0.00000 0.00000 -1.00000 0.00000 1.00000 0.00000 0.00000 1.00000 0.00000 0.00000 -0.00000 0.00000 -1.00000 0.00000 -0.00000 -1.00000 0.00000 0.00000 1.00000 0.00000 0.00000 1.00000 0.00000 1.00000 0.00000 0.00000 1.00000 -0.00000 -1.00000 0.00000 0.00000 -1.00000 0.00000 0.00000 0.00000 -1.00000 0.00000 0.00000 -1.00000 0.00000 1.00000 0.00000 0.00000 1.00000 0.00000 0.00000 0.00000 0.00000 -1.00000 0.00000 0.00000 -1.00000 0.00000 0.00000 1.00000 0.00000 0.00000 1.00000 0.00000 -1.00000 0.00000 0.00000 -1.00000 0.00000 1.00000 0.00000 0.00000 1.00000 0.00000 0.00000 0.00000 1.00000 0.00000 0.00000 1.00000 -0.00000 -1.00000 0.00000 0.00000 -1.00000 0.00000 0.00000 0.00000 0.00000 -1.00000 0.00000 0.00000 -1.00000 0.00000 0.00000 1.00000 0.00000 0.00000 1.00000 0.00000 -1.00000 0.00000 0.00000 -1.00000 0.00000 1.00000 0.00000 0.00000 1.00000 0.00000 0.00000 0.00000 1.00000 0.00000 0.00000 1.00000 -0.00000 -1.00000 0.00000 0.00000 -1.00000 0.00000 0.00000 0.00000 0.00000 -1.00000 0.00000 0.00000 -1.00000 0.00000 0.00000 1.00000 0.00000 0.00000 1.00000 0.00000 -1.00000 0.00000 0.00000 -1.00000 0.00000 1.00000 0.00000 0.00000 1.00000 0.00000 0.00000 0.00000 1.00000 0.00000 0.00000 1.00000 -0.00000 -1.00000 0.00000 0.00000 -1.00000 0.00000 0.00000 0.00000 0.00000 -1.00000 0.00000 0.00000 -1.00000 0.00000 0.00000 1.00000 0.00000 0.00000 1.00000 0.00000 -1.00000 0.00000 0.00000 -1.00000 0.00000 1.00000 0.00000 0.00000 1.00000 0.00000 0.00000 0.00000 1.00000 0.00000 0.00000 1.00000 -0.00000 -1.00000 0.00000 0.00000 -1.00000 0.00000 0.00000 -0.00000 0.00000 -1.00000 0.00000 -0.00000 -1.00000 0.00000 0.00000 1.00000 0.00000 0.00000 1.00000 0.00000 1.00000 0.00000 0.00000 1.00000 -0.00000 -1.00000 0.00000 0.00000 -1.00000 0.00000 0.00000 0.00000 -1.00000 0.00000 0.00000 -1.00000 0.00000 1.00000 0.00000 0.00000 1.00000 0.00000 0.00000 -0.00000 0.00000 -1.00000 0.00000 -0.00000 -1.00000 0.00000 0.00000 1.00000 0.00000 0.00000 1.00000 0.00000 1.00000 0.00000 0.00000 1.00000 -0.00000 -1.00000 0.00000 0.00000 -1.00000 0.00000 0.00000 0.00000 -1.00000 0.00000 0.00000 -1.00000 0.00000 1.00000 0.00000 0.00000 1.00000 0.00000 0.00000 -0.00000 0.00000 -1.00000 0.00000 -0.00000 -1.00000 0.00000 0.00000 1.00000 0.00000 0.00000 1.00000 0.00000 1.00000 0.00000 0.00000 1.00000 -0.00000 -1.00000 0.00000 0.00000 -1.00000 0.00000 0.00000 0.00000 -1.00000 0.00000 0.00000 -1.00000 0.00000 1.00000 0.00000 0.00000 1.00000 0.00000 0.00000 -0.00000 0.00000 -1.00000 0.00000 -0.00000 -1.00000 0.00000 0.00000 1.00000 0.00000 0.00000 1.00000 0.00000 1.00000 0.00000 0.00000 1.00000 -0.00000 -1.00000 0.00000 0.00000 -1.00000 0.00000 0.00000 0.00000 -1.00000 0.00000 0.00000 -1.00000 0.00000 1.00000 0.00000 0.00000 1.00000 0.00000 0.00000 0.00000 0.00000 -1.00000 0.00000 0.00000 -1.00000 0.00000 0.00000 1.00000 0.00000 0.00000 1.00000 0.00000 -1.00000 0.00000 0.00000 -1.00000 0.00000 1.00000 0.00000 0.00000 1.00000 0.00000 0.00000 0.00000 1.00000 0.00000 0.00000 1.00000 -0.00000 -1.00000 0.00000 0.00000 -1.00000 0.00000 0.00000 0.00000 0.00000 -1.00000 0.00000 0.00000 -1.00000 0.00000 0.00000 1.00000 0.00000 0.00000 1.00000 0.00000 -1.00000 0.00000 0.00000 -1.00000 0.00000 1.00000 0.00000 0.00000 1.00000 0.00000 0.00000 0.00000 1.00000 0.00000 0.00000 1.00000 -0.00000 -1.00000 0.00000 0.00000 -1.00000 0.00000 0.00000 0.00000 0.00000 -1.00000 0.00000 0.00000 -1.00000 0.00000 0.00000 1.00000 0.00000 0.00000 1.00000 0.00000 -1.00000 0.00000 0.00000 -1.00000 0.00000 1.00000 0.00000 0.00000 1.00000 0.00000 0.00000 0.00000 1.00000 0.00000 0.00000 1.00000 -0.00000 -1.00000 0.00000 0.00000 -1.00000 0.00000 0.00000 0.00000 0.00000 -1.00000 0.00000 0.00000 -1.00000 0.00000 0.00000 1.00000 0.00000 0.00000 1.00000 0.00000 -1.00000 0.00000 0.00000 -1.00000 0.00000 1.00000 0.00000 0.00000 1.00000 0.00000 0.00000 0.00000 1.00000 0.00000 0.00000 1.00000 -0.00000 -1.00000 0.00000 0.00000 -1.00000 0.00000 0.00000 -0.00000 0.00000 -1.00000 0.00000 -0.00000 -1.00000 0.00000 0.00000 1.00000 0.00000 0.00000 1.00000 0.00000 1.00000 0.00000 0.00000 1.00000 -0.00000 -1.00000 0.00000 0.00000 -1.00000 0.00000 0.00000 0.00000 -1.00000 0.00000 0.00000 -1.00000 0.00000 1.00000 0.00000 0.00000 1.00000 0.00000 0.00000 -0.00000 0.00000 -1.00000 0.00000 -0.00000 -1.00000 0.00000 0.00000 1.00000 0.00000 0.00000 1.00000 0.00000 1.00000 0.00000 0.00000 1.00000 -0.00000 -1.00000 0.00000 0.00000 -1.00000 0.00000 0.00000 0.00000 -1.00000 0.00000 0.00000 -1.00000 0.00000 1.00000 0.00000 0.00000 1.00000 0.00000 0.00000 -0.00000 0.00000 -1.00000 0.00000 -0.00000 -1.00000 0.00000 0.00000 1.00000 0.00000 0.00000 1.00000 0.00000 1.00000 0.00000 0.00000 1.00000 -0.00000 -1.00000 0.00000 0.00000 -1.00000 0.00000 0.00000 0.00000 -1.00000 0.00000 0.00000 -1.00000 0.00000 1.00000 0.00000 0.00000 1.00000 0.00000 0.00000 -0.00000 0.00000 -1.00000 0.00000 -0.00000 -1.00000 0.00000 0.00000 1.00000 0.00000 0.00000 1.00000 0.00000 1.00000 0.00000 0.00000 1.00000 -0.00000 -1.00000 0.00000 0.00000 -1.00000 0.00000 0.00000 0.00000 -1.00000 0.00000 0.00000 -1.00000 0.00000 1.00000 0.00000 0.00000 1.00000 0.00000 0.00000 0.00000 0.00000 -1.00000 0.00000 0.00000 -1.00000 0.00000 0.00000 1.00000 0.00000 0.00000 1.00000 0.00000 -1.00000 0.00000 0.00000 -1.00000 0.00000 1.00000 0.00000 0.00000 1.00000 0.00000 0.00000 0.00000 1.00000 0.00000 0.00000 1.00000 -0.00000 -1.00000 0.00000 0.00000 -1.00000 0.00000 0.00000 0.00000 0.00000 -1.00000 0.00000 0.00000 -1.00000 0.00000 0.00000 1.00000 0.00000 0.00000 1.00000 0.00000 -1.00000 0.00000 0.00000 -1.00000 0.00000 1.00000 0.00000 0.00000 1.00000 0.00000 0.00000 0.00000 1.00000 0.00000 0.00000 1.00000 -0.00000 -1.00000 0.00000 0.00000 -1.00000 0.00000 0.00000 0.00000 0.00000 -1.00000 0.00000 0.00000 -1.00000 0.00000 0.00000 1.00000 0.00000 0.00000 1.00000 0.00000 -1.00000 0.00000 0.00000 -1.00000 0.00000 1.00000 0.00000 0.00000 1.00000 0.00000 0.00000 0.00000 1.00000 0.00000 0.00000 1.00000 -0.00000 -1.00000 0.00000 0.00000 -1.00000 0.00000 0.00000 0.00000 0.00000 -1.00000 0.00000 0.00000 -1.00000 0.00000 0.00000 1.00000 0.00000 0.00000 1.00000 0.00000 -1.00000 0.00000 0.00000 -1.00000 0.00000 1.00000 0.00000 0.00000 1.00000 0.00000 0.00000 0.00000 1.00000 0.00000 0.00000 1.00000 -0.00000 -1.00000 0.00000 0.00000 -1.00000 0.00000 0.00000 -0.00000 0.00000 -1.00000 0.00000 -0.00000 -1.00000 0.00000 0.00000 1.00000 0.00000 0.00000 1.00000 0.00000 1.00000 0.00000 0.00000 1.00000 -0.00000 -1.00000 0.00000 0.00000 -1.00000 0.00000 0.00000 0.00000 -1.00000 0.00000 0.00000 -1.00000 0.00000 1.00000 0.00000 0.00000 1.00000 0.00000 0.00000 -0.00000 0.00000 -1.00000 0.00000 -0.00000 -1.00000 0.00000 0.00000 1.00000 0.00000 0.00000 1.00000 0.00000 1.00000 0.00000 0.00000 1.00000 -0.00000 -1.00000 0.00000 0.00000 -1.00000 0.00000 0.00000 0.00000 -1.00000 0.00000 0.00000 -1.00000 0.00000 1.00000 0.00000 0.00000 1.00000 0.00000 0.00000 -0.00000 0.00000 -1.00000 0.00000 -0.00000 -1.00000 0.00000 0.00000 1.00000 0.00000 0.00000 1.00000 0.00000 1.00000 0.00000 0.00000 1.00000 -0.00000 -1.00000 0.00000 0.00000 -1.00000 0.00000 0.00000 0.00000 -1.00000 0.00000 0.00000 -1.00000 0.00000 1.00000 0.00000 0.00000 1.00000 0.00000 0.00000 -0.00000 0.00000 -1.00000 0.00000 -0.00000 -1.00000 0.00000 0.00000 1.00000 0.00000 0.00000 1.00000 0.00000 1.00000 0.00000 0.00000 1.00000 -0.00000 -1.00000 0.00000 0.00000 -1.00000 0.00000 0.00000 0.00000 -1.00000 0.00000 0.00000 -1.00000 0.00000 1.00000 0.00000 0.00000 1.00000 0.00000 0.00000 0.00000 0.00000 -1.00000 0.00000 0.00000 -1.00000 0.00000 0.00000 1.00000 0.00000 0.00000 1.00000 0.00000 -1.00000 0.00000 0.00000 -1.00000 0.00000 1.00000 0.00000 0.00000 1.00000 0.00000 0.00000 0.00000 1.00000 0.00000 0.00000 1.00000 -0.00000 -1.00000 0.00000 0.00000 -1.00000 0.00000 0.00000 0.00000 0.00000 -1.00000 0.00000 0.00000 -1.00000 0.00000 0.00000 1.00000 0.00000 0.00000 1.00000 0.00000 -1.00000 0.00000 0.00000 -1.00000 0.00000 1.00000 0.00000 0.00000 1.00000 0.00000 0.00000 0.00000 1.00000 0.00000 0.00000 1.00000 -0.00000 -1.00000 0.00000 0.00000 -1.00000 0.00000 0.00000 0.00000 0.00000 -1.00000 0.00000 0.00000 -1.00000 0.00000 0.00000 1.00000 0.00000 0.00000 1.00000 0.00000 -1.00000 0.00000 0.00000 -1.00000 0.00000 1.00000 0.00000 0.00000 1.00000 0.00000 0.00000 0.00000 1.00000 0.00000 0.00000 1.00000 -0.00000 -1.00000 0.00000 0.00000 -1.00000 0.00000 0.00000 0.00000 0.00000 -1.00000 0.00000 0.00000 -1.00000 0.00000 0.00000 1.00000 0.00000 0.00000 1.00000 0.00000 -1.00000 0.00000 0.00000 -1.00000 0.00000 1.00000 0.00000 0.00000 1.00000 0.00000 0.00000 0.00000 1.00000 0.00000 0.00000 1.00000 -0.00000 -1.00000 0.00000 0.00000 -1.00000 0.00000 0.00000 -0.00000 0.00000 -1.00000 0.00000 -0.00000 -1.00000 0.00000 0.00000 1.00000 0.00000 0.00000 1.00000 0.00000 1.00000 0.00000 0.00000 1.00000 -0.00000 -1.00000 0.00000 0.00000 -1.00000 0.00000 0.00000 0.00000 -1.00000 0.00000 0.00000 -1.00000 0.00000 1.00000 0.00000 0.00000 1.00000 0.00000 0.00000 -0.00000 0.00000 -1.00000 0.00000 -0.00000 -1.00000 0.00000 0.00000 1.00000 0.00000 0.00000 1.00000 0.00000 1.00000 0.00000 0.00000 1.00000 -0.00000 -1.00000 0.00000 0.00000 -1.00000 0.00000 0.00000 0.00000 -1.00000 0.00000 0.00000 -1.00000 0.00000 1.00000 0.00000 0.00000 1.00000 0.00000 0.00000 -0.00000 0.00000 -1.00000 0.00000 -0.00000 -1.00000 0.00000 0.00000 1.00000 0.00000 0.00000 1.00000 0.00000 1.00000 0.00000 0.00000 1.00000 -0.00000 -1.00000 0.00000 0.00000 -1.00000 0.00000 0.00000 0.00000 -1.00000 0.00000 0.00000 -1.00000 0.00000 1.00000 0.00000 0.00000 1.00000 0.00000 0.00000 -0.00000 0.00000 -1.00000 0.00000 -0.00000 -1.00000 0.00000 0.00000 1.00000 0.00000 0.00000 1.00000 0.00000 1.00000 0.00000 0.00000 1.00000 -0.00000 -1.00000 0.00000 0.00000 -1.00000 0.00000 0.00000 0.00000 -1.00000 0.00000 0.00000 -1.00000 0.00000 1.00000 0.00000 0.00000 1.00000 0.00000 0.00000 0.00000 0.00000 -1.00000 0.00000 0.00000 -1.00000 0.00000 0.00000 1.00000 0.00000 0.00000 1.00000 0.00000 -1.00000 0.00000 0.00000 -1.00000 0.00000 1.00000 0.00000 0.00000 1.00000 0.00000 0.00000 0.00000 1.00000 0.00000 0.00000 1.00000 -0.00000 -1.00000 0.00000 0.00000 -1.00000 0.00000 0.00000 0.00000 0.00000 -1.00000 0.00000 0.00000 -1.00000 0.00000 0.00000 1.00000 0.00000 0.00000 1.00000 0.00000 -1.00000 0.00000 0.00000 -1.00000 0.00000 1.00000 0.00000 0.00000 1.00000 0.00000 0.00000 0.00000 1.00000 0.00000 0.00000 1.00000 -0.00000 -1.00000 0.00000 0.00000 -1.00000 0.00000 0.00000 0.00000 0.00000 -1.00000 0.00000 0.00000 -1.00000 0.00000 0.00000 1.00000 0.00000 0.00000 1.00000 0.00000 -1.00000 0.00000 0.00000 -1.00000 0.00000 1.00000 0.00000 0.00000 1.00000 0.00000 0.00000 0.00000 1.00000 0.00000 0.00000 1.00000 -0.00000 -1.00000 0.00000 0.00000 -1.00000 0.00000 0.00000 0.00000 0.00000 -1.00000 0.00000 0.00000 -1.00000 0.00000 0.00000 1.00000 0.00000 0.00000 1.00000 0.00000 -1.00000 0.00000 0.00000 -1.00000 0.00000 1.00000 0.00000 0.00000 1.00000 0.00000 0.00000 0.00000 1.00000 0.00000 0.00000 1.00000 -0.00000 -1.00000 0.00000 0.00000 -1.00000 0.00000 0.00000 0.00000 0.00000 -1.00000 0.00000 0.00000 -1.00000 0.00000 0.00000 1.00000 -0.00000 0.00000 1.00000 -1.00000 0.00000 0.00000 -1.00000 0.00000 0.00000 0.00000 -1.00000 0.00000 0.00000 -1.00000 0.00000 1.00000 0.00000 0.00000 1.00000 0.00000 0.00000 0.00000 1.00000 0.00000 0.00000 1.00000 -0.00000 0.00000 0.00000 -1.00000 0.00000 0.00000 -1.00000 0.00000 0.00000 1.00000 -0.00000 0.00000 1.00000 -1.00000 0.00000 0.00000 -1.00000 0.00000 0.00000 0.00000 -1.00000 0.00000 0.00000 -1.00000 0.00000 1.00000 0.00000 0.00000 1.00000 0.00000 0.00000 0.00000 1.00000 0.00000 0.00000 1.00000 -0.00000 0.00000 0.00000 -1.00000 0.00000 0.00000 -1.00000 0.00000 0.00000 1.00000 -0.00000 0.00000 1.00000 -1.00000 0.00000 0.00000 -1.00000 0.00000 0.00000 0.00000 -1.00000 0.00000 0.00000 -1.00000 0.00000 1.00000 0.00000 0.00000 1.00000 0.00000 0.00000 0.00000 1.00000 0.00000 0.00000 1.00000 -0.00000 0.00000 0.00000 -1.00000 0.00000 0.00000 -1.00000 0.00000 0.00000 1.00000 -0.00000 0.00000 1.00000 -1.00000 0.00000 0.00000 -1.00000 0.00000 0.00000 0.00000 -1.00000 0.00000 0.00000 -1.00000 0.00000 1.00000 0.00000 0.00000 1.00000 0.00000 0.00000 0.00000 1.00000 0.00000 0.00000 1.00000 -0.00000 0.00000 0.00000 -1.00000 0.00000 0.00000 -1.00000 0.00000 -0.00000 1.00000 0.00000 0.00000 1.00000 1.00000 0.00000 0.00000 1.00000 0.00000 0.00000 0.00000 1.00000 0.00000 0.00000 1.00000 -0.00000 -1.00000 0.00000 0.00000 -1.00000 0.00000 0.00000 0.00000 -1.00000 0.00000 0.00000 -1.00000 0.00000 0.00000 0.00000 -1.00000 0.00000 0.00000 -1.00000 0.00000 -0.00000 1.00000 0.00000 0.00000 1.00000 1.00000 0.00000 0.00000 1.00000 0.00000 0.00000 0.00000 1.00000 0.00000 0.00000 1.00000 -0.00000 -1.00000 0.00000 0.00000 -1.00000 0.00000 0.00000 0.00000 -1.00000 0.00000 0.00000 -1.00000 0.00000 0.00000 0.00000 -1.00000 0.00000 0.00000 -1.00000 0.00000 -0.00000 1.00000 0.00000 0.00000 1.00000 1.00000 0.00000 0.00000 1.00000 0.00000 0.00000 0.00000 1.00000 0.00000 0.00000 1.00000 -0.00000 -1.00000 0.00000 0.00000 -1.00000 0.00000 0.00000 0.00000 -1.00000 0.00000 0.00000 -1.00000 0.00000 0.00000 0.00000 -1.00000 0.00000 0.00000 -1.00000 0.00000 -0.00000 1.00000 0.00000 0.00000 1.00000 1.00000 0.00000 0.00000 1.00000 0.00000 0.00000 0.00000 1.00000 0.00000 0.00000 1.00000 -0.00000 -1.00000 0.00000 0.00000 -1.00000 0.00000 0.00000 0.00000 -1.00000 0.00000 0.00000 -1.00000 0.00000 0.00000 0.00000 -1.00000 0.00000 0.00000 -1.00000 0.00000 0.00000 1.00000 0.00000 0.00000 1.00000 0.00000 -1.00000 0.00000 0.00000 -1.00000 0.00000 1.00000 0.00000 0.00000 1.00000 0.00000 0.00000 0.00000 1.00000 0.00000 0.00000 1.00000 -0.00000 -1.00000 0.00000 0.00000 -1.00000 0.00000 0.00000 0.00000 0.00000 -1.00000 0.00000 0.00000 -1.00000 0.00000 0.00000 1.00000 0.00000 0.00000 1.00000 0.00000 -1.00000 0.00000 0.00000 -1.00000 0.00000 1.00000 0.00000 0.00000 1.00000 0.00000 0.00000 0.00000 1.00000 0.00000 0.00000 1.00000 -0.00000 -1.00000 0.00000 0.00000 -1.00000 0.00000 0.00000 0.00000 0.00000 -1.00000 0.00000 0.00000 -1.00000 0.00000 0.00000 1.00000 0.00000 0.00000 1.00000 0.00000 -1.00000 0.00000 0.00000 -1.00000 0.00000 1.00000 0.00000 0.00000 1.00000 0.00000 0.00000 0.00000 1.00000 0.00000 0.00000 1.00000 -0.00000 -1.00000 0.00000 0.00000 -1.00000 0.00000 0.00000 0.00000 0.00000 -1.00000 0.00000 0.00000 -1.00000 0.00000 0.00000 1.00000 0.00000 0.00000 1.00000 0.00000 -1.00000 0.00000 0.00000 -1.00000 0.00000 1.00000 0.00000 0.00000 1.00000 0.00000 0.00000 0.00000 1.00000 0.00000 0.00000 1.00000 -0.00000 -1.00000 0.00000 0.00000 -1.00000 0.00000 0.00000 0.00000 0.00000 -1.00000 0.00000 0.00000 -1.00000 0.00000 0.00000 1.00000 0.00000 0.00000 1.00000 0.00000 -1.00000 0.00000 0.00000 -1.00000 0.00000 1.00000 0.00000 0.00000 1.00000 0.00000 0.00000 0.00000 1.00000 0.00000 0.00000 1.00000 -0.00000 -1.00000 0.00000 0.00000 -1.00000 0.00000 0.00000 0.00000 0.00000 -1.00000 0.00000 0.00000 -1.00000 0.00000 0.00000 1.00000 0.00000 0.00000 1.00000 0.00000 -1.00000 0.00000 0.00000 -1.00000 0.00000 1.00000 0.00000 0.00000 1.00000 0.00000 0.00000 0.00000 1.00000 0.00000 0.00000 1.00000 -0.00000 -1.00000 0.00000 0.00000 -1.00000 0.00000 0.00000 0.00000 0.00000 -1.00000 0.00000 0.00000 -1.00000 0.00000 0.00000 1.00000 0.00000 0.00000 1.00000 0.00000 -1.00000 0.00000 0.00000 -1.00000 0.00000 1.00000 0.00000 0.00000 1.00000 0.00000 0.00000 0.00000 1.00000 0.00000 0.00000 1.00000 -0.00000 -1.00000 0.00000 0.00000 -1.00000 0.00000 0.00000 0.00000 0.00000 -1.00000 0.00000 0.00000 -1.00000 0.00000 0.00000 1.00000 0.00000 0.00000 1.00000 0.00000 -1.00000 0.00000 0.00000 -1.00000 0.00000 1.00000 0.00000 0.00000 1.00000 0.00000 0.00000 0.00000 1.00000 0.00000 0.00000 1.00000 -0.00000 -1.00000 0.00000 0.00000 -1.00000 0.00000 0.00000 0.00000 0.00000 -1.00000 0.00000 0.00000 -1.00000 0.00000 0.00000 1.00000 0.00000 0.00000 1.00000 0.00000 -1.00000 0.00000 0.00000 -1.00000 0.00000 1.00000 0.00000 0.00000 1.00000 0.00000 0.00000 0.00000 1.00000 0.00000 0.00000 1.00000 -0.00000 -1.00000 0.00000 0.00000 -1.00000 0.00000 0.00000 0.00000 0.00000 -1.00000 0.00000 0.00000 -1.00000 0.00000 0.00000 1.00000 0.00000 0.00000 1.00000 0.00000 -1.00000 0.00000 0.00000 -1.00000 0.00000 1.00000 0.00000 0.00000 1.00000 0.00000 0.00000 0.00000 1.00000 0.00000 0.00000 1.00000 -0.00000 -1.00000 0.00000 0.00000 -1.00000 0.00000 0.00000 0.00000 0.00000 -1.00000 0.00000 0.00000 -1.00000 0.00000 0.00000 1.00000 0.00000 0.00000 1.00000 0.00000 -1.00000 0.00000 0.00000 -1.00000 0.00000 1.00000 0.00000 0.00000 1.00000 0.00000 0.00000 0.00000 1.00000 0.00000 0.00000 1.00000 -0.00000 -1.00000 0.00000 0.00000 -1.00000 0.00000 0.00000 0.00000 0.00000 -1.00000 0.00000 0.00000 -1.00000 0.00000 0.00000 1.00000 0.00000 0.00000 1.00000 0.00000 -1.00000 0.00000 0.00000 -1.00000 0.00000 1.00000 0.00000 0.00000 1.00000 0.00000 0.00000 0.00000 1.00000 0.00000 0.00000 1.00000 -0.00000 -1.00000 0.00000 0.00000 -1.00000 0.00000 0.00000 0.00000 0.00000 -1.00000 0.00000 0.00000 -1.00000 0.00000 0.00000 1.00000 0.00000 0.00000 1.00000 0.00000 -1.00000 0.00000 0.00000 -1.00000 0.00000 1.00000 0.00000 0.00000 1.00000 0.00000 0.00000 0.00000 1.00000 0.00000 0.00000 1.00000 -0.00000 -1.00000 0.00000 0.00000 -1.00000 0.00000 0.00000 0.00000 0.00000 -1.00000 0.00000 0.00000 -1.00000 0.00000 0.00000 1.00000 0.00000 0.00000 1.00000 0.00000 -1.00000 0.00000 0.00000 -1.00000 0.00000 1.00000 0.00000 0.00000 1.00000 0.00000 0.00000 0.00000 1.00000 0.00000 0.00000 1.00000 -0.00000 -1.00000 0.00000 0.00000 -1.00000 0.00000 0.00000 0.00000 0.00000 -1.00000 0.00000 0.00000 -1.00000 0.00000 0.00000 1.00000 0.00000 0.00000 1.00000 0.00000 -1.00000 0.00000 0.00000 -1.00000 0.00000 1.00000 0.00000 0.00000 1.00000 0.00000 0.00000 0.00000 1.00000 0.00000 0.00000 1.00000 -0.00000 -1.00000 0.00000 0.00000 -1.00000 0.00000 0.00000 0.00000 0.00000 -1.00000 0.00000 0.00000 -1.00000 0.00000 0.00000 1.00000 0.00000 0.00000 1.00000 0.00000 -1.00000 0.00000 0.00000 -1.00000 0.00000 1.00000 0.00000 0.00000 1.00000 0.00000 0.00000 0.00000 1.00000 0.00000 0.00000 1.00000 -0.00000 -1.00000 0.00000 0.00000 -1.00000 0.00000 0.00000 0.00000 0.00000 -1.00000 0.00000 0.00000 -1.00000 0.00000 0.00000 1.00000 0.00000 0.00000 1.00000 0.00000 -1.00000 0.00000 0.00000 -1.00000 0.00000 1.00000 0.00000 0.00000 1.00000 0.00000 0.00000 0.00000 1.00000 0.00000 0.00000 1.00000 -0.00000 -1.00000 0.00000 0.00000 -1.00000 0.00000 0.00000 0.00000 0.00000 -1.00000 0.00000 0.00000 -1.00000 0.00000 0.00000 1.00000 0.00000 0.00000 1.00000 0.00000 -1.00000 0.00000 0.00000 -1.00000 0.00000 1.00000 0.00000 0.00000 1.00000 0.00000 0.00000 0.00000 1.00000 0.00000 0.00000 1.00000 -0.00000 -1.00000 0.00000 0.00000 -1.00000 0.00000 0.00000 0.00000 0.00000 -1.00000 0.00000 0.00000 -1.00000 0.00000 0.00000 1.00000 0.00000 0.00000 1.00000 0.00000 -1.00000 0.00000 0.00000 -1.00000 0.00000 1.00000 0.00000 0.00000 1.00000 0.00000 0.00000 0.00000 1.00000 0.00000 0.00000 1.00000 -0.00000 -1.00000 0.00000 0.00000 -1.00000 0.00000 0.00000 -0.00000 0.00000 -1.00000 0.00000 -0.00000 -1.00000 0.00000 0.00000 1.00000 0.00000 0.00000 1.00000 0.00000 1.00000 0.00000 0.00000 1.00000 -0.00000 -1.00000 0.00000 0.00000 -1.00000 0.00000 0.00000 0.00000 -1.00000 0.00000 0.00000 -1.00000 0.00000 1.00000 0.00000 0.00000 1.00000 0.00000 0.00000 -0.00000 0.00000 -1.00000 0.00000 -0.00000 -1.00000 0.00000 0.00000 1.00000 0.00000 0.00000 1.00000 0.00000 1.00000 0.00000 0.00000 1.00000 -0.00000 -1.00000 0.00000 0.00000 -1.00000 0.00000 0.00000 0.00000 -1.00000 0.00000 0.00000 -1.00000 0.00000 1.00000 0.00000 0.00000 1.00000 0.00000 0.00000 -0.00000 0.00000 -1.00000 0.00000 -0.00000 -1.00000 0.00000 0.00000 1.00000 0.00000 0.00000 1.00000 0.00000 1.00000 0.00000 0.00000 1.00000 -0.00000 -1.00000 0.00000 0.00000 -1.00000 0.00000 0.00000 0.00000 -1.00000 0.00000 0.00000 -1.00000 0.00000 1.00000 0.00000 0.00000 1.00000 0.00000 0.00000 -0.00000 0.00000 -1.00000 0.00000 -0.00000 -1.00000 0.00000 0.00000 1.00000 0.00000 0.00000 1.00000 0.00000 1.00000 0.00000 0.00000 1.00000 -0.00000 -1.00000 0.00000 0.00000 -1.00000 0.00000 0.00000 0.00000 -1.00000 0.00000 0.00000 -1.00000 0.00000 1.00000 0.00000 0.00000 1.00000 0.00000 0.00000 -0.00000 0.00000 -1.00000 0.00000 -0.00000 -1.00000 0.00000 0.00000 1.00000 0.00000 0.00000 1.00000 0.00000 1.00000 0.00000 0.00000 1.00000 -0.00000 -1.00000 0.00000 0.00000 -1.00000 0.00000 0.00000 0.00000 -1.00000 0.00000 0.00000 -1.00000 0.00000 1.00000 0.00000 0.00000 1.00000 0.00000 0.00000 -0.00000 0.00000 -1.00000 0.00000 -0.00000 -1.00000 0.00000 0.00000 1.00000 0.00000 0.00000 1.00000 0.00000 1.00000 0.00000 0.00000 1.00000 -0.00000 -1.00000 0.00000 0.00000 -1.00000 0.00000 0.00000 0.00000 -1.00000 0.00000 0.00000 -1.00000 0.00000 1.00000 0.00000 0.00000 1.00000 0.00000 0.00000 -0.00000 0.00000 -1.00000 0.00000 -0.00000 -1.00000 0.00000 0.00000 1.00000 0.00000 0.00000 1.00000 0.00000 1.00000 0.00000 0.00000 1.00000 -0.00000 -1.00000 0.00000 0.00000 -1.00000 0.00000 0.00000 0.00000 -1.00000 0.00000 0.00000 -1.00000 0.00000 1.00000 0.00000 0.00000 1.00000 0.00000 0.00000 -0.00000 0.00000 -1.00000 0.00000 -0.00000 -1.00000 0.00000 0.00000 1.00000 0.00000 0.00000 1.00000 0.00000 1.00000 0.00000 0.00000 1.00000 -0.00000 -1.00000 0.00000 0.00000 -1.00000 0.00000 0.00000 0.00000 -1.00000 0.00000 0.00000 -1.00000 0.00000 1.00000 0.00000 0.00000 1.00000 0.00000 0.00000 -0.00000 0.00000 -1.00000 0.00000 -0.00000 -1.00000 0.00000 0.00000 1.00000 0.00000 0.00000 1.00000 0.00000 1.00000 0.00000 0.00000 1.00000 -0.00000 -1.00000 0.00000 0.00000 -1.00000 0.00000 0.00000 0.00000 -1.00000 0.00000 0.00000 -1.00000 0.00000 1.00000 0.00000 0.00000 1.00000 0.00000 0.00000 -0.00000 0.00000 -1.00000 0.00000 -0.00000 -1.00000 0.00000 0.00000 1.00000 0.00000 0.00000 1.00000 0.00000 1.00000 0.00000 0.00000 1.00000 -0.00000 -1.00000 0.00000 0.00000 -1.00000 0.00000 0.00000 0.00000 -1.00000 0.00000 0.00000 -1.00000 0.00000 1.00000 0.00000 0.00000 1.00000 0.00000 0.00000 -0.00000 0.00000 -1.00000 0.00000 -0.00000 -1.00000 0.00000 0.00000 1.00000 0.00000 0.00000 1.00000 0.00000 1.00000 0.00000 0.00000 1.00000 -0.00000 -1.00000 0.00000 0.00000 -1.00000 0.00000 0.00000 0.00000 -1.00000 0.00000 0.00000 -1.00000 0.00000 1.00000 0.00000 0.00000 1.00000 0.00000 0.00000 -0.00000 0.00000 -1.00000 0.00000 -0.00000 -1.00000 0.00000 0.00000 1.00000 0.00000 0.00000 1.00000 0.00000 1.00000 0.00000 0.00000 1.00000 -0.00000 -1.00000 0.00000 0.00000 -1.00000 0.00000 0.00000 0.00000 -1.00000 0.00000 0.00000 -1.00000 0.00000 1.00000 0.00000 0.00000 1.00000 0.00000 0.00000 -0.00000 0.00000 -1.00000 0.00000 -0.00000 -1.00000 0.00000 0.00000 1.00000 0.00000 0.00000 1.00000 0.00000 1.00000 0.00000 0.00000 1.00000 -0.00000 -1.00000 0.00000 0.00000 -1.00000 0.00000 0.00000 0.00000 -1.00000 0.00000 0.00000 -1.00000 0.00000 1.00000 0.00000 0.00000 1.00000 0.00000 0.00000 -0.00000 0.00000 -1.00000 0.00000 -0.00000 -1.00000 0.00000 0.00000 1.00000 0.00000 0.00000 1.00000 0.00000 1.00000 0.00000 0.00000 1.00000 -0.00000 -1.00000 0.00000 0.00000 -1.00000 0.00000 0.00000 0.00000 -1.00000 0.00000 0.00000 -1.00000 0.00000 1.00000 0.00000 0.00000 1.00000 0.00000 0.00000 -0.00000 0.00000 -1.00000 0.00000 -0.00000 -1.00000 0.00000 0.00000 1.00000 0.00000 0.00000 1.00000 0.00000 1.00000 0.00000 0.00000 1.00000 -0.00000 -1.00000 0.00000 0.00000 -1.00000 0.00000 0.00000 0.00000 -1.00000 0.00000 0.00000 -1.00000 0.00000 1.00000 0.00000 0.00000 1.00000 0.00000 0.00000 -0.00000 0.00000 -1.00000 0.00000 -0.00000 -1.00000 0.00000 0.00000 1.00000 0.00000 0.00000 1.00000 0.00000 1.00000 0.00000 0.00000 1.00000 -0.00000 -1.00000 0.00000 0.00000 -1.00000 0.00000 0.00000 0.00000 -1.00000 0.00000 0.00000 -1.00000 0.00000 1.00000 0.00000 0.00000 1.00000 0.00000 0.00000 -0.00000 0.00000 -1.00000 0.00000 -0.00000 -1.00000 0.00000 0.00000 1.00000 0.00000 0.00000 1.00000 0.00000 1.00000 0.00000 0.00000 1.00000 -0.00000 -1.00000 0.00000 0.00000 -1.00000 0.00000 0.00000 0.00000 -1.00000 0.00000 0.00000 -1.00000 0.00000 1.00000 0.00000 0.00000 1.00000 0.00000 0.00000 -0.00000 0.00000 -1.00000 0.00000 -0.00000 -1.00000 0.00000 0.00000 1.00000 0.00000 0.00000 1.00000 0.00000 1.00000 0.00000 0.00000 1.00000 -0.00000 -1.00000 0.00000 0.00000 -1.00000 0.00000 0.00000 0.00000 -1.00000 0.00000 0.00000 -1.00000 0.00000 1.00000 0.00000 0.00000 1.00000 0.00000 0.00000 -0.00000 0.00000 -1.00000 0.00000 -0.00000 -1.00000 0.00000 0.00000 1.00000 0.00000 0.00000 1.00000 0.00000 1.00000 0.00000 0.00000 1.00000 -0.00000 -1.00000 0.00000 0.00000 -1.00000 0.00000 0.00000 0.00000 -1.00000 0.00000 0.00000 -1.00000 0.00000 1.00000 0.00000 0.00000 1.00000 0.00000 0.00000 -0.00000 0.00000 -1.00000 0.00000 -0.00000 -1.00000 0.00000 0.00000 1.00000 0.00000 0.00000 1.00000 0.00000 1.00000 0.00000 0.00000 1.00000 -0.00000 -1.00000 0.00000 0.00000 -1.00000 0.00000 0.00000 0.00000 -1.00000 0.00000 0.00000 -1.00000 0.00000 1.00000 0.00000 0.00000 1.00000 0.00000 0.00000 0.00000 0.00000 -1.00000 0.00000 0.00000 -1.00000 0.00000 0.00000 1.00000 0.00000 0.00000 1.00000 0.00000 -1.00000 0.00000 0.00000 -1.00000 0.00000 1.00000 0.00000 0.00000 1.00000 0.00000 0.00000 0.00000 1.00000 0.00000 0.00000 1.00000 -0.00000 -1.00000 0.00000 0.00000 -1.00000 0.00000 0.00000 0.00000 0.00000 -1.00000 0.00000 0.00000 -1.00000 0.00000 -0.00000 1.00000 0.00000 0.00000 1.00000 1.00000 0.00000 0.00000 1.00000 0.00000 0.00000 0.00000 1.00000 0.00000 0.00000 1.00000 -0.00000 -1.00000 0.00000 0.00000 -1.00000 0.00000 0.00000 0.00000 -1.00000 0.00000 0.00000 -1.00000 0.00000 0.00000 0.00000 -1.00000 0.00000 0.00000 -1.00000 0.00000 0.00000 1.00000 0.00000 0.00000 1.00000 0.00000 -1.00000 0.00000 0.00000 -1.00000 0.00000 1.00000 0.00000 0.00000 1.00000 0.00000 0.00000 0.00000 1.00000 0.00000 0.00000 1.00000 -0.00000 -1.00000 0.00000 0.00000 -1.00000 0.00000 0.00000 0.00000 0.00000 -1.00000 0.00000 0.00000 -1.00000 0.00000 0.00000 1.00000 0.00000 0.00000 1.00000 0.00000 -1.00000 0.00000 0.00000 -1.00000 0.00000 1.00000 0.00000 0.00000 1.00000 0.00000 0.00000 0.00000 1.00000 0.00000 0.00000 1.00000 -0.00000 -1.00000 0.00000 0.00000 -1.00000 0.00000 0.00000 0.00000 0.00000 -1.00000 0.00000 0.00000 -1.00000 0.00000 0.00000 1.00000 0.00000 0.00000 1.00000 0.00000 -1.00000 0.00000 0.00000 -1.00000 0.00000 1.00000 0.00000 0.00000 1.00000 0.00000 0.00000 0.00000 1.00000 0.00000 0.00000 1.00000 -0.00000 -1.00000 0.00000 0.00000 -1.00000 0.00000 0.00000 0.00000 0.00000 -1.00000 0.00000 0.00000 -1.00000 0.00000 0.00000 1.00000 0.00000 0.00000 1.00000 0.00000 -1.00000 0.00000 0.00000 -1.00000 0.00000 1.00000 0.00000 0.00000 1.00000 0.00000 0.00000 0.00000 1.00000 0.00000 0.00000 1.00000 -0.00000 -1.00000 0.00000 0.00000 -1.00000 0.00000 0.00000 0.00000 0.00000 -1.00000 0.00000 0.00000 -1.00000 0.00000 0.00000 1.00000 0.00000 0.00000 1.00000 0.00000 -1.00000 0.00000 0.00000 -1.00000 0.00000 1.00000 0.00000 0.00000 1.00000 0.00000 0.00000 0.00000 1.00000 0.00000 0.00000 1.00000 -0.00000 -1.00000 0.00000 0.00000 -1.00000 0.00000 0.00000 0.00000 0.00000 -1.00000 0.00000 0.00000 -1.00000 0.00000 0.00000 1.00000 0.00000 0.00000 1.00000 0.00000 -1.00000 0.00000 0.00000 -1.00000 0.00000 1.00000 0.00000 0.00000 1.00000 0.00000 0.00000 0.00000 1.00000 0.00000 0.00000 1.00000 -0.00000 -1.00000 0.00000 0.00000 -1.00000 0.00000 0.00000 0.00000 0.00000 -1.00000 0.00000 0.00000 -1.00000 0.00000 0.00000 1.00000 0.00000 0.00000 1.00000 0.00000 -1.00000 0.00000 0.00000 -1.00000 0.00000 1.00000 0.00000 0.00000 1.00000 0.00000 0.00000 0.00000 1.00000 0.00000 0.00000 1.00000 -0.00000 -1.00000 0.00000 0.00000 -1.00000 0.00000 0.00000 0.00000 0.00000 -1.00000 0.00000 0.00000 -1.00000 0.00000 0.00000 1.00000 0.00000 0.00000 1.00000 0.00000 -1.00000 0.00000 0.00000 -1.00000 0.00000 1.00000 0.00000 0.00000 1.00000 0.00000 0.00000 0.00000 1.00000 0.00000 0.00000 1.00000 -0.00000 -1.00000 0.00000 0.00000 -1.00000 0.00000 0.00000 0.00000 0.00000 -1.00000 0.00000 0.00000 -1.00000 0.00000 0.00000 1.00000 0.00000 0.00000 1.00000 0.00000 -1.00000 0.00000 0.00000 -1.00000 0.00000 1.00000 0.00000 0.00000 1.00000 0.00000 0.00000 0.00000 1.00000 0.00000 0.00000 1.00000 -0.00000 -1.00000 0.00000 0.00000 -1.00000 0.00000 0.00000 0.00000 0.00000 -1.00000 0.00000 0.00000 -1.00000 0.00000 0.00000 1.00000 0.00000 0.00000 1.00000 0.00000 -1.00000 0.00000 0.00000 -1.00000 0.00000 1.00000 0.00000 0.00000 1.00000 0.00000 0.00000 0.00000 1.00000 0.00000 0.00000 1.00000 -0.00000 -1.00000 0.00000 0.00000 -1.00000 0.00000 0.00000 0.00000 0.00000 -1.00000 0.00000 0.00000 -1.00000 0.00000 0.00000 1.00000 0.00000 0.00000 1.00000 0.00000 -1.00000 0.00000 0.00000 -1.00000 0.00000 1.00000 0.00000 0.00000 1.00000 0.00000 0.00000 0.00000 1.00000 0.00000 0.00000 1.00000 -0.00000 -1.00000 0.00000 0.00000 -1.00000 0.00000 0.00000 0.00000 0.00000 -1.00000 0.00000 0.00000 -1.00000 0.00000 0.00000 1.00000 0.00000 0.00000 1.00000 0.00000 -1.00000 0.00000 0.00000 -1.00000 0.00000 1.00000 0.00000 0.00000 1.00000 0.00000 0.00000 0.00000 1.00000 0.00000 0.00000 1.00000 -0.00000 -1.00000 0.00000 0.00000 -1.00000 0.00000 0.00000 0.00000 0.00000 -1.00000 0.00000 0.00000 -1.00000 0.00000 0.00000 1.00000 0.00000 0.00000 1.00000 0.00000 -1.00000 0.00000 0.00000 -1.00000 0.00000 1.00000 0.00000 0.00000 1.00000 0.00000 0.00000 0.00000 1.00000 0.00000 0.00000 1.00000 -0.00000 -1.00000 0.00000 0.00000 -1.00000 0.00000 0.00000 0.00000 0.00000 -1.00000 0.00000 0.00000 -1.00000 0.00000 0.00000 1.00000 0.00000 0.00000 1.00000 0.00000 -1.00000 0.00000 0.00000 -1.00000 0.00000 1.00000 0.00000 0.00000 1.00000 0.00000 0.00000 0.00000 1.00000 0.00000 0.00000 1.00000 -0.00000 -1.00000 0.00000 0.00000 -1.00000 0.00000 0.00000 0.00000 0.00000 -1.00000 0.00000 0.00000 -1.00000 0.00000 0.00000 1.00000 0.00000 0.00000 1.00000 0.00000 -1.00000 0.00000 0.00000 -1.00000 0.00000 1.00000 0.00000 0.00000 1.00000 0.00000 0.00000 0.00000 1.00000 0.00000 0.00000 1.00000 -0.00000 -1.00000 0.00000 0.00000 -1.00000 0.00000 0.00000 0.00000 0.00000 -1.00000 0.00000 0.00000 -1.00000 0.00000 0.00000 1.00000 0.00000 0.00000 1.00000 0.00000 -1.00000 0.00000 0.00000 -1.00000 0.00000 1.00000 0.00000 0.00000 1.00000 0.00000 0.00000 0.00000 1.00000 0.00000 0.00000 1.00000 -0.00000 -1.00000 0.00000 0.00000 -1.00000 0.00000 0.00000 0.00000 0.00000 -1.00000 0.00000 0.00000 -1.00000 0.00000 0.00000 1.00000 0.00000 0.00000 1.00000 0.00000 -1.00000 0.00000 0.00000 -1.00000 0.00000 1.00000 0.00000 0.00000 1.00000 0.00000 0.00000 0.00000 1.00000 0.00000 0.00000 1.00000 -0.00000 -1.00000 0.00000 0.00000 -1.00000 0.00000 0.00000 0.00000 0.00000 -1.00000 0.00000 0.00000 -1.00000 0.00000 0.00000 1.00000 0.00000 0.00000 1.00000 0.00000 -1.00000 0.00000 0.00000 -1.00000 0.00000 1.00000 0.00000 0.00000 1.00000 0.00000 0.00000 0.00000 1.00000 0.00000 0.00000 1.00000 -0.00000 -1.00000 0.00000 0.00000 -1.00000 0.00000 0.00000 0.00000 0.00000 -1.00000 0.00000 0.00000 -1.00000 0.00000 0.00000 1.00000 0.00000 0.00000 1.00000 0.00000 -1.00000 0.00000 0.00000 -1.00000 0.00000 1.00000 0.00000 0.00000 1.00000 0.00000 0.00000 0.00000 1.00000 0.00000 0.00000 1.00000 -0.00000 -1.00000 0.00000 0.00000 -1.00000 0.00000 0.00000 0.00000 0.00000 -1.00000 0.00000 0.00000 -1.00000 0.00000 0.00000 1.00000 0.00000 0.00000 1.00000 0.00000 -1.00000 0.00000 0.00000 -1.00000 0.00000 1.00000 0.00000 0.00000 1.00000 0.00000 0.00000 0.00000 1.00000 0.00000 0.00000 1.00000 -0.00000 -1.00000 0.00000 0.00000 -1.00000 0.00000 0.00000 0.00000 0.00000 -1.00000 0.00000 0.00000 -1.00000 0.00000 0.00000 1.00000 0.00000 0.00000 1.00000 0.00000 -1.00000 0.00000 0.00000 -1.00000 0.00000 1.00000 0.00000 0.00000 1.00000 0.00000 0.00000 0.00000 1.00000 0.00000 0.00000 1.00000 -0.00000 -1.00000 0.00000 0.00000 -1.00000 0.00000 0.00000 0.00000 0.00000 -1.00000 0.00000 0.00000 -1.00000 0.00000 0.00000 1.00000 0.00000 0.00000 1.00000 0.00000 -1.00000 0.00000 0.00000 -1.00000 0.00000 1.00000 0.00000 0.00000 1.00000 0.00000 0.00000 0.00000 1.00000 0.00000 0.00000 1.00000 -0.00000 -1.00000 0.00000 0.00000 -1.00000 0.00000 0.00000 0.00000 0.00000 -1.00000 0.00000 0.00000 -1.00000 0.00000 0.00000 1.00000 0.00000 0.00000 1.00000 0.00000 -1.00000 0.00000 0.00000 -1.00000 0.00000 1.00000 0.00000 0.00000 1.00000 0.00000 0.00000 0.00000 1.00000 0.00000 0.00000 1.00000 -0.00000 -1.00000 0.00000 0.00000 -1.00000 0.00000 0.00000 0.00000 0.00000 -1.00000 0.00000 0.00000 -1.00000 0.00000 0.00000 1.00000 0.00000 0.00000 1.00000 0.00000 -1.00000 0.00000 0.00000 -1.00000 0.00000 1.00000 0.00000 0.00000 1.00000 0.00000 0.00000 0.00000 1.00000 0.00000 0.00000 1.00000 -0.00000 -1.00000 0.00000 0.00000 -1.00000 0.00000 0.00000 0.00000 0.00000 -1.00000 0.00000 0.00000 -1.00000 0.00000 0.00000 1.00000 0.00000 0.00000 1.00000 0.00000 -1.00000 0.00000 0.00000 -1.00000 0.00000 1.00000 0.00000 0.00000 1.00000 0.00000 0.00000 0.00000 1.00000 0.00000 0.00000 1.00000 -0.00000 -1.00000 0.00000 0.00000 -1.00000 0.00000 0.00000 0.00000 0.00000 -1.00000 0.00000 0.00000 -1.00000 0.00000 0.00000 1.00000 0.00000 0.00000 1.00000 0.00000 -1.00000 0.00000 0.00000 -1.00000 0.00000 1.00000 0.00000 0.00000 1.00000 0.00000 0.00000 0.00000 1.00000 0.00000 0.00000 1.00000 -0.00000 -1.00000 0.00000 0.00000 -1.00000 0.00000 0.00000 0.00000 0.00000 -1.00000 0.00000 0.00000 -1.00000 0.00000 0.00000 1.00000 0.00000 0.00000 1.00000 0.00000 -1.00000 0.00000 0.00000 -1.00000 0.00000 1.00000 0.00000 0.00000 1.00000 0.00000 0.00000 0.00000 1.00000 0.00000 0.00000 1.00000 -0.00000 -1.00000 0.00000 0.00000 -1.00000 0.00000 0.00000 0.00000 0.00000 -1.00000 0.00000 0.00000 -1.00000 0.00000 0.00000 1.00000 -0.00000 0.00000 1.00000 -1.00000 0.00000 0.00000 -1.00000 0.00000 0.00000 0.00000 -1.00000 0.00000 0.00000 -1.00000 0.00000 1.00000 0.00000 0.00000 1.00000 0.00000 0.00000 0.00000 1.00000 0.00000 0.00000 1.00000 -0.00000 0.00000 0.00000 -1.00000 0.00000 0.00000 -1.00000 0.00000 0.00000 1.00000 0.00000 0.00000 1.00000 0.00000 -1.00000 0.00000 0.00000 -1.00000 0.00000 1.00000 0.00000 0.00000 1.00000 0.00000 0.00000 0.00000 1.00000 0.00000 0.00000 1.00000 -0.00000 -1.00000 0.00000 0.00000 -1.00000 0.00000 0.00000 0.00000 0.00000 -1.00000 0.00000 0.00000 -1.00000 0.00000 0.00000 1.00000 0.00000 0.00000 1.00000 0.00000 -1.00000 0.00000 0.00000 -1.00000 0.00000 1.00000 0.00000 0.00000 1.00000 0.00000 0.00000 0.00000 1.00000 0.00000 0.00000 1.00000 -0.00000 -1.00000 0.00000 0.00000 -1.00000 0.00000 0.00000 0.00000 0.00000 -1.00000 0.00000 0.00000 -1.00000 0.00000 0.00000 1.00000 0.00000 0.00000 1.00000 0.00000 -1.00000 0.00000 0.00000 -1.00000 0.00000 1.00000 0.00000 0.00000 1.00000 0.00000 0.00000 0.00000 1.00000 0.00000 0.00000 1.00000 -0.00000 -1.00000 0.00000 0.00000 -1.00000 0.00000 0.00000 0.00000 0.00000 -1.00000 0.00000 0.00000 -1.00000 0.00000 0.00000 1.00000 0.00000 0.00000 1.00000 0.00000 -1.00000 0.00000 0.00000 -1.00000 0.00000 1.00000 0.00000 0.00000 1.00000 0.00000 0.00000 0.00000 1.00000 0.00000 0.00000 1.00000 -0.00000 -1.00000 0.00000 0.00000 -1.00000 0.00000 0.00000 0.00000 0.00000 -1.00000 0.00000 0.00000 -1.00000 0.00000 0.00000 1.00000 0.00000 0.00000 1.00000 0.00000 -1.00000 0.00000 0.00000 -1.00000 0.00000 1.00000 0.00000 0.00000 1.00000 0.00000 0.00000 0.00000 1.00000 0.00000 0.00000 1.00000 -0.00000 -1.00000 0.00000 0.00000 -1.00000 0.00000 0.00000 0.00000 0.00000 -1.00000 0.00000 0.00000 -1.00000 0.00000 0.00000 1.00000 0.00000 0.00000 1.00000 0.00000 -1.00000 0.00000 0.00000 -1.00000 0.00000 1.00000 0.00000 0.00000 1.00000 0.00000 0.00000 0.00000 1.00000 0.00000 0.00000 1.00000 -0.00000 -1.00000 0.00000 0.00000 -1.00000 0.00000 0.00000 0.00000 0.00000 -1.00000 0.00000 0.00000 -1.00000 0.00000 0.00000 1.00000 0.00000 0.00000 1.00000 0.00000 -1.00000 0.00000 0.00000 -1.00000 0.00000 1.00000 0.00000 0.00000 1.00000 0.00000 0.00000 0.00000 1.00000 0.00000 0.00000 1.00000 -0.00000 -1.00000 0.00000 0.00000 -1.00000 0.00000 0.00000 0.00000 0.00000 -1.00000 0.00000 0.00000 -1.00000 0.00000 0.00000 1.00000 0.00000 0.00000 1.00000 0.00000 -1.00000 0.00000 0.00000 -1.00000 0.00000 1.00000 0.00000 0.00000 1.00000 0.00000 0.00000 0.00000 1.00000 0.00000 0.00000 1.00000 -0.00000 -1.00000 0.00000 0.00000 -1.00000 0.00000 0.00000 0.00000 0.00000 -1.00000 0.00000 0.00000 -1.00000 0.00000 0.00000 1.00000 0.00000 0.00000 1.00000 0.00000 -1.00000 0.00000 0.00000 -1.00000 0.00000 1.00000 0.00000 0.00000 1.00000 0.00000 0.00000 0.00000 1.00000 0.00000 0.00000 1.00000 -0.00000 -1.00000 0.00000 0.00000 -1.00000 0.00000 0.00000 0.00000 0.00000 -1.00000 0.00000 0.00000 -1.00000 0.00000 0.00000 1.00000 0.00000 0.00000 1.00000 0.00000 -1.00000 0.00000 0.00000 -1.00000 0.00000 1.00000 0.00000 0.00000 1.00000 0.00000 0.00000 0.00000 1.00000 0.00000 0.00000 1.00000 -0.00000 -1.00000 0.00000 0.00000 -1.00000 0.00000 0.00000 0.00000 0.00000 -1.00000 0.00000 0.00000 -1.00000 0.00000 0.00000 1.00000 0.00000 0.00000 1.00000 0.00000 -1.00000 0.00000 0.00000 -1.00000 0.00000 1.00000 0.00000 0.00000 1.00000 0.00000 0.00000 0.00000 1.00000 0.00000 0.00000 1.00000 -0.00000 -1.00000 0.00000 0.00000 -1.00000 0.00000 0.00000 0.00000 0.00000 -1.00000 0.00000 0.00000 -1.00000 0.00000 0.00000 1.00000 -0.00000 0.00000 1.00000 -1.00000 0.00000 0.00000 -1.00000 0.00000 0.00000 0.00000 -1.00000 0.00000 0.00000 -1.00000 0.00000 1.00000 0.00000 0.00000 1.00000 0.00000 0.00000 0.00000 1.00000 0.00000 0.00000 1.00000 -0.00000 0.00000 0.00000 -1.00000 0.00000 0.00000 -1.00000 0.00000 0.00000 1.00000 0.00000 0.00000 1.00000 0.00000 -1.00000 0.00000 0.00000 -1.00000 0.00000 1.00000 0.00000 0.00000 1.00000 0.00000 0.00000 0.00000 1.00000 0.00000 0.00000 1.00000 -0.00000 -1.00000 0.00000 0.00000 -1.00000 0.00000 0.00000 0.00000 0.00000 -1.00000 0.00000 0.00000 -1.00000 0.00000 0.00000 1.00000 0.00000 0.00000 1.00000 0.00000 -1.00000 0.00000 0.00000 -1.00000 0.00000 1.00000 0.00000 0.00000 1.00000 0.00000 0.00000 0.00000 1.00000 0.00000 0.00000 1.00000 -0.00000 -1.00000 0.00000 0.00000 -1.00000 0.00000 0.00000 0.00000 0.00000 -1.00000 0.00000 0.00000 -1.00000 0.00000 0.00000 1.00000 0.00000 0.00000 1.00000 0.00000 -1.00000 0.00000 0.00000 -1.00000 0.00000 1.00000 0.00000 0.00000 1.00000 0.00000 0.00000 0.00000 1.00000 0.00000 0.00000 1.00000 -0.00000 -1.00000 0.00000 0.00000 -1.00000 0.00000 0.00000 0.00000 0.00000 -1.00000 0.00000 0.00000 -1.00000 0.00000 0.00000 1.00000 0.00000 0.00000 1.00000 0.00000 -1.00000 0.00000 0.00000 -1.00000 0.00000 1.00000 0.00000 0.00000 1.00000 0.00000 0.00000 0.00000 1.00000 0.00000 0.00000 1.00000 -0.00000 -1.00000 0.00000 0.00000 -1.00000 0.00000 0.00000 0.00000 0.00000 -1.00000 0.00000 0.00000 -1.00000 0.00000 0.00000 1.00000 0.00000 0.00000 1.00000 0.00000 -1.00000 0.00000 0.00000 -1.00000 0.00000 1.00000 0.00000 0.00000 1.00000 0.00000 0.00000 0.00000 1.00000 0.00000 0.00000 1.00000 -0.00000 -1.00000 0.00000 0.00000 -1.00000 0.00000 0.00000 0.00000 0.00000 -1.00000 0.00000 0.00000 -1.00000 0.00000 0.00000 1.00000 0.00000 0.00000 1.00000 0.00000 -1.00000 0.00000 0.00000 -1.00000 0.00000 1.00000 0.00000 0.00000 1.00000 0.00000 0.00000 0.00000 1.00000 0.00000 0.00000 1.00000 -0.00000 -1.00000 0.00000 0.00000 -1.00000 0.00000 0.00000 0.00000 0.00000 -1.00000 0.00000 0.00000 -1.00000 0.00000 0.00000 1.00000 0.00000 0.00000 1.00000 0.00000 -1.00000 0.00000 0.00000 -1.00000 0.00000 1.00000 0.00000 0.00000 1.00000 0.00000 0.00000 0.00000 1.00000 0.00000 0.00000 1.00000 -0.00000 -1.00000 0.00000 0.00000 -1.00000 0.00000 0.00000 0.00000 0.00000 -1.00000 0.00000 0.00000 -1.00000 0.00000 0.00000 1.00000 0.00000 0.00000 1.00000 0.00000 -1.00000 0.00000 0.00000 -1.00000 0.00000 1.00000 0.00000 0.00000 1.00000 0.00000 0.00000 0.00000 1.00000 0.00000 0.00000 1.00000 -0.00000 -1.00000 0.00000 0.00000 -1.00000 0.00000 0.00000 0.00000 0.00000 -1.00000 0.00000 0.00000 -1.00000 0.00000 0.00000 1.00000 0.00000 0.00000 1.00000 0.00000 -1.00000 0.00000 0.00000 -1.00000 0.00000 1.00000 0.00000 0.00000 1.00000 0.00000 0.00000 0.00000 1.00000 0.00000 0.00000 1.00000 -0.00000 -1.00000 0.00000 0.00000 -1.00000 0.00000 0.00000 0.00000 0.00000 -1.00000 0.00000 0.00000 -1.00000 0.00000 0.00000 1.00000 0.00000 0.00000 1.00000 0.00000 -1.00000 0.00000 0.00000 -1.00000 0.00000 1.00000 0.00000 0.00000 1.00000 0.00000 0.00000 0.00000 1.00000 0.00000 0.00000 1.00000 -0.00000 -1.00000 0.00000 0.00000 -1.00000 0.00000 0.00000 0.00000 0.00000 -1.00000 0.00000 0.00000 -1.00000 0.00000 0.00000 1.00000 0.00000 0.00000 1.00000 0.00000 -1.00000 0.00000 0.00000 -1.00000 0.00000 1.00000 0.00000 0.00000 1.00000 0.00000 0.00000 0.00000 1.00000 0.00000 0.00000 1.00000 -0.00000 -1.00000 0.00000 0.00000 -1.00000 0.00000 0.00000 0.00000 0.00000 -1.00000 0.00000 0.00000 -1.00000 0.00000 0.00000 1.00000 -0.00000 0.00000 1.00000 -1.00000 0.00000 0.00000 -1.00000 0.00000 0.00000 0.00000 -1.00000 0.00000 0.00000 -1.00000 0.00000 1.00000 0.00000 0.00000 1.00000 0.00000 0.00000 0.00000 1.00000 0.00000 0.00000 1.00000 -0.00000 0.00000 0.00000 -1.00000 0.00000 0.00000 -1.00000 0.00000 0.00000 1.00000 0.00000 0.00000 1.00000 0.00000 -1.00000 0.00000 0.00000 -1.00000 0.00000 1.00000 0.00000 0.00000 1.00000 0.00000 0.00000 0.00000 1.00000 0.00000 0.00000 1.00000 -0.00000 -1.00000 0.00000 0.00000 -1.00000 0.00000 0.00000 0.00000 0.00000 -1.00000 0.00000 0.00000 -1.00000 0.00000 0.00000 1.00000 0.00000 0.00000 1.00000 0.00000 -1.00000 0.00000 0.00000 -1.00000 0.00000 1.00000 0.00000 0.00000 1.00000 0.00000 0.00000 0.00000 1.00000 0.00000 0.00000 1.00000 -0.00000 -1.00000 0.00000 0.00000 -1.00000 0.00000 0.00000 0.00000 0.00000 -1.00000 0.00000 0.00000 -1.00000 0.00000 0.00000 1.00000 0.00000 0.00000 1.00000 0.00000 -1.00000 0.00000 0.00000 -1.00000 0.00000 1.00000 0.00000 0.00000 1.00000 0.00000 0.00000 0.00000 1.00000 0.00000 0.00000 1.00000 -0.00000 -1.00000 0.00000 0.00000 -1.00000 0.00000 0.00000 0.00000 0.00000 -1.00000 0.00000 0.00000 -1.00000 0.00000 0.00000 1.00000 0.00000 0.00000 1.00000 0.00000 -1.00000 0.00000 0.00000 -1.00000 0.00000 1.00000 0.00000 0.00000 1.00000 0.00000 0.00000 0.00000 1.00000 0.00000 0.00000 1.00000 -0.00000 -1.00000 0.00000 0.00000 -1.00000 0.00000 0.00000 0.00000 0.00000 -1.00000 0.00000 0.00000 -1.00000 0.00000 0.00000 1.00000 0.00000 0.00000 1.00000 0.00000 -1.00000 0.00000 0.00000 -1.00000 0.00000 1.00000 0.00000 0.00000 1.00000 0.00000 0.00000 0.00000 1.00000 0.00000 0.00000 1.00000 -0.00000 -1.00000 0.00000 0.00000 -1.00000 0.00000 0.00000 0.00000 0.00000 -1.00000 0.00000 0.00000 -1.00000 0.00000 0.00000 1.00000 0.00000 0.00000 1.00000 0.00000 -1.00000 0.00000 0.00000 -1.00000 0.00000 1.00000 0.00000 0.00000 1.00000 0.00000 0.00000 0.00000 1.00000 0.00000 0.00000 1.00000 -0.00000 -1.00000 0.00000 0.00000 -1.00000 0.00000 0.00000 0.00000 0.00000 -1.00000 0.00000 0.00000 -1.00000 0.00000 0.00000 1.00000 0.00000 0.00000 1.00000 0.00000 -1.00000 0.00000 0.00000 -1.00000 0.00000 1.00000 0.00000 0.00000 1.00000 0.00000 0.00000 0.00000 1.00000 0.00000 0.00000 1.00000 -0.00000 -1.00000 0.00000 0.00000 -1.00000 0.00000 0.00000 0.00000 0.00000 -1.00000 0.00000 0.00000 -1.00000 0.00000 0.00000 1.00000 0.00000 0.00000 1.00000 0.00000 -1.00000 0.00000 0.00000 -1.00000 0.00000 1.00000 0.00000 0.00000 1.00000 0.00000 0.00000 0.00000 1.00000 0.00000 0.00000 1.00000 -0.00000 -1.00000 0.00000 0.00000 -1.00000 0.00000 0.00000 0.00000 0.00000 -1.00000 0.00000 0.00000 -1.00000 0.00000 0.00000 1.00000 0.00000 0.00000 1.00000 0.00000 -1.00000 0.00000 0.00000 -1.00000 0.00000 1.00000 0.00000 0.00000 1.00000 0.00000 0.00000 0.00000 1.00000 0.00000 0.00000 1.00000 -0.00000 -1.00000 0.00000 0.00000 -1.00000 0.00000 0.00000 0.00000 0.00000 -1.00000 0.00000 0.00000 -1.00000 0.00000 0.00000 1.00000 0.00000 0.00000 1.00000 0.00000 -1.00000 0.00000 0.00000 -1.00000 0.00000 1.00000 0.00000 0.00000 1.00000 0.00000 0.00000 0.00000 1.00000 0.00000 0.00000 1.00000 -0.00000 -1.00000 0.00000 0.00000 -1.00000 0.00000 0.00000 0.00000 0.00000 -1.00000 0.00000 0.00000 -1.00000 0.00000 0.00000 1.00000 0.00000 0.00000 1.00000 0.00000 -1.00000 0.00000 0.00000 -1.00000 0.00000 1.00000 0.00000 0.00000 1.00000 0.00000 0.00000 0.00000 1.00000 0.00000 0.00000 1.00000 -0.00000 -1.00000 0.00000 0.00000 -1.00000 0.00000 0.00000 0.00000 0.00000 -1.00000 0.00000 0.00000 -1.00000 0.00000 0.00000 1.00000 -0.00000 0.00000 1.00000 -1.00000 0.00000 0.00000 -1.00000 0.00000 0.00000 0.00000 -1.00000 0.00000 0.00000 -1.00000 0.00000 1.00000 0.00000 0.00000 1.00000 0.00000 0.00000 0.00000 1.00000 0.00000 0.00000 1.00000 -0.00000 0.00000 0.00000 -1.00000 0.00000 0.00000 -1.00000 0.00000 0.00000 1.00000 0.00000 0.00000 1.00000 0.00000 -1.00000 0.00000 0.00000 -1.00000 0.00000 1.00000 0.00000 0.00000 1.00000 0.00000 0.00000 0.00000 1.00000 0.00000 0.00000 1.00000 -0.00000 -1.00000 0.00000 0.00000 -1.00000 0.00000 0.00000 0.00000 0.00000 -1.00000 0.00000 0.00000 -1.00000 0.00000 0.00000 1.00000 0.00000 0.00000 1.00000 0.00000 -1.00000 0.00000 0.00000 -1.00000 0.00000 1.00000 0.00000 0.00000 1.00000 0.00000 0.00000 0.00000 1.00000 0.00000 0.00000 1.00000 -0.00000 -1.00000 0.00000 0.00000 -1.00000 0.00000 0.00000 0.00000 0.00000 -1.00000 0.00000 0.00000 -1.00000 0.00000 0.00000 1.00000 0.00000 0.00000 1.00000 0.00000 -1.00000 0.00000 0.00000 -1.00000 0.00000 1.00000 0.00000 0.00000 1.00000 0.00000 0.00000 0.00000 1.00000 0.00000 0.00000 1.00000 -0.00000 -1.00000 0.00000 0.00000 -1.00000 0.00000 0.00000 0.00000 0.00000 -1.00000 0.00000 0.00000 -1.00000 0.00000 0.00000 1.00000 0.00000 0.00000 1.00000 0.00000 -1.00000 0.00000 0.00000 -1.00000 0.00000 1.00000 0.00000 0.00000 1.00000 0.00000 0.00000 0.00000 1.00000 0.00000 0.00000 1.00000 -0.00000 -1.00000 0.00000 0.00000 -1.00000 0.00000 0.00000 0.00000 0.00000 -1.00000 0.00000 0.00000 -1.00000 0.00000 0.00000 1.00000 0.00000 0.00000 1.00000 0.00000 -1.00000 0.00000 0.00000 -1.00000 0.00000 1.00000 0.00000 0.00000 1.00000 0.00000 0.00000 0.00000 1.00000 0.00000 0.00000 1.00000 -0.00000 -1.00000 0.00000 0.00000 -1.00000 0.00000 0.00000 0.00000 0.00000 -1.00000 0.00000 0.00000 -1.00000 0.00000 0.00000 1.00000 0.00000 0.00000 1.00000 0.00000 -1.00000 0.00000 0.00000 -1.00000 0.00000 1.00000 0.00000 0.00000 1.00000 0.00000 0.00000 0.00000 1.00000 0.00000 0.00000 1.00000 -0.00000 -1.00000 0.00000 0.00000 -1.00000 0.00000 0.00000 0.00000 0.00000 -1.00000 0.00000 0.00000 -1.00000 0.00000 0.00000 1.00000 0.00000 0.00000 1.00000 0.00000 -1.00000 0.00000 0.00000 -1.00000 0.00000 1.00000 0.00000 0.00000 1.00000 0.00000 0.00000 0.00000 1.00000 0.00000 0.00000 1.00000 -0.00000 -1.00000 0.00000 0.00000 -1.00000 0.00000 0.00000 -0.00000 0.00000 -1.00000 0.00000 -0.00000 -1.00000 0.00000 0.00000 1.00000 0.00000 0.00000 1.00000 0.00000 1.00000 0.00000 0.00000 1.00000 -0.00000 -1.00000 0.00000 0.00000 -1.00000 0.00000 0.00000 0.00000 -1.00000 0.00000 0.00000 -1.00000 0.00000 1.00000 0.00000 0.00000 1.00000 0.00000 0.00000 0.00000 0.00000 -1.00000 0.00000 0.00000 -1.00000 0.00000 0.00000 1.00000 0.00000 0.00000 1.00000 0.00000 -1.00000 0.00000 0.00000 -1.00000 0.00000 1.00000 0.00000 0.00000 1.00000 0.00000 0.00000 0.00000 1.00000 0.00000 0.00000 1.00000 -0.00000 -1.00000 0.00000 0.00000 -1.00000 0.00000 0.00000 0.00000 0.00000 -1.00000 0.00000 0.00000 -1.00000 0.00000 0.00000 1.00000 0.00000 0.00000 1.00000 0.00000 -1.00000 0.00000 0.00000 -1.00000 0.00000 1.00000 0.00000 0.00000 1.00000 0.00000 0.00000 0.00000 1.00000 0.00000 0.00000 1.00000 -0.00000 -1.00000 0.00000 0.00000 -1.00000 0.00000 0.00000 0.00000 0.00000 -1.00000 0.00000 0.00000 -1.00000 0.00000 0.00000 1.00000 0.00000 0.00000 1.00000 0.00000 -1.00000 0.00000 0.00000 -1.00000 0.00000 1.00000 0.00000 0.00000 1.00000 0.00000 0.00000 0.00000 1.00000 0.00000 0.00000 1.00000 -0.00000 -1.00000 0.00000 0.00000 -1.00000 0.00000 0.00000 0.00000 0.00000 -1.00000 0.00000 0.00000 -1.00000 0.00000 0.00000 1.00000 0.00000 0.00000 1.00000 0.00000 -1.00000 0.00000 0.00000 -1.00000 0.00000 1.00000 0.00000 0.00000 1.00000 0.00000 0.00000 0.00000 1.00000 0.00000 0.00000 1.00000 -0.00000 -1.00000 0.00000 0.00000 -1.00000 0.00000 0.00000 0.00000 0.00000 -1.00000 0.00000 0.00000 -1.00000 0.00000 0.00000 1.00000 0.00000 0.00000 1.00000 0.00000 -1.00000 0.00000 0.00000 -1.00000 0.00000 1.00000 0.00000 0.00000 1.00000 0.00000 0.00000 0.00000 1.00000 0.00000 0.00000 1.00000 -0.00000 -1.00000 0.00000 0.00000 -1.00000 0.00000 0.00000 0.00000 0.00000 -1.00000 0.00000 0.00000 -1.00000 0.00000 0.00000 1.00000 0.00000 0.00000 1.00000 0.00000 -1.00000 0.00000 0.00000 -1.00000 0.00000 1.00000 0.00000 0.00000 1.00000 0.00000 0.00000 0.00000 1.00000 0.00000 0.00000 1.00000 -0.00000 -1.00000 0.00000 0.00000 -1.00000 0.00000 0.00000 0.00000 0.00000 -1.00000 0.00000 0.00000 -1.00000 0.00000 0.00000 1.00000 0.00000 0.00000 1.00000 0.00000 -1.00000 0.00000 0.00000 -1.00000 0.00000 1.00000 0.00000 0.00000 1.00000 0.00000 0.00000 0.00000 1.00000 0.00000 0.00000 1.00000 -0.00000 -1.00000 0.00000 0.00000 -1.00000 0.00000 0.00000 0.00000 0.00000 -1.00000 0.00000 0.00000 -1.00000 0.00000 0.00000 1.00000 0.00000 0.00000 1.00000 0.00000 -1.00000 0.00000 0.00000 -1.00000 0.00000 1.00000 0.00000 0.00000 1.00000 0.00000 0.00000 0.00000 1.00000 0.00000 0.00000 1.00000 -0.00000 -1.00000 0.00000 0.00000 -1.00000 0.00000 0.00000 0.00000 0.00000 -1.00000 0.00000 0.00000 -1.00000 0.00000 0.00000 1.00000 0.00000 0.00000 1.00000 0.00000 -1.00000 0.00000 0.00000 -1.00000 0.00000 1.00000 0.00000 0.00000 1.00000 0.00000 0.00000 0.00000 1.00000 0.00000 0.00000 1.00000 -0.00000 -1.00000 0.00000 0.00000 -1.00000 0.00000 0.00000 0.00000 0.00000 -1.00000 0.00000 0.00000 -1.00000 0.00000 0.00000 1.00000 0.00000 0.00000 1.00000 0.00000 -1.00000 0.00000 0.00000 -1.00000 0.00000 1.00000 0.00000 0.00000 1.00000 0.00000 0.00000 0.00000 1.00000 0.00000 0.00000 1.00000 -0.00000 -1.00000 0.00000 0.00000 -1.00000 0.00000 0.00000 0.00000 0.00000 -1.00000 0.00000 0.00000 -1.00000 0.00000 0.00000 1.00000 0.00000 0.00000 1.00000 0.00000 -1.00000 0.00000 0.00000 -1.00000 0.00000 1.00000 0.00000 0.00000 1.00000 0.00000 0.00000 0.00000 1.00000 0.00000 0.00000 1.00000 -0.00000 -1.00000 0.00000 0.00000 -1.00000 0.00000 0.00000 0.00000 0.00000 -1.00000 0.00000 0.00000 -1.00000 0.00000 0.00000 1.00000 0.00000 0.00000 1.00000 0.00000 -1.00000 0.00000 0.00000 -1.00000 0.00000 1.00000 0.00000 0.00000 1.00000 0.00000 0.00000 0.00000 1.00000 0.00000 0.00000 1.00000 -0.00000 -1.00000 0.00000 0.00000 -1.00000 0.00000 0.00000 0.00000 0.00000 -1.00000 0.00000 0.00000 -1.00000 0.00000 0.00000 1.00000 0.00000 0.00000 1.00000 0.00000 -1.00000 0.00000 0.00000 -1.00000 0.00000 1.00000 0.00000 0.00000 1.00000 0.00000 0.00000 0.00000 1.00000 0.00000 0.00000 1.00000 -0.00000 -1.00000 0.00000 0.00000 -1.00000 0.00000 0.00000 0.00000 0.00000 -1.00000 0.00000 0.00000 -1.00000 0.00000 0.00000 1.00000 0.00000 0.00000 1.00000 0.00000 -1.00000 0.00000 0.00000 -1.00000 0.00000 1.00000 0.00000 0.00000 1.00000 0.00000 0.00000 0.00000 1.00000 0.00000 0.00000 1.00000 -0.00000 -1.00000 0.00000 0.00000 -1.00000 0.00000 0.00000 0.00000 0.00000 -1.00000 0.00000 0.00000 -1.00000 0.00000 0.00000 1.00000 0.00000 0.00000 1.00000 0.00000 -1.00000 0.00000 0.00000 -1.00000 0.00000 1.00000 0.00000 0.00000 1.00000 0.00000 0.00000 0.00000 1.00000 0.00000 0.00000 1.00000 -0.00000 -1.00000 0.00000 0.00000 -1.00000 0.00000 0.00000 0.00000 0.00000 -1.00000 0.00000 0.00000 -1.00000 0.00000 0.00000 1.00000 0.00000 0.00000 1.00000 0.00000 -1.00000 0.00000 0.00000 -1.00000 0.00000 1.00000 0.00000 0.00000 1.00000 0.00000 0.00000 0.00000 1.00000 0.00000 0.00000 1.00000 -0.00000 -1.00000 0.00000 0.00000 -1.00000 0.00000 0.00000 0.00000 0.00000 -1.00000 0.00000 0.00000 -1.00000 0.00000 0.00000 1.00000 0.00000 0.00000 1.00000 0.00000 -1.00000 0.00000 0.00000 -1.00000 0.00000 1.00000 0.00000 0.00000 1.00000 0.00000 0.00000 0.00000 1.00000 0.00000 0.00000 1.00000 -0.00000 -1.00000 0.00000 0.00000 -1.00000 0.00000 0.00000 0.00000 0.00000 -1.00000 0.00000 0.00000 -1.00000 0.00000 0.00000 1.00000 0.00000 0.00000 1.00000 0.00000 -1.00000 0.00000 0.00000 -1.00000 0.00000 1.00000 0.00000 0.00000 1.00000 0.00000 0.00000 0.00000 1.00000 0.00000 0.00000 1.00000 -0.00000 -1.00000 0.00000 0.00000 -1.00000 0.00000 0.00000 0.00000 0.00000 -1.00000 0.00000 0.00000 -1.00000 0.00000 0.00000 1.00000 0.00000 0.00000 1.00000 0.00000 -1.00000 0.00000 0.00000 -1.00000 0.00000 1.00000 0.00000 0.00000 1.00000 0.00000 0.00000 0.00000 1.00000 0.00000 0.00000 1.00000 -0.00000 -1.00000 0.00000 0.00000 -1.00000 0.00000 0.00000 0.00000 0.00000 -1.00000 0.00000 0.00000 -1.00000 0.00000 0.00000 1.00000 0.00000 0.00000 1.00000 0.00000 -1.00000 0.00000 0.00000 -1.00000 0.00000 1.00000 0.00000 0.00000 1.00000 0.00000 0.00000 0.00000 1.00000 0.00000 0.00000 1.00000 -0.00000 -1.00000 0.00000 0.00000 -1.00000 0.00000 0.00000 0.00000 0.00000 -1.00000 0.00000 0.00000 -1.00000 0.00000 0.00000 1.00000 0.00000 0.00000 1.00000 0.00000 -1.00000 0.00000 0.00000 -1.00000 0.00000 1.00000 0.00000 0.00000 1.00000 0.00000 0.00000 0.00000 1.00000 0.00000 0.00000 1.00000 -0.00000 -1.00000 0.00000 0.00000 -1.00000 0.00000 0.00000 0.00000 0.00000 -1.00000 0.00000 0.00000 -1.00000 0.00000 0.00000 1.00000 0.00000 0.00000 1.00000 0.00000 -1.00000 0.00000 0.00000 -1.00000 0.00000 1.00000 0.00000 0.00000 1.00000 0.00000 0.00000 0.00000 1.00000 0.00000 0.00000 1.00000 -0.00000 -1.00000 0.00000 0.00000 -1.00000 0.00000 0.00000 0.00000 0.00000 -1.00000 0.00000 0.00000 -1.00000 0.00000 0.00000 1.00000 0.00000 0.00000 1.00000 0.00000 -1.00000 0.00000 0.00000 -1.00000 0.00000 1.00000 0.00000 0.00000 1.00000 0.00000 0.00000 0.00000 1.00000 0.00000 0.00000 1.00000 -0.00000 -1.00000 0.00000 0.00000 -1.00000 0.00000 0.00000 0.00000 0.00000 -1.00000 0.00000 0.00000 -1.00000 0.00000 0.00000 1.00000 0.00000 0.00000 1.00000 0.00000 -1.00000 0.00000 0.00000 -1.00000 0.00000 1.00000 0.00000 0.00000 1.00000 0.00000 0.00000 0.00000 1.00000 0.00000 0.00000 1.00000 -0.00000 -1.00000 0.00000 0.00000 -1.00000 0.00000 0.00000 0.00000 0.00000 -1.00000 0.00000 0.00000 -1.00000 0.00000 0.00000 1.00000 0.00000 0.00000 1.00000 0.00000 -1.00000 0.00000 0.00000 -1.00000 0.00000 1.00000 0.00000 0.00000 1.00000 0.00000 0.00000 0.00000 1.00000 0.00000 0.00000 1.00000 -0.00000 -1.00000 0.00000 0.00000 -1.00000 0.00000 0.00000 0.00000 0.00000 -1.00000 0.00000 0.00000 -1.00000 0.00000 0.00000 1.00000 0.00000 0.00000 1.00000 0.00000 -1.00000 0.00000 0.00000 -1.00000 0.00000 1.00000 0.00000 0.00000 1.00000 0.00000 0.00000 0.00000 1.00000 0.00000 0.00000 1.00000 -0.00000 -1.00000 0.00000 0.00000 -1.00000 0.00000 0.00000 0.00000 0.00000 -1.00000 0.00000 0.00000 -1.00000 0.00000 0.00000 1.00000 0.00000 0.00000 1.00000 0.00000 -1.00000 0.00000 0.00000 -1.00000 0.00000 1.00000 0.00000 0.00000 1.00000 0.00000 0.00000 0.00000 1.00000 0.00000 0.00000 1.00000 -0.00000 -1.00000 0.00000 0.00000 -1.00000 0.00000 0.00000 0.00000 0.00000 -1.00000 0.00000 0.00000 -1.00000 0.00000 0.00000 1.00000 0.00000 0.00000 1.00000 0.00000 -1.00000 0.00000 0.00000 -1.00000 0.00000 1.00000 0.00000 0.00000 1.00000 0.00000 0.00000 0.00000 1.00000 0.00000 0.00000 1.00000 -0.00000 -1.00000 0.00000 0.00000 -1.00000 0.00000 0.00000 0.00000 0.00000 -1.00000 0.00000 0.00000 -1.00000 0.00000 0.00000 1.00000 0.00000 0.00000 1.00000 0.00000 -1.00000 0.00000 0.00000 -1.00000 0.00000 1.00000 0.00000 0.00000 1.00000 0.00000 0.00000 0.00000 1.00000 0.00000 0.00000 1.00000 -0.00000 -1.00000 0.00000 0.00000 -1.00000 0.00000 0.00000 0.00000 0.00000 -1.00000 0.00000 0.00000 -1.00000 0.00000 0.00000 1.00000 0.00000 0.00000 1.00000 0.00000 -1.00000 0.00000 0.00000 -1.00000 0.00000 1.00000 0.00000 0.00000 1.00000 0.00000 0.00000 0.00000 1.00000 0.00000 0.00000 1.00000 -0.00000 -1.00000 0.00000 0.00000 -1.00000 0.00000 0.00000 0.00000 0.00000 -1.00000 0.00000 0.00000 -1.00000 0.00000 0.00000 1.00000 0.00000 0.00000 1.00000 0.00000 -1.00000 0.00000 0.00000 -1.00000 0.00000 1.00000 0.00000 0.00000 1.00000 0.00000 0.00000 0.00000 1.00000 0.00000 0.00000 1.00000 -0.00000 -1.00000 0.00000 0.00000 -1.00000 0.00000 0.00000 0.00000 0.00000 -1.00000 0.00000 0.00000 -1.00000 0.00000 0.00000 1.00000 0.00000 0.00000 1.00000 0.00000 -1.00000 0.00000 0.00000 -1.00000 0.00000 1.00000 0.00000 0.00000 1.00000 0.00000 0.00000 0.00000 1.00000 0.00000 0.00000 1.00000 -0.00000 -1.00000 0.00000 0.00000 -1.00000 0.00000 0.00000 0.00000 0.00000 -1.00000 0.00000 0.00000 -1.00000 0.00000 0.00000 1.00000 0.00000 0.00000 1.00000 0.00000 -1.00000 0.00000 0.00000 -1.00000 0.00000 1.00000 0.00000 0.00000 1.00000 0.00000 0.00000 0.00000 1.00000 0.00000 0.00000 1.00000 -0.00000 -1.00000 0.00000 0.00000 -1.00000 0.00000 0.00000 0.00000 0.00000 -1.00000 0.00000 0.00000 -1.00000 0.00000 0.00000 1.00000 0.00000 0.00000 1.00000 0.00000 -1.00000 0.00000 0.00000 -1.00000 0.00000 1.00000 0.00000 0.00000 1.00000 0.00000 0.00000 0.00000 1.00000 0.00000 0.00000 1.00000 -0.00000 -1.00000 0.00000 0.00000 -1.00000 0.00000 0.00000 0.00000 0.00000 -1.00000 0.00000 0.00000 -1.00000 0.00000 0.00000 1.00000 0.00000 0.00000 1.00000 0.00000 -1.00000 0.00000 0.00000 -1.00000 0.00000 1.00000 0.00000 0.00000 1.00000 0.00000 0.00000 0.00000 1.00000 0.00000 0.00000 1.00000 -0.00000 -1.00000 0.00000 0.00000 -1.00000 0.00000 0.00000 0.00000 0.00000 -1.00000 0.00000 0.00000 -1.00000 0.00000 0.00000 1.00000 0.00000 0.00000 1.00000 0.00000 -1.00000 0.00000 0.00000 -1.00000 0.00000 1.00000 0.00000 0.00000 1.00000 0.00000 0.00000 0.00000 1.00000 0.00000 0.00000 1.00000 -0.00000 -1.00000 0.00000 0.00000 -1.00000 0.00000 0.00000 0.00000 0.00000 -1.00000 0.00000 0.00000 -1.00000 0.00000 0.00000 1.00000 0.00000 0.00000 1.00000 0.00000 -1.00000 0.00000 0.00000 -1.00000 0.00000 1.00000 0.00000 0.00000 1.00000 0.00000 0.00000 0.00000 1.00000 0.00000 0.00000 1.00000 -0.00000 -1.00000 0.00000 0.00000 -1.00000 0.00000 0.00000 0.00000 0.00000 -1.00000 0.00000 0.00000 -1.00000 0.00000 0.00000 1.00000 0.00000 0.00000 1.00000 0.00000 -1.00000 0.00000 0.00000 -1.00000 0.00000 1.00000 0.00000 0.00000 1.00000 0.00000 0.00000 0.00000 1.00000 0.00000 0.00000 1.00000 -0.00000 -1.00000 0.00000 0.00000 -1.00000 0.00000 0.00000 0.00000 0.00000 -1.00000 0.00000 0.00000 -1.00000 0.00000 0.00000 1.00000 0.00000 0.00000 1.00000 0.00000 -1.00000 0.00000 0.00000 -1.00000 0.00000 1.00000 0.00000 0.00000 1.00000 0.00000 0.00000 0.00000 1.00000 0.00000 0.00000 1.00000 -0.00000 -1.00000 0.00000 0.00000 -1.00000 0.00000 0.00000 0.00000 0.00000 -1.00000 0.00000 0.00000 -1.00000 0.00000 0.00000 1.00000 0.00000 0.00000 1.00000 0.00000 -1.00000 0.00000 0.00000 -1.00000 0.00000 1.00000 0.00000 0.00000 1.00000 0.00000 0.00000 0.00000 1.00000 0.00000 0.00000 1.00000 -0.00000 -1.00000 0.00000 0.00000 -1.00000 0.00000 0.00000 0.00000 0.00000 -1.00000 0.00000 0.00000 -1.00000 0.00000 0.00000 1.00000 0.00000 0.00000 1.00000 0.00000 -1.00000 0.00000 0.00000 -1.00000 0.00000 1.00000 0.00000 0.00000 1.00000 0.00000 0.00000 0.00000 1.00000 0.00000 0.00000 1.00000 -0.00000 -1.00000 0.00000 0.00000 -1.00000 0.00000 0.00000 0.00000 0.00000 -1.00000 0.00000 0.00000 -1.00000 0.00000 0.00000 1.00000 0.00000 0.00000 1.00000 0.00000 -1.00000 0.00000 0.00000 -1.00000 0.00000 1.00000 0.00000 0.00000 1.00000 0.00000 0.00000 0.00000 1.00000 0.00000 0.00000 1.00000 -0.00000 -1.00000 0.00000 0.00000 -1.00000 0.00000 0.00000 0.00000 0.00000 -1.00000 0.00000 0.00000 -1.00000 0.00000 0.00000 1.00000 0.00000 0.00000 1.00000 0.00000 -1.00000 0.00000 0.00000 -1.00000 0.00000 1.00000 0.00000 0.00000 1.00000 0.00000 0.00000 0.00000 1.00000 0.00000 0.00000 1.00000 -0.00000 -1.00000 0.00000 0.00000 -1.00000 0.00000 0.00000 0.00000 0.00000 -1.00000 0.00000 0.00000 -1.00000 0.00000 0.00000 1.00000 0.00000 0.00000 1.00000 0.00000 -1.00000 0.00000 0.00000 -1.00000 0.00000 1.00000 0.00000 0.00000 1.00000 0.00000 0.00000 0.00000 1.00000 0.00000 0.00000 1.00000 -0.00000 -1.00000 0.00000 0.00000 -1.00000 0.00000 0.00000 0.00000 0.00000 -1.00000 0.00000 0.00000 -1.00000 0.00000 0.00000 1.00000 0.00000 0.00000 1.00000 0.00000 -1.00000 0.00000 0.00000 -1.00000 0.00000 1.00000 0.00000 0.00000 1.00000 0.00000 0.00000 0.00000 1.00000 0.00000 0.00000 1.00000 -0.00000 -1.00000 0.00000 0.00000 -1.00000 0.00000 0.00000 0.00000 0.00000 -1.00000 0.00000 0.00000 -1.00000 0.00000 0.00000 1.00000 0.00000 0.00000 1.00000 0.00000 -1.00000 0.00000 0.00000 -1.00000 0.00000 1.00000 0.00000 0.00000 1.00000 0.00000 0.00000 0.00000 1.00000 0.00000 0.00000 1.00000 -0.00000 -1.00000 0.00000 0.00000 -1.00000 0.00000 0.00000 0.00000 0.00000 -1.00000 0.00000 0.00000 -1.00000 0.00000 0.00000 1.00000 0.00000 0.00000 1.00000 0.00000 -1.00000 0.00000 0.00000 -1.00000 0.00000 1.00000 0.00000 0.00000 1.00000 0.00000 0.00000 0.00000 1.00000 0.00000 0.00000 1.00000 -0.00000 -1.00000 0.00000 0.00000 -1.00000 0.00000 0.00000 0.00000 0.00000 -1.00000 0.00000 0.00000 -1.00000 0.00000 0.00000 1.00000 0.00000 0.00000 1.00000 0.00000 -1.00000 0.00000 0.00000 -1.00000 0.00000 1.00000 0.00000 0.00000 1.00000 0.00000 0.00000 0.00000 1.00000 0.00000 0.00000 1.00000 -0.00000 -1.00000 0.00000 0.00000 -1.00000 0.00000 0.00000 0.00000 0.00000 -1.00000 0.00000 0.00000 -1.00000 0.00000 0.00000 1.00000 0.00000 0.00000 1.00000 0.00000 -1.00000 0.00000 0.00000 -1.00000 0.00000 1.00000 0.00000 0.00000 1.00000 0.00000 0.00000 0.00000 1.00000 0.00000 0.00000 1.00000 -0.00000 -1.00000 0.00000 0.00000 -1.00000 0.00000 0.00000 0.00000 0.00000 -1.00000 0.00000 0.00000 -1.00000 0.00000 0.00000 1.00000 0.00000 0.00000 1.00000 0.00000 -1.00000 0.00000 0.00000 -1.00000 0.00000 1.00000 0.00000 0.00000 1.00000 0.00000 0.00000 0.00000 1.00000 0.00000 0.00000 1.00000 -0.00000 -1.00000 0.00000 0.00000 -1.00000 0.00000 0.00000 0.00000 0.00000 -1.00000 0.00000 0.00000 -1.00000 0.00000 0.00000 1.00000 0.00000 0.00000 1.00000 0.00000 -1.00000 0.00000 0.00000 -1.00000 0.00000 1.00000 0.00000 0.00000 1.00000 0.00000 0.00000 0.00000 1.00000 0.00000 0.00000 1.00000 -0.00000 -1.00000 0.00000 0.00000 -1.00000 0.00000 0.00000 0.00000 0.00000 -1.00000 0.00000 0.00000 -1.00000 0.00000 0.00000 1.00000 0.00000 0.00000 1.00000 0.00000 -1.00000 0.00000 0.00000 -1.00000 0.00000 1.00000 0.00000 0.00000 1.00000 0.00000 0.00000 0.00000 1.00000 0.00000 0.00000 1.00000 -0.00000 -1.00000 0.00000 0.00000 -1.00000 0.00000 0.00000 0.00000 0.00000 -1.00000 0.00000 0.00000 -1.00000 0.00000 0.00000 1.00000 0.00000 0.00000 1.00000 0.00000 -1.00000 0.00000 0.00000 -1.00000 0.00000 1.00000 0.00000 0.00000 1.00000 0.00000 0.00000 0.00000 1.00000 0.00000 0.00000 1.00000 -0.00000 -1.00000 0.00000 0.00000 -1.00000 0.00000 0.00000 0.00000 0.00000 -1.00000 0.00000 0.00000 -1.00000 0.00000 0.00000 1.00000 0.00000 0.00000 1.00000 0.00000 -1.00000 0.00000 0.00000 -1.00000 0.00000 1.00000 0.00000 0.00000 1.00000 0.00000 0.00000 0.00000 1.00000 0.00000 0.00000 1.00000 -0.00000 -1.00000 0.00000 0.00000 -1.00000 0.00000 0.00000 0.00000 0.00000 -1.00000 0.00000 0.00000 -1.00000 0.00000 0.00000 1.00000 0.00000 0.00000 1.00000 0.00000 -1.00000 0.00000 0.00000 -1.00000 0.00000 1.00000 0.00000 0.00000 1.00000 0.00000 0.00000 0.00000 1.00000 0.00000 0.00000 1.00000 -0.00000 -1.00000 0.00000 0.00000 -1.00000 0.00000 0.00000 0.00000 0.00000 -1.00000 0.00000 0.00000 -1.00000 0.00000 0.00000 1.00000 0.00000 0.00000 1.00000 0.00000 -1.00000 0.00000 0.00000 -1.00000 0.00000 1.00000 0.00000 0.00000 1.00000 0.00000 0.00000 0.00000 1.00000 0.00000 0.00000 1.00000 -0.00000 -1.00000 0.00000 0.00000 -1.00000 0.00000 0.00000 0.00000 0.00000 -1.00000 0.00000 0.00000 -1.00000 0.00000 0.00000 1.00000 0.00000 0.00000 1.00000 0.00000 -1.00000 0.00000 0.00000 -1.00000 0.00000 1.00000 0.00000 0.00000 1.00000 0.00000 0.00000 0.00000 1.00000 0.00000 0.00000 1.00000 -0.00000 -1.00000 0.00000 0.00000 -1.00000 0.00000 0.00000 0.00000 0.00000 -1.00000 0.00000 0.00000 -1.00000 0.00000 0.00000 1.00000 0.00000 0.00000 1.00000 0.00000 -1.00000 0.00000 0.00000 -1.00000 0.00000 1.00000 0.00000 0.00000 1.00000 0.00000 0.00000 0.00000 1.00000 0.00000 0.00000 1.00000 -0.00000 -1.00000 0.00000 0.00000 -1.00000 0.00000 0.00000 0.00000 0.00000 -1.00000 0.00000 0.00000 -1.00000 0.00000 0.00000 1.00000 0.00000 0.00000 1.00000 0.00000 -1.00000 0.00000 0.00000 -1.00000 0.00000 1.00000 0.00000 0.00000 1.00000 0.00000 0.00000 0.00000 1.00000 0.00000 0.00000 1.00000 -0.00000 -1.00000 0.00000 0.00000 -1.00000 0.00000 0.00000 0.00000 0.00000 -1.00000 0.00000 0.00000 -1.00000 0.00000 0.00000 1.00000 0.00000 0.00000 1.00000 0.00000 -1.00000 0.00000 0.00000 -1.00000 0.00000 1.00000 0.00000 0.00000 1.00000 0.00000 0.00000 0.00000 1.00000 0.00000 0.00000 1.00000 -0.00000 -1.00000 0.00000 0.00000 -1.00000 0.00000 0.00000 0.00000 0.00000 -1.00000 0.00000 0.00000 -1.00000 0.00000 0.00000 1.00000 0.00000 0.00000 1.00000 0.00000 -1.00000 0.00000 0.00000 -1.00000 0.00000 1.00000 0.00000 0.00000 1.00000 0.00000 0.00000 0.00000 1.00000 0.00000 0.00000 1.00000 -0.00000 -1.00000 0.00000 0.00000 -1.00000 0.00000 0.00000 0.00000 0.00000 -1.00000 0.00000 0.00000 -1.00000 0.00000 0.00000 1.00000 0.00000 0.00000 1.00000 0.00000 -1.00000 0.00000 0.00000 -1.00000 0.00000 1.00000 0.00000 0.00000 1.00000 0.00000 0.00000 0.00000 1.00000 0.00000 0.00000 1.00000 -0.00000 -1.00000 0.00000 0.00000 -1.00000 0.00000 0.00000 0.00000 0.00000 -1.00000 0.00000 0.00000 -1.00000 0.00000 0.00000 1.00000 0.00000 0.00000 1.00000 0.00000 -1.00000 0.00000 0.00000 -1.00000 0.00000 1.00000 0.00000 0.00000 1.00000 0.00000 0.00000 0.00000 1.00000 0.00000 0.00000 1.00000 -0.00000 -1.00000 0.00000 0.00000 -1.00000 0.00000 0.00000 0.00000 0.00000 -1.00000 0.00000 0.00000 -1.00000 0.00000 0.00000 1.00000 0.00000 0.00000 1.00000 0.00000 -1.00000 0.00000 0.00000 -1.00000 0.00000 1.00000 0.00000 0.00000 1.00000 0.00000 0.00000 0.00000 1.00000 0.00000 0.00000 1.00000 -0.00000 -1.00000 0.00000 0.00000 -1.00000 0.00000 0.00000 0.00000 0.00000 -1.00000 0.00000 0.00000 -1.00000 0.00000 0.00000 1.00000 0.00000 0.00000 1.00000 0.00000 -1.00000 0.00000 0.00000 -1.00000 0.00000 1.00000 0.00000 0.00000 1.00000 0.00000 0.00000 0.00000 1.00000 0.00000 0.00000 1.00000 -0.00000 -1.00000 0.00000 0.00000 -1.00000 0.00000 0.00000 0.00000 0.00000 -1.00000 0.00000 0.00000 -1.00000 0.00000 0.00000 1.00000 0.00000 0.00000 1.00000 0.00000 -1.00000 0.00000 0.00000 -1.00000 0.00000 1.00000 0.00000 0.00000 1.00000 0.00000 0.00000 0.00000 1.00000 0.00000 0.00000 1.00000 -0.00000 -1.00000 0.00000 0.00000 -1.00000 0.00000 0.00000 0.00000 0.00000 -1.00000 0.00000 0.00000 -1.00000 0.00000 0.00000 1.00000 0.00000 0.00000 1.00000 0.00000 -1.00000 0.00000 0.00000 -1.00000 0.00000 1.00000 0.00000 0.00000 1.00000 0.00000 0.00000 0.00000 1.00000 0.00000 0.00000 1.00000 -0.00000 -1.00000 0.00000 0.00000 -1.00000 0.00000 0.00000 0.00000 0.00000 -1.00000 0.00000 0.00000 -1.00000 0.00000 0.00000 1.00000 0.00000 0.00000 1.00000 0.00000 -1.00000 0.00000 0.00000 -1.00000 0.00000 1.00000 0.00000 0.00000 1.00000 0.00000 0.00000 0.00000 1.00000 0.00000 0.00000 1.00000 -0.00000 -1.00000 0.00000 0.00000 -1.00000 0.00000 0.00000 0.00000 0.00000 -1.00000 0.00000 0.00000 -1.00000 0.00000 0.00000 1.00000 0.00000 0.00000 1.00000 0.00000 -1.00000 0.00000 0.00000 -1.00000 0.00000 1.00000 0.00000 0.00000 1.00000 0.00000 0.00000 0.00000 1.00000 0.00000 0.00000 1.00000 -0.00000 -1.00000 0.00000 0.00000 -1.00000 0.00000 0.00000 0.00000 0.00000 -1.00000 0.00000 0.00000 -1.00000 0.00000 0.00000 1.00000 0.00000 0.00000 1.00000 0.00000 -1.00000 0.00000 0.00000 -1.00000 0.00000 1.00000 0.00000 0.00000 1.00000 0.00000 0.00000 0.00000 1.00000 0.00000 0.00000 1.00000 -0.00000 -1.00000 0.00000 0.00000 -1.00000 0.00000 0.00000 0.00000 0.00000 -1.00000 0.00000 0.00000 -1.00000 0.00000 0.00000 1.00000 0.00000 0.00000 1.00000 0.00000 -1.00000 0.00000 0.00000 -1.00000 0.00000 1.00000 0.00000 0.00000 1.00000 0.00000 0.00000 0.00000 1.00000 0.00000 0.00000 1.00000 -0.00000 -1.00000 0.00000 0.00000 -1.00000 0.00000 0.00000 0.00000 0.00000 -1.00000 0.00000 0.00000 -1.00000 0.00000 0.00000 1.00000 0.00000 0.00000 1.00000 0.00000 -1.00000 0.00000 0.00000 -1.00000 0.00000 1.00000 0.00000 0.00000 1.00000 0.00000 0.00000 0.00000 1.00000 0.00000 0.00000 1.00000 -0.00000 -1.00000 0.00000 0.00000 -1.00000 0.00000 0.00000 0.00000 0.00000 -1.00000 0.00000 0.00000 -1.00000 0.00000 0.00000 1.00000 0.00000 0.00000 1.00000 0.00000 -1.00000 0.00000 0.00000 -1.00000 0.00000 1.00000 0.00000 0.00000 1.00000 0.00000 0.00000 0.00000 1.00000 0.00000 0.00000 1.00000 -0.00000 -1.00000 0.00000 0.00000 -1.00000 0.00000 0.00000 0.00000 0.00000 -1.00000 0.00000 0.00000 -1.00000 0.00000 0.00000 1.00000 0.00000 0.00000 1.00000 0.00000 -1.00000 0.00000 0.00000 -1.00000 0.00000 1.00000 0.00000 0.00000 1.00000 0.00000 0.00000 0.00000 1.00000 0.00000 0.00000 1.00000 -0.00000 -1.00000 0.00000 0.00000 -1.00000 0.00000 0.00000 0.00000 0.00000 -1.00000 0.00000 0.00000 -1.00000 0.00000 0.00000 1.00000 0.00000 0.00000 1.00000 0.00000 -1.00000 0.00000 0.00000 -1.00000 0.00000 1.00000 0.00000 0.00000 1.00000 0.00000 0.00000 0.00000 1.00000 0.00000 0.00000 1.00000 -0.00000 -1.00000 0.00000 0.00000 -1.00000 0.00000 0.00000 0.00000 0.00000 -1.00000 0.00000 0.00000 -1.00000 0.00000 0.00000 1.00000 0.00000 0.00000 1.00000 0.00000 -1.00000 0.00000 0.00000 -1.00000 0.00000 1.00000 0.00000 0.00000 1.00000 0.00000 0.00000 0.00000 1.00000 0.00000 0.00000 1.00000 -0.00000 -1.00000 0.00000 0.00000 -1.00000 0.00000 0.00000 0.00000 0.00000 -1.00000 0.00000 0.00000 -1.00000 0.00000 0.00000 1.00000 0.00000 0.00000 1.00000 0.00000 -1.00000 0.00000 0.00000 -1.00000 0.00000 1.00000 0.00000 0.00000 1.00000 0.00000 0.00000 0.00000 1.00000 0.00000 0.00000 1.00000 -0.00000 -1.00000 0.00000 0.00000 -1.00000 0.00000 0.00000 0.00000 0.00000 -1.00000 0.00000 0.00000 -1.00000 0.00000 0.00000 1.00000 0.00000 0.00000 1.00000 0.00000 -1.00000 0.00000 0.00000 -1.00000 0.00000 1.00000 0.00000 0.00000 1.00000 0.00000 0.00000 0.00000 1.00000 0.00000 0.00000 1.00000 -0.00000 -1.00000 0.00000 0.00000 -1.00000 0.00000 0.00000 0.00000 0.00000 -1.00000 0.00000 0.00000 -1.00000 0.00000 0.00000 1.00000 0.00000 0.00000 1.00000 0.00000 -1.00000 0.00000 0.00000 -1.00000 0.00000 1.00000 0.00000 0.00000 1.00000 0.00000 0.00000 0.00000 1.00000 0.00000 0.00000 1.00000 -0.00000 -1.00000 0.00000 0.00000 -1.00000 0.00000 0.00000 0.00000 0.00000 -1.00000 0.00000 0.00000 -1.00000 0.00000 0.00000 1.00000 0.00000 0.00000 1.00000 0.00000 -1.00000 0.00000 0.00000 -1.00000 0.00000 1.00000 0.00000 0.00000 1.00000 0.00000 0.00000 0.00000 1.00000 0.00000 0.00000 1.00000 -0.00000 -1.00000 0.00000 0.00000 -1.00000 0.00000 0.00000 0.00000 0.00000 -1.00000 0.00000 0.00000 -1.00000 0.00000 0.00000 1.00000 0.00000 0.00000 1.00000 0.00000 -1.00000 0.00000 0.00000 -1.00000 0.00000 1.00000 0.00000 0.00000 1.00000 0.00000 0.00000 0.00000 1.00000 0.00000 0.00000 1.00000 -0.00000 -1.00000 0.00000 0.00000 -1.00000 0.00000 0.00000 0.00000 0.00000 -1.00000 0.00000 0.00000 -1.00000 0.00000 0.00000 1.00000 0.00000 0.00000 1.00000 0.00000 -1.00000 0.00000 0.00000 -1.00000 0.00000 1.00000 0.00000 0.00000 1.00000 0.00000 0.00000 0.00000 1.00000 0.00000 0.00000 1.00000 -0.00000 -1.00000 0.00000 0.00000 -1.00000 0.00000 0.00000 0.00000 0.00000 -1.00000 0.00000 0.00000 -1.00000 0.00000 0.00000 1.00000 0.00000 0.00000 1.00000 0.00000 -1.00000 0.00000 0.00000 -1.00000 0.00000 1.00000 0.00000 0.00000 1.00000 0.00000 0.00000 0.00000 1.00000 0.00000 0.00000 1.00000 -0.00000 -1.00000 0.00000 0.00000 -1.00000 0.00000 0.00000 0.00000 0.00000 -1.00000 0.00000 0.00000 -1.00000 0.00000 0.00000 1.00000 0.00000 0.00000 1.00000 0.00000 -1.00000 0.00000 0.00000 -1.00000 0.00000 1.00000 0.00000 0.00000 1.00000 0.00000 0.00000 0.00000 1.00000 0.00000 0.00000 1.00000 -0.00000 -1.00000 0.00000 0.00000 -1.00000 0.00000 0.00000 0.00000 0.00000 -1.00000 0.00000 0.00000 -1.00000 0.00000 0.00000 1.00000 0.00000 0.00000 1.00000 0.00000 -1.00000 0.00000 0.00000 -1.00000 0.00000 1.00000 0.00000 0.00000 1.00000 0.00000 0.00000 0.00000 1.00000 0.00000 0.00000 1.00000 -0.00000 -1.00000 0.00000 0.00000 -1.00000 0.00000 0.00000 0.00000 0.00000 -1.00000 0.00000 0.00000 -1.00000 0.00000 0.00000 1.00000 0.00000 0.00000 1.00000 0.00000 -1.00000 0.00000 0.00000 -1.00000 0.00000 1.00000 0.00000 0.00000 1.00000 0.00000 0.00000 0.00000 1.00000 0.00000 0.00000 1.00000 -0.00000 -1.00000 0.00000 0.00000 -1.00000 0.00000 0.00000 -0.00000 0.00000 -1.00000 0.00000 -0.00000 -1.00000 0.00000 0.00000 1.00000 0.00000 0.00000 1.00000 0.00000 1.00000 0.00000 0.00000 1.00000 -0.00000 -1.00000 0.00000 0.00000 -1.00000 0.00000 0.00000 0.00000 -1.00000 0.00000 0.00000 -1.00000 0.00000 1.00000 0.00000 0.00000 1.00000 0.00000 0.00000 -0.00000 0.00000 -1.00000 0.00000 -0.00000 -1.00000 0.00000 0.00000 1.00000 0.00000 0.00000 1.00000 0.00000 1.00000 0.00000 0.00000 1.00000 -0.00000 -1.00000 0.00000 0.00000 -1.00000 0.00000 0.00000 0.00000 -1.00000 0.00000 0.00000 -1.00000 0.00000 1.00000 0.00000 0.00000 1.00000 0.00000 0.00000 -0.00000 0.00000 -1.00000 0.00000 -0.00000 -1.00000 0.00000 0.00000 1.00000 0.00000 0.00000 1.00000 0.00000 1.00000 0.00000 0.00000 1.00000 -0.00000 -1.00000 0.00000 0.00000 -1.00000 0.00000 0.00000 0.00000 -1.00000 0.00000 0.00000 -1.00000 0.00000 1.00000 0.00000 0.00000 1.00000 0.00000 0.00000 -0.00000 0.00000 -1.00000 0.00000 -0.00000 -1.00000 0.00000 0.00000 1.00000 0.00000 0.00000 1.00000 0.00000 1.00000 0.00000 0.00000 1.00000 -0.00000 -1.00000 0.00000 0.00000 -1.00000 0.00000 0.00000 0.00000 -1.00000 0.00000 0.00000 -1.00000 0.00000 1.00000 0.00000 0.00000 1.00000 0.00000 0.00000 -0.00000 0.00000 -1.00000 0.00000 -0.00000 -1.00000 0.00000 0.00000 1.00000 0.00000 0.00000 1.00000 0.00000 1.00000 0.00000 0.00000 1.00000 -0.00000 -1.00000 0.00000 0.00000 -1.00000 0.00000 0.00000 0.00000 -1.00000 0.00000 0.00000 -1.00000 0.00000 1.00000 0.00000 0.00000 1.00000 0.00000 0.00000 -0.00000 0.00000 -1.00000 0.00000 -0.00000 -1.00000 0.00000 0.00000 1.00000 0.00000 0.00000 1.00000 0.00000 1.00000 0.00000 0.00000 1.00000 -0.00000 -1.00000 0.00000 0.00000 -1.00000 0.00000 0.00000 0.00000 -1.00000 0.00000 0.00000 -1.00000 0.00000 1.00000 0.00000 0.00000 1.00000 0.00000 0.00000 -0.00000 0.00000 -1.00000 0.00000 -0.00000 -1.00000 0.00000 0.00000 1.00000 0.00000 0.00000 1.00000 0.00000 1.00000 0.00000 0.00000 1.00000 -0.00000 -1.00000 0.00000 0.00000 -1.00000 0.00000 0.00000 0.00000 -1.00000 0.00000 0.00000 -1.00000 0.00000 1.00000 0.00000 0.00000 1.00000 0.00000 0.00000 -0.00000 0.00000 -1.00000 0.00000 -0.00000 -1.00000 0.00000 0.00000 1.00000 0.00000 0.00000 1.00000 0.00000 1.00000 0.00000 0.00000 1.00000 -0.00000 -1.00000 0.00000 0.00000 -1.00000 0.00000 0.00000 0.00000 -1.00000 0.00000 0.00000 -1.00000 0.00000 1.00000 0.00000 0.00000 1.00000 0.00000 0.00000 0.00000 0.00000 -1.00000 0.00000 0.00000 -1.00000 0.00000 0.00000 1.00000 0.00000 0.00000 1.00000 0.00000 -1.00000 0.00000 0.00000 -1.00000 0.00000 1.00000 0.00000 0.00000 1.00000 0.00000 0.00000 0.00000 1.00000 0.00000 0.00000 1.00000 -0.00000 -1.00000 0.00000 0.00000 -1.00000 0.00000 0.00000 0.00000 0.00000 -1.00000 0.00000 0.00000 -1.00000 0.00000 0.00000 1.00000 0.00000 0.00000 1.00000 0.00000 -1.00000 0.00000 0.00000 -1.00000 0.00000 1.00000 0.00000 0.00000 1.00000 0.00000 0.00000 0.00000 1.00000 0.00000 0.00000 1.00000 -0.00000 -1.00000 0.00000 0.00000 -1.00000 0.00000 0.00000 0.00000 0.00000 -1.00000 0.00000 0.00000 -1.00000 0.00000 0.00000 1.00000 0.00000 0.00000 1.00000 0.00000 -1.00000 0.00000 0.00000 -1.00000 0.00000 1.00000 0.00000 0.00000 1.00000 0.00000 0.00000 0.00000 1.00000 0.00000 0.00000 1.00000 -0.00000 -1.00000 0.00000 0.00000 -1.00000 0.00000 0.00000 0.00000 0.00000 -1.00000 0.00000 0.00000 -1.00000 0.00000 0.00000 1.00000 0.00000 0.00000 1.00000 0.00000 -1.00000 0.00000 0.00000 -1.00000 0.00000 1.00000 0.00000 0.00000 1.00000 0.00000 0.00000 0.00000 1.00000 0.00000 0.00000 1.00000 -0.00000 -1.00000 0.00000 0.00000 -1.00000 0.00000 0.00000 0.00000 0.00000 -1.00000 0.00000 0.00000 -1.00000 0.00000 0.00000 1.00000 0.00000 0.00000 1.00000 0.00000 -1.00000 0.00000 0.00000 -1.00000 0.00000 1.00000 0.00000 0.00000 1.00000 0.00000 0.00000 0.00000 1.00000 0.00000 0.00000 1.00000 -0.00000 -1.00000 0.00000 0.00000 -1.00000 0.00000 0.00000 0.00000 0.00000 -1.00000 0.00000 0.00000 -1.00000 0.00000 0.00000 1.00000 0.00000 0.00000 1.00000 0.00000 -1.00000 0.00000 0.00000 -1.00000 0.00000 1.00000 0.00000 0.00000 1.00000 0.00000 0.00000 0.00000 1.00000 0.00000 0.00000 1.00000 -0.00000 -1.00000 0.00000 0.00000 -1.00000 0.00000 0.00000 0.00000 0.00000 -1.00000 0.00000 0.00000 -1.00000 0.00000 0.00000 1.00000 0.00000 0.00000 1.00000 0.00000 -1.00000 0.00000 0.00000 -1.00000 0.00000 1.00000 0.00000 0.00000 1.00000 0.00000 0.00000 0.00000 1.00000 0.00000 0.00000 1.00000 -0.00000 -1.00000 0.00000 0.00000 -1.00000 0.00000 0.00000 0.00000 0.00000 -1.00000 0.00000 0.00000 -1.00000 0.00000 0.00000 1.00000 0.00000 0.00000 1.00000 0.00000 -1.00000 0.00000 0.00000 -1.00000 0.00000 1.00000 0.00000 0.00000 1.00000 0.00000 0.00000 0.00000 1.00000 0.00000 0.00000 1.00000 -0.00000 -1.00000 0.00000 0.00000 -1.00000 0.00000 0.00000 0.00000 0.00000 -1.00000 0.00000 0.00000 -1.00000 0.00000 0.00000 1.00000 0.00000 0.00000 1.00000 0.00000 -1.00000 0.00000 0.00000 -1.00000 0.00000 1.00000 0.00000 0.00000 1.00000 0.00000 0.00000 0.00000 1.00000 0.00000 0.00000 1.00000 -0.00000 -1.00000 0.00000 0.00000 -1.00000 0.00000 0.00000 0.00000 0.00000 -1.00000 0.00000 0.00000 -1.00000 0.00000 0.00000 1.00000 0.00000 0.00000 1.00000 0.00000 -1.00000 0.00000 0.00000 -1.00000 0.00000 1.00000 0.00000 0.00000 1.00000 0.00000 0.00000 0.00000 1.00000 0.00000 0.00000 1.00000 -0.00000 -1.00000 0.00000 0.00000 -1.00000 0.00000 0.00000 0.00000 0.00000 -1.00000 0.00000 0.00000 -1.00000 0.00000 0.00000 1.00000 0.00000 0.00000 1.00000 0.00000 -1.00000 0.00000 0.00000 -1.00000 0.00000 1.00000 0.00000 0.00000 1.00000 0.00000 0.00000 0.00000 1.00000 0.00000 0.00000 1.00000 -0.00000 -1.00000 0.00000 0.00000 -1.00000 0.00000 0.00000 0.00000 0.00000 -1.00000 0.00000 0.00000 -1.00000 0.00000 0.00000 1.00000 0.00000 0.00000 1.00000 0.00000 -1.00000 0.00000 0.00000 -1.00000 0.00000 1.00000 0.00000 0.00000 1.00000 0.00000 0.00000 0.00000 1.00000 0.00000 0.00000 1.00000 -0.00000 -1.00000 0.00000 0.00000 -1.00000 0.00000 0.00000 0.00000 0.00000 -1.00000 0.00000 0.00000 -1.00000 0.00000 0.00000 1.00000 0.00000 0.00000 1.00000 0.00000 -1.00000 0.00000 0.00000 -1.00000 0.00000 1.00000 0.00000 0.00000 1.00000 0.00000 0.00000 0.00000 1.00000 0.00000 0.00000 1.00000 -0.00000 -1.00000 0.00000 0.00000 -1.00000 0.00000 0.00000 0.00000 0.00000 -1.00000 0.00000 0.00000 -1.00000 0.00000 0.00000 1.00000 0.00000 0.00000 1.00000 0.00000 -1.00000 0.00000 0.00000 -1.00000 0.00000 1.00000 0.00000 0.00000 1.00000 0.00000 0.00000 0.00000 1.00000 0.00000 0.00000 1.00000 -0.00000 -1.00000 0.00000 0.00000 -1.00000 0.00000 0.00000 0.00000 0.00000 -1.00000 0.00000 0.00000 -1.00000 0.00000 0.00000 1.00000 0.00000 0.00000 1.00000 0.00000 -1.00000 0.00000 0.00000 -1.00000 0.00000 1.00000 0.00000 0.00000 1.00000 0.00000 0.00000 0.00000 1.00000 0.00000 0.00000 1.00000 -0.00000 -1.00000 0.00000 0.00000 -1.00000 0.00000 0.00000 0.00000 0.00000 -1.00000 0.00000 0.00000 -1.00000 0.00000 0.00000 1.00000 0.00000 0.00000 1.00000 0.00000 -1.00000 0.00000 0.00000 -1.00000 0.00000 1.00000 0.00000 0.00000 1.00000 0.00000 0.00000 0.00000 1.00000 0.00000 0.00000 1.00000 -0.00000 -1.00000 0.00000 0.00000 -1.00000 0.00000 0.00000 0.00000 0.00000 -1.00000 0.00000 0.00000 -1.00000 0.00000 0.00000 1.00000 0.00000 0.00000 1.00000 0.00000 -1.00000 0.00000 0.00000 -1.00000 0.00000 1.00000 0.00000 0.00000 1.00000 0.00000 0.00000 0.00000 1.00000 0.00000 0.00000 1.00000 -0.00000 -1.00000 0.00000 0.00000 -1.00000 0.00000 0.00000 0.00000 0.00000 -1.00000 0.00000 0.00000 -1.00000 0.00000 0.00000 1.00000 0.00000 0.00000 1.00000 0.00000 -1.00000 0.00000 0.00000 -1.00000 0.00000 1.00000 0.00000 0.00000 1.00000 0.00000 0.00000 0.00000 1.00000 0.00000 0.00000 1.00000 -0.00000 -1.00000 0.00000 0.00000 -1.00000 0.00000 0.00000 0.00000 0.00000 -1.00000 0.00000 0.00000 -1.00000 0.00000 0.00000 1.00000 0.00000 0.00000 1.00000 0.00000 -1.00000 0.00000 0.00000 -1.00000 0.00000 1.00000 0.00000 0.00000 1.00000 0.00000 0.00000 0.00000 1.00000 0.00000 0.00000 1.00000 -0.00000 -1.00000 0.00000 0.00000 -1.00000 0.00000 0.00000 0.00000 0.00000 -1.00000 0.00000 0.00000 -1.00000 0.00000 0.00000 1.00000 0.00000 0.00000 1.00000 0.00000 -1.00000 0.00000 0.00000 -1.00000 0.00000 1.00000 0.00000 0.00000 1.00000 0.00000 0.00000 0.00000 1.00000 0.00000 0.00000 1.00000 -0.00000 -1.00000 0.00000 0.00000 -1.00000 0.00000 0.00000 0.00000 0.00000 -1.00000 0.00000 0.00000 -1.00000 0.00000 0.00000 1.00000 0.00000 0.00000 1.00000 0.00000 -1.00000 0.00000 0.00000 -1.00000 0.00000 1.00000 0.00000 0.00000 1.00000 0.00000 0.00000 0.00000 1.00000 0.00000 0.00000 1.00000 -0.00000 -1.00000 0.00000 0.00000 -1.00000 0.00000 0.00000 0.00000 0.00000 -1.00000 0.00000 0.00000 -1.00000 0.00000 0.00000 1.00000 0.00000 0.00000 1.00000 0.00000 -1.00000 0.00000 0.00000 -1.00000 0.00000 1.00000 0.00000 0.00000 1.00000 0.00000 0.00000 0.00000 1.00000 0.00000 0.00000 1.00000 -0.00000 -1.00000 0.00000 0.00000 -1.00000 0.00000 0.00000 0.00000 0.00000 -1.00000 0.00000 0.00000 -1.00000 0.00000 0.00000 1.00000 0.00000 0.00000 1.00000 0.00000 -1.00000 0.00000 0.00000 -1.00000 0.00000 1.00000 0.00000 0.00000 1.00000 0.00000 0.00000 0.00000 1.00000 0.00000 0.00000 1.00000 -0.00000 -1.00000 0.00000 0.00000 -1.00000 0.00000 0.00000 0.00000 0.00000 -1.00000 0.00000 0.00000 -1.00000 0.00000 0.00000 1.00000 0.00000 0.00000 1.00000 0.00000 -1.00000 0.00000 0.00000 -1.00000 0.00000 1.00000 0.00000 0.00000 1.00000 0.00000 0.00000 0.00000 1.00000 0.00000 0.00000 1.00000 -0.00000 -1.00000 0.00000 0.00000 -1.00000 0.00000 0.00000 0.00000 0.00000 -1.00000 0.00000 0.00000 -1.00000 0.00000 0.00000 1.00000 0.00000 0.00000 1.00000 0.00000 -1.00000 0.00000 0.00000 -1.00000 0.00000 1.00000 0.00000 0.00000 1.00000 0.00000 0.00000 0.00000 1.00000 0.00000 0.00000 1.00000 -0.00000 -1.00000 0.00000 0.00000 -1.00000 0.00000 0.00000 0.00000 0.00000 -1.00000 0.00000 0.00000 -1.00000 0.00000 0.00000 1.00000 0.00000 0.00000 1.00000 0.00000 -1.00000 0.00000 0.00000 -1.00000 0.00000 1.00000 0.00000 0.00000 1.00000 0.00000 0.00000 0.00000 1.00000 0.00000 0.00000 1.00000 -0.00000 -1.00000 0.00000 0.00000 -1.00000 0.00000 0.00000 0.00000 0.00000 -1.00000 0.00000 0.00000 -1.00000 0.00000 0.00000 1.00000 0.00000 0.00000 1.00000 0.00000 -1.00000 0.00000 0.00000 -1.00000 0.00000 1.00000 0.00000 0.00000 1.00000 0.00000 0.00000 0.00000 1.00000 0.00000 0.00000 1.00000 -0.00000 -1.00000 0.00000 0.00000 -1.00000 0.00000 0.00000 0.00000 0.00000 -1.00000 0.00000 0.00000 -1.00000 0.00000 0.00000 1.00000 0.00000 0.00000 1.00000 0.00000 -1.00000 0.00000 0.00000 -1.00000 0.00000 1.00000 0.00000 0.00000 1.00000 0.00000 0.00000 0.00000 1.00000 0.00000 0.00000 1.00000 -0.00000 -1.00000 0.00000 0.00000 -1.00000 0.00000 0.00000 0.00000 0.00000 -1.00000 0.00000 0.00000 -1.00000 0.00000 0.00000 1.00000 0.00000 0.00000 1.00000 0.00000 -1.00000 0.00000 0.00000 -1.00000 0.00000 1.00000 0.00000 0.00000 1.00000 0.00000 0.00000 0.00000 1.00000 0.00000 0.00000 1.00000 -0.00000 -1.00000 0.00000 0.00000 -1.00000 0.00000 0.00000 0.00000 0.00000 -1.00000 0.00000 0.00000 -1.00000 0.00000 0.00000 1.00000 0.00000 0.00000 1.00000 0.00000 -1.00000 0.00000 0.00000 -1.00000 0.00000 1.00000 0.00000 0.00000 1.00000 0.00000 0.00000 0.00000 1.00000 0.00000 0.00000 1.00000 -0.00000 -1.00000 0.00000 0.00000 -1.00000 0.00000 0.00000 0.00000 0.00000 -1.00000 0.00000 0.00000 -1.00000 0.00000 0.00000 1.00000 0.00000 0.00000 1.00000 0.00000 -1.00000 0.00000 0.00000 -1.00000 0.00000 1.00000 0.00000 0.00000 1.00000 0.00000 0.00000 0.00000 1.00000 0.00000 0.00000 1.00000 -0.00000 -1.00000 0.00000 0.00000 -1.00000 0.00000 0.00000 0.00000 0.00000 -1.00000 0.00000 0.00000 -1.00000 0.00000 0.00000 1.00000 0.00000 0.00000 1.00000 0.00000 -1.00000 0.00000 0.00000 -1.00000 0.00000 1.00000 0.00000 0.00000 1.00000 0.00000 0.00000 0.00000 1.00000 0.00000 0.00000 1.00000 -0.00000 -1.00000 0.00000 0.00000 -1.00000 0.00000 0.00000 0.00000 0.00000 -1.00000 0.00000 0.00000 -1.00000 0.00000 0.00000 1.00000 0.00000 0.00000 1.00000 0.00000 -1.00000 0.00000 0.00000 -1.00000 0.00000 1.00000 0.00000 0.00000 1.00000 0.00000 0.00000 0.00000 1.00000 0.00000 0.00000 1.00000 -0.00000 -1.00000 0.00000 0.00000 -1.00000 0.00000 0.00000 0.00000 0.00000 -1.00000 0.00000 0.00000 -1.00000 0.00000 0.00000 1.00000 0.00000 0.00000 1.00000 0.00000 -1.00000 0.00000 0.00000 -1.00000 0.00000 1.00000 0.00000 0.00000 1.00000 0.00000 0.00000 0.00000 1.00000 0.00000 0.00000 1.00000 -0.00000 -1.00000 0.00000 0.00000 -1.00000 0.00000 0.00000 0.00000 0.00000 -1.00000 0.00000 0.00000 -1.00000 0.00000 0.00000 1.00000 0.00000 0.00000 1.00000 0.00000 -1.00000 0.00000 0.00000 -1.00000 0.00000 1.00000 0.00000 0.00000 1.00000 0.00000 0.00000 0.00000 1.00000 0.00000 0.00000 1.00000 -0.00000 -1.00000 0.00000 0.00000 -1.00000 0.00000 0.00000 0.00000 0.00000 -1.00000 0.00000 0.00000 -1.00000 0.00000 0.00000 1.00000 0.00000 0.00000 1.00000 0.00000 -1.00000 0.00000 0.00000 -1.00000 0.00000 1.00000 0.00000 0.00000 1.00000 0.00000 0.00000 0.00000 1.00000 0.00000 0.00000 1.00000 -0.00000 -1.00000 0.00000 0.00000 -1.00000 0.00000 0.00000 0.00000 0.00000 -1.00000 0.00000 0.00000 -1.00000 0.00000 0.00000 1.00000 0.00000 0.00000 1.00000 0.00000 -1.00000 0.00000 0.00000 -1.00000 0.00000 1.00000 0.00000 0.00000 1.00000 0.00000 0.00000 0.00000 1.00000 0.00000 0.00000 1.00000 -0.00000 -1.00000 0.00000 0.00000 -1.00000 0.00000 0.00000 0.00000 0.00000 -1.00000 0.00000 0.00000 -1.00000 0.00000 0.00000 1.00000 0.00000 0.00000 1.00000 0.00000 -1.00000 0.00000 0.00000 -1.00000 0.00000 1.00000 0.00000 0.00000 1.00000 0.00000 0.00000 0.00000 1.00000 0.00000 0.00000 1.00000 -0.00000 -1.00000 0.00000 0.00000 -1.00000 0.00000 0.00000 -0.00000 0.00000 -1.00000 0.00000 -0.00000 -1.00000 0.00000 0.00000 1.00000 0.00000 0.00000 1.00000 0.00000 1.00000 0.00000 0.00000 1.00000 -0.00000 -1.00000 0.00000 0.00000 -1.00000 0.00000 0.00000 0.00000 -1.00000 0.00000 0.00000 -1.00000 0.00000 1.00000 0.00000 0.00000 1.00000 0.00000 0.00000 0.00000 0.00000 -1.00000 0.00000 0.00000 -1.00000 0.00000 0.00000 1.00000 0.00000 0.00000 1.00000 0.00000 -1.00000 0.00000 0.00000 -1.00000 0.00000 1.00000 0.00000 0.00000 1.00000 0.00000 0.00000 0.00000 1.00000 0.00000 0.00000 1.00000 -0.00000 -1.00000 0.00000 0.00000 -1.00000 0.00000 0.00000</float_array><technique_common><accessor source="#normals-array" count="4416" stride="3"><param name="X" type="float"/><param name="Y" type="float"/><param name="Z" type="float"/></accessor></technique_common></source>
<vertices id="vertices"><input semantic="POSITION" source="#positions"/></vertices><triangles count="4416"><input semantic="VERTEX" source="#vertices" offset="0"/><input semantic="NORMAL" source="#normals" offset="1"/><p>0 0 2 0 1 0 0 1 3 1 2 1 4 2 5 2 6 2 4 3 6 3 7 3 0 4 1 4 5 4 0 5 5 5 4 5 1 6 2 6 6 6 1 7 6 7 5 7 2 8 3 8 7 8 2 9 7 9 6 9 3 10 0 10 4 10 3 11 4 11 7 11 8 12 10 12 9 12 8 13 11 13 10 13 12 14 13 14 14 14 12 15 14 15 15 15 8 16 9 16 13 16 8 17 13 17 12 17 9 18 10 18 14 18 9 19 14 19 13 19 10 20 11 20 15 20 10 21 15 21 14 21 11 22 8 22 12 22 11 23 12 23 15 23 16 24 18 24 17 24 16 25 19 25 18 25 20 26 21 26 22 26 20 27 22 27 23 27 16 28 17 28 21 28 16 29 21 29 20 29 17 30 18 30 22 30 17 31 22 31 21 31 18 32 19 32 23 32 18 33 23 33 22 33 19 34 16 34 20 34 19 35 20 35 23 35 24 36 26 36 25 36 24 37 27 37 26 37 28 38 29 38 30 38 28 39 30 39 31 39 24 40 25 40 29 40 24 41 29 41 28 41 25 42 26 42 30 42 25 43 30 43 29 43 26 44 27 44 31 44 26 45 31 45 30 45 27 46 24 46 28 46 27 47 28 47 31 47 32 48 34 48 33 48 32 49 35 49 34 49 36 50 37 50 38 50 36 51 38 51 39 51 32 52 33 52 37 52 32 53 37 53 36 53 33 54 34 54 38 54 33 55 38 55 37 55 34 56 35 56 39 56 34 57 39 57 38 57 35 58 32 58 36 58 35 59 36 59 39 59 40 60 42 60 41 60 40 61 43 61 42 61 44 62 45 62 46 62 44 63 46 63 47 63 40 64 41 64 45 64 40 65 45 65 44 65 41 66 42 66 46 66 41 67 46 67 45 67 42 68 43 68 47 68 42 69 47 69 46 69 43 70 40 70 44 70 43 71 44 71 47 71 48 72 50 72 49 72 48 73 51 73 50 73 52 74 53 74 54 74 52 75 54 75 55 75 48 76 49 76 53 76 48 77 53 77 52 77 49 78 50 78 54 78 49 79 54 79 53 79 50 80 51 80 55 80 50 81 55 81 54 81 51 82 48 82 52 82 51 83 52 83 55 83 56 84 58 84 57 84 56 85 59 85 58 85 60 86 61 86 62 86 60 87 62 87 63 87 56 88 57 88 61 88 56 89 61 89 60 89 57 90 58 90 62 90 57 91 62 91 61 91 58 92 59 92 63 92 58 93 63 93 62 93 59 94 56 94 60 94 59 95 60 95 63 95 64 96 66 96 65 96 64 97 67 97 66 97 68 98 69 98 70 98 68 99 70 99 71 99 64 100 65 100 69 100 64 101 69 101 68 101 65 102 66 102 70 102 65 103 70 103 69 103 66 104 67 104 71 104 66 105 71 105 70 105 67 106 64 106 68 106 67 107 68 107 71 107 72 108 74 108 73 108 72 109 75 109 74 109 76 110 77 110 78 110 76 111 78 111 79 111 72 112 73 112 77 112 72 113 77 113 76 113 73 114 74 114 78 114 73 115 78 115 77 115 74 116 75 116 79 116 74 117 79 117 78 117 75 118 72 118 76 118 75 119 76 119 79 119 80 120 82 120 81 120 80 121 83 121 82 121 84 122 85 122 86 122 84 123 86 123 87 123 80 124 81 124 85 124 80 125 85 125 84 125 81 126 82 126 86 126 81 127 86 127 85 127 82 128 83 128 87 128 82 129 87 129 86 129 83 130 80 130 84 130 83 131 84 131 87 131 88 132 90 132 89 132 88 133 91 133 90 133 92 134 93 134 94 134 92 135 94 135 95 135 88 136 89 136 93 136 88 137 93 137 92 137 89 138 90 138 94 138 89 139 94 139 93 139 90 140 91 140 95 140 90 141 95 141 94 141 91 142 88 142 92 142 91 143 92 143 95 143 96 144 98 144 97 144 96 145 99 145 98 145 100 146 101 146 102 146 100 147 102 147 103 147 96 148 97 148 101 148 96 149 101 149 100 149 97 150 98 150 102 150 97 151 102 151 101 151 98 152 99 152 103 152 98 153 103 153 102 153 99 154 96 154 100 154 99 155 100 155 103 155 104 156 106 156 105 156 104 157 107 157 106 157 108 158 109 158 110 158 108 159 110 159 111 159 104 160 105 160 109 160 104 161 109 161 108 161 105 162 106 162 110 162 105 163 110 163 109 163 106 164 107 164 111 164 106 165 111 165 110 165 107 166 104 166 108 166 107 167 108 167 111 167 112 168 114 168 113 168 112 169 115 169 114 169 116 170 117 170 118 170 116 171 118 171 119 171 112 172 113 172 117 172 112 173 117 173 116 173 113 174 114 174 118 174 113 175 118 175 117 175 114 176 115 176 119 176 114 177 119 177 118 177 115 178 112 178 116 178 115 179 116 179 119 179 120 180 122 180 121 180 120 181 123 181 122 181 124 182 125 182 126 182 124 183 126 183 127 183 120 184 121 184 125 184 120 185 125 185 124 185 121 186 122 186 126 186 121 187 126 187 125 187 122 188 123 188 127 188 122 189 127 189 126 189 123 190 120 190 124 190 123 191 124 191 127 191 128 192 130 192 129 192 128 193 131 193 130 193 132 194 133 194 134 194 132 195 134 195 135 195 128 196 129 196 133 196 128 197 133 197 132 197 129 198 130 198 134 198 129 199 134 199 133 199 130 200 131 200 135 200 130 201 135 201 134 201 131 202 128 202 132 202 131 203 132 203 135 203 136 204 138 204 137 204 136 205 139 205 138 205 140 206 141 206 142 206 140 207 142 207 143 207 136 208 137 208 141 208 136 209 141 209 140 209 137 210 138 210 142 210 137 211 142 211 141 211 138 212 139 212 143 212 138 213 143 213 142 213 139 214 136 214 140 214 139 215 140 215 143 215 144 216 146 216 145 216 144 217 147 217 146 217 148 218 149 218 150 218 148 219 150 219 151 219 144 220 145 220 149 220 144 221 149 221 148 221 145 222 146 222 150 222 145 223 150 223 149 223 146 224 147 224 151 224 146 225 151 225 150 225 147 226 144 226 148 226 147 227 148 227 151 227 152 228 154 228 153 228 152 229 155 229 154 229 156 230 157 230 158 230 156 231 158 231 159 231 152 232 153 232 157 232 152 233 157 233 156 233 153 234 154 234 158 234 153 235 158 235 157 235 154 236 155 236 159 236 154 237 159 237 158 237 155 238 152 238 156 238 155 239 156 239 159 239 160 240 162 240 161 240 160 241 163 241 162 241 164 242 165 242 166 242 164 243 166 243 167 243 160 244 161 244 165 244 160 245 165 245 164 245 161 246 162 246 166 246 161 247 166 247 165 247 162 248 163 248 167 248 162 249 167 249 166 249 163 250 160 250 164 250 163 251 164 251 167 251 168 252 170 252 169 252 168 253 171 253 170 253 172 254 173 254 174 254 172 255 174 255 175 255 168 256 169 256 173 256 168 257 173 257 172 257 169 258 170 258 174 258 169 259 174 259 173 259 170 260 171 260 175 260 170 261 175 261 174 261 171 262 168 262 172 262 171 263 172 263 175 263 176 264 178 264 177 264 176 265 179 265 178 265 180 266 181 266 182 266 180 267 182 267 183 267 176 268 177 268 181 268 176 269 181 269 180 269 177 270 178 270 182 270 177 271 182 271 181 271 178 272 179 272 183 272 178 273 183 273 182 273 179 274 176 274 180 274 179 275 180 275 183 275 184 276 186 276 185 276 184 277 187 277 186 277 188 278 189 278 190 278 188 279 190 279 191 279 184 280 185 280 189 280 184 281 189 281 188 281 185 282 186 282 190 282 185 283 190 283 189 283 186 284 187 284 191 284 186 285 191 285 190 285 187 286 184 286 188 286 187 287 188 287 191 287 192 288 194 288 193 288 192 289 195 289 194 289 196 290 197 290 198 290 196 291 198 291 199 291 192 292 193 292 197 292 192 293 197 293 196 293 193 294 194 294 198 294 193 295 198 295 197 295 194 296 195 296 199 296 194 297 199 297 198 297 195 298 192 298 196 298 195 299 196 299 199 299 200 300 202 300 201 300 200 301 203 301 202 301 204 302 205 302 206 302 204 303 206 303 207 303 200 304 201 304 205 304 200 305 205 305 204 305 201 306 202 306 206 306 201 307 206 307 205 307 202 308 203 308 207 308 202 309 207 309 206 309 203 310 200 310 204 310 203 311 204 311 207 311 208 312 210 312 209 312 208 313 211 313 210 313 212 314 213 314 214 314 212 315 214 315 215 315 208 316 209 316 213 316 208 317 213 317 212 317 209 318 210 318 214 318 209 319 214 319 213 319 210 320 211 320 215 320 210 321 215 321 214 321 211 322 208 322 212 322 211 323 212 323 215 323 216 324 218 324 217 324 216 325 219 325 218 325 220 326 221 326 222 326 220 327 222 327 223 327 216 328 217 328 221 328 216 329 221 329 220 329 217 330 218 330 222 330 217 331 222 331 221 331 218 332 219 332 223 332 218 333 223 333 222 333 219 334 216 334 220 334 219 335 220 335 223 335 224 336 226 336 225 336 224 337 227 337 226 337 228 338 229 338 230 338 228 339 230 339 231 339 224 340 225 340 229 340 224 341 229 341 228 341 225 342 226 342 230 342 225 343 230 343 229 343 226 344 227 344 231 344 226 345 231 345 230 345 227 346 224 346 228 346 227 347 228 347 231 347 232 348 234 348 233 348 232 349 235 349 234 349 236 350 237 350 238 350 236 351 238 351 239 351 232 352 233 352 237 352 232 353 237 353 236 353 233 354 234 354 238 354 233 355 238 355 237 355 234 356 235 356 239 356 234 357 239 357 238 357 235 358 232 358 236 358 235 359 236 359 239 359 240 360 242 360 241 360 240 361 243 361 242 361 244 362 245 362 246 362 244 363 246 363 247 363 240 364 241 364 245 364 240 365 245 365 244 365 241 366 242 366 246 366 241 367 246 367 245 367 242 368 243 368 247 368 242 369 247 369 246 369 243 370 240 370 244 370 243 371 244 371 247 371 248 372 250 372 249 372 248 373 251 373 250 373 252 374 253 374 254 374 252 375 254 375 255 375 248 376 249 376 253 376 248 377 253 377 252 377 249 378 250 378 254 378 249 379 254 379 253 379 250 380 251 380 255 380 250 381 255 381 254 381 251 382 248 382 252 382 251 383 252 383 255 383 256 384 258 384 257 384 256 385 259 385 258 385 260 386 261 386 262 386 260 387 262 387 263 387 256 388 257 388 261 388 256 389 261 389 260 389 257 390 258 390 262 390 257 391 262 391 261 391 258 392 259 392 263 392 258 393 263 393 262 393 259 394 256 394 260 394 259 395 260 395 263 395 264 396 266 396 265 396 264 397 267 397 266 397 268 398 269 398 270 398 268 399 270 399 271 399 264 400 265 400 269 400 264 401 269 401 268 401 265 402 266 402 270 402 265 403 270 403 269 403 266 404 267 404 271 404 266 405 271 405 270 405 267 406 264 406 268 406 267 407 268 407 271 407 272 408 274 408 273 408 272 409 275 409 274 409 276 410 277 410 278 410 276 411 278 411 279 411 272 412 273 412 277 412 272 413 277 413 276 413 273 414 274 414 278 414 273 415 278 415 277 415 274 416 275 416 279 416 274 417 279 417 278 417 275 418 272 418 276 418 275 419 276 419 279 419 280 420 282 420 281 420 280 421 283 421 282 421 284 422 285 422 286 422 284 423 286 423 287 423 280 424 281 424 285 424 280 425 285 425 284 425 281 426 282 426 286 426 281 427 286 427 285 427 282 428 283 428 287 428 282 429 287 429 286 429 283 430 280 430 284 430 283 431 284 431 287 431 288 432 290 432 289 432 288 433 291 433 290 433 292 434 293 434 294 434 292 435 294 435 295 435 288 436 289 436 293 436 288 437 293 437 292 437 289 438 290 438 294 438 289 439 294 439 293 439 290 440 291 440 295 440 290 441 295 441 294 441 291 442 288 442 292 442 291 443 292 443 295 443 296 444 298 444 297 444 296 445 299 445 298 445 300 446 301 446 302 446 300 447 302 447 303 447 296 448 297 448 301 448 296 449 301 449 300 449 297 450 298 450 302 450 297 451 302 451 301 451 298 452 299 452 303 452 298 453 303 453 302 453 299 454 296 454 300 454 299 455 300 455 303 455 304 456 306 456 305 456 304 457 307 457 306 457 308 458 309 458 310 458 308 459 310 459 311 459 304 460 305 460 309 460 304 461 309 461 308 461 305 462 306 462 310 462 305 463 310 463 309 463 306 464 307 464 311 464 306 465 311 465 310 465 307 466 304 466 308 466 307 467 308 467 311 467 312 468 314 468 313 468 312 469 315 469 314 469 316 470 317 470 318 470 316 471 318 471 319 471 312 472 313 472 317 472 312 473 317 473 316 473 313 474 314 474 318 474 313 475 318 475 317 475 314 476 315 476 319 476 314 477 319 477 318 477 315 478 312 478 316 478 315 479 316 479 319 479 320 480 322 480 321 480 320 481 323 481 322 481 324 482 325 482 326 482 324 483 326 483 327 483 320 484 321 484 325 484 320 485 325 485 324 485 321 486 322 486 326 486 321 487 326 487 325 487 322 488 323 488 327 488 322 489 327 489 326 489 323 490 320 490 324 490 323 491 324 491 327 491 328 492 330 492 329 492 328 493 331 493 330 493 332 494 333 494 334 494 332 495 334 495 335 495 328 496 329 496 333 496 328 497 333 497 332 497 329 498 330 498 334 498 329 499 334 499 333 499 330 500 331 500 335 500 330 501 335 501 334 501 331 502 328 502 332 502 331 503 332 503 335 503 336 504 338 504 337 504 336 505 339 505 338 505 340 506 341 506 342 506 340 507 342 507 343 507 336 508 337 508 341 508 336 509 341 509 340 509 337 510 338 510 342 510 337 511 342 511 341 511 338 512 339 512 343 512 338 513 343 513 342 513 339 514 336 514 340 514 339 515 340 515 343 515 344 516 346 516 345 516 344 517 347 517 346 517 348 518 349 518 350 518 348 519 350 519 351 519 344 520 345 520 349 520 344 521 349 521 348 521 345 522 346 522 350 522 345 523 350 523 349 523 346 524 347 524 351 524 346 525 351 525 350 525 347 526 344 526 348 526 347 527 348 527 351 527 352 528 354 528 353 528 352 529 355 529 354 529 356 530 357 530 358 530 356 531 358 531 359 531 352 532 353 532 357 532 352 533 357 533 356 533 353 534 354 534 358 534 353 535 358 535 357 535 354 536 355 536 359 536 354 537 359 537 358 537 355 538 352 538 356 538 355 539 356 539 359 539 360 540 362 540 361 540 360 541 363 541 362 541 364 542 365 542 366 542 364 543 366 543 367 543 360 544 361 544 365 544 360 545 365 545 364 545 361 546 362 546 366 546 361 547 366 547 365 547 362 548 363 548 367 548 362 549 367 549 366 549 363 550 360 550 364 550 363 551 364 551 367 551 368 552 370 552 369 552 368 553 371 553 370 553 372 554 373 554 374 554 372 555 374 555 375 555 368 556 369 556 373 556 368 557 373 557 372 557 369 558 370 558 374 558 369 559 374 559 373 559 370 560 371 560 375 560 370 561 375 561 374 561 371 562 368 562 372 562 371 563 372 563 375 563 376 564 378 564 377 564 376 565 379 565 378 565 380 566 381 566 382 566 380 567 382 567 383 567 376 568 377 568 381 568 376 569 381 569 380 569 377 570 378 570 382 570 377 571 382 571 381 571 378 572 379 572 383 572 378 573 383 573 382 573 379 574 376 574 380 574 379 575 380 575 383 575 384 576 386 576 385 576 384 577 387 577 386 577 388 578 389 578 390 578 388 579 390 579 391 579 384 580 385 580 389 580 384 581 389 581 388 581 385 582 386 582 390 582 385 583 390 583 389 583 386 584 387 584 391 584 386 585 391 585 390 585 387 586 384 586 388 586 387 587 388 587 391 587 392 588 394 588 393 588 392 589 395 589 394 589 396 590 397 590 398 590 396 591 398 591 399 591 392 592 393 592 397 592 392 593 397 593 396 593 393 594 394 594 398 594 393 595 398 595 397 595 394 596 395 596 399 596 394 597 399 597 398 597 395 598 392 598 396 598 395 599 396 599 399 599 400 600 402 600 401 600 400 601 403 601 402 601 404 602 405 602 406 602 404 603 406 603 407 603 400 604 401 604 405 604 400 605 405 605 404 605 401 606 402 606 406 606 401 607 406 607 405 607 402 608 403 608 407 608 402 609 407 609 406 609 403 610 400 610 404 610 403 611 404 611 407 611 408 612 410 612 409 612 408 613 411 613 410 613 412 614 413 614 414 614 412 615 414 615 415 615 408 616 409 616 413 616 408 617 413 617 412 617 409 618 410 618 414 618 409 619 414 619 413 619 410 620 411 620 415 620 410 621 415 621 414 621 411 622 408 622 412 622 411 623 412 623 415 623 416 624 418 624 417 624 416 625 419 625 418 625 420 626 421 626 422 626 420 627 422 627 423 627 416 628 417 628 421 628 416 629 421 629 420 629 417 630 418 630 422 630 417 631 422 631 421 631 418 632 419 632 423 632 418 633 423 633 422 633 419 634 416 634 420 634 419 635 420 635 423 635 424 636 426 636 425 636 424 637 427 637 426 637 428 638 429 638 430 638 428 639 430 639 431 639 424 640 425 640 429 640 424 641 429 641 428 641 425 642 426 642 430 642 425 643 430 643 429 643 426 644 427 644 431 644 426 645 431 645 430 645 427 646 424 646 428 646 427 647 428 647 431 647 432 648 434 648 433 648 432 649 435 649 434 649 436 650 437 650 438 650 436 651 438 651 439 651 432 652 433 652 437 652 432 653 437 653 436 653 433 654 434 654 438 654 433 655 438 655 437 655 434 656 435 656 439 656 434 657 439 657 438 657 435 658 432 658 436 658 435 659 436 659 439 659 440 660 442 660 441 660 440 661 443 661 442 661 444 662 445 662 446 662 444 663 446 663 447 663 440 664 441 664 445 664 440 665 445 665 444 665 441 666 442 666 446 666 441 667 446 667 445 667 442 668 443 668 447 668 442 669 447 669 446 669 443 670 440 670 444 670 443 671 444 671 447 671 448 672 450 672 449 672 448 673 451 673 450 673 452 674 453 674 454 674 452 675 454 675 455 675 448 676 449 676 453 676 448 677 453 677 452 677 449 678 450 678 454 678 449 679 454 679 453 679 450 680 451 680 455 680 450 681 455 681 454 681 451 682 448 682 452 682 451 683 452 683 455 683 456 684 458 684 457 684 456 685 459 685 458 685 460 686 461 686 462 686 460 687 462 687 463 687 456 688 457 688 461 688 456 689 461 689 460 689 457 690 458 690 462 690 457 691 462 691 461 691 458 692 459 692 463 692 458 693 463 693 462 693 459 694 456 694 460 694 459 695 460 695 463 695 464 696 466 696 465 696 464 697 467 697 466 697 468 698 469 698 470 698 468 699 470 699 471 699 464 700 465 700 469 700 464 701 469 701 468 701 465 702 466 702 470 702 465 703 470 703 469 703 466 704 467 704 471 704 466 705 471 705 470 705 467 706 464 706 468 706 467 707 468 707 471 707 472 708 474 708 473 708 472 709 475 709 474 709 476 710 477 710 478 710 476 711 478 711 479 711 472 712 473 712 477 712 472 713 477 713 476 713 473 714 474 714 478 714 473 715 478 715 477 715 474 716 475 716 479 716 474 717 479 717 478 717 475 718 472 718 476 718 475 719 476 719 479 719 480 720 482 720 481 720 480 721 483 721 482 721 484 722 485 722 486 722 484 723 486 723 487 723 480 724 481 724 485 724 480 725 485 725 484 725 481 726 482 726 486 726 481 727 486 727 485 727 482 728 483 728 487 728 482 729 487 729 486 729 483 730 480 730 484 730 483 731 484 731 487 731 488 732 490 732 489 732 488 733 491 733 490 733 492 734 493 734 494 734 492 735 494 735 495 735 488 736 489 736 493 736 488 737 493 737 492 737 489 738 490 738 494 738 489 739 494 739 493 739 490 740 491 740 495 740 490 741 495 741 494 741 491 742 488 742 492 742 491 743 492 743 495 743 496 744 498 744 497 744 496 745 499 745 498 745 500 746 501 746 502 746 500 747 502 747 503 747 496 748 497 748 501 748 496 749 501 749 500 749 497 750 498 750 502 750 497 751 502 751 501 751 498 752 499 752 503 752 498 753 503 753 502 753 499 754 496 754 500 754 499 755 500 755 503 755 504 756 506 756 505 756 504 757 507 757 506 757 508 758 509 758 510 758 508 759 510 759 511 759 504 760 505 760 509 760 504 761 509 761 508 761 505 762 506 762 510 762 505 763 510 763 509 763 506 764 507 764 511 764 506 765 511 765 510 765 507 766 504 766 508 766 507 767 508 767 511 767 512 768 514 768 513 768 512 769 515 769 514 769 516 770 517 770 518 770 516 771 518 771 519 771 512 772 513 772 517 772 512 773 517 773 516 773 513 774 514 774 518 774 513 775 518 775 517 775 514 776 515 776 519 776 514 777 519 777 518 777 515 778 512 778 516 778 515 779 516 779 519 779 520 780 522 780 521 780 520 781 523 781 522 781 524 782 525 782 526 782 524 783 526 783 527 783 520 784 521 784 525 784 520 785 525 785 524 785 521 786 522 786 526 786 521 787 526 787 525 787 522 788 523 788 527 788 522 789 527 789 526 789 523 790 520 790 524 790 523 791 524 791 527 791 528 792 530 792 529 792 528 793 531 793 530 793 532 794 533 794 534 794 532 795 534 795 535 795 528 796 529 796 533 796 528 797 533 797 532 797 529 798 530 798 534 798 529 799 534 799 533 799 530 800 531 800 535 800 530 801 535 801 534 801 531 802 528 802 532 802 531 803 532 803 535 803 536 804 538 804 537 804 536 805 539 805 538 805 540 806 541 806 542 806 540 807 542 807 543 807 536 808 537 808 541 808 536 809 541 809 540 809 537 810 538 810 542 810 537 811 542 811 541 811 538 812 539 812 543 812 538 813 543 813 542 813 539 814 536 814 540 814 539 815 540 815 543 815 544 816 546 816 545 816 544 817 547 817 546 817 548 818 549 818 550 818 548 819 550 819 551 819 544 820 545 820 549 820 544 821 549 821 548 821 545 822 546 822 550 822 545 823 550 823 549 823 546 824 547 824 551 824 546 825 551 825 550 825 547 826 544 826 548 826 547 827 548 827 551 827 552 828 554 828 553 828 552 829 555 829 554 829 556 830 557 830 558 830 556 831 558 831 559 831 552 832 553 832 557 832 552 833 557 833 556 833 553 834 554 834 558 834 553 835 558 835 557 835 554 836 555 836 559 836 554 837 559 837 558 837 555 838 552 838 556 838 555 839 556 839 559 839 560 840 562 840 561 840 560 841 563 841 562 841 564 842 565 842 566 842 564 843 566 843 567 843 560 844 561 844 565 844 560 845 565 845 564 845 561 846 562 846 566 846 561 847 566 847 565 847 562 848 563 848 567 848 562 849 567 849 566 849 563 850 560 850 564 850 563 851 564 851 567 851 568 852 570 852 569 852 568 853 571 853 570 853 572 854 573 854 574 854 572 855 574 855 575 855 568 856 569 856 573 856 568 857 573 857 572 857 569 858 570 858 574 858 569 859 574 859 573 859 570 860 571 860 575 860 570 861 575 861 574 861 571 862 568 862 572 862 571 863 572 863 575 863 576 864 578 864 577 864 576 865 579 865 578 865 580 866 581 866 582 866 580 867 582 867 583 867 576 868 577 868 581 868 576 869 581 869 580 869 577 870 578 870 582 870 577 871 582 871 581 871 578 872 579 872 583 872 578 873 583 873 582 873 579 874 576 874 580 874 579 875 580 875 583 875 584 876 586 876 585 876 584 877 587 877 586 877 588 878 589 878 590 878 588 879 590 879 591 879 584 880 585 880 589 880 584 881 589 881 588 881 585 882 586 882 590 882 585 883 590 883 589 883 586 884 587 884 591 884 586 885 591 885 590 885 587 886 584 886 588 886 587 887 588 887 591 887 592 888 594 888 593 888 592 889 595 889 594 889 596 890 597 890 598 890 596 891 598 891 599 891 592 892 593 892 597 892 592 893 597 893 596 893 593 894 594 894 598 894 593 895 598 895 597 895 594 896 595 896 599 896 594 897 599 897 598 897 595 898 592 898 596 898 595 899 596 899 599 899 600 900 602 900 601 900 600 901 603 901 602 901 604 902 605 902 606 902 604 903 606 903 607 903 600 904 601 904 605 904 600 905 605 905 604 905 601 906 602 906 606 906 601 907 606 907 605 907 602 908 603 908 607 908 602 909 607 909 606 909 603 910 600 910 604 910 603 911 604 911 607 911 608 912 610 912 609 912 608 913 611 913 610 913 612 914 613 914 614 914 612 915 614 915 615 915 608 916 609 916 613 916 608 917 613 917 612 917 609 918 610 918 614 918 609 919 614 919 613 919 610 920 611 920 615 920 610 921 615 921 614 921 611 922 608 922 612 922 611 923 612 923 615 923 616 924 618 924 617 924 616 925 619 925 618 925 620 926 621 926 622 926 620 927 622 927 623 927 616 928 617 928 621 928 616 929 621 929 620 929 617 930 618 930 622 930 617 931 622 931 621 931 618 932 619 932 623 932 618 933 623 933 622 933 619 934 616 934 620 934 619 935 620 935 623 935 624 936 626 936 625 936 624 937 627 937 626 937 628 938 629 938 630 938 628 939 630 939 631 939 624 940 625 940 629 940 624 941 629 941 628 941 625 942 626 942 630 942 625 943 630 943 629 943 626 944 627 944 631 944 626 945 631 945 630 945 627 946 624 946 628 946 627 947 628 947 631 947 632 948 634 948 633 948 632 949 635 949 634 949 636 950 637 950 638 950 636 951 638 951 639 951 632 952 633 952 637 952 632 953 637 953 636 953 633 954 634 954 638 954 633 955 638 955 637 955 634 956 635 956 639 956 634 957 639 957 638 957 635 958 632 958 636 958 635 959 636 959 639 959 640 960 642 960 641 960 640 961 643 961 642 961 644 962 645 962 646 962 644 963 646 963 647 963 640 964 641 964 645 964 640 965 645 965 644 965 641 966 642 966 646 966 641 967 646 967 645 967 642 968 643 968 647 968 642 969 647 969 646 969 643 970 640 970 644 970 643 971 644 971 647 971 648 972 650 972 649 972 648 973 651 973 650 973 652 974 653 974 654 974 652 975 654 975 655 975 648 976 649 976 653 976 648 977 653 977 652 977 649 978 650 978 654 978 649 979 654 979 653 979 650 980 651 980 655 980 650 981 655 981 654 981 651 982 648 982 652 982 651 983 652 983 655 983 656 984 658 984 657 984 656 985 659 985 658 985 660 986 661 986 662 986 660 987 662 987 663 987 656 988 657 988 661 988 656 989 661 989 660 989 657 990 658 990 662 990 657 991 662 991 661 991 658 992 659 992 663 992 658 993 663 993 662 993 659 994 656 994 660 994 659 995 660 995 663 995 664 996 666 996 665 996 664 997 667 997 666 997 668 998 669 998 670 998 668 999 670 999 671 999 664 1000 665 1000 669 1000 664 1001 669 1001 668 1001 665 1002 666 1002 670 1002 665 1003 670 1003 669 1003 666 1004 667 1004 671 1004 666 1005 671 1005 670 1005 667 1006 664 1006 668 1006 667 1007 668 1007 671 1007 672 1008 674 1008 673 1008 672 1009 675 1009 674 1009 676 1010 677 1010 678 1010 676 1011 678 1011 679 1011 672 1012 673 1012 677 1012 672 1013 677 1013 676 1013 673 1014 674 1014 678 1014 673 1015 678 1015 677 1015 674 1016 675 1016 679 1016 674 1017 679 1017 678 1017 675 1018 672 1018 676 1018 675 1019 676 1019 679 1019 680 1020 682 1020 681 1020 680 1021 683 1021 682 1021 684 1022 685 1022 686 1022 684 1023 686 1023 687 1023 680 1024 681 1024 685 1024 680 1025 685 1025 684 1025 681 1026 682 1026 686 1026 681 1027 686 1027 685 1027 682 1028 683 1028 687 1028 682 1029 687 1029 686 1029 683 1030 680 1030 684 1030 683 1031 684 1031 687 1031 688 1032 690 1032 689 1032 688 1033 691 1033 690 1033 692 1034 693 1034 694 1034 692 1035 694 1035 695 1035 688 1036 689 1036 693 1036 688 1037 693 1037 692 1037 689 1038 690 1038 694 1038 689 1039 694 1039 693 1039 690 1040 691 1040 695 1040 690 1041 695 1041 694 1041 691 1042 688 1042 692 1042 691 1043 692 1043 695 1043 696 1044 698 1044 697 1044 696 1045 699 1045 698 1045 700 1046 701 1046 702 1046 700 1047 702 1047 703 1047 696 1048 697 1048 701 1048 696 1049 701 1049 700 1049 697 1050 698 1050 702 1050 697 1051 702 1051 701 1051 698 1052 699 1052 703 1052 698 1053 703 1053 702 1053 699 1054 696 1054 700 1054 699 1055 700 1055 703 1055 704 1056 706 1056 705 1056 704 1057 707 1057 706 1057 708 1058 709 1058 710 1058 708 1059 710 1059 711 1059 704 1060 705 1060 709 1060 704 1061 709 1061 708 1061 705 1062 706 1062 710 1062 705 1063 710 1063 709 1063 706 1064 707 1064 711 1064 706 1065 711 1065 710 1065 707 1066 704 1066 708 1066 707 1067 708 1067 711 1067 712 1068 714 1068 713 1068 712 1069 715 1069 714 1069 716 1070 717 1070 718 1070 716 1071 718 1071 719 1071 712 1072 713 1072 717 1072 712 1073 717 1073 716 1073 713 1074 714 1074 718 1074 713 1075 718 1075 717 1075 714 1076 715 1076 719 1076 714 1077 719 1077 718 1077 715 1078 712 1078 716 1078 715 1079 716 1079 719 1079 720 1080 722 1080 721 1080 720 1081 723 1081 722 1081 724 1082 725 1082 726 1082 724 1083 726 1083 727 1083 720 1084 721 1084 725 1084 720 1085 725 1085 724 1085 721 1086 722 1086 726 1086 721 1087 726 1087 725 1087 722 1088 723 1088 727 1088 722 1089 727 1089 726 1089 723 1090 720 1090 724 1090 723 1091 724 1091 727 1091 728 1092 730 1092 729 1092 728 1093 731 1093 730 1093 732 1094 733 1094 734 1094 732 1095 734 1095 735 1095 728 1096 729 1096 733 1096 728 1097 733 1097 732 1097 729 1098 730 1098 734 1098 729 1099 734 1099 733 1099 730 1100 731 1100 735 1100 730 1101 735 1101 734 1101 731 1102 728 1102 732 1102 731 1103 732 1103 735 1103 736 1104 738 1104 737 1104 736 1105 739 1105 738 1105 740 1106 741 1106 742 1106 740 1107 742 1107 743 1107 736 1108 737 1108 741 1108 736 1109 741 1109 740 1109 737 1110 738 1110 742 1110 737 1111 742 1111 741 1111 738 1112 739 1112 743 1112 738 1113 743 1113 742 1113 739 1114 736 1114 740 1114 739 1115 740 1115 743 1115 744 1116 746 1116 745 1116 744 1117 747 1117 746 1117 748 1118 749 1118 750 1118 748 1119 750 1119 751 1119 744 1120 745 1120 749 1120 744 1121 749 1121 748 1121 745 1122 746 1122 750 1122 745 1123 750 1123 749 1123 746 1124 747 1124 751 1124 746 1125 751 1125 750 1125 747 1126 744 1126 748 1126 747 1127 748 1127 751 1127 752 1128 754 1128 753 1128 752 1129 755 1129 754 1129 756 1130 757 1130 758 1130 756 1131 758 1131 759 1131 752 1132 753 1132 757 1132 752 1133 757 1133 756 1133 753 1134 754 1134 758 1134 753 1135 758 1135 757 1135 754 1136 755 1136 759 1136 754 1137 759 1137 758 1137 755 1138 752 1138 756 1138 755 1139 756 1139 759 1139 760 1140 762 1140 761 1140 760 1141 763 1141 762 1141 764 1142 765 1142 766 1142 764 1143 766 1143 767 1143 760 1144 761 1144 765 1144 760 1145 765 1145 764 1145 761 1146 762 1146 766 1146 761 1147 766 1147 765 1147 762 1148 763 1148 767 1148 762 1149 767 1149 766 1149 763 1150 760 1150 764 1150 763 1151 764 1151 767 1151 768 1152 770 1152 769 1152 768 1153 771 1153 770 1153 772 1154 773 1154 774 1154 772 1155 774 1155 775 1155 768 1156 769 1156 773 1156 768 1157 773 1157 772 1157 769 1158 770 1158 774 1158 769 1159 774 1159 773 1159 770 1160 771 1160 775 1160 770 1161 775 1161 774 1161 771 1162 768 1162 772 1162 771 1163 772 1163 775 1163 776 1164 778 1164 777 1164 776 1165 779 1165 778 1165 780 1166 781 1166 782 1166 780 1167 782 1167 783 1167 776 1168 777 1168 781 1168 776 1169 781 1169 780 1169 777 1170 778 1170 782 1170 777 1171 782 1171 781 1171 778 1172 779 1172 783 1172 778 1173 783 1173 782 1173 779 1174 776 1174 780 1174 779 1175 780 1175 783 1175 784 1176 786 1176 785 1176 784 1177 787 1177 786 1177 788 1178 789 1178 790 1178 788 1179 790 1179 791 1179 784 1180 785 1180 789 1180 784 1181 789 1181 788 1181 785 1182 786 1182 790 1182 785 1183 790 1183 789 1183 786 1184 787 1184 791 1184 786 1185 791 1185 790 1185 787 1186 784 1186 788 1186 787 1187 788 1187 791 1187 792 1188 794 1188 793 1188 792 1189 795 1189 794 1189 796 1190 797 1190 798 1190 796 1191 798 1191 799 1191 792 1192 793 1192 797 1192 792 1193 797 1193 796 1193 793 1194 794 1194 798 1194 793 1195 798 1195 797 1195 794 1196 795 1196 799 1196 794 1197 799 1197 798 1197 795 1198 792 1198 796 1198 795 1199 796 1199 799 1199 800 1200 802 1200 801 1200 800 1201 803 1201 802 1201 804 1202 805 1202 806 1202 804 1203 806 1203 807 1203 800 1204 801 1204 805 1204 800 1205 805 1205 804 1205 801 1206 802 1206 806 1206 801 1207 806 1207 805 1207 802 1208 803 1208 807 1208 802 1209 807 1209 806 1209 803 1210 800 1210 804 1210 803 1211 804 1211 807 1211 808 1212 810 1212 809 1212 808 1213 811 1213 810 1213 812 1214 813 1214 814 1214 812 1215 814 1215 815 1215 808 1216 809 1216 813 1216 808 1217 813 1217 812 1217 809 1218 810 1218 814 1218 809 1219 814 1219 813 1219 810 1220 811 1220 815 1220 810 1221 815 1221 814 1221 811 1222 808 1222 812 1222 811 1223 812 1223 815 1223 816 1224 818 1224 817 1224 816 1225 819 1225 818 1225 820 1226 821 1226 822 1226 820 1227 822 1227 823 1227 816 1228 817 1228 821 1228 816 1229 821 1229 820 1229 817 1230 818 1230 822 1230 817 1231 822 1231 821 1231 818 1232 819 1232 823 1232 818 1233 823 1233 822 1233 819 1234 816 1234 820 1234 819 1235 820 1235 823 1235 824 1236 826 1236 825 1236 824 1237 827 1237 826 1237 828 1238 829 1238 830 1238 828 1239 830 1239 831 1239 824 1240 825 1240 829 1240 824 1241 829 1241 828 1241 825 1242 826 1242 830 1242 825 1243 830 1243 829 1243 826 1244 827 1244 831 1244 826 1245 831 1245 830 1245 827 1246 824 1246 828 1246 827 1247 828 1247 831 1247 832 1248 834 1248 833 1248 832 1249 835 1249 834 1249 836 1250 837 1250 838 1250 836 1251 838 1251 839 1251 832 1252 833 1252 837 1252 832 1253 837 1253 836 1253 833 1254 834 1254 838 1254 833 1255 838 1255 837 1255 834 1256 835 1256 839 1256 834 1257 839 1257 838 1257 835 1258 832 1258 836 1258 835 1259 836 1259 839 1259 840 1260 842 1260 841 1260 840 1261 843 1261 842 1261 844 1262 845 1262 846 1262 844 1263 846 1263 847 1263 840 1264 841 1264 845 1264 840 1265 845 1265 844 1265 841 1266 842 1266 846 1266 841 1267 846 1267 845 1267 842 1268 843 1268 847 1268 842 1269 847 1269 846 1269 843 1270 840 1270 844 1270 843 1271 844 1271 847 1271 848 1272 850 1272 849 1272 848 1273 851 1273 850 1273 852 1274 853 1274 854 1274 852 1275 854 1275 855 1275 848 1276 849 1276 853 1276 848 1277 853 1277 852 1277 849 1278 850 1278 854 1278 849 1279 854 1279 853 1279 850 1280 851 1280 855 1280 850 1281 855 1281 854 1281 851 1282 848 1282 852 1282 851 1283 852 1283 855 1283 856 1284 858 1284 857 1284 856 1285 859 1285 858 1285 860 1286 861 1286 862 1286 860 1287 862 1287 863 1287 856 1288 857 1288 861 1288 856 1289 861 1289 860 1289 857 1290 858 1290 862 1290 857 1291 862 1291 861 1291 858 1292 859 1292 863 1292 858 1293 863 1293 862 1293 859 1294 856 1294 860 1294 859 1295 860 1295 863 1295 864 1296 866 1296 865 1296 864 1297 867 1297 866 1297 868 1298 869 1298 870 1298 868 1299 870 1299 871 1299 864 1300 865 1300 869 1300 864 1301 869 1301 868 1301 865 1302 866 1302 870 1302 865 1303 870 1303 869 1303 866 1304 867 1304 871 1304 866 1305 871 1305 870 1305 867 1306 864 1306 868 1306 867 1307 868 1307 871 1307 872 1308 874 1308 873 1308 872 1309 875 1309 874 1309 876 1310 877 1310 878 1310 876 1311 878 1311 879 1311 872 1312 873 1312 877 1312 872 1313 877 1313 876 1313 873 1314 874 1314 878 1314 873 1315 878 1315 877 1315 874 1316 875 1316 879 1316 874 1317 879 1317 878 1317 875 1318 872 1318 876 1318 875 1319 876 1319 879 1319 880 1320 882 1320 881 1320 880 1321 883 1321 882 1321 884 1322 885 1322 886 1322 884 1323 886 1323 887 1323 880 1324 881 1324 885 1324 880 1325 885 1325 884 1325 881 1326 882 1326 886 1326 881 1327 886 1327 885 1327 882 1328 883 1328 887 1328 882 1329 887 1329 886 1329 883 1330 880 1330 884 1330 883 1331 884 1331 887 1331 888 1332 890 1332 889 1332 888 1333 891 1333 890 1333 892 1334 893 1334 894 1334 892 1335 894 1335 895 1335 888 1336 889 1336 893 1336 888 1337 893 1337 892 1337 889 1338 890 1338 894 1338 889 1339 894 1339 893 1339 890 1340 891 1340 895 1340 890 1341 895 1341 894 1341 891 1342 888 1342 892 1342 891 1343 892 1343 895 1343 896 1344 898 1344 897 1344 896 1345 899 1345 898 1345 900 1346 901 1346 902 1346 900 1347 902 1347 903 1347 896 1348 897 1348 901 1348 896 1349 901 1349 900 1349 897 1350 898 1350 902 1350 897 1351 902 1351 901 1351 898 1352 899 1352 903 1352 898 1353 903 1353 902 1353 899 1354 896 1354 900 1354 899 1355 900 1355 903 1355 904 1356 906 1356 905 1356 904 1357 907 1357 906 1357 908 1358 909 1358 910 1358 908 1359 910 1359 911 1359 904 1360 905 1360 909 1360 904 1361 909 1361 908 1361 905 1362 906 1362 910 1362 905 1363 910 1363 909 1363 906 1364 907 1364 911 1364 906 1365 911 1365 910 1365 907 1366 904 1366 908 1366 907 1367 908 1367 911 1367 912 1368 914 1368 913 1368 912 1369 915 1369 914 1369 916 1370 917 1370 918 1370 916 1371 918 1371 919 1371 912 1372 913 1372 917 1372 912 1373 917 1373 916 1373 913 1374 914 1374 918 1374 913 1375 918 1375 917 1375 914 1376 915 1376 919 1376 914 1377 919 1377 918 1377 915 1378 912 1378 916 1378 915 1379 916 1379 919 1379 920 1380 922 1380 921 1380 920 1381 923 1381 922 1381 924 1382 925 1382 926 1382 924 1383 926 1383 927 1383 920 1384 921 1384 925 1384 920 1385 925 1385 924 1385 921 1386 922 1386 926 1386 921 1387 926 1387 925 1387 922 1388 923 1388 927 1388 922 1389 927 1389 926 1389 923 1390 920 1390 924 1390 923 1391 924 1391 927 1391 928 1392 930 1392 929 1392 928 1393 931 1393 930 1393 932 1394 933 1394 934 1394 932 1395 934 1395 935 1395 928 1396 929 1396 933 1396 928 1397 933 1397 932 1397 929 1398 930 1398 934 1398 929 1399 934 1399 933 1399 930 1400 931 1400 935 1400 930 1401 935 1401 934 1401 931 1402 928 1402 932 1402 931 1403 932 1403 935 1403 936 1404 938 1404 937 1404 936 1405 939 1405 938 1405 940 1406 941 1406 942 1406 940 1407 942 1407 943 1407 936 1408 937 1408 941 1408 936 1409 941 1409 940 1409 937 1410 938 1410 942 1410 937 1411 942 1411 941 1411 938 1412 939 1412 943 1412 938 1413 943 1413 942 1413 939 1414 936 1414 940 1414 939 1415 940 1415 943 1415 944 1416 946 1416 945 1416 944 1417 947 1417 946 1417 948 1418 949 1418 950 1418 948 1419 950 1419 951 1419 944 1420 945 1420 949 1420 944 1421 949 1421 948 1421 945 1422 946 1422 950 1422 945 1423 950 1423 949 1423 946 1424 947 1424 951 1424 946 1425 951 1425 950 1425 947 1426 944 1426 948 1426 947 1427 948 1427 951 1427 952 1428 954 1428 953 1428 952 1429 955 1429 954 1429 956 1430 957 1430 958 1430 956 1431 958 1431 959 1431 952 1432 953 1432 957 1432 952 1433 957 1433 956 1433 953 1434 954 1434 958 1434 953 1435 958 1435 957 1435 954 1436 955 1436 959 1436 954 1437 959 1437 958 1437 955 1438 952 1438 956 1438 955 1439 956 1439 959 1439 960 1440 962 1440 961 1440 960 1441 963 1441 962 1441 964 1442 965 1442 966 1442 964 1443 966 1443 967 1443 960 1444 961 1444 965 1444 960 1445 965 1445 964 1445 961 1446 962 1446 966 1446 961 1447 966 1447 965 1447 962 1448 963 1448 967 1448 962 1449 967 1449 966 1449 963 1450 960 1450 964 1450 963 1451 964 1451 967 1451 968 1452 970 1452 969 1452 968 1453 971 1453 970 1453 972 1454 973 1454 974 1454 972 1455 974 1455 975 1455 968 1456 969 1456 973 1456 968 1457 973 1457 972 1457 969 1458 970 1458 974 1458 969 1459 974 1459 973 1459 970 1460 971 1460 975 1460 970 1461 975 1461 974 1461 971 1462 968 1462 972 1462 971 1463 972 1463 975 1463 976 1464 978 1464 977 1464 976 1465 979 1465 978 1465 980 1466 981 1466 982 1466 980 1467 982 1467 983 1467 976 1468 977 1468 981 1468 976 1469 981 1469 980 1469 977 1470 978 1470 982 1470 977 1471 982 1471 981 1471 978 1472 979 1472 983 1472 978 1473 983 1473 982 1473 979 1474 976 1474 980 1474 979 1475 980 1475 983 1475 984 1476 986 1476 985 1476 984 1477 987 1477 986 1477 988 1478 989 1478 990 1478 988 1479 990 1479 991 1479 984 1480 985 1480 989 1480 984 1481 989 1481 988 1481 985 1482 986 1482 990 1482 985 1483 990 1483 989 1483 986 1484 987 1484 991 1484 986 1485 991 1485 990 1485 987 1486 984 1486 988 1486 987 1487 988 1487 991 1487 992 1488 994 1488 993 1488 992 1489 995 1489 994 1489 996 1490 997 1490 998 1490 996 1491 998 1491 999 1491 992 1492 993 1492 997 1492 992 1493 997 1493 996 1493 993 1494 994 1494 998 1494 993 1495 998 1495 997 1495 994 1496 995 1496 999 1496 994 1497 999 1497 998 1497 995 1498 992 1498 996 1498 995 1499 996 1499 999 1499 1000 1500 1002 1500 1001 1500 1000 1501 1003 1501 1002 1501 1004 1502 1005 1502 1006 1502 1004 1503 1006 1503 1007 1503 1000 1504 1001 1504 1005 1504 1000 1505 1005 1505 1004 1505 1001 1506 1002 1506 1006 1506 1001 1507 1006 1507 1005 1507 1002 1508 1003 1508 1007 1508 1002 1509 1007 1509 1006 1509 1003 1510 1000 1510 1004 1510 1003 1511 1004 1511 1007 1511 1008 1512 1010 1512 1009 1512 1008 1513 1011 1513 1010 1513 1012 1514 1013 1514 1014 1514 1012 1515 1014 1515 1015 1515 1008 1516 1009 1516 1013 1516 1008 1517 1013 1517 1012 1517 1009 1518 1010 1518 1014 1518 1009 1519 1014 1519 1013 1519 1010 1520 1011 1520 1015 1520 1010 1521 1015 1521 1014 1521 1011 1522 1008 1522 1012 1522 1011 1523 1012 1523 1015 1523 1016 1524 1018 1524 1017 1524 1016 1525 1019 1525 1018 1525 1020 1526 1021 1526 1022 1526 1020 1527 1022 1527 1023 1527 1016 1528 1017 1528 1021 1528 1016 1529 1021 1529 1020 1529 1017 1530 1018 1530 1022 1530 1017 1531 1022 1531 1021 1531 1018 1532 1019 1532 1023 1532 1018 1533 1023 1533 1022 1533 1019 1534 1016 1534 1020 1534 1019 1535 1020 1535 1023 1535 1024 1536 1026 1536 1025 1536 1024 1537 1027 1537 1026 1537 1028 1538 1029 1538 1030 1538 1028 1539 1030 1539 1031 1539 1024 1540 1025 1540 1029 1540 1024 1541 1029 1541 1028 1541 1025 1542 1026 1542 1030 1542 1025 1543 1030 1543 1029 1543 1026 1544 1027 1544 1031 1544 1026 1545 1031 1545 1030 1545 1027 1546 1024 1546 1028 1546 1027 1547 1028 1547 1031 1547 1032 1548 1034 1548 1033 1548 1032 1549 1035 1549 1034 1549 1036 1550 1037 1550 1038 1550 1036 1551 1038 1551 1039 1551 1032 1552 1033 1552 1037 1552 1032 1553 1037 1553 1036 1553 1033 1554 1034 1554 1038 1554 1033 1555 1038 1555 1037 1555 1034 1556 1035 1556 1039 1556 1034 1557 1039 1557 1038 1557 1035 1558 1032 1558 1036 1558 1035 1559 1036 1559 1039 1559 1040 1560 1042 1560 1041 1560 1040 1561 1043 1561 1042 1561 1044 1562 1045 1562 1046 1562 1044 1563 1046 1563 1047 1563 1040 1564 1041 1564 1045 1564 1040 1565 1045 1565 1044 1565 1041 1566 1042 1566 1046 1566 1041 1567 1046 1567 1045 1567 1042 1568 1043 1568 1047 1568 1042 1569 1047 1569 1046 1569 1043 1570 1040 1570 1044 1570 1043 1571 1044 1571 1047 1571 1048 1572 1050 1572 1049 1572 1048 1573 1051 1573 1050 1573 1052 1574 1053 1574 1054 1574 1052 1575 1054 1575 1055 1575 1048 1576 1049 1576 1053 1576 1048 1577 1053 1577 1052 1577 1049 1578 1050 1578 1054 1578 1049 1579 1054 1579 1053 1579 1050 1580 1051 1580 1055 1580 1050 1581 1055 1581 1054 1581 1051 1582 1048 1582 1052 1582 1051 1583 1052 1583 1055 1583 1056 1584 1058 1584 1057 1584 1056 1585 1059 1585 1058 1585 1060 1586 1061 1586 1062 1586 1060 1587 1062 1587 1063 1587 1056 1588 1057 1588 1061 1588 1056 1589 1061 1589 1060 1589 1057 1590 1058 1590 1062 1590 1057 1591 1062 1591 1061 1591 1058 1592 1059 1592 1063 1592 1058 1593 1063 1593 1062 1593 1059 1594 1056 1594 1060 1594 1059 1595 1060 1595 1063 1595 1064 1596 1066 1596 1065 1596 1064 1597 1067 1597 1066 1597 1068 1598 1069 1598 1070 1598 1068 1599 1070 1599 1071 1599 1064 1600 1065 1600 1069 1600 1064 1601 1069 1601 1068 1601 1065 1602 1066 1602 1070 1602 1065 1603 1070 1603 1069 1603 1066 1604 1067 1604 1071 1604 1066 1605 1071 1605 1070 1605 1067 1606 1064 1606 1068 1606 1067 1607 1068 1607 1071 1607 1072 1608 1074 1608 1073 1608 1072 1609 1075 1609 1074 1609 1076 1610 1077 1610 1078 1610 1076 1611 1078 1611 1079 1611 1072 1612 1073 1612 1077 1612 1072 1613 1077 1613 1076 1613 1073 1614 1074 1614 1078 1614 1073 1615 1078 1615 1077 1615 1074 1616 1075 1616 1079 1616 1074 1617 1079 1617 1078 1617 1075 1618 1072 1618 1076 1618 1075 1619 1076 1619 1079 1619 1080 1620 1082 1620 1081 1620 1080 1621 1083 1621 1082 1621 1084 1622 1085 1622 1086 1622 1084 1623 1086 1623 1087 1623 1080 1624 1081 1624 1085 1624 1080 1625 1085 1625 1084 1625 1081 1626 1082 1626 1086 1626 1081 1627 1086 1627 1085 1627 1082 1628 1083 1628 1087 1628 1082 1629 1087 1629 1086 1629 1083 1630 1080 1630 1084 1630 1083 1631 1084 1631 1087 1631 1088 1632 1090 1632 1089 1632 1088 1633 1091 1633 1090 1633 1092 1634 1093 1634 1094 1634 1092 1635 1094 1635 1095 1635 1088 1636 1089 1636 1093 1636 1088 1637 1093 1637 1092 1637 1089 1638 1090 1638 1094 1638 1089 1639 1094 1639 1093 1639 1090 1640 1091 1640 1095 1640 1090 1641 1095 1641 1094 1641 1091 1642 1088 1642 1092 1642 1091 1643 1092 1643 1095 1643 1096 1644 1098 1644 1097 1644 1096 1645 1099 1645 1098 1645 1100 1646 1101 1646 1102 1646 1100 1647 1102 1647 1103 1647 1096 1648 1097 1648 1101 1648 1096 1649 1101 1649 1100 1649 1097 1650 1098 1650 1102 1650 1097 1651 1102 1651 1101 1651 1098 1652 1099 1652 1103 1652 1098 1653 1103 1653 1102 1653 1099 1654 1096 1654 1100 1654 1099 1655 1100 1655 1103 1655 1104 1656 1106 1656 1105 1656 1104 1657 1107 1657 1106 1657 1108 1658 1109 1658 1110 1658 1108 1659 1110 1659 1111 1659 1104 1660 1105 1660 1109 1660 1104 1661 1109 1661 1108 1661 1105 1662 1106 1662 1110 1662 1105 1663 1110 1663 1109 1663 1106 1664 1107 1664 1111 1664 1106 1665 1111 1665 1110 1665 1107 1666 1104 1666 1108 1666 1107 1667 1108 1667 1111 1667 1112 1668 1114 1668 1113 1668 1112 1669 1115 1669 1114 1669 1116 1670 1117 1670 1118 1670 1116 1671 1118 1671 1119 1671 1112 1672 1113 1672 1117 1672 1112 1673 1117 1673 1116 1673 1113 1674 1114 1674 1118 1674 1113 1675 1118 1675 1117 1675 1114 1676 1115 1676 1119 1676 1114 1677 1119 1677 1118 1677 1115 1678 1112 1678 1116 1678 1115 1679 1116 1679 1119 1679 1120 1680 1122 1680 1121 1680 1120 1681 1123 1681 1122 1681 1124 1682 1125 1682 1126 1682 1124 1683 1126 1683 1127 1683 1120 1684 1121 1684 1125 1684 1120 1685 1125 1685 1124 1685 1121 1686 1122 1686 1126 1686 1121 1687 1126 1687 1125 1687 1122 1688 1123 1688 1127 1688 1122 1689 1127 1689 1126 1689 1123 1690 1120 1690 1124 1690 1123 1691 1124 1691 1127 1691 1128 1692 1130 1692 1129 1692 1128 1693 1131 1693 1130 1693 1132 1694 1133 1694 1134 1694 1132 1695 1134 1695 1135 1695 1128 1696 1129 1696 1133 1696 1128 1697 1133 1697 1132 1697 1129 1698 1130 1698 1134 1698 1129 1699 1134 1699 1133 1699 1130 1700 1131 1700 1135 1700 1130 1701 1135 1701 1134 1701 1131 1702 1128 1702 1132 1702 1131 1703 1132 1703 1135 1703 1136 1704 1138 1704 1137 1704 1136 1705 1139 1705 1138 1705 1140 1706 1141 1706 1142 1706 1140 1707 1142 1707 1143 1707 1136 1708 1137 1708 1141 1708 1136 1709 1141 1709 1140 1709 1137 1710 1138 1710 1142 1710 1137 1711 1142 1711 1141 1711 1138 1712 1139 1712 1143 1712 1138 1713 1143 1713 1142 1713 1139 1714 1136 1714 1140 1714 1139 1715 1140 1715 1143 1715 1144 1716 1146 1716 1145 1716 1144 1717 1147 1717 1146 1717 1148 1718 1149 1718 1150 1718 1148 1719 1150 1719 1151 1719 1144 1720 1145 1720 1149 1720 1144 1721 1149 1721 1148 1721 1145 1722 1146 1722 1150 1722 1145 1723 1150 1723 1149 1723 1146 1724 1147 1724 1151 1724 1146 1725 1151 1725 1150 1725 1147 1726 1144 1726 1148 1726 1147 1727 1148 1727 1151 1727 1152 1728 1154 1728 1153 1728 1152 1729 1155 1729 1154 1729 1156 1730 1157 1730 1158 1730 1156 1731 1158 1731 1159 1731 1152 1732 1153 1732 1157 1732 1152 1733 1157 1733 1156 1733 1153 1734 1154 1734 1158 1734 1153 1735 1158 1735 1157 1735 1154 1736 1155 1736 1159 1736 1154 1737 1159 1737 1158 1737 1155 1738 1152 1738 1156 1738 1155 1739 1156 1739 1159 1739 1160 1740 1162 1740 1161 1740 1160 1741 1163 1741 1162 1741 1164 1742 1165 1742 1166 1742 1164 1743 1166 1743 1167 1743 1160 1744 1161 1744 1165 1744 1160 1745 1165 1745 1164 1745 1161 1746 1162 1746 1166 1746 1161 1747 1166 1747 1165 1747 1162 1748 1163 1748 1167 1748 1162 1749 1167 1749 1166 1749 1163 1750 1160 1750 1164 1750 1163 1751 1164 1751 1167 1751 1168 1752 1170 1752 1169 1752 1168 1753 1171 1753 1170 1753 1172 1754 1173 1754 1174 1754 1172 1755 1174 1755 1175 1755 1168 1756 1169 1756 1173 1756 1168 1757 1173 1757 1172 1757 1169 1758 1170 1758 1174 1758 1169 1759 1174 1759 1173 1759 1170 1760 1171 1760 1175 1760 1170 1761 1175 1761 1174 1761 1171 1762 1168 1762 1172 1762 1171 1763 1172 1763 1175 1763 1176 1764 1178 1764 1177 1764 1176 1765 1179 1765 1178 1765 1180 1766 1181 1766 1182 1766 1180 1767 1182 1767 1183 1767 1176 1768 1177 1768 1181 1768 1176 1769 1181 1769 1180 1769 1177 1770 1178 1770 1182 1770 1177 1771 1182 1771 1181 1771 1178 1772 1179 1772 1183 1772 1178 1773 1183 1773 1182 1773 1179 1774 1176 1774 1180 1774 1179 1775 1180 1775 1183 1775 1184 1776 1186 1776 1185 1776 1184 1777 1187 1777 1186 1777 1188 1778 1189 1778 1190 1778 1188 1779 1190 1779 1191 1779 1184 1780 1185 1780 1189 1780 1184 1781 1189 1781 1188 1781 1185 1782 1186 1782 1190 1782 1185 1783 1190 1783 1189 1783 1186 1784 1187 1784 1191 1784 1186 1785 1191 1785 1190 1785 1187 1786 1184 1786 1188 1786 1187 1787 1188 1787 1191 1787 1192 1788 1194 1788 1193 1788 1192 1789 1195 1789 1194 1789 1196 1790 1197 1790 1198 1790 1196 1791 1198 1791 1199 1791 1192 1792 1193 1792 1197 1792 1192 1793 1197 1793 1196 1793 1193 1794 1194 1794 1198 1794 1193 1795 1198 1795 1197 1795 1194 1796 1195 1796 1199 1796 1194 1797 1199 1797 1198 1797 1195 1798 1192 1798 1196 1798 1195 1799 1196 1799 1199 1799 1200 1800 1202 1800 1201 1800 1200 1801 1203 1801 1202 1801 1204 1802 1205 1802 1206 1802 1204 1803 1206 1803 1207 1803 1200 1804 1201 1804 1205 1804 1200 1805 1205 1805 1204 1805 1201 1806 1202 1806 1206 1806 1201 1807 1206 1807 1205 1807 1202 1808 1203 1808 1207 1808 1202 1809 1207 1809 1206 1809 1203 1810 1200 1810 1204 1810 1203 1811 1204 1811 1207 1811 1208 1812 1210 1812 1209 1812 1208 1813 1211 1813 1210 1813 1212 1814 1213 1814 1214 1814 1212 1815 1214 1815 1215 1815 1208 1816 1209 1816 1213 1816 1208 1817 1213 1817 1212 1817 1209 1818 1210 1818 1214 1818 1209 1819 1214 1819 1213 1819 1210 1820 1211 1820 1215 1820 1210 1821 1215 1821 1214 1821 1211 1822 1208 1822 1212 1822 1211 1823 1212 1823 1215 1823 1216 1824 1218 1824 1217 1824 1216 1825 1219 1825 1218 1825 1220 1826 1221 1826 1222 1826 1220 1827 1222 1827 1223 1827 1216 1828 1217 1828 1221 1828 1216 1829 1221 1829 1220 1829 1217 1830 1218 1830 1222 1830 1217 1831 1222 1831 1221 1831 1218 1832 1219 1832 1223 1832 1218 1833 1223 1833 1222 1833 1219 1834 1216 1834 1220 1834 1219 1835 1220 1835 1223 1835 1224 1836 1226 1836 1225 1836 1224 1837 1227 1837 1226 1837 1228 1838 1229 1838 1230 1838 1228 1839 1230 1839 1231 1839 1224 1840 1225 1840 1229 1840 1224 1841 1229 1841 1228 1841 1225 1842 1226 1842 1230 1842 1225 1843 1230 1843 1229 1843 1226 1844 1227 1844 1231 1844 1226 1845 1231 1845 1230 1845 1227 1846 1224 1846 1228 1846 1227 1847 1228 1847 1231 1847 1232 1848 1234 1848 1233 1848 1232 1849 1235 1849 1234 1849 1236 1850 1237 1850 1238 1850 1236 1851 1238 1851 1239 1851 1232 1852 1233 1852 1237 1852 1232 1853 1237 1853 1236 1853 1233 1854 1234 1854 1238 1854 1233 1855 1238 1855 1237 1855 1234 1856 1235 1856 1239 1856 1234 1857 1239 1857 1238 1857 1235 1858 1232 1858 1236 1858 1235 1859 1236 1859 1239 1859 1240 1860 1242 1860 1241 1860 1240 1861 1243 1861 1242 1861 1244 1862 1245 1862 1246 1862 1244 1863 1246 1863 1247 1863 1240 1864 1241 1864 1245 1864 1240 1865 1245 1865 1244 1865 1241 1866 1242 1866 1246 1866 1241 1867 1246 1867 1245 1867 1242 1868 1243 1868 1247 1868 1242 1869 1247 1869 1246 1869 1243 1870 1240 1870 1244 1870 1243 1871 1244 1871 1247 1871 1248 1872 1250 1872 1249 1872 1248 1873 1251 1873 1250 1873 1252 1874 1253 1874 1254 1874 1252 1875 1254 1875 1255 1875 1248 1876 1249 1876 1253 1876 1248 1877 1253 1877 1252 1877 1249 1878 1250 1878 1254 1878 1249 1879 1254 1879 1253 1879 1250 1880 1251 1880 1255 1880 1250 1881 1255 1881 1254 1881 1251 1882 1248 1882 1252 1882 1251 1883 1252 1883 1255 1883 1256 1884 1258 1884 1257 1884 1256 1885 1259 1885 1258 1885 1260 1886 1261 1886 1262 1886 1260 1887 1262 1887 1263 1887 1256 1888 1257 1888 1261 1888 1256 1889 1261 1889 1260 1889 1257 1890 1258 1890 1262 1890 1257 1891 1262 1891 1261 1891 1258 1892 1259 1892 1263 1892 1258 1893 1263 1893 1262 1893 1259 1894 1256 1894 1260 1894 1259 1895 1260 1895 1263 1895 1264 1896 1266 1896 1265 1896 1264 1897 1267 1897 1266 1897 1268 1898 1269 1898 1270 1898 1268 1899 1270 1899 1271 1899 1264 1900 1265 1900 1269 1900 1264 1901 1269 1901 1268 1901 1265 1902 1266 1902 1270 1902 1265 1903 1270 1903 1269 1903 1266 1904 1267 1904 1271 1904 1266 1905 1271 1905 1270 1905 1267 1906 1264 1906 1268 1906 1267 1907 1268 1907 1271 1907 1272 1908 1274 1908 1273 1908 1272 1909 1275 1909 1274 1909 1276 1910 1277 1910 1278 1910 1276 1911 1278 1911 1279 1911 1272 1912 1273 1912 1277 1912 1272 1913 1277 1913 1276 1913 1273 1914 1274 1914 1278 1914 1273 1915 1278 1915 1277 1915 1274 1916 1275 1916 1279 1916 1274 1917 1279 1917 1278 1917 1275 1918 1272 1918 1276 1918 1275 1919 1276 1919 1279 1919 1280 1920 1282 1920 1281 1920 1280 1921 1283 1921 1282 1921 1284 1922 1285 1922 1286 1922 1284 1923 1286 1923 1287 1923 1280 1924 1281 1924 1285 1924 1280 1925 1285 1925 1284 1925 1281 1926 1282 1926 1286 1926 1281 1927 1286 1927 1285 1927 1282 1928 1283 1928 1287 1928 1282 1929 1287 1929 1286 1929 1283 1930 1280 1930 1284 1930 1283 1931 1284 1931 1287 1931 1288 1932 1290 1932 1289 1932 1288 1933 1291 1933 1290 1933 1292 1934 1293 1934 1294 1934 1292 1935 1294 1935 1295 1935 1288 1936 1289 1936 1293 1936 1288 1937 1293 1937 1292 1937 1289 1938 1290 1938 1294 1938 1289 1939 1294 1939 1293 1939 1290 1940 1291 1940 1295 1940 1290 1941 1295 1941 1294 1941 1291 1942 1288 1942 1292 1942 1291 1943 1292 1943 1295 1943 1296 1944 1298 1944 1297 1944 1296 1945 1299 1945 1298 1945 1300 1946 1301 1946 1302 1946 1300 1947 1302 1947 1303 1947 1296 1948 1297 1948 1301 1948 1296 1949 1301 1949 1300 1949 1297 1950 1298 1950 1302 1950 1297 1951 1302 1951 1301 1951 1298 1952 1299 1952 1303 1952 1298 1953 1303 1953 1302 1953 1299 1954 1296 1954 1300 1954 1299 1955 1300 1955 1303 1955 1304 1956 1306 1956 1305 1956 1304 1957 1307 1957 1306 1957 1308 1958 1309 1958 1310 1958 1308 1959 1310 1959 1311 1959 1304 1960 1305 1960 1309 1960 1304 1961 1309 1961 1308 1961 1305 1962 1306 1962 1310 1962 1305 1963 1310 1963 1309 1963 1306 1964 1307 1964 1311 1964 1306 1965 1311 1965 1310 1965 1307 1966 1304 1966 1308 1966 1307 1967 1308 1967 1311 1967 1312 1968 1314 1968 1313 1968 1312 1969 1315 1969 1314 1969 1316 1970 1317 1970 1318 1970 1316 1971 1318 1971 1319 1971 1312 1972 1313 1972 1317 1972 1312 1973 1317 1973 1316 1973 1313 1974 1314 1974 1318 1974 1313 1975 1318 1975 1317 1975 1314 1976 1315 1976 1319 1976 1314 1977 1319 1977 1318 1977 1315 1978 1312 1978 1316 1978 1315 1979 1316 1979 1319 1979 1320 1980 1322 1980 1321 1980 1320 1981 1323 1981 1322 1981 1324 1982 1325 1982 1326 1982 1324 1983 1326 1983 1327 1983 1320 1984 1321 1984 1325 1984 1320 1985 1325 1985 1324 1985 1321 1986 1322 1986 1326 1986 1321 1987 1326 1987 1325 1987 1322 1988 1323 1988 1327 1988 1322 1989 1327 1989 1326 1989 1323 1990 1320 1990 1324 1990 1323 1991 1324 1991 1327 1991 1328 1992 1330 1992 1329 1992 1328 1993 1331 1993 1330 1993 1332 1994 1333 1994 1334 1994 1332 1995 1334 1995 1335 1995 1328 1996 1329 1996 1333 1996 1328 1997 1333 1997 1332 1997 1329 1998 1330 1998 1334 1998 1329 1999 1334 1999 1333 1999 1330 2000 1331 2000 1335 2000 1330 2001 1335 2001 1334 2001 1331 2002 1328 2002 1332 2002 1331 2003 1332 2003 1335 2003 1336 2004 1338 2004 1337 2004 1336 2005 1339 2005 1338 2005 1340 2006 1341 2006 1342 2006 1340 2007 1342 2007 1343 2007 1336 2008 1337 2008 1341 2008 1336 2009 1341 2009 1340 2009 1337 2010 1338 2010 1342 2010 1337 2011 1342 2011 1341 2011 1338 2012 1339 2012 1343 2012 1338 2013 1343 2013 1342 2013 1339 2014 1336 2014 1340 2014 1339 2015 1340 2015 1343 2015 1344 2016 1346 2016 1345 2016 1344 2017 1347 2017 1346 2017 1348 2018 1349 2018 1350 2018 1348 2019 1350 2019 1351 2019 1344 2020 1345 2020 1349 2020 1344 2021 1349 2021 1348 2021 1345 2022 1346 2022 1350 2022 1345 2023 1350 2023 1349 2023 1346 2024 1347 2024 1351 2024 1346 2025 1351 2025 1350 2025 1347 2026 1344 2026 1348 2026 1347 2027 1348 2027 1351 2027 1352 2028 1354 2028 1353 2028 1352 2029 1355 2029 1354 2029 1356 2030 1357 2030 1358 2030 1356 2031 1358 2031 1359 2031 1352 2032 1353 2032 1357 2032 1352 2033 1357 2033 1356 2033 1353 2034 1354 2034 1358 2034 1353 2035 1358 2035 1357 2035 1354 2036 1355 2036 1359 2036 1354 2037 1359 2037 1358 2037 1355 2038 1352 2038 1356 2038 1355 2039 1356 2039 1359 2039 1360 2040 1362 2040 1361 2040 1360 2041 1363 2041 1362 2041 1364 2042 1365 2042 1366 2042 1364 2043 1366 2043 1367 2043 1360 2044 1361 2044 1365 2044 1360 2045 1365 2045 1364 2045 1361 2046 1362 2046 1366 2046 1361 2047 1366 2047 1365 2047 1362 2048 1363 2048 1367 2048 1362 2049 1367 2049 1366 2049 1363 2050 1360 2050 1364 2050 1363 2051 1364 2051 1367 2051 1368 2052 1370 2052 1369 2052 1368 2053 1371 2053 1370 2053 1372 2054 1373 2054 1374 2054 1372 2055 1374 2055 1375 2055 1368 2056 1369 2056 1373 2056 1368 2057 1373 2057 1372 2057 1369 2058 1370 2058 1374 2058 1369 2059 1374 2059 1373 2059 1370 2060 1371 2060 1375 2060 1370 2061 1375 2061 1374 2061 1371 2062 1368 2062 1372 2062 1371 2063 1372 2063 1375 2063 1376 2064 1378 2064 1377 2064 1376 2065 1379 2065 1378 2065 1380 2066 1381 2066 1382 2066 1380 2067 1382 2067 1383 2067 1376 2068 1377 2068 1381 2068 1376 2069 1381 2069 1380 2069 1377 2070 1378 2070 1382 2070 1377 2071 1382 2071 1381 2071 1378 2072 1379 2072 1383 2072 1378 2073 1383 2073 1382 2073 1379 2074 1376 2074 1380 2074 1379 2075 1380 2075 1383 2075 1384 2076 1386 2076 1385 2076 1384 2077 1387 2077 1386 2077 1388 2078 1389 2078 1390 2078 1388 2079 1390 2079 1391 2079 1384 2080 1385 2080 1389 2080 1384 2081 1389 2081 1388 2081 1385 2082 1386 2082 1390 2082 1385 2083 1390 2083 1389 2083 1386 2084 1387 2084 1391 2084 1386 2085 1391 2085 1390 2085 1387 2086 1384 2086 1388 2086 1387 2087 1388 2087 1391 2087 1392 2088 1394 2088 1393 2088 1392 2089 1395 2089 1394 2089 1396 2090 1397 2090 1398 2090 1396 2091 1398 2091 1399 2091 1392 2092 1393 2092 1397 2092 1392 2093 1397 2093 1396 2093 1393 2094 1394 2094 1398 2094 1393 2095 1398 2095 1397 2095 1394 2096 1395 2096 1399 2096 1394 2097 1399 2097 1398 2097 1395 2098 1392 2098 1396 2098 1395 2099 1396 2099 1399 2099 1400 2100 1402 2100 1401 2100 1400 2101 1403 2101 1402 2101 1404 2102 1405 2102 1406 2102 1404 2103 1406 2103 1407 2103 1400 2104 1401 2104 1405 2104 1400 2105 1405 2105 1404 2105 1401 2106 1402 2106 1406 2106 1401 2107 1406 2107 1405 2107 1402 2108 1403 2108 1407 2108 1402 2109 1407 2109 1406 2109 1403 2110 1400 2110 1404 2110 1403 2111 1404 2111 1407 2111 1408 2112 1410 2112 1409 2112 1408 2113 1411 2113 1410 2113 1412 2114 1413 2114 1414 2114 1412 2115 1414 2115 1415 2115 1408 2116 1409 2116 1413 2116 1408 2117 1413 2117 1412 2117 1409 2118 1410 2118 1414 2118 1409 2119 1414 2119 1413 2119 1410 2120 1411 2120 1415 2120 1410 2121 1415 2121 1414 2121 1411 2122 1408 2122 1412 2122 1411 2123 1412 2123 1415 2123 1416 2124 1418 2124 1417 2124 1416 2125 1419 2125 1418 2125 1420 2126 1421 2126 1422 2126 1420 2127 1422 2127 1423 2127 1416 2128 1417 2128 1421 2128 1416 2129 1421 2129 1420 2129 1417 2130 1418 2130 1422 2130 1417 2131 1422 2131 1421 2131 1418 2132 1419 2132 1423 2132 1418 2133 1423 2133 1422 2133 1419 2134 1416 2134 1420 2134 1419 2135 1420 2135 1423 2135 1424 2136 1426 2136 1425 2136 1424 2137 1427 2137 1426 2137 1428 2138 1429 2138 1430 2138 1428 2139 1430 2139 1431 2139 1424 2140 1425 2140 1429 2140 1424 2141 1429 2141 1428 2141 1425 2142 1426 2142 1430 2142 1425 2143 1430 2143 1429 2143 1426 2144 1427 2144 1431 2144 1426 2145 1431 2145 1430 2145 1427 2146 1424 2146 1428 2146 1427 2147 1428 2147 1431 2147 1432 2148 1434 2148 1433 2148 1432 2149 1435 2149 1434 2149 1436 2150 1437 2150 1438 2150 1436 2151 1438 2151 1439 2151 1432 2152 1433 2152 1437 2152 1432 2153 1437 2153 1436 2153 1433 2154 1434 2154 1438 2154 1433 2155 1438 2155 1437 2155 1434 2156 1435 2156 1439 2156 1434 2157 1439 2157 1438 2157 1435 2158 1432 2158 1436 2158 1435 2159 1436 2159 1439 2159 1440 2160 1442 2160 1441 2160 1440 2161 1443 2161 1442 2161 1444 2162 1445 2162 1446 2162 1444 2163 1446 2163 1447 2163 1440 2164 1441 2164 1445 2164 1440 2165 1445 2165 1444 2165 1441 2166 1442 2166 1446 2166 1441 2167 1446 2167 1445 2167 1442 2168 1443 2168 1447 2168 1442 2169 1447 2169 1446 2169 1443 2170 1440 2170 1444 2170 1443 2171 1444 2171 1447 2171 1448 2172 1450 2172 1449 2172 1448 2173 1451 2173 1450 2173 1452 2174 1453 2174 1454 2174 1452 2175 1454 2175 1455 2175 1448 2176 1449 2176 1453 2176 1448 2177 1453 2177 1452 2177 1449 2178 1450 2178 1454 2178 1449 2179 1454 2179 1453 2179 1450 2180 1451 2180 1455 2180 1450 2181 1455 2181 1454 2181 1451 2182 1448 2182 1452 2182 1451 2183 1452 2183 1455 2183 1456 2184 1458 2184 1457 2184 1456 2185 1459 2185 1458 2185 1460 2186 1461 2186 1462 2186 1460 2187 1462 2187 1463 2187 1456 2188 1457 2188 1461 2188 1456 2189 1461 2189 1460 2189 1457 2190 1458 2190 1462 2190 1457 2191 1462 2191 1461 2191 1458 2192 1459 2192 1463 2192 1458 2193 1463 2193 1462 2193 1459 2194 1456 2194 1460 2194 1459 2195 1460 2195 1463 2195 1464 2196 1466 2196 1465 2196 1464 2197 1467 2197 1466 2197 1468 2198 1469 2198 1470 2198 1468 2199 1470 2199 1471 2199 1464 2200 1465 2200 1469 2200 1464 2201 1469 2201 1468 2201 1465 2202 1466 2202 1470 2202 1465 2203 1470 2203 1469 2203 1466 2204 1467 2204 1471 2204 1466 2205 1471 2205 1470 2205 1467 2206 1464 2206 1468 2206 1467 2207 1468 2207 1471 2207 1472 2208 1474 2208 1473 2208 1472 2209 1475 2209 1474 2209 1476 2210 1477 2210 1478 2210 1476 2211 1478 2211 1479 2211 1472 2212 1473 2212 1477 2212 1472 2213 1477 2213 1476 2213 1473 2214 1474 2214 1478 2214 1473 2215 1478 2215 1477 2215 1474 2216 1475 2216 1479 2216 1474 2217 1479 2217 1478 2217 1475 2218 1472 2218 1476 2218 1475 2219 1476 2219 1479 2219 1480 2220 1482 2220 1481 2220 1480 2221 1483 2221 1482 2221 1484 2222 1485 2222 1486 2222 1484 2223 1486 2223 1487 2223 1480 2224 1481 2224 1485 2224 1480 2225 1485 2225 1484 2225 1481 2226 1482 2226 1486 2226 1481 2227 1486 2227 1485 2227 1482 2228 1483 2228 1487 2228 1482 2229 1487 2229 1486 2229 1483 2230 1480 2230 1484 2230 1483 2231 1484 2231 1487 2231 1488 2232 1490 2232 1489 2232 1488 2233 1491 2233 1490 2233 1492 2234 1493 2234 1494 2234 1492 2235 1494 2235 1495 2235 1488 2236 1489 2236 1493 2236 1488 2237 1493 2237 1492 2237 1489 2238 1490 2238 1494 2238 1489 2239 1494 2239 1493 2239 1490 2240 1491 2240 1495 2240 1490 2241 1495 2241 1494 2241 1491 2242 1488 2242 1492 2242 1491 2243 1492 2243 1495 2243 1496 2244 1498 2244 1497 2244 1496 2245 1499 2245 1498 2245 1500 2246 1501 2246 1502 2246 1500 2247 1502 2247 1503 2247 1496 2248 1497 2248 1501 2248 1496 2249 1501 2249 1500 2249 1497 2250 1498 2250 1502 2250 1497 2251 1502 2251 1501 2251 1498 2252 1499 2252 1503 2252 1498 2253 1503 2253 1502 2253 1499 2254 1496 2254 1500 2254 1499 2255 1500 2255 1503 2255 1504 2256 1506 2256 1505 2256 1504 2257 1507 2257 1506 2257 1508 2258 1509 2258 1510 2258 1508 2259 1510 2259 1511 2259 1504 2260 1505 2260 1509 2260 1504 2261 1509 2261 1508 2261 1505 2262 1506 2262 1510 2262 1505 2263 1510 2263 1509 2263 1506 2264 1507 2264 1511 2264 1506 2265 1511 2265 1510 2265 1507 2266 1504 2266 1508 2266 1507 2267 1508 2267 1511 2267 1512 2268 1514 2268 1513 2268 1512 2269 1515 2269 1514 2269 1516 2270 1517 2270 1518 2270 1516 2271 1518 2271 1519 2271 1512 2272 1513 2272 1517 2272 1512 2273 1517 2273 1516 2273 1513 2274 1514 2274 1518 2274 1513 2275 1518 2275 1517 2275 1514 2276 1515 2276 1519 2276 1514 2277 1519 2277 1518 2277 1515 2278 1512 2278 1516 2278 1515 2279 1516 2279 1519 2279 1520 2280 1522 2280 1521 2280 1520 2281 1523 2281 1522 2281 1524 2282 1525 2282 1526 2282 1524 2283 1526 2283 1527 2283 1520 2284 1521 2284 1525 2284 1520 2285 1525 2285 1524 2285 1521 2286 1522 2286 1526 2286 1521 2287 1526 2287 1525 2287 1522 2288 1523 2288 1527 2288 1522 2289 1527 2289 1526 2289 1523 2290 1520 2290 1524 2290 1523 2291 1524 2291 1527 2291 1528 2292 1530 2292 1529 2292 1528 2293 1531 2293 1530 2293 1532 2294 1533 2294 1534 2294 1532 2295 1534 2295 1535 2295 1528 2296 1529 2296 1533 2296 1528 2297 1533 2297 1532 2297 1529 2298 1530 2298 1534 2298 1529 2299 1534 2299 1533 2299 1530 2300 1531 2300 1535 2300 1530 2301 1535 2301 1534 2301 1531 2302 1528 2302 1532 2302 1531 2303 1532 2303 1535 2303 1536 2304 1538 2304 1537 2304 1536 2305 1539 2305 1538 2305 1540 2306 1541 2306 1542 2306 1540 2307 1542 2307 1543 2307 1536 2308 1537 2308 1541 2308 1536 2309 1541 2309 1540 2309 1537 2310 1538 2310 1542 2310 1537 2311 1542 2311 1541 2311 1538 2312 1539 2312 1543 2312 1538 2313 1543 2313 1542 2313 1539 2314 1536 2314 1540 2314 1539 2315 1540 2315 1543 2315 1544 2316 1546 2316 1545 2316 1544 2317 1547 2317 1546 2317 1548 2318 1549 2318 1550 2318 1548 2319 1550 2319 1551 2319 1544 2320 1545 2320 1549 2320 1544 2321 1549 2321 1548 2321 1545 2322 1546 2322 1550 2322 1545 2323 1550 2323 1549 2323 1546 2324 1547 2324 1551 2324 1546 2325 1551 2325 1550 2325 1547 2326 1544 2326 1548 2326 1547 2327 1548 2327 1551 2327 1552 2328 1554 2328 1553 2328 1552 2329 1555 2329 1554 2329 1556 2330 1557 2330 1558 2330 1556 2331 1558 2331 1559 2331 1552 2332 1553 2332 1557 2332 1552 2333 1557 2333 1556 2333 1553 2334 1554 2334 1558 2334 1553 2335 1558 2335 1557 2335 1554 2336 1555 2336 1559 2336 1554 2337 1559 2337 1558 2337 1555 2338 1552 2338 1556 2338 1555 2339 1556 2339 1559 2339 1560 2340 1562 2340 1561 2340 1560 2341 1563 2341 1562 2341 1564 2342 1565 2342 1566 2342 1564 2343 1566 2343 1567 2343 1560 2344 1561 2344 1565 2344 1560 2345 1565 2345 1564 2345 1561 2346 1562 2346 1566 2346 1561 2347 1566 2347 1565 2347 1562 2348 1563 2348 1567 2348 1562 2349 1567 2349 1566 2349 1563 2350 1560 2350 1564 2350 1563 2351 1564 2351 1567 2351 1568 2352 1570 2352 1569 2352 1568 2353 1571 2353 1570 2353 1572 2354 1573 2354 1574 2354 1572 2355 1574 2355 1575 2355 1568 2356 1569 2356 1573 2356 1568 2357 1573 2357 1572 2357 1569 2358 1570 2358 1574 2358 1569 2359 1574 2359 1573 2359 1570 2360 1571 2360 1575 2360 1570 2361 1575 2361 1574 2361 1571 2362 1568 2362 1572 2362 1571 2363 1572 2363 1575 2363 1576 2364 1578 2364 1577 2364 1576 2365 1579 2365 1578 2365 1580 2366 1581 2366 1582 2366 1580 2367 1582 2367 1583 2367 1576 2368 1577 2368 1581 2368 1576 2369 1581 2369 1580 2369 1577 2370 1578 2370 1582 2370 1577 2371 1582 2371 1581 2371 1578 2372 1579 2372 1583 2372 1578 2373 1583 2373 1582 2373 1579 2374 1576 2374 1580 2374 1579 2375 1580 2375 1583 2375 1584 2376 1586 2376 1585 2376 1584 2377 1587 2377 1586 2377 1588 2378 1589 2378 1590 2378 1588 2379 1590 2379 1591 2379 1584 2380 1585 2380 1589 2380 1584 2381 1589 2381 1588 2381 1585 2382 1586 2382 1590 2382 1585 2383 1590 2383 1589 2383 1586 2384 1587 2384 1591 2384 1586 2385 1591 2385 1590 2385 1587 2386 1584 2386 1588 2386 1587 2387 1588 2387 1591 2387 1592 2388 1594 2388 1593 2388 1592 2389 1595 2389 1594 2389 1596 2390 1597 2390 1598 2390 1596 2391 1598 2391 1599 2391 1592 2392 1593 2392 1597 2392 1592 2393 1597 2393 1596 2393 1593 2394 1594 2394 1598 2394 1593 2395 1598 2395 1597 2395 1594 2396 1595 2396 1599 2396 1594 2397 1599 2397 1598 2397 1595 2398 1592 2398 1596 2398 1595 2399 1596 2399 1599 2399 1600 2400 1602 2400 1601 2400 1600 2401 1603 2401 1602 2401 1604 2402 1605 2402 1606 2402 1604 2403 1606 2403 1607 2403 1600 2404 1601 2404 1605 2404 1600 2405 1605 2405 1604 2405 1601 2406 1602 2406 1606 2406 1601 2407 1606 2407 1605 2407 1602 2408 1603 2408 1607 2408 1602 2409 1607 2409 1606 2409 1603 2410 1600 2410 1604 2410 1603 2411 1604 2411 1607 2411 1608 2412 1610 2412 1609 2412 1608 2413 1611 2413 1610 2413 1612 2414 1613 2414 1614 2414 1612 2415 1614 2415 1615 2415 1608 2416 1609 2416 1613 2416 1608 2417 1613 2417 1612 2417 1609 2418 1610 2418 1614 2418 1609 2419 1614 2419 1613 2419 1610 2420 1611 2420 1615 2420 1610 2421 1615 2421 1614 2421 1611 2422 1608 2422 1612 2422 1611 2423 1612 2423 1615 2423 1616 2424 1618 2424 1617 2424 1616 2425 1619 2425 1618 2425 1620 2426 1621 2426 1622 2426 1620 2427 1622 2427 1623 2427 1616 2428 1617 2428 1621 2428 1616 2429 1621 2429 1620 2429 1617 2430 1618 2430 1622 2430 1617 2431 1622 2431 1621 2431 1618 2432 1619 2432 1623 2432 1618 2433 1623 2433 1622 2433 1619 2434 1616 2434 1620 2434 1619 2435 1620 2435 1623 2435 1624 2436 1626 2436 1625 2436 1624 2437 1627 2437 1626 2437 1628 2438 1629 2438 1630 2438 1628 2439 1630 2439 1631 2439 1624 2440 1625 2440 1629 2440 1624 2441 1629 2441 1628 2441 1625 2442 1626 2442 1630 2442 1625 2443 1630 2443 1629 2443 1626 2444 1627 2444 1631 2444 1626 2445 1631 2445 1630 2445 1627 2446 1624 2446 1628 2446 1627 2447 1628 2447 1631 2447 1632 2448 1634 2448 1633 2448 1632 2449 1635 2449 1634 2449 1636 2450 1637 2450 1638 2450 1636 2451 1638 2451 1639 2451 1632 2452 1633 2452 1637 2452 1632 2453 1637 2453 1636 2453 1633 2454 1634 2454 1638 2454 1633 2455 1638 2455 1637 2455 1634 2456 1635 2456 1639 2456 1634 2457 1639 2457 1638 2457 1635 2458 1632 2458 1636 2458 1635 2459 1636 2459 1639 2459 1640 2460 1642 2460 1641 2460 1640 2461 1643 2461 1642 2461 1644 2462 1645 2462 1646 2462 1644 2463 1646 2463 1647 2463 1640 2464 1641 2464 1645 2464 1640 2465 1645 2465 1644 2465 1641 2466 1642 2466 1646 2466 1641 2467 1646 2467 1645 2467 1642 2468 1643 2468 1647 2468 1642 2469 1647 2469 1646 2469 1643 2470 1640 2470 1644 2470 1643 2471 1644 2471 1647 2471 1648 2472 1650 2472 1649 2472 1648 2473 1651 2473 1650 2473 1652 2474 1653 2474 1654 2474 1652 2475 1654 2475 1655 2475 1648 2476 1649 2476 1653 2476 1648 2477 1653 2477 1652 2477 1649 2478 1650 2478 1654 2478 1649 2479 1654 2479 1653 2479 1650 2480 1651 2480 1655 2480 1650 2481 1655 2481 1654 2481 1651 2482 1648 2482 1652 2482 1651 2483 1652 2483 1655 2483 1656 2484 1658 2484 1657 2484 1656 2485 1659 2485 1658 2485 1660 2486 1661 2486 1662 2486 1660 2487 1662 2487 1663 2487 1656 2488 1657 2488 1661 2488 1656 2489 1661 2489 1660 2489 1657 2490 1658 2490 1662 2490 1657 2491 1662 2491 1661 2491 1658 2492 1659 2492 1663 2492 1658 2493 1663 2493 1662 2493 1659 2494 1656 2494 1660 2494 1659 2495 1660 2495 1663 2495 1664 2496 1666 2496 1665 2496 1664 2497 1667 2497 1666 2497 1668 2498 1669 2498 1670 2498 1668 2499 1670 2499 1671 2499 1664 2500 1665 2500 1669 2500 1664 2501 1669 2501 1668 2501 1665 2502 1666 2502 1670 2502 1665 2503 1670 2503 1669 2503 1666 2504 1667 2504 1671 2504 1666 2505 1671 2505 1670 2505 1667 2506 1664 2506 1668 2506 1667 2507 1668 2507 1671 2507 1672 2508 1674 2508 1673 2508 1672 2509 1675 2509 1674 2509 1676 2510 1677 2510 1678 2510 1676 2511 1678 2511 1679 2511 1672 2512 1673 2512 1677 2512 1672 2513 1677 2513 1676 2513 1673 2514 1674 2514 1678 2514 1673 2515 1678 2515 1677 2515 1674 2516 1675 2516 1679 2516 1674 2517 1679 2517 1678 2517 1675 2518 1672 2518 1676 2518 1675 2519 1676 2519 1679 2519 1680 2520 1682 2520 1681 2520 1680 2521 1683 2521 1682 2521 1684 2522 1685 2522 1686 2522 1684 2523 1686 2523 1687 2523 1680 2524 1681 2524 1685 2524 1680 2525 1685 2525 1684 2525 1681 2526 1682 2526 1686 2526 1681 2527 1686 2527 1685 2527 1682 2528 1683 2528 1687 2528 1682 2529 1687 2529 1686 2529 1683 2530 1680 2530 1684 2530 1683 2531 1684 2531 1687 2531 1688 2532 1690 2532 1689 2532 1688 2533 1691 2533 1690 2533 1692 2534 1693 2534 1694 2534 1692 2535 1694 2535 1695 2535 1688 2536 1689 2536 1693 2536 1688 2537 1693 2537 1692 2537 1689 2538 1690 2538 1694 2538 1689 2539 1694 2539 1693 2539 1690 2540 1691 2540 1695 2540 1690 2541 1695 2541 1694 2541 1691 2542 1688 2542 1692 2542 1691 2543 1692 2543 1695 2543 1696 2544 1698 2544 1697 2544 1696 2545 1699 2545 1698 2545 1700 2546 1701 2546 1702 2546 1700 2547 1702 2547 1703 2547 1696 2548 1697 2548 1701 2548 1696 2549 1701 2549 1700 2549 1697 2550 1698 2550 1702 2550 1697 2551 1702 2551 1701 2551 1698 2552 1699 2552 1703 2552 1698 2553 1703 2553 1702 2553 1699 2554 1696 2554 1700 2554 1699 2555 1700 2555 1703 2555 1704 2556 1706 2556 1705 2556 1704 2557 1707 2557 1706 2557 1708 2558 1709 2558 1710 2558 1708 2559 1710 2559 1711 2559 1704 2560 1705 2560 1709 2560 1704 2561 1709 2561 1708 2561 1705 2562 1706 2562 1710 2562 1705 2563 1710 2563 1709 2563 1706 2564 1707 2564 1711 2564 1706 2565 1711 2565 1710 2565 1707 2566 1704 2566 1708 2566 1707 2567 1708 2567 1711 2567 1712 2568 1714 2568 1713 2568 1712 2569 1715 2569 1714 2569 1716 2570 1717 2570 1718 2570 1716 2571 1718 2571 1719 2571 1712 2572 1713 2572 1717 2572 1712 2573 1717 2573 1716 2573 1713 2574 1714 2574 1718 2574 1713 2575 1718 2575 1717 2575 1714 2576 1715 2576 1719 2576 1714 2577 1719 2577 1718 2577 1715 2578 1712 2578 1716 2578 1715 2579 1716 2579 1719 2579 1720 2580 1722 2580 1721 2580 1720 2581 1723 2581 1722 2581 1724 2582 1725 2582 1726 2582 1724 2583 1726 2583 1727 2583 1720 2584 1721 2584 1725 2584 1720 2585 1725 2585 1724 2585 1721 2586 1722 2586 1726 2586 1721 2587 1726 2587 1725 2587 1722 2588 1723 2588 1727 2588 1722 2589 1727 2589 1726 2589 1723 2590 1720 2590 1724 2590 1723 2591 1724 2591 1727 2591 1728 2592 1730 2592 1729 2592 1728 2593 1731 2593 1730 2593 1732 2594 1733 2594 1734 2594 1732 2595 1734 2595 1735 2595 1728 2596 1729 2596 1733 2596 1728 2597 1733 2597 1732 2597 1729 2598 1730 2598 1734 2598 1729 2599 1734 2599 1733 2599 1730 2600 1731 2600 1735 2600 1730 2601 1735 2601 1734 2601 1731 2602 1728 2602 1732 2602 1731 2603 1732 2603 1735 2603 1736 2604 1738 2604 1737 2604 1736 2605 1739 2605 1738 2605 1740 2606 1741 2606 1742 2606 1740 2607 1742 2607 1743 2607 1736 2608 1737 2608 1741 2608 1736 2609 1741 2609 1740 2609 1737 2610 1738 2610 1742 2610 1737 2611 1742 2611 1741 2611 1738 2612 1739 2612 1743 2612 1738 2613 1743 2613 1742 2613 1739 2614 1736 2614 1740 2614 1739 2615 1740 2615 1743 2615 1744 2616 1746 2616 1745 2616 1744 2617 1747 2617 1746 2617 1748 2618 1749 2618 1750 2618 1748 2619 1750 2619 1751 2619 1744 2620 1745 2620 1749 2620 1744 2621 1749 2621 1748 2621 1745 2622 1746 2622 1750 2622 1745 2623 1750 2623 1749 2623 1746 2624 1747 2624 1751 2624 1746 2625 1751 2625 1750 2625 1747 2626 1744 2626 1748 2626 1747 2627 1748 2627 1751 2627 1752 2628 1754 2628 1753 2628 1752 2629 1755 2629 1754 2629 1756 2630 1757 2630 1758 2630 1756 2631 1758 2631 1759 2631 1752 2632 1753 2632 1757 2632 1752 2633 1757 2633 1756 2633 1753 2634 1754 2634 1758 2634 1753 2635 1758 2635 1757 2635 1754 2636 1755 2636 1759 2636 1754 2637 1759 2637 1758 2637 1755 2638 1752 2638 1756 2638 1755 2639 1756 2639 1759 2639 1760 2640 1762 2640 1761 2640 1760 2641 1763 2641 1762 2641 1764 2642 1765 2642 1766 2642 1764 2643 1766 2643 1767 2643 1760 2644 1761 2644 1765 2644 1760 2645 1765 2645 1764 2645 1761 2646 1762 2646 1766 2646 1761 2647 1766 2647 1765 2647 1762 2648 1763 2648 1767 2648 1762 2649 1767 2649 1766 2649 1763 2650 1760 2650 1764 2650 1763 2651 1764 2651 1767 2651 1768 2652 1770 2652 1769 2652 1768 2653 1771 2653 1770 2653 1772 2654 1773 2654 1774 2654 1772 2655 1774 2655 1775 2655 1768 2656 1769 2656 1773 2656 1768 2657 1773 2657 1772 2657 1769 2658 1770 2658 1774 2658 1769 2659 1774 2659 1773 2659 1770 2660 1771 2660 1775 2660 1770 2661 1775 2661 1774 2661 1771 2662 1768 2662 1772 2662 1771 2663 1772 2663 1775 2663 1776 2664 1778 2664 1777 2664 1776 2665 1779 2665 1778 2665 1780 2666 1781 2666 1782 2666 1780 2667 1782 2667 1783 2667 1776 2668 1777 2668 1781 2668 1776 2669 1781 2669 1780 2669 1777 2670 1778 2670 1782 2670 1777 2671 1782 2671 1781 2671 1778 2672 1779 2672 1783 2672 1778 2673 1783 2673 1782 2673 1779 2674 1776 2674 1780 2674 1779 2675 1780 2675 1783 2675 1784 2676 1786 2676 1785 2676 1784 2677 1787 2677 1786 2677 1788 2678 1789 2678 1790 2678 1788 2679 1790 2679 1791 2679 1784 2680 1785 2680 1789 2680 1784 2681 1789 2681 1788 2681 1785 2682 1786 2682 1790 2682 1785 2683 1790 2683 1789 2683 1786 2684 1787 2684 1791 2684 1786 2685 1791 2685 1790 2685 1787 2686 1784 2686 1788 2686 1787 2687 1788 2687 1791 2687 1792 2688 1794 2688 1793 2688 1792 2689 1795 2689 1794 2689 1796 2690 1797 2690 1798 2690 1796 2691 1798 2691 1799 2691 1792 2692 1793 2692 1797 2692 1792 2693 1797 2693 1796 2693 1793 2694 1794 2694 1798 2694 1793 2695 1798 2695 1797 2695 1794 2696 1795 2696 1799 2696 1794 2697 1799 2697 1798 2697 1795 2698 1792 2698 1796 2698 1795 2699 1796 2699 1799 2699 1800 2700 1802 2700 1801 2700 1800 2701 1803 2701 1802 2701 1804 2702 1805 2702 1806 2702 1804 2703 1806 2703 1807 2703 1800 2704 1801 2704 1805 2704 1800 2705 1805 2705 1804 2705 1801 2706 1802 2706 1806 2706 1801 2707 1806 2707 1805 2707 1802 2708 1803 2708 1807 2708 1802 2709 1807 2709 1806 2709 1803 2710 1800 2710 1804 2710 1803 2711 1804 2711 1807 2711 1808 2712 1810 2712 1809 2712 1808 2713 1811 2713 1810 2713 1812 2714 1813 2714 1814 2714 1812 2715 1814 2715 1815 2715 1808 2716 1809 2716 1813 2716 1808 2717 1813 2717 1812 2717 1809 2718 1810 2718 1814 2718 1809 2719 1814 2719 1813 2719 1810 2720 1811 2720 1815 2720 1810 2721 1815 2721 1814 2721 1811 2722 1808 2722 1812 2722 1811 2723 1812 2723 1815 2723 1816 2724 1818 2724 1817 2724 1816 2725 1819 2725 1818 2725 1820 2726 1821 2726 1822 2726 1820 2727 1822 2727 1823 2727 1816 2728 1817 2728 1821 2728 1816 2729 1821 2729 1820 2729 1817 2730 1818 2730 1822 2730 1817 2731 1822 2731 1821 2731 1818 2732 1819 2732 1823 2732 1818 2733 1823 2733 1822 2733 1819 2734 1816 2734 1820 2734 1819 2735 1820 2735 1823 2735 1824 2736 1826 2736 1825 2736 1824 2737 1827 2737 1826 2737 1828 2738 1829 2738 1830 2738 1828 2739 1830 2739 1831 2739 1824 2740 1825 2740 1829 2740 1824 2741 1829 2741 1828 2741 1825 2742 1826 2742 1830 2742 1825 2743 1830 2743 1829 2743 1826 2744 1827 2744 1831 2744 1826 2745 1831 2745 1830 2745 1827 2746 1824 2746 1828 2746 1827 2747 1828 2747 1831 2747 1832 2748 1834 2748 1833 2748 1832 2749 1835 2749 1834 2749 1836 2750 1837 2750 1838 2750 1836 2751 1838 2751 1839 2751 1832 2752 1833 2752 1837 2752 1832 2753 1837 2753 1836 2753 1833 2754 1834 2754 1838 2754 1833 2755 1838 2755 1837 2755 1834 2756 1835 2756 1839 2756 1834 2757 1839 2757 1838 2757 1835 2758 1832 2758 1836 2758 1835 2759 1836 2759 1839 2759 1840 2760 1842 2760 1841 2760 1840 2761 1843 2761 1842 2761 1844 2762 1845 2762 1846 2762 1844 2763 1846 2763 1847 2763 1840 2764 1841 2764 1845 2764 1840 2765 1845 2765 1844 2765 1841 2766 1842 2766 1846 2766 1841 2767 1846 2767 1845 2767 1842 2768 1843 2768 1847 2768 1842 2769 1847 2769 1846 2769 1843 2770 1840 2770 1844 2770 1843 2771 1844 2771 1847 2771 1848 2772 1850 2772 1849 2772 1848 2773 1851 2773 1850 2773 1852 2774 1853 2774 1854 2774 1852 2775 1854 2775 1855 2775 1848 2776 1849 2776 1853 2776 1848 2777 1853 2777 1852 2777 1849 2778 1850 2778 1854 2778 1849 2779 1854 2779 1853 2779 1850 2780 1851 2780 1855 2780 1850 2781 1855 2781 1854 2781 1851 2782 1848 2782 1852 2782 1851 2783 1852 2783 1855 2783 1856 2784 1858 2784 1857 2784 1856 2785 1859 2785 1858 2785 1860 2786 1861 2786 1862 2786 1860 2787 1862 2787 1863 2787 1856 2788 1857 2788 1861 2788 1856 2789 1861 2789 1860 2789 1857 2790 1858 2790 1862 2790 1857 2791 1862 2791 1861 2791 1858 2792 1859 2792 1863 2792 1858 2793 1863 2793 1862 2793 1859 2794 1856 2794 1860 2794 1859 2795 1860 2795 1863 2795 1864 2796 1866 2796 1865 2796 1864 2797 1867 2797 1866 2797 1868 2798 1869 2798 1870 2798 1868 2799 1870 2799 1871 2799 1864 2800 1865 2800 1869 2800 1864 2801 1869 2801 1868 2801 1865 2802 1866 2802 1870 2802 1865 2803 1870 2803 1869 2803 1866 2804 1867 2804 1871 2804 1866 2805 1871 2805 1870 2805 1867 2806 1864 2806 1868 2806 1867 2807 1868 2807 1871 2807 1872 2808 1874 2808 1873 2808 1872 2809 1875 2809 1874 2809 1876 2810 1877 2810 1878 2810 1876 2811 1878 2811 1879 2811 1872 2812 1873 2812 1877 2812 1872 2813 1877 2813 1876 2813 1873 2814 1874 2814 1878 2814 1873 2815 1878 2815 1877 2815 1874 2816 1875 2816 1879 2816 1874 2817 1879 2817 1878 2817 1875 2818 1872 2818 1876 2818 1875 2819 1876 2819 1879 2819 1880 2820 1882 2820 1881 2820 1880 2821 1883 2821 1882 2821 1884 2822 1885 2822 1886 2822 1884 2823 1886 2823 1887 2823 1880 2824 1881 2824 1885 2824 1880 2825 1885 2825 1884 2825 1881 2826 1882 2826 1886 2826 1881 2827 1886 2827 1885 2827 1882 2828 1883 2828 1887 2828 1882 2829 1887 2829 1886 2829 1883 2830 1880 2830 1884 2830 1883 2831 1884 2831 1887 2831 1888 2832 1890 2832 1889 2832 1888 2833 1891 2833 1890 2833 1892 2834 1893 2834 1894 2834 1892 2835 1894 2835 1895 2835 1888 2836 1889 2836 1893 2836 1888 2837 1893 2837 1892 2837 1889 2838 1890 2838 1894 2838 1889 2839 1894 2839 1893 2839 1890 2840 1891 2840 1895 2840 1890 2841 1895 2841 1894 2841 1891 2842 1888 2842 1892 2842 1891 2843 1892 2843 1895 2843 1896 2844 1898 2844 1897 2844 1896 2845 1899 2845 1898 2845 1900 2846 1901 2846 1902 2846 1900 2847 1902 2847 1903 2847 1896 2848 1897 2848 1901 2848 1896 2849 1901 2849 1900 2849 1897 2850 1898 2850 1902 2850 1897 2851 1902 2851 1901 2851 1898 2852 1899 2852 1903 2852 1898 2853 1903 2853 1902 2853 1899 2854 1896 2854 1900 2854 1899 2855 1900 2855 1903 2855 1904 2856 1906 2856 1905 2856 1904 2857 1907 2857 1906 2857 1908 2858 1909 2858 1910 2858 1908 2859 1910 2859 1911 2859 1904 2860 1905 2860 1909 2860 1904 2861 1909 2861 1908 2861 1905 2862 1906 2862 1910 2862 1905 2863 1910 2863 1909 2863 1906 2864 1907 2864 1911 2864 1906 2865 1911 2865 1910 2865 1907 2866 1904 2866 1908 2866 1907 2867 1908 2867 1911 2867 1912 2868 1914 2868 1913 2868 1912 2869 1915 2869 1914 2869 1916 2870 1917 2870 1918 2870 1916 2871 1918 2871 1919 2871 1912 2872 1913 2872 1917 2872 1912 2873 1917 2873 1916 2873 1913 2874 1914 2874 1918 2874 1913 2875 1918 2875 1917 2875 1914 2876 1915 2876 1919 2876 1914 2877 1919 2877 1918 2877 1915 2878 1912 2878 1916 2878 1915 2879 1916 2879 1919 2879 1920 2880 1922 2880 1921 2880 1920 2881 1923 2881 1922 2881 1924 2882 1925 2882 1926 2882 1924 2883 1926 2883 1927 2883 1920 2884 1921 2884 1925 2884 1920 2885 1925 2885 1924 2885 1921 2886 1922 2886 1926 2886 1921 2887 1926 2887 1925 2887 1922 2888 1923 2888 1927 2888 1922 2889 1927 2889 1926 2889 1923 2890 1920 2890 1924 2890 1923 2891 1924 2891 1927 2891 1928 2892 1930 2892 1929 2892 1928 2893 1931 2893 1930 2893 1932 2894 1933 2894 1934 2894 1932 2895 1934 2895 1935 2895 1928 2896 1929 2896 1933 2896 1928 2897 1933 2897 1932 2897 1929 2898 1930 2898 1934 2898 1929 2899 1934 2899 1933 2899 1930 2900 1931 2900 1935 2900 1930 2901 1935 2901 1934 2901 1931 2902 1928 2902 1932 2902 1931 2903 1932 2903 1935 2903 1936 2904 1938 2904 1937 2904 1936 2905 1939 2905 1938 2905 1940 2906 1941 2906 1942 2906 1940 2907 1942 2907 1943 2907 1936 2908 1937 2908 1941 2908 1936 2909 1941 2909 1940 2909 1937 2910 1938 2910 1942 2910 1937 2911 1942 2911 1941 2911 1938 2912 1939 2912 1943 2912 1938 2913 1943 2913 1942 2913 1939 2914 1936 2914 1940 2914 1939 2915 1940 2915 1943 2915 1944 2916 1946 2916 1945 2916 1944 2917 1947 2917 1946 2917 1948 2918 1949 2918 1950 2918 1948 2919 1950 2919 1951 2919 1944 2920 1945 2920 1949 2920 1944 2921 1949 2921 1948 2921 1945 2922 1946 2922 1950 2922 1945 2923 1950 2923 1949 2923 1946 2924 1947 2924 1951 2924 1946 2925 1951 2925 1950 2925 1947 2926 1944 2926 1948 2926 1947 2927 1948 2927 1951 2927 1952 2928 1954 2928 1953 2928 1952 2929 1955 2929 1954 2929 1956 2930 1957 2930 1958 2930 1956 2931 1958 2931 1959 2931 1952 2932 1953 2932 1957 2932 1952 2933 1957 2933 1956 2933 1953 2934 1954 2934 1958 2934 1953 2935 1958 2935 1957 2935 1954 2936 1955 2936 1959 2936 1954 2937 1959 2937 1958 2937 1955 2938 1952 2938 1956 2938 1955 2939 1956 2939 1959 2939 1960 2940 1962 2940 1961 2940 1960 2941 1963 2941 1962 2941 1964 2942 1965 2942 1966 2942 1964 2943 1966 2943 1967 2943 1960 2944 1961 2944 1965 2944 1960 2945 1965 2945 1964 2945 1961 2946 1962 2946 1966 2946 1961 2947 1966 2947 1965 2947 1962 2948 1963 2948 1967 2948 1962 2949 1967 2949 1966 2949 1963 2950 1960 2950 1964 2950 1963 2951 1964 2951 1967 2951 1968 2952 1970 2952 1969 2952 1968 2953 1971 2953 1970 2953 1972 2954 1973 2954 1974 2954 1972 2955 1974 2955 1975 2955 1968 2956 1969 2956 1973 2956 1968 2957 1973 2957 1972 2957 1969 2958 1970 2958 1974 2958 1969 2959 1974 2959 1973 2959 1970 2960 1971 2960 1975 2960 1970 2961 1975 2961 1974 2961 1971 2962 1968 2962 1972 2962 1971 2963 1972 2963 1975 2963 1976 2964 1978 2964 1977 2964 1976 2965 1979 2965 1978 2965 1980 2966 1981 2966 1982 2966 1980 2967 1982 2967 1983 2967 1976 2968 1977 2968 1981 2968 1976 2969 1981 2969 1980 2969 1977 2970 1978 2970 1982 2970 1977 2971 1982 2971 1981 2971 1978 2972 1979 2972 1983 2972 1978 2973 1983 2973 1982 2973 1979 2974 1976 2974 1980 2974 1979 2975 1980 2975 1983 2975 1984 2976 1986 2976 1985 2976 1984 2977 1987 2977 1986 2977 1988 2978 1989 2978 1990 2978 1988 2979 1990 2979 1991 2979 1984 2980 1985 2980 1989 2980 1984 2981 1989 2981 1988 2981 1985 2982 1986 2982 1990 2982 1985 2983 1990 2983 1989 2983 1986 2984 1987 2984 1991 2984 1986 2985 1991 2985 1990 2985 1987 2986 1984 2986 1988 2986 1987 2987 1988 2987 1991 2987 1992 2988 1994 2988 1993 2988 1992 2989 1995 2989 1994 2989 1996 2990 1997 2990 1998 2990 1996 2991 1998 2991 1999 2991 1992 2992 1993 2992 1997 2992 1992 2993 1997 2993 1996 2993 1993 2994 1994 2994 1998 2994 1993 2995 1998 2995 1997 2995 1994 2996 1995 2996 1999 2996 1994 2997 1999 2997 1998 2997 1995 2998 1992 2998 1996 2998 1995 2999 1996 2999 1999 2999 2000 3000 2002 3000 2001 3000 2000 3001 2003 3001 2002 3001 2004 3002 2005 3002 2006 3002 2004 3003 2006 3003 2007 3003 2000 3004 2001 3004 2005 3004 2000 3005 2005 3005 2004 3005 2001 3006 2002 3006 2006 3006 2001 3007 2006 3007 2005 3007 2002 3008 2003 3008 2007 3008 2002 3009 2007 3009 2006 3009 2003 3010 2000 3010 2004 3010 2003 3011 2004 3011 2007 3011 2008 3012 2010 3012 2009 3012 2008 3013 2011 3013 2010 3013 2012 3014 2013 3014 2014 3014 2012 3015 2014 3015 2015 3015 2008 3016 2009 3016 2013 3016 2008 3017 2013 3017 2012 3017 2009 3018 2010 3018 2014 3018 2009 3019 2014 3019 2013 3019 2010 3020 2011 3020 2015 3020 2010 3021 2015 3021 2014 3021 2011 3022 2008 3022 2012 3022 2011 3023 2012 3023 2015 3023 2016 3024 2018 3024 2017 3024 2016 3025 2019 3025 2018 3025 2020 3026 2021 3026 2022 3026 2020 3027 2022 3027 2023 3027 2016 3028 2017 3028 2021 3028 2016 3029 2021 3029 2020 3029 2017 3030 2018 3030 2022 3030 2017 3031 2022 3031 2021 3031 2018 3032 2019 3032 2023 3032 2018 3033 2023 3033 2022 3033 2019 3034 2016 3034 2020 3034 2019 3035 2020 3035 2023 3035 2024 3036 2026 3036 2025 3036 2024 3037 2027 3037 2026 3037 2028 3038 2029 3038 2030 3038 2028 3039 2030 3039 2031 3039 2024 3040 2025 3040 2029 3040 2024 3041 2029 3041 2028 3041 2025 3042 2026 3042 2030 3042 2025 3043 2030 3043 2029 3043 2026 3044 2027 3044 2031 3044 2026 3045 2031 3045 2030 3045 2027 3046 2024 3046 2028 3046 2027 3047 2028 3047 2031 3047 2032 3048 2034 3048 2033 3048 2032 3049 2035 3049 2034 3049 2036 3050 2037 3050 2038 3050 2036 3051 2038 3051 2039 3051 2032 3052 2033 3052 2037 3052 2032 3053 2037 3053 2036 3053 2033 3054 2034 3054 2038 3054 2033 3055 2038 3055 2037 3055 2034 3056 2035 3056 2039 3056 2034 3057 2039 3057 2038 3057 2035 3058 2032 3058 2036 3058 2035 3059 2036 3059 2039 3059 2040 3060 2042 3060 2041 3060 2040 3061 2043 3061 2042 3061 2044 3062 2045 3062 2046 3062 2044 3063 2046 3063 2047 3063 2040 3064 2041 3064 2045 3064 2040 3065 2045 3065 2044 3065 2041 3066 2042 3066 2046 3066 2041 3067 2046 3067 2045 3067 2042 3068 2043 3068 2047 3068 2042 3069 2047 3069 2046 3069 2043 3070 2040 3070 2044 3070 2043 3071 2044 3071 2047 3071 2048 3072 2050 3072 2049 3072 2048 3073 2051 3073 2050 3073 2052 3074 2053 3074 2054 3074 2052 3075 2054 3075 2055 3075 2048 3076 2049 3076 2053 3076 2048 3077 2053 3077 2052 3077 2049 3078 2050 3078 2054 3078 2049 3079 2054 3079 2053 3079 2050 3080 2051 3080 2055 3080 2050 3081 2055 3081 2054 3081 2051 3082 2048 3082 2052 3082 2051 3083 2052 3083 2055 3083 2056 3084 2058 3084 2057 3084 2056 3085 2059 3085 2058 3085 2060 3086 2061 3086 2062 3086 2060 3087 2062 3087 2063 3087 2056 3088 2057 3088 2061 3088 2056 3089 2061 3089 2060 3089 2057 3090 2058 3090 2062 3090 2057 3091 2062 3091 2061 3091 2058 3092 2059 3092 2063 3092 2058 3093 2063 3093 2062 3093 2059 3094 2056 3094 2060 3094 2059 3095 2060 3095 2063 3095 2064 3096 2066 3096 2065 3096 2064 3097 2067 3097 2066 3097 2068 3098 2069 3098 2070 3098 2068 3099 2070 3099 2071 3099 2064 3100 2065 3100 2069 3100 2064 3101 2069 3101 2068 3101 2065 3102 2066 3102 2070 3102 2065 3103 2070 3103 2069 3103 2066 3104 2067 3104 2071 3104 2066 3105 2071 3105 2070 3105 2067 3106 2064 3106 2068 3106 2067 3107 2068 3107 2071 3107 2072 3108 2074 3108 2073 3108 2072 3109 2075 3109 2074 3109 2076 3110 2077 3110 2078 3110 2076 3111 2078 3111 2079 3111 2072 3112 2073 3112 2077 3112 2072 3113 2077 3113 2076 3113 2073 3114 2074 3114 2078 3114 2073 3115 2078 3115 2077 3115 2074 3116 2075 3116 2079 3116 2074 3117 2079 3117 2078 3117 2075 3118 2072 3118 2076 3118 2075 3119 2076 3119 2079 3119 2080 3120 2082 3120 2081 3120 2080 3121 2083 3121 2082 3121 2084 3122 2085 3122 2086 3122 2084 3123 2086 3123 2087 3123 2080 3124 2081 3124 2085 3124 2080 3125 2085 3125 2084 3125 2081 3126 2082 3126 2086 3126 2081 3127 2086 3127 2085 3127 2082 3128 2083 3128 2087 3128 2082 3129 2087 3129 2086 3129 2083 3130 2080 3130 2084 3130 2083 3131 2084 3131 2087 3131 2088 3132 2090 3132 2089 3132 2088 3133 2091 3133 2090 3133 2092 3134 2093 3134 2094 3134 2092 3135 2094 3135 2095 3135 2088 3136 2089 3136 2093 3136 2088 3137 2093 3137 2092 3137 2089 3138 2090 3138 2094 3138 2089 3139 2094 3139 2093 3139 2090 3140 2091 3140 2095 3140 2090 3141 2095 3141 2094 3141 2091 3142 2088 3142 2092 3142 2091 3143 2092 3143 2095 3143 2096 3144 2098 3144 2097 3144 2096 3145 2099 3145 2098 3145 2100 3146 2101 3146 2102 3146 2100 3147 2102 3147 2103 3147 2096 3148 2097 3148 2101 3148 2096 3149 2101 3149 2100 3149 2097 3150 2098 3150 2102 3150 2097 3151 2102 3151 2101 3151 2098 3152 2099 3152 2103 3152 2098 3153 2103 3153 2102 3153 2099 3154 2096 3154 2100 3154 2099 3155 2100 3155 2103 3155 2104 3156 2106 3156 2105 3156 2104 3157 2107 3157 2106 3157 2108 3158 2109 3158 2110 3158 2108 3159 2110 3159 2111 3159 2104 3160 2105 3160 2109 3160 2104 3161 2109 3161 2108 3161 2105 3162 2106 3162 2110 3162 2105 3163 2110 3163 2109 3163 2106 3164 2107 3164 2111 3164 2106 3165 2111 3165 2110 3165 2107 3166 2104 3166 2108 3166 2107 3167 2108 3167 2111 3167 2112 3168 2114 3168 2113 3168 2112 3169 2115 3169 2114 3169 2116 3170 2117 3170 2118 3170 2116 3171 2118 3171 2119 3171 2112 3172 2113 3172 2117 3172 2112 3173 2117 3173 2116 3173 2113 3174 2114 3174 2118 3174 2113 3175 2118 3175 2117 3175 2114 3176 2115 3176 2119 3176 2114 3177 2119 3177 2118 3177 2115 3178 2112 3178 2116 3178 2115 3179 2116 3179 2119 3179 2120 3180 2122 3180 2121 3180 2120 3181 2123 3181 2122 3181 2124 3182 2125 3182 2126 3182 2124 3183 2126 3183 2127 3183 2120 3184 2121 3184 2125 3184 2120 3185 2125 3185 2124 3185 2121 3186 2122 3186 2126 3186 2121 3187 2126 3187 2125 3187 2122 3188 2123 3188 2127 3188 2122 3189 2127 3189 2126 3189 2123 3190 2120 3190 2124 3190 2123 3191 2124 3191 2127 3191 2128 3192 2130 3192 2129 3192 2128 3193 2131 3193 2130 3193 2132 3194 2133 3194 2134 3194 2132 3195 2134 3195 2135 3195 2128 3196 2129 3196 2133 3196 2128 3197 2133 3197 2132 3197 2129 3198 2130 3198 2134 3198 2129 3199 2134 3199 2133 3199 2130 3200 2131 3200 2135 3200 2130 3201 2135 3201 2134 3201 2131 3202 2128 3202 2132 3202 2131 3203 2132 3203 2135 3203 2136 3204 2138 3204 2137 3204 2136 3205 2139 3205 2138 3205 2140 3206 2141 3206 2142 3206 2140 3207 2142 3207 2143 3207 2136 3208 2137 3208 2141 3208 2136 3209 2141 3209 2140 3209 2137 3210 2138 3210 2142 3210 2137 3211 2142 3211 2141 3211 2138 3212 2139 3212 2143 3212 2138 3213 2143 3213 2142 3213 2139 3214 2136 3214 2140 3214 2139 3215 2140 3215 2143 3215 2144 3216 2146 3216 2145 3216 2144 3217 2147 3217 2146 3217 2148 3218 2149 3218 2150 3218 2148 3219 2150 3219 2151 3219 2144 3220 2145 3220 2149 3220 2144 3221 2149 3221 2148 3221 2145 3222 2146 3222 2150 3222 2145 3223 2150 3223 2149 3223 2146 3224 2147 3224 2151 3224 2146 3225 2151 3225 2150 3225 2147 3226 2144 3226 2148 3226 2147 3227 2148 3227 2151 3227 2152 3228 2154 3228 2153 3228 2152 3229 2155 3229 2154 3229 2156 3230 2157 3230 2158 3230 2156 3231 2158 3231 2159 3231 2152 3232 2153 3232 2157 3232 2152 3233 2157 3233 2156 3233 2153 3234 2154 3234 2158 3234 2153 3235 2158 3235 2157 3235 2154 3236 2155 3236 2159 3236 2154 3237 2159 3237 2158 3237 2155 3238 2152 3238 2156 3238 2155 3239 2156 3239 2159 3239 2160 3240 2162 3240 2161 3240 2160 3241 2163 3241 2162 3241 2164 3242 2165 3242 2166 3242 2164 3243 2166 3243 2167 3243 2160 3244 2161 3244 2165 3244 2160 3245 2165 3245 2164 3245 2161 3246 2162 3246 2166 3246 2161 3247 2166 3247 2165 3247 2162 3248 2163 3248 2167 3248 2162 3249 2167 3249 2166 3249 2163 3250 2160 3250 2164 3250 2163 3251 2164 3251 2167 3251 2168 3252 2170 3252 2169 3252 2168 3253 2171 3253 2170 3253 2172 3254 2173 3254 2174 3254 2172 3255 2174 3255 2175 3255 2168 3256 2169 3256 2173 3256 2168 3257 2173 3257 2172 3257 2169 3258 2170 3258 2174 3258 2169 3259 2174 3259 2173 3259 2170 3260 2171 3260 2175 3260 2170 3261 2175 3261 2174 3261 2171 3262 2168 3262 2172 3262 2171 3263 2172 3263 2175 3263 2176 3264 2178 3264 2177 3264 2176 3265 2179 3265 2178 3265 2180 3266 2181 3266 2182 3266 2180 3267 2182 3267 2183 3267 2176 3268 2177 3268 2181 3268 2176 3269 2181 3269 2180 3269 2177 3270 2178 3270 2182 3270 2177 3271 2182 3271 2181 3271 2178 3272 2179 3272 2183 3272 2178 3273 2183 3273 2182 3273 2179 3274 2176 3274 2180 3274 2179 3275 2180 3275 2183 3275 2184 3276 2186 3276 2185 3276 2184 3277 2187 3277 2186 3277 2188 3278 2189 3278 2190 3278 2188 3279 2190 3279 2191 3279 2184 3280 2185 3280 2189 3280 2184 3281 2189 3281 2188 3281 2185 3282 2186 3282 2190 3282 2185 3283 2190 3283 2189 3283 2186 3284 2187 3284 2191 3284 2186 3285 2191 3285 2190 3285 2187 3286 2184 3286 2188 3286 2187 3287 2188 3287 2191 3287 2192 3288 2194 3288 2193 3288 2192 3289 2195 3289 2194 3289 2196 3290 2197 3290 2198 3290 2196 3291 2198 3291 2199 3291 2192 3292 2193 3292 2197 3292 2192 3293 2197 3293 2196 3293 2193 3294 2194 3294 2198 3294 2193 3295 2198 3295 2197 3295 2194 3296 2195 3296 2199 3296 2194 3297 2199 3297 2198 3297 2195 3298 2192 3298 2196 3298 2195 3299 2196 3299 2199 3299 2200 3300 2202 3300 2201 3300 2200 3301 2203 3301 2202 3301 2204 3302 2205 3302 2206 3302 2204 3303 2206 3303 2207 3303 2200 3304 2201 3304 2205 3304 2200 3305 2205 3305 2204 3305 2201 3306 2202 3306 2206 3306 2201 3307 2206 3307 2205 3307 2202 3308 2203 3308 2207 3308 2202 3309 2207 3309 2206 3309 2203 3310 2200 3310 2204 3310 2203 3311 2204 3311 2207 3311 2208 3312 2210 3312 2209 3312 2208 3313 2211 3313 2210 3313 2212 3314 2213 3314 2214 3314 2212 3315 2214 3315 2215 3315 2208 3316 2209 3316 2213 3316 2208 3317 2213 3317 2212 3317 2209 3318 2210 3318 2214 3318 2209 3319 2214 3319 2213 3319 2210 3320 2211 3320 2215 3320 2210 3321 2215 3321 2214 3321 2211 3322 2208 3322 2212 3322 2211 3323 2212 3323 2215 3323 2216 3324 2218 3324 2217 3324 2216 3325 2219 3325 2218 3325 2220 3326 2221 3326 2222 3326 2220 3327 2222 3327 2223 3327 2216 3328 2217 3328 2221 3328 2216 3329 2221 3329 2220 3329 2217 3330 2218 3330 2222 3330 2217 3331 2222 3331 2221 3331 2218 3332 2219 3332 2223 3332 2218 3333 2223 3333 2222 3333 2219 3334 2216 3334 2220 3334 2219 3335 2220 3335 2223 3335 2224 3336 2226 3336 2225 3336 2224 3337 2227 3337 2226 3337 2228 3338 2229 3338 2230 3338 2228 3339 2230 3339 2231 3339 2224 3340 2225 3340 2229 3340 2224 3341 2229 3341 2228 3341 2225 3342 2226 3342 2230 3342 2225 3343 2230 3343 2229 3343 2226 3344 2227 3344 2231 3344 2226 3345 2231 3345 2230 3345 2227 3346 2224 3346 2228 3346 2227 3347 2228 3347 2231 3347 2232 3348 2234 3348 2233 3348 2232 3349 2235 3349 2234 3349 2236 3350 2237 3350 2238 3350 2236 3351 2238 3351 2239 3351 2232 3352 2233 3352 2237 3352 2232 3353 2237 3353 2236 3353 2233 3354 2234 3354 2238 3354 2233 3355 2238 3355 2237 3355 2234 3356 2235 3356 2239 3356 2234 3357 2239 3357 2238 3357 2235 3358 2232 3358 2236 3358 2235 3359 2236 3359 2239 3359 2240 3360 2242 3360 2241 3360 2240 3361 2243 3361 2242 3361 2244 3362 2245 3362 2246 3362 2244 3363 2246 3363 2247 3363 2240 3364 2241 3364 2245 3364 2240 3365 2245 3365 2244 3365 2241 3366 2242 3366 2246 3366 2241 3367 2246 3367 2245 3367 2242 3368 2243 3368 2247 3368 2242 3369 2247 3369 2246 3369 2243 3370 2240 3370 2244 3370 2243 3371 2244 3371 2247 3371 2248 3372 2250 3372 2249 3372 2248 3373 2251 3373 2250 3373 2252 3374 2253 3374 2254 3374 2252 3375 2254 3375 2255 3375 2248 3376 2249 3376 2253 3376 2248 3377 2253 3377 2252 3377 2249 3378 2250 3378 2254 3378 2249 3379 2254 3379 2253 3379 2250 3380 2251 3380 2255 3380 2250 3381 2255 3381 2254 3381 2251 3382 2248 3382 2252 3382 2251 3383 2252 3383 2255 3383 2256 3384 2258 3384 2257 3384 2256 3385 2259 3385 2258 3385 2260 3386 2261 3386 2262 3386 2260 3387 2262 3387 2263 3387 2256 3388 2257 3388 2261 3388 2256 3389 2261 3389 2260 3389 2257 3390 2258 3390 2262 3390 2257 3391 2262 3391 2261 3391 2258 3392 2259 3392 2263 3392 2258 3393 2263 3393 2262 3393 2259 3394 2256 3394 2260 3394 2259 3395 2260 3395 2263 3395 2264 3396 2266 3396 2265 3396 2264 3397 2267 3397 2266 3397 2268 3398 2269 3398 2270 3398 2268 3399 2270 3399 2271 3399 2264 3400 2265 3400 2269 3400 2264 3401 2269 3401 2268 3401 2265 3402 2266 3402 2270 3402 2265 3403 2270 3403 2269 3403 2266 3404 2267 3404 2271 3404 2266 3405 2271 3405 2270 3405 2267 3406 2264 3406 2268 3406 2267 3407 2268 3407 2271 3407 2272 3408 2274 3408 2273 3408 2272 3409 2275 3409 2274 3409 2276 3410 2277 3410 2278 3410 2276 3411 2278 3411 2279 3411 2272 3412 2273 3412 2277 3412 2272 3413 2277 3413 2276 3413 2273 3414 2274 3414 2278 3414 2273 3415 2278 3415 2277 3415 2274 3416 2275 3416 2279 3416 2274 3417 2279 3417 2278 3417 2275 3418 2272 3418 2276 3418 2275 3419 2276 3419 2279 3419 2280 3420 2282 3420 2281 3420 2280 3421 2283 3421 2282 3421 2284 3422 2285 3422 2286 3422 2284 3423 2286 3423 2287 3423 2280 3424 2281 3424 2285 3424 2280 3425 2285 3425 2284 3425 2281 3426 2282 3426 2286 3426 2281 3427 2286 3427 2285 3427 2282 3428 2283 3428 2287 3428 2282 3429 2287 3429 2286 3429 2283 3430 2280 3430 2284 3430 2283 3431 2284 3431 2287 3431 2288 3432 2290 3432 2289 3432 2288 3433 2291 3433 2290 3433 2292 3434 2293 3434 2294 3434 2292 3435 2294 3435 2295 3435 2288 3436 2289 3436 2293 3436 2288 3437 2293 3437 2292 3437 2289 3438 2290 3438 2294 3438 2289 3439 2294 3439 2293 3439 2290 3440 2291 3440 2295 3440 2290 3441 2295 3441 2294 3441 2291 3442 2288 3442 2292 3442 2291 3443 2292 3443 2295 3443 2296 3444 2298 3444 2297 3444 2296 3445 2299 3445 2298 3445 2300 3446 2301 3446 2302 3446 2300 3447 2302 3447 2303 3447 2296 3448 2297 3448 2301 3448 2296 3449 2301 3449 2300 3449 2297 3450 2298 3450 2302 3450 2297 3451 2302 3451 2301 3451 2298 3452 2299 3452 2303 3452 2298 3453 2303 3453 2302 3453 2299 3454 2296 3454 2300 3454 2299 3455 2300 3455 2303 3455 2304 3456 2306 3456 2305 3456 2304 3457 2307 3457 2306 3457 2308 3458 2309 3458 2310 3458 2308 3459 2310 3459 2311 3459 2304 3460 2305 3460 2309 3460 2304 3461 2309 3461 2308 3461 2305 3462 2306 3462 2310 3462 2305 3463 2310 3463 2309 3463 2306 3464 2307 3464 2311 3464 2306 3465 2311 3465 2310 3465 2307 3466 2304 3466 2308 3466 2307 3467 2308 3467 2311 3467 2312 3468 2314 3468 2313 3468 2312 3469 2315 3469 2314 3469 2316 3470 2317 3470 2318 3470 2316 3471 2318 3471 2319 3471 2312 3472 2313 3472 2317 3472 2312 3473 2317 3473 2316 3473 2313 3474 2314 3474 2318 3474 2313 3475 2318 3475 2317 3475 2314 3476 2315 3476 2319 3476 2314 3477 2319 3477 2318 3477 2315 3478 2312 3478 2316 3478 2315 3479 2316 3479 2319 3479 2320 3480 2322 3480 2321 3480 2320 3481 2323 3481 2322 3481 2324 3482 2325 3482 2326 3482 2324 3483 2326 3483 2327 3483 2320 3484 2321 3484 2325 3484 2320 3485 2325 3485 2324 3485 2321 3486 2322 3486 2326 3486 2321 3487 2326 3487 2325 3487 2322 3488 2323 3488 2327 3488 2322 3489 2327 3489 2326 3489 2323 3490 2320 3490 2324 3490 2323 3491 2324 3491 2327 3491 2328 3492 2330 3492 2329 3492 2328 3493 2331 3493 2330 3493 2332 3494 2333 3494 2334 3494 2332 3495 2334 3495 2335 3495 2328 3496 2329 3496 2333 3496 2328 3497 2333 3497 2332 3497 2329 3498 2330 3498 2334 3498 2329 3499 2334 3499 2333 3499 2330 3500 2331 3500 2335 3500 2330 3501 2335 3501 2334 3501 2331 3502 2328 3502 2332 3502 2331 3503 2332 3503 2335 3503 2336 3504 2338 3504 2337 3504 2336 3505 2339 3505 2338 3505 2340 3506 2341 3506 2342 3506 2340 3507 2342 3507 2343 3507 2336 3508 2337 3508 2341 3508 2336 3509 2341 3509 2340 3509 2337 3510 2338 3510 2342 3510 2337 3511 2342 3511 2341 3511 2338 3512 2339 3512 2343 3512 2338 3513 2343 3513 2342 3513 2339 3514 2336 3514 2340 3514 2339 3515 2340 3515 2343 3515 2344 3516 2346 3516 2345 3516 2344 3517 2347 3517 2346 3517 2348 3518 2349 3518 2350 3518 2348 3519 2350 3519 2351 3519 2344 3520 2345 3520 2349 3520 2344 3521 2349 3521 2348 3521 2345 3522 2346 3522 2350 3522 2345 3523 2350 3523 2349 3523 2346 3524 2347 3524 2351 3524 2346 3525 2351 3525 2350 3525 2347 3526 2344 3526 2348 3526 2347 3527 2348 3527 2351 3527 2352 3528 2354 3528 2353 3528 2352 3529 2355 3529 2354 3529 2356 3530 2357 3530 2358 3530 2356 3531 2358 3531 2359 3531 2352 3532 2353 3532 2357 3532 2352 3533 2357 3533 2356 3533 2353 3534 2354 3534 2358 3534 2353 3535 2358 3535 2357 3535 2354 3536 2355 3536 2359 3536 2354 3537 2359 3537 2358 3537 2355 3538 2352 3538 2356 3538 2355 3539 2356 3539 2359 3539 2360 3540 2362 3540 2361 3540 2360 3541 2363 3541 2362 3541 2364 3542 2365 3542 2366 3542 2364 3543 2366 3543 2367 3543 2360 3544 2361 3544 2365 3544 2360 3545 2365 3545 2364 3545 2361 3546 2362 3546 2366 3546 2361 3547 2366 3547 2365 3547 2362 3548 2363 3548 2367 3548 2362 3549 2367 3549 2366 3549 2363 3550 2360 3550 2364 3550 2363 3551 2364 3551 2367 3551 2368 3552 2370 3552 2369 3552 2368 3553 2371 3553 2370 3553 2372 3554 2373 3554 2374 3554 2372 3555 2374 3555 2375 3555 2368 3556 2369 3556 2373 3556 2368 3557 2373 3557 2372 3557 2369 3558 2370 3558 2374 3558 2369 3559 2374 3559 2373 3559 2370 3560 2371 3560 2375 3560 2370 3561 2375 3561 2374 3561 2371 3562 2368 3562 2372 3562 2371 3563 2372 3563 2375 3563 2376 3564 2378 3564 2377 3564 2376 3565 2379 3565 2378 3565 2380 3566 2381 3566 2382 3566 2380 3567 2382 3567 2383 3567 2376 3568 2377 3568 2381 3568 2376 3569 2381 3569 2380 3569 2377 3570 2378 3570 2382 3570 2377 3571 2382 3571 2381 3571 2378 3572 2379 3572 2383 3572 2378 3573 2383 3573 2382 3573 2379 3574 2376 3574 2380 3574 2379 3575 2380 3575 2383 3575 2384 3576 2386 3576 2385 3576 2384 3577 2387 3577 2386 3577 2388 3578 2389 3578 2390 3578 2388 3579 2390 3579 2391 3579 2384 3580 2385 3580 2389 3580 2384 3581 2389 3581 2388 3581 2385 3582 2386 3582 2390 3582 2385 3583 2390 3583 2389 3583 2386 3584 2387 3584 2391 3584 2386 3585 2391 3585 2390 3585 2387 3586 2384 3586 2388 3586 2387 3587 2388 3587 2391 3587 2392 3588 2394 3588 2393 3588 2392 3589 2395 3589 2394 3589 2396 3590 2397 3590 2398 3590 2396 3591 2398 3591 2399 3591 2392 3592 2393 3592 2397 3592 2392 3593 2397 3593 2396 3593 2393 3594 2394 3594 2398 3594 2393 3595 2398 3595 2397 3595 2394 3596 2395 3596 2399 3596 2394 3597 2399 3597 2398 3597 2395 3598 2392 3598 2396 3598 2395 3599 2396 3599 2399 3599 2400 3600 2402 3600 2401 3600 2400 3601 2403 3601 2402 3601 2404 3602 2405 3602 2406 3602 2404 3603 2406 3603 2407 3603 2400 3604 2401 3604 2405 3604 2400 3605 2405 3605 2404 3605 2401 3606 2402 3606 2406 3606 2401 3607 2406 3607 2405 3607 2402 3608 2403 3608 2407 3608 2402 3609 2407 3609 2406 3609 2403 3610 2400 3610 2404 3610 2403 3611 2404 3611 2407 3611 2408 3612 2410 3612 2409 3612 2408 3613 2411 3613 2410 3613 2412 3614 2413 3614 2414 3614 2412 3615 2414 3615 2415 3615 2408 3616 2409 3616 2413 3616 2408 3617 2413 3617 2412 3617 2409 3618 2410 3618 2414 3618 2409 3619 2414 3619 2413 3619 2410 3620 2411 3620 2415 3620 2410 3621 2415 3621 2414 3621 2411 3622 2408 3622 2412 3622 2411 3623 2412 3623 2415 3623 2416 3624 2418 3624 2417 3624 2416 3625 2419 3625 2418 3625 2420 3626 2421 3626 2422 3626 2420 3627 2422 3627 2423 3627 2416 3628 2417 3628 2421 3628 2416 3629 2421 3629 2420 3629 2417 3630 2418 3630 2422 3630 2417 3631 2422 3631 2421 3631 2418 3632 2419 3632 2423 3632 2418 3633 2423 3633 2422 3633 2419 3634 2416 3634 2420 3634 2419 3635 2420 3635 2423 3635 2424 3636 2426 3636 2425 3636 2424 3637 2427 3637 2426 3637 2428 3638 2429 3638 2430 3638 2428 3639 2430 3639 2431 3639 2424 3640 2425 3640 2429 3640 2424 3641 2429 3641 2428 3641 2425 3642 2426 3642 2430 3642 2425 3643 2430 3643 2429 3643 2426 3644 2427 3644 2431 3644 2426 3645 2431 3645 2430 3645 2427 3646 2424 3646 2428 3646 2427 3647 2428 3647 2431 3647 2432 3648 2434 3648 2433 3648 2432 3649 2435 3649 2434 3649 2436 3650 2437 3650 2438 3650 2436 3651 2438 3651 2439 3651 2432 3652 2433 3652 2437 3652 2432 3653 2437 3653 2436 3653 2433 3654 2434 3654 2438 3654 2433 3655 2438 3655 2437 3655 2434 3656 2435 3656 2439 3656 2434 3657 2439 3657 2438 3657 2435 3658 2432 3658 2436 3658 2435 3659 2436 3659 2439 3659 2440 3660 2442 3660 2441 3660 2440 3661 2443 3661 2442 3661 2444 3662 2445 3662 2446 3662 2444 3663 2446 3663 2447 3663 2440 3664 2441 3664 2445 3664 2440 3665 2445 3665 2444 3665 2441 3666 2442 3666 2446 3666 2441 3667 2446 3667 2445 3667 2442 3668 2443 3668 2447 3668 2442 3669 2447 3669 2446 3669 2443 3670 2440 3670 2444 3670 2443 3671 2444 3671 2447 3671 2448 3672 2450 3672 2449 3672 2448 3673 2451 3673 2450 3673 2452 3674 2453 3674 2454 3674 2452 3675 2454 3675 2455 3675 2448 3676 2449 3676 2453 3676 2448 3677 2453 3677 2452 3677 2449 3678 2450 3678 2454 3678 2449 3679 2454 3679 2453 3679 2450 3680 2451 3680 2455 3680 2450 3681 2455 3681 2454 3681 2451 3682 2448 3682 2452 3682 2451 3683 2452 3683 2455 3683 2456 3684 2458 3684 2457 3684 2456 3685 2459 3685 2458 3685 2460 3686 2461 3686 2462 3686 2460 3687 2462 3687 2463 3687 2456 3688 2457 3688 2461 3688 2456 3689 2461 3689 2460 3689 2457 3690 2458 3690 2462 3690 2457 3691 2462 3691 2461 3691 2458 3692 2459 3692 2463 3692 2458 3693 2463 3693 2462 3693 2459 3694 2456 3694 2460 3694 2459 3695 2460 3695 2463 3695 2464 3696 2466 3696 2465 3696 2464 3697 2467 3697 2466 3697 2468 3698 2469 3698 2470 3698 2468 3699 2470 3699 2471 3699 2464 3700 2465 3700 2469 3700 2464 3701 2469 3701 2468 3701 2465 3702 2466 3702 2470 3702 2465 3703 2470 3703 2469 3703 2466 3704 2467 3704 2471 3704 2466 3705 2471 3705 2470 3705 2467 3706 2464 3706 2468 3706 2467 3707 2468 3707 2471 3707 2472 3708 2474 3708 2473 3708 2472 3709 2475 3709 2474 3709 2476 3710 2477 3710 2478 3710 2476 3711 2478 3711 2479 3711 2472 3712 2473 3712 2477 3712 2472 3713 2477 3713 2476 3713 2473 3714 2474 3714 2478 3714 2473 3715 2478 3715 2477 3715 2474 3716 2475 3716 2479 3716 2474 3717 2479 3717 2478 3717 2475 3718 2472 3718 2476 3718 2475 3719 2476 3719 2479 3719 2480 3720 2482 3720 2481 3720 2480 3721 2483 3721 2482 3721 2484 3722 2485 3722 2486 3722 2484 3723 2486 3723 2487 3723 2480 3724 2481 3724 2485 3724 2480 3725 2485 3725 2484 3725 2481 3726 2482 3726 2486 3726 2481 3727 2486 3727 2485 3727 2482 3728 2483 3728 2487 3728 2482 3729 2487 3729 2486 3729 2483 3730 2480 3730 2484 3730 2483 3731 2484 3731 2487 3731 2488 3732 2490 3732 2489 3732 2488 3733 2491 3733 2490 3733 2492 3734 2493 3734 2494 3734 2492 3735 2494 3735 2495 3735 2488 3736 2489 3736 2493 3736 2488 3737 2493 3737 2492 3737 2489 3738 2490 3738 2494 3738 2489 3739 2494 3739 2493 3739 2490 3740 2491 3740 2495 3740 2490 3741 2495 3741 2494 3741 2491 3742 2488 3742 2492 3742 2491 3743 2492 3743 2495 3743 2496 3744 2498 3744 2497 3744 2496 3745 2499 3745 2498 3745 2500 3746 2501 3746 2502 3746 2500 3747 2502 3747 2503 3747 2496 3748 2497 3748 2501 3748 2496 3749 2501 3749 2500 3749 2497 3750 2498 3750 2502 3750 2497 3751 2502 3751 2501 3751 2498 3752 2499 3752 2503 3752 2498 3753 2503 3753 2502 3753 2499 3754 2496 3754 2500 3754 2499 3755 2500 3755 2503 3755 2504 3756 2506 3756 2505 3756 2504 3757 2507 3757 2506 3757 2508 3758 2509 3758 2510 3758 2508 3759 2510 3759 2511 3759 2504 3760 2505 3760 2509 3760 2504 3761 2509 3761 2508 3761 2505 3762 2506 3762 2510 3762 2505 3763 2510 3763 2509 3763 2506 3764 2507 3764 2511 3764 2506 3765 2511 3765 2510 3765 2507 3766 2504 3766 2508 3766 2507 3767 2508 3767 2511 3767 2512 3768 2514 3768 2513 3768 2512 3769 2515 3769 2514 3769 2516 3770 2517 3770 2518 3770 2516 3771 2518 3771 2519 3771 2512 3772 2513 3772 2517 3772 2512 3773 2517 3773 2516 3773 2513 3774 2514 3774 2518 3774 2513 3775 2518 3775 2517 3775 2514 3776 2515 3776 2519 3776 2514 3777 2519 3777 2518 3777 2515 3778 2512 3778 2516 3778 2515 3779 2516 3779 2519 3779 2520 3780 2522 3780 2521 3780 2520 3781 2523 3781 2522 3781 2524 3782 2525 3782 2526 3782 2524 3783 2526 3783 2527 3783 2520 3784 2521 3784 2525 3784 2520 3785 2525 3785 2524 3785 2521 3786 2522 3786 2526 3786 2521 3787 2526 3787 2525 3787 2522 3788 2523 3788 2527 3788 2522 3789 2527 3789 2526 3789 2523 3790 2520 3790 2524 3790 2523 3791 2524 3791 2527 3791 2528 3792 2530 3792 2529 3792 2528 3793 2531 3793 2530 3793 2532 3794 2533 3794 2534 3794 2532 3795 2534 3795 2535 3795 2528 3796 2529 3796 2533 3796 2528 3797 2533 3797 2532 3797 2529 3798 2530 3798 2534 3798 2529 3799 2534 3799 2533 3799 2530 3800 2531 3800 2535 3800 2530 3801 2535 3801 2534 3801 2531 3802 2528 3802 2532 3802 2531 3803 2532 3803 2535 3803 2536 3804 2538 3804 2537 3804 2536 3805 2539 3805 2538 3805 2540 3806 2541 3806 2542 3806 2540 3807 2542 3807 2543 3807 2536 3808 2537 3808 2541 3808 2536 3809 2541 3809 2540 3809 2537 3810 2538 3810 2542 3810 2537 3811 2542 3811 2541 3811 2538 3812 2539 3812 2543 3812 2538 3813 2543 3813 2542 3813 2539 3814 2536 3814 2540 3814 2539 3815 2540 3815 2543 3815 2544 3816 2546 3816 2545 3816 2544 3817 2547 3817 2546 3817 2548 3818 2549 3818 2550 3818 2548 3819 2550 3819 2551 3819 2544 3820 2545 3820 2549 3820 2544 3821 2549 3821 2548 3821 2545 3822 2546 3822 2550 3822 2545 3823 2550 3823 2549 3823 2546 3824 2547 3824 2551 3824 2546 3825 2551 3825 2550 3825 2547 3826 2544 3826 2548 3826 2547 3827 2548 3827 2551 3827 2552 3828 2554 3828 2553 3828 2552 3829 2555 3829 2554 3829 2556 3830 2557 3830 2558 3830 2556 3831 2558 3831 2559 3831 2552 3832 2553 3832 2557 3832 2552 3833 2557 3833 2556 3833 2553 3834 2554 3834 2558 3834 2553 3835 2558 3835 2557 3835 2554 3836 2555 3836 2559 3836 2554 3837 2559 3837 2558 3837 2555 3838 2552 3838 2556 3838 2555 3839 2556 3839 2559 3839 2560 3840 2562 3840 2561 3840 2560 3841 2563 3841 2562 3841 2564 3842 2565 3842 2566 3842 2564 3843 2566 3843 2567 3843 2560 3844 2561 3844 2565 3844 2560 3845 2565 3845 2564 3845 2561 3846 2562 3846 2566 3846 2561 3847 2566 3847 2565 3847 2562 3848 2563 3848 2567 3848 2562 3849 2567 3849 2566 3849 2563 3850 2560 3850 2564 3850 2563 3851 2564 3851 2567 3851 2568 3852 2570 3852 2569 3852 2568 3853 2571 3853 2570 3853 2572 3854 2573 3854 2574 3854 2572 3855 2574 3855 2575 3855 2568 3856 2569 3856 2573 3856 2568 3857 2573 3857 2572 3857 2569 3858 2570 3858 2574 3858 2569 3859 2574 3859 2573 3859 2570 3860 2571 3860 2575 3860 2570 3861 2575 3861 2574 3861 2571 3862 2568 3862 2572 3862 2571 3863 2572 3863 2575 3863 2576 3864 2578 3864 2577 3864 2576 3865 2579 3865 2578 3865 2580 3866 2581 3866 2582 3866 2580 3867 2582 3867 2583 3867 2576 3868 2577 3868 2581 3868 2576 3869 2581 3869 2580 3869 2577 3870 2578 3870 2582 3870 2577 3871 2582 3871 2581 3871 2578 3872 2579 3872 2583 3872 2578 3873 2583 3873 2582 3873 2579 3874 2576 3874 2580 3874 2579 3875 2580 3875 2583 3875 2584 3876 2586 3876 2585 3876 2584 3877 2587 3877 2586 3877 2588 3878 2589 3878 2590 3878 2588 3879 2590 3879 2591 3879 2584 3880 2585 3880 2589 3880 2584 3881 2589 3881 2588 3881 2585 3882 2586 3882 2590 3882 2585 3883 2590 3883 2589 3883 2586 3884 2587 3884 2591 3884 2586 3885 2591 3885 2590 3885 2587 3886 2584 3886 2588 3886 2587 3887 2588 3887 2591 3887 2592 3888 2594 3888 2593 3888 2592 3889 2595 3889 2594 3889 2596 3890 2597 3890 2598 3890 2596 3891 2598 3891 2599 3891 2592 3892 2593 3892 2597 3892 2592 3893 2597 3893 2596 3893 2593 3894 2594 3894 2598 3894 2593 3895 2598 3895 2597 3895 2594 3896 2595 3896 2599 3896 2594 3897 2599 3897 2598 3897 2595 3898 2592 3898 2596 3898 2595 3899 2596 3899 2599 3899 2600 3900 2602 3900 2601 3900 2600 3901 2603 3901 2602 3901 2604 3902 2605 3902 2606 3902 2604 3903 2606 3903 2607 3903 2600 3904 2601 3904 2605 3904 2600 3905 2605 3905 2604 3905 2601 3906 2602 3906 2606 3906 2601 3907 2606 3907 2605 3907 2602 3908 2603 3908 2607 3908 2602 3909 2607 3909 2606 3909 2603 3910 2600 3910 2604 3910 2603 3911 2604 3911 2607 3911 2608 3912 2610 3912 2609 3912 2608 3913 2611 3913 2610 3913 2612 3914 2613 3914 2614 3914 2612 3915 2614 3915 2615 3915 2608 3916 2609 3916 2613 3916 2608 3917 2613 3917 2612 3917 2609 3918 2610 3918 2614 3918 2609 3919 2614 3919 2613 3919 2610 3920 2611 3920 2615 3920 2610 3921 2615 3921 2614 3921 2611 3922 2608 3922 2612 3922 2611 3923 2612 3923 2615 3923 2616 3924 2618 3924 2617 3924 2616 3925 2619 3925 2618 3925 2620 3926 2621 3926 2622 3926 2620 3927 2622 3927 2623 3927 2616 3928 2617 3928 2621 3928 2616 3929 2621 3929 2620 3929 2617 3930 2618 3930 2622 3930 2617 3931 2622 3931 2621 3931 2618 3932 2619 3932 2623 3932 2618 3933 2623 3933 2622 3933 2619 3934 2616 3934 2620 3934 2619 3935 2620 3935 2623 3935 2624 3936 2626 3936 2625 3936 2624 3937 2627 3937 2626 3937 2628 3938 2629 3938 2630 3938 2628 3939 2630 3939 2631 3939 2624 3940 2625 3940 2629 3940 2624 3941 2629 3941 2628 3941 2625 3942 2626 3942 2630 3942 2625 3943 2630 3943 2629 3943 2626 3944 2627 3944 2631 3944 2626 3945 2631 3945 2630 3945 2627 3946 2624 3946 2628 3946 2627 3947 2628 3947 2631 3947 2632 3948 2634 3948 2633 3948 2632 3949 2635 3949 2634 3949 2636 3950 2637 3950 2638 3950 2636 3951 2638 3951 2639 3951 2632 3952 2633 3952 2637 3952 2632 3953 2637 3953 2636 3953 2633 3954 2634 3954 2638 3954 2633 3955 2638 3955 2637 3955 2634 3956 2635 3956 2639 3956 2634 3957 2639 3957 2638 3957 2635 3958 2632 3958 2636 3958 2635 3959 2636 3959 2639 3959 2640 3960 2642 3960 2641 3960 2640 3961 2643 3961 2642 3961 2644 3962 2645 3962 2646 3962 2644 3963 2646 3963 2647 3963 2640 3964 2641 3964 2645 3964 2640 3965 2645 3965 2644 3965 2641 3966 2642 3966 2646 3966 2641 3967 2646 3967 2645 3967 2642 3968 2643 3968 2647 3968 2642 3969 2647 3969 2646 3969 2643 3970 2640 3970 2644 3970 2643 3971 2644 3971 2647 3971 2648 3972 2650 3972 2649 3972 2648 3973 2651 3973 2650 3973 2652 3974 2653 3974 2654 3974 2652 3975 2654 3975 2655 3975 2648 3976 2649 3976 2653 3976 2648 3977 2653 3977 2652 3977 2649 3978 2650 3978 2654 3978 2649 3979 2654 3979 2653 3979 2650 3980 2651 3980 2655 3980 2650 3981 2655 3981 2654 3981 2651 3982 2648 3982 2652 3982 2651 3983 2652 3983 2655 3983 2656 3984 2658 3984 2657 3984 2656 3985 2659 3985 2658 3985 2660 3986 2661 3986 2662 3986 2660 3987 2662 3987 2663 3987 2656 3988 2657 3988 2661 3988 2656 3989 2661 3989 2660 3989 2657 3990 2658 3990 2662 3990 2657 3991 2662 3991 2661 3991 2658 3992 2659 3992 2663 3992 2658 3993 2663 3993 2662 3993 2659 3994 2656 3994 2660 3994 2659 3995 2660 3995 2663 3995 2664 3996 2666 3996 2665 3996 2664 3997 2667 3997 2666 3997 2668 3998 2669 3998 2670 3998 2668 3999 2670 3999 2671 3999 2664 4000 2665 4000 2669 4000 2664 4001 2669 4001 2668 4001 2665 4002 2666 4002 2670 4002 2665 4003 2670 4003 2669 4003 2666 4004 2667 4004 2671 4004 2666 4005 2671 4005 2670 4005 2667 4006 2664 4006 2668 4006 2667 4007 2668 4007 2671 4007 2672 4008 2674 4008 2673 4008 2672 4009 2675 4009 2674 4009 2676 4010 2677 4010 2678 4010 2676 4011 2678 4011 2679 4011 2672 4012 2673 4012 2677 4012 2672 4013 2677 4013 2676 4013 2673 4014 2674 4014 2678 4014 2673 4015 2678 4015 2677 4015 2674 4016 2675 4016 2679 4016 2674 4017 2679 4017 2678 4017 2675 4018 2672 4018 2676 4018 2675 4019 2676 4019 2679 4019 2680 4020 2682 4020 2681 4020 2680 4021 2683 4021 2682 4021 2684 4022 2685 4022 2686 4022 2684 4023 2686 4023 2687 4023 2680 4024 2681 4024 2685 4024 2680 4025 2685 4025 2684 4025 2681 4026 2682 4026 2686 4026 2681 4027 2686 4027 2685 4027 2682 4028 2683 4028 2687 4028 2682 4029 2687 4029 2686 4029 2683 4030 2680 4030 2684 4030 2683 4031 2684 4031 2687 4031 2688 4032 2690 4032 2689 4032 2688 4033 2691 4033 2690 4033 2692 4034 2693 4034 2694 4034 2692 4035 2694 4035 2695 4035 2688 4036 2689 4036 2693 4036 2688 4037 2693 4037 2692 4037 2689 4038 2690 4038 2694 4038 2689 4039 2694 4039 2693 4039 2690 4040 2691 4040 2695 4040 2690 4041 2695 4041 2694 4041 2691 4042 2688 4042 2692 4042 2691 4043 2692 4043 2695 4043 2696 4044 2698 4044 2697 4044 2696 4045 2699 4045 2698 4045 2700 4046 2701 4046 2702 4046 2700 4047 2702 4047 2703 4047 2696 4048 2697 4048 2701 4048 2696 4049 2701 4049 2700 4049 2697 4050 2698 4050 2702 4050 2697 4051 2702 4051 2701 4051 2698 4052 2699 4052 2703 4052 2698 4053 2703 4053 2702 4053 2699 4054 2696 4054 2700 4054 2699 4055 2700 4055 2703 4055 2704 4056 2706 4056 2705 4056 2704 4057 2707 4057 2706 4057 2708 4058 2709 4058 2710 4058 2708 4059 2710 4059 2711 4059 2704 4060 2705 4060 2709 4060 2704 4061 2709 4061 2708 4061 2705 4062 2706 4062 2710 4062 2705 4063 2710 4063 2709 4063 2706 4064 2707 4064 2711 4064 2706 4065 2711 4065 2710 4065 2707 4066 2704 4066 2708 4066 2707 4067 2708 4067 2711 4067 2712 4068 2714 4068 2713 4068 2712 4069 2715 4069 2714 4069 2716 4070 2717 4070 2718 4070 2716 4071 2718 4071 2719 4071 2712 4072 2713 4072 2717 4072 2712 4073 2717 4073 2716 4073 2713 4074 2714 4074 2718 4074 2713 4075 2718 4075 2717 4075 2714 4076 2715 4076 2719 4076 2714 4077 2719 4077 2718 4077 2715 4078 2712 4078 2716 4078 2715 4079 2716 4079 2719 4079 2720 4080 2722 4080 2721 4080 2720 4081 2723 4081 2722 4081 2724 4082 2725 4082 2726 4082 2724 4083 2726 4083 2727 4083 2720 4084 2721 4084 2725 4084 2720 4085 2725 4085 2724 4085 2721 4086 2722 4086 2726 4086 2721 4087 2726 4087 2725 4087 2722 4088 2723 4088 2727 4088 2722 4089 2727 4089 2726 4089 2723 4090 2720 4090 2724 4090 2723 4091 2724 4091 2727 4091 2728 4092 2730 4092 2729 4092 2728 4093 2731 4093 2730 4093 2732 4094 2733 4094 2734 4094 2732 4095 2734 4095 2735 4095 2728 4096 2729 4096 2733 4096 2728 4097 2733 4097 2732 4097 2729 4098 2730 4098 2734 4098 2729 4099 2734 4099 2733 4099 2730 4100 2731 4100 2735 4100 2730 4101 2735 4101 2734 4101 2731 4102 2728 4102 2732 4102 2731 4103 2732 4103 2735 4103 2736 4104 2738 4104 2737 4104 2736 4105 2739 4105 2738 4105 2740 4106 2741 4106 2742 4106 2740 4107 2742 4107 2743 4107 2736 4108 2737 4108 2741 4108 2736 4109 2741 4109 2740 4109 2737 4110 2738 4110 2742 4110 2737 4111 2742 4111 2741 4111 2738 4112 2739 4112 2743 4112 2738 4113 2743 4113 2742 4113 2739 4114 2736 4114 2740 4114 2739 4115 2740 4115 2743 4115 2744 4116 2746 4116 2745 4116 2744 4117 2747 4117 2746 4117 2748 4118 2749 4118 2750 4118 2748 4119 2750 4119 2751 4119 2744 4120 2745 4120 2749 4120 2744 4121 2749 4121 2748 4121 2745 4122 2746 4122 2750 4122 2745 4123 2750 4123 2749 4123 2746 4124 2747 4124 2751 4124 2746 4125 2751 4125 2750 4125 2747 4126 2744 4126 2748 4126 2747 4127 2748 4127 2751 4127 2752 4128 2754 4128 2753 4128 2752 4129 2755 4129 2754 4129 2756 4130 2757 4130 2758 4130 2756 4131 2758 4131 2759 4131 2752 4132 2753 4132 2757 4132 2752 4133 2757 4133 2756 4133 2753 4134 2754 4134 2758 4134 2753 4135 2758 4135 2757 4135 2754 4136 2755 4136 2759 4136 2754 4137 2759 4137 2758 4137 2755 4138 2752 4138 2756 4138 2755 4139 2756 4139 2759 4139 2760 4140 2762 4140 2761 4140 2760 4141 2763 4141 2762 4141 2764 4142 2765 4142 2766 4142 2764 4143 2766 4143 2767 4143 2760 4144 2761 4144 2765 4144 2760 4145 2765 4145 2764 4145 2761 4146 2762 4146 2766 4146 2761 4147 2766 4147 2765 4147 2762 4148 2763 4148 2767 4148 2762 4149 2767 4149 2766 4149 2763 4150 2760 4150 2764 4150 2763 4151 2764 4151 2767 4151 2768 4152 2770 4152 2769 4152 2768 4153 2771 4153 2770 4153 2772 4154 2773 4154 2774 4154 2772 4155 2774 4155 2775 4155 2768 4156 2769 4156 2773 4156 2768 4157 2773 4157 2772 4157 2769 4158 2770 4158 2774 4158 2769 4159 2774 4159 2773 4159 2770 4160 2771 4160 2775 4160 2770 4161 2775 4161 2774 4161 2771 4162 2768 4162 2772 4162 2771 4163 2772 4163 2775 4163 2776 4164 2778 4164 2777 4164 2776 4165 2779 4165 2778 4165 2780 4166 2781 4166 2782 4166 2780 4167 2782 4167 2783 4167 2776 4168 2777 4168 2781 4168 2776 4169 2781 4169 2780 4169 2777 4170 2778 4170 2782 4170 2777 4171 2782 4171 2781 4171 2778 4172 2779 4172 2783 4172 2778 4173 2783 4173 2782 4173 2779 4174 2776 4174 2780 4174 2779 4175 2780 4175 2783 4175 2784 4176 2786 4176 2785 4176 2784 4177 2787 4177 2786 4177 2788 4178 2789 4178 2790 4178 2788 4179 2790 4179 2791 4179 2784 4180 2785 4180 2789 4180 2784 4181 2789 4181 2788 4181 2785 4182 2786 4182 2790 4182 2785 4183 2790 4183 2789 4183 2786 4184 2787 4184 2791 4184 2786 4185 2791 4185 2790 4185 2787 4186 2784 4186 2788 4186 2787 4187 2788 4187 2791 4187 2792 4188 2794 4188 2793 4188 2792 4189 2795 4189 2794 4189 2796 4190 2797 4190 2798 4190 2796 4191 2798 4191 2799 4191 2792 4192 2793 4192 2797 4192 2792 4193 2797 4193 2796 4193 2793 4194 2794 4194 2798 4194 2793 4195 2798 4195 2797 4195 2794 4196 2795 4196 2799 4196 2794 4197 2799 4197 2798 4197 2795 4198 2792 4198 2796 4198 2795 4199 2796 4199 2799 4199 2800 4200 2802 4200 2801 4200 2800 4201 2803 4201 2802 4201 2804 4202 2805 4202 2806 4202 2804 4203 2806 4203 2807 4203 2800 4204 2801 4204 2805 4204 2800 4205 2805 4205 2804 4205 2801 4206 2802 4206 2806 4206 2801 4207 2806 4207 2805 4207 2802 4208 2803 4208 2807 4208 2802 4209 2807 4209 2806 4209 2803 4210 2800 4210 2804 4210 2803 4211 2804 4211 2807 4211 2808 4212 2810 4212 2809 4212 2808 4213 2811 4213 2810 4213 2812 4214 2813 4214 2814 4214 2812 4215 2814 4215 2815 4215 2808 4216 2809 4216 2813 4216 2808 4217 2813 4217 2812 4217 2809 4218 2810 4218 2814 4218 2809 4219 2814 4219 2813 4219 2810 4220 2811 4220 2815 4220 2810 4221 2815 4221 2814 4221 2811 4222 2808 4222 2812 4222 2811 4223 2812 4223 2815 4223 2816 4224 2818 4224 2817 4224 2816 4225 2819 4225 2818 4225 2820 4226 2821 4226 2822 4226 2820 4227 2822 4227 2823 4227 2816 4228 2817 4228 2821 4228 2816 4229 2821 4229 2820 4229 2817 4230 2818 4230 2822 4230 2817 4231 2822 4231 2821 4231 2818 4232 2819 4232 2823 4232 2818 4233 2823 4233 2822 4233 2819 4234 2816 4234 2820 4234 2819 4235 2820 4235 2823 4235 2824 4236 2826 4236 2825 4236 2824 4237 2827 4237 2826 4237 2828 4238 2829 4238 2830 4238 2828 4239 2830 4239 2831 4239 2824 4240 2825 4240 2829 4240 2824 4241 2829 4241 2828 4241 2825 4242 2826 4242 2830 4242 2825 4243 2830 4243 2829 4243 2826 4244 2827 4244 2831 4244 2826 4245 2831 4245 2830 4245 2827 4246 2824 4246 2828 4246 2827 4247 2828 4247 2831 4247 2832 4248 2834 4248 2833 4248 2832 4249 2835 4249 2834 4249 2836 4250 2837 4250 2838 4250 2836 4251 2838 4251 2839 4251 2832 4252 2833 4252 2837 4252 2832 4253 2837 4253 2836 4253 2833 4254 2834 4254 2838 4254 2833 4255 2838 4255 2837 4255 2834 4256 2835 4256 2839 4256 2834 4257 2839 4257 2838 4257 2835 4258 2832 4258 2836 4258 2835 4259 2836 4259 2839 4259 2840 4260 2842 4260 2841 4260 2840 4261 2843 4261 2842 4261 2844 4262 2845 4262 2846 4262 2844 4263 2846 4263 2847 4263 2840 4264 2841 4264 2845 4264 2840 4265 2845 4265 2844 4265 2841 4266 2842 4266 2846 4266 2841 4267 2846 4267 2845 4267 2842 4268 2843 4268 2847 4268 2842 4269 2847 4269 2846 4269 2843 4270 2840 4270 2844 4270 2843 4271 2844 4271 2847 4271 2848 4272 2850 4272 2849 4272 2848 4273 2851 4273 2850 4273 2852 4274 2853 4274 2854 4274 2852 4275 2854 4275 2855 4275 2848 4276 2849 4276 2853 4276 2848 4277 2853 4277 2852 4277 2849 4278 2850 4278 2854 4278 2849 4279 2854 4279 2853 4279 2850 4280 2851 4280 2855 4280 2850 4281 2855 4281 2854 4281 2851 4282 2848 4282 2852 4282 2851 4283 2852 4283 2855 4283 2856 4284 2858 4284 2857 4284 2856 4285 2859 4285 2858 4285 2860 4286 2861 4286 2862 4286 2860 4287 2862 4287 2863 4287 2856 4288 2857 4288 2861 4288 2856 4289 2861 4289 2860 4289 2857 4290 2858 4290 2862 4290 2857 4291 2862 4291 2861 4291 2858 4292 2859 4292 2863 4292 2858 4293 2863 4293 2862 4293 2859 4294 2856 4294 2860 4294 2859 4295 2860 4295 2863 4295 2864 4296 2866 4296 2865 4296 2864 4297 2867 4297 2866 4297 2868 4298 2869 4298 2870 4298 2868 4299 2870 4299 2871 4299 2864 4300 2865 4300 2869 4300 2864 4301 2869 4301 2868 4301 2865 4302 2866 4302 2870 4302 2865 4303 2870 4303 2869 4303 2866 4304 2867 4304 2871 4304 2866 4305 2871 4305 2870 4305 2867 4306 2864 4306 2868 4306 2867 4307 2868 4307 2871 4307 2872 4308 2874 4308 2873 4308 2872 4309 2875 4309 2874 4309 2876 4310 2877 4310 2878 4310 2876 4311 2878 4311 2879 4311 2872 4312 2873 4312 2877 4312 2872 4313 2877 4313 2876 4313 2873 4314 2874 4314 2878 4314 2873 4315 2878 4315 2877 4315 2874 4316 2875 4316 2879 4316 2874 4317 2879 4317 2878 4317 2875 4318 2872 4318 2876 4318 2875 4319 2876 4319 2879 4319 2880 4320 2882 4320 2881 4320 2880 4321 2883 4321 2882 4321 2884 4322 2885 4322 2886 4322 2884 4323 2886 4323 2887 4323 2880 4324 2881 4324 2885 4324 2880 4325 2885 4325 2884 4325 2881 4326 2882 4326 2886 4326 2881 4327 2886 4327 2885 4327 2882 4328 2883 4328 2887 4328 2882 4329 2887 4329 2886 4329 2883 4330 2880 4330 2884 4330 2883 4331 2884 4331 2887 4331 2888 4332 2890 4332 2889 4332 2888 4333 2891 4333 2890 4333 2892 4334 2893 4334 2894 4334 2892 4335 2894 4335 2895 4335 2888 4336 2889 4336 2893 4336 2888 4337 2893 4337 2892 4337 2889 4338 2890 4338 2894 4338 2889 4339 2894 4339 2893 4339 2890 4340 2891 4340 2895 4340 2890 4341 2895 4341 2894 4341 2891 4342 2888 4342 2892 4342 2891 4343 2892 4343 2895 4343 2896 4344 2898 4344 2897 4344 2896 4345 2899 4345 2898 4345 2900 4346 2901 4346 2902 4346 2900 4347 2902 4347 2903 4347 2896 4348 2897 4348 2901 4348 2896 4349 2901 4349 2900 4349 2897 4350 2898 4350 2902 4350 2897 4351 2902 4351 2901 4351 2898 4352 2899 4352 2903 4352 2898 4353 2903 4353 2902 4353 2899 4354 2896 4354 2900 4354 2899 4355 2900 4355 2903 4355 2904 4356 2906 4356 2905 4356 2904 4357 2907 4357 2906 4357 2908 4358 2909 4358 2910 4358 2908 4359 2910 4359 2911 4359 2904 4360 2905 4360 2909 4360 2904 4361 2909 4361 2908 4361 2905 4362 2906 4362 2910 4362 2905 4363 2910 4363 2909 4363 2906 4364 2907 4364 2911 4364 2906 4365 2911 4365 2910 4365 2907 4366 2904 4366 2908 4366 2907 4367 2908 4367 2911 4367 2912 4368 2914 4368 2913 4368 2912 4369 2915 4369 2914 4369 2916 4370 2917 4370 2918 4370 2916 4371 2918 4371 2919 4371 2912 4372 2913 4372 2917 4372 2912 4373 2917 4373 2916 4373 2913 4374 2914 4374 2918 4374 2913 4375 2918 4375 2917 4375 2914 4376 2915 4376 2919 4376 2914 4377 2919 4377 2918 4377 2915 4378 2912 4378 2916 4378 2915 4379 2916 4379 2919 4379 2920 4380 2922 4380 2921 4380 2920 4381 2923 4381 2922 4381 2924 4382 2925 4382 2926 4382 2924 4383 2926 4383 2927 4383 2920 4384 2921 4384 2925 4384 2920 4385 2925 4385 2924 4385 2921 4386 2922 4386 2926 4386 2921 4387 2926 4387 2925 4387 2922 4388 2923 4388 2927 4388 2922 4389 2927 4389 2926 4389 2923 4390 2920 4390 2924 4390 2923 4391 2924 4391 2927 4391 2928 4392 2930 4392 2929 4392 2928 4393 2931 4393 2930 4393 2932 4394 2933 4394 2934 4394 2932 4395 2934 4395 2935 4395 2928 4396 2929 4396 2933 4396 2928 4397 2933 4397 2932 4397 2929 4398 2930 4398 2934 4398 2929 4399 2934 4399 2933 4399 2930 4400 2931 4400 2935 4400 2930 4401 2935 4401 2934 4401 2931 4402 2928 4402 2932 4402 2931 4403 2932 4403 2935 4403 2936 4404 2938 4404 2937 4404 2936 4405 2939 4405 2938 4405 2940 4406 2941 4406 2942 4406 2940 4407 2942 4407 2943 4407 2936 4408 2937 4408 2941 4408 2936 4409 2941 4409 2940 4409 2937 4410 2938 4410 2942 4410 2937 4411 2942 4411 2941 4411 2938 4412 2939 4412 2943 4412 2938 4413 2943 4413 2942 4413 2939 4414 2936 4414 2940 4414 2939 4415 2940 4415 2943 4415</p></triangles>
</mesh></geometry></library_geometries><library_visual_scenes><visual_scene id="Scene"><node id="mesh"><instance_geometry url="#geometry"/></node></visual_scene></library_visual_scenes><scene><instance_visual_scene url="#Scene"/></scene></COLLADA>