<?xml version="1.0" encoding="UTF-8"?>
<COLLADA xmlns="http://www.collada.org/2005/11/COLLADASchema" version="1.4.1">
<asset><contributor><authoring_tool>Summit Estate procedural mesh exporter</authoring_tool></contributor><created>2026-09-11T00:00:00Z</created><modified>2026-09-11T00:00:00Z</modified><unit name="meter" meter="1"/><up_axis>Z_UP</up_axis></asset>
<library_geometries><geometry id="geometry" name="geometry"><mesh>
<source id="positions"><float_array id="positions-array" count="4830">161.00000 75.45000 80.12600 161.00000 90.55000 80.12600 160.95000 90.55000 80.12600 160.95000 75.45000 80.12600 189.05000 75.45000 80.12600 189.05000 90.55000 80.12600 189.00000 90.55000 80.12600 189.00000 75.45000 80.12600 161.00000 75.45000 80.12600 189.00000 75.45000 80.12600 189.00000 75.50000 80.12600 161.00000 75.50000 80.12600 161.00000 90.50000 80.12600 189.00000 90.50000 80.12600 189.00000 90.55000 80.12600 161.00000 90.55000 80.12600 175.02500 75.35000 80.12600 175.02500 90.65000 80.12600 174.97500 90.65000 80.12600 174.97500 75.35000 80.12600 176.75000 83.00000 80.12600 176.80000 83.00000 80.12600 176.74334 83.15252 80.12600 176.79315 83.15688 80.12600 176.72341 83.30388 80.12600 176.77265 83.31257 80.12600 176.69037 83.45293 80.12600 176.73867 83.46587 80.12600 176.64446 83.59854 80.12600 176.69145 83.61564 80.12600 176.58604 83.73958 80.12600 176.63135 83.76071 80.12600 176.51554 83.87500 80.12600 176.55885 83.90000 80.12600 176.43352 84.00376 80.12600 176.47447 84.03244 80.12600 176.34058 84.12488 80.12600 176.37888 84.15702 80.12600 176.23744 84.23744 80.12600 176.27279 84.27279 80.12600 176.12488 84.34058 80.12600 176.15702 84.37888 80.12600 176.00376 84.43352 80.12600 176.03244 84.47447 80.12600 175.87500 84.51554 80.12600 175.90000 84.55885 80.12600 175.73958 84.58604 80.12600 175.76071 84.63135 80.12600 175.59854 84.64446 80.12600 175.61564 84.69145 80.12600 175.45293 84.69037 80.12600 175.46587 84.73867 80.12600 175.30388 84.72341 80.12600 175.31257 84.77265 80.12600 175.15252 84.74334 80.12600 175.15688 84.79315 80.12600 175.00000 84.75000 80.12600 175.00000 84.80000 80.12600 174.84748 84.74334 80.12600 174.84312 84.79315 80.12600 174.69612 84.72341 80.12600 174.68743 84.77265 80.12600 174.54707 84.69037 80.12600 174.53413 84.73867 80.12600 174.40146 84.64446 80.12600 174.38436 84.69145 80.12600 174.26042 84.58604 80.12600 174.23929 84.63135 80.12600 174.12500 84.51554 80.12600 174.10000 84.55885 80.12600 173.99624 84.43352 80.12600 173.96756 84.47447 80.12600 173.87512 84.34058 80.12600 173.84298 84.37888 80.12600 173.76256 84.23744 80.12600 173.72721 84.27279 80.12600 173.65942 84.12488 80.12600 173.62112 84.15702 80.12600 173.56648 84.00376 80.12600 173.52553 84.03244 80.12600 173.48446 83.87500 80.12600 173.44115 83.90000 80.12600 173.41396 83.73958 80.12600 173.36865 83.76071 80.12600 173.35554 83.59854 80.12600 173.30855 83.61564 80.12600 173.30963 83.45293 80.12600 173.26133 83.46587 80.12600 173.27659 83.30388 80.12600 173.22735 83.31257 80.12600 173.25666 83.15252 80.12600 173.20685 83.15688 80.12600 173.25000 83.00000 80.12600 173.20000 83.00000 80.12600 173.25666 82.84748 80.12600 173.20685 82.84312 80.12600 173.27659 82.69612 80.12600 173.22735 82.68743 80.12600 173.30963 82.54707 80.12600 173.26133 82.53413 80.12600 173.35554 82.40146 80.12600 173.30855 82.38436 80.12600 173.41396 82.26042 80.12600 173.36865 82.23929 80.12600 173.48446 82.12500 80.12600 173.44115 82.10000 80.12600 173.56648 81.99624 80.12600 173.52553 81.96756 80.12600 173.65942 81.87512 80.12600 173.62112 81.84298 80.12600 173.76256 81.76256 80.12600 173.72721 81.72721 80.12600 173.87512 81.65942 80.12600 173.84298 81.62112 80.12600 173.99624 81.56648 80.12600 173.96756 81.52553 80.12600 174.12500 81.48446 80.12600 174.10000 81.44115 80.12600 174.26042 81.41396 80.12600 174.23929 81.36865 80.12600 174.40146 81.35554 80.12600 174.38436 81.30855 80.12600 174.54707 81.30963 80.12600 174.53413 81.26133 80.12600 174.69612 81.27659 80.12600 174.68743 81.22735 80.12600 174.84748 81.25666 80.12600 174.84312 81.20685 80.12600 175.00000 81.25000 80.12600 175.00000 81.20000 80.12600 175.15252 81.25666 80.12600 175.15688 81.20685 80.12600 175.30388 81.27659 80.12600 175.31257 81.22735 80.12600 175.45293 81.30963 80.12600 175.46587 81.26133 80.12600 175.59854 81.35554 80.12600 175.61564 81.30855 80.12600 175.73958 81.41396 80.12600 175.76071 81.36865 80.12600 175.87500 81.48446 80.12600 175.90000 81.44115 80.12600 176.00376 81.56648 80.12600 176.03244 81.52553 80.12600 176.12488 81.65942 80.12600 176.15702 81.62112 80.12600 176.23744 81.76256 80.12600 176.27279 81.72721 80.12600 176.34058 81.87512 80.12600 176.37888 81.84298 80.12600 176.43352 81.99624 80.12600 176.47447 81.96756 80.12600 176.51554 82.12500 80.12600 176.55885 82.10000 80.12600 176.58604 82.26042 80.12600 176.63135 82.23929 80.12600 176.64446 82.40146 80.12600 176.69145 82.38436 80.12600 176.69037 82.54707 80.12600 176.73867 82.53413 80.12600 176.72341 82.69612 80.12600 176.77265 82.68743 80.12600 176.74334 82.84748 80.12600 176.79315 82.84312 80.12600 176.75000 83.00000 80.12600 176.80000 83.00000 80.12600 161.00000 80.55000 80.12600 166.80000 80.55000 80.12600 166.80000 80.60000 80.12600 161.00000 80.60000 80.12600 161.00000 85.40000 80.12600 166.80000 85.40000 80.12600 166.80000 85.45000 80.12600 161.00000 85.45000 80.12600 166.80000 80.55000 80.12600 166.80000 85.45000 80.12600 166.75000 85.45000 80.12600 166.75000 80.55000 80.12600 166.80000 81.25000 80.12600 166.80000 81.20000 80.12600 166.87633 81.25167 80.12600 166.87851 81.20171 80.12600 166.95252 81.25666 80.12600 166.95688 81.20685 80.12600 167.02842 81.26497 80.12600 167.03495 81.21540 80.12600 167.10388 81.27659 80.12600 167.11257 81.22735 80.12600 167.17877 81.29148 80.12600 167.18959 81.24267 80.12600 167.25293 81.30963 80.12600 167.26587 81.26133 80.12600 167.32624 81.33100 80.12600 167.34127 81.28331 80.12600 167.39854 81.35554 80.12600 167.41564 81.30855 80.12600 167.46970 81.38321 80.12600 167.48883 81.33702 80.12600 167.53958 81.41396 80.12600 167.56071 81.36865 80.12600 167.60806 81.44773 80.12600 167.63115 81.40338 80.12600 167.67500 81.48446 80.12600 167.70000 81.44115 80.12600 167.74027 81.52406 80.12600 167.76714 81.48190 80.12600 167.80376 81.56648 80.12600 167.83244 81.52553 80.12600 167.86533 81.61163 80.12600 167.89577 81.57196 80.12600 167.92488 81.65942 80.12600 167.95702 81.62112 80.12600 167.98228 81.70976 80.12600 168.01606 81.67290 80.12600 168.03744 81.76256 80.12600 168.07279 81.72721 80.12600 168.09024 81.81772 80.12600 168.12710 81.78394 80.12600 168.14058 81.87512 80.12600 168.17888 81.84298 80.12600 168.18837 81.93467 80.12600 168.22804 81.90423 80.12600 168.23352 81.99624 80.12600 168.27447 81.96756 80.12600 168.27594 82.05973 80.12600 168.31810 82.03286 80.12600 168.31554 82.12500 80.12600 168.35885 82.10000 80.12600 168.35227 82.19194 80.12600 168.39662 82.16885 80.12600 168.38604 82.26042 80.12600 168.43135 82.23929 80.12600 168.41679 82.33030 80.12600 168.46298 82.31117 80.12600 168.44446 82.40146 80.12600 168.49145 82.38436 80.12600 168.46900 82.47376 80.12600 168.51669 82.45873 80.12600 168.49037 82.54707 80.12600 168.53867 82.53413 80.12600 168.50852 82.62123 80.12600 168.55733 82.61041 80.12600 168.52341 82.69612 80.12600 168.57265 82.68743 80.12600 168.53503 82.77158 80.12600 168.58460 82.76505 80.12600 168.54334 82.84748 80.12600 168.59315 82.84312 80.12600 168.54833 82.92367 80.12600 168.59829 82.92149 80.12600 168.55000 83.00000 80.12600 168.60000 83.00000 80.12600 168.54833 83.07633 80.12600 168.59829 83.07851 80.12600 168.54334 83.15252 80.12600 168.59315 83.15688 80.12600 168.53503 83.22842 80.12600 168.58460 83.23495 80.12600 168.52341 83.30388 80.12600 168.57265 83.31257 80.12600 168.50852 83.37877 80.12600 168.55733 83.38959 80.12600 168.49037 83.45293 80.12600 168.53867 83.46587 80.12600 168.46900 83.52624 80.12600 168.51669 83.54127 80.12600 168.44446 83.59854 80.12600 168.49145 83.61564 80.12600 168.41679 83.66970 80.12600 168.46298 83.68883 80.12600 168.38604 83.73958 80.12600 168.43135 83.76071 80.12600 168.35227 83.80806 80.12600 168.39662 83.83115 80.12600 168.31554 83.87500 80.12600 168.35885 83.90000 80.12600 168.27594 83.94027 80.12600 168.31810 83.96714 80.12600 168.23352 84.00376 80.12600 168.27447 84.03244 80.12600 168.18837 84.06533 80.12600 168.22804 84.09577 80.12600 168.14058 84.12488 80.12600 168.17888 84.15702 80.12600 168.09024 84.18228 80.12600 168.12710 84.21606 80.12600 168.03744 84.23744 80.12600 168.07279 84.27279 80.12600 167.98228 84.29024 80.12600 168.01606 84.32710 80.12600 167.92488 84.34058 80.12600 167.95702 84.37888 80.12600 167.86533 84.38837 80.12600 167.89577 84.42804 80.12600 167.80376 84.43352 80.12600 167.83244 84.47447 80.12600 167.74027 84.47594 80.12600 167.76714 84.51810 80.12600 167.67500 84.51554 80.12600 167.70000 84.55885 80.12600 167.60806 84.55227 80.12600 167.63115 84.59662 80.12600 167.53958 84.58604 80.12600 167.56071 84.63135 80.12600 167.46970 84.61679 80.12600 167.48883 84.66298 80.12600 167.39854 84.64446 80.12600 167.41564 84.69145 80.12600 167.32624 84.66900 80.12600 167.34127 84.71669 80.12600 167.25293 84.69037 80.12600 167.26587 84.73867 80.12600 167.17877 84.70852 80.12600 167.18959 84.75733 80.12600 167.10388 84.72341 80.12600 167.11257 84.77265 80.12600 167.02842 84.73503 80.12600 167.03495 84.78460 80.12600 166.95252 84.74334 80.12600 166.95688 84.79315 80.12600 166.87633 84.74833 80.12600 166.87851 84.79829 80.12600 166.80000 84.75000 80.12600 166.80000 84.80000 80.12600 166.80000 84.75000 80.12600 166.80000 84.80000 80.12600 166.73130 84.74865 80.12600 166.72933 84.79861 80.12600 166.66270 84.74461 80.12600 166.65877 84.79445 80.12600 166.59431 84.73787 80.12600 166.58843 84.78752 80.12600 166.52624 84.72845 80.12600 166.51842 84.77784 80.12600 166.45859 84.71637 80.12600 166.44884 84.76541 80.12600 166.13030 84.61679 80.12600 166.11117 84.66298 80.12600 166.06735 84.58925 80.12600 166.04641 84.63466 80.12600 166.00552 84.55926 80.12600 165.98282 84.60381 80.12600 165.94491 84.52687 80.12600 165.92048 84.57049 80.12600 165.88563 84.49212 80.12600 165.85950 84.53475 80.12600 165.82775 84.45507 80.12600 165.79997 84.49665 80.12600 165.56256 84.23744 80.12600 165.52721 84.27279 80.12600 165.51494 84.18790 80.12600 165.47822 84.22184 80.12600 165.46929 84.13653 80.12600 165.43127 84.16901 80.12600 165.42570 84.08341 80.12600 165.38643 84.11437 80.12600 165.38422 84.02862 80.12600 165.34377 84.05801 80.12600 165.34493 83.97225 80.12600 165.30335 84.00003 80.12600 165.18321 83.66970 80.12600 165.13702 83.68883 80.12600 165.15817 83.60570 80.12600 165.11126 83.62301 80.12600 165.13565 83.54078 80.12600 165.08810 83.55623 80.12600 165.11570 83.47502 80.12600 165.06758 83.48859 80.12600 165.09835 83.40853 80.12600 165.04973 83.42020 80.12600 165.08363 83.34141 80.12600 165.03459 83.35116 80.12600 165.05000 83.00000 80.12600 165.00000 83.00000 80.12600 165.05135 82.93130 80.12600 165.00139 82.92933 80.12600 165.05539 82.86270 80.12600 165.00555 82.85877 80.12600 165.06213 82.79431 80.12600 165.01248 82.78843 80.12600 165.07155 82.72624 80.12600 165.02216 82.71842 80.12600 165.08363 82.65859 80.12600 165.03459 82.64884 80.12600 165.18321 82.33030 80.12600 165.13702 82.31117 80.12600 165.21075 82.26735 80.12600 165.16534 82.24641 80.12600 165.24074 82.20552 80.12600 165.19619 82.18282 80.12600 165.27313 82.14491 80.12600 165.22951 82.12048 80.12600 165.30788 82.08563 80.12600 165.26525 82.05950 80.12600 165.34493 82.02775 80.12600 165.30335 81.99997 80.12600 165.56256 81.76256 80.12600 165.52721 81.72721 80.12600 165.61210 81.71494 80.12600 165.57816 81.67822 80.12600 165.66347 81.66929 80.12600 165.63099 81.63127 80.12600 165.71659 81.62570 80.12600 165.68563 81.58643 80.12600 165.77138 81.58422 80.12600 165.74199 81.54377 80.12600 165.82775 81.54493 80.12600 165.79997 81.50335 80.12600 166.13030 81.38321 80.12600 166.11117 81.33702 80.12600 166.19430 81.35817 80.12600 166.17699 81.31126 80.12600 166.25922 81.33565 80.12600 166.24377 81.28810 80.12600 166.32498 81.31570 80.12600 166.31141 81.26758 80.12600 166.39147 81.29835 80.12600 166.37980 81.24973 80.12600 166.45859 81.28363 80.12600 166.44884 81.23459 80.12600 161.00000 76.40000 80.12600 163.98744 76.40000 80.12600 163.98744 76.45000 80.12600 161.00000 76.45000 80.12600 161.00000 89.55000 80.12600 163.98744 89.55000 80.12600 163.98744 89.60000 80.12600 161.00000 89.60000 80.12600 163.98219 76.44944 80.12600 163.99270 76.40056 80.12600 164.15972 76.49011 80.12600 164.17155 76.44153 80.12600 164.33608 76.53559 80.12600 164.34922 76.48735 80.12600 164.51113 76.58584 80.12600 164.52558 76.53798 80.12600 164.68476 76.64084 80.12600 164.70050 76.59338 80.12600 164.85682 76.70053 80.12600 164.87385 76.65352 80.12600 165.02720 76.76488 80.12600 165.04550 76.71835 80.12600 165.19577 76.83384 80.12600 165.21533 76.78782 80.12600 165.36240 76.90735 80.12600 165.38320 76.86188 80.12600 165.52697 76.98536 80.12600 165.54900 76.94048 80.12600 165.68936 77.06782 80.12600 165.71260 77.02355 80.12600 165.84945 77.15466 80.12600 165.87389 77.11104 80.12600 166.00712 77.24582 80.12600 166.03273 77.20288 80.12600 166.16225 77.34124 80.12600 166.18902 77.29901 80.12600 166.31474 77.44083 80.12600 166.34265 77.39934 80.12600 166.46446 77.54453 80.12600 166.49348 77.50382 80.12600 166.61130 77.65227 80.12600 166.64142 77.61236 80.12600 166.75516 77.76395 80.12600 166.78636 77.72487 80.12600 166.89594 77.87950 80.12600 166.92818 77.84129 80.12600 167.03352 77.99884 80.12600 167.06679 77.96152 80.12600 167.16781 78.12187 80.12600 167.20208 78.08547 80.12600 167.29870 78.24851 80.12600 167.33395 78.21305 80.12600 167.42610 78.37866 80.12600 167.46230 78.34417 80.12600 167.54992 78.51222 80.12600 167.58705 78.47873 80.12600 167.67006 78.64910 80.12600 167.70808 78.61663 80.12600 167.78644 78.78919 80.12600 167.82533 78.75777 80.12600 167.89897 78.93240 80.12600 167.93870 78.90204 80.12600 168.00756 79.07861 80.12600 168.04810 79.04934 80.12600 168.11214 79.22772 80.12600 168.15346 79.19957 80.12600 168.21262 79.37961 80.12600 168.25469 79.35259 80.12600 168.30894 79.53418 80.12600 168.35173 79.50832 80.12600 168.40103 79.69132 80.12600 168.44451 79.66662 80.12600 168.48881 79.85089 80.12600 168.53294 79.82739 80.12600 168.57222 80.01280 80.12600 168.61697 79.99050 80.12600 168.65119 80.17691 80.12600 168.69654 80.15584 80.12600 168.72568 80.34310 80.12600 168.77158 80.32328 80.12600 168.79563 80.51126 80.12600 168.84205 80.49269 80.12600 168.86097 80.68126 80.12600 168.90788 80.66396 80.12600 168.92168 80.85298 80.12600 168.96904 80.83695 80.12600 168.97769 81.02627 80.12600 169.02547 81.01155 80.12600 169.02897 81.20103 80.12600 169.07713 81.18761 80.12600 169.07548 81.37712 80.12600 169.12399 81.36501 80.12600 169.11719 81.55440 80.12600 169.16601 81.54362 80.12600 169.15407 81.73276 80.12600 169.20316 81.72330 80.12600 169.18608 81.91205 80.12600 169.23542 81.90393 80.12600 169.21321 82.09214 80.12600 169.26275 82.08537 80.12600 169.23543 82.27291 80.12600 169.28514 82.26748 80.12600 169.25273 82.45421 80.12600 169.30257 82.45014 80.12600 169.26510 82.63592 80.12600 169.31503 82.63320 80.12600 169.27252 82.81789 80.12600 169.32251 82.81653 80.12600 169.27500 83.00000 80.12600 169.32500 83.00000 80.12600 169.27252 83.18211 80.12600 169.32251 83.18347 80.12600 169.26510 83.36408 80.12600 169.31503 83.36680 80.12600 169.25273 83.54579 80.12600 169.30257 83.54986 80.12600 169.23543 83.72709 80.12600 169.28514 83.73252 80.12600 169.21321 83.90786 80.12600 169.26275 83.91463 80.12600 169.18608 84.08795 80.12600 169.23542 84.09607 80.12600 169.15407 84.26724 80.12600 169.20316 84.27670 80.12600 169.11719 84.44560 80.12600 169.16601 84.45638 80.12600 169.07548 84.62288 80.12600 169.12399 84.63499 80.12600 169.02897 84.79897 80.12600 169.07713 84.81239 80.12600 168.97769 84.97373 80.12600 169.02547 84.98845 80.12600 168.92168 85.14702 80.12600 168.96904 85.16305 80.12600 168.86097 85.31874 80.12600 168.90788 85.33604 80.12600 168.79563 85.48874 80.12600 168.84205 85.50731 80.12600 168.72568 85.65690 80.12600 168.77158 85.67672 80.12600 168.65119 85.82309 80.12600 168.69654 85.84416 80.12600 168.57222 85.98720 80.12600 168.61697 86.00950 80.12600 168.48881 86.14911 80.12600 168.53294 86.17261 80.12600 168.40103 86.30868 80.12600 168.44451 86.33338 80.12600 168.30894 86.46582 80.12600 168.35173 86.49168 80.12600 168.21262 86.62039 80.12600 168.25469 86.64741 80.12600 168.11214 86.77228 80.12600 168.15346 86.80043 80.12600 168.00756 86.92139 80.12600 168.04810 86.95066 80.12600 167.89897 87.06760 80.12600 167.93870 87.09796 80.12600 167.78644 87.21081 80.12600 167.82533 87.24223 80.12600 167.67006 87.35090 80.12600 167.70808 87.38337 80.12600 167.54992 87.48778 80.12600 167.58705 87.52127 80.12600 167.42610 87.62134 80.12600 167.46230 87.65583 80.12600 167.29870 87.75149 80.12600 167.33395 87.78695 80.12600 167.16781 87.87813 80.12600 167.20208 87.91453 80.12600 167.03352 88.00116 80.12600 167.06679 88.03848 80.12600 166.89594 88.12050 80.12600 166.92818 88.15871 80.12600 166.75516 88.23605 80.12600 166.78636 88.27513 80.12600 166.61130 88.34773 80.12600 166.64142 88.38764 80.12600 166.46446 88.45547 80.12600 166.49348 88.49618 80.12600 166.31474 88.55917 80.12600 166.34265 88.60066 80.12600 166.16225 88.65876 80.12600 166.18902 88.70099 80.12600 166.00712 88.75418 80.12600 166.03273 88.79712 80.12600 165.84945 88.84534 80.12600 165.87389 88.88896 80.12600 165.68936 88.93218 80.12600 165.71260 88.97645 80.12600 165.52697 89.01464 80.12600 165.54900 89.05952 80.12600 165.36240 89.09265 80.12600 165.38320 89.13812 80.12600 165.19577 89.16616 80.12600 165.21533 89.21218 80.12600 165.02720 89.23512 80.12600 165.04550 89.28165 80.12600 164.85682 89.29947 80.12600 164.87385 89.34648 80.12600 164.68476 89.35916 80.12600 164.70050 89.40662 80.12600 164.51113 89.41416 80.12600 164.52558 89.46202 80.12600 164.33608 89.46441 80.12600 164.34922 89.51265 80.12600 164.15972 89.50989 80.12600 164.17155 89.55847 80.12600 163.98219 89.55056 80.12600 163.99270 89.59944 80.12600 162.57500 81.75000 80.12600 162.57500 81.70000 80.12600 162.69752 81.75602 80.12600 162.70242 81.70626 80.12600 162.81886 81.77402 80.12600 162.82862 81.72498 80.12600 162.93786 81.80382 80.12600 162.95237 81.75598 80.12600 163.05335 81.84515 80.12600 163.07249 81.79896 80.12600 163.16425 81.89760 80.12600 163.18782 81.85350 80.12600 163.26946 81.96066 80.12600 163.29724 81.91909 80.12600 163.36799 82.03374 80.12600 163.39971 81.99509 80.12600 163.45888 82.11612 80.12600 163.49424 82.08076 80.12600 163.54126 82.20701 80.12600 163.57991 82.17529 80.12600 163.61434 82.30554 80.12600 163.65591 82.27776 80.12600 163.67740 82.41075 80.12600 163.72150 82.38718 80.12600 163.72985 82.52165 80.12600 163.77604 82.50251 80.12600 163.77118 82.63714 80.12600 163.81902 82.62263 80.12600 163.80098 82.75614 80.12600 163.85002 82.74638 80.12600 163.81898 82.87748 80.12600 163.86874 82.87258 80.12600 163.82500 83.00000 80.12600 163.87500 83.00000 80.12600 163.81898 83.12252 80.12600 163.86874 83.12742 80.12600 163.80098 83.24386 80.12600 163.85002 83.25362 80.12600 163.77118 83.36286 80.12600 163.81902 83.37737 80.12600 163.72985 83.47835 80.12600 163.77604 83.49749 80.12600 163.67740 83.58925 80.12600 163.72150 83.61282 80.12600 163.61434 83.69446 80.12600 163.65591 83.72224 80.12600 163.54126 83.79299 80.12600 163.57991 83.82471 80.12600 163.45888 83.88388 80.12600 163.49424 83.91924 80.12600 163.36799 83.96626 80.12600 163.39971 84.00491 80.12600 163.26946 84.03934 80.12600 163.29724 84.08091 80.12600 163.16425 84.10240 80.12600 163.18782 84.14650 80.12600 163.05335 84.15485 80.12600 163.07249 84.20104 80.12600 162.93786 84.19618 80.12600 162.95237 84.24402 80.12600 162.81886 84.22598 80.12600 162.82862 84.27502 80.12600 162.69752 84.24398 80.12600 162.70242 84.29374 80.12600 162.57500 84.25000 80.12600 162.57500 84.30000 80.12600 162.70000 80.55000 80.12600 162.70000 80.40000 80.12600 162.80000 80.40000 80.12600 162.80000 80.55000 80.12600 162.80000 85.45000 80.12600 162.80000 85.60000 80.12600 162.70000 85.60000 80.12600 162.70000 85.45000 80.12600 163.60000 80.55000 80.12600 163.60000 80.40000 80.12600 163.70000 80.40000 80.12600 163.70000 80.55000 80.12600 163.70000 85.45000 80.12600 163.70000 85.60000 80.12600 163.60000 85.60000 80.12600 163.60000 85.45000 80.12600 164.50000 80.55000 80.12600 164.50000 80.40000 80.12600 164.60000 80.40000 80.12600 164.60000 80.55000 80.12600 164.60000 85.45000 80.12600 164.60000 85.60000 80.12600 164.50000 85.60000 80.12600 164.50000 85.45000 80.12600 165.45000 80.55000 80.12600 165.45000 80.40000 80.12600 165.55000 80.40000 80.12600 165.55000 80.55000 80.12600 165.55000 85.45000 80.12600 165.55000 85.60000 80.12600 165.45000 85.60000 80.12600 165.45000 85.45000 80.12600 162.23350 82.07750 83.09500 162.25850 82.07750 83.09500 162.25850 82.12250 83.09500 162.23350 82.12250 83.09500 162.23350 82.07750 84.14500 162.25850 82.07750 84.14500 162.25850 82.12250 84.14500 162.23350 82.12250 84.14500 162.23350 83.87750 83.09500 162.25850 83.87750 83.09500 162.25850 83.92250 83.09500 162.23350 83.92250 83.09500 162.23350 83.87750 84.14500 162.25850 83.87750 84.14500 162.25850 83.92250 84.14500 162.23350 83.92250 84.14500 162.23350 82.10000 83.07250 162.25850 82.10000 83.07250 162.25850 83.90000 83.07250 162.23350 83.90000 83.07250 162.23350 82.10000 83.11750 162.25850 82.10000 83.11750 162.25850 83.90000 83.11750 162.23350 83.90000 83.11750 162.23350 82.10000 84.12250 162.25850 82.10000 84.12250 162.25850 83.90000 84.12250 162.23350 83.90000 84.12250 162.23350 82.10000 84.16750 162.25850 82.10000 84.16750 162.25850 83.90000 84.16750 162.23350 83.90000 84.16750 162.23350 82.68000 83.17500 162.25850 82.68000 83.17500 162.25850 82.73000 83.17500 162.23350 82.73000 83.17500 162.23350 82.68000 83.62500 162.25850 82.68000 83.62500 162.25850 82.73000 83.62500 162.23350 82.73000 83.62500 162.23350 83.27000 83.17500 162.25850 83.27000 83.17500 162.25850 83.32000 83.17500 162.23350 83.32000 83.17500 162.23350 83.27000 83.62500 162.25850 83.27000 83.62500 162.25850 83.32000 83.62500 162.23350 83.32000 83.62500 162.23350 82.70500 83.15000 162.25850 82.70500 83.15000 162.25850 83.29500 83.15000 162.23350 83.29500 83.15000 162.23350 82.70500 83.20000 162.25850 82.70500 83.20000 162.25850 83.29500 83.20000 162.23350 83.29500 83.20000 162.23350 82.70500 83.60000 162.25850 82.70500 83.60000 162.25850 83.29500 83.60000 162.23350 83.29500 83.60000 162.23350 82.70500 83.65000 162.25850 82.70500 83.65000 162.25850 83.29500 83.65000 162.23350 83.29500 83.65000 162.80000 82.99101 83.15457 162.79117 82.99992 83.15675 162.80000 83.00899 83.15543 162.80883 83.00008 83.15325 162.71343 83.01193 82.71957 162.70460 83.02084 82.72175 162.71343 83.02991 82.72043 162.72226 83.02101 82.71825 162.76986 83.10352 83.15552 162.76102 83.11260 83.15673 162.76986 83.12148 83.15448 162.77869 83.11240 83.15327 162.68442 83.07835 82.72052 162.67559 83.08743 82.72173 162.68442 83.09632 82.71948 162.69325 83.08723 82.71827 162.68750 83.18595 83.15632 162.67859 83.19504 83.15623 162.68750 83.20376 83.15368 162.69641 83.19467 83.15377 162.62610 83.12144 82.72132 162.61718 83.13053 82.72123 162.62610 83.13925 82.71868 162.63501 83.13016 82.71877 162.57500 83.21617 83.15676 162.56601 83.22508 83.15542 162.57500 83.23383 83.15324 162.58399 83.22492 83.15458 162.55408 83.12960 82.72176 162.54509 83.13851 82.72042 162.55408 83.14725 82.71824 162.56307 83.13835 82.71958 162.46250 83.18602 83.15673 162.45351 83.19476 83.15450 162.46250 83.20369 83.15327 162.47149 83.19495 83.15550 162.48767 83.10059 82.72173 162.47868 83.10932 82.71950 162.48767 83.11825 82.71827 162.49665 83.10952 82.72050 162.38014 83.10359 83.15626 162.37124 83.11232 83.15371 162.38014 83.12141 83.15374 162.38905 83.11268 83.15629 162.44466 83.04218 82.72126 162.43575 83.05091 82.71871 162.44466 83.06001 82.71874 162.45356 83.05128 82.72129 162.35000 82.99101 83.15543 162.34117 82.99992 83.15325 162.35000 83.00899 83.15457 162.35883 83.00008 83.15675 162.43657 82.97009 82.72043 162.42774 82.97899 82.71825 162.43657 82.98807 82.71957 162.44540 82.97916 82.72175 162.38014 82.87852 83.15448 162.37131 82.88760 83.15327 162.38014 82.89648 83.15552 162.38898 82.88740 83.15673 162.46558 82.90368 82.71948 162.45675 82.91277 82.71827 162.46558 82.92165 82.72052 162.47441 82.91257 82.72173 162.46250 82.79624 83.15368 162.45359 82.80533 83.15377 162.46250 82.81405 83.15632 162.47141 82.80496 83.15623 162.52390 82.86075 82.71868 162.51499 82.86984 82.71877 162.52390 82.87856 82.72132 162.53282 82.86947 82.72123 162.57500 82.76617 83.15324 162.56601 82.77508 83.15458 162.57500 82.78383 83.15676 162.58399 82.77492 83.15542 162.59592 82.85275 82.71824 162.58693 82.86165 82.71958 162.59592 82.87040 82.72176 162.60491 82.86149 82.72042 162.68750 82.79631 83.15327 162.67851 82.80505 83.15550 162.68750 82.81398 83.15673 162.69649 82.80524 83.15450 162.66233 82.88175 82.71827 162.65335 82.89048 82.72050 162.66233 82.89941 82.72173 162.67132 82.89068 82.71950 162.76986 82.87859 83.15374 162.76095 82.88732 83.15629 162.76986 82.89641 83.15626 162.77876 82.88768 83.15371 162.70534 82.93999 82.71874 162.69644 82.94872 82.72129 162.70534 82.95782 82.72126 162.71425 82.94909 82.71871 189.00000 80.60000 80.12600 183.20000 80.60000 80.12600 183.20000 80.55000 80.12600 189.00000 80.55000 80.12600 189.00000 85.45000 80.12600 183.20000 85.45000 80.12600 183.20000 85.40000 80.12600 189.00000 85.40000 80.12600 183.25000 80.55000 80.12600 183.25000 85.45000 80.12600 183.20000 85.45000 80.12600 183.20000 80.55000 80.12600 183.20000 84.75000 80.12600 183.20000 84.80000 80.12600 183.12367 84.74833 80.12600 183.12149 84.79829 80.12600 183.04748 84.74334 80.12600 183.04312 84.79315 80.12600 182.97158 84.73503 80.12600 182.96505 84.78460 80.12600 182.89612 84.72341 80.12600 182.88743 84.77265 80.12600 182.82123 84.70852 80.12600 182.81041 84.75733 80.12600 182.74707 84.69037 80.12600 182.73413 84.73867 80.12600 182.67376 84.66900 80.12600 182.65873 84.71669 80.12600 182.60146 84.64446 80.12600 182.58436 84.69145 80.12600 182.53030 84.61679 80.12600 182.51117 84.66298 80.12600 182.46042 84.58604 80.12600 182.43929 84.63135 80.12600 182.39194 84.55227 80.12600 182.36885 84.59662 80.12600 182.32500 84.51554 80.12600 182.30000 84.55885 80.12600 182.25973 84.47594 80.12600 182.23286 84.51810 80.12600 182.19624 84.43352 80.12600 182.16756 84.47447 80.12600 182.13467 84.38837 80.12600 182.10423 84.42804 80.12600 182.07512 84.34058 80.12600 182.04298 84.37888 80.12600 182.01772 84.29024 80.12600 181.98394 84.32710 80.12600 181.96256 84.23744 80.12600 181.92721 84.27279 80.12600 181.90976 84.18228 80.12600 181.87290 84.21606 80.12600 181.85942 84.12488 80.12600 181.82112 84.15702 80.12600 181.81163 84.06533 80.12600 181.77196 84.09577 80.12600 181.76648 84.00376 80.12600 181.72553 84.03244 80.12600 181.72406 83.94027 80.12600 181.68190 83.96714 80.12600 181.68446 83.87500 80.12600 181.64115 83.90000 80.12600 181.64773 83.80806 80.12600 181.60338 83.83115 80.12600 181.61396 83.73958 80.12600 181.56865 83.76071 80.12600 181.58321 83.66970 80.12600 181.53702 83.68883 80.12600 181.55554 83.59854 80.12600 181.50855 83.61564 80.12600 181.53100 83.52624 80.12600 181.48331 83.54127 80.12600 181.50963 83.45293 80.12600 181.46133 83.46587 80.12600 181.49148 83.37877 80.12600 181.44267 83.38959 80.12600 181.47659 83.30388 80.12600 181.42735 83.31257 80.12600 181.46497 83.22842 80.12600 181.41540 83.23495 80.12600 181.45666 83.15252 80.12600 181.40685 83.15688 80.12600 181.45167 83.07633 80.12600 181.40171 83.07851 80.12600 181.45000 83.00000 80.12600 181.40000 83.00000 80.12600 181.45167 82.92367 80.12600 181.40171 82.92149 80.12600 181.45666 82.84748 80.12600 181.40685 82.84312 80.12600 181.46497 82.77158 80.12600 181.41540 82.76505 80.12600 181.47659 82.69612 80.12600 181.42735 82.68743 80.12600 181.49148 82.62123 80.12600 181.44267 82.61041 80.12600 181.50963 82.54707 80.12600 181.46133 82.53413 80.12600 181.53100 82.47376 80.12600 181.48331 82.45873 80.12600 181.55554 82.40146 80.12600 181.50855 82.38436 80.12600 181.58321 82.33030 80.12600 181.53702 82.31117 80.12600 181.61396 82.26042 80.12600 181.56865 82.23929 80.12600 181.64773 82.19194 80.12600 181.60338 82.16885 80.12600 181.68446 82.12500 80.12600 181.64115 82.10000 80.12600 181.72406 82.05973 80.12600 181.68190 82.03286 80.12600 181.76648 81.99624 80.12600 181.72553 81.96756 80.12600 181.81163 81.93467 80.12600 181.77196 81.90423 80.12600 181.85942 81.87512 80.12600 181.82112 81.84298 80.12600 181.90976 81.81772 80.12600 181.87290 81.78394 80.12600 181.96256 81.76256 80.12600 181.92721 81.72721 80.12600 182.01772 81.70976 80.12600 181.98394 81.67290 80.12600 182.07512 81.65942 80.12600 182.04298 81.62112 80.12600 182.13467 81.61163 80.12600 182.10423 81.57196 80.12600 182.19624 81.56648 80.12600 182.16756 81.52553 80.12600 182.25973 81.52406 80.12600 182.23286 81.48190 80.12600 182.32500 81.48446 80.12600 182.30000 81.44115 80.12600 182.39194 81.44773 80.12600 182.36885 81.40338 80.12600 182.46042 81.41396 80.12600 182.43929 81.36865 80.12600 182.53030 81.38321 80.12600 182.51117 81.33702 80.12600 182.60146 81.35554 80.12600 182.58436 81.30855 80.12600 182.67376 81.33100 80.12600 182.65873 81.28331 80.12600 182.74707 81.30963 80.12600 182.73413 81.26133 80.12600 182.82123 81.29148 80.12600 182.81041 81.24267 80.12600 182.89612 81.27659 80.12600 182.88743 81.22735 80.12600 182.97158 81.26497 80.12600 182.96505 81.21540 80.12600 183.04748 81.25666 80.12600 183.04312 81.20685 80.12600 183.12367 81.25167 80.12600 183.12149 81.20171 80.12600 183.20000 81.25000 80.12600 183.20000 81.20000 80.12600 183.20000 81.25000 80.12600 183.20000 81.20000 80.12600 183.26870 81.25135 80.12600 183.27067 81.20139 80.12600 183.33730 81.25539 80.12600 183.34123 81.20555 80.12600 183.40569 81.26213 80.12600 183.41157 81.21248 80.12600 183.47376 81.27155 80.12600 183.48158 81.22216 80.12600 183.54141 81.28363 80.12600 183.55116 81.23459 80.12600 183.86970 81.38321 80.12600 183.88883 81.33702 80.12600 183.93265 81.41075 80.12600 183.95359 81.36534 80.12600 183.99448 81.44074 80.12600 184.01718 81.39619 80.12600 184.05509 81.47313 80.12600 184.07952 81.42951 80.12600 184.11437 81.50788 80.12600 184.14050 81.46525 80.12600 184.17225 81.54493 80.12600 184.20003 81.50335 80.12600 184.43744 81.76256 80.12600 184.47279 81.72721 80.12600 184.48506 81.81210 80.12600 184.52178 81.77816 80.12600 184.53071 81.86347 80.12600 184.56873 81.83099 80.12600 184.57430 81.91659 80.12600 184.61357 81.88563 80.12600 184.61578 81.97138 80.12600 184.65623 81.94199 80.12600 184.65507 82.02775 80.12600 184.69665 81.99997 80.12600 184.81679 82.33030 80.12600 184.86298 82.31117 80.12600 184.84183 82.39430 80.12600 184.88874 82.37699 80.12600 184.86435 82.45922 80.12600 184.91190 82.44377 80.12600 184.88430 82.52498 80.12600 184.93242 82.51141 80.12600 184.90165 82.59147 80.12600 184.95027 82.57980 80.12600 184.91637 82.65859 80.12600 184.96541 82.64884 80.12600 184.95000 83.00000 80.12600 185.00000 83.00000 80.12600 184.94865 83.06870 80.12600 184.99861 83.07067 80.12600 184.94461 83.13730 80.12600 184.99445 83.14123 80.12600 184.93787 83.20569 80.12600 184.98752 83.21157 80.12600 184.92845 83.27376 80.12600 184.97784 83.28158 80.12600 184.91637 83.34141 80.12600 184.96541 83.35116 80.12600 184.81679 83.66970 80.12600 184.86298 83.68883 80.12600 184.78925 83.73265 80.12600 184.83466 83.75359 80.12600 184.75926 83.79448 80.12600 184.80381 83.81718 80.12600 184.72687 83.85509 80.12600 184.77049 83.87952 80.12600 184.69212 83.91437 80.12600 184.73475 83.94050 80.12600 184.65507 83.97225 80.12600 184.69665 84.00003 80.12600 184.43744 84.23744 80.12600 184.47279 84.27279 80.12600 184.38790 84.28506 80.12600 184.42184 84.32178 80.12600 184.33653 84.33071 80.12600 184.36901 84.36873 80.12600 184.28341 84.37430 80.12600 184.31437 84.41357 80.12600 184.22862 84.41578 80.12600 184.25801 84.45623 80.12600 184.17225 84.45507 80.12600 184.20003 84.49665 80.12600 183.86970 84.61679 80.12600 183.88883 84.66298 80.12600 183.80570 84.64183 80.12600 183.82301 84.68874 80.12600 183.74078 84.66435 80.12600 183.75623 84.71190 80.12600 183.67502 84.68430 80.12600 183.68859 84.73242 80.12600 183.60853 84.70165 80.12600 183.62020 84.75027 80.12600 183.54141 84.71637 80.12600 183.55116 84.76541 80.12600 189.00000 76.45000 80.12600 186.01256 76.45000 80.12600 186.01256 76.40000 80.12600 189.00000 76.40000 80.12600 189.00000 89.60000 80.12600 186.01256 89.60000 80.12600 186.01256 89.55000 80.12600 189.00000 89.55000 80.12600 186.01781 89.55056 80.12600 186.00730 89.59944 80.12600 185.84028 89.50989 80.12600 185.82845 89.55847 80.12600 185.66392 89.46441 80.12600 185.65078 89.51265 80.12600 185.48887 89.41416 80.12600 185.47442 89.46202 80.12600 185.31524 89.35916 80.12600 185.29950 89.40662 80.12600 185.14318 89.29947 80.12600 185.12615 89.34648 80.12600 184.97280 89.23512 80.12600 184.95450 89.28165 80.12600 184.80423 89.16616 80.12600 184.78467 89.21218 80.12600 184.63760 89.09265 80.12600 184.61680 89.13812 80.12600 184.47303 89.01464 80.12600 184.45100 89.05952 80.12600 184.31064 88.93218 80.12600 184.28740 88.97645 80.12600 184.15055 88.84534 80.12600 184.12611 88.88896 80.12600 183.99288 88.75418 80.12600 183.96727 88.79712 80.12600 183.83775 88.65876 80.12600 183.81098 88.70099 80.12600 183.68526 88.55917 80.12600 183.65735 88.60066 80.12600 183.53554 88.45547 80.12600 183.50652 88.49618 80.12600 183.38870 88.34773 80.12600 183.35858 88.38764 80.12600 183.24484 88.23605 80.12600 183.21364 88.27513 80.12600 183.10406 88.12050 80.12600 183.07182 88.15871 80.12600 182.96648 88.00116 80.12600 182.93321 88.03848 80.12600 182.83219 87.87813 80.12600 182.79792 87.91453 80.12600 182.70130 87.75149 80.12600 182.66605 87.78695 80.12600 182.57390 87.62134 80.12600 182.53770 87.65583 80.12600 182.45008 87.48778 80.12600 182.41295 87.52127 80.12600 182.32994 87.35090 80.12600 182.29192 87.38337 80.12600 182.21356 87.21081 80.12600 182.17467 87.24223 80.12600 182.10103 87.06760 80.12600 182.06130 87.09796 80.12600 181.99244 86.92139 80.12600 181.95190 86.95066 80.12600 181.88786 86.77228 80.12600 181.84654 86.80043 80.12600 181.78738 86.62039 80.12600 181.74531 86.64741 80.12600 181.69106 86.46582 80.12600 181.64827 86.49168 80.12600 181.59897 86.30868 80.12600 181.55549 86.33338 80.12600 181.51119 86.14911 80.12600 181.46706 86.17261 80.12600 181.42778 85.98720 80.12600 181.38303 86.00950 80.12600 181.34881 85.82309 80.12600 181.30346 85.84416 80.12600 181.27432 85.65690 80.12600 181.22842 85.67672 80.12600 181.20437 85.48874 80.12600 181.15795 85.50731 80.12600 181.13903 85.31874 80.12600 181.09212 85.33604 80.12600 181.07832 85.14702 80.12600 181.03096 85.16305 80.12600 181.02231 84.97373 80.12600 180.97453 84.98845 80.12600 180.97103 84.79897 80.12600 180.92287 84.81239 80.12600 180.92452 84.62288 80.12600 180.87601 84.63499 80.12600 180.88281 84.44560 80.12600 180.83399 84.45638 80.12600 180.84593 84.26724 80.12600 180.79684 84.27670 80.12600 180.81392 84.08795 80.12600 180.76458 84.09607 80.12600 180.78679 83.90786 80.12600 180.73725 83.91463 80.12600 180.76457 83.72709 80.12600 180.71486 83.73252 80.12600 180.74727 83.54579 80.12600 180.69743 83.54986 80.12600 180.73490 83.36408 80.12600 180.68497 83.36680 80.12600 180.72748 83.18211 80.12600 180.67749 83.18347 80.12600 180.72500 83.00000 80.12600 180.67500 83.00000 80.12600 180.72748 82.81789 80.12600 180.67749 82.81653 80.12600 180.73490 82.63592 80.12600 180.68497 82.63320 80.12600 180.74727 82.45421 80.12600 180.69743 82.45014 80.12600 180.76457 82.27291 80.12600 180.71486 82.26748 80.12600 180.78679 82.09214 80.12600 180.73725 82.08537 80.12600 180.81392 81.91205 80.12600 180.76458 81.90393 80.12600 180.84593 81.73276 80.12600 180.79684 81.72330 80.12600 180.88281 81.55440 80.12600 180.83399 81.54362 80.12600 180.92452 81.37712 80.12600 180.87601 81.36501 80.12600 180.97103 81.20103 80.12600 180.92287 81.18761 80.12600 181.02231 81.02627 80.12600 180.97453 81.01155 80.12600 181.07832 80.85298 80.12600 181.03096 80.83695 80.12600 181.13903 80.68126 80.12600 181.09212 80.66396 80.12600 181.20437 80.51126 80.12600 181.15795 80.49269 80.12600 181.27432 80.34310 80.12600 181.22842 80.32328 80.12600 181.34881 80.17691 80.12600 181.30346 80.15584 80.12600 181.42778 80.01280 80.12600 181.38303 79.99050 80.12600 181.51119 79.85089 80.12600 181.46706 79.82739 80.12600 181.59897 79.69132 80.12600 181.55549 79.66662 80.12600 181.69106 79.53418 80.12600 181.64827 79.50832 80.12600 181.78738 79.37961 80.12600 181.74531 79.35259 80.12600 181.88786 79.22772 80.12600 181.84654 79.19957 80.12600 181.99244 79.07861 80.12600 181.95190 79.04934 80.12600 182.10103 78.93240 80.12600 182.06130 78.90204 80.12600 182.21356 78.78919 80.12600 182.17467 78.75777 80.12600 182.32994 78.64910 80.12600 182.29192 78.61663 80.12600 182.45008 78.51222 80.12600 182.41295 78.47873 80.12600 182.57390 78.37866 80.12600 182.53770 78.34417 80.12600 182.70130 78.24851 80.12600 182.66605 78.21305 80.12600 182.83219 78.12187 80.12600 182.79792 78.08547 80.12600 182.96648 77.99884 80.12600 182.93321 77.96152 80.12600 183.10406 77.87950 80.12600 183.07182 77.84129 80.12600 183.24484 77.76395 80.12600 183.21364 77.72487 80.12600 183.38870 77.65227 80.12600 183.35858 77.61236 80.12600 183.53554 77.54453 80.12600 183.50652 77.50382 80.12600 183.68526 77.44083 80.12600 183.65735 77.39934 80.12600 183.83775 77.34124 80.12600 183.81098 77.29901 80.12600 183.99288 77.24582 80.12600 183.96727 77.20288 80.12600 184.15055 77.15466 80.12600 184.12611 77.11104 80.12600 184.31064 77.06782 80.12600 184.28740 77.02355 80.12600 184.47303 76.98536 80.12600 184.45100 76.94048 80.12600 184.63760 76.90735 80.12600 184.61680 76.86188 80.12600 184.80423 76.83384 80.12600 184.78467 76.78782 80.12600 184.97280 76.76488 80.12600 184.95450 76.71835 80.12600 185.14318 76.70053 80.12600 185.12615 76.65352 80.12600 185.31524 76.64084 80.12600 185.29950 76.59338 80.12600 185.48887 76.58584 80.12600 185.47442 76.53798 80.12600 185.66392 76.53559 80.12600 185.65078 76.48735 80.12600 185.84028 76.49011 80.12600 185.82845 76.44153 80.12600 186.01781 76.44944 80.12600 186.00730 76.40056 80.12600 187.42500 84.25000 80.12600 187.42500 84.30000 80.12600 187.30248 84.24398 80.12600 187.29758 84.29374 80.12600 187.18114 84.22598 80.12600 187.17138 84.27502 80.12600 187.06214 84.19618 80.12600 187.04763 84.24402 80.12600 186.94665 84.15485 80.12600 186.92751 84.20104 80.12600 186.83575 84.10240 80.12600 186.81218 84.14650 80.12600 186.73054 84.03934 80.12600 186.70276 84.08091 80.12600 186.63201 83.96626 80.12600 186.60029 84.00491 80.12600 186.54112 83.88388 80.12600 186.50576 83.91924 80.12600 186.45874 83.79299 80.12600 186.42009 83.82471 80.12600 186.38566 83.69446 80.12600 186.34409 83.72224 80.12600 186.32260 83.58925 80.12600 186.27850 83.61282 80.12600 186.27015 83.47835 80.12600 186.22396 83.49749 80.12600 186.22882 83.36286 80.12600 186.18098 83.37737 80.12600 186.19902 83.24386 80.12600 186.14998 83.25362 80.12600 186.18102 83.12252 80.12600 186.13126 83.12742 80.12600 186.17500 83.00000 80.12600 186.12500 83.00000 80.12600 186.18102 82.87748 80.12600 186.13126 82.87258 80.12600 186.19902 82.75614 80.12600 186.14998 82.74638 80.12600 186.22882 82.63714 80.12600 186.18098 82.62263 80.12600 186.27015 82.52165 80.12600 186.22396 82.50251 80.12600 186.32260 82.41075 80.12600 186.27850 82.38718 80.12600 186.38566 82.30554 80.12600 186.34409 82.27776 80.12600 186.45874 82.20701 80.12600 186.42009 82.17529 80.12600 186.54112 82.11612 80.12600 186.50576 82.08076 80.12600 186.63201 82.03374 80.12600 186.60029 81.99509 80.12600 186.73054 81.96066 80.12600 186.70276 81.91909 80.12600 186.83575 81.89760 80.12600 186.81218 81.85350 80.12600 186.94665 81.84515 80.12600 186.92751 81.79896 80.12600 187.06214 81.80382 80.12600 187.04763 81.75598 80.12600 187.18114 81.77402 80.12600 187.17138 81.72498 80.12600 187.30248 81.75602 80.12600 187.29758 81.70626 80.12600 187.42500 81.75000 80.12600 187.42500 81.70000 80.12600 187.20000 80.55000 80.12600 187.20000 80.40000 80.12600 187.30000 80.40000 80.12600 187.30000 80.55000 80.12600 187.30000 85.45000 80.12600 187.30000 85.60000 80.12600 187.20000 85.60000 80.12600 187.20000 85.45000 80.12600 186.30000 80.55000 80.12600 186.30000 80.40000 80.12600 186.40000 80.40000 80.12600 186.40000 80.55000 80.12600 186.40000 85.45000 80.12600 186.40000 85.60000 80.12600 186.30000 85.60000 80.12600 186.30000 85.45000 80.12600 185.40000 80.55000 80.12600 185.40000 80.40000 80.12600 185.50000 80.40000 80.12600 185.50000 80.55000 80.12600 185.50000 85.45000 80.12600 185.50000 85.60000 80.12600 185.40000 85.60000 80.12600 185.40000 85.45000 80.12600 184.45000 80.55000 80.12600 184.45000 80.40000 80.12600 184.55000 80.40000 80.12600 184.55000 80.55000 80.12600 184.55000 85.45000 80.12600 184.55000 85.60000 80.12600 184.45000 85.60000 80.12600 184.45000 85.45000 80.12600 187.74150 82.07750 83.09500 187.76650 82.07750 83.09500 187.76650 82.12250 83.09500 187.74150 82.12250 83.09500 187.74150 82.07750 84.14500 187.76650 82.07750 84.14500 187.76650 82.12250 84.14500 187.74150 82.12250 84.14500 187.74150 83.87750 83.09500 187.76650 83.87750 83.09500 187.76650 83.92250 83.09500 187.74150 83.92250 83.09500 187.74150 83.87750 84.14500 187.76650 83.87750 84.14500 187.76650 83.92250 84.14500 187.74150 83.92250 84.14500 187.74150 82.10000 83.07250 187.76650 82.10000 83.07250 187.76650 83.90000 83.07250 187.74150 83.90000 83.07250 187.74150 82.10000 83.11750 187.76650 82.10000 83.11750 187.76650 83.90000 83.11750 187.74150 83.90000 83.11750 187.74150 82.10000 84.12250 187.76650 82.10000 84.12250 187.76650 83.90000 84.12250 187.74150 83.90000 84.12250 187.74150 82.10000 84.16750 187.76650 82.10000 84.16750 187.76650 83.90000 84.16750 187.74150 83.90000 84.16750 187.74150 82.68000 83.17500 187.76650 82.68000 83.17500 187.76650 82.73000 83.17500 187.74150 82.73000 83.17500 187.74150 82.68000 83.62500 187.76650 82.68000 83.62500 187.76650 82.73000 83.62500 187.74150 82.73000 83.62500 187.74150 83.27000 83.17500 187.76650 83.27000 83.17500 187.76650 83.32000 83.17500 187.74150 83.32000 83.17500 187.74150 83.27000 83.62500 187.76650 83.27000 83.62500 187.76650 83.32000 83.62500 187.74150 83.32000 83.62500 187.74150 82.70500 83.15000 187.76650 82.70500 83.15000 187.76650 83.29500 83.15000 187.74150 83.29500 83.15000 187.74150 82.70500 83.20000 187.76650 82.70500 83.20000 187.76650 83.29500 83.20000 187.74150 83.29500 83.20000 187.74150 82.70500 83.60000 187.76650 82.70500 83.60000 187.76650 83.29500 83.60000 187.74150 83.29500 83.60000 187.74150 82.70500 83.65000 187.76650 82.70500 83.65000 187.76650 83.29500 83.65000 187.74150 83.29500 83.65000 187.65000 82.99101 83.15457 187.64117 82.99992 83.15675 187.65000 83.00899 83.15543 187.65883 83.00008 83.15325 187.56343 83.01193 82.71957 187.55460 83.02084 82.72175 187.56343 83.02991 82.72043 187.57226 83.02101 82.71825 187.61986 83.10352 83.15552 187.61102 83.11260 83.15673 187.61986 83.12148 83.15448 187.62869 83.11240 83.15327 187.53442 83.07835 82.72052 187.52559 83.08743 82.72173 187.53442 83.09632 82.71948 187.54325 83.08723 82.71827 187.53750 83.18595 83.15632 187.52859 83.19504 83.15623 187.53750 83.20376 83.15368 187.54641 83.19467 83.15377 187.47610 83.12144 82.72132 187.46718 83.13053 82.72123 187.47610 83.13925 82.71868 187.48501 83.13016 82.71877 187.42500 83.21617 83.15676 187.41601 83.22508 83.15542 187.42500 83.23383 83.15324 187.43399 83.22492 83.15458 187.40408 83.12960 82.72176 187.39509 83.13851 82.72042 187.40408 83.14725 82.71824 187.41307 83.13835 82.71958 187.31250 83.18602 83.15673 187.30351 83.19476 83.15450 187.31250 83.20369 83.15327 187.32149 83.19495 83.15550 187.33767 83.10059 82.72173 187.32868 83.10932 82.71950 187.33767 83.11825 82.71827 187.34665 83.10952 82.72050 187.23014 83.10359 83.15626 187.22124 83.11232 83.15371 187.23014 83.12141 83.15374 187.23905 83.11268 83.15629 187.29466 83.04218 82.72126 187.28575 83.05091 82.71871 187.29466 83.06001 82.71874 187.30356 83.05128 82.72129 187.20000 82.99101 83.15543 187.19117 82.99992 83.15325 187.20000 83.00899 83.15457 187.20883 83.00008 83.15675 187.28657 82.97009 82.72043 187.27774 82.97899 82.71825 187.28657 82.98807 82.71957 187.29540 82.97916 82.72175 187.23014 82.87852 83.15448 187.22131 82.88760 83.15327 187.23014 82.89648 83.15552 187.23898 82.88740 83.15673 187.31558 82.90368 82.71948 187.30675 82.91277 82.71827 187.31558 82.92165 82.72052 187.32441 82.91257 82.72173 187.31250 82.79624 83.15368 187.30359 82.80533 83.15377 187.31250 82.81405 83.15632 187.32141 82.80496 83.15623 187.37390 82.86075 82.71868 187.36499 82.86984 82.71877 187.37390 82.87856 82.72132 187.38282 82.86947 82.72123 187.42500 82.76617 83.15324 187.41601 82.77508 83.15458 187.42500 82.78383 83.15676 187.43399 82.77492 83.15542 187.44592 82.85275 82.71824 187.43693 82.86165 82.71958 187.44592 82.87040 82.72176 187.45491 82.86149 82.72042 187.53750 82.79631 83.15327 187.52851 82.80505 83.15550 187.53750 82.81398 83.15673 187.54649 82.80524 83.15450 187.51233 82.88175 82.71827 187.50335 82.89048 82.72050 187.51233 82.89941 82.72173 187.52132 82.89068 82.71950 187.61986 82.87859 83.15374 187.61095 82.88732 83.15629 187.61986 82.89641 83.15626 187.62876 82.88768 83.15371 187.55534 82.93999 82.71874 187.54644 82.94872 82.72129 187.55534 82.95782 82.72126 187.56425 82.94909 82.71871</float_array><technique_common><accessor source="#positions-array" count="1610" stride="3"><param name="X" type="float"/><param name="Y" type="float"/><param name="Z" type="float"/></accessor></technique_common></source>
<source id="normals"><float_array id="normals-array" count="4698">0.00000 -0.00000 1.00000 0.00000 0.00000 1.00000 0.00000 -0.00000 1.00000 0.00000 0.00000 1.00000 0.00000 0.00000 1.00000 0.00000 0.00000 1.00000 0.00000 0.00000 1.00000 0.00000 0.00000 1.00000 0.00000 -0.00000 1.00000 0.00000 0.00000 1.00000 0.00000 -0.00000 1.00000 0.00000 0.00000 1.00000 0.00000 -0.00000 1.00000 0.00000 0.00000 1.00000 0.00000 -0.00000 1.00000 0.00000 0.00000 1.00000 0.00000 -0.00000 1.00000 0.00000 0.00000 1.00000 0.00000 0.00000 1.00000 0.00000 -0.00000 1.00000 0.00000 0.00000 1.00000 0.00000 -0.00000 1.00000 0.00000 0.00000 1.00000 0.00000 -0.00000 1.00000 0.00000 0.00000 1.00000 0.00000 -0.00000 1.00000 0.00000 0.00000 1.00000 0.00000 -0.00000 1.00000 0.00000 0.00000 1.00000 0.00000 -0.00000 1.00000 0.00000 0.00000 1.00000 0.00000 -0.00000 1.00000 0.00000 0.00000 1.00000 0.00000 -0.00000 1.00000 0.00000 0.00000 1.00000 0.00000 -0.00000 1.00000 0.00000 0.00000 1.00000 0.00000 -0.00000 1.00000 0.00000 0.00000 1.00000 0.00000 -0.00000 1.00000 0.00000 0.00000 1.00000 0.00000 -0.00000 1.00000 0.00000 0.00000 1.00000 0.00000 -0.00000 1.00000 0.00000 0.00000 1.00000 0.00000 -0.00000 1.00000 0.00000 0.00000 1.00000 0.00000 -0.00000 1.00000 0.00000 0.00000 1.00000 0.00000 0.00000 1.00000 0.00000 0.00000 1.00000 0.00000 0.00000 1.00000 0.00000 0.00000 1.00000 0.00000 0.00000 1.00000 0.00000 0.00000 1.00000 0.00000 0.00000 1.00000 0.00000 0.00000 1.00000 0.00000 0.00000 1.00000 0.00000 0.00000 1.00000 0.00000 0.00000 1.00000 0.00000 0.00000 1.00000 0.00000 0.00000 1.00000 0.00000 0.00000 1.00000 0.00000 0.00000 1.00000 0.00000 0.00000 1.00000 0.00000 0.00000 1.00000 0.00000 0.00000 1.00000 0.00000 0.00000 1.00000 0.00000 0.00000 1.00000 0.00000 0.00000 1.00000 0.00000 0.00000 1.00000 0.00000 0.00000 1.00000 0.00000 0.00000 1.00000 0.00000 0.00000 1.00000 0.00000 0.00000 1.00000 0.00000 0.00000 1.00000 0.00000 0.00000 1.00000 0.00000 0.00000 1.00000 0.00000 0.00000 1.00000 0.00000 0.00000 1.00000 0.00000 0.00000 1.00000 0.00000 0.00000 1.00000 0.00000 0.00000 1.00000 0.00000 0.00000 1.00000 0.00000 0.00000 1.00000 0.00000 0.00000 1.00000 0.00000 0.00000 1.00000 0.00000 0.00000 1.00000 0.00000 0.00000 1.00000 0.00000 0.00000 1.00000 0.00000 0.00000 1.00000 0.00000 0.00000 1.00000 0.00000 0.00000 1.00000 0.00000 0.00000 1.00000 0.00000 0.00000 1.00000 0.00000 0.00000 1.00000 0.00000 0.00000 1.00000 0.00000 0.00000 1.00000 0.00000 0.00000 1.00000 0.00000 0.00000 1.00000 0.00000 0.00000 1.00000 0.00000 0.00000 1.00000 0.00000 0.00000 1.00000 0.00000 0.00000 1.00000 0.00000 0.00000 1.00000 0.00000 0.00000 1.00000 0.00000 0.00000 1.00000 0.00000 0.00000 1.00000 0.00000 0.00000 1.00000 0.00000 0.00000 1.00000 0.00000 0.00000 1.00000 0.00000 0.00000 1.00000 0.00000 0.00000 1.00000 0.00000 0.00000 1.00000 0.00000 0.00000 1.00000 0.00000 0.00000 1.00000 0.00000 0.00000 1.00000 0.00000 0.00000 1.00000 -0.00000 0.00000 1.00000 0.00000 0.00000 1.00000 -0.00000 0.00000 1.00000 0.00000 0.00000 1.00000 -0.00000 0.00000 1.00000 0.00000 0.00000 1.00000 -0.00000 0.00000 1.00000 0.00000 0.00000 1.00000 0.00000 0.00000 1.00000 -0.00000 0.00000 1.00000 0.00000 0.00000 1.00000 -0.00000 0.00000 1.00000 0.00000 0.00000 1.00000 -0.00000 0.00000 1.00000 0.00000 0.00000 1.00000 -0.00000 0.00000 1.00000 0.00000 0.00000 1.00000 -0.00000 0.00000 1.00000 0.00000 0.00000 1.00000 -0.00000 0.00000 1.00000 0.00000 0.00000 1.00000 -0.00000 0.00000 1.00000 0.00000 0.00000 1.00000 -0.00000 0.00000 1.00000 0.00000 0.00000 1.00000 -0.00000 0.00000 1.00000 0.00000 0.00000 1.00000 -0.00000 0.00000 1.00000 0.00000 0.00000 1.00000 -0.00000 0.00000 1.00000 0.00000 0.00000 1.00000 -0.00000 0.00000 1.00000 0.00000 0.00000 1.00000 -0.00000 0.00000 1.00000 0.00000 0.00000 1.00000 -0.00000 0.00000 1.00000 0.00000 0.00000 1.00000 0.00000 0.00000 1.00000 0.00000 0.00000 1.00000 0.00000 0.00000 1.00000 0.00000 -0.00000 1.00000 0.00000 0.00000 1.00000 -0.00000 0.00000 1.00000 0.00000 0.00000 1.00000 -0.00000 0.00000 1.00000 0.00000 0.00000 1.00000 -0.00000 0.00000 1.00000 0.00000 0.00000 1.00000 -0.00000 0.00000 1.00000 0.00000 0.00000 1.00000 -0.00000 0.00000 1.00000 0.00000 0.00000 1.00000 -0.00000 0.00000 1.00000 0.00000 0.00000 1.00000 -0.00000 0.00000 1.00000 0.00000 0.00000 1.00000 -0.00000 0.00000 1.00000 0.00000 0.00000 1.00000 -0.00000 0.00000 1.00000 0.00000 0.00000 1.00000 -0.00000 0.00000 1.00000 0.00000 0.00000 1.00000 -0.00000 0.00000 1.00000 0.00000 0.00000 1.00000 -0.00000 0.00000 1.00000 0.00000 0.00000 1.00000 -0.00000 0.00000 1.00000 0.00000 0.00000 1.00000 0.00000 0.00000 1.00000 -0.00000 0.00000 1.00000 0.00000 0.00000 1.00000 -0.00000 0.00000 1.00000 0.00000 0.00000 1.00000 -0.00000 0.00000 1.00000 0.00000 0.00000 1.00000 -0.00000 0.00000 1.00000 0.00000 0.00000 1.00000 -0.00000 0.00000 1.00000 0.00000 0.00000 1.00000 -0.00000 0.00000 1.00000 0.00000 0.00000 1.00000 -0.00000 0.00000 1.00000 0.00000 0.00000 1.00000 -0.00000 0.00000 1.00000 0.00000 0.00000 1.00000 -0.00000 0.00000 1.00000 0.00000 0.00000 1.00000 -0.00000 0.00000 1.00000 0.00000 0.00000 1.00000 -0.00000 0.00000 1.00000 0.00000 0.00000 1.00000 -0.00000 0.00000 1.00000 0.00000 0.00000 1.00000 -0.00000 0.00000 1.00000 0.00000 0.00000 1.00000 -0.00000 0.00000 1.00000 0.00000 0.00000 1.00000 -0.00000 0.00000 1.00000 0.00000 0.00000 1.00000 -0.00000 0.00000 1.00000 0.00000 0.00000 1.00000 -0.00000 0.00000 1.00000 0.00000 0.00000 1.00000 -0.00000 0.00000 1.00000 0.00000 0.00000 1.00000 -0.00000 0.00000 1.00000 0.00000 0.00000 1.00000 -0.00000 0.00000 1.00000 0.00000 0.00000 1.00000 -0.00000 0.00000 1.00000 0.00000 0.00000 1.00000 -0.00000 0.00000 1.00000 0.00000 0.00000 1.00000 -0.00000 0.00000 1.00000 0.00000 -0.00000 1.00000 0.00000 0.00000 1.00000 0.00000 -0.00000 1.00000 0.00000 0.00000 1.00000 0.00000 -0.00000 1.00000 0.00000 0.00000 1.00000 0.00000 -0.00000 1.00000 0.00000 0.00000 1.00000 0.00000 -0.00000 1.00000 0.00000 0.00000 1.00000 0.00000 -0.00000 1.00000 0.00000 0.00000 1.00000 0.00000 -0.00000 1.00000 0.00000 0.00000 1.00000 0.00000 -0.00000 1.00000 0.00000 0.00000 1.00000 0.00000 -0.00000 1.00000 0.00000 0.00000 1.00000 0.00000 -0.00000 1.00000 0.00000 0.00000 1.00000 0.00000 -0.00000 1.00000 0.00000 0.00000 1.00000 0.00000 -0.00000 1.00000 0.00000 0.00000 1.00000 0.00000 -0.00000 1.00000 0.00000 0.00000 1.00000 0.00000 0.00000 1.00000 0.00000 -0.00000 1.00000 0.00000 0.00000 1.00000 0.00000 -0.00000 1.00000 0.00000 0.00000 1.00000 0.00000 -0.00000 1.00000 0.00000 0.00000 1.00000 0.00000 -0.00000 1.00000 0.00000 0.00000 1.00000 0.00000 -0.00000 1.00000 0.00000 0.00000 1.00000 0.00000 -0.00000 1.00000 0.00000 0.00000 1.00000 0.00000 -0.00000 1.00000 0.00000 0.00000 1.00000 0.00000 -0.00000 1.00000 0.00000 0.00000 1.00000 0.00000 -0.00000 1.00000 0.00000 0.00000 1.00000 0.00000 -0.00000 1.00000 0.00000 0.00000 1.00000 0.00000 -0.00000 1.00000 0.00000 0.00000 1.00000 0.00000 -0.00000 1.00000 0.00000 0.00000 1.00000 0.00000 -0.00000 1.00000 0.00000 0.00000 1.00000 0.00000 -0.00000 1.00000 0.00000 0.00000 1.00000 0.00000 -0.00000 1.00000 0.00000 0.00000 1.00000 0.00000 -0.00000 1.00000 0.00000 0.00000 1.00000 0.00000 -0.00000 1.00000 0.00000 0.00000 1.00000 0.00000 -0.00000 1.00000 0.00000 0.00000 1.00000 0.00000 -0.00000 1.00000 0.00000 0.00000 1.00000 0.00000 -0.00000 1.00000 0.00000 0.00000 1.00000 0.00000 -0.00000 1.00000 0.00000 0.00000 1.00000 0.00000 -0.00000 1.00000 0.00000 0.00000 1.00000 0.00000 -0.00000 1.00000 0.00000 0.00000 1.00000 0.00000 -0.00000 1.00000 0.00000 0.00000 1.00000 0.00000 0.00000 1.00000 0.00000 0.00000 1.00000 0.00000 0.00000 1.00000 0.00000 0.00000 1.00000 0.00000 0.00000 1.00000 0.00000 0.00000 1.00000 0.00000 0.00000 1.00000 0.00000 0.00000 1.00000 0.00000 0.00000 1.00000 0.00000 0.00000 1.00000 0.00000 0.00000 1.00000 0.00000 0.00000 1.00000 0.00000 0.00000 1.00000 0.00000 0.00000 1.00000 0.00000 0.00000 1.00000 0.00000 0.00000 1.00000 0.00000 0.00000 1.00000 0.00000 0.00000 1.00000 0.00000 0.00000 1.00000 0.00000 0.00000 1.00000 0.00000 0.00000 1.00000 0.00000 0.00000 1.00000 0.00000 0.00000 1.00000 0.00000 0.00000 1.00000 0.00000 0.00000 1.00000 0.00000 0.00000 1.00000 0.00000 0.00000 1.00000 0.00000 0.00000 1.00000 0.00000 0.00000 1.00000 0.00000 0.00000 1.00000 0.00000 0.00000 1.00000 0.00000 0.00000 1.00000 0.00000 0.00000 1.00000 0.00000 0.00000 1.00000 0.00000 0.00000 1.00000 0.00000 0.00000 1.00000 0.00000 0.00000 1.00000 0.00000 0.00000 1.00000 0.00000 0.00000 1.00000 0.00000 0.00000 1.00000 0.00000 0.00000 1.00000 0.00000 0.00000 1.00000 0.00000 0.00000 1.00000 0.00000 0.00000 1.00000 0.00000 0.00000 1.00000 0.00000 0.00000 1.00000 0.00000 0.00000 1.00000 0.00000 0.00000 1.00000 0.00000 0.00000 1.00000 0.00000 0.00000 1.00000 0.00000 0.00000 1.00000 0.00000 0.00000 1.00000 0.00000 0.00000 1.00000 0.00000 0.00000 1.00000 0.00000 0.00000 1.00000 0.00000 0.00000 1.00000 0.00000 0.00000 1.00000 0.00000 0.00000 1.00000 0.00000 0.00000 1.00000 0.00000 0.00000 1.00000 0.00000 0.00000 1.00000 0.00000 0.00000 1.00000 0.00000 0.00000 1.00000 0.00000 0.00000 1.00000 0.00000 0.00000 1.00000 0.00000 0.00000 1.00000 0.00000 0.00000 1.00000 0.00000 0.00000 1.00000 0.00000 0.00000 1.00000 0.00000 0.00000 1.00000 0.00000 0.00000 1.00000 0.00000 0.00000 1.00000 0.00000 0.00000 1.00000 0.00000 0.00000 1.00000 0.00000 0.00000 1.00000 0.00000 0.00000 1.00000 0.00000 0.00000 1.00000 0.00000 0.00000 1.00000 0.00000 0.00000 1.00000 0.00000 0.00000 1.00000 0.00000 0.00000 1.00000 -0.00000 0.00000 1.00000 0.00000 0.00000 1.00000 -0.00000 0.00000 1.00000 0.00000 0.00000 1.00000 0.00000 0.00000 1.00000 -0.00000 0.00000 1.00000 0.00000 0.00000 1.00000 -0.00000 0.00000 1.00000 0.00000 0.00000 1.00000 -0.00000 0.00000 1.00000 0.00000 0.00000 1.00000 -0.00000 0.00000 1.00000 0.00000 0.00000 1.00000 -0.00000 0.00000 1.00000 0.00000 0.00000 1.00000 -0.00000 0.00000 1.00000 0.00000 0.00000 1.00000 -0.00000 0.00000 1.00000 0.00000 0.00000 1.00000 -0.00000 0.00000 1.00000 0.00000 0.00000 1.00000 -0.00000 0.00000 1.00000 0.00000 0.00000 1.00000 -0.00000 0.00000 1.00000 0.00000 0.00000 1.00000 -0.00000 0.00000 1.00000 0.00000 0.00000 1.00000 -0.00000 0.00000 1.00000 0.00000 0.00000 1.00000 -0.00000 0.00000 1.00000 0.00000 0.00000 1.00000 -0.00000 0.00000 1.00000 0.00000 0.00000 1.00000 -0.00000 0.00000 1.00000 0.00000 0.00000 1.00000 -0.00000 0.00000 1.00000 0.00000 0.00000 1.00000 -0.00000 0.00000 1.00000 0.00000 0.00000 1.00000 -0.00000 0.00000 1.00000 0.00000 0.00000 1.00000 -0.00000 0.00000 1.00000 0.00000 0.00000 1.00000 -0.00000 0.00000 1.00000 0.00000 0.00000 1.00000 -0.00000 0.00000 1.00000 0.00000 0.00000 1.00000 -0.00000 0.00000 1.00000 0.00000 0.00000 1.00000 -0.00000 0.00000 1.00000 0.00000 0.00000 1.00000 -0.00000 0.00000 1.00000 0.00000 0.00000 1.00000 -0.00000 0.00000 1.00000 0.00000 0.00000 1.00000 -0.00000 0.00000 1.00000 0.00000 0.00000 1.00000 -0.00000 0.00000 1.00000 0.00000 0.00000 1.00000 -0.00000 0.00000 1.00000 0.00000 0.00000 1.00000 -0.00000 0.00000 1.00000 0.00000 0.00000 1.00000 -0.00000 0.00000 1.00000 0.00000 0.00000 1.00000 -0.00000 0.00000 1.00000 0.00000 0.00000 1.00000 -0.00000 0.00000 1.00000 0.00000 0.00000 1.00000 -0.00000 0.00000 1.00000 0.00000 0.00000 1.00000 -0.00000 0.00000 1.00000 0.00000 0.00000 1.00000 -0.00000 0.00000 1.00000 0.00000 0.00000 1.00000 -0.00000 0.00000 1.00000 0.00000 0.00000 1.00000 -0.00000 0.00000 1.00000 0.00000 0.00000 1.00000 -0.00000 0.00000 1.00000 0.00000 0.00000 1.00000 -0.00000 0.00000 1.00000 0.00000 0.00000 1.00000 -0.00000 0.00000 1.00000 0.00000 0.00000 1.00000 -0.00000 0.00000 1.00000 0.00000 0.00000 1.00000 -0.00000 0.00000 1.00000 0.00000 0.00000 1.00000 -0.00000 0.00000 1.00000 0.00000 0.00000 1.00000 -0.00000 0.00000 1.00000 0.00000 0.00000 1.00000 -0.00000 0.00000 1.00000 0.00000 0.00000 1.00000 -0.00000 0.00000 1.00000 0.00000 0.00000 1.00000 -0.00000 0.00000 1.00000 0.00000 0.00000 1.00000 -0.00000 0.00000 1.00000 0.00000 -0.00000 1.00000 0.00000 0.00000 1.00000 0.00000 -0.00000 1.00000 0.00000 0.00000 1.00000 0.00000 -0.00000 1.00000 0.00000 0.00000 1.00000 0.00000 -0.00000 1.00000 0.00000 0.00000 1.00000 0.00000 -0.00000 1.00000 0.00000 0.00000 1.00000 0.00000 -0.00000 1.00000 0.00000 0.00000 1.00000 0.00000 -0.00000 1.00000 0.00000 0.00000 1.00000 0.00000 -0.00000 1.00000 0.00000 0.00000 1.00000 0.00000 -0.00000 1.00000 0.00000 0.00000 1.00000 0.00000 -0.00000 1.00000 0.00000 0.00000 1.00000 0.00000 0.00000 1.00000 0.00000 -0.00000 1.00000 0.00000 0.00000 1.00000 0.00000 -0.00000 1.00000 0.00000 0.00000 1.00000 0.00000 -0.00000 1.00000 0.00000 0.00000 1.00000 0.00000 -0.00000 1.00000 0.00000 0.00000 1.00000 0.00000 -0.00000 1.00000 0.00000 0.00000 1.00000 0.00000 -0.00000 1.00000 0.00000 0.00000 1.00000 0.00000 -0.00000 1.00000 0.00000 0.00000 1.00000 0.00000 -0.00000 1.00000 0.00000 0.00000 1.00000 0.00000 -0.00000 1.00000 0.00000 0.00000 1.00000 0.00000 -0.00000 1.00000 0.00000 0.00000 1.00000 0.00000 -0.00000 1.00000 0.00000 0.00000 1.00000 0.00000 -0.00000 1.00000 0.00000 0.00000 1.00000 0.00000 -0.00000 1.00000 0.00000 0.00000 1.00000 0.00000 -0.00000 1.00000 0.00000 0.00000 1.00000 0.00000 -0.00000 1.00000 0.00000 0.00000 1.00000 0.00000 -0.00000 1.00000 0.00000 0.00000 1.00000 0.00000 -0.00000 1.00000 0.00000 0.00000 1.00000 0.00000 -0.00000 1.00000 0.00000 0.00000 1.00000 0.00000 -0.00000 1.00000 0.00000 0.00000 1.00000 0.00000 -0.00000 1.00000 0.00000 0.00000 1.00000 0.00000 -0.00000 1.00000 0.00000 0.00000 1.00000 0.00000 -0.00000 1.00000 0.00000 0.00000 1.00000 0.00000 -0.00000 1.00000 0.00000 0.00000 1.00000 0.00000 -0.00000 1.00000 0.00000 0.00000 1.00000 0.00000 -0.00000 1.00000 0.00000 0.00000 1.00000 0.00000 -0.00000 1.00000 0.00000 0.00000 1.00000 0.00000 -0.00000 1.00000 0.00000 0.00000 1.00000 0.00000 -0.00000 1.00000 0.00000 0.00000 1.00000 0.00000 -0.00000 1.00000 0.00000 0.00000 1.00000 0.00000 -0.00000 1.00000 0.00000 0.00000 1.00000 0.00000 -0.00000 1.00000 0.00000 0.00000 1.00000 0.00000 -0.00000 1.00000 0.00000 0.00000 1.00000 0.00000 -0.00000 1.00000 0.00000 0.00000 1.00000 0.00000 -0.00000 1.00000 0.00000 0.00000 1.00000 0.00000 -0.00000 1.00000 0.00000 0.00000 1.00000 0.00000 -0.00000 1.00000 0.00000 0.00000 1.00000 0.00000 -0.00000 1.00000 0.00000 0.00000 1.00000 0.00000 -0.00000 1.00000 0.00000 0.00000 1.00000 0.00000 -0.00000 1.00000 0.00000 0.00000 1.00000 0.00000 -0.00000 1.00000 -0.00000 0.00000 1.00000 0.00000 0.00000 1.00000 -0.00000 0.00000 1.00000 0.00000 0.00000 1.00000 -0.00000 0.00000 1.00000 0.00000 0.00000 1.00000 -0.00000 0.00000 1.00000 0.00000 0.00000 1.00000 0.00000 0.00000 1.00000 -0.00000 0.00000 1.00000 0.00000 0.00000 1.00000 -0.00000 0.00000 1.00000 0.00000 0.00000 1.00000 -0.00000 0.00000 1.00000 0.00000 0.00000 1.00000 -0.00000 0.00000 1.00000 0.00000 0.00000 1.00000 -0.00000 0.00000 1.00000 0.00000 0.00000 1.00000 -0.00000 0.00000 1.00000 0.00000 0.00000 1.00000 -0.00000 0.00000 1.00000 0.00000 0.00000 1.00000 -0.00000 0.00000 1.00000 0.00000 0.00000 1.00000 -0.00000 0.00000 1.00000 0.00000 0.00000 1.00000 -0.00000 0.00000 1.00000 0.00000 0.00000 1.00000 -0.00000 0.00000 1.00000 0.00000 0.00000 1.00000 -0.00000 0.00000 1.00000 0.00000 -0.00000 1.00000 0.00000 0.00000 1.00000 0.00000 -0.00000 1.00000 0.00000 0.00000 1.00000 0.00000 -0.00000 1.00000 0.00000 0.00000 1.00000 0.00000 -0.00000 1.00000 0.00000 0.00000 1.00000 0.00000 0.00000 1.00000 0.00000 -0.00000 1.00000 0.00000 0.00000 1.00000 0.00000 -0.00000 1.00000 0.00000 0.00000 1.00000 0.00000 -0.00000 1.00000 0.00000 0.00000 1.00000 0.00000 -0.00000 1.00000 0.00000 0.00000 1.00000 0.00000 -0.00000 1.00000 0.00000 0.00000 1.00000 0.00000 -0.00000 1.00000 0.00000 0.00000 1.00000 0.00000 -0.00000 1.00000 0.00000 0.00000 1.00000 0.00000 -0.00000 1.00000 0.00000 0.00000 1.00000 0.00000 -0.00000 1.00000 0.00000 0.00000 1.00000 0.00000 -0.00000 1.00000 0.00000 0.00000 1.00000 0.00000 -0.00000 1.00000 0.00000 0.00000 1.00000 0.00000 -0.00000 1.00000 0.00000 0.00000 1.00000 -0.00000 0.00000 1.00000 0.00000 -0.00000 1.00000 0.00000 0.00000 1.00000 0.00000 0.00000 1.00000 -0.00000 0.00000 1.00000 0.00000 -0.00000 1.00000 0.00000 0.00000 1.00000 0.00000 0.00000 1.00000 -0.00000 0.00000 1.00000 0.00000 -0.00000 1.00000 0.00000 0.00000 1.00000 0.00000 0.00000 1.00000 -0.00000 0.00000 1.00000 0.00000 -0.00000 1.00000 0.00000 0.00000 1.00000 0.00000 0.00000 -1.00000 0.00000 0.00000 -1.00000 0.00000 0.00000 1.00000 0.00000 0.00000 1.00000 0.00000 -1.00000 0.00000 0.00000 -1.00000 0.00000 1.00000 0.00000 0.00000 1.00000 0.00000 0.00000 0.00000 1.00000 0.00000 0.00000 1.00000 -0.00000 -1.00000 0.00000 0.00000 -1.00000 0.00000 0.00000 0.00000 0.00000 -1.00000 0.00000 0.00000 -1.00000 0.00000 0.00000 1.00000 0.00000 0.00000 1.00000 0.00000 -1.00000 0.00000 0.00000 -1.00000 0.00000 1.00000 0.00000 0.00000 1.00000 0.00000 0.00000 0.00000 1.00000 0.00000 0.00000 1.00000 -0.00000 -1.00000 0.00000 0.00000 -1.00000 0.00000 0.00000 0.00000 0.00000 -1.00000 0.00000 0.00000 -1.00000 0.00000 0.00000 1.00000 0.00000 0.00000 1.00000 0.00000 -1.00000 0.00000 0.00000 -1.00000 0.00000 1.00000 0.00000 0.00000 1.00000 0.00000 0.00000 0.00000 1.00000 0.00000 0.00000 1.00000 -0.00000 -1.00000 0.00000 0.00000 -1.00000 0.00000 0.00000 0.00000 0.00000 -1.00000 0.00000 0.00000 -1.00000 0.00000 0.00000 1.00000 0.00000 0.00000 1.00000 0.00000 -1.00000 0.00000 0.00000 -1.00000 0.00000 1.00000 0.00000 0.00000 1.00000 0.00000 0.00000 0.00000 1.00000 0.00000 0.00000 1.00000 -0.00000 -1.00000 0.00000 0.00000 -1.00000 0.00000 0.00000 0.00000 0.00000 -1.00000 0.00000 0.00000 -1.00000 0.00000 0.00000 1.00000 0.00000 0.00000 1.00000 0.00000 -1.00000 0.00000 0.00000 -1.00000 0.00000 1.00000 0.00000 0.00000 1.00000 0.00000 0.00000 0.00000 1.00000 0.00000 0.00000 1.00000 -0.00000 -1.00000 0.00000 0.00000 -1.00000 0.00000 0.00000 0.00000 0.00000 -1.00000 0.00000 0.00000 -1.00000 0.00000 0.00000 1.00000 0.00000 0.00000 1.00000 0.00000 -1.00000 0.00000 0.00000 -1.00000 0.00000 1.00000 0.00000 0.00000 1.00000 0.00000 0.00000 0.00000 1.00000 0.00000 0.00000 1.00000 -0.00000 -1.00000 0.00000 0.00000 -1.00000 0.00000 0.00000 0.00000 0.00000 -1.00000 0.00000 0.00000 -1.00000 0.00000 0.00000 1.00000 0.00000 0.00000 1.00000 0.00000 -1.00000 0.00000 0.00000 -1.00000 0.00000 1.00000 0.00000 0.00000 1.00000 0.00000 0.00000 0.00000 1.00000 0.00000 0.00000 1.00000 -0.00000 -1.00000 0.00000 0.00000 -1.00000 0.00000 0.00000 0.00000 0.00000 -1.00000 0.00000 0.00000 -1.00000 0.00000 0.00000 1.00000 0.00000 0.00000 1.00000 0.00000 -1.00000 0.00000 0.00000 -1.00000 0.00000 1.00000 0.00000 0.00000 1.00000 0.00000 0.00000 0.00000 1.00000 0.00000 0.00000 1.00000 -0.00000 -1.00000 0.00000 0.00000 -1.00000 0.00000 0.00000 -0.69354 -0.71291 0.10374 -0.69354 -0.71291 0.10374 -0.69354 0.69967 0.17168 -0.69354 0.69967 0.17168 0.69354 0.71291 -0.10374 0.69354 0.71291 -0.10374 0.69354 -0.69967 -0.17168 0.69354 -0.69967 -0.17168 -0.69389 -0.69807 0.17667 -0.69389 -0.69807 0.17667 -0.69389 0.71378 0.09498 -0.69389 0.71378 0.09498 0.69389 0.69807 -0.17667 0.69389 0.69807 -0.17667 0.69389 -0.71378 -0.09498 0.69389 -0.71378 -0.09498 -0.70031 -0.68511 0.20046 -0.70031 -0.68511 0.20046 -0.70031 0.71380 -0.00700 -0.70031 0.71380 -0.00700 0.70031 0.68511 -0.20046 0.70031 0.68511 -0.20046 0.70031 -0.71380 0.00700 0.70031 -0.71380 0.00700 -0.70632 -0.68700 0.17070 -0.70632 -0.68700 0.17070 -0.70632 0.70001 -0.10534 -0.70632 0.70001 -0.10534 0.70632 0.68700 -0.17070 0.70632 0.68700 -0.17070 0.70632 -0.70001 0.10534 0.70632 -0.70001 0.10534 -0.70597 -0.70158 0.09694 -0.70597 -0.70158 0.09694 -0.70597 0.68613 -0.17560 -0.70597 0.68613 -0.17560 0.70597 0.70158 -0.09694 0.70597 0.70158 -0.09694 0.70597 -0.68613 0.17560 0.70597 -0.68613 0.17560 -0.69960 -0.71453 -0.00289 -0.69960 -0.71453 -0.00289 -0.69960 0.68581 -0.20056 -0.69960 0.68581 -0.20056 0.69960 0.71453 0.00289 0.69960 0.71453 0.00289 0.69960 -0.68581 0.20056 0.69960 -0.68581 0.20056 -0.69354 -0.71291 -0.10374 -0.69354 -0.71291 -0.10374 -0.69354 0.69967 -0.17168 -0.69354 0.69967 -0.17168 0.69354 0.71291 0.10374 0.69354 0.71291 0.10374 0.69354 -0.69967 0.17168 0.69354 -0.69967 0.17168 -0.69389 -0.69807 -0.17667 -0.69389 -0.69807 -0.17667 -0.69389 0.71378 -0.09498 -0.69389 0.71378 -0.09498 0.69389 0.69807 0.17667 0.69389 0.69807 0.17667 0.69389 -0.71378 0.09498 0.69389 -0.71378 0.09498 -0.70031 -0.68511 -0.20046 -0.70031 -0.68511 -0.20046 -0.70031 0.71380 0.00700 -0.70031 0.71380 0.00700 0.70031 0.68511 0.20046 0.70031 0.68511 0.20046 0.70031 -0.71380 -0.00700 0.70031 -0.71380 -0.00700 -0.70632 -0.68700 -0.17070 -0.70632 -0.68700 -0.17070 -0.70632 0.70001 0.10534 -0.70632 0.70001 0.10534 0.70632 0.68700 0.17070 0.70632 0.68700 0.17070 0.70632 -0.70001 -0.10534 0.70632 -0.70001 -0.10534 -0.70597 -0.70158 -0.09694 -0.70597 -0.70158 -0.09694 -0.70597 0.68613 0.17560 -0.70597 0.68613 0.17560 0.70597 0.70158 0.09694 0.70597 0.70158 0.09694 0.70597 -0.68613 -0.17560 0.70597 -0.68613 -0.17560 -0.69960 -0.71453 0.00289 -0.69960 -0.71453 0.00289 -0.69960 0.68581 0.20056 -0.69960 0.68581 0.20056 0.69960 0.71453 -0.00289 0.69960 0.71453 -0.00289 0.69960 -0.68581 -0.20056 0.69960 -0.68581 -0.20056 0.00000 0.00000 1.00000 0.00000 0.00000 1.00000 0.00000 0.00000 1.00000 0.00000 0.00000 1.00000 0.00000 -0.00000 1.00000 0.00000 0.00000 1.00000 0.00000 0.00000 1.00000 0.00000 -0.00000 1.00000 0.00000 0.00000 1.00000 0.00000 0.00000 1.00000 0.00000 0.00000 1.00000 0.00000 0.00000 1.00000 0.00000 0.00000 1.00000 0.00000 0.00000 1.00000 0.00000 0.00000 1.00000 0.00000 0.00000 1.00000 0.00000 0.00000 1.00000 0.00000 0.00000 1.00000 0.00000 0.00000 1.00000 0.00000 0.00000 1.00000 0.00000 0.00000 1.00000 0.00000 0.00000 1.00000 0.00000 0.00000 1.00000 0.00000 0.00000 1.00000 0.00000 0.00000 1.00000 0.00000 0.00000 1.00000 0.00000 0.00000 1.00000 0.00000 0.00000 1.00000 0.00000 0.00000 1.00000 0.00000 0.00000 1.00000 0.00000 0.00000 1.00000 0.00000 0.00000 1.00000 0.00000 0.00000 1.00000 0.00000 0.00000 1.00000 0.00000 0.00000 1.00000 0.00000 0.00000 1.00000 0.00000 0.00000 1.00000 0.00000 0.00000 1.00000 0.00000 0.00000 1.00000 0.00000 0.00000 1.00000 0.00000 0.00000 1.00000 0.00000 0.00000 1.00000 0.00000 0.00000 1.00000 0.00000 0.00000 1.00000 0.00000 0.00000 1.00000 0.00000 0.00000 1.00000 0.00000 0.00000 1.00000 0.00000 0.00000 1.00000 0.00000 0.00000 1.00000 0.00000 0.00000 1.00000 0.00000 0.00000 1.00000 0.00000 0.00000 1.00000 0.00000 0.00000 1.00000 0.00000 0.00000 1.00000 0.00000 0.00000 1.00000 0.00000 0.00000 1.00000 0.00000 0.00000 1.00000 0.00000 0.00000 1.00000 0.00000 0.00000 1.00000 0.00000 0.00000 1.00000 0.00000 0.00000 1.00000 0.00000 0.00000 1.00000 0.00000 0.00000 1.00000 0.00000 0.00000 1.00000 0.00000 0.00000 1.00000 0.00000 0.00000 1.00000 0.00000 0.00000 1.00000 0.00000 0.00000 1.00000 0.00000 0.00000 1.00000 0.00000 0.00000 1.00000 0.00000 0.00000 1.00000 0.00000 0.00000 1.00000 0.00000 0.00000 1.00000 0.00000 0.00000 1.00000 0.00000 0.00000 1.00000 0.00000 0.00000 1.00000 0.00000 0.00000 1.00000 0.00000 0.00000 1.00000 0.00000 0.00000 1.00000 0.00000 0.00000 1.00000 0.00000 0.00000 1.00000 0.00000 0.00000 1.00000 0.00000 0.00000 1.00000 0.00000 0.00000 1.00000 0.00000 0.00000 1.00000 0.00000 0.00000 1.00000 0.00000 0.00000 1.00000 0.00000 0.00000 1.00000 0.00000 0.00000 1.00000 0.00000 0.00000 1.00000 0.00000 0.00000 1.00000 0.00000 0.00000 1.00000 0.00000 0.00000 1.00000 0.00000 0.00000 1.00000 0.00000 0.00000 1.00000 0.00000 0.00000 1.00000 0.00000 0.00000 1.00000 0.00000 0.00000 1.00000 0.00000 0.00000 1.00000 0.00000 0.00000 1.00000 0.00000 0.00000 1.00000 0.00000 0.00000 1.00000 0.00000 0.00000 1.00000 0.00000 0.00000 1.00000 0.00000 0.00000 1.00000 0.00000 0.00000 1.00000 0.00000 0.00000 1.00000 0.00000 0.00000 1.00000 0.00000 0.00000 1.00000 0.00000 0.00000 1.00000 0.00000 0.00000 1.00000 0.00000 0.00000 1.00000 0.00000 0.00000 1.00000 0.00000 0.00000 1.00000 0.00000 0.00000 1.00000 0.00000 0.00000 1.00000 0.00000 0.00000 1.00000 0.00000 0.00000 1.00000 0.00000 0.00000 1.00000 0.00000 0.00000 1.00000 0.00000 0.00000 1.00000 0.00000 0.00000 1.00000 0.00000 0.00000 1.00000 0.00000 0.00000 1.00000 0.00000 0.00000 1.00000 0.00000 0.00000 1.00000 0.00000 0.00000 1.00000 0.00000 0.00000 1.00000 0.00000 0.00000 1.00000 0.00000 0.00000 1.00000 0.00000 0.00000 1.00000 0.00000 0.00000 1.00000 0.00000 0.00000 1.00000 0.00000 0.00000 1.00000 0.00000 0.00000 1.00000 0.00000 0.00000 1.00000 0.00000 0.00000 1.00000 0.00000 0.00000 1.00000 0.00000 0.00000 1.00000 0.00000 0.00000 1.00000 0.00000 0.00000 1.00000 0.00000 0.00000 1.00000 0.00000 0.00000 1.00000 0.00000 0.00000 1.00000 0.00000 0.00000 1.00000 0.00000 0.00000 1.00000 0.00000 0.00000 1.00000 0.00000 0.00000 1.00000 0.00000 0.00000 1.00000 0.00000 0.00000 1.00000 -0.00000 0.00000 1.00000 0.00000 0.00000 1.00000 -0.00000 0.00000 1.00000 0.00000 0.00000 1.00000 -0.00000 0.00000 1.00000 0.00000 0.00000 1.00000 -0.00000 0.00000 1.00000 0.00000 0.00000 1.00000 -0.00000 0.00000 1.00000 0.00000 0.00000 1.00000 -0.00000 0.00000 1.00000 0.00000 0.00000 1.00000 -0.00000 0.00000 1.00000 0.00000 0.00000 1.00000 -0.00000 0.00000 1.00000 0.00000 0.00000 1.00000 -0.00000 0.00000 1.00000 0.00000 0.00000 1.00000 -0.00000 0.00000 1.00000 0.00000 0.00000 1.00000 0.00000 0.00000 1.00000 -0.00000 0.00000 1.00000 0.00000 0.00000 1.00000 -0.00000 0.00000 1.00000 0.00000 0.00000 1.00000 -0.00000 0.00000 1.00000 0.00000 0.00000 1.00000 -0.00000 0.00000 1.00000 0.00000 0.00000 1.00000 -0.00000 0.00000 1.00000 0.00000 0.00000 1.00000 -0.00000 0.00000 1.00000 0.00000 0.00000 1.00000 -0.00000 0.00000 1.00000 0.00000 0.00000 1.00000 -0.00000 0.00000 1.00000 0.00000 0.00000 1.00000 -0.00000 0.00000 1.00000 0.00000 0.00000 1.00000 -0.00000 0.00000 1.00000 0.00000 -0.00000 1.00000 0.00000 0.00000 1.00000 0.00000 -0.00000 1.00000 0.00000 0.00000 1.00000 0.00000 -0.00000 1.00000 0.00000 0.00000 1.00000 0.00000 -0.00000 1.00000 0.00000 0.00000 1.00000 0.00000 -0.00000 1.00000 0.00000 0.00000 1.00000 0.00000 -0.00000 1.00000 0.00000 0.00000 1.00000 0.00000 -0.00000 1.00000 0.00000 0.00000 1.00000 0.00000 -0.00000 1.00000 0.00000 0.00000 1.00000 0.00000 -0.00000 1.00000 0.00000 0.00000 1.00000 0.00000 -0.00000 1.00000 0.00000 0.00000 1.00000 0.00000 0.00000 1.00000 0.00000 -0.00000 1.00000 0.00000 0.00000 1.00000 0.00000 -0.00000 1.00000 0.00000 0.00000 1.00000 0.00000 -0.00000 1.00000 0.00000 0.00000 1.00000 0.00000 -0.00000 1.00000 0.00000 0.00000 1.00000 0.00000 -0.00000 1.00000 0.00000 0.00000 1.00000 0.00000 -0.00000 1.00000 0.00000 0.00000 1.00000 0.00000 -0.00000 1.00000 0.00000 0.00000 1.00000 0.00000 -0.00000 1.00000 0.00000 0.00000 1.00000 0.00000 -0.00000 1.00000 0.00000 0.00000 1.00000 0.00000 -0.00000 1.00000 0.00000 0.00000 1.00000 0.00000 0.00000 1.00000 0.00000 0.00000 1.00000 0.00000 0.00000 1.00000 0.00000 0.00000 1.00000 0.00000 0.00000 1.00000 0.00000 0.00000 1.00000 0.00000 0.00000 1.00000 0.00000 0.00000 1.00000 0.00000 0.00000 1.00000 0.00000 0.00000 1.00000 0.00000 0.00000 1.00000 0.00000 0.00000 1.00000 0.00000 0.00000 1.00000 0.00000 0.00000 1.00000 0.00000 0.00000 1.00000 0.00000 0.00000 1.00000 0.00000 0.00000 1.00000 0.00000 0.00000 1.00000 0.00000 0.00000 1.00000 0.00000 0.00000 1.00000 0.00000 0.00000 1.00000 0.00000 0.00000 1.00000 0.00000 0.00000 1.00000 0.00000 0.00000 1.00000 0.00000 0.00000 1.00000 0.00000 0.00000 1.00000 0.00000 0.00000 1.00000 0.00000 0.00000 1.00000 0.00000 0.00000 1.00000 0.00000 0.00000 1.00000 0.00000 0.00000 1.00000 0.00000 0.00000 1.00000 0.00000 0.00000 1.00000 0.00000 0.00000 1.00000 0.00000 0.00000 1.00000 0.00000 0.00000 1.00000 0.00000 0.00000 1.00000 0.00000 0.00000 1.00000 0.00000 0.00000 1.00000 0.00000 0.00000 1.00000 0.00000 0.00000 1.00000 0.00000 0.00000 1.00000 0.00000 0.00000 1.00000 0.00000 0.00000 1.00000 0.00000 0.00000 1.00000 0.00000 0.00000 1.00000 0.00000 0.00000 1.00000 0.00000 0.00000 1.00000 0.00000 0.00000 1.00000 0.00000 0.00000 1.00000 0.00000 0.00000 1.00000 0.00000 0.00000 1.00000 0.00000 0.00000 1.00000 0.00000 0.00000 1.00000 0.00000 0.00000 1.00000 0.00000 0.00000 1.00000 0.00000 0.00000 1.00000 0.00000 0.00000 1.00000 0.00000 0.00000 1.00000 0.00000 0.00000 1.00000 0.00000 0.00000 1.00000 0.00000 0.00000 1.00000 0.00000 0.00000 1.00000 0.00000 0.00000 1.00000 0.00000 0.00000 1.00000 0.00000 0.00000 1.00000 0.00000 0.00000 1.00000 0.00000 0.00000 1.00000 0.00000 0.00000 1.00000 0.00000 0.00000 1.00000 0.00000 0.00000 1.00000 0.00000 0.00000 1.00000 0.00000 0.00000 1.00000 0.00000 0.00000 1.00000 0.00000 0.00000 1.00000 0.00000 0.00000 1.00000 0.00000 0.00000 1.00000 0.00000 0.00000 1.00000 0.00000 0.00000 1.00000 0.00000 0.00000 1.00000 0.00000 0.00000 1.00000 0.00000 0.00000 1.00000 0.00000 0.00000 1.00000 0.00000 0.00000 1.00000 0.00000 0.00000 1.00000 0.00000 0.00000 1.00000 0.00000 0.00000 1.00000 0.00000 0.00000 1.00000 0.00000 0.00000 1.00000 0.00000 0.00000 1.00000 0.00000 0.00000 1.00000 0.00000 0.00000 1.00000 0.00000 0.00000 1.00000 0.00000 0.00000 1.00000 0.00000 0.00000 1.00000 0.00000 0.00000 1.00000 0.00000 0.00000 1.00000 0.00000 0.00000 1.00000 0.00000 0.00000 1.00000 0.00000 0.00000 1.00000 0.00000 0.00000 1.00000 0.00000 0.00000 1.00000 0.00000 0.00000 1.00000 0.00000 0.00000 1.00000 0.00000 0.00000 1.00000 0.00000 0.00000 1.00000 0.00000 0.00000 1.00000 0.00000 0.00000 1.00000 0.00000 0.00000 1.00000 0.00000 0.00000 1.00000 0.00000 0.00000 1.00000 0.00000 0.00000 1.00000 0.00000 0.00000 1.00000 0.00000 0.00000 1.00000 0.00000 0.00000 1.00000 0.00000 0.00000 1.00000 0.00000 0.00000 1.00000 0.00000 0.00000 1.00000 0.00000 0.00000 1.00000 0.00000 0.00000 1.00000 0.00000 0.00000 1.00000 0.00000 0.00000 1.00000 0.00000 0.00000 1.00000 0.00000 0.00000 1.00000 0.00000 0.00000 1.00000 0.00000 0.00000 1.00000 0.00000 0.00000 1.00000 0.00000 0.00000 1.00000 0.00000 0.00000 1.00000 0.00000 0.00000 1.00000 0.00000 0.00000 1.00000 0.00000 0.00000 1.00000 0.00000 0.00000 1.00000 0.00000 0.00000 1.00000 0.00000 0.00000 1.00000 0.00000 0.00000 1.00000 0.00000 0.00000 1.00000 0.00000 0.00000 1.00000 0.00000 0.00000 1.00000 0.00000 0.00000 1.00000 0.00000 0.00000 1.00000 0.00000 0.00000 1.00000 0.00000 0.00000 1.00000 0.00000 0.00000 1.00000 0.00000 0.00000 1.00000 0.00000 0.00000 1.00000 0.00000 0.00000 1.00000 0.00000 0.00000 1.00000 0.00000 0.00000 1.00000 0.00000 0.00000 1.00000 0.00000 0.00000 1.00000 0.00000 0.00000 1.00000 0.00000 0.00000 1.00000 0.00000 0.00000 1.00000 0.00000 0.00000 1.00000 0.00000 0.00000 1.00000 0.00000 0.00000 1.00000 0.00000 0.00000 1.00000 0.00000 0.00000 1.00000 0.00000 0.00000 1.00000 0.00000 0.00000 1.00000 0.00000 0.00000 1.00000 0.00000 0.00000 1.00000 0.00000 0.00000 1.00000 0.00000 0.00000 1.00000 0.00000 0.00000 1.00000 0.00000 0.00000 1.00000 0.00000 0.00000 1.00000 0.00000 0.00000 1.00000 0.00000 0.00000 1.00000 0.00000 0.00000 1.00000 0.00000 0.00000 1.00000 0.00000 0.00000 1.00000 0.00000 0.00000 1.00000 0.00000 0.00000 1.00000 0.00000 0.00000 1.00000 0.00000 0.00000 1.00000 0.00000 0.00000 1.00000 0.00000 0.00000 1.00000 0.00000 0.00000 1.00000 0.00000 0.00000 1.00000 0.00000 0.00000 1.00000 0.00000 0.00000 1.00000 0.00000 0.00000 1.00000 0.00000 0.00000 1.00000 0.00000 0.00000 1.00000 0.00000 0.00000 1.00000 0.00000 0.00000 1.00000 0.00000 0.00000 1.00000 0.00000 0.00000 1.00000 0.00000 0.00000 1.00000 0.00000 0.00000 1.00000 0.00000 0.00000 1.00000 0.00000 0.00000 1.00000 0.00000 0.00000 1.00000 0.00000 0.00000 1.00000 0.00000 0.00000 1.00000 0.00000 0.00000 1.00000 0.00000 0.00000 1.00000 0.00000 0.00000 1.00000 0.00000 0.00000 1.00000 0.00000 0.00000 1.00000 0.00000 0.00000 1.00000 0.00000 0.00000 1.00000 0.00000 -0.00000 1.00000 0.00000 0.00000 1.00000 0.00000 0.00000 1.00000 0.00000 0.00000 1.00000 0.00000 0.00000 1.00000 0.00000 0.00000 1.00000 0.00000 0.00000 1.00000 0.00000 0.00000 1.00000 0.00000 0.00000 1.00000 0.00000 0.00000 1.00000 0.00000 0.00000 1.00000 0.00000 0.00000 1.00000 0.00000 0.00000 1.00000 0.00000 0.00000 1.00000 0.00000 0.00000 1.00000 0.00000 0.00000 1.00000 0.00000 0.00000 1.00000 0.00000 0.00000 1.00000 0.00000 0.00000 1.00000 0.00000 0.00000 1.00000 0.00000 0.00000 1.00000 0.00000 0.00000 1.00000 0.00000 0.00000 1.00000 0.00000 0.00000 1.00000 0.00000 0.00000 1.00000 0.00000 0.00000 1.00000 0.00000 0.00000 1.00000 0.00000 0.00000 1.00000 0.00000 0.00000 1.00000 0.00000 0.00000 1.00000 0.00000 0.00000 1.00000 0.00000 0.00000 1.00000 0.00000 0.00000 1.00000 0.00000 0.00000 1.00000 0.00000 0.00000 1.00000 0.00000 0.00000 1.00000 0.00000 0.00000 1.00000 0.00000 0.00000 1.00000 0.00000 0.00000 1.00000 0.00000 0.00000 1.00000 0.00000 0.00000 1.00000 0.00000 0.00000 1.00000 0.00000 0.00000 1.00000 0.00000 0.00000 1.00000 0.00000 0.00000 1.00000 0.00000 0.00000 1.00000 0.00000 0.00000 1.00000 0.00000 0.00000 1.00000 0.00000 0.00000 1.00000 0.00000 0.00000 1.00000 0.00000 0.00000 1.00000 0.00000 0.00000 1.00000 0.00000 0.00000 1.00000 0.00000 0.00000 1.00000 0.00000 0.00000 1.00000 0.00000 0.00000 1.00000 0.00000 0.00000 1.00000 0.00000 0.00000 1.00000 0.00000 0.00000 1.00000 0.00000 0.00000 1.00000 0.00000 0.00000 1.00000 0.00000 0.00000 1.00000 0.00000 0.00000 1.00000 0.00000 0.00000 1.00000 -0.00000 0.00000 1.00000 0.00000 -0.00000 1.00000 0.00000 0.00000 1.00000 0.00000 0.00000 1.00000 -0.00000 0.00000 1.00000 0.00000 -0.00000 1.00000 0.00000 0.00000 1.00000 0.00000 0.00000 1.00000 -0.00000 0.00000 1.00000 0.00000 -0.00000 1.00000 0.00000 0.00000 1.00000 0.00000 0.00000 1.00000 -0.00000 0.00000 1.00000 0.00000 -0.00000 1.00000 0.00000 0.00000 1.00000 0.00000 0.00000 -1.00000 0.00000 0.00000 -1.00000 0.00000 0.00000 1.00000 0.00000 0.00000 1.00000 0.00000 -1.00000 0.00000 0.00000 -1.00000 0.00000 1.00000 0.00000 0.00000 1.00000 0.00000 0.00000 0.00000 1.00000 0.00000 0.00000 1.00000 -0.00000 -1.00000 0.00000 0.00000 -1.00000 0.00000 0.00000 0.00000 0.00000 -1.00000 0.00000 0.00000 -1.00000 0.00000 0.00000 1.00000 0.00000 0.00000 1.00000 0.00000 -1.00000 0.00000 0.00000 -1.00000 0.00000 1.00000 0.00000 0.00000 1.00000 0.00000 0.00000 0.00000 1.00000 0.00000 0.00000 1.00000 -0.00000 -1.00000 0.00000 0.00000 -1.00000 0.00000 0.00000 0.00000 0.00000 -1.00000 0.00000 0.00000 -1.00000 0.00000 0.00000 1.00000 0.00000 0.00000 1.00000 0.00000 -1.00000 0.00000 0.00000 -1.00000 0.00000 1.00000 0.00000 0.00000 1.00000 0.00000 0.00000 0.00000 1.00000 0.00000 0.00000 1.00000 -0.00000 -1.00000 0.00000 0.00000 -1.00000 0.00000 0.00000 0.00000 0.00000 -1.00000 0.00000 0.00000 -1.00000 0.00000 0.00000 1.00000 0.00000 0.00000 1.00000 0.00000 -1.00000 0.00000 0.00000 -1.00000 0.00000 1.00000 0.00000 0.00000 1.00000 0.00000 0.00000 0.00000 1.00000 0.00000 0.00000 1.00000 -0.00000 -1.00000 0.00000 0.00000 -1.00000 0.00000 0.00000 0.00000 0.00000 -1.00000 0.00000 0.00000 -1.00000 0.00000 0.00000 1.00000 0.00000 0.00000 1.00000 0.00000 -1.00000 0.00000 0.00000 -1.00000 0.00000 1.00000 0.00000 0.00000 1.00000 0.00000 0.00000 0.00000 1.00000 0.00000 0.00000 1.00000 -0.00000 -1.00000 0.00000 0.00000 -1.00000 0.00000 0.00000 0.00000 0.00000 -1.00000 0.00000 0.00000 -1.00000 0.00000 0.00000 1.00000 0.00000 0.00000 1.00000 0.00000 -1.00000 0.00000 0.00000 -1.00000 0.00000 1.00000 0.00000 0.00000 1.00000 0.00000 0.00000 0.00000 1.00000 0.00000 0.00000 1.00000 -0.00000 -1.00000 0.00000 0.00000 -1.00000 0.00000 0.00000 0.00000 0.00000 -1.00000 0.00000 0.00000 -1.00000 0.00000 0.00000 1.00000 0.00000 0.00000 1.00000 0.00000 -1.00000 0.00000 0.00000 -1.00000 0.00000 1.00000 0.00000 0.00000 1.00000 0.00000 0.00000 0.00000 1.00000 0.00000 0.00000 1.00000 -0.00000 -1.00000 0.00000 0.00000 -1.00000 0.00000 0.00000 0.00000 0.00000 -1.00000 0.00000 0.00000 -1.00000 0.00000 0.00000 1.00000 0.00000 0.00000 1.00000 0.00000 -1.00000 0.00000 0.00000 -1.00000 0.00000 1.00000 0.00000 0.00000 1.00000 0.00000 0.00000 0.00000 1.00000 0.00000 0.00000 1.00000 -0.00000 -1.00000 0.00000 0.00000 -1.00000 0.00000 0.00000 -0.69354 -0.71291 0.10374 -0.69354 -0.71291 0.10374 -0.69354 0.69967 0.17168 -0.69354 0.69967 0.17168 0.69354 0.71291 -0.10374 0.69354 0.71291 -0.10374 0.69354 -0.69967 -0.17168 0.69354 -0.69967 -0.17168 -0.69389 -0.69807 0.17667 -0.69389 -0.69807 0.17667 -0.69389 0.71378 0.09498 -0.69389 0.71378 0.09498 0.69389 0.69807 -0.17667 0.69389 0.69807 -0.17667 0.69389 -0.71378 -0.09498 0.69389 -0.71378 -0.09498 -0.70031 -0.68511 0.20046 -0.70031 -0.68511 0.20046 -0.70031 0.71380 -0.00700 -0.70031 0.71380 -0.00700 0.70031 0.68511 -0.20046 0.70031 0.68511 -0.20046 0.70031 -0.71380 0.00700 0.70031 -0.71380 0.00700 -0.70632 -0.68700 0.17070 -0.70632 -0.68700 0.17070 -0.70632 0.70001 -0.10534 -0.70632 0.70001 -0.10534 0.70632 0.68700 -0.17070 0.70632 0.68700 -0.17070 0.70632 -0.70001 0.10534 0.70632 -0.70001 0.10534 -0.70597 -0.70158 0.09694 -0.70597 -0.70158 0.09694 -0.70597 0.68613 -0.17560 -0.70597 0.68613 -0.17560 0.70597 0.70158 -0.09694 0.70597 0.70158 -0.09694 0.70597 -0.68613 0.17560 0.70597 -0.68613 0.17560 -0.69960 -0.71453 -0.00289 -0.69960 -0.71453 -0.00289 -0.69960 0.68581 -0.20056 -0.69960 0.68581 -0.20056 0.69960 0.71453 0.00289 0.69960 0.71453 0.00289 0.69960 -0.68581 0.20056 0.69960 -0.68581 0.20056 -0.69354 -0.71291 -0.10374 -0.69354 -0.71291 -0.10374 -0.69354 0.69967 -0.17168 -0.69354 0.69967 -0.17168 0.69354 0.71291 0.10374 0.69354 0.71291 0.10374 0.69354 -0.69967 0.17168 0.69354 -0.69967 0.17168 -0.69389 -0.69807 -0.17667 -0.69389 -0.69807 -0.17667 -0.69389 0.71378 -0.09498 -0.69389 0.71378 -0.09498 0.69389 0.69807 0.17667 0.69389 0.69807 0.17667 0.69389 -0.71378 0.09498 0.69389 -0.71378 0.09498 -0.70031 -0.68511 -0.20046 -0.70031 -0.68511 -0.20046 -0.70031 0.71380 0.00700 -0.70031 0.71380 0.00700 0.70031 0.68511 0.20046 0.70031 0.68511 0.20046 0.70031 -0.71380 -0.00700 0.70031 -0.71380 -0.00700 -0.70632 -0.68700 -0.17070 -0.70632 -0.68700 -0.17070 -0.70632 0.70001 0.10534 -0.70632 0.70001 0.10534 0.70632 0.68700 0.17070 0.70632 0.68700 0.17070 0.70632 -0.70001 -0.10534 0.70632 -0.70001 -0.10534 -0.70597 -0.70158 -0.09694 -0.70597 -0.70158 -0.09694 -0.70597 0.68613 0.17560 -0.70597 0.68613 0.17560 0.70597 0.70158 0.09694 0.70597 0.70158 0.09694 0.70597 -0.68613 -0.17560 0.70597 -0.68613 -0.17560 -0.69960 -0.71453 0.00289 -0.69960 -0.71453 0.00289 -0.69960 0.68581 0.20056 -0.69960 0.68581 0.20056 0.69960 0.71453 -0.00289 0.69960 0.71453 -0.00289 0.69960 -0.68581 -0.20056 0.69960 -0.68581 -0.20056</float_array><technique_common><accessor source="#normals-array" count="1566" stride="3"><param name="X" type="float"/><param name="Y" type="float"/><param name="Z" type="float"/></accessor></technique_common></source>
<vertices id="vertices"><input semantic="POSITION" source="#positions"/></vertices><triangles count="1566"><input semantic="VERTEX" source="#vertices" offset="0"/><input semantic="NORMAL" source="#normals" offset="1"/><p>0 0 1 0 2 0 0 1 2 1 3 1 4 2 5 2 6 2 4 3 6 3 7 3 8 4 9 4 10 4 8 5 10 5 11 5 12 6 13 6 14 6 12 7 14 7 15 7 16 8 17 8 18 8 16 9 18 9 19 9 20 10 23 10 22 10 20 11 21 11 23 11 22 12 25 12 24 12 22 13 23 13 25 13 24 14 27 14 26 14 24 15 25 15 27 15 26 16 29 16 28 16 26 17 27 17 29 17 28 18 31 18 30 18 28 19 29 19 31 19 30 20 33 20 32 20 30 21 31 21 33 21 32 22 35 22 34 22 32 23 33 23 35 23 34 24 37 24 36 24 34 25 35 25 37 25 36 26 39 26 38 26 36 27 37 27 39 27 38 28 41 28 40 28 38 29 39 29 41 29 40 30 43 30 42 30 40 31 41 31 43 31 42 32 45 32 44 32 42 33 43 33 45 33 44 34 47 34 46 34 44 35 45 35 47 35 46 36 49 36 48 36 46 37 47 37 49 37 48 38 51 38 50 38 48 39 49 39 51 39 50 40 53 40 52 40 50 41 51 41 53 41 52 42 55 42 54 42 52 43 53 43 55 43 54 44 57 44 56 44 54 45 55 45 57 45 56 46 59 46 58 46 56 47 57 47 59 47 58 48 61 48 60 48 58 49 59 49 61 49 60 50 63 50 62 50 60 51 61 51 63 51 62 52 65 52 64 52 62 53 63 53 65 53 64 54 67 54 66 54 64 55 65 55 67 55 66 56 69 56 68 56 66 57 67 57 69 57 68 58 71 58 70 58 68 59 69 59 71 59 70 60 73 60 72 60 70 61 71 61 73 61 72 62 75 62 74 62 72 63 73 63 75 63 74 64 77 64 76 64 74 65 75 65 77 65 76 66 79 66 78 66 76 67 77 67 79 67 78 68 81 68 80 68 78 69 79 69 81 69 80 70 83 70 82 70 80 71 81 71 83 71 82 72 85 72 84 72 82 73 83 73 85 73 84 74 87 74 86 74 84 75 85 75 87 75 86 76 89 76 88 76 86 77 87 77 89 77 88 78 91 78 90 78 88 79 89 79 91 79 90 80 93 80 92 80 90 81 91 81 93 81 92 82 95 82 94 82 92 83 93 83 95 83 94 84 97 84 96 84 94 85 95 85 97 85 96 86 99 86 98 86 96 87 97 87 99 87 98 88 101 88 100 88 98 89 99 89 101 89 100 90 103 90 102 90 100 91 101 91 103 91 102 92 105 92 104 92 102 93 103 93 105 93 104 94 107 94 106 94 104 95 105 95 107 95 106 96 109 96 108 96 106 97 107 97 109 97 108 98 111 98 110 98 108 99 109 99 111 99 110 100 113 100 112 100 110 101 111 101 113 101 112 102 115 102 114 102 112 103 113 103 115 103 114 104 117 104 116 104 114 105 115 105 117 105 116 106 119 106 118 106 116 107 117 107 119 107 118 108 121 108 120 108 118 109 119 109 121 109 120 110 123 110 122 110 120 111 121 111 123 111 122 112 125 112 124 112 122 113 123 113 125 113 124 114 127 114 126 114 124 115 125 115 127 115 126 116 129 116 128 116 126 117 127 117 129 117 128 118 131 118 130 118 128 119 129 119 131 119 130 120 133 120 132 120 130 121 131 121 133 121 132 122 135 122 134 122 132 123 133 123 135 123 134 124 137 124 136 124 134 125 135 125 137 125 136 126 139 126 138 126 136 127 137 127 139 127 138 128 141 128 140 128 138 129 139 129 141 129 140 130 143 130 142 130 140 131 141 131 143 131 142 132 145 132 144 132 142 133 143 133 145 133 144 134 147 134 146 134 144 135 145 135 147 135 146 136 149 136 148 136 146 137 147 137 149 137 148 138 151 138 150 138 148 139 149 139 151 139 150 140 153 140 152 140 150 141 151 141 153 141 152 142 155 142 154 142 152 143 153 143 155 143 154 144 157 144 156 144 154 145 155 145 157 145 156 146 159 146 158 146 156 147 157 147 159 147 158 148 161 148 160 148 158 149 159 149 161 149 160 150 163 150 162 150 160 151 161 151 163 151 162 152 165 152 164 152 162 153 163 153 165 153 166 154 167 154 168 154 166 155 168 155 169 155 170 156 171 156 172 156 170 157 172 157 173 157 174 158 175 158 176 158 174 159 176 159 177 159 178 160 181 160 180 160 178 161 179 161 181 161 180 162 183 162 182 162 180 163 181 163 183 163 182 164 185 164 184 164 182 165 183 165 185 165 184 166 187 166 186 166 184 167 185 167 187 167 186 168 189 168 188 168 186 169 187 169 189 169 188 170 191 170 190 170 188 171 189 171 191 171 190 172 193 172 192 172 190 173 191 173 193 173 192 174 195 174 194 174 192 175 193 175 195 175 194 176 197 176 196 176 194 177 195 177 197 177 196 178 199 178 198 178 196 179 197 179 199 179 198 180 201 180 200 180 198 181 199 181 201 181 200 182 203 182 202 182 200 183 201 183 203 183 202 184 205 184 204 184 202 185 203 185 205 185 204 186 207 186 206 186 204 187 205 187 207 187 206 188 209 188 208 188 206 189 207 189 209 189 208 190 211 190 210 190 208 191 209 191 211 191 210 192 213 192 212 192 210 193 211 193 213 193 212 194 215 194 214 194 212 195 213 195 215 195 214 196 217 196 216 196 214 197 215 197 217 197 216 198 219 198 218 198 216 199 217 199 219 199 218 200 221 200 220 200 218 201 219 201 221 201 220 202 223 202 222 202 220 203 221 203 223 203 222 204 225 204 224 204 222 205 223 205 225 205 224 206 227 206 226 206 224 207 225 207 227 207 226 208 229 208 228 208 226 209 227 209 229 209 228 210 231 210 230 210 228 211 229 211 231 211 230 212 233 212 232 212 230 213 231 213 233 213 232 214 235 214 234 214 232 215 233 215 235 215 234 216 237 216 236 216 234 217 235 217 237 217 236 218 239 218 238 218 236 219 237 219 239 219 238 220 241 220 240 220 238 221 239 221 241 221 240 222 243 222 242 222 240 223 241 223 243 223 242 224 245 224 244 224 242 225 243 225 245 225 244 226 247 226 246 226 244 227 245 227 247 227 246 228 249 228 248 228 246 229 247 229 249 229 248 230 251 230 250 230 248 231 249 231 251 231 250 232 253 232 252 232 250 233 251 233 253 233 252 234 255 234 254 234 252 235 253 235 255 235 254 236 257 236 256 236 254 237 255 237 257 237 256 238 259 238 258 238 256 239 257 239 259 239 258 240 261 240 260 240 258 241 259 241 261 241 260 242 263 242 262 242 260 243 261 243 263 243 262 244 265 244 264 244 262 245 263 245 265 245 264 246 267 246 266 246 264 247 265 247 267 247 266 248 269 248 268 248 266 249 267 249 269 249 268 250 271 250 270 250 268 251 269 251 271 251 270 252 273 252 272 252 270 253 271 253 273 253 272 254 275 254 274 254 272 255 273 255 275 255 274 256 277 256 276 256 274 257 275 257 277 257 276 258 279 258 278 258 276 259 277 259 279 259 278 260 281 260 280 260 278 261 279 261 281 261 280 262 283 262 282 262 280 263 281 263 283 263 282 264 285 264 284 264 282 265 283 265 285 265 284 266 287 266 286 266 284 267 285 267 287 267 286 268 289 268 288 268 286 269 287 269 289 269 288 270 291 270 290 270 288 271 289 271 291 271 290 272 293 272 292 272 290 273 291 273 293 273 292 274 295 274 294 274 292 275 293 275 295 275 294 276 297 276 296 276 294 277 295 277 297 277 296 278 299 278 298 278 296 279 297 279 299 279 298 280 301 280 300 280 298 281 299 281 301 281 300 282 303 282 302 282 300 283 301 283 303 283 302 284 305 284 304 284 302 285 303 285 305 285 304 286 307 286 306 286 304 287 305 287 307 287 306 288 309 288 308 288 306 289 307 289 309 289 308 290 311 290 310 290 308 291 309 291 311 291 310 292 313 292 312 292 310 293 311 293 313 293 312 294 315 294 314 294 312 295 313 295 315 295 314 296 317 296 316 296 314 297 315 297 317 297 316 298 319 298 318 298 316 299 317 299 319 299 318 300 321 300 320 300 318 301 319 301 321 301 320 302 323 302 322 302 320 303 321 303 323 303 324 304 327 304 326 304 324 305 325 305 327 305 326 306 329 306 328 306 326 307 327 307 329 307 328 308 331 308 330 308 328 309 329 309 331 309 330 310 333 310 332 310 330 311 331 311 333 311 332 312 335 312 334 312 332 313 333 313 335 313 336 314 339 314 338 314 336 315 337 315 339 315 338 316 341 316 340 316 338 317 339 317 341 317 340 318 343 318 342 318 340 319 341 319 343 319 342 320 345 320 344 320 342 321 343 321 345 321 344 322 347 322 346 322 344 323 345 323 347 323 348 324 351 324 350 324 348 325 349 325 351 325 350 326 353 326 352 326 350 327 351 327 353 327 352 328 355 328 354 328 352 329 353 329 355 329 354 330 357 330 356 330 354 331 355 331 357 331 356 332 359 332 358 332 356 333 357 333 359 333 360 334 363 334 362 334 360 335 361 335 363 335 362 336 365 336 364 336 362 337 363 337 365 337 364 338 367 338 366 338 364 339 365 339 367 339 366 340 369 340 368 340 366 341 367 341 369 341 368 342 371 342 370 342 368 343 369 343 371 343 372 344 375 344 374 344 372 345 373 345 375 345 374 346 377 346 376 346 374 347 375 347 377 347 376 348 379 348 378 348 376 349 377 349 379 349 378 350 381 350 380 350 378 351 379 351 381 351 380 352 383 352 382 352 380 353 381 353 383 353 384 354 387 354 386 354 384 355 385 355 387 355 386 356 389 356 388 356 386 357 387 357 389 357 388 358 391 358 390 358 388 359 389 359 391 359 390 360 393 360 392 360 390 361 391 361 393 361 392 362 395 362 394 362 392 363 393 363 395 363 396 364 399 364 398 364 396 365 397 365 399 365 398 366 401 366 400 366 398 367 399 367 401 367 400 368 403 368 402 368 400 369 401 369 403 369 402 370 405 370 404 370 402 371 403 371 405 371 404 372 407 372 406 372 404 373 405 373 407 373 408 374 411 374 410 374 408 375 409 375 411 375 410 376 413 376 412 376 410 377 411 377 413 377 412 378 415 378 414 378 412 379 413 379 415 379 414 380 417 380 416 380 414 381 415 381 417 381 416 382 419 382 418 382 416 383 417 383 419 383 420 384 421 384 422 384 420 385 422 385 423 385 424 386 425 386 426 386 424 387 426 387 427 387 428 388 431 388 430 388 428 389 429 389 431 389 430 390 433 390 432 390 430 391 431 391 433 391 432 392 435 392 434 392 432 393 433 393 435 393 434 394 437 394 436 394 434 395 435 395 437 395 436 396 439 396 438 396 436 397 437 397 439 397 438 398 441 398 440 398 438 399 439 399 441 399 440 400 443 400 442 400 440 401 441 401 443 401 442 402 445 402 444 402 442 403 443 403 445 403 444 404 447 404 446 404 444 405 445 405 447 405 446 406 449 406 448 406 446 407 447 407 449 407 448 408 451 408 450 408 448 409 449 409 451 409 450 410 453 410 452 410 450 411 451 411 453 411 452 412 455 412 454 412 452 413 453 413 455 413 454 414 457 414 456 414 454 415 455 415 457 415 456 416 459 416 458 416 456 417 457 417 459 417 458 418 461 418 460 418 458 419 459 419 461 419 460 420 463 420 462 420 460 421 461 421 463 421 462 422 465 422 464 422 462 423 463 423 465 423 464 424 467 424 466 424 464 425 465 425 467 425 466 426 469 426 468 426 466 427 467 427 469 427 468 428 471 428 470 428 468 429 469 429 471 429 470 430 473 430 472 430 470 431 471 431 473 431 472 432 475 432 474 432 472 433 473 433 475 433 474 434 477 434 476 434 474 435 475 435 477 435 476 436 479 436 478 436 476 437 477 437 479 437 478 438 481 438 480 438 478 439 479 439 481 439 480 440 483 440 482 440 480 441 481 441 483 441 482 442 485 442 484 442 482 443 483 443 485 443 484 444 487 444 486 444 484 445 485 445 487 445 486 446 489 446 488 446 486 447 487 447 489 447 488 448 491 448 490 448 488 449 489 449 491 449 490 450 493 450 492 450 490 451 491 451 493 451 492 452 495 452 494 452 492 453 493 453 495 453 494 454 497 454 496 454 494 455 495 455 497 455 496 456 499 456 498 456 496 457 497 457 499 457 498 458 501 458 500 458 498 459 499 459 501 459 500 460 503 460 502 460 500 461 501 461 503 461 502 462 505 462 504 462 502 463 503 463 505 463 504 464 507 464 506 464 504 465 505 465 507 465 506 466 509 466 508 466 506 467 507 467 509 467 508 468 511 468 510 468 508 469 509 469 511 469 510 470 513 470 512 470 510 471 511 471 513 471 512 472 515 472 514 472 512 473 513 473 515 473 514 474 517 474 516 474 514 475 515 475 517 475 516 476 519 476 518 476 516 477 517 477 519 477 518 478 521 478 520 478 518 479 519 479 521 479 520 480 523 480 522 480 520 481 521 481 523 481 522 482 525 482 524 482 522 483 523 483 525 483 524 484 527 484 526 484 524 485 525 485 527 485 526 486 529 486 528 486 526 487 527 487 529 487 528 488 531 488 530 488 528 489 529 489 531 489 530 490 533 490 532 490 530 491 531 491 533 491 532 492 535 492 534 492 532 493 533 493 535 493 534 494 537 494 536 494 534 495 535 495 537 495 536 496 539 496 538 496 536 497 537 497 539 497 538 498 541 498 540 498 538 499 539 499 541 499 540 500 543 500 542 500 540 501 541 501 543 501 542 502 545 502 544 502 542 503 543 503 545 503 544 504 547 504 546 504 544 505 545 505 547 505 546 506 549 506 548 506 546 507 547 507 549 507 548 508 551 508 550 508 548 509 549 509 551 509 550 510 553 510 552 510 550 511 551 511 553 511 552 512 555 512 554 512 552 513 553 513 555 513 554 514 557 514 556 514 554 515 555 515 557 515 556 516 559 516 558 516 556 517 557 517 559 517 558 518 561 518 560 518 558 519 559 519 561 519 560 520 563 520 562 520 560 521 561 521 563 521 562 522 565 522 564 522 562 523 563 523 565 523 564 524 567 524 566 524 564 525 565 525 567 525 566 526 569 526 568 526 566 527 567 527 569 527 568 528 571 528 570 528 568 529 569 529 571 529 570 530 573 530 572 530 570 531 571 531 573 531 572 532 575 532 574 532 572 533 573 533 575 533 574 534 577 534 576 534 574 535 575 535 577 535 576 536 579 536 578 536 576 537 577 537 579 537 578 538 581 538 580 538 578 539 579 539 581 539 580 540 583 540 582 540 580 541 581 541 583 541 582 542 585 542 584 542 582 543 583 543 585 543 584 544 587 544 586 544 584 545 585 545 587 545 586 546 589 546 588 546 586 547 587 547 589 547 588 548 591 548 590 548 588 549 589 549 591 549 590 550 593 550 592 550 590 551 591 551 593 551 592 552 595 552 594 552 592 553 593 553 595 553 594 554 597 554 596 554 594 555 595 555 597 555 596 556 599 556 598 556 596 557 597 557 599 557 598 558 601 558 600 558 598 559 599 559 601 559 600 560 603 560 602 560 600 561 601 561 603 561 602 562 605 562 604 562 602 563 603 563 605 563 604 564 607 564 606 564 604 565 605 565 607 565 606 566 609 566 608 566 606 567 607 567 609 567 608 568 611 568 610 568 608 569 609 569 611 569 610 570 613 570 612 570 610 571 611 571 613 571 612 572 615 572 614 572 612 573 613 573 615 573 614 574 617 574 616 574 614 575 615 575 617 575 616 576 619 576 618 576 616 577 617 577 619 577 618 578 621 578 620 578 618 579 619 579 621 579 620 580 623 580 622 580 620 581 621 581 623 581 622 582 625 582 624 582 622 583 623 583 625 583 624 584 627 584 626 584 624 585 625 585 627 585 626 586 629 586 628 586 626 587 627 587 629 587 630 588 633 588 632 588 630 589 631 589 633 589 632 590 635 590 634 590 632 591 633 591 635 591 634 592 637 592 636 592 634 593 635 593 637 593 636 594 639 594 638 594 636 595 637 595 639 595 638 596 641 596 640 596 638 597 639 597 641 597 640 598 643 598 642 598 640 599 641 599 643 599 642 600 645 600 644 600 642 601 643 601 645 601 644 602 647 602 646 602 644 603 645 603 647 603 646 604 649 604 648 604 646 605 647 605 649 605 648 606 651 606 650 606 648 607 649 607 651 607 650 608 653 608 652 608 650 609 651 609 653 609 652 610 655 610 654 610 652 611 653 611 655 611 654 612 657 612 656 612 654 613 655 613 657 613 656 614 659 614 658 614 656 615 657 615 659 615 658 616 661 616 660 616 658 617 659 617 661 617 660 618 663 618 662 618 660 619 661 619 663 619 662 620 665 620 664 620 662 621 663 621 665 621 664 622 667 622 666 622 664 623 665 623 667 623 666 624 669 624 668 624 666 625 667 625 669 625 668 626 671 626 670 626 668 627 669 627 671 627 670 628 673 628 672 628 670 629 671 629 673 629 672 630 675 630 674 630 672 631 673 631 675 631 674 632 677 632 676 632 674 633 675 633 677 633 676 634 679 634 678 634 676 635 677 635 679 635 678 636 681 636 680 636 678 637 679 637 681 637 680 638 683 638 682 638 680 639 681 639 683 639 682 640 685 640 684 640 682 641 683 641 685 641 684 642 687 642 686 642 684 643 685 643 687 643 686 644 689 644 688 644 686 645 687 645 689 645 688 646 691 646 690 646 688 647 689 647 691 647 690 648 693 648 692 648 690 649 691 649 693 649 692 650 695 650 694 650 692 651 693 651 695 651 696 652 697 652 698 652 696 653 698 653 699 653 700 654 701 654 702 654 700 655 702 655 703 655 704 656 705 656 706 656 704 657 706 657 707 657 708 658 709 658 710 658 708 659 710 659 711 659 712 660 713 660 714 660 712 661 714 661 715 661 716 662 717 662 718 662 716 663 718 663 719 663 720 664 721 664 722 664 720 665 722 665 723 665 724 666 725 666 726 666 724 667 726 667 727 667 728 668 730 668 729 668 728 669 731 669 730 669 732 670 733 670 734 670 732 671 734 671 735 671 728 672 729 672 733 672 728 673 733 673 732 673 729 674 730 674 734 674 729 675 734 675 733 675 730 676 731 676 735 676 730 677 735 677 734 677 731 678 728 678 732 678 731 679 732 679 735 679 736 680 738 680 737 680 736 681 739 681 738 681 740 682 741 682 742 682 740 683 742 683 743 683 736 684 737 684 741 684 736 685 741 685 740 685 737 686 738 686 742 686 737 687 742 687 741 687 738 688 739 688 743 688 738 689 743 689 742 689 739 690 736 690 740 690 739 691 740 691 743 691 744 692 746 692 745 692 744 693 747 693 746 693 748 694 749 694 750 694 748 695 750 695 751 695 744 696 745 696 749 696 744 697 749 697 748 697 745 698 746 698 750 698 745 699 750 699 749 699 746 700 747 700 751 700 746 701 751 701 750 701 747 702 744 702 748 702 747 703 748 703 751 703 752 704 754 704 753 704 752 705 755 705 754 705 756 706 757 706 758 706 756 707 758 707 759 707 752 708 753 708 757 708 752 709 757 709 756 709 753 710 754 710 758 710 753 711 758 711 757 711 754 712 755 712 759 712 754 713 759 713 758 713 755 714 752 714 756 714 755 715 756 715 759 715 760 716 762 716 761 716 760 717 763 717 762 717 764 718 765 718 766 718 764 719 766 719 767 719 760 720 761 720 765 720 760 721 765 721 764 721 761 722 762 722 766 722 761 723 766 723 765 723 762 724 763 724 767 724 762 725 767 725 766 725 763 726 760 726 764 726 763 727 764 727 767 727 768 728 770 728 769 728 768 729 771 729 770 729 772 730 773 730 774 730 772 731 774 731 775 731 768 732 769 732 773 732 768 733 773 733 772 733 769 734 770 734 774 734 769 735 774 735 773 735 770 736 771 736 775 736 770 737 775 737 774 737 771 738 768 738 772 738 771 739 772 739 775 739 776 740 778 740 777 740 776 741 779 741 778 741 780 742 781 742 782 742 780 743 782 743 783 743 776 744 777 744 781 744 776 745 781 745 780 745 777 746 778 746 782 746 777 747 782 747 781 747 778 748 779 748 783 748 778 749 783 749 782 749 779 750 776 750 780 750 779 751 780 751 783 751 784 752 786 752 785 752 784 753 787 753 786 753 788 754 789 754 790 754 788 755 790 755 791 755 784 756 785 756 789 756 784 757 789 757 788 757 785 758 786 758 790 758 785 759 790 759 789 759 786 760 787 760 791 760 786 761 791 761 790 761 787 762 784 762 788 762 787 763 788 763 791 763 792 764 793 764 797 764 792 765 797 765 796 765 793 766 794 766 798 766 793 767 798 767 797 767 794 768 795 768 799 768 794 769 799 769 798 769 795 770 792 770 796 770 795 771 796 771 799 771 800 772 801 772 805 772 800 773 805 773 804 773 801 774 802 774 806 774 801 775 806 775 805 775 802 776 803 776 807 776 802 777 807 777 806 777 803 778 800 778 804 778 803 779 804 779 807 779 808 780 809 780 813 780 808 781 813 781 812 781 809 782 810 782 814 782 809 783 814 783 813 783 810 784 811 784 815 784 810 785 815 785 814 785 811 786 808 786 812 786 811 787 812 787 815 787 816 788 817 788 821 788 816 789 821 789 820 789 817 790 818 790 822 790 817 791 822 791 821 791 818 792 819 792 823 792 818 793 823 793 822 793 819 794 816 794 820 794 819 795 820 795 823 795 824 796 825 796 829 796 824 797 829 797 828 797 825 798 826 798 830 798 825 799 830 799 829 799 826 800 827 800 831 800 826 801 831 801 830 801 827 802 824 802 828 802 827 803 828 803 831 803 832 804 833 804 837 804 832 805 837 805 836 805 833 806 834 806 838 806 833 807 838 807 837 807 834 808 835 808 839 808 834 809 839 809 838 809 835 810 832 810 836 810 835 811 836 811 839 811 840 812 841 812 845 812 840 813 845 813 844 813 841 814 842 814 846 814 841 815 846 815 845 815 842 816 843 816 847 816 842 817 847 817 846 817 843 818 840 818 844 818 843 819 844 819 847 819 848 820 849 820 853 820 848 821 853 821 852 821 849 822 850 822 854 822 849 823 854 823 853 823 850 824 851 824 855 824 850 825 855 825 854 825 851 826 848 826 852 826 851 827 852 827 855 827 856 828 857 828 861 828 856 829 861 829 860 829 857 830 858 830 862 830 857 831 862 831 861 831 858 832 859 832 863 832 858 833 863 833 862 833 859 834 856 834 860 834 859 835 860 835 863 835 864 836 865 836 869 836 864 837 869 837 868 837 865 838 866 838 870 838 865 839 870 839 869 839 866 840 867 840 871 840 866 841 871 841 870 841 867 842 864 842 868 842 867 843 868 843 871 843 872 844 873 844 877 844 872 845 877 845 876 845 873 846 874 846 878 846 873 847 878 847 877 847 874 848 875 848 879 848 874 849 879 849 878 849 875 850 872 850 876 850 875 851 876 851 879 851 880 852 881 852 885 852 880 853 885 853 884 853 881 854 882 854 886 854 881 855 886 855 885 855 882 856 883 856 887 856 882 857 887 857 886 857 883 858 880 858 884 858 883 859 884 859 887 859 888 860 889 860 890 860 888 861 890 861 891 861 892 862 893 862 894 862 892 863 894 863 895 863 896 864 897 864 898 864 896 865 898 865 899 865 900 866 903 866 902 866 900 867 901 867 903 867 902 868 905 868 904 868 902 869 903 869 905 869 904 870 907 870 906 870 904 871 905 871 907 871 906 872 909 872 908 872 906 873 907 873 909 873 908 874 911 874 910 874 908 875 909 875 911 875 910 876 913 876 912 876 910 877 911 877 913 877 912 878 915 878 914 878 912 879 913 879 915 879 914 880 917 880 916 880 914 881 915 881 917 881 916 882 919 882 918 882 916 883 917 883 919 883 918 884 921 884 920 884 918 885 919 885 921 885 920 886 923 886 922 886 920 887 921 887 923 887 922 888 925 888 924 888 922 889 923 889 925 889 924 890 927 890 926 890 924 891 925 891 927 891 926 892 929 892 928 892 926 893 927 893 929 893 928 894 931 894 930 894 928 895 929 895 931 895 930 896 933 896 932 896 930 897 931 897 933 897 932 898 935 898 934 898 932 899 933 899 935 899 934 900 937 900 936 900 934 901 935 901 937 901 936 902 939 902 938 902 936 903 937 903 939 903 938 904 941 904 940 904 938 905 939 905 941 905 940 906 943 906 942 906 940 907 941 907 943 907 942 908 945 908 944 908 942 909 943 909 945 909 944 910 947 910 946 910 944 911 945 911 947 911 946 912 949 912 948 912 946 913 947 913 949 913 948 914 951 914 950 914 948 915 949 915 951 915 950 916 953 916 952 916 950 917 951 917 953 917 952 918 955 918 954 918 952 919 953 919 955 919 954 920 957 920 956 920 954 921 955 921 957 921 956 922 959 922 958 922 956 923 957 923 959 923 958 924 961 924 960 924 958 925 959 925 961 925 960 926 963 926 962 926 960 927 961 927 963 927 962 928 965 928 964 928 962 929 963 929 965 929 964 930 967 930 966 930 964 931 965 931 967 931 966 932 969 932 968 932 966 933 967 933 969 933 968 934 971 934 970 934 968 935 969 935 971 935 970 936 973 936 972 936 970 937 971 937 973 937 972 938 975 938 974 938 972 939 973 939 975 939 974 940 977 940 976 940 974 941 975 941 977 941 976 942 979 942 978 942 976 943 977 943 979 943 978 944 981 944 980 944 978 945 979 945 981 945 980 946 983 946 982 946 980 947 981 947 983 947 982 948 985 948 984 948 982 949 983 949 985 949 984 950 987 950 986 950 984 951 985 951 987 951 986 952 989 952 988 952 986 953 987 953 989 953 988 954 991 954 990 954 988 955 989 955 991 955 990 956 993 956 992 956 990 957 991 957 993 957 992 958 995 958 994 958 992 959 993 959 995 959 994 960 997 960 996 960 994 961 995 961 997 961 996 962 999 962 998 962 996 963 997 963 999 963 998 964 1001 964 1000 964 998 965 999 965 1001 965 1000 966 1003 966 1002 966 1000 967 1001 967 1003 967 1002 968 1005 968 1004 968 1002 969 1003 969 1005 969 1004 970 1007 970 1006 970 1004 971 1005 971 1007 971 1006 972 1009 972 1008 972 1006 973 1007 973 1009 973 1008 974 1011 974 1010 974 1008 975 1009 975 1011 975 1010 976 1013 976 1012 976 1010 977 1011 977 1013 977 1012 978 1015 978 1014 978 1012 979 1013 979 1015 979 1014 980 1017 980 1016 980 1014 981 1015 981 1017 981 1016 982 1019 982 1018 982 1016 983 1017 983 1019 983 1018 984 1021 984 1020 984 1018 985 1019 985 1021 985 1020 986 1023 986 1022 986 1020 987 1021 987 1023 987 1022 988 1025 988 1024 988 1022 989 1023 989 1025 989 1024 990 1027 990 1026 990 1024 991 1025 991 1027 991 1026 992 1029 992 1028 992 1026 993 1027 993 1029 993 1028 994 1031 994 1030 994 1028 995 1029 995 1031 995 1030 996 1033 996 1032 996 1030 997 1031 997 1033 997 1032 998 1035 998 1034 998 1032 999 1033 999 1035 999 1034 1000 1037 1000 1036 1000 1034 1001 1035 1001 1037 1001 1036 1002 1039 1002 1038 1002 1036 1003 1037 1003 1039 1003 1038 1004 1041 1004 1040 1004 1038 1005 1039 1005 1041 1005 1040 1006 1043 1006 1042 1006 1040 1007 1041 1007 1043 1007 1042 1008 1045 1008 1044 1008 1042 1009 1043 1009 1045 1009 1046 1010 1049 1010 1048 1010 1046 1011 1047 1011 1049 1011 1048 1012 1051 1012 1050 1012 1048 1013 1049 1013 1051 1013 1050 1014 1053 1014 1052 1014 1050 1015 1051 1015 1053 1015 1052 1016 1055 1016 1054 1016 1052 1017 1053 1017 1055 1017 1054 1018 1057 1018 1056 1018 1054 1019 1055 1019 1057 1019 1058 1020 1061 1020 1060 1020 1058 1021 1059 1021 1061 1021 1060 1022 1063 1022 1062 1022 1060 1023 1061 1023 1063 1023 1062 1024 1065 1024 1064 1024 1062 1025 1063 1025 1065 1025 1064 1026 1067 1026 1066 1026 1064 1027 1065 1027 1067 1027 1066 1028 1069 1028 1068 1028 1066 1029 1067 1029 1069 1029 1070 1030 1073 1030 1072 1030 1070 1031 1071 1031 1073 1031 1072 1032 1075 1032 1074 1032 1072 1033 1073 1033 1075 1033 1074 1034 1077 1034 1076 1034 1074 1035 1075 1035 1077 1035 1076 1036 1079 1036 1078 1036 1076 1037 1077 1037 1079 1037 1078 1038 1081 1038 1080 1038 1078 1039 1079 1039 1081 1039 1082 1040 1085 1040 1084 1040 1082 1041 1083 1041 1085 1041 1084 1042 1087 1042 1086 1042 1084 1043 1085 1043 1087 1043 1086 1044 1089 1044 1088 1044 1086 1045 1087 1045 1089 1045 1088 1046 1091 1046 1090 1046 1088 1047 1089 1047 1091 1047 1090 1048 1093 1048 1092 1048 1090 1049 1091 1049 1093 1049 1094 1050 1097 1050 1096 1050 1094 1051 1095 1051 1097 1051 1096 1052 1099 1052 1098 1052 1096 1053 1097 1053 1099 1053 1098 1054 1101 1054 1100 1054 1098 1055 1099 1055 1101 1055 1100 1056 1103 1056 1102 1056 1100 1057 1101 1057 1103 1057 1102 1058 1105 1058 1104 1058 1102 1059 1103 1059 1105 1059 1106 1060 1109 1060 1108 1060 1106 1061 1107 1061 1109 1061 1108 1062 1111 1062 1110 1062 1108 1063 1109 1063 1111 1063 1110 1064 1113 1064 1112 1064 1110 1065 1111 1065 1113 1065 1112 1066 1115 1066 1114 1066 1112 1067 1113 1067 1115 1067 1114 1068 1117 1068 1116 1068 1114 1069 1115 1069 1117 1069 1118 1070 1121 1070 1120 1070 1118 1071 1119 1071 1121 1071 1120 1072 1123 1072 1122 1072 1120 1073 1121 1073 1123 1073 1122 1074 1125 1074 1124 1074 1122 1075 1123 1075 1125 1075 1124 1076 1127 1076 1126 1076 1124 1077 1125 1077 1127 1077 1126 1078 1129 1078 1128 1078 1126 1079 1127 1079 1129 1079 1130 1080 1133 1080 1132 1080 1130 1081 1131 1081 1133 1081 1132 1082 1135 1082 1134 1082 1132 1083 1133 1083 1135 1083 1134 1084 1137 1084 1136 1084 1134 1085 1135 1085 1137 1085 1136 1086 1139 1086 1138 1086 1136 1087 1137 1087 1139 1087 1138 1088 1141 1088 1140 1088 1138 1089 1139 1089 1141 1089 1142 1090 1143 1090 1144 1090 1142 1091 1144 1091 1145 1091 1146 1092 1147 1092 1148 1092 1146 1093 1148 1093 1149 1093 1150 1094 1153 1094 1152 1094 1150 1095 1151 1095 1153 1095 1152 1096 1155 1096 1154 1096 1152 1097 1153 1097 1155 1097 1154 1098 1157 1098 1156 1098 1154 1099 1155 1099 1157 1099 1156 1100 1159 1100 1158 1100 1156 1101 1157 1101 1159 1101 1158 1102 1161 1102 1160 1102 1158 1103 1159 1103 1161 1103 1160 1104 1163 1104 1162 1104 1160 1105 1161 1105 1163 1105 1162 1106 1165 1106 1164 1106 1162 1107 1163 1107 1165 1107 1164 1108 1167 1108 1166 1108 1164 1109 1165 1109 1167 1109 1166 1110 1169 1110 1168 1110 1166 1111 1167 1111 1169 1111 1168 1112 1171 1112 1170 1112 1168 1113 1169 1113 1171 1113 1170 1114 1173 1114 1172 1114 1170 1115 1171 1115 1173 1115 1172 1116 1175 1116 1174 1116 1172 1117 1173 1117 1175 1117 1174 1118 1177 1118 1176 1118 1174 1119 1175 1119 1177 1119 1176 1120 1179 1120 1178 1120 1176 1121 1177 1121 1179 1121 1178 1122 1181 1122 1180 1122 1178 1123 1179 1123 1181 1123 1180 1124 1183 1124 1182 1124 1180 1125 1181 1125 1183 1125 1182 1126 1185 1126 1184 1126 1182 1127 1183 1127 1185 1127 1184 1128 1187 1128 1186 1128 1184 1129 1185 1129 1187 1129 1186 1130 1189 1130 1188 1130 1186 1131 1187 1131 1189 1131 1188 1132 1191 1132 1190 1132 1188 1133 1189 1133 1191 1133 1190 1134 1193 1134 1192 1134 1190 1135 1191 1135 1193 1135 1192 1136 1195 1136 1194 1136 1192 1137 1193 1137 1195 1137 1194 1138 1197 1138 1196 1138 1194 1139 1195 1139 1197 1139 1196 1140 1199 1140 1198 1140 1196 1141 1197 1141 1199 1141 1198 1142 1201 1142 1200 1142 1198 1143 1199 1143 1201 1143 1200 1144 1203 1144 1202 1144 1200 1145 1201 1145 1203 1145 1202 1146 1205 1146 1204 1146 1202 1147 1203 1147 1205 1147 1204 1148 1207 1148 1206 1148 1204 1149 1205 1149 1207 1149 1206 1150 1209 1150 1208 1150 1206 1151 1207 1151 1209 1151 1208 1152 1211 1152 1210 1152 1208 1153 1209 1153 1211 1153 1210 1154 1213 1154 1212 1154 1210 1155 1211 1155 1213 1155 1212 1156 1215 1156 1214 1156 1212 1157 1213 1157 1215 1157 1214 1158 1217 1158 1216 1158 1214 1159 1215 1159 1217 1159 1216 1160 1219 1160 1218 1160 1216 1161 1217 1161 1219 1161 1218 1162 1221 1162 1220 1162 1218 1163 1219 1163 1221 1163 1220 1164 1223 1164 1222 1164 1220 1165 1221 1165 1223 1165 1222 1166 1225 1166 1224 1166 1222 1167 1223 1167 1225 1167 1224 1168 1227 1168 1226 1168 1224 1169 1225 1169 1227 1169 1226 1170 1229 1170 1228 1170 1226 1171 1227 1171 1229 1171 1228 1172 1231 1172 1230 1172 1228 1173 1229 1173 1231 1173 1230 1174 1233 1174 1232 1174 1230 1175 1231 1175 1233 1175 1232 1176 1235 1176 1234 1176 1232 1177 1233 1177 1235 1177 1234 1178 1237 1178 1236 1178 1234 1179 1235 1179 1237 1179 1236 1180 1239 1180 1238 1180 1236 1181 1237 1181 1239 1181 1238 1182 1241 1182 1240 1182 1238 1183 1239 1183 1241 1183 1240 1184 1243 1184 1242 1184 1240 1185 1241 1185 1243 1185 1242 1186 1245 1186 1244 1186 1242 1187 1243 1187 1245 1187 1244 1188 1247 1188 1246 1188 1244 1189 1245 1189 1247 1189 1246 1190 1249 1190 1248 1190 1246 1191 1247 1191 1249 1191 1248 1192 1251 1192 1250 1192 1248 1193 1249 1193 1251 1193 1250 1194 1253 1194 1252 1194 1250 1195 1251 1195 1253 1195 1252 1196 1255 1196 1254 1196 1252 1197 1253 1197 1255 1197 1254 1198 1257 1198 1256 1198 1254 1199 1255 1199 1257 1199 1256 1200 1259 1200 1258 1200 1256 1201 1257 1201 1259 1201 1258 1202 1261 1202 1260 1202 1258 1203 1259 1203 1261 1203 1260 1204 1263 1204 1262 1204 1260 1205 1261 1205 1263 1205 1262 1206 1265 1206 1264 1206 1262 1207 1263 1207 1265 1207 1264 1208 1267 1208 1266 1208 1264 1209 1265 1209 1267 1209 1266 1210 1269 1210 1268 1210 1266 1211 1267 1211 1269 1211 1268 1212 1271 1212 1270 1212 1268 1213 1269 1213 1271 1213 1270 1214 1273 1214 1272 1214 1270 1215 1271 1215 1273 1215 1272 1216 1275 1216 1274 1216 1272 1217 1273 1217 1275 1217 1274 1218 1277 1218 1276 1218 1274 1219 1275 1219 1277 1219 1276 1220 1279 1220 1278 1220 1276 1221 1277 1221 1279 1221 1278 1222 1281 1222 1280 1222 1278 1223 1279 1223 1281 1223 1280 1224 1283 1224 1282 1224 1280 1225 1281 1225 1283 1225 1282 1226 1285 1226 1284 1226 1282 1227 1283 1227 1285 1227 1284 1228 1287 1228 1286 1228 1284 1229 1285 1229 1287 1229 1286 1230 1289 1230 1288 1230 1286 1231 1287 1231 1289 1231 1288 1232 1291 1232 1290 1232 1288 1233 1289 1233 1291 1233 1290 1234 1293 1234 1292 1234 1290 1235 1291 1235 1293 1235 1292 1236 1295 1236 1294 1236 1292 1237 1293 1237 1295 1237 1294 1238 1297 1238 1296 1238 1294 1239 1295 1239 1297 1239 1296 1240 1299 1240 1298 1240 1296 1241 1297 1241 1299 1241 1298 1242 1301 1242 1300 1242 1298 1243 1299 1243 1301 1243 1300 1244 1303 1244 1302 1244 1300 1245 1301 1245 1303 1245 1302 1246 1305 1246 1304 1246 1302 1247 1303 1247 1305 1247 1304 1248 1307 1248 1306 1248 1304 1249 1305 1249 1307 1249 1306 1250 1309 1250 1308 1250 1306 1251 1307 1251 1309 1251 1308 1252 1311 1252 1310 1252 1308 1253 1309 1253 1311 1253 1310 1254 1313 1254 1312 1254 1310 1255 1311 1255 1313 1255 1312 1256 1315 1256 1314 1256 1312 1257 1313 1257 1315 1257 1314 1258 1317 1258 1316 1258 1314 1259 1315 1259 1317 1259 1316 1260 1319 1260 1318 1260 1316 1261 1317 1261 1319 1261 1318 1262 1321 1262 1320 1262 1318 1263 1319 1263 1321 1263 1320 1264 1323 1264 1322 1264 1320 1265 1321 1265 1323 1265 1322 1266 1325 1266 1324 1266 1322 1267 1323 1267 1325 1267 1324 1268 1327 1268 1326 1268 1324 1269 1325 1269 1327 1269 1326 1270 1329 1270 1328 1270 1326 1271 1327 1271 1329 1271 1328 1272 1331 1272 1330 1272 1328 1273 1329 1273 1331 1273 1330 1274 1333 1274 1332 1274 1330 1275 1331 1275 1333 1275 1332 1276 1335 1276 1334 1276 1332 1277 1333 1277 1335 1277 1334 1278 1337 1278 1336 1278 1334 1279 1335 1279 1337 1279 1336 1280 1339 1280 1338 1280 1336 1281 1337 1281 1339 1281 1338 1282 1341 1282 1340 1282 1338 1283 1339 1283 1341 1283 1340 1284 1343 1284 1342 1284 1340 1285 1341 1285 1343 1285 1342 1286 1345 1286 1344 1286 1342 1287 1343 1287 1345 1287 1344 1288 1347 1288 1346 1288 1344 1289 1345 1289 1347 1289 1346 1290 1349 1290 1348 1290 1346 1291 1347 1291 1349 1291 1348 1292 1351 1292 1350 1292 1348 1293 1349 1293 1351 1293 1352 1294 1355 1294 1354 1294 1352 1295 1353 1295 1355 1295 1354 1296 1357 1296 1356 1296 1354 1297 1355 1297 1357 1297 1356 1298 1359 1298 1358 1298 1356 1299 1357 1299 1359 1299 1358 1300 1361 1300 1360 1300 1358 1301 1359 1301 1361 1301 1360 1302 1363 1302 1362 1302 1360 1303 1361 1303 1363 1303 1362 1304 1365 1304 1364 1304 1362 1305 1363 1305 1365 1305 1364 1306 1367 1306 1366 1306 1364 1307 1365 1307 1367 1307 1366 1308 1369 1308 1368 1308 1366 1309 1367 1309 1369 1309 1368 1310 1371 1310 1370 1310 1368 1311 1369 1311 1371 1311 1370 1312 1373 1312 1372 1312 1370 1313 1371 1313 1373 1313 1372 1314 1375 1314 1374 1314 1372 1315 1373 1315 1375 1315 1374 1316 1377 1316 1376 1316 1374 1317 1375 1317 1377 1317 1376 1318 1379 1318 1378 1318 1376 1319 1377 1319 1379 1319 1378 1320 1381 1320 1380 1320 1378 1321 1379 1321 1381 1321 1380 1322 1383 1322 1382 1322 1380 1323 1381 1323 1383 1323 1382 1324 1385 1324 1384 1324 1382 1325 1383 1325 1385 1325 1384 1326 1387 1326 1386 1326 1384 1327 1385 1327 1387 1327 1386 1328 1389 1328 1388 1328 1386 1329 1387 1329 1389 1329 1388 1330 1391 1330 1390 1330 1388 1331 1389 1331 1391 1331 1390 1332 1393 1332 1392 1332 1390 1333 1391 1333 1393 1333 1392 1334 1395 1334 1394 1334 1392 1335 1393 1335 1395 1335 1394 1336 1397 1336 1396 1336 1394 1337 1395 1337 1397 1337 1396 1338 1399 1338 1398 1338 1396 1339 1397 1339 1399 1339 1398 1340 1401 1340 1400 1340 1398 1341 1399 1341 1401 1341 1400 1342 1403 1342 1402 1342 1400 1343 1401 1343 1403 1343 1402 1344 1405 1344 1404 1344 1402 1345 1403 1345 1405 1345 1404 1346 1407 1346 1406 1346 1404 1347 1405 1347 1407 1347 1406 1348 1409 1348 1408 1348 1406 1349 1407 1349 1409 1349 1408 1350 1411 1350 1410 1350 1408 1351 1409 1351 1411 1351 1410 1352 1413 1352 1412 1352 1410 1353 1411 1353 1413 1353 1412 1354 1415 1354 1414 1354 1412 1355 1413 1355 1415 1355 1414 1356 1417 1356 1416 1356 1414 1357 1415 1357 1417 1357 1418 1358 1419 1358 1420 1358 1418 1359 1420 1359 1421 1359 1422 1360 1423 1360 1424 1360 1422 1361 1424 1361 1425 1361 1426 1362 1427 1362 1428 1362 1426 1363 1428 1363 1429 1363 1430 1364 1431 1364 1432 1364 1430 1365 1432 1365 1433 1365 1434 1366 1435 1366 1436 1366 1434 1367 1436 1367 1437 1367 1438 1368 1439 1368 1440 1368 1438 1369 1440 1369 1441 1369 1442 1370 1443 1370 1444 1370 1442 1371 1444 1371 1445 1371 1446 1372 1447 1372 1448 1372 1446 1373 1448 1373 1449 1373 1450 1374 1452 1374 1451 1374 1450 1375 1453 1375 1452 1375 1454 1376 1455 1376 1456 1376 1454 1377 1456 1377 1457 1377 1450 1378 1451 1378 1455 1378 1450 1379 1455 1379 1454 1379 1451 1380 1452 1380 1456 1380 1451 1381 1456 1381 1455 1381 1452 1382 1453 1382 1457 1382 1452 1383 1457 1383 1456 1383 1453 1384 1450 1384 1454 1384 1453 1385 1454 1385 1457 1385 1458 1386 1460 1386 1459 1386 1458 1387 1461 1387 1460 1387 1462 1388 1463 1388 1464 1388 1462 1389 1464 1389 1465 1389 1458 1390 1459 1390 1463 1390 1458 1391 1463 1391 1462 1391 1459 1392 1460 1392 1464 1392 1459 1393 1464 1393 1463 1393 1460 1394 1461 1394 1465 1394 1460 1395 1465 1395 1464 1395 1461 1396 1458 1396 1462 1396 1461 1397 1462 1397 1465 1397 1466 1398 1468 1398 1467 1398 1466 1399 1469 1399 1468 1399 1470 1400 1471 1400 1472 1400 1470 1401 1472 1401 1473 1401 1466 1402 1467 1402 1471 1402 1466 1403 1471 1403 1470 1403 1467 1404 1468 1404 1472 1404 1467 1405 1472 1405 1471 1405 1468 1406 1469 1406 1473 1406 1468 1407 1473 1407 1472 1407 1469 1408 1466 1408 1470 1408 1469 1409 1470 1409 1473 1409 1474 1410 1476 1410 1475 1410 1474 1411 1477 1411 1476 1411 1478 1412 1479 1412 1480 1412 1478 1413 1480 1413 1481 1413 1474 1414 1475 1414 1479 1414 1474 1415 1479 1415 1478 1415 1475 1416 1476 1416 1480 1416 1475 1417 1480 1417 1479 1417 1476 1418 1477 1418 1481 1418 1476 1419 1481 1419 1480 1419 1477 1420 1474 1420 1478 1420 1477 1421 1478 1421 1481 1421 1482 1422 1484 1422 1483 1422 1482 1423 1485 1423 1484 1423 1486 1424 1487 1424 1488 1424 1486 1425 1488 1425 1489 1425 1482 1426 1483 1426 1487 1426 1482 1427 1487 1427 1486 1427 1483 1428 1484 1428 1488 1428 1483 1429 1488 1429 1487 1429 1484 1430 1485 1430 1489 1430 1484 1431 1489 1431 1488 1431 1485 1432 1482 1432 1486 1432 1485 1433 1486 1433 1489 1433 1490 1434 1492 1434 1491 1434 1490 1435 1493 1435 1492 1435 1494 1436 1495 1436 1496 1436 1494 1437 1496 1437 1497 1437 1490 1438 1491 1438 1495 1438 1490 1439 1495 1439 1494 1439 1491 1440 1492 1440 1496 1440 1491 1441 1496 1441 1495 1441 1492 1442 1493 1442 1497 1442 1492 1443 1497 1443 1496 1443 1493 1444 1490 1444 1494 1444 1493 1445 1494 1445 1497 1445 1498 1446 1500 1446 1499 1446 1498 1447 1501 1447 1500 1447 1502 1448 1503 1448 1504 1448 1502 1449 1504 1449 1505 1449 1498 1450 1499 1450 1503 1450 1498 1451 1503 1451 1502 1451 1499 1452 1500 1452 1504 1452 1499 1453 1504 1453 1503 1453 1500 1454 1501 1454 1505 1454 1500 1455 1505 1455 1504 1455 1501 1456 1498 1456 1502 1456 1501 1457 1502 1457 1505 1457 1506 1458 1508 1458 1507 1458 1506 1459 1509 1459 1508 1459 1510 1460 1511 1460 1512 1460 1510 1461 1512 1461 1513 1461 1506 1462 1507 1462 1511 1462 1506 1463 1511 1463 1510 1463 1507 1464 1508 1464 1512 1464 1507 1465 1512 1465 1511 1465 1508 1466 1509 1466 1513 1466 1508 1467 1513 1467 1512 1467 1509 1468 1506 1468 1510 1468 1509 1469 1510 1469 1513 1469 1514 1470 1515 1470 1519 1470 1514 1471 1519 1471 1518 1471 1515 1472 1516 1472 1520 1472 1515 1473 1520 1473 1519 1473 1516 1474 1517 1474 1521 1474 1516 1475 1521 1475 1520 1475 1517 1476 1514 1476 1518 1476 1517 1477 1518 1477 1521 1477 1522 1478 1523 1478 1527 1478 1522 1479 1527 1479 1526 1479 1523 1480 1524 1480 1528 1480 1523 1481 1528 1481 1527 1481 1524 1482 1525 1482 1529 1482 1524 1483 1529 1483 1528 1483 1525 1484 1522 1484 1526 1484 1525 1485 1526 1485 1529 1485 1530 1486 1531 1486 1535 1486 1530 1487 1535 1487 1534 1487 1531 1488 1532 1488 1536 1488 1531 1489 1536 1489 1535 1489 1532 1490 1533 1490 1537 1490 1532 1491 1537 1491 1536 1491 1533 1492 1530 1492 1534 1492 1533 1493 1534 1493 1537 1493 1538 1494 1539 1494 1543 1494 1538 1495 1543 1495 1542 1495 1539 1496 1540 1496 1544 1496 1539 1497 1544 1497 1543 1497 1540 1498 1541 1498 1545 1498 1540 1499 1545 1499 1544 1499 1541 1500 1538 1500 1542 1500 1541 1501 1542 1501 1545 1501 1546 1502 1547 1502 1551 1502 1546 1503 1551 1503 1550 1503 1547 1504 1548 1504 1552 1504 1547 1505 1552 1505 1551 1505 1548 1506 1549 1506 1553 1506 1548 1507 1553 1507 1552 1507 1549 1508 1546 1508 1550 1508 1549 1509 1550 1509 1553 1509 1554 1510 1555 1510 1559 1510 1554 1511 1559 1511 1558 1511 1555 1512 1556 1512 1560 1512 1555 1513 1560 1513 1559 1513 1556 1514 1557 1514 1561 1514 1556 1515 1561 1515 1560 1515 1557 1516 1554 1516 1558 1516 1557 1517 1558 1517 1561 1517 1562 1518 1563 1518 1567 1518 1562 1519 1567 1519 1566 1519 1563 1520 1564 1520 1568 1520 1563 1521 1568 1521 1567 1521 1564 1522 1565 1522 1569 1522 1564 1523 1569 1523 1568 1523 1565 1524 1562 1524 1566 1524 1565 1525 1566 1525 1569 1525 1570 1526 1571 1526 1575 1526 1570 1527 1575 1527 1574 1527 1571 1528 1572 1528 1576 1528 1571 1529 1576 1529 1575 1529 1572 1530 1573 1530 1577 1530 1572 1531 1577 1531 1576 1531 1573 1532 1570 1532 1574 1532 1573 1533 1574 1533 1577 1533 1578 1534 1579 1534 1583 1534 1578 1535 1583 1535 1582 1535 1579 1536 1580 1536 1584 1536 1579 1537 1584 1537 1583 1537 1580 1538 1581 1538 1585 1538 1580 1539 1585 1539 1584 1539 1581 1540 1578 1540 1582 1540 1581 1541 1582 1541 1585 1541 1586 1542 1587 1542 1591 1542 1586 1543 1591 1543 1590 1543 1587 1544 1588 1544 1592 1544 1587 1545 1592 1545 1591 1545 1588 1546 1589 1546 1593 1546 1588 1547 1593 1547 1592 1547 1589 1548 1586 1548 1590 1548 1589 1549 1590 1549 1593 1549 1594 1550 1595 1550 1599 1550 1594 1551 1599 1551 1598 1551 1595 1552 1596 1552 1600 1552 1595 1553 1600 1553 1599 1553 1596 1554 1597 1554 1601 1554 1596 1555 1601 1555 1600 1555 1597 1556 1594 1556 1598 1556 1597 1557 1598 1557 1601 1557 1602 1558 1603 1558 1607 1558 1602 1559 1607 1559 1606 1559 1603 1560 1604 1560 1608 1560 1603 1561 1608 1561 1607 1561 1604 1562 1605 1562 1609 1562 1604 1563 1609 1563 1608 1563 1605 1564 1602 1564 1606 1564 1605 1565 1606 1565 1609 1565</p></triangles>
</mesh></geometry></library_geometries><library_visual_scenes><visual_scene id="Scene"><node id="mesh"><instance_geometry url="#geometry"/></node></visual_scene></library_visual_scenes><scene><instance_visual_scene url="#Scene"/></scene></COLLADA>