Blender 4.5.3 LTS (hash 67807e1800cc built 2025-09-09 01:38:15)
Fra:1 Mem:248.10M (Peak 248.37M) | Time:00:00.17 | Mem:0.00M, Peak:0.00M | Scene, ViewLayer | Synchronizing object | Plane
Fra:1 Mem:248.10M (Peak 248.37M) | Time:00:00.17 | Mem:0.00M, Peak:0.00M | Scene, ViewLayer | Synchronizing object | 00_piano_Piano string.002
Fra:1 Mem:248.10M (Peak 248.37M) | Time:00:00.17 | Mem:0.00M, Peak:0.00M | Scene, ViewLayer | Synchronizing object | 00_piano_Piano string.003
Fra:1 Mem:248.12M (Peak 248.37M) | Time:00:00.17 | Mem:0.00M, Peak:0.00M | Scene, ViewLayer | Synchronizing object | 00_piano_Piano string.004
Fra:1 Mem:248.13M (Peak 248.37M) | Time:00:00.17 | Mem:0.00M, Peak:0.00M | Scene, ViewLayer | Synchronizing object | 00_piano_Piano string.005
Fra:1 Mem:248.16M (Peak 248.37M) | Time:00:00.17 | Mem:0.00M, Peak:0.00M | Scene, ViewLayer | Synchronizing object | 00_piano_Piano string.006
Fra:1 Mem:250.21M (Peak 250.21M) | Time:00:00.18 | Mem:0.00M, Peak:0.00M | Scene, ViewLayer | Synchronizing object | piano_label
Fra:1 Mem:250.25M (Peak 250.25M) | Time:00:00.18 | Mem:0.00M, Peak:0.00M | Scene, ViewLayer | Synchronizing object | 01_treadmill_Hand rail
Fra:1 Mem:250.26M (Peak 250.26M) | Time:00:00.18 | Mem:0.00M, Peak:0.00M | Scene, ViewLayer | Synchronizing object | 01_treadmill_Hand rail.001
Fra:1 Mem:250.27M (Peak 250.27M) | Time:00:00.18 | Mem:0.00M, Peak:0.00M | Scene, ViewLayer | Synchronizing object | 01_treadmill_Bottle cup
Fra:1 Mem:250.37M (Peak 250.37M) | Time:00:00.18 | Mem:0.00M, Peak:0.00M | Scene, ViewLayer | Synchronizing object | 01_treadmill_Bottle cup.001
Fra:1 Mem:250.47M (Peak 250.47M) | Time:00:00.18 | Mem:0.00M, Peak:0.00M | Scene, ViewLayer | Synchronizing object | treadmill_label
Fra:1 Mem:250.73M (Peak 250.73M) | Time:00:00.18 | Mem:0.00M, Peak:0.00M | Scene, ViewLayer | Synchronizing object | 00_piano_Piano string.007
Fra:1 Mem:250.64M (Peak 250.73M) | Time:00:00.18 | Mem:0.00M, Peak:0.00M | Scene, ViewLayer | Synchronizing object | 00_piano_Piano string.009
Fra:1 Mem:250.64M (Peak 250.73M) | Time:00:00.18 | Mem:0.00M, Peak:0.00M | Scene, ViewLayer | Synchronizing object | 00_piano_Piano string.012
Fra:1 Mem:250.66M (Peak 250.73M) | Time:00:00.18 | Mem:0.00M, Peak:0.00M | Scene, ViewLayer | Synchronizing object | 00_piano_Piano string.013
Fra:1 Mem:250.81M (Peak 250.81M) | Time:00:00.18 | Mem:0.00M, Peak:0.00M | Scene, ViewLayer | Synchronizing object | 00_piano_Piano string.014
Fra:1 Mem:250.80M (Peak 250.81M) | Time:00:00.18 | Mem:0.00M, Peak:0.00M | Scene, ViewLayer | Synchronizing object | 00_piano_Piano string.015
Fra:1 Mem:250.81M (Peak 250.81M) | Time:00:00.18 | Mem:0.00M, Peak:0.00M | Scene, ViewLayer | Synchronizing object | 00_piano_Piano string.016
Fra:1 Mem:250.84M (Peak 250.83M) | Time:00:00.18 | Mem:0.00M, Peak:0.00M | Scene, ViewLayer | Synchronizing object | 00_piano_Piano string.017
Fra:1 Mem:250.88M (Peak 250.88M) | Time:00:00.18 | Mem:0.00M, Peak:0.00M | Scene, ViewLayer | Synchronizing object | 00_piano_Piano string.018
Fra:1 Mem:250.89M (Peak 250.89M) | Time:00:00.18 | Mem:0.00M, Peak:0.00M | Scene, ViewLayer | Synchronizing object | 00_piano_Piano string.019
Fra:1 Mem:250.87M (Peak 250.89M) | Time:00:00.18 | Mem:0.00M, Peak:0.00M | Scene, ViewLayer | Synchronizing object | 00_piano_Piano string.022
Fra:1 Mem:250.93M (Peak 250.93M) | Time:00:00.18 | Mem:0.00M, Peak:0.00M | Scene, ViewLayer | Synchronizing object | 00_piano_Piano string.024
Fra:1 Mem:250.91M (Peak 250.93M) | Time:00:00.18 | Mem:0.00M, Peak:0.00M | Scene, ViewLayer | Synchronizing object | 00_piano_Piano string.025
Fra:1 Mem:250.93M (Peak 250.93M) | Time:00:00.18 | Mem:0.00M, Peak:0.00M | Scene, ViewLayer | Synchronizing object | 00_piano_Piano string.026
Fra:1 Mem:250.98M (Peak 250.98M) | Time:00:00.18 | Mem:0.00M, Peak:0.00M | Scene, ViewLayer | Synchronizing object | 00_piano_Piano string.027
Fra:1 Mem:251.00M (Peak 251.00M) | Time:00:00.18 | Mem:0.00M, Peak:0.00M | Scene, ViewLayer | Synchronizing object | 00_piano_Piano string.029
Fra:1 Mem:251.01M (Peak 251.01M) | Time:00:00.18 | Mem:0.00M, Peak:0.00M | Scene, ViewLayer | Synchronizing object | 00_piano_Piano string.030
Fra:1 Mem:251.04M (Peak 251.04M) | Time:00:00.18 | Mem:0.00M, Peak:0.00M | Scene, ViewLayer | Synchronizing object | 00_piano_Piano string.031
Fra:1 Mem:251.05M (Peak 251.05M) | Time:00:00.18 | Mem:0.00M, Peak:0.00M | Scene, ViewLayer | Synchronizing object | 00_piano_Piano string.032
Fra:1 Mem:251.07M (Peak 251.07M) | Time:00:00.18 | Mem:0.00M, Peak:0.00M | Scene, ViewLayer | Synchronizing object | dumbbell_rack_label
Fra:1 Mem:251.09M (Peak 251.09M) | Time:00:00.18 | Mem:0.00M, Peak:0.00M | Scene, ViewLayer | Synchronizing object | 00_piano_Piano string.033
Fra:1 Mem:251.18M (Peak 251.18M) | Time:00:00.18 | Mem:0.00M, Peak:0.00M | Scene, ViewLayer | Synchronizing object | 00_piano_Piano string.035
Fra:1 Mem:251.18M (Peak 251.18M) | Time:00:00.18 | Mem:0.00M, Peak:0.00M | Scene, ViewLayer | Synchronizing object | 00_piano_Piano string.036
Fra:1 Mem:251.20M (Peak 251.20M) | Time:00:00.18 | Mem:0.00M, Peak:0.00M | Scene, ViewLayer | Synchronizing object | 00_piano_Piano string.038
Fra:1 Mem:251.28M (Peak 251.28M) | Time:00:00.18 | Mem:0.00M, Peak:0.00M | Scene, ViewLayer | Synchronizing object | 00_piano_Piano string.039
Fra:1 Mem:251.31M (Peak 251.31M) | Time:00:00.18 | Mem:0.00M, Peak:0.00M | Scene, ViewLayer | Synchronizing object | 00_piano_Cast iron harp strut.001
Fra:1 Mem:251.31M (Peak 251.31M) | Time:00:00.18 | Mem:0.00M, Peak:0.00M | Scene, ViewLayer | Synchronizing object | 00_piano_Raised sculpted lid
Fra:1 Mem:251.30M (Peak 251.31M) | Time:00:00.18 | Mem:0.00M, Peak:0.00M | Scene, ViewLayer | Synchronizing object | 00_piano_Lid prop
Fra:1 Mem:251.34M (Peak 251.34M) | Time:00:00.18 | Mem:0.00M, Peak:0.00M | Scene, ViewLayer | Synchronizing object | 00_piano_Keyboard bed
Fra:1 Mem:251.62M (Peak 251.62M) | Time:00:00.18 | Mem:0.00M, Peak:0.00M | Scene, ViewLayer | Synchronizing object | 00_piano_Ivory key
Fra:1 Mem:251.70M (Peak 251.70M) | Time:00:00.18 | Mem:0.00M, Peak:0.00M | Scene, ViewLayer | Synchronizing object | 00_piano_Ebony key
Fra:1 Mem:251.65M (Peak 251.70M) | Time:00:00.18 | Mem:0.00M, Peak:0.00M | Scene, ViewLayer | Synchronizing object | 00_piano_Ivory key.001
Fra:1 Mem:251.70M (Peak 251.70M) | Time:00:00.18 | Mem:0.00M, Peak:0.00M | Scene, ViewLayer | Synchronizing object | 00_piano_Ebony key.001
Fra:1 Mem:251.66M (Peak 251.70M) | Time:00:00.18 | Mem:0.00M, Peak:0.00M | Scene, ViewLayer | Synchronizing object | 00_piano_Ivory key.002
Fra:1 Mem:251.68M (Peak 251.70M) | Time:00:00.18 | Mem:0.00M, Peak:0.00M | Scene, ViewLayer | Synchronizing object | 00_piano_Ivory key.004
Fra:1 Mem:251.70M (Peak 251.70M) | Time:00:00.18 | Mem:0.00M, Peak:0.00M | Scene, ViewLayer | Synchronizing object | 00_piano_Ebony key.003
Fra:1 Mem:251.73M (Peak 251.73M) | Time:00:00.18 | Mem:0.00M, Peak:0.00M | Scene, ViewLayer | Synchronizing object | 00_piano_Ivory key.005
Fra:1 Mem:251.75M (Peak 251.75M) | Time:00:00.18 | Mem:0.00M, Peak:0.00M | Scene, ViewLayer | Synchronizing object | 00_piano_Ebony key.004
Fra:1 Mem:251.96M (Peak 251.96M) | Time:00:00.18 | Mem:0.00M, Peak:0.00M | Scene, ViewLayer | Synchronizing object | 00_piano_Ivory key.006
Fra:1 Mem:251.80M (Peak 251.96M) | Time:00:00.18 | Mem:0.00M, Peak:0.00M | Scene, ViewLayer | Synchronizing object | 00_piano_Ivory key.007
Fra:1 Mem:251.86M (Peak 251.96M) | Time:00:00.18 | Mem:0.00M, Peak:0.00M | Scene, ViewLayer | Synchronizing object | 00_piano_Ebony key.005
Fra:1 Mem:251.88M (Peak 251.96M) | Time:00:00.18 | Mem:0.00M, Peak:0.00M | Scene, ViewLayer | Synchronizing object | 00_piano_Ivory key.008
Fra:1 Mem:251.87M (Peak 251.96M) | Time:00:00.18 | Mem:0.00M, Peak:0.00M | Scene, ViewLayer | Synchronizing object | 00_piano_Ivory key.009
Fra:1 Mem:251.90M (Peak 251.96M) | Time:00:00.18 | Mem:0.00M, Peak:0.00M | Scene, ViewLayer | Synchronizing object | 00_piano_Ebony key.006
Fra:1 Mem:251.93M (Peak 251.96M) | Time:00:00.18 | Mem:0.00M, Peak:0.00M | Scene, ViewLayer | Synchronizing object | 00_piano_Ivory key.010
Fra:1 Mem:251.97M (Peak 251.96M) | Time:00:00.18 | Mem:0.00M, Peak:0.00M | Scene, ViewLayer | Synchronizing object | 00_piano_Ebony key.007
Fra:1 Mem:251.97M (Peak 251.97M) | Time:00:00.18 | Mem:0.00M, Peak:0.00M | Scene, ViewLayer | Synchronizing object | 00_piano_Ivory key.011
Fra:1 Mem:251.99M (Peak 251.99M) | Time:00:00.18 | Mem:0.00M, Peak:0.00M | Scene, ViewLayer | Synchronizing object | 00_piano_Ivory key.012
Fra:1 Mem:252.09M (Peak 252.09M) | Time:00:00.18 | Mem:0.00M, Peak:0.00M | Scene, ViewLayer | Synchronizing object | 00_piano_Ebony key.009
Fra:1 Mem:252.13M (Peak 252.13M) | Time:00:00.18 | Mem:0.00M, Peak:0.00M | Scene, ViewLayer | Synchronizing object | 00_piano_Ivory key.013
Fra:1 Mem:252.13M (Peak 252.13M) | Time:00:00.18 | Mem:0.00M, Peak:0.00M | Scene, ViewLayer | Synchronizing object | 00_piano_Ivory key.014
Fra:1 Mem:252.15M (Peak 252.15M) | Time:00:00.18 | Mem:0.00M, Peak:0.00M | Scene, ViewLayer | Synchronizing object | 00_piano_Ivory key.015
Fra:1 Mem:252.13M (Peak 252.15M) | Time:00:00.18 | Mem:0.00M, Peak:0.00M | Scene, ViewLayer | Synchronizing object | 00_piano_Ebony key.011
Fra:1 Mem:252.16M (Peak 252.16M) | Time:00:00.18 | Mem:0.00M, Peak:0.00M | Scene, ViewLayer | Synchronizing object | 00_piano_Ivory key.017
Fra:1 Mem:252.26M (Peak 252.26M) | Time:00:00.18 | Mem:0.00M, Peak:0.00M | Scene, ViewLayer | Synchronizing object | 00_piano_Ebony key.012
Fra:1 Mem:252.22M (Peak 252.26M) | Time:00:00.18 | Mem:0.00M, Peak:0.00M | Scene, ViewLayer | Synchronizing object | 00_piano_Ivory key.018
Fra:1 Mem:252.28M (Peak 252.28M) | Time:00:00.18 | Mem:0.00M, Peak:0.00M | Scene, ViewLayer | Synchronizing object | 00_piano_Ebony key.013
Fra:1 Mem:252.28M (Peak 252.28M) | Time:00:00.18 | Mem:0.00M, Peak:0.00M | Scene, ViewLayer | Synchronizing object | 00_piano_Ivory key.019
Fra:1 Mem:252.37M (Peak 252.37M) | Time:00:00.18 | Mem:0.00M, Peak:0.00M | Scene, ViewLayer | Synchronizing object | 00_piano_Ebony key.014
Fra:1 Mem:252.41M (Peak 252.41M) | Time:00:00.18 | Mem:0.00M, Peak:0.00M | Scene, ViewLayer | Synchronizing object | 00_piano_Ivory key.020
Fra:1 Mem:252.44M (Peak 252.44M) | Time:00:00.18 | Mem:0.00M, Peak:0.00M | Scene, ViewLayer | Synchronizing object | 00_piano_Ebony key.015
Fra:1 Mem:252.53M (Peak 252.53M) | Time:00:00.18 | Mem:0.00M, Peak:0.00M | Scene, ViewLayer | Synchronizing object | 00_piano_Ivory key.022
Fra:1 Mem:252.55M (Peak 252.55M) | Time:00:00.18 | Mem:0.00M, Peak:0.00M | Scene, ViewLayer | Synchronizing object | 00_piano_Ebony key.016
Fra:1 Mem:252.58M (Peak 252.58M) | Time:00:00.18 | Mem:0.00M, Peak:0.00M | Scene, ViewLayer | Synchronizing object | 00_piano_Ivory key.023
Fra:1 Mem:252.63M (Peak 252.63M) | Time:00:00.18 | Mem:0.00M, Peak:0.00M | Scene, ViewLayer | Synchronizing object | 00_piano_Ivory key.024
Fra:1 Mem:252.62M (Peak 252.63M) | Time:00:00.18 | Mem:0.00M, Peak:0.00M | Scene, ViewLayer | Synchronizing object | 00_piano_Ebony key.018
Fra:1 Mem:252.63M (Peak 252.63M) | Time:00:00.18 | Mem:0.00M, Peak:0.00M | Scene, ViewLayer | Synchronizing object | 00_piano_Ivory key.026
Fra:1 Mem:252.63M (Peak 252.63M) | Time:00:00.18 | Mem:0.00M, Peak:0.00M | Scene, ViewLayer | Synchronizing object | 00_piano_Ebony key.019
Fra:1 Mem:252.65M (Peak 252.65M) | Time:00:00.18 | Mem:0.00M, Peak:0.00M | Scene, ViewLayer | Synchronizing object | 00_piano_Ivory key.027
Fra:1 Mem:252.76M (Peak 252.76M) | Time:00:00.18 | Mem:0.00M, Peak:0.00M | Scene, ViewLayer | Synchronizing object | 00_piano_Ivory key.028
Fra:1 Mem:252.80M (Peak 252.78M) | Time:00:00.18 | Mem:0.00M, Peak:0.00M | Scene, ViewLayer | Synchronizing object | 00_piano_Ebony key.020
Fra:1 Mem:252.82M (Peak 252.82M) | Time:00:00.18 | Mem:0.00M, Peak:0.00M | Scene, ViewLayer | Synchronizing object | 00_piano_Ivory key.029
Fra:1 Mem:252.84M (Peak 252.84M) | Time:00:00.18 | Mem:0.00M, Peak:0.00M | Scene, ViewLayer | Synchronizing object | 00_piano_Ivory key.030
Fra:1 Mem:252.88M (Peak 252.88M) | Time:00:00.18 | Mem:0.00M, Peak:0.00M | Scene, ViewLayer | Synchronizing object | 00_piano_Ivory key.031
Fra:1 Mem:252.85M (Peak 252.88M) | Time:00:00.18 | Mem:0.00M, Peak:0.00M | Scene, ViewLayer | Synchronizing object | 00_piano_Ivory key.032
Fra:1 Mem:252.89M (Peak 252.89M) | Time:00:00.18 | Mem:0.00M, Peak:0.00M | Scene, ViewLayer | Synchronizing object | 00_piano_Ebony key.023
Fra:1 Mem:252.91M (Peak 252.91M) | Time:00:00.18 | Mem:0.00M, Peak:0.00M | Scene, ViewLayer | Synchronizing object | 00_piano_Ivory key.033
Fra:1 Mem:252.94M (Peak 252.94M) | Time:00:00.18 | Mem:0.00M, Peak:0.00M | Scene, ViewLayer | Synchronizing object | 00_piano_Ebony key.024
Fra:1 Mem:252.95M (Peak 252.95M) | Time:00:00.18 | Mem:0.00M, Peak:0.00M | Scene, ViewLayer | Synchronizing object | 00_piano_Ivory key.034
Fra:1 Mem:253.08M (Peak 253.08M) | Time:00:00.18 | Mem:0.00M, Peak:0.00M | Scene, ViewLayer | Synchronizing object | 00_piano_Ivory key.035
Fra:1 Mem:253.08M (Peak 253.08M) | Time:00:00.18 | Mem:0.00M, Peak:0.00M | Scene, ViewLayer | Synchronizing object | 00_piano_Ivory key.036
Fra:1 Mem:253.05M (Peak 253.08M) | Time:00:00.18 | Mem:0.00M, Peak:0.00M | Scene, ViewLayer | Synchronizing object | 00_piano_Ebony key.026
Fra:1 Mem:253.08M (Peak 253.08M) | Time:00:00.18 | Mem:0.00M, Peak:0.00M | Scene, ViewLayer | Synchronizing object | 00_piano_Ivory key.037
Fra:1 Mem:253.12M (Peak 253.12M) | Time:00:00.18 | Mem:0.00M, Peak:0.00M | Scene, ViewLayer | Synchronizing object | 00_piano_Ivory key.038
Fra:1 Mem:253.15M (Peak 253.15M) | Time:00:00.18 | Mem:0.00M, Peak:0.00M | Scene, ViewLayer | Synchronizing object | 00_piano_Ebony key.027
Fra:1 Mem:253.20M (Peak 253.20M) | Time:00:00.18 | Mem:0.00M, Peak:0.00M | Scene, ViewLayer | Synchronizing object | 00_piano_Ivory key.039
Fra:1 Mem:253.26M (Peak 253.26M) | Time:00:00.18 | Mem:0.00M, Peak:0.00M | Scene, ViewLayer | Synchronizing object | 00_piano_Ebony key.028
Fra:1 Mem:253.27M (Peak 253.27M) | Time:00:00.18 | Mem:0.00M, Peak:0.00M | Scene, ViewLayer | Synchronizing object | 00_piano_Ivory key.040
Fra:1 Mem:253.29M (Peak 253.29M) | Time:00:00.18 | Mem:0.00M, Peak:0.00M | Scene, ViewLayer | Synchronizing object | 00_piano_Ebony key.029
Fra:1 Mem:253.28M (Peak 253.29M) | Time:00:00.18 | Mem:0.00M, Peak:0.00M | Scene, ViewLayer | Synchronizing object | 00_piano_Ivory key.041
Fra:1 Mem:253.31M (Peak 253.31M) | Time:00:00.18 | Mem:0.00M, Peak:0.00M | Scene, ViewLayer | Synchronizing object | 00_piano_Ebony key.030
Fra:1 Mem:253.33M (Peak 253.33M) | Time:00:00.18 | Mem:0.00M, Peak:0.00M | Scene, ViewLayer | Synchronizing object | 00_piano_Ivory key.043
Fra:1 Mem:253.44M (Peak 253.44M) | Time:00:00.18 | Mem:0.00M, Peak:0.00M | Scene, ViewLayer | Synchronizing object | 00_piano_Ebony key.031
Fra:1 Mem:253.47M (Peak 253.47M) | Time:00:00.18 | Mem:0.00M, Peak:0.00M | Scene, ViewLayer | Synchronizing object | 00_piano_Ivory key.044
Fra:1 Mem:253.43M (Peak 253.47M) | Time:00:00.18 | Mem:0.00M, Peak:0.00M | Scene, ViewLayer | Synchronizing object | 00_piano_Ivory key.045
Fra:1 Mem:253.48M (Peak 253.48M) | Time:00:00.18 | Mem:0.00M, Peak:0.00M | Scene, ViewLayer | Synchronizing object | 00_piano_Ebony key.033
Fra:1 Mem:253.46M (Peak 253.48M) | Time:00:00.18 | Mem:0.00M, Peak:0.00M | Scene, ViewLayer | Synchronizing object | 00_piano_Ivory key.047
Fra:1 Mem:253.48M (Peak 253.48M) | Time:00:00.18 | Mem:0.00M, Peak:0.00M | Scene, ViewLayer | Synchronizing object | 00_piano_Ebony key.034
Fra:1 Mem:253.53M (Peak 253.53M) | Time:00:00.18 | Mem:0.00M, Peak:0.00M | Scene, ViewLayer | Synchronizing object | 00_piano_Ivory key.048
Fra:1 Mem:253.58M (Peak 253.58M) | Time:00:00.18 | Mem:0.00M, Peak:0.00M | Scene, ViewLayer | Synchronizing object | 00_piano_Ivory key.049
Fra:1 Mem:253.68M (Peak 253.68M) | Time:00:00.18 | Mem:0.00M, Peak:0.00M | Scene, ViewLayer | Synchronizing object | 00_piano_Ebony key.035
Fra:1 Mem:253.64M (Peak 253.68M) | Time:00:00.18 | Mem:0.00M, Peak:0.00M | Scene, ViewLayer | Synchronizing object | 00_piano_Ivory key.050
Fra:1 Mem:253.65M (Peak 253.68M) | Time:00:00.18 | Mem:0.00M, Peak:0.00M | Scene, ViewLayer | Synchronizing object | 00_piano_Ebony key.036
Fra:1 Mem:253.70M (Peak 253.70M) | Time:00:00.18 | Mem:0.00M, Peak:0.00M | Scene, ViewLayer | Synchronizing object | 00_piano_Fallboard
Fra:1 Mem:253.68M (Peak 253.70M) | Time:00:00.18 | Mem:0.00M, Peak:0.00M | Scene, ViewLayer | Synchronizing object | 00_piano_Music desk
Fra:1 Mem:253.75M (Peak 253.75M) | Time:00:00.18 | Mem:0.00M, Peak:0.00M | Scene, ViewLayer | Synchronizing object | 00_piano_Music desk ledge
Fra:1 Mem:253.74M (Peak 253.75M) | Time:00:00.18 | Mem:0.00M, Peak:0.00M | Scene, ViewLayer | Synchronizing object | 00_piano_Brass caster stem
Fra:1 Mem:253.74M (Peak 253.75M) | Time:00:00.18 | Mem:0.00M, Peak:0.00M | Scene, ViewLayer | Synchronizing object | 04_cable_machine_Continuous tension cable.001
Fra:1 Mem:253.80M (Peak 253.80M) | Time:00:00.18 | Mem:0.00M, Peak:0.00M | Scene, ViewLayer | Synchronizing object | 00_piano_Caster wheel
Fra:1 Mem:253.86M (Peak 253.86M) | Time:00:00.18 | Mem:0.00M, Peak:0.00M | Scene, ViewLayer | Synchronizing object | 00_piano_Tapered leg.001
Fra:1 Mem:253.95M (Peak 253.95M) | Time:00:00.18 | Mem:0.00M, Peak:0.00M | Scene, ViewLayer | Synchronizing object | 04_cable_machine_D handle.001
Fra:1 Mem:253.93M (Peak 253.95M) | Time:00:00.18 | Mem:0.00M, Peak:0.00M | Scene, ViewLayer | Synchronizing object | 00_piano_Caster wheel.001
Fra:1 Mem:253.92M (Peak 253.95M) | Time:00:00.18 | Mem:0.00M, Peak:0.00M | Scene, ViewLayer | Synchronizing object | 00_piano_Brass caster stem.002
Fra:1 Mem:253.95M (Peak 253.95M) | Time:00:00.18 | Mem:0.00M, Peak:0.00M | Scene, ViewLayer | Synchronizing object | 00_piano_Caster wheel.002
Fra:1 Mem:253.94M (Peak 253.95M) | Time:00:00.18 | Mem:0.00M, Peak:0.00M | Scene, ViewLayer | Synchronizing object | 00_piano_Pedal lyre upright.001
Fra:1 Mem:254.00M (Peak 254.00M) | Time:00:00.18 | Mem:0.00M, Peak:0.00M | Scene, ViewLayer | Synchronizing object | 04_cable_machine_Wide grip pullup
Fra:1 Mem:254.03M (Peak 254.03M) | Time:00:00.18 | Mem:0.00M, Peak:0.00M | Scene, ViewLayer | Synchronizing object | 00_piano_Pedal lyre foot
Fra:1 Mem:254.02M (Peak 254.03M) | Time:00:00.18 | Mem:0.00M, Peak:0.00M | Scene, ViewLayer | Synchronizing object | cable_machine_label
Fra:1 Mem:254.22M (Peak 254.22M) | Time:00:00.18 | Mem:0.00M, Peak:0.00M | Scene, ViewLayer | Synchronizing object | 00_piano_Brass pedal
Fra:1 Mem:254.23M (Peak 254.23M) | Time:00:00.18 | Mem:0.00M, Peak:0.00M | Scene, ViewLayer | Synchronizing object | 00_piano_Brass pedal.002
Fra:1 Mem:254.26M (Peak 254.26M) | Time:00:00.18 | Mem:0.00M, Peak:0.00M | Scene, ViewLayer | Synchronizing object | 00_piano_Pianist bench
Fra:1 Mem:254.46M (Peak 254.46M) | Time:00:00.18 | Mem:0.00M, Peak:0.00M | Scene, ViewLayer | Synchronizing object | 00_piano_Bench leg
Fra:1 Mem:254.44M (Peak 254.46M) | Time:00:00.18 | Mem:0.00M, Peak:0.00M | Scene, ViewLayer | Synchronizing object | 00_piano_Bench leg.003
Fra:1 Mem:254.44M (Peak 254.46M) | Time:00:00.18 | Mem:0.00M, Peak:0.00M | Scene, ViewLayer | Synchronizing object | 00_piano_Bench leg.001
Fra:1 Mem:254.51M (Peak 254.51M) | Time:00:00.18 | Mem:0.00M, Peak:0.00M | Scene, ViewLayer | Synchronizing object | 01_treadmill_Side foot rail
Fra:1 Mem:254.56M (Peak 254.56M) | Time:00:00.18 | Mem:0.00M, Peak:0.00M | Scene, ViewLayer | Synchronizing object | gym_bench_label
Fra:1 Mem:254.56M (Peak 254.56M) | Time:00:00.18 | Mem:0.00M, Peak:0.00M | Scene, ViewLayer | Synchronizing object | 01_treadmill_Side foot rail.001
Fra:1 Mem:254.66M (Peak 254.67M) | Time:00:00.18 | Mem:0.00M, Peak:0.00M | Scene, ViewLayer | Synchronizing object | 01_treadmill_Inclined console post.001
Fra:1 Mem:254.76M (Peak 254.76M) | Time:00:00.18 | Mem:0.00M, Peak:0.00M | Scene, ViewLayer | Synchronizing object | 01_treadmill_Belt tread
Fra:1 Mem:254.77M (Peak 254.77M) | Time:00:00.18 | Mem:0.00M, Peak:0.00M | Scene, ViewLayer | Synchronizing object | 01_treadmill_Belt tread.001
Fra:1 Mem:254.75M (Peak 254.77M) | Time:00:00.18 | Mem:0.00M, Peak:0.00M | Scene, ViewLayer | Synchronizing object | 01_treadmill_Belt tread.003
Fra:1 Mem:254.77M (Peak 254.77M) | Time:00:00.18 | Mem:0.00M, Peak:0.00M | Scene, ViewLayer | Synchronizing object | 01_treadmill_Belt tread.004
Fra:1 Mem:254.77M (Peak 254.77M) | Time:00:00.18 | Mem:0.00M, Peak:0.00M | Scene, ViewLayer | Synchronizing object | 06_cinema_seat_Cupholder rim
Fra:1 Mem:254.76M (Peak 254.77M) | Time:00:00.18 | Mem:0.00M, Peak:0.00M | Scene, ViewLayer | Synchronizing object | 01_treadmill_Belt tread.009
Fra:1 Mem:254.83M (Peak 254.83M) | Time:00:00.18 | Mem:0.00M, Peak:0.00M | Scene, ViewLayer | Synchronizing object | 01_treadmill_Belt tread.010
Fra:1 Mem:254.84M (Peak 254.84M) | Time:00:00.18 | Mem:0.00M, Peak:0.00M | Scene, ViewLayer | Synchronizing object | 01_treadmill_Belt tread.011
Fra:1 Mem:254.86M (Peak 254.86M) | Time:00:00.18 | Mem:0.00M, Peak:0.00M | Scene, ViewLayer | Synchronizing object | 01_treadmill_Belt tread.012
Fra:1 Mem:254.86M (Peak 254.86M) | Time:00:00.18 | Mem:0.00M, Peak:0.00M | Scene, ViewLayer | Synchronizing object | 01_treadmill_Belt tread.013
Fra:1 Mem:254.86M (Peak 254.86M) | Time:00:00.18 | Mem:0.00M, Peak:0.00M | Scene, ViewLayer | Synchronizing object | 01_treadmill_Belt tread.014
Fra:1 Mem:254.86M (Peak 254.86M) | Time:00:00.18 | Mem:0.00M, Peak:0.00M | Scene, ViewLayer | Synchronizing object | 01_treadmill_Belt tread.015
Fra:1 Mem:254.87M (Peak 254.87M) | Time:00:00.18 | Mem:0.00M, Peak:0.00M | Scene, ViewLayer | Synchronizing object | 06_cinema_seat_Cupholder rim.001
Fra:1 Mem:254.87M (Peak 254.87M) | Time:00:00.18 | Mem:0.00M, Peak:0.00M | Scene, ViewLayer | Synchronizing object | 01_treadmill_Belt tread.019
Fra:1 Mem:254.87M (Peak 254.87M) | Time:00:00.18 | Mem:0.00M, Peak:0.00M | Scene, ViewLayer | Synchronizing object | 01_treadmill_Belt tread.020
Fra:1 Mem:254.91M (Peak 254.91M) | Time:00:00.18 | Mem:0.00M, Peak:0.00M | Scene, ViewLayer | Synchronizing object | 01_treadmill_Belt tread.021
Fra:1 Mem:254.95M (Peak 254.95M) | Time:00:00.18 | Mem:0.00M, Peak:0.00M | Scene, ViewLayer | Synchronizing object | 01_treadmill_Belt tread.022
Fra:1 Mem:254.95M (Peak 254.95M) | Time:00:00.18 | Mem:0.00M, Peak:0.00M | Scene, ViewLayer | Synchronizing object | 01_treadmill_Belt tread.023
Fra:1 Mem:254.97M (Peak 254.97M) | Time:00:00.18 | Mem:0.00M, Peak:0.00M | Scene, ViewLayer | Synchronizing object | 01_treadmill_Belt tread.024
Fra:1 Mem:254.97M (Peak 254.97M) | Time:00:00.18 | Mem:0.00M, Peak:0.00M | Scene, ViewLayer | Synchronizing object | 01_treadmill_Belt tread.026
Fra:1 Mem:254.97M (Peak 254.97M) | Time:00:00.18 | Mem:0.00M, Peak:0.00M | Scene, ViewLayer | Synchronizing object | 01_treadmill_Belt tread.027
Fra:1 Mem:254.97M (Peak 254.97M) | Time:00:00.18 | Mem:0.00M, Peak:0.00M | Scene, ViewLayer | Synchronizing object | 01_treadmill_Belt tread.028
Fra:1 Mem:254.98M (Peak 254.98M) | Time:00:00.18 | Mem:0.00M, Peak:0.00M | Scene, ViewLayer | Synchronizing object | 01_treadmill_Belt tread.029
Fra:1 Mem:254.98M (Peak 254.98M) | Time:00:00.18 | Mem:0.00M, Peak:0.00M | Scene, ViewLayer | Synchronizing object | 01_treadmill_Belt tread.030
Fra:1 Mem:254.98M (Peak 254.98M) | Time:00:00.18 | Mem:0.00M, Peak:0.00M | Scene, ViewLayer | Synchronizing object | 01_treadmill_Belt tread.031
Fra:1 Mem:254.98M (Peak 254.98M) | Time:00:00.18 | Mem:0.00M, Peak:0.00M | Scene, ViewLayer | Synchronizing object | 01_treadmill_Belt tread.033
Fra:1 Mem:254.98M (Peak 254.98M) | Time:00:00.18 | Mem:0.00M, Peak:0.00M | Scene, ViewLayer | Synchronizing object | 01_treadmill_Belt tread.034
Fra:1 Mem:254.99M (Peak 254.99M) | Time:00:00.18 | Mem:0.00M, Peak:0.00M | Scene, ViewLayer | Synchronizing object | 01_treadmill_Belt tread.035
Fra:1 Mem:254.99M (Peak 254.99M) | Time:00:00.18 | Mem:0.00M, Peak:0.00M | Scene, ViewLayer | Synchronizing object | 06_cinema_seat_Seat piping.001
Fra:1 Mem:254.99M (Peak 254.99M) | Time:00:00.18 | Mem:0.00M, Peak:0.00M | Scene, ViewLayer | Synchronizing object | 01_treadmill_Belt tread.037
Fra:1 Mem:254.99M (Peak 254.99M) | Time:00:00.18 | Mem:0.00M, Peak:0.00M | Scene, ViewLayer | Synchronizing object | 01_treadmill_Motor cowl
Fra:1 Mem:255.00M (Peak 255.00M) | Time:00:00.18 | Mem:0.00M, Peak:0.00M | Scene, ViewLayer | Synchronizing object | 06_cinema_seat_Back stitched channel
Fra:1 Mem:255.01M (Peak 255.01M) | Time:00:00.18 | Mem:0.00M, Peak:0.00M | Scene, ViewLayer | Synchronizing object | 01_treadmill_Console
Fra:1 Mem:255.03M (Peak 255.03M) | Time:00:00.18 | Mem:0.00M, Peak:0.00M | Scene, ViewLayer | Synchronizing object | 06_cinema_seat_Back stitched channel.001
Fra:1 Mem:255.03M (Peak 255.03M) | Time:00:00.18 | Mem:0.00M, Peak:0.00M | Scene, ViewLayer | Synchronizing object | cinema_seat_label
Fra:1 Mem:255.04M (Peak 255.04M) | Time:00:00.18 | Mem:0.00M, Peak:0.00M | Scene, ViewLayer | Synchronizing object | 01_treadmill_Display metric.001
Fra:1 Mem:255.16M (Peak 255.16M) | Time:00:00.18 | Mem:0.00M, Peak:0.00M | Scene, ViewLayer | Synchronizing object | 01_treadmill_Display metric.002
Fra:1 Mem:255.21M (Peak 255.21M) | Time:00:00.18 | Mem:0.00M, Peak:0.00M | Scene, ViewLayer | Synchronizing object | 01_treadmill_Display metric.003
Fra:1 Mem:255.22M (Peak 255.22M) | Time:00:00.18 | Mem:0.00M, Peak:0.00M | Scene, ViewLayer | Synchronizing object | 01_treadmill_Display metric.004
Fra:1 Mem:255.26M (Peak 255.26M) | Time:00:00.18 | Mem:0.00M, Peak:0.00M | Scene, ViewLayer | Synchronizing object | 07_car_Wheel arch rolled lip
Fra:1 Mem:255.24M (Peak 255.26M) | Time:00:00.18 | Mem:0.00M, Peak:0.00M | Scene, ViewLayer | Synchronizing object | 01_treadmill_Emergency stop
Fra:1 Mem:255.35M (Peak 255.35M) | Time:00:00.18 | Mem:0.00M, Peak:0.00M | Scene, ViewLayer | Synchronizing object | 01_treadmill_Isolated foot
Fra:1 Mem:255.37M (Peak 255.37M) | Time:00:00.18 | Mem:0.00M, Peak:0.00M | Scene, ViewLayer | Synchronizing object | 01_treadmill_Isolated foot.002
Fra:1 Mem:255.37M (Peak 255.37M) | Time:00:00.18 | Mem:0.00M, Peak:0.00M | Scene, ViewLayer | Synchronizing object | 01_treadmill_Isolated foot.003
Fra:1 Mem:255.41M (Peak 255.41M) | Time:00:00.18 | Mem:0.00M, Peak:0.00M | Scene, ViewLayer | Synchronizing object | 07_car_Wheel arch rolled lip.001
Fra:1 Mem:255.48M (Peak 255.48M) | Time:00:00.18 | Mem:0.00M, Peak:0.00M | Scene, ViewLayer | Synchronizing object | 02_dumbbell_rack_Rack foot
Fra:1 Mem:255.60M (Peak 255.60M) | Time:00:00.18 | Mem:0.00M, Peak:0.00M | Scene, ViewLayer | Synchronizing object | 02_dumbbell_rack_Rack upright
Fra:1 Mem:255.61M (Peak 255.61M) | Time:00:00.18 | Mem:0.00M, Peak:0.00M | Scene, ViewLayer | Synchronizing object | 02_dumbbell_rack_Rack foot.001
Fra:1 Mem:255.64M (Peak 255.64M) | Time:00:00.18 | Mem:0.00M, Peak:0.00M | Scene, ViewLayer | Synchronizing object | 02_dumbbell_rack_Weight shelf
Fra:1 Mem:255.69M (Peak 255.69M) | Time:00:00.18 | Mem:0.00M, Peak:0.00M | Scene, ViewLayer | Synchronizing object | 02_dumbbell_rack_Shelf lip
Fra:1 Mem:255.69M (Peak 255.69M) | Time:00:00.18 | Mem:0.00M, Peak:0.00M | Scene, ViewLayer | Synchronizing object | 02_dumbbell_rack_Knurled handle
Fra:1 Mem:255.75M (Peak 255.75M) | Time:00:00.18 | Mem:0.00M, Peak:0.00M | Scene, ViewLayer | Synchronizing object | 02_dumbbell_rack_Hex weight
Fra:1 Mem:255.75M (Peak 255.75M) | Time:00:00.18 | Mem:0.00M, Peak:0.00M | Scene, ViewLayer | Synchronizing object | 02_dumbbell_rack_Weight end cap
Fra:1 Mem:255.79M (Peak 255.79M) | Time:00:00.18 | Mem:0.00M, Peak:0.00M | Scene, ViewLayer | Synchronizing object | 02_dumbbell_rack_Hex weight.001
Fra:1 Mem:255.81M (Peak 255.81M) | Time:00:00.18 | Mem:0.00M, Peak:0.00M | Scene, ViewLayer | Synchronizing object | 07_car_Wheel arch rolled lip.003
Fra:1 Mem:255.87M (Peak 255.87M) | Time:00:00.18 | Mem:0.00M, Peak:0.00M | Scene, ViewLayer | Synchronizing object | 02_dumbbell_rack_Weight end cap.001
Fra:1 Mem:256.01M (Peak 256.01M) | Time:00:00.18 | Mem:0.00M, Peak:0.00M | Scene, ViewLayer | Synchronizing object | 02_dumbbell_rack_Knurled handle.001
Fra:1 Mem:255.98M (Peak 256.01M) | Time:00:00.18 | Mem:0.00M, Peak:0.00M | Scene, ViewLayer | Synchronizing object | 02_dumbbell_rack_Hex weight.002
Fra:1 Mem:256.04M (Peak 256.04M) | Time:00:00.18 | Mem:0.00M, Peak:0.00M | Scene, ViewLayer | Synchronizing object | 02_dumbbell_rack_Weight end cap.002
Fra:1 Mem:256.05M (Peak 256.05M) | Time:00:00.18 | Mem:0.00M, Peak:0.00M | Scene, ViewLayer | Synchronizing object | 02_dumbbell_rack_Hex weight.003
Fra:1 Mem:256.05M (Peak 256.05M) | Time:00:00.18 | Mem:0.00M, Peak:0.00M | Scene, ViewLayer | Synchronizing object | 02_dumbbell_rack_Weight end cap.003
Fra:1 Mem:256.07M (Peak 256.07M) | Time:00:00.18 | Mem:0.00M, Peak:0.00M | Scene, ViewLayer | Synchronizing object | 07_car_Window perimeter
Fra:1 Mem:256.03M (Peak 256.07M) | Time:00:00.18 | Mem:0.00M, Peak:0.00M | Scene, ViewLayer | Synchronizing object | 02_dumbbell_rack_Hex weight.005
Fra:1 Mem:256.08M (Peak 256.08M) | Time:00:00.18 | Mem:0.00M, Peak:0.00M | Scene, ViewLayer | Synchronizing object | 02_dumbbell_rack_Weight end cap.005
Fra:1 Mem:256.11M (Peak 256.11M) | Time:00:00.18 | Mem:0.00M, Peak:0.00M | Scene, ViewLayer | Synchronizing object | 02_dumbbell_rack_Knurled handle.003
Fra:1 Mem:256.11M (Peak 256.11M) | Time:00:00.18 | Mem:0.00M, Peak:0.00M | Scene, ViewLayer | Synchronizing object | 02_dumbbell_rack_Hex weight.006
Fra:1 Mem:256.15M (Peak 256.16M) | Time:00:00.18 | Mem:0.00M, Peak:0.00M | Scene, ViewLayer | Synchronizing object | 07_car_Door shut line
Fra:1 Mem:256.21M (Peak 256.21M) | Time:00:00.18 | Mem:0.00M, Peak:0.00M | Scene, ViewLayer | Synchronizing object | 02_dumbbell_rack_Hex weight.007
Fra:1 Mem:256.22M (Peak 256.22M) | Time:00:00.18 | Mem:0.00M, Peak:0.00M | Scene, ViewLayer | Synchronizing object | 02_dumbbell_rack_Weight end cap.007
Fra:1 Mem:256.24M (Peak 256.24M) | Time:00:00.18 | Mem:0.00M, Peak:0.00M | Scene, ViewLayer | Synchronizing object | 02_dumbbell_rack_Hex weight.008
Fra:1 Mem:256.26M (Peak 256.26M) | Time:00:00.18 | Mem:0.00M, Peak:0.00M | Scene, ViewLayer | Synchronizing object | 02_dumbbell_rack_Weight end cap.008
Fra:1 Mem:256.27M (Peak 256.27M) | Time:00:00.18 | Mem:0.00M, Peak:0.00M | Scene, ViewLayer | Synchronizing object | 02_dumbbell_rack_Hex weight.009
Fra:1 Mem:256.29M (Peak 256.29M) | Time:00:00.18 | Mem:0.00M, Peak:0.00M | Scene, ViewLayer | Synchronizing object | 07_car_Rounded tire
Fra:1 Mem:256.29M (Peak 256.29M) | Time:00:00.18 | Mem:0.00M, Peak:0.00M | Scene, ViewLayer | Synchronizing object | 02_dumbbell_rack_Knurled handle.005
Fra:1 Mem:256.38M (Peak 256.38M) | Time:00:00.18 | Mem:0.00M, Peak:0.00M | Scene, ViewLayer | Synchronizing object | 02_dumbbell_rack_Hex weight.010
Fra:1 Mem:256.36M (Peak 256.38M) | Time:00:00.18 | Mem:0.00M, Peak:0.00M | Scene, ViewLayer | Synchronizing object | 02_dumbbell_rack_Weight end cap.010
Fra:1 Mem:256.50M (Peak 256.50M) | Time:00:00.18 | Mem:0.00M, Peak:0.00M | Scene, ViewLayer | Synchronizing object | 02_dumbbell_rack_Hex weight.011
Fra:1 Mem:256.60M (Peak 256.59M) | Time:00:00.18 | Mem:0.00M, Peak:0.00M | Scene, ViewLayer | Synchronizing object | 02_dumbbell_rack_Weight end cap.011
Fra:1 Mem:256.59M (Peak 256.59M) | Time:00:00.18 | Mem:0.00M, Peak:0.00M | Scene, ViewLayer | Synchronizing object | 07_car_Polished rim
Fra:1 Mem:256.59M (Peak 256.59M) | Time:00:00.18 | Mem:0.00M, Peak:0.00M | Scene, ViewLayer | Synchronizing object | 02_dumbbell_rack_Weight shelf.001
Fra:1 Mem:256.70M (Peak 256.70M) | Time:00:00.18 | Mem:0.00M, Peak:0.00M | Scene, ViewLayer | Synchronizing object | 02_dumbbell_rack_Knurled handle.006
Fra:1 Mem:256.64M (Peak 256.70M) | Time:00:00.18 | Mem:0.00M, Peak:0.00M | Scene, ViewLayer | Synchronizing object | 02_dumbbell_rack_Hex weight.012
Fra:1 Mem:256.72M (Peak 256.72M) | Time:00:00.18 | Mem:0.00M, Peak:0.00M | Scene, ViewLayer | Synchronizing object | 02_dumbbell_rack_Hex weight.013
Fra:1 Mem:256.71M (Peak 256.72M) | Time:00:00.18 | Mem:0.00M, Peak:0.00M | Scene, ViewLayer | Synchronizing object | 02_dumbbell_rack_Knurled handle.007
Fra:1 Mem:256.75M (Peak 256.75M) | Time:00:00.18 | Mem:0.00M, Peak:0.00M | Scene, ViewLayer | Synchronizing object | 02_dumbbell_rack_Hex weight.014
Fra:1 Mem:256.77M (Peak 256.77M) | Time:00:00.18 | Mem:0.00M, Peak:0.00M | Scene, ViewLayer | Synchronizing object | 07_car_Rounded tire.001
Fra:1 Mem:256.83M (Peak 256.83M) | Time:00:00.18 | Mem:0.00M, Peak:0.00M | Scene, ViewLayer | Synchronizing object | 02_dumbbell_rack_Weight end cap.014
Fra:1 Mem:256.83M (Peak 256.83M) | Time:00:00.18 | Mem:0.00M, Peak:0.00M | Scene, ViewLayer | Synchronizing object | 02_dumbbell_rack_Hex weight.015
Fra:1 Mem:256.86M (Peak 256.86M) | Time:00:00.18 | Mem:0.00M, Peak:0.00M | Scene, ViewLayer | Synchronizing object | 02_dumbbell_rack_Weight end cap.015
Fra:1 Mem:256.86M (Peak 256.86M) | Time:00:00.18 | Mem:0.00M, Peak:0.00M | Scene, ViewLayer | Synchronizing object | 02_dumbbell_rack_Hex weight.016
Fra:1 Mem:256.91M (Peak 256.91M) | Time:00:00.18 | Mem:0.00M, Peak:0.00M | Scene, ViewLayer | Synchronizing object | 02_dumbbell_rack_Weight end cap.016
Fra:1 Mem:256.97M (Peak 256.97M) | Time:00:00.18 | Mem:0.00M, Peak:0.00M | Scene, ViewLayer | Synchronizing object | 02_dumbbell_rack_Weight end cap.017
Fra:1 Mem:257.02M (Peak 257.02M) | Time:00:00.18 | Mem:0.00M, Peak:0.00M | Scene, ViewLayer | Synchronizing object | 02_dumbbell_rack_Knurled handle.009
Fra:1 Mem:257.06M (Peak 257.06M) | Time:00:00.18 | Mem:0.00M, Peak:0.00M | Scene, ViewLayer | Synchronizing object | 07_car_Polished rim.001
Fra:1 Mem:257.15M (Peak 257.15M) | Time:00:00.18 | Mem:0.00M, Peak:0.00M | Scene, ViewLayer | Synchronizing object | 02_dumbbell_rack_Hex weight.018
Fra:1 Mem:257.18M (Peak 257.18M) | Time:00:00.18 | Mem:0.00M, Peak:0.00M | Scene, ViewLayer | Synchronizing object | 02_dumbbell_rack_Weight end cap.018
Fra:1 Mem:257.18M (Peak 257.18M) | Time:00:00.18 | Mem:0.00M, Peak:0.00M | Scene, ViewLayer | Synchronizing object | 02_dumbbell_rack_Weight end cap.019
Fra:1 Mem:257.24M (Peak 257.25M) | Time:00:00.18 | Mem:0.00M, Peak:0.00M | Scene, ViewLayer | Synchronizing object | 02_dumbbell_rack_Knurled handle.010
Fra:1 Mem:257.27M (Peak 257.27M) | Time:00:00.18 | Mem:0.00M, Peak:0.00M | Scene, ViewLayer | Synchronizing object | 07_car_Window perimeter.001
Fra:1 Mem:257.28M (Peak 257.28M) | Time:00:00.18 | Mem:0.00M, Peak:0.00M | Scene, ViewLayer | Synchronizing object | 02_dumbbell_rack_Weight end cap.020
Fra:1 Mem:257.30M (Peak 257.30M) | Time:00:00.18 | Mem:0.00M, Peak:0.00M | Scene, ViewLayer | Synchronizing object | 02_dumbbell_rack_Weight end cap.021
Fra:1 Mem:257.35M (Peak 257.35M) | Time:00:00.18 | Mem:0.00M, Peak:0.00M | Scene, ViewLayer | Synchronizing object | 02_dumbbell_rack_Knurled handle.011
Fra:1 Mem:257.41M (Peak 257.41M) | Time:00:00.18 | Mem:0.00M, Peak:0.00M | Scene, ViewLayer | Synchronizing object | 02_dumbbell_rack_Hex weight.022
Fra:1 Mem:257.39M (Peak 257.41M) | Time:00:00.18 | Mem:0.00M, Peak:0.00M | Scene, ViewLayer | Synchronizing object | 07_car_Door shut line.001
Fra:1 Mem:257.39M (Peak 257.41M) | Time:00:00.18 | Mem:0.00M, Peak:0.00M | Scene, ViewLayer | Synchronizing object | 02_dumbbell_rack_Hex weight.023
Fra:1 Mem:257.40M (Peak 257.41M) | Time:00:00.18 | Mem:0.00M, Peak:0.00M | Scene, ViewLayer | Synchronizing object | 02_dumbbell_rack_Weight end cap.023
Fra:1 Mem:257.47M (Peak 257.47M) | Time:00:00.18 | Mem:0.00M, Peak:0.00M | Scene, ViewLayer | Synchronizing object | 02_dumbbell_rack_Weight shelf.002
Fra:1 Mem:257.48M (Peak 257.48M) | Time:00:00.18 | Mem:0.00M, Peak:0.00M | Scene, ViewLayer | Synchronizing object | 07_car_Rounded tire.002
Fra:1 Mem:257.53M (Peak 257.53M) | Time:00:00.18 | Mem:0.00M, Peak:0.00M | Scene, ViewLayer | Synchronizing object | 02_dumbbell_rack_Shelf lip.004
Fra:1 Mem:257.63M (Peak 257.63M) | Time:00:00.18 | Mem:0.00M, Peak:0.00M | Scene, ViewLayer | Synchronizing object | 02_dumbbell_rack_Knurled handle.012
Fra:1 Mem:257.63M (Peak 257.63M) | Time:00:00.18 | Mem:0.00M, Peak:0.00M | Scene, ViewLayer | Synchronizing object | 02_dumbbell_rack_Hex weight.024
Fra:1 Mem:257.68M (Peak 257.68M) | Time:00:00.18 | Mem:0.00M, Peak:0.00M | Scene, ViewLayer | Synchronizing object | 02_dumbbell_rack_Weight end cap.024
Fra:1 Mem:257.71M (Peak 257.71M) | Time:00:00.18 | Mem:0.00M, Peak:0.00M | Scene, ViewLayer | Synchronizing object | 07_car_Polished rim.002
Fra:1 Mem:257.70M (Peak 257.71M) | Time:00:00.18 | Mem:0.00M, Peak:0.00M | Scene, ViewLayer | Synchronizing object | 02_dumbbell_rack_Knurled handle.013
Fra:1 Mem:257.79M (Peak 257.79M) | Time:00:00.18 | Mem:0.00M, Peak:0.00M | Scene, ViewLayer | Synchronizing object | 02_dumbbell_rack_Weight end cap.026
Fra:1 Mem:257.88M (Peak 257.88M) | Time:00:00.18 | Mem:0.00M, Peak:0.00M | Scene, ViewLayer | Synchronizing object | 02_dumbbell_rack_Hex weight.027
Fra:1 Mem:257.90M (Peak 257.90M) | Time:00:00.18 | Mem:0.00M, Peak:0.00M | Scene, ViewLayer | Synchronizing object | 02_dumbbell_rack_Weight end cap.027
Fra:1 Mem:257.89M (Peak 257.90M) | Time:00:00.18 | Mem:0.00M, Peak:0.00M | Scene, ViewLayer | Synchronizing object | 02_dumbbell_rack_Knurled handle.014
Fra:1 Mem:257.98M (Peak 257.98M) | Time:00:00.18 | Mem:0.00M, Peak:0.00M | Scene, ViewLayer | Synchronizing object | 02_dumbbell_rack_Hex weight.028
Fra:1 Mem:258.01M (Peak 258.01M) | Time:00:00.18 | Mem:0.00M, Peak:0.00M | Scene, ViewLayer | Synchronizing object | 02_dumbbell_rack_Weight end cap.028
Fra:1 Mem:258.03M (Peak 258.03M) | Time:00:00.18 | Mem:0.00M, Peak:0.00M | Scene, ViewLayer | Synchronizing object | 02_dumbbell_rack_Hex weight.029
Fra:1 Mem:258.00M (Peak 258.03M) | Time:00:00.18 | Mem:0.00M, Peak:0.00M | Scene, ViewLayer | Synchronizing object | 02_dumbbell_rack_Weight end cap.029
Fra:1 Mem:258.00M (Peak 258.03M) | Time:00:00.18 | Mem:0.00M, Peak:0.00M | Scene, ViewLayer | Synchronizing object | 02_dumbbell_rack_Knurled handle.015
Fra:1 Mem:258.05M (Peak 258.05M) | Time:00:00.18 | Mem:0.00M, Peak:0.00M | Scene, ViewLayer | Synchronizing object | 02_dumbbell_rack_Hex weight.030
Fra:1 Mem:258.09M (Peak 258.09M) | Time:00:00.18 | Mem:0.00M, Peak:0.00M | Scene, ViewLayer | Synchronizing object | 02_dumbbell_rack_Weight end cap.030
Fra:1 Mem:258.09M (Peak 258.09M) | Time:00:00.18 | Mem:0.00M, Peak:0.00M | Scene, ViewLayer | Synchronizing object | 02_dumbbell_rack_Hex weight.031
Fra:1 Mem:258.12M (Peak 258.12M) | Time:00:00.18 | Mem:0.00M, Peak:0.00M | Scene, ViewLayer | Synchronizing object | 02_dumbbell_rack_Knurled handle.016
Fra:1 Mem:258.19M (Peak 258.19M) | Time:00:00.18 | Mem:0.00M, Peak:0.00M | Scene, ViewLayer | Synchronizing object | 02_dumbbell_rack_Hex weight.032
Fra:1 Mem:258.25M (Peak 258.25M) | Time:00:00.18 | Mem:0.00M, Peak:0.00M | Scene, ViewLayer | Synchronizing object | 02_dumbbell_rack_Weight end cap.032
Fra:1 Mem:258.25M (Peak 258.25M) | Time:00:00.18 | Mem:0.00M, Peak:0.00M | Scene, ViewLayer | Synchronizing object | 02_dumbbell_rack_Hex weight.033
Fra:1 Mem:258.30M (Peak 258.30M) | Time:00:00.18 | Mem:0.00M, Peak:0.00M | Scene, ViewLayer | Synchronizing object | 02_dumbbell_rack_Weight end cap.033
Fra:1 Mem:258.36M (Peak 258.36M) | Time:00:00.18 | Mem:0.00M, Peak:0.00M | Scene, ViewLayer | Synchronizing object | 07_car_Polished rim.003
Fra:1 Mem:258.34M (Peak 258.36M) | Time:00:00.18 | Mem:0.00M, Peak:0.00M | Scene, ViewLayer | Synchronizing object | 02_dumbbell_rack_Knurled handle.017
Fra:1 Mem:258.34M (Peak 258.36M) | Time:00:00.18 | Mem:0.00M, Peak:0.00M | Scene, ViewLayer | Synchronizing object | 02_dumbbell_rack_Hex weight.034
Fra:1 Mem:258.41M (Peak 258.40M) | Time:00:00.18 | Mem:0.00M, Peak:0.00M | Scene, ViewLayer | Synchronizing object | 02_dumbbell_rack_Hex weight.035
Fra:1 Mem:258.42M (Peak 258.42M) | Time:00:00.18 | Mem:0.00M, Peak:0.00M | Scene, ViewLayer | Synchronizing object | 02_dumbbell_rack_Weight end cap.035
Fra:1 Mem:258.44M (Peak 258.44M) | Time:00:00.18 | Mem:0.00M, Peak:0.00M | Scene, ViewLayer | Synchronizing object | 03_power_rack_Rack ground rail
Fra:1 Mem:258.57M (Peak 258.57M) | Time:00:00.18 | Mem:0.00M, Peak:0.00M | Scene, ViewLayer | Synchronizing object | 03_power_rack_Perforated steel upright
Fra:1 Mem:258.58M (Peak 258.58M) | Time:00:00.18 | Mem:0.00M, Peak:0.00M | Scene, ViewLayer | Synchronizing object | 03_power_rack_Adjustment aperture.001
Fra:1 Mem:258.59M (Peak 258.59M) | Time:00:00.18 | Mem:0.00M, Peak:0.00M | Scene, ViewLayer | Synchronizing object | 03_power_rack_Adjustment aperture.002
Fra:1 Mem:258.60M (Peak 258.60M) | Time:00:00.18 | Mem:0.00M, Peak:0.00M | Scene, ViewLayer | Synchronizing object | 03_power_rack_Adjustment aperture.004
Fra:1 Mem:258.61M (Peak 258.61M) | Time:00:00.18 | Mem:0.00M, Peak:0.00M | Scene, ViewLayer | Synchronizing object | 03_power_rack_Adjustment aperture.005
Fra:1 Mem:258.68M (Peak 258.68M) | Time:00:00.18 | Mem:0.00M, Peak:0.00M | Scene, ViewLayer | Synchronizing object | 03_power_rack_Adjustment aperture.006
Fra:1 Mem:258.69M (Peak 258.69M) | Time:00:00.18 | Mem:0.00M, Peak:0.00M | Scene, ViewLayer | Synchronizing object | 03_power_rack_Adjustment aperture.008
Fra:1 Mem:258.71M (Peak 258.71M) | Time:00:00.18 | Mem:0.00M, Peak:0.00M | Scene, ViewLayer | Synchronizing object | 03_power_rack_Adjustment aperture.009
Fra:1 Mem:258.74M (Peak 258.74M) | Time:00:00.18 | Mem:0.00M, Peak:0.00M | Scene, ViewLayer | Synchronizing object | 03_power_rack_Adjustment aperture.010
Fra:1 Mem:258.71M (Peak 258.74M) | Time:00:00.18 | Mem:0.00M, Peak:0.00M | Scene, ViewLayer | Synchronizing object | 03_power_rack_Adjustment aperture.011
Fra:1 Mem:258.74M (Peak 258.74M) | Time:00:00.18 | Mem:0.00M, Peak:0.00M | Scene, ViewLayer | Synchronizing object | 03_power_rack_Adjustment aperture.013
Fra:1 Mem:258.75M (Peak 258.75M) | Time:00:00.18 | Mem:0.00M, Peak:0.00M | Scene, ViewLayer | Synchronizing object | 03_power_rack_Adjustment aperture.014
Fra:1 Mem:258.77M (Peak 258.77M) | Time:00:00.18 | Mem:0.00M, Peak:0.00M | Scene, ViewLayer | Synchronizing object | 03_power_rack_Adjustment aperture.015
Fra:1 Mem:258.84M (Peak 258.84M) | Time:00:00.18 | Mem:0.00M, Peak:0.00M | Scene, ViewLayer | Synchronizing object | 07_car_Steering wheel
Fra:1 Mem:258.89M (Peak 258.89M) | Time:00:00.18 | Mem:0.00M, Peak:0.00M | Scene, ViewLayer | Synchronizing object | 03_power_rack_Adjustment aperture.016
Fra:1 Mem:258.95M (Peak 258.95M) | Time:00:00.18 | Mem:0.00M, Peak:0.00M | Scene, ViewLayer | Synchronizing object | 03_power_rack_Adjustment aperture.017
Fra:1 Mem:258.98M (Peak 258.98M) | Time:00:00.18 | Mem:0.00M, Peak:0.00M | Scene, ViewLayer | Synchronizing object | 03_power_rack_Adjustment aperture.018
Fra:1 Mem:258.98M (Peak 258.98M) | Time:00:00.18 | Mem:0.00M, Peak:0.00M | Scene, ViewLayer | Synchronizing object | car_label
Fra:1 Mem:259.03M (Peak 259.03M) | Time:00:00.18 | Mem:0.00M, Peak:0.00M | Scene, ViewLayer | Synchronizing object | 03_power_rack_Adjustment aperture.020
Fra:1 Mem:259.03M (Peak 259.03M) | Time:00:00.18 | Mem:0.00M, Peak:0.00M | Scene, ViewLayer | Synchronizing object | 03_power_rack_Adjustment aperture.021
Fra:1 Mem:259.14M (Peak 259.14M) | Time:00:00.18 | Mem:0.00M, Peak:0.00M | Scene, ViewLayer | Synchronizing object | 03_power_rack_Adjustment aperture.022
Fra:1 Mem:259.17M (Peak 259.17M) | Time:00:00.18 | Mem:0.00M, Peak:0.00M | Scene, ViewLayer | Synchronizing object | 03_power_rack_Adjustment aperture.024
Fra:1 Mem:259.15M (Peak 259.17M) | Time:00:00.18 | Mem:0.00M, Peak:0.00M | Scene, ViewLayer | Synchronizing object | 08_kitchen_Swan neck mixer
Fra:1 Mem:259.15M (Peak 259.17M) | Time:00:00.18 | Mem:0.00M, Peak:0.00M | Scene, ViewLayer | Synchronizing object | 03_power_rack_Adjustment aperture.029
Fra:1 Mem:259.16M (Peak 259.17M) | Time:00:00.18 | Mem:0.00M, Peak:0.00M | Scene, ViewLayer | Synchronizing object | 03_power_rack_Adjustment aperture.030
Fra:1 Mem:259.21M (Peak 259.21M) | Time:00:00.18 | Mem:0.00M, Peak:0.00M | Scene, ViewLayer | Synchronizing object | 03_power_rack_Adjustment aperture.033
Fra:1 Mem:259.25M (Peak 259.25M) | Time:00:00.18 | Mem:0.00M, Peak:0.00M | Scene, ViewLayer | Synchronizing object | 03_power_rack_Adjustment aperture.034
Fra:1 Mem:259.30M (Peak 259.30M) | Time:00:00.18 | Mem:0.00M, Peak:0.00M | Scene, ViewLayer | Synchronizing object | 03_power_rack_Adjustment aperture.035
Fra:1 Mem:259.29M (Peak 259.30M) | Time:00:00.18 | Mem:0.00M, Peak:0.00M | Scene, ViewLayer | Synchronizing object | 03_power_rack_Adjustment aperture.038
Fra:1 Mem:259.29M (Peak 259.30M) | Time:00:00.18 | Mem:0.00M, Peak:0.00M | Scene, ViewLayer | Synchronizing object | 03_power_rack_Top cross member.001
Fra:1 Mem:259.34M (Peak 259.34M) | Time:00:00.18 | Mem:0.00M, Peak:0.00M | Scene, ViewLayer | Synchronizing object | 03_power_rack_Safety spotter rail
Fra:1 Mem:259.37M (Peak 259.37M) | Time:00:00.18 | Mem:0.00M, Peak:0.00M | Scene, ViewLayer | Synchronizing object | 03_power_rack_Barbell J hook
Fra:1 Mem:259.39M (Peak 259.39M) | Time:00:00.18 | Mem:0.00M, Peak:0.00M | Scene, ViewLayer | Synchronizing object | 03_power_rack_Stored plate
Fra:1 Mem:259.39M (Peak 259.39M) | Time:00:00.18 | Mem:0.00M, Peak:0.00M | Scene, ViewLayer | Synchronizing object | 03_power_rack_Plate storage peg.001
Fra:1 Mem:259.40M (Peak 259.40M) | Time:00:00.18 | Mem:0.00M, Peak:0.00M | Scene, ViewLayer | Synchronizing object | 03_power_rack_Stored plate.001
Fra:1 Mem:259.42M (Peak 259.42M) | Time:00:00.18 | Mem:0.00M, Peak:0.00M | Scene, ViewLayer | Synchronizing object | 08_kitchen_Induction zone
Fra:1 Mem:259.59M (Peak 259.59M) | Time:00:00.18 | Mem:0.00M, Peak:0.00M | Scene, ViewLayer | Synchronizing object | 03_power_rack_Stored plate.002
Fra:1 Mem:259.60M (Peak 259.60M) | Time:00:00.18 | Mem:0.00M, Peak:0.00M | Scene, ViewLayer | Synchronizing object | 03_power_rack_Rack ground rail.001
Fra:1 Mem:259.74M (Peak 259.74M) | Time:00:00.18 | Mem:0.00M, Peak:0.00M | Scene, ViewLayer | Synchronizing object | 03_power_rack_Perforated steel upright.002
Fra:1 Mem:259.76M (Peak 259.76M) | Time:00:00.18 | Mem:0.00M, Peak:0.00M | Scene, ViewLayer | Synchronizing object | 03_power_rack_Adjustment aperture.040
Fra:1 Mem:259.76M (Peak 259.76M) | Time:00:00.18 | Mem:0.00M, Peak:0.00M | Scene, ViewLayer | Synchronizing object | 03_power_rack_Adjustment aperture.042
Fra:1 Mem:259.81M (Peak 259.81M) | Time:00:00.18 | Mem:0.00M, Peak:0.00M | Scene, ViewLayer | Synchronizing object | 03_power_rack_Adjustment aperture.043
Fra:1 Mem:259.81M (Peak 259.81M) | Time:00:00.18 | Mem:0.00M, Peak:0.00M | Scene, ViewLayer | Synchronizing object | 03_power_rack_Adjustment aperture.044
Fra:1 Mem:259.82M (Peak 259.82M) | Time:00:00.18 | Mem:0.00M, Peak:0.00M | Scene, ViewLayer | Synchronizing object | 03_power_rack_Adjustment aperture.045
Fra:1 Mem:259.87M (Peak 259.87M) | Time:00:00.18 | Mem:0.00M, Peak:0.00M | Scene, ViewLayer | Synchronizing object | 03_power_rack_Adjustment aperture.046
Fra:1 Mem:259.92M (Peak 259.92M) | Time:00:00.18 | Mem:0.00M, Peak:0.00M | Scene, ViewLayer | Synchronizing object | 03_power_rack_Adjustment aperture.048
Fra:1 Mem:259.95M (Peak 259.95M) | Time:00:00.18 | Mem:0.00M, Peak:0.00M | Scene, ViewLayer | Synchronizing object | 03_power_rack_Adjustment aperture.050
Fra:1 Mem:259.96M (Peak 259.96M) | Time:00:00.18 | Mem:0.00M, Peak:0.00M | Scene, ViewLayer | Synchronizing object | 03_power_rack_Adjustment aperture.051
Fra:1 Mem:260.02M (Peak 260.02M) | Time:00:00.18 | Mem:0.00M, Peak:0.00M | Scene, ViewLayer | Synchronizing object | 03_power_rack_Adjustment aperture.052
Fra:1 Mem:260.05M (Peak 260.05M) | Time:00:00.18 | Mem:0.00M, Peak:0.00M | Scene, ViewLayer | Synchronizing object | 03_power_rack_Adjustment aperture.053
Fra:1 Mem:260.07M (Peak 260.07M) | Time:00:00.18 | Mem:0.00M, Peak:0.00M | Scene, ViewLayer | Synchronizing object | 03_power_rack_Adjustment aperture.054
Fra:1 Mem:260.08M (Peak 260.08M) | Time:00:00.18 | Mem:0.00M, Peak:0.00M | Scene, ViewLayer | Synchronizing object | 03_power_rack_Adjustment aperture.056
Fra:1 Mem:260.11M (Peak 260.11M) | Time:00:00.18 | Mem:0.00M, Peak:0.00M | Scene, ViewLayer | Synchronizing object | 03_power_rack_Adjustment aperture.057
Fra:1 Mem:260.11M (Peak 260.11M) | Time:00:00.18 | Mem:0.00M, Peak:0.00M | Scene, ViewLayer | Synchronizing object | 03_power_rack_Adjustment aperture.058
Fra:1 Mem:260.14M (Peak 260.14M) | Time:00:00.18 | Mem:0.00M, Peak:0.00M | Scene, ViewLayer | Synchronizing object | 03_power_rack_Adjustment aperture.059
Fra:1 Mem:260.27M (Peak 260.27M) | Time:00:00.18 | Mem:0.00M, Peak:0.00M | Scene, ViewLayer | Synchronizing object | 03_power_rack_Top cross member.002
Fra:1 Mem:260.28M (Peak 260.28M) | Time:00:00.18 | Mem:0.00M, Peak:0.00M | Scene, ViewLayer | Synchronizing object | 03_power_rack_Perforated steel upright.003
Fra:1 Mem:260.30M (Peak 260.30M) | Time:00:00.18 | Mem:0.00M, Peak:0.00M | Scene, ViewLayer | Synchronizing object | 03_power_rack_Adjustment aperture.060
Fra:1 Mem:260.36M (Peak 260.36M) | Time:00:00.18 | Mem:0.00M, Peak:0.00M | Scene, ViewLayer | Synchronizing object | 03_power_rack_Adjustment aperture.061
Fra:1 Mem:260.37M (Peak 260.37M) | Time:00:00.18 | Mem:0.00M, Peak:0.00M | Scene, ViewLayer | Synchronizing object | 03_power_rack_Adjustment aperture.063
Fra:1 Mem:260.36M (Peak 260.37M) | Time:00:00.18 | Mem:0.00M, Peak:0.00M | Scene, ViewLayer | Synchronizing object | 03_power_rack_Adjustment aperture.064
Fra:1 Mem:260.37M (Peak 260.37M) | Time:00:00.18 | Mem:0.00M, Peak:0.00M | Scene, ViewLayer | Synchronizing object | 03_power_rack_Adjustment aperture.065
Fra:1 Mem:260.41M (Peak 260.41M) | Time:00:00.18 | Mem:0.00M, Peak:0.00M | Scene, ViewLayer | Synchronizing object | 03_power_rack_Adjustment aperture.067
Fra:1 Mem:260.39M (Peak 260.41M) | Time:00:00.18 | Mem:0.00M, Peak:0.00M | Scene, ViewLayer | Synchronizing object | 03_power_rack_Adjustment aperture.068
Fra:1 Mem:260.39M (Peak 260.41M) | Time:00:00.18 | Mem:0.00M, Peak:0.00M | Scene, ViewLayer | Synchronizing object | 03_power_rack_Adjustment aperture.069
Fra:1 Mem:260.44M (Peak 260.44M) | Time:00:00.18 | Mem:0.00M, Peak:0.00M | Scene, ViewLayer | Synchronizing object | 03_power_rack_Adjustment aperture.070
Fra:1 Mem:260.43M (Peak 260.44M) | Time:00:00.18 | Mem:0.00M, Peak:0.00M | Scene, ViewLayer | Synchronizing object | 03_power_rack_Adjustment aperture.071
Fra:1 Mem:260.44M (Peak 260.44M) | Time:00:00.18 | Mem:0.00M, Peak:0.00M | Scene, ViewLayer | Synchronizing object | 03_power_rack_Adjustment aperture.072
Fra:1 Mem:260.47M (Peak 260.46M) | Time:00:00.18 | Mem:0.00M, Peak:0.00M | Scene, ViewLayer | Synchronizing object | 03_power_rack_Adjustment aperture.073
Fra:1 Mem:260.46M (Peak 260.46M) | Time:00:00.18 | Mem:0.00M, Peak:0.00M | Scene, ViewLayer | Synchronizing object | 03_power_rack_Adjustment aperture.074
Fra:1 Mem:260.45M (Peak 260.46M) | Time:00:00.18 | Mem:0.00M, Peak:0.00M | Scene, ViewLayer | Synchronizing object | 03_power_rack_Adjustment aperture.076
Fra:1 Mem:260.58M (Peak 260.58M) | Time:00:00.18 | Mem:0.00M, Peak:0.00M | Scene, ViewLayer | Synchronizing object | 03_power_rack_Adjustment aperture.077
Fra:1 Mem:260.59M (Peak 260.59M) | Time:00:00.18 | Mem:0.00M, Peak:0.00M | Scene, ViewLayer | Synchronizing object | 03_power_rack_Adjustment aperture.079
Fra:1 Mem:260.60M (Peak 260.60M) | Time:00:00.18 | Mem:0.00M, Peak:0.00M | Scene, ViewLayer | Synchronizing object | 03_power_rack_Top cross member.003
Fra:1 Mem:260.67M (Peak 260.67M) | Time:00:00.18 | Mem:0.00M, Peak:0.00M | Scene, ViewLayer | Synchronizing object | 03_power_rack_Safety spotter rail.001
Fra:1 Mem:260.67M (Peak 260.67M) | Time:00:00.18 | Mem:0.00M, Peak:0.00M | Scene, ViewLayer | Synchronizing object | 03_power_rack_Barbell J hook.001
Fra:1 Mem:260.73M (Peak 260.73M) | Time:00:00.18 | Mem:0.00M, Peak:0.00M | Scene, ViewLayer | Synchronizing object | 08_kitchen_Induction zone.002
Fra:1 Mem:260.70M (Peak 260.73M) | Time:00:00.18 | Mem:0.00M, Peak:0.00M | Scene, ViewLayer | Synchronizing object | 03_power_rack_Plate storage peg.003
Fra:1 Mem:260.74M (Peak 260.74M) | Time:00:00.18 | Mem:0.00M, Peak:0.00M | Scene, ViewLayer | Synchronizing object | 03_power_rack_Stored plate.003
Fra:1 Mem:260.76M (Peak 260.76M) | Time:00:00.18 | Mem:0.00M, Peak:0.00M | Scene, ViewLayer | Synchronizing object | 03_power_rack_Plate storage peg.004
Fra:1 Mem:260.88M (Peak 260.88M) | Time:00:00.18 | Mem:0.00M, Peak:0.00M | Scene, ViewLayer | Synchronizing object | 03_power_rack_Stored plate.004
Fra:1 Mem:260.87M (Peak 260.88M) | Time:00:00.18 | Mem:0.00M, Peak:0.00M | Scene, ViewLayer | Synchronizing object | 03_power_rack_Plate storage peg.005
Fra:1 Mem:260.95M (Peak 260.95M) | Time:00:00.18 | Mem:0.00M, Peak:0.00M | Scene, ViewLayer | Synchronizing object | 03_power_rack_Pull up bar
Fra:1 Mem:260.91M (Peak 260.95M) | Time:00:00.18 | Mem:0.00M, Peak:0.00M | Scene, ViewLayer | Synchronizing object | 03_power_rack_Olympic bar
Fra:1 Mem:261.09M (Peak 261.09M) | Time:00:00.18 | Mem:0.00M, Peak:0.00M | Scene, ViewLayer | Synchronizing object | 08_kitchen_Induction inner zone.002
Fra:1 Mem:261.23M (Peak 261.23M) | Time:00:00.18 | Mem:0.00M, Peak:0.00M | Scene, ViewLayer | Synchronizing object | 03_power_rack_Loaded bumper plate
Fra:1 Mem:261.22M (Peak 261.23M) | Time:00:00.18 | Mem:0.00M, Peak:0.00M | Scene, ViewLayer | Synchronizing object | 03_power_rack_Loaded bumper plate.001
Fra:1 Mem:261.21M (Peak 261.23M) | Time:00:00.18 | Mem:0.00M, Peak:0.00M | Scene, ViewLayer | Synchronizing object | 03_power_rack_Loaded bumper plate.002
Fra:1 Mem:261.22M (Peak 261.23M) | Time:00:00.18 | Mem:0.00M, Peak:0.00M | Scene, ViewLayer | Synchronizing object | 08_kitchen_Induction zone.003
Fra:1 Mem:261.45M (Peak 261.45M) | Time:00:00.18 | Mem:0.00M, Peak:0.00M | Scene, ViewLayer | Synchronizing object | 03_power_rack_Plate steel hub.002
Fra:1 Mem:261.54M (Peak 261.54M) | Time:00:00.18 | Mem:0.00M, Peak:0.00M | Scene, ViewLayer | Synchronizing object | 03_power_rack_Loaded bumper plate.003
Fra:1 Mem:261.55M (Peak 261.55M) | Time:00:00.18 | Mem:0.00M, Peak:0.00M | Scene, ViewLayer | Synchronizing object | 03_power_rack_Plate steel hub.003
Fra:1 Mem:261.55M (Peak 261.55M) | Time:00:00.18 | Mem:0.00M, Peak:0.00M | Scene, ViewLayer | Synchronizing object | 03_power_rack_Loaded bumper plate.004
Fra:1 Mem:261.52M (Peak 261.55M) | Time:00:00.18 | Mem:0.00M, Peak:0.00M | Scene, ViewLayer | Synchronizing object | 03_power_rack_Loaded bumper plate.005
Fra:1 Mem:261.63M (Peak 261.63M) | Time:00:00.18 | Mem:0.00M, Peak:0.00M | Scene, ViewLayer | Synchronizing object | 03_power_rack_Plate steel hub.005
Fra:1 Mem:261.65M (Peak 261.65M) | Time:00:00.19 | Mem:0.00M, Peak:0.00M | Scene, ViewLayer | Synchronizing object | 04_cable_machine_Cable station foot
Fra:1 Mem:261.71M (Peak 261.71M) | Time:00:00.19 | Mem:0.00M, Peak:0.00M | Scene, ViewLayer | Synchronizing object | 04_cable_machine_Rear upright
Fra:1 Mem:261.85M (Peak 261.85M) | Time:00:00.19 | Mem:0.00M, Peak:0.00M | Scene, ViewLayer | Synchronizing object | 04_cable_machine_Weight guide
Fra:1 Mem:261.91M (Peak 261.91M) | Time:00:00.19 | Mem:0.00M, Peak:0.00M | Scene, ViewLayer | Synchronizing object | 04_cable_machine_Weight guide.001
Fra:1 Mem:261.92M (Peak 261.92M) | Time:00:00.19 | Mem:0.00M, Peak:0.00M | Scene, ViewLayer | Synchronizing object | 04_cable_machine_Selectable weight plate
Fra:1 Mem:261.91M (Peak 261.92M) | Time:00:00.19 | Mem:0.00M, Peak:0.00M | Scene, ViewLayer | Synchronizing object | 04_cable_machine_Selectable weight plate.001
Fra:1 Mem:261.95M (Peak 261.95M) | Time:00:00.19 | Mem:0.00M, Peak:0.00M | Scene, ViewLayer | Synchronizing object | 04_cable_machine_Selectable weight plate.003
Fra:1 Mem:261.97M (Peak 261.97M) | Time:00:00.19 | Mem:0.00M, Peak:0.00M | Scene, ViewLayer | Synchronizing object | 04_cable_machine_Selectable weight plate.005
Fra:1 Mem:261.95M (Peak 261.97M) | Time:00:00.19 | Mem:0.00M, Peak:0.00M | Scene, ViewLayer | Synchronizing object | 04_cable_machine_Selectable weight plate.006
Fra:1 Mem:261.99M (Peak 261.99M) | Time:00:00.19 | Mem:0.00M, Peak:0.00M | Scene, ViewLayer | Synchronizing object | 04_cable_machine_Selectable weight plate.007
Fra:1 Mem:262.05M (Peak 262.05M) | Time:00:00.19 | Mem:0.00M, Peak:0.00M | Scene, ViewLayer | Synchronizing object | 04_cable_machine_Selectable weight plate.008
Fra:1 Mem:262.10M (Peak 262.10M) | Time:00:00.19 | Mem:0.00M, Peak:0.00M | Scene, ViewLayer | Synchronizing object | 04_cable_machine_Selectable weight plate.009
Fra:1 Mem:262.11M (Peak 262.11M) | Time:00:00.19 | Mem:0.00M, Peak:0.00M | Scene, ViewLayer | Synchronizing object | 04_cable_machine_Selectable weight plate.010
Fra:1 Mem:262.13M (Peak 262.13M) | Time:00:00.19 | Mem:0.00M, Peak:0.00M | Scene, ViewLayer | Synchronizing object | 04_cable_machine_Selectable weight plate.012
Fra:1 Mem:262.14M (Peak 262.14M) | Time:00:00.19 | Mem:0.00M, Peak:0.00M | Scene, ViewLayer | Synchronizing object | 04_cable_machine_Selectable weight plate.016
Fra:1 Mem:262.20M (Peak 262.20M) | Time:00:00.19 | Mem:0.00M, Peak:0.00M | Scene, ViewLayer | Synchronizing object | kitchen_label
Fra:1 Mem:262.20M (Peak 262.20M) | Time:00:00.19 | Mem:0.00M, Peak:0.00M | Scene, ViewLayer | Synchronizing object | 04_cable_machine_Selector pin
Fra:1 Mem:262.26M (Peak 262.26M) | Time:00:00.19 | Mem:0.00M, Peak:0.00M | Scene, ViewLayer | Synchronizing object | 04_cable_machine_Front chrome guide
Fra:1 Mem:262.29M (Peak 262.29M) | Time:00:00.19 | Mem:0.00M, Peak:0.00M | Scene, ViewLayer | Synchronizing object | 04_cable_machine_Sliding pulley carrier
Fra:1 Mem:262.36M (Peak 262.36M) | Time:00:00.19 | Mem:0.00M, Peak:0.00M | Scene, ViewLayer | Synchronizing object | 09_laundry_Door steel ring
Fra:1 Mem:262.34M (Peak 262.36M) | Time:00:00.19 | Mem:0.00M, Peak:0.00M | Scene, ViewLayer | Synchronizing object | 04_cable_machine_Pulley axle
Fra:1 Mem:262.38M (Peak 262.38M) | Time:00:00.19 | Mem:0.00M, Peak:0.00M | Scene, ViewLayer | Synchronizing object | 04_cable_machine_Pulley wheel.001
Fra:1 Mem:262.49M (Peak 262.49M) | Time:00:00.19 | Mem:0.00M, Peak:0.00M | Scene, ViewLayer | Synchronizing object | 04_cable_machine_Pulley axle.001
Fra:1 Mem:262.52M (Peak 262.52M) | Time:00:00.19 | Mem:0.00M, Peak:0.00M | Scene, ViewLayer | Synchronizing object | 04_cable_machine_Pulley axle.002
Fra:1 Mem:262.51M (Peak 262.52M) | Time:00:00.19 | Mem:0.00M, Peak:0.00M | Scene, ViewLayer | Synchronizing object | 04_cable_machine_Pulley wheel.002
Fra:1 Mem:262.55M (Peak 262.55M) | Time:00:00.19 | Mem:0.00M, Peak:0.00M | Scene, ViewLayer | Synchronizing object | 09_laundry_Door grab
Fra:1 Mem:262.60M (Peak 262.60M) | Time:00:00.19 | Mem:0.00M, Peak:0.00M | Scene, ViewLayer | Synchronizing object | 04_cable_machine_Grip
Fra:1 Mem:262.65M (Peak 262.65M) | Time:00:00.19 | Mem:0.00M, Peak:0.00M | Scene, ViewLayer | Synchronizing object | 04_cable_machine_Cable station foot.001
Fra:1 Mem:262.71M (Peak 262.71M) | Time:00:00.19 | Mem:0.00M, Peak:0.00M | Scene, ViewLayer | Synchronizing object | 04_cable_machine_Rear upright.001
Fra:1 Mem:262.70M (Peak 262.71M) | Time:00:00.19 | Mem:0.00M, Peak:0.00M | Scene, ViewLayer | Synchronizing object | 04_cable_machine_Weight guide.002
Fra:1 Mem:262.76M (Peak 262.76M) | Time:00:00.19 | Mem:0.00M, Peak:0.00M | Scene, ViewLayer | Synchronizing object | 04_cable_machine_Weight guide.003
Fra:1 Mem:262.74M (Peak 262.76M) | Time:00:00.19 | Mem:0.00M, Peak:0.00M | Scene, ViewLayer | Synchronizing object | 04_cable_machine_Selectable weight plate.017
Fra:1 Mem:262.82M (Peak 262.82M) | Time:00:00.19 | Mem:0.00M, Peak:0.00M | Scene, ViewLayer | Synchronizing object | 04_cable_machine_Selectable weight plate.019
Fra:1 Mem:262.85M (Peak 262.85M) | Time:00:00.19 | Mem:0.00M, Peak:0.00M | Scene, ViewLayer | Synchronizing object | 04_cable_machine_Selectable weight plate.020
Fra:1 Mem:262.87M (Peak 262.87M) | Time:00:00.19 | Mem:0.00M, Peak:0.00M | Scene, ViewLayer | Synchronizing object | 04_cable_machine_Selectable weight plate.021
Fra:1 Mem:262.92M (Peak 262.92M) | Time:00:00.19 | Mem:0.00M, Peak:0.00M | Scene, ViewLayer | Synchronizing object | 04_cable_machine_Selectable weight plate.022
Fra:1 Mem:262.97M (Peak 262.97M) | Time:00:00.19 | Mem:0.00M, Peak:0.00M | Scene, ViewLayer | Synchronizing object | 04_cable_machine_Selectable weight plate.023
Fra:1 Mem:263.02M (Peak 263.02M) | Time:00:00.19 | Mem:0.00M, Peak:0.00M | Scene, ViewLayer | Synchronizing object | 04_cable_machine_Selectable weight plate.024
Fra:1 Mem:263.00M (Peak 263.02M) | Time:00:00.19 | Mem:0.00M, Peak:0.00M | Scene, ViewLayer | Synchronizing object | 04_cable_machine_Selectable weight plate.027
Fra:1 Mem:263.02M (Peak 263.02M) | Time:00:00.19 | Mem:0.00M, Peak:0.00M | Scene, ViewLayer | Synchronizing object | 04_cable_machine_Selectable weight plate.028
Fra:1 Mem:263.10M (Peak 263.10M) | Time:00:00.19 | Mem:0.00M, Peak:0.00M | Scene, ViewLayer | Synchronizing object | 04_cable_machine_Selectable weight plate.030
Fra:1 Mem:263.17M (Peak 263.17M) | Time:00:00.19 | Mem:0.00M, Peak:0.00M | Scene, ViewLayer | Synchronizing object | 09_laundry_Door grab.001
Fra:1 Mem:263.21M (Peak 263.21M) | Time:00:00.19 | Mem:0.00M, Peak:0.00M | Scene, ViewLayer | Synchronizing object | 04_cable_machine_Selectable weight plate.031
Fra:1 Mem:263.21M (Peak 263.21M) | Time:00:00.19 | Mem:0.00M, Peak:0.00M | Scene, ViewLayer | Synchronizing object | 04_cable_machine_Selector pin.001
Fra:1 Mem:263.22M (Peak 263.22M) | Time:00:00.19 | Mem:0.00M, Peak:0.00M | Scene, ViewLayer | Synchronizing object | 04_cable_machine_Front chrome guide.001
Fra:1 Mem:263.24M (Peak 263.24M) | Time:00:00.19 | Mem:0.00M, Peak:0.00M | Scene, ViewLayer | Synchronizing object | 04_cable_machine_Sliding pulley carrier.001
Fra:1 Mem:263.22M (Peak 263.24M) | Time:00:00.19 | Mem:0.00M, Peak:0.00M | Scene, ViewLayer | Synchronizing object | 04_cable_machine_Pulley wheel.003
Fra:1 Mem:263.23M (Peak 263.24M) | Time:00:00.19 | Mem:0.00M, Peak:0.00M | Scene, ViewLayer | Synchronizing object | 09_laundry_Door steel ring.002
Fra:1 Mem:263.39M (Peak 263.39M) | Time:00:00.19 | Mem:0.00M, Peak:0.00M | Scene, ViewLayer | Synchronizing object | 04_cable_machine_Pulley axle.003
Fra:1 Mem:263.46M (Peak 263.46M) | Time:00:00.19 | Mem:0.00M, Peak:0.00M | Scene, ViewLayer | Synchronizing object | 04_cable_machine_Pulley wheel.004
Fra:1 Mem:263.51M (Peak 263.51M) | Time:00:00.19 | Mem:0.00M, Peak:0.00M | Scene, ViewLayer | Synchronizing object | 04_cable_machine_Pulley axle.004
Fra:1 Mem:263.55M (Peak 263.55M) | Time:00:00.19 | Mem:0.00M, Peak:0.00M | Scene, ViewLayer | Synchronizing object | 04_cable_machine_Grip.001
Fra:1 Mem:263.54M (Peak 263.55M) | Time:00:00.19 | Mem:0.00M, Peak:0.00M | Scene, ViewLayer | Synchronizing object | 09_laundry_Door grab.002
Fra:1 Mem:263.57M (Peak 263.57M) | Time:00:00.19 | Mem:0.00M, Peak:0.00M | Scene, ViewLayer | Synchronizing object | 04_cable_machine_Upper bridge
Fra:1 Mem:263.58M (Peak 263.58M) | Time:00:00.19 | Mem:0.00M, Peak:0.00M | Scene, ViewLayer | Synchronizing object | 05_gym_bench_Rubber foot
Fra:1 Mem:263.67M (Peak 263.68M) | Time:00:00.19 | Mem:0.00M, Peak:0.00M | Scene, ViewLayer | Synchronizing object | 05_gym_bench_Angled support
Fra:1 Mem:263.66M (Peak 263.68M) | Time:00:00.19 | Mem:0.00M, Peak:0.00M | Scene, ViewLayer | Synchronizing object | 05_gym_bench_Rubber foot.001
Fra:1 Mem:263.64M (Peak 263.68M) | Time:00:00.19 | Mem:0.00M, Peak:0.00M | Scene, ViewLayer | Synchronizing object | 05_gym_bench_Angled support.001
Fra:1 Mem:263.79M (Peak 263.79M) | Time:00:00.19 | Mem:0.00M, Peak:0.00M | Scene, ViewLayer | Synchronizing object | 05_gym_bench_Main spine
Fra:1 Mem:263.82M (Peak 263.82M) | Time:00:00.19 | Mem:0.00M, Peak:0.00M | Scene, ViewLayer | Synchronizing object | 05_gym_bench_Seat cushion
Fra:1 Mem:263.81M (Peak 263.82M) | Time:00:00.19 | Mem:0.00M, Peak:0.00M | Scene, ViewLayer | Synchronizing object | 05_gym_bench_Backrest cushion
Fra:1 Mem:263.81M (Peak 263.82M) | Time:00:00.19 | Mem:0.00M, Peak:0.00M | Scene, ViewLayer | Synchronizing object | 05_gym_bench_Selector handle
Fra:1 Mem:263.86M (Peak 263.86M) | Time:00:00.19 | Mem:0.00M, Peak:0.00M | Scene, ViewLayer | Synchronizing object | 05_gym_bench_Adjustment detent
Fra:1 Mem:263.86M (Peak 263.88M) | Time:00:00.19 | Mem:0.00M, Peak:0.00M | Scene, ViewLayer | Synchronizing object | 05_gym_bench_Adjustment detent.001
Fra:1 Mem:263.82M (Peak 263.88M) | Time:00:00.19 | Mem:0.00M, Peak:0.00M | Scene, ViewLayer | Synchronizing object | 05_gym_bench_Adjustment detent.003
Fra:1 Mem:263.92M (Peak 263.92M) | Time:00:00.19 | Mem:0.00M, Peak:0.00M | Scene, ViewLayer | Synchronizing object | 06_cinema_seat_Plinth
Fra:1 Mem:263.97M (Peak 263.97M) | Time:00:00.19 | Mem:0.00M, Peak:0.00M | Scene, ViewLayer | Synchronizing object | 06_cinema_seat_Recline seat
Fra:1 Mem:264.06M (Peak 264.06M) | Time:00:00.19 | Mem:0.00M, Peak:0.00M | Scene, ViewLayer | Synchronizing object | 06_cinema_seat_Angled back cushion
Fra:1 Mem:264.12M (Peak 264.12M) | Time:00:00.19 | Mem:0.00M, Peak:0.00M | Scene, ViewLayer | Synchronizing object | 09_laundry_Door grab.003
Fra:1 Mem:264.13M (Peak 264.13M) | Time:00:00.19 | Mem:0.00M, Peak:0.00M | Scene, ViewLayer | Synchronizing object | 06_cinema_seat_Headrest
Fra:1 Mem:264.13M (Peak 264.13M) | Time:00:00.19 | Mem:0.00M, Peak:0.00M | Scene, ViewLayer | Synchronizing object | 06_cinema_seat_Extended footrest
Fra:1 Mem:264.15M (Peak 264.15M) | Time:00:00.19 | Mem:0.00M, Peak:0.00M | Scene, ViewLayer | Synchronizing object | 06_cinema_seat_Upholstered arm
Fra:1 Mem:264.15M (Peak 264.15M) | Time:00:00.19 | Mem:0.00M, Peak:0.00M | Scene, ViewLayer | Synchronizing object | laundry_label
Fra:1 Mem:264.20M (Peak 264.21M) | Time:00:00.19 | Mem:0.00M, Peak:0.00M | Scene, ViewLayer | Synchronizing object | 06_cinema_seat_Cupholder dark well
Fra:1 Mem:264.24M (Peak 264.23M) | Time:00:00.19 | Mem:0.00M, Peak:0.00M | Scene, ViewLayer | Synchronizing object | 06_cinema_seat_Recline controls
Fra:1 Mem:264.23M (Peak 264.23M) | Time:00:00.19 | Mem:0.00M, Peak:0.00M | Scene, ViewLayer | Synchronizing object | 06_cinema_seat_Upholstered arm.001
Fra:1 Mem:264.32M (Peak 264.32M) | Time:00:00.19 | Mem:0.00M, Peak:0.00M | Scene, ViewLayer | Synchronizing object | 10_tub_Swan neck mixer
Fra:1 Mem:264.33M (Peak 264.33M) | Time:00:00.19 | Mem:0.00M, Peak:0.00M | Scene, ViewLayer | Synchronizing object | 06_cinema_seat_Soft arm pad.001
Fra:1 Mem:264.36M (Peak 264.36M) | Time:00:00.19 | Mem:0.00M, Peak:0.00M | Scene, ViewLayer | Synchronizing object | 06_cinema_seat_Cupholder dark well.001
Fra:1 Mem:264.37M (Peak 264.37M) | Time:00:00.19 | Mem:0.00M, Peak:0.00M | Scene, ViewLayer | Synchronizing object | 06_cinema_seat_Recline controls.001
Fra:1 Mem:264.35M (Peak 264.37M) | Time:00:00.19 | Mem:0.00M, Peak:0.00M | Scene, ViewLayer | Synchronizing object | 07_car_Continuous sculpted hood fenders rear deck
Fra:1 Mem:264.56M (Peak 264.56M) | Time:00:00.19 | Mem:0.00M, Peak:0.00M | Scene, ViewLayer | Synchronizing object | tub_label
Fra:1 Mem:264.67M (Peak 264.67M) | Time:00:00.19 | Mem:0.00M, Peak:0.00M | Scene, ViewLayer | Synchronizing object | 07_car_Sculpted side with open wheel arches
Fra:1 Mem:264.64M (Peak 264.67M) | Time:00:00.19 | Mem:0.00M, Peak:0.00M | Scene, ViewLayer | Synchronizing object | 07_car_Rocker sill
Fra:1 Mem:264.67M (Peak 264.67M) | Time:00:00.19 | Mem:0.00M, Peak:0.00M | Scene, ViewLayer | Synchronizing object | 07_car_Rocker sill.001
Fra:1 Mem:264.67M (Peak 264.67M) | Time:00:00.19 | Mem:0.00M, Peak:0.00M | Scene, ViewLayer | Synchronizing object | 07_car_Curved end fascia.001
Fra:1 Mem:264.71M (Peak 264.71M) | Time:00:00.19 | Mem:0.00M, Peak:0.00M | Scene, ViewLayer | Synchronizing object | 07_car_Formed roof
Fra:1 Mem:264.75M (Peak 264.75M) | Time:00:00.19 | Mem:0.00M, Peak:0.00M | Scene, ViewLayer | Synchronizing object | 07_car_Rear window
Fra:1 Mem:264.78M (Peak 264.78M) | Time:00:00.19 | Mem:0.00M, Peak:0.00M | Scene, ViewLayer | Synchronizing object | 07_car_B pillar
Fra:1 Mem:264.75M (Peak 264.78M) | Time:00:00.19 | Mem:0.00M, Peak:0.00M | Scene, ViewLayer | Synchronizing object | 07_car_Mirror stalk
Fra:1 Mem:264.83M (Peak 264.83M) | Time:00:00.19 | Mem:0.00M, Peak:0.00M | Scene, ViewLayer | Synchronizing object | 07_car_Mirror glass
Fra:1 Mem:264.83M (Peak 264.83M) | Time:00:00.19 | Mem:0.00M, Peak:0.00M | Scene, ViewLayer | Synchronizing object | 07_car_Tire barrel
Fra:1 Mem:264.89M (Peak 264.89M) | Time:00:00.19 | Mem:0.00M, Peak:0.00M | Scene, ViewLayer | Synchronizing object | 07_car_Brake disc
Fra:1 Mem:264.98M (Peak 264.98M) | Time:00:00.19 | Mem:0.00M, Peak:0.00M | Scene, ViewLayer | Synchronizing object | 07_car_Wheel hub
Fra:1 Mem:265.10M (Peak 265.10M) | Time:00:00.19 | Mem:0.00M, Peak:0.00M | Scene, ViewLayer | Synchronizing object | 07_car_Forged spoke
Fra:1 Mem:265.18M (Peak 265.18M) | Time:00:00.19 | Mem:0.00M, Peak:0.00M | Scene, ViewLayer | Synchronizing object | 07_car_Forged spoke.001
Fra:1 Mem:265.16M (Peak 265.18M) | Time:00:00.19 | Mem:0.00M, Peak:0.00M | Scene, ViewLayer | Synchronizing object | 07_car_Forged spoke.004
Fra:1 Mem:265.16M (Peak 265.18M) | Time:00:00.19 | Mem:0.00M, Peak:0.00M | Scene, ViewLayer | Synchronizing object | 07_car_Forged spoke.005
Fra:1 Mem:265.25M (Peak 265.25M) | Time:00:00.19 | Mem:0.00M, Peak:0.00M | Scene, ViewLayer | Synchronizing object | 07_car_Forged spoke.006
Fra:1 Mem:265.25M (Peak 265.25M) | Time:00:00.19 | Mem:0.00M, Peak:0.00M | Scene, ViewLayer | Synchronizing object | 07_car_Forged spoke.007
Fra:1 Mem:265.25M (Peak 265.25M) | Time:00:00.19 | Mem:0.00M, Peak:0.00M | Scene, ViewLayer | Synchronizing object | 07_car_Forged spoke.009
Fra:1 Mem:265.24M (Peak 265.25M) | Time:00:00.19 | Mem:0.00M, Peak:0.00M | Scene, ViewLayer | Synchronizing object | 07_car_Brake caliper
Fra:1 Mem:265.31M (Peak 265.31M) | Time:00:00.19 | Mem:0.00M, Peak:0.00M | Scene, ViewLayer | Synchronizing object | 07_car_Lug bolt
Fra:1 Mem:265.34M (Peak 265.34M) | Time:00:00.19 | Mem:0.00M, Peak:0.00M | Scene, ViewLayer | Synchronizing object | 07_car_Lug bolt.001
Fra:1 Mem:265.33M (Peak 265.34M) | Time:00:00.19 | Mem:0.00M, Peak:0.00M | Scene, ViewLayer | Synchronizing object | 07_car_Lug bolt.002
Fra:1 Mem:265.36M (Peak 265.36M) | Time:00:00.19 | Mem:0.00M, Peak:0.00M | Scene, ViewLayer | Synchronizing object | 07_car_Lug bolt.003
Fra:1 Mem:265.40M (Peak 265.40M) | Time:00:00.19 | Mem:0.00M, Peak:0.00M | Scene, ViewLayer | Synchronizing object | 07_car_Lug bolt.004
Fra:1 Mem:265.38M (Peak 265.40M) | Time:00:00.19 | Mem:0.00M, Peak:0.00M | Scene, ViewLayer | Synchronizing object | 07_car_Brake disc.001
Fra:1 Mem:265.38M (Peak 265.40M) | Time:00:00.19 | Mem:0.00M, Peak:0.00M | Scene, ViewLayer | Synchronizing object | 07_car_Forged spoke.010
Fra:1 Mem:265.39M (Peak 265.40M) | Time:00:00.19 | Mem:0.00M, Peak:0.00M | Scene, ViewLayer | Synchronizing object | 07_car_Forged spoke.011
Fra:1 Mem:265.39M (Peak 265.40M) | Time:00:00.19 | Mem:0.00M, Peak:0.00M | Scene, ViewLayer | Synchronizing object | 07_car_Forged spoke.013
Fra:1 Mem:265.49M (Peak 265.49M) | Time:00:00.19 | Mem:0.00M, Peak:0.00M | Scene, ViewLayer | Synchronizing object | 07_car_Forged spoke.014
Fra:1 Mem:265.53M (Peak 265.53M) | Time:00:00.19 | Mem:0.00M, Peak:0.00M | Scene, ViewLayer | Synchronizing object | 11_hot_tub_Spa cup holder
Fra:1 Mem:265.66M (Peak 265.66M) | Time:00:00.19 | Mem:0.00M, Peak:0.00M | Scene, ViewLayer | Synchronizing object | 07_car_Forged spoke.016
Fra:1 Mem:265.73M (Peak 265.73M) | Time:00:00.19 | Mem:0.00M, Peak:0.00M | Scene, ViewLayer | Synchronizing object | 07_car_Forged spoke.018
Fra:1 Mem:265.70M (Peak 265.73M) | Time:00:00.19 | Mem:0.00M, Peak:0.00M | Scene, ViewLayer | Synchronizing object | 07_car_Brake caliper.001
Fra:1 Mem:265.69M (Peak 265.73M) | Time:00:00.19 | Mem:0.00M, Peak:0.00M | Scene, ViewLayer | Synchronizing object | 11_hot_tub_Spa cup holder.001
Fra:1 Mem:265.72M (Peak 265.73M) | Time:00:00.19 | Mem:0.00M, Peak:0.00M | Scene, ViewLayer | Synchronizing object | 07_car_Lug bolt.005
Fra:1 Mem:265.80M (Peak 265.80M) | Time:00:00.19 | Mem:0.00M, Peak:0.00M | Scene, ViewLayer | Synchronizing object | 07_car_Lug bolt.006
Fra:1 Mem:265.85M (Peak 265.85M) | Time:00:00.19 | Mem:0.00M, Peak:0.00M | Scene, ViewLayer | Synchronizing object | 07_car_Lug bolt.007
Fra:1 Mem:265.96M (Peak 265.96M) | Time:00:00.19 | Mem:0.00M, Peak:0.00M | Scene, ViewLayer | Synchronizing object | 07_car_Lug bolt.008
Fra:1 Mem:265.94M (Peak 265.96M) | Time:00:00.19 | Mem:0.00M, Peak:0.00M | Scene, ViewLayer | Synchronizing object | 07_car_Lug bolt.009
Fra:1 Mem:265.96M (Peak 265.96M) | Time:00:00.19 | Mem:0.00M, Peak:0.00M | Scene, ViewLayer | Synchronizing object | 07_car_Side window glazing.001
Fra:1 Mem:266.01M (Peak 266.01M) | Time:00:00.19 | Mem:0.00M, Peak:0.00M | Scene, ViewLayer | Synchronizing object | 07_car_B pillar.001
Fra:1 Mem:265.96M (Peak 266.01M) | Time:00:00.19 | Mem:0.00M, Peak:0.00M | Scene, ViewLayer | Synchronizing object | hot_tub_label
Fra:1 Mem:265.98M (Peak 266.01M) | Time:00:00.19 | Mem:0.00M, Peak:0.00M | Scene, ViewLayer | Synchronizing object | 07_car_Tire barrel.002
Fra:1 Mem:265.97M (Peak 266.01M) | Time:00:00.19 | Mem:0.00M, Peak:0.00M | Scene, ViewLayer | Synchronizing object | 07_car_Brake disc.002
Fra:1 Mem:266.04M (Peak 266.04M) | Time:00:00.19 | Mem:0.00M, Peak:0.00M | Scene, ViewLayer | Synchronizing object | 07_car_Wheel hub.002
Fra:1 Mem:266.24M (Peak 266.24M) | Time:00:00.19 | Mem:0.00M, Peak:0.00M | Scene, ViewLayer | Synchronizing object | 07_car_Forged spoke.020
Fra:1 Mem:266.21M (Peak 266.24M) | Time:00:00.19 | Mem:0.00M, Peak:0.00M | Scene, ViewLayer | Synchronizing object | 07_car_Forged spoke.021
Fra:1 Mem:266.27M (Peak 266.27M) | Time:00:00.19 | Mem:0.00M, Peak:0.00M | Scene, ViewLayer | Synchronizing object | 07_car_Forged spoke.022
Fra:1 Mem:266.28M (Peak 266.28M) | Time:00:00.19 | Mem:0.00M, Peak:0.00M | Scene, ViewLayer | Synchronizing object | 07_car_Forged spoke.023
Fra:1 Mem:266.36M (Peak 266.36M) | Time:00:00.19 | Mem:0.00M, Peak:0.00M | Scene, ViewLayer | Synchronizing object | 12_vanity_Swan neck mixer
Fra:1 Mem:266.40M (Peak 266.40M) | Time:00:00.19 | Mem:0.00M, Peak:0.00M | Scene, ViewLayer | Synchronizing object | 07_car_Forged spoke.024
Fra:1 Mem:266.37M (Peak 266.40M) | Time:00:00.19 | Mem:0.00M, Peak:0.00M | Scene, ViewLayer | Synchronizing object | 07_car_Forged spoke.026
Fra:1 Mem:266.35M (Peak 266.40M) | Time:00:00.19 | Mem:0.00M, Peak:0.00M | Scene, ViewLayer | Synchronizing object | 07_car_Forged spoke.028
Fra:1 Mem:266.43M (Peak 266.43M) | Time:00:00.19 | Mem:0.00M, Peak:0.00M | Scene, ViewLayer | Synchronizing object | 07_car_Forged spoke.029
Fra:1 Mem:266.54M (Peak 266.54M) | Time:00:00.19 | Mem:0.00M, Peak:0.00M | Scene, ViewLayer | Synchronizing object | 07_car_Brake caliper.002
Fra:1 Mem:266.59M (Peak 266.59M) | Time:00:00.19 | Mem:0.00M, Peak:0.00M | Scene, ViewLayer | Synchronizing object | 07_car_Lug bolt.010
Fra:1 Mem:266.58M (Peak 266.59M) | Time:00:00.19 | Mem:0.00M, Peak:0.00M | Scene, ViewLayer | Synchronizing object | 07_car_Lug bolt.011
Fra:1 Mem:266.55M (Peak 266.59M) | Time:00:00.19 | Mem:0.00M, Peak:0.00M | Scene, ViewLayer | Synchronizing object | 07_car_Lug bolt.013
Fra:1 Mem:266.62M (Peak 266.62M) | Time:00:00.19 | Mem:0.00M, Peak:0.00M | Scene, ViewLayer | Synchronizing object | 07_car_Lug bolt.014
Fra:1 Mem:266.62M (Peak 266.62M) | Time:00:00.19 | Mem:0.00M, Peak:0.00M | Scene, ViewLayer | Synchronizing object | 07_car_Wheel hub.003
Fra:1 Mem:266.66M (Peak 266.66M) | Time:00:00.19 | Mem:0.00M, Peak:0.00M | Scene, ViewLayer | Synchronizing object | 07_car_Forged spoke.031
Fra:1 Mem:266.81M (Peak 266.81M) | Time:00:00.19 | Mem:0.00M, Peak:0.00M | Scene, ViewLayer | Synchronizing object | vanity_label
Fra:1 Mem:266.85M (Peak 266.86M) | Time:00:00.19 | Mem:0.00M, Peak:0.00M | Scene, ViewLayer | Synchronizing object | 07_car_Forged spoke.032
Fra:1 Mem:266.86M (Peak 266.86M) | Time:00:00.19 | Mem:0.00M, Peak:0.00M | Scene, ViewLayer | Synchronizing object | 07_car_Forged spoke.035
Fra:1 Mem:266.87M (Peak 266.87M) | Time:00:00.19 | Mem:0.00M, Peak:0.00M | Scene, ViewLayer | Synchronizing object | 07_car_Forged spoke.036
Fra:1 Mem:266.93M (Peak 266.93M) | Time:00:00.19 | Mem:0.00M, Peak:0.00M | Scene, ViewLayer | Synchronizing object | 07_car_Forged spoke.037
Fra:1 Mem:266.92M (Peak 266.93M) | Time:00:00.19 | Mem:0.00M, Peak:0.00M | Scene, ViewLayer | Synchronizing object | 07_car_Forged spoke.039
Fra:1 Mem:266.90M (Peak 266.93M) | Time:00:00.19 | Mem:0.00M, Peak:0.00M | Scene, ViewLayer | Synchronizing object | 07_car_Brake caliper.003
Fra:1 Mem:266.95M (Peak 266.95M) | Time:00:00.19 | Mem:0.00M, Peak:0.00M | Scene, ViewLayer | Synchronizing object | 07_car_Lug bolt.015
Fra:1 Mem:266.99M (Peak 266.99M) | Time:00:00.19 | Mem:0.00M, Peak:0.00M | Scene, ViewLayer | Synchronizing object | 07_car_Lug bolt.016
Fra:1 Mem:266.98M (Peak 266.99M) | Time:00:00.19 | Mem:0.00M, Peak:0.00M | Scene, ViewLayer | Synchronizing object | 07_car_Lug bolt.017
Fra:1 Mem:266.98M (Peak 266.99M) | Time:00:00.19 | Mem:0.00M, Peak:0.00M | Scene, ViewLayer | Synchronizing object | 07_car_Lug bolt.018
Fra:1 Mem:267.06M (Peak 267.06M) | Time:00:00.19 | Mem:0.00M, Peak:0.00M | Scene, ViewLayer | Synchronizing object | 07_car_Lug bolt.019
Fra:1 Mem:267.06M (Peak 267.06M) | Time:00:00.19 | Mem:0.00M, Peak:0.00M | Scene, ViewLayer | Synchronizing object | 07_car_Front air intake
Fra:1 Mem:267.07M (Peak 267.07M) | Time:00:00.19 | Mem:0.00M, Peak:0.00M | Scene, ViewLayer | Synchronizing object | 07_car_Intake grille slat.001
Fra:1 Mem:267.06M (Peak 267.07M) | Time:00:00.19 | Mem:0.00M, Peak:0.00M | Scene, ViewLayer | Synchronizing object | 07_car_Intake grille slat.002
Fra:1 Mem:267.11M (Peak 267.11M) | Time:00:00.19 | Mem:0.00M, Peak:0.00M | Scene, ViewLayer | Synchronizing object | 07_car_Front air intake.001
Fra:1 Mem:267.15M (Peak 267.15M) | Time:00:00.19 | Mem:0.00M, Peak:0.00M | Scene, ViewLayer | Synchronizing object | 07_car_Intake grille slat.005
Fra:1 Mem:267.17M (Peak 267.17M) | Time:00:00.19 | Mem:0.00M, Peak:0.00M | Scene, ViewLayer | Synchronizing object | 07_car_Intake grille slat.006
Fra:1 Mem:267.20M (Peak 267.20M) | Time:00:00.19 | Mem:0.00M, Peak:0.00M | Scene, ViewLayer | Synchronizing object | 07_car_Intake grille slat.007
Fra:1 Mem:267.23M (Peak 267.23M) | Time:00:00.19 | Mem:0.00M, Peak:0.00M | Scene, ViewLayer | Synchronizing object | 07_car_Intake grille slat.008
Fra:1 Mem:267.30M (Peak 267.30M) | Time:00:00.19 | Mem:0.00M, Peak:0.00M | Scene, ViewLayer | Synchronizing object | 07_car_Intake grille slat.009
Fra:1 Mem:267.33M (Peak 267.33M) | Time:00:00.19 | Mem:0.00M, Peak:0.00M | Scene, ViewLayer | Synchronizing object | 07_car_Intake grille slat.010
Fra:1 Mem:267.34M (Peak 267.34M) | Time:00:00.19 | Mem:0.00M, Peak:0.00M | Scene, ViewLayer | Synchronizing object | 07_car_Intake grille slat.011
Fra:1 Mem:267.33M (Peak 267.34M) | Time:00:00.19 | Mem:0.00M, Peak:0.00M | Scene, ViewLayer | Synchronizing object | 07_car_Intake grille slat.012
Fra:1 Mem:267.45M (Peak 267.45M) | Time:00:00.19 | Mem:0.00M, Peak:0.00M | Scene, ViewLayer | Synchronizing object | 07_car_Intake grille slat.013
Fra:1 Mem:267.45M (Peak 267.45M) | Time:00:00.19 | Mem:0.00M, Peak:0.00M | Scene, ViewLayer | Synchronizing object | 07_car_Intake grille slat.014
Fra:1 Mem:267.51M (Peak 267.51M) | Time:00:00.19 | Mem:0.00M, Peak:0.00M | Scene, ViewLayer | Synchronizing object | 07_car_LED headlamp housing
Fra:1 Mem:267.48M (Peak 267.51M) | Time:00:00.19 | Mem:0.00M, Peak:0.00M | Scene, ViewLayer | Synchronizing object | 13_shower_Hand shower hose
Fra:1 Mem:267.49M (Peak 267.51M) | Time:00:00.19 | Mem:0.00M, Peak:0.00M | Scene, ViewLayer | Synchronizing object | 07_car_LED blade.002
Fra:1 Mem:267.49M (Peak 267.51M) | Time:00:00.19 | Mem:0.00M, Peak:0.00M | Scene, ViewLayer | Synchronizing object | 07_car_LED blade.003
Fra:1 Mem:267.60M (Peak 267.60M) | Time:00:00.19 | Mem:0.00M, Peak:0.00M | Scene, ViewLayer | Synchronizing object | 07_car_Front carbon splitter
Fra:1 Mem:267.64M (Peak 267.64M) | Time:00:00.19 | Mem:0.00M, Peak:0.00M | Scene, ViewLayer | Synchronizing object | 07_car_Hood extractor
Fra:1 Mem:267.67M (Peak 267.67M) | Time:00:00.19 | Mem:0.00M, Peak:0.00M | Scene, ViewLayer | Synchronizing object | shower_label
Fra:1 Mem:267.73M (Peak 267.73M) | Time:00:00.19 | Mem:0.00M, Peak:0.00M | Scene, ViewLayer | Synchronizing object | 07_car_Hood extractor.001
Fra:1 Mem:267.71M (Peak 267.73M) | Time:00:00.19 | Mem:0.00M, Peak:0.00M | Scene, ViewLayer | Synchronizing object | 07_car_Hood extractor.003
Fra:1 Mem:267.71M (Peak 267.73M) | Time:00:00.19 | Mem:0.00M, Peak:0.00M | Scene, ViewLayer | Synchronizing object | 07_car_Hood extractor.006
Fra:1 Mem:267.75M (Peak 267.75M) | Time:00:00.19 | Mem:0.00M, Peak:0.00M | Scene, ViewLayer | Synchronizing object | 14_toilet_Seat ring
Fra:1 Mem:267.88M (Peak 267.88M) | Time:00:00.19 | Mem:0.00M, Peak:0.00M | Scene, ViewLayer | Synchronizing object | 07_car_Hood extractor.007
Fra:1 Mem:267.95M (Peak 267.95M) | Time:00:00.19 | Mem:0.00M, Peak:0.00M | Scene, ViewLayer | Synchronizing object | 07_car_Rear wing stanchion
Fra:1 Mem:267.96M (Peak 267.96M) | Time:00:00.19 | Mem:0.00M, Peak:0.00M | Scene, ViewLayer | Synchronizing object | 07_car_Rear wing stanchion.001
Fra:1 Mem:268.01M (Peak 268.01M) | Time:00:00.19 | Mem:0.00M, Peak:0.00M | Scene, ViewLayer | Synchronizing object | 07_car_Rear aerofoil
Fra:1 Mem:268.02M (Peak 268.02M) | Time:00:00.19 | Mem:0.00M, Peak:0.00M | Scene, ViewLayer | Synchronizing object | 07_car_Exhaust tip
Fra:1 Mem:268.03M (Peak 268.03M) | Time:00:00.19 | Mem:0.00M, Peak:0.00M | Scene, ViewLayer | Synchronizing object | 07_car_Exhaust opening
Fra:1 Mem:268.09M (Peak 268.09M) | Time:00:00.19 | Mem:0.00M, Peak:0.00M | Scene, ViewLayer | Synchronizing object | 07_car_Rear taillight.001
Fra:1 Mem:268.14M (Peak 268.14M) | Time:00:00.19 | Mem:0.00M, Peak:0.00M | Scene, ViewLayer | Synchronizing object | 07_car_Exhaust opening.001
Fra:1 Mem:268.15M (Peak 268.15M) | Time:00:00.19 | Mem:0.00M, Peak:0.00M | Scene, ViewLayer | Synchronizing object | 07_car_License plaque
Fra:1 Mem:268.15M (Peak 268.15M) | Time:00:00.19 | Mem:0.00M, Peak:0.00M | Scene, ViewLayer | Synchronizing object | 07_car_Seat cushion
Fra:1 Mem:268.22M (Peak 268.22M) | Time:00:00.19 | Mem:0.00M, Peak:0.00M | Scene, ViewLayer | Synchronizing object | 07_car_Bucket back
Fra:1 Mem:268.29M (Peak 268.29M) | Time:00:00.19 | Mem:0.00M, Peak:0.00M | Scene, ViewLayer | Synchronizing object | 15_shoe_display_Padded ankle collar
Fra:1 Mem:268.36M (Peak 268.36M) | Time:00:00.19 | Mem:0.00M, Peak:0.00M | Scene, ViewLayer | Synchronizing object | 07_car_Seat cushion.001
Fra:1 Mem:268.36M (Peak 268.36M) | Time:00:00.19 | Mem:0.00M, Peak:0.00M | Scene, ViewLayer | Synchronizing object | 07_car_Bucket back.001
Fra:1 Mem:268.42M (Peak 268.42M) | Time:00:00.19 | Mem:0.00M, Peak:0.00M | Scene, ViewLayer | Synchronizing object | 08_kitchen_Cabinet plinth
Fra:1 Mem:268.46M (Peak 268.46M) | Time:00:00.19 | Mem:0.00M, Peak:0.00M | Scene, ViewLayer | Synchronizing object | 08_kitchen_Base cabinetry
Fra:1 Mem:268.49M (Peak 268.49M) | Time:00:00.19 | Mem:0.00M, Peak:0.00M | Scene, ViewLayer | Synchronizing object | 08_kitchen_Stone worktop
Fra:1 Mem:268.53M (Peak 268.53M) | Time:00:00.19 | Mem:0.00M, Peak:0.00M | Scene, ViewLayer | Synchronizing object | 15_shoe_display_Crossed lace
Fra:1 Mem:268.52M (Peak 268.53M) | Time:00:00.19 | Mem:0.00M, Peak:0.00M | Scene, ViewLayer | Synchronizing object | 08_kitchen_Stone worktop.001
Fra:1 Mem:268.53M (Peak 268.53M) | Time:00:00.19 | Mem:0.00M, Peak:0.00M | Scene, ViewLayer | Synchronizing object | 08_kitchen_Sink top bridge.001
Fra:1 Mem:268.55M (Peak 268.55M) | Time:00:00.19 | Mem:0.00M, Peak:0.00M | Scene, ViewLayer | Synchronizing object | 08_kitchen_Undermount sink
Fra:1 Mem:268.54M (Peak 268.55M) | Time:00:00.19 | Mem:0.00M, Peak:0.00M | Scene, ViewLayer | Synchronizing object | 08_kitchen_Tap base
Fra:1 Mem:268.58M (Peak 268.58M) | Time:00:00.19 | Mem:0.00M, Peak:0.00M | Scene, ViewLayer | Synchronizing object | 08_kitchen_Mixer lever
Fra:1 Mem:268.70M (Peak 268.70M) | Time:00:00.19 | Mem:0.00M, Peak:0.00M | Scene, ViewLayer | Synchronizing object | 08_kitchen_Sink drain
Fra:1 Mem:268.73M (Peak 268.73M) | Time:00:00.19 | Mem:0.00M, Peak:0.00M | Scene, ViewLayer | Synchronizing object | 08_kitchen_Handle recess
Fra:1 Mem:268.71M (Peak 268.73M) | Time:00:00.19 | Mem:0.00M, Peak:0.00M | Scene, ViewLayer | Synchronizing object | 08_kitchen_Drawer front.001
Fra:1 Mem:268.73M (Peak 268.73M) | Time:00:00.19 | Mem:0.00M, Peak:0.00M | Scene, ViewLayer | Synchronizing object | 08_kitchen_Handle recess.001
Fra:1 Mem:268.76M (Peak 268.76M) | Time:00:00.19 | Mem:0.00M, Peak:0.00M | Scene, ViewLayer | Synchronizing object | 15_shoe_display_Crossed lace.002
Fra:1 Mem:268.76M (Peak 268.76M) | Time:00:00.19 | Mem:0.00M, Peak:0.00M | Scene, ViewLayer | Synchronizing object | 08_kitchen_Handle recess.002
Fra:1 Mem:268.77M (Peak 268.77M) | Time:00:00.19 | Mem:0.00M, Peak:0.00M | Scene, ViewLayer | Synchronizing object | 08_kitchen_Drawer front.003
Fra:1 Mem:268.81M (Peak 268.81M) | Time:00:00.19 | Mem:0.00M, Peak:0.00M | Scene, ViewLayer | Synchronizing object | 15_shoe_display_Crossed lace.003
Fra:1 Mem:268.82M (Peak 268.82M) | Time:00:00.19 | Mem:0.00M, Peak:0.00M | Scene, ViewLayer | Synchronizing object | 08_kitchen_Handle recess.003
Fra:1 Mem:268.87M (Peak 268.87M) | Time:00:00.19 | Mem:0.00M, Peak:0.00M | Scene, ViewLayer | Synchronizing object | 08_kitchen_Drawer front.004
Fra:1 Mem:268.90M (Peak 268.90M) | Time:00:00.19 | Mem:0.00M, Peak:0.00M | Scene, ViewLayer | Synchronizing object | 08_kitchen_Handle recess.004
Fra:1 Mem:268.92M (Peak 268.92M) | Time:00:00.19 | Mem:0.00M, Peak:0.00M | Scene, ViewLayer | Synchronizing object | 08_kitchen_Drawer front.005
Fra:1 Mem:268.96M (Peak 268.96M) | Time:00:00.19 | Mem:0.00M, Peak:0.00M | Scene, ViewLayer | Synchronizing object | 08_kitchen_Handle recess.005
Fra:1 Mem:268.99M (Peak 269.00M) | Time:00:00.19 | Mem:0.00M, Peak:0.00M | Scene, ViewLayer | Synchronizing object | 08_kitchen_Drawer front.006
Fra:1 Mem:268.97M (Peak 269.00M) | Time:00:00.19 | Mem:0.00M, Peak:0.00M | Scene, ViewLayer | Synchronizing object | 08_kitchen_Drawer front.007
Fra:1 Mem:268.98M (Peak 269.00M) | Time:00:00.19 | Mem:0.00M, Peak:0.00M | Scene, ViewLayer | Synchronizing object | 08_kitchen_Handle recess.007
Fra:1 Mem:269.02M (Peak 269.02M) | Time:00:00.19 | Mem:0.00M, Peak:0.00M | Scene, ViewLayer | Synchronizing object | 08_kitchen_Drawer front.008
Fra:1 Mem:269.08M (Peak 269.08M) | Time:00:00.19 | Mem:0.00M, Peak:0.00M | Scene, ViewLayer | Synchronizing object | 08_kitchen_Handle recess.008
Fra:1 Mem:269.10M (Peak 269.10M) | Time:00:00.19 | Mem:0.00M, Peak:0.00M | Scene, ViewLayer | Synchronizing object | 08_kitchen_Drawer front.009
Fra:1 Mem:269.17M (Peak 269.17M) | Time:00:00.19 | Mem:0.00M, Peak:0.00M | Scene, ViewLayer | Synchronizing object | 08_kitchen_Handle recess.009
Fra:1 Mem:269.19M (Peak 269.19M) | Time:00:00.19 | Mem:0.00M, Peak:0.00M | Scene, ViewLayer | Synchronizing object | 08_kitchen_Handle recess.010
Fra:1 Mem:269.22M (Peak 269.22M) | Time:00:00.19 | Mem:0.00M, Peak:0.00M | Scene, ViewLayer | Synchronizing object | 08_kitchen_Drawer front.011
Fra:1 Mem:269.20M (Peak 269.22M) | Time:00:00.19 | Mem:0.00M, Peak:0.00M | Scene, ViewLayer | Synchronizing object | 08_kitchen_Drawer front.012
Fra:1 Mem:269.27M (Peak 269.27M) | Time:00:00.19 | Mem:0.00M, Peak:0.00M | Scene, ViewLayer | Synchronizing object | 08_kitchen_Handle recess.012
Fra:1 Mem:269.29M (Peak 269.29M) | Time:00:00.19 | Mem:0.00M, Peak:0.00M | Scene, ViewLayer | Synchronizing object | 08_kitchen_Drawer front.013
Fra:1 Mem:269.37M (Peak 269.37M) | Time:00:00.19 | Mem:0.00M, Peak:0.00M | Scene, ViewLayer | Synchronizing object | 08_kitchen_Handle recess.013
Fra:1 Mem:269.35M (Peak 269.37M) | Time:00:00.19 | Mem:0.00M, Peak:0.00M | Scene, ViewLayer | Synchronizing object | 08_kitchen_Drawer front.014
Fra:1 Mem:269.40M (Peak 269.40M) | Time:00:00.19 | Mem:0.00M, Peak:0.00M | Scene, ViewLayer | Synchronizing object | 08_kitchen_Handle recess.014
Fra:1 Mem:269.41M (Peak 269.41M) | Time:00:00.19 | Mem:0.00M, Peak:0.00M | Scene, ViewLayer | Synchronizing object | 08_kitchen_Drawer front.015
Fra:1 Mem:269.42M (Peak 269.42M) | Time:00:00.19 | Mem:0.00M, Peak:0.00M | Scene, ViewLayer | Synchronizing object | 08_kitchen_Handle recess.016
Fra:1 Mem:269.43M (Peak 269.43M) | Time:00:00.19 | Mem:0.00M, Peak:0.00M | Scene, ViewLayer | Synchronizing object | 08_kitchen_Drawer front.016
Fra:1 Mem:269.41M (Peak 269.43M) | Time:00:00.19 | Mem:0.00M, Peak:0.00M | Scene, ViewLayer | Synchronizing object | 08_kitchen_Handle recess.017
Fra:1 Mem:269.42M (Peak 269.43M) | Time:00:00.19 | Mem:0.00M, Peak:0.00M | Scene, ViewLayer | Synchronizing object | 15_shoe_display_Crossed lace.008
Fra:1 Mem:269.51M (Peak 269.51M) | Time:00:00.19 | Mem:0.00M, Peak:0.00M | Scene, ViewLayer | Synchronizing object | 08_kitchen_Drawer front.018
Fra:1 Mem:269.50M (Peak 269.51M) | Time:00:00.19 | Mem:0.00M, Peak:0.00M | Scene, ViewLayer | Synchronizing object | 15_shoe_display_Crossed lace.009
Fra:1 Mem:269.56M (Peak 269.56M) | Time:00:00.19 | Mem:0.00M, Peak:0.00M | Scene, ViewLayer | Synchronizing object | 08_kitchen_Drawer front.019
Fra:1 Mem:269.57M (Peak 269.57M) | Time:00:00.19 | Mem:0.00M, Peak:0.00M | Scene, ViewLayer | Synchronizing object | 08_kitchen_Handle recess.019
Fra:1 Mem:269.58M (Peak 269.58M) | Time:00:00.19 | Mem:0.00M, Peak:0.00M | Scene, ViewLayer | Synchronizing object | 15_shoe_display_Upper stitched panel
Fra:1 Mem:269.60M (Peak 269.60M) | Time:00:00.19 | Mem:0.00M, Peak:0.00M | Scene, ViewLayer | Synchronizing object | 08_kitchen_Drawer front.020
Fra:1 Mem:269.62M (Peak 269.62M) | Time:00:00.19 | Mem:0.00M, Peak:0.00M | Scene, ViewLayer | Synchronizing object | 15_shoe_display_Upper stitched panel.001
Fra:1 Mem:269.61M (Peak 269.62M) | Time:00:00.19 | Mem:0.00M, Peak:0.00M | Scene, ViewLayer | Synchronizing object | 08_kitchen_Drawer front.021
Fra:1 Mem:269.65M (Peak 269.65M) | Time:00:00.19 | Mem:0.00M, Peak:0.00M | Scene, ViewLayer | Synchronizing object | 08_kitchen_Handle recess.021
Fra:1 Mem:269.69M (Peak 269.69M) | Time:00:00.19 | Mem:0.00M, Peak:0.00M | Scene, ViewLayer | Synchronizing object | 08_kitchen_Drawer front.022
Fra:1 Mem:269.70M (Peak 269.70M) | Time:00:00.19 | Mem:0.00M, Peak:0.00M | Scene, ViewLayer | Synchronizing object | 08_kitchen_Handle recess.022
Fra:1 Mem:269.76M (Peak 269.76M) | Time:00:00.19 | Mem:0.00M, Peak:0.00M | Scene, ViewLayer | Synchronizing object | 08_kitchen_Drawer front.023
Fra:1 Mem:269.79M (Peak 269.79M) | Time:00:00.19 | Mem:0.00M, Peak:0.00M | Scene, ViewLayer | Synchronizing object | 08_kitchen_Handle recess.023
Fra:1 Mem:269.82M (Peak 269.82M) | Time:00:00.19 | Mem:0.00M, Peak:0.00M | Scene, ViewLayer | Synchronizing object | 08_kitchen_Handle recess.024
Fra:1 Mem:269.82M (Peak 269.82M) | Time:00:00.19 | Mem:0.00M, Peak:0.00M | Scene, ViewLayer | Synchronizing object | 08_kitchen_Handle recess.025
Fra:1 Mem:269.90M (Peak 269.90M) | Time:00:00.19 | Mem:0.00M, Peak:0.00M | Scene, ViewLayer | Synchronizing object | 08_kitchen_Drawer front.026
Fra:1 Mem:269.87M (Peak 269.90M) | Time:00:00.19 | Mem:0.00M, Peak:0.00M | Scene, ViewLayer | Synchronizing object | 08_kitchen_Handle recess.026
Fra:1 Mem:269.91M (Peak 269.91M) | Time:00:00.19 | Mem:0.00M, Peak:0.00M | Scene, ViewLayer | Synchronizing object | 08_kitchen_Handle recess.027
Fra:1 Mem:269.97M (Peak 269.97M) | Time:00:00.19 | Mem:0.00M, Peak:0.00M | Scene, ViewLayer | Synchronizing object | 08_kitchen_Drawer front.028
Fra:1 Mem:269.97M (Peak 269.97M) | Time:00:00.19 | Mem:0.00M, Peak:0.00M | Scene, ViewLayer | Synchronizing object | 08_kitchen_Handle recess.028
Fra:1 Mem:270.01M (Peak 270.01M) | Time:00:00.19 | Mem:0.00M, Peak:0.00M | Scene, ViewLayer | Synchronizing object | 08_kitchen_Handle recess.029
Fra:1 Mem:270.03M (Peak 270.03M) | Time:00:00.19 | Mem:0.00M, Peak:0.00M | Scene, ViewLayer | Synchronizing object | 08_kitchen_Induction cooktop
Fra:1 Mem:270.05M (Peak 270.05M) | Time:00:00.19 | Mem:0.00M, Peak:0.00M | Scene, ViewLayer | Synchronizing object | 08_kitchen_Oven stainless fascia
Fra:1 Mem:270.16M (Peak 270.16M) | Time:00:00.19 | Mem:0.00M, Peak:0.00M | Scene, ViewLayer | Synchronizing object | 08_kitchen_Oven pull
Fra:1 Mem:270.20M (Peak 270.20M) | Time:00:00.19 | Mem:0.00M, Peak:0.00M | Scene, ViewLayer | Synchronizing object | 08_kitchen_Oven control
Fra:1 Mem:270.28M (Peak 270.28M) | Time:00:00.19 | Mem:0.00M, Peak:0.00M | Scene, ViewLayer | Synchronizing object | 15_shoe_display_Crossed lace.010
Fra:1 Mem:270.27M (Peak 270.28M) | Time:00:00.19 | Mem:0.00M, Peak:0.00M | Scene, ViewLayer | Synchronizing object | 08_kitchen_Oven control.001
Fra:1 Mem:270.29M (Peak 270.29M) | Time:00:00.19 | Mem:0.00M, Peak:0.00M | Scene, ViewLayer | Synchronizing object | 15_shoe_display_Crossed lace.011
Fra:1 Mem:270.28M (Peak 270.29M) | Time:00:00.19 | Mem:0.00M, Peak:0.00M | Scene, ViewLayer | Synchronizing object | 08_kitchen_Upper cabinet body
Fra:1 Mem:270.31M (Peak 270.31M) | Time:00:00.19 | Mem:0.00M, Peak:0.00M | Scene, ViewLayer | Synchronizing object | 15_shoe_display_Crossed lace.012
Fra:1 Mem:270.34M (Peak 270.34M) | Time:00:00.19 | Mem:0.00M, Peak:0.00M | Scene, ViewLayer | Synchronizing object | 08_kitchen_Upper door
Fra:1 Mem:270.43M (Peak 270.43M) | Time:00:00.19 | Mem:0.00M, Peak:0.00M | Scene, ViewLayer | Synchronizing object | 08_kitchen_Upper door.001
Fra:1 Mem:270.45M (Peak 270.45M) | Time:00:00.19 | Mem:0.00M, Peak:0.00M | Scene, ViewLayer | Synchronizing object | 08_kitchen_Upper door.002
Fra:1 Mem:270.40M (Peak 270.45M) | Time:00:00.19 | Mem:0.00M, Peak:0.00M | Scene, ViewLayer | Synchronizing object | 08_kitchen_Upper door.004
Fra:1 Mem:270.41M (Peak 270.45M) | Time:00:00.19 | Mem:0.00M, Peak:0.00M | Scene, ViewLayer | Synchronizing object | 08_kitchen_Upper door.006
Fra:1 Mem:270.60M (Peak 270.60M) | Time:00:00.19 | Mem:0.00M, Peak:0.00M | Scene, ViewLayer | Synchronizing object | 15_shoe_display_Crossed lace.014
Fra:1 Mem:270.56M (Peak 270.60M) | Time:00:00.19 | Mem:0.00M, Peak:0.00M | Scene, ViewLayer | Synchronizing object | 08_kitchen_Upper door.007
Fra:1 Mem:270.56M (Peak 270.60M) | Time:00:00.19 | Mem:0.00M, Peak:0.00M | Scene, ViewLayer | Synchronizing object | 15_shoe_display_Crossed lace.015
Fra:1 Mem:270.58M (Peak 270.60M) | Time:00:00.19 | Mem:0.00M, Peak:0.00M | Scene, ViewLayer | Synchronizing object | 08_kitchen_Upper door.009
Fra:1 Mem:270.61M (Peak 270.61M) | Time:00:00.19 | Mem:0.00M, Peak:0.00M | Scene, ViewLayer | Synchronizing object | 15_shoe_display_Crossed lace.016
Fra:1 Mem:270.62M (Peak 270.62M) | Time:00:00.19 | Mem:0.00M, Peak:0.00M | Scene, ViewLayer | Synchronizing object | 08_kitchen_Integrated refrigerator body
Fra:1 Mem:270.61M (Peak 270.62M) | Time:00:00.19 | Mem:0.00M, Peak:0.00M | Scene, ViewLayer | Synchronizing object | 15_shoe_display_Crossed lace.017
Fra:1 Mem:270.63M (Peak 270.63M) | Time:00:00.19 | Mem:0.00M, Peak:0.00M | Scene, ViewLayer | Synchronizing object | 08_kitchen_Brushed refrigerator door
Fra:1 Mem:270.64M (Peak 270.64M) | Time:00:00.19 | Mem:0.00M, Peak:0.00M | Scene, ViewLayer | Synchronizing object | 15_shoe_display_Crossed lace.018
Fra:1 Mem:270.68M (Peak 270.68M) | Time:00:00.19 | Mem:0.00M, Peak:0.00M | Scene, ViewLayer | Synchronizing object | 08_kitchen_Refrigerator pull
Fra:1 Mem:270.66M (Peak 270.68M) | Time:00:00.19 | Mem:0.00M, Peak:0.00M | Scene, ViewLayer | Synchronizing object | 08_kitchen_Brushed refrigerator door.001
Fra:1 Mem:270.72M (Peak 270.72M) | Time:00:00.19 | Mem:0.00M, Peak:0.00M | Scene, ViewLayer | Synchronizing object | 08_kitchen_Refrigerator pull.001
Fra:1 Mem:270.77M (Peak 270.77M) | Time:00:00.19 | Mem:0.00M, Peak:0.00M | Scene, ViewLayer | Synchronizing object | 08_kitchen_Refrigerator screen
Fra:1 Mem:270.76M (Peak 270.77M) | Time:00:00.19 | Mem:0.00M, Peak:0.00M | Scene, ViewLayer | Synchronizing object | 08_kitchen_Espresso machine
Fra:1 Mem:270.79M (Peak 270.79M) | Time:00:00.19 | Mem:0.00M, Peak:0.00M | Scene, ViewLayer | Synchronizing object | 08_kitchen_Espresso black face
Fra:1 Mem:270.86M (Peak 270.86M) | Time:00:00.19 | Mem:0.00M, Peak:0.00M | Scene, ViewLayer | Synchronizing object | 08_kitchen_Drip tray
Fra:1 Mem:270.85M (Peak 270.86M) | Time:00:00.19 | Mem:0.00M, Peak:0.00M | Scene, ViewLayer | Synchronizing object | 08_kitchen_Coffee spout
Fra:1 Mem:270.85M (Peak 270.86M) | Time:00:00.19 | Mem:0.00M, Peak:0.00M | Scene, ViewLayer | Synchronizing object | 08_kitchen_Coffee cup
Fra:1 Mem:270.88M (Peak 270.88M) | Time:00:00.19 | Mem:0.00M, Peak:0.00M | Scene, ViewLayer | Synchronizing object | 08_kitchen_Coffee spout.001
Fra:1 Mem:270.98M (Peak 270.98M) | Time:00:00.19 | Mem:0.00M, Peak:0.00M | Scene, ViewLayer | Synchronizing object | 08_kitchen_Coffee cup.001
Fra:1 Mem:271.00M (Peak 271.00M) | Time:00:00.19 | Mem:0.00M, Peak:0.00M | Scene, ViewLayer | Synchronizing object | 09_laundry_Front loading appliance
Fra:1 Mem:271.02M (Peak 271.02M) | Time:00:00.19 | Mem:0.00M, Peak:0.00M | Scene, ViewLayer | Synchronizing object | 09_laundry_Appliance fascia
Fra:1 Mem:271.06M (Peak 271.06M) | Time:00:00.19 | Mem:0.00M, Peak:0.00M | Scene, ViewLayer | Synchronizing object | 09_laundry_Program dial
Fra:1 Mem:271.20M (Peak 271.20M) | Time:00:00.19 | Mem:0.00M, Peak:0.00M | Scene, ViewLayer | Synchronizing object | 09_laundry_Cycle display
Fra:1 Mem:271.24M (Peak 271.24M) | Time:00:00.19 | Mem:0.00M, Peak:0.00M | Scene, ViewLayer | Synchronizing object | 09_laundry_Door dark drum
Fra:1 Mem:271.23M (Peak 271.24M) | Time:00:00.19 | Mem:0.00M, Peak:0.00M | Scene, ViewLayer | Synchronizing object | 15_shoe_display_Upper stitched panel.003
Fra:1 Mem:271.19M (Peak 271.24M) | Time:00:00.19 | Mem:0.00M, Peak:0.00M | Scene, ViewLayer | Synchronizing object | 09_laundry_Upper cabinet
Fra:1 Mem:271.21M (Peak 271.24M) | Time:00:00.19 | Mem:0.00M, Peak:0.00M | Scene, ViewLayer | Synchronizing object | 09_laundry_Upper pull
Fra:1 Mem:271.24M (Peak 271.24M) | Time:00:00.19 | Mem:0.00M, Peak:0.00M | Scene, ViewLayer | Synchronizing object | 09_laundry_Folded linen
Fra:1 Mem:271.25M (Peak 271.25M) | Time:00:00.19 | Mem:0.00M, Peak:0.00M | Scene, ViewLayer | Synchronizing object | 09_laundry_Folded linen.001
Fra:1 Mem:271.34M (Peak 271.34M) | Time:00:00.19 | Mem:0.00M, Peak:0.00M | Scene, ViewLayer | Synchronizing object | 15_shoe_display_Padded ankle collar.002
Fra:1 Mem:271.48M (Peak 271.48M) | Time:00:00.19 | Mem:0.00M, Peak:0.00M | Scene, ViewLayer | Synchronizing object | 09_laundry_Folded linen.002
Fra:1 Mem:271.50M (Peak 271.50M) | Time:00:00.19 | Mem:0.00M, Peak:0.00M | Scene, ViewLayer | Synchronizing object | 09_laundry_Front loading appliance.001
Fra:1 Mem:271.56M (Peak 271.56M) | Time:00:00.19 | Mem:0.00M, Peak:0.00M | Scene, ViewLayer | Synchronizing object | 09_laundry_Appliance fascia.001
Fra:1 Mem:271.65M (Peak 271.65M) | Time:00:00.19 | Mem:0.00M, Peak:0.00M | Scene, ViewLayer | Synchronizing object | 09_laundry_Program dial.001
Fra:1 Mem:271.62M (Peak 271.65M) | Time:00:00.19 | Mem:0.00M, Peak:0.00M | Scene, ViewLayer | Synchronizing object | 09_laundry_Door dark drum.001
Fra:1 Mem:271.59M (Peak 271.65M) | Time:00:00.19 | Mem:0.00M, Peak:0.00M | Scene, ViewLayer | Synchronizing object | 09_laundry_Upper front.001
Fra:1 Mem:271.65M (Peak 271.65M) | Time:00:00.19 | Mem:0.00M, Peak:0.00M | Scene, ViewLayer | Synchronizing object | 09_laundry_Upper pull.001
Fra:1 Mem:271.66M (Peak 271.66M) | Time:00:00.19 | Mem:0.00M, Peak:0.00M | Scene, ViewLayer | Synchronizing object | 09_laundry_Folded linen.003
Fra:1 Mem:271.79M (Peak 271.79M) | Time:00:00.19 | Mem:0.00M, Peak:0.00M | Scene, ViewLayer | Synchronizing object | 09_laundry_Folded linen.004
Fra:1 Mem:271.80M (Peak 271.80M) | Time:00:00.19 | Mem:0.00M, Peak:0.00M | Scene, ViewLayer | Synchronizing object | 09_laundry_Folded linen.005
Fra:1 Mem:271.77M (Peak 271.80M) | Time:00:00.19 | Mem:0.00M, Peak:0.00M | Scene, ViewLayer | Synchronizing object | 09_laundry_Front loading appliance.002
Fra:1 Mem:271.88M (Peak 271.88M) | Time:00:00.19 | Mem:0.00M, Peak:0.00M | Scene, ViewLayer | Synchronizing object | 09_laundry_Appliance fascia.002
Fra:1 Mem:271.90M (Peak 271.90M) | Time:00:00.19 | Mem:0.00M, Peak:0.00M | Scene, ViewLayer | Synchronizing object | 09_laundry_Program dial.002
Fra:1 Mem:271.89M (Peak 271.90M) | Time:00:00.19 | Mem:0.00M, Peak:0.00M | Scene, ViewLayer | Synchronizing object | 09_laundry_Cycle display.002
Fra:1 Mem:271.99M (Peak 271.99M) | Time:00:00.19 | Mem:0.00M, Peak:0.00M | Scene, ViewLayer | Synchronizing object | 09_laundry_Door dark drum.002
Fra:1 Mem:271.99M (Peak 271.99M) | Time:00:00.19 | Mem:0.00M, Peak:0.00M | Scene, ViewLayer | Synchronizing object | 09_laundry_Upper front.002
Fra:1 Mem:272.02M (Peak 272.02M) | Time:00:00.19 | Mem:0.00M, Peak:0.00M | Scene, ViewLayer | Synchronizing object | 09_laundry_Upper pull.002
Fra:1 Mem:272.13M (Peak 272.13M) | Time:00:00.19 | Mem:0.00M, Peak:0.00M | Scene, ViewLayer | Synchronizing object | 09_laundry_Folded linen.006
Fra:1 Mem:272.11M (Peak 272.13M) | Time:00:00.19 | Mem:0.00M, Peak:0.00M | Scene, ViewLayer | Synchronizing object | 09_laundry_Folded linen.007
Fra:1 Mem:272.10M (Peak 272.13M) | Time:00:00.19 | Mem:0.00M, Peak:0.00M | Scene, ViewLayer | Synchronizing object | 15_shoe_display_Crossed lace.023
Fra:1 Mem:272.10M (Peak 272.13M) | Time:00:00.19 | Mem:0.00M, Peak:0.00M | Scene, ViewLayer | Synchronizing object | 09_laundry_Front loading appliance.003
Fra:1 Mem:272.27M (Peak 272.27M) | Time:00:00.19 | Mem:0.00M, Peak:0.00M | Scene, ViewLayer | Synchronizing object | 15_shoe_display_Crossed lace.024
Fra:1 Mem:272.21M (Peak 272.27M) | Time:00:00.19 | Mem:0.00M, Peak:0.00M | Scene, ViewLayer | Synchronizing object | 09_laundry_Appliance fascia.003
Fra:1 Mem:272.24M (Peak 272.27M) | Time:00:00.19 | Mem:0.00M, Peak:0.00M | Scene, ViewLayer | Synchronizing object | 09_laundry_Program dial.003
Fra:1 Mem:272.28M (Peak 272.28M) | Time:00:00.19 | Mem:0.00M, Peak:0.00M | Scene, ViewLayer | Synchronizing object | 09_laundry_Cycle display.003
Fra:1 Mem:272.33M (Peak 272.33M) | Time:00:00.19 | Mem:0.00M, Peak:0.00M | Scene, ViewLayer | Synchronizing object | 15_shoe_display_Crossed lace.025
Fra:1 Mem:272.31M (Peak 272.33M) | Time:00:00.19 | Mem:0.00M, Peak:0.00M | Scene, ViewLayer | Synchronizing object | 09_laundry_Convex smoked door glass.003
Fra:1 Mem:272.35M (Peak 272.35M) | Time:00:00.19 | Mem:0.00M, Peak:0.00M | Scene, ViewLayer | Synchronizing object | 09_laundry_Upper cabinet.003
Fra:1 Mem:272.39M (Peak 272.39M) | Time:00:00.19 | Mem:0.00M, Peak:0.00M | Scene, ViewLayer | Synchronizing object | 09_laundry_Upper front.003
Fra:1 Mem:272.45M (Peak 272.45M) | Time:00:00.19 | Mem:0.00M, Peak:0.00M | Scene, ViewLayer | Synchronizing object | 09_laundry_Upper pull.003
Fra:1 Mem:272.48M (Peak 272.48M) | Time:00:00.19 | Mem:0.00M, Peak:0.00M | Scene, ViewLayer | Synchronizing object | 09_laundry_Folded linen.010
Fra:1 Mem:272.50M (Peak 272.50M) | Time:00:00.19 | Mem:0.00M, Peak:0.00M | Scene, ViewLayer | Synchronizing object | 09_laundry_Task light
Fra:1 Mem:272.49M (Peak 272.50M) | Time:00:00.19 | Mem:0.00M, Peak:0.00M | Scene, ViewLayer | Synchronizing object | 10_tub_Freestanding oval bath
Fra:1 Mem:272.55M (Peak 272.55M) | Time:00:00.19 | Mem:0.00M, Peak:0.00M | Scene, ViewLayer | Synchronizing object | 10_tub_Waste drain
Fra:1 Mem:272.55M (Peak 272.55M) | Time:00:00.19 | Mem:0.00M, Peak:0.00M | Scene, ViewLayer | Synchronizing object | 15_shoe_display_Crossed lace.027
Fra:1 Mem:272.66M (Peak 272.66M) | Time:00:00.19 | Mem:0.00M, Peak:0.00M | Scene, ViewLayer | Synchronizing object | 15_shoe_display_Crossed lace.028
Fra:1 Mem:272.66M (Peak 272.66M) | Time:00:00.19 | Mem:0.00M, Peak:0.00M | Scene, ViewLayer | Synchronizing object | 10_tub_Mixer lever
Fra:1 Mem:272.75M (Peak 272.75M) | Time:00:00.19 | Mem:0.00M, Peak:0.00M | Scene, ViewLayer | Synchronizing object | 10_tub_Floor mixer pedestal
Fra:1 Mem:272.88M (Peak 272.88M) | Time:00:00.19 | Mem:0.00M, Peak:0.00M | Scene, ViewLayer | Synchronizing object | 11_hot_tub_Spa insulated base
Fra:1 Mem:272.82M (Peak 272.88M) | Time:00:00.19 | Mem:0.00M, Peak:0.00M | Scene, ViewLayer | Synchronizing object | 11_hot_tub_Spa side casing
Fra:1 Mem:272.82M (Peak 272.88M) | Time:00:00.19 | Mem:0.00M, Peak:0.00M | Scene, ViewLayer | Synchronizing object | 11_hot_tub_Spa side casing.001
Fra:1 Mem:272.82M (Peak 272.88M) | Time:00:00.19 | Mem:0.00M, Peak:0.00M | Scene, ViewLayer | Synchronizing object | 11_hot_tub_Spa end casing.001
Fra:1 Mem:272.94M (Peak 272.94M) | Time:00:00.19 | Mem:0.00M, Peak:0.00M | Scene, ViewLayer | Synchronizing object | 11_hot_tub_Spa vertical cabinet slat
Fra:1 Mem:272.93M (Peak 272.94M) | Time:00:00.19 | Mem:0.00M, Peak:0.00M | Scene, ViewLayer | Synchronizing object | 11_hot_tub_Spa vertical cabinet slat.002
Fra:1 Mem:272.92M (Peak 272.94M) | Time:00:00.19 | Mem:0.00M, Peak:0.00M | Scene, ViewLayer | Synchronizing object | 11_hot_tub_Spa vertical cabinet slat.003
Fra:1 Mem:272.96M (Peak 272.97M) | Time:00:00.19 | Mem:0.00M, Peak:0.00M | Scene, ViewLayer | Synchronizing object | 11_hot_tub_Spa vertical cabinet slat.004
Fra:1 Mem:272.98M (Peak 272.98M) | Time:00:00.19 | Mem:0.00M, Peak:0.00M | Scene, ViewLayer | Synchronizing object | 15_shoe_display_Upper stitched panel.004
Fra:1 Mem:273.03M (Peak 273.03M) | Time:00:00.19 | Mem:0.00M, Peak:0.00M | Scene, ViewLayer | Synchronizing object | 11_hot_tub_Spa vertical cabinet slat.006
Fra:1 Mem:272.99M (Peak 273.03M) | Time:00:00.19 | Mem:0.00M, Peak:0.00M | Scene, ViewLayer | Synchronizing object | 11_hot_tub_Spa vertical cabinet slat.007
Fra:1 Mem:273.06M (Peak 273.06M) | Time:00:00.19 | Mem:0.00M, Peak:0.00M | Scene, ViewLayer | Synchronizing object | 15_shoe_display_Upper stitched panel.005
Fra:1 Mem:273.06M (Peak 273.06M) | Time:00:00.19 | Mem:0.00M, Peak:0.00M | Scene, ViewLayer | Synchronizing object | 11_hot_tub_Spa vertical cabinet slat.009
Fra:1 Mem:273.11M (Peak 273.11M) | Time:00:00.19 | Mem:0.00M, Peak:0.00M | Scene, ViewLayer | Synchronizing object | 15_shoe_display_Padded ankle collar.003
Fra:1 Mem:273.10M (Peak 273.11M) | Time:00:00.19 | Mem:0.00M, Peak:0.00M | Scene, ViewLayer | Synchronizing object | 11_hot_tub_Spa vertical cabinet slat.010
Fra:1 Mem:273.20M (Peak 273.20M) | Time:00:00.19 | Mem:0.00M, Peak:0.00M | Scene, ViewLayer | Synchronizing object | 11_hot_tub_Spa vertical cabinet slat.011
Fra:1 Mem:273.26M (Peak 273.26M) | Time:00:00.19 | Mem:0.00M, Peak:0.00M | Scene, ViewLayer | Synchronizing object | 11_hot_tub_Spa vertical cabinet slat.013
Fra:1 Mem:273.31M (Peak 273.31M) | Time:00:00.19 | Mem:0.00M, Peak:0.00M | Scene, ViewLayer | Synchronizing object | 11_hot_tub_Spa vertical cabinet slat.014
Fra:1 Mem:273.30M (Peak 273.31M) | Time:00:00.19 | Mem:0.00M, Peak:0.00M | Scene, ViewLayer | Synchronizing object | 11_hot_tub_Spa vertical cabinet slat.016
Fra:1 Mem:273.34M (Peak 273.34M) | Time:00:00.19 | Mem:0.00M, Peak:0.00M | Scene, ViewLayer | Synchronizing object | 11_hot_tub_Spa vertical cabinet slat.017
Fra:1 Mem:273.43M (Peak 273.43M) | Time:00:00.19 | Mem:0.00M, Peak:0.00M | Scene, ViewLayer | Synchronizing object | 11_hot_tub_Spa vertical cabinet slat.018
Fra:1 Mem:273.44M (Peak 273.44M) | Time:00:00.19 | Mem:0.00M, Peak:0.00M | Scene, ViewLayer | Synchronizing object | 11_hot_tub_Spa vertical cabinet slat.019
Fra:1 Mem:273.49M (Peak 273.49M) | Time:00:00.19 | Mem:0.00M, Peak:0.00M | Scene, ViewLayer | Synchronizing object | 11_hot_tub_Spa vertical cabinet slat.021
Fra:1 Mem:273.49M (Peak 273.49M) | Time:00:00.19 | Mem:0.00M, Peak:0.00M | Scene, ViewLayer | Synchronizing object | 11_hot_tub_Spa vertical cabinet slat.022
Fra:1 Mem:273.49M (Peak 273.49M) | Time:00:00.19 | Mem:0.00M, Peak:0.00M | Scene, ViewLayer | Synchronizing object | 11_hot_tub_Spa vertical cabinet slat.024
Fra:1 Mem:273.53M (Peak 273.53M) | Time:00:00.19 | Mem:0.00M, Peak:0.00M | Scene, ViewLayer | Synchronizing object | 11_hot_tub_Spa vertical cabinet slat.025
Fra:1 Mem:273.60M (Peak 273.60M) | Time:00:00.19 | Mem:0.00M, Peak:0.00M | Scene, ViewLayer | Synchronizing object | 11_hot_tub_Spa vertical cabinet slat.026
Fra:1 Mem:273.63M (Peak 273.63M) | Time:00:00.19 | Mem:0.00M, Peak:0.00M | Scene, ViewLayer | Synchronizing object | 11_hot_tub_Spa vertical cabinet slat.027
Fra:1 Mem:273.68M (Peak 273.68M) | Time:00:00.19 | Mem:0.00M, Peak:0.00M | Scene, ViewLayer | Synchronizing object | 11_hot_tub_Spa vertical cabinet slat.028
Fra:1 Mem:273.71M (Peak 273.71M) | Time:00:00.19 | Mem:0.00M, Peak:0.00M | Scene, ViewLayer | Synchronizing object | 15_shoe_display_Crossed lace.032
Fra:1 Mem:273.73M (Peak 273.73M) | Time:00:00.19 | Mem:0.00M, Peak:0.00M | Scene, ViewLayer | Synchronizing object | 11_hot_tub_Spa vertical cabinet slat.031
Fra:1 Mem:273.78M (Peak 273.78M) | Time:00:00.19 | Mem:0.00M, Peak:0.00M | Scene, ViewLayer | Synchronizing object | 11_hot_tub_Spa vertical cabinet slat.032
Fra:1 Mem:273.77M (Peak 273.78M) | Time:00:00.19 | Mem:0.00M, Peak:0.00M | Scene, ViewLayer | Synchronizing object | 15_shoe_display_Crossed lace.033
Fra:1 Mem:273.77M (Peak 273.78M) | Time:00:00.19 | Mem:0.00M, Peak:0.00M | Scene, ViewLayer | Synchronizing object | 11_hot_tub_Spa vertical cabinet slat.035
Fra:1 Mem:273.79M (Peak 273.79M) | Time:00:00.19 | Mem:0.00M, Peak:0.00M | Scene, ViewLayer | Synchronizing object | 11_hot_tub_Spa vertical cabinet slat.037
Fra:1 Mem:273.85M (Peak 273.85M) | Time:00:00.19 | Mem:0.00M, Peak:0.00M | Scene, ViewLayer | Synchronizing object | 15_shoe_display_Crossed lace.034
Fra:1 Mem:273.83M (Peak 273.85M) | Time:00:00.19 | Mem:0.00M, Peak:0.00M | Scene, ViewLayer | Synchronizing object | 11_hot_tub_Spa vertical cabinet slat.038
Fra:1 Mem:273.89M (Peak 273.89M) | Time:00:00.19 | Mem:0.00M, Peak:0.00M | Scene, ViewLayer | Synchronizing object | 11_hot_tub_Spa vertical cabinet slat.039
Fra:1 Mem:273.91M (Peak 273.91M) | Time:00:00.19 | Mem:0.00M, Peak:0.00M | Scene, ViewLayer | Synchronizing object | 11_hot_tub_Spa vertical cabinet slat.040
Fra:1 Mem:273.91M (Peak 273.91M) | Time:00:00.19 | Mem:0.00M, Peak:0.00M | Scene, ViewLayer | Synchronizing object | 11_hot_tub_Spa vertical cabinet slat.041
Fra:1 Mem:274.05M (Peak 274.05M) | Time:00:00.19 | Mem:0.00M, Peak:0.00M | Scene, ViewLayer | Synchronizing object | 11_hot_tub_Spa vertical cabinet slat.043
Fra:1 Mem:274.05M (Peak 274.05M) | Time:00:00.19 | Mem:0.00M, Peak:0.00M | Scene, ViewLayer | Synchronizing object | 11_hot_tub_Spa vertical cabinet slat.045
Fra:1 Mem:274.09M (Peak 274.09M) | Time:00:00.19 | Mem:0.00M, Peak:0.00M | Scene, ViewLayer | Synchronizing object | 15_shoe_display_Crossed lace.035
Fra:1 Mem:274.06M (Peak 274.09M) | Time:00:00.19 | Mem:0.00M, Peak:0.00M | Scene, ViewLayer | Synchronizing object | 11_hot_tub_Spa vertical cabinet slat.048
Fra:1 Mem:274.08M (Peak 274.09M) | Time:00:00.19 | Mem:0.00M, Peak:0.00M | Scene, ViewLayer | Synchronizing object | 11_hot_tub_Spa vertical cabinet slat.049
Fra:1 Mem:274.12M (Peak 274.12M) | Time:00:00.19 | Mem:0.00M, Peak:0.00M | Scene, ViewLayer | Synchronizing object | 15_shoe_display_Crossed lace.036
Fra:1 Mem:274.12M (Peak 274.12M) | Time:00:00.19 | Mem:0.00M, Peak:0.00M | Scene, ViewLayer | Synchronizing object | 15_shoe_display_Crossed lace.037
Fra:1 Mem:274.17M (Peak 274.17M) | Time:00:00.19 | Mem:0.00M, Peak:0.00M | Scene, ViewLayer | Synchronizing object | 11_hot_tub_Spa vertical cabinet slat.051
Fra:1 Mem:274.20M (Peak 274.20M) | Time:00:00.19 | Mem:0.00M, Peak:0.00M | Scene, ViewLayer | Synchronizing object | 15_shoe_display_Crossed lace.038
Fra:1 Mem:274.22M (Peak 274.22M) | Time:00:00.19 | Mem:0.00M, Peak:0.00M | Scene, ViewLayer | Synchronizing object | 11_hot_tub_Spa vertical cabinet slat.052
Fra:1 Mem:274.23M (Peak 274.23M) | Time:00:00.19 | Mem:0.00M, Peak:0.00M | Scene, ViewLayer | Synchronizing object | 15_shoe_display_Crossed lace.039
Fra:1 Mem:274.26M (Peak 274.26M) | Time:00:00.19 | Mem:0.00M, Peak:0.00M | Scene, ViewLayer | Synchronizing object | 11_hot_tub_Spa vertical cabinet slat.054
Fra:1 Mem:274.26M (Peak 274.26M) | Time:00:00.19 | Mem:0.00M, Peak:0.00M | Scene, ViewLayer | Synchronizing object | 11_hot_tub_Spa vertical cabinet slat.055
Fra:1 Mem:274.28M (Peak 274.28M) | Time:00:00.19 | Mem:0.00M, Peak:0.00M | Scene, ViewLayer | Synchronizing object | 15_shoe_display_Upper stitched panel.006
Fra:1 Mem:274.28M (Peak 274.28M) | Time:00:00.19 | Mem:0.00M, Peak:0.00M | Scene, ViewLayer | Synchronizing object | 11_hot_tub_Spa vertical cabinet slat.056
Fra:1 Mem:274.44M (Peak 274.44M) | Time:00:00.19 | Mem:0.00M, Peak:0.00M | Scene, ViewLayer | Synchronizing object | 15_shoe_display_Upper stitched panel.007
Fra:1 Mem:274.39M (Peak 274.44M) | Time:00:00.19 | Mem:0.00M, Peak:0.00M | Scene, ViewLayer | Synchronizing object | 11_hot_tub_Spa vertical cabinet slat.057
Fra:1 Mem:274.41M (Peak 274.44M) | Time:00:00.19 | Mem:0.00M, Peak:0.00M | Scene, ViewLayer | Synchronizing object | 11_hot_tub_Spa vertical cabinet slat.058
Fra:1 Mem:274.46M (Peak 274.46M) | Time:00:00.19 | Mem:0.00M, Peak:0.00M | Scene, ViewLayer | Synchronizing object | 15_shoe_display_Padded ankle collar.004
Fra:1 Mem:274.44M (Peak 274.46M) | Time:00:00.19 | Mem:0.00M, Peak:0.00M | Scene, ViewLayer | Synchronizing object | 11_hot_tub_Spa vertical cabinet slat.060
Fra:1 Mem:274.43M (Peak 274.46M) | Time:00:00.19 | Mem:0.00M, Peak:0.00M | Scene, ViewLayer | Synchronizing object | 11_hot_tub_Spa vertical cabinet slat.062
Fra:1 Mem:274.44M (Peak 274.46M) | Time:00:00.19 | Mem:0.00M, Peak:0.00M | Scene, ViewLayer | Synchronizing object | 11_hot_tub_Spa vertical cabinet slat.063
Fra:1 Mem:274.66M (Peak 274.66M) | Time:00:00.19 | Mem:0.00M, Peak:0.00M | Scene, ViewLayer | Synchronizing object | 11_hot_tub_Spa vertical cabinet slat.064
Fra:1 Mem:274.63M (Peak 274.66M) | Time:00:00.19 | Mem:0.00M, Peak:0.00M | Scene, ViewLayer | Synchronizing object | 11_hot_tub_Spa vertical cabinet slat.065
Fra:1 Mem:274.66M (Peak 274.66M) | Time:00:00.19 | Mem:0.00M, Peak:0.00M | Scene, ViewLayer | Synchronizing object | 11_hot_tub_Spa vertical cabinet slat.067
Fra:1 Mem:274.67M (Peak 274.67M) | Time:00:00.19 | Mem:0.00M, Peak:0.00M | Scene, ViewLayer | Synchronizing object | 11_hot_tub_Spa vertical cabinet slat.068
Fra:1 Mem:274.71M (Peak 274.71M) | Time:00:00.19 | Mem:0.00M, Peak:0.00M | Scene, ViewLayer | Synchronizing object | 11_hot_tub_Spa vertical cabinet slat.069
Fra:1 Mem:274.72M (Peak 274.72M) | Time:00:00.19 | Mem:0.00M, Peak:0.00M | Scene, ViewLayer | Synchronizing object | 15_shoe_display_Crossed lace.040
Fra:1 Mem:274.80M (Peak 274.80M) | Time:00:00.19 | Mem:0.00M, Peak:0.00M | Scene, ViewLayer | Synchronizing object | 15_shoe_display_Crossed lace.041
Fra:1 Mem:274.78M (Peak 274.80M) | Time:00:00.19 | Mem:0.00M, Peak:0.00M | Scene, ViewLayer | Synchronizing object | 11_hot_tub_Spa vertical cabinet slat.070
Fra:1 Mem:274.84M (Peak 274.84M) | Time:00:00.19 | Mem:0.00M, Peak:0.00M | Scene, ViewLayer | Synchronizing object | 15_shoe_display_Crossed lace.042
Fra:1 Mem:274.80M (Peak 274.84M) | Time:00:00.19 | Mem:0.00M, Peak:0.00M | Scene, ViewLayer | Synchronizing object | 11_hot_tub_Spa vertical cabinet slat.072
Fra:1 Mem:274.85M (Peak 274.85M) | Time:00:00.19 | Mem:0.00M, Peak:0.00M | Scene, ViewLayer | Synchronizing object | 11_hot_tub_Spa vertical cabinet slat.074
Fra:1 Mem:274.87M (Peak 274.87M) | Time:00:00.19 | Mem:0.00M, Peak:0.00M | Scene, ViewLayer | Synchronizing object | 11_hot_tub_Spa vertical cabinet slat.075
Fra:1 Mem:274.91M (Peak 274.90M) | Time:00:00.20 | Mem:0.00M, Peak:0.00M | Scene, ViewLayer | Synchronizing object | 11_hot_tub_Contoured spa shell basin and seat bench
Fra:1 Mem:274.94M (Peak 274.94M) | Time:00:00.20 | Mem:0.00M, Peak:0.00M | Scene, ViewLayer | Synchronizing object | 11_hot_tub_Rippled spa water
Fra:1 Mem:275.01M (Peak 275.01M) | Time:00:00.20 | Mem:0.00M, Peak:0.00M | Scene, ViewLayer | Synchronizing object | 11_hot_tub_Spa headrest
Fra:1 Mem:275.02M (Peak 275.02M) | Time:00:00.20 | Mem:0.00M, Peak:0.00M | Scene, ViewLayer | Synchronizing object | 11_hot_tub_Hydrotherapy jet
Fra:1 Mem:275.29M (Peak 275.29M) | Time:00:00.20 | Mem:0.00M, Peak:0.00M | Scene, ViewLayer | Synchronizing object | 11_hot_tub_Jet nozzle
Fra:1 Mem:275.27M (Peak 275.29M) | Time:00:00.20 | Mem:0.00M, Peak:0.00M | Scene, ViewLayer | Synchronizing object | 11_hot_tub_Jet nozzle.001
Fra:1 Mem:275.29M (Peak 275.29M) | Time:00:00.20 | Mem:0.00M, Peak:0.00M | Scene, ViewLayer | Synchronizing object | 15_shoe_display_Crossed lace.045
Fra:1 Mem:275.34M (Peak 275.34M) | Time:00:00.20 | Mem:0.00M, Peak:0.00M | Scene, ViewLayer | Synchronizing object | 11_hot_tub_Spa headrest.001
Fra:1 Mem:275.45M (Peak 275.45M) | Time:00:00.20 | Mem:0.00M, Peak:0.00M | Scene, ViewLayer | Synchronizing object | 15_shoe_display_Crossed lace.046
Fra:1 Mem:275.44M (Peak 275.45M) | Time:00:00.20 | Mem:0.00M, Peak:0.00M | Scene, ViewLayer | Synchronizing object | 11_hot_tub_Hydrotherapy jet.002
Fra:1 Mem:275.41M (Peak 275.45M) | Time:00:00.20 | Mem:0.00M, Peak:0.00M | Scene, ViewLayer | Synchronizing object | 15_shoe_display_Crossed lace.047
Fra:1 Mem:275.41M (Peak 275.45M) | Time:00:00.20 | Mem:0.00M, Peak:0.00M | Scene, ViewLayer | Synchronizing object | 11_hot_tub_Jet nozzle.002
Fra:1 Mem:275.44M (Peak 275.45M) | Time:00:00.20 | Mem:0.00M, Peak:0.00M | Scene, ViewLayer | Synchronizing object | 15_shoe_display_Crossed lace.048
Fra:1 Mem:275.51M (Peak 275.51M) | Time:00:00.20 | Mem:0.00M, Peak:0.00M | Scene, ViewLayer | Synchronizing object | 11_hot_tub_Hydrotherapy jet.003
Fra:1 Mem:275.50M (Peak 275.51M) | Time:00:00.20 | Mem:0.00M, Peak:0.00M | Scene, ViewLayer | Synchronizing object | 15_shoe_display_Crossed lace.049
Fra:1 Mem:275.47M (Peak 275.51M) | Time:00:00.20 | Mem:0.00M, Peak:0.00M | Scene, ViewLayer | Synchronizing object | 11_hot_tub_Jet nozzle.003
Fra:1 Mem:275.50M (Peak 275.51M) | Time:00:00.20 | Mem:0.00M, Peak:0.00M | Scene, ViewLayer | Synchronizing object | 11_hot_tub_Spa headrest.002
Fra:1 Mem:275.50M (Peak 275.51M) | Time:00:00.20 | Mem:0.00M, Peak:0.00M | Scene, ViewLayer | Synchronizing object | 11_hot_tub_Hydrotherapy jet.004
Fra:1 Mem:275.53M (Peak 275.53M) | Time:00:00.20 | Mem:0.00M, Peak:0.00M | Scene, ViewLayer | Synchronizing object | 11_hot_tub_Hydrotherapy jet.005
Fra:1 Mem:275.50M (Peak 275.53M) | Time:00:00.20 | Mem:0.00M, Peak:0.00M | Scene, ViewLayer | Synchronizing object | 11_hot_tub_Jet nozzle.005
Fra:1 Mem:275.52M (Peak 275.53M) | Time:00:00.20 | Mem:0.00M, Peak:0.00M | Scene, ViewLayer | Synchronizing object | 11_hot_tub_Spa headrest.003
Fra:1 Mem:275.59M (Peak 275.59M) | Time:00:00.20 | Mem:0.00M, Peak:0.00M | Scene, ViewLayer | Synchronizing object | 15_shoe_display_Upper stitched panel.009
Fra:1 Mem:275.59M (Peak 275.59M) | Time:00:00.20 | Mem:0.00M, Peak:0.00M | Scene, ViewLayer | Synchronizing object | 11_hot_tub_Hydrotherapy jet.006
Fra:1 Mem:275.70M (Peak 275.70M) | Time:00:00.20 | Mem:0.00M, Peak:0.00M | Scene, ViewLayer | Synchronizing object | 11_hot_tub_Jet nozzle.006
Fra:1 Mem:275.67M (Peak 275.70M) | Time:00:00.20 | Mem:0.00M, Peak:0.00M | Scene, ViewLayer | Synchronizing object | 11_hot_tub_Hydrotherapy jet.007
Fra:1 Mem:275.74M (Peak 275.74M) | Time:00:00.20 | Mem:0.00M, Peak:0.00M | Scene, ViewLayer | Synchronizing object | 11_hot_tub_Jet nozzle.007
Fra:1 Mem:275.76M (Peak 275.76M) | Time:00:00.20 | Mem:0.00M, Peak:0.00M | Scene, ViewLayer | Synchronizing object | 11_hot_tub_Spa cup well.001
Fra:1 Mem:275.72M (Peak 275.76M) | Time:00:00.20 | Mem:0.00M, Peak:0.00M | Scene, ViewLayer | Synchronizing object | 11_hot_tub_Spa control panel
Fra:1 Mem:275.75M (Peak 275.76M) | Time:00:00.20 | Mem:0.00M, Peak:0.00M | Scene, ViewLayer | Synchronizing object | 11_hot_tub_Spa control button.001
Fra:1 Mem:275.91M (Peak 275.91M) | Time:00:00.20 | Mem:0.00M, Peak:0.00M | Scene, ViewLayer | Synchronizing object | 11_hot_tub_Spa access step
Fra:1 Mem:275.92M (Peak 275.92M) | Time:00:00.20 | Mem:0.00M, Peak:0.00M | Scene, ViewLayer | Synchronizing object | 11_hot_tub_Spa access step.001
Fra:1 Mem:275.94M (Peak 275.94M) | Time:00:00.20 | Mem:0.00M, Peak:0.00M | Scene, ViewLayer | Synchronizing object | 12_vanity_Floating vanity cabinet
Fra:1 Mem:276.04M (Peak 276.04M) | Time:00:00.20 | Mem:0.00M, Peak:0.00M | Scene, ViewLayer | Synchronizing object | 12_vanity_Stone vanity top
Fra:1 Mem:276.05M (Peak 276.05M) | Time:00:00.20 | Mem:0.00M, Peak:0.00M | Scene, ViewLayer | Synchronizing object | 12_vanity_Handleless vanity door
Fra:1 Mem:276.09M (Peak 276.09M) | Time:00:00.20 | Mem:0.00M, Peak:0.00M | Scene, ViewLayer | Synchronizing object | 15_shoe_display_Crossed lace.050
Fra:1 Mem:276.10M (Peak 276.10M) | Time:00:00.20 | Mem:0.00M, Peak:0.00M | Scene, ViewLayer | Synchronizing object | 12_vanity_Handleless vanity door.001
Fra:1 Mem:276.11M (Peak 276.11M) | Time:00:00.20 | Mem:0.00M, Peak:0.00M | Scene, ViewLayer | Synchronizing object | 12_vanity_Handleless vanity door.002
Fra:1 Mem:276.13M (Peak 276.13M) | Time:00:00.20 | Mem:0.00M, Peak:0.00M | Scene, ViewLayer | Synchronizing object | 15_shoe_display_Crossed lace.051
Fra:1 Mem:276.14M (Peak 276.14M) | Time:00:00.20 | Mem:0.00M, Peak:0.00M | Scene, ViewLayer | Synchronizing object | 12_vanity_Handleless vanity door.003
Fra:1 Mem:276.12M (Peak 276.14M) | Time:00:00.20 | Mem:0.00M, Peak:0.00M | Scene, ViewLayer | Synchronizing object | 12_vanity_Folded hand towel
Fra:1 Mem:276.14M (Peak 276.14M) | Time:00:00.20 | Mem:0.00M, Peak:0.00M | Scene, ViewLayer | Synchronizing object | 12_vanity_Folded hand towel.001
Fra:1 Mem:276.16M (Peak 276.16M) | Time:00:00.20 | Mem:0.00M, Peak:0.00M | Scene, ViewLayer | Synchronizing object | 12_vanity_Folded hand towel.002
Fra:1 Mem:276.18M (Peak 276.18M) | Time:00:00.20 | Mem:0.00M, Peak:0.00M | Scene, ViewLayer | Synchronizing object | 12_vanity_Folded hand towel.003
Fra:1 Mem:276.22M (Peak 276.22M) | Time:00:00.20 | Mem:0.00M, Peak:0.00M | Scene, ViewLayer | Synchronizing object | 12_vanity_Folded hand towel.004
Fra:1 Mem:276.27M (Peak 276.27M) | Time:00:00.20 | Mem:0.00M, Peak:0.00M | Scene, ViewLayer | Synchronizing object | 12_vanity_Concealed vanity light
Fra:1 Mem:276.32M (Peak 276.32M) | Time:00:00.20 | Mem:0.00M, Peak:0.00M | Scene, ViewLayer | Synchronizing object | 12_vanity_Vessel washbasin
Fra:1 Mem:276.38M (Peak 276.38M) | Time:00:00.20 | Mem:0.00M, Peak:0.00M | Scene, ViewLayer | Synchronizing object | 12_vanity_Basin drain
Fra:1 Mem:276.37M (Peak 276.38M) | Time:00:00.20 | Mem:0.00M, Peak:0.00M | Scene, ViewLayer | Synchronizing object | 12_vanity_Tap base
Fra:1 Mem:276.43M (Peak 276.43M) | Time:00:00.20 | Mem:0.00M, Peak:0.00M | Scene, ViewLayer | Synchronizing object | 12_vanity_Backlit mirror glow
Fra:1 Mem:276.47M (Peak 276.47M) | Time:00:00.20 | Mem:0.00M, Peak:0.00M | Scene, ViewLayer | Synchronizing object | 12_vanity_Mirror bronze frame
Fra:1 Mem:276.52M (Peak 276.52M) | Time:00:00.20 | Mem:0.00M, Peak:0.00M | Scene, ViewLayer | Synchronizing object | 12_vanity_Soap bottle
Fra:1 Mem:276.54M (Peak 276.54M) | Time:00:00.20 | Mem:0.00M, Peak:0.00M | Scene, ViewLayer | Synchronizing object | 12_vanity_Soap pump
Fra:1 Mem:276.60M (Peak 276.60M) | Time:00:00.20 | Mem:0.00M, Peak:0.00M | Scene, ViewLayer | Synchronizing object | 12_vanity_Basin drain.001
Fra:1 Mem:276.62M (Peak 276.62M) | Time:00:00.20 | Mem:0.00M, Peak:0.00M | Scene, ViewLayer | Synchronizing object | 12_vanity_Mixer lever.001
Fra:1 Mem:276.61M (Peak 276.62M) | Time:00:00.20 | Mem:0.00M, Peak:0.00M | Scene, ViewLayer | Synchronizing object | 15_shoe_display_Crossed lace.054
Fra:1 Mem:276.64M (Peak 276.64M) | Time:00:00.20 | Mem:0.00M, Peak:0.00M | Scene, ViewLayer | Synchronizing object | 12_vanity_Backlit mirror glow.001
Fra:1 Mem:276.65M (Peak 276.65M) | Time:00:00.20 | Mem:0.00M, Peak:0.00M | Scene, ViewLayer | Synchronizing object | 15_shoe_display_Crossed lace.055
Fra:1 Mem:276.65M (Peak 276.65M) | Time:00:00.20 | Mem:0.00M, Peak:0.00M | Scene, ViewLayer | Synchronizing object | 12_vanity_Mirror bronze frame.001
Fra:1 Mem:276.72M (Peak 276.72M) | Time:00:00.20 | Mem:0.00M, Peak:0.00M | Scene, ViewLayer | Synchronizing object | 12_vanity_Mirror face.001
Fra:1 Mem:276.71M (Peak 276.72M) | Time:00:00.20 | Mem:0.00M, Peak:0.00M | Scene, ViewLayer | Synchronizing object | 15_shoe_display_Crossed lace.056
Fra:1 Mem:276.71M (Peak 276.72M) | Time:00:00.20 | Mem:0.00M, Peak:0.00M | Scene, ViewLayer | Synchronizing object | 12_vanity_Soap bottle.001
Fra:1 Mem:276.81M (Peak 276.81M) | Time:00:00.20 | Mem:0.00M, Peak:0.00M | Scene, ViewLayer | Synchronizing object | 12_vanity_Soap pump.001
Fra:1 Mem:276.86M (Peak 276.86M) | Time:00:00.20 | Mem:0.00M, Peak:0.00M | Scene, ViewLayer | Synchronizing object | 13_shower_Shower tray
Fra:1 Mem:276.84M (Peak 276.86M) | Time:00:00.20 | Mem:0.00M, Peak:0.00M | Scene, ViewLayer | Synchronizing object | 13_shower_Drain grille
Fra:1 Mem:276.93M (Peak 276.93M) | Time:00:00.20 | Mem:0.00M, Peak:0.00M | Scene, ViewLayer | Synchronizing object | 13_shower_Linear shower drain
Fra:1 Mem:276.94M (Peak 276.94M) | Time:00:00.20 | Mem:0.00M, Peak:0.00M | Scene, ViewLayer | Synchronizing object | 13_shower_Drain grille.001
Fra:1 Mem:276.93M (Peak 276.94M) | Time:00:00.20 | Mem:0.00M, Peak:0.00M | Scene, ViewLayer | Synchronizing object | 13_shower_Drain grille.002
Fra:1 Mem:276.96M (Peak 276.96M) | Time:00:00.20 | Mem:0.00M, Peak:0.00M | Scene, ViewLayer | Synchronizing object | 13_shower_Drain grille.004
Fra:1 Mem:276.97M (Peak 276.97M) | Time:00:00.20 | Mem:0.00M, Peak:0.00M | Scene, ViewLayer | Synchronizing object | 13_shower_Drain grille.005
Fra:1 Mem:276.98M (Peak 276.98M) | Time:00:00.20 | Mem:0.00M, Peak:0.00M | Scene, ViewLayer | Synchronizing object | 13_shower_Drain grille.006
Fra:1 Mem:277.05M (Peak 277.05M) | Time:00:00.20 | Mem:0.00M, Peak:0.00M | Scene, ViewLayer | Synchronizing object | 15_shoe_display_Crossed lace.058
Fra:1 Mem:277.09M (Peak 277.09M) | Time:00:00.20 | Mem:0.00M, Peak:0.00M | Scene, ViewLayer | Synchronizing object | 13_shower_Drain grille.008
Fra:1 Mem:277.10M (Peak 277.10M) | Time:00:00.20 | Mem:0.00M, Peak:0.00M | Scene, ViewLayer | Synchronizing object | 13_shower_Drain grille.009
Fra:1 Mem:277.10M (Peak 277.10M) | Time:00:00.20 | Mem:0.00M, Peak:0.00M | Scene, ViewLayer | Synchronizing object | 13_shower_Drain grille.010
Fra:1 Mem:277.09M (Peak 277.10M) | Time:00:00.20 | Mem:0.00M, Peak:0.00M | Scene, ViewLayer | Synchronizing object | 13_shower_Drain grille.012
Fra:1 Mem:277.09M (Peak 277.10M) | Time:00:00.20 | Mem:0.00M, Peak:0.00M | Scene, ViewLayer | Synchronizing object | 15_shoe_display_Crossed lace.059
Fra:1 Mem:277.16M (Peak 277.16M) | Time:00:00.20 | Mem:0.00M, Peak:0.00M | Scene, ViewLayer | Synchronizing object | 13_shower_Drain grille.013
Fra:1 Mem:277.19M (Peak 277.19M) | Time:00:00.20 | Mem:0.00M, Peak:0.00M | Scene, ViewLayer | Synchronizing object | 13_shower_Drain grille.014
Fra:1 Mem:277.21M (Peak 277.21M) | Time:00:00.20 | Mem:0.00M, Peak:0.00M | Scene, ViewLayer | Synchronizing object | 15_shoe_display_Upper stitched panel.010
Fra:1 Mem:277.23M (Peak 277.23M) | Time:00:00.20 | Mem:0.00M, Peak:0.00M | Scene, ViewLayer | Synchronizing object | 13_shower_Drain grille.016
Fra:1 Mem:277.25M (Peak 277.25M) | Time:00:00.20 | Mem:0.00M, Peak:0.00M | Scene, ViewLayer | Synchronizing object | 15_shoe_display_Upper stitched panel.011
Fra:1 Mem:277.29M (Peak 277.29M) | Time:00:00.20 | Mem:0.00M, Peak:0.00M | Scene, ViewLayer | Synchronizing object | 13_shower_Drain grille.019
Fra:1 Mem:277.29M (Peak 277.29M) | Time:00:00.20 | Mem:0.00M, Peak:0.00M | Scene, ViewLayer | Synchronizing object | 13_shower_Drain grille.020
Fra:1 Mem:277.37M (Peak 277.37M) | Time:00:00.20 | Mem:0.00M, Peak:0.00M | Scene, ViewLayer | Synchronizing object | 13_shower_Drain grille.021
Fra:1 Mem:277.47M (Peak 277.47M) | Time:00:00.20 | Mem:0.00M, Peak:0.00M | Scene, ViewLayer | Synchronizing object | 13_shower_Drain grille.023
Fra:1 Mem:277.48M (Peak 277.48M) | Time:00:00.20 | Mem:0.00M, Peak:0.00M | Scene, ViewLayer | Synchronizing object | 13_shower_Fixed clear glass
Fra:1 Mem:277.51M (Peak 277.51M) | Time:00:00.20 | Mem:0.00M, Peak:0.00M | Scene, ViewLayer | Synchronizing object | 13_shower_Glass bronze clamp
Fra:1 Mem:277.56M (Peak 277.56M) | Time:00:00.20 | Mem:0.00M, Peak:0.00M | Scene, ViewLayer | Synchronizing object | 13_shower_Glass bronze clamp.003
Fra:1 Mem:277.60M (Peak 277.60M) | Time:00:00.20 | Mem:0.00M, Peak:0.00M | Scene, ViewLayer | Synchronizing object | 13_shower_Top screen stabilizer
Fra:1 Mem:277.60M (Peak 277.60M) | Time:00:00.20 | Mem:0.00M, Peak:0.00M | Scene, ViewLayer | Synchronizing object | 13_shower_Fixed clear glass.001
Fra:1 Mem:277.66M (Peak 277.66M) | Time:00:00.20 | Mem:0.00M, Peak:0.00M | Scene, ViewLayer | Synchronizing object | 13_shower_Glass bronze clamp.004
Fra:1 Mem:277.75M (Peak 277.75M) | Time:00:00.20 | Mem:0.00M, Peak:0.00M | Scene, ViewLayer | Synchronizing object | 13_shower_Glass bronze clamp.005
Fra:1 Mem:277.80M (Peak 277.81M) | Time:00:00.20 | Mem:0.00M, Peak:0.00M | Scene, ViewLayer | Synchronizing object | 13_shower_Glass bronze clamp.006
Fra:1 Mem:277.80M (Peak 277.81M) | Time:00:00.20 | Mem:0.00M, Peak:0.00M | Scene, ViewLayer | Synchronizing object | 13_shower_Top screen stabilizer.001
Fra:1 Mem:277.80M (Peak 277.81M) | Time:00:00.20 | Mem:0.00M, Peak:0.00M | Scene, ViewLayer | Synchronizing object | 15_shoe_display_Crossed lace.060
Fra:1 Mem:277.85M (Peak 277.85M) | Time:00:00.20 | Mem:0.00M, Peak:0.00M | Scene, ViewLayer | Synchronizing object | 13_shower_Rain shower head
Fra:1 Mem:277.84M (Peak 277.85M) | Time:00:00.20 | Mem:0.00M, Peak:0.00M | Scene, ViewLayer | Synchronizing object | 13_shower_Rain nozzle
Fra:1 Mem:277.84M (Peak 277.85M) | Time:00:00.20 | Mem:0.00M, Peak:0.00M | Scene, ViewLayer | Synchronizing object | 13_shower_Rain nozzle.001
Fra:1 Mem:277.88M (Peak 277.88M) | Time:00:00.20 | Mem:0.00M, Peak:0.00M | Scene, ViewLayer | Synchronizing object | 15_shoe_display_Crossed lace.061
Fra:1 Mem:277.95M (Peak 277.95M) | Time:00:00.20 | Mem:0.00M, Peak:0.00M | Scene, ViewLayer | Synchronizing object | 13_shower_Rain nozzle.003
Fra:1 Mem:277.97M (Peak 277.97M) | Time:00:00.20 | Mem:0.00M, Peak:0.00M | Scene, ViewLayer | Synchronizing object | 15_shoe_display_Crossed lace.062
Fra:1 Mem:278.01M (Peak 278.01M) | Time:00:00.20 | Mem:0.00M, Peak:0.00M | Scene, ViewLayer | Synchronizing object | 13_shower_Rain nozzle.004
Fra:1 Mem:278.03M (Peak 278.03M) | Time:00:00.20 | Mem:0.00M, Peak:0.00M | Scene, ViewLayer | Synchronizing object | 13_shower_Rain nozzle.005
Fra:1 Mem:277.99M (Peak 278.03M) | Time:00:00.20 | Mem:0.00M, Peak:0.00M | Scene, ViewLayer | Synchronizing object | 13_shower_Rain nozzle.006
Fra:1 Mem:278.07M (Peak 278.07M) | Time:00:00.20 | Mem:0.00M, Peak:0.00M | Scene, ViewLayer | Synchronizing object | 13_shower_Rain nozzle.007
Fra:1 Mem:278.04M (Peak 278.07M) | Time:00:00.20 | Mem:0.00M, Peak:0.00M | Scene, ViewLayer | Synchronizing object | 13_shower_Rain nozzle.008
Fra:1 Mem:278.07M (Peak 278.07M) | Time:00:00.20 | Mem:0.00M, Peak:0.00M | Scene, ViewLayer | Synchronizing object | 13_shower_Rain nozzle.009
Fra:1 Mem:278.08M (Peak 278.08M) | Time:00:00.20 | Mem:0.00M, Peak:0.00M | Scene, ViewLayer | Synchronizing object | 13_shower_Rain nozzle.011
Fra:1 Mem:278.06M (Peak 278.08M) | Time:00:00.20 | Mem:0.00M, Peak:0.00M | Scene, ViewLayer | Synchronizing object | 15_shoe_display_Crossed lace.064
Fra:1 Mem:278.10M (Peak 278.10M) | Time:00:00.20 | Mem:0.00M, Peak:0.00M | Scene, ViewLayer | Synchronizing object | 13_shower_Rain nozzle.012
Fra:1 Mem:278.10M (Peak 278.10M) | Time:00:00.20 | Mem:0.00M, Peak:0.00M | Scene, ViewLayer | Synchronizing object | 13_shower_Rain nozzle.013
Fra:1 Mem:278.13M (Peak 278.13M) | Time:00:00.20 | Mem:0.00M, Peak:0.00M | Scene, ViewLayer | Synchronizing object | 15_shoe_display_Crossed lace.065
Fra:1 Mem:278.15M (Peak 278.15M) | Time:00:00.20 | Mem:0.00M, Peak:0.00M | Scene, ViewLayer | Synchronizing object | 13_shower_Rain nozzle.015
Fra:1 Mem:278.23M (Peak 278.22M) | Time:00:00.20 | Mem:0.00M, Peak:0.00M | Scene, ViewLayer | Synchronizing object | 13_shower_Rain nozzle.016
Fra:1 Mem:278.20M (Peak 278.22M) | Time:00:00.20 | Mem:0.00M, Peak:0.00M | Scene, ViewLayer | Synchronizing object | 13_shower_Rain nozzle.017
Fra:1 Mem:278.27M (Peak 278.27M) | Time:00:00.20 | Mem:0.00M, Peak:0.00M | Scene, ViewLayer | Synchronizing object | 15_shoe_display_Crossed lace.066
Fra:1 Mem:278.25M (Peak 278.27M) | Time:00:00.20 | Mem:0.00M, Peak:0.00M | Scene, ViewLayer | Synchronizing object | 13_shower_Rain nozzle.020
Fra:1 Mem:278.27M (Peak 278.27M) | Time:00:00.20 | Mem:0.00M, Peak:0.00M | Scene, ViewLayer | Synchronizing object | 15_shoe_display_Crossed lace.067
Fra:1 Mem:278.25M (Peak 278.27M) | Time:00:00.20 | Mem:0.00M, Peak:0.00M | Scene, ViewLayer | Synchronizing object | 13_shower_Rain nozzle.022
Fra:1 Mem:278.26M (Peak 278.27M) | Time:00:00.20 | Mem:0.00M, Peak:0.00M | Scene, ViewLayer | Synchronizing object | 15_shoe_display_Crossed lace.068
Fra:1 Mem:278.27M (Peak 278.27M) | Time:00:00.20 | Mem:0.00M, Peak:0.00M | Scene, ViewLayer | Synchronizing object | 13_shower_Rain nozzle.023
Fra:1 Mem:278.36M (Peak 278.36M) | Time:00:00.20 | Mem:0.00M, Peak:0.00M | Scene, ViewLayer | Synchronizing object | 13_shower_Rain nozzle.024
Fra:1 Mem:278.37M (Peak 278.37M) | Time:00:00.20 | Mem:0.00M, Peak:0.00M | Scene, ViewLayer | Synchronizing object | 13_shower_Rain nozzle.026
Fra:1 Mem:278.41M (Peak 278.40M) | Time:00:00.20 | Mem:0.00M, Peak:0.00M | Scene, ViewLayer | Synchronizing object | 15_shoe_display_Crossed lace.069
Fra:1 Mem:278.40M (Peak 278.40M) | Time:00:00.20 | Mem:0.00M, Peak:0.00M | Scene, ViewLayer | Synchronizing object | 13_shower_Rain nozzle.028
Fra:1 Mem:278.41M (Peak 278.41M) | Time:00:00.20 | Mem:0.00M, Peak:0.00M | Scene, ViewLayer | Synchronizing object | 13_shower_Rain nozzle.030
Fra:1 Mem:278.45M (Peak 278.45M) | Time:00:00.20 | Mem:0.00M, Peak:0.00M | Scene, ViewLayer | Synchronizing object | 13_shower_Rain nozzle.031
Fra:1 Mem:278.46M (Peak 278.46M) | Time:00:00.20 | Mem:0.00M, Peak:0.00M | Scene, ViewLayer | Synchronizing object | 13_shower_Rain nozzle.032
Fra:1 Mem:278.47M (Peak 278.46M) | Time:00:00.20 | Mem:0.00M, Peak:0.00M | Scene, ViewLayer | Synchronizing object | 13_shower_Rain nozzle.033
Fra:1 Mem:278.50M (Peak 278.50M) | Time:00:00.20 | Mem:0.00M, Peak:0.00M | Scene, ViewLayer | Synchronizing object | 13_shower_Rain nozzle.034
Fra:1 Mem:278.49M (Peak 278.50M) | Time:00:00.20 | Mem:0.00M, Peak:0.00M | Scene, ViewLayer | Synchronizing object | 13_shower_Rain nozzle.035
Fra:1 Mem:278.58M (Peak 278.58M) | Time:00:00.20 | Mem:0.00M, Peak:0.00M | Scene, ViewLayer | Synchronizing object | 13_shower_Rain nozzle.036
Fra:1 Mem:278.58M (Peak 278.58M) | Time:00:00.20 | Mem:0.00M, Peak:0.00M | Scene, ViewLayer | Synchronizing object | 13_shower_Rain nozzle.037
Fra:1 Mem:278.59M (Peak 278.59M) | Time:00:00.20 | Mem:0.00M, Peak:0.00M | Scene, ViewLayer | Synchronizing object | 13_shower_Rain nozzle.039
Fra:1 Mem:278.60M (Peak 278.60M) | Time:00:00.20 | Mem:0.00M, Peak:0.00M | Scene, ViewLayer | Synchronizing object | 13_shower_Rain nozzle.040
Fra:1 Mem:278.59M (Peak 278.60M) | Time:00:00.20 | Mem:0.00M, Peak:0.00M | Scene, ViewLayer | Synchronizing object | 13_shower_Rain nozzle.041
Fra:1 Mem:278.62M (Peak 278.62M) | Time:00:00.20 | Mem:0.00M, Peak:0.00M | Scene, ViewLayer | Synchronizing object | 13_shower_Rain nozzle.042
Fra:1 Mem:278.65M (Peak 278.65M) | Time:00:00.20 | Mem:0.00M, Peak:0.00M | Scene, ViewLayer | Synchronizing object | 13_shower_Rain nozzle.043
Fra:1 Mem:278.64M (Peak 278.65M) | Time:00:00.20 | Mem:0.00M, Peak:0.00M | Scene, ViewLayer | Synchronizing object | 13_shower_Rain nozzle.044
Fra:1 Mem:278.72M (Peak 278.72M) | Time:00:00.20 | Mem:0.00M, Peak:0.00M | Scene, ViewLayer | Synchronizing object | 15_shoe_display_Padded ankle collar.007
Fra:1 Mem:278.77M (Peak 278.77M) | Time:00:00.20 | Mem:0.00M, Peak:0.00M | Scene, ViewLayer | Synchronizing object | 13_shower_Rain nozzle.046
Fra:1 Mem:278.85M (Peak 278.85M) | Time:00:00.20 | Mem:0.00M, Peak:0.00M | Scene, ViewLayer | Synchronizing object | 13_shower_Rain nozzle.047
Fra:1 Mem:278.89M (Peak 278.89M) | Time:00:00.20 | Mem:0.00M, Peak:0.00M | Scene, ViewLayer | Synchronizing object | 13_shower_Rain nozzle.048
Fra:1 Mem:278.90M (Peak 278.90M) | Time:00:00.20 | Mem:0.00M, Peak:0.00M | Scene, ViewLayer | Synchronizing object | 13_shower_Rain nozzle.051
Fra:1 Mem:278.90M (Peak 278.90M) | Time:00:00.20 | Mem:0.00M, Peak:0.00M | Scene, ViewLayer | Synchronizing object | 13_shower_Rain nozzle.052
Fra:1 Mem:278.94M (Peak 278.94M) | Time:00:00.20 | Mem:0.00M, Peak:0.00M | Scene, ViewLayer | Synchronizing object | 13_shower_Rain nozzle.053
Fra:1 Mem:278.95M (Peak 278.95M) | Time:00:00.20 | Mem:0.00M, Peak:0.00M | Scene, ViewLayer | Synchronizing object | 13_shower_Rain nozzle.054
Fra:1 Mem:279.02M (Peak 279.02M) | Time:00:00.20 | Mem:0.00M, Peak:0.00M | Scene, ViewLayer | Synchronizing object | 13_shower_Rain nozzle.055
Fra:1 Mem:279.01M (Peak 279.02M) | Time:00:00.20 | Mem:0.00M, Peak:0.00M | Scene, ViewLayer | Synchronizing object | 13_shower_Rain nozzle.056
Fra:1 Mem:279.01M (Peak 279.02M) | Time:00:00.20 | Mem:0.00M, Peak:0.00M | Scene, ViewLayer | Synchronizing object | 13_shower_Rain nozzle.057
Fra:1 Mem:279.05M (Peak 279.05M) | Time:00:00.20 | Mem:0.00M, Peak:0.00M | Scene, ViewLayer | Synchronizing object | 13_shower_Rain nozzle.059
Fra:1 Mem:279.05M (Peak 279.05M) | Time:00:00.20 | Mem:0.00M, Peak:0.00M | Scene, ViewLayer | Synchronizing object | 13_shower_Rain nozzle.060
Fra:1 Mem:279.05M (Peak 279.05M) | Time:00:00.20 | Mem:0.00M, Peak:0.00M | Scene, ViewLayer | Synchronizing object | 13_shower_Rain nozzle.061
Fra:1 Mem:279.09M (Peak 279.09M) | Time:00:00.20 | Mem:0.00M, Peak:0.00M | Scene, ViewLayer | Synchronizing object | 13_shower_Rain nozzle.062
Fra:1 Mem:279.08M (Peak 279.09M) | Time:00:00.20 | Mem:0.00M, Peak:0.00M | Scene, ViewLayer | Synchronizing object | 15_shoe_display_Crossed lace.072
Fra:1 Mem:279.12M (Peak 279.12M) | Time:00:00.20 | Mem:0.00M, Peak:0.00M | Scene, ViewLayer | Synchronizing object | 13_shower_Thermostatic control
Fra:1 Mem:279.12M (Peak 279.12M) | Time:00:00.20 | Mem:0.00M, Peak:0.00M | Scene, ViewLayer | Synchronizing object | 13_shower_Thermostatic control.001
Fra:1 Mem:279.19M (Peak 279.19M) | Time:00:00.20 | Mem:0.00M, Peak:0.00M | Scene, ViewLayer | Synchronizing object | 15_shoe_display_Crossed lace.073
Fra:1 Mem:279.19M (Peak 279.19M) | Time:00:00.20 | Mem:0.00M, Peak:0.00M | Scene, ViewLayer | Synchronizing object | 15_shoe_display_Crossed lace.074
Fra:1 Mem:279.20M (Peak 279.20M) | Time:00:00.20 | Mem:0.00M, Peak:0.00M | Scene, ViewLayer | Synchronizing object | 14_toilet_Ceramic pedestal
Fra:1 Mem:279.32M (Peak 279.32M) | Time:00:00.20 | Mem:0.00M, Peak:0.00M | Scene, ViewLayer | Synchronizing object | 14_toilet_WC bowl
Fra:1 Mem:279.28M (Peak 279.32M) | Time:00:00.20 | Mem:0.00M, Peak:0.00M | Scene, ViewLayer | Synchronizing object | 14_toilet_Closed soft close lid
Fra:1 Mem:279.33M (Peak 279.33M) | Time:00:00.20 | Mem:0.00M, Peak:0.00M | Scene, ViewLayer | Synchronizing object | 14_toilet_Dual flush plate
Fra:1 Mem:279.37M (Peak 279.37M) | Time:00:00.20 | Mem:0.00M, Peak:0.00M | Scene, ViewLayer | Synchronizing object | 15_shoe_display_Crossed lace.075
Fra:1 Mem:279.42M (Peak 279.42M) | Time:00:00.20 | Mem:0.00M, Peak:0.00M | Scene, ViewLayer | Synchronizing object | 14_toilet_Flush button
Fra:1 Mem:279.46M (Peak 279.46M) | Time:00:00.20 | Mem:0.00M, Peak:0.00M | Scene, ViewLayer | Synchronizing object | 14_toilet_Flush button.001
Fra:1 Mem:279.44M (Peak 279.46M) | Time:00:00.20 | Mem:0.00M, Peak:0.00M | Scene, ViewLayer | Synchronizing object | 15_shoe_display_Gallery vertical divider
Fra:1 Mem:279.48M (Peak 279.48M) | Time:00:00.20 | Mem:0.00M, Peak:0.00M | Scene, ViewLayer | Synchronizing object | 15_shoe_display_Gallery vertical divider.001
Fra:1 Mem:279.61M (Peak 279.61M) | Time:00:00.20 | Mem:0.00M, Peak:0.00M | Scene, ViewLayer | Synchronizing object | 15_shoe_display_Gallery vertical divider.002
Fra:1 Mem:279.62M (Peak 279.62M) | Time:00:00.20 | Mem:0.00M, Peak:0.00M | Scene, ViewLayer | Synchronizing object | 15_shoe_display_Gallery vertical divider.003
Fra:1 Mem:279.69M (Peak 279.69M) | Time:00:00.20 | Mem:0.00M, Peak:0.00M | Scene, ViewLayer | Synchronizing object | 15_shoe_display_Gallery vertical divider.004
Fra:1 Mem:279.73M (Peak 279.73M) | Time:00:00.20 | Mem:0.00M, Peak:0.00M | Scene, ViewLayer | Synchronizing object | 15_shoe_display_Gallery vertical divider.005
Fra:1 Mem:279.74M (Peak 279.74M) | Time:00:00.20 | Mem:0.00M, Peak:0.00M | Scene, ViewLayer | Synchronizing object | 15_shoe_display_Display shelf
Fra:1 Mem:279.75M (Peak 279.75M) | Time:00:00.20 | Mem:0.00M, Peak:0.00M | Scene, ViewLayer | Synchronizing object | 15_shoe_display_Shaped sneaker sole
Fra:1 Mem:279.72M (Peak 279.75M) | Time:00:00.20 | Mem:0.00M, Peak:0.00M | Scene, ViewLayer | Synchronizing object | 15_shoe_display_Dark ankle opening
Fra:1 Mem:279.75M (Peak 279.75M) | Time:00:00.20 | Mem:0.00M, Peak:0.00M | Scene, ViewLayer | Synchronizing object | 15_shoe_display_Shaped sneaker sole.001
Fra:1 Mem:279.80M (Peak 279.80M) | Time:00:00.20 | Mem:0.00M, Peak:0.00M | Scene, ViewLayer | Synchronizing object | 15_shoe_display_Sculpted sneaker upper.001
Fra:1 Mem:279.86M (Peak 279.86M) | Time:00:00.20 | Mem:0.00M, Peak:0.00M | Scene, ViewLayer | Synchronizing object | 15_shoe_display_Dark ankle opening.001
Fra:1 Mem:279.86M (Peak 279.86M) | Time:00:00.20 | Mem:0.00M, Peak:0.00M | Scene, ViewLayer | Synchronizing object | 15_shoe_display_Sculpted sneaker upper.002
Fra:1 Mem:279.84M (Peak 279.86M) | Time:00:00.20 | Mem:0.00M, Peak:0.00M | Scene, ViewLayer | Synchronizing object | 15_shoe_display_Dark ankle opening.002
Fra:1 Mem:280.00M (Peak 280.00M) | Time:00:00.20 | Mem:0.00M, Peak:0.00M | Scene, ViewLayer | Synchronizing object | 15_shoe_display_Shaped sneaker sole.003
Fra:1 Mem:280.00M (Peak 280.00M) | Time:00:00.20 | Mem:0.00M, Peak:0.00M | Scene, ViewLayer | Synchronizing object | 15_shoe_display_Dark ankle opening.003
Fra:1 Mem:280.12M (Peak 280.12M) | Time:00:00.20 | Mem:0.00M, Peak:0.00M | Scene, ViewLayer | Synchronizing object | 15_shoe_display_Shaped sneaker sole.004
Fra:1 Mem:280.12M (Peak 280.12M) | Time:00:00.20 | Mem:0.00M, Peak:0.00M | Scene, ViewLayer | Synchronizing object | 15_shoe_display_Dark ankle opening.004
Fra:1 Mem:280.14M (Peak 280.14M) | Time:00:00.20 | Mem:0.00M, Peak:0.00M | Scene, ViewLayer | Synchronizing object | 15_shoe_display_Sculpted sneaker upper.005
Fra:1 Mem:280.17M (Peak 280.17M) | Time:00:00.20 | Mem:0.00M, Peak:0.00M | Scene, ViewLayer | Synchronizing object | 15_shoe_display_Dark ankle opening.005
Fra:1 Mem:280.29M (Peak 280.29M) | Time:00:00.20 | Mem:0.00M, Peak:0.00M | Scene, ViewLayer | Synchronizing object | 15_shoe_display_Sculpted sneaker upper.006
Fra:1 Mem:280.34M (Peak 280.34M) | Time:00:00.20 | Mem:0.00M, Peak:0.00M | Scene, ViewLayer | Synchronizing object | 15_shoe_display_Shaped sneaker sole.007
Fra:1 Mem:280.34M (Peak 280.34M) | Time:00:00.20 | Mem:0.00M, Peak:0.00M | Scene, ViewLayer | Synchronizing object | 15_shoe_display_Sculpted sneaker upper.007
Fra:1 Mem:280.35M (Peak 280.35M) | Time:00:00.20 | Mem:0.00M, Peak:0.00M | Scene, ViewLayer | Synchronizing object | 15_shoe_display_Dark ankle opening.007
Fra:1 Mem:280.37M (Peak 280.37M) | Time:00:00.20 | Mem:0.00M, Peak:0.00M | Scene, ViewLayer | Synchronizing object | 15_shoe_display_Upper stitched panel.014
Fra:1 Mem:280.50M (Peak 280.50M) | Time:00:00.20 | Mem:0.00M, Peak:0.00M | Scene, ViewLayer | Synchronizing object | 15_shoe_display_Upper stitched panel.015
Fra:1 Mem:280.58M (Peak 280.58M) | Time:00:00.20 | Mem:0.00M, Peak:0.00M | Scene, ViewLayer | Synchronizing object | 15_shoe_display_Shaped sneaker sole.008
Fra:1 Mem:280.57M (Peak 280.58M) | Time:00:00.20 | Mem:0.00M, Peak:0.00M | Scene, ViewLayer | Synchronizing object | 15_shoe_display_Sculpted sneaker upper.008
Fra:1 Mem:280.59M (Peak 280.59M) | Time:00:00.20 | Mem:0.00M, Peak:0.00M | Scene, ViewLayer | Synchronizing object | 15_shoe_display_Padded ankle collar.008
Fra:1 Mem:280.70M (Peak 280.70M) | Time:00:00.20 | Mem:0.00M, Peak:0.00M | Scene, ViewLayer | Synchronizing object | 15_shoe_display_Dark ankle opening.008
Fra:1 Mem:280.70M (Peak 280.70M) | Time:00:00.20 | Mem:0.00M, Peak:0.00M | Scene, ViewLayer | Synchronizing object | 15_shoe_display_Crossed lace.080
Fra:1 Mem:280.76M (Peak 280.76M) | Time:00:00.20 | Mem:0.00M, Peak:0.00M | Scene, ViewLayer | Synchronizing object | 15_shoe_display_Crossed lace.081
Fra:1 Mem:280.76M (Peak 280.76M) | Time:00:00.20 | Mem:0.00M, Peak:0.00M | Scene, ViewLayer | Synchronizing object | 15_shoe_display_Crossed lace.082
Fra:1 Mem:280.78M (Peak 280.78M) | Time:00:00.20 | Mem:0.00M, Peak:0.00M | Scene, ViewLayer | Synchronizing object | 15_shoe_display_Crossed lace.083
Fra:1 Mem:280.78M (Peak 280.78M) | Time:00:00.20 | Mem:0.00M, Peak:0.00M | Scene, ViewLayer | Synchronizing object | 15_shoe_display_Crossed lace.084
Fra:1 Mem:280.78M (Peak 280.78M) | Time:00:00.20 | Mem:0.00M, Peak:0.00M | Scene, ViewLayer | Synchronizing object | 15_shoe_display_Crossed lace.085
Fra:1 Mem:280.78M (Peak 280.78M) | Time:00:00.20 | Mem:0.00M, Peak:0.00M | Scene, ViewLayer | Synchronizing object | 15_shoe_display_Crossed lace.086
Fra:1 Mem:280.79M (Peak 280.79M) | Time:00:00.20 | Mem:0.00M, Peak:0.00M | Scene, ViewLayer | Synchronizing object | 15_shoe_display_Crossed lace.087
Fra:1 Mem:280.79M (Peak 280.79M) | Time:00:00.20 | Mem:0.00M, Peak:0.00M | Scene, ViewLayer | Synchronizing object | 15_shoe_display_Crossed lace.088
Fra:1 Mem:280.79M (Peak 280.79M) | Time:00:00.20 | Mem:0.00M, Peak:0.00M | Scene, ViewLayer | Synchronizing object | 15_shoe_display_Crossed lace.089
Fra:1 Mem:280.79M (Peak 280.79M) | Time:00:00.20 | Mem:0.00M, Peak:0.00M | Scene, ViewLayer | Synchronizing object | 15_shoe_display_Upper stitched panel.016
Fra:1 Mem:280.80M (Peak 280.80M) | Time:00:00.20 | Mem:0.00M, Peak:0.00M | Scene, ViewLayer | Synchronizing object | 15_shoe_display_Upper stitched panel.017
Fra:1 Mem:280.80M (Peak 280.80M) | Time:00:00.20 | Mem:0.00M, Peak:0.00M | Scene, ViewLayer | Synchronizing object | 15_shoe_display_Shaped sneaker sole.009
Fra:1 Mem:280.81M (Peak 280.81M) | Time:00:00.20 | Mem:0.00M, Peak:0.00M | Scene, ViewLayer | Synchronizing object | 15_shoe_display_Sculpted sneaker upper.009
Fra:1 Mem:280.81M (Peak 280.81M) | Time:00:00.20 | Mem:0.00M, Peak:0.00M | Scene, ViewLayer | Synchronizing object | 15_shoe_display_Padded ankle collar.009
Fra:1 Mem:280.97M (Peak 280.97M) | Time:00:00.20 | Mem:0.00M, Peak:0.00M | Scene, ViewLayer | Synchronizing object | 15_shoe_display_Dark ankle opening.009
Fra:1 Mem:281.01M (Peak 281.01M) | Time:00:00.20 | Mem:0.00M, Peak:0.00M | Scene, ViewLayer | Synchronizing object | 15_shoe_display_Crossed lace.090
Fra:1 Mem:281.04M (Peak 281.04M) | Time:00:00.20 | Mem:0.00M, Peak:0.00M | Scene, ViewLayer | Synchronizing object | 15_shoe_display_Crossed lace.091
Fra:1 Mem:281.05M (Peak 281.05M) | Time:00:00.20 | Mem:0.00M, Peak:0.00M | Scene, ViewLayer | Synchronizing object | 15_shoe_display_Crossed lace.092
Fra:1 Mem:281.05M (Peak 281.05M) | Time:00:00.20 | Mem:0.00M, Peak:0.00M | Scene, ViewLayer | Synchronizing object | 15_shoe_display_Crossed lace.093
Fra:1 Mem:281.05M (Peak 281.05M) | Time:00:00.20 | Mem:0.00M, Peak:0.00M | Scene, ViewLayer | Synchronizing object | 15_shoe_display_Crossed lace.094
Fra:1 Mem:281.06M (Peak 281.06M) | Time:00:00.20 | Mem:0.00M, Peak:0.00M | Scene, ViewLayer | Synchronizing object | 15_shoe_display_Crossed lace.095
Fra:1 Mem:281.06M (Peak 281.06M) | Time:00:00.20 | Mem:0.00M, Peak:0.00M | Scene, ViewLayer | Synchronizing object | 15_shoe_display_Crossed lace.096
Fra:1 Mem:281.06M (Peak 281.06M) | Time:00:00.20 | Mem:0.00M, Peak:0.00M | Scene, ViewLayer | Synchronizing object | 15_shoe_display_Crossed lace.097
Fra:1 Mem:281.06M (Peak 281.06M) | Time:00:00.20 | Mem:0.00M, Peak:0.00M | Scene, ViewLayer | Synchronizing object | 15_shoe_display_Crossed lace.098
Fra:1 Mem:281.07M (Peak 281.07M) | Time:00:00.20 | Mem:0.00M, Peak:0.00M | Scene, ViewLayer | Synchronizing object | 15_shoe_display_Crossed lace.099
Fra:1 Mem:281.07M (Peak 281.07M) | Time:00:00.20 | Mem:0.00M, Peak:0.00M | Scene, ViewLayer | Synchronizing object | 15_shoe_display_Upper stitched panel.018
Fra:1 Mem:281.07M (Peak 281.07M) | Time:00:00.20 | Mem:0.00M, Peak:0.00M | Scene, ViewLayer | Synchronizing object | 15_shoe_display_Upper stitched panel.019
Fra:1 Mem:281.08M (Peak 281.08M) | Time:00:00.20 | Mem:0.00M, Peak:0.00M | Scene, ViewLayer | Synchronizing object | 15_shoe_display_Display shelf.001
Fra:1 Mem:281.08M (Peak 281.08M) | Time:00:00.20 | Mem:0.00M, Peak:0.00M | Scene, ViewLayer | Synchronizing object | 15_shoe_display_Shaped sneaker sole.010
Fra:1 Mem:281.09M (Peak 281.09M) | Time:00:00.20 | Mem:0.00M, Peak:0.00M | Scene, ViewLayer | Synchronizing object | 15_shoe_display_Padded ankle collar.010
Fra:1 Mem:281.25M (Peak 281.25M) | Time:00:00.20 | Mem:0.00M, Peak:0.00M | Scene, ViewLayer | Synchronizing object | 15_shoe_display_Dark ankle opening.010
Fra:1 Mem:281.25M (Peak 281.25M) | Time:00:00.20 | Mem:0.00M, Peak:0.00M | Scene, ViewLayer | Synchronizing object | 15_shoe_display_Crossed lace.100
Fra:1 Mem:281.31M (Peak 281.31M) | Time:00:00.20 | Mem:0.00M, Peak:0.00M | Scene, ViewLayer | Synchronizing object | 15_shoe_display_Crossed lace.101
Fra:1 Mem:281.32M (Peak 281.32M) | Time:00:00.20 | Mem:0.00M, Peak:0.00M | Scene, ViewLayer | Synchronizing object | 15_shoe_display_Crossed lace.102
Fra:1 Mem:281.32M (Peak 281.32M) | Time:00:00.20 | Mem:0.00M, Peak:0.00M | Scene, ViewLayer | Synchronizing object | 15_shoe_display_Crossed lace.103
Fra:1 Mem:281.34M (Peak 281.34M) | Time:00:00.20 | Mem:0.00M, Peak:0.00M | Scene, ViewLayer | Synchronizing object | 15_shoe_display_Crossed lace.104
Fra:1 Mem:281.34M (Peak 281.34M) | Time:00:00.20 | Mem:0.00M, Peak:0.00M | Scene, ViewLayer | Synchronizing object | 15_shoe_display_Crossed lace.105
Fra:1 Mem:281.34M (Peak 281.34M) | Time:00:00.20 | Mem:0.00M, Peak:0.00M | Scene, ViewLayer | Synchronizing object | 15_shoe_display_Crossed lace.106
Fra:1 Mem:281.34M (Peak 281.34M) | Time:00:00.20 | Mem:0.00M, Peak:0.00M | Scene, ViewLayer | Synchronizing object | 15_shoe_display_Crossed lace.107
Fra:1 Mem:281.34M (Peak 281.34M) | Time:00:00.20 | Mem:0.00M, Peak:0.00M | Scene, ViewLayer | Synchronizing object | 15_shoe_display_Crossed lace.108
Fra:1 Mem:281.35M (Peak 281.35M) | Time:00:00.20 | Mem:0.00M, Peak:0.00M | Scene, ViewLayer | Synchronizing object | 15_shoe_display_Crossed lace.109
Fra:1 Mem:281.35M (Peak 281.35M) | Time:00:00.20 | Mem:0.00M, Peak:0.00M | Scene, ViewLayer | Synchronizing object | 15_shoe_display_Upper stitched panel.020
Fra:1 Mem:281.35M (Peak 281.35M) | Time:00:00.20 | Mem:0.00M, Peak:0.00M | Scene, ViewLayer | Synchronizing object | 15_shoe_display_Upper stitched panel.021
Fra:1 Mem:281.36M (Peak 281.36M) | Time:00:00.20 | Mem:0.00M, Peak:0.00M | Scene, ViewLayer | Synchronizing object | 15_shoe_display_Shaped sneaker sole.011
Fra:1 Mem:281.36M (Peak 281.36M) | Time:00:00.20 | Mem:0.00M, Peak:0.00M | Scene, ViewLayer | Synchronizing object | 15_shoe_display_Padded ankle collar.011
Fra:1 Mem:281.49M (Peak 281.49M) | Time:00:00.20 | Mem:0.00M, Peak:0.00M | Scene, ViewLayer | Synchronizing object | 15_shoe_display_Dark ankle opening.011
Fra:1 Mem:281.54M (Peak 281.54M) | Time:00:00.20 | Mem:0.00M, Peak:0.00M | Scene, ViewLayer | Synchronizing object | 15_shoe_display_Crossed lace.110
Fra:1 Mem:281.56M (Peak 281.56M) | Time:00:00.20 | Mem:0.00M, Peak:0.00M | Scene, ViewLayer | Synchronizing object | 15_shoe_display_Crossed lace.111
Fra:1 Mem:281.56M (Peak 281.56M) | Time:00:00.20 | Mem:0.00M, Peak:0.00M | Scene, ViewLayer | Synchronizing object | 15_shoe_display_Crossed lace.112
Fra:1 Mem:281.57M (Peak 281.57M) | Time:00:00.20 | Mem:0.00M, Peak:0.00M | Scene, ViewLayer | Synchronizing object | 15_shoe_display_Crossed lace.113
Fra:1 Mem:281.57M (Peak 281.57M) | Time:00:00.20 | Mem:0.00M, Peak:0.00M | Scene, ViewLayer | Synchronizing object | 15_shoe_display_Crossed lace.114
Fra:1 Mem:281.57M (Peak 281.57M) | Time:00:00.20 | Mem:0.00M, Peak:0.00M | Scene, ViewLayer | Synchronizing object | 15_shoe_display_Crossed lace.115
Fra:1 Mem:281.57M (Peak 281.57M) | Time:00:00.20 | Mem:0.00M, Peak:0.00M | Scene, ViewLayer | Synchronizing object | 15_shoe_display_Crossed lace.116
Fra:1 Mem:281.58M (Peak 281.58M) | Time:00:00.20 | Mem:0.00M, Peak:0.00M | Scene, ViewLayer | Synchronizing object | 15_shoe_display_Crossed lace.117
Fra:1 Mem:281.58M (Peak 281.58M) | Time:00:00.20 | Mem:0.00M, Peak:0.00M | Scene, ViewLayer | Synchronizing object | 15_shoe_display_Crossed lace.118
Fra:1 Mem:281.58M (Peak 281.58M) | Time:00:00.20 | Mem:0.00M, Peak:0.00M | Scene, ViewLayer | Synchronizing object | 15_shoe_display_Crossed lace.119
Fra:1 Mem:281.58M (Peak 281.58M) | Time:00:00.20 | Mem:0.00M, Peak:0.00M | Scene, ViewLayer | Synchronizing object | 15_shoe_display_Upper stitched panel.022
Fra:1 Mem:281.59M (Peak 281.59M) | Time:00:00.20 | Mem:0.00M, Peak:0.00M | Scene, ViewLayer | Synchronizing object | 15_shoe_display_Upper stitched panel.023
Fra:1 Mem:281.59M (Peak 281.59M) | Time:00:00.20 | Mem:0.00M, Peak:0.00M | Scene, ViewLayer | Synchronizing object | 15_shoe_display_Shaped sneaker sole.012
Fra:1 Mem:281.59M (Peak 281.59M) | Time:00:00.20 | Mem:0.00M, Peak:0.00M | Scene, ViewLayer | Synchronizing object | 15_shoe_display_Padded ankle collar.012
Fra:1 Mem:281.72M (Peak 281.72M) | Time:00:00.20 | Mem:0.00M, Peak:0.00M | Scene, ViewLayer | Synchronizing object | 15_shoe_display_Dark ankle opening.012
Fra:1 Mem:281.75M (Peak 281.75M) | Time:00:00.20 | Mem:0.00M, Peak:0.00M | Scene, ViewLayer | Synchronizing object | 15_shoe_display_Crossed lace.120
Fra:1 Mem:281.79M (Peak 281.79M) | Time:00:00.20 | Mem:0.00M, Peak:0.00M | Scene, ViewLayer | Synchronizing object | 15_shoe_display_Crossed lace.121
Fra:1 Mem:281.80M (Peak 281.80M) | Time:00:00.20 | Mem:0.00M, Peak:0.00M | Scene, ViewLayer | Synchronizing object | 15_shoe_display_Crossed lace.122
Fra:1 Mem:281.80M (Peak 281.80M) | Time:00:00.20 | Mem:0.00M, Peak:0.00M | Scene, ViewLayer | Synchronizing object | 15_shoe_display_Crossed lace.123
Fra:1 Mem:281.80M (Peak 281.80M) | Time:00:00.20 | Mem:0.00M, Peak:0.00M | Scene, ViewLayer | Synchronizing object | 15_shoe_display_Crossed lace.124
Fra:1 Mem:281.80M (Peak 281.80M) | Time:00:00.20 | Mem:0.00M, Peak:0.00M | Scene, ViewLayer | Synchronizing object | 15_shoe_display_Crossed lace.125
Fra:1 Mem:281.81M (Peak 281.81M) | Time:00:00.20 | Mem:0.00M, Peak:0.00M | Scene, ViewLayer | Synchronizing object | 15_shoe_display_Crossed lace.126
Fra:1 Mem:281.81M (Peak 281.81M) | Time:00:00.20 | Mem:0.00M, Peak:0.00M | Scene, ViewLayer | Synchronizing object | 15_shoe_display_Crossed lace.127
Fra:1 Mem:281.81M (Peak 281.81M) | Time:00:00.20 | Mem:0.00M, Peak:0.00M | Scene, ViewLayer | Synchronizing object | 15_shoe_display_Crossed lace.128
Fra:1 Mem:281.81M (Peak 281.81M) | Time:00:00.20 | Mem:0.00M, Peak:0.00M | Scene, ViewLayer | Synchronizing object | 15_shoe_display_Crossed lace.129
Fra:1 Mem:281.82M (Peak 281.82M) | Time:00:00.20 | Mem:0.00M, Peak:0.00M | Scene, ViewLayer | Synchronizing object | 15_shoe_display_Upper stitched panel.024
Fra:1 Mem:281.82M (Peak 281.82M) | Time:00:00.20 | Mem:0.00M, Peak:0.00M | Scene, ViewLayer | Synchronizing object | 15_shoe_display_Upper stitched panel.025
Fra:1 Mem:281.82M (Peak 281.82M) | Time:00:00.20 | Mem:0.00M, Peak:0.00M | Scene, ViewLayer | Synchronizing object | 15_shoe_display_Shaped sneaker sole.013
Fra:1 Mem:281.83M (Peak 281.83M) | Time:00:00.20 | Mem:0.00M, Peak:0.00M | Scene, ViewLayer | Synchronizing object | 15_shoe_display_Padded ankle collar.013
Fra:1 Mem:281.95M (Peak 281.95M) | Time:00:00.20 | Mem:0.00M, Peak:0.00M | Scene, ViewLayer | Synchronizing object | 15_shoe_display_Dark ankle opening.013
Fra:1 Mem:281.97M (Peak 281.97M) | Time:00:00.20 | Mem:0.00M, Peak:0.00M | Scene, ViewLayer | Synchronizing object | 15_shoe_display_Crossed lace.130
Fra:1 Mem:282.02M (Peak 282.02M) | Time:00:00.20 | Mem:0.00M, Peak:0.00M | Scene, ViewLayer | Synchronizing object | 15_shoe_display_Crossed lace.131
Fra:1 Mem:282.02M (Peak 282.02M) | Time:00:00.20 | Mem:0.00M, Peak:0.00M | Scene, ViewLayer | Synchronizing object | 15_shoe_display_Crossed lace.132
Fra:1 Mem:282.03M (Peak 282.03M) | Time:00:00.20 | Mem:0.00M, Peak:0.00M | Scene, ViewLayer | Synchronizing object | 15_shoe_display_Crossed lace.133
Fra:1 Mem:282.04M (Peak 282.04M) | Time:00:00.20 | Mem:0.00M, Peak:0.00M | Scene, ViewLayer | Synchronizing object | 15_shoe_display_Crossed lace.134
Fra:1 Mem:282.04M (Peak 282.04M) | Time:00:00.20 | Mem:0.00M, Peak:0.00M | Scene, ViewLayer | Synchronizing object | 15_shoe_display_Crossed lace.135
Fra:1 Mem:282.04M (Peak 282.04M) | Time:00:00.20 | Mem:0.00M, Peak:0.00M | Scene, ViewLayer | Synchronizing object | 15_shoe_display_Crossed lace.136
Fra:1 Mem:282.04M (Peak 282.04M) | Time:00:00.20 | Mem:0.00M, Peak:0.00M | Scene, ViewLayer | Synchronizing object | 15_shoe_display_Crossed lace.137
Fra:1 Mem:282.05M (Peak 282.05M) | Time:00:00.20 | Mem:0.00M, Peak:0.00M | Scene, ViewLayer | Synchronizing object | 15_shoe_display_Crossed lace.138
Fra:1 Mem:282.05M (Peak 282.05M) | Time:00:00.20 | Mem:0.00M, Peak:0.00M | Scene, ViewLayer | Synchronizing object | 15_shoe_display_Crossed lace.139
Fra:1 Mem:282.05M (Peak 282.05M) | Time:00:00.20 | Mem:0.00M, Peak:0.00M | Scene, ViewLayer | Synchronizing object | 15_shoe_display_Upper stitched panel.026
Fra:1 Mem:282.05M (Peak 282.05M) | Time:00:00.20 | Mem:0.00M, Peak:0.00M | Scene, ViewLayer | Synchronizing object | 15_shoe_display_Upper stitched panel.027
Fra:1 Mem:282.06M (Peak 282.06M) | Time:00:00.20 | Mem:0.00M, Peak:0.00M | Scene, ViewLayer | Synchronizing object | 15_shoe_display_Shaped sneaker sole.014
Fra:1 Mem:282.06M (Peak 282.06M) | Time:00:00.20 | Mem:0.00M, Peak:0.00M | Scene, ViewLayer | Synchronizing object | 15_shoe_display_Padded ankle collar.014
Fra:1 Mem:282.19M (Peak 282.19M) | Time:00:00.20 | Mem:0.00M, Peak:0.00M | Scene, ViewLayer | Synchronizing object | 15_shoe_display_Dark ankle opening.014
Fra:1 Mem:282.21M (Peak 282.21M) | Time:00:00.20 | Mem:0.00M, Peak:0.00M | Scene, ViewLayer | Synchronizing object | 15_shoe_display_Crossed lace.140
Fra:1 Mem:282.25M (Peak 282.25M) | Time:00:00.20 | Mem:0.00M, Peak:0.00M | Scene, ViewLayer | Synchronizing object | 15_shoe_display_Crossed lace.141
Fra:1 Mem:282.27M (Peak 282.27M) | Time:00:00.20 | Mem:0.00M, Peak:0.00M | Scene, ViewLayer | Synchronizing object | 15_shoe_display_Crossed lace.142
Fra:1 Mem:282.27M (Peak 282.27M) | Time:00:00.20 | Mem:0.00M, Peak:0.00M | Scene, ViewLayer | Synchronizing object | 15_shoe_display_Crossed lace.143
Fra:1 Mem:282.27M (Peak 282.27M) | Time:00:00.20 | Mem:0.00M, Peak:0.00M | Scene, ViewLayer | Synchronizing object | 15_shoe_display_Crossed lace.144
Fra:1 Mem:282.27M (Peak 282.27M) | Time:00:00.20 | Mem:0.00M, Peak:0.00M | Scene, ViewLayer | Synchronizing object | 15_shoe_display_Crossed lace.145
Fra:1 Mem:282.28M (Peak 282.28M) | Time:00:00.20 | Mem:0.00M, Peak:0.00M | Scene, ViewLayer | Synchronizing object | 15_shoe_display_Crossed lace.146
Fra:1 Mem:282.28M (Peak 282.28M) | Time:00:00.20 | Mem:0.00M, Peak:0.00M | Scene, ViewLayer | Synchronizing object | 15_shoe_display_Crossed lace.147
Fra:1 Mem:282.28M (Peak 282.28M) | Time:00:00.20 | Mem:0.00M, Peak:0.00M | Scene, ViewLayer | Synchronizing object | 15_shoe_display_Crossed lace.148
Fra:1 Mem:282.28M (Peak 282.28M) | Time:00:00.20 | Mem:0.00M, Peak:0.00M | Scene, ViewLayer | Synchronizing object | 15_shoe_display_Crossed lace.149
Fra:1 Mem:282.29M (Peak 282.29M) | Time:00:00.20 | Mem:0.00M, Peak:0.00M | Scene, ViewLayer | Synchronizing object | 15_shoe_display_Upper stitched panel.028
Fra:1 Mem:282.29M (Peak 282.29M) | Time:00:00.20 | Mem:0.00M, Peak:0.00M | Scene, ViewLayer | Synchronizing object | 15_shoe_display_Upper stitched panel.029
Fra:1 Mem:282.29M (Peak 282.29M) | Time:00:00.20 | Mem:0.00M, Peak:0.00M | Scene, ViewLayer | Synchronizing object | 15_shoe_display_Shaped sneaker sole.015
Fra:1 Mem:282.29M (Peak 282.29M) | Time:00:00.20 | Mem:0.00M, Peak:0.00M | Scene, ViewLayer | Synchronizing object | 15_shoe_display_Padded ankle collar.015
Fra:1 Mem:282.42M (Peak 282.42M) | Time:00:00.20 | Mem:0.00M, Peak:0.00M | Scene, ViewLayer | Synchronizing object | 15_shoe_display_Dark ankle opening.015
Fra:1 Mem:282.43M (Peak 282.43M) | Time:00:00.20 | Mem:0.00M, Peak:0.00M | Scene, ViewLayer | Synchronizing object | 15_shoe_display_Crossed lace.150
Fra:1 Mem:282.49M (Peak 282.49M) | Time:00:00.20 | Mem:0.00M, Peak:0.00M | Scene, ViewLayer | Synchronizing object | 15_shoe_display_Crossed lace.151
Fra:1 Mem:282.50M (Peak 282.50M) | Time:00:00.20 | Mem:0.00M, Peak:0.00M | Scene, ViewLayer | Synchronizing object | 15_shoe_display_Crossed lace.152
Fra:1 Mem:282.50M (Peak 282.50M) | Time:00:00.20 | Mem:0.00M, Peak:0.00M | Scene, ViewLayer | Synchronizing object | 15_shoe_display_Crossed lace.153
Fra:1 Mem:282.51M (Peak 282.51M) | Time:00:00.20 | Mem:0.00M, Peak:0.00M | Scene, ViewLayer | Synchronizing object | 15_shoe_display_Crossed lace.154
Fra:1 Mem:282.51M (Peak 282.51M) | Time:00:00.20 | Mem:0.00M, Peak:0.00M | Scene, ViewLayer | Synchronizing object | 15_shoe_display_Crossed lace.155
Fra:1 Mem:282.51M (Peak 282.51M) | Time:00:00.20 | Mem:0.00M, Peak:0.00M | Scene, ViewLayer | Synchronizing object | 15_shoe_display_Crossed lace.156
Fra:1 Mem:282.51M (Peak 282.51M) | Time:00:00.20 | Mem:0.00M, Peak:0.00M | Scene, ViewLayer | Synchronizing object | 15_shoe_display_Crossed lace.157
Fra:1 Mem:282.51M (Peak 282.51M) | Time:00:00.20 | Mem:0.00M, Peak:0.00M | Scene, ViewLayer | Synchronizing object | 15_shoe_display_Crossed lace.158
Fra:1 Mem:282.52M (Peak 282.52M) | Time:00:00.20 | Mem:0.00M, Peak:0.00M | Scene, ViewLayer | Synchronizing object | 15_shoe_display_Crossed lace.159
Fra:1 Mem:282.52M (Peak 282.52M) | Time:00:00.20 | Mem:0.00M, Peak:0.00M | Scene, ViewLayer | Synchronizing object | 15_shoe_display_Upper stitched panel.030
Fra:1 Mem:282.52M (Peak 282.52M) | Time:00:00.20 | Mem:0.00M, Peak:0.00M | Scene, ViewLayer | Synchronizing object | 15_shoe_display_Upper stitched panel.031
Fra:1 Mem:282.53M (Peak 282.53M) | Time:00:00.20 | Mem:0.00M, Peak:0.00M | Scene, ViewLayer | Synchronizing object | 15_shoe_display_Shaped sneaker sole.016
Fra:1 Mem:282.53M (Peak 282.53M) | Time:00:00.20 | Mem:0.00M, Peak:0.00M | Scene, ViewLayer | Synchronizing object | 15_shoe_display_Padded ankle collar.016
Fra:1 Mem:282.66M (Peak 282.66M) | Time:00:00.20 | Mem:0.00M, Peak:0.00M | Scene, ViewLayer | Synchronizing object | 15_shoe_display_Dark ankle opening.016
Fra:1 Mem:282.71M (Peak 282.71M) | Time:00:00.20 | Mem:0.00M, Peak:0.00M | Scene, ViewLayer | Synchronizing object | 15_shoe_display_Crossed lace.160
Fra:1 Mem:282.73M (Peak 282.73M) | Time:00:00.20 | Mem:0.00M, Peak:0.00M | Scene, ViewLayer | Synchronizing object | 15_shoe_display_Crossed lace.161
Fra:1 Mem:282.73M (Peak 282.73M) | Time:00:00.20 | Mem:0.00M, Peak:0.00M | Scene, ViewLayer | Synchronizing object | 15_shoe_display_Crossed lace.162
Fra:1 Mem:282.74M (Peak 282.74M) | Time:00:00.20 | Mem:0.00M, Peak:0.00M | Scene, ViewLayer | Synchronizing object | 15_shoe_display_Crossed lace.163
Fra:1 Mem:282.74M (Peak 282.74M) | Time:00:00.20 | Mem:0.00M, Peak:0.00M | Scene, ViewLayer | Synchronizing object | 15_shoe_display_Crossed lace.164
Fra:1 Mem:282.74M (Peak 282.74M) | Time:00:00.20 | Mem:0.00M, Peak:0.00M | Scene, ViewLayer | Synchronizing object | 15_shoe_display_Crossed lace.165
Fra:1 Mem:282.74M (Peak 282.74M) | Time:00:00.20 | Mem:0.00M, Peak:0.00M | Scene, ViewLayer | Synchronizing object | 15_shoe_display_Crossed lace.166
Fra:1 Mem:282.75M (Peak 282.75M) | Time:00:00.20 | Mem:0.00M, Peak:0.00M | Scene, ViewLayer | Synchronizing object | 15_shoe_display_Crossed lace.167
Fra:1 Mem:282.75M (Peak 282.75M) | Time:00:00.20 | Mem:0.00M, Peak:0.00M | Scene, ViewLayer | Synchronizing object | 15_shoe_display_Crossed lace.168
Fra:1 Mem:282.75M (Peak 282.75M) | Time:00:00.20 | Mem:0.00M, Peak:0.00M | Scene, ViewLayer | Synchronizing object | 15_shoe_display_Crossed lace.169
Fra:1 Mem:282.75M (Peak 282.75M) | Time:00:00.20 | Mem:0.00M, Peak:0.00M | Scene, ViewLayer | Synchronizing object | 15_shoe_display_Upper stitched panel.032
Fra:1 Mem:282.76M (Peak 282.76M) | Time:00:00.20 | Mem:0.00M, Peak:0.00M | Scene, ViewLayer | Synchronizing object | 15_shoe_display_Upper stitched panel.033
Fra:1 Mem:282.76M (Peak 282.76M) | Time:00:00.20 | Mem:0.00M, Peak:0.00M | Scene, ViewLayer | Synchronizing object | 15_shoe_display_Shaped sneaker sole.017
Fra:1 Mem:282.77M (Peak 282.77M) | Time:00:00.20 | Mem:0.00M, Peak:0.00M | Scene, ViewLayer | Synchronizing object | 15_shoe_display_Padded ankle collar.017
Fra:1 Mem:282.89M (Peak 282.89M) | Time:00:00.20 | Mem:0.00M, Peak:0.00M | Scene, ViewLayer | Synchronizing object | 15_shoe_display_Dark ankle opening.017
Fra:1 Mem:282.89M (Peak 282.89M) | Time:00:00.20 | Mem:0.00M, Peak:0.00M | Scene, ViewLayer | Synchronizing object | 15_shoe_display_Crossed lace.170
Fra:1 Mem:282.96M (Peak 282.96M) | Time:00:00.20 | Mem:0.00M, Peak:0.00M | Scene, ViewLayer | Synchronizing object | 15_shoe_display_Crossed lace.171
Fra:1 Mem:282.96M (Peak 282.96M) | Time:00:00.20 | Mem:0.00M, Peak:0.00M | Scene, ViewLayer | Synchronizing object | 15_shoe_display_Crossed lace.172
Fra:1 Mem:282.97M (Peak 282.97M) | Time:00:00.20 | Mem:0.00M, Peak:0.00M | Scene, ViewLayer | Synchronizing object | 15_shoe_display_Crossed lace.173
Fra:1 Mem:282.97M (Peak 282.97M) | Time:00:00.20 | Mem:0.00M, Peak:0.00M | Scene, ViewLayer | Synchronizing object | 15_shoe_display_Crossed lace.174
Fra:1 Mem:282.98M (Peak 282.98M) | Time:00:00.20 | Mem:0.00M, Peak:0.00M | Scene, ViewLayer | Synchronizing object | 15_shoe_display_Crossed lace.175
Fra:1 Mem:282.98M (Peak 282.98M) | Time:00:00.20 | Mem:0.00M, Peak:0.00M | Scene, ViewLayer | Synchronizing object | 15_shoe_display_Crossed lace.176
Fra:1 Mem:282.98M (Peak 282.98M) | Time:00:00.20 | Mem:0.00M, Peak:0.00M | Scene, ViewLayer | Synchronizing object | 15_shoe_display_Crossed lace.177
Fra:1 Mem:282.98M (Peak 282.98M) | Time:00:00.20 | Mem:0.00M, Peak:0.00M | Scene, ViewLayer | Synchronizing object | 15_shoe_display_Crossed lace.178
Fra:1 Mem:282.99M (Peak 282.99M) | Time:00:00.20 | Mem:0.00M, Peak:0.00M | Scene, ViewLayer | Synchronizing object | 15_shoe_display_Crossed lace.179
Fra:1 Mem:282.99M (Peak 282.99M) | Time:00:00.20 | Mem:0.00M, Peak:0.00M | Scene, ViewLayer | Synchronizing object | 15_shoe_display_Upper stitched panel.034
Fra:1 Mem:282.99M (Peak 282.99M) | Time:00:00.20 | Mem:0.00M, Peak:0.00M | Scene, ViewLayer | Synchronizing object | 15_shoe_display_Upper stitched panel.035
Fra:1 Mem:283.00M (Peak 283.00M) | Time:00:00.20 | Mem:0.00M, Peak:0.00M | Scene, ViewLayer | Synchronizing object | 15_shoe_display_Shaped sneaker sole.018
Fra:1 Mem:283.02M (Peak 283.02M) | Time:00:00.20 | Mem:0.00M, Peak:0.00M | Scene, ViewLayer | Synchronizing object | 15_shoe_display_Padded ankle collar.018
Fra:1 Mem:283.13M (Peak 283.13M) | Time:00:00.21 | Mem:0.00M, Peak:0.00M | Scene, ViewLayer | Synchronizing object | 15_shoe_display_Dark ankle opening.018
Fra:1 Mem:283.18M (Peak 283.18M) | Time:00:00.21 | Mem:0.00M, Peak:0.00M | Scene, ViewLayer | Synchronizing object | 15_shoe_display_Crossed lace.180
Fra:1 Mem:283.20M (Peak 283.20M) | Time:00:00.21 | Mem:0.00M, Peak:0.00M | Scene, ViewLayer | Synchronizing object | 15_shoe_display_Crossed lace.181
Fra:1 Mem:283.20M (Peak 283.20M) | Time:00:00.21 | Mem:0.00M, Peak:0.00M | Scene, ViewLayer | Synchronizing object | 15_shoe_display_Crossed lace.182
Fra:1 Mem:283.21M (Peak 283.21M) | Time:00:00.21 | Mem:0.00M, Peak:0.00M | Scene, ViewLayer | Synchronizing object | 15_shoe_display_Crossed lace.183
Fra:1 Mem:283.21M (Peak 283.21M) | Time:00:00.21 | Mem:0.00M, Peak:0.00M | Scene, ViewLayer | Synchronizing object | 15_shoe_display_Crossed lace.184
Fra:1 Mem:283.21M (Peak 283.21M) | Time:00:00.21 | Mem:0.00M, Peak:0.00M | Scene, ViewLayer | Synchronizing object | 15_shoe_display_Crossed lace.185
Fra:1 Mem:283.21M (Peak 283.21M) | Time:00:00.21 | Mem:0.00M, Peak:0.00M | Scene, ViewLayer | Synchronizing object | 15_shoe_display_Crossed lace.186
Fra:1 Mem:283.22M (Peak 283.22M) | Time:00:00.21 | Mem:0.00M, Peak:0.00M | Scene, ViewLayer | Synchronizing object | 15_shoe_display_Crossed lace.187
Fra:1 Mem:283.22M (Peak 283.22M) | Time:00:00.21 | Mem:0.00M, Peak:0.00M | Scene, ViewLayer | Synchronizing object | 15_shoe_display_Crossed lace.188
Fra:1 Mem:283.22M (Peak 283.22M) | Time:00:00.21 | Mem:0.00M, Peak:0.00M | Scene, ViewLayer | Synchronizing object | 15_shoe_display_Crossed lace.189
Fra:1 Mem:283.22M (Peak 283.22M) | Time:00:00.21 | Mem:0.00M, Peak:0.00M | Scene, ViewLayer | Synchronizing object | 15_shoe_display_Upper stitched panel.036
Fra:1 Mem:283.23M (Peak 283.23M) | Time:00:00.21 | Mem:0.00M, Peak:0.00M | Scene, ViewLayer | Synchronizing object | 15_shoe_display_Upper stitched panel.037
Fra:1 Mem:283.23M (Peak 283.23M) | Time:00:00.21 | Mem:0.00M, Peak:0.00M | Scene, ViewLayer | Synchronizing object | 15_shoe_display_Shaped sneaker sole.019
Fra:1 Mem:283.23M (Peak 283.23M) | Time:00:00.21 | Mem:0.00M, Peak:0.00M | Scene, ViewLayer | Synchronizing object | 15_shoe_display_Padded ankle collar.019
Fra:1 Mem:283.36M (Peak 283.36M) | Time:00:00.21 | Mem:0.00M, Peak:0.00M | Scene, ViewLayer | Synchronizing object | 15_shoe_display_Dark ankle opening.019
Fra:1 Mem:283.40M (Peak 283.40M) | Time:00:00.21 | Mem:0.00M, Peak:0.00M | Scene, ViewLayer | Synchronizing object | 15_shoe_display_Crossed lace.190
Fra:1 Mem:283.43M (Peak 283.43M) | Time:00:00.21 | Mem:0.00M, Peak:0.00M | Scene, ViewLayer | Synchronizing object | 15_shoe_display_Crossed lace.191
Fra:1 Mem:283.44M (Peak 283.44M) | Time:00:00.21 | Mem:0.00M, Peak:0.00M | Scene, ViewLayer | Synchronizing object | 15_shoe_display_Crossed lace.192
Fra:1 Mem:283.44M (Peak 283.44M) | Time:00:00.21 | Mem:0.00M, Peak:0.00M | Scene, ViewLayer | Synchronizing object | 15_shoe_display_Crossed lace.193
Fra:1 Mem:283.44M (Peak 283.44M) | Time:00:00.21 | Mem:0.00M, Peak:0.00M | Scene, ViewLayer | Synchronizing object | 15_shoe_display_Crossed lace.194
Fra:1 Mem:283.44M (Peak 283.44M) | Time:00:00.21 | Mem:0.00M, Peak:0.00M | Scene, ViewLayer | Synchronizing object | 15_shoe_display_Crossed lace.195
Fra:1 Mem:283.45M (Peak 283.45M) | Time:00:00.21 | Mem:0.00M, Peak:0.00M | Scene, ViewLayer | Synchronizing object | 15_shoe_display_Crossed lace.196
Fra:1 Mem:283.45M (Peak 283.45M) | Time:00:00.21 | Mem:0.00M, Peak:0.00M | Scene, ViewLayer | Synchronizing object | 15_shoe_display_Crossed lace.197
Fra:1 Mem:283.45M (Peak 283.45M) | Time:00:00.21 | Mem:0.00M, Peak:0.00M | Scene, ViewLayer | Synchronizing object | 15_shoe_display_Crossed lace.198
Fra:1 Mem:283.45M (Peak 283.45M) | Time:00:00.21 | Mem:0.00M, Peak:0.00M | Scene, ViewLayer | Synchronizing object | 15_shoe_display_Crossed lace.199
Fra:1 Mem:283.46M (Peak 283.46M) | Time:00:00.21 | Mem:0.00M, Peak:0.00M | Scene, ViewLayer | Synchronizing object | 15_shoe_display_Upper stitched panel.038
Fra:1 Mem:283.46M (Peak 283.46M) | Time:00:00.21 | Mem:0.00M, Peak:0.00M | Scene, ViewLayer | Synchronizing object | 15_shoe_display_Upper stitched panel.039
Fra:1 Mem:283.46M (Peak 283.46M) | Time:00:00.21 | Mem:0.00M, Peak:0.00M | Scene, ViewLayer | Synchronizing object | 15_shoe_display_Display shelf.002
Fra:1 Mem:283.46M (Peak 283.46M) | Time:00:00.21 | Mem:0.00M, Peak:0.00M | Scene, ViewLayer | Synchronizing object | 15_shoe_display_Shaped sneaker sole.020
Fra:1 Mem:283.47M (Peak 283.47M) | Time:00:00.21 | Mem:0.00M, Peak:0.00M | Scene, ViewLayer | Synchronizing object | 15_shoe_display_Sculpted sneaker upper.020
Fra:1 Mem:283.48M (Peak 283.48M) | Time:00:00.21 | Mem:0.00M, Peak:0.00M | Scene, ViewLayer | Synchronizing object | 15_shoe_display_Padded ankle collar.020
Fra:1 Mem:283.64M (Peak 283.64M) | Time:00:00.21 | Mem:0.00M, Peak:0.00M | Scene, ViewLayer | Synchronizing object | 15_shoe_display_Dark ankle opening.020
Fra:1 Mem:283.69M (Peak 283.69M) | Time:00:00.21 | Mem:0.00M, Peak:0.00M | Scene, ViewLayer | Synchronizing object | 15_shoe_display_Crossed lace.200
Fra:1 Mem:283.72M (Peak 283.72M) | Time:00:00.21 | Mem:0.00M, Peak:0.00M | Scene, ViewLayer | Synchronizing object | 15_shoe_display_Crossed lace.201
Fra:1 Mem:283.72M (Peak 283.72M) | Time:00:00.21 | Mem:0.00M, Peak:0.00M | Scene, ViewLayer | Synchronizing object | 15_shoe_display_Crossed lace.202
Fra:1 Mem:283.72M (Peak 283.72M) | Time:00:00.21 | Mem:0.00M, Peak:0.00M | Scene, ViewLayer | Synchronizing object | 15_shoe_display_Crossed lace.203
Fra:1 Mem:283.72M (Peak 283.72M) | Time:00:00.21 | Mem:0.00M, Peak:0.00M | Scene, ViewLayer | Synchronizing object | 15_shoe_display_Crossed lace.204
Fra:1 Mem:283.72M (Peak 283.72M) | Time:00:00.21 | Mem:0.00M, Peak:0.00M | Scene, ViewLayer | Synchronizing object | 15_shoe_display_Crossed lace.205
Fra:1 Mem:283.73M (Peak 283.73M) | Time:00:00.21 | Mem:0.00M, Peak:0.00M | Scene, ViewLayer | Synchronizing object | 15_shoe_display_Crossed lace.206
Fra:1 Mem:283.73M (Peak 283.73M) | Time:00:00.21 | Mem:0.00M, Peak:0.00M | Scene, ViewLayer | Synchronizing object | 15_shoe_display_Crossed lace.207
Fra:1 Mem:283.73M (Peak 283.73M) | Time:00:00.21 | Mem:0.00M, Peak:0.00M | Scene, ViewLayer | Synchronizing object | 15_shoe_display_Crossed lace.208
Fra:1 Mem:283.73M (Peak 283.73M) | Time:00:00.21 | Mem:0.00M, Peak:0.00M | Scene, ViewLayer | Synchronizing object | 15_shoe_display_Crossed lace.209
Fra:1 Mem:283.74M (Peak 283.74M) | Time:00:00.21 | Mem:0.00M, Peak:0.00M | Scene, ViewLayer | Synchronizing object | 15_shoe_display_Upper stitched panel.040
Fra:1 Mem:283.74M (Peak 283.74M) | Time:00:00.21 | Mem:0.00M, Peak:0.00M | Scene, ViewLayer | Synchronizing object | 15_shoe_display_Upper stitched panel.041
Fra:1 Mem:283.74M (Peak 283.74M) | Time:00:00.21 | Mem:0.00M, Peak:0.00M | Scene, ViewLayer | Synchronizing object | 15_shoe_display_Shaped sneaker sole.021
Fra:1 Mem:283.77M (Peak 283.77M) | Time:00:00.21 | Mem:0.00M, Peak:0.00M | Scene, ViewLayer | Synchronizing object | 15_shoe_display_Padded ankle collar.021
Fra:1 Mem:283.87M (Peak 283.87M) | Time:00:00.21 | Mem:0.00M, Peak:0.00M | Scene, ViewLayer | Synchronizing object | 15_shoe_display_Dark ankle opening.021
Fra:1 Mem:283.89M (Peak 283.89M) | Time:00:00.21 | Mem:0.00M, Peak:0.00M | Scene, ViewLayer | Synchronizing object | 15_shoe_display_Crossed lace.210
Fra:1 Mem:283.94M (Peak 283.94M) | Time:00:00.21 | Mem:0.00M, Peak:0.00M | Scene, ViewLayer | Synchronizing object | 15_shoe_display_Crossed lace.211
Fra:1 Mem:283.95M (Peak 283.95M) | Time:00:00.21 | Mem:0.00M, Peak:0.00M | Scene, ViewLayer | Synchronizing object | 15_shoe_display_Crossed lace.212
Fra:1 Mem:283.95M (Peak 283.95M) | Time:00:00.21 | Mem:0.00M, Peak:0.00M | Scene, ViewLayer | Synchronizing object | 15_shoe_display_Crossed lace.213
Fra:1 Mem:283.96M (Peak 283.96M) | Time:00:00.21 | Mem:0.00M, Peak:0.00M | Scene, ViewLayer | Synchronizing object | 15_shoe_display_Crossed lace.214
Fra:1 Mem:283.96M (Peak 283.96M) | Time:00:00.21 | Mem:0.00M, Peak:0.00M | Scene, ViewLayer | Synchronizing object | 15_shoe_display_Crossed lace.215
Fra:1 Mem:283.96M (Peak 283.96M) | Time:00:00.21 | Mem:0.00M, Peak:0.00M | Scene, ViewLayer | Synchronizing object | 15_shoe_display_Crossed lace.216
Fra:1 Mem:283.96M (Peak 283.96M) | Time:00:00.21 | Mem:0.00M, Peak:0.00M | Scene, ViewLayer | Synchronizing object | 15_shoe_display_Crossed lace.217
Fra:1 Mem:283.97M (Peak 283.97M) | Time:00:00.21 | Mem:0.00M, Peak:0.00M | Scene, ViewLayer | Synchronizing object | 15_shoe_display_Crossed lace.218
Fra:1 Mem:283.97M (Peak 283.97M) | Time:00:00.21 | Mem:0.00M, Peak:0.00M | Scene, ViewLayer | Synchronizing object | 15_shoe_display_Crossed lace.219
Fra:1 Mem:283.97M (Peak 283.97M) | Time:00:00.21 | Mem:0.00M, Peak:0.00M | Scene, ViewLayer | Synchronizing object | 15_shoe_display_Upper stitched panel.042
Fra:1 Mem:283.98M (Peak 283.98M) | Time:00:00.21 | Mem:0.00M, Peak:0.00M | Scene, ViewLayer | Synchronizing object | 15_shoe_display_Upper stitched panel.043
Fra:1 Mem:283.98M (Peak 283.98M) | Time:00:00.21 | Mem:0.00M, Peak:0.00M | Scene, ViewLayer | Synchronizing object | 15_shoe_display_Shaped sneaker sole.022
Fra:1 Mem:283.98M (Peak 283.98M) | Time:00:00.21 | Mem:0.00M, Peak:0.00M | Scene, ViewLayer | Synchronizing object | 15_shoe_display_Padded ankle collar.022
Fra:1 Mem:284.11M (Peak 284.11M) | Time:00:00.21 | Mem:0.00M, Peak:0.00M | Scene, ViewLayer | Synchronizing object | 15_shoe_display_Dark ankle opening.022
Fra:1 Mem:284.15M (Peak 284.15M) | Time:00:00.21 | Mem:0.00M, Peak:0.00M | Scene, ViewLayer | Synchronizing object | 15_shoe_display_Crossed lace.220
Fra:1 Mem:284.17M (Peak 284.17M) | Time:00:00.21 | Mem:0.00M, Peak:0.00M | Scene, ViewLayer | Synchronizing object | 15_shoe_display_Crossed lace.221
Fra:1 Mem:284.19M (Peak 284.19M) | Time:00:00.21 | Mem:0.00M, Peak:0.00M | Scene, ViewLayer | Synchronizing object | 15_shoe_display_Crossed lace.222
Fra:1 Mem:284.19M (Peak 284.19M) | Time:00:00.21 | Mem:0.00M, Peak:0.00M | Scene, ViewLayer | Synchronizing object | 15_shoe_display_Crossed lace.223
Fra:1 Mem:284.19M (Peak 284.19M) | Time:00:00.21 | Mem:0.00M, Peak:0.00M | Scene, ViewLayer | Synchronizing object | 15_shoe_display_Crossed lace.224
Fra:1 Mem:284.19M (Peak 284.19M) | Time:00:00.21 | Mem:0.00M, Peak:0.00M | Scene, ViewLayer | Synchronizing object | 15_shoe_display_Crossed lace.225
Fra:1 Mem:284.20M (Peak 284.20M) | Time:00:00.21 | Mem:0.00M, Peak:0.00M | Scene, ViewLayer | Synchronizing object | 15_shoe_display_Crossed lace.226
Fra:1 Mem:284.20M (Peak 284.20M) | Time:00:00.21 | Mem:0.00M, Peak:0.00M | Scene, ViewLayer | Synchronizing object | 15_shoe_display_Crossed lace.227
Fra:1 Mem:284.20M (Peak 284.20M) | Time:00:00.21 | Mem:0.00M, Peak:0.00M | Scene, ViewLayer | Synchronizing object | 15_shoe_display_Crossed lace.228
Fra:1 Mem:284.20M (Peak 284.20M) | Time:00:00.21 | Mem:0.00M, Peak:0.00M | Scene, ViewLayer | Synchronizing object | 15_shoe_display_Crossed lace.229
Fra:1 Mem:284.21M (Peak 284.21M) | Time:00:00.21 | Mem:0.00M, Peak:0.00M | Scene, ViewLayer | Synchronizing object | 15_shoe_display_Upper stitched panel.044
Fra:1 Mem:284.21M (Peak 284.21M) | Time:00:00.21 | Mem:0.00M, Peak:0.00M | Scene, ViewLayer | Synchronizing object | 15_shoe_display_Upper stitched panel.045
Fra:1 Mem:284.21M (Peak 284.21M) | Time:00:00.21 | Mem:0.00M, Peak:0.00M | Scene, ViewLayer | Synchronizing object | 15_shoe_display_Shaped sneaker sole.023
Fra:1 Mem:284.22M (Peak 284.22M) | Time:00:00.21 | Mem:0.00M, Peak:0.00M | Scene, ViewLayer | Synchronizing object | 15_shoe_display_Padded ankle collar.023
Fra:1 Mem:284.34M (Peak 284.34M) | Time:00:00.21 | Mem:0.00M, Peak:0.00M | Scene, ViewLayer | Synchronizing object | 15_shoe_display_Dark ankle opening.023
Fra:1 Mem:284.35M (Peak 284.35M) | Time:00:00.21 | Mem:0.00M, Peak:0.00M | Scene, ViewLayer | Synchronizing object | 15_shoe_display_Crossed lace.230
Fra:1 Mem:284.41M (Peak 284.41M) | Time:00:00.21 | Mem:0.00M, Peak:0.00M | Scene, ViewLayer | Synchronizing object | 15_shoe_display_Crossed lace.231
Fra:1 Mem:284.42M (Peak 284.42M) | Time:00:00.21 | Mem:0.00M, Peak:0.00M | Scene, ViewLayer | Synchronizing object | 15_shoe_display_Crossed lace.232
Fra:1 Mem:284.42M (Peak 284.42M) | Time:00:00.21 | Mem:0.00M, Peak:0.00M | Scene, ViewLayer | Synchronizing object | 15_shoe_display_Crossed lace.233
Fra:1 Mem:284.43M (Peak 284.43M) | Time:00:00.21 | Mem:0.00M, Peak:0.00M | Scene, ViewLayer | Synchronizing object | 15_shoe_display_Crossed lace.234
Fra:1 Mem:284.43M (Peak 284.43M) | Time:00:00.21 | Mem:0.00M, Peak:0.00M | Scene, ViewLayer | Synchronizing object | 15_shoe_display_Crossed lace.235
Fra:1 Mem:284.43M (Peak 284.43M) | Time:00:00.21 | Mem:0.00M, Peak:0.00M | Scene, ViewLayer | Synchronizing object | 15_shoe_display_Crossed lace.236
Fra:1 Mem:284.43M (Peak 284.43M) | Time:00:00.21 | Mem:0.00M, Peak:0.00M | Scene, ViewLayer | Synchronizing object | 15_shoe_display_Crossed lace.237
Fra:1 Mem:284.43M (Peak 284.43M) | Time:00:00.21 | Mem:0.00M, Peak:0.00M | Scene, ViewLayer | Synchronizing object | 15_shoe_display_Crossed lace.238
Fra:1 Mem:284.44M (Peak 284.44M) | Time:00:00.21 | Mem:0.00M, Peak:0.00M | Scene, ViewLayer | Synchronizing object | 15_shoe_display_Crossed lace.239
Fra:1 Mem:284.44M (Peak 284.44M) | Time:00:00.21 | Mem:0.00M, Peak:0.00M | Scene, ViewLayer | Synchronizing object | 15_shoe_display_Upper stitched panel.046
Fra:1 Mem:284.44M (Peak 284.44M) | Time:00:00.21 | Mem:0.00M, Peak:0.00M | Scene, ViewLayer | Synchronizing object | 15_shoe_display_Upper stitched panel.047
Fra:1 Mem:284.45M (Peak 284.45M) | Time:00:00.21 | Mem:0.00M, Peak:0.00M | Scene, ViewLayer | Synchronizing object | 15_shoe_display_Shaped sneaker sole.024
Fra:1 Mem:284.45M (Peak 284.45M) | Time:00:00.21 | Mem:0.00M, Peak:0.00M | Scene, ViewLayer | Synchronizing object | 15_shoe_display_Sculpted sneaker upper.024
Fra:1 Mem:284.46M (Peak 284.46M) | Time:00:00.21 | Mem:0.00M, Peak:0.00M | Scene, ViewLayer | Synchronizing object | 15_shoe_display_Padded ankle collar.024
Fra:1 Mem:284.58M (Peak 284.58M) | Time:00:00.21 | Mem:0.00M, Peak:0.00M | Scene, ViewLayer | Synchronizing object | 15_shoe_display_Dark ankle opening.024
Fra:1 Mem:284.63M (Peak 284.63M) | Time:00:00.21 | Mem:0.00M, Peak:0.00M | Scene, ViewLayer | Synchronizing object | 15_shoe_display_Crossed lace.240
Fra:1 Mem:284.66M (Peak 284.66M) | Time:00:00.21 | Mem:0.00M, Peak:0.00M | Scene, ViewLayer | Synchronizing object | 15_shoe_display_Crossed lace.241
Fra:1 Mem:284.65M (Peak 284.66M) | Time:00:00.21 | Mem:0.00M, Peak:0.00M | Scene, ViewLayer | Synchronizing object | 15_shoe_display_Crossed lace.242
Fra:1 Mem:284.66M (Peak 284.66M) | Time:00:00.21 | Mem:0.00M, Peak:0.00M | Scene, ViewLayer | Synchronizing object | 15_shoe_display_Crossed lace.243
Fra:1 Mem:284.66M (Peak 284.66M) | Time:00:00.21 | Mem:0.00M, Peak:0.00M | Scene, ViewLayer | Synchronizing object | 15_shoe_display_Crossed lace.244
Fra:1 Mem:284.66M (Peak 284.66M) | Time:00:00.21 | Mem:0.00M, Peak:0.00M | Scene, ViewLayer | Synchronizing object | 15_shoe_display_Crossed lace.245
Fra:1 Mem:284.66M (Peak 284.66M) | Time:00:00.21 | Mem:0.00M, Peak:0.00M | Scene, ViewLayer | Synchronizing object | 15_shoe_display_Crossed lace.246
Fra:1 Mem:284.67M (Peak 284.67M) | Time:00:00.21 | Mem:0.00M, Peak:0.00M | Scene, ViewLayer | Synchronizing object | 15_shoe_display_Crossed lace.247
Fra:1 Mem:284.67M (Peak 284.67M) | Time:00:00.21 | Mem:0.00M, Peak:0.00M | Scene, ViewLayer | Synchronizing object | 15_shoe_display_Crossed lace.248
Fra:1 Mem:284.67M (Peak 284.67M) | Time:00:00.21 | Mem:0.00M, Peak:0.00M | Scene, ViewLayer | Synchronizing object | 15_shoe_display_Crossed lace.249
Fra:1 Mem:284.67M (Peak 284.67M) | Time:00:00.21 | Mem:0.00M, Peak:0.00M | Scene, ViewLayer | Synchronizing object | 15_shoe_display_Upper stitched panel.048
Fra:1 Mem:284.68M (Peak 284.68M) | Time:00:00.21 | Mem:0.00M, Peak:0.00M | Scene, ViewLayer | Synchronizing object | 15_shoe_display_Upper stitched panel.049
Fra:1 Mem:284.68M (Peak 284.68M) | Time:00:00.21 | Mem:0.00M, Peak:0.00M | Scene, ViewLayer | Synchronizing object | 15_shoe_display_Shaped sneaker sole.025
Fra:1 Mem:284.69M (Peak 284.69M) | Time:00:00.21 | Mem:0.00M, Peak:0.00M | Scene, ViewLayer | Synchronizing object | 15_shoe_display_Padded ankle collar.025
Fra:1 Mem:284.81M (Peak 284.81M) | Time:00:00.21 | Mem:0.00M, Peak:0.00M | Scene, ViewLayer | Synchronizing object | 15_shoe_display_Dark ankle opening.025
Fra:1 Mem:284.82M (Peak 284.82M) | Time:00:00.21 | Mem:0.00M, Peak:0.00M | Scene, ViewLayer | Synchronizing object | 15_shoe_display_Crossed lace.250
Fra:1 Mem:284.88M (Peak 284.88M) | Time:00:00.21 | Mem:0.00M, Peak:0.00M | Scene, ViewLayer | Synchronizing object | 15_shoe_display_Crossed lace.251
Fra:1 Mem:284.89M (Peak 284.89M) | Time:00:00.21 | Mem:0.00M, Peak:0.00M | Scene, ViewLayer | Synchronizing object | 15_shoe_display_Crossed lace.252
Fra:1 Mem:284.89M (Peak 284.89M) | Time:00:00.21 | Mem:0.00M, Peak:0.00M | Scene, ViewLayer | Synchronizing object | 15_shoe_display_Crossed lace.253
Fra:1 Mem:284.89M (Peak 284.89M) | Time:00:00.21 | Mem:0.00M, Peak:0.00M | Scene, ViewLayer | Synchronizing object | 15_shoe_display_Crossed lace.254
Fra:1 Mem:284.90M (Peak 284.90M) | Time:00:00.21 | Mem:0.00M, Peak:0.00M | Scene, ViewLayer | Synchronizing object | 15_shoe_display_Crossed lace.255
Fra:1 Mem:284.90M (Peak 284.90M) | Time:00:00.21 | Mem:0.00M, Peak:0.00M | Scene, ViewLayer | Synchronizing object | 15_shoe_display_Crossed lace.256
Fra:1 Mem:284.90M (Peak 284.90M) | Time:00:00.21 | Mem:0.00M, Peak:0.00M | Scene, ViewLayer | Synchronizing object | 15_shoe_display_Crossed lace.257
Fra:1 Mem:284.90M (Peak 284.90M) | Time:00:00.21 | Mem:0.00M, Peak:0.00M | Scene, ViewLayer | Synchronizing object | 15_shoe_display_Crossed lace.258
Fra:1 Mem:284.91M (Peak 284.91M) | Time:00:00.21 | Mem:0.00M, Peak:0.00M | Scene, ViewLayer | Synchronizing object | 15_shoe_display_Crossed lace.259
Fra:1 Mem:284.91M (Peak 284.91M) | Time:00:00.21 | Mem:0.00M, Peak:0.00M | Scene, ViewLayer | Synchronizing object | 15_shoe_display_Upper stitched panel.050
Fra:1 Mem:284.91M (Peak 284.91M) | Time:00:00.21 | Mem:0.00M, Peak:0.00M | Scene, ViewLayer | Synchronizing object | 15_shoe_display_Upper stitched panel.051
Fra:1 Mem:284.92M (Peak 284.92M) | Time:00:00.21 | Mem:0.00M, Peak:0.00M | Scene, ViewLayer | Synchronizing object | 15_shoe_display_Shaped sneaker sole.026
Fra:1 Mem:284.92M (Peak 284.92M) | Time:00:00.21 | Mem:0.00M, Peak:0.00M | Scene, ViewLayer | Synchronizing object | 15_shoe_display_Padded ankle collar.026
Fra:1 Mem:285.05M (Peak 285.05M) | Time:00:00.21 | Mem:0.00M, Peak:0.00M | Scene, ViewLayer | Synchronizing object | 15_shoe_display_Dark ankle opening.026
Fra:1 Mem:285.06M (Peak 285.06M) | Time:00:00.21 | Mem:0.00M, Peak:0.00M | Scene, ViewLayer | Synchronizing object | 15_shoe_display_Crossed lace.260
Fra:1 Mem:285.13M (Peak 285.13M) | Time:00:00.21 | Mem:0.00M, Peak:0.00M | Scene, ViewLayer | Synchronizing object | 15_shoe_display_Crossed lace.261
Fra:1 Mem:285.12M (Peak 285.13M) | Time:00:00.21 | Mem:0.00M, Peak:0.00M | Scene, ViewLayer | Synchronizing object | 15_shoe_display_Crossed lace.262
Fra:1 Mem:285.13M (Peak 285.13M) | Time:00:00.21 | Mem:0.00M, Peak:0.00M | Scene, ViewLayer | Synchronizing object | 15_shoe_display_Crossed lace.263
Fra:1 Mem:285.13M (Peak 285.13M) | Time:00:00.21 | Mem:0.00M, Peak:0.00M | Scene, ViewLayer | Synchronizing object | 15_shoe_display_Crossed lace.264
Fra:1 Mem:285.13M (Peak 285.13M) | Time:00:00.21 | Mem:0.00M, Peak:0.00M | Scene, ViewLayer | Synchronizing object | 15_shoe_display_Crossed lace.265
Fra:1 Mem:285.13M (Peak 285.13M) | Time:00:00.21 | Mem:0.00M, Peak:0.00M | Scene, ViewLayer | Synchronizing object | 15_shoe_display_Crossed lace.266
Fra:1 Mem:285.14M (Peak 285.14M) | Time:00:00.21 | Mem:0.00M, Peak:0.00M | Scene, ViewLayer | Synchronizing object | 15_shoe_display_Crossed lace.267
Fra:1 Mem:285.14M (Peak 285.14M) | Time:00:00.21 | Mem:0.00M, Peak:0.00M | Scene, ViewLayer | Synchronizing object | 15_shoe_display_Crossed lace.268
Fra:1 Mem:285.14M (Peak 285.14M) | Time:00:00.21 | Mem:0.00M, Peak:0.00M | Scene, ViewLayer | Synchronizing object | 15_shoe_display_Crossed lace.269
Fra:1 Mem:285.14M (Peak 285.14M) | Time:00:00.21 | Mem:0.00M, Peak:0.00M | Scene, ViewLayer | Synchronizing object | 15_shoe_display_Upper stitched panel.052
Fra:1 Mem:285.15M (Peak 285.15M) | Time:00:00.21 | Mem:0.00M, Peak:0.00M | Scene, ViewLayer | Synchronizing object | 15_shoe_display_Upper stitched panel.053
Fra:1 Mem:285.15M (Peak 285.15M) | Time:00:00.21 | Mem:0.00M, Peak:0.00M | Scene, ViewLayer | Synchronizing object | 15_shoe_display_Shaped sneaker sole.027
Fra:1 Mem:285.15M (Peak 285.15M) | Time:00:00.21 | Mem:0.00M, Peak:0.00M | Scene, ViewLayer | Synchronizing object | 15_shoe_display_Padded ankle collar.027
Fra:1 Mem:285.28M (Peak 285.28M) | Time:00:00.21 | Mem:0.00M, Peak:0.00M | Scene, ViewLayer | Synchronizing object | 15_shoe_display_Dark ankle opening.027
Fra:1 Mem:285.33M (Peak 285.33M) | Time:00:00.21 | Mem:0.00M, Peak:0.00M | Scene, ViewLayer | Synchronizing object | 15_shoe_display_Crossed lace.270
Fra:1 Mem:285.36M (Peak 285.36M) | Time:00:00.21 | Mem:0.00M, Peak:0.00M | Scene, ViewLayer | Synchronizing object | 15_shoe_display_Crossed lace.271
Fra:1 Mem:285.36M (Peak 285.36M) | Time:00:00.21 | Mem:0.00M, Peak:0.00M | Scene, ViewLayer | Synchronizing object | 15_shoe_display_Crossed lace.272
Fra:1 Mem:285.36M (Peak 285.36M) | Time:00:00.21 | Mem:0.00M, Peak:0.00M | Scene, ViewLayer | Synchronizing object | 15_shoe_display_Crossed lace.273
Fra:1 Mem:285.36M (Peak 285.36M) | Time:00:00.21 | Mem:0.00M, Peak:0.00M | Scene, ViewLayer | Synchronizing object | 15_shoe_display_Crossed lace.274
Fra:1 Mem:285.36M (Peak 285.36M) | Time:00:00.21 | Mem:0.00M, Peak:0.00M | Scene, ViewLayer | Synchronizing object | 15_shoe_display_Crossed lace.275
Fra:1 Mem:285.37M (Peak 285.37M) | Time:00:00.21 | Mem:0.00M, Peak:0.00M | Scene, ViewLayer | Synchronizing object | 15_shoe_display_Crossed lace.276
Fra:1 Mem:285.37M (Peak 285.37M) | Time:00:00.21 | Mem:0.00M, Peak:0.00M | Scene, ViewLayer | Synchronizing object | 15_shoe_display_Crossed lace.277
Fra:1 Mem:285.37M (Peak 285.37M) | Time:00:00.21 | Mem:0.00M, Peak:0.00M | Scene, ViewLayer | Synchronizing object | 15_shoe_display_Crossed lace.278
Fra:1 Mem:285.37M (Peak 285.37M) | Time:00:00.21 | Mem:0.00M, Peak:0.00M | Scene, ViewLayer | Synchronizing object | 15_shoe_display_Crossed lace.279
Fra:1 Mem:285.38M (Peak 285.38M) | Time:00:00.21 | Mem:0.00M, Peak:0.00M | Scene, ViewLayer | Synchronizing object | 15_shoe_display_Upper stitched panel.054
Fra:1 Mem:285.38M (Peak 285.38M) | Time:00:00.21 | Mem:0.00M, Peak:0.00M | Scene, ViewLayer | Synchronizing object | 15_shoe_display_Upper stitched panel.055
Fra:1 Mem:285.38M (Peak 285.38M) | Time:00:00.21 | Mem:0.00M, Peak:0.00M | Scene, ViewLayer | Synchronizing object | 15_shoe_display_Shaped sneaker sole.028
Fra:1 Mem:285.39M (Peak 285.39M) | Time:00:00.21 | Mem:0.00M, Peak:0.00M | Scene, ViewLayer | Synchronizing object | 15_shoe_display_Sculpted sneaker upper.028
Fra:1 Mem:285.40M (Peak 285.40M) | Time:00:00.21 | Mem:0.00M, Peak:0.00M | Scene, ViewLayer | Synchronizing object | 15_shoe_display_Padded ankle collar.028
Fra:1 Mem:285.51M (Peak 285.51M) | Time:00:00.21 | Mem:0.00M, Peak:0.00M | Scene, ViewLayer | Synchronizing object | 15_shoe_display_Dark ankle opening.028
Fra:1 Mem:285.54M (Peak 285.55M) | Time:00:00.21 | Mem:0.00M, Peak:0.00M | Scene, ViewLayer | Synchronizing object | 15_shoe_display_Crossed lace.280
Fra:1 Mem:285.60M (Peak 285.60M) | Time:00:00.21 | Mem:0.00M, Peak:0.00M | Scene, ViewLayer | Synchronizing object | 15_shoe_display_Crossed lace.281
Fra:1 Mem:285.59M (Peak 285.60M) | Time:00:00.21 | Mem:0.00M, Peak:0.00M | Scene, ViewLayer | Synchronizing object | 15_shoe_display_Crossed lace.282
Fra:1 Mem:285.59M (Peak 285.60M) | Time:00:00.21 | Mem:0.00M, Peak:0.00M | Scene, ViewLayer | Synchronizing object | 15_shoe_display_Crossed lace.283
Fra:1 Mem:285.60M (Peak 285.60M) | Time:00:00.21 | Mem:0.00M, Peak:0.00M | Scene, ViewLayer | Synchronizing object | 15_shoe_display_Crossed lace.284
Fra:1 Mem:285.60M (Peak 285.60M) | Time:00:00.21 | Mem:0.00M, Peak:0.00M | Scene, ViewLayer | Synchronizing object | 15_shoe_display_Crossed lace.285
Fra:1 Mem:285.60M (Peak 285.60M) | Time:00:00.21 | Mem:0.00M, Peak:0.00M | Scene, ViewLayer | Synchronizing object | 15_shoe_display_Crossed lace.286
Fra:1 Mem:285.60M (Peak 285.60M) | Time:00:00.21 | Mem:0.00M, Peak:0.00M | Scene, ViewLayer | Synchronizing object | 15_shoe_display_Crossed lace.287
Fra:1 Mem:285.61M (Peak 285.61M) | Time:00:00.21 | Mem:0.00M, Peak:0.00M | Scene, ViewLayer | Synchronizing object | 15_shoe_display_Crossed lace.288
Fra:1 Mem:285.61M (Peak 285.61M) | Time:00:00.21 | Mem:0.00M, Peak:0.00M | Scene, ViewLayer | Synchronizing object | 15_shoe_display_Crossed lace.289
Fra:1 Mem:285.61M (Peak 285.61M) | Time:00:00.21 | Mem:0.00M, Peak:0.00M | Scene, ViewLayer | Synchronizing object | 15_shoe_display_Upper stitched panel.056
Fra:1 Mem:285.62M (Peak 285.62M) | Time:00:00.21 | Mem:0.00M, Peak:0.00M | Scene, ViewLayer | Synchronizing object | 15_shoe_display_Upper stitched panel.057
Fra:1 Mem:285.62M (Peak 285.62M) | Time:00:00.21 | Mem:0.00M, Peak:0.00M | Scene, ViewLayer | Synchronizing object | 15_shoe_display_Shaped sneaker sole.029
Fra:1 Mem:285.62M (Peak 285.62M) | Time:00:00.21 | Mem:0.00M, Peak:0.00M | Scene, ViewLayer | Synchronizing object | 15_shoe_display_Padded ankle collar.029
Fra:1 Mem:285.75M (Peak 285.75M) | Time:00:00.21 | Mem:0.00M, Peak:0.00M | Scene, ViewLayer | Synchronizing object | 15_shoe_display_Dark ankle opening.029
Fra:1 Mem:285.78M (Peak 285.78M) | Time:00:00.21 | Mem:0.00M, Peak:0.00M | Scene, ViewLayer | Synchronizing object | 15_shoe_display_Crossed lace.290
Fra:1 Mem:285.82M (Peak 285.82M) | Time:00:00.21 | Mem:0.00M, Peak:0.00M | Scene, ViewLayer | Synchronizing object | 15_shoe_display_Crossed lace.291
Fra:1 Mem:285.83M (Peak 285.83M) | Time:00:00.21 | Mem:0.00M, Peak:0.00M | Scene, ViewLayer | Synchronizing object | 15_shoe_display_Crossed lace.292
Fra:1 Mem:285.83M (Peak 285.83M) | Time:00:00.21 | Mem:0.00M, Peak:0.00M | Scene, ViewLayer | Synchronizing object | 15_shoe_display_Crossed lace.293
Fra:1 Mem:285.83M (Peak 285.83M) | Time:00:00.21 | Mem:0.00M, Peak:0.00M | Scene, ViewLayer | Synchronizing object | 15_shoe_display_Crossed lace.294
Fra:1 Mem:285.83M (Peak 285.83M) | Time:00:00.21 | Mem:0.00M, Peak:0.00M | Scene, ViewLayer | Synchronizing object | 15_shoe_display_Crossed lace.295
Fra:1 Mem:285.84M (Peak 285.84M) | Time:00:00.21 | Mem:0.00M, Peak:0.00M | Scene, ViewLayer | Synchronizing object | 15_shoe_display_Crossed lace.296
Fra:1 Mem:285.84M (Peak 285.84M) | Time:00:00.21 | Mem:0.00M, Peak:0.00M | Scene, ViewLayer | Synchronizing object | 15_shoe_display_Crossed lace.297
Fra:1 Mem:285.84M (Peak 285.84M) | Time:00:00.21 | Mem:0.00M, Peak:0.00M | Scene, ViewLayer | Synchronizing object | 15_shoe_display_Crossed lace.298
Fra:1 Mem:285.84M (Peak 285.84M) | Time:00:00.21 | Mem:0.00M, Peak:0.00M | Scene, ViewLayer | Synchronizing object | 15_shoe_display_Crossed lace.299
Fra:1 Mem:285.85M (Peak 285.85M) | Time:00:00.21 | Mem:0.00M, Peak:0.00M | Scene, ViewLayer | Synchronizing object | 15_shoe_display_Upper stitched panel.058
Fra:1 Mem:285.85M (Peak 285.85M) | Time:00:00.21 | Mem:0.00M, Peak:0.00M | Scene, ViewLayer | Synchronizing object | 15_shoe_display_Upper stitched panel.059
Fra:1 Mem:285.85M (Peak 285.85M) | Time:00:00.21 | Mem:0.00M, Peak:0.00M | Scene, ViewLayer | Synchronizing object | 15_shoe_display_Display shelf.003
Fra:1 Mem:285.85M (Peak 285.85M) | Time:00:00.21 | Mem:0.00M, Peak:0.00M | Scene, ViewLayer | Synchronizing object | 15_shoe_display_Shaped sneaker sole.030
Fra:1 Mem:285.85M (Peak 285.85M) | Time:00:00.21 | Mem:0.00M, Peak:0.00M | Scene, ViewLayer | Synchronizing object | 15_shoe_display_Padded ankle collar.030
Fra:1 Mem:286.04M (Peak 286.04M) | Time:00:00.21 | Mem:0.00M, Peak:0.00M | Scene, ViewLayer | Synchronizing object | 15_shoe_display_Dark ankle opening.030
Fra:1 Mem:286.08M (Peak 286.08M) | Time:00:00.21 | Mem:0.00M, Peak:0.00M | Scene, ViewLayer | Synchronizing object | 15_shoe_display_Crossed lace.300
Fra:1 Mem:286.09M (Peak 286.09M) | Time:00:00.21 | Mem:0.00M, Peak:0.00M | Scene, ViewLayer | Synchronizing object | 15_shoe_display_Crossed lace.301
Fra:1 Mem:286.11M (Peak 286.11M) | Time:00:00.21 | Mem:0.00M, Peak:0.00M | Scene, ViewLayer | Synchronizing object | 15_shoe_display_Crossed lace.302
Fra:1 Mem:286.11M (Peak 286.11M) | Time:00:00.21 | Mem:0.00M, Peak:0.00M | Scene, ViewLayer | Synchronizing object | 15_shoe_display_Crossed lace.303
Fra:1 Mem:286.11M (Peak 286.11M) | Time:00:00.21 | Mem:0.00M, Peak:0.00M | Scene, ViewLayer | Synchronizing object | 15_shoe_display_Crossed lace.304
Fra:1 Mem:286.11M (Peak 286.11M) | Time:00:00.21 | Mem:0.00M, Peak:0.00M | Scene, ViewLayer | Synchronizing object | 15_shoe_display_Crossed lace.305
Fra:1 Mem:286.12M (Peak 286.12M) | Time:00:00.21 | Mem:0.00M, Peak:0.00M | Scene, ViewLayer | Synchronizing object | 15_shoe_display_Crossed lace.306
Fra:1 Mem:286.12M (Peak 286.12M) | Time:00:00.21 | Mem:0.00M, Peak:0.00M | Scene, ViewLayer | Synchronizing object | 15_shoe_display_Crossed lace.307
Fra:1 Mem:286.12M (Peak 286.12M) | Time:00:00.21 | Mem:0.00M, Peak:0.00M | Scene, ViewLayer | Synchronizing object | 15_shoe_display_Crossed lace.308
Fra:1 Mem:286.12M (Peak 286.12M) | Time:00:00.21 | Mem:0.00M, Peak:0.00M | Scene, ViewLayer | Synchronizing object | 15_shoe_display_Crossed lace.309
Fra:1 Mem:286.13M (Peak 286.13M) | Time:00:00.21 | Mem:0.00M, Peak:0.00M | Scene, ViewLayer | Synchronizing object | 15_shoe_display_Upper stitched panel.060
Fra:1 Mem:286.13M (Peak 286.13M) | Time:00:00.21 | Mem:0.00M, Peak:0.00M | Scene, ViewLayer | Synchronizing object | 15_shoe_display_Upper stitched panel.061
Fra:1 Mem:286.13M (Peak 286.13M) | Time:00:00.21 | Mem:0.00M, Peak:0.00M | Scene, ViewLayer | Synchronizing object | 15_shoe_display_Shaped sneaker sole.031
Fra:1 Mem:286.13M (Peak 286.13M) | Time:00:00.21 | Mem:0.00M, Peak:0.00M | Scene, ViewLayer | Synchronizing object | 15_shoe_display_Padded ankle collar.031
Fra:1 Mem:286.26M (Peak 286.26M) | Time:00:00.21 | Mem:0.00M, Peak:0.00M | Scene, ViewLayer | Synchronizing object | 15_shoe_display_Dark ankle opening.031
Fra:1 Mem:286.29M (Peak 286.29M) | Time:00:00.21 | Mem:0.00M, Peak:0.00M | Scene, ViewLayer | Synchronizing object | 15_shoe_display_Crossed lace.310
Fra:1 Mem:286.33M (Peak 286.33M) | Time:00:00.21 | Mem:0.00M, Peak:0.00M | Scene, ViewLayer | Synchronizing object | 15_shoe_display_Crossed lace.311
Fra:1 Mem:286.34M (Peak 286.34M) | Time:00:00.21 | Mem:0.00M, Peak:0.00M | Scene, ViewLayer | Synchronizing object | 15_shoe_display_Crossed lace.312
Fra:1 Mem:286.34M (Peak 286.34M) | Time:00:00.21 | Mem:0.00M, Peak:0.00M | Scene, ViewLayer | Synchronizing object | 15_shoe_display_Crossed lace.313
Fra:1 Mem:286.35M (Peak 286.35M) | Time:00:00.21 | Mem:0.00M, Peak:0.00M | Scene, ViewLayer | Synchronizing object | 15_shoe_display_Crossed lace.314
Fra:1 Mem:286.35M (Peak 286.35M) | Time:00:00.21 | Mem:0.00M, Peak:0.00M | Scene, ViewLayer | Synchronizing object | 15_shoe_display_Crossed lace.315
Fra:1 Mem:286.35M (Peak 286.35M) | Time:00:00.21 | Mem:0.00M, Peak:0.00M | Scene, ViewLayer | Synchronizing object | 15_shoe_display_Crossed lace.316
Fra:1 Mem:286.35M (Peak 286.35M) | Time:00:00.21 | Mem:0.00M, Peak:0.00M | Scene, ViewLayer | Synchronizing object | 15_shoe_display_Crossed lace.317
Fra:1 Mem:286.36M (Peak 286.36M) | Time:00:00.21 | Mem:0.00M, Peak:0.00M | Scene, ViewLayer | Synchronizing object | 15_shoe_display_Crossed lace.318
Fra:1 Mem:286.36M (Peak 286.36M) | Time:00:00.21 | Mem:0.00M, Peak:0.00M | Scene, ViewLayer | Synchronizing object | 15_shoe_display_Crossed lace.319
Fra:1 Mem:286.36M (Peak 286.36M) | Time:00:00.21 | Mem:0.00M, Peak:0.00M | Scene, ViewLayer | Synchronizing object | 15_shoe_display_Upper stitched panel.062
Fra:1 Mem:286.36M (Peak 286.36M) | Time:00:00.21 | Mem:0.00M, Peak:0.00M | Scene, ViewLayer | Synchronizing object | 15_shoe_display_Upper stitched panel.063
Fra:1 Mem:286.37M (Peak 286.37M) | Time:00:00.21 | Mem:0.00M, Peak:0.00M | Scene, ViewLayer | Synchronizing object | 15_shoe_display_Shaped sneaker sole.032
Fra:1 Mem:286.37M (Peak 286.37M) | Time:00:00.21 | Mem:0.00M, Peak:0.00M | Scene, ViewLayer | Synchronizing object | 15_shoe_display_Padded ankle collar.032
Fra:1 Mem:286.50M (Peak 286.50M) | Time:00:00.21 | Mem:0.00M, Peak:0.00M | Scene, ViewLayer | Synchronizing object | 15_shoe_display_Dark ankle opening.032
Fra:1 Mem:286.54M (Peak 286.54M) | Time:00:00.21 | Mem:0.00M, Peak:0.00M | Scene, ViewLayer | Synchronizing object | 15_shoe_display_Crossed lace.320
Fra:1 Mem:286.57M (Peak 286.57M) | Time:00:00.21 | Mem:0.00M, Peak:0.00M | Scene, ViewLayer | Synchronizing object | 15_shoe_display_Crossed lace.321
Fra:1 Mem:286.58M (Peak 286.58M) | Time:00:00.21 | Mem:0.00M, Peak:0.00M | Scene, ViewLayer | Synchronizing object | 15_shoe_display_Crossed lace.322
Fra:1 Mem:286.58M (Peak 286.58M) | Time:00:00.21 | Mem:0.00M, Peak:0.00M | Scene, ViewLayer | Synchronizing object | 15_shoe_display_Crossed lace.323
Fra:1 Mem:286.58M (Peak 286.58M) | Time:00:00.21 | Mem:0.00M, Peak:0.00M | Scene, ViewLayer | Synchronizing object | 15_shoe_display_Crossed lace.324
Fra:1 Mem:286.58M (Peak 286.58M) | Time:00:00.21 | Mem:0.00M, Peak:0.00M | Scene, ViewLayer | Synchronizing object | 15_shoe_display_Crossed lace.325
Fra:1 Mem:286.58M (Peak 286.58M) | Time:00:00.21 | Mem:0.00M, Peak:0.00M | Scene, ViewLayer | Synchronizing object | 15_shoe_display_Crossed lace.326
Fra:1 Mem:286.59M (Peak 286.59M) | Time:00:00.21 | Mem:0.00M, Peak:0.00M | Scene, ViewLayer | Synchronizing object | 15_shoe_display_Crossed lace.327
Fra:1 Mem:286.59M (Peak 286.59M) | Time:00:00.21 | Mem:0.00M, Peak:0.00M | Scene, ViewLayer | Synchronizing object | 15_shoe_display_Crossed lace.328
Fra:1 Mem:286.59M (Peak 286.59M) | Time:00:00.21 | Mem:0.00M, Peak:0.00M | Scene, ViewLayer | Synchronizing object | 15_shoe_display_Crossed lace.329
Fra:1 Mem:286.59M (Peak 286.59M) | Time:00:00.21 | Mem:0.00M, Peak:0.00M | Scene, ViewLayer | Synchronizing object | 15_shoe_display_Upper stitched panel.064
Fra:1 Mem:286.60M (Peak 286.60M) | Time:00:00.21 | Mem:0.00M, Peak:0.00M | Scene, ViewLayer | Synchronizing object | 15_shoe_display_Upper stitched panel.065
Fra:1 Mem:286.60M (Peak 286.60M) | Time:00:00.21 | Mem:0.00M, Peak:0.00M | Scene, ViewLayer | Synchronizing object | 15_shoe_display_Shaped sneaker sole.033
Fra:1 Mem:286.60M (Peak 286.60M) | Time:00:00.21 | Mem:0.00M, Peak:0.00M | Scene, ViewLayer | Synchronizing object | 15_shoe_display_Padded ankle collar.033
Fra:1 Mem:286.73M (Peak 286.73M) | Time:00:00.21 | Mem:0.00M, Peak:0.00M | Scene, ViewLayer | Synchronizing object | 15_shoe_display_Dark ankle opening.033
Fra:1 Mem:286.74M (Peak 286.74M) | Time:00:00.21 | Mem:0.00M, Peak:0.00M | Scene, ViewLayer | Synchronizing object | 15_shoe_display_Crossed lace.330
Fra:1 Mem:286.80M (Peak 286.80M) | Time:00:00.21 | Mem:0.00M, Peak:0.00M | Scene, ViewLayer | Synchronizing object | 15_shoe_display_Crossed lace.331
Fra:1 Mem:286.82M (Peak 286.82M) | Time:00:00.21 | Mem:0.00M, Peak:0.00M | Scene, ViewLayer | Synchronizing object | 15_shoe_display_Crossed lace.332
Fra:1 Mem:286.81M (Peak 286.82M) | Time:00:00.21 | Mem:0.00M, Peak:0.00M | Scene, ViewLayer | Synchronizing object | 15_shoe_display_Crossed lace.333
Fra:1 Mem:286.81M (Peak 286.82M) | Time:00:00.21 | Mem:0.00M, Peak:0.00M | Scene, ViewLayer | Synchronizing object | 15_shoe_display_Crossed lace.334
Fra:1 Mem:286.82M (Peak 286.82M) | Time:00:00.21 | Mem:0.00M, Peak:0.00M | Scene, ViewLayer | Synchronizing object | 15_shoe_display_Crossed lace.335
Fra:1 Mem:286.82M (Peak 286.82M) | Time:00:00.21 | Mem:0.00M, Peak:0.00M | Scene, ViewLayer | Synchronizing object | 15_shoe_display_Crossed lace.336
Fra:1 Mem:286.82M (Peak 286.82M) | Time:00:00.21 | Mem:0.00M, Peak:0.00M | Scene, ViewLayer | Synchronizing object | 15_shoe_display_Crossed lace.337
Fra:1 Mem:286.82M (Peak 286.82M) | Time:00:00.21 | Mem:0.00M, Peak:0.00M | Scene, ViewLayer | Synchronizing object | 15_shoe_display_Crossed lace.338
Fra:1 Mem:286.83M (Peak 286.83M) | Time:00:00.21 | Mem:0.00M, Peak:0.00M | Scene, ViewLayer | Synchronizing object | 15_shoe_display_Crossed lace.339
Fra:1 Mem:286.83M (Peak 286.83M) | Time:00:00.21 | Mem:0.00M, Peak:0.00M | Scene, ViewLayer | Synchronizing object | 15_shoe_display_Upper stitched panel.066
Fra:1 Mem:286.83M (Peak 286.83M) | Time:00:00.21 | Mem:0.00M, Peak:0.00M | Scene, ViewLayer | Synchronizing object | 15_shoe_display_Upper stitched panel.067
Fra:1 Mem:286.84M (Peak 286.84M) | Time:00:00.21 | Mem:0.00M, Peak:0.00M | Scene, ViewLayer | Synchronizing object | 15_shoe_display_Shaped sneaker sole.034
Fra:1 Mem:286.84M (Peak 286.84M) | Time:00:00.21 | Mem:0.00M, Peak:0.00M | Scene, ViewLayer | Synchronizing object | 15_shoe_display_Sculpted sneaker upper.034
Fra:1 Mem:286.86M (Peak 286.87M) | Time:00:00.21 | Mem:0.00M, Peak:0.00M | Scene, ViewLayer | Synchronizing object | 15_shoe_display_Padded ankle collar.034
Fra:1 Mem:286.97M (Peak 286.97M) | Time:00:00.21 | Mem:0.00M, Peak:0.00M | Scene, ViewLayer | Synchronizing object | 15_shoe_display_Dark ankle opening.034
Fra:1 Mem:287.00M (Peak 287.00M) | Time:00:00.21 | Mem:0.00M, Peak:0.00M | Scene, ViewLayer | Synchronizing object | 15_shoe_display_Crossed lace.340
Fra:1 Mem:287.03M (Peak 287.03M) | Time:00:00.21 | Mem:0.00M, Peak:0.00M | Scene, ViewLayer | Synchronizing object | 15_shoe_display_Crossed lace.341
Fra:1 Mem:287.04M (Peak 287.04M) | Time:00:00.21 | Mem:0.00M, Peak:0.00M | Scene, ViewLayer | Synchronizing object | 15_shoe_display_Crossed lace.342
Fra:1 Mem:287.05M (Peak 287.05M) | Time:00:00.21 | Mem:0.00M, Peak:0.00M | Scene, ViewLayer | Synchronizing object | 15_shoe_display_Crossed lace.343
Fra:1 Mem:287.05M (Peak 287.05M) | Time:00:00.21 | Mem:0.00M, Peak:0.00M | Scene, ViewLayer | Synchronizing object | 15_shoe_display_Crossed lace.344
Fra:1 Mem:287.05M (Peak 287.05M) | Time:00:00.21 | Mem:0.00M, Peak:0.00M | Scene, ViewLayer | Synchronizing object | 15_shoe_display_Crossed lace.345
Fra:1 Mem:287.05M (Peak 287.05M) | Time:00:00.21 | Mem:0.00M, Peak:0.00M | Scene, ViewLayer | Synchronizing object | 15_shoe_display_Crossed lace.346
Fra:1 Mem:287.06M (Peak 287.06M) | Time:00:00.21 | Mem:0.00M, Peak:0.00M | Scene, ViewLayer | Synchronizing object | 15_shoe_display_Crossed lace.347
Fra:1 Mem:287.06M (Peak 287.06M) | Time:00:00.21 | Mem:0.00M, Peak:0.00M | Scene, ViewLayer | Synchronizing object | 15_shoe_display_Crossed lace.348
Fra:1 Mem:287.06M (Peak 287.06M) | Time:00:00.21 | Mem:0.00M, Peak:0.00M | Scene, ViewLayer | Synchronizing object | 15_shoe_display_Crossed lace.349
Fra:1 Mem:287.06M (Peak 287.06M) | Time:00:00.21 | Mem:0.00M, Peak:0.00M | Scene, ViewLayer | Synchronizing object | 15_shoe_display_Upper stitched panel.068
Fra:1 Mem:287.07M (Peak 287.07M) | Time:00:00.21 | Mem:0.00M, Peak:0.00M | Scene, ViewLayer | Synchronizing object | 15_shoe_display_Upper stitched panel.069
Fra:1 Mem:287.07M (Peak 287.07M) | Time:00:00.21 | Mem:0.00M, Peak:0.00M | Scene, ViewLayer | Synchronizing object | 15_shoe_display_Shaped sneaker sole.035
Fra:1 Mem:287.07M (Peak 287.07M) | Time:00:00.21 | Mem:0.00M, Peak:0.00M | Scene, ViewLayer | Synchronizing object | 15_shoe_display_Padded ankle collar.035
Fra:1 Mem:287.20M (Peak 287.20M) | Time:00:00.21 | Mem:0.00M, Peak:0.00M | Scene, ViewLayer | Synchronizing object | 15_shoe_display_Crossed lace.350
Fra:1 Mem:287.20M (Peak 287.20M) | Time:00:00.21 | Mem:0.00M, Peak:0.00M | Scene, ViewLayer | Synchronizing object | 15_shoe_display_Dark ankle opening.035
Fra:1 Mem:287.21M (Peak 287.21M) | Time:00:00.21 | Mem:0.00M, Peak:0.00M | Scene, ViewLayer | Synchronizing object | 15_shoe_display_Crossed lace.351
Fra:1 Mem:287.26M (Peak 287.26M) | Time:00:00.21 | Mem:0.00M, Peak:0.00M | Scene, ViewLayer | Synchronizing object | 15_shoe_display_Crossed lace.352
Fra:1 Mem:287.27M (Peak 287.27M) | Time:00:00.21 | Mem:0.00M, Peak:0.00M | Scene, ViewLayer | Synchronizing object | 15_shoe_display_Crossed lace.353
Fra:1 Mem:287.27M (Peak 287.27M) | Time:00:00.21 | Mem:0.00M, Peak:0.00M | Scene, ViewLayer | Synchronizing object | 15_shoe_display_Crossed lace.354
Fra:1 Mem:287.29M (Peak 287.29M) | Time:00:00.21 | Mem:0.00M, Peak:0.00M | Scene, ViewLayer | Synchronizing object | 15_shoe_display_Crossed lace.355
Fra:1 Mem:287.29M (Peak 287.29M) | Time:00:00.21 | Mem:0.00M, Peak:0.00M | Scene, ViewLayer | Synchronizing object | 15_shoe_display_Crossed lace.356
Fra:1 Mem:287.29M (Peak 287.29M) | Time:00:00.21 | Mem:0.00M, Peak:0.00M | Scene, ViewLayer | Synchronizing object | 15_shoe_display_Crossed lace.357
Fra:1 Mem:287.29M (Peak 287.29M) | Time:00:00.21 | Mem:0.00M, Peak:0.00M | Scene, ViewLayer | Synchronizing object | 15_shoe_display_Crossed lace.358
Fra:1 Mem:287.29M (Peak 287.29M) | Time:00:00.21 | Mem:0.00M, Peak:0.00M | Scene, ViewLayer | Synchronizing object | 15_shoe_display_Crossed lace.359
Fra:1 Mem:287.30M (Peak 287.30M) | Time:00:00.21 | Mem:0.00M, Peak:0.00M | Scene, ViewLayer | Synchronizing object | 15_shoe_display_Upper stitched panel.070
Fra:1 Mem:287.30M (Peak 287.30M) | Time:00:00.21 | Mem:0.00M, Peak:0.00M | Scene, ViewLayer | Synchronizing object | 15_shoe_display_Upper stitched panel.071
Fra:1 Mem:287.31M (Peak 287.31M) | Time:00:00.21 | Mem:0.00M, Peak:0.00M | Scene, ViewLayer | Synchronizing object | 15_shoe_display_Shaped sneaker sole.036
Fra:1 Mem:287.31M (Peak 287.31M) | Time:00:00.21 | Mem:0.00M, Peak:0.00M | Scene, ViewLayer | Synchronizing object | 15_shoe_display_Padded ankle collar.036
Fra:1 Mem:287.43M (Peak 287.43M) | Time:00:00.21 | Mem:0.00M, Peak:0.00M | Scene, ViewLayer | Synchronizing object | 15_shoe_display_Dark ankle opening.036
Fra:1 Mem:287.49M (Peak 287.49M) | Time:00:00.21 | Mem:0.00M, Peak:0.00M | Scene, ViewLayer | Synchronizing object | 15_shoe_display_Crossed lace.360
Fra:1 Mem:287.51M (Peak 287.51M) | Time:00:00.21 | Mem:0.00M, Peak:0.00M | Scene, ViewLayer | Synchronizing object | 15_shoe_display_Crossed lace.361
Fra:1 Mem:287.51M (Peak 287.51M) | Time:00:00.21 | Mem:0.00M, Peak:0.00M | Scene, ViewLayer | Synchronizing object | 15_shoe_display_Crossed lace.362
Fra:1 Mem:287.51M (Peak 287.51M) | Time:00:00.21 | Mem:0.00M, Peak:0.00M | Scene, ViewLayer | Synchronizing object | 15_shoe_display_Crossed lace.363
Fra:1 Mem:287.52M (Peak 287.52M) | Time:00:00.21 | Mem:0.00M, Peak:0.00M | Scene, ViewLayer | Synchronizing object | 15_shoe_display_Crossed lace.364
Fra:1 Mem:287.52M (Peak 287.52M) | Time:00:00.21 | Mem:0.00M, Peak:0.00M | Scene, ViewLayer | Synchronizing object | 15_shoe_display_Crossed lace.365
Fra:1 Mem:287.52M (Peak 287.52M) | Time:00:00.21 | Mem:0.00M, Peak:0.00M | Scene, ViewLayer | Synchronizing object | 15_shoe_display_Crossed lace.366
Fra:1 Mem:287.52M (Peak 287.52M) | Time:00:00.21 | Mem:0.00M, Peak:0.00M | Scene, ViewLayer | Synchronizing object | 15_shoe_display_Crossed lace.367
Fra:1 Mem:287.53M (Peak 287.53M) | Time:00:00.21 | Mem:0.00M, Peak:0.00M | Scene, ViewLayer | Synchronizing object | 15_shoe_display_Crossed lace.368
Fra:1 Mem:287.53M (Peak 287.53M) | Time:00:00.21 | Mem:0.00M, Peak:0.00M | Scene, ViewLayer | Synchronizing object | 15_shoe_display_Crossed lace.369
Fra:1 Mem:287.53M (Peak 287.53M) | Time:00:00.21 | Mem:0.00M, Peak:0.00M | Scene, ViewLayer | Synchronizing object | 15_shoe_display_Upper stitched panel.072
Fra:1 Mem:287.54M (Peak 287.54M) | Time:00:00.21 | Mem:0.00M, Peak:0.00M | Scene, ViewLayer | Synchronizing object | 15_shoe_display_Upper stitched panel.073
Fra:1 Mem:287.54M (Peak 287.54M) | Time:00:00.21 | Mem:0.00M, Peak:0.00M | Scene, ViewLayer | Synchronizing object | 15_shoe_display_Shaped sneaker sole.037
Fra:1 Mem:287.55M (Peak 287.55M) | Time:00:00.21 | Mem:0.00M, Peak:0.00M | Scene, ViewLayer | Synchronizing object | 15_shoe_display_Padded ankle collar.037
Fra:1 Mem:287.67M (Peak 287.67M) | Time:00:00.21 | Mem:0.00M, Peak:0.00M | Scene, ViewLayer | Synchronizing object | 15_shoe_display_Dark ankle opening.037
Fra:1 Mem:287.68M (Peak 287.68M) | Time:00:00.21 | Mem:0.00M, Peak:0.00M | Scene, ViewLayer | Synchronizing object | 15_shoe_display_Crossed lace.370
Fra:1 Mem:287.74M (Peak 287.74M) | Time:00:00.21 | Mem:0.00M, Peak:0.00M | Scene, ViewLayer | Synchronizing object | 15_shoe_display_Crossed lace.371
Fra:1 Mem:287.75M (Peak 287.75M) | Time:00:00.21 | Mem:0.00M, Peak:0.00M | Scene, ViewLayer | Synchronizing object | 15_shoe_display_Crossed lace.372
Fra:1 Mem:287.75M (Peak 287.75M) | Time:00:00.21 | Mem:0.00M, Peak:0.00M | Scene, ViewLayer | Synchronizing object | 15_shoe_display_Crossed lace.373
Fra:1 Mem:287.75M (Peak 287.75M) | Time:00:00.21 | Mem:0.00M, Peak:0.00M | Scene, ViewLayer | Synchronizing object | 15_shoe_display_Crossed lace.374
Fra:1 Mem:287.75M (Peak 287.75M) | Time:00:00.21 | Mem:0.00M, Peak:0.00M | Scene, ViewLayer | Synchronizing object | 15_shoe_display_Crossed lace.375
Fra:1 Mem:287.76M (Peak 287.76M) | Time:00:00.21 | Mem:0.00M, Peak:0.00M | Scene, ViewLayer | Synchronizing object | 15_shoe_display_Crossed lace.376
Fra:1 Mem:287.76M (Peak 287.76M) | Time:00:00.21 | Mem:0.00M, Peak:0.00M | Scene, ViewLayer | Synchronizing object | 15_shoe_display_Crossed lace.377
Fra:1 Mem:287.76M (Peak 287.76M) | Time:00:00.21 | Mem:0.00M, Peak:0.00M | Scene, ViewLayer | Synchronizing object | 15_shoe_display_Crossed lace.378
Fra:1 Mem:287.76M (Peak 287.76M) | Time:00:00.21 | Mem:0.00M, Peak:0.00M | Scene, ViewLayer | Synchronizing object | 15_shoe_display_Crossed lace.379
Fra:1 Mem:287.77M (Peak 287.77M) | Time:00:00.21 | Mem:0.00M, Peak:0.00M | Scene, ViewLayer | Synchronizing object | 15_shoe_display_Upper stitched panel.074
Fra:1 Mem:287.77M (Peak 287.77M) | Time:00:00.21 | Mem:0.00M, Peak:0.00M | Scene, ViewLayer | Synchronizing object | 15_shoe_display_Upper stitched panel.075
Fra:1 Mem:287.77M (Peak 287.77M) | Time:00:00.21 | Mem:0.00M, Peak:0.00M | Scene, ViewLayer | Synchronizing object | 15_shoe_display_Shaped sneaker sole.038
Fra:1 Mem:287.77M (Peak 287.77M) | Time:00:00.21 | Mem:0.00M, Peak:0.00M | Scene, ViewLayer | Synchronizing object | 15_shoe_display_Padded ankle collar.038
Fra:1 Mem:287.90M (Peak 287.90M) | Time:00:00.21 | Mem:0.00M, Peak:0.00M | Scene, ViewLayer | Synchronizing object | 15_shoe_display_Dark ankle opening.038
Fra:1 Mem:287.91M (Peak 287.91M) | Time:00:00.21 | Mem:0.00M, Peak:0.00M | Scene, ViewLayer | Synchronizing object | 15_shoe_display_Crossed lace.380
Fra:1 Mem:287.97M (Peak 287.97M) | Time:00:00.21 | Mem:0.00M, Peak:0.00M | Scene, ViewLayer | Synchronizing object | 15_shoe_display_Crossed lace.381
Fra:1 Mem:287.98M (Peak 287.98M) | Time:00:00.21 | Mem:0.00M, Peak:0.00M | Scene, ViewLayer | Synchronizing object | 15_shoe_display_Crossed lace.382
Fra:1 Mem:287.98M (Peak 287.98M) | Time:00:00.21 | Mem:0.00M, Peak:0.00M | Scene, ViewLayer | Synchronizing object | 15_shoe_display_Crossed lace.383
Fra:1 Mem:287.99M (Peak 287.99M) | Time:00:00.21 | Mem:0.00M, Peak:0.00M | Scene, ViewLayer | Synchronizing object | 15_shoe_display_Crossed lace.384
Fra:1 Mem:287.99M (Peak 287.99M) | Time:00:00.21 | Mem:0.00M, Peak:0.00M | Scene, ViewLayer | Synchronizing object | 15_shoe_display_Crossed lace.385
Fra:1 Mem:287.99M (Peak 287.99M) | Time:00:00.21 | Mem:0.00M, Peak:0.00M | Scene, ViewLayer | Synchronizing object | 15_shoe_display_Crossed lace.386
Fra:1 Mem:287.99M (Peak 287.99M) | Time:00:00.21 | Mem:0.00M, Peak:0.00M | Scene, ViewLayer | Synchronizing object | 15_shoe_display_Crossed lace.387
Fra:1 Mem:288.00M (Peak 288.00M) | Time:00:00.21 | Mem:0.00M, Peak:0.00M | Scene, ViewLayer | Synchronizing object | 15_shoe_display_Crossed lace.388
Fra:1 Mem:288.00M (Peak 288.00M) | Time:00:00.21 | Mem:0.00M, Peak:0.00M | Scene, ViewLayer | Synchronizing object | 15_shoe_display_Crossed lace.389
Fra:1 Mem:288.00M (Peak 288.00M) | Time:00:00.21 | Mem:0.00M, Peak:0.00M | Scene, ViewLayer | Synchronizing object | 15_shoe_display_Upper stitched panel.076
Fra:1 Mem:288.00M (Peak 288.00M) | Time:00:00.21 | Mem:0.00M, Peak:0.00M | Scene, ViewLayer | Synchronizing object | 15_shoe_display_Upper stitched panel.077
Fra:1 Mem:288.01M (Peak 288.01M) | Time:00:00.21 | Mem:0.00M, Peak:0.00M | Scene, ViewLayer | Synchronizing object | 15_shoe_display_Shaped sneaker sole.039
Fra:1 Mem:288.03M (Peak 288.02M) | Time:00:00.21 | Mem:0.00M, Peak:0.00M | Scene, ViewLayer | Synchronizing object | 15_shoe_display_Sculpted sneaker upper.039
Fra:1 Mem:288.04M (Peak 288.04M) | Time:00:00.21 | Mem:0.00M, Peak:0.00M | Scene, ViewLayer | Synchronizing object | 15_shoe_display_Padded ankle collar.039
Fra:1 Mem:288.14M (Peak 288.14M) | Time:00:00.21 | Mem:0.00M, Peak:0.00M | Scene, ViewLayer | Synchronizing object | 15_shoe_display_Dark ankle opening.039
Fra:1 Mem:288.18M (Peak 288.18M) | Time:00:00.21 | Mem:0.00M, Peak:0.00M | Scene, ViewLayer | Synchronizing object | 15_shoe_display_Crossed lace.390
Fra:1 Mem:288.18M (Peak 288.18M) | Time:00:00.21 | Mem:0.00M, Peak:0.00M | Scene, ViewLayer | Synchronizing object | 15_shoe_display_Crossed lace.391
Fra:1 Mem:288.18M (Peak 288.18M) | Time:00:00.21 | Mem:0.00M, Peak:0.00M | Scene, ViewLayer | Synchronizing object | 15_shoe_display_Crossed lace.392
Fra:1 Mem:288.19M (Peak 288.19M) | Time:00:00.21 | Mem:0.00M, Peak:0.00M | Scene, ViewLayer | Synchronizing object | 15_shoe_display_Crossed lace.393
Fra:1 Mem:288.19M (Peak 288.19M) | Time:00:00.21 | Mem:0.00M, Peak:0.00M | Scene, ViewLayer | Synchronizing object | 15_shoe_display_Crossed lace.394
Fra:1 Mem:288.19M (Peak 288.19M) | Time:00:00.21 | Mem:0.00M, Peak:0.00M | Scene, ViewLayer | Synchronizing object | 15_shoe_display_Crossed lace.395
Fra:1 Mem:288.19M (Peak 288.19M) | Time:00:00.21 | Mem:0.00M, Peak:0.00M | Scene, ViewLayer | Synchronizing object | 15_shoe_display_Crossed lace.396
Fra:1 Mem:288.20M (Peak 288.20M) | Time:00:00.22 | Mem:0.00M, Peak:0.00M | Scene, ViewLayer | Synchronizing object | 15_shoe_display_Crossed lace.397
Fra:1 Mem:288.20M (Peak 288.20M) | Time:00:00.22 | Mem:0.00M, Peak:0.00M | Scene, ViewLayer | Synchronizing object | 15_shoe_display_Crossed lace.398
Fra:1 Mem:288.20M (Peak 288.20M) | Time:00:00.22 | Mem:0.00M, Peak:0.00M | Scene, ViewLayer | Synchronizing object | 15_shoe_display_Crossed lace.399
Fra:1 Mem:288.20M (Peak 288.20M) | Time:00:00.22 | Mem:0.00M, Peak:0.00M | Scene, ViewLayer | Synchronizing object | 15_shoe_display_Upper stitched panel.078
Fra:1 Mem:288.21M (Peak 288.21M) | Time:00:00.22 | Mem:0.00M, Peak:0.00M | Scene, ViewLayer | Synchronizing object | 15_shoe_display_Upper stitched panel.079
Fra:1 Mem:288.21M (Peak 288.21M) | Time:00:00.22 | Mem:0.00M, Peak:0.00M | Scene, ViewLayer | Synchronizing object | 15_shoe_display_Display shelf.004
Fra:1 Mem:288.21M (Peak 288.21M) | Time:00:00.22 | Mem:0.00M, Peak:0.00M | Scene, ViewLayer | Synchronizing object | 15_shoe_display_Shaped sneaker sole.040
Fra:1 Mem:288.22M (Peak 288.22M) | Time:00:00.22 | Mem:0.00M, Peak:0.00M | Scene, ViewLayer | Synchronizing object | 15_shoe_display_Padded ankle collar.040
Fra:1 Mem:288.39M (Peak 288.39M) | Time:00:00.22 | Mem:0.00M, Peak:0.00M | Scene, ViewLayer | Synchronizing object | 15_shoe_display_Dark ankle opening.040
Fra:1 Mem:288.44M (Peak 288.44M) | Time:00:00.22 | Mem:0.00M, Peak:0.00M | Scene, ViewLayer | Synchronizing object | 15_shoe_display_Crossed lace.400
Fra:1 Mem:288.46M (Peak 288.46M) | Time:00:00.22 | Mem:0.00M, Peak:0.00M | Scene, ViewLayer | Synchronizing object | 15_shoe_display_Crossed lace.401
Fra:1 Mem:288.46M (Peak 288.46M) | Time:00:00.22 | Mem:0.00M, Peak:0.00M | Scene, ViewLayer | Synchronizing object | 15_shoe_display_Crossed lace.402
Fra:1 Mem:288.47M (Peak 288.47M) | Time:00:00.22 | Mem:0.00M, Peak:0.00M | Scene, ViewLayer | Synchronizing object | 15_shoe_display_Crossed lace.403
Fra:1 Mem:288.47M (Peak 288.47M) | Time:00:00.22 | Mem:0.00M, Peak:0.00M | Scene, ViewLayer | Synchronizing object | 15_shoe_display_Crossed lace.404
Fra:1 Mem:288.47M (Peak 288.47M) | Time:00:00.22 | Mem:0.00M, Peak:0.00M | Scene, ViewLayer | Synchronizing object | 15_shoe_display_Crossed lace.405
Fra:1 Mem:288.47M (Peak 288.47M) | Time:00:00.22 | Mem:0.00M, Peak:0.00M | Scene, ViewLayer | Synchronizing object | 15_shoe_display_Crossed lace.406
Fra:1 Mem:288.48M (Peak 288.48M) | Time:00:00.22 | Mem:0.00M, Peak:0.00M | Scene, ViewLayer | Synchronizing object | 15_shoe_display_Crossed lace.407
Fra:1 Mem:288.48M (Peak 288.48M) | Time:00:00.22 | Mem:0.00M, Peak:0.00M | Scene, ViewLayer | Synchronizing object | 15_shoe_display_Crossed lace.408
Fra:1 Mem:288.48M (Peak 288.48M) | Time:00:00.22 | Mem:0.00M, Peak:0.00M | Scene, ViewLayer | Synchronizing object | 15_shoe_display_Crossed lace.409
Fra:1 Mem:288.48M (Peak 288.48M) | Time:00:00.22 | Mem:0.00M, Peak:0.00M | Scene, ViewLayer | Synchronizing object | 15_shoe_display_Upper stitched panel.080
Fra:1 Mem:288.49M (Peak 288.49M) | Time:00:00.22 | Mem:0.00M, Peak:0.00M | Scene, ViewLayer | Synchronizing object | 15_shoe_display_Upper stitched panel.081
Fra:1 Mem:288.49M (Peak 288.49M) | Time:00:00.22 | Mem:0.00M, Peak:0.00M | Scene, ViewLayer | Synchronizing object | 15_shoe_display_Shaped sneaker sole.041
Fra:1 Mem:288.49M (Peak 288.49M) | Time:00:00.22 | Mem:0.00M, Peak:0.00M | Scene, ViewLayer | Synchronizing object | 15_shoe_display_Padded ankle collar.041
Fra:1 Mem:288.62M (Peak 288.62M) | Time:00:00.22 | Mem:0.00M, Peak:0.00M | Scene, ViewLayer | Synchronizing object | 15_shoe_display_Dark ankle opening.041
Fra:1 Mem:288.69M (Peak 288.69M) | Time:00:00.22 | Mem:0.00M, Peak:0.00M | Scene, ViewLayer | Synchronizing object | 15_shoe_display_Crossed lace.410
Fra:1 Mem:288.73M (Peak 288.73M) | Time:00:00.22 | Mem:0.00M, Peak:0.00M | Scene, ViewLayer | Synchronizing object | 15_shoe_display_Crossed lace.411
Fra:1 Mem:288.73M (Peak 288.73M) | Time:00:00.22 | Mem:0.00M, Peak:0.00M | Scene, ViewLayer | Synchronizing object | 15_shoe_display_Crossed lace.412
Fra:1 Mem:288.73M (Peak 288.73M) | Time:00:00.22 | Mem:0.00M, Peak:0.00M | Scene, ViewLayer | Synchronizing object | 15_shoe_display_Crossed lace.413
Fra:1 Mem:288.73M (Peak 288.73M) | Time:00:00.22 | Mem:0.00M, Peak:0.00M | Scene, ViewLayer | Synchronizing object | 15_shoe_display_Crossed lace.414
Fra:1 Mem:288.74M (Peak 288.74M) | Time:00:00.22 | Mem:0.00M, Peak:0.00M | Scene, ViewLayer | Synchronizing object | 15_shoe_display_Crossed lace.415
Fra:1 Mem:288.74M (Peak 288.74M) | Time:00:00.22 | Mem:0.00M, Peak:0.00M | Scene, ViewLayer | Synchronizing object | 15_shoe_display_Crossed lace.416
Fra:1 Mem:288.74M (Peak 288.74M) | Time:00:00.22 | Mem:0.00M, Peak:0.00M | Scene, ViewLayer | Synchronizing object | 15_shoe_display_Crossed lace.417
Fra:1 Mem:288.74M (Peak 288.74M) | Time:00:00.22 | Mem:0.00M, Peak:0.00M | Scene, ViewLayer | Synchronizing object | 15_shoe_display_Crossed lace.418
Fra:1 Mem:288.75M (Peak 288.75M) | Time:00:00.22 | Mem:0.00M, Peak:0.00M | Scene, ViewLayer | Synchronizing object | 15_shoe_display_Crossed lace.419
Fra:1 Mem:288.75M (Peak 288.75M) | Time:00:00.22 | Mem:0.00M, Peak:0.00M | Scene, ViewLayer | Synchronizing object | 15_shoe_display_Upper stitched panel.082
Fra:1 Mem:288.75M (Peak 288.75M) | Time:00:00.22 | Mem:0.00M, Peak:0.00M | Scene, ViewLayer | Synchronizing object | 15_shoe_display_Upper stitched panel.083
Fra:1 Mem:288.76M (Peak 288.76M) | Time:00:00.22 | Mem:0.00M, Peak:0.00M | Scene, ViewLayer | Synchronizing object | 15_shoe_display_Shaped sneaker sole.042
Fra:1 Mem:288.76M (Peak 288.76M) | Time:00:00.22 | Mem:0.00M, Peak:0.00M | Scene, ViewLayer | Synchronizing object | 15_shoe_display_Padded ankle collar.042
Fra:1 Mem:288.89M (Peak 288.89M) | Time:00:00.22 | Mem:0.00M, Peak:0.00M | Scene, ViewLayer | Synchronizing object | 15_shoe_display_Dark ankle opening.042
Fra:1 Mem:288.89M (Peak 288.89M) | Time:00:00.22 | Mem:0.00M, Peak:0.00M | Scene, ViewLayer | Synchronizing object | 15_shoe_display_Crossed lace.420
Fra:1 Mem:288.93M (Peak 288.93M) | Time:00:00.22 | Mem:0.00M, Peak:0.00M | Scene, ViewLayer | Synchronizing object | 15_shoe_display_Crossed lace.421
Fra:1 Mem:288.96M (Peak 288.96M) | Time:00:00.22 | Mem:0.00M, Peak:0.00M | Scene, ViewLayer | Synchronizing object | 15_shoe_display_Crossed lace.422
Fra:1 Mem:288.96M (Peak 288.96M) | Time:00:00.22 | Mem:0.00M, Peak:0.00M | Scene, ViewLayer | Synchronizing object | 15_shoe_display_Crossed lace.423
Fra:1 Mem:288.97M (Peak 288.97M) | Time:00:00.22 | Mem:0.00M, Peak:0.00M | Scene, ViewLayer | Synchronizing object | 15_shoe_display_Crossed lace.424
Fra:1 Mem:288.97M (Peak 288.97M) | Time:00:00.22 | Mem:0.00M, Peak:0.00M | Scene, ViewLayer | Synchronizing object | 15_shoe_display_Crossed lace.425
Fra:1 Mem:288.97M (Peak 288.97M) | Time:00:00.22 | Mem:0.00M, Peak:0.00M | Scene, ViewLayer | Synchronizing object | 15_shoe_display_Crossed lace.426
Fra:1 Mem:288.98M (Peak 288.98M) | Time:00:00.22 | Mem:0.00M, Peak:0.00M | Scene, ViewLayer | Synchronizing object | 15_shoe_display_Crossed lace.427
Fra:1 Mem:288.98M (Peak 288.98M) | Time:00:00.22 | Mem:0.00M, Peak:0.00M | Scene, ViewLayer | Synchronizing object | 15_shoe_display_Crossed lace.428
Fra:1 Mem:288.98M (Peak 288.98M) | Time:00:00.22 | Mem:0.00M, Peak:0.00M | Scene, ViewLayer | Synchronizing object | 15_shoe_display_Crossed lace.429
Fra:1 Mem:288.98M (Peak 288.98M) | Time:00:00.22 | Mem:0.00M, Peak:0.00M | Scene, ViewLayer | Synchronizing object | 15_shoe_display_Upper stitched panel.084
Fra:1 Mem:288.99M (Peak 288.99M) | Time:00:00.22 | Mem:0.00M, Peak:0.00M | Scene, ViewLayer | Synchronizing object | 15_shoe_display_Upper stitched panel.085
Fra:1 Mem:288.99M (Peak 288.99M) | Time:00:00.22 | Mem:0.00M, Peak:0.00M | Scene, ViewLayer | Synchronizing object | 15_shoe_display_Shaped sneaker sole.043
Fra:1 Mem:288.99M (Peak 288.99M) | Time:00:00.22 | Mem:0.00M, Peak:0.00M | Scene, ViewLayer | Synchronizing object | 15_shoe_display_Padded ankle collar.043
Fra:1 Mem:289.11M (Peak 289.11M) | Time:00:00.22 | Mem:0.00M, Peak:0.00M | Scene, ViewLayer | Synchronizing object | 15_shoe_display_Dark ankle opening.043
Fra:1 Mem:289.16M (Peak 289.16M) | Time:00:00.22 | Mem:0.00M, Peak:0.00M | Scene, ViewLayer | Synchronizing object | 15_shoe_display_Crossed lace.430
Fra:1 Mem:289.20M (Peak 289.20M) | Time:00:00.22 | Mem:0.00M, Peak:0.00M | Scene, ViewLayer | Synchronizing object | 15_shoe_display_Crossed lace.431
Fra:1 Mem:289.20M (Peak 289.20M) | Time:00:00.22 | Mem:0.00M, Peak:0.00M | Scene, ViewLayer | Synchronizing object | 15_shoe_display_Crossed lace.432
Fra:1 Mem:289.20M (Peak 289.20M) | Time:00:00.22 | Mem:0.00M, Peak:0.00M | Scene, ViewLayer | Synchronizing object | 15_shoe_display_Crossed lace.433
Fra:1 Mem:289.20M (Peak 289.20M) | Time:00:00.22 | Mem:0.00M, Peak:0.00M | Scene, ViewLayer | Synchronizing object | 15_shoe_display_Crossed lace.434
Fra:1 Mem:289.21M (Peak 289.21M) | Time:00:00.22 | Mem:0.00M, Peak:0.00M | Scene, ViewLayer | Synchronizing object | 15_shoe_display_Crossed lace.435
Fra:1 Mem:289.21M (Peak 289.21M) | Time:00:00.22 | Mem:0.00M, Peak:0.00M | Scene, ViewLayer | Synchronizing object | 15_shoe_display_Crossed lace.436
Fra:1 Mem:289.21M (Peak 289.21M) | Time:00:00.22 | Mem:0.00M, Peak:0.00M | Scene, ViewLayer | Synchronizing object | 15_shoe_display_Crossed lace.437
Fra:1 Mem:289.21M (Peak 289.21M) | Time:00:00.22 | Mem:0.00M, Peak:0.00M | Scene, ViewLayer | Synchronizing object | 15_shoe_display_Crossed lace.438
Fra:1 Mem:289.22M (Peak 289.22M) | Time:00:00.22 | Mem:0.00M, Peak:0.00M | Scene, ViewLayer | Synchronizing object | 15_shoe_display_Crossed lace.439
Fra:1 Mem:289.22M (Peak 289.22M) | Time:00:00.22 | Mem:0.00M, Peak:0.00M | Scene, ViewLayer | Synchronizing object | 15_shoe_display_Upper stitched panel.086
Fra:1 Mem:289.22M (Peak 289.22M) | Time:00:00.22 | Mem:0.00M, Peak:0.00M | Scene, ViewLayer | Synchronizing object | 15_shoe_display_Upper stitched panel.087
Fra:1 Mem:289.23M (Peak 289.23M) | Time:00:00.22 | Mem:0.00M, Peak:0.00M | Scene, ViewLayer | Synchronizing object | 15_shoe_display_Shaped sneaker sole.044
Fra:1 Mem:289.23M (Peak 289.23M) | Time:00:00.22 | Mem:0.00M, Peak:0.00M | Scene, ViewLayer | Synchronizing object | 15_shoe_display_Sculpted sneaker upper.044
Fra:1 Mem:289.24M (Peak 289.24M) | Time:00:00.22 | Mem:0.00M, Peak:0.00M | Scene, ViewLayer | Synchronizing object | 15_shoe_display_Padded ankle collar.044
Fra:1 Mem:289.35M (Peak 289.35M) | Time:00:00.22 | Mem:0.00M, Peak:0.00M | Scene, ViewLayer | Synchronizing object | 15_shoe_display_Dark ankle opening.044
Fra:1 Mem:289.35M (Peak 289.35M) | Time:00:00.22 | Mem:0.00M, Peak:0.00M | Scene, ViewLayer | Synchronizing object | 15_shoe_display_Crossed lace.440
Fra:1 Mem:289.41M (Peak 289.41M) | Time:00:00.22 | Mem:0.00M, Peak:0.00M | Scene, ViewLayer | Synchronizing object | 15_shoe_display_Crossed lace.441
Fra:1 Mem:289.42M (Peak 289.42M) | Time:00:00.22 | Mem:0.00M, Peak:0.00M | Scene, ViewLayer | Synchronizing object | 15_shoe_display_Crossed lace.442
Fra:1 Mem:289.42M (Peak 289.42M) | Time:00:00.22 | Mem:0.00M, Peak:0.00M | Scene, ViewLayer | Synchronizing object | 15_shoe_display_Crossed lace.443
Fra:1 Mem:289.44M (Peak 289.44M) | Time:00:00.22 | Mem:0.00M, Peak:0.00M | Scene, ViewLayer | Synchronizing object | 15_shoe_display_Crossed lace.444
Fra:1 Mem:289.44M (Peak 289.44M) | Time:00:00.22 | Mem:0.00M, Peak:0.00M | Scene, ViewLayer | Synchronizing object | 15_shoe_display_Crossed lace.445
Fra:1 Mem:289.44M (Peak 289.44M) | Time:00:00.22 | Mem:0.00M, Peak:0.00M | Scene, ViewLayer | Synchronizing object | 15_shoe_display_Crossed lace.446
Fra:1 Mem:289.44M (Peak 289.44M) | Time:00:00.22 | Mem:0.00M, Peak:0.00M | Scene, ViewLayer | Synchronizing object | 15_shoe_display_Crossed lace.447
Fra:1 Mem:289.45M (Peak 289.45M) | Time:00:00.22 | Mem:0.00M, Peak:0.00M | Scene, ViewLayer | Synchronizing object | 15_shoe_display_Crossed lace.448
Fra:1 Mem:289.45M (Peak 289.45M) | Time:00:00.22 | Mem:0.00M, Peak:0.00M | Scene, ViewLayer | Synchronizing object | 15_shoe_display_Crossed lace.449
Fra:1 Mem:289.45M (Peak 289.45M) | Time:00:00.22 | Mem:0.00M, Peak:0.00M | Scene, ViewLayer | Synchronizing object | 15_shoe_display_Upper stitched panel.088
Fra:1 Mem:289.46M (Peak 289.46M) | Time:00:00.22 | Mem:0.00M, Peak:0.00M | Scene, ViewLayer | Synchronizing object | 15_shoe_display_Upper stitched panel.089
Fra:1 Mem:289.46M (Peak 289.46M) | Time:00:00.22 | Mem:0.00M, Peak:0.00M | Scene, ViewLayer | Synchronizing object | 15_shoe_display_Shaped sneaker sole.045
Fra:1 Mem:289.46M (Peak 289.46M) | Time:00:00.22 | Mem:0.00M, Peak:0.00M | Scene, ViewLayer | Synchronizing object | 15_shoe_display_Sculpted sneaker upper.045
Fra:1 Mem:289.48M (Peak 289.48M) | Time:00:00.22 | Mem:0.00M, Peak:0.00M | Scene, ViewLayer | Synchronizing object | 15_shoe_display_Padded ankle collar.045
Fra:1 Mem:289.59M (Peak 289.59M) | Time:00:00.22 | Mem:0.00M, Peak:0.00M | Scene, ViewLayer | Synchronizing object | 15_shoe_display_Dark ankle opening.045
Fra:1 Mem:289.60M (Peak 289.60M) | Time:00:00.22 | Mem:0.00M, Peak:0.00M | Scene, ViewLayer | Synchronizing object | 15_shoe_display_Crossed lace.450
Fra:1 Mem:289.66M (Peak 289.66M) | Time:00:00.22 | Mem:0.00M, Peak:0.00M | Scene, ViewLayer | Synchronizing object | 15_shoe_display_Crossed lace.451
Fra:1 Mem:289.66M (Peak 289.66M) | Time:00:00.22 | Mem:0.00M, Peak:0.00M | Scene, ViewLayer | Synchronizing object | 15_shoe_display_Crossed lace.452
Fra:1 Mem:289.67M (Peak 289.67M) | Time:00:00.22 | Mem:0.00M, Peak:0.00M | Scene, ViewLayer | Synchronizing object | 15_shoe_display_Crossed lace.453
Fra:1 Mem:289.67M (Peak 289.67M) | Time:00:00.22 | Mem:0.00M, Peak:0.00M | Scene, ViewLayer | Synchronizing object | 15_shoe_display_Crossed lace.454
Fra:1 Mem:289.67M (Peak 289.67M) | Time:00:00.22 | Mem:0.00M, Peak:0.00M | Scene, ViewLayer | Synchronizing object | 15_shoe_display_Crossed lace.455
Fra:1 Mem:289.68M (Peak 289.68M) | Time:00:00.22 | Mem:0.00M, Peak:0.00M | Scene, ViewLayer | Synchronizing object | 15_shoe_display_Crossed lace.456
Fra:1 Mem:289.68M (Peak 289.68M) | Time:00:00.22 | Mem:0.00M, Peak:0.00M | Scene, ViewLayer | Synchronizing object | 15_shoe_display_Crossed lace.457
Fra:1 Mem:289.68M (Peak 289.68M) | Time:00:00.22 | Mem:0.00M, Peak:0.00M | Scene, ViewLayer | Synchronizing object | 15_shoe_display_Crossed lace.458
Fra:1 Mem:289.68M (Peak 289.68M) | Time:00:00.22 | Mem:0.00M, Peak:0.00M | Scene, ViewLayer | Synchronizing object | 15_shoe_display_Crossed lace.459
Fra:1 Mem:289.69M (Peak 289.69M) | Time:00:00.22 | Mem:0.00M, Peak:0.00M | Scene, ViewLayer | Synchronizing object | 15_shoe_display_Upper stitched panel.090
Fra:1 Mem:289.69M (Peak 289.69M) | Time:00:00.22 | Mem:0.00M, Peak:0.00M | Scene, ViewLayer | Synchronizing object | 15_shoe_display_Upper stitched panel.091
Fra:1 Mem:289.69M (Peak 289.69M) | Time:00:00.22 | Mem:0.00M, Peak:0.00M | Scene, ViewLayer | Synchronizing object | 15_shoe_display_Shaped sneaker sole.046
Fra:1 Mem:289.70M (Peak 289.70M) | Time:00:00.22 | Mem:0.00M, Peak:0.00M | Scene, ViewLayer | Synchronizing object | 15_shoe_display_Sculpted sneaker upper.046
Fra:1 Mem:289.73M (Peak 289.73M) | Time:00:00.22 | Mem:0.00M, Peak:0.00M | Scene, ViewLayer | Synchronizing object | 15_shoe_display_Padded ankle collar.046
Fra:1 Mem:289.82M (Peak 289.82M) | Time:00:00.22 | Mem:0.00M, Peak:0.00M | Scene, ViewLayer | Synchronizing object | 15_shoe_display_Dark ankle opening.046
Fra:1 Mem:289.83M (Peak 289.83M) | Time:00:00.22 | Mem:0.00M, Peak:0.00M | Scene, ViewLayer | Synchronizing object | 15_shoe_display_Crossed lace.460
Fra:1 Mem:289.89M (Peak 289.89M) | Time:00:00.22 | Mem:0.00M, Peak:0.00M | Scene, ViewLayer | Synchronizing object | 15_shoe_display_Crossed lace.461
Fra:1 Mem:289.90M (Peak 289.90M) | Time:00:00.22 | Mem:0.00M, Peak:0.00M | Scene, ViewLayer | Synchronizing object | 15_shoe_display_Crossed lace.462
Fra:1 Mem:289.90M (Peak 289.90M) | Time:00:00.22 | Mem:0.00M, Peak:0.00M | Scene, ViewLayer | Synchronizing object | 15_shoe_display_Crossed lace.463
Fra:1 Mem:289.91M (Peak 289.91M) | Time:00:00.22 | Mem:0.00M, Peak:0.00M | Scene, ViewLayer | Synchronizing object | 15_shoe_display_Crossed lace.464
Fra:1 Mem:289.91M (Peak 289.91M) | Time:00:00.22 | Mem:0.00M, Peak:0.00M | Scene, ViewLayer | Synchronizing object | 15_shoe_display_Crossed lace.465
Fra:1 Mem:289.91M (Peak 289.91M) | Time:00:00.22 | Mem:0.00M, Peak:0.00M | Scene, ViewLayer | Synchronizing object | 15_shoe_display_Crossed lace.466
Fra:1 Mem:289.91M (Peak 289.91M) | Time:00:00.22 | Mem:0.00M, Peak:0.00M | Scene, ViewLayer | Synchronizing object | 15_shoe_display_Crossed lace.467
Fra:1 Mem:289.92M (Peak 289.92M) | Time:00:00.22 | Mem:0.00M, Peak:0.00M | Scene, ViewLayer | Synchronizing object | 15_shoe_display_Crossed lace.468
Fra:1 Mem:289.92M (Peak 289.92M) | Time:00:00.22 | Mem:0.00M, Peak:0.00M | Scene, ViewLayer | Synchronizing object | 15_shoe_display_Crossed lace.469
Fra:1 Mem:289.92M (Peak 289.92M) | Time:00:00.22 | Mem:0.00M, Peak:0.00M | Scene, ViewLayer | Synchronizing object | 15_shoe_display_Upper stitched panel.092
Fra:1 Mem:289.92M (Peak 289.92M) | Time:00:00.22 | Mem:0.00M, Peak:0.00M | Scene, ViewLayer | Synchronizing object | 15_shoe_display_Upper stitched panel.093
Fra:1 Mem:289.93M (Peak 289.93M) | Time:00:00.22 | Mem:0.00M, Peak:0.00M | Scene, ViewLayer | Synchronizing object | 15_shoe_display_Shaped sneaker sole.047
Fra:1 Mem:289.95M (Peak 289.95M) | Time:00:00.22 | Mem:0.00M, Peak:0.00M | Scene, ViewLayer | Synchronizing object | 15_shoe_display_Padded ankle collar.047
Fra:1 Mem:290.06M (Peak 290.06M) | Time:00:00.22 | Mem:0.00M, Peak:0.00M | Scene, ViewLayer | Synchronizing object | 15_shoe_display_Dark ankle opening.047
Fra:1 Mem:290.07M (Peak 290.07M) | Time:00:00.22 | Mem:0.00M, Peak:0.00M | Scene, ViewLayer | Synchronizing object | 15_shoe_display_Crossed lace.470
Fra:1 Mem:290.12M (Peak 290.12M) | Time:00:00.22 | Mem:0.00M, Peak:0.00M | Scene, ViewLayer | Synchronizing object | 15_shoe_display_Crossed lace.471
Fra:1 Mem:290.12M (Peak 290.12M) | Time:00:00.22 | Mem:0.00M, Peak:0.00M | Scene, ViewLayer | Synchronizing object | 15_shoe_display_Crossed lace.472
Fra:1 Mem:290.13M (Peak 290.13M) | Time:00:00.22 | Mem:0.00M, Peak:0.00M | Scene, ViewLayer | Synchronizing object | 15_shoe_display_Crossed lace.473
Fra:1 Mem:290.14M (Peak 290.14M) | Time:00:00.22 | Mem:0.00M, Peak:0.00M | Scene, ViewLayer | Synchronizing object | 15_shoe_display_Crossed lace.474
Fra:1 Mem:290.14M (Peak 290.14M) | Time:00:00.22 | Mem:0.00M, Peak:0.00M | Scene, ViewLayer | Synchronizing object | 15_shoe_display_Crossed lace.475
Fra:1 Mem:290.15M (Peak 290.15M) | Time:00:00.22 | Mem:0.00M, Peak:0.00M | Scene, ViewLayer | Synchronizing object | 15_shoe_display_Crossed lace.476
Fra:1 Mem:290.15M (Peak 290.15M) | Time:00:00.22 | Mem:0.00M, Peak:0.00M | Scene, ViewLayer | Synchronizing object | 15_shoe_display_Crossed lace.477
Fra:1 Mem:290.15M (Peak 290.15M) | Time:00:00.22 | Mem:0.00M, Peak:0.00M | Scene, ViewLayer | Synchronizing object | 15_shoe_display_Crossed lace.478
Fra:1 Mem:290.15M (Peak 290.15M) | Time:00:00.22 | Mem:0.00M, Peak:0.00M | Scene, ViewLayer | Synchronizing object | 15_shoe_display_Crossed lace.479
Fra:1 Mem:290.15M (Peak 290.15M) | Time:00:00.22 | Mem:0.00M, Peak:0.00M | Scene, ViewLayer | Synchronizing object | 15_shoe_display_Upper stitched panel.094
Fra:1 Mem:290.16M (Peak 290.16M) | Time:00:00.22 | Mem:0.00M, Peak:0.00M | Scene, ViewLayer | Synchronizing object | 15_shoe_display_Upper stitched panel.095
Fra:1 Mem:290.16M (Peak 290.16M) | Time:00:00.22 | Mem:0.00M, Peak:0.00M | Scene, ViewLayer | Synchronizing object | 15_shoe_display_Shaped sneaker sole.048
Fra:1 Mem:290.17M (Peak 290.17M) | Time:00:00.22 | Mem:0.00M, Peak:0.00M | Scene, ViewLayer | Synchronizing object | 15_shoe_display_Padded ankle collar.048
Fra:1 Mem:290.29M (Peak 290.29M) | Time:00:00.22 | Mem:0.00M, Peak:0.00M | Scene, ViewLayer | Synchronizing object | 15_shoe_display_Dark ankle opening.048
Fra:1 Mem:290.33M (Peak 290.33M) | Time:00:00.22 | Mem:0.00M, Peak:0.00M | Scene, ViewLayer | Synchronizing object | 15_shoe_display_Crossed lace.480
Fra:1 Mem:290.36M (Peak 290.36M) | Time:00:00.22 | Mem:0.00M, Peak:0.00M | Scene, ViewLayer | Synchronizing object | 15_shoe_display_Crossed lace.481
Fra:1 Mem:290.37M (Peak 290.37M) | Time:00:00.22 | Mem:0.00M, Peak:0.00M | Scene, ViewLayer | Synchronizing object | 15_shoe_display_Crossed lace.482
Fra:1 Mem:290.37M (Peak 290.37M) | Time:00:00.22 | Mem:0.00M, Peak:0.00M | Scene, ViewLayer | Synchronizing object | 15_shoe_display_Crossed lace.483
Fra:1 Mem:290.37M (Peak 290.37M) | Time:00:00.22 | Mem:0.00M, Peak:0.00M | Scene, ViewLayer | Synchronizing object | 15_shoe_display_Crossed lace.484
Fra:1 Mem:290.38M (Peak 290.38M) | Time:00:00.22 | Mem:0.00M, Peak:0.00M | Scene, ViewLayer | Synchronizing object | 15_shoe_display_Crossed lace.485
Fra:1 Mem:290.38M (Peak 290.38M) | Time:00:00.22 | Mem:0.00M, Peak:0.00M | Scene, ViewLayer | Synchronizing object | 15_shoe_display_Crossed lace.486
Fra:1 Mem:290.38M (Peak 290.38M) | Time:00:00.22 | Mem:0.00M, Peak:0.00M | Scene, ViewLayer | Synchronizing object | 15_shoe_display_Crossed lace.487
Fra:1 Mem:290.38M (Peak 290.38M) | Time:00:00.22 | Mem:0.00M, Peak:0.00M | Scene, ViewLayer | Synchronizing object | 15_shoe_display_Crossed lace.488
Fra:1 Mem:290.39M (Peak 290.39M) | Time:00:00.22 | Mem:0.00M, Peak:0.00M | Scene, ViewLayer | Synchronizing object | 15_shoe_display_Crossed lace.489
Fra:1 Mem:290.39M (Peak 290.39M) | Time:00:00.22 | Mem:0.00M, Peak:0.00M | Scene, ViewLayer | Synchronizing object | 15_shoe_display_Upper stitched panel.096
Fra:1 Mem:290.39M (Peak 290.39M) | Time:00:00.22 | Mem:0.00M, Peak:0.00M | Scene, ViewLayer | Synchronizing object | 15_shoe_display_Upper stitched panel.097
Fra:1 Mem:290.40M (Peak 290.40M) | Time:00:00.22 | Mem:0.00M, Peak:0.00M | Scene, ViewLayer | Synchronizing object | 15_shoe_display_Shaped sneaker sole.049
Fra:1 Mem:290.40M (Peak 290.40M) | Time:00:00.22 | Mem:0.00M, Peak:0.00M | Scene, ViewLayer | Synchronizing object | 15_shoe_display_Sculpted sneaker upper.049
Fra:1 Mem:290.43M (Peak 290.43M) | Time:00:00.22 | Mem:0.00M, Peak:0.00M | Scene, ViewLayer | Synchronizing object | 15_shoe_display_Padded ankle collar.049
Fra:1 Mem:290.53M (Peak 290.53M) | Time:00:00.22 | Mem:0.00M, Peak:0.00M | Scene, ViewLayer | Synchronizing object | 15_shoe_display_Dark ankle opening.049
Fra:1 Mem:290.56M (Peak 290.56M) | Time:00:00.22 | Mem:0.00M, Peak:0.00M | Scene, ViewLayer | Synchronizing object | 15_shoe_display_Crossed lace.490
Fra:1 Mem:290.59M (Peak 290.59M) | Time:00:00.22 | Mem:0.00M, Peak:0.00M | Scene, ViewLayer | Synchronizing object | 15_shoe_display_Crossed lace.491
Fra:1 Mem:290.60M (Peak 290.60M) | Time:00:00.22 | Mem:0.00M, Peak:0.00M | Scene, ViewLayer | Synchronizing object | 15_shoe_display_Crossed lace.492
Fra:1 Mem:290.61M (Peak 290.61M) | Time:00:00.22 | Mem:0.00M, Peak:0.00M | Scene, ViewLayer | Synchronizing object | 15_shoe_display_Crossed lace.493
Fra:1 Mem:290.61M (Peak 290.61M) | Time:00:00.22 | Mem:0.00M, Peak:0.00M | Scene, ViewLayer | Synchronizing object | 15_shoe_display_Crossed lace.494
Fra:1 Mem:290.61M (Peak 290.61M) | Time:00:00.22 | Mem:0.00M, Peak:0.00M | Scene, ViewLayer | Synchronizing object | 15_shoe_display_Crossed lace.495
Fra:1 Mem:290.61M (Peak 290.61M) | Time:00:00.22 | Mem:0.00M, Peak:0.00M | Scene, ViewLayer | Synchronizing object | 15_shoe_display_Crossed lace.496
Fra:1 Mem:290.62M (Peak 290.62M) | Time:00:00.22 | Mem:0.00M, Peak:0.00M | Scene, ViewLayer | Synchronizing object | 15_shoe_display_Crossed lace.497
Fra:1 Mem:290.62M (Peak 290.62M) | Time:00:00.22 | Mem:0.00M, Peak:0.00M | Scene, ViewLayer | Synchronizing object | 15_shoe_display_Crossed lace.498
Fra:1 Mem:290.62M (Peak 290.62M) | Time:00:00.22 | Mem:0.00M, Peak:0.00M | Scene, ViewLayer | Synchronizing object | 15_shoe_display_Crossed lace.499
Fra:1 Mem:290.62M (Peak 290.62M) | Time:00:00.22 | Mem:0.00M, Peak:0.00M | Scene, ViewLayer | Synchronizing object | 15_shoe_display_Upper stitched panel.098
Fra:1 Mem:290.63M (Peak 290.63M) | Time:00:00.22 | Mem:0.00M, Peak:0.00M | Scene, ViewLayer | Synchronizing object | 15_shoe_display_Upper stitched panel.099
Fra:1 Mem:290.63M (Peak 290.63M) | Time:00:00.22 | Mem:0.00M, Peak:0.00M | Scene, ViewLayer | Synchronizing object | 15_shoe_display_Display shelf.005
Fra:1 Mem:290.63M (Peak 290.63M) | Time:00:00.22 | Mem:0.00M, Peak:0.00M | Scene, ViewLayer | Synchronizing object | shoe_display_label
Fra:1 Mem:290.80M (Peak 290.80M) | Time:00:00.22 | Mem:0.00M, Peak:0.00M | Scene, ViewLayer | Synchronizing object | 16_car_Continuous sculpted hood fenders rear deck
Fra:1 Mem:290.77M (Peak 290.80M) | Time:00:00.22 | Mem:0.00M, Peak:0.00M | Scene, ViewLayer | Synchronizing object | 16_car_Sculpted side with open wheel arches
Fra:1 Mem:290.90M (Peak 290.90M) | Time:00:00.22 | Mem:0.00M, Peak:0.00M | Scene, ViewLayer | Synchronizing object | 16_car_Wheel arch rolled lip
Fra:1 Mem:291.03M (Peak 291.03M) | Time:00:00.22 | Mem:0.00M, Peak:0.00M | Scene, ViewLayer | Synchronizing object | 16_car_Wheel arch rolled lip.001
Fra:1 Mem:291.14M (Peak 291.14M) | Time:00:00.22 | Mem:0.00M, Peak:0.00M | Scene, ViewLayer | Synchronizing object | 16_car_Rocker sill
Fra:1 Mem:291.14M (Peak 291.14M) | Time:00:00.22 | Mem:0.00M, Peak:0.00M | Scene, ViewLayer | Synchronizing object | 16_car_Sculpted side with open wheel arches.001
Fra:1 Mem:291.19M (Peak 291.19M) | Time:00:00.22 | Mem:0.00M, Peak:0.00M | Scene, ViewLayer | Synchronizing object | 16_car_Wheel arch rolled lip.002
Fra:1 Mem:291.26M (Peak 291.26M) | Time:00:00.22 | Mem:0.00M, Peak:0.00M | Scene, ViewLayer | Synchronizing object | 16_car_Wheel arch rolled lip.003
Fra:1 Mem:291.33M (Peak 291.33M) | Time:00:00.22 | Mem:0.00M, Peak:0.00M | Scene, ViewLayer | Synchronizing object | 16_car_Rocker sill.001
Fra:1 Mem:291.33M (Peak 291.33M) | Time:00:00.22 | Mem:0.00M, Peak:0.00M | Scene, ViewLayer | Synchronizing object | 16_car_Curved end fascia.001
Fra:1 Mem:291.36M (Peak 291.36M) | Time:00:00.22 | Mem:0.00M, Peak:0.00M | Scene, ViewLayer | Synchronizing object | 16_car_Formed roof
Fra:1 Mem:291.36M (Peak 291.36M) | Time:00:00.22 | Mem:0.00M, Peak:0.00M | Scene, ViewLayer | Synchronizing object | 16_car_Rear window
Fra:1 Mem:291.37M (Peak 291.37M) | Time:00:00.22 | Mem:0.00M, Peak:0.00M | Scene, ViewLayer | Synchronizing object | 16_car_Window perimeter
Fra:1 Mem:291.37M (Peak 291.37M) | Time:00:00.22 | Mem:0.00M, Peak:0.00M | Scene, ViewLayer | Synchronizing object | 16_car_B pillar
Fra:1 Mem:291.38M (Peak 291.38M) | Time:00:00.22 | Mem:0.00M, Peak:0.00M | Scene, ViewLayer | Synchronizing object | 16_car_Door shut line
Fra:1 Mem:291.40M (Peak 291.40M) | Time:00:00.22 | Mem:0.00M, Peak:0.00M | Scene, ViewLayer | Synchronizing object | 16_car_Door handle
Fra:1 Mem:291.41M (Peak 291.41M) | Time:00:00.22 | Mem:0.00M, Peak:0.00M | Scene, ViewLayer | Synchronizing object | 16_car_Sculpted door mirror
Fra:1 Mem:291.41M (Peak 291.41M) | Time:00:00.22 | Mem:0.00M, Peak:0.00M | Scene, ViewLayer | Synchronizing object | 16_car_Rounded tire
Fra:1 Mem:291.73M (Peak 291.73M) | Time:00:00.22 | Mem:0.00M, Peak:0.00M | Scene, ViewLayer | Synchronizing object | 16_car_Tire barrel
Fra:1 Mem:291.70M (Peak 291.73M) | Time:00:00.22 | Mem:0.00M, Peak:0.00M | Scene, ViewLayer | Synchronizing object | 16_car_Polished rim
Fra:1 Mem:291.85M (Peak 291.85M) | Time:00:00.22 | Mem:0.00M, Peak:0.00M | Scene, ViewLayer | Synchronizing object | 16_car_Brake disc
Fra:1 Mem:291.89M (Peak 291.89M) | Time:00:00.22 | Mem:0.00M, Peak:0.00M | Scene, ViewLayer | Synchronizing object | 16_car_Wire spoke
Fra:1 Mem:291.89M (Peak 291.89M) | Time:00:00.22 | Mem:0.00M, Peak:0.00M | Scene, ViewLayer | Synchronizing object | 16_car_Wire spoke.001
Fra:1 Mem:291.86M (Peak 291.89M) | Time:00:00.22 | Mem:0.00M, Peak:0.00M | Scene, ViewLayer | Synchronizing object | 16_car_Wire spoke.002
Fra:1 Mem:291.90M (Peak 291.90M) | Time:00:00.22 | Mem:0.00M, Peak:0.00M | Scene, ViewLayer | Synchronizing object | 16_car_Wire spoke.003
Fra:1 Mem:291.92M (Peak 291.92M) | Time:00:00.22 | Mem:0.00M, Peak:0.00M | Scene, ViewLayer | Synchronizing object | 16_car_Wire spoke.004
Fra:1 Mem:291.96M (Peak 291.96M) | Time:00:00.22 | Mem:0.00M, Peak:0.00M | Scene, ViewLayer | Synchronizing object | 16_car_Wire spoke.005
Fra:1 Mem:292.01M (Peak 292.01M) | Time:00:00.22 | Mem:0.00M, Peak:0.00M | Scene, ViewLayer | Synchronizing object | 16_car_Wire spoke.006
Fra:1 Mem:292.08M (Peak 292.09M) | Time:00:00.22 | Mem:0.00M, Peak:0.00M | Scene, ViewLayer | Synchronizing object | 16_car_Wire spoke.007
Fra:1 Mem:292.10M (Peak 292.10M) | Time:00:00.22 | Mem:0.00M, Peak:0.00M | Scene, ViewLayer | Synchronizing object | 16_car_Wire spoke.008
Fra:1 Mem:292.12M (Peak 292.12M) | Time:00:00.22 | Mem:0.00M, Peak:0.00M | Scene, ViewLayer | Synchronizing object | 16_car_Wire spoke.009
Fra:1 Mem:292.14M (Peak 292.14M) | Time:00:00.22 | Mem:0.00M, Peak:0.00M | Scene, ViewLayer | Synchronizing object | 16_car_Wire spoke.012
Fra:1 Mem:292.11M (Peak 292.14M) | Time:00:00.22 | Mem:0.00M, Peak:0.00M | Scene, ViewLayer | Synchronizing object | 16_car_Wire spoke.014
Fra:1 Mem:292.10M (Peak 292.14M) | Time:00:00.22 | Mem:0.00M, Peak:0.00M | Scene, ViewLayer | Synchronizing object | 16_car_Wire spoke.015
Fra:1 Mem:292.14M (Peak 292.14M) | Time:00:00.22 | Mem:0.00M, Peak:0.00M | Scene, ViewLayer | Synchronizing object | 16_car_Wire spoke.016
Fra:1 Mem:292.26M (Peak 292.26M) | Time:00:00.22 | Mem:0.00M, Peak:0.00M | Scene, ViewLayer | Synchronizing object | 16_car_Wire spoke.017
Fra:1 Mem:292.29M (Peak 292.29M) | Time:00:00.22 | Mem:0.00M, Peak:0.00M | Scene, ViewLayer | Synchronizing object | 16_car_Wire spoke.018
Fra:1 Mem:292.26M (Peak 292.29M) | Time:00:00.22 | Mem:0.00M, Peak:0.00M | Scene, ViewLayer | Synchronizing object | 16_car_Wire spoke.019
Fra:1 Mem:292.30M (Peak 292.30M) | Time:00:00.22 | Mem:0.00M, Peak:0.00M | Scene, ViewLayer | Synchronizing object | 16_car_Wire spoke.021
Fra:1 Mem:292.28M (Peak 292.30M) | Time:00:00.22 | Mem:0.00M, Peak:0.00M | Scene, ViewLayer | Synchronizing object | 16_car_Wire spoke.022
Fra:1 Mem:292.32M (Peak 292.32M) | Time:00:00.22 | Mem:0.00M, Peak:0.00M | Scene, ViewLayer | Synchronizing object | 16_car_Wire spoke.024
Fra:1 Mem:292.31M (Peak 292.32M) | Time:00:00.22 | Mem:0.00M, Peak:0.00M | Scene, ViewLayer | Synchronizing object | 16_car_Rounded tire.001
Fra:1 Mem:292.29M (Peak 292.32M) | Time:00:00.22 | Mem:0.00M, Peak:0.00M | Scene, ViewLayer | Synchronizing object | 16_car_Wire spoke.025
Fra:1 Mem:292.45M (Peak 292.45M) | Time:00:00.22 | Mem:0.00M, Peak:0.00M | Scene, ViewLayer | Synchronizing object | 16_car_Wire spoke.026
Fra:1 Mem:292.47M (Peak 292.47M) | Time:00:00.22 | Mem:0.00M, Peak:0.00M | Scene, ViewLayer | Synchronizing object | 16_car_Wire spoke.027
Fra:1 Mem:292.55M (Peak 292.55M) | Time:00:00.22 | Mem:0.00M, Peak:0.00M | Scene, ViewLayer | Synchronizing object | 16_car_Brake caliper
Fra:1 Mem:292.53M (Peak 292.55M) | Time:00:00.22 | Mem:0.00M, Peak:0.00M | Scene, ViewLayer | Synchronizing object | 16_car_Lug bolt
Fra:1 Mem:292.53M (Peak 292.55M) | Time:00:00.22 | Mem:0.00M, Peak:0.00M | Scene, ViewLayer | Synchronizing object | 16_car_Lug bolt.001
Fra:1 Mem:292.54M (Peak 292.55M) | Time:00:00.22 | Mem:0.00M, Peak:0.00M | Scene, ViewLayer | Synchronizing object | 16_car_Lug bolt.003
Fra:1 Mem:292.56M (Peak 292.56M) | Time:00:00.22 | Mem:0.00M, Peak:0.00M | Scene, ViewLayer | Synchronizing object | 16_car_Lug bolt.004
Fra:1 Mem:292.59M (Peak 292.59M) | Time:00:00.22 | Mem:0.00M, Peak:0.00M | Scene, ViewLayer | Synchronizing object | 16_car_Tire barrel.001
Fra:1 Mem:292.81M (Peak 292.81M) | Time:00:00.22 | Mem:0.00M, Peak:0.00M | Scene, ViewLayer | Synchronizing object | 16_car_Brake disc.001
Fra:1 Mem:292.80M (Peak 292.81M) | Time:00:00.22 | Mem:0.00M, Peak:0.00M | Scene, ViewLayer | Synchronizing object | 16_car_Wheel hub.001
Fra:1 Mem:292.80M (Peak 292.81M) | Time:00:00.22 | Mem:0.00M, Peak:0.00M | Scene, ViewLayer | Synchronizing object | 16_car_Wire spoke.028
Fra:1 Mem:292.82M (Peak 292.82M) | Time:00:00.22 | Mem:0.00M, Peak:0.00M | Scene, ViewLayer | Synchronizing object | 16_car_Wire spoke.029
Fra:1 Mem:292.89M (Peak 292.89M) | Time:00:00.22 | Mem:0.00M, Peak:0.00M | Scene, ViewLayer | Synchronizing object | 16_car_Wire spoke.031
Fra:1 Mem:292.97M (Peak 292.97M) | Time:00:00.22 | Mem:0.00M, Peak:0.00M | Scene, ViewLayer | Synchronizing object | 16_car_Wire spoke.032
Fra:1 Mem:292.92M (Peak 292.97M) | Time:00:00.22 | Mem:0.00M, Peak:0.00M | Scene, ViewLayer | Synchronizing object | 16_car_Wire spoke.033
Fra:1 Mem:292.97M (Peak 292.97M) | Time:00:00.22 | Mem:0.00M, Peak:0.00M | Scene, ViewLayer | Synchronizing object | 16_car_Wire spoke.034
Fra:1 Mem:292.99M (Peak 292.99M) | Time:00:00.22 | Mem:0.00M, Peak:0.00M | Scene, ViewLayer | Synchronizing object | 16_car_Wire spoke.035
Fra:1 Mem:293.07M (Peak 293.07M) | Time:00:00.22 | Mem:0.00M, Peak:0.00M | Scene, ViewLayer | Synchronizing object | 16_car_Wire spoke.036
Fra:1 Mem:292.99M (Peak 293.07M) | Time:00:00.22 | Mem:0.00M, Peak:0.00M | Scene, ViewLayer | Synchronizing object | 16_car_Wire spoke.037
Fra:1 Mem:293.00M (Peak 293.07M) | Time:00:00.22 | Mem:0.00M, Peak:0.00M | Scene, ViewLayer | Synchronizing object | 16_car_Wire spoke.041
Fra:1 Mem:293.00M (Peak 293.07M) | Time:00:00.22 | Mem:0.00M, Peak:0.00M | Scene, ViewLayer | Synchronizing object | 16_car_Wire spoke.043
Fra:1 Mem:293.07M (Peak 293.07M) | Time:00:00.22 | Mem:0.00M, Peak:0.00M | Scene, ViewLayer | Synchronizing object | 16_car_Wire spoke.044
Fra:1 Mem:293.05M (Peak 293.07M) | Time:00:00.22 | Mem:0.00M, Peak:0.00M | Scene, ViewLayer | Synchronizing object | 16_car_Window perimeter.001
Fra:1 Mem:293.08M (Peak 293.08M) | Time:00:00.22 | Mem:0.00M, Peak:0.00M | Scene, ViewLayer | Synchronizing object | 16_car_Wire spoke.046
Fra:1 Mem:293.09M (Peak 293.09M) | Time:00:00.22 | Mem:0.00M, Peak:0.00M | Scene, ViewLayer | Synchronizing object | 16_car_Wire spoke.047
Fra:1 Mem:293.11M (Peak 293.11M) | Time:00:00.22 | Mem:0.00M, Peak:0.00M | Scene, ViewLayer | Synchronizing object | 16_car_Door shut line.001
Fra:1 Mem:293.11M (Peak 293.11M) | Time:00:00.22 | Mem:0.00M, Peak:0.00M | Scene, ViewLayer | Synchronizing object | 16_car_Wire spoke.048
Fra:1 Mem:293.13M (Peak 293.13M) | Time:00:00.22 | Mem:0.00M, Peak:0.00M | Scene, ViewLayer | Synchronizing object | 16_car_Wire spoke.049
Fra:1 Mem:293.16M (Peak 293.16M) | Time:00:00.22 | Mem:0.00M, Peak:0.00M | Scene, ViewLayer | Synchronizing object | 16_car_Wire spoke.050
Fra:1 Mem:293.22M (Peak 293.22M) | Time:00:00.22 | Mem:0.00M, Peak:0.00M | Scene, ViewLayer | Synchronizing object | 16_car_Rounded tire.002
Fra:1 Mem:293.22M (Peak 293.22M) | Time:00:00.22 | Mem:0.00M, Peak:0.00M | Scene, ViewLayer | Synchronizing object | 16_car_Wire spoke.052
Fra:1 Mem:293.30M (Peak 293.30M) | Time:00:00.22 | Mem:0.00M, Peak:0.00M | Scene, ViewLayer | Synchronizing object | 16_car_Wire spoke.053
Fra:1 Mem:293.30M (Peak 293.30M) | Time:00:00.22 | Mem:0.00M, Peak:0.00M | Scene, ViewLayer | Synchronizing object | 16_car_Wire spoke.054
Fra:1 Mem:293.43M (Peak 293.43M) | Time:00:00.22 | Mem:0.00M, Peak:0.00M | Scene, ViewLayer | Synchronizing object | 16_car_Lug bolt.005
Fra:1 Mem:293.41M (Peak 293.43M) | Time:00:00.22 | Mem:0.00M, Peak:0.00M | Scene, ViewLayer | Synchronizing object | 16_car_Lug bolt.006
Fra:1 Mem:293.43M (Peak 293.43M) | Time:00:00.22 | Mem:0.00M, Peak:0.00M | Scene, ViewLayer | Synchronizing object | 16_car_Lug bolt.008
Fra:1 Mem:293.50M (Peak 293.50M) | Time:00:00.22 | Mem:0.00M, Peak:0.00M | Scene, ViewLayer | Synchronizing object | 16_car_Lug bolt.009
Fra:1 Mem:293.54M (Peak 293.54M) | Time:00:00.22 | Mem:0.00M, Peak:0.00M | Scene, ViewLayer | Synchronizing object | 16_car_Side window glazing.001
Fra:1 Mem:293.56M (Peak 293.56M) | Time:00:00.22 | Mem:0.00M, Peak:0.00M | Scene, ViewLayer | Synchronizing object | 16_car_B pillar.001
Fra:1 Mem:293.57M (Peak 293.57M) | Time:00:00.22 | Mem:0.00M, Peak:0.00M | Scene, ViewLayer | Synchronizing object | 16_car_Door handle.001
Fra:1 Mem:293.57M (Peak 293.57M) | Time:00:00.22 | Mem:0.00M, Peak:0.00M | Scene, ViewLayer | Synchronizing object | 16_car_Mirror stalk.001
Fra:1 Mem:293.62M (Peak 293.62M) | Time:00:00.22 | Mem:0.00M, Peak:0.00M | Scene, ViewLayer | Synchronizing object | 16_car_Sculpted door mirror.001
Fra:1 Mem:293.74M (Peak 293.74M) | Time:00:00.22 | Mem:0.00M, Peak:0.00M | Scene, ViewLayer | Synchronizing object | 16_car_Mirror glass.001
Fra:1 Mem:293.72M (Peak 293.74M) | Time:00:00.22 | Mem:0.00M, Peak:0.00M | Scene, ViewLayer | Synchronizing object | 16_car_Tire barrel.002
Fra:1 Mem:293.76M (Peak 293.76M) | Time:00:00.22 | Mem:0.00M, Peak:0.00M | Scene, ViewLayer | Synchronizing object | 16_car_Wheel hub.002
Fra:1 Mem:293.78M (Peak 293.78M) | Time:00:00.22 | Mem:0.00M, Peak:0.00M | Scene, ViewLayer | Synchronizing object | 16_car_Rounded tire.003
Fra:1 Mem:293.85M (Peak 293.85M) | Time:00:00.22 | Mem:0.00M, Peak:0.00M | Scene, ViewLayer | Synchronizing object | 16_car_Wire spoke.057
Fra:1 Mem:294.03M (Peak 294.03M) | Time:00:00.22 | Mem:0.00M, Peak:0.00M | Scene, ViewLayer | Synchronizing object | 16_car_Wire spoke.058
Fra:1 Mem:294.12M (Peak 294.12M) | Time:00:00.22 | Mem:0.00M, Peak:0.00M | Scene, ViewLayer | Synchronizing object | 16_car_Polished rim.003
Fra:1 Mem:294.14M (Peak 294.14M) | Time:00:00.22 | Mem:0.00M, Peak:0.00M | Scene, ViewLayer | Synchronizing object | 16_car_Wire spoke.060
Fra:1 Mem:294.16M (Peak 294.16M) | Time:00:00.22 | Mem:0.00M, Peak:0.00M | Scene, ViewLayer | Synchronizing object | 16_car_Wire spoke.061
Fra:1 Mem:294.27M (Peak 294.27M) | Time:00:00.22 | Mem:0.00M, Peak:0.00M | Scene, ViewLayer | Synchronizing object | 16_car_Wire spoke.062
Fra:1 Mem:294.24M (Peak 294.27M) | Time:00:00.22 | Mem:0.00M, Peak:0.00M | Scene, ViewLayer | Synchronizing object | 16_car_Wire spoke.064
Fra:1 Mem:294.23M (Peak 294.27M) | Time:00:00.22 | Mem:0.00M, Peak:0.00M | Scene, ViewLayer | Synchronizing object | 16_car_Wire spoke.065
Fra:1 Mem:294.28M (Peak 294.28M) | Time:00:00.22 | Mem:0.00M, Peak:0.00M | Scene, ViewLayer | Synchronizing object | 16_car_Wire spoke.067
Fra:1 Mem:294.30M (Peak 294.30M) | Time:00:00.22 | Mem:0.00M, Peak:0.00M | Scene, ViewLayer | Synchronizing object | 16_car_Wire spoke.068
Fra:1 Mem:294.31M (Peak 294.31M) | Time:00:00.22 | Mem:0.00M, Peak:0.00M | Scene, ViewLayer | Synchronizing object | 16_car_Wire spoke.069
Fra:1 Mem:294.31M (Peak 294.31M) | Time:00:00.22 | Mem:0.00M, Peak:0.00M | Scene, ViewLayer | Synchronizing object | 16_car_Wire spoke.070
Fra:1 Mem:294.37M (Peak 294.37M) | Time:00:00.22 | Mem:0.00M, Peak:0.00M | Scene, ViewLayer | Synchronizing object | 16_car_Wire spoke.072
Fra:1 Mem:294.38M (Peak 294.38M) | Time:00:00.22 | Mem:0.00M, Peak:0.00M | Scene, ViewLayer | Synchronizing object | 16_car_Wire spoke.073
Fra:1 Mem:294.42M (Peak 294.42M) | Time:00:00.22 | Mem:0.00M, Peak:0.00M | Scene, ViewLayer | Synchronizing object | 16_car_Wire spoke.074
Fra:1 Mem:294.42M (Peak 294.42M) | Time:00:00.22 | Mem:0.00M, Peak:0.00M | Scene, ViewLayer | Synchronizing object | 16_car_Wire spoke.076
Fra:1 Mem:294.42M (Peak 294.42M) | Time:00:00.22 | Mem:0.00M, Peak:0.00M | Scene, ViewLayer | Synchronizing object | 16_car_Wire spoke.077
Fra:1 Mem:294.48M (Peak 294.48M) | Time:00:00.22 | Mem:0.00M, Peak:0.00M | Scene, ViewLayer | Synchronizing object | 16_car_Wire spoke.078
Fra:1 Mem:294.51M (Peak 294.51M) | Time:00:00.22 | Mem:0.00M, Peak:0.00M | Scene, ViewLayer | Synchronizing object | 16_car_Wire spoke.079
Fra:1 Mem:294.54M (Peak 294.54M) | Time:00:00.22 | Mem:0.00M, Peak:0.00M | Scene, ViewLayer | Synchronizing object | 16_car_Wire spoke.080
Fra:1 Mem:294.55M (Peak 294.55M) | Time:00:00.22 | Mem:0.00M, Peak:0.00M | Scene, ViewLayer | Synchronizing object | 16_car_Wire spoke.081
Fra:1 Mem:294.56M (Peak 294.56M) | Time:00:00.22 | Mem:0.00M, Peak:0.00M | Scene, ViewLayer | Synchronizing object | 16_car_Wire spoke.082
Fra:1 Mem:294.61M (Peak 294.61M) | Time:00:00.22 | Mem:0.00M, Peak:0.00M | Scene, ViewLayer | Synchronizing object | 16_car_Wire spoke.083
Fra:1 Mem:294.64M (Peak 294.64M) | Time:00:00.22 | Mem:0.00M, Peak:0.00M | Scene, ViewLayer | Synchronizing object | 16_car_Brake caliper.002
Fra:1 Mem:294.61M (Peak 294.64M) | Time:00:00.22 | Mem:0.00M, Peak:0.00M | Scene, ViewLayer | Synchronizing object | 16_car_Lug bolt.011
Fra:1 Mem:294.60M (Peak 294.64M) | Time:00:00.22 | Mem:0.00M, Peak:0.00M | Scene, ViewLayer | Synchronizing object | 16_car_Lug bolt.013
Fra:1 Mem:294.74M (Peak 294.74M) | Time:00:00.22 | Mem:0.00M, Peak:0.00M | Scene, ViewLayer | Synchronizing object | 16_car_Tire barrel.003
Fra:1 Mem:294.72M (Peak 294.74M) | Time:00:00.22 | Mem:0.00M, Peak:0.00M | Scene, ViewLayer | Synchronizing object | 16_car_Brake disc.003
Fra:1 Mem:294.79M (Peak 294.79M) | Time:00:00.22 | Mem:0.00M, Peak:0.00M | Scene, ViewLayer | Synchronizing object | 16_car_Steering wheel
Fra:1 Mem:294.84M (Peak 294.84M) | Time:00:00.22 | Mem:0.00M, Peak:0.00M | Scene, ViewLayer | Synchronizing object | 16_car_Wire spoke.084
Fra:1 Mem:294.90M (Peak 294.90M) | Time:00:00.22 | Mem:0.00M, Peak:0.00M | Scene, ViewLayer | Synchronizing object | 16_car_Wire spoke.085
Fra:1 Mem:294.99M (Peak 294.99M) | Time:00:00.22 | Mem:0.00M, Peak:0.00M | Scene, ViewLayer | Synchronizing object | 16_car_Wire spoke.086
Fra:1 Mem:294.99M (Peak 294.99M) | Time:00:00.22 | Mem:0.00M, Peak:0.00M | Scene, ViewLayer | Synchronizing object | 16_car_Wire spoke.087
Fra:1 Mem:295.06M (Peak 295.06M) | Time:00:00.22 | Mem:0.00M, Peak:0.00M | Scene, ViewLayer | Synchronizing object | 16_car_Wire spoke.088
Fra:1 Mem:295.04M (Peak 295.06M) | Time:00:00.22 | Mem:0.00M, Peak:0.00M | Scene, ViewLayer | Synchronizing object | 16_car_Wire spoke.089
Fra:1 Mem:295.09M (Peak 295.09M) | Time:00:00.22 | Mem:0.00M, Peak:0.00M | Scene, ViewLayer | Synchronizing object | car_label.001
Fra:1 Mem:295.07M (Peak 295.09M) | Time:00:00.22 | Mem:0.00M, Peak:0.00M | Scene, ViewLayer | Synchronizing object | 16_car_Wire spoke.090
Fra:1 Mem:295.12M (Peak 295.12M) | Time:00:00.22 | Mem:0.00M, Peak:0.00M | Scene, ViewLayer | Synchronizing object | 16_car_Wire spoke.092
Fra:1 Mem:295.19M (Peak 295.20M) | Time:00:00.22 | Mem:0.00M, Peak:0.00M | Scene, ViewLayer | Synchronizing object | 16_car_Wire spoke.093
Fra:1 Mem:295.19M (Peak 295.20M) | Time:00:00.22 | Mem:0.00M, Peak:0.00M | Scene, ViewLayer | Synchronizing object | 16_car_Wire spoke.095
Fra:1 Mem:295.23M (Peak 295.23M) | Time:00:00.22 | Mem:0.00M, Peak:0.00M | Scene, ViewLayer | Synchronizing object | 16_car_Wire spoke.096
Fra:1 Mem:295.23M (Peak 295.23M) | Time:00:00.22 | Mem:0.00M, Peak:0.00M | Scene, ViewLayer | Synchronizing object | 16_car_Wire spoke.097
Fra:1 Mem:295.28M (Peak 295.28M) | Time:00:00.22 | Mem:0.00M, Peak:0.00M | Scene, ViewLayer | Synchronizing object | 16_car_Wire spoke.098
Fra:1 Mem:295.29M (Peak 295.29M) | Time:00:00.22 | Mem:0.00M, Peak:0.00M | Scene, ViewLayer | Synchronizing object | 16_car_Wire spoke.099
Fra:1 Mem:295.27M (Peak 295.29M) | Time:00:00.22 | Mem:0.00M, Peak:0.00M | Scene, ViewLayer | Synchronizing object | 16_car_Wire spoke.100
Fra:1 Mem:295.34M (Peak 295.34M) | Time:00:00.22 | Mem:0.00M, Peak:0.00M | Scene, ViewLayer | Synchronizing object | 16_car_Wire spoke.101
Fra:1 Mem:295.35M (Peak 295.35M) | Time:00:00.22 | Mem:0.00M, Peak:0.00M | Scene, ViewLayer | Synchronizing object | 16_car_Wire spoke.102
Fra:1 Mem:295.39M (Peak 295.39M) | Time:00:00.22 | Mem:0.00M, Peak:0.00M | Scene, ViewLayer | Synchronizing object | 16_car_Wire spoke.103
Fra:1 Mem:295.39M (Peak 295.39M) | Time:00:00.22 | Mem:0.00M, Peak:0.00M | Scene, ViewLayer | Synchronizing object | 16_car_Wire spoke.104
Fra:1 Mem:295.44M (Peak 295.44M) | Time:00:00.22 | Mem:0.00M, Peak:0.00M | Scene, ViewLayer | Synchronizing object | 16_car_Wire spoke.105
Fra:1 Mem:295.46M (Peak 295.46M) | Time:00:00.22 | Mem:0.00M, Peak:0.00M | Scene, ViewLayer | Synchronizing object | 16_car_Wire spoke.106
Fra:1 Mem:295.48M (Peak 295.48M) | Time:00:00.22 | Mem:0.00M, Peak:0.00M | Scene, ViewLayer | Synchronizing object | 16_car_Wire spoke.107
Fra:1 Mem:295.47M (Peak 295.48M) | Time:00:00.22 | Mem:0.00M, Peak:0.00M | Scene, ViewLayer | Synchronizing object | 16_car_Wire spoke.109
Fra:1 Mem:295.47M (Peak 295.48M) | Time:00:00.22 | Mem:0.00M, Peak:0.00M | Scene, ViewLayer | Synchronizing object | kitchen_label.001
Fra:1 Mem:295.47M (Peak 295.48M) | Time:00:00.22 | Mem:0.00M, Peak:0.00M | Scene, ViewLayer | Synchronizing object | 16_car_Lug bolt.015
Fra:1 Mem:295.52M (Peak 295.52M) | Time:00:00.22 | Mem:0.00M, Peak:0.00M | Scene, ViewLayer | Synchronizing object | 16_car_Lug bolt.016
Fra:1 Mem:295.58M (Peak 295.58M) | Time:00:00.22 | Mem:0.00M, Peak:0.00M | Scene, ViewLayer | Synchronizing object | 16_car_Lug bolt.017
Fra:1 Mem:295.60M (Peak 295.60M) | Time:00:00.22 | Mem:0.00M, Peak:0.00M | Scene, ViewLayer | Synchronizing object | 16_car_Lug bolt.019
Fra:1 Mem:295.61M (Peak 295.61M) | Time:00:00.22 | Mem:0.00M, Peak:0.00M | Scene, ViewLayer | Synchronizing object | 16_car_Recessed grille
Fra:1 Mem:295.67M (Peak 295.67M) | Time:00:00.22 | Mem:0.00M, Peak:0.00M | Scene, ViewLayer | Synchronizing object | 16_car_Grille vertical slat
Fra:1 Mem:295.74M (Peak 295.74M) | Time:00:00.22 | Mem:0.00M, Peak:0.00M | Scene, ViewLayer | Synchronizing object | 16_car_Grille vertical slat.001
Fra:1 Mem:295.80M (Peak 295.80M) | Time:00:00.22 | Mem:0.00M, Peak:0.00M | Scene, ViewLayer | Synchronizing object | 16_car_Grille vertical slat.002
Fra:1 Mem:295.81M (Peak 295.81M) | Time:00:00.22 | Mem:0.00M, Peak:0.00M | Scene, ViewLayer | Synchronizing object | 16_car_Grille vertical slat.003
Fra:1 Mem:295.88M (Peak 295.88M) | Time:00:00.22 | Mem:0.00M, Peak:0.00M | Scene, ViewLayer | Synchronizing object | 16_car_Grille vertical slat.004
Fra:1 Mem:295.92M (Peak 295.92M) | Time:00:00.22 | Mem:0.00M, Peak:0.00M | Scene, ViewLayer | Synchronizing object | 16_car_Grille vertical slat.005
Fra:1 Mem:295.90M (Peak 295.92M) | Time:00:00.22 | Mem:0.00M, Peak:0.00M | Scene, ViewLayer | Synchronizing object | 16_car_Grille vertical slat.006
Fra:1 Mem:295.92M (Peak 295.92M) | Time:00:00.22 | Mem:0.00M, Peak:0.00M | Scene, ViewLayer | Synchronizing object | 16_car_Grille vertical slat.007
Fra:1 Mem:295.94M (Peak 295.94M) | Time:00:00.22 | Mem:0.00M, Peak:0.00M | Scene, ViewLayer | Synchronizing object | 16_car_Grille vertical slat.010
Fra:1 Mem:295.93M (Peak 295.94M) | Time:00:00.22 | Mem:0.00M, Peak:0.00M | Scene, ViewLayer | Synchronizing object | 16_car_Grille vertical slat.011
Fra:1 Mem:295.93M (Peak 295.94M) | Time:00:00.22 | Mem:0.00M, Peak:0.00M | Scene, ViewLayer | Synchronizing object | 16_car_Grille vertical slat.012
Fra:1 Mem:295.97M (Peak 295.97M) | Time:00:00.22 | Mem:0.00M, Peak:0.00M | Scene, ViewLayer | Synchronizing object | 16_car_Round headlamp bezel
Fra:1 Mem:296.03M (Peak 296.03M) | Time:00:00.22 | Mem:0.00M, Peak:0.00M | Scene, ViewLayer | Synchronizing object | 16_car_Fluted headlamp lens
Fra:1 Mem:296.06M (Peak 296.06M) | Time:00:00.22 | Mem:0.00M, Peak:0.00M | Scene, ViewLayer | Synchronizing object | 16_car_Amber marker
Fra:1 Mem:296.17M (Peak 296.17M) | Time:00:00.22 | Mem:0.00M, Peak:0.00M | Scene, ViewLayer | Synchronizing object | 16_car_Round headlamp bezel.001
Fra:1 Mem:296.17M (Peak 296.17M) | Time:00:00.22 | Mem:0.00M, Peak:0.00M | Scene, ViewLayer | Synchronizing object | 16_car_Fluted headlamp lens.001
Fra:1 Mem:296.17M (Peak 296.17M) | Time:00:00.22 | Mem:0.00M, Peak:0.00M | Scene, ViewLayer | Synchronizing object | 16_car_Amber marker.001
Fra:1 Mem:296.25M (Peak 296.25M) | Time:00:00.22 | Mem:0.00M, Peak:0.00M | Scene, ViewLayer | Synchronizing object | 16_car_Rear taillight
Fra:1 Mem:296.28M (Peak 296.28M) | Time:00:00.22 | Mem:0.00M, Peak:0.00M | Scene, ViewLayer | Synchronizing object | 16_car_Exhaust tip
Fra:1 Mem:296.33M (Peak 296.33M) | Time:00:00.22 | Mem:0.00M, Peak:0.00M | Scene, ViewLayer | Synchronizing object | 16_car_Exhaust opening
Fra:1 Mem:296.34M (Peak 296.34M) | Time:00:00.22 | Mem:0.00M, Peak:0.00M | Scene, ViewLayer | Synchronizing object | 16_car_Rear taillight.001
Fra:1 Mem:296.34M (Peak 296.34M) | Time:00:00.22 | Mem:0.00M, Peak:0.00M | Scene, ViewLayer | Synchronizing object | 16_car_Exhaust tip.001
Fra:1 Mem:296.38M (Peak 296.38M) | Time:00:00.22 | Mem:0.00M, Peak:0.00M | Scene, ViewLayer | Synchronizing object | 16_car_Exhaust opening.001
Fra:1 Mem:296.41M (Peak 296.41M) | Time:00:00.22 | Mem:0.00M, Peak:0.00M | Scene, ViewLayer | Synchronizing object | 16_car_License plaque
Fra:1 Mem:296.42M (Peak 296.42M) | Time:00:00.22 | Mem:0.00M, Peak:0.00M | Scene, ViewLayer | Synchronizing object | 16_car_Seat cushion
Fra:1 Mem:296.45M (Peak 296.45M) | Time:00:00.22 | Mem:0.00M, Peak:0.00M | Scene, ViewLayer | Synchronizing object | 16_car_Bucket back
Fra:1 Mem:296.47M (Peak 296.47M) | Time:00:00.22 | Mem:0.00M, Peak:0.00M | Scene, ViewLayer | Synchronizing object | 16_car_Seat cushion.001
Fra:1 Mem:296.49M (Peak 296.49M) | Time:00:00.22 | Mem:0.00M, Peak:0.00M | Scene, ViewLayer | Synchronizing object | 16_car_Bucket back.001
Fra:1 Mem:296.52M (Peak 296.52M) | Time:00:00.22 | Mem:0.00M, Peak:0.00M | Scene, ViewLayer | Synchronizing object | 17_kitchen_Island walnut carcass
Fra:1 Mem:296.54M (Peak 296.54M) | Time:00:00.22 | Mem:0.00M, Peak:0.00M | Scene, ViewLayer | Synchronizing object | 17_kitchen_Waterfall stone top
Fra:1 Mem:296.56M (Peak 296.56M) | Time:00:00.22 | Mem:0.00M, Peak:0.00M | Scene, ViewLayer | Synchronizing object | 17_kitchen_Waterfall stone end
Fra:1 Mem:296.61M (Peak 296.61M) | Time:00:00.22 | Mem:0.00M, Peak:0.00M | Scene, ViewLayer | Synchronizing object | 17_kitchen_Waterfall stone end.001
Fra:1 Mem:296.66M (Peak 296.66M) | Time:00:00.22 | Mem:0.00M, Peak:0.00M | Scene, ViewLayer | Synchronizing object | 17_kitchen_Island drawer front
Fra:1 Mem:296.71M (Peak 296.71M) | Time:00:00.22 | Mem:0.00M, Peak:0.00M | Scene, ViewLayer | Synchronizing object | 17_kitchen_Recessed pull
Fra:1 Mem:296.73M (Peak 296.73M) | Time:00:00.22 | Mem:0.00M, Peak:0.00M | Scene, ViewLayer | Synchronizing object | 17_kitchen_Island drawer front.001
Fra:1 Mem:296.73M (Peak 296.73M) | Time:00:00.22 | Mem:0.00M, Peak:0.00M | Scene, ViewLayer | Synchronizing object | 17_kitchen_Recessed pull.001
Fra:1 Mem:296.78M (Peak 296.78M) | Time:00:00.22 | Mem:0.00M, Peak:0.00M | Scene, ViewLayer | Synchronizing object | 17_kitchen_Island drawer front.002
Fra:1 Mem:296.80M (Peak 296.80M) | Time:00:00.22 | Mem:0.00M, Peak:0.00M | Scene, ViewLayer | Synchronizing object | Softbox.003
Fra:1 Mem:296.78M (Peak 296.80M) | Time:00:00.22 | Mem:0.00M, Peak:0.00M | Scene, ViewLayer | Synchronizing object | 17_kitchen_Recessed pull.002
Fra:1 Mem:296.79M (Peak 296.80M) | Time:00:00.22 | Mem:0.00M, Peak:0.00M | Scene, ViewLayer | Synchronizing object | 17_kitchen_Island drawer front.003
Fra:1 Mem:296.79M (Peak 296.80M) | Time:00:00.22 | Mem:0.00M, Peak:0.00M | Scene, ViewLayer | Synchronizing object | 17_kitchen_Island drawer front.004
Fra:1 Mem:296.83M (Peak 296.83M) | Time:00:00.22 | Mem:0.00M, Peak:0.00M | Scene, ViewLayer | Synchronizing object | Softbox.001
Fra:1 Mem:296.85M (Peak 296.85M) | Time:00:00.22 | Mem:0.00M, Peak:0.00M | Scene, ViewLayer | Synchronizing object | 17_kitchen_Recessed pull.004
Fra:1 Mem:296.86M (Peak 296.86M) | Time:00:00.22 | Mem:0.00M, Peak:0.00M | Scene, ViewLayer | Synchronizing object | Softbox
Fra:1 Mem:296.89M (Peak 296.89M) | Time:00:00.22 | Mem:0.00M, Peak:0.00M | Scene, ViewLayer | Synchronizing object | 17_kitchen_Bowl fruit.004
Fra:1 Mem:296.93M (Peak 296.93M) | Time:00:00.22 | Mem:0.00M, Peak:0.00M | Scene, ViewLayer | Synchronizing object | 17_kitchen_Island drawer front.005
Fra:1 Mem:296.97M (Peak 296.97M) | Time:00:00.22 | Mem:0.00M, Peak:0.00M | Scene, ViewLayer | Synchronizing object | 17_kitchen_Recessed pull.005
Fra:1 Mem:296.97M (Peak 296.97M) | Time:00:00.22 | Mem:0.00M, Peak:0.00M | Scene, ViewLayer | Synchronizing object | 17_kitchen_Bowl fruit.003
Fra:1 Mem:297.06M (Peak 297.06M) | Time:00:00.22 | Mem:0.00M, Peak:0.00M | Scene, ViewLayer | Synchronizing object | 17_kitchen_Island drawer front.006
Fra:1 Mem:297.09M (Peak 297.09M) | Time:00:00.22 | Mem:0.00M, Peak:0.00M | Scene, ViewLayer | Synchronizing object | 17_kitchen_Bowl fruit.002
Fra:1 Mem:297.12M (Peak 297.12M) | Time:00:00.22 | Mem:0.00M, Peak:0.00M | Scene, ViewLayer | Synchronizing object | 17_kitchen_Recessed pull.006
Fra:1 Mem:297.18M (Peak 297.18M) | Time:00:00.22 | Mem:0.00M, Peak:0.00M | Scene, ViewLayer | Synchronizing object | 17_kitchen_Island drawer front.007
Fra:1 Mem:297.21M (Peak 297.21M) | Time:00:00.22 | Mem:0.00M, Peak:0.00M | Scene, ViewLayer | Synchronizing object | 17_kitchen_Bowl fruit.001
Fra:1 Mem:297.28M (Peak 297.28M) | Time:00:00.22 | Mem:0.00M, Peak:0.00M | Scene, ViewLayer | Synchronizing object | 17_kitchen_Recessed pull.007
Fra:1 Mem:297.29M (Peak 297.29M) | Time:00:00.22 | Mem:0.00M, Peak:0.00M | Scene, ViewLayer | Synchronizing object | 17_kitchen_Island drawer front.008
Fra:1 Mem:297.31M (Peak 297.31M) | Time:00:00.22 | Mem:0.00M, Peak:0.00M | Scene, ViewLayer | Synchronizing object | 17_kitchen_Bowl fruit
Fra:1 Mem:297.39M (Peak 297.39M) | Time:00:00.22 | Mem:0.00M, Peak:0.00M | Scene, ViewLayer | Synchronizing object | 17_kitchen_Recessed pull.008
Fra:1 Mem:297.41M (Peak 297.41M) | Time:00:00.22 | Mem:0.00M, Peak:0.00M | Scene, ViewLayer | Synchronizing object | 17_kitchen_Fruit bowl
Fra:1 Mem:297.50M (Peak 297.50M) | Time:00:00.23 | Mem:0.00M, Peak:0.00M | Scene, ViewLayer | Synchronizing object | 17_kitchen_Island drawer front.009
Fra:1 Mem:297.49M (Peak 297.50M) | Time:00:00.23 | Mem:0.00M, Peak:0.00M | Scene, ViewLayer | Synchronizing object | 17_kitchen_Recessed pull.009
Fra:1 Mem:297.53M (Peak 297.53M) | Time:00:00.23 | Mem:0.00M, Peak:0.00M | Scene, ViewLayer | Synchronizing object | 17_kitchen_Cutting board
Fra:1 Mem:297.56M (Peak 297.56M) | Time:00:00.23 | Mem:0.00M, Peak:0.00M | Scene, ViewLayer | Initializing
Fra:1 Mem:178.53M (Peak 297.56M) | Time:00:00.26 | Mem:0.00M, Peak:0.00M | Scene, ViewLayer | Waiting for render to start
Fra:1 Mem:178.53M (Peak 297.56M) | Time:00:00.26 | Mem:0.00M, Peak:0.00M | Scene, ViewLayer | Updating Scene
Fra:1 Mem:178.53M (Peak 297.56M) | Time:00:00.26 | Mem:0.00M, Peak:0.00M | Scene, ViewLayer | Updating Shaders
Fra:1 Mem:178.53M (Peak 297.56M) | Time:00:00.26 | Mem:0.00M, Peak:0.00M | Scene, ViewLayer | Loading render kernels (may take a few minutes the first time)
Fra:1 Mem:178.63M (Peak 297.56M) | Time:00:00.26 | Mem:0.01M, Peak:0.01M | Scene, ViewLayer | Updating Procedurals
Fra:1 Mem:178.63M (Peak 297.56M) | Time:00:00.26 | Mem:0.01M, Peak:0.01M | Scene, ViewLayer | Updating Background
Fra:1 Mem:178.63M (Peak 297.56M) | Time:00:00.26 | Mem:0.01M, Peak:0.01M | Scene, ViewLayer | Updating Camera
Fra:1 Mem:178.63M (Peak 297.56M) | Time:00:00.26 | Mem:0.01M, Peak:0.01M | Scene, ViewLayer | Updating Meshes Flags
Fra:1 Mem:178.63M (Peak 297.56M) | Time:00:00.26 | Mem:0.01M, Peak:0.01M | Scene, ViewLayer | Updating Objects
Fra:1 Mem:178.63M (Peak 297.56M) | Time:00:00.26 | Mem:0.01M, Peak:0.01M | Scene, ViewLayer | Updating Objects | Copying Transformations to device
Fra:1 Mem:179.16M (Peak 297.56M) | Time:00:00.26 | Mem:0.52M, Peak:0.52M | Scene, ViewLayer | Updating Particle Systems
Fra:1 Mem:179.16M (Peak 297.56M) | Time:00:00.26 | Mem:0.52M, Peak:0.52M | Scene, ViewLayer | Updating Particle Systems | Copying Particles to device
Fra:1 Mem:179.16M (Peak 297.56M) | Time:00:00.26 | Mem:0.53M, Peak:0.53M | Scene, ViewLayer | Updating Meshes
Fra:1 Mem:179.16M (Peak 297.56M) | Time:00:00.26 | Mem:0.53M, Peak:0.53M | Scene, ViewLayer | Updating Objects | Applying Static Transformations
Fra:1 Mem:179.16M (Peak 297.56M) | Time:00:00.26 | Mem:0.53M, Peak:0.53M | Scene, ViewLayer | Updating Mesh | Computing attributes
Fra:1 Mem:185.84M (Peak 297.56M) | Time:00:00.27 | Mem:0.66M, Peak:0.66M | Scene, ViewLayer | Updating Mesh | Copying Attributes to device
Fra:1 Mem:185.57M (Peak 297.56M) | Time:00:00.27 | Mem:6.93M, Peak:6.93M | Scene, ViewLayer | Updating Scene BVH | Building
Fra:1 Mem:185.60M (Peak 297.56M) | Time:00:00.27 | Mem:6.93M, Peak:6.93M | Scene, ViewLayer | Updating Scene BVH | Building BVH
Fra:1 Mem:185.60M (Peak 297.56M) | Time:00:00.27 | Mem:23.40M, Peak:23.40M | Scene, ViewLayer | Updating Scene BVH | Building BVH 0%
Fra:1 Mem:185.60M (Peak 297.56M) | Time:00:00.29 | Mem:43.03M, Peak:59.49M | Scene, ViewLayer | Updating Scene BVH | Copying BVH to device
Fra:1 Mem:185.60M (Peak 297.56M) | Time:00:00.29 | Mem:43.03M, Peak:59.49M | Scene, ViewLayer | Updating Mesh | Computing normals
Fra:1 Mem:206.64M (Peak 297.56M) | Time:00:00.30 | Mem:43.03M, Peak:59.49M | Scene, ViewLayer | Updating Mesh | Copying Mesh to device
Fra:1 Mem:206.64M (Peak 297.56M) | Time:00:00.30 | Mem:64.07M, Peak:64.07M | Scene, ViewLayer | Updating Objects Flags
Fra:1 Mem:206.64M (Peak 297.56M) | Time:00:00.30 | Mem:64.09M, Peak:64.09M | Scene, ViewLayer | Updating Primitive Offsets
Fra:1 Mem:206.65M (Peak 297.56M) | Time:00:00.30 | Mem:64.10M, Peak:64.10M | Scene, ViewLayer | Updating Images
Fra:1 Mem:206.65M (Peak 297.56M) | Time:00:00.30 | Mem:64.10M, Peak:64.10M | Scene, ViewLayer | Updating Camera Volume
Fra:1 Mem:206.65M (Peak 297.56M) | Time:00:00.30 | Mem:64.10M, Peak:64.10M | Scene, ViewLayer | Updating Lookup Tables
Fra:1 Mem:206.65M (Peak 297.56M) | Time:00:00.30 | Mem:64.18M, Peak:64.18M | Scene, ViewLayer | Updating Lights
Fra:1 Mem:206.65M (Peak 297.56M) | Time:00:00.30 | Mem:64.18M, Peak:64.18M | Scene, ViewLayer | Updating Lights | Computing tree
Fra:1 Mem:206.67M (Peak 297.56M) | Time:00:00.30 | Mem:64.20M, Peak:64.20M | Scene, ViewLayer | Updating Integrator
Fra:1 Mem:206.67M (Peak 297.56M) | Time:00:00.30 | Mem:64.20M, Peak:64.20M | Scene, ViewLayer | Updating Film
Fra:1 Mem:206.67M (Peak 297.56M) | Time:00:00.30 | Mem:64.12M, Peak:64.20M | Scene, ViewLayer | Updating Lookup Tables
Fra:1 Mem:206.67M (Peak 297.56M) | Time:00:00.30 | Mem:64.20M, Peak:64.20M | Scene, ViewLayer | Updating Baking
Fra:1 Mem:206.67M (Peak 297.56M) | Time:00:00.30 | Mem:64.20M, Peak:64.20M | Scene, ViewLayer | Updating Device | Writing constant memory
Fra:1 Mem:206.71M (Peak 297.56M) | Time:00:00.30 | Mem:64.20M, Peak:64.20M | Scene, ViewLayer | Loading denoising kernels (may take a few minutes the first time)
Fra:1 Mem:206.71M (Peak 297.56M) | Time:00:00.30 | Mem:64.20M, Peak:64.20M | Scene, ViewLayer | Sample 0/16
Fra:1 Mem:347.69M (Peak 347.69M) | Time:00:00.71 | Remaining:00:06.21 | Mem:205.10M, Peak:205.10M | Scene, ViewLayer | Sample 1/16
Fra:1 Mem:407.02M (Peak 496.01M) | Time:00:08.24 | Mem:205.10M, Peak:205.10M | Scene, ViewLayer | Sample 16/16
Fra:1 Mem:407.02M (Peak 496.01M) | Time:00:08.24 | Mem:205.10M, Peak:205.10M | Scene, ViewLayer | Finished
Saved: '/home/nicklee/Phenix_Project/Drone/environments/villa_v1/renders/assets_equipment/contact.png'
Time: 00:08.38 (Saving: 00:00.13)

Info: Saved as "equipment_smoke.blend"
EQUIPMENT_SMOKE_OK 18

Blender quit
